t,rail,mW,zone,C
1780554093.1695747,VDD_IN,5972.992,,
1780554093.1695747,VDD_CPU_GPU_CV,1804.672,,
1780554093.1695747,VDD_SOC,1532.544,,
1780554093.1695747,,,cpu-thermal,58.562
1780554093.1695747,,,gpu-thermal,58.218
1780554093.1695747,,,soc0-thermal,56.656
1780554093.1695747,,,soc1-thermal,55.968
1780554093.1695747,,,soc2-thermal,56.593
1780554093.1695747,,,tj-thermal,58.562
1780554093.2750695,VDD_IN,5933.696,,
1780554093.2750695,VDD_CPU_GPU_CV,1804.672,,
1780554093.2750695,VDD_SOC,1493.248,,
1780554093.2750695,,,cpu-thermal,58.656
1780554093.2750695,,,gpu-thermal,58.468
1780554093.2750695,,,soc0-thermal,56.5
1780554093.2750695,,,soc1-thermal,56.0
1780554093.2750695,,,soc2-thermal,56.562
1780554093.2750695,,,tj-thermal,58.656
1780554093.3808632,VDD_IN,5855.104,,
1780554093.3808632,VDD_CPU_GPU_CV,1765.44,,
1780554093.3808632,VDD_SOC,1493.248,,
1780554093.3808632,,,cpu-thermal,58.281
1780554093.3808632,,,gpu-thermal,58.406
1780554093.3808632,,,soc0-thermal,56.562
1780554093.3808632,,,soc1-thermal,56.093
1780554093.3808632,,,soc2-thermal,56.468
1780554093.3808632,,,tj-thermal,58.406
1780554093.4868116,VDD_IN,5815.808,,
1780554093.4868116,VDD_CPU_GPU_CV,1765.44,,
1780554093.4868116,VDD_SOC,1493.248,,
1780554093.4868116,,,cpu-thermal,58.343
1780554093.4868116,,,gpu-thermal,58.281
1780554093.4868116,,,soc0-thermal,56.593
1780554093.4868116,,,soc1-thermal,55.906
1780554093.4868116,,,soc2-thermal,56.406
1780554093.4868116,,,tj-thermal,58.343
1780554093.5927544,VDD_IN,5776.512,,
1780554093.5927544,VDD_CPU_GPU_CV,1765.44,,
1780554093.5927544,VDD_SOC,1490.816,,
1780554093.5927544,,,cpu-thermal,58.406
1780554093.5927544,,,gpu-thermal,58.218
1780554093.5927544,,,soc0-thermal,56.687
1780554093.5927544,,,soc1-thermal,55.937
1780554093.5927544,,,soc2-thermal,56.562
1780554093.5927544,,,tj-thermal,58.406
1780554093.6985402,VDD_IN,5727.872,,
1780554093.6985402,VDD_CPU_GPU_CV,1723.392,,
1780554093.6985402,VDD_SOC,1490.816,,
1780554093.6985402,,,cpu-thermal,58.562
1780554093.6985402,,,gpu-thermal,58.312
1780554093.6985402,,,soc0-thermal,56.5
1780554093.6985402,,,soc1-thermal,56.0
1780554093.6985402,,,soc2-thermal,56.406
1780554093.6985402,,,tj-thermal,58.218
1780554093.8045943,VDD_IN,5658.624,,
1780554093.8045943,VDD_CPU_GPU_CV,1686.976,,
1780554093.8045943,VDD_SOC,1453.952,,
1780554093.8045943,,,cpu-thermal,58.156
1780554093.8045943,,,gpu-thermal,58.25
1780554093.8045943,,,soc0-thermal,56.468
1780554093.8045943,,,soc1-thermal,56.125
1780554093.8045943,,,soc2-thermal,56.437
1780554093.8045943,,,tj-thermal,58.5
1780554093.910361,VDD_IN,5440.512,,
1780554093.910361,VDD_CPU_GPU_CV,1535.04,,
1780554093.910361,VDD_SOC,1458.688,,
1780554093.910361,,,cpu-thermal,58.031
1780554093.910361,,,gpu-thermal,58.093
1780554093.910361,,,soc0-thermal,56.5
1780554093.910361,,,soc1-thermal,55.968
1780554093.910361,,,soc2-thermal,56.406
1780554093.910361,,,tj-thermal,58.093
1780554094.0157406,VDD_IN,5330.88,,
1780554094.0157406,VDD_CPU_GPU_CV,1458.688,,
1780554094.0157406,VDD_SOC,1461.056,,
1780554094.0157406,,,cpu-thermal,58.218
1780554094.0157406,,,gpu-thermal,58.0
1780554094.0157406,,,soc0-thermal,56.468
1780554094.0157406,,,soc1-thermal,55.843
1780554094.0157406,,,soc2-thermal,56.312
1780554094.0157406,,,tj-thermal,58.0
1780554094.121926,VDD_IN,5401.088,,
1780554094.121926,VDD_CPU_GPU_CV,1535.04,,
1780554094.121926,VDD_SOC,1458.688,,
1780554094.121926,,,cpu-thermal,58.062
1780554094.121926,,,gpu-thermal,58.406
1780554094.121926,,,soc0-thermal,56.437
1780554094.121926,,,soc1-thermal,56.0
1780554094.121926,,,soc2-thermal,56.375
1780554094.121926,,,tj-thermal,58.406
1780554094.2277405,VDD_IN,5471.04,,
1780554094.2277405,VDD_CPU_GPU_CV,1571.84,,
1780554094.2277405,VDD_SOC,1456.32,,
1780554094.2277405,,,cpu-thermal,58.062
1780554094.2277405,,,gpu-thermal,58.25
1780554094.2277405,,,soc0-thermal,56.375
1780554094.2277405,,,soc1-thermal,55.968
1780554094.2277405,,,soc2-thermal,56.281
1780554094.2277405,,,tj-thermal,58.25
1780554094.3336086,VDD_IN,5510.4,,
1780554094.3336086,VDD_CPU_GPU_CV,1611.136,,
1780554094.3336086,VDD_SOC,1453.952,,
1780554094.3336086,,,cpu-thermal,58.031
1780554094.3336086,,,gpu-thermal,58.125
1780554094.3336086,,,soc0-thermal,56.375
1780554094.3336086,,,soc1-thermal,55.843
1780554094.3336086,,,soc2-thermal,56.281
1780554094.3336086,,,tj-thermal,58.125
1780554094.4402037,VDD_IN,5580.032,,
1780554094.4402037,VDD_CPU_GPU_CV,1647.744,,
1780554094.4402037,VDD_SOC,1453.952,,
1780554094.4402037,,,cpu-thermal,58.0
1780554094.4402037,,,gpu-thermal,58.093
1780554094.4402037,,,soc0-thermal,56.343
1780554094.4402037,,,soc1-thermal,55.875
1780554094.4402037,,,soc2-thermal,56.25
1780554094.4402037,,,tj-thermal,58.093
1780554094.5461135,VDD_IN,5619.328,,
1780554094.5461135,VDD_CPU_GPU_CV,1686.976,,
1780554094.5461135,VDD_SOC,1453.952,,
1780554094.5461135,,,cpu-thermal,58.093
1780554094.5461135,,,gpu-thermal,58.25
1780554094.5461135,,,soc0-thermal,56.406
1780554094.5461135,,,soc1-thermal,55.937
1780554094.5461135,,,soc2-thermal,56.312
1780554094.5461135,,,tj-thermal,58.25
1780554094.6520174,VDD_IN,5658.624,,
1780554094.6520174,VDD_CPU_GPU_CV,1686.976,,
1780554094.6520174,VDD_SOC,1451.584,,
1780554094.6520174,,,cpu-thermal,58.406
1780554094.6520174,,,gpu-thermal,58.062
1780554094.6520174,,,soc0-thermal,56.437
1780554094.6520174,,,soc1-thermal,55.812
1780554094.6520174,,,soc2-thermal,56.312
1780554094.6520174,,,tj-thermal,58.406
1780554094.7582202,VDD_IN,5649.408,,
1780554094.7582202,VDD_CPU_GPU_CV,1723.392,,
1780554094.7582202,VDD_SOC,1451.584,,
1780554094.7582202,,,cpu-thermal,57.968
1780554094.7582202,,,gpu-thermal,58.0
1780554094.7582202,,,soc0-thermal,56.375
1780554094.7582202,,,soc1-thermal,55.718
1780554094.7582202,,,soc2-thermal,56.187
1780554094.7582202,,,tj-thermal,58.25
1780554094.8642144,VDD_IN,5549.76,,
1780554094.8642144,VDD_CPU_GPU_CV,1611.136,,
1780554094.8642144,VDD_SOC,1456.32,,
1780554094.8642144,,,cpu-thermal,57.875
1780554094.8642144,,,gpu-thermal,57.906
1780554094.8642144,,,soc0-thermal,56.312
1780554094.8642144,,,soc1-thermal,55.843
1780554094.8642144,,,soc2-thermal,56.218
1780554094.8642144,,,tj-thermal,57.906
1780554094.969984,VDD_IN,5440.512,,
1780554094.969984,VDD_CPU_GPU_CV,1537.536,,
1780554094.969984,VDD_SOC,1458.688,,
1780554094.969984,,,cpu-thermal,57.968
1780554094.969984,,,gpu-thermal,58.343
1780554094.969984,,,soc0-thermal,56.406
1780554094.969984,,,soc1-thermal,55.687
1780554094.969984,,,soc2-thermal,56.125
1780554094.969984,,,tj-thermal,58.343
1780554095.0758982,VDD_IN,5479.936,,
1780554095.0758982,VDD_CPU_GPU_CV,1574.4,,
1780554095.0758982,VDD_SOC,1458.688,,
1780554095.0758982,,,cpu-thermal,58.218
1780554095.0758982,,,gpu-thermal,58.156
1780554095.0758982,,,soc0-thermal,56.218
1780554095.0758982,,,soc1-thermal,55.781
1780554095.0758982,,,soc2-thermal,56.218
1780554095.0758982,,,tj-thermal,58.218
1780554095.1817036,VDD_IN,5549.76,,
1780554095.1817036,VDD_CPU_GPU_CV,1611.136,,
1780554095.1817036,VDD_SOC,1456.32,,
1780554095.1817036,,,cpu-thermal,57.968
1780554095.1817036,,,gpu-thermal,58.0
1780554095.1817036,,,soc0-thermal,56.187
1780554095.1817036,,,soc1-thermal,55.656
1780554095.1817036,,,soc2-thermal,56.125
1780554095.1817036,,,tj-thermal,58.0
1780554095.2882993,VDD_IN,5589.12,,
1780554095.2882993,VDD_CPU_GPU_CV,1650.432,,
1780554095.2882993,VDD_SOC,1453.952,,
1780554095.2882993,,,cpu-thermal,57.906
1780554095.2882993,,,gpu-thermal,57.937
1780554095.2882993,,,soc0-thermal,56.25
1780554095.2882993,,,soc1-thermal,55.875
1780554095.2882993,,,soc2-thermal,56.125
1780554095.2882993,,,tj-thermal,57.937
1780554095.3941665,VDD_IN,5619.328,,
1780554095.3941665,VDD_CPU_GPU_CV,1686.976,,
1780554095.3941665,VDD_SOC,1453.952,,
1780554095.3941665,,,cpu-thermal,58.0
1780554095.3941665,,,gpu-thermal,57.937
1780554095.3941665,,,soc0-thermal,56.312
1780554095.3941665,,,soc1-thermal,55.687
1780554095.3941665,,,soc2-thermal,56.156
1780554095.3941665,,,tj-thermal,58.0
1780554095.500225,VDD_IN,5619.328,,
1780554095.500225,VDD_CPU_GPU_CV,1686.976,,
1780554095.500225,VDD_SOC,1453.952,,
1780554095.500225,,,cpu-thermal,57.875
1780554095.500225,,,gpu-thermal,58.281
1780554095.500225,,,soc0-thermal,56.125
1780554095.500225,,,soc1-thermal,55.656
1780554095.500225,,,soc2-thermal,56.062
1780554095.500225,,,tj-thermal,58.281
1780554095.6067224,VDD_IN,5658.624,,
1780554095.6067224,VDD_CPU_GPU_CV,1686.976,,
1780554095.6067224,VDD_SOC,1451.584,,
1780554095.6067224,,,cpu-thermal,57.812
1780554095.6067224,,,gpu-thermal,58.156
1780554095.6067224,,,soc0-thermal,56.156
1780554095.6067224,,,soc1-thermal,55.781
1780554095.6067224,,,soc2-thermal,56.0
1780554095.6067224,,,tj-thermal,58.156
1780554095.7125666,VDD_IN,5649.408,,
1780554095.7125666,VDD_CPU_GPU_CV,1684.224,,
1780554095.7125666,VDD_SOC,1451.584,,
1780554095.7125666,,,cpu-thermal,57.875
1780554095.7125666,,,gpu-thermal,57.812
1780554095.7125666,,,soc0-thermal,56.187
1780554095.7125666,,,soc1-thermal,55.562
1780554095.7125666,,,soc2-thermal,56.093
1780554095.7125666,,,tj-thermal,58.218
1780554095.8186424,VDD_IN,5580.032,,
1780554095.8186424,VDD_CPU_GPU_CV,1647.744,,
1780554095.8186424,VDD_SOC,1453.952,,
1780554095.8186424,,,cpu-thermal,57.718
1780554095.8186424,,,gpu-thermal,58.218
1780554095.8186424,,,soc0-thermal,56.093
1780554095.8186424,,,soc1-thermal,55.593
1780554095.8186424,,,soc2-thermal,56.031
1780554095.8186424,,,tj-thermal,57.843
1780554095.9243178,VDD_IN,5361.664,,
1780554095.9243178,VDD_CPU_GPU_CV,1495.68,,
1780554095.9243178,VDD_SOC,1419.264,,
1780554095.9243178,,,cpu-thermal,57.625
1780554095.9243178,,,gpu-thermal,58.0
1780554095.9243178,,,soc0-thermal,56.125
1780554095.9243178,,,soc1-thermal,55.562
1780554095.9243178,,,soc2-thermal,55.906
1780554095.9243178,,,tj-thermal,58.0
1780554096.0295415,VDD_IN,5330.88,,
1780554096.0295415,VDD_CPU_GPU_CV,1458.688,,
1780554096.0295415,VDD_SOC,1421.568,,
1780554096.0295415,,,cpu-thermal,57.687
1780554096.0295415,,,gpu-thermal,57.875
1780554096.0295415,,,soc0-thermal,56.093
1780554096.0295415,,,soc1-thermal,55.718
1780554096.0295415,,,soc2-thermal,55.937
1780554096.0295415,,,tj-thermal,57.875
1780554096.1353261,VDD_IN,5401.088,,
1780554096.1353261,VDD_CPU_GPU_CV,1535.04,,
1780554096.1353261,VDD_SOC,1458.688,,
1780554096.1353261,,,cpu-thermal,58.125
1780554096.1353261,,,gpu-thermal,57.75
1780554096.1353261,,,soc0-thermal,56.25
1780554096.1353261,,,soc1-thermal,55.531
1780554096.1353261,,,soc2-thermal,56.031
1780554096.1353261,,,tj-thermal,58.125
1780554096.2415912,VDD_IN,5471.04,,
1780554096.2415912,VDD_CPU_GPU_CV,1571.84,,
1780554096.2415912,VDD_SOC,1456.32,,
1780554096.2415912,,,cpu-thermal,57.625
1780554096.2415912,,,gpu-thermal,57.75
1780554096.2415912,,,soc0-thermal,56.093
1780554096.2415912,,,soc1-thermal,55.531
1780554096.2415912,,,soc2-thermal,55.875
1780554096.2415912,,,tj-thermal,57.75
1780554096.347575,VDD_IN,5540.736,,
1780554096.347575,VDD_CPU_GPU_CV,1608.512,,
1780554096.347575,VDD_SOC,1453.952,,
1780554096.347575,,,cpu-thermal,57.843
1780554096.347575,,,gpu-thermal,57.656
1780554096.347575,,,soc0-thermal,56.125
1780554096.347575,,,soc1-thermal,55.562
1780554096.347575,,,soc2-thermal,56.0
1780554096.347575,,,tj-thermal,57.843
1780554096.453905,VDD_IN,5580.032,,
1780554096.453905,VDD_CPU_GPU_CV,1647.744,,
1780554096.453905,VDD_SOC,1453.952,,
1780554096.453905,,,cpu-thermal,57.843
1780554096.453905,,,gpu-thermal,57.718
1780554096.453905,,,soc0-thermal,56.093
1780554096.453905,,,soc1-thermal,55.375
1780554096.453905,,,soc2-thermal,55.968
1780554096.453905,,,tj-thermal,58.0
1780554096.5596974,VDD_IN,5580.032,,
1780554096.5596974,VDD_CPU_GPU_CV,1686.976,,
1780554096.5596974,VDD_SOC,1451.584,,
1780554096.5596974,,,cpu-thermal,58.0
1780554096.5596974,,,gpu-thermal,57.625
1780554096.5596974,,,soc0-thermal,55.937
1780554096.5596974,,,soc1-thermal,55.437
1780554096.5596974,,,soc2-thermal,55.875
1780554096.5596974,,,tj-thermal,58.0
1780554096.665703,VDD_IN,5610.176,,
1780554096.665703,VDD_CPU_GPU_CV,1684.224,,
1780554096.665703,VDD_SOC,1451.584,,
1780554096.665703,,,cpu-thermal,57.781
1780554096.665703,,,gpu-thermal,57.593
1780554096.665703,,,soc0-thermal,56.062
1780554096.665703,,,soc1-thermal,55.531
1780554096.665703,,,soc2-thermal,55.812
1780554096.665703,,,tj-thermal,57.781
1780554096.7718863,VDD_IN,5610.176,,
1780554096.7718863,VDD_CPU_GPU_CV,1684.224,,
1780554096.7718863,VDD_SOC,1451.584,,
1780554096.7718863,,,cpu-thermal,57.75
1780554096.7718863,,,gpu-thermal,57.968
1780554096.7718863,,,soc0-thermal,56.093
1780554096.7718863,,,soc1-thermal,55.593
1780554096.7718863,,,soc2-thermal,55.875
1780554096.7718863,,,tj-thermal,57.968
1780554096.877661,VDD_IN,5431.68,,
1780554096.877661,VDD_CPU_GPU_CV,1535.04,,
1780554096.877661,VDD_SOC,1456.32,,
1780554096.877661,,,cpu-thermal,57.625
1780554096.877661,,,gpu-thermal,57.843
1780554096.877661,,,soc0-thermal,55.968
1780554096.877661,,,soc1-thermal,55.343
1780554096.877661,,,soc2-thermal,55.812
1780554096.877661,,,tj-thermal,57.843
1780554096.9830616,VDD_IN,5251.904,,
1780554096.9830616,VDD_CPU_GPU_CV,1421.568,,
1780554096.9830616,VDD_SOC,1421.568,,
1780554096.9830616,,,cpu-thermal,57.437
1780554096.9830616,,,gpu-thermal,57.718
1780554096.9830616,,,soc0-thermal,56.0
1780554096.9830616,,,soc1-thermal,55.343
1780554096.9830616,,,soc2-thermal,55.75
1780554096.9830616,,,tj-thermal,57.718
1780554097.0884314,VDD_IN,5322.24,,
1780554097.0884314,VDD_CPU_GPU_CV,1495.68,,
1780554097.0884314,VDD_SOC,1419.264,,
1780554097.0884314,,,cpu-thermal,57.562
1780554097.0884314,,,gpu-thermal,57.656
1780554097.0884314,,,soc0-thermal,55.937
1780554097.0884314,,,soc1-thermal,55.5
1780554097.0884314,,,soc2-thermal,55.75
1780554097.0884314,,,tj-thermal,57.656
1780554097.1943693,VDD_IN,5392.32,,
1780554097.1943693,VDD_CPU_GPU_CV,1535.04,,
1780554097.1943693,VDD_SOC,1456.32,,
1780554097.1943693,,,cpu-thermal,57.687
1780554097.1943693,,,gpu-thermal,57.75
1780554097.1943693,,,soc0-thermal,55.968
1780554097.1943693,,,soc1-thermal,55.375
1780554097.1943693,,,soc2-thermal,55.781
1780554097.1943693,,,tj-thermal,57.687
1780554097.30012,VDD_IN,5431.68,,
1780554097.30012,VDD_CPU_GPU_CV,1571.84,,
1780554097.30012,VDD_SOC,1456.32,,
1780554097.30012,,,cpu-thermal,57.531
1780554097.30012,,,gpu-thermal,57.625
1780554097.30012,,,soc0-thermal,55.843
1780554097.30012,,,soc1-thermal,55.25
1780554097.30012,,,soc2-thermal,55.687
1780554097.30012,,,tj-thermal,57.625
1780554097.4059205,VDD_IN,5501.44,,
1780554097.4059205,VDD_CPU_GPU_CV,1608.512,,
1780554097.4059205,VDD_SOC,1453.952,,
1780554097.4059205,,,cpu-thermal,57.593
1780554097.4059205,,,gpu-thermal,57.593
1780554097.4059205,,,soc0-thermal,55.906
1780554097.4059205,,,soc1-thermal,55.312
1780554097.4059205,,,soc2-thermal,55.687
1780554097.4059205,,,tj-thermal,57.593
1780554097.511737,VDD_IN,5540.736,,
1780554097.511737,VDD_CPU_GPU_CV,1647.744,,
1780554097.511737,VDD_SOC,1453.952,,
1780554097.511737,,,cpu-thermal,57.5
1780554097.511737,,,gpu-thermal,57.531
1780554097.511737,,,soc0-thermal,55.937
1780554097.511737,,,soc1-thermal,55.406
1780554097.511737,,,soc2-thermal,55.75
1780554097.511737,,,tj-thermal,57.531
1780554097.6177115,VDD_IN,5619.328,,
1780554097.6177115,VDD_CPU_GPU_CV,1686.976,,
1780554097.6177115,VDD_SOC,1451.584,,
1780554097.6177115,,,cpu-thermal,57.937
1780554097.6177115,,,gpu-thermal,57.812
1780554097.6177115,,,soc0-thermal,56.031
1780554097.6177115,,,soc1-thermal,55.281
1780554097.6177115,,,soc2-thermal,55.875
1780554097.6177115,,,tj-thermal,57.937
1780554097.7239249,VDD_IN,5658.624,,
1780554097.7239249,VDD_CPU_GPU_CV,1726.208,,
1780554097.7239249,VDD_SOC,1451.584,,
1780554097.7239249,,,cpu-thermal,57.531
1780554097.7239249,,,gpu-thermal,57.687
1780554097.7239249,,,soc0-thermal,55.875
1780554097.7239249,,,soc1-thermal,55.343
1780554097.7239249,,,soc2-thermal,55.656
1780554097.7239249,,,tj-thermal,57.687
1780554097.829618,VDD_IN,5619.328,,
1780554097.829618,VDD_CPU_GPU_CV,1647.744,,
1780554097.829618,VDD_SOC,1453.952,,
1780554097.829618,,,cpu-thermal,57.437
1780554097.829618,,,gpu-thermal,57.5
1780554097.829618,,,soc0-thermal,55.812
1780554097.829618,,,soc1-thermal,55.375
1780554097.829618,,,soc2-thermal,55.75
1780554097.829618,,,tj-thermal,57.593
1780554097.9351244,VDD_IN,5440.512,,
1780554097.9351244,VDD_CPU_GPU_CV,1535.04,,
1780554097.9351244,VDD_SOC,1458.688,,
1780554097.9351244,,,cpu-thermal,57.531
1780554097.9351244,,,gpu-thermal,57.75
1780554097.9351244,,,soc0-thermal,55.968
1780554097.9351244,,,soc1-thermal,55.468
1780554097.9351244,,,soc2-thermal,55.75
1780554097.9351244,,,tj-thermal,57.75
1780554098.0405598,VDD_IN,5401.088,,
1780554098.0405598,VDD_CPU_GPU_CV,1495.68,,
1780554098.0405598,VDD_SOC,1458.688,,
1780554098.0405598,,,cpu-thermal,57.718
1780554098.0405598,,,gpu-thermal,57.562
1780554098.0405598,,,soc0-thermal,55.843
1780554098.0405598,,,soc1-thermal,55.375
1780554098.0405598,,,soc2-thermal,55.656
1780554098.0405598,,,tj-thermal,57.718
1780554098.1462536,VDD_IN,5431.68,,
1780554098.1462536,VDD_CPU_GPU_CV,1532.544,,
1780554098.1462536,VDD_SOC,1456.32,,
1780554098.1462536,,,cpu-thermal,57.437
1780554098.1462536,,,gpu-thermal,57.593
1780554098.1462536,,,soc0-thermal,55.812
1780554098.1462536,,,soc1-thermal,55.312
1780554098.1462536,,,soc2-thermal,55.687
1780554098.1462536,,,tj-thermal,57.593
1780554098.2519948,VDD_IN,5510.4,,
1780554098.2519948,VDD_CPU_GPU_CV,1611.136,,
1780554098.2519948,VDD_SOC,1456.32,,
1780554098.2519948,,,cpu-thermal,57.531
1780554098.2519948,,,gpu-thermal,57.531
1780554098.2519948,,,soc0-thermal,55.906
1780554098.2519948,,,soc1-thermal,55.406
1780554098.2519948,,,soc2-thermal,55.656
1780554098.2519948,,,tj-thermal,57.531
1780554098.3583984,VDD_IN,5580.032,,
1780554098.3583984,VDD_CPU_GPU_CV,1647.744,,
1780554098.3583984,VDD_SOC,1453.952,,
1780554098.3583984,,,cpu-thermal,57.718
1780554098.3583984,,,gpu-thermal,57.468
1780554098.3583984,,,soc0-thermal,56.0
1780554098.3583984,,,soc1-thermal,55.218
1780554098.3583984,,,soc2-thermal,55.687
1780554098.3583984,,,tj-thermal,57.718
1780554098.4643052,VDD_IN,5619.328,,
1780554098.4643052,VDD_CPU_GPU_CV,1686.976,,
1780554098.4643052,VDD_SOC,1453.952,,
1780554098.4643052,,,cpu-thermal,57.718
1780554098.4643052,,,gpu-thermal,57.812
1780554098.4643052,,,soc0-thermal,55.718
1780554098.4643052,,,soc1-thermal,55.187
1780554098.4643052,,,soc2-thermal,55.625
1780554098.4643052,,,tj-thermal,57.812
1780554098.5700696,VDD_IN,5619.328,,
1780554098.5700696,VDD_CPU_GPU_CV,1686.976,,
1780554098.5700696,VDD_SOC,1451.584,,
1780554098.5700696,,,cpu-thermal,57.468
1780554098.5700696,,,gpu-thermal,57.468
1780554098.5700696,,,soc0-thermal,55.875
1780554098.5700696,,,soc1-thermal,55.343
1780554098.5700696,,,soc2-thermal,55.5
1780554098.5700696,,,tj-thermal,57.656
1780554098.6760375,VDD_IN,5610.176,,
1780554098.6760375,VDD_CPU_GPU_CV,1684.224,,
1780554098.6760375,VDD_SOC,1451.584,,
1780554098.6760375,,,cpu-thermal,57.5
1780554098.6760375,,,gpu-thermal,57.406
1780554098.6760375,,,soc0-thermal,55.875
1780554098.6760375,,,soc1-thermal,55.125
1780554098.6760375,,,soc2-thermal,55.687
1780554098.6760375,,,tj-thermal,57.531
1780554098.781723,VDD_IN,5610.176,,
1780554098.781723,VDD_CPU_GPU_CV,1684.224,,
1780554098.781723,VDD_SOC,1451.584,,
1780554098.781723,,,cpu-thermal,57.562
1780554098.781723,,,gpu-thermal,57.718
1780554098.781723,,,soc0-thermal,55.75
1780554098.781723,,,soc1-thermal,55.281
1780554098.781723,,,soc2-thermal,55.468
1780554098.781723,,,tj-thermal,57.718
1780554098.8874161,VDD_IN,5440.512,,
1780554098.8874161,VDD_CPU_GPU_CV,1535.04,,
1780554098.8874161,VDD_SOC,1456.32,,
1780554098.8874161,,,cpu-thermal,57.156
1780554098.8874161,,,gpu-thermal,57.531
1780554098.8874161,,,soc0-thermal,55.718
1780554098.8874161,,,soc1-thermal,55.218
1780554098.8874161,,,soc2-thermal,55.593
1780554098.8874161,,,tj-thermal,57.531
1780554098.992763,VDD_IN,5361.664,,
1780554098.992763,VDD_CPU_GPU_CV,1495.68,,
1780554098.992763,VDD_SOC,1419.264,,
1780554098.992763,,,cpu-thermal,57.281
1780554098.992763,,,gpu-thermal,57.468
1780554098.992763,,,soc0-thermal,55.687
1780554098.992763,,,soc1-thermal,55.281
1780554098.992763,,,soc2-thermal,55.593
1780554098.992763,,,tj-thermal,57.468
1780554099.0987582,VDD_IN,5401.088,,
1780554099.0987582,VDD_CPU_GPU_CV,1535.04,,
1780554099.0987582,VDD_SOC,1456.32,,
1780554099.0987582,,,cpu-thermal,57.406
1780554099.0987582,,,gpu-thermal,57.437
1780554099.0987582,,,soc0-thermal,55.781
1780554099.0987582,,,soc1-thermal,55.093
1780554099.0987582,,,soc2-thermal,55.593
1780554099.0987582,,,tj-thermal,57.437
1780554099.2051442,VDD_IN,5510.4,,
1780554099.2051442,VDD_CPU_GPU_CV,1571.84,,
1780554099.2051442,VDD_SOC,1456.32,,
1780554099.2051442,,,cpu-thermal,57.312
1780554099.2051442,,,gpu-thermal,57.281
1780554099.2051442,,,soc0-thermal,55.718
1780554099.2051442,,,soc1-thermal,55.218
1780554099.2051442,,,soc2-thermal,55.562
1780554099.2051442,,,tj-thermal,57.312
1780554099.311334,VDD_IN,5540.736,,
1780554099.311334,VDD_CPU_GPU_CV,1608.512,,
1780554099.311334,VDD_SOC,1453.952,,
1780554099.311334,,,cpu-thermal,57.312
1780554099.311334,,,gpu-thermal,57.718
1780554099.311334,,,soc0-thermal,55.718
1780554099.311334,,,soc1-thermal,55.281
1780554099.311334,,,soc2-thermal,55.5
1780554099.311334,,,tj-thermal,57.718
1780554099.4175556,VDD_IN,5580.032,,
1780554099.4175556,VDD_CPU_GPU_CV,1647.744,,
1780554099.4175556,VDD_SOC,1453.952,,
1780554099.4175556,,,cpu-thermal,57.625
1780554099.4175556,,,gpu-thermal,57.593
1780554099.4175556,,,soc0-thermal,55.781
1780554099.4175556,,,soc1-thermal,55.156
1780554099.4175556,,,soc2-thermal,55.593
1780554099.4175556,,,tj-thermal,57.625
1780554099.523787,VDD_IN,5619.328,,
1780554099.523787,VDD_CPU_GPU_CV,1647.744,,
1780554099.523787,VDD_SOC,1451.584,,
1780554099.523787,,,cpu-thermal,57.718
1780554099.523787,,,gpu-thermal,57.312
1780554099.523787,,,soc0-thermal,55.687
1780554099.523787,,,soc1-thermal,55.125
1780554099.523787,,,soc2-thermal,55.5
1780554099.523787,,,tj-thermal,57.718
1780554099.6297052,VDD_IN,5619.328,,
1780554099.6297052,VDD_CPU_GPU_CV,1684.224,,
1780554099.6297052,VDD_SOC,1451.584,,
1780554099.6297052,,,cpu-thermal,57.281
1780554099.6297052,,,gpu-thermal,57.656
1780554099.6297052,,,soc0-thermal,55.687
1780554099.6297052,,,soc1-thermal,55.187
1780554099.6297052,,,soc2-thermal,55.468
1780554099.6297052,,,tj-thermal,57.406
1780554099.7355983,VDD_IN,5610.176,,
1780554099.7355983,VDD_CPU_GPU_CV,1684.224,,
1780554099.7355983,VDD_SOC,1451.584,,
1780554099.7355983,,,cpu-thermal,57.468
1780554099.7355983,,,gpu-thermal,57.5
1780554099.7355983,,,soc0-thermal,55.656
1780554099.7355983,,,soc1-thermal,55.031
1780554099.7355983,,,soc2-thermal,55.531
1780554099.7355983,,,tj-thermal,57.468
1780554099.8419409,VDD_IN,5510.4,,
1780554099.8419409,VDD_CPU_GPU_CV,1611.136,,
1780554099.8419409,VDD_SOC,1456.32,,
1780554099.8419409,,,cpu-thermal,57.375
1780554099.8419409,,,gpu-thermal,57.468
1780554099.8419409,,,soc0-thermal,55.687
1780554099.8419409,,,soc1-thermal,55.125
1780554099.8419409,,,soc2-thermal,55.593
1780554099.8419409,,,tj-thermal,57.468
1780554099.9474847,VDD_IN,5291.392,,
1780554099.9474847,VDD_CPU_GPU_CV,1458.688,,
1780554099.9474847,VDD_SOC,1421.568,,
1780554099.9474847,,,cpu-thermal,57.375
1780554099.9474847,,,gpu-thermal,57.343
1780554099.9474847,,,soc0-thermal,55.531
1780554099.9474847,,,soc1-thermal,55.093
1780554099.9474847,,,soc2-thermal,55.343
1780554099.9474847,,,tj-thermal,57.343
1780554100.0528402,VDD_IN,5291.392,,
1780554100.0528402,VDD_CPU_GPU_CV,1458.688,,
1780554100.0528402,VDD_SOC,1421.568,,
1780554100.0528402,,,cpu-thermal,57.25
1780554100.0528402,,,gpu-thermal,57.312
1780554100.0528402,,,soc0-thermal,55.562
1780554100.0528402,,,soc1-thermal,55.156
1780554100.0528402,,,soc2-thermal,55.406
1780554100.0528402,,,tj-thermal,57.312
1780554100.1590068,VDD_IN,5361.664,,
1780554100.1590068,VDD_CPU_GPU_CV,1495.68,,
1780554100.1590068,VDD_SOC,1419.264,,
1780554100.1590068,,,cpu-thermal,57.312
1780554100.1590068,,,gpu-thermal,57.687
1780554100.1590068,,,soc0-thermal,55.656
1780554100.1590068,,,soc1-thermal,55.093
1780554100.1590068,,,soc2-thermal,55.5
1780554100.1590068,,,tj-thermal,57.687
1780554100.264832,VDD_IN,5431.68,,
1780554100.264832,VDD_CPU_GPU_CV,1532.544,,
1780554100.264832,VDD_SOC,1456.32,,
1780554100.264832,,,cpu-thermal,57.312
1780554100.264832,,,gpu-thermal,57.312
1780554100.264832,,,soc0-thermal,55.562
1780554100.264832,,,soc1-thermal,55.031
1780554100.264832,,,soc2-thermal,55.437
1780554100.264832,,,tj-thermal,57.5
1780554100.370634,VDD_IN,5471.04,,
1780554100.370634,VDD_CPU_GPU_CV,1571.84,,
1780554100.370634,VDD_SOC,1453.952,,
1780554100.370634,,,cpu-thermal,57.187
1780554100.370634,,,gpu-thermal,57.25
1780554100.370634,,,soc0-thermal,55.593
1780554100.370634,,,soc1-thermal,55.062
1780554100.370634,,,soc2-thermal,55.468
1780554100.370634,,,tj-thermal,57.406
1780554100.4766076,VDD_IN,5501.44,,
1780554100.4766076,VDD_CPU_GPU_CV,1608.512,,
1780554100.4766076,VDD_SOC,1453.952,,
1780554100.4766076,,,cpu-thermal,57.25
1780554100.4766076,,,gpu-thermal,57.656
1780554100.4766076,,,soc0-thermal,55.625
1780554100.4766076,,,soc1-thermal,55.187
1780554100.4766076,,,soc2-thermal,55.437
1780554100.4766076,,,tj-thermal,57.656
1780554100.5824196,VDD_IN,5540.736,,
1780554100.5824196,VDD_CPU_GPU_CV,1647.744,,
1780554100.5824196,VDD_SOC,1453.952,,
1780554100.5824196,,,cpu-thermal,57.375
1780554100.5824196,,,gpu-thermal,57.437
1780554100.5824196,,,soc0-thermal,55.718
1780554100.5824196,,,soc1-thermal,55.0
1780554100.5824196,,,soc2-thermal,55.468
1780554100.5824196,,,tj-thermal,57.437
1780554100.6884763,VDD_IN,5570.944,,
1780554100.6884763,VDD_CPU_GPU_CV,1645.056,,
1780554100.6884763,VDD_SOC,1451.584,,
1780554100.6884763,,,cpu-thermal,57.281
1780554100.6884763,,,gpu-thermal,57.281
1780554100.6884763,,,soc0-thermal,55.5
1780554100.6884763,,,soc1-thermal,55.031
1780554100.6884763,,,soc2-thermal,55.375
1780554100.6884763,,,tj-thermal,57.281
1780554100.7945511,VDD_IN,5540.736,,
1780554100.7945511,VDD_CPU_GPU_CV,1647.744,,
1780554100.7945511,VDD_SOC,1453.952,,
1780554100.7945511,,,cpu-thermal,57.093
1780554100.7945511,,,gpu-thermal,57.218
1780554100.7945511,,,soc0-thermal,55.531
1780554100.7945511,,,soc1-thermal,55.093
1780554100.7945511,,,soc2-thermal,55.406
1780554100.7945511,,,tj-thermal,57.218
1780554100.9003775,VDD_IN,5431.68,,
1780554100.9003775,VDD_CPU_GPU_CV,1532.544,,
1780554100.9003775,VDD_SOC,1456.32,,
1780554100.9003775,,,cpu-thermal,57.343
1780554100.9003775,,,gpu-thermal,57.093
1780554100.9003775,,,soc0-thermal,55.593
1780554100.9003775,,,soc1-thermal,54.937
1780554100.9003775,,,soc2-thermal,55.468
1780554100.9003775,,,tj-thermal,57.343
1780554101.0062494,VDD_IN,5361.664,,
1780554101.0062494,VDD_CPU_GPU_CV,1495.68,,
1780554101.0062494,VDD_SOC,1419.264,,
1780554101.0062494,,,cpu-thermal,57.062
1780554101.0062494,,,gpu-thermal,57.281
1780554101.0062494,,,soc0-thermal,55.437
1780554101.0062494,,,soc1-thermal,55.093
1780554101.0062494,,,soc2-thermal,55.343
1780554101.0062494,,,tj-thermal,57.187
1780554101.1120007,VDD_IN,5431.68,,
1780554101.1120007,VDD_CPU_GPU_CV,1532.544,,
1780554101.1120007,VDD_SOC,1456.32,,
1780554101.1120007,,,cpu-thermal,57.218
1780554101.1120007,,,gpu-thermal,57.187
1780554101.1120007,,,soc0-thermal,55.531
1780554101.1120007,,,soc1-thermal,55.0
1780554101.1120007,,,soc2-thermal,55.281
1780554101.1120007,,,tj-thermal,57.437
1780554101.2178261,VDD_IN,5471.04,,
1780554101.2178261,VDD_CPU_GPU_CV,1571.84,,
1780554101.2178261,VDD_SOC,1453.952,,
1780554101.2178261,,,cpu-thermal,57.437
1780554101.2178261,,,gpu-thermal,57.156
1780554101.2178261,,,soc0-thermal,55.5
1780554101.2178261,,,soc1-thermal,55.062
1780554101.2178261,,,soc2-thermal,55.343
1780554101.2178261,,,tj-thermal,57.437
1780554101.3239517,VDD_IN,5501.44,,
1780554101.3239517,VDD_CPU_GPU_CV,1608.512,,
1780554101.3239517,VDD_SOC,1453.952,,
1780554101.3239517,,,cpu-thermal,57.375
1780554101.3239517,,,gpu-thermal,57.593
1780554101.3239517,,,soc0-thermal,55.531
1780554101.3239517,,,soc1-thermal,54.937
1780554101.3239517,,,soc2-thermal,55.343
1780554101.3239517,,,tj-thermal,57.593
1780554101.430038,VDD_IN,5580.032,,
1780554101.430038,VDD_CPU_GPU_CV,1647.744,,
1780554101.430038,VDD_SOC,1451.584,,
1780554101.430038,,,cpu-thermal,57.562
1780554101.430038,,,gpu-thermal,57.468
1780554101.430038,,,soc0-thermal,55.5
1780554101.430038,,,soc1-thermal,54.937
1780554101.430038,,,soc2-thermal,55.312
1780554101.430038,,,tj-thermal,57.468
1780554101.5360434,VDD_IN,5658.624,,
1780554101.5360434,VDD_CPU_GPU_CV,1686.976,,
1780554101.5360434,VDD_SOC,1451.584,,
1780554101.5360434,,,cpu-thermal,57.25
1780554101.5360434,,,gpu-thermal,57.312
1780554101.5360434,,,soc0-thermal,55.5
1780554101.5360434,,,soc1-thermal,55.031
1780554101.5360434,,,soc2-thermal,55.312
1780554101.5360434,,,tj-thermal,57.312
1780554101.6422858,VDD_IN,5649.408,,
1780554101.6422858,VDD_CPU_GPU_CV,1684.224,,
1780554101.6422858,VDD_SOC,1451.584,,
1780554101.6422858,,,cpu-thermal,57.312
1780554101.6422858,,,gpu-thermal,57.25
1780554101.6422858,,,soc0-thermal,55.531
1780554101.6422858,,,soc1-thermal,54.875
1780554101.6422858,,,soc2-thermal,55.437
1780554101.6422858,,,tj-thermal,57.312
1780554101.7480483,VDD_IN,5727.872,,
1780554101.7480483,VDD_CPU_GPU_CV,1762.56,,
1780554101.7480483,VDD_SOC,1451.584,,
1780554101.7480483,,,cpu-thermal,57.125
1780554101.7480483,,,gpu-thermal,57.125
1780554101.7480483,,,soc0-thermal,55.437
1780554101.7480483,,,soc1-thermal,54.968
1780554101.7480483,,,soc2-thermal,55.218
1780554101.7480483,,,tj-thermal,57.125
1780554101.8543215,VDD_IN,5619.328,,
1780554101.8543215,VDD_CPU_GPU_CV,1650.432,,
1780554101.8543215,VDD_SOC,1453.952,,
1780554101.8543215,,,cpu-thermal,57.093
1780554101.8543215,,,gpu-thermal,57.093
1780554101.8543215,,,soc0-thermal,55.468
1780554101.8543215,,,soc1-thermal,54.968
1780554101.8543215,,,soc2-thermal,55.281
1780554101.8543215,,,tj-thermal,57.093
1780554101.9599862,VDD_IN,5479.936,,
1780554101.9599862,VDD_CPU_GPU_CV,1574.4,,
1780554101.9599862,VDD_SOC,1458.688,,
1780554101.9599862,,,cpu-thermal,57.031
1780554101.9599862,,,gpu-thermal,57.375
1780554101.9599862,,,soc0-thermal,55.5
1780554101.9599862,,,soc1-thermal,55.031
1780554101.9599862,,,soc2-thermal,55.343
1780554101.9599862,,,tj-thermal,57.375
1780554102.065903,VDD_IN,5519.36,,
1780554102.065903,VDD_CPU_GPU_CV,1574.4,,
1780554102.065903,VDD_SOC,1456.32,,
1780554102.065903,,,cpu-thermal,57.031
1780554102.065903,,,gpu-thermal,57.062
1780554102.065903,,,soc0-thermal,55.437
1780554102.065903,,,soc1-thermal,54.937
1780554102.065903,,,soc2-thermal,55.156
1780554102.065903,,,tj-thermal,57.343
1780554102.172134,VDD_IN,5589.12,,
1780554102.172134,VDD_CPU_GPU_CV,1650.432,,
1780554102.172134,VDD_SOC,1456.32,,
1780554102.172134,,,cpu-thermal,57.031
1780554102.172134,,,gpu-thermal,57.093
1780554102.172134,,,soc0-thermal,55.343
1780554102.172134,,,soc1-thermal,54.906
1780554102.172134,,,soc2-thermal,55.25
1780554102.172134,,,tj-thermal,57.187
1780554102.2783933,VDD_IN,5619.328,,
1780554102.2783933,VDD_CPU_GPU_CV,1689.728,,
1780554102.2783933,VDD_SOC,1453.952,,
1780554102.2783933,,,cpu-thermal,57.093
1780554102.2783933,,,gpu-thermal,57.406
1780554102.2783933,,,soc0-thermal,55.468
1780554102.2783933,,,soc1-thermal,55.031
1780554102.2783933,,,soc2-thermal,55.25
1780554102.2783933,,,tj-thermal,57.281
1780554102.3844337,VDD_IN,6090.88,,
1780554102.3844337,VDD_CPU_GPU_CV,2000.832,,
1780554102.3844337,VDD_SOC,1493.248,,
1780554102.3844337,,,cpu-thermal,57.812
1780554102.3844337,,,gpu-thermal,57.218
1780554102.3844337,,,soc0-thermal,55.375
1780554102.3844337,,,soc1-thermal,54.843
1780554102.3844337,,,soc2-thermal,55.281
1780554102.3844337,,,tj-thermal,57.812
1780554102.4918845,VDD_IN,6444.544,,
1780554102.4918845,VDD_CPU_GPU_CV,2275.456,,
1780554102.4918845,VDD_SOC,1493.248,,
1780554102.4918845,,,cpu-thermal,57.687
1780554102.4918845,,,gpu-thermal,57.5
1780554102.4918845,,,soc0-thermal,55.468
1780554102.4918845,,,soc1-thermal,54.968
1780554102.4918845,,,soc2-thermal,55.468
1780554102.4918845,,,tj-thermal,57.687
1780554102.5994537,VDD_IN,6444.544,,
1780554102.5994537,VDD_CPU_GPU_CV,2275.456,,
1780554102.5994537,VDD_SOC,1493.248,,
1780554102.5994537,,,cpu-thermal,57.406
1780554102.5994537,,,gpu-thermal,57.406
1780554102.5994537,,,soc0-thermal,55.437
1780554102.5994537,,,soc1-thermal,55.031
1780554102.5994537,,,soc2-thermal,55.437
1780554102.5994537,,,tj-thermal,57.406
1780554102.7054691,VDD_IN,6444.544,,
1780554102.7054691,VDD_CPU_GPU_CV,2271.744,,
1780554102.7054691,VDD_SOC,1532.544,,
1780554102.7054691,,,cpu-thermal,57.312
1780554102.7054691,,,gpu-thermal,57.187
1780554102.7054691,,,soc0-thermal,55.312
1780554102.7054691,,,soc1-thermal,54.781
1780554102.7054691,,,soc2-thermal,55.281
1780554102.7054691,,,tj-thermal,57.312
1780554102.811178,VDD_IN,6248.064,,
1780554102.811178,VDD_CPU_GPU_CV,2118.528,,
1780554102.811178,VDD_SOC,1493.248,,
1780554102.811178,,,cpu-thermal,57.031
1780554102.811178,,,gpu-thermal,57.5
1780554102.811178,,,soc0-thermal,55.375
1780554102.811178,,,soc1-thermal,54.937
1780554102.811178,,,soc2-thermal,55.343
1780554102.811178,,,tj-thermal,57.125
1780554102.9167652,VDD_IN,5874.176,,
1780554102.9167652,VDD_CPU_GPU_CV,1849.92,,
1780554102.9167652,VDD_SOC,1498.112,,
1780554102.9167652,,,cpu-thermal,56.906
1780554102.9167652,,,gpu-thermal,57.218
1780554102.9167652,,,soc0-thermal,55.437
1780554102.9167652,,,soc1-thermal,55.0
1780554102.9167652,,,soc2-thermal,55.281
1780554102.9167652,,,tj-thermal,57.218
1780554103.0220625,VDD_IN,5686.272,,
1780554103.0220625,VDD_CPU_GPU_CV,1734.656,,
1780554103.0220625,VDD_SOC,1461.056,,
1780554103.0220625,,,cpu-thermal,56.968
1780554103.0220625,,,gpu-thermal,57.187
1780554103.0220625,,,soc0-thermal,55.531
1780554103.0220625,,,soc1-thermal,54.75
1780554103.0220625,,,soc2-thermal,55.25
1780554103.0220625,,,tj-thermal,57.187
1780554103.12855,VDD_IN,5795.328,,
1780554103.12855,VDD_CPU_GPU_CV,1810.56,,
1780554103.12855,VDD_SOC,1498.112,,
1780554103.12855,,,cpu-thermal,57.125
1780554103.12855,,,gpu-thermal,57.062
1780554103.12855,,,soc0-thermal,55.343
1780554103.12855,,,soc1-thermal,54.843
1780554103.12855,,,soc2-thermal,55.218
1780554103.12855,,,tj-thermal,57.125
1780554103.2348144,VDD_IN,6347.264,,
1780554103.2348144,VDD_CPU_GPU_CV,2082.688,,
1780554103.2348144,VDD_SOC,1574.4,,
1780554103.2348144,,,cpu-thermal,57.062
1780554103.2348144,,,gpu-thermal,57.406
1780554103.2348144,,,soc0-thermal,55.468
1780554103.2348144,,,soc1-thermal,54.906
1780554103.2348144,,,soc2-thermal,55.281
1780554103.2348144,,,tj-thermal,57.406
1780554103.3412595,VDD_IN,7281.6,,
1780554103.3412595,VDD_CPU_GPU_CV,2632.832,,
1780554103.3412595,VDD_SOC,1692.48,,
1780554103.3412595,,,cpu-thermal,57.125
1780554103.3412595,,,gpu-thermal,58.062
1780554103.3412595,,,soc0-thermal,55.437
1780554103.3412595,,,soc1-thermal,54.75
1780554103.3412595,,,soc2-thermal,55.375
1780554103.3412595,,,tj-thermal,58.062
1780554103.4472308,VDD_IN,7911.36,,
1780554103.4472308,VDD_CPU_GPU_CV,2981.632,,
1780554103.4472308,VDD_SOC,1807.616,,
1780554103.4472308,,,cpu-thermal,57.093
1780554103.4472308,,,gpu-thermal,57.968
1780554103.4472308,,,soc0-thermal,55.281
1780554103.4472308,,,soc1-thermal,54.75
1780554103.4472308,,,soc2-thermal,55.312
1780554103.4472308,,,tj-thermal,57.968
1780554103.5530941,VDD_IN,8330.752,,
1780554103.5530941,VDD_CPU_GPU_CV,3217.024,,
1780554103.5530941,VDD_SOC,1886.208,,
1780554103.5530941,,,cpu-thermal,57.031
1780554103.5530941,,,gpu-thermal,57.875
1780554103.5530941,,,soc0-thermal,55.375
1780554103.5530941,,,soc1-thermal,54.875
1780554103.5530941,,,soc2-thermal,55.375
1780554103.5530941,,,tj-thermal,57.875
1780554103.6593673,VDD_IN,8605.824,,
1780554103.6593673,VDD_CPU_GPU_CV,3407.616,,
1780554103.6593673,VDD_SOC,1925.504,,
1780554103.6593673,,,cpu-thermal,57.281
1780554103.6593673,,,gpu-thermal,57.812
1780554103.6593673,,,soc0-thermal,55.437
1780554103.6593673,,,soc1-thermal,54.937
1780554103.6593673,,,soc2-thermal,55.5
1780554103.6593673,,,tj-thermal,57.812
1780554103.7650907,VDD_IN,8841.6,,
1780554103.7650907,VDD_CPU_GPU_CV,3564.288,,
1780554103.7650907,VDD_SOC,1964.8,,
1780554103.7650907,,,cpu-thermal,57.375
1780554103.7650907,,,gpu-thermal,58.031
1780554103.7650907,,,soc0-thermal,55.281
1780554103.7650907,,,soc1-thermal,54.812
1780554103.7650907,,,soc2-thermal,55.437
1780554103.7650907,,,tj-thermal,57.718
1780554103.8706653,VDD_IN,9116.672,,
1780554103.8706653,VDD_CPU_GPU_CV,3681.792,,
1780554103.8706653,VDD_SOC,2004.096,,
1780554103.8706653,,,cpu-thermal,57.312
1780554103.8706653,,,gpu-thermal,58.062
1780554103.8706653,,,soc0-thermal,55.343
1780554103.8706653,,,soc1-thermal,54.75
1780554103.8706653,,,soc2-thermal,55.406
1780554103.8706653,,,tj-thermal,58.062
1780554103.976018,VDD_IN,9391.744,,
1780554103.976018,VDD_CPU_GPU_CV,3844.736,,
1780554103.976018,VDD_SOC,2082.688,,
1780554103.976018,,,cpu-thermal,56.875
1780554103.976018,,,gpu-thermal,58.062
1780554103.976018,,,soc0-thermal,55.343
1780554103.976018,,,soc1-thermal,54.812
1780554103.976018,,,soc2-thermal,55.5
1780554103.976018,,,tj-thermal,58.062
1780554104.0818877,VDD_IN,9548.928,,
1780554104.0818877,VDD_CPU_GPU_CV,3916.8,,
1780554104.0818877,VDD_SOC,2082.688,,
1780554104.0818877,,,cpu-thermal,57.281
1780554104.0818877,,,gpu-thermal,57.906
1780554104.0818877,,,soc0-thermal,55.406
1780554104.0818877,,,soc1-thermal,54.718
1780554104.0818877,,,soc2-thermal,55.531
1780554104.0818877,,,tj-thermal,57.906
1780554104.18766,VDD_IN,9588.224,,
1780554104.18766,VDD_CPU_GPU_CV,3955.968,,
1780554104.18766,VDD_SOC,2082.688,,
1780554104.18766,,,cpu-thermal,57.406
1780554104.18766,,,gpu-thermal,57.906
1780554104.18766,,,soc0-thermal,55.406
1780554104.18766,,,soc1-thermal,54.812
1780554104.18766,,,soc2-thermal,55.625
1780554104.18766,,,tj-thermal,57.906
1780554104.2935424,VDD_IN,9627.52,,
1780554104.2935424,VDD_CPU_GPU_CV,3995.136,,
1780554104.2935424,VDD_SOC,2079.296,,
1780554104.2935424,,,cpu-thermal,57.5
1780554104.2935424,,,gpu-thermal,58.281
1780554104.2935424,,,soc0-thermal,55.375
1780554104.2935424,,,soc1-thermal,54.843
1780554104.2935424,,,soc2-thermal,55.468
1780554104.2935424,,,tj-thermal,58.281
1780554104.3991003,VDD_IN,9706.112,,
1780554104.3991003,VDD_CPU_GPU_CV,4034.304,,
1780554104.3991003,VDD_SOC,2118.528,,
1780554104.3991003,,,cpu-thermal,57.281
1780554104.3991003,,,gpu-thermal,57.937
1780554104.3991003,,,soc0-thermal,55.437
1780554104.3991003,,,soc1-thermal,54.968
1780554104.3991003,,,soc2-thermal,55.531
1780554104.3991003,,,tj-thermal,58.093
1780554104.5048587,VDD_IN,9745.408,,
1780554104.5048587,VDD_CPU_GPU_CV,4073.472,,
1780554104.5048587,VDD_SOC,2118.528,,
1780554104.5048587,,,cpu-thermal,57.312
1780554104.5048587,,,gpu-thermal,57.968
1780554104.5048587,,,soc0-thermal,55.562
1780554104.5048587,,,soc1-thermal,54.781
1780554104.5048587,,,soc2-thermal,55.562
1780554104.5048587,,,tj-thermal,58.062
1780554104.6111019,VDD_IN,9729.536,,
1780554104.6111019,VDD_CPU_GPU_CV,4073.472,,
1780554104.6111019,VDD_SOC,2118.528,,
1780554104.6111019,,,cpu-thermal,57.25
1780554104.6111019,,,gpu-thermal,58.187
1780554104.6111019,,,soc0-thermal,55.406
1780554104.6111019,,,soc1-thermal,54.812
1780554104.6111019,,,soc2-thermal,55.5
1780554104.6111019,,,tj-thermal,58.187
1780554104.7164683,VDD_IN,9768.768,,
1780554104.7164683,VDD_CPU_GPU_CV,4073.472,,
1780554104.7164683,VDD_SOC,2118.528,,
1780554104.7164683,,,cpu-thermal,57.156
1780554104.7164683,,,gpu-thermal,58.031
1780554104.7164683,,,soc0-thermal,55.531
1780554104.7164683,,,soc1-thermal,54.937
1780554104.7164683,,,soc2-thermal,55.562
1780554104.7164683,,,tj-thermal,58.031
1780554104.8220422,VDD_IN,9808.0,,
1780554104.8220422,VDD_CPU_GPU_CV,4112.64,,
1780554104.8220422,VDD_SOC,2118.528,,
1780554104.8220422,,,cpu-thermal,57.25
1780554104.8220422,,,gpu-thermal,58.218
1780554104.8220422,,,soc0-thermal,55.468
1780554104.8220422,,,soc1-thermal,55.031
1780554104.8220422,,,soc2-thermal,55.593
1780554104.8220422,,,tj-thermal,58.218
1780554104.927546,VDD_IN,9941.888,,
1780554104.927546,VDD_CPU_GPU_CV,4151.808,,
1780554104.927546,VDD_SOC,2161.28,,
1780554104.927546,,,cpu-thermal,57.218
1780554104.927546,,,gpu-thermal,58.406
1780554104.927546,,,soc0-thermal,55.625
1780554104.927546,,,soc1-thermal,54.812
1780554104.927546,,,soc2-thermal,55.656
1780554104.927546,,,tj-thermal,58.156
1780554105.0328982,VDD_IN,9981.184,,
1780554105.0328982,VDD_CPU_GPU_CV,4190.976,,
1780554105.0328982,VDD_SOC,2161.28,,
1780554105.0328982,,,cpu-thermal,57.125
1780554105.0328982,,,gpu-thermal,58.312
1780554105.0328982,,,soc0-thermal,55.5
1780554105.0328982,,,soc1-thermal,54.906
1780554105.0328982,,,soc2-thermal,55.562
1780554105.0328982,,,tj-thermal,58.312
1780554105.138272,VDD_IN,9941.888,,
1780554105.138272,VDD_CPU_GPU_CV,4151.808,,
1780554105.138272,VDD_SOC,2157.76,,
1780554105.138272,,,cpu-thermal,57.218
1780554105.138272,,,gpu-thermal,58.125
1780554105.138272,,,soc0-thermal,55.531
1780554105.138272,,,soc1-thermal,55.031
1780554105.138272,,,soc2-thermal,55.593
1780554105.138272,,,tj-thermal,58.125
1780554105.2444944,VDD_IN,9863.296,,
1780554105.2444944,VDD_CPU_GPU_CV,4112.64,,
1780554105.2444944,VDD_SOC,2118.528,,
1780554105.2444944,,,cpu-thermal,57.281
1780554105.2444944,,,gpu-thermal,58.093
1780554105.2444944,,,soc0-thermal,55.562
1780554105.2444944,,,soc1-thermal,55.0
1780554105.2444944,,,soc2-thermal,55.593
1780554105.2444944,,,tj-thermal,58.093
1780554105.3501372,VDD_IN,9808.0,,
1780554105.3501372,VDD_CPU_GPU_CV,4073.472,,
1780554105.3501372,VDD_SOC,2118.528,,
1780554105.3501372,,,cpu-thermal,57.25
1780554105.3501372,,,gpu-thermal,58.0
1780554105.3501372,,,soc0-thermal,55.562
1780554105.3501372,,,soc1-thermal,54.843
1780554105.3501372,,,soc2-thermal,55.593
1780554105.3501372,,,tj-thermal,58.0
1780554105.4559124,VDD_IN,9768.768,,
1780554105.4559124,VDD_CPU_GPU_CV,4073.472,,
1780554105.4559124,VDD_SOC,2118.528,,
1780554105.4559124,,,cpu-thermal,57.375
1780554105.4559124,,,gpu-thermal,58.218
1780554105.4559124,,,soc0-thermal,55.531
1780554105.4559124,,,soc1-thermal,54.906
1780554105.4559124,,,soc2-thermal,55.593
1780554105.4559124,,,tj-thermal,58.437
1780554105.5616214,VDD_IN,9768.768,,
1780554105.5616214,VDD_CPU_GPU_CV,4034.304,,
1780554105.5616214,VDD_SOC,2118.528,,
1780554105.5616214,,,cpu-thermal,57.281
1780554105.5616214,,,gpu-thermal,58.093
1780554105.5616214,,,soc0-thermal,55.593
1780554105.5616214,,,soc1-thermal,54.968
1780554105.5616214,,,soc2-thermal,55.656
1780554105.5616214,,,tj-thermal,58.25
1780554105.6672876,VDD_IN,9690.304,,
1780554105.6672876,VDD_CPU_GPU_CV,4034.304,,
1780554105.6672876,VDD_SOC,2118.528,,
1780554105.6672876,,,cpu-thermal,57.593
1780554105.6672876,,,gpu-thermal,58.0
1780554105.6672876,,,soc0-thermal,55.687
1780554105.6672876,,,soc1-thermal,54.906
1780554105.6672876,,,soc2-thermal,55.812
1780554105.6672876,,,tj-thermal,58.0
1780554105.7731812,VDD_IN,9651.072,,
1780554105.7731812,VDD_CPU_GPU_CV,3995.136,,
1780554105.7731812,VDD_SOC,2079.296,,
1780554105.7731812,,,cpu-thermal,57.781
1780554105.7731812,,,gpu-thermal,58.281
1780554105.7731812,,,soc0-thermal,55.531
1780554105.7731812,,,soc1-thermal,54.937
1780554105.7731812,,,soc2-thermal,55.687
1780554105.7731812,,,tj-thermal,58.281
1780554105.878894,VDD_IN,9784.704,,
1780554105.878894,VDD_CPU_GPU_CV,4073.472,,
1780554105.878894,VDD_SOC,2118.528,,
1780554105.878894,,,cpu-thermal,57.218
1780554105.878894,,,gpu-thermal,58.406
1780554105.878894,,,soc0-thermal,55.562
1780554105.878894,,,soc1-thermal,55.031
1780554105.878894,,,soc2-thermal,55.656
1780554105.878894,,,tj-thermal,58.406
1780554105.9849408,VDD_IN,9902.592,,
1780554105.9849408,VDD_CPU_GPU_CV,4112.64,,
1780554105.9849408,VDD_SOC,2161.28,,
1780554105.9849408,,,cpu-thermal,57.343
1780554105.9849408,,,gpu-thermal,58.312
1780554105.9849408,,,soc0-thermal,55.625
1780554105.9849408,,,soc1-thermal,55.093
1780554105.9849408,,,soc2-thermal,55.718
1780554105.9849408,,,tj-thermal,58.312
1780554106.0903666,VDD_IN,9941.888,,
1780554106.0903666,VDD_CPU_GPU_CV,4151.808,,
1780554106.0903666,VDD_SOC,2157.76,,
1780554106.0903666,,,cpu-thermal,57.531
1780554106.0903666,,,gpu-thermal,58.468
1780554106.0903666,,,soc0-thermal,55.781
1780554106.0903666,,,soc1-thermal,54.968
1780554106.0903666,,,soc2-thermal,55.843
1780554106.0903666,,,tj-thermal,58.156
1780554106.1967053,VDD_IN,9863.296,,
1780554106.1967053,VDD_CPU_GPU_CV,4112.64,,
1780554106.1967053,VDD_SOC,2157.76,,
1780554106.1967053,,,cpu-thermal,57.687
1780554106.1967053,,,gpu-thermal,58.312
1780554106.1967053,,,soc0-thermal,55.562
1780554106.1967053,,,soc1-thermal,55.031
1780554106.1967053,,,soc2-thermal,55.718
1780554106.1967053,,,tj-thermal,58.187
1780554106.3027096,VDD_IN,9863.296,,
1780554106.3027096,VDD_CPU_GPU_CV,4073.472,,
1780554106.3027096,VDD_SOC,2118.528,,
1780554106.3027096,,,cpu-thermal,57.625
1780554106.3027096,,,gpu-thermal,58.281
1780554106.3027096,,,soc0-thermal,55.75
1780554106.3027096,,,soc1-thermal,55.062
1780554106.3027096,,,soc2-thermal,55.812
1780554106.3027096,,,tj-thermal,58.531
1780554106.4082806,VDD_IN,9847.232,,
1780554106.4082806,VDD_CPU_GPU_CV,4073.472,,
1780554106.4082806,VDD_SOC,2118.528,,
1780554106.4082806,,,cpu-thermal,57.562
1780554106.4082806,,,gpu-thermal,58.187
1780554106.4082806,,,soc0-thermal,55.718
1780554106.4082806,,,soc1-thermal,54.937
1780554106.4082806,,,soc2-thermal,55.781
1780554106.4082806,,,tj-thermal,58.187
1780554106.5140564,VDD_IN,9768.768,,
1780554106.5140564,VDD_CPU_GPU_CV,4073.472,,
1780554106.5140564,VDD_SOC,2118.528,,
1780554106.5140564,,,cpu-thermal,57.718
1780554106.5140564,,,gpu-thermal,58.218
1780554106.5140564,,,soc0-thermal,55.625
1780554106.5140564,,,soc1-thermal,55.0
1780554106.5140564,,,soc2-thermal,55.781
1780554106.5140564,,,tj-thermal,58.218
1780554106.6194322,VDD_IN,9808.0,,
1780554106.6194322,VDD_CPU_GPU_CV,4073.472,,
1780554106.6194322,VDD_SOC,2118.528,,
1780554106.6194322,,,cpu-thermal,57.531
1780554106.6194322,,,gpu-thermal,58.468
1780554106.6194322,,,soc0-thermal,55.656
1780554106.6194322,,,soc1-thermal,55.031
1780554106.6194322,,,soc2-thermal,55.812
1780554106.6194322,,,tj-thermal,58.468
1780554106.7249575,VDD_IN,9808.0,,
1780554106.7249575,VDD_CPU_GPU_CV,4073.472,,
1780554106.7249575,VDD_SOC,2118.528,,
1780554106.7249575,,,cpu-thermal,57.437
1780554106.7249575,,,gpu-thermal,58.25
1780554106.7249575,,,soc0-thermal,55.75
1780554106.7249575,,,soc1-thermal,55.187
1780554106.7249575,,,soc2-thermal,55.781
1780554106.7249575,,,tj-thermal,58.375
1780554106.8306692,VDD_IN,9824.0,,
1780554106.8306692,VDD_CPU_GPU_CV,4073.472,,
1780554106.8306692,VDD_SOC,2118.528,,
1780554106.8306692,,,cpu-thermal,57.437
1780554106.8306692,,,gpu-thermal,58.312
1780554106.8306692,,,soc0-thermal,55.812
1780554106.8306692,,,soc1-thermal,54.937
1780554106.8306692,,,soc2-thermal,55.843
1780554106.8306692,,,tj-thermal,58.312
1780554106.9361105,VDD_IN,9941.888,,
1780554106.9361105,VDD_CPU_GPU_CV,4112.64,,
1780554106.9361105,VDD_SOC,2157.76,,
1780554106.9361105,,,cpu-thermal,57.343
1780554106.9361105,,,gpu-thermal,58.656
1780554106.9361105,,,soc0-thermal,55.718
1780554106.9361105,,,soc1-thermal,55.0
1780554106.9361105,,,soc2-thermal,55.812
1780554106.9361105,,,tj-thermal,58.656
1780554107.0414355,VDD_IN,10059.776,,
1780554107.0414355,VDD_CPU_GPU_CV,4190.976,,
1780554107.0414355,VDD_SOC,2157.76,,
1780554107.0414355,,,cpu-thermal,57.375
1780554107.0414355,,,gpu-thermal,58.562
1780554107.0414355,,,soc0-thermal,55.75
1780554107.0414355,,,soc1-thermal,55.156
1780554107.0414355,,,soc2-thermal,55.906
1780554107.0414355,,,tj-thermal,58.562
1780554107.1470246,VDD_IN,9941.888,,
1780554107.1470246,VDD_CPU_GPU_CV,4151.808,,
1780554107.1470246,VDD_SOC,2157.76,,
1780554107.1470246,,,cpu-thermal,57.593
1780554107.1470246,,,gpu-thermal,58.687
1780554107.1470246,,,soc0-thermal,55.75
1780554107.1470246,,,soc1-thermal,55.218
1780554107.1470246,,,soc2-thermal,55.906
1780554107.1470246,,,tj-thermal,58.406
1780554107.2524543,VDD_IN,9902.592,,
1780554107.2524543,VDD_CPU_GPU_CV,4151.808,,
1780554107.2524543,VDD_SOC,2157.76,,
1780554107.2524543,,,cpu-thermal,57.625
1780554107.2524543,,,gpu-thermal,58.593
1780554107.2524543,,,soc0-thermal,55.718
1780554107.2524543,,,soc1-thermal,55.031
1780554107.2524543,,,soc2-thermal,56.0
1780554107.2524543,,,tj-thermal,58.375
1780554107.3585415,VDD_IN,9902.592,,
1780554107.3585415,VDD_CPU_GPU_CV,4151.808,,
1780554107.3585415,VDD_SOC,2118.528,,
1780554107.3585415,,,cpu-thermal,57.687
1780554107.3585415,,,gpu-thermal,58.5
1780554107.3585415,,,soc0-thermal,55.843
1780554107.3585415,,,soc1-thermal,55.062
1780554107.3585415,,,soc2-thermal,55.843
1780554107.3585415,,,tj-thermal,58.5
1780554107.46419,VDD_IN,9808.0,,
1780554107.46419,VDD_CPU_GPU_CV,4112.64,,
1780554107.46419,VDD_SOC,2118.528,,
1780554107.46419,,,cpu-thermal,57.593
1780554107.46419,,,gpu-thermal,58.437
1780554107.46419,,,soc0-thermal,55.843
1780554107.46419,,,soc1-thermal,55.156
1780554107.46419,,,soc2-thermal,55.937
1780554107.46419,,,tj-thermal,58.437
1780554107.570227,VDD_IN,9768.768,,
1780554107.570227,VDD_CPU_GPU_CV,4073.472,,
1780554107.570227,VDD_SOC,2118.528,,
1780554107.570227,,,cpu-thermal,57.812
1780554107.570227,,,gpu-thermal,58.375
1780554107.570227,,,soc0-thermal,56.0
1780554107.570227,,,soc1-thermal,55.093
1780554107.570227,,,soc2-thermal,56.031
1780554107.570227,,,tj-thermal,58.375
1780554107.6758752,VDD_IN,9729.536,,
1780554107.6758752,VDD_CPU_GPU_CV,4073.472,,
1780554107.6758752,VDD_SOC,2118.528,,
1780554107.6758752,,,cpu-thermal,57.937
1780554107.6758752,,,gpu-thermal,58.25
1780554107.6758752,,,soc0-thermal,55.843
1780554107.6758752,,,soc1-thermal,55.093
1780554107.6758752,,,soc2-thermal,55.843
1780554107.6758752,,,tj-thermal,58.25
1780554107.7816186,VDD_IN,9729.536,,
1780554107.7816186,VDD_CPU_GPU_CV,4027.712,,
1780554107.7816186,VDD_SOC,2118.528,,
1780554107.7816186,,,cpu-thermal,57.625
1780554107.7816186,,,gpu-thermal,58.406
1780554107.7816186,,,soc0-thermal,55.937
1780554107.7816186,,,soc1-thermal,55.187
1780554107.7816186,,,soc2-thermal,55.937
1780554107.7816186,,,tj-thermal,58.687
1780554107.8872604,VDD_IN,9863.296,,
1780554107.8872604,VDD_CPU_GPU_CV,4073.472,,
1780554107.8872604,VDD_SOC,2157.76,,
1780554107.8872604,,,cpu-thermal,57.375
1780554107.8872604,,,gpu-thermal,58.531
1780554107.8872604,,,soc0-thermal,55.937
1780554107.8872604,,,soc1-thermal,55.218
1780554107.8872604,,,soc2-thermal,55.968
1780554107.8872604,,,tj-thermal,58.718
1780554107.9927824,VDD_IN,9902.592,,
1780554107.9927824,VDD_CPU_GPU_CV,4112.64,,
1780554107.9927824,VDD_SOC,2161.28,,
1780554107.9927824,,,cpu-thermal,57.656
1780554107.9927824,,,gpu-thermal,58.531
1780554107.9927824,,,soc0-thermal,55.968
1780554107.9927824,,,soc1-thermal,55.093
1780554107.9927824,,,soc2-thermal,55.968
1780554107.9927824,,,tj-thermal,58.531
1780554108.0980968,VDD_IN,9902.592,,
1780554108.0980968,VDD_CPU_GPU_CV,4112.64,,
1780554108.0980968,VDD_SOC,2157.76,,
1780554108.0980968,,,cpu-thermal,57.968
1780554108.0980968,,,gpu-thermal,58.75
1780554108.0980968,,,soc0-thermal,55.812
1780554108.0980968,,,soc1-thermal,55.187
1780554108.0980968,,,soc2-thermal,55.875
1780554108.0980968,,,tj-thermal,58.75
1780554108.2037106,VDD_IN,9863.296,,
1780554108.2037106,VDD_CPU_GPU_CV,4112.64,,
1780554108.2037106,VDD_SOC,2157.76,,
1780554108.2037106,,,cpu-thermal,57.593
1780554108.2037106,,,gpu-thermal,58.562
1780554108.2037106,,,soc0-thermal,55.906
1780554108.2037106,,,soc1-thermal,55.25
1780554108.2037106,,,soc2-thermal,56.0
1780554108.2037106,,,tj-thermal,58.562
1780554108.309271,VDD_IN,9847.232,,
1780554108.309271,VDD_CPU_GPU_CV,4112.64,,
1780554108.309271,VDD_SOC,2118.528,,
1780554108.309271,,,cpu-thermal,57.75
1780554108.309271,,,gpu-thermal,58.406
1780554108.309271,,,soc0-thermal,55.937
1780554108.309271,,,soc1-thermal,55.312
1780554108.309271,,,soc2-thermal,55.937
1780554108.309271,,,tj-thermal,58.5
1780554108.414909,VDD_IN,9808.0,,
1780554108.414909,VDD_CPU_GPU_CV,4112.64,,
1780554108.414909,VDD_SOC,2118.528,,
1780554108.414909,,,cpu-thermal,57.875
1780554108.414909,,,gpu-thermal,58.718
1780554108.414909,,,soc0-thermal,56.062
1780554108.414909,,,soc1-thermal,55.218
1780554108.414909,,,soc2-thermal,56.031
1780554108.414909,,,tj-thermal,58.718
1780554108.520658,VDD_IN,9808.0,,
1780554108.520658,VDD_CPU_GPU_CV,4112.64,,
1780554108.520658,VDD_SOC,2118.528,,
1780554108.520658,,,cpu-thermal,57.937
1780554108.520658,,,gpu-thermal,58.593
1780554108.520658,,,soc0-thermal,55.906
1780554108.520658,,,soc1-thermal,55.187
1780554108.520658,,,soc2-thermal,56.062
1780554108.520658,,,tj-thermal,58.593
1780554108.6262515,VDD_IN,9768.768,,
1780554108.6262515,VDD_CPU_GPU_CV,4066.816,,
1780554108.6262515,VDD_SOC,2118.528,,
1780554108.6262515,,,cpu-thermal,57.781
1780554108.6262515,,,gpu-thermal,58.5
1780554108.6262515,,,soc0-thermal,56.0
1780554108.6262515,,,soc1-thermal,55.312
1780554108.6262515,,,soc2-thermal,56.062
1780554108.6262515,,,tj-thermal,58.5
1780554108.7318137,VDD_IN,9729.536,,
1780554108.7318137,VDD_CPU_GPU_CV,4027.712,,
1780554108.7318137,VDD_SOC,2118.528,,
1780554108.7318137,,,cpu-thermal,57.843
1780554108.7318137,,,gpu-thermal,58.5
1780554108.7318137,,,soc0-thermal,56.0
1780554108.7318137,,,soc1-thermal,55.437
1780554108.7318137,,,soc2-thermal,56.125
1780554108.7318137,,,tj-thermal,58.5
1780554108.837181,VDD_IN,9808.0,,
1780554108.837181,VDD_CPU_GPU_CV,4073.472,,
1780554108.837181,VDD_SOC,2118.528,,
1780554108.837181,,,cpu-thermal,57.781
1780554108.837181,,,gpu-thermal,58.75
1780554108.837181,,,soc0-thermal,55.937
1780554108.837181,,,soc1-thermal,55.281
1780554108.837181,,,soc2-thermal,56.156
1780554108.837181,,,tj-thermal,58.5
1780554108.9427722,VDD_IN,9902.592,,
1780554108.9427722,VDD_CPU_GPU_CV,4112.64,,
1780554108.9427722,VDD_SOC,2157.76,,
1780554108.9427722,,,cpu-thermal,57.468
1780554108.9427722,,,gpu-thermal,58.75
1780554108.9427722,,,soc0-thermal,56.031
1780554108.9427722,,,soc1-thermal,55.375
1780554108.9427722,,,soc2-thermal,56.187
1780554108.9427722,,,tj-thermal,58.75
1780554109.0480037,VDD_IN,10020.48,,
1780554109.0480037,VDD_CPU_GPU_CV,4190.976,,
1780554109.0480037,VDD_SOC,2157.76,,
1780554109.0480037,,,cpu-thermal,57.718
1780554109.0480037,,,gpu-thermal,58.562
1780554109.0480037,,,soc0-thermal,56.031
1780554109.0480037,,,soc1-thermal,55.406
1780554109.0480037,,,soc2-thermal,56.093
1780554109.0480037,,,tj-thermal,58.562
1780554109.1537647,VDD_IN,9981.184,,
1780554109.1537647,VDD_CPU_GPU_CV,4151.808,,
1780554109.1537647,VDD_SOC,2157.76,,
1780554109.1537647,,,cpu-thermal,57.75
1780554109.1537647,,,gpu-thermal,58.562
1780554109.1537647,,,soc0-thermal,56.031
1780554109.1537647,,,soc1-thermal,55.312
1780554109.1537647,,,soc2-thermal,56.093
1780554109.1537647,,,tj-thermal,58.562
1780554109.2593179,VDD_IN,9981.184,,
1780554109.2593179,VDD_CPU_GPU_CV,4151.808,,
1780554109.2593179,VDD_SOC,2157.76,,
1780554109.2593179,,,cpu-thermal,57.937
1780554109.2593179,,,gpu-thermal,58.656
1780554109.2593179,,,soc0-thermal,56.156
1780554109.2593179,,,soc1-thermal,55.375
1780554109.2593179,,,soc2-thermal,56.25
1780554109.2593179,,,tj-thermal,58.843
1780554109.3651204,VDD_IN,9902.592,,
1780554109.3651204,VDD_CPU_GPU_CV,4151.808,,
1780554109.3651204,VDD_SOC,2157.76,,
1780554109.3651204,,,cpu-thermal,57.75
1780554109.3651204,,,gpu-thermal,58.625
1780554109.3651204,,,soc0-thermal,56.187
1780554109.3651204,,,soc1-thermal,55.406
1780554109.3651204,,,soc2-thermal,56.093
1780554109.3651204,,,tj-thermal,58.843
1780554109.4706998,VDD_IN,9847.232,,
1780554109.4706998,VDD_CPU_GPU_CV,4112.64,,
1780554109.4706998,VDD_SOC,2118.528,,
1780554109.4706998,,,cpu-thermal,57.812
1780554109.4706998,,,gpu-thermal,58.562
1780554109.4706998,,,soc0-thermal,56.093
1780554109.4706998,,,soc1-thermal,55.5
1780554109.4706998,,,soc2-thermal,56.156
1780554109.4706998,,,tj-thermal,58.562
1780554109.5764327,VDD_IN,9808.0,,
1780554109.5764327,VDD_CPU_GPU_CV,4066.816,,
1780554109.5764327,VDD_SOC,2118.528,,
1780554109.5764327,,,cpu-thermal,57.812
1780554109.5764327,,,gpu-thermal,58.75
1780554109.5764327,,,soc0-thermal,56.156
1780554109.5764327,,,soc1-thermal,55.312
1780554109.5764327,,,soc2-thermal,56.281
1780554109.5764327,,,tj-thermal,58.75
1780554109.681897,VDD_IN,9768.768,,
1780554109.681897,VDD_CPU_GPU_CV,4105.92,,
1780554109.681897,VDD_SOC,2118.528,,
1780554109.681897,,,cpu-thermal,57.843
1780554109.681897,,,gpu-thermal,58.812
1780554109.681897,,,soc0-thermal,56.031
1780554109.681897,,,soc1-thermal,55.343
1780554109.681897,,,soc2-thermal,56.187
1780554109.681897,,,tj-thermal,58.812
1780554109.7877705,VDD_IN,9729.536,,
1780554109.7877705,VDD_CPU_GPU_CV,4066.816,,
1780554109.7877705,VDD_SOC,2118.528,,
1780554109.7877705,,,cpu-thermal,57.812
1780554109.7877705,,,gpu-thermal,59.062
1780554109.7877705,,,soc0-thermal,56.062
1780554109.7877705,,,soc1-thermal,55.343
1780554109.7877705,,,soc2-thermal,56.281
1780554109.7877705,,,tj-thermal,58.718
1780554109.8931568,VDD_IN,9863.296,,
1780554109.8931568,VDD_CPU_GPU_CV,4112.64,,
1780554109.8931568,VDD_SOC,2157.76,,
1780554109.8931568,,,cpu-thermal,57.75
1780554109.8931568,,,gpu-thermal,58.875
1780554109.8931568,,,soc0-thermal,56.156
1780554109.8931568,,,soc1-thermal,55.531
1780554109.8931568,,,soc2-thermal,56.281
1780554109.8931568,,,tj-thermal,58.875
1780554109.9984233,VDD_IN,9981.184,,
1780554109.9984233,VDD_CPU_GPU_CV,4151.808,,
1780554109.9984233,VDD_SOC,2161.28,,
1780554109.9984233,,,cpu-thermal,58.093
1780554109.9984233,,,gpu-thermal,59.031
1780554109.9984233,,,soc0-thermal,56.25
1780554109.9984233,,,soc1-thermal,55.343
1780554109.9984233,,,soc2-thermal,56.25
1780554109.9984233,,,tj-thermal,59.031
1780554110.104228,VDD_IN,9981.184,,
1780554110.104228,VDD_CPU_GPU_CV,4151.808,,
1780554110.104228,VDD_SOC,2157.76,,
1780554110.104228,,,cpu-thermal,57.875
1780554110.104228,,,gpu-thermal,58.718
1780554110.104228,,,soc0-thermal,56.125
1780554110.104228,,,soc1-thermal,55.531
1780554110.104228,,,soc2-thermal,56.187
1780554110.104228,,,tj-thermal,58.718
1780554110.2099152,VDD_IN,9863.296,,
1780554110.2099152,VDD_CPU_GPU_CV,4112.64,,
1780554110.2099152,VDD_SOC,2157.76,,
1780554110.2099152,,,cpu-thermal,57.843
1780554110.2099152,,,gpu-thermal,58.656
1780554110.2099152,,,soc0-thermal,56.187
1780554110.2099152,,,soc1-thermal,55.437
1780554110.2099152,,,soc2-thermal,56.25
1780554110.2099152,,,tj-thermal,58.656
1780554110.3160672,VDD_IN,9824.0,,
1780554110.3160672,VDD_CPU_GPU_CV,4073.472,,
1780554110.3160672,VDD_SOC,2118.528,,
1780554110.3160672,,,cpu-thermal,58.125
1780554110.3160672,,,gpu-thermal,58.718
1780554110.3160672,,,soc0-thermal,56.312
1780554110.3160672,,,soc1-thermal,55.562
1780554110.3160672,,,soc2-thermal,56.218
1780554110.3160672,,,tj-thermal,58.718
1780554110.421577,VDD_IN,9729.536,,
1780554110.421577,VDD_CPU_GPU_CV,4034.304,,
1780554110.421577,VDD_SOC,2118.528,,
1780554110.421577,,,cpu-thermal,58.187
1780554110.421577,,,gpu-thermal,58.75
1780554110.421577,,,soc0-thermal,56.218
1780554110.421577,,,soc1-thermal,55.437
1780554110.421577,,,soc2-thermal,56.375
1780554110.421577,,,tj-thermal,58.968
1780554110.527197,VDD_IN,9690.304,,
1780554110.527197,VDD_CPU_GPU_CV,4034.304,,
1780554110.527197,VDD_SOC,2118.528,,
1780554110.527197,,,cpu-thermal,58.25
1780554110.527197,,,gpu-thermal,58.687
1780554110.527197,,,soc0-thermal,56.125
1780554110.527197,,,soc1-thermal,55.468
1780554110.527197,,,soc2-thermal,56.343
1780554110.527197,,,tj-thermal,58.687
1780554110.6329427,VDD_IN,9690.304,,
1780554110.6329427,VDD_CPU_GPU_CV,3995.136,,
1780554110.6329427,VDD_SOC,2118.528,,
1780554110.6329427,,,cpu-thermal,58.062
1780554110.6329427,,,gpu-thermal,58.718
1780554110.6329427,,,soc0-thermal,56.218
1780554110.6329427,,,soc1-thermal,55.562
1780554110.6329427,,,soc2-thermal,56.343
1780554110.6329427,,,tj-thermal,58.718
1780554110.7385669,VDD_IN,9611.84,,
1780554110.7385669,VDD_CPU_GPU_CV,3955.968,,
1780554110.7385669,VDD_SOC,2079.296,,
1780554110.7385669,,,cpu-thermal,58.031
1780554110.7385669,,,gpu-thermal,58.937
1780554110.7385669,,,soc0-thermal,56.312
1780554110.7385669,,,soc1-thermal,55.437
1780554110.7385669,,,soc2-thermal,56.406
1780554110.7385669,,,tj-thermal,58.937
1780554110.8442018,VDD_IN,9706.112,,
1780554110.8442018,VDD_CPU_GPU_CV,3995.136,,
1780554110.8442018,VDD_SOC,2118.528,,
1780554110.8442018,,,cpu-thermal,58.093
1780554110.8442018,,,gpu-thermal,59.031
1780554110.8442018,,,soc0-thermal,56.218
1780554110.8442018,,,soc1-thermal,55.562
1780554110.8442018,,,soc2-thermal,56.312
1780554110.8442018,,,tj-thermal,59.031
1780554110.9496558,VDD_IN,9863.296,,
1780554110.9496558,VDD_CPU_GPU_CV,4073.472,,
1780554110.9496558,VDD_SOC,2157.76,,
1780554110.9496558,,,cpu-thermal,58.218
1780554110.9496558,,,gpu-thermal,59.312
1780554110.9496558,,,soc0-thermal,56.218
1780554110.9496558,,,soc1-thermal,55.562
1780554110.9496558,,,soc2-thermal,56.343
1780554110.9496558,,,tj-thermal,59.312
1780554111.054971,VDD_IN,9902.592,,
1780554111.054971,VDD_CPU_GPU_CV,4112.64,,
1780554111.054971,VDD_SOC,2161.28,,
1780554111.054971,,,cpu-thermal,58.093
1780554111.054971,,,gpu-thermal,59.062
1780554111.054971,,,soc0-thermal,56.312
1780554111.054971,,,soc1-thermal,55.625
1780554111.054971,,,soc2-thermal,56.343
1780554111.054971,,,tj-thermal,59.062
1780554111.1607394,VDD_IN,9863.296,,
1780554111.1607394,VDD_CPU_GPU_CV,4073.472,,
1780554111.1607394,VDD_SOC,2118.528,,
1780554111.1607394,,,cpu-thermal,58.062
1780554111.1607394,,,gpu-thermal,58.906
1780554111.1607394,,,soc0-thermal,56.375
1780554111.1607394,,,soc1-thermal,55.406
1780554111.1607394,,,soc2-thermal,56.343
1780554111.1607394,,,tj-thermal,58.906
1780554111.2663376,VDD_IN,9824.0,,
1780554111.2663376,VDD_CPU_GPU_CV,4112.64,,
1780554111.2663376,VDD_SOC,2118.528,,
1780554111.2663376,,,cpu-thermal,58.156
1780554111.2663376,,,gpu-thermal,58.875
1780554111.2663376,,,soc0-thermal,56.312
1780554111.2663376,,,soc1-thermal,55.468
1780554111.2663376,,,soc2-thermal,56.437
1780554111.2663376,,,tj-thermal,58.875
1780554111.3719928,VDD_IN,9824.0,,
1780554111.3719928,VDD_CPU_GPU_CV,4073.472,,
1780554111.3719928,VDD_SOC,2118.528,,
1780554111.3719928,,,cpu-thermal,58.125
1780554111.3719928,,,gpu-thermal,59.0
1780554111.3719928,,,soc0-thermal,56.281
1780554111.3719928,,,soc1-thermal,55.562
1780554111.3719928,,,soc2-thermal,56.281
1780554111.3719928,,,tj-thermal,58.875
1780554111.4775486,VDD_IN,9784.704,,
1780554111.4775486,VDD_CPU_GPU_CV,4073.472,,
1780554111.4775486,VDD_SOC,2118.528,,
1780554111.4775486,,,cpu-thermal,58.031
1780554111.4775486,,,gpu-thermal,58.937
1780554111.4775486,,,soc0-thermal,56.375
1780554111.4775486,,,soc1-thermal,55.75
1780554111.4775486,,,soc2-thermal,56.5
1780554111.4775486,,,tj-thermal,58.937
1780554111.5830367,VDD_IN,9768.768,,
1780554111.5830367,VDD_CPU_GPU_CV,4073.472,,
1780554111.5830367,VDD_SOC,2118.528,,
1780554111.5830367,,,cpu-thermal,58.25
1780554111.5830367,,,gpu-thermal,58.875
1780554111.5830367,,,soc0-thermal,56.375
1780554111.5830367,,,soc1-thermal,55.531
1780554111.5830367,,,soc2-thermal,56.468
1780554111.5830367,,,tj-thermal,58.875
1780554111.6884632,VDD_IN,9768.768,,
1780554111.6884632,VDD_CPU_GPU_CV,4027.712,,
1780554111.6884632,VDD_SOC,2118.528,,
1780554111.6884632,,,cpu-thermal,58.156
1780554111.6884632,,,gpu-thermal,58.875
1780554111.6884632,,,soc0-thermal,56.312
1780554111.6884632,,,soc1-thermal,55.625
1780554111.6884632,,,soc2-thermal,56.406
1780554111.6884632,,,tj-thermal,58.875
1780554111.7939827,VDD_IN,9729.536,,
1780554111.7939827,VDD_CPU_GPU_CV,4066.816,,
1780554111.7939827,VDD_SOC,2118.528,,
1780554111.7939827,,,cpu-thermal,58.125
1780554111.7939827,,,gpu-thermal,58.968
1780554111.7939827,,,soc0-thermal,56.343
1780554111.7939827,,,soc1-thermal,55.75
1780554111.7939827,,,soc2-thermal,56.468
1780554111.7939827,,,tj-thermal,58.843
1780554111.899387,VDD_IN,9902.592,,
1780554111.899387,VDD_CPU_GPU_CV,4112.64,,
1780554111.899387,VDD_SOC,2157.76,,
1780554111.899387,,,cpu-thermal,58.093
1780554111.899387,,,gpu-thermal,58.968
1780554111.899387,,,soc0-thermal,56.437
1780554111.899387,,,soc1-thermal,55.812
1780554111.899387,,,soc2-thermal,56.531
1780554111.899387,,,tj-thermal,58.968
1780554112.0046484,VDD_IN,10020.48,,
1780554112.0046484,VDD_CPU_GPU_CV,4151.808,,
1780554112.0046484,VDD_SOC,2161.28,,
1780554112.0046484,,,cpu-thermal,58.093
1780554112.0046484,,,gpu-thermal,59.0
1780554112.0046484,,,soc0-thermal,56.5
1780554112.0046484,,,soc1-thermal,55.687
1780554112.0046484,,,soc2-thermal,56.468
1780554112.0046484,,,tj-thermal,59.0
1780554112.1107233,VDD_IN,9981.184,,
1780554112.1107233,VDD_CPU_GPU_CV,4151.808,,
1780554112.1107233,VDD_SOC,2157.76,,
1780554112.1107233,,,cpu-thermal,58.25
1780554112.1107233,,,gpu-thermal,59.406
1780554112.1107233,,,soc0-thermal,56.468
1780554112.1107233,,,soc1-thermal,55.593
1780554112.1107233,,,soc2-thermal,56.5
1780554112.1107233,,,tj-thermal,59.406
1780554112.216506,VDD_IN,10020.48,,
1780554112.216506,VDD_CPU_GPU_CV,4190.976,,
1780554112.216506,VDD_SOC,2157.76,,
1780554112.216506,,,cpu-thermal,58.281
1780554112.216506,,,gpu-thermal,59.125
1780554112.216506,,,soc0-thermal,56.437
1780554112.216506,,,soc1-thermal,55.718
1780554112.216506,,,soc2-thermal,56.593
1780554112.216506,,,tj-thermal,59.125
1780554112.322655,VDD_IN,10082.624,,
1780554112.322655,VDD_CPU_GPU_CV,4269.312,,
1780554112.322655,VDD_SOC,2157.76,,
1780554112.322655,,,cpu-thermal,58.656
1780554112.322655,,,gpu-thermal,58.968
1780554112.322655,,,soc0-thermal,56.437
1780554112.322655,,,soc1-thermal,55.718
1780554112.322655,,,soc2-thermal,56.75
1780554112.322655,,,tj-thermal,58.968
1780554112.4301465,VDD_IN,10161.088,,
1780554112.4301465,VDD_CPU_GPU_CV,4347.648,,
1780554112.4301465,VDD_SOC,2157.76,,
1780554112.4301465,,,cpu-thermal,58.75
1780554112.4301465,,,gpu-thermal,58.968
1780554112.4301465,,,soc0-thermal,56.343
1780554112.4301465,,,soc1-thermal,55.656
1780554112.4301465,,,soc2-thermal,56.562
1780554112.4301465,,,tj-thermal,58.968
1780554112.5366821,VDD_IN,10200.32,,
1780554112.5366821,VDD_CPU_GPU_CV,4379.648,,
1780554112.5366821,VDD_SOC,2157.76,,
1780554112.5366821,,,cpu-thermal,58.468
1780554112.5366821,,,gpu-thermal,58.968
1780554112.5366821,,,soc0-thermal,56.5
1780554112.5366821,,,soc1-thermal,55.812
1780554112.5366821,,,soc2-thermal,56.593
1780554112.5366821,,,tj-thermal,58.968
1780554112.6424208,VDD_IN,10239.552,,
1780554112.6424208,VDD_CPU_GPU_CV,4379.648,,
1780554112.6424208,VDD_SOC,2157.76,,
1780554112.6424208,,,cpu-thermal,58.5
1780554112.6424208,,,gpu-thermal,58.968
1780554112.6424208,,,soc0-thermal,56.5
1780554112.6424208,,,soc1-thermal,55.687
1780554112.6424208,,,soc2-thermal,56.718
1780554112.6424208,,,tj-thermal,58.968
1780554112.748294,VDD_IN,10161.088,,
1780554112.748294,VDD_CPU_GPU_CV,4301.44,,
1780554112.748294,VDD_SOC,2157.76,,
1780554112.748294,,,cpu-thermal,58.593
1780554112.748294,,,gpu-thermal,59.312
1780554112.748294,,,soc0-thermal,56.437
1780554112.748294,,,soc1-thermal,55.687
1780554112.748294,,,soc2-thermal,56.593
1780554112.748294,,,tj-thermal,59.312
1780554112.8537657,VDD_IN,10200.32,,
1780554112.8537657,VDD_CPU_GPU_CV,4340.544,,
1780554112.8537657,VDD_SOC,2157.76,,
1780554112.8537657,,,cpu-thermal,58.343
1780554112.8537657,,,gpu-thermal,59.125
1780554112.8537657,,,soc0-thermal,56.437
1780554112.8537657,,,soc1-thermal,55.781
1780554112.8537657,,,soc2-thermal,56.593
1780554112.8537657,,,tj-thermal,59.343
1780554112.9596345,VDD_IN,10318.016,,
1780554112.9596345,VDD_CPU_GPU_CV,4379.648,,
1780554112.9596345,VDD_SOC,2196.992,,
1780554112.9596345,,,cpu-thermal,58.343
1780554112.9596345,,,gpu-thermal,59.218
1780554112.9596345,,,soc0-thermal,56.562
1780554112.9596345,,,soc1-thermal,55.906
1780554112.9596345,,,soc2-thermal,56.656
1780554112.9596345,,,tj-thermal,59.25
1780554113.0653691,VDD_IN,10278.784,,
1780554113.0653691,VDD_CPU_GPU_CV,4386.816,,
1780554113.0653691,VDD_SOC,2196.992,,
1780554113.0653691,,,cpu-thermal,58.437
1780554113.0653691,,,gpu-thermal,59.281
1780554113.0653691,,,soc0-thermal,56.593
1780554113.0653691,,,soc1-thermal,55.75
1780554113.0653691,,,soc2-thermal,56.781
1780554113.0653691,,,tj-thermal,59.281
1780554113.1708722,VDD_IN,10200.32,,
1780554113.1708722,VDD_CPU_GPU_CV,4301.44,,
1780554113.1708722,VDD_SOC,2157.76,,
1780554113.1708722,,,cpu-thermal,58.281
1780554113.1708722,,,gpu-thermal,59.25
1780554113.1708722,,,soc0-thermal,56.5
1780554113.1708722,,,soc1-thermal,55.812
1780554113.1708722,,,soc2-thermal,56.656
1780554113.1708722,,,tj-thermal,59.25
1780554113.2767549,VDD_IN,10043.392,,
1780554113.2767549,VDD_CPU_GPU_CV,4223.232,,
1780554113.2767549,VDD_SOC,2157.76,,
1780554113.2767549,,,cpu-thermal,58.25
1780554113.2767549,,,gpu-thermal,59.031
1780554113.2767549,,,soc0-thermal,56.5
1780554113.2767549,,,soc1-thermal,55.906
1780554113.2767549,,,soc2-thermal,56.687
1780554113.2767549,,,tj-thermal,59.031
1780554113.3834429,VDD_IN,9925.696,,
1780554113.3834429,VDD_CPU_GPU_CV,4184.128,,
1780554113.3834429,VDD_SOC,2118.528,,
1780554113.3834429,,,cpu-thermal,58.437
1780554113.3834429,,,gpu-thermal,59.125
1780554113.3834429,,,soc0-thermal,56.593
1780554113.3834429,,,soc1-thermal,56.0
1780554113.3834429,,,soc2-thermal,56.781
1780554113.3834429,,,tj-thermal,59.125
1780554113.4889593,VDD_IN,9886.464,,
1780554113.4889593,VDD_CPU_GPU_CV,4145.024,,
1780554113.4889593,VDD_SOC,2118.528,,
1780554113.4889593,,,cpu-thermal,58.468
1780554113.4889593,,,gpu-thermal,59.125
1780554113.4889593,,,soc0-thermal,56.531
1780554113.4889593,,,soc1-thermal,55.812
1780554113.4889593,,,soc2-thermal,56.718
1780554113.4889593,,,tj-thermal,59.125
1780554113.5946434,VDD_IN,9808.0,,
1780554113.5946434,VDD_CPU_GPU_CV,4105.92,,
1780554113.5946434,VDD_SOC,2118.528,,
1780554113.5946434,,,cpu-thermal,58.312
1780554113.5946434,,,gpu-thermal,59.093
1780554113.5946434,,,soc0-thermal,56.531
1780554113.5946434,,,soc1-thermal,55.843
1780554113.5946434,,,soc2-thermal,56.687
1780554113.5946434,,,tj-thermal,59.375
1780554113.7004724,VDD_IN,9768.768,,
1780554113.7004724,VDD_CPU_GPU_CV,4066.816,,
1780554113.7004724,VDD_SOC,2118.528,,
1780554113.7004724,,,cpu-thermal,58.437
1780554113.7004724,,,gpu-thermal,59.093
1780554113.7004724,,,soc0-thermal,56.687
1780554113.7004724,,,soc1-thermal,55.906
1780554113.7004724,,,soc2-thermal,56.75
1780554113.7004724,,,tj-thermal,59.375
1780554113.8061984,VDD_IN,9768.768,,
1780554113.8061984,VDD_CPU_GPU_CV,4105.92,,
1780554113.8061984,VDD_SOC,2118.528,,
1780554113.8061984,,,cpu-thermal,58.718
1780554113.8061984,,,gpu-thermal,59.218
1780554113.8061984,,,soc0-thermal,56.75
1780554113.8061984,,,soc1-thermal,55.843
1780554113.8061984,,,soc2-thermal,56.843
1780554113.8061984,,,tj-thermal,59.218
1780554113.9118717,VDD_IN,9964.928,,
1780554113.9118717,VDD_CPU_GPU_CV,4230.144,,
1780554113.9118717,VDD_SOC,2157.76,,
1780554113.9118717,,,cpu-thermal,58.343
1780554113.9118717,,,gpu-thermal,59.531
1780554113.9118717,,,soc0-thermal,56.593
1780554113.9118717,,,soc1-thermal,55.875
1780554113.9118717,,,soc2-thermal,56.75
1780554113.9118717,,,tj-thermal,59.531
1780554114.0175397,VDD_IN,10082.624,,
1780554114.0175397,VDD_CPU_GPU_CV,4269.312,,
1780554114.0175397,VDD_SOC,2157.76,,
1780554114.0175397,,,cpu-thermal,58.312
1780554114.0175397,,,gpu-thermal,59.437
1780554114.0175397,,,soc0-thermal,56.687
1780554114.0175397,,,soc1-thermal,55.968
1780554114.0175397,,,soc2-thermal,56.781
1780554114.0175397,,,tj-thermal,59.437
1780554114.122993,VDD_IN,9964.928,,
1780554114.122993,VDD_CPU_GPU_CV,4230.144,,
1780554114.122993,VDD_SOC,2157.76,,
1780554114.122993,,,cpu-thermal,58.5
1780554114.122993,,,gpu-thermal,59.093
1780554114.122993,,,soc0-thermal,56.687
1780554114.122993,,,soc1-thermal,55.968
1780554114.122993,,,soc2-thermal,56.812
1780554114.122993,,,tj-thermal,59.312
1780554114.2286322,VDD_IN,9925.696,,
1780554114.2286322,VDD_CPU_GPU_CV,4184.128,,
1780554114.2286322,VDD_SOC,2157.76,,
1780554114.2286322,,,cpu-thermal,58.656
1780554114.2286322,,,gpu-thermal,59.5
1780554114.2286322,,,soc0-thermal,56.781
1780554114.2286322,,,soc1-thermal,55.875
1780554114.2286322,,,soc2-thermal,56.906
1780554114.2286322,,,tj-thermal,59.187
1780554114.3347304,VDD_IN,9847.232,,
1780554114.3347304,VDD_CPU_GPU_CV,4145.024,,
1780554114.3347304,VDD_SOC,2118.528,,
1780554114.3347304,,,cpu-thermal,58.843
1780554114.3347304,,,gpu-thermal,59.343
1780554114.3347304,,,soc0-thermal,56.625
1780554114.3347304,,,soc1-thermal,55.906
1780554114.3347304,,,soc2-thermal,56.781
1780554114.3347304,,,tj-thermal,59.343
1780554114.4403296,VDD_IN,9808.0,,
1780554114.4403296,VDD_CPU_GPU_CV,4105.92,,
1780554114.4403296,VDD_SOC,2118.528,,
1780554114.4403296,,,cpu-thermal,58.625
1780554114.4403296,,,gpu-thermal,59.343
1780554114.4403296,,,soc0-thermal,56.656
1780554114.4403296,,,soc1-thermal,56.031
1780554114.4403296,,,soc2-thermal,56.875
1780554114.4403296,,,tj-thermal,59.343
1780554114.5462134,VDD_IN,9808.0,,
1780554114.5462134,VDD_CPU_GPU_CV,4105.92,,
1780554114.5462134,VDD_SOC,2118.528,,
1780554114.5462134,,,cpu-thermal,58.593
1780554114.5462134,,,gpu-thermal,59.281
1780554114.5462134,,,soc0-thermal,56.718
1780554114.5462134,,,soc1-thermal,56.125
1780554114.5462134,,,soc2-thermal,56.875
1780554114.5462134,,,tj-thermal,59.281
1780554114.6517243,VDD_IN,9729.536,,
1780554114.6517243,VDD_CPU_GPU_CV,4066.816,,
1780554114.6517243,VDD_SOC,2118.528,,
1780554114.6517243,,,cpu-thermal,58.656
1780554114.6517243,,,gpu-thermal,59.156
1780554114.6517243,,,soc0-thermal,56.656
1780554114.6517243,,,soc1-thermal,55.937
1780554114.6517243,,,soc2-thermal,56.75
1780554114.6517243,,,tj-thermal,59.156
1780554114.7571683,VDD_IN,9690.304,,
1780554114.7571683,VDD_CPU_GPU_CV,4066.816,,
1780554114.7571683,VDD_SOC,2118.528,,
1780554114.7571683,,,cpu-thermal,58.531
1780554114.7571683,,,gpu-thermal,59.281
1780554114.7571683,,,soc0-thermal,56.687
1780554114.7571683,,,soc1-thermal,56.0
1780554114.7571683,,,soc2-thermal,56.843
1780554114.7571683,,,tj-thermal,59.593
1780554114.8636715,VDD_IN,9808.0,,
1780554114.8636715,VDD_CPU_GPU_CV,4105.92,,
1780554114.8636715,VDD_SOC,2118.528,,
1780554114.8636715,,,cpu-thermal,58.718
1780554114.8636715,,,gpu-thermal,59.312
1780554114.8636715,,,soc0-thermal,56.718
1780554114.8636715,,,soc1-thermal,56.062
1780554114.8636715,,,soc2-thermal,56.937
1780554114.8636715,,,tj-thermal,59.468
1780554114.9693706,VDD_IN,9964.928,,
1780554114.9693706,VDD_CPU_GPU_CV,4184.128,,
1780554114.9693706,VDD_SOC,2157.76,,
1780554114.9693706,,,cpu-thermal,58.656
1780554114.9693706,,,gpu-thermal,59.375
1780554114.9693706,,,soc0-thermal,56.843
1780554114.9693706,,,soc1-thermal,55.968
1780554114.9693706,,,soc2-thermal,56.937
1780554114.9693706,,,tj-thermal,59.375
1780554115.075023,VDD_IN,10004.16,,
1780554115.075023,VDD_CPU_GPU_CV,4223.232,,
1780554115.075023,VDD_SOC,2157.76,,
1780554115.075023,,,cpu-thermal,58.593
1780554115.075023,,,gpu-thermal,59.593
1780554115.075023,,,soc0-thermal,56.718
1780554115.075023,,,soc1-thermal,56.0
1780554115.075023,,,soc2-thermal,56.906
1780554115.075023,,,tj-thermal,59.593
1780554115.1809447,VDD_IN,9925.696,,
1780554115.1809447,VDD_CPU_GPU_CV,4145.024,,
1780554115.1809447,VDD_SOC,2157.76,,
1780554115.1809447,,,cpu-thermal,58.562
1780554115.1809447,,,gpu-thermal,59.437
1780554115.1809447,,,soc0-thermal,56.625
1780554115.1809447,,,soc1-thermal,56.093
1780554115.1809447,,,soc2-thermal,57.0
1780554115.1809447,,,tj-thermal,59.437
1780554115.286904,VDD_IN,9847.232,,
1780554115.286904,VDD_CPU_GPU_CV,4145.024,,
1780554115.286904,VDD_SOC,2118.528,,
1780554115.286904,,,cpu-thermal,58.718
1780554115.286904,,,gpu-thermal,59.343
1780554115.286904,,,soc0-thermal,56.875
1780554115.286904,,,soc1-thermal,56.187
1780554115.286904,,,soc2-thermal,57.031
1780554115.286904,,,tj-thermal,59.343
1780554115.392759,VDD_IN,9808.0,,
1780554115.392759,VDD_CPU_GPU_CV,4105.92,,
1780554115.392759,VDD_SOC,2118.528,,
1780554115.392759,,,cpu-thermal,58.531
1780554115.392759,,,gpu-thermal,59.375
1780554115.392759,,,soc0-thermal,56.687
1780554115.392759,,,soc1-thermal,56.031
1780554115.392759,,,soc2-thermal,56.937
1780554115.392759,,,tj-thermal,59.375
1780554115.4987884,VDD_IN,9768.768,,
1780554115.4987884,VDD_CPU_GPU_CV,4066.816,,
1780554115.4987884,VDD_SOC,2118.528,,
1780554115.4987884,,,cpu-thermal,58.593
1780554115.4987884,,,gpu-thermal,59.593
1780554115.4987884,,,soc0-thermal,56.875
1780554115.4987884,,,soc1-thermal,56.031
1780554115.4987884,,,soc2-thermal,56.937
1780554115.4987884,,,tj-thermal,59.343
1780554115.6043315,VDD_IN,9768.768,,
1780554115.6043315,VDD_CPU_GPU_CV,4066.816,,
1780554115.6043315,VDD_SOC,2118.528,,
1780554115.6043315,,,cpu-thermal,58.593
1780554115.6043315,,,gpu-thermal,59.437
1780554115.6043315,,,soc0-thermal,56.875
1780554115.6043315,,,soc1-thermal,56.218
1780554115.6043315,,,soc2-thermal,56.937
1780554115.6043315,,,tj-thermal,59.437
1780554115.70976,VDD_IN,9768.768,,
1780554115.70976,VDD_CPU_GPU_CV,4066.816,,
1780554115.70976,VDD_SOC,2118.528,,
1780554115.70976,,,cpu-thermal,58.843
1780554115.70976,,,gpu-thermal,59.375
1780554115.70976,,,soc0-thermal,56.968
1780554115.70976,,,soc1-thermal,56.0
1780554115.70976,,,soc2-thermal,57.031
1780554115.70976,,,tj-thermal,59.375
1780554115.8156257,VDD_IN,9808.0,,
1780554115.8156257,VDD_CPU_GPU_CV,4066.816,,
1780554115.8156257,VDD_SOC,2118.528,,
1780554115.8156257,,,cpu-thermal,58.562
1780554115.8156257,,,gpu-thermal,59.343
1780554115.8156257,,,soc0-thermal,56.781
1780554115.8156257,,,soc1-thermal,56.0
1780554115.8156257,,,soc2-thermal,57.0
1780554115.8156257,,,tj-thermal,59.343
1780554115.9212618,VDD_IN,10200.32,,
1780554115.9212618,VDD_CPU_GPU_CV,4340.544,,
1780554115.9212618,VDD_SOC,2157.76,,
1780554115.9212618,,,cpu-thermal,58.75
1780554115.9212618,,,gpu-thermal,59.875
1780554115.9212618,,,soc0-thermal,56.875
1780554115.9212618,,,soc1-thermal,56.187
1780554115.9212618,,,soc2-thermal,57.062
1780554115.9212618,,,tj-thermal,59.875
1780554116.0281804,VDD_IN,10631.872,,
1780554116.0281804,VDD_CPU_GPU_CV,4692.48,,
1780554116.0281804,VDD_SOC,2196.992,,
1780554116.0281804,,,cpu-thermal,59.281
1780554116.0281804,,,gpu-thermal,59.687
1780554116.0281804,,,soc0-thermal,56.968
1780554116.0281804,,,soc1-thermal,56.093
1780554116.0281804,,,soc2-thermal,57.218
1780554116.0281804,,,tj-thermal,59.687
1780554116.1345193,VDD_IN,10710.336,,
1780554116.1345193,VDD_CPU_GPU_CV,4809.792,,
1780554116.1345193,VDD_SOC,2196.992,,
1780554116.1345193,,,cpu-thermal,59.375
1780554116.1345193,,,gpu-thermal,59.562
1780554116.1345193,,,soc0-thermal,56.843
1780554116.1345193,,,soc1-thermal,56.156
1780554116.1345193,,,soc2-thermal,57.125
1780554116.1345193,,,tj-thermal,59.406
1780554116.2454479,VDD_IN,10671.104,,
1780554116.2454479,VDD_CPU_GPU_CV,4731.584,,
1780554116.2454479,VDD_SOC,2196.992,,
1780554116.2454479,,,cpu-thermal,59.312
1780554116.2454479,,,gpu-thermal,59.718
1780554116.2454479,,,soc0-thermal,57.062
1780554116.2454479,,,soc1-thermal,56.187
1780554116.2454479,,,soc2-thermal,57.218
1780554116.2454479,,,tj-thermal,59.468
1780554116.3533478,VDD_IN,10631.872,,
1780554116.3533478,VDD_CPU_GPU_CV,4692.48,,
1780554116.3533478,VDD_SOC,2196.992,,
1780554116.3533478,,,cpu-thermal,58.875
1780554116.3533478,,,gpu-thermal,59.656
1780554116.3533478,,,soc0-thermal,56.937
1780554116.3533478,,,soc1-thermal,56.218
1780554116.3533478,,,soc2-thermal,57.062
1780554116.3533478,,,tj-thermal,59.5
1780554116.4592535,VDD_IN,10474.944,,
1780554116.4592535,VDD_CPU_GPU_CV,4575.168,,
1780554116.4592535,VDD_SOC,2157.76,,
1780554116.4592535,,,cpu-thermal,58.906
1780554116.4592535,,,gpu-thermal,59.656
1780554116.4592535,,,soc0-thermal,56.937
1780554116.4592535,,,soc1-thermal,56.218
1780554116.4592535,,,soc2-thermal,57.187
1780554116.4592535,,,tj-thermal,59.843
1780554116.5652688,VDD_IN,10318.016,,
1780554116.5652688,VDD_CPU_GPU_CV,4457.856,,
1780554116.5652688,VDD_SOC,2157.76,,
1780554116.5652688,,,cpu-thermal,58.906
1780554116.5652688,,,gpu-thermal,59.562
1780554116.5652688,,,soc0-thermal,57.0
1780554116.5652688,,,soc1-thermal,56.343
1780554116.5652688,,,soc2-thermal,57.218
1780554116.5652688,,,tj-thermal,59.562
1780554116.6706772,VDD_IN,10161.088,,
1780554116.6706772,VDD_CPU_GPU_CV,4379.648,,
1780554116.6706772,VDD_SOC,2118.528,,
1780554116.6706772,,,cpu-thermal,59.125
1780554116.6706772,,,gpu-thermal,59.5
1780554116.6706772,,,soc0-thermal,56.937
1780554116.6706772,,,soc1-thermal,56.187
1780554116.6706772,,,soc2-thermal,57.25
1780554116.6706772,,,tj-thermal,59.5
1780554116.7761414,VDD_IN,10043.392,,
1780554116.7761414,VDD_CPU_GPU_CV,4262.336,,
1780554116.7761414,VDD_SOC,2118.528,,
1780554116.7761414,,,cpu-thermal,59.218
1780554116.7761414,,,gpu-thermal,59.843
1780554116.7761414,,,soc0-thermal,57.0
1780554116.7761414,,,soc1-thermal,56.187
1780554116.7761414,,,soc2-thermal,57.156
1780554116.7761414,,,tj-thermal,59.843
1780554116.8817585,VDD_IN,10082.624,,
1780554116.8817585,VDD_CPU_GPU_CV,4269.312,,
1780554116.8817585,VDD_SOC,2157.76,,
1780554116.8817585,,,cpu-thermal,58.687
1780554116.8817585,,,gpu-thermal,59.875
1780554116.8817585,,,soc0-thermal,57.0
1780554116.8817585,,,soc1-thermal,56.312
1780554116.8817585,,,soc2-thermal,57.187
1780554116.8817585,,,tj-thermal,59.875
1780554116.9883468,VDD_IN,10138.368,,
1780554116.9883468,VDD_CPU_GPU_CV,4269.312,,
1780554116.9883468,VDD_SOC,2157.76,,
1780554116.9883468,,,cpu-thermal,58.781
1780554116.9883468,,,gpu-thermal,59.562
1780554116.9883468,,,soc0-thermal,57.093
1780554116.9883468,,,soc1-thermal,56.25
1780554116.9883468,,,soc2-thermal,57.25
1780554116.9883468,,,tj-thermal,59.843
1780554117.093879,VDD_IN,10138.368,,
1780554117.093879,VDD_CPU_GPU_CV,4269.312,,
1780554117.093879,VDD_SOC,2157.76,,
1780554117.093879,,,cpu-thermal,59.0
1780554117.093879,,,gpu-thermal,59.906
1780554117.093879,,,soc0-thermal,56.968
1780554117.093879,,,soc1-thermal,56.312
1780554117.093879,,,soc2-thermal,57.125
1780554117.093879,,,tj-thermal,59.656
1780554117.1997406,VDD_IN,10043.392,,
1780554117.1997406,VDD_CPU_GPU_CV,4230.144,,
1780554117.1997406,VDD_SOC,2157.76,,
1780554117.1997406,,,cpu-thermal,58.843
1780554117.1997406,,,gpu-thermal,59.781
1780554117.1997406,,,soc0-thermal,57.125
1780554117.1997406,,,soc1-thermal,56.312
1780554117.1997406,,,soc2-thermal,57.093
1780554117.1997406,,,tj-thermal,59.781
1780554117.305512,VDD_IN,9964.928,,
1780554117.305512,VDD_CPU_GPU_CV,4190.976,,
1780554117.305512,VDD_SOC,2157.76,,
1780554117.305512,,,cpu-thermal,58.875
1780554117.305512,,,gpu-thermal,59.718
1780554117.305512,,,soc0-thermal,57.187
1780554117.305512,,,soc1-thermal,56.468
1780554117.305512,,,soc2-thermal,57.25
1780554117.305512,,,tj-thermal,59.718
1780554117.41117,VDD_IN,9925.696,,
1780554117.41117,VDD_CPU_GPU_CV,4151.808,,
1780554117.41117,VDD_SOC,2118.528,,
1780554117.41117,,,cpu-thermal,58.968
1780554117.41117,,,gpu-thermal,59.718
1780554117.41117,,,soc0-thermal,57.25
1780554117.41117,,,soc1-thermal,56.25
1780554117.41117,,,soc2-thermal,57.343
1780554117.41117,,,tj-thermal,59.718
1780554117.5173566,VDD_IN,9847.232,,
1780554117.5173566,VDD_CPU_GPU_CV,4105.92,,
1780554117.5173566,VDD_SOC,2118.528,,
1780554117.5173566,,,cpu-thermal,58.781
1780554117.5173566,,,gpu-thermal,59.5
1780554117.5173566,,,soc0-thermal,57.062
1780554117.5173566,,,soc1-thermal,56.343
1780554117.5173566,,,soc2-thermal,57.218
1780554117.5173566,,,tj-thermal,59.5
1780554117.6228416,VDD_IN,9808.0,,
1780554117.6228416,VDD_CPU_GPU_CV,4105.92,,
1780554117.6228416,VDD_SOC,2118.528,,
1780554117.6228416,,,cpu-thermal,58.906
1780554117.6228416,,,gpu-thermal,59.656
1780554117.6228416,,,soc0-thermal,57.125
1780554117.6228416,,,soc1-thermal,56.437
1780554117.6228416,,,soc2-thermal,57.187
1780554117.6228416,,,tj-thermal,60.062
1780554117.7283967,VDD_IN,9847.232,,
1780554117.7283967,VDD_CPU_GPU_CV,4105.92,,
1780554117.7283967,VDD_SOC,2118.528,,
1780554117.7283967,,,cpu-thermal,58.937
1780554117.7283967,,,gpu-thermal,59.562
1780554117.7283967,,,soc0-thermal,57.187
1780554117.7283967,,,soc1-thermal,56.5
1780554117.7283967,,,soc2-thermal,57.25
1780554117.7283967,,,tj-thermal,59.562
1780554117.8338325,VDD_IN,9886.464,,
1780554117.8338325,VDD_CPU_GPU_CV,4145.024,,
1780554117.8338325,VDD_SOC,2118.528,,
1780554117.8338325,,,cpu-thermal,58.937
1780554117.8338325,,,gpu-thermal,59.687
1780554117.8338325,,,soc0-thermal,57.093
1780554117.8338325,,,soc1-thermal,56.312
1780554117.8338325,,,soc2-thermal,57.312
1780554117.8338325,,,tj-thermal,59.687
1780554117.9403877,VDD_IN,9925.696,,
1780554117.9403877,VDD_CPU_GPU_CV,4184.128,,
1780554117.9403877,VDD_SOC,2118.528,,
1780554117.9403877,,,cpu-thermal,58.875
1780554117.9403877,,,gpu-thermal,60.062
1780554117.9403877,,,soc0-thermal,57.125
1780554117.9403877,,,soc1-thermal,56.437
1780554117.9403877,,,soc2-thermal,57.25
1780554117.9403877,,,tj-thermal,60.062
1780554118.046172,VDD_IN,10043.392,,
1780554118.046172,VDD_CPU_GPU_CV,4223.232,,
1780554118.046172,VDD_SOC,2157.76,,
1780554118.046172,,,cpu-thermal,58.875
1780554118.046172,,,gpu-thermal,59.937
1780554118.046172,,,soc0-thermal,57.187
1780554118.046172,,,soc1-thermal,56.593
1780554118.046172,,,soc2-thermal,57.312
1780554118.046172,,,tj-thermal,59.937
1780554118.1520503,VDD_IN,10004.16,,
1780554118.1520503,VDD_CPU_GPU_CV,4223.232,,
1780554118.1520503,VDD_SOC,2157.76,,
1780554118.1520503,,,cpu-thermal,59.218
1780554118.1520503,,,gpu-thermal,59.812
1780554118.1520503,,,soc0-thermal,57.093
1780554118.1520503,,,soc1-thermal,56.343
1780554118.1520503,,,soc2-thermal,57.25
1780554118.1520503,,,tj-thermal,59.812
1780554118.259198,VDD_IN,10004.16,,
1780554118.259198,VDD_CPU_GPU_CV,4223.232,,
1780554118.259198,VDD_SOC,2157.76,,
1780554118.259198,,,cpu-thermal,58.968
1780554118.259198,,,gpu-thermal,59.718
1780554118.259198,,,soc0-thermal,57.218
1780554118.259198,,,soc1-thermal,56.5
1780554118.259198,,,soc2-thermal,57.343
1780554118.259198,,,tj-thermal,59.718
1780554118.365486,VDD_IN,10082.624,,
1780554118.365486,VDD_CPU_GPU_CV,4223.232,,
1780554118.365486,VDD_SOC,2157.76,,
1780554118.365486,,,cpu-thermal,59.093
1780554118.365486,,,gpu-thermal,59.687
1780554118.365486,,,soc0-thermal,57.25
1780554118.365486,,,soc1-thermal,56.531
1780554118.365486,,,soc2-thermal,57.343
1780554118.365486,,,tj-thermal,59.687
1780554118.472268,VDD_IN,10043.392,,
1780554118.472268,VDD_CPU_GPU_CV,4223.232,,
1780554118.472268,VDD_SOC,2118.528,,
1780554118.472268,,,cpu-thermal,59.312
1780554118.472268,,,gpu-thermal,59.781
1780554118.472268,,,soc0-thermal,57.281
1780554118.472268,,,soc1-thermal,56.468
1780554118.472268,,,soc2-thermal,57.5
1780554118.472268,,,tj-thermal,59.781
1780554118.578043,VDD_IN,9964.928,,
1780554118.578043,VDD_CPU_GPU_CV,4184.128,,
1780554118.578043,VDD_SOC,2118.528,,
1780554118.578043,,,cpu-thermal,59.218
1780554118.578043,,,gpu-thermal,59.968
1780554118.578043,,,soc0-thermal,57.187
1780554118.578043,,,soc1-thermal,56.5
1780554118.578043,,,soc2-thermal,57.406
1780554118.578043,,,tj-thermal,59.968
1780554118.6842835,VDD_IN,9925.696,,
1780554118.6842835,VDD_CPU_GPU_CV,4184.128,,
1780554118.6842835,VDD_SOC,2118.528,,
1780554118.6842835,,,cpu-thermal,59.093
1780554118.6842835,,,gpu-thermal,59.812
1780554118.6842835,,,soc0-thermal,57.25
1780554118.6842835,,,soc1-thermal,56.593
1780554118.6842835,,,soc2-thermal,57.437
1780554118.6842835,,,tj-thermal,59.812
1780554118.789906,VDD_IN,9886.464,,
1780554118.789906,VDD_CPU_GPU_CV,4145.024,,
1780554118.789906,VDD_SOC,2118.528,,
1780554118.789906,,,cpu-thermal,59.062
1780554118.789906,,,gpu-thermal,59.843
1780554118.789906,,,soc0-thermal,57.312
1780554118.789906,,,soc1-thermal,56.5
1780554118.789906,,,soc2-thermal,57.468
1780554118.789906,,,tj-thermal,59.843
1780554118.8958902,VDD_IN,9964.928,,
1780554118.8958902,VDD_CPU_GPU_CV,4190.976,,
1780554118.8958902,VDD_SOC,2118.528,,
1780554118.8958902,,,cpu-thermal,59.031
1780554118.8958902,,,gpu-thermal,60.093
1780554118.8958902,,,soc0-thermal,57.218
1780554118.8958902,,,soc1-thermal,56.437
1780554118.8958902,,,soc2-thermal,57.5
1780554118.8958902,,,tj-thermal,59.906
1780554119.0012438,VDD_IN,10059.776,,
1780554119.0012438,VDD_CPU_GPU_CV,4190.976,,
1780554119.0012438,VDD_SOC,2157.76,,
1780554119.0012438,,,cpu-thermal,58.875
1780554119.0012438,,,gpu-thermal,60.093
1780554119.0012438,,,soc0-thermal,57.218
1780554119.0012438,,,soc1-thermal,56.562
1780554119.0012438,,,soc2-thermal,57.5
1780554119.0012438,,,tj-thermal,60.093
1780554119.106476,VDD_IN,10059.776,,
1780554119.106476,VDD_CPU_GPU_CV,4190.976,,
1780554119.106476,VDD_SOC,2157.76,,
1780554119.106476,,,cpu-thermal,59.062
1780554119.106476,,,gpu-thermal,59.875
1780554119.106476,,,soc0-thermal,57.281
1780554119.106476,,,soc1-thermal,56.75
1780554119.106476,,,soc2-thermal,57.437
1780554119.106476,,,tj-thermal,59.875
1780554119.2118979,VDD_IN,9964.928,,
1780554119.2118979,VDD_CPU_GPU_CV,4151.808,,
1780554119.2118979,VDD_SOC,2157.76,,
1780554119.2118979,,,cpu-thermal,59.062
1780554119.2118979,,,gpu-thermal,59.906
1780554119.2118979,,,soc0-thermal,57.281
1780554119.2118979,,,soc1-thermal,56.687
1780554119.2118979,,,soc2-thermal,57.468
1780554119.2118979,,,tj-thermal,59.906
1780554119.317363,VDD_IN,9925.696,,
1780554119.317363,VDD_CPU_GPU_CV,4112.64,,
1780554119.317363,VDD_SOC,2118.528,,
1780554119.317363,,,cpu-thermal,59.031
1780554119.317363,,,gpu-thermal,59.906
1780554119.317363,,,soc0-thermal,57.187
1780554119.317363,,,soc1-thermal,56.5
1780554119.317363,,,soc2-thermal,57.437
1780554119.317363,,,tj-thermal,59.812
1780554119.4228785,VDD_IN,9847.232,,
1780554119.4228785,VDD_CPU_GPU_CV,4112.64,,
1780554119.4228785,VDD_SOC,2118.528,,
1780554119.4228785,,,cpu-thermal,59.031
1780554119.4228785,,,gpu-thermal,59.906
1780554119.4228785,,,soc0-thermal,57.312
1780554119.4228785,,,soc1-thermal,56.531
1780554119.4228785,,,soc2-thermal,57.562
1780554119.4228785,,,tj-thermal,59.906
1780554119.5284464,VDD_IN,9847.232,,
1780554119.5284464,VDD_CPU_GPU_CV,4105.92,,
1780554119.5284464,VDD_SOC,2118.528,,
1780554119.5284464,,,cpu-thermal,59.093
1780554119.5284464,,,gpu-thermal,59.937
1780554119.5284464,,,soc0-thermal,57.375
1780554119.5284464,,,soc1-thermal,56.593
1780554119.5284464,,,soc2-thermal,57.531
1780554119.5284464,,,tj-thermal,59.937
1780554119.6345096,VDD_IN,9808.0,,
1780554119.6345096,VDD_CPU_GPU_CV,4066.816,,
1780554119.6345096,VDD_SOC,2118.528,,
1780554119.6345096,,,cpu-thermal,59.375
1780554119.6345096,,,gpu-thermal,59.812
1780554119.6345096,,,soc0-thermal,57.375
1780554119.6345096,,,soc1-thermal,56.562
1780554119.6345096,,,soc2-thermal,57.531
1780554119.6345096,,,tj-thermal,59.812
1780554119.7401419,VDD_IN,9768.768,,
1780554119.7401419,VDD_CPU_GPU_CV,4066.816,,
1780554119.7401419,VDD_SOC,2118.528,,
1780554119.7401419,,,cpu-thermal,59.093
1780554119.7401419,,,gpu-thermal,60.031
1780554119.7401419,,,soc0-thermal,57.25
1780554119.7401419,,,soc1-thermal,56.562
1780554119.7401419,,,soc2-thermal,57.5
1780554119.7401419,,,tj-thermal,60.031
1780554119.8456848,VDD_IN,9808.0,,
1780554119.8456848,VDD_CPU_GPU_CV,4073.472,,
1780554119.8456848,VDD_SOC,2118.528,,
1780554119.8456848,,,cpu-thermal,58.906
1780554119.8456848,,,gpu-thermal,59.968
1780554119.8456848,,,soc0-thermal,57.281
1780554119.8456848,,,soc1-thermal,56.656
1780554119.8456848,,,soc2-thermal,57.562
1780554119.8456848,,,tj-thermal,60.093
1780554119.9512928,VDD_IN,9941.888,,
1780554119.9512928,VDD_CPU_GPU_CV,4112.64,,
1780554119.9512928,VDD_SOC,2157.76,,
1780554119.9512928,,,cpu-thermal,59.156
1780554119.9512928,,,gpu-thermal,60.437
1780554119.9512928,,,soc0-thermal,57.468
1780554119.9512928,,,soc1-thermal,56.812
1780554119.9512928,,,soc2-thermal,57.531
1780554119.9512928,,,tj-thermal,60.437
1780554120.0566976,VDD_IN,10020.48,,
1780554120.0566976,VDD_CPU_GPU_CV,4151.808,,
1780554120.0566976,VDD_SOC,2157.76,,
1780554120.0566976,,,cpu-thermal,59.312
1780554120.0566976,,,gpu-thermal,60.218
1780554120.0566976,,,soc0-thermal,57.343
1780554120.0566976,,,soc1-thermal,56.687
1780554120.0566976,,,soc2-thermal,57.593
1780554120.0566976,,,tj-thermal,60.218
1780554120.1625109,VDD_IN,9941.888,,
1780554120.1625109,VDD_CPU_GPU_CV,4112.64,,
1780554120.1625109,VDD_SOC,2157.76,,
1780554120.1625109,,,cpu-thermal,59.093
1780554120.1625109,,,gpu-thermal,60.125
1780554120.1625109,,,soc0-thermal,57.375
1780554120.1625109,,,soc1-thermal,56.656
1780554120.1625109,,,soc2-thermal,57.531
1780554120.1625109,,,tj-thermal,60.125
1780554120.2684023,VDD_IN,9808.0,,
1780554120.2684023,VDD_CPU_GPU_CV,4073.472,,
1780554120.2684023,VDD_SOC,2118.528,,
1780554120.2684023,,,cpu-thermal,59.25
1780554120.2684023,,,gpu-thermal,59.937
1780554120.2684023,,,soc0-thermal,57.437
1780554120.2684023,,,soc1-thermal,56.687
1780554120.2684023,,,soc2-thermal,57.562
1780554120.2684023,,,tj-thermal,59.937
1780554120.3739083,VDD_IN,9768.768,,
1780554120.3739083,VDD_CPU_GPU_CV,4034.304,,
1780554120.3739083,VDD_SOC,2118.528,,
1780554120.3739083,,,cpu-thermal,59.281
1780554120.3739083,,,gpu-thermal,60.187
1780554120.3739083,,,soc0-thermal,57.468
1780554120.3739083,,,soc1-thermal,56.531
1780554120.3739083,,,soc2-thermal,57.531
1780554120.3739083,,,tj-thermal,59.906
1780554120.4793887,VDD_IN,9729.536,,
1780554120.4793887,VDD_CPU_GPU_CV,4066.816,,
1780554120.4793887,VDD_SOC,2118.528,,
1780554120.4793887,,,cpu-thermal,59.406
1780554120.4793887,,,gpu-thermal,60.031
1780554120.4793887,,,soc0-thermal,57.531
1780554120.4793887,,,soc1-thermal,56.687
1780554120.4793887,,,soc2-thermal,57.531
1780554120.4793887,,,tj-thermal,60.031
1780554120.5852067,VDD_IN,9729.536,,
1780554120.5852067,VDD_CPU_GPU_CV,4027.712,,
1780554120.5852067,VDD_SOC,2118.528,,
1780554120.5852067,,,cpu-thermal,59.531
1780554120.5852067,,,gpu-thermal,60.031
1780554120.5852067,,,soc0-thermal,57.5
1780554120.5852067,,,soc1-thermal,56.687
1780554120.5852067,,,soc2-thermal,57.625
1780554120.5852067,,,tj-thermal,60.031
1780554120.6909583,VDD_IN,9729.536,,
1780554120.6909583,VDD_CPU_GPU_CV,4027.712,,
1780554120.6909583,VDD_SOC,2118.528,,
1780554120.6909583,,,cpu-thermal,59.25
1780554120.6909583,,,gpu-thermal,59.937
1780554120.6909583,,,soc0-thermal,57.437
1780554120.6909583,,,soc1-thermal,56.875
1780554120.6909583,,,soc2-thermal,57.593
1780554120.6909583,,,tj-thermal,59.937
1780554120.7965555,VDD_IN,9690.304,,
1780554120.7965555,VDD_CPU_GPU_CV,4027.712,,
1780554120.7965555,VDD_SOC,2118.528,,
1780554120.7965555,,,cpu-thermal,59.343
1780554120.7965555,,,gpu-thermal,59.937
1780554120.7965555,,,soc0-thermal,57.531
1780554120.7965555,,,soc1-thermal,56.75
1780554120.7965555,,,soc2-thermal,57.687
1780554120.7965555,,,tj-thermal,59.937
1780554120.9020512,VDD_IN,9863.296,,
1780554120.9020512,VDD_CPU_GPU_CV,4073.472,,
1780554120.9020512,VDD_SOC,2157.76,,
1780554120.9020512,,,cpu-thermal,59.218
1780554120.9020512,,,gpu-thermal,60.125
1780554120.9020512,,,soc0-thermal,57.437
1780554120.9020512,,,soc1-thermal,56.75
1780554120.9020512,,,soc2-thermal,57.593
1780554120.9020512,,,tj-thermal,60.437
1780554121.0073333,VDD_IN,9981.184,,
1780554121.0073333,VDD_CPU_GPU_CV,4151.808,,
1780554121.0073333,VDD_SOC,2157.76,,
1780554121.0073333,,,cpu-thermal,59.062
1780554121.0073333,,,gpu-thermal,60.218
1780554121.0073333,,,soc0-thermal,57.437
1780554121.0073333,,,soc1-thermal,56.843
1780554121.0073333,,,soc2-thermal,57.656
1780554121.0073333,,,tj-thermal,60.218
1780554121.1134129,VDD_IN,9941.888,,
1780554121.1134129,VDD_CPU_GPU_CV,4151.808,,
1780554121.1134129,VDD_SOC,2157.76,,
1780554121.1134129,,,cpu-thermal,59.25
1780554121.1134129,,,gpu-thermal,59.968
1780554121.1134129,,,soc0-thermal,57.593
1780554121.1134129,,,soc1-thermal,56.906
1780554121.1134129,,,soc2-thermal,57.75
1780554121.1134129,,,tj-thermal,59.968
1780554121.219084,VDD_IN,9847.232,,
1780554121.219084,VDD_CPU_GPU_CV,4151.808,,
1780554121.219084,VDD_SOC,2157.76,,
1780554121.219084,,,cpu-thermal,59.468
1780554121.219084,,,gpu-thermal,60.343
1780554121.219084,,,soc0-thermal,57.625
1780554121.219084,,,soc1-thermal,56.781
1780554121.219084,,,soc2-thermal,57.781
1780554121.219084,,,tj-thermal,60.343
1780554121.324858,VDD_IN,9847.232,,
1780554121.324858,VDD_CPU_GPU_CV,4112.64,,
1780554121.324858,VDD_SOC,2157.76,,
1780554121.324858,,,cpu-thermal,59.281
1780554121.324858,,,gpu-thermal,60.187
1780554121.324858,,,soc0-thermal,57.531
1780554121.324858,,,soc1-thermal,56.781
1780554121.324858,,,soc2-thermal,57.75
1780554121.324858,,,tj-thermal,60.187
1780554121.430851,VDD_IN,9768.768,,
1780554121.430851,VDD_CPU_GPU_CV,4073.472,,
1780554121.430851,VDD_SOC,2118.528,,
1780554121.430851,,,cpu-thermal,59.312
1780554121.430851,,,gpu-thermal,60.093
1780554121.430851,,,soc0-thermal,57.468
1780554121.430851,,,soc1-thermal,56.906
1780554121.430851,,,soc2-thermal,57.718
1780554121.430851,,,tj-thermal,60.093
1780554121.5368516,VDD_IN,9768.768,,
1780554121.5368516,VDD_CPU_GPU_CV,4073.472,,
1780554121.5368516,VDD_SOC,2118.528,,
1780554121.5368516,,,cpu-thermal,59.375
1780554121.5368516,,,gpu-thermal,60.375
1780554121.5368516,,,soc0-thermal,57.625
1780554121.5368516,,,soc1-thermal,56.843
1780554121.5368516,,,soc2-thermal,57.781
1780554121.5368516,,,tj-thermal,60.062
1780554121.6423657,VDD_IN,9729.536,,
1780554121.6423657,VDD_CPU_GPU_CV,4027.712,,
1780554121.6423657,VDD_SOC,2118.528,,
1780554121.6423657,,,cpu-thermal,59.343
1780554121.6423657,,,gpu-thermal,60.25
1780554121.6423657,,,soc0-thermal,57.562
1780554121.6423657,,,soc1-thermal,56.875
1780554121.6423657,,,soc2-thermal,57.718
1780554121.6423657,,,tj-thermal,60.25
1780554121.7479973,VDD_IN,9729.536,,
1780554121.7479973,VDD_CPU_GPU_CV,4027.712,,
1780554121.7479973,VDD_SOC,2118.528,,
1780554121.7479973,,,cpu-thermal,59.375
1780554121.7479973,,,gpu-thermal,60.093
1780554121.7479973,,,soc0-thermal,57.562
1780554121.7479973,,,soc1-thermal,56.812
1780554121.7479973,,,soc2-thermal,57.812
1780554121.7479973,,,tj-thermal,60.093
1780554121.853468,VDD_IN,9729.536,,
1780554121.853468,VDD_CPU_GPU_CV,4034.304,,
1780554121.853468,VDD_SOC,2118.528,,
1780554121.853468,,,cpu-thermal,59.218
1780554121.853468,,,gpu-thermal,60.281
1780554121.853468,,,soc0-thermal,57.656
1780554121.853468,,,soc1-thermal,56.843
1780554121.853468,,,soc2-thermal,57.843
1780554121.853468,,,tj-thermal,60.281
1780554121.95877,VDD_IN,9902.592,,
1780554121.95877,VDD_CPU_GPU_CV,4112.64,,
1780554121.95877,VDD_SOC,2157.76,,
1780554121.95877,,,cpu-thermal,59.437
1780554121.95877,,,gpu-thermal,60.375
1780554121.95877,,,soc0-thermal,57.656
1780554121.95877,,,soc1-thermal,56.812
1780554121.95877,,,soc2-thermal,57.843
1780554121.95877,,,tj-thermal,60.187
1780554122.064306,VDD_IN,9981.184,,
1780554122.064306,VDD_CPU_GPU_CV,4151.808,,
1780554122.064306,VDD_SOC,2157.76,,
1780554122.064306,,,cpu-thermal,59.281
1780554122.064306,,,gpu-thermal,60.312
1780554122.064306,,,soc0-thermal,57.625
1780554122.064306,,,soc1-thermal,56.75
1780554122.064306,,,soc2-thermal,57.718
1780554122.064306,,,tj-thermal,60.5
1780554122.1703877,VDD_IN,9902.592,,
1780554122.1703877,VDD_CPU_GPU_CV,4112.64,,
1780554122.1703877,VDD_SOC,2157.76,,
1780554122.1703877,,,cpu-thermal,59.343
1780554122.1703877,,,gpu-thermal,60.062
1780554122.1703877,,,soc0-thermal,57.718
1780554122.1703877,,,soc1-thermal,56.875
1780554122.1703877,,,soc2-thermal,57.781
1780554122.1703877,,,tj-thermal,60.062
1780554122.2758107,VDD_IN,9863.296,,
1780554122.2758107,VDD_CPU_GPU_CV,4112.64,,
1780554122.2758107,VDD_SOC,2157.76,,
1780554122.2758107,,,cpu-thermal,59.593
1780554122.2758107,,,gpu-thermal,60.125
1780554122.2758107,,,soc0-thermal,57.687
1780554122.2758107,,,soc1-thermal,57.031
1780554122.2758107,,,soc2-thermal,57.812
1780554122.2758107,,,tj-thermal,60.125
1780554122.381634,VDD_IN,9886.464,,
1780554122.381634,VDD_CPU_GPU_CV,4112.64,,
1780554122.381634,VDD_SOC,2118.528,,
1780554122.381634,,,cpu-thermal,59.625
1780554122.381634,,,gpu-thermal,60.437
1780554122.381634,,,soc0-thermal,57.875
1780554122.381634,,,soc1-thermal,56.843
1780554122.381634,,,soc2-thermal,57.968
1780554122.381634,,,tj-thermal,60.437
1780554122.4876425,VDD_IN,9768.768,,
1780554122.4876425,VDD_CPU_GPU_CV,4073.472,,
1780554122.4876425,VDD_SOC,2118.528,,
1780554122.4876425,,,cpu-thermal,59.843
1780554122.4876425,,,gpu-thermal,60.218
1780554122.4876425,,,soc0-thermal,57.656
1780554122.4876425,,,soc1-thermal,56.906
1780554122.4876425,,,soc2-thermal,57.781
1780554122.4876425,,,tj-thermal,60.218
1780554122.5931244,VDD_IN,9690.304,,
1780554122.5931244,VDD_CPU_GPU_CV,4034.304,,
1780554122.5931244,VDD_SOC,2118.528,,
1780554122.5931244,,,cpu-thermal,59.531
1780554122.5931244,,,gpu-thermal,60.5
1780554122.5931244,,,soc0-thermal,57.718
1780554122.5931244,,,soc1-thermal,56.968
1780554122.5931244,,,soc2-thermal,57.875
1780554122.5931244,,,tj-thermal,60.281
1780554122.6988518,VDD_IN,9611.84,,
1780554122.6988518,VDD_CPU_GPU_CV,3995.136,,
1780554122.6988518,VDD_SOC,2079.296,,
1780554122.6988518,,,cpu-thermal,59.625
1780554122.6988518,,,gpu-thermal,60.406
1780554122.6988518,,,soc0-thermal,57.718
1780554122.6988518,,,soc1-thermal,57.125
1780554122.6988518,,,soc2-thermal,57.843
1780554122.6988518,,,tj-thermal,60.156
1780554122.8044457,VDD_IN,9690.304,,
1780554122.8044457,VDD_CPU_GPU_CV,4027.712,,
1780554122.8044457,VDD_SOC,2118.528,,
1780554122.8044457,,,cpu-thermal,59.718
1780554122.8044457,,,gpu-thermal,60.375
1780554122.8044457,,,soc0-thermal,57.593
1780554122.8044457,,,soc1-thermal,56.937
1780554122.8044457,,,soc2-thermal,57.843
1780554122.8044457,,,tj-thermal,60.156
1780554122.9110765,VDD_IN,9690.304,,
1780554122.9110765,VDD_CPU_GPU_CV,4034.304,,
1780554122.9110765,VDD_SOC,2118.528,,
1780554122.9110765,,,cpu-thermal,59.5
1780554122.9110765,,,gpu-thermal,60.25
1780554122.9110765,,,soc0-thermal,57.687
1780554122.9110765,,,soc1-thermal,57.031
1780554122.9110765,,,soc2-thermal,57.875
1780554122.9110765,,,tj-thermal,60.437
1780554123.0173633,VDD_IN,9808.0,,
1780554123.0173633,VDD_CPU_GPU_CV,4073.472,,
1780554123.0173633,VDD_SOC,2118.528,,
1780554123.0173633,,,cpu-thermal,59.468
1780554123.0173633,,,gpu-thermal,60.375
1780554123.0173633,,,soc0-thermal,57.781
1780554123.0173633,,,soc1-thermal,57.125
1780554123.0173633,,,soc2-thermal,57.875
1780554123.0173633,,,tj-thermal,60.375
1780554123.1228278,VDD_IN,9768.768,,
1780554123.1228278,VDD_CPU_GPU_CV,4066.816,,
1780554123.1228278,VDD_SOC,2118.528,,
1780554123.1228278,,,cpu-thermal,59.593
1780554123.1228278,,,gpu-thermal,60.156
1780554123.1228278,,,soc0-thermal,57.875
1780554123.1228278,,,soc1-thermal,56.906
1780554123.1228278,,,soc2-thermal,57.937
1780554123.1228278,,,tj-thermal,60.156
1780554123.2289007,VDD_IN,9925.696,,
1780554123.2289007,VDD_CPU_GPU_CV,4184.128,,
1780554123.2289007,VDD_SOC,2118.528,,
1780554123.2289007,,,cpu-thermal,59.593
1780554123.2289007,,,gpu-thermal,60.562
1780554123.2289007,,,soc0-thermal,57.75
1780554123.2289007,,,soc1-thermal,56.968
1780554123.2289007,,,soc2-thermal,57.875
1780554123.2289007,,,tj-thermal,60.562
1780554123.3347518,VDD_IN,9925.696,,
1780554123.3347518,VDD_CPU_GPU_CV,4223.232,,
1780554123.3347518,VDD_SOC,2118.528,,
1780554123.3347518,,,cpu-thermal,59.687
1780554123.3347518,,,gpu-thermal,60.406
1780554123.3347518,,,soc0-thermal,57.812
1780554123.3347518,,,soc1-thermal,57.156
1780554123.3347518,,,soc2-thermal,57.968
1780554123.3347518,,,tj-thermal,60.406
1780554123.4415207,VDD_IN,9964.928,,
1780554123.4415207,VDD_CPU_GPU_CV,4262.336,,
1780554123.4415207,VDD_SOC,2118.528,,
1780554123.4415207,,,cpu-thermal,60.031
1780554123.4415207,,,gpu-thermal,60.375
1780554123.4415207,,,soc0-thermal,57.75
1780554123.4415207,,,soc1-thermal,57.031
1780554123.4415207,,,soc2-thermal,57.968
1780554123.4415207,,,tj-thermal,60.656
1780554123.5495842,VDD_IN,9964.928,,
1780554123.5495842,VDD_CPU_GPU_CV,4262.336,,
1780554123.5495842,VDD_SOC,2118.528,,
1780554123.5495842,,,cpu-thermal,59.718
1780554123.5495842,,,gpu-thermal,60.312
1780554123.5495842,,,soc0-thermal,57.781
1780554123.5495842,,,soc1-thermal,56.968
1780554123.5495842,,,soc2-thermal,58.0
1780554123.5495842,,,tj-thermal,60.312
1780554123.655013,VDD_IN,9964.928,,
1780554123.655013,VDD_CPU_GPU_CV,4301.44,,
1780554123.655013,VDD_SOC,2118.528,,
1780554123.655013,,,cpu-thermal,59.843
1780554123.655013,,,gpu-thermal,60.25
1780554123.655013,,,soc0-thermal,57.875
1780554123.655013,,,soc1-thermal,57.156
1780554123.655013,,,soc2-thermal,57.968
1780554123.655013,,,tj-thermal,60.25
1780554123.7611485,VDD_IN,10004.16,,
1780554123.7611485,VDD_CPU_GPU_CV,4340.544,,
1780554123.7611485,VDD_SOC,2118.528,,
1780554123.7611485,,,cpu-thermal,59.843
1780554123.7611485,,,gpu-thermal,60.687
1780554123.7611485,,,soc0-thermal,57.968
1780554123.7611485,,,soc1-thermal,57.062
1780554123.7611485,,,soc2-thermal,58.093
1780554123.7611485,,,tj-thermal,60.687
1780554123.8671877,VDD_IN,10121.856,,
1780554123.8671877,VDD_CPU_GPU_CV,4379.648,,
1780554123.8671877,VDD_SOC,2118.528,,
1780554123.8671877,,,cpu-thermal,59.937
1780554123.8671877,,,gpu-thermal,60.593
1780554123.8671877,,,soc0-thermal,57.718
1780554123.8671877,,,soc1-thermal,57.062
1780554123.8671877,,,soc2-thermal,57.968
1780554123.8671877,,,tj-thermal,60.593
1780554123.9727645,VDD_IN,10200.32,,
1780554123.9727645,VDD_CPU_GPU_CV,4379.648,,
1780554123.9727645,VDD_SOC,2157.76,,
1780554123.9727645,,,cpu-thermal,59.687
1780554123.9727645,,,gpu-thermal,60.531
1780554123.9727645,,,soc0-thermal,57.906
1780554123.9727645,,,soc1-thermal,57.125
1780554123.9727645,,,soc2-thermal,58.0
1780554123.9727645,,,tj-thermal,60.531
1780554124.0792117,VDD_IN,10082.624,,
1780554124.0792117,VDD_CPU_GPU_CV,4301.44,,
1780554124.0792117,VDD_SOC,2157.76,,
1780554124.0792117,,,cpu-thermal,59.687
1780554124.0792117,,,gpu-thermal,60.5
1780554124.0792117,,,soc0-thermal,57.968
1780554124.0792117,,,soc1-thermal,57.031
1780554124.0792117,,,soc2-thermal,58.093
1780554124.0792117,,,tj-thermal,60.5
1780554124.1853771,VDD_IN,10004.16,,
1780554124.1853771,VDD_CPU_GPU_CV,4230.144,,
1780554124.1853771,VDD_SOC,2157.76,,
1780554124.1853771,,,cpu-thermal,59.687
1780554124.1853771,,,gpu-thermal,60.437
1780554124.1853771,,,soc0-thermal,57.843
1780554124.1853771,,,soc1-thermal,57.093
1780554124.1853771,,,soc2-thermal,58.0
1780554124.1853771,,,tj-thermal,60.437
1780554124.29144,VDD_IN,9886.464,,
1780554124.29144,VDD_CPU_GPU_CV,4151.808,,
1780554124.29144,VDD_SOC,2118.528,,
1780554124.29144,,,cpu-thermal,59.531
1780554124.29144,,,gpu-thermal,60.5
1780554124.29144,,,soc0-thermal,57.812
1780554124.29144,,,soc1-thermal,57.187
1780554124.29144,,,soc2-thermal,58.031
1780554124.29144,,,tj-thermal,60.312
1780554124.397552,VDD_IN,9808.0,,
1780554124.397552,VDD_CPU_GPU_CV,4112.64,,
1780554124.397552,VDD_SOC,2118.528,,
1780554124.397552,,,cpu-thermal,59.656
1780554124.397552,,,gpu-thermal,60.468
1780554124.397552,,,soc0-thermal,57.937
1780554124.397552,,,soc1-thermal,57.281
1780554124.397552,,,soc2-thermal,58.0
1780554124.397552,,,tj-thermal,60.593
1780554124.5033507,VDD_IN,9768.768,,
1780554124.5033507,VDD_CPU_GPU_CV,4073.472,,
1780554124.5033507,VDD_SOC,2118.528,,
1780554124.5033507,,,cpu-thermal,59.593
1780554124.5033507,,,gpu-thermal,60.5
1780554124.5033507,,,soc0-thermal,57.875
1780554124.5033507,,,soc1-thermal,57.093
1780554124.5033507,,,soc2-thermal,58.156
1780554124.5033507,,,tj-thermal,60.5
1780554124.609125,VDD_IN,9690.304,,
1780554124.609125,VDD_CPU_GPU_CV,4034.304,,
1780554124.609125,VDD_SOC,2118.528,,
1780554124.609125,,,cpu-thermal,59.687
1780554124.609125,,,gpu-thermal,60.781
1780554124.609125,,,soc0-thermal,57.968
1780554124.609125,,,soc1-thermal,57.125
1780554124.609125,,,soc2-thermal,58.093
1780554124.609125,,,tj-thermal,60.781
1780554124.715177,VDD_IN,9706.112,,
1780554124.715177,VDD_CPU_GPU_CV,3995.136,,
1780554124.715177,VDD_SOC,2118.528,,
1780554124.715177,,,cpu-thermal,59.562
1780554124.715177,,,gpu-thermal,60.625
1780554124.715177,,,soc0-thermal,58.062
1780554124.715177,,,soc1-thermal,57.218
1780554124.715177,,,soc2-thermal,58.156
1780554124.715177,,,tj-thermal,60.625
1780554124.8209012,VDD_IN,9706.112,,
1780554124.8209012,VDD_CPU_GPU_CV,3995.136,,
1780554124.8209012,VDD_SOC,2118.528,,
1780554124.8209012,,,cpu-thermal,59.781
1780554124.8209012,,,gpu-thermal,60.687
1780554124.8209012,,,soc0-thermal,57.968
1780554124.8209012,,,soc1-thermal,57.125
1780554124.8209012,,,soc2-thermal,58.062
1780554124.8209012,,,tj-thermal,60.687
1780554124.9265995,VDD_IN,9863.296,,
1780554124.9265995,VDD_CPU_GPU_CV,4073.472,,
1780554124.9265995,VDD_SOC,2161.28,,
1780554124.9265995,,,cpu-thermal,59.968
1780554124.9265995,,,gpu-thermal,60.625
1780554124.9265995,,,soc0-thermal,57.937
1780554124.9265995,,,soc1-thermal,57.156
1780554124.9265995,,,soc2-thermal,58.031
1780554124.9265995,,,tj-thermal,60.625
1780554125.0322793,VDD_IN,9941.888,,
1780554125.0322793,VDD_CPU_GPU_CV,4112.64,,
1780554125.0322793,VDD_SOC,2161.28,,
1780554125.0322793,,,cpu-thermal,59.562
1780554125.0322793,,,gpu-thermal,60.75
1780554125.0322793,,,soc0-thermal,57.937
1780554125.0322793,,,soc1-thermal,57.156
1780554125.0322793,,,soc2-thermal,58.125
1780554125.0322793,,,tj-thermal,60.531
1780554125.1381292,VDD_IN,9706.112,,
1780554125.1381292,VDD_CPU_GPU_CV,3962.432,,
1780554125.1381292,VDD_SOC,2121.984,,
1780554125.1381292,,,cpu-thermal,59.656
1780554125.1381292,,,gpu-thermal,60.562
1780554125.1381292,,,soc0-thermal,57.968
1780554125.1381292,,,soc1-thermal,57.375
1780554125.1381292,,,soc2-thermal,58.281
1780554125.1381292,,,tj-thermal,60.562
1780554125.2436986,VDD_IN,9643.2,,
1780554125.2436986,VDD_CPU_GPU_CV,3883.968,,
1780554125.2436986,VDD_SOC,2121.984,,
1780554125.2436986,,,cpu-thermal,59.718
1780554125.2436986,,,gpu-thermal,60.531
1780554125.2436986,,,soc0-thermal,58.156
1780554125.2436986,,,soc1-thermal,57.25
1780554125.2436986,,,soc2-thermal,58.218
1780554125.2436986,,,tj-thermal,60.531
1780554125.349463,VDD_IN,9564.48,,
1780554125.349463,VDD_CPU_GPU_CV,3844.736,,
1780554125.349463,VDD_SOC,2121.984,,
1780554125.349463,,,cpu-thermal,59.843
1780554125.349463,,,gpu-thermal,60.5
1780554125.349463,,,soc0-thermal,57.968
1780554125.349463,,,soc1-thermal,57.281
1780554125.349463,,,soc2-thermal,58.093
1780554125.349463,,,tj-thermal,60.5
1780554125.4554439,VDD_IN,9485.76,,
1780554125.4554439,VDD_CPU_GPU_CV,3805.504,,
1780554125.4554439,VDD_SOC,2121.984,,
1780554125.4554439,,,cpu-thermal,59.687
1780554125.4554439,,,gpu-thermal,60.468
1780554125.4554439,,,soc0-thermal,58.062
1780554125.4554439,,,soc1-thermal,57.312
1780554125.4554439,,,soc2-thermal,58.218
1780554125.4554439,,,tj-thermal,60.468
1780554125.5612376,VDD_IN,9564.48,,
1780554125.5612376,VDD_CPU_GPU_CV,3844.736,,
1780554125.5612376,VDD_SOC,2121.984,,
1780554125.5612376,,,cpu-thermal,59.718
1780554125.5612376,,,gpu-thermal,60.906
1780554125.5612376,,,soc0-thermal,58.062
1780554125.5612376,,,soc1-thermal,57.406
1780554125.5612376,,,soc2-thermal,58.218
1780554125.5612376,,,tj-thermal,60.906
1780554125.6672363,VDD_IN,9564.48,,
1780554125.6672363,VDD_CPU_GPU_CV,3844.736,,
1780554125.6672363,VDD_SOC,2121.984,,
1780554125.6672363,,,cpu-thermal,59.75
1780554125.6672363,,,gpu-thermal,60.562
1780554125.6672363,,,soc0-thermal,58.0
1780554125.6672363,,,soc1-thermal,57.218
1780554125.6672363,,,soc2-thermal,58.125
1780554125.6672363,,,tj-thermal,60.625
1780554125.7728758,VDD_IN,9525.12,,
1780554125.7728758,VDD_CPU_GPU_CV,3805.504,,
1780554125.7728758,VDD_SOC,2121.984,,
1780554125.7728758,,,cpu-thermal,59.593
1780554125.7728758,,,gpu-thermal,60.968
1780554125.7728758,,,soc0-thermal,58.062
1780554125.7728758,,,soc1-thermal,57.25
1780554125.7728758,,,soc2-thermal,58.125
1780554125.7728758,,,tj-thermal,60.968
1780554125.8785086,VDD_IN,9682.56,,
1780554125.8785086,VDD_CPU_GPU_CV,3923.2,,
1780554125.8785086,VDD_SOC,2161.28,,
1780554125.8785086,,,cpu-thermal,59.593
1780554125.8785086,,,gpu-thermal,60.875
1780554125.8785086,,,soc0-thermal,58.093
1780554125.8785086,,,soc1-thermal,57.375
1780554125.8785086,,,soc2-thermal,58.218
1780554125.8785086,,,tj-thermal,60.875
1780554125.984098,VDD_IN,9879.36,,
1780554125.984098,VDD_CPU_GPU_CV,4001.664,,
1780554125.984098,VDD_SOC,2161.28,,
1780554125.984098,,,cpu-thermal,59.718
1780554125.984098,,,gpu-thermal,60.875
1780554125.984098,,,soc0-thermal,58.093
1780554125.984098,,,soc1-thermal,57.187
1780554125.984098,,,soc2-thermal,58.312
1780554125.984098,,,tj-thermal,60.875
1780554126.090573,VDD_IN,9800.64,,
1780554126.090573,VDD_CPU_GPU_CV,4001.664,,
1780554126.090573,VDD_SOC,2161.28,,
1780554126.090573,,,cpu-thermal,59.593
1780554126.090573,,,gpu-thermal,60.625
1780554126.090573,,,soc0-thermal,58.0
1780554126.090573,,,soc1-thermal,57.312
1780554126.090573,,,soc2-thermal,58.281
1780554126.090573,,,tj-thermal,60.625
1780554126.196105,VDD_IN,9643.2,,
1780554126.196105,VDD_CPU_GPU_CV,3923.2,,
1780554126.196105,VDD_SOC,2161.28,,
1780554126.196105,,,cpu-thermal,59.656
1780554126.196105,,,gpu-thermal,60.562
1780554126.196105,,,soc0-thermal,58.125
1780554126.196105,,,soc1-thermal,57.406
1780554126.196105,,,soc2-thermal,58.25
1780554126.196105,,,tj-thermal,60.562
1780554126.3025053,VDD_IN,9564.48,,
1780554126.3025053,VDD_CPU_GPU_CV,3844.736,,
1780554126.3025053,VDD_SOC,2121.984,,
1780554126.3025053,,,cpu-thermal,59.718
1780554126.3025053,,,gpu-thermal,60.5
1780554126.3025053,,,soc0-thermal,58.125
1780554126.3025053,,,soc1-thermal,57.25
1780554126.3025053,,,soc2-thermal,58.343
1780554126.3025053,,,tj-thermal,60.5
1780554126.4082458,VDD_IN,9525.12,,
1780554126.4082458,VDD_CPU_GPU_CV,3805.504,,
1780554126.4082458,VDD_SOC,2121.984,,
1780554126.4082458,,,cpu-thermal,59.656
1780554126.4082458,,,gpu-thermal,60.562
1780554126.4082458,,,soc0-thermal,58.156
1780554126.4082458,,,soc1-thermal,57.406
1780554126.4082458,,,soc2-thermal,58.406
1780554126.4082458,,,tj-thermal,60.875
1780554126.513989,VDD_IN,9446.4,,
1780554126.513989,VDD_CPU_GPU_CV,3805.504,,
1780554126.513989,VDD_SOC,2121.984,,
1780554126.513989,,,cpu-thermal,59.781
1780554126.513989,,,gpu-thermal,60.562
1780554126.513989,,,soc0-thermal,58.062
1780554126.513989,,,soc1-thermal,57.468
1780554126.513989,,,soc2-thermal,58.25
1780554126.513989,,,tj-thermal,60.781
1780554126.6198726,VDD_IN,9446.4,,
1780554126.6198726,VDD_CPU_GPU_CV,3766.272,,
1780554126.6198726,VDD_SOC,2121.984,,
1780554126.6198726,,,cpu-thermal,59.718
1780554126.6198726,,,gpu-thermal,60.593
1780554126.6198726,,,soc0-thermal,58.125
1780554126.6198726,,,soc1-thermal,57.5
1780554126.6198726,,,soc2-thermal,58.312
1780554126.6198726,,,tj-thermal,60.593
1780554126.725597,VDD_IN,9407.04,,
1780554126.725597,VDD_CPU_GPU_CV,3766.272,,
1780554126.725597,VDD_SOC,2121.984,,
1780554126.725597,,,cpu-thermal,59.906
1780554126.725597,,,gpu-thermal,60.875
1780554126.725597,,,soc0-thermal,58.187
1780554126.725597,,,soc1-thermal,57.375
1780554126.725597,,,soc2-thermal,58.375
1780554126.725597,,,tj-thermal,60.875
1780554126.83118,VDD_IN,9525.12,,
1780554126.83118,VDD_CPU_GPU_CV,3844.736,,
1780554126.83118,VDD_SOC,2121.984,,
1780554126.83118,,,cpu-thermal,60.0
1780554126.83118,,,gpu-thermal,60.906
1780554126.83118,,,soc0-thermal,58.125
1780554126.83118,,,soc1-thermal,57.406
1780554126.83118,,,soc2-thermal,58.218
1780554126.83118,,,tj-thermal,60.906
1780554126.9368546,VDD_IN,9721.92,,
1780554126.9368546,VDD_CPU_GPU_CV,3962.432,,
1780554126.9368546,VDD_SOC,2161.28,,
1780554126.9368546,,,cpu-thermal,59.687
1780554126.9368546,,,gpu-thermal,60.781
1780554126.9368546,,,soc0-thermal,58.125
1780554126.9368546,,,soc1-thermal,57.437
1780554126.9368546,,,soc2-thermal,58.343
1780554126.9368546,,,tj-thermal,60.843
1780554127.042322,VDD_IN,9840.0,,
1780554127.042322,VDD_CPU_GPU_CV,4001.664,,
1780554127.042322,VDD_SOC,2161.28,,
1780554127.042322,,,cpu-thermal,59.781
1780554127.042322,,,gpu-thermal,61.0
1780554127.042322,,,soc0-thermal,58.281
1780554127.042322,,,soc1-thermal,57.562
1780554127.042322,,,soc2-thermal,58.343
1780554127.042322,,,tj-thermal,60.781
1780554127.1486294,VDD_IN,9721.92,,
1780554127.1486294,VDD_CPU_GPU_CV,3962.432,,
1780554127.1486294,VDD_SOC,2161.28,,
1780554127.1486294,,,cpu-thermal,59.937
1780554127.1486294,,,gpu-thermal,60.781
1780554127.1486294,,,soc0-thermal,58.25
1780554127.1486294,,,soc1-thermal,57.468
1780554127.1486294,,,soc2-thermal,58.406
1780554127.1486294,,,tj-thermal,60.687
1780554127.2542727,VDD_IN,9643.2,,
1780554127.2542727,VDD_CPU_GPU_CV,3883.968,,
1780554127.2542727,VDD_SOC,2121.984,,
1780554127.2542727,,,cpu-thermal,60.093
1780554127.2542727,,,gpu-thermal,60.718
1780554127.2542727,,,soc0-thermal,58.156
1780554127.2542727,,,soc1-thermal,57.437
1780554127.2542727,,,soc2-thermal,58.25
1780554127.2542727,,,tj-thermal,60.718
1780554127.3602788,VDD_IN,9603.84,,
1780554127.3602788,VDD_CPU_GPU_CV,3883.968,,
1780554127.3602788,VDD_SOC,2121.984,,
1780554127.3602788,,,cpu-thermal,59.875
1780554127.3602788,,,gpu-thermal,60.718
1780554127.3602788,,,soc0-thermal,58.156
1780554127.3602788,,,soc1-thermal,57.531
1780554127.3602788,,,soc2-thermal,58.406
1780554127.3602788,,,tj-thermal,60.718
1780554127.4662402,VDD_IN,9525.12,,
1780554127.4662402,VDD_CPU_GPU_CV,3844.736,,
1780554127.4662402,VDD_SOC,2121.984,,
1780554127.4662402,,,cpu-thermal,59.906
1780554127.4662402,,,gpu-thermal,60.718
1780554127.4662402,,,soc0-thermal,58.281
1780554127.4662402,,,soc1-thermal,57.437
1780554127.4662402,,,soc2-thermal,58.437
1780554127.4662402,,,tj-thermal,60.718
1780554127.5722587,VDD_IN,9485.76,,
1780554127.5722587,VDD_CPU_GPU_CV,3844.736,,
1780554127.5722587,VDD_SOC,2121.984,,
1780554127.5722587,,,cpu-thermal,59.968
1780554127.5722587,,,gpu-thermal,61.0
1780554127.5722587,,,soc0-thermal,58.125
1780554127.5722587,,,soc1-thermal,57.468
1780554127.5722587,,,soc2-thermal,58.437
1780554127.5722587,,,tj-thermal,61.0
1780554127.677975,VDD_IN,9446.4,,
1780554127.677975,VDD_CPU_GPU_CV,3805.504,,
1780554127.677975,VDD_SOC,2121.984,,
1780554127.677975,,,cpu-thermal,59.75
1780554127.677975,,,gpu-thermal,60.906
1780554127.677975,,,soc0-thermal,58.156
1780554127.677975,,,soc1-thermal,57.562
1780554127.677975,,,soc2-thermal,58.343
1780554127.677975,,,tj-thermal,60.906
1780554127.7837741,VDD_IN,9407.04,,
1780554127.7837741,VDD_CPU_GPU_CV,3805.504,,
1780554127.7837741,VDD_SOC,2121.984,,
1780554127.7837741,,,cpu-thermal,59.906
1780554127.7837741,,,gpu-thermal,60.656
1780554127.7837741,,,soc0-thermal,58.156
1780554127.7837741,,,soc1-thermal,57.625
1780554127.7837741,,,soc2-thermal,58.406
1780554127.7837741,,,tj-thermal,60.812
1780554127.889364,VDD_IN,9643.2,,
1780554127.889364,VDD_CPU_GPU_CV,3923.2,,
1780554127.889364,VDD_SOC,2161.28,,
1780554127.889364,,,cpu-thermal,59.906
1780554127.889364,,,gpu-thermal,61.093
1780554127.889364,,,soc0-thermal,58.343
1780554127.889364,,,soc1-thermal,57.468
1780554127.889364,,,soc2-thermal,58.437
1780554127.889364,,,tj-thermal,61.093
1780554127.995146,VDD_IN,9840.0,,
1780554127.995146,VDD_CPU_GPU_CV,4001.664,,
1780554127.995146,VDD_SOC,2161.28,,
1780554127.995146,,,cpu-thermal,59.781
1780554127.995146,,,gpu-thermal,61.062
1780554127.995146,,,soc0-thermal,58.156
1780554127.995146,,,soc1-thermal,57.5
1780554127.995146,,,soc2-thermal,58.406
1780554127.995146,,,tj-thermal,61.062
1780554128.1010761,VDD_IN,9761.28,,
1780554128.1010761,VDD_CPU_GPU_CV,4001.664,,
1780554128.1010761,VDD_SOC,2161.28,,
1780554128.1010761,,,cpu-thermal,59.875
1780554128.1010761,,,gpu-thermal,60.843
1780554128.1010761,,,soc0-thermal,58.25
1780554128.1010761,,,soc1-thermal,57.625
1780554128.1010761,,,soc2-thermal,58.5
1780554128.1010761,,,tj-thermal,60.843
1780554128.20669,VDD_IN,9666.816,,
1780554128.20669,VDD_CPU_GPU_CV,3923.2,,
1780554128.20669,VDD_SOC,2161.28,,
1780554128.20669,,,cpu-thermal,59.906
1780554128.20669,,,gpu-thermal,60.781
1780554128.20669,,,soc0-thermal,58.406
1780554128.20669,,,soc1-thermal,57.468
1780554128.20669,,,soc2-thermal,58.5
1780554128.20669,,,tj-thermal,60.781
1780554128.3127491,VDD_IN,9588.224,,
1780554128.3127491,VDD_CPU_GPU_CV,3883.968,,
1780554128.3127491,VDD_SOC,2121.984,,
1780554128.3127491,,,cpu-thermal,60.281
1780554128.3127491,,,gpu-thermal,60.843
1780554128.3127491,,,soc0-thermal,58.218
1780554128.3127491,,,soc1-thermal,57.468
1780554128.3127491,,,soc2-thermal,58.468
1780554128.3127491,,,tj-thermal,60.843
1780554128.4195788,VDD_IN,9548.928,,
1780554128.4195788,VDD_CPU_GPU_CV,3844.736,,
1780554128.4195788,VDD_SOC,2121.984,,
1780554128.4195788,,,cpu-thermal,59.937
1780554128.4195788,,,gpu-thermal,61.125
1780554128.4195788,,,soc0-thermal,58.25
1780554128.4195788,,,soc1-thermal,57.625
1780554128.4195788,,,soc2-thermal,58.5
1780554128.4195788,,,tj-thermal,61.125
1780554128.5258071,VDD_IN,9470.336,,
1780554128.5258071,VDD_CPU_GPU_CV,3805.504,,
1780554128.5258071,VDD_SOC,2121.984,,
1780554128.5258071,,,cpu-thermal,60.031
1780554128.5258071,,,gpu-thermal,61.062
1780554128.5258071,,,soc0-thermal,58.343
1780554128.5258071,,,soc1-thermal,57.5
1780554128.5258071,,,soc2-thermal,58.562
1780554128.5258071,,,tj-thermal,61.062
1780554128.631435,VDD_IN,9391.744,,
1780554128.631435,VDD_CPU_GPU_CV,3805.504,,
1780554128.631435,VDD_SOC,2121.984,,
1780554128.631435,,,cpu-thermal,60.093
1780554128.631435,,,gpu-thermal,60.968
1780554128.631435,,,soc0-thermal,58.437
1780554128.631435,,,soc1-thermal,57.468
1780554128.631435,,,soc2-thermal,58.468
1780554128.631435,,,tj-thermal,60.968
1780554128.737278,VDD_IN,9407.04,,
1780554128.737278,VDD_CPU_GPU_CV,3766.272,,
1780554128.737278,VDD_SOC,2082.688,,
1780554128.737278,,,cpu-thermal,60.218
1780554128.737278,,,gpu-thermal,61.125
1780554128.737278,,,soc0-thermal,58.312
1780554128.737278,,,soc1-thermal,57.531
1780554128.737278,,,soc2-thermal,58.468
1780554128.737278,,,tj-thermal,60.812
1780554128.8432114,VDD_IN,9525.12,,
1780554128.8432114,VDD_CPU_GPU_CV,3844.736,,
1780554128.8432114,VDD_SOC,2121.984,,
1780554128.8432114,,,cpu-thermal,59.937
1780554128.8432114,,,gpu-thermal,61.093
1780554128.8432114,,,soc0-thermal,58.343
1780554128.8432114,,,soc1-thermal,57.718
1780554128.8432114,,,soc2-thermal,58.562
1780554128.8432114,,,tj-thermal,61.093
1780554128.9489424,VDD_IN,9721.92,,
1780554128.9489424,VDD_CPU_GPU_CV,3962.432,,
1780554128.9489424,VDD_SOC,2161.28,,
1780554128.9489424,,,cpu-thermal,59.968
1780554128.9489424,,,gpu-thermal,61.093
1780554128.9489424,,,soc0-thermal,58.468
1780554128.9489424,,,soc1-thermal,57.593
1780554128.9489424,,,soc2-thermal,58.5
1780554128.9489424,,,tj-thermal,61.093
1780554129.0550728,VDD_IN,9761.28,,
1780554129.0550728,VDD_CPU_GPU_CV,3962.432,,
1780554129.0550728,VDD_SOC,2161.28,,
1780554129.0550728,,,cpu-thermal,60.156
1780554129.0550728,,,gpu-thermal,60.906
1780554129.0550728,,,soc0-thermal,58.343
1780554129.0550728,,,soc1-thermal,57.593
1780554129.0550728,,,soc2-thermal,58.5
1780554129.0550728,,,tj-thermal,60.906
1780554129.1606152,VDD_IN,9643.2,,
1780554129.1606152,VDD_CPU_GPU_CV,3923.2,,
1780554129.1606152,VDD_SOC,2161.28,,
1780554129.1606152,,,cpu-thermal,59.968
1780554129.1606152,,,gpu-thermal,60.906
1780554129.1606152,,,soc0-thermal,58.312
1780554129.1606152,,,soc1-thermal,57.687
1780554129.1606152,,,soc2-thermal,58.5
1780554129.1606152,,,tj-thermal,60.906
1780554129.266522,VDD_IN,9564.48,,
1780554129.266522,VDD_CPU_GPU_CV,3844.736,,
1780554129.266522,VDD_SOC,2121.984,,
1780554129.266522,,,cpu-thermal,60.0
1780554129.266522,,,gpu-thermal,61.25
1780554129.266522,,,soc0-thermal,58.406
1780554129.266522,,,soc1-thermal,57.781
1780554129.266522,,,soc2-thermal,58.531
1780554129.266522,,,tj-thermal,61.25
1780554129.3723261,VDD_IN,9525.12,,
1780554129.3723261,VDD_CPU_GPU_CV,3844.736,,
1780554129.3723261,VDD_SOC,2121.984,,
1780554129.3723261,,,cpu-thermal,60.062
1780554129.3723261,,,gpu-thermal,61.031
1780554129.3723261,,,soc0-thermal,58.437
1780554129.3723261,,,soc1-thermal,57.625
1780554129.3723261,,,soc2-thermal,58.593
1780554129.3723261,,,tj-thermal,61.031
1780554129.4785507,VDD_IN,9470.336,,
1780554129.4785507,VDD_CPU_GPU_CV,3844.736,,
1780554129.4785507,VDD_SOC,2121.984,,
1780554129.4785507,,,cpu-thermal,60.0
1780554129.4785507,,,gpu-thermal,60.906
1780554129.4785507,,,soc0-thermal,58.312
1780554129.4785507,,,soc1-thermal,57.781
1780554129.4785507,,,soc2-thermal,58.593
1780554129.4785507,,,tj-thermal,60.968
1780554129.58516,VDD_IN,9548.928,,
1780554129.58516,VDD_CPU_GPU_CV,3883.968,,
1780554129.58516,VDD_SOC,2121.984,,
1780554129.58516,,,cpu-thermal,60.062
1780554129.58516,,,gpu-thermal,61.0
1780554129.58516,,,soc0-thermal,58.437
1780554129.58516,,,soc1-thermal,57.812
1780554129.58516,,,soc2-thermal,58.593
1780554129.58516,,,tj-thermal,61.0
1780554129.6914418,VDD_IN,9509.632,,
1780554129.6914418,VDD_CPU_GPU_CV,3844.736,,
1780554129.6914418,VDD_SOC,2121.984,,
1780554129.6914418,,,cpu-thermal,60.281
1780554129.6914418,,,gpu-thermal,61.062
1780554129.6914418,,,soc0-thermal,58.593
1780554129.6914418,,,soc1-thermal,57.625
1780554129.6914418,,,soc2-thermal,58.687
1780554129.6914418,,,tj-thermal,60.906
1780554129.797309,VDD_IN,9509.632,,
1780554129.797309,VDD_CPU_GPU_CV,3883.968,,
1780554129.797309,VDD_SOC,2121.984,,
1780554129.797309,,,cpu-thermal,60.031
1780554129.797309,,,gpu-thermal,61.062
1780554129.797309,,,soc0-thermal,58.437
1780554129.797309,,,soc1-thermal,57.718
1780554129.797309,,,soc2-thermal,58.625
1780554129.797309,,,tj-thermal,60.968
1780554129.9030635,VDD_IN,9745.408,,
1780554129.9030635,VDD_CPU_GPU_CV,3962.432,,
1780554129.9030635,VDD_SOC,2161.28,,
1780554129.9030635,,,cpu-thermal,60.0
1780554129.9030635,,,gpu-thermal,61.093
1780554129.9030635,,,soc0-thermal,58.437
1780554129.9030635,,,soc1-thermal,57.75
1780554129.9030635,,,soc2-thermal,58.687
1780554129.9030635,,,tj-thermal,61.093
1780554130.0086093,VDD_IN,9918.72,,
1780554130.0086093,VDD_CPU_GPU_CV,4080.128,,
1780554130.0086093,VDD_SOC,2161.28,,
1780554130.0086093,,,cpu-thermal,60.25
1780554130.0086093,,,gpu-thermal,61.125
1780554130.0086093,,,soc0-thermal,58.5
1780554130.0086093,,,soc1-thermal,57.687
1780554130.0086093,,,soc2-thermal,58.718
1780554130.0086093,,,tj-thermal,61.125
1780554130.1148403,VDD_IN,9761.28,,
1780554130.1148403,VDD_CPU_GPU_CV,4001.664,,
1780554130.1148403,VDD_SOC,2161.28,,
1780554130.1148403,,,cpu-thermal,60.281
1780554130.1148403,,,gpu-thermal,60.937
1780554130.1148403,,,soc0-thermal,58.468
1780554130.1148403,,,soc1-thermal,57.75
1780554130.1148403,,,soc2-thermal,58.593
1780554130.1148403,,,tj-thermal,60.937
1780554130.2205346,VDD_IN,9682.56,,
1780554130.2205346,VDD_CPU_GPU_CV,3923.2,,
1780554130.2205346,VDD_SOC,2161.28,,
1780554130.2205346,,,cpu-thermal,60.406
1780554130.2205346,,,gpu-thermal,61.281
1780554130.2205346,,,soc0-thermal,58.437
1780554130.2205346,,,soc1-thermal,57.75
1780554130.2205346,,,soc2-thermal,58.593
1780554130.2205346,,,tj-thermal,61.281
1780554130.3262494,VDD_IN,9627.52,,
1780554130.3262494,VDD_CPU_GPU_CV,3923.2,,
1780554130.3262494,VDD_SOC,2121.984,,
1780554130.3262494,,,cpu-thermal,60.156
1780554130.3262494,,,gpu-thermal,61.031
1780554130.3262494,,,soc0-thermal,58.468
1780554130.3262494,,,soc1-thermal,57.781
1780554130.3262494,,,soc2-thermal,58.687
1780554130.3262494,,,tj-thermal,61.187
1780554130.4318666,VDD_IN,9588.224,,
1780554130.4318666,VDD_CPU_GPU_CV,3923.2,,
1780554130.4318666,VDD_SOC,2121.984,,
1780554130.4318666,,,cpu-thermal,60.218
1780554130.4318666,,,gpu-thermal,61.406
1780554130.4318666,,,soc0-thermal,58.593
1780554130.4318666,,,soc1-thermal,57.812
1780554130.4318666,,,soc2-thermal,58.812
1780554130.4318666,,,tj-thermal,61.125
1780554130.5378685,VDD_IN,9548.928,,
1780554130.5378685,VDD_CPU_GPU_CV,3883.968,,
1780554130.5378685,VDD_SOC,2121.984,,
1780554130.5378685,,,cpu-thermal,60.343
1780554130.5378685,,,gpu-thermal,61.218
1780554130.5378685,,,soc0-thermal,58.437
1780554130.5378685,,,soc1-thermal,57.75
1780554130.5378685,,,soc2-thermal,58.75
1780554130.5378685,,,tj-thermal,61.0
1780554130.6439497,VDD_IN,9548.928,,
1780554130.6439497,VDD_CPU_GPU_CV,3877.632,,
1780554130.6439497,VDD_SOC,2121.984,,
1780554130.6439497,,,cpu-thermal,60.218
1780554130.6439497,,,gpu-thermal,61.218
1780554130.6439497,,,soc0-thermal,58.468
1780554130.6439497,,,soc1-thermal,57.781
1780554130.6439497,,,soc2-thermal,58.687
1780554130.6439497,,,tj-thermal,61.218
1780554130.749732,VDD_IN,9548.928,,
1780554130.749732,VDD_CPU_GPU_CV,3877.632,,
1780554130.749732,VDD_SOC,2121.984,,
1780554130.749732,,,cpu-thermal,60.25
1780554130.749732,,,gpu-thermal,61.125
1780554130.749732,,,soc0-thermal,58.718
1780554130.749732,,,soc1-thermal,57.75
1780554130.749732,,,soc2-thermal,58.718
1780554130.749732,,,tj-thermal,61.125
1780554130.8554366,VDD_IN,9627.52,,
1780554130.8554366,VDD_CPU_GPU_CV,3916.8,,
1780554130.8554366,VDD_SOC,2121.984,,
1780554130.8554366,,,cpu-thermal,60.25
1780554130.8554366,,,gpu-thermal,61.187
1780554130.8554366,,,soc0-thermal,58.562
1780554130.8554366,,,soc1-thermal,57.718
1780554130.8554366,,,soc2-thermal,58.718
1780554130.8554366,,,tj-thermal,61.187
1780554130.9610069,VDD_IN,9784.704,,
1780554130.9610069,VDD_CPU_GPU_CV,4001.664,,
1780554130.9610069,VDD_SOC,2161.28,,
1780554130.9610069,,,cpu-thermal,60.156
1780554130.9610069,,,gpu-thermal,61.343
1780554130.9610069,,,soc0-thermal,58.625
1780554130.9610069,,,soc1-thermal,57.937
1780554130.9610069,,,soc2-thermal,58.75
1780554130.9610069,,,tj-thermal,61.187
1780554131.066427,VDD_IN,9840.0,,
1780554131.066427,VDD_CPU_GPU_CV,4001.664,,
1780554131.066427,VDD_SOC,2161.28,,
1780554131.066427,,,cpu-thermal,60.187
1780554131.066427,,,gpu-thermal,61.218
1780554131.066427,,,soc0-thermal,58.531
1780554131.066427,,,soc1-thermal,57.937
1780554131.066427,,,soc2-thermal,58.625
1780554131.066427,,,tj-thermal,61.406
1780554131.1722984,VDD_IN,9721.92,,
1780554131.1722984,VDD_CPU_GPU_CV,3962.432,,
1780554131.1722984,VDD_SOC,2161.28,,
1780554131.1722984,,,cpu-thermal,60.187
1780554131.1722984,,,gpu-thermal,61.125
1780554131.1722984,,,soc0-thermal,58.687
1780554131.1722984,,,soc1-thermal,57.812
1780554131.1722984,,,soc2-thermal,58.875
1780554131.1722984,,,tj-thermal,61.125
1780554131.2783184,VDD_IN,9682.56,,
1780554131.2783184,VDD_CPU_GPU_CV,3883.968,,
1780554131.2783184,VDD_SOC,2121.984,,
1780554131.2783184,,,cpu-thermal,60.187
1780554131.2783184,,,gpu-thermal,61.093
1780554131.2783184,,,soc0-thermal,58.562
1780554131.2783184,,,soc1-thermal,57.875
1780554131.2783184,,,soc2-thermal,58.812
1780554131.2783184,,,tj-thermal,61.187
1780554131.3849487,VDD_IN,9588.224,,
1780554131.3849487,VDD_CPU_GPU_CV,3883.968,,
1780554131.3849487,VDD_SOC,2121.984,,
1780554131.3849487,,,cpu-thermal,60.156
1780554131.3849487,,,gpu-thermal,61.406
1780554131.3849487,,,soc0-thermal,58.625
1780554131.3849487,,,soc1-thermal,57.937
1780554131.3849487,,,soc2-thermal,58.781
1780554131.3849487,,,tj-thermal,61.406
1780554131.4909933,VDD_IN,9525.12,,
1780554131.4909933,VDD_CPU_GPU_CV,3805.504,,
1780554131.4909933,VDD_SOC,2121.984,,
1780554131.4909933,,,cpu-thermal,60.468
1780554131.4909933,,,gpu-thermal,61.25
1780554131.4909933,,,soc0-thermal,58.656
1780554131.4909933,,,soc1-thermal,57.875
1780554131.4909933,,,soc2-thermal,58.875
1780554131.4909933,,,tj-thermal,61.25
1780554131.5974932,VDD_IN,9485.76,,
1780554131.5974932,VDD_CPU_GPU_CV,3805.504,,
1780554131.5974932,VDD_SOC,2121.984,,
1780554131.5974932,,,cpu-thermal,60.5
1780554131.5974932,,,gpu-thermal,61.156
1780554131.5974932,,,soc0-thermal,58.562
1780554131.5974932,,,soc1-thermal,57.906
1780554131.5974932,,,soc2-thermal,58.843
1780554131.5974932,,,tj-thermal,61.156
1780554131.703896,VDD_IN,9525.12,,
1780554131.703896,VDD_CPU_GPU_CV,3766.272,,
1780554131.703896,VDD_SOC,2121.984,,
1780554131.703896,,,cpu-thermal,60.156
1780554131.703896,,,gpu-thermal,61.156
1780554131.703896,,,soc0-thermal,58.656
1780554131.703896,,,soc1-thermal,57.875
1780554131.703896,,,soc2-thermal,58.875
1780554131.703896,,,tj-thermal,61.156
1780554131.809568,VDD_IN,9564.48,,
1780554131.809568,VDD_CPU_GPU_CV,3805.504,,
1780554131.809568,VDD_SOC,2121.984,,
1780554131.809568,,,cpu-thermal,60.375
1780554131.809568,,,gpu-thermal,61.25
1780554131.809568,,,soc0-thermal,58.687
1780554131.809568,,,soc1-thermal,58.062
1780554131.809568,,,soc2-thermal,58.812
1780554131.809568,,,tj-thermal,61.25
1780554131.9153347,VDD_IN,9721.92,,
1780554131.9153347,VDD_CPU_GPU_CV,3923.2,,
1780554131.9153347,VDD_SOC,2161.28,,
1780554131.9153347,,,cpu-thermal,60.375
1780554131.9153347,,,gpu-thermal,61.5
1780554131.9153347,,,soc0-thermal,58.812
1780554131.9153347,,,soc1-thermal,57.875
1780554131.9153347,,,soc2-thermal,58.875
1780554131.9153347,,,tj-thermal,61.5
1780554132.0207093,VDD_IN,9879.36,,
1780554132.0207093,VDD_CPU_GPU_CV,4001.664,,
1780554132.0207093,VDD_SOC,2200.576,,
1780554132.0207093,,,cpu-thermal,60.468
1780554132.0207093,,,gpu-thermal,61.312
1780554132.0207093,,,soc0-thermal,58.625
1780554132.0207093,,,soc1-thermal,57.937
1780554132.0207093,,,soc2-thermal,58.937
1780554132.0207093,,,tj-thermal,61.5
1780554132.1261718,VDD_IN,9800.64,,
1780554132.1261718,VDD_CPU_GPU_CV,3962.432,,
1780554132.1261718,VDD_SOC,2161.28,,
1780554132.1261718,,,cpu-thermal,60.312
1780554132.1261718,,,gpu-thermal,61.25
1780554132.1261718,,,soc0-thermal,58.656
1780554132.1261718,,,soc1-thermal,57.937
1780554132.1261718,,,soc2-thermal,58.906
1780554132.1261718,,,tj-thermal,61.25
1780554132.2316318,VDD_IN,9682.56,,
1780554132.2316318,VDD_CPU_GPU_CV,3923.2,,
1780554132.2316318,VDD_SOC,2161.28,,
1780554132.2316318,,,cpu-thermal,60.343
1780554132.2316318,,,gpu-thermal,61.531
1780554132.2316318,,,soc0-thermal,58.812
1780554132.2316318,,,soc1-thermal,58.031
1780554132.2316318,,,soc2-thermal,58.906
1780554132.2316318,,,tj-thermal,61.531
1780554132.3371556,VDD_IN,9643.2,,
1780554132.3371556,VDD_CPU_GPU_CV,3883.968,,
1780554132.3371556,VDD_SOC,2161.28,,
1780554132.3371556,,,cpu-thermal,60.437
1780554132.3371556,,,gpu-thermal,61.343
1780554132.3371556,,,soc0-thermal,58.656
1780554132.3371556,,,soc1-thermal,57.937
1780554132.3371556,,,soc2-thermal,58.937
1780554132.3371556,,,tj-thermal,61.343
1780554132.442748,VDD_IN,9588.224,,
1780554132.442748,VDD_CPU_GPU_CV,3883.968,,
1780554132.442748,VDD_SOC,2161.28,,
1780554132.442748,,,cpu-thermal,60.312
1780554132.442748,,,gpu-thermal,61.375
1780554132.442748,,,soc0-thermal,58.656
1780554132.442748,,,soc1-thermal,57.937
1780554132.442748,,,soc2-thermal,58.937
1780554132.442748,,,tj-thermal,61.375
1780554132.548991,VDD_IN,9525.12,,
1780554132.548991,VDD_CPU_GPU_CV,3844.736,,
1780554132.548991,VDD_SOC,2121.984,,
1780554132.548991,,,cpu-thermal,60.343
1780554132.548991,,,gpu-thermal,61.281
1780554132.548991,,,soc0-thermal,58.843
1780554132.548991,,,soc1-thermal,58.093
1780554132.548991,,,soc2-thermal,58.812
1780554132.548991,,,tj-thermal,61.281
1780554132.6549194,VDD_IN,9509.632,,
1780554132.6549194,VDD_CPU_GPU_CV,3844.736,,
1780554132.6549194,VDD_SOC,2121.984,,
1780554132.6549194,,,cpu-thermal,60.468
1780554132.6549194,,,gpu-thermal,61.437
1780554132.6549194,,,soc0-thermal,58.937
1780554132.6549194,,,soc1-thermal,57.937
1780554132.6549194,,,soc2-thermal,58.968
1780554132.6549194,,,tj-thermal,61.312
1780554132.7604835,VDD_IN,9525.12,,
1780554132.7604835,VDD_CPU_GPU_CV,3844.736,,
1780554132.7604835,VDD_SOC,2121.984,,
1780554132.7604835,,,cpu-thermal,60.343
1780554132.7604835,,,gpu-thermal,61.406
1780554132.7604835,,,soc0-thermal,58.75
1780554132.7604835,,,soc1-thermal,57.937
1780554132.7604835,,,soc2-thermal,58.906
1780554132.7604835,,,tj-thermal,61.406
1780554132.86621,VDD_IN,9682.56,,
1780554132.86621,VDD_CPU_GPU_CV,3923.2,,
1780554132.86621,VDD_SOC,2161.28,,
1780554132.86621,,,cpu-thermal,60.343
1780554132.86621,,,gpu-thermal,61.406
1780554132.86621,,,soc0-thermal,58.75
1780554132.86621,,,soc1-thermal,58.031
1780554132.86621,,,soc2-thermal,58.968
1780554132.86621,,,tj-thermal,61.406
1780554132.9717607,VDD_IN,9840.0,,
1780554132.9717607,VDD_CPU_GPU_CV,4001.664,,
1780554132.9717607,VDD_SOC,2200.576,,
1780554132.9717607,,,cpu-thermal,60.375
1780554132.9717607,,,gpu-thermal,61.5
1780554132.9717607,,,soc0-thermal,58.875
1780554132.9717607,,,soc1-thermal,58.125
1780554132.9717607,,,soc2-thermal,59.0
1780554132.9717607,,,tj-thermal,61.5
1780554133.0771165,VDD_IN,9800.64,,
1780554133.0771165,VDD_CPU_GPU_CV,4001.664,,
1780554133.0771165,VDD_SOC,2161.28,,
1780554133.0771165,,,cpu-thermal,60.656
1780554133.0771165,,,gpu-thermal,61.406
1780554133.0771165,,,soc0-thermal,58.937
1780554133.0771165,,,soc1-thermal,57.906
1780554133.0771165,,,soc2-thermal,58.968
1780554133.0771165,,,tj-thermal,61.718
1780554133.182704,VDD_IN,9721.92,,
1780554133.182704,VDD_CPU_GPU_CV,3962.432,,
1780554133.182704,VDD_SOC,2161.28,,
1780554133.182704,,,cpu-thermal,60.343
1780554133.182704,,,gpu-thermal,61.406
1780554133.182704,,,soc0-thermal,58.906
1780554133.182704,,,soc1-thermal,57.937
1780554133.182704,,,soc2-thermal,58.906
1780554133.182704,,,tj-thermal,61.562
1780554133.2891808,VDD_IN,9643.2,,
1780554133.2891808,VDD_CPU_GPU_CV,3883.968,,
1780554133.2891808,VDD_SOC,2161.28,,
1780554133.2891808,,,cpu-thermal,60.437
1780554133.2891808,,,gpu-thermal,61.343
1780554133.2891808,,,soc0-thermal,58.812
1780554133.2891808,,,soc1-thermal,58.0
1780554133.2891808,,,soc2-thermal,58.968
1780554133.2891808,,,tj-thermal,61.406
1780554133.3948832,VDD_IN,9666.816,,
1780554133.3948832,VDD_CPU_GPU_CV,3923.2,,
1780554133.3948832,VDD_SOC,2161.28,,
1780554133.3948832,,,cpu-thermal,60.593
1780554133.3948832,,,gpu-thermal,61.656
1780554133.3948832,,,soc0-thermal,58.875
1780554133.3948832,,,soc1-thermal,58.218
1780554133.3948832,,,soc2-thermal,59.062
1780554133.3948832,,,tj-thermal,61.656
1780554133.5006618,VDD_IN,9588.224,,
1780554133.5006618,VDD_CPU_GPU_CV,3883.968,,
1780554133.5006618,VDD_SOC,2121.984,,
1780554133.5006618,,,cpu-thermal,60.687
1780554133.5006618,,,gpu-thermal,61.437
1780554133.5006618,,,soc0-thermal,58.843
1780554133.5006618,,,soc1-thermal,58.0
1780554133.5006618,,,soc2-thermal,58.937
1780554133.5006618,,,tj-thermal,61.437
1780554133.6065366,VDD_IN,9509.632,,
1780554133.6065366,VDD_CPU_GPU_CV,3844.736,,
1780554133.6065366,VDD_SOC,2121.984,,
1780554133.6065366,,,cpu-thermal,60.406
1780554133.6065366,,,gpu-thermal,61.437
1780554133.6065366,,,soc0-thermal,58.875
1780554133.6065366,,,soc1-thermal,58.062
1780554133.6065366,,,soc2-thermal,58.968
1780554133.6065366,,,tj-thermal,61.437
1780554133.7122757,VDD_IN,9431.04,,
1780554133.7122757,VDD_CPU_GPU_CV,3805.504,,
1780554133.7122757,VDD_SOC,2121.984,,
1780554133.7122757,,,cpu-thermal,60.5
1780554133.7122757,,,gpu-thermal,61.375
1780554133.7122757,,,soc0-thermal,58.875
1780554133.7122757,,,soc1-thermal,58.281
1780554133.7122757,,,soc2-thermal,59.093
1780554133.7122757,,,tj-thermal,61.375
1780554133.8182516,VDD_IN,9470.336,,
1780554133.8182516,VDD_CPU_GPU_CV,3805.504,,
1780554133.8182516,VDD_SOC,2121.984,,
1780554133.8182516,,,cpu-thermal,60.531
1780554133.8182516,,,gpu-thermal,61.562
1780554133.8182516,,,soc0-thermal,58.937
1780554133.8182516,,,soc1-thermal,58.031
1780554133.8182516,,,soc2-thermal,59.031
1780554133.8182516,,,tj-thermal,61.437
1780554133.9242573,VDD_IN,9706.112,,
1780554133.9242573,VDD_CPU_GPU_CV,3923.2,,
1780554133.9242573,VDD_SOC,2161.28,,
1780554133.9242573,,,cpu-thermal,60.656
1780554133.9242573,,,gpu-thermal,61.562
1780554133.9242573,,,soc0-thermal,58.843
1780554133.9242573,,,soc1-thermal,58.125
1780554133.9242573,,,soc2-thermal,59.0
1780554133.9242573,,,tj-thermal,61.812
1780554134.029852,VDD_IN,9784.704,,
1780554134.029852,VDD_CPU_GPU_CV,4001.664,,
1780554134.029852,VDD_SOC,2161.28,,
1780554134.029852,,,cpu-thermal,60.5
1780554134.029852,,,gpu-thermal,61.531
1780554134.029852,,,soc0-thermal,58.875
1780554134.029852,,,soc1-thermal,58.281
1780554134.029852,,,soc2-thermal,59.0
1780554134.029852,,,tj-thermal,61.531
1780554134.1354442,VDD_IN,9706.112,,
1780554134.1354442,VDD_CPU_GPU_CV,3923.2,,
1780554134.1354442,VDD_SOC,2161.28,,
1780554134.1354442,,,cpu-thermal,60.5
1780554134.1354442,,,gpu-thermal,61.375
1780554134.1354442,,,soc0-thermal,58.937
1780554134.1354442,,,soc1-thermal,58.281
1780554134.1354442,,,soc2-thermal,59.031
1780554134.1354442,,,tj-thermal,61.375
1780554134.2410033,VDD_IN,9627.52,,
1780554134.2410033,VDD_CPU_GPU_CV,3923.2,,
1780554134.2410033,VDD_SOC,2161.28,,
1780554134.2410033,,,cpu-thermal,60.593
1780554134.2410033,,,gpu-thermal,61.812
1780554134.2410033,,,soc0-thermal,59.031
1780554134.2410033,,,soc1-thermal,58.062
1780554134.2410033,,,soc2-thermal,59.125
1780554134.2410033,,,tj-thermal,61.812
1780554134.3465393,VDD_IN,9627.52,,
1780554134.3465393,VDD_CPU_GPU_CV,3923.2,,
1780554134.3465393,VDD_SOC,2161.28,,
1780554134.3465393,,,cpu-thermal,60.593
1780554134.3465393,,,gpu-thermal,61.593
1780554134.3465393,,,soc0-thermal,58.875
1780554134.3465393,,,soc1-thermal,58.187
1780554134.3465393,,,soc2-thermal,59.125
1780554134.3465393,,,tj-thermal,61.593
1780554134.4524233,VDD_IN,9588.224,,
1780554134.4524233,VDD_CPU_GPU_CV,3883.968,,
1780554134.4524233,VDD_SOC,2121.984,,
1780554134.4524233,,,cpu-thermal,60.531
1780554134.4524233,,,gpu-thermal,61.437
1780554134.4524233,,,soc0-thermal,59.0
1780554134.4524233,,,soc1-thermal,58.281
1780554134.4524233,,,soc2-thermal,59.093
1780554134.4524233,,,tj-thermal,61.562
1780554134.5582495,VDD_IN,9548.928,,
1780554134.5582495,VDD_CPU_GPU_CV,3883.968,,
1780554134.5582495,VDD_SOC,2121.984,,
1780554134.5582495,,,cpu-thermal,60.593
1780554134.5582495,,,gpu-thermal,61.812
1780554134.5582495,,,soc0-thermal,59.062
1780554134.5582495,,,soc1-thermal,58.375
1780554134.5582495,,,soc2-thermal,59.156
1780554134.5582495,,,tj-thermal,61.812
1780554134.6637442,VDD_IN,9509.632,,
1780554134.6637442,VDD_CPU_GPU_CV,3844.736,,
1780554134.6637442,VDD_SOC,2121.984,,
1780554134.6637442,,,cpu-thermal,60.562
1780554134.6637442,,,gpu-thermal,61.625
1780554134.6637442,,,soc0-thermal,58.968
1780554134.6637442,,,soc1-thermal,58.218
1780554134.6637442,,,soc2-thermal,59.062
1780554134.6637442,,,tj-thermal,61.625
1780554134.7695181,VDD_IN,9548.928,,
1780554134.7695181,VDD_CPU_GPU_CV,3883.968,,
1780554134.7695181,VDD_SOC,2121.984,,
1780554134.7695181,,,cpu-thermal,60.468
1780554134.7695181,,,gpu-thermal,61.593
1780554134.7695181,,,soc0-thermal,58.937
1780554134.7695181,,,soc1-thermal,58.218
1780554134.7695181,,,soc2-thermal,59.156
1780554134.7695181,,,tj-thermal,61.593
1780554134.8753636,VDD_IN,9706.112,,
1780554134.8753636,VDD_CPU_GPU_CV,3962.432,,
1780554134.8753636,VDD_SOC,2161.28,,
1780554134.8753636,,,cpu-thermal,60.5
1780554134.8753636,,,gpu-thermal,61.656
1780554134.8753636,,,soc0-thermal,58.937
1780554134.8753636,,,soc1-thermal,58.343
1780554134.8753636,,,soc2-thermal,59.156
1780554134.8753636,,,tj-thermal,61.656
1780554134.9808385,VDD_IN,9879.36,,
1780554134.9808385,VDD_CPU_GPU_CV,4040.896,,
1780554134.9808385,VDD_SOC,2200.576,,
1780554134.9808385,,,cpu-thermal,60.75
1780554134.9808385,,,gpu-thermal,61.843
1780554134.9808385,,,soc0-thermal,59.125
1780554134.9808385,,,soc1-thermal,58.187
1780554134.9808385,,,soc2-thermal,59.125
1780554134.9808385,,,tj-thermal,61.656
1780554135.086699,VDD_IN,9879.36,,
1780554135.086699,VDD_CPU_GPU_CV,4040.896,,
1780554135.086699,VDD_SOC,2161.28,,
1780554135.086699,,,cpu-thermal,60.656
1780554135.086699,,,gpu-thermal,61.656
1780554135.086699,,,soc0-thermal,58.937
1780554135.086699,,,soc1-thermal,58.25
1780554135.086699,,,soc2-thermal,59.125
1780554135.086699,,,tj-thermal,61.906
1780554135.1925468,VDD_IN,9721.92,,
1780554135.1925468,VDD_CPU_GPU_CV,3962.432,,
1780554135.1925468,VDD_SOC,2161.28,,
1780554135.1925468,,,cpu-thermal,60.562
1780554135.1925468,,,gpu-thermal,61.531
1780554135.1925468,,,soc0-thermal,59.0
1780554135.1925468,,,soc1-thermal,58.281
1780554135.1925468,,,soc2-thermal,59.187
1780554135.1925468,,,tj-thermal,61.531
1780554135.2984889,VDD_IN,9643.2,,
1780554135.2984889,VDD_CPU_GPU_CV,3923.2,,
1780554135.2984889,VDD_SOC,2161.28,,
1780554135.2984889,,,cpu-thermal,60.718
1780554135.2984889,,,gpu-thermal,61.531
1780554135.2984889,,,soc0-thermal,59.093
1780554135.2984889,,,soc1-thermal,58.218
1780554135.2984889,,,soc2-thermal,59.25
1780554135.2984889,,,tj-thermal,61.656
1780554135.4052365,VDD_IN,9627.52,,
1780554135.4052365,VDD_CPU_GPU_CV,3883.968,,
1780554135.4052365,VDD_SOC,2161.28,,
1780554135.4052365,,,cpu-thermal,60.875
1780554135.4052365,,,gpu-thermal,61.906
1780554135.4052365,,,soc0-thermal,58.968
1780554135.4052365,,,soc1-thermal,58.187
1780554135.4052365,,,soc2-thermal,59.218
1780554135.4052365,,,tj-thermal,61.906
1780554135.5108762,VDD_IN,9564.48,,
1780554135.5108762,VDD_CPU_GPU_CV,3883.968,,
1780554135.5108762,VDD_SOC,2121.984,,
1780554135.5108762,,,cpu-thermal,60.562
1780554135.5108762,,,gpu-thermal,61.75
1780554135.5108762,,,soc0-thermal,59.031
1780554135.5108762,,,soc1-thermal,58.281
1780554135.5108762,,,soc2-thermal,59.25
1780554135.5108762,,,tj-thermal,61.75
1780554135.6164854,VDD_IN,9548.928,,
1780554135.6164854,VDD_CPU_GPU_CV,3844.736,,
1780554135.6164854,VDD_SOC,2121.984,,
1780554135.6164854,,,cpu-thermal,60.687
1780554135.6164854,,,gpu-thermal,61.593
1780554135.6164854,,,soc0-thermal,59.031
1780554135.6164854,,,soc1-thermal,58.437
1780554135.6164854,,,soc2-thermal,59.25
1780554135.6164854,,,tj-thermal,61.593
1780554135.7226827,VDD_IN,9548.928,,
1780554135.7226827,VDD_CPU_GPU_CV,3883.968,,
1780554135.7226827,VDD_SOC,2121.984,,
1780554135.7226827,,,cpu-thermal,60.687
1780554135.7226827,,,gpu-thermal,61.562
1780554135.7226827,,,soc0-thermal,59.031
1780554135.7226827,,,soc1-thermal,58.25
1780554135.7226827,,,soc2-thermal,59.312
1780554135.7226827,,,tj-thermal,61.562
1780554135.82859,VDD_IN,9666.816,,
1780554135.82859,VDD_CPU_GPU_CV,3923.2,,
1780554135.82859,VDD_SOC,2161.28,,
1780554135.82859,,,cpu-thermal,60.875
1780554135.82859,,,gpu-thermal,61.625
1780554135.82859,,,soc0-thermal,59.062
1780554135.82859,,,soc1-thermal,58.281
1780554135.82859,,,soc2-thermal,59.25
1780554135.82859,,,tj-thermal,61.625
1780554135.9340947,VDD_IN,9863.296,,
1780554135.9340947,VDD_CPU_GPU_CV,4040.896,,
1780554135.9340947,VDD_SOC,2161.28,,
1780554135.9340947,,,cpu-thermal,60.687
1780554135.9340947,,,gpu-thermal,61.843
1780554135.9340947,,,soc0-thermal,59.062
1780554135.9340947,,,soc1-thermal,58.406
1780554135.9340947,,,soc2-thermal,59.25
1780554135.9340947,,,tj-thermal,61.687
1780554136.039887,VDD_IN,9981.184,,
1780554136.039887,VDD_CPU_GPU_CV,4119.36,,
1780554136.039887,VDD_SOC,2200.576,,
1780554136.039887,,,cpu-thermal,60.812
1780554136.039887,,,gpu-thermal,61.75
1780554136.039887,,,soc0-thermal,59.125
1780554136.039887,,,soc1-thermal,58.281
1780554136.039887,,,soc2-thermal,59.312
1780554136.039887,,,tj-thermal,61.75
1780554136.1458628,VDD_IN,9941.888,,
1780554136.1458628,VDD_CPU_GPU_CV,4080.128,,
1780554136.1458628,VDD_SOC,2200.576,,
1780554136.1458628,,,cpu-thermal,60.843
1780554136.1458628,,,gpu-thermal,61.593
1780554136.1458628,,,soc0-thermal,59.093
1780554136.1458628,,,soc1-thermal,58.312
1780554136.1458628,,,soc2-thermal,59.218
1780554136.1458628,,,tj-thermal,61.718
1780554136.2525854,VDD_IN,9824.0,,
1780554136.2525854,VDD_CPU_GPU_CV,4040.896,,
1780554136.2525854,VDD_SOC,2161.28,,
1780554136.2525854,,,cpu-thermal,60.718
1780554136.2525854,,,gpu-thermal,62.031
1780554136.2525854,,,soc0-thermal,59.093
1780554136.2525854,,,soc1-thermal,58.437
1780554136.2525854,,,soc2-thermal,59.281
1780554136.2525854,,,tj-thermal,61.656
1780554136.3589308,VDD_IN,9721.92,,
1780554136.3589308,VDD_CPU_GPU_CV,3962.432,,
1780554136.3589308,VDD_SOC,2161.28,,
1780554136.3589308,,,cpu-thermal,60.687
1780554136.3589308,,,gpu-thermal,61.875
1780554136.3589308,,,soc0-thermal,59.187
1780554136.3589308,,,soc1-thermal,58.437
1780554136.3589308,,,soc2-thermal,59.406
1780554136.3589308,,,tj-thermal,61.875
1780554136.464395,VDD_IN,9603.84,,
1780554136.464395,VDD_CPU_GPU_CV,3844.736,,
1780554136.464395,VDD_SOC,2121.984,,
1780554136.464395,,,cpu-thermal,61.125
1780554136.464395,,,gpu-thermal,61.687
1780554136.464395,,,soc0-thermal,59.25
1780554136.464395,,,soc1-thermal,58.312
1780554136.464395,,,soc2-thermal,59.343
1780554136.464395,,,tj-thermal,61.687
1780554136.5701826,VDD_IN,9564.48,,
1780554136.5701826,VDD_CPU_GPU_CV,3844.736,,
1780554136.5701826,VDD_SOC,2121.984,,
1780554136.5701826,,,cpu-thermal,60.687
1780554136.5701826,,,gpu-thermal,61.656
1780554136.5701826,,,soc0-thermal,59.062
1780554136.5701826,,,soc1-thermal,58.375
1780554136.5701826,,,soc2-thermal,59.375
1780554136.5701826,,,tj-thermal,61.656
1780554136.6760116,VDD_IN,9485.76,,
1780554136.6760116,VDD_CPU_GPU_CV,3805.504,,
1780554136.6760116,VDD_SOC,2121.984,,
1780554136.6760116,,,cpu-thermal,60.687
1780554136.6760116,,,gpu-thermal,61.593
1780554136.6760116,,,soc0-thermal,59.218
1780554136.6760116,,,soc1-thermal,58.468
1780554136.6760116,,,soc2-thermal,59.375
1780554136.6760116,,,tj-thermal,61.593
1780554136.7817008,VDD_IN,9548.928,,
1780554136.7817008,VDD_CPU_GPU_CV,3883.968,,
1780554136.7817008,VDD_SOC,2121.984,,
1780554136.7817008,,,cpu-thermal,61.031
1780554136.7817008,,,gpu-thermal,61.531
1780554136.7817008,,,soc0-thermal,59.187
1780554136.7817008,,,soc1-thermal,58.375
1780554136.7817008,,,soc2-thermal,59.468
1780554136.7817008,,,tj-thermal,61.531
1780554136.8880107,VDD_IN,9627.52,,
1780554136.8880107,VDD_CPU_GPU_CV,3916.8,,
1780554136.8880107,VDD_SOC,2121.984,,
1780554136.8880107,,,cpu-thermal,61.281
1780554136.8880107,,,gpu-thermal,61.625
1780554136.8880107,,,soc0-thermal,59.062
1780554136.8880107,,,soc1-thermal,58.406
1780554136.8880107,,,soc2-thermal,59.375
1780554136.8880107,,,tj-thermal,61.906
1780554136.9940934,VDD_IN,9706.112,,
1780554136.9940934,VDD_CPU_GPU_CV,3995.136,,
1780554136.9940934,VDD_SOC,2121.984,,
1780554136.9940934,,,cpu-thermal,60.718
1780554136.9940934,,,gpu-thermal,61.812
1780554136.9940934,,,soc0-thermal,59.187
1780554136.9940934,,,soc1-thermal,58.437
1780554136.9940934,,,soc2-thermal,59.343
1780554136.9940934,,,tj-thermal,61.812
1780554137.099639,VDD_IN,9666.816,,
1780554137.099639,VDD_CPU_GPU_CV,3955.968,,
1780554137.099639,VDD_SOC,2121.984,,
1780554137.099639,,,cpu-thermal,60.906
1780554137.099639,,,gpu-thermal,61.687
1780554137.099639,,,soc0-thermal,59.25
1780554137.099639,,,soc1-thermal,58.562
1780554137.099639,,,soc2-thermal,59.437
1780554137.099639,,,tj-thermal,61.687
1780554137.2057366,VDD_IN,9588.224,,
1780554137.2057366,VDD_CPU_GPU_CV,3923.2,,
1780554137.2057366,VDD_SOC,2121.984,,
1780554137.2057366,,,cpu-thermal,60.968
1780554137.2057366,,,gpu-thermal,61.906
1780554137.2057366,,,soc0-thermal,59.125
1780554137.2057366,,,soc1-thermal,58.406
1780554137.2057366,,,soc2-thermal,59.312
1780554137.2057366,,,tj-thermal,61.906
1780554137.311637,VDD_IN,9509.632,,
1780554137.311637,VDD_CPU_GPU_CV,3844.736,,
1780554137.311637,VDD_SOC,2121.984,,
1780554137.311637,,,cpu-thermal,60.875
1780554137.311637,,,gpu-thermal,61.781
1780554137.311637,,,soc0-thermal,59.125
1780554137.311637,,,soc1-thermal,58.468
1780554137.311637,,,soc2-thermal,59.375
1780554137.311637,,,tj-thermal,61.781
1780554137.4172199,VDD_IN,9509.632,,
1780554137.4172199,VDD_CPU_GPU_CV,3838.464,,
1780554137.4172199,VDD_SOC,2121.984,,
1780554137.4172199,,,cpu-thermal,60.812
1780554137.4172199,,,gpu-thermal,61.781
1780554137.4172199,,,soc0-thermal,59.25
1780554137.4172199,,,soc1-thermal,58.5
1780554137.4172199,,,soc2-thermal,59.343
1780554137.4172199,,,tj-thermal,61.781
1780554137.523601,VDD_IN,9548.928,,
1780554137.523601,VDD_CPU_GPU_CV,3877.632,,
1780554137.523601,VDD_SOC,2121.984,,
1780554137.523601,,,cpu-thermal,60.937
1780554137.523601,,,gpu-thermal,61.718
1780554137.523601,,,soc0-thermal,59.281
1780554137.523601,,,soc1-thermal,58.437
1780554137.523601,,,soc2-thermal,59.5
1780554137.523601,,,tj-thermal,61.718
1780554137.629601,VDD_IN,9548.928,,
1780554137.629601,VDD_CPU_GPU_CV,3838.464,,
1780554137.629601,VDD_SOC,2121.984,,
1780554137.629601,,,cpu-thermal,60.875
1780554137.629601,,,gpu-thermal,61.843
1780554137.629601,,,soc0-thermal,59.187
1780554137.629601,,,soc1-thermal,58.468
1780554137.629601,,,soc2-thermal,59.406
1780554137.629601,,,tj-thermal,61.687
1780554137.735325,VDD_IN,9470.336,,
1780554137.735325,VDD_CPU_GPU_CV,3838.464,,
1780554137.735325,VDD_SOC,2082.688,,
1780554137.735325,,,cpu-thermal,61.0
1780554137.735325,,,gpu-thermal,61.656
1780554137.735325,,,soc0-thermal,59.25
1780554137.735325,,,soc1-thermal,58.531
1780554137.735325,,,soc2-thermal,59.437
1780554137.735325,,,tj-thermal,61.875
1780554137.8420558,VDD_IN,9863.296,,
1780554137.8420558,VDD_CPU_GPU_CV,4151.808,,
1780554137.8420558,VDD_SOC,2118.528,,
1780554137.8420558,,,cpu-thermal,61.656
1780554137.8420558,,,gpu-thermal,61.937
1780554137.8420558,,,soc0-thermal,59.375
1780554137.8420558,,,soc1-thermal,58.406
1780554137.8420558,,,soc2-thermal,59.593
1780554137.8420558,,,tj-thermal,61.937
1780554137.951001,VDD_IN,10413.44,,
1780554137.951001,VDD_CPU_GPU_CV,4582.656,,
1780554137.951001,VDD_SOC,2157.76,,
1780554137.951001,,,cpu-thermal,61.406
1780554137.951001,,,gpu-thermal,61.968
1780554137.951001,,,soc0-thermal,59.312
1780554137.951001,,,soc1-thermal,58.562
1780554137.951001,,,soc2-thermal,59.562
1780554137.951001,,,tj-thermal,61.906
1780554138.0595083,VDD_IN,10631.872,,
1780554138.0595083,VDD_CPU_GPU_CV,4692.48,,
1780554138.0595083,VDD_SOC,2196.992,,
1780554138.0595083,,,cpu-thermal,61.468
1780554138.0595083,,,gpu-thermal,62.062
1780554138.0595083,,,soc0-thermal,59.312
1780554138.0595083,,,soc1-thermal,58.687
1780554138.0595083,,,soc2-thermal,59.687
1780554138.0595083,,,tj-thermal,62.062
1780554138.1654437,VDD_IN,10413.44,,
1780554138.1654437,VDD_CPU_GPU_CV,4504.32,,
1780554138.1654437,VDD_SOC,2196.992,,
1780554138.1654437,,,cpu-thermal,61.25
1780554138.1654437,,,gpu-thermal,62.0
1780554138.1654437,,,soc0-thermal,59.187
1780554138.1654437,,,soc1-thermal,58.562
1780554138.1654437,,,soc2-thermal,59.562
1780554138.1654437,,,tj-thermal,62.0
1780554138.2719893,VDD_IN,10256.256,,
1780554138.2719893,VDD_CPU_GPU_CV,4386.816,,
1780554138.2719893,VDD_SOC,2157.76,,
1780554138.2719893,,,cpu-thermal,61.031
1780554138.2719893,,,gpu-thermal,62.25
1780554138.2719893,,,soc0-thermal,59.281
1780554138.2719893,,,soc1-thermal,58.625
1780554138.2719893,,,soc2-thermal,59.562
1780554138.2719893,,,tj-thermal,61.968
1780554138.3773868,VDD_IN,10059.776,,
1780554138.3773868,VDD_CPU_GPU_CV,4230.144,,
1780554138.3773868,VDD_SOC,2161.28,,
1780554138.3773868,,,cpu-thermal,61.031
1780554138.3773868,,,gpu-thermal,62.093
1780554138.3773868,,,soc0-thermal,59.343
1780554138.3773868,,,soc1-thermal,58.656
1780554138.3773868,,,soc2-thermal,59.562
1780554138.3773868,,,tj-thermal,62.093
1780554138.4828331,VDD_IN,9902.592,,
1780554138.4828331,VDD_CPU_GPU_CV,4151.808,,
1780554138.4828331,VDD_SOC,2161.28,,
1780554138.4828331,,,cpu-thermal,61.156
1780554138.4828331,,,gpu-thermal,61.906
1780554138.4828331,,,soc0-thermal,59.406
1780554138.4828331,,,soc1-thermal,58.5
1780554138.4828331,,,soc2-thermal,59.562
1780554138.4828331,,,tj-thermal,61.906
1780554138.5887308,VDD_IN,9824.0,,
1780554138.5887308,VDD_CPU_GPU_CV,4073.472,,
1780554138.5887308,VDD_SOC,2161.28,,
1780554138.5887308,,,cpu-thermal,61.062
1780554138.5887308,,,gpu-thermal,61.968
1780554138.5887308,,,soc0-thermal,59.281
1780554138.5887308,,,soc1-thermal,58.562
1780554138.5887308,,,soc2-thermal,59.531
1780554138.5887308,,,tj-thermal,61.968
1780554138.69423,VDD_IN,9706.112,,
1780554138.69423,VDD_CPU_GPU_CV,3995.136,,
1780554138.69423,VDD_SOC,2121.984,,
1780554138.69423,,,cpu-thermal,60.937
1780554138.69423,,,gpu-thermal,61.812
1780554138.69423,,,soc0-thermal,59.375
1780554138.69423,,,soc1-thermal,58.593
1780554138.69423,,,soc2-thermal,59.562
1780554138.69423,,,tj-thermal,61.812
1780554138.7995992,VDD_IN,9666.816,,
1780554138.7995992,VDD_CPU_GPU_CV,3955.968,,
1780554138.7995992,VDD_SOC,2121.984,,
1780554138.7995992,,,cpu-thermal,61.062
1780554138.7995992,,,gpu-thermal,62.031
1780554138.7995992,,,soc0-thermal,59.406
1780554138.7995992,,,soc1-thermal,58.687
1780554138.7995992,,,soc2-thermal,59.625
1780554138.7995992,,,tj-thermal,61.843
1780554138.9054766,VDD_IN,9824.0,,
1780554138.9054766,VDD_CPU_GPU_CV,3995.136,,
1780554138.9054766,VDD_SOC,2161.28,,
1780554138.9054766,,,cpu-thermal,61.312
1780554138.9054766,,,gpu-thermal,62.125
1780554138.9054766,,,soc0-thermal,59.531
1780554138.9054766,,,soc1-thermal,58.593
1780554138.9054766,,,soc2-thermal,59.593
1780554138.9054766,,,tj-thermal,62.125
1780554139.010912,VDD_IN,9941.888,,
1780554139.010912,VDD_CPU_GPU_CV,4119.36,,
1780554139.010912,VDD_SOC,2200.576,,
1780554139.010912,,,cpu-thermal,61.093
1780554139.010912,,,gpu-thermal,62.031
1780554139.010912,,,soc0-thermal,59.343
1780554139.010912,,,soc1-thermal,58.656
1780554139.010912,,,soc2-thermal,59.593
1780554139.010912,,,tj-thermal,62.031
1780554139.116397,VDD_IN,9824.0,,
1780554139.116397,VDD_CPU_GPU_CV,4040.896,,
1780554139.116397,VDD_SOC,2161.28,,
1780554139.116397,,,cpu-thermal,60.968
1780554139.116397,,,gpu-thermal,61.843
1780554139.116397,,,soc0-thermal,59.468
1780554139.116397,,,soc1-thermal,58.75
1780554139.116397,,,soc2-thermal,59.593
1780554139.116397,,,tj-thermal,61.843
1780554139.222486,VDD_IN,9784.704,,
1780554139.222486,VDD_CPU_GPU_CV,4001.664,,
1780554139.222486,VDD_SOC,2161.28,,
1780554139.222486,,,cpu-thermal,61.187
1780554139.222486,,,gpu-thermal,62.125
1780554139.222486,,,soc0-thermal,59.468
1780554139.222486,,,soc1-thermal,58.812
1780554139.222486,,,soc2-thermal,59.625
1780554139.222486,,,tj-thermal,62.125
1780554139.3283505,VDD_IN,9627.52,,
1780554139.3283505,VDD_CPU_GPU_CV,3923.2,,
1780554139.3283505,VDD_SOC,2121.984,,
1780554139.3283505,,,cpu-thermal,61.343
1780554139.3283505,,,gpu-thermal,62.031
1780554139.3283505,,,soc0-thermal,59.343
1780554139.3283505,,,soc1-thermal,58.593
1780554139.3283505,,,soc2-thermal,59.625
1780554139.3283505,,,tj-thermal,62.031
1780554139.434609,VDD_IN,9666.816,,
1780554139.434609,VDD_CPU_GPU_CV,3955.968,,
1780554139.434609,VDD_SOC,2121.984,,
1780554139.434609,,,cpu-thermal,61.0
1780554139.434609,,,gpu-thermal,62.375
1780554139.434609,,,soc0-thermal,59.5
1780554139.434609,,,soc1-thermal,58.718
1780554139.434609,,,soc2-thermal,59.656
1780554139.434609,,,tj-thermal,62.031
1780554139.540502,VDD_IN,9548.928,,
1780554139.540502,VDD_CPU_GPU_CV,3883.968,,
1780554139.540502,VDD_SOC,2121.984,,
1780554139.540502,,,cpu-thermal,61.156
1780554139.540502,,,gpu-thermal,62.156
1780554139.540502,,,soc0-thermal,59.5
1780554139.540502,,,soc1-thermal,58.718
1780554139.540502,,,soc2-thermal,59.593
1780554139.540502,,,tj-thermal,61.875
1780554139.6462057,VDD_IN,9431.04,,
1780554139.6462057,VDD_CPU_GPU_CV,3805.504,,
1780554139.6462057,VDD_SOC,2082.688,,
1780554139.6462057,,,cpu-thermal,61.218
1780554139.6462057,,,gpu-thermal,62.031
1780554139.6462057,,,soc0-thermal,59.593
1780554139.6462057,,,soc1-thermal,58.75
1780554139.6462057,,,soc2-thermal,59.687
1780554139.6462057,,,tj-thermal,62.031
1780554139.7518675,VDD_IN,9407.04,,
1780554139.7518675,VDD_CPU_GPU_CV,3766.272,,
1780554139.7518675,VDD_SOC,2082.688,,
1780554139.7518675,,,cpu-thermal,61.312
1780554139.7518675,,,gpu-thermal,61.937
1780554139.7518675,,,soc0-thermal,59.437
1780554139.7518675,,,soc1-thermal,58.656
1780554139.7518675,,,soc2-thermal,59.625
1780554139.7518675,,,tj-thermal,61.937
1780554139.85797,VDD_IN,9548.928,,
1780554139.85797,VDD_CPU_GPU_CV,3883.968,,
1780554139.85797,VDD_SOC,2121.984,,
1780554139.85797,,,cpu-thermal,61.25
1780554139.85797,,,gpu-thermal,61.906
1780554139.85797,,,soc0-thermal,59.437
1780554139.85797,,,soc1-thermal,58.718
1780554139.85797,,,soc2-thermal,59.75
1780554139.85797,,,tj-thermal,61.906
1780554139.9638298,VDD_IN,9588.224,,
1780554139.9638298,VDD_CPU_GPU_CV,3877.632,,
1780554139.9638298,VDD_SOC,2121.984,,
1780554139.9638298,,,cpu-thermal,61.281
1780554139.9638298,,,gpu-thermal,61.875
1780554139.9638298,,,soc0-thermal,59.468
1780554139.9638298,,,soc1-thermal,58.625
1780554139.9638298,,,soc2-thermal,59.718
1780554139.9638298,,,tj-thermal,61.875
1780554140.0696626,VDD_IN,9588.224,,
1780554140.0696626,VDD_CPU_GPU_CV,3916.8,,
1780554140.0696626,VDD_SOC,2121.984,,
1780554140.0696626,,,cpu-thermal,61.25
1780554140.0696626,,,gpu-thermal,62.25
1780554140.0696626,,,soc0-thermal,59.437
1780554140.0696626,,,soc1-thermal,58.656
1780554140.0696626,,,soc2-thermal,59.687
1780554140.0696626,,,tj-thermal,62.25
1780554140.175292,VDD_IN,9548.928,,
1780554140.175292,VDD_CPU_GPU_CV,3838.464,,
1780554140.175292,VDD_SOC,2121.984,,
1780554140.175292,,,cpu-thermal,61.093
1780554140.175292,,,gpu-thermal,61.937
1780554140.175292,,,soc0-thermal,59.468
1780554140.175292,,,soc1-thermal,58.75
1780554140.175292,,,soc2-thermal,59.593
1780554140.175292,,,tj-thermal,62.187
1780554140.2818673,VDD_IN,9431.04,,
1780554140.2818673,VDD_CPU_GPU_CV,3799.296,,
1780554140.2818673,VDD_SOC,2121.984,,
1780554140.2818673,,,cpu-thermal,61.156
1780554140.2818673,,,gpu-thermal,61.875
1780554140.2818673,,,soc0-thermal,59.5
1780554140.2818673,,,soc1-thermal,58.906
1780554140.2818673,,,soc2-thermal,59.687
1780554140.2818673,,,tj-thermal,62.062
1780554140.3873763,VDD_IN,9470.336,,
1780554140.3873763,VDD_CPU_GPU_CV,3799.296,,
1780554140.3873763,VDD_SOC,2121.984,,
1780554140.3873763,,,cpu-thermal,61.218
1780554140.3873763,,,gpu-thermal,62.343
1780554140.3873763,,,soc0-thermal,59.718
1780554140.3873763,,,soc1-thermal,58.687
1780554140.3873763,,,soc2-thermal,59.718
1780554140.3873763,,,tj-thermal,61.968
1780554140.4933841,VDD_IN,9431.04,,
1780554140.4933841,VDD_CPU_GPU_CV,3805.504,,
1780554140.4933841,VDD_SOC,2121.984,,
1780554140.4933841,,,cpu-thermal,61.125
1780554140.4933841,,,gpu-thermal,62.093
1780554140.4933841,,,soc0-thermal,59.5
1780554140.4933841,,,soc1-thermal,58.781
1780554140.4933841,,,soc2-thermal,59.75
1780554140.4933841,,,tj-thermal,62.093
1780554140.598908,VDD_IN,9431.04,,
1780554140.598908,VDD_CPU_GPU_CV,3805.504,,
1780554140.598908,VDD_SOC,2121.984,,
1780554140.598908,,,cpu-thermal,61.187
1780554140.598908,,,gpu-thermal,62.125
1780554140.598908,,,soc0-thermal,59.562
1780554140.598908,,,soc1-thermal,58.843
1780554140.598908,,,soc2-thermal,59.656
1780554140.598908,,,tj-thermal,62.125
1780554140.7045255,VDD_IN,9509.632,,
1780554140.7045255,VDD_CPU_GPU_CV,3838.464,,
1780554140.7045255,VDD_SOC,2121.984,,
1780554140.7045255,,,cpu-thermal,61.25
1780554140.7045255,,,gpu-thermal,61.968
1780554140.7045255,,,soc0-thermal,59.593
1780554140.7045255,,,soc1-thermal,58.656
1780554140.7045255,,,soc2-thermal,59.75
1780554140.7045255,,,tj-thermal,61.968
1780554140.810304,VDD_IN,9588.224,,
1780554140.810304,VDD_CPU_GPU_CV,3877.632,,
1780554140.810304,VDD_SOC,2121.984,,
1780554140.810304,,,cpu-thermal,61.625
1780554140.810304,,,gpu-thermal,61.968
1780554140.810304,,,soc0-thermal,59.468
1780554140.810304,,,soc1-thermal,58.906
1780554140.810304,,,soc2-thermal,59.75
1780554140.810304,,,tj-thermal,61.968
1780554140.9173675,VDD_IN,9666.816,,
1780554140.9173675,VDD_CPU_GPU_CV,3916.8,,
1780554140.9173675,VDD_SOC,2121.984,,
1780554140.9173675,,,cpu-thermal,61.25
1780554140.9173675,,,gpu-thermal,62.375
1780554140.9173675,,,soc0-thermal,59.5
1780554140.9173675,,,soc1-thermal,58.875
1780554140.9173675,,,soc2-thermal,59.812
1780554140.9173675,,,tj-thermal,62.375
1780554141.0230172,VDD_IN,9863.296,,
1780554141.0230172,VDD_CPU_GPU_CV,4034.304,,
1780554141.0230172,VDD_SOC,2161.28,,
1780554141.0230172,,,cpu-thermal,61.312
1780554141.0230172,,,gpu-thermal,62.312
1780554141.0230172,,,soc0-thermal,59.625
1780554141.0230172,,,soc1-thermal,59.031
1780554141.0230172,,,soc2-thermal,59.812
1780554141.0230172,,,tj-thermal,62.375
1780554141.1287382,VDD_IN,9784.704,,
1780554141.1287382,VDD_CPU_GPU_CV,3995.136,,
1780554141.1287382,VDD_SOC,2161.28,,
1780554141.1287382,,,cpu-thermal,61.343
1780554141.1287382,,,gpu-thermal,62.0
1780554141.1287382,,,soc0-thermal,59.75
1780554141.1287382,,,soc1-thermal,58.781
1780554141.1287382,,,soc2-thermal,59.906
1780554141.1287382,,,tj-thermal,62.187
1780554141.2346725,VDD_IN,9666.816,,
1780554141.2346725,VDD_CPU_GPU_CV,3916.8,,
1780554141.2346725,VDD_SOC,2121.984,,
1780554141.2346725,,,cpu-thermal,61.531
1780554141.2346725,,,gpu-thermal,62.375
1780554141.2346725,,,soc0-thermal,59.562
1780554141.2346725,,,soc1-thermal,58.843
1780554141.2346725,,,soc2-thermal,59.812
1780554141.2346725,,,tj-thermal,62.375
1780554141.340607,VDD_IN,9588.224,,
1780554141.340607,VDD_CPU_GPU_CV,3916.8,,
1780554141.340607,VDD_SOC,2121.984,,
1780554141.340607,,,cpu-thermal,61.281
1780554141.340607,,,gpu-thermal,62.25
1780554141.340607,,,soc0-thermal,59.656
1780554141.340607,,,soc1-thermal,58.906
1780554141.340607,,,soc2-thermal,59.781
1780554141.340607,,,tj-thermal,62.25
1780554141.4460473,VDD_IN,9548.928,,
1780554141.4460473,VDD_CPU_GPU_CV,3877.632,,
1780554141.4460473,VDD_SOC,2121.984,,
1780554141.4460473,,,cpu-thermal,61.343
1780554141.4460473,,,gpu-thermal,62.187
1780554141.4460473,,,soc0-thermal,59.718
1780554141.4460473,,,soc1-thermal,58.968
1780554141.4460473,,,soc2-thermal,59.843
1780554141.4460473,,,tj-thermal,62.187
1780554141.5514352,VDD_IN,9470.336,,
1780554141.5514352,VDD_CPU_GPU_CV,3838.464,,
1780554141.5514352,VDD_SOC,2121.984,,
1780554141.5514352,,,cpu-thermal,61.406
1780554141.5514352,,,gpu-thermal,62.156
1780554141.5514352,,,soc0-thermal,59.593
1780554141.5514352,,,soc1-thermal,58.843
1780554141.5514352,,,soc2-thermal,59.843
1780554141.5514352,,,tj-thermal,62.156
1780554141.6572127,VDD_IN,9470.336,,
1780554141.6572127,VDD_CPU_GPU_CV,3838.464,,
1780554141.6572127,VDD_SOC,2121.984,,
1780554141.6572127,,,cpu-thermal,61.281
1780554141.6572127,,,gpu-thermal,62.312
1780554141.6572127,,,soc0-thermal,59.625
1780554141.6572127,,,soc1-thermal,58.875
1780554141.6572127,,,soc2-thermal,59.875
1780554141.6572127,,,tj-thermal,62.062
1780554141.7628977,VDD_IN,9431.04,,
1780554141.7628977,VDD_CPU_GPU_CV,3799.296,,
1780554141.7628977,VDD_SOC,2121.984,,
1780554141.7628977,,,cpu-thermal,61.375
1780554141.7628977,,,gpu-thermal,62.156
1780554141.7628977,,,soc0-thermal,59.593
1780554141.7628977,,,soc1-thermal,58.906
1780554141.7628977,,,soc2-thermal,59.843
1780554141.7628977,,,tj-thermal,62.156
1780554141.8687186,VDD_IN,9588.224,,
1780554141.8687186,VDD_CPU_GPU_CV,3916.8,,
1780554141.8687186,VDD_SOC,2121.984,,
1780554141.8687186,,,cpu-thermal,61.312
1780554141.8687186,,,gpu-thermal,62.25
1780554141.8687186,,,soc0-thermal,59.812
1780554141.8687186,,,soc1-thermal,58.843
1780554141.8687186,,,soc2-thermal,59.937
1780554141.8687186,,,tj-thermal,62.25
1780554141.9742205,VDD_IN,9784.704,,
1780554141.9742205,VDD_CPU_GPU_CV,3995.136,,
1780554141.9742205,VDD_SOC,2161.28,,
1780554141.9742205,,,cpu-thermal,61.468
1780554141.9742205,,,gpu-thermal,62.25
1780554141.9742205,,,soc0-thermal,59.687
1780554141.9742205,,,soc1-thermal,58.812
1780554141.9742205,,,soc2-thermal,59.843
1780554141.9742205,,,tj-thermal,62.25
1780554142.0799499,VDD_IN,9784.704,,
1780554142.0799499,VDD_CPU_GPU_CV,3995.136,,
1780554142.0799499,VDD_SOC,2161.28,,
1780554142.0799499,,,cpu-thermal,61.281
1780554142.0799499,,,gpu-thermal,62.531
1780554142.0799499,,,soc0-thermal,59.625
1780554142.0799499,,,soc1-thermal,58.937
1780554142.0799499,,,soc2-thermal,59.906
1780554142.0799499,,,tj-thermal,62.531
1780554142.1858125,VDD_IN,9706.112,,
1780554142.1858125,VDD_CPU_GPU_CV,3955.968,,
1780554142.1858125,VDD_SOC,2161.28,,
1780554142.1858125,,,cpu-thermal,61.312
1780554142.1858125,,,gpu-thermal,62.25
1780554142.1858125,,,soc0-thermal,59.687
1780554142.1858125,,,soc1-thermal,59.0
1780554142.1858125,,,soc2-thermal,59.937
1780554142.1858125,,,tj-thermal,62.437
1780554142.2912474,VDD_IN,9588.224,,
1780554142.2912474,VDD_CPU_GPU_CV,3883.968,,
1780554142.2912474,VDD_SOC,2121.984,,
1780554142.2912474,,,cpu-thermal,61.343
1780554142.2912474,,,gpu-thermal,62.187
1780554142.2912474,,,soc0-thermal,59.843
1780554142.2912474,,,soc1-thermal,58.781
1780554142.2912474,,,soc2-thermal,59.937
1780554142.2912474,,,tj-thermal,62.187
1780554142.3968465,VDD_IN,9588.224,,
1780554142.3968465,VDD_CPU_GPU_CV,3883.968,,
1780554142.3968465,VDD_SOC,2121.984,,
1780554142.3968465,,,cpu-thermal,61.437
1780554142.3968465,,,gpu-thermal,62.5
1780554142.3968465,,,soc0-thermal,59.625
1780554142.3968465,,,soc1-thermal,58.937
1780554142.3968465,,,soc2-thermal,59.875
1780554142.3968465,,,tj-thermal,62.5
1780554142.5023532,VDD_IN,9509.632,,
1780554142.5023532,VDD_CPU_GPU_CV,3844.736,,
1780554142.5023532,VDD_SOC,2121.984,,
1780554142.5023532,,,cpu-thermal,61.312
1780554142.5023532,,,gpu-thermal,62.437
1780554142.5023532,,,soc0-thermal,59.687
1780554142.5023532,,,soc1-thermal,59.031
1780554142.5023532,,,soc2-thermal,59.843
1780554142.5023532,,,tj-thermal,62.437
1780554142.6082504,VDD_IN,9470.336,,
1780554142.6082504,VDD_CPU_GPU_CV,3805.504,,
1780554142.6082504,VDD_SOC,2121.984,,
1780554142.6082504,,,cpu-thermal,61.343
1780554142.6082504,,,gpu-thermal,62.281
1780554142.6082504,,,soc0-thermal,59.718
1780554142.6082504,,,soc1-thermal,58.906
1780554142.6082504,,,soc2-thermal,59.937
1780554142.6082504,,,tj-thermal,62.281
1780554142.713628,VDD_IN,9470.336,,
1780554142.713628,VDD_CPU_GPU_CV,3805.504,,
1780554142.713628,VDD_SOC,2121.984,,
1780554142.713628,,,cpu-thermal,61.75
1780554142.713628,,,gpu-thermal,62.5
1780554142.713628,,,soc0-thermal,59.843
1780554142.713628,,,soc1-thermal,58.875
1780554142.713628,,,soc2-thermal,60.0
1780554142.713628,,,tj-thermal,62.218
1780554142.819072,VDD_IN,9509.632,,
1780554142.819072,VDD_CPU_GPU_CV,3805.504,,
1780554142.819072,VDD_SOC,2121.984,,
1780554142.819072,,,cpu-thermal,61.312
1780554142.819072,,,gpu-thermal,62.437
1780554142.819072,,,soc0-thermal,59.687
1780554142.819072,,,soc1-thermal,59.0
1780554142.819072,,,soc2-thermal,59.875
1780554142.819072,,,tj-thermal,62.437
1780554142.924449,VDD_IN,9721.92,,
1780554142.924449,VDD_CPU_GPU_CV,3923.2,,
1780554142.924449,VDD_SOC,2161.28,,
1780554142.924449,,,cpu-thermal,61.25
1780554142.924449,,,gpu-thermal,62.437
1780554142.924449,,,soc0-thermal,59.75
1780554142.924449,,,soc1-thermal,59.0
1780554142.924449,,,soc2-thermal,59.937
1780554142.924449,,,tj-thermal,62.437
1780554143.0297842,VDD_IN,9840.0,,
1780554143.0297842,VDD_CPU_GPU_CV,4001.664,,
1780554143.0297842,VDD_SOC,2200.576,,
1780554143.0297842,,,cpu-thermal,61.343
1780554143.0297842,,,gpu-thermal,62.375
1780554143.0297842,,,soc0-thermal,59.843
1780554143.0297842,,,soc1-thermal,59.125
1780554143.0297842,,,soc2-thermal,59.937
1780554143.0297842,,,tj-thermal,62.375
1780554143.1352386,VDD_IN,9761.28,,
1780554143.1352386,VDD_CPU_GPU_CV,3962.432,,
1780554143.1352386,VDD_SOC,2161.28,,
1780554143.1352386,,,cpu-thermal,61.593
1780554143.1352386,,,gpu-thermal,62.468
1780554143.1352386,,,soc0-thermal,59.843
1780554143.1352386,,,soc1-thermal,58.968
1780554143.1352386,,,soc2-thermal,60.0
1780554143.1352386,,,tj-thermal,62.343
1780554143.2409196,VDD_IN,9603.84,,
1780554143.2409196,VDD_CPU_GPU_CV,3883.968,,
1780554143.2409196,VDD_SOC,2161.28,,
1780554143.2409196,,,cpu-thermal,61.312
1780554143.2409196,,,gpu-thermal,62.375
1780554143.2409196,,,soc0-thermal,59.75
1780554143.2409196,,,soc1-thermal,59.0
1780554143.2409196,,,soc2-thermal,59.906
1780554143.2409196,,,tj-thermal,62.375
1780554143.3463278,VDD_IN,9525.12,,
1780554143.3463278,VDD_CPU_GPU_CV,3844.736,,
1780554143.3463278,VDD_SOC,2121.984,,
1780554143.3463278,,,cpu-thermal,61.437
1780554143.3463278,,,gpu-thermal,62.343
1780554143.3463278,,,soc0-thermal,59.843
1780554143.3463278,,,soc1-thermal,59.062
1780554143.3463278,,,soc2-thermal,60.031
1780554143.3463278,,,tj-thermal,62.343
1780554143.4518583,VDD_IN,9485.76,,
1780554143.4518583,VDD_CPU_GPU_CV,3805.504,,
1780554143.4518583,VDD_SOC,2121.984,,
1780554143.4518583,,,cpu-thermal,61.5
1780554143.4518583,,,gpu-thermal,62.218
1780554143.4518583,,,soc0-thermal,59.875
1780554143.4518583,,,soc1-thermal,59.031
1780554143.4518583,,,soc2-thermal,59.968
1780554143.4518583,,,tj-thermal,62.218
1780554143.5575843,VDD_IN,9485.76,,
1780554143.5575843,VDD_CPU_GPU_CV,3805.504,,
1780554143.5575843,VDD_SOC,2121.984,,
1780554143.5575843,,,cpu-thermal,61.625
1780554143.5575843,,,gpu-thermal,62.406
1780554143.5575843,,,soc0-thermal,59.906
1780554143.5575843,,,soc1-thermal,59.0
1780554143.5575843,,,soc2-thermal,60.0
1780554143.5575843,,,tj-thermal,62.625
1780554143.6630733,VDD_IN,9407.04,,
1780554143.6630733,VDD_CPU_GPU_CV,3766.272,,
1780554143.6630733,VDD_SOC,2121.984,,
1780554143.6630733,,,cpu-thermal,61.312
1780554143.6630733,,,gpu-thermal,62.312
1780554143.6630733,,,soc0-thermal,59.875
1780554143.6630733,,,soc1-thermal,59.093
1780554143.6630733,,,soc2-thermal,59.937
1780554143.6630733,,,tj-thermal,62.312
1780554143.7684457,VDD_IN,9367.68,,
1780554143.7684457,VDD_CPU_GPU_CV,3766.272,,
1780554143.7684457,VDD_SOC,2121.984,,
1780554143.7684457,,,cpu-thermal,61.531
1780554143.7684457,,,gpu-thermal,62.281
1780554143.7684457,,,soc0-thermal,59.875
1780554143.7684457,,,soc1-thermal,59.156
1780554143.7684457,,,soc2-thermal,60.0
1780554143.7684457,,,tj-thermal,62.281
1780554143.874714,VDD_IN,9603.84,,
1780554143.874714,VDD_CPU_GPU_CV,3883.968,,
1780554143.874714,VDD_SOC,2121.984,,
1780554143.874714,,,cpu-thermal,61.562
1780554143.874714,,,gpu-thermal,62.781
1780554143.874714,,,soc0-thermal,59.968
1780554143.874714,,,soc1-thermal,59.031
1780554143.874714,,,soc2-thermal,60.0
1780554143.874714,,,tj-thermal,62.781
1780554143.9802766,VDD_IN,9800.64,,
1780554143.9802766,VDD_CPU_GPU_CV,3962.432,,
1780554143.9802766,VDD_SOC,2161.28,,
1780554143.9802766,,,cpu-thermal,61.562
1780554143.9802766,,,gpu-thermal,62.562
1780554143.9802766,,,soc0-thermal,59.906
1780554143.9802766,,,soc1-thermal,59.062
1780554143.9802766,,,soc2-thermal,60.0
1780554143.9802766,,,tj-thermal,62.562
1780554144.0856667,VDD_IN,9863.296,,
1780554144.0856667,VDD_CPU_GPU_CV,4040.896,,
1780554144.0856667,VDD_SOC,2161.28,,
1780554144.0856667,,,cpu-thermal,61.531
1780554144.0856667,,,gpu-thermal,62.375
1780554144.0856667,,,soc0-thermal,59.875
1780554144.0856667,,,soc1-thermal,59.093
1780554144.0856667,,,soc2-thermal,60.062
1780554144.0856667,,,tj-thermal,62.468
1780554144.191449,VDD_IN,9863.296,,
1780554144.191449,VDD_CPU_GPU_CV,4034.304,,
1780554144.191449,VDD_SOC,2161.28,,
1780554144.191449,,,cpu-thermal,61.625
1780554144.191449,,,gpu-thermal,62.718
1780554144.191449,,,soc0-thermal,59.875
1780554144.191449,,,soc1-thermal,59.281
1780554144.191449,,,soc2-thermal,60.031
1780554144.191449,,,tj-thermal,62.437
1780554144.2976978,VDD_IN,9824.0,,
1780554144.2976978,VDD_CPU_GPU_CV,3995.136,,
1780554144.2976978,VDD_SOC,2161.28,,
1780554144.2976978,,,cpu-thermal,61.718
1780554144.2976978,,,gpu-thermal,62.406
1780554144.2976978,,,soc0-thermal,60.0
1780554144.2976978,,,soc1-thermal,59.093
1780554144.2976978,,,soc2-thermal,60.0
1780554144.2976978,,,tj-thermal,62.343
1780554144.4034467,VDD_IN,9706.112,,
1780554144.4034467,VDD_CPU_GPU_CV,3955.968,,
1780554144.4034467,VDD_SOC,2161.28,,
1780554144.4034467,,,cpu-thermal,61.531
1780554144.4034467,,,gpu-thermal,62.468
1780554144.4034467,,,soc0-thermal,59.906
1780554144.4034467,,,soc1-thermal,59.156
1780554144.4034467,,,soc2-thermal,60.093
1780554144.4034467,,,tj-thermal,62.468
1780554144.5091138,VDD_IN,9666.816,,
1780554144.5091138,VDD_CPU_GPU_CV,3916.8,,
1780554144.5091138,VDD_SOC,2121.984,,
1780554144.5091138,,,cpu-thermal,61.562
1780554144.5091138,,,gpu-thermal,62.406
1780554144.5091138,,,soc0-thermal,59.875
1780554144.5091138,,,soc1-thermal,59.218
1780554144.5091138,,,soc2-thermal,60.062
1780554144.5091138,,,tj-thermal,62.406
1780554144.614821,VDD_IN,9548.928,,
1780554144.614821,VDD_CPU_GPU_CV,3877.632,,
1780554144.614821,VDD_SOC,2121.984,,
1780554144.614821,,,cpu-thermal,61.656
1780554144.614821,,,gpu-thermal,62.312
1780554144.614821,,,soc0-thermal,59.968
1780554144.614821,,,soc1-thermal,59.375
1780554144.614821,,,soc2-thermal,60.187
1780554144.614821,,,tj-thermal,62.312
1780554144.720513,VDD_IN,9470.336,,
1780554144.720513,VDD_CPU_GPU_CV,3844.736,,
1780554144.720513,VDD_SOC,2121.984,,
1780554144.720513,,,cpu-thermal,61.531
1780554144.720513,,,gpu-thermal,62.718
1780554144.720513,,,soc0-thermal,59.937
1780554144.720513,,,soc1-thermal,59.156
1780554144.720513,,,soc2-thermal,60.062
1780554144.720513,,,tj-thermal,62.718
1780554144.826523,VDD_IN,9509.632,,
1780554144.826523,VDD_CPU_GPU_CV,3844.736,,
1780554144.826523,VDD_SOC,2121.984,,
1780554144.826523,,,cpu-thermal,61.531
1780554144.826523,,,gpu-thermal,62.468
1780554144.826523,,,soc0-thermal,59.906
1780554144.826523,,,soc1-thermal,59.156
1780554144.826523,,,soc2-thermal,60.031
1780554144.826523,,,tj-thermal,62.718
1780554144.9318824,VDD_IN,9706.112,,
1780554144.9318824,VDD_CPU_GPU_CV,3962.432,,
1780554144.9318824,VDD_SOC,2161.28,,
1780554144.9318824,,,cpu-thermal,61.593
1780554144.9318824,,,gpu-thermal,62.5
1780554144.9318824,,,soc0-thermal,59.937
1780554144.9318824,,,soc1-thermal,59.343
1780554144.9318824,,,soc2-thermal,60.125
1780554144.9318824,,,tj-thermal,62.656
1780554145.0378273,VDD_IN,9824.0,,
1780554145.0378273,VDD_CPU_GPU_CV,4001.664,,
1780554145.0378273,VDD_SOC,2161.28,,
1780554145.0378273,,,cpu-thermal,61.781
1780554145.0378273,,,gpu-thermal,62.75
1780554145.0378273,,,soc0-thermal,60.031
1780554145.0378273,,,soc1-thermal,59.187
1780554145.0378273,,,soc2-thermal,60.218
1780554145.0378273,,,tj-thermal,62.75
1780554145.1438491,VDD_IN,9784.704,,
1780554145.1438491,VDD_CPU_GPU_CV,3995.136,,
1780554145.1438491,VDD_SOC,2161.28,,
1780554145.1438491,,,cpu-thermal,61.562
1780554145.1438491,,,gpu-thermal,62.656
1780554145.1438491,,,soc0-thermal,59.875
1780554145.1438491,,,soc1-thermal,59.125
1780554145.1438491,,,soc2-thermal,60.125
1780554145.1438491,,,tj-thermal,62.656
1780554145.2495944,VDD_IN,9706.112,,
1780554145.2495944,VDD_CPU_GPU_CV,3955.968,,
1780554145.2495944,VDD_SOC,2161.28,,
1780554145.2495944,,,cpu-thermal,61.531
1780554145.2495944,,,gpu-thermal,62.531
1780554145.2495944,,,soc0-thermal,60.0
1780554145.2495944,,,soc1-thermal,59.312
1780554145.2495944,,,soc2-thermal,60.125
1780554145.2495944,,,tj-thermal,62.531
1780554145.3553057,VDD_IN,9627.52,,
1780554145.3553057,VDD_CPU_GPU_CV,3923.2,,
1780554145.3553057,VDD_SOC,2161.28,,
1780554145.3553057,,,cpu-thermal,61.656
1780554145.3553057,,,gpu-thermal,62.531
1780554145.3553057,,,soc0-thermal,60.062
1780554145.3553057,,,soc1-thermal,59.218
1780554145.3553057,,,soc2-thermal,60.25
1780554145.3553057,,,tj-thermal,62.531
1780554145.4610662,VDD_IN,9548.928,,
1780554145.4610662,VDD_CPU_GPU_CV,3883.968,,
1780554145.4610662,VDD_SOC,2121.984,,
1780554145.4610662,,,cpu-thermal,61.781
1780554145.4610662,,,gpu-thermal,62.562
1780554145.4610662,,,soc0-thermal,59.906
1780554145.4610662,,,soc1-thermal,59.218
1780554145.4610662,,,soc2-thermal,60.281
1780554145.4610662,,,tj-thermal,62.468
1780554145.566425,VDD_IN,9509.632,,
1780554145.566425,VDD_CPU_GPU_CV,3844.736,,
1780554145.566425,VDD_SOC,2121.984,,
1780554145.566425,,,cpu-thermal,62.0
1780554145.566425,,,gpu-thermal,62.562
1780554145.566425,,,soc0-thermal,59.968
1780554145.566425,,,soc1-thermal,59.218
1780554145.566425,,,soc2-thermal,60.187
1780554145.566425,,,tj-thermal,62.562
1780554145.6722088,VDD_IN,9470.336,,
1780554145.6722088,VDD_CPU_GPU_CV,3844.736,,
1780554145.6722088,VDD_SOC,2121.984,,
1780554145.6722088,,,cpu-thermal,61.718
1780554145.6722088,,,gpu-thermal,62.562
1780554145.6722088,,,soc0-thermal,59.968
1780554145.6722088,,,soc1-thermal,59.312
1780554145.6722088,,,soc2-thermal,60.218
1780554145.6722088,,,tj-thermal,62.562
1780554145.777837,VDD_IN,9407.04,,
1780554145.777837,VDD_CPU_GPU_CV,3805.504,,
1780554145.777837,VDD_SOC,2121.984,,
1780554145.777837,,,cpu-thermal,61.687
1780554145.777837,,,gpu-thermal,62.468
1780554145.777837,,,soc0-thermal,60.0
1780554145.777837,,,soc1-thermal,59.218
1780554145.777837,,,soc2-thermal,60.218
1780554145.777837,,,tj-thermal,62.468
1780554145.8836246,VDD_IN,9682.56,,
1780554145.8836246,VDD_CPU_GPU_CV,3923.2,,
1780554145.8836246,VDD_SOC,2161.28,,
1780554145.8836246,,,cpu-thermal,61.75
1780554145.8836246,,,gpu-thermal,62.968
1780554145.8836246,,,soc0-thermal,60.0
1780554145.8836246,,,soc1-thermal,59.125
1780554145.8836246,,,soc2-thermal,60.093
1780554145.8836246,,,tj-thermal,62.968
1780554145.9890924,VDD_IN,9840.0,,
1780554145.9890924,VDD_CPU_GPU_CV,4001.664,,
1780554145.9890924,VDD_SOC,2161.28,,
1780554145.9890924,,,cpu-thermal,61.593
1780554145.9890924,,,gpu-thermal,62.718
1780554145.9890924,,,soc0-thermal,60.0
1780554145.9890924,,,soc1-thermal,59.343
1780554145.9890924,,,soc2-thermal,60.281
1780554145.9890924,,,tj-thermal,62.875
1780554146.0945127,VDD_IN,9745.408,,
1780554146.0945127,VDD_CPU_GPU_CV,3962.432,,
1780554146.0945127,VDD_SOC,2161.28,,
1780554146.0945127,,,cpu-thermal,61.718
1780554146.0945127,,,gpu-thermal,62.531
1780554146.0945127,,,soc0-thermal,60.062
1780554146.0945127,,,soc1-thermal,59.406
1780554146.0945127,,,soc2-thermal,60.312
1780554146.0945127,,,tj-thermal,62.531
1780554146.200107,VDD_IN,9666.816,,
1780554146.200107,VDD_CPU_GPU_CV,3923.2,,
1780554146.200107,VDD_SOC,2161.28,,
1780554146.200107,,,cpu-thermal,61.718
1780554146.200107,,,gpu-thermal,62.843
1780554146.200107,,,soc0-thermal,60.156
1780554146.200107,,,soc1-thermal,59.218
1780554146.200107,,,soc2-thermal,60.25
1780554146.200107,,,tj-thermal,62.843
1780554146.3056836,VDD_IN,9588.224,,
1780554146.3056836,VDD_CPU_GPU_CV,3883.968,,
1780554146.3056836,VDD_SOC,2161.28,,
1780554146.3056836,,,cpu-thermal,61.781
1780554146.3056836,,,gpu-thermal,62.812
1780554146.3056836,,,soc0-thermal,60.031
1780554146.3056836,,,soc1-thermal,59.406
1780554146.3056836,,,soc2-thermal,60.218
1780554146.3056836,,,tj-thermal,62.812
1780554146.411895,VDD_IN,9509.632,,
1780554146.411895,VDD_CPU_GPU_CV,3844.736,,
1780554146.411895,VDD_SOC,2121.984,,
1780554146.411895,,,cpu-thermal,61.656
1780554146.411895,,,gpu-thermal,62.593
1780554146.411895,,,soc0-thermal,60.062
1780554146.411895,,,soc1-thermal,59.375
1780554146.411895,,,soc2-thermal,60.25
1780554146.411895,,,tj-thermal,62.593
1780554146.5173664,VDD_IN,9509.632,,
1780554146.5173664,VDD_CPU_GPU_CV,3844.736,,
1780554146.5173664,VDD_SOC,2121.984,,
1780554146.5173664,,,cpu-thermal,61.75
1780554146.5173664,,,gpu-thermal,62.781
1780554146.5173664,,,soc0-thermal,60.125
1780554146.5173664,,,soc1-thermal,59.437
1780554146.5173664,,,soc2-thermal,60.281
1780554146.5173664,,,tj-thermal,62.656
1780554146.6231425,VDD_IN,9431.04,,
1780554146.6231425,VDD_CPU_GPU_CV,3805.504,,
1780554146.6231425,VDD_SOC,2121.984,,
1780554146.6231425,,,cpu-thermal,61.75
1780554146.6231425,,,gpu-thermal,62.687
1780554146.6231425,,,soc0-thermal,60.125
1780554146.6231425,,,soc1-thermal,59.312
1780554146.6231425,,,soc2-thermal,60.281
1780554146.6231425,,,tj-thermal,62.562
1780554146.728649,VDD_IN,9391.744,,
1780554146.728649,VDD_CPU_GPU_CV,3766.272,,
1780554146.728649,VDD_SOC,2121.984,,
1780554146.728649,,,cpu-thermal,61.718
1780554146.728649,,,gpu-thermal,62.625
1780554146.728649,,,soc0-thermal,60.062
1780554146.728649,,,soc1-thermal,59.437
1780554146.728649,,,soc2-thermal,60.343
1780554146.728649,,,tj-thermal,62.625
1780554146.8345656,VDD_IN,9485.76,,
1780554146.8345656,VDD_CPU_GPU_CV,3805.504,,
1780554146.8345656,VDD_SOC,2121.984,,
1780554146.8345656,,,cpu-thermal,61.562
1780554146.8345656,,,gpu-thermal,62.687
1780554146.8345656,,,soc0-thermal,60.156
1780554146.8345656,,,soc1-thermal,59.406
1780554146.8345656,,,soc2-thermal,60.343
1780554146.8345656,,,tj-thermal,62.687
1780554146.94035,VDD_IN,9721.92,,
1780554146.94035,VDD_CPU_GPU_CV,3962.432,,
1780554146.94035,VDD_SOC,2161.28,,
1780554146.94035,,,cpu-thermal,61.656
1780554146.94035,,,gpu-thermal,62.718
1780554146.94035,,,soc0-thermal,60.25
1780554146.94035,,,soc1-thermal,59.375
1780554146.94035,,,soc2-thermal,60.437
1780554146.94035,,,tj-thermal,62.718
1780554147.0464165,VDD_IN,9761.28,,
1780554147.0464165,VDD_CPU_GPU_CV,3962.432,,
1780554147.0464165,VDD_SOC,2161.28,,
1780554147.0464165,,,cpu-thermal,61.625
1780554147.0464165,,,gpu-thermal,63.031
1780554147.0464165,,,soc0-thermal,60.125
1780554147.0464165,,,soc1-thermal,59.343
1780554147.0464165,,,soc2-thermal,60.312
1780554147.0464165,,,tj-thermal,63.031
1780554147.1517994,VDD_IN,9643.2,,
1780554147.1517994,VDD_CPU_GPU_CV,3923.2,,
1780554147.1517994,VDD_SOC,2161.28,,
1780554147.1517994,,,cpu-thermal,61.562
1780554147.1517994,,,gpu-thermal,62.687
1780554147.1517994,,,soc0-thermal,60.187
1780554147.1517994,,,soc1-thermal,59.406
1780554147.1517994,,,soc2-thermal,60.312
1780554147.1517994,,,tj-thermal,62.843
1780554147.257522,VDD_IN,9564.48,,
1780554147.257522,VDD_CPU_GPU_CV,3844.736,,
1780554147.257522,VDD_SOC,2121.984,,
1780554147.257522,,,cpu-thermal,61.687
1780554147.257522,,,gpu-thermal,62.625
1780554147.257522,,,soc0-thermal,60.187
1780554147.257522,,,soc1-thermal,59.531
1780554147.257522,,,soc2-thermal,60.406
1780554147.257522,,,tj-thermal,62.718
1780554147.3632758,VDD_IN,9470.336,,
1780554147.3632758,VDD_CPU_GPU_CV,3805.504,,
1780554147.3632758,VDD_SOC,2121.984,,
1780554147.3632758,,,cpu-thermal,62.093
1780554147.3632758,,,gpu-thermal,62.937
1780554147.3632758,,,soc0-thermal,60.25
1780554147.3632758,,,soc1-thermal,59.375
1780554147.3632758,,,soc2-thermal,60.437
1780554147.3632758,,,tj-thermal,62.937
1780554147.468988,VDD_IN,9470.336,,
1780554147.468988,VDD_CPU_GPU_CV,3766.272,,
1780554147.468988,VDD_SOC,2121.984,,
1780554147.468988,,,cpu-thermal,62.093
1780554147.468988,,,gpu-thermal,62.843
1780554147.468988,,,soc0-thermal,60.093
1780554147.468988,,,soc1-thermal,59.406
1780554147.468988,,,soc2-thermal,60.375
1780554147.468988,,,tj-thermal,62.843
1780554147.5745902,VDD_IN,9470.336,,
1780554147.5745902,VDD_CPU_GPU_CV,3766.272,,
1780554147.5745902,VDD_SOC,2121.984,,
1780554147.5745902,,,cpu-thermal,61.718
1780554147.5745902,,,gpu-thermal,62.75
1780554147.5745902,,,soc0-thermal,60.062
1780554147.5745902,,,soc1-thermal,59.468
1780554147.5745902,,,soc2-thermal,60.437
1780554147.5745902,,,tj-thermal,62.75
1780554147.6803997,VDD_IN,9391.744,,
1780554147.6803997,VDD_CPU_GPU_CV,3727.04,,
1780554147.6803997,VDD_SOC,2121.984,,
1780554147.6803997,,,cpu-thermal,61.875
1780554147.6803997,,,gpu-thermal,62.906
1780554147.6803997,,,soc0-thermal,60.218
1780554147.6803997,,,soc1-thermal,59.406
1780554147.6803997,,,soc2-thermal,60.437
1780554147.6803997,,,tj-thermal,62.687
1780554147.7861652,VDD_IN,9431.04,,
1780554147.7861652,VDD_CPU_GPU_CV,3766.272,,
1780554147.7861652,VDD_SOC,2121.984,,
1780554147.7861652,,,cpu-thermal,61.906
1780554147.7861652,,,gpu-thermal,62.843
1780554147.7861652,,,soc0-thermal,60.312
1780554147.7861652,,,soc1-thermal,59.468
1780554147.7861652,,,soc2-thermal,60.343
1780554147.7861652,,,tj-thermal,62.625
1780554147.8921163,VDD_IN,9627.52,,
1780554147.8921163,VDD_CPU_GPU_CV,3883.968,,
1780554147.8921163,VDD_SOC,2161.28,,
1780554147.8921163,,,cpu-thermal,62.062
1780554147.8921163,,,gpu-thermal,62.875
1780554147.8921163,,,soc0-thermal,60.093
1780554147.8921163,,,soc1-thermal,59.406
1780554147.8921163,,,soc2-thermal,60.343
1780554147.8921163,,,tj-thermal,62.875
1780554147.9974296,VDD_IN,9840.0,,
1780554147.9974296,VDD_CPU_GPU_CV,3962.432,,
1780554147.9974296,VDD_SOC,2161.28,,
1780554147.9974296,,,cpu-thermal,61.812
1780554147.9974296,,,gpu-thermal,62.906
1780554147.9974296,,,soc0-thermal,60.156
1780554147.9974296,,,soc1-thermal,59.5
1780554147.9974296,,,soc2-thermal,60.437
1780554147.9974296,,,tj-thermal,62.906
1780554148.1026947,VDD_IN,9666.816,,
1780554148.1026947,VDD_CPU_GPU_CV,3923.2,,
1780554148.1026947,VDD_SOC,2161.28,,
1780554148.1026947,,,cpu-thermal,61.906
1780554148.1026947,,,gpu-thermal,62.718
1780554148.1026947,,,soc0-thermal,60.312
1780554148.1026947,,,soc1-thermal,59.593
1780554148.1026947,,,soc2-thermal,60.5
1780554148.1026947,,,tj-thermal,62.718
1780554148.2083366,VDD_IN,9548.928,,
1780554148.2083366,VDD_CPU_GPU_CV,3844.736,,
1780554148.2083366,VDD_SOC,2121.984,,
1780554148.2083366,,,cpu-thermal,61.968
1780554148.2083366,,,gpu-thermal,63.031
1780554148.2083366,,,soc0-thermal,60.187
1780554148.2083366,,,soc1-thermal,59.468
1780554148.2083366,,,soc2-thermal,60.406
1780554148.2083366,,,tj-thermal,63.031
1780554148.3142855,VDD_IN,9431.04,,
1780554148.3142855,VDD_CPU_GPU_CV,3766.272,,
1780554148.3142855,VDD_SOC,2121.984,,
1780554148.3142855,,,cpu-thermal,61.781
1780554148.3142855,,,gpu-thermal,62.687
1780554148.3142855,,,soc0-thermal,60.25
1780554148.3142855,,,soc1-thermal,59.437
1780554148.3142855,,,soc2-thermal,60.375
1780554148.3142855,,,tj-thermal,62.906
1780554148.4198556,VDD_IN,9391.744,,
1780554148.4198556,VDD_CPU_GPU_CV,3766.272,,
1780554148.4198556,VDD_SOC,2121.984,,
1780554148.4198556,,,cpu-thermal,61.843
1780554148.4198556,,,gpu-thermal,62.718
1780554148.4198556,,,soc0-thermal,60.281
1780554148.4198556,,,soc1-thermal,59.562
1780554148.4198556,,,soc2-thermal,60.437
1780554148.4198556,,,tj-thermal,62.718
1780554148.5253274,VDD_IN,9352.448,,
1780554148.5253274,VDD_CPU_GPU_CV,3766.272,,
1780554148.5253274,VDD_SOC,2121.984,,
1780554148.5253274,,,cpu-thermal,61.968
1780554148.5253274,,,gpu-thermal,62.968
1780554148.5253274,,,soc0-thermal,60.375
1780554148.5253274,,,soc1-thermal,59.406
1780554148.5253274,,,soc2-thermal,60.531
1780554148.5253274,,,tj-thermal,62.968
1780554148.6313639,VDD_IN,9352.448,,
1780554148.6313639,VDD_CPU_GPU_CV,3727.04,,
1780554148.6313639,VDD_SOC,2121.984,,
1780554148.6313639,,,cpu-thermal,61.812
1780554148.6313639,,,gpu-thermal,62.843
1780554148.6313639,,,soc0-thermal,60.218
1780554148.6313639,,,soc1-thermal,59.531
1780554148.6313639,,,soc2-thermal,60.406
1780554148.6313639,,,tj-thermal,62.843
1780554148.7367957,VDD_IN,9352.448,,
1780554148.7367957,VDD_CPU_GPU_CV,3727.04,,
1780554148.7367957,VDD_SOC,2121.984,,
1780554148.7367957,,,cpu-thermal,61.906
1780554148.7367957,,,gpu-thermal,62.906
1780554148.7367957,,,soc0-thermal,60.187
1780554148.7367957,,,soc1-thermal,59.437
1780554148.7367957,,,soc2-thermal,60.468
1780554148.7367957,,,tj-thermal,62.906
1780554148.842662,VDD_IN,9509.632,,
1780554148.842662,VDD_CPU_GPU_CV,3805.504,,
1780554148.842662,VDD_SOC,2121.984,,
1780554148.842662,,,cpu-thermal,61.843
1780554148.842662,,,gpu-thermal,63.218
1780554148.842662,,,soc0-thermal,60.375
1780554148.842662,,,soc1-thermal,59.625
1780554148.842662,,,soc2-thermal,60.437
1780554148.842662,,,tj-thermal,62.906
1780554148.94798,VDD_IN,9745.408,,
1780554148.94798,VDD_CPU_GPU_CV,3962.432,,
1780554148.94798,VDD_SOC,2161.28,,
1780554148.94798,,,cpu-thermal,61.906
1780554148.94798,,,gpu-thermal,63.218
1780554148.94798,,,soc0-thermal,60.187
1780554148.94798,,,soc1-thermal,59.406
1780554148.94798,,,soc2-thermal,60.468
1780554148.94798,,,tj-thermal,63.218
1780554149.0539827,VDD_IN,9745.408,,
1780554149.0539827,VDD_CPU_GPU_CV,3962.432,,
1780554149.0539827,VDD_SOC,2161.28,,
1780554149.0539827,,,cpu-thermal,61.937
1780554149.0539827,,,gpu-thermal,62.937
1780554149.0539827,,,soc0-thermal,60.218
1780554149.0539827,,,soc1-thermal,59.593
1780554149.0539827,,,soc2-thermal,60.531
1780554149.0539827,,,tj-thermal,62.937
1780554149.159722,VDD_IN,9627.52,,
1780554149.159722,VDD_CPU_GPU_CV,3883.968,,
1780554149.159722,VDD_SOC,2161.28,,
1780554149.159722,,,cpu-thermal,61.937
1780554149.159722,,,gpu-thermal,62.843
1780554149.159722,,,soc0-thermal,60.312
1780554149.159722,,,soc1-thermal,59.687
1780554149.159722,,,soc2-thermal,60.437
1780554149.159722,,,tj-thermal,62.843
1780554149.2651505,VDD_IN,9509.632,,
1780554149.2651505,VDD_CPU_GPU_CV,3805.504,,
1780554149.2651505,VDD_SOC,2121.984,,
1780554149.2651505,,,cpu-thermal,62.093
1780554149.2651505,,,gpu-thermal,62.75
1780554149.2651505,,,soc0-thermal,60.375
1780554149.2651505,,,soc1-thermal,59.531
1780554149.2651505,,,soc2-thermal,60.5
1780554149.2651505,,,tj-thermal,62.75
1780554149.3705645,VDD_IN,9431.04,,
1780554149.3705645,VDD_CPU_GPU_CV,3766.272,,
1780554149.3705645,VDD_SOC,2121.984,,
1780554149.3705645,,,cpu-thermal,62.218
1780554149.3705645,,,gpu-thermal,62.875
1780554149.3705645,,,soc0-thermal,60.312
1780554149.3705645,,,soc1-thermal,59.5
1780554149.3705645,,,soc2-thermal,60.437
1780554149.3705645,,,tj-thermal,63.187
1780554149.4765494,VDD_IN,9391.744,,
1780554149.4765494,VDD_CPU_GPU_CV,3727.04,,
1780554149.4765494,VDD_SOC,2121.984,,
1780554149.4765494,,,cpu-thermal,61.875
1780554149.4765494,,,gpu-thermal,62.812
1780554149.4765494,,,soc0-thermal,60.343
1780554149.4765494,,,soc1-thermal,59.593
1780554149.4765494,,,soc2-thermal,60.531
1780554149.4765494,,,tj-thermal,62.812
1780554149.5820334,VDD_IN,9352.448,,
1780554149.5820334,VDD_CPU_GPU_CV,3727.04,,
1780554149.5820334,VDD_SOC,2121.984,,
1780554149.5820334,,,cpu-thermal,61.843
1780554149.5820334,,,gpu-thermal,62.687
1780554149.5820334,,,soc0-thermal,60.375
1780554149.5820334,,,soc1-thermal,59.718
1780554149.5820334,,,soc2-thermal,60.593
1780554149.5820334,,,tj-thermal,62.687
1780554149.6876202,VDD_IN,9352.448,,
1780554149.6876202,VDD_CPU_GPU_CV,3727.04,,
1780554149.6876202,VDD_SOC,2121.984,,
1780554149.6876202,,,cpu-thermal,62.156
1780554149.6876202,,,gpu-thermal,63.156
1780554149.6876202,,,soc0-thermal,60.437
1780554149.6876202,,,soc1-thermal,59.5
1780554149.6876202,,,soc2-thermal,60.562
1780554149.6876202,,,tj-thermal,63.156
1780554149.7935667,VDD_IN,9391.744,,
1780554149.7935667,VDD_CPU_GPU_CV,3727.04,,
1780554149.7935667,VDD_SOC,2121.984,,
1780554149.7935667,,,cpu-thermal,62.187
1780554149.7935667,,,gpu-thermal,63.093
1780554149.7935667,,,soc0-thermal,60.218
1780554149.7935667,,,soc1-thermal,59.625
1780554149.7935667,,,soc2-thermal,60.531
1780554149.7935667,,,tj-thermal,63.093
1780554149.8998587,VDD_IN,9588.224,,
1780554149.8998587,VDD_CPU_GPU_CV,3844.736,,
1780554149.8998587,VDD_SOC,2161.28,,
1780554149.8998587,,,cpu-thermal,61.968
1780554149.8998587,,,gpu-thermal,63.062
1780554149.8998587,,,soc0-thermal,60.375
1780554149.8998587,,,soc1-thermal,59.625
1780554149.8998587,,,soc2-thermal,60.531
1780554149.8998587,,,tj-thermal,63.062
1780554150.0052977,VDD_IN,9745.408,,
1780554150.0052977,VDD_CPU_GPU_CV,3962.432,,
1780554150.0052977,VDD_SOC,2161.28,,
1780554150.0052977,,,cpu-thermal,62.062
1780554150.0052977,,,gpu-thermal,63.312
1780554150.0052977,,,soc0-thermal,60.5
1780554150.0052977,,,soc1-thermal,59.718
1780554150.0052977,,,soc2-thermal,60.656
1780554150.0052977,,,tj-thermal,63.031
1780554150.11075,VDD_IN,9627.52,,
1780554150.11075,VDD_CPU_GPU_CV,3923.2,,
1780554150.11075,VDD_SOC,2161.28,,
1780554150.11075,,,cpu-thermal,62.125
1780554150.11075,,,gpu-thermal,63.093
1780554150.11075,,,soc0-thermal,60.531
1780554150.11075,,,soc1-thermal,59.593
1780554150.11075,,,soc2-thermal,60.593
1780554150.11075,,,tj-thermal,63.093
1780554150.2162988,VDD_IN,9548.928,,
1780554150.2162988,VDD_CPU_GPU_CV,3844.736,,
1780554150.2162988,VDD_SOC,2121.984,,
1780554150.2162988,,,cpu-thermal,62.187
1780554150.2162988,,,gpu-thermal,62.937
1780554150.2162988,,,soc0-thermal,60.343
1780554150.2162988,,,soc1-thermal,59.656
1780554150.2162988,,,soc2-thermal,60.531
1780554150.2162988,,,tj-thermal,62.937
1780554150.321971,VDD_IN,9470.336,,
1780554150.321971,VDD_CPU_GPU_CV,3805.504,,
1780554150.321971,VDD_SOC,2121.984,,
1780554150.321971,,,cpu-thermal,62.093
1780554150.321971,,,gpu-thermal,62.843
1780554150.321971,,,soc0-thermal,60.468
1780554150.321971,,,soc1-thermal,59.718
1780554150.321971,,,soc2-thermal,60.562
1780554150.321971,,,tj-thermal,62.843
1780554150.4274266,VDD_IN,9352.448,,
1780554150.4274266,VDD_CPU_GPU_CV,3766.272,,
1780554150.4274266,VDD_SOC,2121.984,,
1780554150.4274266,,,cpu-thermal,62.093
1780554150.4274266,,,gpu-thermal,63.062
1780554150.4274266,,,soc0-thermal,60.5
1780554150.4274266,,,soc1-thermal,59.562
1780554150.4274266,,,soc2-thermal,60.656
1780554150.4274266,,,tj-thermal,62.781
1780554150.5329556,VDD_IN,9367.68,,
1780554150.5329556,VDD_CPU_GPU_CV,3727.04,,
1780554150.5329556,VDD_SOC,2121.984,,
1780554150.5329556,,,cpu-thermal,62.125
1780554150.5329556,,,gpu-thermal,62.968
1780554150.5329556,,,soc0-thermal,60.437
1780554150.5329556,,,soc1-thermal,59.625
1780554150.5329556,,,soc2-thermal,60.687
1780554150.5329556,,,tj-thermal,62.968
1780554150.6383402,VDD_IN,9313.152,,
1780554150.6383402,VDD_CPU_GPU_CV,3727.04,,
1780554150.6383402,VDD_SOC,2121.984,,
1780554150.6383402,,,cpu-thermal,62.0
1780554150.6383402,,,gpu-thermal,62.875
1780554150.6383402,,,soc0-thermal,60.5
1780554150.6383402,,,soc1-thermal,59.656
1780554150.6383402,,,soc2-thermal,60.593
1780554150.6383402,,,tj-thermal,62.875
1780554150.744106,VDD_IN,9288.96,,
1780554150.744106,VDD_CPU_GPU_CV,3687.808,,
1780554150.744106,VDD_SOC,2082.688,,
1780554150.744106,,,cpu-thermal,62.0
1780554150.744106,,,gpu-thermal,62.812
1780554150.744106,,,soc0-thermal,60.531
1780554150.744106,,,soc1-thermal,59.718
1780554150.744106,,,soc2-thermal,60.625
1780554150.744106,,,tj-thermal,62.812
1780554150.849681,VDD_IN,9446.4,,
1780554150.849681,VDD_CPU_GPU_CV,3766.272,,
1780554150.849681,VDD_SOC,2121.984,,
1780554150.849681,,,cpu-thermal,62.125
1780554150.849681,,,gpu-thermal,63.375
1780554150.849681,,,soc0-thermal,60.562
1780554150.849681,,,soc1-thermal,59.656
1780554150.849681,,,soc2-thermal,60.656
1780554150.849681,,,tj-thermal,63.375
1780554150.9549842,VDD_IN,9682.56,,
1780554150.9549842,VDD_CPU_GPU_CV,3923.2,,
1780554150.9549842,VDD_SOC,2161.28,,
1780554150.9549842,,,cpu-thermal,62.093
1780554150.9549842,,,gpu-thermal,63.156
1780554150.9549842,,,soc0-thermal,60.531
1780554150.9549842,,,soc1-thermal,59.625
1780554150.9549842,,,soc2-thermal,60.656
1780554150.9549842,,,tj-thermal,63.343
1780554151.0607314,VDD_IN,9643.2,,
1780554151.0607314,VDD_CPU_GPU_CV,3883.968,,
1780554151.0607314,VDD_SOC,2161.28,,
1780554151.0607314,,,cpu-thermal,62.031
1780554151.0607314,,,gpu-thermal,62.843
1780554151.0607314,,,soc0-thermal,60.531
1780554151.0607314,,,soc1-thermal,59.75
1780554151.0607314,,,soc2-thermal,60.687
1780554151.0607314,,,tj-thermal,62.843
1780554151.1661189,VDD_IN,9564.48,,
1780554151.1661189,VDD_CPU_GPU_CV,3844.736,,
1780554151.1661189,VDD_SOC,2121.984,,
1780554151.1661189,,,cpu-thermal,62.031
1780554151.1661189,,,gpu-thermal,63.375
1780554151.1661189,,,soc0-thermal,60.437
1780554151.1661189,,,soc1-thermal,59.781
1780554151.1661189,,,soc2-thermal,60.718
1780554151.1661189,,,tj-thermal,63.375
1780554151.2716055,VDD_IN,9485.76,,
1780554151.2716055,VDD_CPU_GPU_CV,3805.504,,
1780554151.2716055,VDD_SOC,2121.984,,
1780554151.2716055,,,cpu-thermal,62.125
1780554151.2716055,,,gpu-thermal,63.156
1780554151.2716055,,,soc0-thermal,60.531
1780554151.2716055,,,soc1-thermal,59.656
1780554151.2716055,,,soc2-thermal,60.75
1780554151.2716055,,,tj-thermal,63.156
1780554151.377401,VDD_IN,9446.4,,
1780554151.377401,VDD_CPU_GPU_CV,3766.272,,
1780554151.377401,VDD_SOC,2121.984,,
1780554151.377401,,,cpu-thermal,62.093
1780554151.377401,,,gpu-thermal,63.0
1780554151.377401,,,soc0-thermal,60.5
1780554151.377401,,,soc1-thermal,59.718
1780554151.377401,,,soc2-thermal,60.75
1780554151.377401,,,tj-thermal,63.093
1780554151.4832785,VDD_IN,9352.448,,
1780554151.4832785,VDD_CPU_GPU_CV,3727.04,,
1780554151.4832785,VDD_SOC,2121.984,,
1780554151.4832785,,,cpu-thermal,62.031
1780554151.4832785,,,gpu-thermal,63.312
1780554151.4832785,,,soc0-thermal,60.531
1780554151.4832785,,,soc1-thermal,59.843
1780554151.4832785,,,soc2-thermal,60.781
1780554151.4832785,,,tj-thermal,63.031
1780554151.5886965,VDD_IN,9352.448,,
1780554151.5886965,VDD_CPU_GPU_CV,3727.04,,
1780554151.5886965,VDD_SOC,2121.984,,
1780554151.5886965,,,cpu-thermal,62.093
1780554151.5886965,,,gpu-thermal,63.125
1780554151.5886965,,,soc0-thermal,60.625
1780554151.5886965,,,soc1-thermal,59.875
1780554151.5886965,,,soc2-thermal,60.75
1780554151.5886965,,,tj-thermal,63.031
1780554151.6948469,VDD_IN,9431.04,,
1780554151.6948469,VDD_CPU_GPU_CV,3766.272,,
1780554151.6948469,VDD_SOC,2121.984,,
1780554151.6948469,,,cpu-thermal,62.406
1780554151.6948469,,,gpu-thermal,63.125
1780554151.6948469,,,soc0-thermal,60.5
1780554151.6948469,,,soc1-thermal,59.781
1780554151.6948469,,,soc2-thermal,60.75
1780554151.6948469,,,tj-thermal,63.125
1780554151.8007224,VDD_IN,9431.04,,
1780554151.8007224,VDD_CPU_GPU_CV,3805.504,,
1780554151.8007224,VDD_SOC,2121.984,,
1780554151.8007224,,,cpu-thermal,62.156
1780554151.8007224,,,gpu-thermal,63.156
1780554151.8007224,,,soc0-thermal,60.468
1780554151.8007224,,,soc1-thermal,59.75
1780554151.8007224,,,soc2-thermal,60.687
1780554151.8007224,,,tj-thermal,63.156
1780554151.9061978,VDD_IN,9706.112,,
1780554151.9061978,VDD_CPU_GPU_CV,3962.432,,
1780554151.9061978,VDD_SOC,2161.28,,
1780554151.9061978,,,cpu-thermal,62.156
1780554151.9061978,,,gpu-thermal,63.125
1780554151.9061978,,,soc0-thermal,60.625
1780554151.9061978,,,soc1-thermal,59.875
1780554151.9061978,,,soc2-thermal,60.75
1780554151.9061978,,,tj-thermal,63.125
1780554152.0127609,VDD_IN,9863.296,,
1780554152.0127609,VDD_CPU_GPU_CV,4040.896,,
1780554152.0127609,VDD_SOC,2200.576,,
1780554152.0127609,,,cpu-thermal,62.312
1780554152.0127609,,,gpu-thermal,63.437
1780554152.0127609,,,soc0-thermal,60.656
1780554152.0127609,,,soc1-thermal,59.75
1780554152.0127609,,,soc2-thermal,60.812
1780554152.0127609,,,tj-thermal,63.437
1780554152.1185923,VDD_IN,9863.296,,
1780554152.1185923,VDD_CPU_GPU_CV,4034.304,,
1780554152.1185923,VDD_SOC,2161.28,,
1780554152.1185923,,,cpu-thermal,62.375
1780554152.1185923,,,gpu-thermal,63.375
1780554152.1185923,,,soc0-thermal,60.5
1780554152.1185923,,,soc1-thermal,59.718
1780554152.1185923,,,soc2-thermal,60.812
1780554152.1185923,,,tj-thermal,63.375
1780554152.224398,VDD_IN,9784.704,,
1780554152.224398,VDD_CPU_GPU_CV,3995.136,,
1780554152.224398,VDD_SOC,2161.28,,
1780554152.224398,,,cpu-thermal,62.281
1780554152.224398,,,gpu-thermal,63.218
1780554152.224398,,,soc0-thermal,60.625
1780554152.224398,,,soc1-thermal,59.875
1780554152.224398,,,soc2-thermal,60.812
1780554152.224398,,,tj-thermal,63.218
1780554152.331051,VDD_IN,9666.816,,
1780554152.331051,VDD_CPU_GPU_CV,3916.8,,
1780554152.331051,VDD_SOC,2161.28,,
1780554152.331051,,,cpu-thermal,62.25
1780554152.331051,,,gpu-thermal,63.406
1780554152.331051,,,soc0-thermal,60.75
1780554152.331051,,,soc1-thermal,59.875
1780554152.331051,,,soc2-thermal,60.812
1780554152.331051,,,tj-thermal,63.187
1780554152.4365625,VDD_IN,9588.224,,
1780554152.4365625,VDD_CPU_GPU_CV,3877.632,,
1780554152.4365625,VDD_SOC,2161.28,,
1780554152.4365625,,,cpu-thermal,62.281
1780554152.4365625,,,gpu-thermal,63.343
1780554152.4365625,,,soc0-thermal,60.687
1780554152.4365625,,,soc1-thermal,59.812
1780554152.4365625,,,soc2-thermal,60.843
1780554152.4365625,,,tj-thermal,63.062
1780554152.5426438,VDD_IN,9588.224,,
1780554152.5426438,VDD_CPU_GPU_CV,3877.632,,
1780554152.5426438,VDD_SOC,2121.984,,
1780554152.5426438,,,cpu-thermal,62.187
1780554152.5426438,,,gpu-thermal,63.312
1780554152.5426438,,,soc0-thermal,60.562
1780554152.5426438,,,soc1-thermal,59.875
1780554152.5426438,,,soc2-thermal,60.75
1780554152.5426438,,,tj-thermal,63.031
1780554152.6492484,VDD_IN,9548.928,,
1780554152.6492484,VDD_CPU_GPU_CV,3877.632,,
1780554152.6492484,VDD_SOC,2121.984,,
1780554152.6492484,,,cpu-thermal,62.25
1780554152.6492484,,,gpu-thermal,63.125
1780554152.6492484,,,soc0-thermal,60.75
1780554152.6492484,,,soc1-thermal,59.906
1780554152.6492484,,,soc2-thermal,60.781
1780554152.6492484,,,tj-thermal,63.437
1780554152.7554388,VDD_IN,9548.928,,
1780554152.7554388,VDD_CPU_GPU_CV,3877.632,,
1780554152.7554388,VDD_SOC,2121.984,,
1780554152.7554388,,,cpu-thermal,62.218
1780554152.7554388,,,gpu-thermal,63.125
1780554152.7554388,,,soc0-thermal,60.562
1780554152.7554388,,,soc1-thermal,59.875
1780554152.7554388,,,soc2-thermal,60.906
1780554152.7554388,,,tj-thermal,63.125
1780554152.8611372,VDD_IN,9706.112,,
1780554152.8611372,VDD_CPU_GPU_CV,3955.968,,
1780554152.8611372,VDD_SOC,2161.28,,
1780554152.8611372,,,cpu-thermal,62.281
1780554152.8611372,,,gpu-thermal,63.562
1780554152.8611372,,,soc0-thermal,60.656
1780554152.8611372,,,soc1-thermal,59.812
1780554152.8611372,,,soc2-thermal,60.843
1780554152.8611372,,,tj-thermal,63.562
1780554152.966946,VDD_IN,9824.0,,
1780554152.966946,VDD_CPU_GPU_CV,4001.664,,
1780554152.966946,VDD_SOC,2161.28,,
1780554152.966946,,,cpu-thermal,62.25
1780554152.966946,,,gpu-thermal,63.468
1780554152.966946,,,soc0-thermal,60.687
1780554152.966946,,,soc1-thermal,59.875
1780554152.966946,,,soc2-thermal,60.875
1780554152.966946,,,tj-thermal,63.468
1780554153.072354,VDD_IN,9784.704,,
1780554153.072354,VDD_CPU_GPU_CV,4001.664,,
1780554153.072354,VDD_SOC,2161.28,,
1780554153.072354,,,cpu-thermal,62.468
1780554153.072354,,,gpu-thermal,63.375
1780554153.072354,,,soc0-thermal,60.75
1780554153.072354,,,soc1-thermal,59.781
1780554153.072354,,,soc2-thermal,60.906
1780554153.072354,,,tj-thermal,63.375
1780554153.1779149,VDD_IN,9666.816,,
1780554153.1779149,VDD_CPU_GPU_CV,3923.2,,
1780554153.1779149,VDD_SOC,2161.28,,
1780554153.1779149,,,cpu-thermal,62.562
1780554153.1779149,,,gpu-thermal,63.531
1780554153.1779149,,,soc0-thermal,60.718
1780554153.1779149,,,soc1-thermal,59.875
1780554153.1779149,,,soc2-thermal,60.937
1780554153.1779149,,,tj-thermal,63.312
1780554153.2835486,VDD_IN,9588.224,,
1780554153.2835486,VDD_CPU_GPU_CV,3883.968,,
1780554153.2835486,VDD_SOC,2161.28,,
1780554153.2835486,,,cpu-thermal,62.218
1780554153.2835486,,,gpu-thermal,63.437
1780554153.2835486,,,soc0-thermal,60.718
1780554153.2835486,,,soc1-thermal,59.968
1780554153.2835486,,,soc2-thermal,60.875
1780554153.2835486,,,tj-thermal,63.437
1780554153.3888235,VDD_IN,9548.928,,
1780554153.3888235,VDD_CPU_GPU_CV,3844.736,,
1780554153.3888235,VDD_SOC,2121.984,,
1780554153.3888235,,,cpu-thermal,62.25
1780554153.3888235,,,gpu-thermal,63.343
1780554153.3888235,,,soc0-thermal,60.687
1780554153.3888235,,,soc1-thermal,59.906
1780554153.3888235,,,soc2-thermal,60.718
1780554153.3888235,,,tj-thermal,63.343
1780554153.494394,VDD_IN,9548.928,,
1780554153.494394,VDD_CPU_GPU_CV,3838.464,,
1780554153.494394,VDD_SOC,2121.984,,
1780554153.494394,,,cpu-thermal,62.468
1780554153.494394,,,gpu-thermal,63.218
1780554153.494394,,,soc0-thermal,60.75
1780554153.494394,,,soc1-thermal,60.062
1780554153.494394,,,soc2-thermal,60.906
1780554153.494394,,,tj-thermal,63.218
1780554153.5999625,VDD_IN,9470.336,,
1780554153.5999625,VDD_CPU_GPU_CV,3799.296,,
1780554153.5999625,VDD_SOC,2121.984,,
1780554153.5999625,,,cpu-thermal,62.562
1780554153.5999625,,,gpu-thermal,63.343
1780554153.5999625,,,soc0-thermal,60.656
1780554153.5999625,,,soc1-thermal,59.937
1780554153.5999625,,,soc2-thermal,60.968
1780554153.5999625,,,tj-thermal,63.25
1780554153.7054815,VDD_IN,9470.336,,
1780554153.7054815,VDD_CPU_GPU_CV,3799.296,,
1780554153.7054815,VDD_SOC,2121.984,,
1780554153.7054815,,,cpu-thermal,62.25
1780554153.7054815,,,gpu-thermal,63.343
1780554153.7054815,,,soc0-thermal,60.718
1780554153.7054815,,,soc1-thermal,59.906
1780554153.7054815,,,soc2-thermal,60.906
1780554153.7054815,,,tj-thermal,63.343
1780554153.811053,VDD_IN,9509.632,,
1780554153.811053,VDD_CPU_GPU_CV,3799.296,,
1780554153.811053,VDD_SOC,2121.984,,
1780554153.811053,,,cpu-thermal,62.375
1780554153.811053,,,gpu-thermal,63.343
1780554153.811053,,,soc0-thermal,60.812
1780554153.811053,,,soc1-thermal,60.031
1780554153.811053,,,soc2-thermal,60.937
1780554153.811053,,,tj-thermal,63.343
1780554153.9165323,VDD_IN,9706.112,,
1780554153.9165323,VDD_CPU_GPU_CV,3923.2,,
1780554153.9165323,VDD_SOC,2161.28,,
1780554153.9165323,,,cpu-thermal,62.468
1780554153.9165323,,,gpu-thermal,63.343
1780554153.9165323,,,soc0-thermal,60.843
1780554153.9165323,,,soc1-thermal,59.937
1780554153.9165323,,,soc2-thermal,60.906
1780554153.9165323,,,tj-thermal,63.343
1780554154.021939,VDD_IN,9941.888,,
1780554154.021939,VDD_CPU_GPU_CV,4034.304,,
1780554154.021939,VDD_SOC,2200.576,,
1780554154.021939,,,cpu-thermal,62.625
1780554154.021939,,,gpu-thermal,63.718
1780554154.021939,,,soc0-thermal,60.687
1780554154.021939,,,soc1-thermal,59.968
1780554154.021939,,,soc2-thermal,60.906
1780554154.021939,,,tj-thermal,63.718
1780554154.1274168,VDD_IN,9824.0,,
1780554154.1274168,VDD_CPU_GPU_CV,3995.136,,
1780554154.1274168,VDD_SOC,2161.28,,
1780554154.1274168,,,cpu-thermal,62.75
1780554154.1274168,,,gpu-thermal,63.187
1780554154.1274168,,,soc0-thermal,60.812
1780554154.1274168,,,soc1-thermal,59.968
1780554154.1274168,,,soc2-thermal,60.843
1780554154.1274168,,,tj-thermal,63.5
1780554154.232991,VDD_IN,9745.408,,
1780554154.232991,VDD_CPU_GPU_CV,3916.8,,
1780554154.232991,VDD_SOC,2161.28,,
1780554154.232991,,,cpu-thermal,62.406
1780554154.232991,,,gpu-thermal,63.312
1780554154.232991,,,soc0-thermal,60.75
1780554154.232991,,,soc1-thermal,60.125
1780554154.232991,,,soc2-thermal,60.968
1780554154.232991,,,tj-thermal,63.312
1780554154.3382795,VDD_IN,9627.52,,
1780554154.3382795,VDD_CPU_GPU_CV,3838.464,,
1780554154.3382795,VDD_SOC,2121.984,,
1780554154.3382795,,,cpu-thermal,62.531
1780554154.3382795,,,gpu-thermal,63.562
1780554154.3382795,,,soc0-thermal,60.875
1780554154.3382795,,,soc1-thermal,59.937
1780554154.3382795,,,soc2-thermal,61.031
1780554154.3382795,,,tj-thermal,63.562
1780554154.443791,VDD_IN,9548.928,,
1780554154.443791,VDD_CPU_GPU_CV,3838.464,,
1780554154.443791,VDD_SOC,2121.984,,
1780554154.443791,,,cpu-thermal,62.562
1780554154.443791,,,gpu-thermal,63.468
1780554154.443791,,,soc0-thermal,60.781
1780554154.443791,,,soc1-thermal,59.968
1780554154.443791,,,soc2-thermal,60.875
1780554154.443791,,,tj-thermal,63.468
1780554154.549267,VDD_IN,9431.04,,
1780554154.549267,VDD_CPU_GPU_CV,3805.504,,
1780554154.549267,VDD_SOC,2121.984,,
1780554154.549267,,,cpu-thermal,62.468
1780554154.549267,,,gpu-thermal,63.218
1780554154.549267,,,soc0-thermal,60.843
1780554154.549267,,,soc1-thermal,60.031
1780554154.549267,,,soc2-thermal,60.906
1780554154.549267,,,tj-thermal,63.406
1780554154.6548145,VDD_IN,9391.744,,
1780554154.6548145,VDD_CPU_GPU_CV,3727.04,,
1780554154.6548145,VDD_SOC,2121.984,,
1780554154.6548145,,,cpu-thermal,62.562
1780554154.6548145,,,gpu-thermal,63.562
1780554154.6548145,,,soc0-thermal,60.812
1780554154.6548145,,,soc1-thermal,60.125
1780554154.6548145,,,soc2-thermal,60.937
1780554154.6548145,,,tj-thermal,63.562
1780554154.7604666,VDD_IN,9391.744,,
1780554154.7604666,VDD_CPU_GPU_CV,3727.04,,
1780554154.7604666,VDD_SOC,2121.984,,
1780554154.7604666,,,cpu-thermal,62.5
1780554154.7604666,,,gpu-thermal,63.406
1780554154.7604666,,,soc0-thermal,60.968
1780554154.7604666,,,soc1-thermal,59.968
1780554154.7604666,,,soc2-thermal,61.0
1780554154.7604666,,,tj-thermal,63.406
1780554154.8660176,VDD_IN,9627.52,,
1780554154.8660176,VDD_CPU_GPU_CV,3844.736,,
1780554154.8660176,VDD_SOC,2121.984,,
1780554154.8660176,,,cpu-thermal,62.312
1780554154.8660176,,,gpu-thermal,63.437
1780554154.8660176,,,soc0-thermal,60.718
1780554154.8660176,,,soc1-thermal,60.062
1780554154.8660176,,,soc2-thermal,61.031
1780554154.8660176,,,tj-thermal,63.437
1780554154.9714346,VDD_IN,9784.704,,
1780554154.9714346,VDD_CPU_GPU_CV,3962.432,,
1780554154.9714346,VDD_SOC,2161.28,,
1780554154.9714346,,,cpu-thermal,62.375
1780554154.9714346,,,gpu-thermal,63.718
1780554154.9714346,,,soc0-thermal,60.843
1780554154.9714346,,,soc1-thermal,60.125
1780554154.9714346,,,soc2-thermal,61.062
1780554154.9714346,,,tj-thermal,63.468
1780554155.0768926,VDD_IN,9745.408,,
1780554155.0768926,VDD_CPU_GPU_CV,3962.432,,
1780554155.0768926,VDD_SOC,2161.28,,
1780554155.0768926,,,cpu-thermal,62.531
1780554155.0768926,,,gpu-thermal,63.468
1780554155.0768926,,,soc0-thermal,60.875
1780554155.0768926,,,soc1-thermal,60.218
1780554155.0768926,,,soc2-thermal,61.0
1780554155.0768926,,,tj-thermal,63.468
1780554155.182318,VDD_IN,9627.52,,
1780554155.182318,VDD_CPU_GPU_CV,3883.968,,
1780554155.182318,VDD_SOC,2161.28,,
1780554155.182318,,,cpu-thermal,62.468
1780554155.182318,,,gpu-thermal,63.406
1780554155.182318,,,soc0-thermal,60.875
1780554155.182318,,,soc1-thermal,60.093
1780554155.182318,,,soc2-thermal,61.0
1780554155.182318,,,tj-thermal,63.406
1780554155.2878628,VDD_IN,9588.224,,
1780554155.2878628,VDD_CPU_GPU_CV,3844.736,,
1780554155.2878628,VDD_SOC,2161.28,,
1780554155.2878628,,,cpu-thermal,62.406
1780554155.2878628,,,gpu-thermal,63.343
1780554155.2878628,,,soc0-thermal,60.843
1780554155.2878628,,,soc1-thermal,60.093
1780554155.2878628,,,soc2-thermal,61.031
1780554155.2878628,,,tj-thermal,63.343
1780554155.3935065,VDD_IN,9509.632,,
1780554155.3935065,VDD_CPU_GPU_CV,3805.504,,
1780554155.3935065,VDD_SOC,2121.984,,
1780554155.3935065,,,cpu-thermal,62.406
1780554155.3935065,,,gpu-thermal,63.531
1780554155.3935065,,,soc0-thermal,60.875
1780554155.3935065,,,soc1-thermal,60.218
1780554155.3935065,,,soc2-thermal,61.0
1780554155.3935065,,,tj-thermal,63.281
1780554155.499133,VDD_IN,9470.336,,
1780554155.499133,VDD_CPU_GPU_CV,3766.272,,
1780554155.499133,VDD_SOC,2121.984,,
1780554155.499133,,,cpu-thermal,62.406
1780554155.499133,,,gpu-thermal,63.437
1780554155.499133,,,soc0-thermal,60.906
1780554155.499133,,,soc1-thermal,60.218
1780554155.499133,,,soc2-thermal,61.093
1780554155.499133,,,tj-thermal,63.718
1780554155.604564,VDD_IN,9391.744,,
1780554155.604564,VDD_CPU_GPU_CV,3766.272,,
1780554155.604564,VDD_SOC,2121.984,,
1780554155.604564,,,cpu-thermal,62.406
1780554155.604564,,,gpu-thermal,63.406
1780554155.604564,,,soc0-thermal,60.875
1780554155.604564,,,soc1-thermal,60.062
1780554155.604564,,,soc2-thermal,61.093
1780554155.604564,,,tj-thermal,63.406
1780554155.710112,VDD_IN,9352.448,,
1780554155.710112,VDD_CPU_GPU_CV,3766.272,,
1780554155.710112,VDD_SOC,2121.984,,
1780554155.710112,,,cpu-thermal,62.5
1780554155.710112,,,gpu-thermal,63.375
1780554155.710112,,,soc0-thermal,60.843
1780554155.710112,,,soc1-thermal,60.093
1780554155.710112,,,soc2-thermal,61.093
1780554155.710112,,,tj-thermal,63.375
1780554155.815852,VDD_IN,9470.336,,
1780554155.815852,VDD_CPU_GPU_CV,3805.504,,
1780554155.815852,VDD_SOC,2121.984,,
1780554155.815852,,,cpu-thermal,62.468
1780554155.815852,,,gpu-thermal,63.812
1780554155.815852,,,soc0-thermal,60.812
1780554155.815852,,,soc1-thermal,60.187
1780554155.815852,,,soc2-thermal,61.062
1780554155.815852,,,tj-thermal,63.812
1780554155.9212089,VDD_IN,9666.816,,
1780554155.9212089,VDD_CPU_GPU_CV,3923.2,,
1780554155.9212089,VDD_SOC,2161.28,,
1780554155.9212089,,,cpu-thermal,62.718
1780554155.9212089,,,gpu-thermal,63.562
1780554155.9212089,,,soc0-thermal,60.968
1780554155.9212089,,,soc1-thermal,60.156
1780554155.9212089,,,soc2-thermal,61.218
1780554155.9212089,,,tj-thermal,63.75
1780554156.0268865,VDD_IN,9784.704,,
1780554156.0268865,VDD_CPU_GPU_CV,3962.432,,
1780554156.0268865,VDD_SOC,2161.28,,
1780554156.0268865,,,cpu-thermal,62.781
1780554156.0268865,,,gpu-thermal,63.468
1780554156.0268865,,,soc0-thermal,60.843
1780554156.0268865,,,soc1-thermal,60.125
1780554156.0268865,,,soc2-thermal,61.156
1780554156.0268865,,,tj-thermal,63.531
1780554156.1328285,VDD_IN,9706.112,,
1780554156.1328285,VDD_CPU_GPU_CV,3962.432,,
1780554156.1328285,VDD_SOC,2161.28,,
1780554156.1328285,,,cpu-thermal,62.5
1780554156.1328285,,,gpu-thermal,63.687
1780554156.1328285,,,soc0-thermal,60.906
1780554156.1328285,,,soc1-thermal,60.187
1780554156.1328285,,,soc2-thermal,61.156
1780554156.1328285,,,tj-thermal,63.687
1780554156.238738,VDD_IN,9784.704,,
1780554156.238738,VDD_CPU_GPU_CV,3995.136,,
1780554156.238738,VDD_SOC,2161.28,,
1780554156.238738,,,cpu-thermal,62.625
1780554156.238738,,,gpu-thermal,63.625
1780554156.238738,,,soc0-thermal,60.937
1780554156.238738,,,soc1-thermal,60.343
1780554156.238738,,,soc2-thermal,61.093
1780554156.238738,,,tj-thermal,63.625
1780554156.3444984,VDD_IN,9745.408,,
1780554156.3444984,VDD_CPU_GPU_CV,3955.968,,
1780554156.3444984,VDD_SOC,2161.28,,
1780554156.3444984,,,cpu-thermal,62.75
1780554156.3444984,,,gpu-thermal,63.5
1780554156.3444984,,,soc0-thermal,61.031
1780554156.3444984,,,soc1-thermal,60.062
1780554156.3444984,,,soc2-thermal,61.25
1780554156.3444984,,,tj-thermal,63.5
1780554156.4503858,VDD_IN,9666.816,,
1780554156.4503858,VDD_CPU_GPU_CV,3916.8,,
1780554156.4503858,VDD_SOC,2161.28,,
1780554156.4503858,,,cpu-thermal,62.875
1780554156.4503858,,,gpu-thermal,63.531
1780554156.4503858,,,soc0-thermal,60.937
1780554156.4503858,,,soc1-thermal,60.156
1780554156.4503858,,,soc2-thermal,61.125
1780554156.4503858,,,tj-thermal,63.531
1780554156.5558677,VDD_IN,9588.224,,
1780554156.5558677,VDD_CPU_GPU_CV,3877.632,,
1780554156.5558677,VDD_SOC,2121.984,,
1780554156.5558677,,,cpu-thermal,62.625
1780554156.5558677,,,gpu-thermal,63.625
1780554156.5558677,,,soc0-thermal,60.906
1780554156.5558677,,,soc1-thermal,60.281
1780554156.5558677,,,soc2-thermal,61.156
1780554156.5558677,,,tj-thermal,63.531
1780554156.6618557,VDD_IN,9666.816,,
1780554156.6618557,VDD_CPU_GPU_CV,3916.8,,
1780554156.6618557,VDD_SOC,2121.984,,
1780554156.6618557,,,cpu-thermal,62.687
1780554156.6618557,,,gpu-thermal,63.625
1780554156.6618557,,,soc0-thermal,60.968
1780554156.6618557,,,soc1-thermal,60.312
1780554156.6618557,,,soc2-thermal,61.156
1780554156.6618557,,,tj-thermal,63.906
1780554156.7676609,VDD_IN,9627.52,,
1780554156.7676609,VDD_CPU_GPU_CV,3877.632,,
1780554156.7676609,VDD_SOC,2161.28,,
1780554156.7676609,,,cpu-thermal,62.75
1780554156.7676609,,,gpu-thermal,63.531
1780554156.7676609,,,soc0-thermal,60.875
1780554156.7676609,,,soc1-thermal,60.187
1780554156.7676609,,,soc2-thermal,61.0
1780554156.7676609,,,tj-thermal,63.718
1780554156.8740785,VDD_IN,9863.296,,
1780554156.8740785,VDD_CPU_GPU_CV,3995.136,,
1780554156.8740785,VDD_SOC,2161.28,,
1780554156.8740785,,,cpu-thermal,62.531
1780554156.8740785,,,gpu-thermal,63.562
1780554156.8740785,,,soc0-thermal,60.906
1780554156.8740785,,,soc1-thermal,60.218
1780554156.8740785,,,soc2-thermal,61.187
1780554156.8740785,,,tj-thermal,63.562
1780554156.9798956,VDD_IN,9981.184,,
1780554156.9798956,VDD_CPU_GPU_CV,4073.472,,
1780554156.9798956,VDD_SOC,2200.576,,
1780554156.9798956,,,cpu-thermal,62.562
1780554156.9798956,,,gpu-thermal,63.906
1780554156.9798956,,,soc0-thermal,61.062
1780554156.9798956,,,soc1-thermal,60.312
1780554156.9798956,,,soc2-thermal,61.25
1780554156.9798956,,,tj-thermal,63.906
1780554157.0855646,VDD_IN,9863.296,,
1780554157.0855646,VDD_CPU_GPU_CV,4034.304,,
1780554157.0855646,VDD_SOC,2161.28,,
1780554157.0855646,,,cpu-thermal,62.625
1780554157.0855646,,,gpu-thermal,63.781
1780554157.0855646,,,soc0-thermal,61.062
1780554157.0855646,,,soc1-thermal,60.156
1780554157.0855646,,,soc2-thermal,61.156
1780554157.0855646,,,tj-thermal,63.781
1780554157.1912642,VDD_IN,9784.704,,
1780554157.1912642,VDD_CPU_GPU_CV,3955.968,,
1780554157.1912642,VDD_SOC,2161.28,,
1780554157.1912642,,,cpu-thermal,62.468
1780554157.1912642,,,gpu-thermal,63.656
1780554157.1912642,,,soc0-thermal,60.968
1780554157.1912642,,,soc1-thermal,60.25
1780554157.1912642,,,soc2-thermal,61.187
1780554157.1912642,,,tj-thermal,63.656
1780554157.2974033,VDD_IN,9666.816,,
1780554157.2974033,VDD_CPU_GPU_CV,3916.8,,
1780554157.2974033,VDD_SOC,2161.28,,
1780554157.2974033,,,cpu-thermal,62.625
1780554157.2974033,,,gpu-thermal,63.531
1780554157.2974033,,,soc0-thermal,60.968
1780554157.2974033,,,soc1-thermal,60.375
1780554157.2974033,,,soc2-thermal,61.187
1780554157.2974033,,,tj-thermal,63.531
1780554157.4031422,VDD_IN,9588.224,,
1780554157.4031422,VDD_CPU_GPU_CV,3838.464,,
1780554157.4031422,VDD_SOC,2121.984,,
1780554157.4031422,,,cpu-thermal,62.625
1780554157.4031422,,,gpu-thermal,63.687
1780554157.4031422,,,soc0-thermal,61.0
1780554157.4031422,,,soc1-thermal,60.281
1780554157.4031422,,,soc2-thermal,61.25
1780554157.4031422,,,tj-thermal,63.562
1780554157.5091012,VDD_IN,9548.928,,
1780554157.5091012,VDD_CPU_GPU_CV,3838.464,,
1780554157.5091012,VDD_SOC,2121.984,,
1780554157.5091012,,,cpu-thermal,62.562
1780554157.5091012,,,gpu-thermal,63.718
1780554157.5091012,,,soc0-thermal,60.937
1780554157.5091012,,,soc1-thermal,60.312
1780554157.5091012,,,soc2-thermal,61.281
1780554157.5091012,,,tj-thermal,63.468
1780554157.6152518,VDD_IN,9509.632,,
1780554157.6152518,VDD_CPU_GPU_CV,3805.504,,
1780554157.6152518,VDD_SOC,2121.984,,
1780554157.6152518,,,cpu-thermal,62.625
1780554157.6152518,,,gpu-thermal,63.562
1780554157.6152518,,,soc0-thermal,61.0
1780554157.6152518,,,soc1-thermal,60.25
1780554157.6152518,,,soc2-thermal,61.156
1780554157.6152518,,,tj-thermal,63.562
1780554157.7208393,VDD_IN,9431.04,,
1780554157.7208393,VDD_CPU_GPU_CV,3760.128,,
1780554157.7208393,VDD_SOC,2121.984,,
1780554157.7208393,,,cpu-thermal,62.625
1780554157.7208393,,,gpu-thermal,63.531
1780554157.7208393,,,soc0-thermal,61.093
1780554157.7208393,,,soc1-thermal,60.437
1780554157.7208393,,,soc2-thermal,61.25
1780554157.7208393,,,tj-thermal,63.531
1780554157.8273177,VDD_IN,9548.928,,
1780554157.8273177,VDD_CPU_GPU_CV,3844.736,,
1780554157.8273177,VDD_SOC,2121.984,,
1780554157.8273177,,,cpu-thermal,62.843
1780554157.8273177,,,gpu-thermal,63.937
1780554157.8273177,,,soc0-thermal,61.062
1780554157.8273177,,,soc1-thermal,60.312
1780554157.8273177,,,soc2-thermal,61.343
1780554157.8273177,,,tj-thermal,63.937
1780554157.9330308,VDD_IN,9784.704,,
1780554157.9330308,VDD_CPU_GPU_CV,4001.664,,
1780554157.9330308,VDD_SOC,2161.28,,
1780554157.9330308,,,cpu-thermal,62.906
1780554157.9330308,,,gpu-thermal,63.937
1780554157.9330308,,,soc0-thermal,61.093
1780554157.9330308,,,soc1-thermal,60.343
1780554157.9330308,,,soc2-thermal,61.343
1780554157.9330308,,,tj-thermal,63.937
1780554158.038885,VDD_IN,9902.592,,
1780554158.038885,VDD_CPU_GPU_CV,4034.304,,
1780554158.038885,VDD_SOC,2200.576,,
1780554158.038885,,,cpu-thermal,62.75
1780554158.038885,,,gpu-thermal,63.781
1780554158.038885,,,soc0-thermal,60.968
1780554158.038885,,,soc1-thermal,60.406
1780554158.038885,,,soc2-thermal,61.281
1780554158.038885,,,tj-thermal,63.781
1780554158.1448112,VDD_IN,9784.704,,
1780554158.1448112,VDD_CPU_GPU_CV,3995.136,,
1780554158.1448112,VDD_SOC,2161.28,,
1780554158.1448112,,,cpu-thermal,62.843
1780554158.1448112,,,gpu-thermal,63.75
1780554158.1448112,,,soc0-thermal,61.093
1780554158.1448112,,,soc1-thermal,60.5
1780554158.1448112,,,soc2-thermal,61.312
1780554158.1448112,,,tj-thermal,63.75
1780554158.2506883,VDD_IN,9706.112,,
1780554158.2506883,VDD_CPU_GPU_CV,3916.8,,
1780554158.2506883,VDD_SOC,2161.28,,
1780554158.2506883,,,cpu-thermal,62.906
1780554158.2506883,,,gpu-thermal,63.812
1780554158.2506883,,,soc0-thermal,61.031
1780554158.2506883,,,soc1-thermal,60.375
1780554158.2506883,,,soc2-thermal,61.281
1780554158.2506883,,,tj-thermal,63.593
1780554158.3562148,VDD_IN,9627.52,,
1780554158.3562148,VDD_CPU_GPU_CV,3877.632,,
1780554158.3562148,VDD_SOC,2161.28,,
1780554158.3562148,,,cpu-thermal,62.718
1780554158.3562148,,,gpu-thermal,63.718
1780554158.3562148,,,soc0-thermal,61.125
1780554158.3562148,,,soc1-thermal,60.343
1780554158.3562148,,,soc2-thermal,61.218
1780554158.3562148,,,tj-thermal,63.718
1780554158.462051,VDD_IN,9548.928,,
1780554158.462051,VDD_CPU_GPU_CV,3838.464,,
1780554158.462051,VDD_SOC,2121.984,,
1780554158.462051,,,cpu-thermal,62.718
1780554158.462051,,,gpu-thermal,63.656
1780554158.462051,,,soc0-thermal,61.062
1780554158.462051,,,soc1-thermal,60.406
1780554158.462051,,,soc2-thermal,61.343
1780554158.462051,,,tj-thermal,63.656
1780554158.5678535,VDD_IN,9509.632,,
1780554158.5678535,VDD_CPU_GPU_CV,3838.464,,
1780554158.5678535,VDD_SOC,2121.984,,
1780554158.5678535,,,cpu-thermal,62.875
1780554158.5678535,,,gpu-thermal,63.656
1780554158.5678535,,,soc0-thermal,61.281
1780554158.5678535,,,soc1-thermal,60.312
1780554158.5678535,,,soc2-thermal,61.343
1780554158.5678535,,,tj-thermal,63.656
1780554158.6743038,VDD_IN,9548.928,,
1780554158.6743038,VDD_CPU_GPU_CV,3838.464,,
1780554158.6743038,VDD_SOC,2121.984,,
1780554158.6743038,,,cpu-thermal,62.718
1780554158.6743038,,,gpu-thermal,63.531
1780554158.6743038,,,soc0-thermal,61.125
1780554158.6743038,,,soc1-thermal,60.437
1780554158.6743038,,,soc2-thermal,61.406
1780554158.6743038,,,tj-thermal,63.531
1780554158.7807481,VDD_IN,9548.928,,
1780554158.7807481,VDD_CPU_GPU_CV,3877.632,,
1780554158.7807481,VDD_SOC,2121.984,,
1780554158.7807481,,,cpu-thermal,62.75
1780554158.7807481,,,gpu-thermal,63.937
1780554158.7807481,,,soc0-thermal,61.218
1780554158.7807481,,,soc1-thermal,60.593
1780554158.7807481,,,soc2-thermal,61.375
1780554158.7807481,,,tj-thermal,63.937
1780554158.8862517,VDD_IN,9745.408,,
1780554158.8862517,VDD_CPU_GPU_CV,3995.136,,
1780554158.8862517,VDD_SOC,2161.28,,
1780554158.8862517,,,cpu-thermal,62.812
1780554158.8862517,,,gpu-thermal,63.906
1780554158.8862517,,,soc0-thermal,61.281
1780554158.8862517,,,soc1-thermal,60.343
1780554158.8862517,,,soc2-thermal,61.406
1780554158.8862517,,,tj-thermal,63.906
1780554158.9927452,VDD_IN,9941.888,,
1780554158.9927452,VDD_CPU_GPU_CV,4073.472,,
1780554158.9927452,VDD_SOC,2200.576,,
1780554158.9927452,,,cpu-thermal,62.656
1780554158.9927452,,,gpu-thermal,63.843
1780554158.9927452,,,soc0-thermal,61.125
1780554158.9927452,,,soc1-thermal,60.375
1780554158.9927452,,,soc2-thermal,61.406
1780554158.9927452,,,tj-thermal,63.843
1780554159.098325,VDD_IN,9824.0,,
1780554159.098325,VDD_CPU_GPU_CV,4034.304,,
1780554159.098325,VDD_SOC,2200.576,,
1780554159.098325,,,cpu-thermal,62.781
1780554159.098325,,,gpu-thermal,63.906
1780554159.098325,,,soc0-thermal,61.125
1780554159.098325,,,soc1-thermal,60.343
1780554159.098325,,,soc2-thermal,61.406
1780554159.098325,,,tj-thermal,63.75
1780554159.2039537,VDD_IN,9745.408,,
1780554159.2039537,VDD_CPU_GPU_CV,3995.136,,
1780554159.2039537,VDD_SOC,2161.28,,
1780554159.2039537,,,cpu-thermal,62.937
1780554159.2039537,,,gpu-thermal,63.781
1780554159.2039537,,,soc0-thermal,61.125
1780554159.2039537,,,soc1-thermal,60.531
1780554159.2039537,,,soc2-thermal,61.312
1780554159.2039537,,,tj-thermal,63.562
1780554159.309706,VDD_IN,9706.112,,
1780554159.309706,VDD_CPU_GPU_CV,3955.968,,
1780554159.309706,VDD_SOC,2161.28,,
1780554159.309706,,,cpu-thermal,63.093
1780554159.309706,,,gpu-thermal,63.718
1780554159.309706,,,soc0-thermal,61.062
1780554159.309706,,,soc1-thermal,60.468
1780554159.309706,,,soc2-thermal,61.468
1780554159.309706,,,tj-thermal,64.062
1780554159.416163,VDD_IN,9627.52,,
1780554159.416163,VDD_CPU_GPU_CV,3916.8,,
1780554159.416163,VDD_SOC,2161.28,,
1780554159.416163,,,cpu-thermal,62.625
1780554159.416163,,,gpu-thermal,63.687
1780554159.416163,,,soc0-thermal,61.218
1780554159.416163,,,soc1-thermal,60.437
1780554159.416163,,,soc2-thermal,61.437
1780554159.416163,,,tj-thermal,63.687
1780554159.5218706,VDD_IN,9627.52,,
1780554159.5218706,VDD_CPU_GPU_CV,3877.632,,
1780554159.5218706,VDD_SOC,2161.28,,
1780554159.5218706,,,cpu-thermal,62.875
1780554159.5218706,,,gpu-thermal,63.781
1780554159.5218706,,,soc0-thermal,61.343
1780554159.5218706,,,soc1-thermal,60.531
1780554159.5218706,,,soc2-thermal,61.468
1780554159.5218706,,,tj-thermal,63.781
1780554159.6277156,VDD_IN,9588.224,,
1780554159.6277156,VDD_CPU_GPU_CV,3877.632,,
1780554159.6277156,VDD_SOC,2121.984,,
1780554159.6277156,,,cpu-thermal,62.937
1780554159.6277156,,,gpu-thermal,64.062
1780554159.6277156,,,soc0-thermal,61.25
1780554159.6277156,,,soc1-thermal,60.375
1780554159.6277156,,,soc2-thermal,61.5
1780554159.6277156,,,tj-thermal,64.062
1780554159.7332659,VDD_IN,9548.928,,
1780554159.7332659,VDD_CPU_GPU_CV,3838.464,,
1780554159.7332659,VDD_SOC,2121.984,,
1780554159.7332659,,,cpu-thermal,63.0
1780554159.7332659,,,gpu-thermal,63.875
1780554159.7332659,,,soc0-thermal,61.281
1780554159.7332659,,,soc1-thermal,60.468
1780554159.7332659,,,soc2-thermal,61.437
1780554159.7332659,,,tj-thermal,63.875
1780554159.838821,VDD_IN,9627.52,,
1780554159.838821,VDD_CPU_GPU_CV,3877.632,,
1780554159.838821,VDD_SOC,2161.28,,
1780554159.838821,,,cpu-thermal,62.781
1780554159.838821,,,gpu-thermal,63.875
1780554159.838821,,,soc0-thermal,61.187
1780554159.838821,,,soc1-thermal,60.468
1780554159.838821,,,soc2-thermal,61.5
1780554159.838821,,,tj-thermal,63.906
1780554159.9444404,VDD_IN,9824.0,,
1780554159.9444404,VDD_CPU_GPU_CV,3995.136,,
1780554159.9444404,VDD_SOC,2200.576,,
1780554159.9444404,,,cpu-thermal,62.75
1780554159.9444404,,,gpu-thermal,64.156
1780554159.9444404,,,soc0-thermal,61.343
1780554159.9444404,,,soc1-thermal,60.531
1780554159.9444404,,,soc2-thermal,61.468
1780554159.9444404,,,tj-thermal,63.937
1780554160.0505242,VDD_IN,9824.0,,
1780554160.0505242,VDD_CPU_GPU_CV,4001.664,,
1780554160.0505242,VDD_SOC,2200.576,,
1780554160.0505242,,,cpu-thermal,62.968
1780554160.0505242,,,gpu-thermal,63.968
1780554160.0505242,,,soc0-thermal,61.343
1780554160.0505242,,,soc1-thermal,60.437
1780554160.0505242,,,soc2-thermal,61.437
1780554160.0505242,,,tj-thermal,63.968
1780554160.1560342,VDD_IN,9706.112,,
1780554160.1560342,VDD_CPU_GPU_CV,3923.2,,
1780554160.1560342,VDD_SOC,2161.28,,
1780554160.1560342,,,cpu-thermal,62.781
1780554160.1560342,,,gpu-thermal,63.812
1780554160.1560342,,,soc0-thermal,61.281
1780554160.1560342,,,soc1-thermal,60.437
1780554160.1560342,,,soc2-thermal,61.406
1780554160.1560342,,,tj-thermal,63.812
1780554160.2623754,VDD_IN,9706.112,,
1780554160.2623754,VDD_CPU_GPU_CV,3955.968,,
1780554160.2623754,VDD_SOC,2161.28,,
1780554160.2623754,,,cpu-thermal,62.781
1780554160.2623754,,,gpu-thermal,63.906
1780554160.2623754,,,soc0-thermal,61.281
1780554160.2623754,,,soc1-thermal,60.593
1780554160.2623754,,,soc2-thermal,61.531
1780554160.2623754,,,tj-thermal,63.906
1780554160.3683012,VDD_IN,9588.224,,
1780554160.3683012,VDD_CPU_GPU_CV,3877.632,,
1780554160.3683012,VDD_SOC,2161.28,,
1780554160.3683012,,,cpu-thermal,62.937
1780554160.3683012,,,gpu-thermal,63.687
1780554160.3683012,,,soc0-thermal,61.343
1780554160.3683012,,,soc1-thermal,60.687
1780554160.3683012,,,soc2-thermal,61.562
1780554160.3683012,,,tj-thermal,63.687
1780554160.4738302,VDD_IN,9548.928,,
1780554160.4738302,VDD_CPU_GPU_CV,3838.464,,
1780554160.4738302,VDD_SOC,2161.28,,
1780554160.4738302,,,cpu-thermal,62.875
1780554160.4738302,,,gpu-thermal,64.125
1780554160.4738302,,,soc0-thermal,61.312
1780554160.4738302,,,soc1-thermal,60.531
1780554160.4738302,,,soc2-thermal,61.468
1780554160.4738302,,,tj-thermal,64.125
1780554160.5798955,VDD_IN,9509.632,,
1780554160.5798955,VDD_CPU_GPU_CV,3838.464,,
1780554160.5798955,VDD_SOC,2121.984,,
1780554160.5798955,,,cpu-thermal,62.875
1780554160.5798955,,,gpu-thermal,63.812
1780554160.5798955,,,soc0-thermal,61.343
1780554160.5798955,,,soc1-thermal,60.5
1780554160.5798955,,,soc2-thermal,61.468
1780554160.5798955,,,tj-thermal,63.968
1780554160.685589,VDD_IN,9509.632,,
1780554160.685589,VDD_CPU_GPU_CV,3799.296,,
1780554160.685589,VDD_SOC,2121.984,,
1780554160.685589,,,cpu-thermal,62.906
1780554160.685589,,,gpu-thermal,63.718
1780554160.685589,,,soc0-thermal,61.343
1780554160.685589,,,soc1-thermal,60.625
1780554160.685589,,,soc2-thermal,61.562
1780554160.685589,,,tj-thermal,63.718
1780554160.7914765,VDD_IN,9548.928,,
1780554160.7914765,VDD_CPU_GPU_CV,3838.464,,
1780554160.7914765,VDD_SOC,2121.984,,
1780554160.7914765,,,cpu-thermal,63.25
1780554160.7914765,,,gpu-thermal,64.062
1780554160.7914765,,,soc0-thermal,61.375
1780554160.7914765,,,soc1-thermal,60.5
1780554160.7914765,,,soc2-thermal,61.5
1780554160.7914765,,,tj-thermal,63.781
1780554160.898535,VDD_IN,9588.224,,
1780554160.898535,VDD_CPU_GPU_CV,3877.632,,
1780554160.898535,VDD_SOC,2121.984,,
1780554160.898535,,,cpu-thermal,63.062
1780554160.898535,,,gpu-thermal,64.031
1780554160.898535,,,soc0-thermal,61.312
1780554160.898535,,,soc1-thermal,60.625
1780554160.898535,,,soc2-thermal,61.562
1780554160.898535,,,tj-thermal,63.718
1780554161.0042937,VDD_IN,9627.52,,
1780554161.0042937,VDD_CPU_GPU_CV,3877.632,,
1780554161.0042937,VDD_SOC,2118.528,,
1780554161.0042937,,,cpu-thermal,63.187
1780554161.0042937,,,gpu-thermal,63.843
1780554161.0042937,,,soc0-thermal,61.375
1780554161.0042937,,,soc1-thermal,60.656
1780554161.0042937,,,soc2-thermal,61.593
1780554161.0042937,,,tj-thermal,63.843
1780554161.1106062,VDD_IN,9627.52,,
1780554161.1106062,VDD_CPU_GPU_CV,3877.632,,
1780554161.1106062,VDD_SOC,2118.528,,
1780554161.1106062,,,cpu-thermal,63.187
1780554161.1106062,,,gpu-thermal,63.781
1780554161.1106062,,,soc0-thermal,61.5
1780554161.1106062,,,soc1-thermal,60.5
1780554161.1106062,,,soc2-thermal,61.593
1780554161.1106062,,,tj-thermal,63.781
1780554161.2170372,VDD_IN,9627.52,,
1780554161.2170372,VDD_CPU_GPU_CV,3877.632,,
1780554161.2170372,VDD_SOC,2118.528,,
1780554161.2170372,,,cpu-thermal,63.187
1780554161.2170372,,,gpu-thermal,63.812
1780554161.2170372,,,soc0-thermal,61.312
1780554161.2170372,,,soc1-thermal,60.531
1780554161.2170372,,,soc2-thermal,61.562
1780554161.2170372,,,tj-thermal,63.812
1780554161.3224187,VDD_IN,9627.52,,
1780554161.3224187,VDD_CPU_GPU_CV,3877.632,,
1780554161.3224187,VDD_SOC,2118.528,,
1780554161.3224187,,,cpu-thermal,63.093
1780554161.3224187,,,gpu-thermal,64.281
1780554161.3224187,,,soc0-thermal,61.343
1780554161.3224187,,,soc1-thermal,60.656
1780554161.3224187,,,soc2-thermal,61.562
1780554161.3224187,,,tj-thermal,64.281
1780554161.428434,VDD_IN,9627.52,,
1780554161.428434,VDD_CPU_GPU_CV,3877.632,,
1780554161.428434,VDD_SOC,2121.984,,
1780554161.428434,,,cpu-thermal,63.093
1780554161.428434,,,gpu-thermal,64.062
1780554161.428434,,,soc0-thermal,61.468
1780554161.428434,,,soc1-thermal,60.718
1780554161.428434,,,soc2-thermal,61.625
1780554161.428434,,,tj-thermal,64.062
1780554161.5340226,VDD_IN,9588.224,,
1780554161.5340226,VDD_CPU_GPU_CV,3877.632,,
1780554161.5340226,VDD_SOC,2121.984,,
1780554161.5340226,,,cpu-thermal,63.125
1780554161.5340226,,,gpu-thermal,63.875
1780554161.5340226,,,soc0-thermal,61.343
1780554161.5340226,,,soc1-thermal,60.625
1780554161.5340226,,,soc2-thermal,61.593
1780554161.5340226,,,tj-thermal,64.0
1780554161.6393788,VDD_IN,9509.632,,
1780554161.6393788,VDD_CPU_GPU_CV,3838.464,,
1780554161.6393788,VDD_SOC,2121.984,,
1780554161.6393788,,,cpu-thermal,62.906
1780554161.6393788,,,gpu-thermal,64.187
1780554161.6393788,,,soc0-thermal,61.343
1780554161.6393788,,,soc1-thermal,60.625
1780554161.6393788,,,soc2-thermal,61.593
1780554161.6393788,,,tj-thermal,64.187
1780554161.74509,VDD_IN,9470.336,,
1780554161.74509,VDD_CPU_GPU_CV,3799.296,,
1780554161.74509,VDD_SOC,2121.984,,
1780554161.74509,,,cpu-thermal,63.093
1780554161.74509,,,gpu-thermal,64.093
1780554161.74509,,,soc0-thermal,61.406
1780554161.74509,,,soc1-thermal,60.625
1780554161.74509,,,soc2-thermal,61.687
1780554161.74509,,,tj-thermal,64.093
1780554161.8505144,VDD_IN,9627.52,,
1780554161.8505144,VDD_CPU_GPU_CV,3877.632,,
1780554161.8505144,VDD_SOC,2161.28,,
1780554161.8505144,,,cpu-thermal,63.093
1780554161.8505144,,,gpu-thermal,64.156
1780554161.8505144,,,soc0-thermal,61.531
1780554161.8505144,,,soc1-thermal,60.562
1780554161.8505144,,,soc2-thermal,61.656
1780554161.8505144,,,tj-thermal,64.156
1780554161.9561124,VDD_IN,9824.0,,
1780554161.9561124,VDD_CPU_GPU_CV,3995.136,,
1780554161.9561124,VDD_SOC,2200.576,,
1780554161.9561124,,,cpu-thermal,63.125
1780554161.9561124,,,gpu-thermal,64.343
1780554161.9561124,,,soc0-thermal,61.562
1780554161.9561124,,,soc1-thermal,60.531
1780554161.9561124,,,soc2-thermal,61.593
1780554161.9561124,,,tj-thermal,64.093
1780554162.0615022,VDD_IN,9863.296,,
1780554162.0615022,VDD_CPU_GPU_CV,4034.304,,
1780554162.0615022,VDD_SOC,2200.576,,
1780554162.0615022,,,cpu-thermal,63.062
1780554162.0615022,,,gpu-thermal,64.156
1780554162.0615022,,,soc0-thermal,61.5
1780554162.0615022,,,soc1-thermal,60.687
1780554162.0615022,,,soc2-thermal,61.656
1780554162.0615022,,,tj-thermal,64.0
1780554162.1678267,VDD_IN,9863.296,,
1780554162.1678267,VDD_CPU_GPU_CV,4034.304,,
1780554162.1678267,VDD_SOC,2200.576,,
1780554162.1678267,,,cpu-thermal,63.156
1780554162.1678267,,,gpu-thermal,64.0
1780554162.1678267,,,soc0-thermal,61.437
1780554162.1678267,,,soc1-thermal,60.687
1780554162.1678267,,,soc2-thermal,61.687
1780554162.1678267,,,tj-thermal,63.843
1780554162.2736292,VDD_IN,9784.704,,
1780554162.2736292,VDD_CPU_GPU_CV,3995.136,,
1780554162.2736292,VDD_SOC,2161.28,,
1780554162.2736292,,,cpu-thermal,63.437
1780554162.2736292,,,gpu-thermal,63.875
1780554162.2736292,,,soc0-thermal,61.562
1780554162.2736292,,,soc1-thermal,60.625
1780554162.2736292,,,soc2-thermal,61.718
1780554162.2736292,,,tj-thermal,63.875
1780554162.3791337,VDD_IN,9706.112,,
1780554162.3791337,VDD_CPU_GPU_CV,3955.968,,
1780554162.3791337,VDD_SOC,2161.28,,
1780554162.3791337,,,cpu-thermal,63.031
1780554162.3791337,,,gpu-thermal,63.875
1780554162.3791337,,,soc0-thermal,61.375
1780554162.3791337,,,soc1-thermal,60.656
1780554162.3791337,,,soc2-thermal,61.718
1780554162.3791337,,,tj-thermal,63.875
1780554162.4849734,VDD_IN,9588.224,,
1780554162.4849734,VDD_CPU_GPU_CV,3916.8,,
1780554162.4849734,VDD_SOC,2161.28,,
1780554162.4849734,,,cpu-thermal,62.968
1780554162.4849734,,,gpu-thermal,64.375
1780554162.4849734,,,soc0-thermal,61.5
1780554162.4849734,,,soc1-thermal,60.687
1780554162.4849734,,,soc2-thermal,61.625
1780554162.4849734,,,tj-thermal,64.375
1780554162.5909243,VDD_IN,9509.632,,
1780554162.5909243,VDD_CPU_GPU_CV,3838.464,,
1780554162.5909243,VDD_SOC,2121.984,,
1780554162.5909243,,,cpu-thermal,63.218
1780554162.5909243,,,gpu-thermal,64.125
1780554162.5909243,,,soc0-thermal,61.5
1780554162.5909243,,,soc1-thermal,60.843
1780554162.5909243,,,soc2-thermal,61.687
1780554162.5909243,,,tj-thermal,64.125
1780554162.6965232,VDD_IN,9470.336,,
1780554162.6965232,VDD_CPU_GPU_CV,3838.464,,
1780554162.6965232,VDD_SOC,2121.984,,
1780554162.6965232,,,cpu-thermal,63.312
1780554162.6965232,,,gpu-thermal,63.968
1780554162.6965232,,,soc0-thermal,61.437
1780554162.6965232,,,soc1-thermal,60.687
1780554162.6965232,,,soc2-thermal,61.75
1780554162.6965232,,,tj-thermal,64.031
1780554162.8023372,VDD_IN,9509.632,,
1780554162.8023372,VDD_CPU_GPU_CV,3838.464,,
1780554162.8023372,VDD_SOC,2121.984,,
1780554162.8023372,,,cpu-thermal,63.031
1780554162.8023372,,,gpu-thermal,64.343
1780554162.8023372,,,soc0-thermal,61.562
1780554162.8023372,,,soc1-thermal,60.75
1780554162.8023372,,,soc2-thermal,61.656
1780554162.8023372,,,tj-thermal,64.343
1780554162.9078345,VDD_IN,9706.112,,
1780554162.9078345,VDD_CPU_GPU_CV,3962.432,,
1780554162.9078345,VDD_SOC,2161.28,,
1780554162.9078345,,,cpu-thermal,63.0
1780554162.9078345,,,gpu-thermal,64.375
1780554162.9078345,,,soc0-thermal,61.562
1780554162.9078345,,,soc1-thermal,60.781
1780554162.9078345,,,soc2-thermal,61.718
1780554162.9078345,,,tj-thermal,64.375
1780554163.0137799,VDD_IN,9824.0,,
1780554163.0137799,VDD_CPU_GPU_CV,4001.664,,
1780554163.0137799,VDD_SOC,2200.576,,
1780554163.0137799,,,cpu-thermal,63.187
1780554163.0137799,,,gpu-thermal,64.125
1780554163.0137799,,,soc0-thermal,61.656
1780554163.0137799,,,soc1-thermal,60.718
1780554163.0137799,,,soc2-thermal,61.781
1780554163.0137799,,,tj-thermal,64.125
1780554163.1192691,VDD_IN,9706.112,,
1780554163.1192691,VDD_CPU_GPU_CV,3962.432,,
1780554163.1192691,VDD_SOC,2161.28,,
1780554163.1192691,,,cpu-thermal,63.375
1780554163.1192691,,,gpu-thermal,64.031
1780554163.1192691,,,soc0-thermal,61.437
1780554163.1192691,,,soc1-thermal,60.718
1780554163.1192691,,,soc2-thermal,61.656
1780554163.1192691,,,tj-thermal,64.031
1780554163.2253804,VDD_IN,9666.816,,
1780554163.2253804,VDD_CPU_GPU_CV,3923.2,,
1780554163.2253804,VDD_SOC,2161.28,,
1780554163.2253804,,,cpu-thermal,63.187
1780554163.2253804,,,gpu-thermal,64.0
1780554163.2253804,,,soc0-thermal,61.531
1780554163.2253804,,,soc1-thermal,60.781
1780554163.2253804,,,soc2-thermal,61.687
1780554163.2253804,,,tj-thermal,64.0
1780554163.331204,VDD_IN,9588.224,,
1780554163.331204,VDD_CPU_GPU_CV,3877.632,,
1780554163.331204,VDD_SOC,2161.28,,
1780554163.331204,,,cpu-thermal,63.25
1780554163.331204,,,gpu-thermal,64.031
1780554163.331204,,,soc0-thermal,61.531
1780554163.331204,,,soc1-thermal,60.843
1780554163.331204,,,soc2-thermal,61.718
1780554163.331204,,,tj-thermal,63.906
1780554163.4370995,VDD_IN,9548.928,,
1780554163.4370995,VDD_CPU_GPU_CV,3838.464,,
1780554163.4370995,VDD_SOC,2121.984,,
1780554163.4370995,,,cpu-thermal,63.312
1780554163.4370995,,,gpu-thermal,64.093
1780554163.4370995,,,soc0-thermal,61.468
1780554163.4370995,,,soc1-thermal,60.781
1780554163.4370995,,,soc2-thermal,61.843
1780554163.4370995,,,tj-thermal,64.312
1780554163.5429373,VDD_IN,9509.632,,
1780554163.5429373,VDD_CPU_GPU_CV,3838.464,,
1780554163.5429373,VDD_SOC,2121.984,,
1780554163.5429373,,,cpu-thermal,63.125
1780554163.5429373,,,gpu-thermal,64.031
1780554163.5429373,,,soc0-thermal,61.5
1780554163.5429373,,,soc1-thermal,60.75
1780554163.5429373,,,soc2-thermal,61.781
1780554163.5429373,,,tj-thermal,64.125
1780554163.649115,VDD_IN,9431.04,,
1780554163.649115,VDD_CPU_GPU_CV,3799.296,,
1780554163.649115,VDD_SOC,2121.984,,
1780554163.649115,,,cpu-thermal,63.125
1780554163.649115,,,gpu-thermal,64.406
1780554163.649115,,,soc0-thermal,61.531
1780554163.649115,,,soc1-thermal,60.718
1780554163.649115,,,soc2-thermal,61.687
1780554163.649115,,,tj-thermal,64.406
1780554163.754837,VDD_IN,9431.04,,
1780554163.754837,VDD_CPU_GPU_CV,3760.128,,
1780554163.754837,VDD_SOC,2121.984,,
1780554163.754837,,,cpu-thermal,63.187
1780554163.754837,,,gpu-thermal,64.281
1780554163.754837,,,soc0-thermal,61.687
1780554163.754837,,,soc1-thermal,60.687
1780554163.754837,,,soc2-thermal,61.75
1780554163.754837,,,tj-thermal,64.281
1780554163.860604,VDD_IN,9627.52,,
1780554163.860604,VDD_CPU_GPU_CV,3877.632,,
1780554163.860604,VDD_SOC,2161.28,,
1780554163.860604,,,cpu-thermal,63.25
1780554163.860604,,,gpu-thermal,64.312
1780554163.860604,,,soc0-thermal,61.531
1780554163.860604,,,soc1-thermal,60.781
1780554163.860604,,,soc2-thermal,61.75
1780554163.860604,,,tj-thermal,64.312
1780554163.966514,VDD_IN,9745.408,,
1780554163.966514,VDD_CPU_GPU_CV,3955.968,,
1780554163.966514,VDD_SOC,2161.28,,
1780554163.966514,,,cpu-thermal,63.187
1780554163.966514,,,gpu-thermal,64.125
1780554163.966514,,,soc0-thermal,61.625
1780554163.966514,,,soc1-thermal,60.843
1780554163.966514,,,soc2-thermal,61.781
1780554163.966514,,,tj-thermal,64.125
1780554164.0725307,VDD_IN,9706.112,,
1780554164.0725307,VDD_CPU_GPU_CV,3955.968,,
1780554164.0725307,VDD_SOC,2161.28,,
1780554164.0725307,,,cpu-thermal,63.281
1780554164.0725307,,,gpu-thermal,64.093
1780554164.0725307,,,soc0-thermal,61.656
1780554164.0725307,,,soc1-thermal,60.781
1780554164.0725307,,,soc2-thermal,61.843
1780554164.0725307,,,tj-thermal,64.093
1780554164.1790712,VDD_IN,9706.112,,
1780554164.1790712,VDD_CPU_GPU_CV,3916.8,,
1780554164.1790712,VDD_SOC,2161.28,,
1780554164.1790712,,,cpu-thermal,63.593
1780554164.1790712,,,gpu-thermal,64.093
1780554164.1790712,,,soc0-thermal,61.718
1780554164.1790712,,,soc1-thermal,60.843
1780554164.1790712,,,soc2-thermal,61.843
1780554164.1790712,,,tj-thermal,64.093
1780554164.2850604,VDD_IN,9666.816,,
1780554164.2850604,VDD_CPU_GPU_CV,3916.8,,
1780554164.2850604,VDD_SOC,2121.984,,
1780554164.2850604,,,cpu-thermal,63.218
1780554164.2850604,,,gpu-thermal,64.156
1780554164.2850604,,,soc0-thermal,61.687
1780554164.2850604,,,soc1-thermal,60.843
1780554164.2850604,,,soc2-thermal,61.843
1780554164.2850604,,,tj-thermal,64.375
1780554164.390795,VDD_IN,9627.52,,
1780554164.390795,VDD_CPU_GPU_CV,3916.8,,
1780554164.390795,VDD_SOC,2121.984,,
1780554164.390795,,,cpu-thermal,63.281
1780554164.390795,,,gpu-thermal,64.093
1780554164.390795,,,soc0-thermal,61.593
1780554164.390795,,,soc1-thermal,60.843
1780554164.390795,,,soc2-thermal,61.875
1780554164.390795,,,tj-thermal,64.25
1780554164.4963791,VDD_IN,9627.52,,
1780554164.4963791,VDD_CPU_GPU_CV,3916.8,,
1780554164.4963791,VDD_SOC,2121.984,,
1780554164.4963791,,,cpu-thermal,63.437
1780554164.4963791,,,gpu-thermal,64.031
1780554164.4963791,,,soc0-thermal,61.75
1780554164.4963791,,,soc1-thermal,60.812
1780554164.4963791,,,soc2-thermal,61.875
1780554164.4963791,,,tj-thermal,64.031
1780554164.6023693,VDD_IN,9548.928,,
1780554164.6023693,VDD_CPU_GPU_CV,3838.464,,
1780554164.6023693,VDD_SOC,2121.984,,
1780554164.6023693,,,cpu-thermal,63.406
1780554164.6023693,,,gpu-thermal,64.281
1780554164.6023693,,,soc0-thermal,61.593
1780554164.6023693,,,soc1-thermal,60.843
1780554164.6023693,,,soc2-thermal,61.812
1780554164.6023693,,,tj-thermal,64.281
1780554164.7077153,VDD_IN,9509.632,,
1780554164.7077153,VDD_CPU_GPU_CV,3799.296,,
1780554164.7077153,VDD_SOC,2121.984,,
1780554164.7077153,,,cpu-thermal,63.125
1780554164.7077153,,,gpu-thermal,64.218
1780554164.7077153,,,soc0-thermal,61.687
1780554164.7077153,,,soc1-thermal,60.906
1780554164.7077153,,,soc2-thermal,61.875
1780554164.7077153,,,tj-thermal,64.218
1780554164.8139896,VDD_IN,9548.928,,
1780554164.8139896,VDD_CPU_GPU_CV,3838.464,,
1780554164.8139896,VDD_SOC,2121.984,,
1780554164.8139896,,,cpu-thermal,63.375
1780554164.8139896,,,gpu-thermal,64.187
1780554164.8139896,,,soc0-thermal,61.625
1780554164.8139896,,,soc1-thermal,61.0
1780554164.8139896,,,soc2-thermal,61.875
1780554164.8139896,,,tj-thermal,64.187
1780554164.9200072,VDD_IN,9784.704,,
1780554164.9200072,VDD_CPU_GPU_CV,3995.136,,
1780554164.9200072,VDD_SOC,2161.28,,
1780554164.9200072,,,cpu-thermal,63.406
1780554164.9200072,,,gpu-thermal,64.5
1780554164.9200072,,,soc0-thermal,61.562
1780554164.9200072,,,soc1-thermal,60.843
1780554164.9200072,,,soc2-thermal,61.937
1780554164.9200072,,,tj-thermal,64.281
1780554165.025942,VDD_IN,9902.592,,
1780554165.025942,VDD_CPU_GPU_CV,4034.304,,
1780554165.025942,VDD_SOC,2200.576,,
1780554165.025942,,,cpu-thermal,63.281
1780554165.025942,,,gpu-thermal,64.343
1780554165.025942,,,soc0-thermal,61.656
1780554165.025942,,,soc1-thermal,60.875
1780554165.025942,,,soc2-thermal,61.875
1780554165.025942,,,tj-thermal,64.156
1780554165.1317358,VDD_IN,9745.408,,
1780554165.1317358,VDD_CPU_GPU_CV,3955.968,,
1780554165.1317358,VDD_SOC,2161.28,,
1780554165.1317358,,,cpu-thermal,63.343
1780554165.1317358,,,gpu-thermal,64.156
1780554165.1317358,,,soc0-thermal,61.687
1780554165.1317358,,,soc1-thermal,60.937
1780554165.1317358,,,soc2-thermal,61.906
1780554165.1317358,,,tj-thermal,64.156
1780554165.2371626,VDD_IN,9706.112,,
1780554165.2371626,VDD_CPU_GPU_CV,3916.8,,
1780554165.2371626,VDD_SOC,2161.28,,
1780554165.2371626,,,cpu-thermal,63.312
1780554165.2371626,,,gpu-thermal,64.187
1780554165.2371626,,,soc0-thermal,61.812
1780554165.2371626,,,soc1-thermal,60.843
1780554165.2371626,,,soc2-thermal,61.875
1780554165.2371626,,,tj-thermal,64.187
1780554165.3428814,VDD_IN,9588.224,,
1780554165.3428814,VDD_CPU_GPU_CV,3877.632,,
1780554165.3428814,VDD_SOC,2121.984,,
1780554165.3428814,,,cpu-thermal,63.218
1780554165.3428814,,,gpu-thermal,64.125
1780554165.3428814,,,soc0-thermal,61.593
1780554165.3428814,,,soc1-thermal,60.937
1780554165.3428814,,,soc2-thermal,61.875
1780554165.3428814,,,tj-thermal,64.125
1780554165.4488235,VDD_IN,9509.632,,
1780554165.4488235,VDD_CPU_GPU_CV,3838.464,,
1780554165.4488235,VDD_SOC,2121.984,,
1780554165.4488235,,,cpu-thermal,63.312
1780554165.4488235,,,gpu-thermal,64.468
1780554165.4488235,,,soc0-thermal,61.687
1780554165.4488235,,,soc1-thermal,60.968
1780554165.4488235,,,soc2-thermal,61.906
1780554165.4488235,,,tj-thermal,64.468
1780554165.5546348,VDD_IN,9470.336,,
1780554165.5546348,VDD_CPU_GPU_CV,3799.296,,
1780554165.5546348,VDD_SOC,2121.984,,
1780554165.5546348,,,cpu-thermal,63.406
1780554165.5546348,,,gpu-thermal,64.312
1780554165.5546348,,,soc0-thermal,61.812
1780554165.5546348,,,soc1-thermal,61.093
1780554165.5546348,,,soc2-thermal,61.906
1780554165.5546348,,,tj-thermal,64.312
1780554165.6602943,VDD_IN,9431.04,,
1780554165.6602943,VDD_CPU_GPU_CV,3799.296,,
1780554165.6602943,VDD_SOC,2121.984,,
1780554165.6602943,,,cpu-thermal,63.25
1780554165.6602943,,,gpu-thermal,64.125
1780554165.6602943,,,soc0-thermal,61.843
1780554165.6602943,,,soc1-thermal,60.875
1780554165.6602943,,,soc2-thermal,61.968
1780554165.6602943,,,tj-thermal,64.25
1780554165.7658544,VDD_IN,9431.04,,
1780554165.7658544,VDD_CPU_GPU_CV,3799.296,,
1780554165.7658544,VDD_SOC,2121.984,,
1780554165.7658544,,,cpu-thermal,63.375
1780554165.7658544,,,gpu-thermal,64.468
1780554165.7658544,,,soc0-thermal,61.687
1780554165.7658544,,,soc1-thermal,60.968
1780554165.7658544,,,soc2-thermal,61.875
1780554165.7658544,,,tj-thermal,64.468
1780554165.8713129,VDD_IN,9588.224,,
1780554165.8713129,VDD_CPU_GPU_CV,3877.632,,
1780554165.8713129,VDD_SOC,2121.984,,
1780554165.8713129,,,cpu-thermal,63.343
1780554165.8713129,,,gpu-thermal,64.437
1780554165.8713129,,,soc0-thermal,61.718
1780554165.8713129,,,soc1-thermal,60.968
1780554165.8713129,,,soc2-thermal,61.968
1780554165.8713129,,,tj-thermal,64.437
1780554165.976882,VDD_IN,9784.704,,
1780554165.976882,VDD_CPU_GPU_CV,3995.136,,
1780554165.976882,VDD_SOC,2161.28,,
1780554165.976882,,,cpu-thermal,63.312
1780554165.976882,,,gpu-thermal,64.5
1780554165.976882,,,soc0-thermal,61.781
1780554165.976882,,,soc1-thermal,61.093
1780554165.976882,,,soc2-thermal,61.906
1780554165.976882,,,tj-thermal,64.5
1780554166.082421,VDD_IN,9745.408,,
1780554166.082421,VDD_CPU_GPU_CV,3955.968,,
1780554166.082421,VDD_SOC,2161.28,,
1780554166.082421,,,cpu-thermal,63.656
1780554166.082421,,,gpu-thermal,64.593
1780554166.082421,,,soc0-thermal,61.781
1780554166.082421,,,soc1-thermal,60.937
1780554166.082421,,,soc2-thermal,61.968
1780554166.082421,,,tj-thermal,64.281
1780554166.1878355,VDD_IN,9627.52,,
1780554166.1878355,VDD_CPU_GPU_CV,3916.8,,
1780554166.1878355,VDD_SOC,2161.28,,
1780554166.1878355,,,cpu-thermal,63.312
1780554166.1878355,,,gpu-thermal,64.312
1780554166.1878355,,,soc0-thermal,61.656
1780554166.1878355,,,soc1-thermal,61.031
1780554166.1878355,,,soc2-thermal,61.875
1780554166.1878355,,,tj-thermal,64.312
1780554166.2932286,VDD_IN,9588.224,,
1780554166.2932286,VDD_CPU_GPU_CV,3877.632,,
1780554166.2932286,VDD_SOC,2121.984,,
1780554166.2932286,,,cpu-thermal,63.343
1780554166.2932286,,,gpu-thermal,64.375
1780554166.2932286,,,soc0-thermal,61.781
1780554166.2932286,,,soc1-thermal,61.0
1780554166.2932286,,,soc2-thermal,61.937
1780554166.2932286,,,tj-thermal,64.375
1780554166.3988566,VDD_IN,9509.632,,
1780554166.3988566,VDD_CPU_GPU_CV,3838.464,,
1780554166.3988566,VDD_SOC,2121.984,,
1780554166.3988566,,,cpu-thermal,63.5
1780554166.3988566,,,gpu-thermal,64.25
1780554166.3988566,,,soc0-thermal,61.812
1780554166.3988566,,,soc1-thermal,61.062
1780554166.3988566,,,soc2-thermal,61.937
1780554166.3988566,,,tj-thermal,64.25
1780554166.5043929,VDD_IN,9431.04,,
1780554166.5043929,VDD_CPU_GPU_CV,3805.504,,
1780554166.5043929,VDD_SOC,2121.984,,
1780554166.5043929,,,cpu-thermal,63.593
1780554166.5043929,,,gpu-thermal,64.406
1780554166.5043929,,,soc0-thermal,61.718
1780554166.5043929,,,soc1-thermal,60.968
1780554166.5043929,,,soc2-thermal,61.937
1780554166.5043929,,,tj-thermal,64.312
1780554166.6098046,VDD_IN,9431.04,,
1780554166.6098046,VDD_CPU_GPU_CV,3766.272,,
1780554166.6098046,VDD_SOC,2121.984,,
1780554166.6098046,,,cpu-thermal,63.312
1780554166.6098046,,,gpu-thermal,64.312
1780554166.6098046,,,soc0-thermal,61.781
1780554166.6098046,,,soc1-thermal,61.031
1780554166.6098046,,,soc2-thermal,61.937
1780554166.6098046,,,tj-thermal,64.562
1780554166.7158325,VDD_IN,9391.744,,
1780554166.7158325,VDD_CPU_GPU_CV,3766.272,,
1780554166.7158325,VDD_SOC,2121.984,,
1780554166.7158325,,,cpu-thermal,63.5
1780554166.7158325,,,gpu-thermal,64.218
1780554166.7158325,,,soc0-thermal,61.843
1780554166.7158325,,,soc1-thermal,61.031
1780554166.7158325,,,soc2-thermal,61.968
1780554166.7158325,,,tj-thermal,64.218
1780554166.821162,VDD_IN,9470.336,,
1780554166.821162,VDD_CPU_GPU_CV,3805.504,,
1780554166.821162,VDD_SOC,2121.984,,
1780554166.821162,,,cpu-thermal,63.468
1780554166.821162,,,gpu-thermal,64.375
1780554166.821162,,,soc0-thermal,61.843
1780554166.821162,,,soc1-thermal,60.906
1780554166.821162,,,soc2-thermal,62.031
1780554166.821162,,,tj-thermal,64.375
1780554166.9267952,VDD_IN,9706.112,,
1780554166.9267952,VDD_CPU_GPU_CV,3923.2,,
1780554166.9267952,VDD_SOC,2161.28,,
1780554166.9267952,,,cpu-thermal,63.5
1780554166.9267952,,,gpu-thermal,64.687
1780554166.9267952,,,soc0-thermal,61.781
1780554166.9267952,,,soc1-thermal,61.093
1780554166.9267952,,,soc2-thermal,62.0
1780554166.9267952,,,tj-thermal,64.687
1780554167.032116,VDD_IN,9824.0,,
1780554167.032116,VDD_CPU_GPU_CV,4001.664,,
1780554167.032116,VDD_SOC,2161.28,,
1780554167.032116,,,cpu-thermal,63.75
1780554167.032116,,,gpu-thermal,64.437
1780554167.032116,,,soc0-thermal,61.843
1780554167.032116,,,soc1-thermal,61.093
1780554167.032116,,,soc2-thermal,61.937
1780554167.032116,,,tj-thermal,64.593
1780554167.1377835,VDD_IN,9706.112,,
1780554167.1377835,VDD_CPU_GPU_CV,3923.2,,
1780554167.1377835,VDD_SOC,2161.28,,
1780554167.1377835,,,cpu-thermal,63.406
1780554167.1377835,,,gpu-thermal,64.343
1780554167.1377835,,,soc0-thermal,61.937
1780554167.1377835,,,soc1-thermal,61.187
1780554167.1377835,,,soc2-thermal,62.0
1780554167.1377835,,,tj-thermal,64.343
1780554167.2433023,VDD_IN,9627.52,,
1780554167.2433023,VDD_CPU_GPU_CV,3883.968,,
1780554167.2433023,VDD_SOC,2161.28,,
1780554167.2433023,,,cpu-thermal,63.562
1780554167.2433023,,,gpu-thermal,64.625
1780554167.2433023,,,soc0-thermal,61.875
1780554167.2433023,,,soc1-thermal,61.031
1780554167.2433023,,,soc2-thermal,62.062
1780554167.2433023,,,tj-thermal,64.625
1780554167.3486938,VDD_IN,9588.224,,
1780554167.3486938,VDD_CPU_GPU_CV,3844.736,,
1780554167.3486938,VDD_SOC,2121.984,,
1780554167.3486938,,,cpu-thermal,63.593
1780554167.3486938,,,gpu-thermal,64.5
1780554167.3486938,,,soc0-thermal,61.843
1780554167.3486938,,,soc1-thermal,61.031
1780554167.3486938,,,soc2-thermal,62.062
1780554167.3486938,,,tj-thermal,64.5
1780554167.4539776,VDD_IN,9548.928,,
1780554167.4539776,VDD_CPU_GPU_CV,3844.736,,
1780554167.4539776,VDD_SOC,2121.984,,
1780554167.4539776,,,cpu-thermal,63.437
1780554167.4539776,,,gpu-thermal,64.75
1780554167.4539776,,,soc0-thermal,61.843
1780554167.4539776,,,soc1-thermal,61.093
1780554167.4539776,,,soc2-thermal,62.0
1780554167.4539776,,,tj-thermal,64.437
1780554167.5594192,VDD_IN,9470.336,,
1780554167.5594192,VDD_CPU_GPU_CV,3805.504,,
1780554167.5594192,VDD_SOC,2121.984,,
1780554167.5594192,,,cpu-thermal,63.5
1780554167.5594192,,,gpu-thermal,64.531
1780554167.5594192,,,soc0-thermal,61.937
1780554167.5594192,,,soc1-thermal,61.156
1780554167.5594192,,,soc2-thermal,62.093
1780554167.5594192,,,tj-thermal,64.531
1780554167.664775,VDD_IN,9470.336,,
1780554167.664775,VDD_CPU_GPU_CV,3760.128,,
1780554167.664775,VDD_SOC,2121.984,,
1780554167.664775,,,cpu-thermal,63.562
1780554167.664775,,,gpu-thermal,64.437
1780554167.664775,,,soc0-thermal,61.937
1780554167.664775,,,soc1-thermal,61.0
1780554167.664775,,,soc2-thermal,62.125
1780554167.664775,,,tj-thermal,64.437
1780554167.7701387,VDD_IN,9431.04,,
1780554167.7701387,VDD_CPU_GPU_CV,3760.128,,
1780554167.7701387,VDD_SOC,2121.984,,
1780554167.7701387,,,cpu-thermal,63.593
1780554167.7701387,,,gpu-thermal,64.437
1780554167.7701387,,,soc0-thermal,61.906
1780554167.7701387,,,soc1-thermal,61.062
1780554167.7701387,,,soc2-thermal,62.0
1780554167.7701387,,,tj-thermal,64.437
1780554167.8754034,VDD_IN,9666.816,,
1780554167.8754034,VDD_CPU_GPU_CV,3883.968,,
1780554167.8754034,VDD_SOC,2161.28,,
1780554167.8754034,,,cpu-thermal,63.406
1780554167.8754034,,,gpu-thermal,64.718
1780554167.8754034,,,soc0-thermal,61.906
1780554167.8754034,,,soc1-thermal,61.125
1780554167.8754034,,,soc2-thermal,62.062
1780554167.8754034,,,tj-thermal,64.468
1780554167.9807951,VDD_IN,9824.0,,
1780554167.9807951,VDD_CPU_GPU_CV,4001.664,,
1780554167.9807951,VDD_SOC,2200.576,,
1780554167.9807951,,,cpu-thermal,63.437
1780554167.9807951,,,gpu-thermal,64.718
1780554167.9807951,,,soc0-thermal,61.875
1780554167.9807951,,,soc1-thermal,61.156
1780554167.9807951,,,soc2-thermal,62.062
1780554167.9807951,,,tj-thermal,64.718
1780554168.0860677,VDD_IN,9784.704,,
1780554168.0860677,VDD_CPU_GPU_CV,3962.432,,
1780554168.0860677,VDD_SOC,2200.576,,
1780554168.0860677,,,cpu-thermal,63.593
1780554168.0860677,,,gpu-thermal,64.437
1780554168.0860677,,,soc0-thermal,62.0
1780554168.0860677,,,soc1-thermal,61.031
1780554168.0860677,,,soc2-thermal,62.125
1780554168.0860677,,,tj-thermal,64.437
1780554168.1914399,VDD_IN,9666.816,,
1780554168.1914399,VDD_CPU_GPU_CV,3923.2,,
1780554168.1914399,VDD_SOC,2161.28,,
1780554168.1914399,,,cpu-thermal,63.625
1780554168.1914399,,,gpu-thermal,64.375
1780554168.1914399,,,soc0-thermal,61.875
1780554168.1914399,,,soc1-thermal,61.125
1780554168.1914399,,,soc2-thermal,62.031
1780554168.1914399,,,tj-thermal,64.375
1780554168.2973127,VDD_IN,9588.224,,
1780554168.2973127,VDD_CPU_GPU_CV,3844.736,,
1780554168.2973127,VDD_SOC,2161.28,,
1780554168.2973127,,,cpu-thermal,63.531
1780554168.2973127,,,gpu-thermal,64.437
1780554168.2973127,,,soc0-thermal,61.937
1780554168.2973127,,,soc1-thermal,61.218
1780554168.2973127,,,soc2-thermal,62.156
1780554168.2973127,,,tj-thermal,64.281
1780554168.4032516,VDD_IN,9509.632,,
1780554168.4032516,VDD_CPU_GPU_CV,3799.296,,
1780554168.4032516,VDD_SOC,2121.984,,
1780554168.4032516,,,cpu-thermal,63.531
1780554168.4032516,,,gpu-thermal,64.437
1780554168.4032516,,,soc0-thermal,62.062
1780554168.4032516,,,soc1-thermal,61.375
1780554168.4032516,,,soc2-thermal,62.187
1780554168.4032516,,,tj-thermal,64.437
1780554168.5085783,VDD_IN,9470.336,,
1780554168.5085783,VDD_CPU_GPU_CV,3799.296,,
1780554168.5085783,VDD_SOC,2121.984,,
1780554168.5085783,,,cpu-thermal,63.562
1780554168.5085783,,,gpu-thermal,64.406
1780554168.5085783,,,soc0-thermal,62.093
1780554168.5085783,,,soc1-thermal,61.218
1780554168.5085783,,,soc2-thermal,62.281
1780554168.5085783,,,tj-thermal,64.406
1780554168.6140149,VDD_IN,9470.336,,
1780554168.6140149,VDD_CPU_GPU_CV,3799.296,,
1780554168.6140149,VDD_SOC,2121.984,,
1780554168.6140149,,,cpu-thermal,63.562
1780554168.6140149,,,gpu-thermal,64.75
1780554168.6140149,,,soc0-thermal,61.906
1780554168.6140149,,,soc1-thermal,61.187
1780554168.6140149,,,soc2-thermal,62.156
1780554168.6140149,,,tj-thermal,64.75
1780554168.7195723,VDD_IN,9431.04,,
1780554168.7195723,VDD_CPU_GPU_CV,3760.128,,
1780554168.7195723,VDD_SOC,2121.984,,
1780554168.7195723,,,cpu-thermal,63.531
1780554168.7195723,,,gpu-thermal,64.406
1780554168.7195723,,,soc0-thermal,61.968
1780554168.7195723,,,soc1-thermal,61.125
1780554168.7195723,,,soc2-thermal,62.062
1780554168.7195723,,,tj-thermal,64.718
1780554168.8248165,VDD_IN,9548.928,,
1780554168.8248165,VDD_CPU_GPU_CV,3838.464,,
1780554168.8248165,VDD_SOC,2161.28,,
1780554168.8248165,,,cpu-thermal,63.437
1780554168.8248165,,,gpu-thermal,64.562
1780554168.8248165,,,soc0-thermal,62.062
1780554168.8248165,,,soc1-thermal,61.312
1780554168.8248165,,,soc2-thermal,62.156
1780554168.8248165,,,tj-thermal,64.562
1780554168.9301682,VDD_IN,9745.408,,
1780554168.9301682,VDD_CPU_GPU_CV,3962.432,,
1780554168.9301682,VDD_SOC,2161.28,,
1780554168.9301682,,,cpu-thermal,63.812
1780554168.9301682,,,gpu-thermal,64.906
1780554168.9301682,,,soc0-thermal,62.125
1780554168.9301682,,,soc1-thermal,61.125
1780554168.9301682,,,soc2-thermal,62.25
1780554168.9301682,,,tj-thermal,64.906
1780554169.035329,VDD_IN,9824.0,,
1780554169.035329,VDD_CPU_GPU_CV,4001.664,,
1780554169.035329,VDD_SOC,2200.576,,
1780554169.035329,,,cpu-thermal,63.531
1780554169.035329,,,gpu-thermal,64.781
1780554169.035329,,,soc0-thermal,61.906
1780554169.035329,,,soc1-thermal,61.187
1780554169.035329,,,soc2-thermal,62.125
1780554169.035329,,,tj-thermal,64.781
1780554169.140989,VDD_IN,9706.112,,
1780554169.140989,VDD_CPU_GPU_CV,3923.2,,
1780554169.140989,VDD_SOC,2161.28,,
1780554169.140989,,,cpu-thermal,63.593
1780554169.140989,,,gpu-thermal,64.531
1780554169.140989,,,soc0-thermal,61.968
1780554169.140989,,,soc1-thermal,61.281
1780554169.140989,,,soc2-thermal,62.218
1780554169.140989,,,tj-thermal,64.656
1780554169.2464986,VDD_IN,9666.816,,
1780554169.2464986,VDD_CPU_GPU_CV,3883.968,,
1780554169.2464986,VDD_SOC,2161.28,,
1780554169.2464986,,,cpu-thermal,63.593
1780554169.2464986,,,gpu-thermal,64.812
1780554169.2464986,,,soc0-thermal,62.0
1780554169.2464986,,,soc1-thermal,61.343
1780554169.2464986,,,soc2-thermal,62.187
1780554169.2464986,,,tj-thermal,64.812
1780554169.3519423,VDD_IN,9548.928,,
1780554169.3519423,VDD_CPU_GPU_CV,3844.736,,
1780554169.3519423,VDD_SOC,2161.28,,
1780554169.3519423,,,cpu-thermal,63.843
1780554169.3519423,,,gpu-thermal,64.656
1780554169.3519423,,,soc0-thermal,62.187
1780554169.3519423,,,soc1-thermal,61.218
1780554169.3519423,,,soc2-thermal,62.218
1780554169.3519423,,,tj-thermal,64.656
1780554169.4576063,VDD_IN,9509.632,,
1780554169.4576063,VDD_CPU_GPU_CV,3805.504,,
1780554169.4576063,VDD_SOC,2161.28,,
1780554169.4576063,,,cpu-thermal,63.593
1780554169.4576063,,,gpu-thermal,64.625
1780554169.4576063,,,soc0-thermal,62.0
1780554169.4576063,,,soc1-thermal,61.156
1780554169.4576063,,,soc2-thermal,62.218
1780554169.4576063,,,tj-thermal,64.625
1780554169.5629632,VDD_IN,9470.336,,
1780554169.5629632,VDD_CPU_GPU_CV,3766.272,,
1780554169.5629632,VDD_SOC,2121.984,,
1780554169.5629632,,,cpu-thermal,63.531
1780554169.5629632,,,gpu-thermal,64.468
1780554169.5629632,,,soc0-thermal,62.0
1780554169.5629632,,,soc1-thermal,61.218
1780554169.5629632,,,soc2-thermal,62.25
1780554169.5629632,,,tj-thermal,64.468
1780554169.6685035,VDD_IN,9431.04,,
1780554169.6685035,VDD_CPU_GPU_CV,3766.272,,
1780554169.6685035,VDD_SOC,2121.984,,
1780554169.6685035,,,cpu-thermal,63.687
1780554169.6685035,,,gpu-thermal,64.625
1780554169.6685035,,,soc0-thermal,62.093
1780554169.6685035,,,soc1-thermal,61.406
1780554169.6685035,,,soc2-thermal,62.218
1780554169.6685035,,,tj-thermal,64.5
1780554169.7739182,VDD_IN,9431.04,,
1780554169.7739182,VDD_CPU_GPU_CV,3760.128,,
1780554169.7739182,VDD_SOC,2121.984,,
1780554169.7739182,,,cpu-thermal,63.843
1780554169.7739182,,,gpu-thermal,64.562
1780554169.7739182,,,soc0-thermal,62.093
1780554169.7739182,,,soc1-thermal,61.25
1780554169.7739182,,,soc2-thermal,62.218
1780554169.7739182,,,tj-thermal,64.562
1780554169.879308,VDD_IN,9627.52,,
1780554169.879308,VDD_CPU_GPU_CV,3877.632,,
1780554169.879308,VDD_SOC,2161.28,,
1780554169.879308,,,cpu-thermal,63.937
1780554169.879308,,,gpu-thermal,64.687
1780554169.879308,,,soc0-thermal,62.0
1780554169.879308,,,soc1-thermal,61.406
1780554169.879308,,,soc2-thermal,62.343
1780554169.879308,,,tj-thermal,64.687
1780554169.9846215,VDD_IN,9840.0,,
1780554169.9846215,VDD_CPU_GPU_CV,4001.664,,
1780554169.9846215,VDD_SOC,2200.576,,
1780554169.9846215,,,cpu-thermal,63.531
1780554169.9846215,,,gpu-thermal,64.875
1780554169.9846215,,,soc0-thermal,62.0
1780554169.9846215,,,soc1-thermal,61.312
1780554169.9846215,,,soc2-thermal,62.343
1780554169.9846215,,,tj-thermal,64.656
1780554170.0902865,VDD_IN,9784.704,,
1780554170.0902865,VDD_CPU_GPU_CV,3962.432,,
1780554170.0902865,VDD_SOC,2200.576,,
1780554170.0902865,,,cpu-thermal,63.718
1780554170.0902865,,,gpu-thermal,64.75
1780554170.0902865,,,soc0-thermal,62.125
1780554170.0902865,,,soc1-thermal,61.218
1780554170.0902865,,,soc2-thermal,62.312
1780554170.0902865,,,tj-thermal,64.968
1780554170.1956904,VDD_IN,9666.816,,
1780554170.1956904,VDD_CPU_GPU_CV,3883.968,,
1780554170.1956904,VDD_SOC,2161.28,,
1780554170.1956904,,,cpu-thermal,63.843
1780554170.1956904,,,gpu-thermal,64.531
1780554170.1956904,,,soc0-thermal,62.156
1780554170.1956904,,,soc1-thermal,61.312
1780554170.1956904,,,soc2-thermal,62.218
1780554170.1956904,,,tj-thermal,64.531
1780554170.301057,VDD_IN,9627.52,,
1780554170.301057,VDD_CPU_GPU_CV,3877.632,,
1780554170.301057,VDD_SOC,2161.28,,
1780554170.301057,,,cpu-thermal,63.906
1780554170.301057,,,gpu-thermal,64.5
1780554170.301057,,,soc0-thermal,62.062
1780554170.301057,,,soc1-thermal,61.312
1780554170.301057,,,soc2-thermal,62.25
1780554170.301057,,,tj-thermal,64.5
1780554170.4064262,VDD_IN,9588.224,,
1780554170.4064262,VDD_CPU_GPU_CV,3838.464,,
1780554170.4064262,VDD_SOC,2161.28,,
1780554170.4064262,,,cpu-thermal,63.75
1780554170.4064262,,,gpu-thermal,64.593
1780554170.4064262,,,soc0-thermal,62.125
1780554170.4064262,,,soc1-thermal,61.343
1780554170.4064262,,,soc2-thermal,62.312
1780554170.4064262,,,tj-thermal,64.875
1780554170.511888,VDD_IN,9509.632,,
1780554170.511888,VDD_CPU_GPU_CV,3838.464,,
1780554170.511888,VDD_SOC,2121.984,,
1780554170.511888,,,cpu-thermal,63.781
1780554170.511888,,,gpu-thermal,64.5
1780554170.511888,,,soc0-thermal,62.187
1780554170.511888,,,soc1-thermal,61.437
1780554170.511888,,,soc2-thermal,62.375
1780554170.511888,,,tj-thermal,64.687
1780554170.6176007,VDD_IN,9470.336,,
1780554170.6176007,VDD_CPU_GPU_CV,3799.296,,
1780554170.6176007,VDD_SOC,2121.984,,
1780554170.6176007,,,cpu-thermal,63.843
1780554170.6176007,,,gpu-thermal,64.531
1780554170.6176007,,,soc0-thermal,62.093
1780554170.6176007,,,soc1-thermal,61.312
1780554170.6176007,,,soc2-thermal,62.312
1780554170.6176007,,,tj-thermal,64.531
1780554170.72316,VDD_IN,9431.04,,
1780554170.72316,VDD_CPU_GPU_CV,3766.272,,
1780554170.72316,VDD_SOC,2121.984,,
1780554170.72316,,,cpu-thermal,63.656
1780554170.72316,,,gpu-thermal,64.812
1780554170.72316,,,soc0-thermal,62.031
1780554170.72316,,,soc1-thermal,61.312
1780554170.72316,,,soc2-thermal,62.281
1780554170.72316,,,tj-thermal,64.812
1780554170.8286526,VDD_IN,9509.632,,
1780554170.8286526,VDD_CPU_GPU_CV,3844.736,,
1780554170.8286526,VDD_SOC,2161.28,,
1780554170.8286526,,,cpu-thermal,63.718
1780554170.8286526,,,gpu-thermal,64.843
1780554170.8286526,,,soc0-thermal,62.125
1780554170.8286526,,,soc1-thermal,61.375
1780554170.8286526,,,soc2-thermal,62.312
1780554170.8286526,,,tj-thermal,64.843
1780554170.9344609,VDD_IN,9706.112,,
1780554170.9344609,VDD_CPU_GPU_CV,3923.2,,
1780554170.9344609,VDD_SOC,2161.28,,
1780554170.9344609,,,cpu-thermal,63.812
1780554170.9344609,,,gpu-thermal,64.718
1780554170.9344609,,,soc0-thermal,62.187
1780554170.9344609,,,soc1-thermal,61.312
1780554170.9344609,,,soc2-thermal,62.406
1780554170.9344609,,,tj-thermal,64.781
1780554171.0398278,VDD_IN,9784.704,,
1780554171.0398278,VDD_CPU_GPU_CV,3962.432,,
1780554171.0398278,VDD_SOC,2200.576,,
1780554171.0398278,,,cpu-thermal,63.812
1780554171.0398278,,,gpu-thermal,64.968
1780554171.0398278,,,soc0-thermal,62.031
1780554171.0398278,,,soc1-thermal,61.312
1780554171.0398278,,,soc2-thermal,62.312
1780554171.0398278,,,tj-thermal,64.718
1780554171.145535,VDD_IN,9706.112,,
1780554171.145535,VDD_CPU_GPU_CV,3923.2,,
1780554171.145535,VDD_SOC,2161.28,,
1780554171.145535,,,cpu-thermal,63.718
1780554171.145535,,,gpu-thermal,64.781
1780554171.145535,,,soc0-thermal,62.156
1780554171.145535,,,soc1-thermal,61.375
1780554171.145535,,,soc2-thermal,62.375
1780554171.145535,,,tj-thermal,64.781
1780554171.2515655,VDD_IN,9627.52,,
1780554171.2515655,VDD_CPU_GPU_CV,3883.968,,
1780554171.2515655,VDD_SOC,2161.28,,
1780554171.2515655,,,cpu-thermal,63.781
1780554171.2515655,,,gpu-thermal,64.625
1780554171.2515655,,,soc0-thermal,62.25
1780554171.2515655,,,soc1-thermal,61.468
1780554171.2515655,,,soc2-thermal,62.375
1780554171.2515655,,,tj-thermal,64.625
1780554171.3572314,VDD_IN,9588.224,,
1780554171.3572314,VDD_CPU_GPU_CV,3838.464,,
1780554171.3572314,VDD_SOC,2161.28,,
1780554171.3572314,,,cpu-thermal,63.781
1780554171.3572314,,,gpu-thermal,64.593
1780554171.3572314,,,soc0-thermal,62.156
1780554171.3572314,,,soc1-thermal,61.375
1780554171.3572314,,,soc2-thermal,62.437
1780554171.3572314,,,tj-thermal,64.593
1780554171.4631534,VDD_IN,9548.928,,
1780554171.4631534,VDD_CPU_GPU_CV,3838.464,,
1780554171.4631534,VDD_SOC,2121.984,,
1780554171.4631534,,,cpu-thermal,63.843
1780554171.4631534,,,gpu-thermal,64.531
1780554171.4631534,,,soc0-thermal,62.125
1780554171.4631534,,,soc1-thermal,61.343
1780554171.4631534,,,soc2-thermal,62.375
1780554171.4631534,,,tj-thermal,64.531
1780554171.5685508,VDD_IN,9509.632,,
1780554171.5685508,VDD_CPU_GPU_CV,3799.296,,
1780554171.5685508,VDD_SOC,2121.984,,
1780554171.5685508,,,cpu-thermal,63.812
1780554171.5685508,,,gpu-thermal,64.718
1780554171.5685508,,,soc0-thermal,62.156
1780554171.5685508,,,soc1-thermal,61.437
1780554171.5685508,,,soc2-thermal,62.468
1780554171.5685508,,,tj-thermal,64.937
1780554171.6742687,VDD_IN,9470.336,,
1780554171.6742687,VDD_CPU_GPU_CV,3799.296,,
1780554171.6742687,VDD_SOC,2121.984,,
1780554171.6742687,,,cpu-thermal,63.812
1780554171.6742687,,,gpu-thermal,64.718
1780554171.6742687,,,soc0-thermal,62.281
1780554171.6742687,,,soc1-thermal,61.375
1780554171.6742687,,,soc2-thermal,62.437
1780554171.6742687,,,tj-thermal,64.812
1780554171.7801347,VDD_IN,9431.04,,
1780554171.7801347,VDD_CPU_GPU_CV,3760.128,,
1780554171.7801347,VDD_SOC,2121.984,,
1780554171.7801347,,,cpu-thermal,64.062
1780554171.7801347,,,gpu-thermal,64.625
1780554171.7801347,,,soc0-thermal,62.312
1780554171.7801347,,,soc1-thermal,61.375
1780554171.7801347,,,soc2-thermal,62.406
1780554171.7801347,,,tj-thermal,64.625
1780554171.8858316,VDD_IN,9627.52,,
1780554171.8858316,VDD_CPU_GPU_CV,3883.968,,
1780554171.8858316,VDD_SOC,2161.28,,
1780554171.8858316,,,cpu-thermal,63.718
1780554171.8858316,,,gpu-thermal,65.125
1780554171.8858316,,,soc0-thermal,62.218
1780554171.8858316,,,soc1-thermal,61.437
1780554171.8858316,,,soc2-thermal,62.437
1780554171.8858316,,,tj-thermal,65.125
1780554171.9914186,VDD_IN,9824.0,,
1780554171.9914186,VDD_CPU_GPU_CV,4001.664,,
1780554171.9914186,VDD_SOC,2200.576,,
1780554171.9914186,,,cpu-thermal,63.781
1780554171.9914186,,,gpu-thermal,65.062
1780554171.9914186,,,soc0-thermal,62.187
1780554171.9914186,,,soc1-thermal,61.468
1780554171.9914186,,,soc2-thermal,62.5
1780554171.9914186,,,tj-thermal,65.062
1780554172.0969257,VDD_IN,9745.408,,
1780554172.0969257,VDD_CPU_GPU_CV,3962.432,,
1780554172.0969257,VDD_SOC,2161.28,,
1780554172.0969257,,,cpu-thermal,63.937
1780554172.0969257,,,gpu-thermal,64.781
1780554172.0969257,,,soc0-thermal,62.281
1780554172.0969257,,,soc1-thermal,61.437
1780554172.0969257,,,soc2-thermal,62.5
1780554172.0969257,,,tj-thermal,64.781
1780554172.2029006,VDD_IN,9666.816,,
1780554172.2029006,VDD_CPU_GPU_CV,3883.968,,
1780554172.2029006,VDD_SOC,2161.28,,
1780554172.2029006,,,cpu-thermal,64.125
1780554172.2029006,,,gpu-thermal,64.906
1780554172.2029006,,,soc0-thermal,62.25
1780554172.2029006,,,soc1-thermal,61.375
1780554172.2029006,,,soc2-thermal,62.437
1780554172.2029006,,,tj-thermal,64.75
1780554172.3084888,VDD_IN,9588.224,,
1780554172.3084888,VDD_CPU_GPU_CV,3838.464,,
1780554172.3084888,VDD_SOC,2161.28,,
1780554172.3084888,,,cpu-thermal,63.781
1780554172.3084888,,,gpu-thermal,64.906
1780554172.3084888,,,soc0-thermal,62.281
1780554172.3084888,,,soc1-thermal,61.468
1780554172.3084888,,,soc2-thermal,62.437
1780554172.3084888,,,tj-thermal,64.906
1780554172.4140747,VDD_IN,9548.928,,
1780554172.4140747,VDD_CPU_GPU_CV,3838.464,,
1780554172.4140747,VDD_SOC,2121.984,,
1780554172.4140747,,,cpu-thermal,63.875
1780554172.4140747,,,gpu-thermal,64.843
1780554172.4140747,,,soc0-thermal,62.281
1780554172.4140747,,,soc1-thermal,61.625
1780554172.4140747,,,soc2-thermal,62.593
1780554172.4140747,,,tj-thermal,64.843
1780554172.5198987,VDD_IN,9470.336,,
1780554172.5198987,VDD_CPU_GPU_CV,3799.296,,
1780554172.5198987,VDD_SOC,2121.984,,
1780554172.5198987,,,cpu-thermal,64.062
1780554172.5198987,,,gpu-thermal,64.75
1780554172.5198987,,,soc0-thermal,62.343
1780554172.5198987,,,soc1-thermal,61.406
1780554172.5198987,,,soc2-thermal,62.562
1780554172.5198987,,,tj-thermal,64.75
1780554172.6255271,VDD_IN,9431.04,,
1780554172.6255271,VDD_CPU_GPU_CV,3760.128,,
1780554172.6255271,VDD_SOC,2121.984,,
1780554172.6255271,,,cpu-thermal,64.156
1780554172.6255271,,,gpu-thermal,64.687
1780554172.6255271,,,soc0-thermal,62.25
1780554172.6255271,,,soc1-thermal,61.437
1780554172.6255271,,,soc2-thermal,62.468
1780554172.6255271,,,tj-thermal,64.687
1780554172.7310622,VDD_IN,9391.744,,
1780554172.7310622,VDD_CPU_GPU_CV,3760.128,,
1780554172.7310622,VDD_SOC,2121.984,,
1780554172.7310622,,,cpu-thermal,63.875
1780554172.7310622,,,gpu-thermal,64.906
1780554172.7310622,,,soc0-thermal,62.281
1780554172.7310622,,,soc1-thermal,61.562
1780554172.7310622,,,soc2-thermal,62.5
1780554172.7310622,,,tj-thermal,65.125
1780554172.8367782,VDD_IN,9509.632,,
1780554172.8367782,VDD_CPU_GPU_CV,3838.464,,
1780554172.8367782,VDD_SOC,2121.984,,
1780554172.8367782,,,cpu-thermal,63.843
1780554172.8367782,,,gpu-thermal,64.906
1780554172.8367782,,,soc0-thermal,62.406
1780554172.8367782,,,soc1-thermal,61.625
1780554172.8367782,,,soc2-thermal,62.625
1780554172.8367782,,,tj-thermal,64.906
1780554172.9422112,VDD_IN,9745.408,,
1780554172.9422112,VDD_CPU_GPU_CV,3955.968,,
1780554172.9422112,VDD_SOC,2161.28,,
1780554172.9422112,,,cpu-thermal,64.031
1780554172.9422112,,,gpu-thermal,64.812
1780554172.9422112,,,soc0-thermal,62.218
1780554172.9422112,,,soc1-thermal,61.406
1780554172.9422112,,,soc2-thermal,62.5
1780554172.9422112,,,tj-thermal,64.812
1780554173.0475802,VDD_IN,9784.704,,
1780554173.0475802,VDD_CPU_GPU_CV,4001.664,,
1780554173.0475802,VDD_SOC,2200.576,,
1780554173.0475802,,,cpu-thermal,63.812
1780554173.0475802,,,gpu-thermal,65.25
1780554173.0475802,,,soc0-thermal,62.281
1780554173.0475802,,,soc1-thermal,61.5
1780554173.0475802,,,soc2-thermal,62.531
1780554173.0475802,,,tj-thermal,65.25
1780554173.1536164,VDD_IN,9666.816,,
1780554173.1536164,VDD_CPU_GPU_CV,3916.8,,
1780554173.1536164,VDD_SOC,2161.28,,
1780554173.1536164,,,cpu-thermal,63.906
1780554173.1536164,,,gpu-thermal,65.0
1780554173.1536164,,,soc0-thermal,62.312
1780554173.1536164,,,soc1-thermal,61.593
1780554173.1536164,,,soc2-thermal,62.468
1780554173.1536164,,,tj-thermal,65.0
1780554173.2592738,VDD_IN,9588.224,,
1780554173.2592738,VDD_CPU_GPU_CV,3883.968,,
1780554173.2592738,VDD_SOC,2161.28,,
1780554173.2592738,,,cpu-thermal,64.031
1780554173.2592738,,,gpu-thermal,64.812
1780554173.2592738,,,soc0-thermal,62.468
1780554173.2592738,,,soc1-thermal,61.5
1780554173.2592738,,,soc2-thermal,62.562
1780554173.2592738,,,tj-thermal,64.937
1780554173.3647199,VDD_IN,9548.928,,
1780554173.3647199,VDD_CPU_GPU_CV,3805.504,,
1780554173.3647199,VDD_SOC,2121.984,,
1780554173.3647199,,,cpu-thermal,63.906
1780554173.3647199,,,gpu-thermal,65.156
1780554173.3647199,,,soc0-thermal,62.312
1780554173.3647199,,,soc1-thermal,61.5
1780554173.3647199,,,soc2-thermal,62.5
1780554173.3647199,,,tj-thermal,65.156
1780554173.470541,VDD_IN,9470.336,,
1780554173.470541,VDD_CPU_GPU_CV,3805.504,,
1780554173.470541,VDD_SOC,2121.984,,
1780554173.470541,,,cpu-thermal,63.937
1780554173.470541,,,gpu-thermal,65.031
1780554173.470541,,,soc0-thermal,62.406
1780554173.470541,,,soc1-thermal,61.562
1780554173.470541,,,soc2-thermal,62.562
1780554173.470541,,,tj-thermal,65.031
1780554173.5765612,VDD_IN,9470.336,,
1780554173.5765612,VDD_CPU_GPU_CV,3766.272,,
1780554173.5765612,VDD_SOC,2121.984,,
1780554173.5765612,,,cpu-thermal,63.875
1780554173.5765612,,,gpu-thermal,65.0
1780554173.5765612,,,soc0-thermal,62.375
1780554173.5765612,,,soc1-thermal,61.687
1780554173.5765612,,,soc2-thermal,62.562
1780554173.5765612,,,tj-thermal,65.0
1780554173.6821194,VDD_IN,9431.04,,
1780554173.6821194,VDD_CPU_GPU_CV,3766.272,,
1780554173.6821194,VDD_SOC,2121.984,,
1780554173.6821194,,,cpu-thermal,64.312
1780554173.6821194,,,gpu-thermal,64.875
1780554173.6821194,,,soc0-thermal,62.406
1780554173.6821194,,,soc1-thermal,61.437
1780554173.6821194,,,soc2-thermal,62.593
1780554173.6821194,,,tj-thermal,64.875
1780554173.7876813,VDD_IN,9431.04,,
1780554173.7876813,VDD_CPU_GPU_CV,3766.272,,
1780554173.7876813,VDD_SOC,2121.984,,
1780554173.7876813,,,cpu-thermal,63.937
1780554173.7876813,,,gpu-thermal,65.0
1780554173.7876813,,,soc0-thermal,62.312
1780554173.7876813,,,soc1-thermal,61.625
1780554173.7876813,,,soc2-thermal,62.531
1780554173.7876813,,,tj-thermal,64.781
1780554173.8936098,VDD_IN,9666.816,,
1780554173.8936098,VDD_CPU_GPU_CV,3883.968,,
1780554173.8936098,VDD_SOC,2161.28,,
1780554173.8936098,,,cpu-thermal,63.937
1780554173.8936098,,,gpu-thermal,65.093
1780554173.8936098,,,soc0-thermal,62.312
1780554173.8936098,,,soc1-thermal,61.718
1780554173.8936098,,,soc2-thermal,62.656
1780554173.8936098,,,tj-thermal,65.093
1780554173.998854,VDD_IN,9824.0,,
1780554173.998854,VDD_CPU_GPU_CV,4001.664,,
1780554173.998854,VDD_SOC,2200.576,,
1780554173.998854,,,cpu-thermal,63.937
1780554173.998854,,,gpu-thermal,65.125
1780554173.998854,,,soc0-thermal,62.437
1780554173.998854,,,soc1-thermal,61.718
1780554173.998854,,,soc2-thermal,62.593
1780554173.998854,,,tj-thermal,65.125
1780554174.1045604,VDD_IN,9745.408,,
1780554174.1045604,VDD_CPU_GPU_CV,3962.432,,
1780554174.1045604,VDD_SOC,2161.28,,
1780554174.1045604,,,cpu-thermal,64.187
1780554174.1045604,,,gpu-thermal,65.0
1780554174.1045604,,,soc0-thermal,62.375
1780554174.1045604,,,soc1-thermal,61.5
1780554174.1045604,,,soc2-thermal,62.687
1780554174.1045604,,,tj-thermal,65.0
1780554174.2101758,VDD_IN,9666.816,,
1780554174.2101758,VDD_CPU_GPU_CV,3923.2,,
1780554174.2101758,VDD_SOC,2161.28,,
1780554174.2101758,,,cpu-thermal,63.968
1780554174.2101758,,,gpu-thermal,65.281
1780554174.2101758,,,soc0-thermal,62.312
1780554174.2101758,,,soc1-thermal,61.562
1780554174.2101758,,,soc2-thermal,62.593
1780554174.2101758,,,tj-thermal,65.281
1780554174.315671,VDD_IN,9588.224,,
1780554174.315671,VDD_CPU_GPU_CV,3844.736,,
1780554174.315671,VDD_SOC,2161.28,,
1780554174.315671,,,cpu-thermal,63.906
1780554174.315671,,,gpu-thermal,65.0
1780554174.315671,,,soc0-thermal,62.375
1780554174.315671,,,soc1-thermal,61.718
1780554174.315671,,,soc2-thermal,62.593
1780554174.315671,,,tj-thermal,65.125
1780554174.4211035,VDD_IN,9509.632,,
1780554174.4211035,VDD_CPU_GPU_CV,3799.296,,
1780554174.4211035,VDD_SOC,2121.984,,
1780554174.4211035,,,cpu-thermal,64.125
1780554174.4211035,,,gpu-thermal,64.781
1780554174.4211035,,,soc0-thermal,62.468
1780554174.4211035,,,soc1-thermal,61.75
1780554174.4211035,,,soc2-thermal,62.656
1780554174.4211035,,,tj-thermal,64.781
1780554174.5265608,VDD_IN,9470.336,,
1780554174.5265608,VDD_CPU_GPU_CV,3799.296,,
1780554174.5265608,VDD_SOC,2121.984,,
1780554174.5265608,,,cpu-thermal,64.218
1780554174.5265608,,,gpu-thermal,65.187
1780554174.5265608,,,soc0-thermal,62.312
1780554174.5265608,,,soc1-thermal,61.562
1780554174.5265608,,,soc2-thermal,62.687
1780554174.5265608,,,tj-thermal,65.187
1780554174.632106,VDD_IN,9431.04,,
1780554174.632106,VDD_CPU_GPU_CV,3760.128,,
1780554174.632106,VDD_SOC,2121.984,,
1780554174.632106,,,cpu-thermal,63.906
1780554174.632106,,,gpu-thermal,65.0
1780554174.632106,,,soc0-thermal,62.437
1780554174.632106,,,soc1-thermal,61.625
1780554174.632106,,,soc2-thermal,62.562
1780554174.632106,,,tj-thermal,65.0
1780554174.7375517,VDD_IN,9391.744,,
1780554174.7375517,VDD_CPU_GPU_CV,3766.272,,
1780554174.7375517,VDD_SOC,2121.984,,
1780554174.7375517,,,cpu-thermal,64.125
1780554174.7375517,,,gpu-thermal,64.812
1780554174.7375517,,,soc0-thermal,62.406
1780554174.7375517,,,soc1-thermal,61.718
1780554174.7375517,,,soc2-thermal,62.593
1780554174.7375517,,,tj-thermal,65.0
1780554174.8430572,VDD_IN,9509.632,,
1780554174.8430572,VDD_CPU_GPU_CV,3844.736,,
1780554174.8430572,VDD_SOC,2161.28,,
1780554174.8430572,,,cpu-thermal,64.093
1780554174.8430572,,,gpu-thermal,65.312
1780554174.8430572,,,soc0-thermal,62.406
1780554174.8430572,,,soc1-thermal,61.625
1780554174.8430572,,,soc2-thermal,62.625
1780554174.8430572,,,tj-thermal,65.312
1780554174.9483254,VDD_IN,9745.408,,
1780554174.9483254,VDD_CPU_GPU_CV,3962.432,,
1780554174.9483254,VDD_SOC,2161.28,,
1780554174.9483254,,,cpu-thermal,64.125
1780554174.9483254,,,gpu-thermal,65.281
1780554174.9483254,,,soc0-thermal,62.531
1780554174.9483254,,,soc1-thermal,61.656
1780554174.9483254,,,soc2-thermal,62.718
1780554174.9483254,,,tj-thermal,65.281
1780554175.0535734,VDD_IN,9784.704,,
1780554175.0535734,VDD_CPU_GPU_CV,4001.664,,
1780554175.0535734,VDD_SOC,2200.576,,
1780554175.0535734,,,cpu-thermal,64.375
1780554175.0535734,,,gpu-thermal,65.187
1780554175.0535734,,,soc0-thermal,62.406
1780554175.0535734,,,soc1-thermal,61.75
1780554175.0535734,,,soc2-thermal,62.656
1780554175.0535734,,,tj-thermal,65.187
1780554175.1594272,VDD_IN,9706.112,,
1780554175.1594272,VDD_CPU_GPU_CV,3923.2,,
1780554175.1594272,VDD_SOC,2161.28,,
1780554175.1594272,,,cpu-thermal,64.062
1780554175.1594272,,,gpu-thermal,65.25
1780554175.1594272,,,soc0-thermal,62.562
1780554175.1594272,,,soc1-thermal,61.812
1780554175.1594272,,,soc2-thermal,62.656
1780554175.1594272,,,tj-thermal,65.0
1780554175.2647023,VDD_IN,9627.52,,
1780554175.2647023,VDD_CPU_GPU_CV,3883.968,,
1780554175.2647023,VDD_SOC,2161.28,,
1780554175.2647023,,,cpu-thermal,64.093
1780554175.2647023,,,gpu-thermal,65.093
1780554175.2647023,,,soc0-thermal,62.531
1780554175.2647023,,,soc1-thermal,61.875
1780554175.2647023,,,soc2-thermal,62.718
1780554175.2647023,,,tj-thermal,65.093
1780554175.3704631,VDD_IN,9548.928,,
1780554175.3704631,VDD_CPU_GPU_CV,3844.736,,
1780554175.3704631,VDD_SOC,2161.28,,
1780554175.3704631,,,cpu-thermal,64.25
1780554175.3704631,,,gpu-thermal,65.093
1780554175.3704631,,,soc0-thermal,62.375
1780554175.3704631,,,soc1-thermal,61.656
1780554175.3704631,,,soc2-thermal,62.687
1780554175.3704631,,,tj-thermal,65.093
1780554175.4760098,VDD_IN,9509.632,,
1780554175.4760098,VDD_CPU_GPU_CV,3805.504,,
1780554175.4760098,VDD_SOC,2121.984,,
1780554175.4760098,,,cpu-thermal,64.062
1780554175.4760098,,,gpu-thermal,64.937
1780554175.4760098,,,soc0-thermal,62.406
1780554175.4760098,,,soc1-thermal,61.687
1780554175.4760098,,,soc2-thermal,62.75
1780554175.4760098,,,tj-thermal,64.937
1780554175.5815473,VDD_IN,9470.336,,
1780554175.5815473,VDD_CPU_GPU_CV,3805.504,,
1780554175.5815473,VDD_SOC,2121.984,,
1780554175.5815473,,,cpu-thermal,64.125
1780554175.5815473,,,gpu-thermal,64.968
1780554175.5815473,,,soc0-thermal,62.5
1780554175.5815473,,,soc1-thermal,61.812
1780554175.5815473,,,soc2-thermal,62.656
1780554175.5815473,,,tj-thermal,64.968
1780554175.6875267,VDD_IN,9431.04,,
1780554175.6875267,VDD_CPU_GPU_CV,3766.272,,
1780554175.6875267,VDD_SOC,2121.984,,
1780554175.6875267,,,cpu-thermal,64.093
1780554175.6875267,,,gpu-thermal,65.0
1780554175.6875267,,,soc0-thermal,62.656
1780554175.6875267,,,soc1-thermal,61.718
1780554175.6875267,,,soc2-thermal,62.781
1780554175.6875267,,,tj-thermal,65.25
1780554175.7928715,VDD_IN,9431.04,,
1780554175.7928715,VDD_CPU_GPU_CV,3760.128,,
1780554175.7928715,VDD_SOC,2121.984,,
1780554175.7928715,,,cpu-thermal,64.031
1780554175.7928715,,,gpu-thermal,65.062
1780554175.7928715,,,soc0-thermal,62.468
1780554175.7928715,,,soc1-thermal,61.718
1780554175.7928715,,,soc2-thermal,62.687
1780554175.7928715,,,tj-thermal,65.062
1780554175.8981676,VDD_IN,9666.816,,
1780554175.8981676,VDD_CPU_GPU_CV,3883.968,,
1780554175.8981676,VDD_SOC,2161.28,,
1780554175.8981676,,,cpu-thermal,64.062
1780554175.8981676,,,gpu-thermal,65.125
1780554175.8981676,,,soc0-thermal,62.5
1780554175.8981676,,,soc1-thermal,61.812
1780554175.8981676,,,soc2-thermal,62.718
1780554175.8981676,,,tj-thermal,65.125
1780554176.003851,VDD_IN,9863.296,,
1780554176.003851,VDD_CPU_GPU_CV,4001.664,,
1780554176.003851,VDD_SOC,2200.576,,
1780554176.003851,,,cpu-thermal,64.125
1780554176.003851,,,gpu-thermal,65.437
1780554176.003851,,,soc0-thermal,62.531
1780554176.003851,,,soc1-thermal,61.906
1780554176.003851,,,soc2-thermal,62.812
1780554176.003851,,,tj-thermal,65.437
1780554176.1090636,VDD_IN,9784.704,,
1780554176.1090636,VDD_CPU_GPU_CV,3962.432,,
1780554176.1090636,VDD_SOC,2161.28,,
1780554176.1090636,,,cpu-thermal,64.25
1780554176.1090636,,,gpu-thermal,65.093
1780554176.1090636,,,soc0-thermal,62.625
1780554176.1090636,,,soc1-thermal,61.687
1780554176.1090636,,,soc2-thermal,62.812
1780554176.1090636,,,tj-thermal,65.281
1780554176.214369,VDD_IN,9706.112,,
1780554176.214369,VDD_CPU_GPU_CV,3923.2,,
1780554176.214369,VDD_SOC,2161.28,,
1780554176.214369,,,cpu-thermal,64.062
1780554176.214369,,,gpu-thermal,65.062
1780554176.214369,,,soc0-thermal,62.5
1780554176.214369,,,soc1-thermal,61.75
1780554176.214369,,,soc2-thermal,62.656
1780554176.214369,,,tj-thermal,65.062
1780554176.319822,VDD_IN,9588.224,,
1780554176.319822,VDD_CPU_GPU_CV,3883.968,,
1780554176.319822,VDD_SOC,2161.28,,
1780554176.319822,,,cpu-thermal,64.187
1780554176.319822,,,gpu-thermal,65.343
1780554176.319822,,,soc0-thermal,62.562
1780554176.319822,,,soc1-thermal,61.812
1780554176.319822,,,soc2-thermal,62.781
1780554176.319822,,,tj-thermal,65.343
1780554176.4252117,VDD_IN,9548.928,,
1780554176.4252117,VDD_CPU_GPU_CV,3844.736,,
1780554176.4252117,VDD_SOC,2161.28,,
1780554176.4252117,,,cpu-thermal,64.093
1780554176.4252117,,,gpu-thermal,65.218
1780554176.4252117,,,soc0-thermal,62.562
1780554176.4252117,,,soc1-thermal,61.875
1780554176.4252117,,,soc2-thermal,62.718
1780554176.4252117,,,tj-thermal,65.218
1780554176.5312102,VDD_IN,9509.632,,
1780554176.5312102,VDD_CPU_GPU_CV,3799.296,,
1780554176.5312102,VDD_SOC,2121.984,,
1780554176.5312102,,,cpu-thermal,64.531
1780554176.5312102,,,gpu-thermal,65.125
1780554176.5312102,,,soc0-thermal,62.781
1780554176.5312102,,,soc1-thermal,61.781
1780554176.5312102,,,soc2-thermal,62.781
1780554176.5312102,,,tj-thermal,65.125
1780554176.636841,VDD_IN,9470.336,,
1780554176.636841,VDD_CPU_GPU_CV,3799.296,,
1780554176.636841,VDD_SOC,2121.984,,
1780554176.636841,,,cpu-thermal,64.125
1780554176.636841,,,gpu-thermal,65.281
1780554176.636841,,,soc0-thermal,62.562
1780554176.636841,,,soc1-thermal,61.812
1780554176.636841,,,soc2-thermal,62.75
1780554176.636841,,,tj-thermal,65.062
1780554176.7423744,VDD_IN,9431.04,,
1780554176.7423744,VDD_CPU_GPU_CV,3760.128,,
1780554176.7423744,VDD_SOC,2121.984,,
1780554176.7423744,,,cpu-thermal,64.093
1780554176.7423744,,,gpu-thermal,65.156
1780554176.7423744,,,soc0-thermal,62.625
1780554176.7423744,,,soc1-thermal,61.812
1780554176.7423744,,,soc2-thermal,62.812
1780554176.7423744,,,tj-thermal,65.156
1780554176.8484542,VDD_IN,9588.224,,
1780554176.8484542,VDD_CPU_GPU_CV,3883.968,,
1780554176.8484542,VDD_SOC,2161.28,,
1780554176.8484542,,,cpu-thermal,64.312
1780554176.8484542,,,gpu-thermal,65.281
1780554176.8484542,,,soc0-thermal,62.593
1780554176.8484542,,,soc1-thermal,61.937
1780554176.8484542,,,soc2-thermal,62.843
1780554176.8484542,,,tj-thermal,65.281
1780554176.9538891,VDD_IN,9784.704,,
1780554176.9538891,VDD_CPU_GPU_CV,3962.432,,
1780554176.9538891,VDD_SOC,2200.576,,
1780554176.9538891,,,cpu-thermal,64.437
1780554176.9538891,,,gpu-thermal,65.125
1780554176.9538891,,,soc0-thermal,62.625
1780554176.9538891,,,soc1-thermal,61.843
1780554176.9538891,,,soc2-thermal,62.843
1780554176.9538891,,,tj-thermal,65.125
1780554177.0591483,VDD_IN,9824.0,,
1780554177.0591483,VDD_CPU_GPU_CV,4001.664,,
1780554177.0591483,VDD_SOC,2200.576,,
1780554177.0591483,,,cpu-thermal,64.125
1780554177.0591483,,,gpu-thermal,65.281
1780554177.0591483,,,soc0-thermal,62.625
1780554177.0591483,,,soc1-thermal,61.937
1780554177.0591483,,,soc2-thermal,62.843
1780554177.0591483,,,tj-thermal,65.218
1780554177.1645286,VDD_IN,9706.112,,
1780554177.1645286,VDD_CPU_GPU_CV,3962.432,,
1780554177.1645286,VDD_SOC,2161.28,,
1780554177.1645286,,,cpu-thermal,64.093
1780554177.1645286,,,gpu-thermal,65.218
1780554177.1645286,,,soc0-thermal,62.718
1780554177.1645286,,,soc1-thermal,61.937
1780554177.1645286,,,soc2-thermal,62.843
1780554177.1645286,,,tj-thermal,65.218
1780554177.2699425,VDD_IN,9627.52,,
1780554177.2699425,VDD_CPU_GPU_CV,3883.968,,
1780554177.2699425,VDD_SOC,2161.28,,
1780554177.2699425,,,cpu-thermal,64.375
1780554177.2699425,,,gpu-thermal,65.218
1780554177.2699425,,,soc0-thermal,62.718
1780554177.2699425,,,soc1-thermal,61.843
1780554177.2699425,,,soc2-thermal,62.812
1780554177.2699425,,,tj-thermal,65.218
1780554177.3754385,VDD_IN,9588.224,,
1780554177.3754385,VDD_CPU_GPU_CV,3877.632,,
1780554177.3754385,VDD_SOC,2161.28,,
1780554177.3754385,,,cpu-thermal,64.437
1780554177.3754385,,,gpu-thermal,65.125
1780554177.3754385,,,soc0-thermal,62.562
1780554177.3754385,,,soc1-thermal,61.906
1780554177.3754385,,,soc2-thermal,62.843
1780554177.3754385,,,tj-thermal,65.125
1780554177.4814386,VDD_IN,9509.632,,
1780554177.4814386,VDD_CPU_GPU_CV,3838.464,,
1780554177.4814386,VDD_SOC,2161.28,,
1780554177.4814386,,,cpu-thermal,64.218
1780554177.4814386,,,gpu-thermal,65.406
1780554177.4814386,,,soc0-thermal,62.625
1780554177.4814386,,,soc1-thermal,61.937
1780554177.4814386,,,soc2-thermal,62.843
1780554177.4814386,,,tj-thermal,65.406
1780554177.5867639,VDD_IN,9470.336,,
1780554177.5867639,VDD_CPU_GPU_CV,3799.296,,
1780554177.5867639,VDD_SOC,2121.984,,
1780554177.5867639,,,cpu-thermal,64.312
1780554177.5867639,,,gpu-thermal,65.156
1780554177.5867639,,,soc0-thermal,62.718
1780554177.5867639,,,soc1-thermal,62.031
1780554177.5867639,,,soc2-thermal,62.843
1780554177.5867639,,,tj-thermal,65.281
1780554177.692727,VDD_IN,9431.04,,
1780554177.692727,VDD_CPU_GPU_CV,3799.296,,
1780554177.692727,VDD_SOC,2121.984,,
1780554177.692727,,,cpu-thermal,64.468
1780554177.692727,,,gpu-thermal,65.125
1780554177.692727,,,soc0-thermal,62.718
1780554177.692727,,,soc1-thermal,61.843
1780554177.692727,,,soc2-thermal,62.906
1780554177.692727,,,tj-thermal,65.125
1780554177.7980764,VDD_IN,9470.336,,
1780554177.7980764,VDD_CPU_GPU_CV,3799.296,,
1780554177.7980764,VDD_SOC,2121.984,,
1780554177.7980764,,,cpu-thermal,64.468
1780554177.7980764,,,gpu-thermal,65.531
1780554177.7980764,,,soc0-thermal,62.656
1780554177.7980764,,,soc1-thermal,61.875
1780554177.7980764,,,soc2-thermal,62.875
1780554177.7980764,,,tj-thermal,65.531
1780554177.9034784,VDD_IN,9706.112,,
1780554177.9034784,VDD_CPU_GPU_CV,3916.8,,
1780554177.9034784,VDD_SOC,2161.28,,
1780554177.9034784,,,cpu-thermal,64.218
1780554177.9034784,,,gpu-thermal,65.437
1780554177.9034784,,,soc0-thermal,62.562
1780554177.9034784,,,soc1-thermal,61.875
1780554177.9034784,,,soc2-thermal,62.875
1780554177.9034784,,,tj-thermal,65.437
1780554178.0086808,VDD_IN,9863.296,,
1780554178.0086808,VDD_CPU_GPU_CV,4034.304,,
1780554178.0086808,VDD_SOC,2200.576,,
1780554178.0086808,,,cpu-thermal,64.281
1780554178.0086808,,,gpu-thermal,65.656
1780554178.0086808,,,soc0-thermal,62.718
1780554178.0086808,,,soc1-thermal,62.062
1780554178.0086808,,,soc2-thermal,62.843
1780554178.0086808,,,tj-thermal,65.406
1780554178.114256,VDD_IN,9745.408,,
1780554178.114256,VDD_CPU_GPU_CV,3955.968,,
1780554178.114256,VDD_SOC,2200.576,,
1780554178.114256,,,cpu-thermal,64.343
1780554178.114256,,,gpu-thermal,65.406
1780554178.114256,,,soc0-thermal,62.812
1780554178.114256,,,soc1-thermal,61.843
1780554178.114256,,,soc2-thermal,62.906
1780554178.114256,,,tj-thermal,65.406
1780554178.219876,VDD_IN,9666.816,,
1780554178.219876,VDD_CPU_GPU_CV,3877.632,,
1780554178.219876,VDD_SOC,2161.28,,
1780554178.219876,,,cpu-thermal,64.468
1780554178.219876,,,gpu-thermal,65.312
1780554178.219876,,,soc0-thermal,62.656
1780554178.219876,,,soc1-thermal,61.906
1780554178.219876,,,soc2-thermal,62.875
1780554178.219876,,,tj-thermal,65.312
1780554178.3252609,VDD_IN,9588.224,,
1780554178.3252609,VDD_CPU_GPU_CV,3838.464,,
1780554178.3252609,VDD_SOC,2161.28,,
1780554178.3252609,,,cpu-thermal,64.343
1780554178.3252609,,,gpu-thermal,65.281
1780554178.3252609,,,soc0-thermal,62.687
1780554178.3252609,,,soc1-thermal,61.906
1780554178.3252609,,,soc2-thermal,62.875
1780554178.3252609,,,tj-thermal,65.281
1780554178.4306903,VDD_IN,9548.928,,
1780554178.4306903,VDD_CPU_GPU_CV,3838.464,,
1780554178.4306903,VDD_SOC,2161.28,,
1780554178.4306903,,,cpu-thermal,64.312
1780554178.4306903,,,gpu-thermal,65.437
1780554178.4306903,,,soc0-thermal,62.781
1780554178.4306903,,,soc1-thermal,62.125
1780554178.4306903,,,soc2-thermal,62.843
1780554178.4306903,,,tj-thermal,65.281
1780554178.5365264,VDD_IN,9509.632,,
1780554178.5365264,VDD_CPU_GPU_CV,3799.296,,
1780554178.5365264,VDD_SOC,2121.984,,
1780554178.5365264,,,cpu-thermal,64.343
1780554178.5365264,,,gpu-thermal,65.25
1780554178.5365264,,,soc0-thermal,62.843
1780554178.5365264,,,soc1-thermal,61.843
1780554178.5365264,,,soc2-thermal,62.906
1780554178.5365264,,,tj-thermal,65.25
1780554178.6418104,VDD_IN,9470.336,,
1780554178.6418104,VDD_CPU_GPU_CV,3799.296,,
1780554178.6418104,VDD_SOC,2121.984,,
1780554178.6418104,,,cpu-thermal,64.218
1780554178.6418104,,,gpu-thermal,65.25
1780554178.6418104,,,soc0-thermal,62.656
1780554178.6418104,,,soc1-thermal,61.937
1780554178.6418104,,,soc2-thermal,62.906
1780554178.6418104,,,tj-thermal,65.25
1780554178.747339,VDD_IN,9431.04,,
1780554178.747339,VDD_CPU_GPU_CV,3760.128,,
1780554178.747339,VDD_SOC,2121.984,,
1780554178.747339,,,cpu-thermal,64.343
1780554178.747339,,,gpu-thermal,65.187
1780554178.747339,,,soc0-thermal,62.75
1780554178.747339,,,soc1-thermal,62.0
1780554178.747339,,,soc2-thermal,62.906
1780554178.747339,,,tj-thermal,65.187
1780554178.8526895,VDD_IN,9588.224,,
1780554178.8526895,VDD_CPU_GPU_CV,3844.736,,
1780554178.8526895,VDD_SOC,2161.28,,
1780554178.8526895,,,cpu-thermal,64.375
1780554178.8526895,,,gpu-thermal,65.5
1780554178.8526895,,,soc0-thermal,62.812
1780554178.8526895,,,soc1-thermal,62.093
1780554178.8526895,,,soc2-thermal,62.968
1780554178.8526895,,,tj-thermal,65.281
1780554178.958433,VDD_IN,9784.704,,
1780554178.958433,VDD_CPU_GPU_CV,3962.432,,
1780554178.958433,VDD_SOC,2161.28,,
1780554178.958433,,,cpu-thermal,64.375
1780554178.958433,,,gpu-thermal,65.468
1780554178.958433,,,soc0-thermal,62.75
1780554178.958433,,,soc1-thermal,61.968
1780554178.958433,,,soc2-thermal,63.0
1780554178.958433,,,tj-thermal,65.625
1780554179.0640242,VDD_IN,9824.0,,
1780554179.0640242,VDD_CPU_GPU_CV,3995.136,,
1780554179.0640242,VDD_SOC,2200.576,,
1780554179.0640242,,,cpu-thermal,64.25
1780554179.0640242,,,gpu-thermal,65.312
1780554179.0640242,,,soc0-thermal,62.781
1780554179.0640242,,,soc1-thermal,62.0
1780554179.0640242,,,soc2-thermal,62.968
1780554179.0640242,,,tj-thermal,65.437
1780554179.1703033,VDD_IN,9706.112,,
1780554179.1703033,VDD_CPU_GPU_CV,3923.2,,
1780554179.1703033,VDD_SOC,2161.28,,
1780554179.1703033,,,cpu-thermal,64.406
1780554179.1703033,,,gpu-thermal,65.218
1780554179.1703033,,,soc0-thermal,62.812
1780554179.1703033,,,soc1-thermal,62.125
1780554179.1703033,,,soc2-thermal,62.937
1780554179.1703033,,,tj-thermal,65.218
1780554179.2757514,VDD_IN,9627.52,,
1780554179.2757514,VDD_CPU_GPU_CV,3883.968,,
1780554179.2757514,VDD_SOC,2161.28,,
1780554179.2757514,,,cpu-thermal,64.593
1780554179.2757514,,,gpu-thermal,65.562
1780554179.2757514,,,soc0-thermal,62.906
1780554179.2757514,,,soc1-thermal,61.968
1780554179.2757514,,,soc2-thermal,63.0
1780554179.2757514,,,tj-thermal,65.562
1780554179.3813245,VDD_IN,9588.224,,
1780554179.3813245,VDD_CPU_GPU_CV,3883.968,,
1780554179.3813245,VDD_SOC,2161.28,,
1780554179.3813245,,,cpu-thermal,64.343
1780554179.3813245,,,gpu-thermal,65.406
1780554179.3813245,,,soc0-thermal,62.75
1780554179.3813245,,,soc1-thermal,61.968
1780554179.3813245,,,soc2-thermal,62.906
1780554179.3813245,,,tj-thermal,65.406
1780554179.4871383,VDD_IN,9548.928,,
1780554179.4871383,VDD_CPU_GPU_CV,3844.736,,
1780554179.4871383,VDD_SOC,2161.28,,
1780554179.4871383,,,cpu-thermal,64.375
1780554179.4871383,,,gpu-thermal,65.687
1780554179.4871383,,,soc0-thermal,62.781
1780554179.4871383,,,soc1-thermal,62.062
1780554179.4871383,,,soc2-thermal,63.031
1780554179.4871383,,,tj-thermal,65.312
1780554179.5925996,VDD_IN,9509.632,,
1780554179.5925996,VDD_CPU_GPU_CV,3805.504,,
1780554179.5925996,VDD_SOC,2121.984,,
1780554179.5925996,,,cpu-thermal,64.406
1780554179.5925996,,,gpu-thermal,65.5
1780554179.5925996,,,soc0-thermal,62.812
1780554179.5925996,,,soc1-thermal,62.093
1780554179.5925996,,,soc2-thermal,63.062
1780554179.5925996,,,tj-thermal,65.312
1780554179.6983192,VDD_IN,9470.336,,
1780554179.6983192,VDD_CPU_GPU_CV,3805.504,,
1780554179.6983192,VDD_SOC,2121.984,,
1780554179.6983192,,,cpu-thermal,64.562
1780554179.6983192,,,gpu-thermal,65.406
1780554179.6983192,,,soc0-thermal,62.937
1780554179.6983192,,,soc1-thermal,62.031
1780554179.6983192,,,soc2-thermal,63.093
1780554179.6983192,,,tj-thermal,65.406
1780554179.8038843,VDD_IN,9509.632,,
1780554179.8038843,VDD_CPU_GPU_CV,3805.504,,
1780554179.8038843,VDD_SOC,2161.28,,
1780554179.8038843,,,cpu-thermal,64.656
1780554179.8038843,,,gpu-thermal,65.375
1780554179.8038843,,,soc0-thermal,62.75
1780554179.8038843,,,soc1-thermal,62.062
1780554179.8038843,,,soc2-thermal,63.0
1780554179.8038843,,,tj-thermal,65.375
1780554179.9091322,VDD_IN,9706.112,,
1780554179.9091322,VDD_CPU_GPU_CV,3923.2,,
1780554179.9091322,VDD_SOC,2161.28,,
1780554179.9091322,,,cpu-thermal,64.343
1780554179.9091322,,,gpu-thermal,65.5
1780554179.9091322,,,soc0-thermal,62.781
1780554179.9091322,,,soc1-thermal,62.093
1780554179.9091322,,,soc2-thermal,63.031
1780554179.9091322,,,tj-thermal,65.5
1780554180.0149941,VDD_IN,9863.296,,
1780554180.0149941,VDD_CPU_GPU_CV,4001.664,,
1780554180.0149941,VDD_SOC,2200.576,,
1780554180.0149941,,,cpu-thermal,64.5
1780554180.0149941,,,gpu-thermal,65.625
1780554180.0149941,,,soc0-thermal,62.812
1780554180.0149941,,,soc1-thermal,62.187
1780554180.0149941,,,soc2-thermal,63.062
1780554180.0149941,,,tj-thermal,65.375
1780554180.1204698,VDD_IN,9706.112,,
1780554180.1204698,VDD_CPU_GPU_CV,3923.2,,
1780554180.1204698,VDD_SOC,2161.28,,
1780554180.1204698,,,cpu-thermal,64.562
1780554180.1204698,,,gpu-thermal,65.406
1780554180.1204698,,,soc0-thermal,62.875
1780554180.1204698,,,soc1-thermal,62.093
1780554180.1204698,,,soc2-thermal,63.031
1780554180.1204698,,,tj-thermal,65.625
1780554180.2268326,VDD_IN,9627.52,,
1780554180.2268326,VDD_CPU_GPU_CV,3883.968,,
1780554180.2268326,VDD_SOC,2161.28,,
1780554180.2268326,,,cpu-thermal,64.781
1780554180.2268326,,,gpu-thermal,65.281
1780554180.2268326,,,soc0-thermal,62.812
1780554180.2268326,,,soc1-thermal,62.031
1780554180.2268326,,,soc2-thermal,62.937
1780554180.2268326,,,tj-thermal,65.281
1780554180.3322499,VDD_IN,9548.928,,
1780554180.3322499,VDD_CPU_GPU_CV,3838.464,,
1780554180.3322499,VDD_SOC,2161.28,,
1780554180.3322499,,,cpu-thermal,64.468
1780554180.3322499,,,gpu-thermal,65.281
1780554180.3322499,,,soc0-thermal,62.906
1780554180.3322499,,,soc1-thermal,62.031
1780554180.3322499,,,soc2-thermal,63.031
1780554180.3322499,,,tj-thermal,65.281
1780554180.4378126,VDD_IN,9470.336,,
1780554180.4378126,VDD_CPU_GPU_CV,3799.296,,
1780554180.4378126,VDD_SOC,2121.984,,
1780554180.4378126,,,cpu-thermal,64.562
1780554180.4378126,,,gpu-thermal,65.625
1780554180.4378126,,,soc0-thermal,62.906
1780554180.4378126,,,soc1-thermal,62.187
1780554180.4378126,,,soc2-thermal,63.093
1780554180.4378126,,,tj-thermal,65.625
1780554180.5437307,VDD_IN,9431.04,,
1780554180.5437307,VDD_CPU_GPU_CV,3760.128,,
1780554180.5437307,VDD_SOC,2121.984,,
1780554180.5437307,,,cpu-thermal,64.562
1780554180.5437307,,,gpu-thermal,65.343
1780554180.5437307,,,soc0-thermal,62.843
1780554180.5437307,,,soc1-thermal,62.062
1780554180.5437307,,,soc2-thermal,63.0
1780554180.5437307,,,tj-thermal,65.468
1780554180.6490636,VDD_IN,9431.04,,
1780554180.6490636,VDD_CPU_GPU_CV,3760.128,,
1780554180.6490636,VDD_SOC,2121.984,,
1780554180.6490636,,,cpu-thermal,64.406
1780554180.6490636,,,gpu-thermal,65.75
1780554180.6490636,,,soc0-thermal,62.906
1780554180.6490636,,,soc1-thermal,62.062
1780554180.6490636,,,soc2-thermal,63.031
1780554180.6490636,,,tj-thermal,65.75
1780554180.7545164,VDD_IN,9352.448,,
1780554180.7545164,VDD_CPU_GPU_CV,3727.04,,
1780554180.7545164,VDD_SOC,2121.984,,
1780554180.7545164,,,cpu-thermal,64.531
1780554180.7545164,,,gpu-thermal,65.5
1780554180.7545164,,,soc0-thermal,62.843
1780554180.7545164,,,soc1-thermal,62.187
1780554180.7545164,,,soc2-thermal,63.187
1780554180.7545164,,,tj-thermal,65.5
1780554180.8602574,VDD_IN,9509.632,,
1780554180.8602574,VDD_CPU_GPU_CV,3805.504,,
1780554180.8602574,VDD_SOC,2161.28,,
1780554180.8602574,,,cpu-thermal,64.468
1780554180.8602574,,,gpu-thermal,65.625
1780554180.8602574,,,soc0-thermal,62.937
1780554180.8602574,,,soc1-thermal,62.062
1780554180.8602574,,,soc2-thermal,63.156
1780554180.8602574,,,tj-thermal,65.625
1780554180.9654295,VDD_IN,9761.28,,
1780554180.9654295,VDD_CPU_GPU_CV,3962.432,,
1780554180.9654295,VDD_SOC,2200.576,,
1780554180.9654295,,,cpu-thermal,64.593
1780554180.9654295,,,gpu-thermal,65.562
1780554180.9654295,,,soc0-thermal,63.0
1780554180.9654295,,,soc1-thermal,62.187
1780554180.9654295,,,soc2-thermal,63.093
1780554180.9654295,,,tj-thermal,65.562
1780554181.0709805,VDD_IN,9745.408,,
1780554181.0709805,VDD_CPU_GPU_CV,3962.432,,
1780554181.0709805,VDD_SOC,2161.28,,
1780554181.0709805,,,cpu-thermal,64.437
1780554181.0709805,,,gpu-thermal,65.718
1780554181.0709805,,,soc0-thermal,62.875
1780554181.0709805,,,soc1-thermal,62.125
1780554181.0709805,,,soc2-thermal,63.062
1780554181.0709805,,,tj-thermal,65.406
1780554181.176408,VDD_IN,9706.112,,
1780554181.176408,VDD_CPU_GPU_CV,3916.8,,
1780554181.176408,VDD_SOC,2161.28,,
1780554181.176408,,,cpu-thermal,64.531
1780554181.176408,,,gpu-thermal,65.562
1780554181.176408,,,soc0-thermal,62.875
1780554181.176408,,,soc1-thermal,62.281
1780554181.176408,,,soc2-thermal,63.062
1780554181.176408,,,tj-thermal,65.562
1780554181.2818298,VDD_IN,9627.52,,
1780554181.2818298,VDD_CPU_GPU_CV,3883.968,,
1780554181.2818298,VDD_SOC,2161.28,,
1780554181.2818298,,,cpu-thermal,64.562
1780554181.2818298,,,gpu-thermal,65.437
1780554181.2818298,,,soc0-thermal,62.968
1780554181.2818298,,,soc1-thermal,62.312
1780554181.2818298,,,soc2-thermal,63.25
1780554181.2818298,,,tj-thermal,65.437
1780554181.387447,VDD_IN,9588.224,,
1780554181.387447,VDD_CPU_GPU_CV,3838.464,,
1780554181.387447,VDD_SOC,2161.28,,
1780554181.387447,,,cpu-thermal,64.531
1780554181.387447,,,gpu-thermal,65.468
1780554181.387447,,,soc0-thermal,62.937
1780554181.387447,,,soc1-thermal,62.156
1780554181.387447,,,soc2-thermal,63.156
1780554181.387447,,,tj-thermal,65.468
1780554181.493063,VDD_IN,9548.928,,
1780554181.493063,VDD_CPU_GPU_CV,3838.464,,
1780554181.493063,VDD_SOC,2161.28,,
1780554181.493063,,,cpu-thermal,64.468
1780554181.493063,,,gpu-thermal,65.562
1780554181.493063,,,soc0-thermal,62.906
1780554181.493063,,,soc1-thermal,62.187
1780554181.493063,,,soc2-thermal,63.218
1780554181.493063,,,tj-thermal,65.406
1780554181.5984886,VDD_IN,9509.632,,
1780554181.5984886,VDD_CPU_GPU_CV,3799.296,,
1780554181.5984886,VDD_SOC,2121.984,,
1780554181.5984886,,,cpu-thermal,64.562
1780554181.5984886,,,gpu-thermal,65.468
1780554181.5984886,,,soc0-thermal,63.0
1780554181.5984886,,,soc1-thermal,62.281
1780554181.5984886,,,soc2-thermal,63.218
1780554181.5984886,,,tj-thermal,65.718
1780554181.7044854,VDD_IN,9470.336,,
1780554181.7044854,VDD_CPU_GPU_CV,3799.296,,
1780554181.7044854,VDD_SOC,2121.984,,
1780554181.7044854,,,cpu-thermal,64.75
1780554181.7044854,,,gpu-thermal,65.343
1780554181.7044854,,,soc0-thermal,63.031
1780554181.7044854,,,soc1-thermal,62.093
1780554181.7044854,,,soc2-thermal,63.218
1780554181.7044854,,,tj-thermal,65.343
1780554181.8098226,VDD_IN,9509.632,,
1780554181.8098226,VDD_CPU_GPU_CV,3838.464,,
1780554181.8098226,VDD_SOC,2161.28,,
1780554181.8098226,,,cpu-thermal,64.562
1780554181.8098226,,,gpu-thermal,65.906
1780554181.8098226,,,soc0-thermal,62.906
1780554181.8098226,,,soc1-thermal,62.156
1780554181.8098226,,,soc2-thermal,63.218
1780554181.8098226,,,tj-thermal,65.906
1780554181.9152622,VDD_IN,9745.408,,
1780554181.9152622,VDD_CPU_GPU_CV,3955.968,,
1780554181.9152622,VDD_SOC,2200.576,,
1780554181.9152622,,,cpu-thermal,64.468
1780554181.9152622,,,gpu-thermal,65.687
1780554181.9152622,,,soc0-thermal,63.0
1780554181.9152622,,,soc1-thermal,62.25
1780554181.9152622,,,soc2-thermal,63.156
1780554181.9152622,,,tj-thermal,65.937
1780554182.0206223,VDD_IN,9902.592,,
1780554182.0206223,VDD_CPU_GPU_CV,4034.304,,
1780554182.0206223,VDD_SOC,2200.576,,
1780554182.0206223,,,cpu-thermal,64.562
1780554182.0206223,,,gpu-thermal,65.656
1780554182.0206223,,,soc0-thermal,62.968
1780554182.0206223,,,soc1-thermal,62.312
1780554182.0206223,,,soc2-thermal,63.281
1780554182.0206223,,,tj-thermal,65.656
1780554182.1260269,VDD_IN,9784.704,,
1780554182.1260269,VDD_CPU_GPU_CV,3955.968,,
1780554182.1260269,VDD_SOC,2200.576,,
1780554182.1260269,,,cpu-thermal,64.75
1780554182.1260269,,,gpu-thermal,65.812
1780554182.1260269,,,soc0-thermal,63.0
1780554182.1260269,,,soc1-thermal,62.125
1780554182.1260269,,,soc2-thermal,63.218
1780554182.1260269,,,tj-thermal,65.812
1780554182.2316115,VDD_IN,9666.816,,
1780554182.2316115,VDD_CPU_GPU_CV,3916.8,,
1780554182.2316115,VDD_SOC,2161.28,,
1780554182.2316115,,,cpu-thermal,64.562
1780554182.2316115,,,gpu-thermal,65.718
1780554182.2316115,,,soc0-thermal,62.906
1780554182.2316115,,,soc1-thermal,62.281
1780554182.2316115,,,soc2-thermal,63.218
1780554182.2316115,,,tj-thermal,65.718
1780554182.3375964,VDD_IN,9588.224,,
1780554182.3375964,VDD_CPU_GPU_CV,3877.632,,
1780554182.3375964,VDD_SOC,2161.28,,
1780554182.3375964,,,cpu-thermal,64.593
1780554182.3375964,,,gpu-thermal,65.718
1780554182.3375964,,,soc0-thermal,62.968
1780554182.3375964,,,soc1-thermal,62.312
1780554182.3375964,,,soc2-thermal,63.25
1780554182.3375964,,,tj-thermal,65.718
1780554182.443319,VDD_IN,9509.632,,
1780554182.443319,VDD_CPU_GPU_CV,3838.464,,
1780554182.443319,VDD_SOC,2161.28,,
1780554182.443319,,,cpu-thermal,64.812
1780554182.443319,,,gpu-thermal,65.75
1780554182.443319,,,soc0-thermal,63.062
1780554182.443319,,,soc1-thermal,62.218
1780554182.443319,,,soc2-thermal,63.343
1780554182.443319,,,tj-thermal,65.562
1780554182.5488672,VDD_IN,9509.632,,
1780554182.5488672,VDD_CPU_GPU_CV,3799.296,,
1780554182.5488672,VDD_SOC,2121.984,,
1780554182.5488672,,,cpu-thermal,64.718
1780554182.5488672,,,gpu-thermal,65.718
1780554182.5488672,,,soc0-thermal,62.968
1780554182.5488672,,,soc1-thermal,62.218
1780554182.5488672,,,soc2-thermal,63.343
1780554182.5488672,,,tj-thermal,65.5
1780554182.654549,VDD_IN,9431.04,,
1780554182.654549,VDD_CPU_GPU_CV,3799.296,,
1780554182.654549,VDD_SOC,2121.984,,
1780554182.654549,,,cpu-thermal,64.875
1780554182.654549,,,gpu-thermal,65.593
1780554182.654549,,,soc0-thermal,62.937
1780554182.654549,,,soc1-thermal,62.25
1780554182.654549,,,soc2-thermal,63.218
1780554182.654549,,,tj-thermal,65.593
1780554182.7599785,VDD_IN,9431.04,,
1780554182.7599785,VDD_CPU_GPU_CV,3766.272,,
1780554182.7599785,VDD_SOC,2121.984,,
1780554182.7599785,,,cpu-thermal,64.593
1780554182.7599785,,,gpu-thermal,65.562
1780554182.7599785,,,soc0-thermal,63.031
1780554182.7599785,,,soc1-thermal,62.281
1780554182.7599785,,,soc2-thermal,63.281
1780554182.7599785,,,tj-thermal,65.562
1780554182.8655725,VDD_IN,9588.224,,
1780554182.8655725,VDD_CPU_GPU_CV,3883.968,,
1780554182.8655725,VDD_SOC,2161.28,,
1780554182.8655725,,,cpu-thermal,64.687
1780554182.8655725,,,gpu-thermal,65.625
1780554182.8655725,,,soc0-thermal,63.125
1780554182.8655725,,,soc1-thermal,62.437
1780554182.8655725,,,soc2-thermal,63.343
1780554182.8655725,,,tj-thermal,65.625
1780554182.9710622,VDD_IN,9784.704,,
1780554182.9710622,VDD_CPU_GPU_CV,4001.664,,
1780554182.9710622,VDD_SOC,2200.576,,
1780554182.9710622,,,cpu-thermal,64.781
1780554182.9710622,,,gpu-thermal,65.812
1780554182.9710622,,,soc0-thermal,62.906
1780554182.9710622,,,soc1-thermal,62.25
1780554182.9710622,,,soc2-thermal,63.281
1780554182.9710622,,,tj-thermal,65.687
1780554183.0764134,VDD_IN,9784.704,,
1780554183.0764134,VDD_CPU_GPU_CV,3962.432,,
1780554183.0764134,VDD_SOC,2200.576,,
1780554183.0764134,,,cpu-thermal,64.75
1780554183.0764134,,,gpu-thermal,65.75
1780554183.0764134,,,soc0-thermal,62.968
1780554183.0764134,,,soc1-thermal,62.375
1780554183.0764134,,,soc2-thermal,63.312
1780554183.0764134,,,tj-thermal,65.75
1780554183.1819658,VDD_IN,9706.112,,
1780554183.1819658,VDD_CPU_GPU_CV,3923.2,,
1780554183.1819658,VDD_SOC,2161.28,,
1780554183.1819658,,,cpu-thermal,64.625
1780554183.1819658,,,gpu-thermal,65.531
1780554183.1819658,,,soc0-thermal,63.125
1780554183.1819658,,,soc1-thermal,62.343
1780554183.1819658,,,soc2-thermal,63.281
1780554183.1819658,,,tj-thermal,65.531
1780554183.2886858,VDD_IN,9588.224,,
1780554183.2886858,VDD_CPU_GPU_CV,3883.968,,
1780554183.2886858,VDD_SOC,2161.28,,
1780554183.2886858,,,cpu-thermal,64.75
1780554183.2886858,,,gpu-thermal,65.968
1780554183.2886858,,,soc0-thermal,63.25
1780554183.2886858,,,soc1-thermal,62.343
1780554183.2886858,,,soc2-thermal,63.406
1780554183.2886858,,,tj-thermal,65.968
1780554183.394133,VDD_IN,9548.928,,
1780554183.394133,VDD_CPU_GPU_CV,3844.736,,
1780554183.394133,VDD_SOC,2161.28,,
1780554183.394133,,,cpu-thermal,64.593
1780554183.394133,,,gpu-thermal,65.781
1780554183.394133,,,soc0-thermal,63.125
1780554183.394133,,,soc1-thermal,62.312
1780554183.394133,,,soc2-thermal,63.343
1780554183.394133,,,tj-thermal,65.781
1780554183.499693,VDD_IN,9509.632,,
1780554183.499693,VDD_CPU_GPU_CV,3844.736,,
1780554183.499693,VDD_SOC,2161.28,,
1780554183.499693,,,cpu-thermal,64.562
1780554183.499693,,,gpu-thermal,65.687
1780554183.499693,,,soc0-thermal,63.187
1780554183.499693,,,soc1-thermal,62.312
1780554183.499693,,,soc2-thermal,63.312
1780554183.499693,,,tj-thermal,65.687
1780554183.6055388,VDD_IN,9470.336,,
1780554183.6055388,VDD_CPU_GPU_CV,3799.296,,
1780554183.6055388,VDD_SOC,2121.984,,
1780554183.6055388,,,cpu-thermal,64.656
1780554183.6055388,,,gpu-thermal,65.906
1780554183.6055388,,,soc0-thermal,63.125
1780554183.6055388,,,soc1-thermal,62.437
1780554183.6055388,,,soc2-thermal,63.375
1780554183.6055388,,,tj-thermal,65.593
1780554183.7108905,VDD_IN,9470.336,,
1780554183.7108905,VDD_CPU_GPU_CV,3805.504,,
1780554183.7108905,VDD_SOC,2121.984,,
1780554183.7108905,,,cpu-thermal,64.656
1780554183.7108905,,,gpu-thermal,65.843
1780554183.7108905,,,soc0-thermal,63.062
1780554183.7108905,,,soc1-thermal,62.312
1780554183.7108905,,,soc2-thermal,63.343
1780554183.7108905,,,tj-thermal,65.843
1780554183.8164353,VDD_IN,9548.928,,
1780554183.8164353,VDD_CPU_GPU_CV,3844.736,,
1780554183.8164353,VDD_SOC,2121.984,,
1780554183.8164353,,,cpu-thermal,64.468
1780554183.8164353,,,gpu-thermal,65.718
1780554183.8164353,,,soc0-thermal,63.031
1780554183.8164353,,,soc1-thermal,62.312
1780554183.8164353,,,soc2-thermal,63.281
1780554183.8164353,,,tj-thermal,65.718
1780554183.9218357,VDD_IN,9745.408,,
1780554183.9218357,VDD_CPU_GPU_CV,3962.432,,
1780554183.9218357,VDD_SOC,2161.28,,
1780554183.9218357,,,cpu-thermal,64.656
1780554183.9218357,,,gpu-thermal,65.812
1780554183.9218357,,,soc0-thermal,63.093
1780554183.9218357,,,soc1-thermal,62.406
1780554183.9218357,,,soc2-thermal,63.343
1780554183.9218357,,,tj-thermal,65.812
1780554184.0275502,VDD_IN,9863.296,,
1780554184.0275502,VDD_CPU_GPU_CV,4001.664,,
1780554184.0275502,VDD_SOC,2200.576,,
1780554184.0275502,,,cpu-thermal,64.656
1780554184.0275502,,,gpu-thermal,65.875
1780554184.0275502,,,soc0-thermal,63.187
1780554184.0275502,,,soc1-thermal,62.281
1780554184.0275502,,,soc2-thermal,63.343
1780554184.0275502,,,tj-thermal,65.75
1780554184.1329448,VDD_IN,9784.704,,
1780554184.1329448,VDD_CPU_GPU_CV,3962.432,,
1780554184.1329448,VDD_SOC,2200.576,,
1780554184.1329448,,,cpu-thermal,64.718
1780554184.1329448,,,gpu-thermal,65.75
1780554184.1329448,,,soc0-thermal,63.0
1780554184.1329448,,,soc1-thermal,62.281
1780554184.1329448,,,soc2-thermal,63.343
1780554184.1329448,,,tj-thermal,65.75
1780554184.2383554,VDD_IN,9666.816,,
1780554184.2383554,VDD_CPU_GPU_CV,3916.8,,
1780554184.2383554,VDD_SOC,2161.28,,
1780554184.2383554,,,cpu-thermal,64.718
1780554184.2383554,,,gpu-thermal,65.656
1780554184.2383554,,,soc0-thermal,63.093
1780554184.2383554,,,soc1-thermal,62.312
1780554184.2383554,,,soc2-thermal,63.406
1780554184.2383554,,,tj-thermal,65.656
1780554184.3437526,VDD_IN,9627.52,,
1780554184.3437526,VDD_CPU_GPU_CV,3877.632,,
1780554184.3437526,VDD_SOC,2161.28,,
1780554184.3437526,,,cpu-thermal,64.718
1780554184.3437526,,,gpu-thermal,65.656
1780554184.3437526,,,soc0-thermal,63.218
1780554184.3437526,,,soc1-thermal,62.437
1780554184.3437526,,,soc2-thermal,63.468
1780554184.3437526,,,tj-thermal,65.656
1780554184.4492552,VDD_IN,9588.224,,
1780554184.4492552,VDD_CPU_GPU_CV,3838.464,,
1780554184.4492552,VDD_SOC,2161.28,,
1780554184.4492552,,,cpu-thermal,64.937
1780554184.4492552,,,gpu-thermal,65.781
1780554184.4492552,,,soc0-thermal,63.218
1780554184.4492552,,,soc1-thermal,62.312
1780554184.4492552,,,soc2-thermal,63.406
1780554184.4492552,,,tj-thermal,66.0
1780554184.554902,VDD_IN,9548.928,,
1780554184.554902,VDD_CPU_GPU_CV,3799.296,,
1780554184.554902,VDD_SOC,2121.984,,
1780554184.554902,,,cpu-thermal,65.0
1780554184.554902,,,gpu-thermal,65.75
1780554184.554902,,,soc0-thermal,63.125
1780554184.554902,,,soc1-thermal,62.343
1780554184.554902,,,soc2-thermal,63.312
1780554184.554902,,,tj-thermal,65.75
1780554184.6602712,VDD_IN,9470.336,,
1780554184.6602712,VDD_CPU_GPU_CV,3766.272,,
1780554184.6602712,VDD_SOC,2121.984,,
1780554184.6602712,,,cpu-thermal,64.718
1780554184.6602712,,,gpu-thermal,65.656
1780554184.6602712,,,soc0-thermal,63.187
1780554184.6602712,,,soc1-thermal,62.375
1780554184.6602712,,,soc2-thermal,63.406
1780554184.6602712,,,tj-thermal,65.656
1780554184.7656946,VDD_IN,9470.336,,
1780554184.7656946,VDD_CPU_GPU_CV,3760.128,,
1780554184.7656946,VDD_SOC,2121.984,,
1780554184.7656946,,,cpu-thermal,64.718
1780554184.7656946,,,gpu-thermal,65.968
1780554184.7656946,,,soc0-thermal,63.187
1780554184.7656946,,,soc1-thermal,62.468
1780554184.7656946,,,soc2-thermal,63.437
1780554184.7656946,,,tj-thermal,65.968
1780554184.8720586,VDD_IN,9666.816,,
1780554184.8720586,VDD_CPU_GPU_CV,3883.968,,
1780554184.8720586,VDD_SOC,2161.28,,
1780554184.8720586,,,cpu-thermal,64.875
1780554184.8720586,,,gpu-thermal,66.031
1780554184.8720586,,,soc0-thermal,63.281
1780554184.8720586,,,soc1-thermal,62.375
1780554184.8720586,,,soc2-thermal,63.375
1780554184.8720586,,,tj-thermal,66.031
1780554184.9778795,VDD_IN,9863.296,,
1780554184.9778795,VDD_CPU_GPU_CV,4001.664,,
1780554184.9778795,VDD_SOC,2200.576,,
1780554184.9778795,,,cpu-thermal,65.031
1780554184.9778795,,,gpu-thermal,65.906
1780554184.9778795,,,soc0-thermal,63.093
1780554184.9778795,,,soc1-thermal,62.343
1780554184.9778795,,,soc2-thermal,63.406
1780554184.9778795,,,tj-thermal,65.906
1780554185.083208,VDD_IN,9824.0,,
1780554185.083208,VDD_CPU_GPU_CV,3962.432,,
1780554185.083208,VDD_SOC,2200.576,,
1780554185.083208,,,cpu-thermal,64.843
1780554185.083208,,,gpu-thermal,66.062
1780554185.083208,,,soc0-thermal,63.218
1780554185.083208,,,soc1-thermal,62.437
1780554185.083208,,,soc2-thermal,63.5
1780554185.083208,,,tj-thermal,65.75
1780554185.1898246,VDD_IN,9706.112,,
1780554185.1898246,VDD_CPU_GPU_CV,3923.2,,
1780554185.1898246,VDD_SOC,2161.28,,
1780554185.1898246,,,cpu-thermal,64.937
1780554185.1898246,,,gpu-thermal,65.812
1780554185.1898246,,,soc0-thermal,63.312
1780554185.1898246,,,soc1-thermal,62.5
1780554185.1898246,,,soc2-thermal,63.468
1780554185.1898246,,,tj-thermal,65.75
1780554185.295229,VDD_IN,9666.816,,
1780554185.295229,VDD_CPU_GPU_CV,3883.968,,
1780554185.295229,VDD_SOC,2161.28,,
1780554185.295229,,,cpu-thermal,64.968
1780554185.295229,,,gpu-thermal,65.781
1780554185.295229,,,soc0-thermal,63.187
1780554185.295229,,,soc1-thermal,62.375
1780554185.295229,,,soc2-thermal,63.531
1780554185.295229,,,tj-thermal,65.781
1780554185.4006834,VDD_IN,9588.224,,
1780554185.4006834,VDD_CPU_GPU_CV,3844.736,,
1780554185.4006834,VDD_SOC,2161.28,,
1780554185.4006834,,,cpu-thermal,64.781
1780554185.4006834,,,gpu-thermal,65.75
1780554185.4006834,,,soc0-thermal,63.156
1780554185.4006834,,,soc1-thermal,62.437
1780554185.4006834,,,soc2-thermal,63.437
1780554185.4006834,,,tj-thermal,65.75
1780554185.5063527,VDD_IN,9548.928,,
1780554185.5063527,VDD_CPU_GPU_CV,3844.736,,
1780554185.5063527,VDD_SOC,2161.28,,
1780554185.5063527,,,cpu-thermal,64.843
1780554185.5063527,,,gpu-thermal,65.687
1780554185.5063527,,,soc0-thermal,63.281
1780554185.5063527,,,soc1-thermal,62.437
1780554185.5063527,,,soc2-thermal,63.437
1780554185.5063527,,,tj-thermal,65.687
1780554185.6120422,VDD_IN,9509.632,,
1780554185.6120422,VDD_CPU_GPU_CV,3805.504,,
1780554185.6120422,VDD_SOC,2121.984,,
1780554185.6120422,,,cpu-thermal,64.875
1780554185.6120422,,,gpu-thermal,65.843
1780554185.6120422,,,soc0-thermal,63.25
1780554185.6120422,,,soc1-thermal,62.406
1780554185.6120422,,,soc2-thermal,63.468
1780554185.6120422,,,tj-thermal,66.062
1780554185.7174091,VDD_IN,9470.336,,
1780554185.7174091,VDD_CPU_GPU_CV,3766.272,,
1780554185.7174091,VDD_SOC,2121.984,,
1780554185.7174091,,,cpu-thermal,64.968
1780554185.7174091,,,gpu-thermal,65.75
1780554185.7174091,,,soc0-thermal,63.125
1780554185.7174091,,,soc1-thermal,62.375
1780554185.7174091,,,soc2-thermal,63.5
1780554185.7174091,,,tj-thermal,65.75
1780554185.822948,VDD_IN,9548.928,,
1780554185.822948,VDD_CPU_GPU_CV,3805.504,,
1780554185.822948,VDD_SOC,2161.28,,
1780554185.822948,,,cpu-thermal,64.75
1780554185.822948,,,gpu-thermal,65.843
1780554185.822948,,,soc0-thermal,63.281
1780554185.822948,,,soc1-thermal,62.5
1780554185.822948,,,soc2-thermal,63.375
1780554185.822948,,,tj-thermal,65.843
1780554185.9282475,VDD_IN,9745.408,,
1780554185.9282475,VDD_CPU_GPU_CV,3962.432,,
1780554185.9282475,VDD_SOC,2200.576,,
1780554185.9282475,,,cpu-thermal,64.781
1780554185.9282475,,,gpu-thermal,66.281
1780554185.9282475,,,soc0-thermal,63.281
1780554185.9282475,,,soc1-thermal,62.437
1780554185.9282475,,,soc2-thermal,63.468
1780554185.9282475,,,tj-thermal,66.281
1780554186.0334249,VDD_IN,9902.592,,
1780554186.0334249,VDD_CPU_GPU_CV,4001.664,,
1780554186.0334249,VDD_SOC,2200.576,,
1780554186.0334249,,,cpu-thermal,64.875
1780554186.0334249,,,gpu-thermal,65.906
1780554186.0334249,,,soc0-thermal,63.281
1780554186.0334249,,,soc1-thermal,62.375
1780554186.0334249,,,soc2-thermal,63.562
1780554186.0334249,,,tj-thermal,66.062
1780554186.138936,VDD_IN,9784.704,,
1780554186.138936,VDD_CPU_GPU_CV,3962.432,,
1780554186.138936,VDD_SOC,2200.576,,
1780554186.138936,,,cpu-thermal,64.906
1780554186.138936,,,gpu-thermal,65.781
1780554186.138936,,,soc0-thermal,63.281
1780554186.138936,,,soc1-thermal,62.468
1780554186.138936,,,soc2-thermal,63.437
1780554186.138936,,,tj-thermal,65.781
1780554186.2446902,VDD_IN,9666.816,,
1780554186.2446902,VDD_CPU_GPU_CV,3916.8,,
1780554186.2446902,VDD_SOC,2161.28,,
1780554186.2446902,,,cpu-thermal,64.906
1780554186.2446902,,,gpu-thermal,66.093
1780554186.2446902,,,soc0-thermal,63.281
1780554186.2446902,,,soc1-thermal,62.468
1780554186.2446902,,,soc2-thermal,63.468
1780554186.2446902,,,tj-thermal,66.093
1780554186.350177,VDD_IN,9627.52,,
1780554186.350177,VDD_CPU_GPU_CV,3844.736,,
1780554186.350177,VDD_SOC,2161.28,,
1780554186.350177,,,cpu-thermal,64.781
1780554186.350177,,,gpu-thermal,66.0
1780554186.350177,,,soc0-thermal,63.312
1780554186.350177,,,soc1-thermal,62.562
1780554186.350177,,,soc2-thermal,63.531
1780554186.350177,,,tj-thermal,66.0
1780554186.4556653,VDD_IN,9548.928,,
1780554186.4556653,VDD_CPU_GPU_CV,3799.296,,
1780554186.4556653,VDD_SOC,2161.28,,
1780554186.4556653,,,cpu-thermal,64.906
1780554186.4556653,,,gpu-thermal,65.781
1780554186.4556653,,,soc0-thermal,63.312
1780554186.4556653,,,soc1-thermal,62.468
1780554186.4556653,,,soc2-thermal,63.531
1780554186.4556653,,,tj-thermal,65.906
1780554186.561288,VDD_IN,9509.632,,
1780554186.561288,VDD_CPU_GPU_CV,3805.504,,
1780554186.561288,VDD_SOC,2121.984,,
1780554186.561288,,,cpu-thermal,64.812
1780554186.561288,,,gpu-thermal,66.093
1780554186.561288,,,soc0-thermal,63.312
1780554186.561288,,,soc1-thermal,62.406
1780554186.561288,,,soc2-thermal,63.5
1780554186.561288,,,tj-thermal,65.875
1780554186.666926,VDD_IN,9509.632,,
1780554186.666926,VDD_CPU_GPU_CV,3805.504,,
1780554186.666926,VDD_SOC,2121.984,,
1780554186.666926,,,cpu-thermal,64.812
1780554186.666926,,,gpu-thermal,66.031
1780554186.666926,,,soc0-thermal,63.281
1780554186.666926,,,soc1-thermal,62.562
1780554186.666926,,,soc2-thermal,63.5
1780554186.666926,,,tj-thermal,65.781
1780554186.7733898,VDD_IN,9431.04,,
1780554186.7733898,VDD_CPU_GPU_CV,3766.272,,
1780554186.7733898,VDD_SOC,2121.984,,
1780554186.7733898,,,cpu-thermal,65.093
1780554186.7733898,,,gpu-thermal,65.937
1780554186.7733898,,,soc0-thermal,63.406
1780554186.7733898,,,soc1-thermal,62.781
1780554186.7733898,,,soc2-thermal,63.625
1780554186.7733898,,,tj-thermal,65.937
1780554186.8788314,VDD_IN,9666.816,,
1780554186.8788314,VDD_CPU_GPU_CV,3883.968,,
1780554186.8788314,VDD_SOC,2161.28,,
1780554186.8788314,,,cpu-thermal,65.187
1780554186.8788314,,,gpu-thermal,65.937
1780554186.8788314,,,soc0-thermal,63.437
1780554186.8788314,,,soc1-thermal,62.562
1780554186.8788314,,,soc2-thermal,63.656
1780554186.8788314,,,tj-thermal,65.937
1780554186.9840167,VDD_IN,9824.0,,
1780554186.9840167,VDD_CPU_GPU_CV,4001.664,,
1780554186.9840167,VDD_SOC,2200.576,,
1780554186.9840167,,,cpu-thermal,64.906
1780554186.9840167,,,gpu-thermal,66.156
1780554186.9840167,,,soc0-thermal,63.375
1780554186.9840167,,,soc1-thermal,62.531
1780554186.9840167,,,soc2-thermal,63.562
1780554186.9840167,,,tj-thermal,65.906
1780554187.0897193,VDD_IN,9784.704,,
1780554187.0897193,VDD_CPU_GPU_CV,3962.432,,
1780554187.0897193,VDD_SOC,2161.28,,
1780554187.0897193,,,cpu-thermal,64.937
1780554187.0897193,,,gpu-thermal,65.968
1780554187.0897193,,,soc0-thermal,63.312
1780554187.0897193,,,soc1-thermal,62.656
1780554187.0897193,,,soc2-thermal,63.562
1780554187.0897193,,,tj-thermal,66.187
1780554187.1952362,VDD_IN,9706.112,,
1780554187.1952362,VDD_CPU_GPU_CV,3923.2,,
1780554187.1952362,VDD_SOC,2161.28,,
1780554187.1952362,,,cpu-thermal,65.062
1780554187.1952362,,,gpu-thermal,65.937
1780554187.1952362,,,soc0-thermal,63.406
1780554187.1952362,,,soc1-thermal,62.406
1780554187.1952362,,,soc2-thermal,63.625
1780554187.1952362,,,tj-thermal,65.937
1780554187.3010619,VDD_IN,9627.52,,
1780554187.3010619,VDD_CPU_GPU_CV,3883.968,,
1780554187.3010619,VDD_SOC,2161.28,,
1780554187.3010619,,,cpu-thermal,65.031
1780554187.3010619,,,gpu-thermal,65.843
1780554187.3010619,,,soc0-thermal,63.375
1780554187.3010619,,,soc1-thermal,62.625
1780554187.3010619,,,soc2-thermal,63.593
1780554187.3010619,,,tj-thermal,65.843
1780554187.4070625,VDD_IN,9588.224,,
1780554187.4070625,VDD_CPU_GPU_CV,3844.736,,
1780554187.4070625,VDD_SOC,2161.28,,
1780554187.4070625,,,cpu-thermal,65.281
1780554187.4070625,,,gpu-thermal,66.156
1780554187.4070625,,,soc0-thermal,63.281
1780554187.4070625,,,soc1-thermal,62.593
1780554187.4070625,,,soc2-thermal,63.656
1780554187.4070625,,,tj-thermal,66.156
1780554187.512714,VDD_IN,9509.632,,
1780554187.512714,VDD_CPU_GPU_CV,3844.736,,
1780554187.512714,VDD_SOC,2121.984,,
1780554187.512714,,,cpu-thermal,64.968
1780554187.512714,,,gpu-thermal,66.093
1780554187.512714,,,soc0-thermal,63.343
1780554187.512714,,,soc1-thermal,62.718
1780554187.512714,,,soc2-thermal,63.562
1780554187.512714,,,tj-thermal,66.093
1780554187.6185396,VDD_IN,9509.632,,
1780554187.6185396,VDD_CPU_GPU_CV,3805.504,,
1780554187.6185396,VDD_SOC,2121.984,,
1780554187.6185396,,,cpu-thermal,65.031
1780554187.6185396,,,gpu-thermal,66.031
1780554187.6185396,,,soc0-thermal,63.531
1780554187.6185396,,,soc1-thermal,62.593
1780554187.6185396,,,soc2-thermal,63.625
1780554187.6185396,,,tj-thermal,66.031
1780554187.7241585,VDD_IN,9431.04,,
1780554187.7241585,VDD_CPU_GPU_CV,3766.272,,
1780554187.7241585,VDD_SOC,2121.984,,
1780554187.7241585,,,cpu-thermal,65.062
1780554187.7241585,,,gpu-thermal,66.25
1780554187.7241585,,,soc0-thermal,63.312
1780554187.7241585,,,soc1-thermal,62.562
1780554187.7241585,,,soc2-thermal,63.656
1780554187.7241585,,,tj-thermal,65.843
1780554187.830075,VDD_IN,9548.928,,
1780554187.830075,VDD_CPU_GPU_CV,3844.736,,
1780554187.830075,VDD_SOC,2161.28,,
1780554187.830075,,,cpu-thermal,65.031
1780554187.830075,,,gpu-thermal,66.125
1780554187.830075,,,soc0-thermal,63.437
1780554187.830075,,,soc1-thermal,62.625
1780554187.830075,,,soc2-thermal,63.656
1780554187.830075,,,tj-thermal,66.125
1780554187.9355962,VDD_IN,9784.704,,
1780554187.9355962,VDD_CPU_GPU_CV,3962.432,,
1780554187.9355962,VDD_SOC,2200.576,,
1780554187.9355962,,,cpu-thermal,65.0
1780554187.9355962,,,gpu-thermal,66.093
1780554187.9355962,,,soc0-thermal,63.406
1780554187.9355962,,,soc1-thermal,62.781
1780554187.9355962,,,soc2-thermal,63.718
1780554187.9355962,,,tj-thermal,66.093
1780554188.0412917,VDD_IN,9863.296,,
1780554188.0412917,VDD_CPU_GPU_CV,4001.664,,
1780554188.0412917,VDD_SOC,2200.576,,
1780554188.0412917,,,cpu-thermal,65.0
1780554188.0412917,,,gpu-thermal,65.968
1780554188.0412917,,,soc0-thermal,63.437
1780554188.0412917,,,soc1-thermal,62.593
1780554188.0412917,,,soc2-thermal,63.656
1780554188.0412917,,,tj-thermal,65.968
1780554188.1468973,VDD_IN,9784.704,,
1780554188.1468973,VDD_CPU_GPU_CV,3962.432,,
1780554188.1468973,VDD_SOC,2200.576,,
1780554188.1468973,,,cpu-thermal,65.031
1780554188.1468973,,,gpu-thermal,65.968
1780554188.1468973,,,soc0-thermal,63.437
1780554188.1468973,,,soc1-thermal,62.718
1780554188.1468973,,,soc2-thermal,63.687
1780554188.1468973,,,tj-thermal,65.968
1780554188.2527874,VDD_IN,9706.112,,
1780554188.2527874,VDD_CPU_GPU_CV,3923.2,,
1780554188.2527874,VDD_SOC,2161.28,,
1780554188.2527874,,,cpu-thermal,65.062
1780554188.2527874,,,gpu-thermal,65.968
1780554188.2527874,,,soc0-thermal,63.406
1780554188.2527874,,,soc1-thermal,62.718
1780554188.2527874,,,soc2-thermal,63.718
1780554188.2527874,,,tj-thermal,66.25
1780554188.3582983,VDD_IN,9627.52,,
1780554188.3582983,VDD_CPU_GPU_CV,3883.968,,
1780554188.3582983,VDD_SOC,2161.28,,
1780554188.3582983,,,cpu-thermal,65.093
1780554188.3582983,,,gpu-thermal,65.937
1780554188.3582983,,,soc0-thermal,63.531
1780554188.3582983,,,soc1-thermal,62.781
1780554188.3582983,,,soc2-thermal,63.656
1780554188.3582983,,,tj-thermal,65.937
1780554188.4638312,VDD_IN,9588.224,,
1780554188.4638312,VDD_CPU_GPU_CV,3844.736,,
1780554188.4638312,VDD_SOC,2161.28,,
1780554188.4638312,,,cpu-thermal,65.062
1780554188.4638312,,,gpu-thermal,65.843
1780554188.4638312,,,soc0-thermal,63.343
1780554188.4638312,,,soc1-thermal,62.656
1780554188.4638312,,,soc2-thermal,63.718
1780554188.4638312,,,tj-thermal,65.843
1780554188.5696182,VDD_IN,9548.928,,
1780554188.5696182,VDD_CPU_GPU_CV,3844.736,,
1780554188.5696182,VDD_SOC,2161.28,,
1780554188.5696182,,,cpu-thermal,65.031
1780554188.5696182,,,gpu-thermal,66.25
1780554188.5696182,,,soc0-thermal,63.375
1780554188.5696182,,,soc1-thermal,62.718
1780554188.5696182,,,soc2-thermal,63.687
1780554188.5696182,,,tj-thermal,66.25
1780554188.6755865,VDD_IN,9509.632,,
1780554188.6755865,VDD_CPU_GPU_CV,3805.504,,
1780554188.6755865,VDD_SOC,2161.28,,
1780554188.6755865,,,cpu-thermal,65.031
1780554188.6755865,,,gpu-thermal,66.125
1780554188.6755865,,,soc0-thermal,63.562
1780554188.6755865,,,soc1-thermal,62.75
1780554188.6755865,,,soc2-thermal,63.75
1780554188.6755865,,,tj-thermal,66.125
1780554188.7814457,VDD_IN,9470.336,,
1780554188.7814457,VDD_CPU_GPU_CV,3805.504,,
1780554188.7814457,VDD_SOC,2121.984,,
1780554188.7814457,,,cpu-thermal,65.375
1780554188.7814457,,,gpu-thermal,66.031
1780554188.7814457,,,soc0-thermal,63.625
1780554188.7814457,,,soc1-thermal,62.656
1780554188.7814457,,,soc2-thermal,63.718
1780554188.7814457,,,tj-thermal,66.031
1780554188.886966,VDD_IN,9706.112,,
1780554188.886966,VDD_CPU_GPU_CV,3923.2,,
1780554188.886966,VDD_SOC,2161.28,,
1780554188.886966,,,cpu-thermal,64.968
1780554188.886966,,,gpu-thermal,66.375
1780554188.886966,,,soc0-thermal,63.5
1780554188.886966,,,soc1-thermal,62.656
1780554188.886966,,,soc2-thermal,63.656
1780554188.886966,,,tj-thermal,66.156
1780554188.993168,VDD_IN,9863.296,,
1780554188.993168,VDD_CPU_GPU_CV,4040.896,,
1780554188.993168,VDD_SOC,2200.576,,
1780554188.993168,,,cpu-thermal,65.031
1780554188.993168,,,gpu-thermal,66.312
1780554188.993168,,,soc0-thermal,63.5
1780554188.993168,,,soc1-thermal,62.656
1780554188.993168,,,soc2-thermal,63.718
1780554188.993168,,,tj-thermal,66.125
1780554189.0987456,VDD_IN,9824.0,,
1780554189.0987456,VDD_CPU_GPU_CV,4001.664,,
1780554189.0987456,VDD_SOC,2200.576,,
1780554189.0987456,,,cpu-thermal,65.125
1780554189.0987456,,,gpu-thermal,66.187
1780554189.0987456,,,soc0-thermal,63.593
1780554189.0987456,,,soc1-thermal,62.781
1780554189.0987456,,,soc2-thermal,63.75
1780554189.0987456,,,tj-thermal,66.187
1780554189.2045891,VDD_IN,9745.408,,
1780554189.2045891,VDD_CPU_GPU_CV,3962.432,,
1780554189.2045891,VDD_SOC,2161.28,,
1780554189.2045891,,,cpu-thermal,65.281
1780554189.2045891,,,gpu-thermal,66.093
1780554189.2045891,,,soc0-thermal,63.593
1780554189.2045891,,,soc1-thermal,62.687
1780554189.2045891,,,soc2-thermal,63.812
1780554189.2045891,,,tj-thermal,66.093
1780554189.3101513,VDD_IN,9666.816,,
1780554189.3101513,VDD_CPU_GPU_CV,3877.632,,
1780554189.3101513,VDD_SOC,2161.28,,
1780554189.3101513,,,cpu-thermal,65.375
1780554189.3101513,,,gpu-thermal,65.968
1780554189.3101513,,,soc0-thermal,63.5
1780554189.3101513,,,soc1-thermal,62.781
1780554189.3101513,,,soc2-thermal,63.687
1780554189.3101513,,,tj-thermal,65.968
1780554189.4157794,VDD_IN,9627.52,,
1780554189.4157794,VDD_CPU_GPU_CV,3877.632,,
1780554189.4157794,VDD_SOC,2161.28,,
1780554189.4157794,,,cpu-thermal,65.125
1780554189.4157794,,,gpu-thermal,66.312
1780554189.4157794,,,soc0-thermal,63.5
1780554189.4157794,,,soc1-thermal,62.875
1780554189.4157794,,,soc2-thermal,63.75
1780554189.4157794,,,tj-thermal,66.312
1780554189.5223367,VDD_IN,9588.224,,
1780554189.5223367,VDD_CPU_GPU_CV,3838.464,,
1780554189.5223367,VDD_SOC,2161.28,,
1780554189.5223367,,,cpu-thermal,65.218
1780554189.5223367,,,gpu-thermal,66.156
1780554189.5223367,,,soc0-thermal,63.593
1780554189.5223367,,,soc1-thermal,62.687
1780554189.5223367,,,soc2-thermal,63.781
1780554189.5223367,,,tj-thermal,66.156
1780554189.627873,VDD_IN,9548.928,,
1780554189.627873,VDD_CPU_GPU_CV,3799.296,,
1780554189.627873,VDD_SOC,2121.984,,
1780554189.627873,,,cpu-thermal,65.25
1780554189.627873,,,gpu-thermal,66.031
1780554189.627873,,,soc0-thermal,63.593
1780554189.627873,,,soc1-thermal,62.75
1780554189.627873,,,soc2-thermal,63.781
1780554189.627873,,,tj-thermal,66.218
1780554189.7335734,VDD_IN,9509.632,,
1780554189.7335734,VDD_CPU_GPU_CV,3799.296,,
1780554189.7335734,VDD_SOC,2121.984,,
1780554189.7335734,,,cpu-thermal,65.125
1780554189.7335734,,,gpu-thermal,66.343
1780554189.7335734,,,soc0-thermal,63.531
1780554189.7335734,,,soc1-thermal,62.781
1780554189.7335734,,,soc2-thermal,63.812
1780554189.7335734,,,tj-thermal,66.031
1780554189.8396997,VDD_IN,9627.52,,
1780554189.8396997,VDD_CPU_GPU_CV,3877.632,,
1780554189.8396997,VDD_SOC,2161.28,,
1780554189.8396997,,,cpu-thermal,65.125
1780554189.8396997,,,gpu-thermal,66.406
1780554189.8396997,,,soc0-thermal,63.562
1780554189.8396997,,,soc1-thermal,62.875
1780554189.8396997,,,soc2-thermal,63.781
1780554189.8396997,,,tj-thermal,66.406
1780554189.9458084,VDD_IN,9824.0,,
1780554189.9458084,VDD_CPU_GPU_CV,3962.432,,
1780554189.9458084,VDD_SOC,2200.576,,
1780554189.9458084,,,cpu-thermal,65.218
1780554189.9458084,,,gpu-thermal,66.187
1780554189.9458084,,,soc0-thermal,63.75
1780554189.9458084,,,soc1-thermal,62.75
1780554189.9458084,,,soc2-thermal,63.875
1780554189.9458084,,,tj-thermal,66.187
1780554190.0512514,VDD_IN,9902.592,,
1780554190.0512514,VDD_CPU_GPU_CV,4034.304,,
1780554190.0512514,VDD_SOC,2200.576,,
1780554190.0512514,,,cpu-thermal,65.156
1780554190.0512514,,,gpu-thermal,66.125
1780554190.0512514,,,soc0-thermal,63.593
1780554190.0512514,,,soc1-thermal,62.843
1780554190.0512514,,,soc2-thermal,63.75
1780554190.0512514,,,tj-thermal,66.125
1780554190.1577425,VDD_IN,9784.704,,
1780554190.1577425,VDD_CPU_GPU_CV,3962.432,,
1780554190.1577425,VDD_SOC,2200.576,,
1780554190.1577425,,,cpu-thermal,65.125
1780554190.1577425,,,gpu-thermal,66.125
1780554190.1577425,,,soc0-thermal,63.656
1780554190.1577425,,,soc1-thermal,62.906
1780554190.1577425,,,soc2-thermal,63.812
1780554190.1577425,,,tj-thermal,66.125
1780554190.2632484,VDD_IN,9784.704,,
1780554190.2632484,VDD_CPU_GPU_CV,3955.968,,
1780554190.2632484,VDD_SOC,2161.28,,
1780554190.2632484,,,cpu-thermal,65.468
1780554190.2632484,,,gpu-thermal,66.062
1780554190.2632484,,,soc0-thermal,63.656
1780554190.2632484,,,soc1-thermal,62.687
1780554190.2632484,,,soc2-thermal,63.812
1780554190.2632484,,,tj-thermal,66.062
1780554190.369074,VDD_IN,9784.704,,
1780554190.369074,VDD_CPU_GPU_CV,3955.968,,
1780554190.369074,VDD_SOC,2161.28,,
1780554190.369074,,,cpu-thermal,65.156
1780554190.369074,,,gpu-thermal,66.093
1780554190.369074,,,soc0-thermal,63.562
1780554190.369074,,,soc1-thermal,62.75
1780554190.369074,,,soc2-thermal,63.812
1780554190.369074,,,tj-thermal,66.25
1780554190.474923,VDD_IN,9706.112,,
1780554190.474923,VDD_CPU_GPU_CV,3916.8,,
1780554190.474923,VDD_SOC,2161.28,,
1780554190.474923,,,cpu-thermal,65.156
1780554190.474923,,,gpu-thermal,66.062
1780554190.474923,,,soc0-thermal,63.593
1780554190.474923,,,soc1-thermal,62.906
1780554190.474923,,,soc2-thermal,63.781
1780554190.474923,,,tj-thermal,66.25
1780554190.580648,VDD_IN,9588.224,,
1780554190.580648,VDD_CPU_GPU_CV,3877.632,,
1780554190.580648,VDD_SOC,2161.28,,
1780554190.580648,,,cpu-thermal,65.281
1780554190.580648,,,gpu-thermal,66.468
1780554190.580648,,,soc0-thermal,63.656
1780554190.580648,,,soc1-thermal,62.968
1780554190.580648,,,soc2-thermal,63.812
1780554190.580648,,,tj-thermal,66.468
1780554190.6861658,VDD_IN,9509.632,,
1780554190.6861658,VDD_CPU_GPU_CV,3805.504,,
1780554190.6861658,VDD_SOC,2121.984,,
1780554190.6861658,,,cpu-thermal,65.406
1780554190.6861658,,,gpu-thermal,66.281
1780554190.6861658,,,soc0-thermal,63.687
1780554190.6861658,,,soc1-thermal,62.781
1780554190.6861658,,,soc2-thermal,63.906
1780554190.6861658,,,tj-thermal,66.281
1780554190.7918577,VDD_IN,9470.336,,
1780554190.7918577,VDD_CPU_GPU_CV,3805.504,,
1780554190.7918577,VDD_SOC,2121.984,,
1780554190.7918577,,,cpu-thermal,65.125
1780554190.7918577,,,gpu-thermal,66.25
1780554190.7918577,,,soc0-thermal,63.562
1780554190.7918577,,,soc1-thermal,62.875
1780554190.7918577,,,soc2-thermal,63.687
1780554190.7918577,,,tj-thermal,66.25
1780554190.8974733,VDD_IN,9745.408,,
1780554190.8974733,VDD_CPU_GPU_CV,3923.2,,
1780554190.8974733,VDD_SOC,2161.28,,
1780554190.8974733,,,cpu-thermal,65.062
1780554190.8974733,,,gpu-thermal,66.281
1780554190.8974733,,,soc0-thermal,63.656
1780554190.8974733,,,soc1-thermal,63.0
1780554190.8974733,,,soc2-thermal,63.875
1780554190.8974733,,,tj-thermal,66.281
1780554191.0037625,VDD_IN,9902.592,,
1780554191.0037625,VDD_CPU_GPU_CV,4040.896,,
1780554191.0037625,VDD_SOC,2200.576,,
1780554191.0037625,,,cpu-thermal,65.375
1780554191.0037625,,,gpu-thermal,66.437
1780554191.0037625,,,soc0-thermal,63.687
1780554191.0037625,,,soc1-thermal,62.843
1780554191.0037625,,,soc2-thermal,63.968
1780554191.0037625,,,tj-thermal,66.25
1780554191.1093755,VDD_IN,9824.0,,
1780554191.1093755,VDD_CPU_GPU_CV,3962.432,,
1780554191.1093755,VDD_SOC,2200.576,,
1780554191.1093755,,,cpu-thermal,65.375
1780554191.1093755,,,gpu-thermal,66.25
1780554191.1093755,,,soc0-thermal,63.656
1780554191.1093755,,,soc1-thermal,62.781
1780554191.1093755,,,soc2-thermal,63.812
1780554191.1093755,,,tj-thermal,66.156
1780554191.2151382,VDD_IN,9706.112,,
1780554191.2151382,VDD_CPU_GPU_CV,3923.2,,
1780554191.2151382,VDD_SOC,2161.28,,
1780554191.2151382,,,cpu-thermal,65.187
1780554191.2151382,,,gpu-thermal,66.218
1780554191.2151382,,,soc0-thermal,63.656
1780554191.2151382,,,soc1-thermal,62.875
1780554191.2151382,,,soc2-thermal,63.843
1780554191.2151382,,,tj-thermal,66.218
1780554191.3210328,VDD_IN,9666.816,,
1780554191.3210328,VDD_CPU_GPU_CV,3883.968,,
1780554191.3210328,VDD_SOC,2161.28,,
1780554191.3210328,,,cpu-thermal,65.312
1780554191.3210328,,,gpu-thermal,66.125
1780554191.3210328,,,soc0-thermal,63.718
1780554191.3210328,,,soc1-thermal,63.062
1780554191.3210328,,,soc2-thermal,63.843
1780554191.3210328,,,tj-thermal,66.125
1780554191.426691,VDD_IN,9588.224,,
1780554191.426691,VDD_CPU_GPU_CV,3844.736,,
1780554191.426691,VDD_SOC,2161.28,,
1780554191.426691,,,cpu-thermal,65.375
1780554191.426691,,,gpu-thermal,66.218
1780554191.426691,,,soc0-thermal,63.781
1780554191.426691,,,soc1-thermal,62.875
1780554191.426691,,,soc2-thermal,63.937
1780554191.426691,,,tj-thermal,66.218
1780554191.5324795,VDD_IN,9548.928,,
1780554191.5324795,VDD_CPU_GPU_CV,3844.736,,
1780554191.5324795,VDD_SOC,2161.28,,
1780554191.5324795,,,cpu-thermal,65.187
1780554191.5324795,,,gpu-thermal,66.375
1780554191.5324795,,,soc0-thermal,63.687
1780554191.5324795,,,soc1-thermal,62.875
1780554191.5324795,,,soc2-thermal,63.812
1780554191.5324795,,,tj-thermal,66.375
1780554191.6385458,VDD_IN,9509.632,,
1780554191.6385458,VDD_CPU_GPU_CV,3805.504,,
1780554191.6385458,VDD_SOC,2121.984,,
1780554191.6385458,,,cpu-thermal,65.312
1780554191.6385458,,,gpu-thermal,66.156
1780554191.6385458,,,soc0-thermal,63.656
1780554191.6385458,,,soc1-thermal,62.937
1780554191.6385458,,,soc2-thermal,63.843
1780554191.6385458,,,tj-thermal,66.343
1780554191.7443454,VDD_IN,9470.336,,
1780554191.7443454,VDD_CPU_GPU_CV,3805.504,,
1780554191.7443454,VDD_SOC,2121.984,,
1780554191.7443454,,,cpu-thermal,65.25
1780554191.7443454,,,gpu-thermal,66.125
1780554191.7443454,,,soc0-thermal,63.781
1780554191.7443454,,,soc1-thermal,63.062
1780554191.7443454,,,soc2-thermal,63.968
1780554191.7443454,,,tj-thermal,66.218
1780554191.8499963,VDD_IN,9627.52,,
1780554191.8499963,VDD_CPU_GPU_CV,3883.968,,
1780554191.8499963,VDD_SOC,2161.28,,
1780554191.8499963,,,cpu-thermal,65.343
1780554191.8499963,,,gpu-thermal,66.5
1780554191.8499963,,,soc0-thermal,63.656
1780554191.8499963,,,soc1-thermal,62.937
1780554191.8499963,,,soc2-thermal,64.0
1780554191.8499963,,,tj-thermal,66.5
1780554191.9555829,VDD_IN,9784.704,,
1780554191.9555829,VDD_CPU_GPU_CV,4001.664,,
1780554191.9555829,VDD_SOC,2200.576,,
1780554191.9555829,,,cpu-thermal,65.187
1780554191.9555829,,,gpu-thermal,66.5
1780554191.9555829,,,soc0-thermal,63.687
1780554191.9555829,,,soc1-thermal,63.0
1780554191.9555829,,,soc2-thermal,63.906
1780554191.9555829,,,tj-thermal,66.5
1780554192.060866,VDD_IN,9824.0,,
1780554192.060866,VDD_CPU_GPU_CV,4001.664,,
1780554192.060866,VDD_SOC,2200.576,,
1780554192.060866,,,cpu-thermal,65.281
1780554192.060866,,,gpu-thermal,66.312
1780554192.060866,,,soc0-thermal,63.75
1780554192.060866,,,soc1-thermal,63.0
1780554192.060866,,,soc2-thermal,64.093
1780554192.060866,,,tj-thermal,66.312
1780554192.1664581,VDD_IN,9745.408,,
1780554192.1664581,VDD_CPU_GPU_CV,3955.968,,
1780554192.1664581,VDD_SOC,2200.576,,
1780554192.1664581,,,cpu-thermal,65.312
1780554192.1664581,,,gpu-thermal,66.437
1780554192.1664581,,,soc0-thermal,63.75
1780554192.1664581,,,soc1-thermal,62.968
1780554192.1664581,,,soc2-thermal,63.906
1780554192.1664581,,,tj-thermal,66.25
1780554192.272374,VDD_IN,9666.816,,
1780554192.272374,VDD_CPU_GPU_CV,3877.632,,
1780554192.272374,VDD_SOC,2161.28,,
1780554192.272374,,,cpu-thermal,65.25
1780554192.272374,,,gpu-thermal,66.375
1780554192.272374,,,soc0-thermal,63.687
1780554192.272374,,,soc1-thermal,62.937
1780554192.272374,,,soc2-thermal,64.0
1780554192.272374,,,tj-thermal,66.156
1780554192.3781734,VDD_IN,9588.224,,
1780554192.3781734,VDD_CPU_GPU_CV,3838.464,,
1780554192.3781734,VDD_SOC,2161.28,,
1780554192.3781734,,,cpu-thermal,65.281
1780554192.3781734,,,gpu-thermal,66.343
1780554192.3781734,,,soc0-thermal,63.75
1780554192.3781734,,,soc1-thermal,63.031
1780554192.3781734,,,soc2-thermal,63.937
1780554192.3781734,,,tj-thermal,66.343
1780554192.4837818,VDD_IN,9588.224,,
1780554192.4837818,VDD_CPU_GPU_CV,3838.464,,
1780554192.4837818,VDD_SOC,2161.28,,
1780554192.4837818,,,cpu-thermal,65.375
1780554192.4837818,,,gpu-thermal,66.25
1780554192.4837818,,,soc0-thermal,63.75
1780554192.4837818,,,soc1-thermal,63.187
1780554192.4837818,,,soc2-thermal,64.031
1780554192.4837818,,,tj-thermal,66.25
1780554192.5897708,VDD_IN,9548.928,,
1780554192.5897708,VDD_CPU_GPU_CV,3838.464,,
1780554192.5897708,VDD_SOC,2121.984,,
1780554192.5897708,,,cpu-thermal,65.531
1780554192.5897708,,,gpu-thermal,66.187
1780554192.5897708,,,soc0-thermal,63.781
1780554192.5897708,,,soc1-thermal,62.906
1780554192.5897708,,,soc2-thermal,63.937
1780554192.5897708,,,tj-thermal,66.187
1780554192.6953259,VDD_IN,9470.336,,
1780554192.6953259,VDD_CPU_GPU_CV,3799.296,,
1780554192.6953259,VDD_SOC,2121.984,,
1780554192.6953259,,,cpu-thermal,65.25
1780554192.6953259,,,gpu-thermal,66.531
1780554192.6953259,,,soc0-thermal,63.75
1780554192.6953259,,,soc1-thermal,63.0
1780554192.6953259,,,soc2-thermal,63.968
1780554192.6953259,,,tj-thermal,66.531
1780554192.8009717,VDD_IN,9509.632,,
1780554192.8009717,VDD_CPU_GPU_CV,3799.296,,
1780554192.8009717,VDD_SOC,2161.28,,
1780554192.8009717,,,cpu-thermal,65.281
1780554192.8009717,,,gpu-thermal,66.25
1780554192.8009717,,,soc0-thermal,63.781
1780554192.8009717,,,soc1-thermal,63.062
1780554192.8009717,,,soc2-thermal,63.906
1780554192.8009717,,,tj-thermal,66.468
1780554192.9070735,VDD_IN,9745.408,,
1780554192.9070735,VDD_CPU_GPU_CV,3923.2,,
1780554192.9070735,VDD_SOC,2200.576,,
1780554192.9070735,,,cpu-thermal,65.5
1780554192.9070735,,,gpu-thermal,66.406
1780554192.9070735,,,soc0-thermal,63.843
1780554192.9070735,,,soc1-thermal,63.031
1780554192.9070735,,,soc2-thermal,63.906
1780554192.9070735,,,tj-thermal,66.5
1780554193.0125487,VDD_IN,9902.592,,
1780554193.0125487,VDD_CPU_GPU_CV,4040.896,,
1780554193.0125487,VDD_SOC,2200.576,,
1780554193.0125487,,,cpu-thermal,65.531
1780554193.0125487,,,gpu-thermal,66.656
1780554193.0125487,,,soc0-thermal,63.937
1780554193.0125487,,,soc1-thermal,63.0
1780554193.0125487,,,soc2-thermal,64.0
1780554193.0125487,,,tj-thermal,66.656
1780554193.1178324,VDD_IN,9784.704,,
1780554193.1178324,VDD_CPU_GPU_CV,3962.432,,
1780554193.1178324,VDD_SOC,2200.576,,
1780554193.1178324,,,cpu-thermal,65.687
1780554193.1178324,,,gpu-thermal,66.437
1780554193.1178324,,,soc0-thermal,63.781
1780554193.1178324,,,soc1-thermal,63.062
1780554193.1178324,,,soc2-thermal,63.906
1780554193.1178324,,,tj-thermal,66.437
1780554193.2236226,VDD_IN,9706.112,,
1780554193.2236226,VDD_CPU_GPU_CV,3923.2,,
1780554193.2236226,VDD_SOC,2161.28,,
1780554193.2236226,,,cpu-thermal,65.406
1780554193.2236226,,,gpu-thermal,66.375
1780554193.2236226,,,soc0-thermal,63.812
1780554193.2236226,,,soc1-thermal,63.187
1780554193.2236226,,,soc2-thermal,64.062
1780554193.2236226,,,tj-thermal,66.375
1780554193.3298159,VDD_IN,9627.52,,
1780554193.3298159,VDD_CPU_GPU_CV,3883.968,,
1780554193.3298159,VDD_SOC,2161.28,,
1780554193.3298159,,,cpu-thermal,65.468
1780554193.3298159,,,gpu-thermal,66.375
1780554193.3298159,,,soc0-thermal,63.843
1780554193.3298159,,,soc1-thermal,63.0
1780554193.3298159,,,soc2-thermal,64.062
1780554193.3298159,,,tj-thermal,66.375
1780554193.4353883,VDD_IN,9588.224,,
1780554193.4353883,VDD_CPU_GPU_CV,3844.736,,
1780554193.4353883,VDD_SOC,2161.28,,
1780554193.4353883,,,cpu-thermal,65.531
1780554193.4353883,,,gpu-thermal,66.468
1780554193.4353883,,,soc0-thermal,63.75
1780554193.4353883,,,soc1-thermal,63.031
1780554193.4353883,,,soc2-thermal,64.031
1780554193.4353883,,,tj-thermal,66.312
1780554193.5412502,VDD_IN,9509.632,,
1780554193.5412502,VDD_CPU_GPU_CV,3805.504,,
1780554193.5412502,VDD_SOC,2121.984,,
1780554193.5412502,,,cpu-thermal,65.406
1780554193.5412502,,,gpu-thermal,66.437
1780554193.5412502,,,soc0-thermal,63.781
1780554193.5412502,,,soc1-thermal,63.125
1780554193.5412502,,,soc2-thermal,64.062
1780554193.5412502,,,tj-thermal,66.437
1780554193.646728,VDD_IN,9470.336,,
1780554193.646728,VDD_CPU_GPU_CV,3805.504,,
1780554193.646728,VDD_SOC,2121.984,,
1780554193.646728,,,cpu-thermal,65.343
1780554193.646728,,,gpu-thermal,66.343
1780554193.646728,,,soc0-thermal,63.781
1780554193.646728,,,soc1-thermal,63.25
1780554193.646728,,,soc2-thermal,64.156
1780554193.646728,,,tj-thermal,66.343
1780554193.7522767,VDD_IN,9470.336,,
1780554193.7522767,VDD_CPU_GPU_CV,3805.504,,
1780554193.7522767,VDD_SOC,2121.984,,
1780554193.7522767,,,cpu-thermal,65.5
1780554193.7522767,,,gpu-thermal,66.281
1780554193.7522767,,,soc0-thermal,63.937
1780554193.7522767,,,soc1-thermal,63.0
1780554193.7522767,,,soc2-thermal,64.156
1780554193.7522767,,,tj-thermal,66.281
1780554193.8581634,VDD_IN,9627.52,,
1780554193.8581634,VDD_CPU_GPU_CV,3883.968,,
1780554193.8581634,VDD_SOC,2161.28,,
1780554193.8581634,,,cpu-thermal,65.375
1780554193.8581634,,,gpu-thermal,66.718
1780554193.8581634,,,soc0-thermal,63.75
1780554193.8581634,,,soc1-thermal,63.062
1780554193.8581634,,,soc2-thermal,64.0
1780554193.8581634,,,tj-thermal,66.718
1780554193.9636707,VDD_IN,9824.0,,
1780554193.9636707,VDD_CPU_GPU_CV,4001.664,,
1780554193.9636707,VDD_SOC,2200.576,,
1780554193.9636707,,,cpu-thermal,65.406
1780554193.9636707,,,gpu-thermal,66.468
1780554193.9636707,,,soc0-thermal,63.812
1780554193.9636707,,,soc1-thermal,63.156
1780554193.9636707,,,soc2-thermal,64.093
1780554193.9636707,,,tj-thermal,66.656
1780554194.069635,VDD_IN,9824.0,,
1780554194.069635,VDD_CPU_GPU_CV,4001.664,,
1780554194.069635,VDD_SOC,2200.576,,
1780554194.069635,,,cpu-thermal,65.5
1780554194.069635,,,gpu-thermal,66.375
1780554194.069635,,,soc0-thermal,63.875
1780554194.069635,,,soc1-thermal,63.093
1780554194.069635,,,soc2-thermal,64.187
1780554194.069635,,,tj-thermal,66.375
1780554194.1755657,VDD_IN,9706.112,,
1780554194.1755657,VDD_CPU_GPU_CV,3923.2,,
1780554194.1755657,VDD_SOC,2161.28,,
1780554194.1755657,,,cpu-thermal,65.343
1780554194.1755657,,,gpu-thermal,66.625
1780554194.1755657,,,soc0-thermal,63.781
1780554194.1755657,,,soc1-thermal,63.093
1780554194.1755657,,,soc2-thermal,64.062
1780554194.1755657,,,tj-thermal,66.625
1780554194.2810938,VDD_IN,9627.52,,
1780554194.2810938,VDD_CPU_GPU_CV,3883.968,,
1780554194.2810938,VDD_SOC,2161.28,,
1780554194.2810938,,,cpu-thermal,65.343
1780554194.2810938,,,gpu-thermal,66.468
1780554194.2810938,,,soc0-thermal,63.781
1780554194.2810938,,,soc1-thermal,63.093
1780554194.2810938,,,soc2-thermal,64.062
1780554194.2810938,,,tj-thermal,66.468
1780554194.3867908,VDD_IN,9588.224,,
1780554194.3867908,VDD_CPU_GPU_CV,3883.968,,
1780554194.3867908,VDD_SOC,2161.28,,
1780554194.3867908,,,cpu-thermal,65.531
1780554194.3867908,,,gpu-thermal,66.468
1780554194.3867908,,,soc0-thermal,63.875
1780554194.3867908,,,soc1-thermal,63.187
1780554194.3867908,,,soc2-thermal,64.187
1780554194.3867908,,,tj-thermal,66.468
1780554194.4927125,VDD_IN,9509.632,,
1780554194.4927125,VDD_CPU_GPU_CV,3844.736,,
1780554194.4927125,VDD_SOC,2121.984,,
1780554194.4927125,,,cpu-thermal,65.75
1780554194.4927125,,,gpu-thermal,66.406
1780554194.4927125,,,soc0-thermal,63.906
1780554194.4927125,,,soc1-thermal,63.156
1780554194.4927125,,,soc2-thermal,64.156
1780554194.4927125,,,tj-thermal,66.406
1780554194.5983608,VDD_IN,9470.336,,
1780554194.5983608,VDD_CPU_GPU_CV,3805.504,,
1780554194.5983608,VDD_SOC,2121.984,,
1780554194.5983608,,,cpu-thermal,65.781
1780554194.5983608,,,gpu-thermal,66.531
1780554194.5983608,,,soc0-thermal,63.875
1780554194.5983608,,,soc1-thermal,63.125
1780554194.5983608,,,soc2-thermal,64.093
1780554194.5983608,,,tj-thermal,66.375
1780554194.7040894,VDD_IN,9431.04,,
1780554194.7040894,VDD_CPU_GPU_CV,3805.504,,
1780554194.7040894,VDD_SOC,2121.984,,
1780554194.7040894,,,cpu-thermal,65.437
1780554194.7040894,,,gpu-thermal,66.437
1780554194.7040894,,,soc0-thermal,63.812
1780554194.7040894,,,soc1-thermal,63.25
1780554194.7040894,,,soc2-thermal,64.187
1780554194.7040894,,,tj-thermal,66.718
1780554194.809854,VDD_IN,9470.336,,
1780554194.809854,VDD_CPU_GPU_CV,3805.504,,
1780554194.809854,VDD_SOC,2161.28,,
1780554194.809854,,,cpu-thermal,65.531
1780554194.809854,,,gpu-thermal,66.437
1780554194.809854,,,soc0-thermal,63.906
1780554194.809854,,,soc1-thermal,63.281
1780554194.809854,,,soc2-thermal,64.156
1780554194.809854,,,tj-thermal,66.437
1780554194.9153454,VDD_IN,9706.112,,
1780554194.9153454,VDD_CPU_GPU_CV,3962.432,,
1780554194.9153454,VDD_SOC,2161.28,,
1780554194.9153454,,,cpu-thermal,65.718
1780554194.9153454,,,gpu-thermal,66.5
1780554194.9153454,,,soc0-thermal,64.031
1780554194.9153454,,,soc1-thermal,63.062
1780554194.9153454,,,soc2-thermal,64.187
1780554194.9153454,,,tj-thermal,66.5
1780554195.0209975,VDD_IN,9902.592,,
1780554195.0209975,VDD_CPU_GPU_CV,4040.896,,
1780554195.0209975,VDD_SOC,2200.576,,
1780554195.0209975,,,cpu-thermal,65.718
1780554195.0209975,,,gpu-thermal,66.75
1780554195.0209975,,,soc0-thermal,63.875
1780554195.0209975,,,soc1-thermal,63.093
1780554195.0209975,,,soc2-thermal,64.156
1780554195.0209975,,,tj-thermal,66.75
1780554195.1265244,VDD_IN,9784.704,,
1780554195.1265244,VDD_CPU_GPU_CV,3955.968,,
1780554195.1265244,VDD_SOC,2200.576,,
1780554195.1265244,,,cpu-thermal,65.562
1780554195.1265244,,,gpu-thermal,66.437
1780554195.1265244,,,soc0-thermal,63.875
1780554195.1265244,,,soc1-thermal,63.156
1780554195.1265244,,,soc2-thermal,64.093
1780554195.1265244,,,tj-thermal,66.593
1780554195.2321646,VDD_IN,9706.112,,
1780554195.2321646,VDD_CPU_GPU_CV,3916.8,,
1780554195.2321646,VDD_SOC,2161.28,,
1780554195.2321646,,,cpu-thermal,65.625
1780554195.2321646,,,gpu-thermal,66.406
1780554195.2321646,,,soc0-thermal,64.062
1780554195.2321646,,,soc1-thermal,63.281
1780554195.2321646,,,soc2-thermal,64.25
1780554195.2321646,,,tj-thermal,66.406
1780554195.3376858,VDD_IN,9627.52,,
1780554195.3376858,VDD_CPU_GPU_CV,3883.968,,
1780554195.3376858,VDD_SOC,2161.28,,
1780554195.3376858,,,cpu-thermal,65.625
1780554195.3376858,,,gpu-thermal,66.718
1780554195.3376858,,,soc0-thermal,63.781
1780554195.3376858,,,soc1-thermal,63.218
1780554195.3376858,,,soc2-thermal,64.187
1780554195.3376858,,,tj-thermal,66.718
1780554195.4436855,VDD_IN,9588.224,,
1780554195.4436855,VDD_CPU_GPU_CV,3838.464,,
1780554195.4436855,VDD_SOC,2161.28,,
1780554195.4436855,,,cpu-thermal,65.531
1780554195.4436855,,,gpu-thermal,66.593
1780554195.4436855,,,soc0-thermal,63.875
1780554195.4436855,,,soc1-thermal,63.187
1780554195.4436855,,,soc2-thermal,64.218
1780554195.4436855,,,tj-thermal,66.593
1780554195.5498679,VDD_IN,9548.928,,
1780554195.5498679,VDD_CPU_GPU_CV,3838.464,,
1780554195.5498679,VDD_SOC,2161.28,,
1780554195.5498679,,,cpu-thermal,65.656
1780554195.5498679,,,gpu-thermal,66.531
1780554195.5498679,,,soc0-thermal,63.906
1780554195.5498679,,,soc1-thermal,63.281
1780554195.5498679,,,soc2-thermal,64.25
1780554195.5498679,,,tj-thermal,66.531
1780554195.6554534,VDD_IN,9548.928,,
1780554195.6554534,VDD_CPU_GPU_CV,3799.296,,
1780554195.6554534,VDD_SOC,2121.984,,
1780554195.6554534,,,cpu-thermal,65.593
1780554195.6554534,,,gpu-thermal,66.531
1780554195.6554534,,,soc0-thermal,64.031
1780554195.6554534,,,soc1-thermal,63.156
1780554195.6554534,,,soc2-thermal,64.218
1780554195.6554534,,,tj-thermal,66.531
1780554195.7611887,VDD_IN,9470.336,,
1780554195.7611887,VDD_CPU_GPU_CV,3799.296,,
1780554195.7611887,VDD_SOC,2121.984,,
1780554195.7611887,,,cpu-thermal,65.531
1780554195.7611887,,,gpu-thermal,66.625
1780554195.7611887,,,soc0-thermal,63.937
1780554195.7611887,,,soc1-thermal,63.156
1780554195.7611887,,,soc2-thermal,64.125
1780554195.7611887,,,tj-thermal,66.437
1780554195.8669534,VDD_IN,9666.816,,
1780554195.8669534,VDD_CPU_GPU_CV,3877.632,,
1780554195.8669534,VDD_SOC,2161.28,,
1780554195.8669534,,,cpu-thermal,65.531
1780554195.8669534,,,gpu-thermal,66.656
1780554195.8669534,,,soc0-thermal,63.906
1780554195.8669534,,,soc1-thermal,63.25
1780554195.8669534,,,soc2-thermal,64.218
1780554195.8669534,,,tj-thermal,66.843
1780554195.9726024,VDD_IN,9824.0,,
1780554195.9726024,VDD_CPU_GPU_CV,4001.664,,
1780554195.9726024,VDD_SOC,2200.576,,
1780554195.9726024,,,cpu-thermal,65.625
1780554195.9726024,,,gpu-thermal,66.625
1780554195.9726024,,,soc0-thermal,64.062
1780554195.9726024,,,soc1-thermal,63.343
1780554195.9726024,,,soc2-thermal,64.281
1780554195.9726024,,,tj-thermal,66.625
1780554196.0780964,VDD_IN,9863.296,,
1780554196.0780964,VDD_CPU_GPU_CV,3995.136,,
1780554196.0780964,VDD_SOC,2200.576,,
1780554196.0780964,,,cpu-thermal,65.5
1780554196.0780964,,,gpu-thermal,66.593
1780554196.0780964,,,soc0-thermal,63.906
1780554196.0780964,,,soc1-thermal,63.218
1780554196.0780964,,,soc2-thermal,64.343
1780554196.0780964,,,tj-thermal,66.593
1780554196.1839032,VDD_IN,9745.408,,
1780554196.1839032,VDD_CPU_GPU_CV,3962.432,,
1780554196.1839032,VDD_SOC,2200.576,,
1780554196.1839032,,,cpu-thermal,65.625
1780554196.1839032,,,gpu-thermal,66.843
1780554196.1839032,,,soc0-thermal,64.0
1780554196.1839032,,,soc1-thermal,63.25
1780554196.1839032,,,soc2-thermal,64.25
1780554196.1839032,,,tj-thermal,66.843
1780554196.2907586,VDD_IN,9666.816,,
1780554196.2907586,VDD_CPU_GPU_CV,3923.2,,
1780554196.2907586,VDD_SOC,2161.28,,
1780554196.2907586,,,cpu-thermal,65.625
1780554196.2907586,,,gpu-thermal,66.718
1780554196.2907586,,,soc0-thermal,63.906
1780554196.2907586,,,soc1-thermal,63.343
1780554196.2907586,,,soc2-thermal,64.281
1780554196.2907586,,,tj-thermal,66.718
1780554196.3963394,VDD_IN,9627.52,,
1780554196.3963394,VDD_CPU_GPU_CV,3877.632,,
1780554196.3963394,VDD_SOC,2161.28,,
1780554196.3963394,,,cpu-thermal,65.906
1780554196.3963394,,,gpu-thermal,66.656
1780554196.3963394,,,soc0-thermal,64.093
1780554196.3963394,,,soc1-thermal,63.187
1780554196.3963394,,,soc2-thermal,64.312
1780554196.3963394,,,tj-thermal,66.656
1780554196.5019171,VDD_IN,9588.224,,
1780554196.5019171,VDD_CPU_GPU_CV,3838.464,,
1780554196.5019171,VDD_SOC,2161.28,,
1780554196.5019171,,,cpu-thermal,65.937
1780554196.5019171,,,gpu-thermal,66.781
1780554196.5019171,,,soc0-thermal,63.968
1780554196.5019171,,,soc1-thermal,63.218
1780554196.5019171,,,soc2-thermal,64.343
1780554196.5019171,,,tj-thermal,66.562
1780554196.6077476,VDD_IN,9548.928,,
1780554196.6077476,VDD_CPU_GPU_CV,3838.464,,
1780554196.6077476,VDD_SOC,2161.28,,
1780554196.6077476,,,cpu-thermal,65.562
1780554196.6077476,,,gpu-thermal,66.625
1780554196.6077476,,,soc0-thermal,63.875
1780554196.6077476,,,soc1-thermal,63.343
1780554196.6077476,,,soc2-thermal,64.312
1780554196.6077476,,,tj-thermal,66.531
1780554196.7136586,VDD_IN,9470.336,,
1780554196.7136586,VDD_CPU_GPU_CV,3805.504,,
1780554196.7136586,VDD_SOC,2121.984,,
1780554196.7136586,,,cpu-thermal,65.718
1780554196.7136586,,,gpu-thermal,66.562
1780554196.7136586,,,soc0-thermal,64.125
1780554196.7136586,,,soc1-thermal,63.312
1780554196.7136586,,,soc2-thermal,64.375
1780554196.7136586,,,tj-thermal,66.562
1780554196.8192112,VDD_IN,9548.928,,
1780554196.8192112,VDD_CPU_GPU_CV,3844.736,,
1780554196.8192112,VDD_SOC,2161.28,,
1780554196.8192112,,,cpu-thermal,65.812
1780554196.8192112,,,gpu-thermal,66.625
1780554196.8192112,,,soc0-thermal,64.125
1780554196.8192112,,,soc1-thermal,63.218
1780554196.8192112,,,soc2-thermal,64.218
1780554196.8192112,,,tj-thermal,66.625
1780554196.9249663,VDD_IN,9745.408,,
1780554196.9249663,VDD_CPU_GPU_CV,3962.432,,
1780554196.9249663,VDD_SOC,2200.576,,
1780554196.9249663,,,cpu-thermal,65.937
1780554196.9249663,,,gpu-thermal,66.687
1780554196.9249663,,,soc0-thermal,63.937
1780554196.9249663,,,soc1-thermal,63.281
1780554196.9249663,,,soc2-thermal,64.312
1780554196.9249663,,,tj-thermal,66.687
1780554197.0303056,VDD_IN,9879.36,,
1780554197.0303056,VDD_CPU_GPU_CV,4001.664,,
1780554197.0303056,VDD_SOC,2200.576,,
1780554197.0303056,,,cpu-thermal,65.718
1780554197.0303056,,,gpu-thermal,66.718
1780554197.0303056,,,soc0-thermal,64.0
1780554197.0303056,,,soc1-thermal,63.343
1780554197.0303056,,,soc2-thermal,64.312
1780554197.0303056,,,tj-thermal,67.031
1780554197.1359699,VDD_IN,9784.704,,
1780554197.1359699,VDD_CPU_GPU_CV,3962.432,,
1780554197.1359699,VDD_SOC,2200.576,,
1780554197.1359699,,,cpu-thermal,65.75
1780554197.1359699,,,gpu-thermal,66.656
1780554197.1359699,,,soc0-thermal,64.218
1780554197.1359699,,,soc1-thermal,63.375
1780554197.1359699,,,soc2-thermal,64.343
1780554197.1359699,,,tj-thermal,66.812
1780554197.241669,VDD_IN,9666.816,,
1780554197.241669,VDD_CPU_GPU_CV,3923.2,,
1780554197.241669,VDD_SOC,2161.28,,
1780554197.241669,,,cpu-thermal,65.781
1780554197.241669,,,gpu-thermal,66.562
1780554197.241669,,,soc0-thermal,64.031
1780554197.241669,,,soc1-thermal,63.281
1780554197.241669,,,soc2-thermal,64.343
1780554197.241669,,,tj-thermal,66.562
1780554197.3471768,VDD_IN,9588.224,,
1780554197.3471768,VDD_CPU_GPU_CV,3883.968,,
1780554197.3471768,VDD_SOC,2161.28,,
1780554197.3471768,,,cpu-thermal,65.75
1780554197.3471768,,,gpu-thermal,66.812
1780554197.3471768,,,soc0-thermal,64.093
1780554197.3471768,,,soc1-thermal,63.312
1780554197.3471768,,,soc2-thermal,64.375
1780554197.3471768,,,tj-thermal,66.812
1780554197.4527788,VDD_IN,9548.928,,
1780554197.4527788,VDD_CPU_GPU_CV,3883.968,,
1780554197.4527788,VDD_SOC,2161.28,,
1780554197.4527788,,,cpu-thermal,65.687
1780554197.4527788,,,gpu-thermal,66.75
1780554197.4527788,,,soc0-thermal,64.062
1780554197.4527788,,,soc1-thermal,63.312
1780554197.4527788,,,soc2-thermal,64.375
1780554197.4527788,,,tj-thermal,66.75
1780554197.5587845,VDD_IN,9509.632,,
1780554197.5587845,VDD_CPU_GPU_CV,3805.504,,
1780554197.5587845,VDD_SOC,2161.28,,
1780554197.5587845,,,cpu-thermal,65.781
1780554197.5587845,,,gpu-thermal,66.718
1780554197.5587845,,,soc0-thermal,64.218
1780554197.5587845,,,soc1-thermal,63.281
1780554197.5587845,,,soc2-thermal,64.343
1780554197.5587845,,,tj-thermal,66.718
1780554197.6642966,VDD_IN,9470.336,,
1780554197.6642966,VDD_CPU_GPU_CV,3805.504,,
1780554197.6642966,VDD_SOC,2121.984,,
1780554197.6642966,,,cpu-thermal,65.718
1780554197.6642966,,,gpu-thermal,66.875
1780554197.6642966,,,soc0-thermal,64.156
1780554197.6642966,,,soc1-thermal,63.25
1780554197.6642966,,,soc2-thermal,64.312
1780554197.6642966,,,tj-thermal,66.687
1780554197.7698598,VDD_IN,9431.04,,
1780554197.7698598,VDD_CPU_GPU_CV,3805.504,,
1780554197.7698598,VDD_SOC,2121.984,,
1780554197.7698598,,,cpu-thermal,65.718
1780554197.7698598,,,gpu-thermal,66.781
1780554197.7698598,,,soc0-thermal,64.156
1780554197.7698598,,,soc1-thermal,63.312
1780554197.7698598,,,soc2-thermal,64.375
1780554197.7698598,,,tj-thermal,66.781
1780554197.876083,VDD_IN,9666.816,,
1780554197.876083,VDD_CPU_GPU_CV,3923.2,,
1780554197.876083,VDD_SOC,2161.28,,
1780554197.876083,,,cpu-thermal,65.718
1780554197.876083,,,gpu-thermal,66.781
1780554197.876083,,,soc0-thermal,64.25
1780554197.876083,,,soc1-thermal,63.437
1780554197.876083,,,soc2-thermal,64.437
1780554197.876083,,,tj-thermal,66.781
1780554197.981663,VDD_IN,9824.0,,
1780554197.981663,VDD_CPU_GPU_CV,4001.664,,
1780554197.981663,VDD_SOC,2200.576,,
1780554197.981663,,,cpu-thermal,65.687
1780554197.981663,,,gpu-thermal,66.75
1780554197.981663,,,soc0-thermal,64.062
1780554197.981663,,,soc1-thermal,63.281
1780554197.981663,,,soc2-thermal,64.468
1780554197.981663,,,tj-thermal,66.75
1780554198.0873094,VDD_IN,9784.704,,
1780554198.0873094,VDD_CPU_GPU_CV,3962.432,,
1780554198.0873094,VDD_SOC,2200.576,,
1780554198.0873094,,,cpu-thermal,65.781
1780554198.0873094,,,gpu-thermal,66.718
1780554198.0873094,,,soc0-thermal,64.125
1780554198.0873094,,,soc1-thermal,63.406
1780554198.0873094,,,soc2-thermal,64.406
1780554198.0873094,,,tj-thermal,66.718
1780554198.19297,VDD_IN,9666.816,,
1780554198.19297,VDD_CPU_GPU_CV,3923.2,,
1780554198.19297,VDD_SOC,2161.28,,
1780554198.19297,,,cpu-thermal,65.687
1780554198.19297,,,gpu-thermal,66.718
1780554198.19297,,,soc0-thermal,64.031
1780554198.19297,,,soc1-thermal,63.406
1780554198.19297,,,soc2-thermal,64.468
1780554198.19297,,,tj-thermal,67.062
1780554198.299175,VDD_IN,9588.224,,
1780554198.299175,VDD_CPU_GPU_CV,3883.968,,
1780554198.299175,VDD_SOC,2161.28,,
1780554198.299175,,,cpu-thermal,65.875
1780554198.299175,,,gpu-thermal,66.687
1780554198.299175,,,soc0-thermal,64.218
1780554198.299175,,,soc1-thermal,63.281
1780554198.299175,,,soc2-thermal,64.468
1780554198.299175,,,tj-thermal,66.843
1780554198.404883,VDD_IN,9548.928,,
1780554198.404883,VDD_CPU_GPU_CV,3844.736,,
1780554198.404883,VDD_SOC,2161.28,,
1780554198.404883,,,cpu-thermal,66.062
1780554198.404883,,,gpu-thermal,66.687
1780554198.404883,,,soc0-thermal,64.156
1780554198.404883,,,soc1-thermal,63.375
1780554198.404883,,,soc2-thermal,64.437
1780554198.404883,,,tj-thermal,66.812
1780554198.510685,VDD_IN,9509.632,,
1780554198.510685,VDD_CPU_GPU_CV,3805.504,,
1780554198.510685,VDD_SOC,2121.984,,
1780554198.510685,,,cpu-thermal,65.687
1780554198.510685,,,gpu-thermal,66.968
1780554198.510685,,,soc0-thermal,64.218
1780554198.510685,,,soc1-thermal,63.406
1780554198.510685,,,soc2-thermal,64.437
1780554198.510685,,,tj-thermal,66.968
1780554198.6165063,VDD_IN,9470.336,,
1780554198.6165063,VDD_CPU_GPU_CV,3805.504,,
1780554198.6165063,VDD_SOC,2121.984,,
1780554198.6165063,,,cpu-thermal,65.875
1780554198.6165063,,,gpu-thermal,66.781
1780554198.6165063,,,soc0-thermal,64.125
1780554198.6165063,,,soc1-thermal,63.468
1780554198.6165063,,,soc2-thermal,64.406
1780554198.6165063,,,tj-thermal,66.781
1780554198.7223346,VDD_IN,9470.336,,
1780554198.7223346,VDD_CPU_GPU_CV,3766.272,,
1780554198.7223346,VDD_SOC,2121.984,,
1780554198.7223346,,,cpu-thermal,65.937
1780554198.7223346,,,gpu-thermal,66.781
1780554198.7223346,,,soc0-thermal,64.343
1780554198.7223346,,,soc1-thermal,63.375
1780554198.7223346,,,soc2-thermal,64.468
1780554198.7223346,,,tj-thermal,66.781
1780554198.8283124,VDD_IN,9588.224,,
1780554198.8283124,VDD_CPU_GPU_CV,3844.736,,
1780554198.8283124,VDD_SOC,2161.28,,
1780554198.8283124,,,cpu-thermal,66.0
1780554198.8283124,,,gpu-thermal,66.875
1780554198.8283124,,,soc0-thermal,64.125
1780554198.8283124,,,soc1-thermal,63.312
1780554198.8283124,,,soc2-thermal,64.375
1780554198.8283124,,,tj-thermal,66.875
1780554198.9341416,VDD_IN,9784.704,,
1780554198.9341416,VDD_CPU_GPU_CV,3962.432,,
1780554198.9341416,VDD_SOC,2200.576,,
1780554198.9341416,,,cpu-thermal,65.843
1780554198.9341416,,,gpu-thermal,66.968
1780554198.9341416,,,soc0-thermal,64.187
1780554198.9341416,,,soc1-thermal,63.437
1780554198.9341416,,,soc2-thermal,64.437
1780554198.9341416,,,tj-thermal,66.843
1780554199.0394611,VDD_IN,9902.592,,
1780554199.0394611,VDD_CPU_GPU_CV,4001.664,,
1780554199.0394611,VDD_SOC,2200.576,,
1780554199.0394611,,,cpu-thermal,65.875
1780554199.0394611,,,gpu-thermal,66.875
1780554199.0394611,,,soc0-thermal,64.375
1780554199.0394611,,,soc1-thermal,63.531
1780554199.0394611,,,soc2-thermal,64.468
1780554199.0394611,,,tj-thermal,67.187
1780554199.14519,VDD_IN,9745.408,,
1780554199.14519,VDD_CPU_GPU_CV,3962.432,,
1780554199.14519,VDD_SOC,2200.576,,
1780554199.14519,,,cpu-thermal,65.906
1780554199.14519,,,gpu-thermal,66.75
1780554199.14519,,,soc0-thermal,64.156
1780554199.14519,,,soc1-thermal,63.343
1780554199.14519,,,soc2-thermal,64.531
1780554199.14519,,,tj-thermal,66.75
1780554199.2513871,VDD_IN,9666.816,,
1780554199.2513871,VDD_CPU_GPU_CV,3916.8,,
1780554199.2513871,VDD_SOC,2161.28,,
1780554199.2513871,,,cpu-thermal,65.812
1780554199.2513871,,,gpu-thermal,66.718
1780554199.2513871,,,soc0-thermal,64.218
1780554199.2513871,,,soc1-thermal,63.437
1780554199.2513871,,,soc2-thermal,64.531
1780554199.2513871,,,tj-thermal,66.718
1780554199.357599,VDD_IN,9627.52,,
1780554199.357599,VDD_CPU_GPU_CV,3877.632,,
1780554199.357599,VDD_SOC,2161.28,,
1780554199.357599,,,cpu-thermal,65.906
1780554199.357599,,,gpu-thermal,67.156
1780554199.357599,,,soc0-thermal,64.25
1780554199.357599,,,soc1-thermal,63.468
1780554199.357599,,,soc2-thermal,64.531
1780554199.357599,,,tj-thermal,67.156
1780554199.4633083,VDD_IN,9548.928,,
1780554199.4633083,VDD_CPU_GPU_CV,3844.736,,
1780554199.4633083,VDD_SOC,2161.28,,
1780554199.4633083,,,cpu-thermal,65.906
1780554199.4633083,,,gpu-thermal,66.812
1780554199.4633083,,,soc0-thermal,64.312
1780554199.4633083,,,soc1-thermal,63.375
1780554199.4633083,,,soc2-thermal,64.531
1780554199.4633083,,,tj-thermal,66.812
1780554199.569383,VDD_IN,9509.632,,
1780554199.569383,VDD_CPU_GPU_CV,3844.736,,
1780554199.569383,VDD_SOC,2161.28,,
1780554199.569383,,,cpu-thermal,65.75
1780554199.569383,,,gpu-thermal,66.812
1780554199.569383,,,soc0-thermal,64.187
1780554199.569383,,,soc1-thermal,63.531
1780554199.569383,,,soc2-thermal,64.437
1780554199.569383,,,tj-thermal,66.812
1780554199.6751902,VDD_IN,9509.632,,
1780554199.6751902,VDD_CPU_GPU_CV,3805.504,,
1780554199.6751902,VDD_SOC,2121.984,,
1780554199.6751902,,,cpu-thermal,65.843
1780554199.6751902,,,gpu-thermal,66.781
1780554199.6751902,,,soc0-thermal,64.218
1780554199.6751902,,,soc1-thermal,63.5
1780554199.6751902,,,soc2-thermal,64.5
1780554199.6751902,,,tj-thermal,66.781
1780554199.7807589,VDD_IN,9509.632,,
1780554199.7807589,VDD_CPU_GPU_CV,3805.504,,
1780554199.7807589,VDD_SOC,2121.984,,
1780554199.7807589,,,cpu-thermal,65.843
1780554199.7807589,,,gpu-thermal,67.0
1780554199.7807589,,,soc0-thermal,64.312
1780554199.7807589,,,soc1-thermal,63.593
1780554199.7807589,,,soc2-thermal,64.468
1780554199.7807589,,,tj-thermal,66.781
1780554199.8862143,VDD_IN,9745.408,,
1780554199.8862143,VDD_CPU_GPU_CV,3923.2,,
1780554199.8862143,VDD_SOC,2161.28,,
1780554199.8862143,,,cpu-thermal,65.812
1780554199.8862143,,,gpu-thermal,67.0
1780554199.8862143,,,soc0-thermal,64.187
1780554199.8862143,,,soc1-thermal,63.437
1780554199.8862143,,,soc2-thermal,64.593
1780554199.8862143,,,tj-thermal,67.0
1780554199.9916582,VDD_IN,9902.592,,
1780554199.9916582,VDD_CPU_GPU_CV,4040.896,,
1780554199.9916582,VDD_SOC,2200.576,,
1780554199.9916582,,,cpu-thermal,65.875
1780554199.9916582,,,gpu-thermal,66.968
1780554199.9916582,,,soc0-thermal,64.218
1780554199.9916582,,,soc1-thermal,63.5
1780554199.9916582,,,soc2-thermal,64.5
1780554199.9916582,,,tj-thermal,66.968
1780554200.0971508,VDD_IN,9824.0,,
1780554200.0971508,VDD_CPU_GPU_CV,4001.664,,
1780554200.0971508,VDD_SOC,2200.576,,
1780554200.0971508,,,cpu-thermal,65.968
1780554200.0971508,,,gpu-thermal,66.75
1780554200.0971508,,,soc0-thermal,64.343
1780554200.0971508,,,soc1-thermal,63.562
1780554200.0971508,,,soc2-thermal,64.593
1780554200.0971508,,,tj-thermal,66.75
1780554200.2026696,VDD_IN,9745.408,,
1780554200.2026696,VDD_CPU_GPU_CV,3962.432,,
1780554200.2026696,VDD_SOC,2161.28,,
1780554200.2026696,,,cpu-thermal,66.125
1780554200.2026696,,,gpu-thermal,67.0
1780554200.2026696,,,soc0-thermal,64.406
1780554200.2026696,,,soc1-thermal,63.406
1780554200.2026696,,,soc2-thermal,64.5
1780554200.2026696,,,tj-thermal,67.156
1780554200.3084803,VDD_IN,9666.816,,
1780554200.3084803,VDD_CPU_GPU_CV,3923.2,,
1780554200.3084803,VDD_SOC,2161.28,,
1780554200.3084803,,,cpu-thermal,66.218
1780554200.3084803,,,gpu-thermal,66.906
1780554200.3084803,,,soc0-thermal,64.218
1780554200.3084803,,,soc1-thermal,63.406
1780554200.3084803,,,soc2-thermal,64.5
1780554200.3084803,,,tj-thermal,66.906
1780554200.4139714,VDD_IN,9627.52,,
1780554200.4139714,VDD_CPU_GPU_CV,3877.632,,
1780554200.4139714,VDD_SOC,2161.28,,
1780554200.4139714,,,cpu-thermal,65.906
1780554200.4139714,,,gpu-thermal,66.781
1780554200.4139714,,,soc0-thermal,64.25
1780554200.4139714,,,soc1-thermal,63.531
1780554200.4139714,,,soc2-thermal,64.531
1780554200.4139714,,,tj-thermal,66.781
1780554200.5194366,VDD_IN,9588.224,,
1780554200.5194366,VDD_CPU_GPU_CV,3838.464,,
1780554200.5194366,VDD_SOC,2161.28,,
1780554200.5194366,,,cpu-thermal,65.843
1780554200.5194366,,,gpu-thermal,67.187
1780554200.5194366,,,soc0-thermal,64.312
1780554200.5194366,,,soc1-thermal,63.593
1780554200.5194366,,,soc2-thermal,64.593
1780554200.5194366,,,tj-thermal,67.187
1780554200.6250622,VDD_IN,9548.928,,
1780554200.6250622,VDD_CPU_GPU_CV,3838.464,,
1780554200.6250622,VDD_SOC,2161.28,,
1780554200.6250622,,,cpu-thermal,66.093
1780554200.6250622,,,gpu-thermal,67.031
1780554200.6250622,,,soc0-thermal,64.468
1780554200.6250622,,,soc1-thermal,63.406
1780554200.6250622,,,soc2-thermal,64.687
1780554200.6250622,,,tj-thermal,67.031
1780554200.7308166,VDD_IN,9509.632,,
1780554200.7308166,VDD_CPU_GPU_CV,3799.296,,
1780554200.7308166,VDD_SOC,2161.28,,
1780554200.7308166,,,cpu-thermal,66.187
1780554200.7308166,,,gpu-thermal,66.812
1780554200.7308166,,,soc0-thermal,64.281
1780554200.7308166,,,soc1-thermal,63.5
1780554200.7308166,,,soc2-thermal,64.593
1780554200.7308166,,,tj-thermal,66.937
1780554200.8364198,VDD_IN,9627.52,,
1780554200.8364198,VDD_CPU_GPU_CV,3883.968,,
1780554200.8364198,VDD_SOC,2161.28,,
1780554200.8364198,,,cpu-thermal,65.812
1780554200.8364198,,,gpu-thermal,67.218
1780554200.8364198,,,soc0-thermal,64.312
1780554200.8364198,,,soc1-thermal,63.562
1780554200.8364198,,,soc2-thermal,64.625
1780554200.8364198,,,tj-thermal,67.218
1780554200.9419553,VDD_IN,9824.0,,
1780554200.9419553,VDD_CPU_GPU_CV,4001.664,,
1780554200.9419553,VDD_SOC,2200.576,,
1780554200.9419553,,,cpu-thermal,65.906
1780554200.9419553,,,gpu-thermal,67.187
1780554200.9419553,,,soc0-thermal,64.312
1780554200.9419553,,,soc1-thermal,63.593
1780554200.9419553,,,soc2-thermal,64.656
1780554200.9419553,,,tj-thermal,67.187
1780554201.0473337,VDD_IN,9863.296,,
1780554201.0473337,VDD_CPU_GPU_CV,4001.664,,
1780554201.0473337,VDD_SOC,2200.576,,
1780554201.0473337,,,cpu-thermal,66.093
1780554201.0473337,,,gpu-thermal,67.062
1780554201.0473337,,,soc0-thermal,64.406
1780554201.0473337,,,soc1-thermal,63.5
1780554201.0473337,,,soc2-thermal,64.656
1780554201.0473337,,,tj-thermal,67.062
1780554201.1536448,VDD_IN,9784.704,,
1780554201.1536448,VDD_CPU_GPU_CV,3962.432,,
1780554201.1536448,VDD_SOC,2200.576,,
1780554201.1536448,,,cpu-thermal,66.093
1780554201.1536448,,,gpu-thermal,66.937
1780554201.1536448,,,soc0-thermal,64.343
1780554201.1536448,,,soc1-thermal,63.531
1780554201.1536448,,,soc2-thermal,64.531
1780554201.1536448,,,tj-thermal,66.937
1780554201.259448,VDD_IN,9706.112,,
1780554201.259448,VDD_CPU_GPU_CV,3883.968,,
1780554201.259448,VDD_SOC,2161.28,,
1780554201.259448,,,cpu-thermal,65.968
1780554201.259448,,,gpu-thermal,66.843
1780554201.259448,,,soc0-thermal,64.375
1780554201.259448,,,soc1-thermal,63.625
1780554201.259448,,,soc2-thermal,64.593
1780554201.259448,,,tj-thermal,66.843
1780554201.365196,VDD_IN,9588.224,,
1780554201.365196,VDD_CPU_GPU_CV,3883.968,,
1780554201.365196,VDD_SOC,2161.28,,
1780554201.365196,,,cpu-thermal,66.0
1780554201.365196,,,gpu-thermal,66.968
1780554201.365196,,,soc0-thermal,64.406
1780554201.365196,,,soc1-thermal,63.5
1780554201.365196,,,soc2-thermal,64.656
1780554201.365196,,,tj-thermal,66.75
1780554201.470991,VDD_IN,9548.928,,
1780554201.470991,VDD_CPU_GPU_CV,3844.736,,
1780554201.470991,VDD_SOC,2161.28,,
1780554201.470991,,,cpu-thermal,66.062
1780554201.470991,,,gpu-thermal,66.937
1780554201.470991,,,soc0-thermal,64.375
1780554201.470991,,,soc1-thermal,63.625
1780554201.470991,,,soc2-thermal,64.593
1780554201.470991,,,tj-thermal,67.062
1780554201.5769477,VDD_IN,9509.632,,
1780554201.5769477,VDD_CPU_GPU_CV,3805.504,,
1780554201.5769477,VDD_SOC,2161.28,,
1780554201.5769477,,,cpu-thermal,66.0
1780554201.5769477,,,gpu-thermal,66.875
1780554201.5769477,,,soc0-thermal,64.343
1780554201.5769477,,,soc1-thermal,63.5
1780554201.5769477,,,soc2-thermal,64.656
1780554201.5769477,,,tj-thermal,66.875
1780554201.682534,VDD_IN,9470.336,,
1780554201.682534,VDD_CPU_GPU_CV,3805.504,,
1780554201.682534,VDD_SOC,2121.984,,
1780554201.682534,,,cpu-thermal,65.968
1780554201.682534,,,gpu-thermal,67.25
1780554201.682534,,,soc0-thermal,64.343
1780554201.682534,,,soc1-thermal,63.75
1780554201.682534,,,soc2-thermal,64.687
1780554201.682534,,,tj-thermal,67.25
1780554201.7880306,VDD_IN,9470.336,,
1780554201.7880306,VDD_CPU_GPU_CV,3805.504,,
1780554201.7880306,VDD_SOC,2161.28,,
1780554201.7880306,,,cpu-thermal,65.906
1780554201.7880306,,,gpu-thermal,67.093
1780554201.7880306,,,soc0-thermal,64.5
1780554201.7880306,,,soc1-thermal,63.562
1780554201.7880306,,,soc2-thermal,64.656
1780554201.7880306,,,tj-thermal,67.093
1780554201.8935223,VDD_IN,9721.92,,
1780554201.8935223,VDD_CPU_GPU_CV,3923.2,,
1780554201.8935223,VDD_SOC,2161.28,,
1780554201.8935223,,,cpu-thermal,66.0
1780554201.8935223,,,gpu-thermal,67.0
1780554201.8935223,,,soc0-thermal,64.406
1780554201.8935223,,,soc1-thermal,63.625
1780554201.8935223,,,soc2-thermal,64.593
1780554201.8935223,,,tj-thermal,67.093
1780554201.9988482,VDD_IN,9902.592,,
1780554201.9988482,VDD_CPU_GPU_CV,4040.896,,
1780554201.9988482,VDD_SOC,2200.576,,
1780554201.9988482,,,cpu-thermal,65.937
1780554201.9988482,,,gpu-thermal,67.437
1780554201.9988482,,,soc0-thermal,64.437
1780554201.9988482,,,soc1-thermal,63.656
1780554201.9988482,,,soc2-thermal,64.656
1780554201.9988482,,,tj-thermal,67.437
1780554202.1043618,VDD_IN,9824.0,,
1780554202.1043618,VDD_CPU_GPU_CV,4001.664,,
1780554202.1043618,VDD_SOC,2200.576,,
1780554202.1043618,,,cpu-thermal,66.0
1780554202.1043618,,,gpu-thermal,67.156
1780554202.1043618,,,soc0-thermal,64.5
1780554202.1043618,,,soc1-thermal,63.718
1780554202.1043618,,,soc2-thermal,64.75
1780554202.1043618,,,tj-thermal,67.156
1780554202.2101476,VDD_IN,9706.112,,
1780554202.2101476,VDD_CPU_GPU_CV,3923.2,,
1780554202.2101476,VDD_SOC,2161.28,,
1780554202.2101476,,,cpu-thermal,66.25
1780554202.2101476,,,gpu-thermal,67.0
1780554202.2101476,,,soc0-thermal,64.625
1780554202.2101476,,,soc1-thermal,63.656
1780554202.2101476,,,soc2-thermal,64.75
1780554202.2101476,,,tj-thermal,67.0
1780554202.316611,VDD_IN,9666.816,,
1780554202.316611,VDD_CPU_GPU_CV,3923.2,,
1780554202.316611,VDD_SOC,2161.28,,
1780554202.316611,,,cpu-thermal,66.0
1780554202.316611,,,gpu-thermal,67.031
1780554202.316611,,,soc0-thermal,64.437
1780554202.316611,,,soc1-thermal,63.718
1780554202.316611,,,soc2-thermal,64.656
1780554202.316611,,,tj-thermal,67.031
1780554202.4226186,VDD_IN,9588.224,,
1780554202.4226186,VDD_CPU_GPU_CV,3883.968,,
1780554202.4226186,VDD_SOC,2161.28,,
1780554202.4226186,,,cpu-thermal,66.0
1780554202.4226186,,,gpu-thermal,66.937
1780554202.4226186,,,soc0-thermal,64.468
1780554202.4226186,,,soc1-thermal,63.75
1780554202.4226186,,,soc2-thermal,64.687
1780554202.4226186,,,tj-thermal,66.937
1780554202.52831,VDD_IN,9548.928,,
1780554202.52831,VDD_CPU_GPU_CV,3838.464,,
1780554202.52831,VDD_SOC,2161.28,,
1780554202.52831,,,cpu-thermal,66.281
1780554202.52831,,,gpu-thermal,66.968
1780554202.52831,,,soc0-thermal,64.531
1780554202.52831,,,soc1-thermal,63.593
1780554202.52831,,,soc2-thermal,64.75
1780554202.52831,,,tj-thermal,66.906
1780554202.6338992,VDD_IN,9509.632,,
1780554202.6338992,VDD_CPU_GPU_CV,3799.296,,
1780554202.6338992,VDD_SOC,2121.984,,
1780554202.6338992,,,cpu-thermal,66.343
1780554202.6338992,,,gpu-thermal,66.937
1780554202.6338992,,,soc0-thermal,64.406
1780554202.6338992,,,soc1-thermal,63.593
1780554202.6338992,,,soc2-thermal,64.687
1780554202.6338992,,,tj-thermal,66.937
1780554202.7396011,VDD_IN,9509.632,,
1780554202.7396011,VDD_CPU_GPU_CV,3799.296,,
1780554202.7396011,VDD_SOC,2121.984,,
1780554202.7396011,,,cpu-thermal,66.0
1780554202.7396011,,,gpu-thermal,66.937
1780554202.7396011,,,soc0-thermal,64.531
1780554202.7396011,,,soc1-thermal,63.687
1780554202.7396011,,,soc2-thermal,64.687
1780554202.7396011,,,tj-thermal,66.937
1780554202.8453636,VDD_IN,9627.52,,
1780554202.8453636,VDD_CPU_GPU_CV,3883.968,,
1780554202.8453636,VDD_SOC,2161.28,,
1780554202.8453636,,,cpu-thermal,66.093
1780554202.8453636,,,gpu-thermal,67.437
1780554202.8453636,,,soc0-thermal,64.5
1780554202.8453636,,,soc1-thermal,63.75
1780554202.8453636,,,soc2-thermal,64.781
1780554202.8453636,,,tj-thermal,67.437
1780554202.9509437,VDD_IN,9824.0,,
1780554202.9509437,VDD_CPU_GPU_CV,4001.664,,
1780554202.9509437,VDD_SOC,2200.576,,
1780554202.9509437,,,cpu-thermal,66.187
1780554202.9509437,,,gpu-thermal,67.343
1780554202.9509437,,,soc0-thermal,64.562
1780554202.9509437,,,soc1-thermal,63.562
1780554202.9509437,,,soc2-thermal,64.75
1780554202.9509437,,,tj-thermal,67.343
1780554203.056843,VDD_IN,9863.296,,
1780554203.056843,VDD_CPU_GPU_CV,4040.896,,
1780554203.056843,VDD_SOC,2200.576,,
1780554203.056843,,,cpu-thermal,66.312
1780554203.056843,,,gpu-thermal,67.218
1780554203.056843,,,soc0-thermal,64.468
1780554203.056843,,,soc1-thermal,63.656
1780554203.056843,,,soc2-thermal,64.718
1780554203.056843,,,tj-thermal,67.218
1780554203.162518,VDD_IN,9784.704,,
1780554203.162518,VDD_CPU_GPU_CV,3955.968,,
1780554203.162518,VDD_SOC,2200.576,,
1780554203.162518,,,cpu-thermal,66.125
1780554203.162518,,,gpu-thermal,67.25
1780554203.162518,,,soc0-thermal,64.468
1780554203.162518,,,soc1-thermal,63.687
1780554203.162518,,,soc2-thermal,64.812
1780554203.162518,,,tj-thermal,67.0
1780554203.2683346,VDD_IN,9706.112,,
1780554203.2683346,VDD_CPU_GPU_CV,3916.8,,
1780554203.2683346,VDD_SOC,2161.28,,
1780554203.2683346,,,cpu-thermal,66.187
1780554203.2683346,,,gpu-thermal,67.218
1780554203.2683346,,,soc0-thermal,64.593
1780554203.2683346,,,soc1-thermal,63.75
1780554203.2683346,,,soc2-thermal,64.75
1780554203.2683346,,,tj-thermal,67.0
1780554203.3744848,VDD_IN,9627.52,,
1780554203.3744848,VDD_CPU_GPU_CV,3883.968,,
1780554203.3744848,VDD_SOC,2161.28,,
1780554203.3744848,,,cpu-thermal,66.25
1780554203.3744848,,,gpu-thermal,67.031
1780554203.3744848,,,soc0-thermal,64.437
1780554203.3744848,,,soc1-thermal,63.718
1780554203.3744848,,,soc2-thermal,64.812
1780554203.3744848,,,tj-thermal,67.031
1780554203.4800222,VDD_IN,9548.928,,
1780554203.4800222,VDD_CPU_GPU_CV,3844.736,,
1780554203.4800222,VDD_SOC,2161.28,,
1780554203.4800222,,,cpu-thermal,66.125
1780554203.4800222,,,gpu-thermal,67.062
1780554203.4800222,,,soc0-thermal,64.468
1780554203.4800222,,,soc1-thermal,63.781
1780554203.4800222,,,soc2-thermal,64.75
1780554203.4800222,,,tj-thermal,67.062
1780554203.5864031,VDD_IN,9509.632,,
1780554203.5864031,VDD_CPU_GPU_CV,3799.296,,
1780554203.5864031,VDD_SOC,2161.28,,
1780554203.5864031,,,cpu-thermal,66.093
1780554203.5864031,,,gpu-thermal,67.031
1780554203.5864031,,,soc0-thermal,64.5
1780554203.5864031,,,soc1-thermal,63.843
1780554203.5864031,,,soc2-thermal,64.687
1780554203.5864031,,,tj-thermal,67.031
1780554203.6921813,VDD_IN,9509.632,,
1780554203.6921813,VDD_CPU_GPU_CV,3799.296,,
1780554203.6921813,VDD_SOC,2121.984,,
1780554203.6921813,,,cpu-thermal,66.218
1780554203.6921813,,,gpu-thermal,66.968
1780554203.6921813,,,soc0-thermal,64.593
1780554203.6921813,,,soc1-thermal,63.781
1780554203.6921813,,,soc2-thermal,64.781
1780554203.6921813,,,tj-thermal,66.968
1780554203.7978373,VDD_IN,9509.632,,
1780554203.7978373,VDD_CPU_GPU_CV,3844.736,,
1780554203.7978373,VDD_SOC,2161.28,,
1780554203.7978373,,,cpu-thermal,66.125
1780554203.7978373,,,gpu-thermal,67.125
1780554203.7978373,,,soc0-thermal,64.468
1780554203.7978373,,,soc1-thermal,63.718
1780554203.7978373,,,soc2-thermal,64.625
1780554203.7978373,,,tj-thermal,67.437
1780554203.9037917,VDD_IN,9745.408,,
1780554203.9037917,VDD_CPU_GPU_CV,3962.432,,
1780554203.9037917,VDD_SOC,2200.576,,
1780554203.9037917,,,cpu-thermal,66.093
1780554203.9037917,,,gpu-thermal,67.125
1780554203.9037917,,,soc0-thermal,64.5
1780554203.9037917,,,soc1-thermal,63.75
1780554203.9037917,,,soc2-thermal,64.781
1780554203.9037917,,,tj-thermal,67.375
1780554204.0092115,VDD_IN,9902.592,,
1780554204.0092115,VDD_CPU_GPU_CV,4040.896,,
1780554204.0092115,VDD_SOC,2200.576,,
1780554204.0092115,,,cpu-thermal,66.031
1780554204.0092115,,,gpu-thermal,67.593
1780554204.0092115,,,soc0-thermal,64.656
1780554204.0092115,,,soc1-thermal,63.875
1780554204.0092115,,,soc2-thermal,64.812
1780554204.0092115,,,tj-thermal,67.593
1780554204.1147418,VDD_IN,9784.704,,
1780554204.1147418,VDD_CPU_GPU_CV,3995.136,,
1780554204.1147418,VDD_SOC,2200.576,,
1780554204.1147418,,,cpu-thermal,66.468
1780554204.1147418,,,gpu-thermal,67.281
1780554204.1147418,,,soc0-thermal,64.656
1780554204.1147418,,,soc1-thermal,63.75
1780554204.1147418,,,soc2-thermal,64.906
1780554204.1147418,,,tj-thermal,67.281
1780554204.22032,VDD_IN,9706.112,,
1780554204.22032,VDD_CPU_GPU_CV,3923.2,,
1780554204.22032,VDD_SOC,2161.28,,
1780554204.22032,,,cpu-thermal,66.062
1780554204.22032,,,gpu-thermal,67.25
1780554204.22032,,,soc0-thermal,64.5
1780554204.22032,,,soc1-thermal,63.781
1780554204.22032,,,soc2-thermal,64.781
1780554204.22032,,,tj-thermal,67.25
1780554204.3261158,VDD_IN,9666.816,,
1780554204.3261158,VDD_CPU_GPU_CV,3877.632,,
1780554204.3261158,VDD_SOC,2161.28,,
1780554204.3261158,,,cpu-thermal,66.093
1780554204.3261158,,,gpu-thermal,67.125
1780554204.3261158,,,soc0-thermal,64.562
1780554204.3261158,,,soc1-thermal,63.843
1780554204.3261158,,,soc2-thermal,64.812
1780554204.3261158,,,tj-thermal,67.125
1780554204.4316428,VDD_IN,9588.224,,
1780554204.4316428,VDD_CPU_GPU_CV,3877.632,,
1780554204.4316428,VDD_SOC,2161.28,,
1780554204.4316428,,,cpu-thermal,66.281
1780554204.4316428,,,gpu-thermal,67.281
1780554204.4316428,,,soc0-thermal,64.625
1780554204.4316428,,,soc1-thermal,63.875
1780554204.4316428,,,soc2-thermal,64.875
1780554204.4316428,,,tj-thermal,67.125
1780554204.537375,VDD_IN,9548.928,,
1780554204.537375,VDD_CPU_GPU_CV,3838.464,,
1780554204.537375,VDD_SOC,2161.28,,
1780554204.537375,,,cpu-thermal,66.468
1780554204.537375,,,gpu-thermal,67.281
1780554204.537375,,,soc0-thermal,64.562
1780554204.537375,,,soc1-thermal,63.75
1780554204.537375,,,soc2-thermal,64.781
1780554204.537375,,,tj-thermal,67.281
1780554204.6430953,VDD_IN,9509.632,,
1780554204.6430953,VDD_CPU_GPU_CV,3799.296,,
1780554204.6430953,VDD_SOC,2121.984,,
1780554204.6430953,,,cpu-thermal,66.093
1780554204.6430953,,,gpu-thermal,67.156
1780554204.6430953,,,soc0-thermal,64.531
1780554204.6430953,,,soc1-thermal,63.75
1780554204.6430953,,,soc2-thermal,64.812
1780554204.6430953,,,tj-thermal,67.156
1780554204.7488494,VDD_IN,9470.336,,
1780554204.7488494,VDD_CPU_GPU_CV,3799.296,,
1780554204.7488494,VDD_SOC,2121.984,,
1780554204.7488494,,,cpu-thermal,66.218
1780554204.7488494,,,gpu-thermal,67.031
1780554204.7488494,,,soc0-thermal,64.656
1780554204.7488494,,,soc1-thermal,63.968
1780554204.7488494,,,soc2-thermal,64.812
1780554204.7488494,,,tj-thermal,67.031
1780554204.8547325,VDD_IN,9627.52,,
1780554204.8547325,VDD_CPU_GPU_CV,3877.632,,
1780554204.8547325,VDD_SOC,2161.28,,
1780554204.8547325,,,cpu-thermal,66.281
1780554204.8547325,,,gpu-thermal,67.156
1780554204.8547325,,,soc0-thermal,64.687
1780554204.8547325,,,soc1-thermal,63.75
1780554204.8547325,,,soc2-thermal,64.843
1780554204.8547325,,,tj-thermal,67.156
1780554204.9602907,VDD_IN,9824.0,,
1780554204.9602907,VDD_CPU_GPU_CV,3995.136,,
1780554204.9602907,VDD_SOC,2200.576,,
1780554204.9602907,,,cpu-thermal,66.343
1780554204.9602907,,,gpu-thermal,67.312
1780554204.9602907,,,soc0-thermal,64.625
1780554204.9602907,,,soc1-thermal,63.875
1780554204.9602907,,,soc2-thermal,64.781
1780554204.9602907,,,tj-thermal,67.625
1780554205.0662668,VDD_IN,9824.0,,
1780554205.0662668,VDD_CPU_GPU_CV,4001.664,,
1780554205.0662668,VDD_SOC,2200.576,,
1780554205.0662668,,,cpu-thermal,66.281
1780554205.0662668,,,gpu-thermal,67.156
1780554205.0662668,,,soc0-thermal,64.625
1780554205.0662668,,,soc1-thermal,63.875
1780554205.0662668,,,soc2-thermal,64.843
1780554205.0662668,,,tj-thermal,67.281
1780554205.1722429,VDD_IN,9745.408,,
1780554205.1722429,VDD_CPU_GPU_CV,3916.8,,
1780554205.1722429,VDD_SOC,2161.28,,
1780554205.1722429,,,cpu-thermal,66.218
1780554205.1722429,,,gpu-thermal,67.125
1780554205.1722429,,,soc0-thermal,64.656
1780554205.1722429,,,soc1-thermal,63.75
1780554205.1722429,,,soc2-thermal,65.031
1780554205.1722429,,,tj-thermal,67.218
1780554205.2779703,VDD_IN,9666.816,,
1780554205.2779703,VDD_CPU_GPU_CV,3883.968,,
1780554205.2779703,VDD_SOC,2161.28,,
1780554205.2779703,,,cpu-thermal,66.218
1780554205.2779703,,,gpu-thermal,67.375
1780554205.2779703,,,soc0-thermal,64.812
1780554205.2779703,,,soc1-thermal,63.843
1780554205.2779703,,,soc2-thermal,64.968
1780554205.2779703,,,tj-thermal,67.375
1780554205.384326,VDD_IN,9627.52,,
1780554205.384326,VDD_CPU_GPU_CV,3877.632,,
1780554205.384326,VDD_SOC,2161.28,,
1780554205.384326,,,cpu-thermal,66.343
1780554205.384326,,,gpu-thermal,67.312
1780554205.384326,,,soc0-thermal,64.562
1780554205.384326,,,soc1-thermal,63.937
1780554205.384326,,,soc2-thermal,64.875
1780554205.384326,,,tj-thermal,67.312
1780554205.4907322,VDD_IN,9588.224,,
1780554205.4907322,VDD_CPU_GPU_CV,3838.464,,
1780554205.4907322,VDD_SOC,2161.28,,
1780554205.4907322,,,cpu-thermal,66.218
1780554205.4907322,,,gpu-thermal,67.187
1780554205.4907322,,,soc0-thermal,64.75
1780554205.4907322,,,soc1-thermal,64.0
1780554205.4907322,,,soc2-thermal,64.875
1780554205.4907322,,,tj-thermal,67.187
1780554205.5964537,VDD_IN,9509.632,,
1780554205.5964537,VDD_CPU_GPU_CV,3799.296,,
1780554205.5964537,VDD_SOC,2121.984,,
1780554205.5964537,,,cpu-thermal,66.562
1780554205.5964537,,,gpu-thermal,67.156
1780554205.5964537,,,soc0-thermal,64.75
1780554205.5964537,,,soc1-thermal,63.781
1780554205.5964537,,,soc2-thermal,64.906
1780554205.5964537,,,tj-thermal,67.156
1780554205.7020943,VDD_IN,9470.336,,
1780554205.7020943,VDD_CPU_GPU_CV,3760.128,,
1780554205.7020943,VDD_SOC,2121.984,,
1780554205.7020943,,,cpu-thermal,66.218
1780554205.7020943,,,gpu-thermal,67.187
1780554205.7020943,,,soc0-thermal,64.687
1780554205.7020943,,,soc1-thermal,63.843
1780554205.7020943,,,soc2-thermal,64.875
1780554205.7020943,,,tj-thermal,67.187
1780554205.8080714,VDD_IN,9548.928,,
1780554205.8080714,VDD_CPU_GPU_CV,3838.464,,
1780554205.8080714,VDD_SOC,2161.28,,
1780554205.8080714,,,cpu-thermal,66.25
1780554205.8080714,,,gpu-thermal,67.531
1780554205.8080714,,,soc0-thermal,64.687
1780554205.8080714,,,soc1-thermal,64.0
1780554205.8080714,,,soc2-thermal,64.875
1780554205.8080714,,,tj-thermal,67.531
1780554205.9136105,VDD_IN,9745.408,,
1780554205.9136105,VDD_CPU_GPU_CV,3955.968,,
1780554205.9136105,VDD_SOC,2161.28,,
1780554205.9136105,,,cpu-thermal,66.25
1780554205.9136105,,,gpu-thermal,67.343
1780554205.9136105,,,soc0-thermal,64.718
1780554205.9136105,,,soc1-thermal,64.093
1780554205.9136105,,,soc2-thermal,64.875
1780554205.9136105,,,tj-thermal,67.468
1780554206.0190144,VDD_IN,9902.592,,
1780554206.0190144,VDD_CPU_GPU_CV,4034.304,,
1780554206.0190144,VDD_SOC,2200.576,,
1780554206.0190144,,,cpu-thermal,66.468
1780554206.0190144,,,gpu-thermal,67.25
1780554206.0190144,,,soc0-thermal,64.75
1780554206.0190144,,,soc1-thermal,63.875
1780554206.0190144,,,soc2-thermal,64.875
1780554206.0190144,,,tj-thermal,67.25
1780554206.1247256,VDD_IN,9784.704,,
1780554206.1247256,VDD_CPU_GPU_CV,3955.968,,
1780554206.1247256,VDD_SOC,2200.576,,
1780554206.1247256,,,cpu-thermal,66.312
1780554206.1247256,,,gpu-thermal,67.5
1780554206.1247256,,,soc0-thermal,64.75
1780554206.1247256,,,soc1-thermal,63.968
1780554206.1247256,,,soc2-thermal,64.875
1780554206.1247256,,,tj-thermal,67.5
1780554206.2303884,VDD_IN,9666.816,,
1780554206.2303884,VDD_CPU_GPU_CV,3916.8,,
1780554206.2303884,VDD_SOC,2161.28,,
1780554206.2303884,,,cpu-thermal,66.218
1780554206.2303884,,,gpu-thermal,67.312
1780554206.2303884,,,soc0-thermal,64.75
1780554206.2303884,,,soc1-thermal,63.968
1780554206.2303884,,,soc2-thermal,64.968
1780554206.2303884,,,tj-thermal,67.312
1780554206.3360596,VDD_IN,9627.52,,
1780554206.3360596,VDD_CPU_GPU_CV,3877.632,,
1780554206.3360596,VDD_SOC,2161.28,,
1780554206.3360596,,,cpu-thermal,66.406
1780554206.3360596,,,gpu-thermal,67.312
1780554206.3360596,,,soc0-thermal,64.75
1780554206.3360596,,,soc1-thermal,63.875
1780554206.3360596,,,soc2-thermal,65.031
1780554206.3360596,,,tj-thermal,67.312
1780554206.441663,VDD_IN,9588.224,,
1780554206.441663,VDD_CPU_GPU_CV,3838.464,,
1780554206.441663,VDD_SOC,2161.28,,
1780554206.441663,,,cpu-thermal,66.562
1780554206.441663,,,gpu-thermal,67.375
1780554206.441663,,,soc0-thermal,64.718
1780554206.441663,,,soc1-thermal,63.937
1780554206.441663,,,soc2-thermal,64.968
1780554206.441663,,,tj-thermal,67.156
1780554206.5476718,VDD_IN,9509.632,,
1780554206.5476718,VDD_CPU_GPU_CV,3799.296,,
1780554206.5476718,VDD_SOC,2161.28,,
1780554206.5476718,,,cpu-thermal,66.343
1780554206.5476718,,,gpu-thermal,67.312
1780554206.5476718,,,soc0-thermal,64.718
1780554206.5476718,,,soc1-thermal,63.968
1780554206.5476718,,,soc2-thermal,64.937
1780554206.5476718,,,tj-thermal,67.312
1780554206.653122,VDD_IN,9509.632,,
1780554206.653122,VDD_CPU_GPU_CV,3799.296,,
1780554206.653122,VDD_SOC,2161.28,,
1780554206.653122,,,cpu-thermal,66.437
1780554206.653122,,,gpu-thermal,67.312
1780554206.653122,,,soc0-thermal,64.687
1780554206.653122,,,soc1-thermal,64.093
1780554206.653122,,,soc2-thermal,65.0
1780554206.653122,,,tj-thermal,67.312
1780554206.75894,VDD_IN,9470.336,,
1780554206.75894,VDD_CPU_GPU_CV,3805.504,,
1780554206.75894,VDD_SOC,2121.984,,
1780554206.75894,,,cpu-thermal,66.531
1780554206.75894,,,gpu-thermal,67.281
1780554206.75894,,,soc0-thermal,64.75
1780554206.75894,,,soc1-thermal,63.968
1780554206.75894,,,soc2-thermal,65.062
1780554206.75894,,,tj-thermal,67.281
1780554206.8648381,VDD_IN,9666.816,,
1780554206.8648381,VDD_CPU_GPU_CV,3883.968,,
1780554206.8648381,VDD_SOC,2161.28,,
1780554206.8648381,,,cpu-thermal,66.468
1780554206.8648381,,,gpu-thermal,67.375
1780554206.8648381,,,soc0-thermal,64.718
1780554206.8648381,,,soc1-thermal,63.843
1780554206.8648381,,,soc2-thermal,64.937
1780554206.8648381,,,tj-thermal,67.375
1780554206.9708087,VDD_IN,9863.296,,
1780554206.9708087,VDD_CPU_GPU_CV,4001.664,,
1780554206.9708087,VDD_SOC,2200.576,,
1780554206.9708087,,,cpu-thermal,66.312
1780554206.9708087,,,gpu-thermal,67.718
1780554206.9708087,,,soc0-thermal,64.687
1780554206.9708087,,,soc1-thermal,64.093
1780554206.9708087,,,soc2-thermal,65.031
1780554206.9708087,,,tj-thermal,67.718
1780554207.076356,VDD_IN,9824.0,,
1780554207.076356,VDD_CPU_GPU_CV,4001.664,,
1780554207.076356,VDD_SOC,2200.576,,
1780554207.076356,,,cpu-thermal,66.406
1780554207.076356,,,gpu-thermal,67.281
1780554207.076356,,,soc0-thermal,64.75
1780554207.076356,,,soc1-thermal,63.906
1780554207.076356,,,soc2-thermal,65.093
1780554207.076356,,,tj-thermal,67.468
1780554207.1823645,VDD_IN,9745.408,,
1780554207.1823645,VDD_CPU_GPU_CV,3923.2,,
1780554207.1823645,VDD_SOC,2200.576,,
1780554207.1823645,,,cpu-thermal,66.437
1780554207.1823645,,,gpu-thermal,67.25
1780554207.1823645,,,soc0-thermal,64.812
1780554207.1823645,,,soc1-thermal,64.0
1780554207.1823645,,,soc2-thermal,64.968
1780554207.1823645,,,tj-thermal,67.25
1780554207.2880144,VDD_IN,9666.816,,
1780554207.2880144,VDD_CPU_GPU_CV,3923.2,,
1780554207.2880144,VDD_SOC,2161.28,,
1780554207.2880144,,,cpu-thermal,66.343
1780554207.2880144,,,gpu-thermal,67.656
1780554207.2880144,,,soc0-thermal,64.718
1780554207.2880144,,,soc1-thermal,64.031
1780554207.2880144,,,soc2-thermal,65.093
1780554207.2880144,,,tj-thermal,67.656
1780554207.3939772,VDD_IN,9627.52,,
1780554207.3939772,VDD_CPU_GPU_CV,3883.968,,
1780554207.3939772,VDD_SOC,2161.28,,
1780554207.3939772,,,cpu-thermal,66.406
1780554207.3939772,,,gpu-thermal,67.406
1780554207.3939772,,,soc0-thermal,64.843
1780554207.3939772,,,soc1-thermal,64.093
1780554207.3939772,,,soc2-thermal,64.968
1780554207.3939772,,,tj-thermal,67.406
1780554207.50006,VDD_IN,9509.632,,
1780554207.50006,VDD_CPU_GPU_CV,3844.736,,
1780554207.50006,VDD_SOC,2161.28,,
1780554207.50006,,,cpu-thermal,66.687
1780554207.50006,,,gpu-thermal,67.312
1780554207.50006,,,soc0-thermal,64.843
1780554207.50006,,,soc1-thermal,63.968
1780554207.50006,,,soc2-thermal,65.062
1780554207.50006,,,tj-thermal,67.312
1780554207.6055984,VDD_IN,9509.632,,
1780554207.6055984,VDD_CPU_GPU_CV,3844.736,,
1780554207.6055984,VDD_SOC,2161.28,,
1780554207.6055984,,,cpu-thermal,66.375
1780554207.6055984,,,gpu-thermal,67.312
1780554207.6055984,,,soc0-thermal,64.781
1780554207.6055984,,,soc1-thermal,64.062
1780554207.6055984,,,soc2-thermal,65.0
1780554207.6055984,,,tj-thermal,67.312
1780554207.711739,VDD_IN,9470.336,,
1780554207.711739,VDD_CPU_GPU_CV,3799.296,,
1780554207.711739,VDD_SOC,2121.984,,
1780554207.711739,,,cpu-thermal,66.406
1780554207.711739,,,gpu-thermal,67.281
1780554207.711739,,,soc0-thermal,64.812
1780554207.711739,,,soc1-thermal,64.062
1780554207.711739,,,soc2-thermal,65.031
1780554207.711739,,,tj-thermal,67.281
1780554207.8172383,VDD_IN,9548.928,,
1780554207.8172383,VDD_CPU_GPU_CV,3844.736,,
1780554207.8172383,VDD_SOC,2161.28,,
1780554207.8172383,,,cpu-thermal,66.437
1780554207.8172383,,,gpu-thermal,67.437
1780554207.8172383,,,soc0-thermal,64.843
1780554207.8172383,,,soc1-thermal,64.156
1780554207.8172383,,,soc2-thermal,65.0
1780554207.8172383,,,tj-thermal,67.75
1780554207.9229143,VDD_IN,9745.408,,
1780554207.9229143,VDD_CPU_GPU_CV,3962.432,,
1780554207.9229143,VDD_SOC,2200.576,,
1780554207.9229143,,,cpu-thermal,66.593
1780554207.9229143,,,gpu-thermal,67.5
1780554207.9229143,,,soc0-thermal,64.937
1780554207.9229143,,,soc1-thermal,63.968
1780554207.9229143,,,soc2-thermal,65.093
1780554207.9229143,,,tj-thermal,67.5
1780554208.0283172,VDD_IN,9863.296,,
1780554208.0283172,VDD_CPU_GPU_CV,3995.136,,
1780554208.0283172,VDD_SOC,2200.576,,
1780554208.0283172,,,cpu-thermal,66.343
1780554208.0283172,,,gpu-thermal,67.343
1780554208.0283172,,,soc0-thermal,64.781
1780554208.0283172,,,soc1-thermal,64.093
1780554208.0283172,,,soc2-thermal,65.093
1780554208.0283172,,,tj-thermal,67.343
1780554208.1338856,VDD_IN,9745.408,,
1780554208.1338856,VDD_CPU_GPU_CV,3955.968,,
1780554208.1338856,VDD_SOC,2161.28,,
1780554208.1338856,,,cpu-thermal,66.343
1780554208.1338856,,,gpu-thermal,67.687
1780554208.1338856,,,soc0-thermal,64.781
1780554208.1338856,,,soc1-thermal,64.093
1780554208.1338856,,,soc2-thermal,65.125
1780554208.1338856,,,tj-thermal,67.687
1780554208.2394297,VDD_IN,9666.816,,
1780554208.2394297,VDD_CPU_GPU_CV,3916.8,,
1780554208.2394297,VDD_SOC,2161.28,,
1780554208.2394297,,,cpu-thermal,66.625
1780554208.2394297,,,gpu-thermal,67.406
1780554208.2394297,,,soc0-thermal,64.906
1780554208.2394297,,,soc1-thermal,64.0
1780554208.2394297,,,soc2-thermal,65.093
1780554208.2394297,,,tj-thermal,67.593
1780554208.3451633,VDD_IN,9627.52,,
1780554208.3451633,VDD_CPU_GPU_CV,3877.632,,
1780554208.3451633,VDD_SOC,2161.28,,
1780554208.3451633,,,cpu-thermal,66.656
1780554208.3451633,,,gpu-thermal,67.281
1780554208.3451633,,,soc0-thermal,64.875
1780554208.3451633,,,soc1-thermal,64.062
1780554208.3451633,,,soc2-thermal,65.156
1780554208.3451633,,,tj-thermal,67.281
1780554208.450673,VDD_IN,9588.224,,
1780554208.450673,VDD_CPU_GPU_CV,3838.464,,
1780554208.450673,VDD_SOC,2161.28,,
1780554208.450673,,,cpu-thermal,66.375
1780554208.450673,,,gpu-thermal,67.593
1780554208.450673,,,soc0-thermal,64.781
1780554208.450673,,,soc1-thermal,64.062
1780554208.450673,,,soc2-thermal,65.125
1780554208.450673,,,tj-thermal,67.593
1780554208.5562696,VDD_IN,9548.928,,
1780554208.5562696,VDD_CPU_GPU_CV,3838.464,,
1780554208.5562696,VDD_SOC,2161.28,,
1780554208.5562696,,,cpu-thermal,66.5
1780554208.5562696,,,gpu-thermal,67.531
1780554208.5562696,,,soc0-thermal,64.875
1780554208.5562696,,,soc1-thermal,64.25
1780554208.5562696,,,soc2-thermal,65.156
1780554208.5562696,,,tj-thermal,67.531
1780554208.662599,VDD_IN,9509.632,,
1780554208.662599,VDD_CPU_GPU_CV,3799.296,,
1780554208.662599,VDD_SOC,2121.984,,
1780554208.662599,,,cpu-thermal,66.687
1780554208.662599,,,gpu-thermal,67.406
1780554208.662599,,,soc0-thermal,64.906
1780554208.662599,,,soc1-thermal,64.125
1780554208.662599,,,soc2-thermal,65.218
1780554208.662599,,,tj-thermal,67.406
1780554208.7681394,VDD_IN,9431.04,,
1780554208.7681394,VDD_CPU_GPU_CV,3805.504,,
1780554208.7681394,VDD_SOC,2121.984,,
1780554208.7681394,,,cpu-thermal,66.593
1780554208.7681394,,,gpu-thermal,67.343
1780554208.7681394,,,soc0-thermal,64.875
1780554208.7681394,,,soc1-thermal,64.125
1780554208.7681394,,,soc2-thermal,65.125
1780554208.7681394,,,tj-thermal,67.343
1780554208.8742456,VDD_IN,9666.816,,
1780554208.8742456,VDD_CPU_GPU_CV,3923.2,,
1780554208.8742456,VDD_SOC,2161.28,,
1780554208.8742456,,,cpu-thermal,66.5
1780554208.8742456,,,gpu-thermal,67.656
1780554208.8742456,,,soc0-thermal,64.75
1780554208.8742456,,,soc1-thermal,64.218
1780554208.8742456,,,soc2-thermal,65.218
1780554208.8742456,,,tj-thermal,67.562
1780554208.9797702,VDD_IN,9863.296,,
1780554208.9797702,VDD_CPU_GPU_CV,4001.664,,
1780554208.9797702,VDD_SOC,2200.576,,
1780554208.9797702,,,cpu-thermal,66.437
1780554208.9797702,,,gpu-thermal,67.625
1780554208.9797702,,,soc0-thermal,64.875
1780554208.9797702,,,soc1-thermal,64.156
1780554208.9797702,,,soc2-thermal,65.187
1780554208.9797702,,,tj-thermal,67.625
1780554209.085051,VDD_IN,9824.0,,
1780554209.085051,VDD_CPU_GPU_CV,3995.136,,
1780554209.085051,VDD_SOC,2200.576,,
1780554209.085051,,,cpu-thermal,66.593
1780554209.085051,,,gpu-thermal,67.468
1780554209.085051,,,soc0-thermal,64.968
1780554209.085051,,,soc1-thermal,64.093
1780554209.085051,,,soc2-thermal,65.187
1780554209.085051,,,tj-thermal,67.468
1780554209.1907508,VDD_IN,9745.408,,
1780554209.1907508,VDD_CPU_GPU_CV,3955.968,,
1780554209.1907508,VDD_SOC,2200.576,,
1780554209.1907508,,,cpu-thermal,66.468
1780554209.1907508,,,gpu-thermal,67.406
1780554209.1907508,,,soc0-thermal,64.875
1780554209.1907508,,,soc1-thermal,64.125
1780554209.1907508,,,soc2-thermal,65.156
1780554209.1907508,,,tj-thermal,67.406
1780554209.296677,VDD_IN,9627.52,,
1780554209.296677,VDD_CPU_GPU_CV,3877.632,,
1780554209.296677,VDD_SOC,2161.28,,
1780554209.296677,,,cpu-thermal,66.562
1780554209.296677,,,gpu-thermal,67.75
1780554209.296677,,,soc0-thermal,64.937
1780554209.296677,,,soc1-thermal,64.156
1780554209.296677,,,soc2-thermal,65.156
1780554209.296677,,,tj-thermal,67.75
1780554209.4021757,VDD_IN,9588.224,,
1780554209.4021757,VDD_CPU_GPU_CV,3877.632,,
1780554209.4021757,VDD_SOC,2161.28,,
1780554209.4021757,,,cpu-thermal,66.5
1780554209.4021757,,,gpu-thermal,67.531
1780554209.4021757,,,soc0-thermal,65.0
1780554209.4021757,,,soc1-thermal,64.25
1780554209.4021757,,,soc2-thermal,65.281
1780554209.4021757,,,tj-thermal,67.656
1780554209.5078297,VDD_IN,9548.928,,
1780554209.5078297,VDD_CPU_GPU_CV,3838.464,,
1780554209.5078297,VDD_SOC,2161.28,,
1780554209.5078297,,,cpu-thermal,66.468
1780554209.5078297,,,gpu-thermal,67.406
1780554209.5078297,,,soc0-thermal,64.875
1780554209.5078297,,,soc1-thermal,64.156
1780554209.5078297,,,soc2-thermal,65.125
1780554209.5078297,,,tj-thermal,67.406
1780554209.6134248,VDD_IN,9509.632,,
1780554209.6134248,VDD_CPU_GPU_CV,3799.296,,
1780554209.6134248,VDD_SOC,2161.28,,
1780554209.6134248,,,cpu-thermal,66.5
1780554209.6134248,,,gpu-thermal,67.656
1780554209.6134248,,,soc0-thermal,64.843
1780554209.6134248,,,soc1-thermal,64.156
1780554209.6134248,,,soc2-thermal,65.156
1780554209.6134248,,,tj-thermal,67.656
1780554209.719442,VDD_IN,9431.04,,
1780554209.719442,VDD_CPU_GPU_CV,3760.128,,
1780554209.719442,VDD_SOC,2121.984,,
1780554209.719442,,,cpu-thermal,66.5
1780554209.719442,,,gpu-thermal,67.562
1780554209.719442,,,soc0-thermal,64.937
1780554209.719442,,,soc1-thermal,64.218
1780554209.719442,,,soc2-thermal,65.25
1780554209.719442,,,tj-thermal,67.562
1780554209.8250563,VDD_IN,9588.224,,
1780554209.8250563,VDD_CPU_GPU_CV,3838.464,,
1780554209.8250563,VDD_SOC,2161.28,,
1780554209.8250563,,,cpu-thermal,66.75
1780554209.8250563,,,gpu-thermal,67.593
1780554209.8250563,,,soc0-thermal,65.0
1780554209.8250563,,,soc1-thermal,64.125
1780554209.8250563,,,soc2-thermal,65.281
1780554209.8250563,,,tj-thermal,67.593
1780554209.9306822,VDD_IN,9784.704,,
1780554209.9306822,VDD_CPU_GPU_CV,3955.968,,
1780554209.9306822,VDD_SOC,2200.576,,
1780554209.9306822,,,cpu-thermal,66.531
1780554209.9306822,,,gpu-thermal,67.812
1780554209.9306822,,,soc0-thermal,64.843
1780554209.9306822,,,soc1-thermal,64.125
1780554209.9306822,,,soc2-thermal,65.156
1780554209.9306822,,,tj-thermal,67.593
1780554210.0359926,VDD_IN,9863.296,,
1780554210.0359926,VDD_CPU_GPU_CV,4034.304,,
1780554210.0359926,VDD_SOC,2200.576,,
1780554210.0359926,,,cpu-thermal,66.5
1780554210.0359926,,,gpu-thermal,67.718
1780554210.0359926,,,soc0-thermal,64.875
1780554210.0359926,,,soc1-thermal,64.156
1780554210.0359926,,,soc2-thermal,65.281
1780554210.0359926,,,tj-thermal,67.5
1780554210.1422372,VDD_IN,9745.408,,
1780554210.1422372,VDD_CPU_GPU_CV,3955.968,,
1780554210.1422372,VDD_SOC,2200.576,,
1780554210.1422372,,,cpu-thermal,66.718
1780554210.1422372,,,gpu-thermal,67.5
1780554210.1422372,,,soc0-thermal,65.062
1780554210.1422372,,,soc1-thermal,64.343
1780554210.1422372,,,soc2-thermal,65.281
1780554210.1422372,,,tj-thermal,67.812
1780554210.2481039,VDD_IN,9666.816,,
1780554210.2481039,VDD_CPU_GPU_CV,3916.8,,
1780554210.2481039,VDD_SOC,2161.28,,
1780554210.2481039,,,cpu-thermal,66.781
1780554210.2481039,,,gpu-thermal,67.5
1780554210.2481039,,,soc0-thermal,64.812
1780554210.2481039,,,soc1-thermal,64.125
1780554210.2481039,,,soc2-thermal,65.218
1780554210.2481039,,,tj-thermal,67.5
1780554210.3536363,VDD_IN,9588.224,,
1780554210.3536363,VDD_CPU_GPU_CV,3877.632,,
1780554210.3536363,VDD_SOC,2161.28,,
1780554210.3536363,,,cpu-thermal,66.593
1780554210.3536363,,,gpu-thermal,67.468
1780554210.3536363,,,soc0-thermal,64.875
1780554210.3536363,,,soc1-thermal,64.218
1780554210.3536363,,,soc2-thermal,65.218
1780554210.3536363,,,tj-thermal,67.468
1780554210.4595478,VDD_IN,9588.224,,
1780554210.4595478,VDD_CPU_GPU_CV,3838.464,,
1780554210.4595478,VDD_SOC,2161.28,,
1780554210.4595478,,,cpu-thermal,66.625
1780554210.4595478,,,gpu-thermal,67.812
1780554210.4595478,,,soc0-thermal,65.0
1780554210.4595478,,,soc1-thermal,64.25
1780554210.4595478,,,soc2-thermal,65.281
1780554210.4595478,,,tj-thermal,67.812
1780554210.56527,VDD_IN,9509.632,,
1780554210.56527,VDD_CPU_GPU_CV,3799.296,,
1780554210.56527,VDD_SOC,2161.28,,
1780554210.56527,,,cpu-thermal,66.75
1780554210.56527,,,gpu-thermal,67.718
1780554210.56527,,,soc0-thermal,65.125
1780554210.56527,,,soc1-thermal,64.156
1780554210.56527,,,soc2-thermal,65.281
1780554210.56527,,,tj-thermal,67.718
1780554210.6708157,VDD_IN,9509.632,,
1780554210.6708157,VDD_CPU_GPU_CV,3799.296,,
1780554210.6708157,VDD_SOC,2121.984,,
1780554210.6708157,,,cpu-thermal,66.812
1780554210.6708157,,,gpu-thermal,67.5
1780554210.6708157,,,soc0-thermal,64.968
1780554210.6708157,,,soc1-thermal,64.093
1780554210.6708157,,,soc2-thermal,65.218
1780554210.6708157,,,tj-thermal,67.562
1780554210.776578,VDD_IN,9509.632,,
1780554210.776578,VDD_CPU_GPU_CV,3799.296,,
1780554210.776578,VDD_SOC,2121.984,,
1780554210.776578,,,cpu-thermal,66.593
1780554210.776578,,,gpu-thermal,67.812
1780554210.776578,,,soc0-thermal,65.0
1780554210.776578,,,soc1-thermal,64.25
1780554210.776578,,,soc2-thermal,65.218
1780554210.776578,,,tj-thermal,67.5
1780554210.8826761,VDD_IN,9706.112,,
1780554210.8826761,VDD_CPU_GPU_CV,3916.8,,
1780554210.8826761,VDD_SOC,2161.28,,
1780554210.8826761,,,cpu-thermal,66.687
1780554210.8826761,,,gpu-thermal,67.843
1780554210.8826761,,,soc0-thermal,65.0
1780554210.8826761,,,soc1-thermal,64.343
1780554210.8826761,,,soc2-thermal,65.312
1780554210.8826761,,,tj-thermal,67.843
1780554210.9880257,VDD_IN,9863.296,,
1780554210.9880257,VDD_CPU_GPU_CV,3995.136,,
1780554210.9880257,VDD_SOC,2200.576,,
1780554210.9880257,,,cpu-thermal,66.718
1780554210.9880257,,,gpu-thermal,67.718
1780554210.9880257,,,soc0-thermal,65.187
1780554210.9880257,,,soc1-thermal,64.125
1780554210.9880257,,,soc2-thermal,65.312
1780554210.9880257,,,tj-thermal,67.718
1780554211.0934854,VDD_IN,9824.0,,
1780554211.0934854,VDD_CPU_GPU_CV,3995.136,,
1780554211.0934854,VDD_SOC,2200.576,,
1780554211.0934854,,,cpu-thermal,66.593
1780554211.0934854,,,gpu-thermal,67.531
1780554211.0934854,,,soc0-thermal,64.968
1780554211.0934854,,,soc1-thermal,64.25
1780554211.0934854,,,soc2-thermal,65.25
1780554211.0934854,,,tj-thermal,67.531
1780554211.1992295,VDD_IN,9706.112,,
1780554211.1992295,VDD_CPU_GPU_CV,3916.8,,
1780554211.1992295,VDD_SOC,2161.28,,
1780554211.1992295,,,cpu-thermal,66.656
1780554211.1992295,,,gpu-thermal,67.75
1780554211.1992295,,,soc0-thermal,65.0
1780554211.1992295,,,soc1-thermal,64.25
1780554211.1992295,,,soc2-thermal,65.25
1780554211.1992295,,,tj-thermal,67.593
1780554211.3048477,VDD_IN,9706.112,,
1780554211.3048477,VDD_CPU_GPU_CV,3916.8,,
1780554211.3048477,VDD_SOC,2161.28,,
1780554211.3048477,,,cpu-thermal,66.687
1780554211.3048477,,,gpu-thermal,67.625
1780554211.3048477,,,soc0-thermal,65.187
1780554211.3048477,,,soc1-thermal,64.406
1780554211.3048477,,,soc2-thermal,65.281
1780554211.3048477,,,tj-thermal,67.625
1780554211.4105697,VDD_IN,9627.52,,
1780554211.4105697,VDD_CPU_GPU_CV,3877.632,,
1780554211.4105697,VDD_SOC,2161.28,,
1780554211.4105697,,,cpu-thermal,66.75
1780554211.4105697,,,gpu-thermal,67.531
1780554211.4105697,,,soc0-thermal,65.187
1780554211.4105697,,,soc1-thermal,64.156
1780554211.4105697,,,soc2-thermal,65.312
1780554211.4105697,,,tj-thermal,67.531
1780554211.5161726,VDD_IN,9509.632,,
1780554211.5161726,VDD_CPU_GPU_CV,3838.464,,
1780554211.5161726,VDD_SOC,2161.28,,
1780554211.5161726,,,cpu-thermal,66.656
1780554211.5161726,,,gpu-thermal,67.593
1780554211.5161726,,,soc0-thermal,64.937
1780554211.5161726,,,soc1-thermal,64.25
1780554211.5161726,,,soc2-thermal,65.281
1780554211.5161726,,,tj-thermal,67.593
1780554211.6217997,VDD_IN,9509.632,,
1780554211.6217997,VDD_CPU_GPU_CV,3799.296,,
1780554211.6217997,VDD_SOC,2121.984,,
1780554211.6217997,,,cpu-thermal,66.687
1780554211.6217997,,,gpu-thermal,68.0
1780554211.6217997,,,soc0-thermal,65.093
1780554211.6217997,,,soc1-thermal,64.343
1780554211.6217997,,,soc2-thermal,65.343
1780554211.6217997,,,tj-thermal,68.0
1780554211.7277157,VDD_IN,9470.336,,
1780554211.7277157,VDD_CPU_GPU_CV,3799.296,,
1780554211.7277157,VDD_SOC,2121.984,,
1780554211.7277157,,,cpu-thermal,66.687
1780554211.7277157,,,gpu-thermal,67.593
1780554211.7277157,,,soc0-thermal,65.125
1780554211.7277157,,,soc1-thermal,64.25
1780554211.7277157,,,soc2-thermal,65.437
1780554211.7277157,,,tj-thermal,67.781
1780554211.8332775,VDD_IN,9588.224,,
1780554211.8332775,VDD_CPU_GPU_CV,3838.464,,
1780554211.8332775,VDD_SOC,2161.28,,
1780554211.8332775,,,cpu-thermal,66.656
1780554211.8332775,,,gpu-thermal,67.718
1780554211.8332775,,,soc0-thermal,64.968
1780554211.8332775,,,soc1-thermal,64.218
1780554211.8332775,,,soc2-thermal,65.343
1780554211.8332775,,,tj-thermal,67.812
1780554211.938847,VDD_IN,9784.704,,
1780554211.938847,VDD_CPU_GPU_CV,3955.968,,
1780554211.938847,VDD_SOC,2200.576,,
1780554211.938847,,,cpu-thermal,66.562
1780554211.938847,,,gpu-thermal,68.062
1780554211.938847,,,soc0-thermal,65.062
1780554211.938847,,,soc1-thermal,64.343
1780554211.938847,,,soc2-thermal,65.281
1780554211.938847,,,tj-thermal,68.062
1780554212.0443134,VDD_IN,9863.296,,
1780554212.0443134,VDD_CPU_GPU_CV,4034.304,,
1780554212.0443134,VDD_SOC,2200.576,,
1780554212.0443134,,,cpu-thermal,66.656
1780554212.0443134,,,gpu-thermal,67.906
1780554212.0443134,,,soc0-thermal,65.093
1780554212.0443134,,,soc1-thermal,64.312
1780554212.0443134,,,soc2-thermal,65.437
1780554212.0443134,,,tj-thermal,67.906
1780554212.1498914,VDD_IN,9745.408,,
1780554212.1498914,VDD_CPU_GPU_CV,3955.968,,
1780554212.1498914,VDD_SOC,2161.28,,
1780554212.1498914,,,cpu-thermal,66.875
1780554212.1498914,,,gpu-thermal,67.687
1780554212.1498914,,,soc0-thermal,65.187
1780554212.1498914,,,soc1-thermal,64.218
1780554212.1498914,,,soc2-thermal,65.406
1780554212.1498914,,,tj-thermal,67.687
1780554212.2554445,VDD_IN,9666.816,,
1780554212.2554445,VDD_CPU_GPU_CV,3916.8,,
1780554212.2554445,VDD_SOC,2161.28,,
1780554212.2554445,,,cpu-thermal,67.062
1780554212.2554445,,,gpu-thermal,67.968
1780554212.2554445,,,soc0-thermal,65.062
1780554212.2554445,,,soc1-thermal,64.281
1780554212.2554445,,,soc2-thermal,65.375
1780554212.2554445,,,tj-thermal,67.687
1780554212.3619516,VDD_IN,9627.52,,
1780554212.3619516,VDD_CPU_GPU_CV,3877.632,,
1780554212.3619516,VDD_SOC,2161.28,,
1780554212.3619516,,,cpu-thermal,66.718
1780554212.3619516,,,gpu-thermal,67.75
1780554212.3619516,,,soc0-thermal,65.125
1780554212.3619516,,,soc1-thermal,64.406
1780554212.3619516,,,soc2-thermal,65.312
1780554212.3619516,,,tj-thermal,67.562
1780554212.4678516,VDD_IN,9588.224,,
1780554212.4678516,VDD_CPU_GPU_CV,3838.464,,
1780554212.4678516,VDD_SOC,2161.28,,
1780554212.4678516,,,cpu-thermal,66.812
1780554212.4678516,,,gpu-thermal,67.687
1780554212.4678516,,,soc0-thermal,65.218
1780554212.4678516,,,soc1-thermal,64.312
1780554212.4678516,,,soc2-thermal,65.437
1780554212.4678516,,,tj-thermal,67.968
1780554212.5736153,VDD_IN,9548.928,,
1780554212.5736153,VDD_CPU_GPU_CV,3838.464,,
1780554212.5736153,VDD_SOC,2161.28,,
1780554212.5736153,,,cpu-thermal,66.937
1780554212.5736153,,,gpu-thermal,67.656
1780554212.5736153,,,soc0-thermal,65.281
1780554212.5736153,,,soc1-thermal,64.312
1780554212.5736153,,,soc2-thermal,65.375
1780554212.5736153,,,tj-thermal,67.656
1780554212.6797104,VDD_IN,9509.632,,
1780554212.6797104,VDD_CPU_GPU_CV,3838.464,,
1780554212.6797104,VDD_SOC,2161.28,,
1780554212.6797104,,,cpu-thermal,67.031
1780554212.6797104,,,gpu-thermal,67.531
1780554212.6797104,,,soc0-thermal,65.093
1780554212.6797104,,,soc1-thermal,64.281
1780554212.6797104,,,soc2-thermal,65.468
1780554212.6797104,,,tj-thermal,67.531
1780554212.7852874,VDD_IN,9509.632,,
1780554212.7852874,VDD_CPU_GPU_CV,3799.296,,
1780554212.7852874,VDD_SOC,2161.28,,
1780554212.7852874,,,cpu-thermal,66.781
1780554212.7852874,,,gpu-thermal,68.093
1780554212.7852874,,,soc0-thermal,65.156
1780554212.7852874,,,soc1-thermal,64.375
1780554212.7852874,,,soc2-thermal,65.468
1780554212.7852874,,,tj-thermal,68.093
1780554212.8908472,VDD_IN,9706.112,,
1780554212.8908472,VDD_CPU_GPU_CV,3955.968,,
1780554212.8908472,VDD_SOC,2200.576,,
1780554212.8908472,,,cpu-thermal,66.812
1780554212.8908472,,,gpu-thermal,68.062
1780554212.8908472,,,soc0-thermal,65.218
1780554212.8908472,,,soc1-thermal,64.281
1780554212.8908472,,,soc2-thermal,65.468
1780554212.8908472,,,tj-thermal,68.062
1780554212.996755,VDD_IN,9902.592,,
1780554212.996755,VDD_CPU_GPU_CV,4034.304,,
1780554212.996755,VDD_SOC,2200.576,,
1780554212.996755,,,cpu-thermal,66.75
1780554212.996755,,,gpu-thermal,67.843
1780554212.996755,,,soc0-thermal,65.125
1780554212.996755,,,soc1-thermal,64.281
1780554212.996755,,,soc2-thermal,65.437
1780554212.996755,,,tj-thermal,68.0
1780554213.102253,VDD_IN,9824.0,,
1780554213.102253,VDD_CPU_GPU_CV,3995.136,,
1780554213.102253,VDD_SOC,2200.576,,
1780554213.102253,,,cpu-thermal,66.687
1780554213.102253,,,gpu-thermal,68.031
1780554213.102253,,,soc0-thermal,65.156
1780554213.102253,,,soc1-thermal,64.375
1780554213.102253,,,soc2-thermal,65.437
1780554213.102253,,,tj-thermal,68.031
1780554213.2079241,VDD_IN,9706.112,,
1780554213.2079241,VDD_CPU_GPU_CV,3955.968,,
1780554213.2079241,VDD_SOC,2161.28,,
1780554213.2079241,,,cpu-thermal,66.812
1780554213.2079241,,,gpu-thermal,67.937
1780554213.2079241,,,soc0-thermal,65.25
1780554213.2079241,,,soc1-thermal,64.5
1780554213.2079241,,,soc2-thermal,65.5
1780554213.2079241,,,tj-thermal,67.937
1780554213.313784,VDD_IN,9627.52,,
1780554213.313784,VDD_CPU_GPU_CV,3877.632,,
1780554213.313784,VDD_SOC,2161.28,,
1780554213.313784,,,cpu-thermal,66.906
1780554213.313784,,,gpu-thermal,67.687
1780554213.313784,,,soc0-thermal,65.281
1780554213.313784,,,soc1-thermal,64.312
1780554213.313784,,,soc2-thermal,65.562
1780554213.313784,,,tj-thermal,67.687
1780554213.4194164,VDD_IN,9588.224,,
1780554213.4194164,VDD_CPU_GPU_CV,3877.632,,
1780554213.4194164,VDD_SOC,2161.28,,
1780554213.4194164,,,cpu-thermal,66.781
1780554213.4194164,,,gpu-thermal,67.75
1780554213.4194164,,,soc0-thermal,65.218
1780554213.4194164,,,soc1-thermal,64.375
1780554213.4194164,,,soc2-thermal,65.437
1780554213.4194164,,,tj-thermal,67.75
1780554213.5257194,VDD_IN,9588.224,,
1780554213.5257194,VDD_CPU_GPU_CV,3877.632,,
1780554213.5257194,VDD_SOC,2161.28,,
1780554213.5257194,,,cpu-thermal,66.906
1780554213.5257194,,,gpu-thermal,67.75
1780554213.5257194,,,soc0-thermal,65.218
1780554213.5257194,,,soc1-thermal,64.468
1780554213.5257194,,,soc2-thermal,65.406
1780554213.5257194,,,tj-thermal,67.75
1780554213.6319613,VDD_IN,9548.928,,
1780554213.6319613,VDD_CPU_GPU_CV,3799.296,,
1780554213.6319613,VDD_SOC,2161.28,,
1780554213.6319613,,,cpu-thermal,67.0
1780554213.6319613,,,gpu-thermal,68.062
1780554213.6319613,,,soc0-thermal,65.25
1780554213.6319613,,,soc1-thermal,64.312
1780554213.6319613,,,soc2-thermal,65.437
1780554213.6319613,,,tj-thermal,68.062
1780554213.737444,VDD_IN,9509.632,,
1780554213.737444,VDD_CPU_GPU_CV,3799.296,,
1780554213.737444,VDD_SOC,2161.28,,
1780554213.737444,,,cpu-thermal,66.718
1780554213.737444,,,gpu-thermal,67.718
1780554213.737444,,,soc0-thermal,65.218
1780554213.737444,,,soc1-thermal,64.437
1780554213.737444,,,soc2-thermal,65.343
1780554213.737444,,,tj-thermal,67.968
1780554213.8430705,VDD_IN,9627.52,,
1780554213.8430705,VDD_CPU_GPU_CV,3877.632,,
1780554213.8430705,VDD_SOC,2161.28,,
1780554213.8430705,,,cpu-thermal,66.843
1780554213.8430705,,,gpu-thermal,67.843
1780554213.8430705,,,soc0-thermal,65.25
1780554213.8430705,,,soc1-thermal,64.437
1780554213.8430705,,,soc2-thermal,65.5
1780554213.8430705,,,tj-thermal,67.968
1780554213.9490826,VDD_IN,9824.0,,
1780554213.9490826,VDD_CPU_GPU_CV,3995.136,,
1780554213.9490826,VDD_SOC,2200.576,,
1780554213.9490826,,,cpu-thermal,66.718
1780554213.9490826,,,gpu-thermal,68.187
1780554213.9490826,,,soc0-thermal,65.218
1780554213.9490826,,,soc1-thermal,64.531
1780554213.9490826,,,soc2-thermal,65.531
1780554213.9490826,,,tj-thermal,68.187
1780554214.0545173,VDD_IN,9863.296,,
1780554214.0545173,VDD_CPU_GPU_CV,4001.664,,
1780554214.0545173,VDD_SOC,2200.576,,
1780554214.0545173,,,cpu-thermal,66.968
1780554214.0545173,,,gpu-thermal,68.062
1780554214.0545173,,,soc0-thermal,65.187
1780554214.0545173,,,soc1-thermal,64.406
1780554214.0545173,,,soc2-thermal,65.531
1780554214.0545173,,,tj-thermal,68.062
1780554214.1606836,VDD_IN,9784.704,,
1780554214.1606836,VDD_CPU_GPU_CV,3955.968,,
1780554214.1606836,VDD_SOC,2200.576,,
1780554214.1606836,,,cpu-thermal,67.156
1780554214.1606836,,,gpu-thermal,67.875
1780554214.1606836,,,soc0-thermal,65.25
1780554214.1606836,,,soc1-thermal,64.468
1780554214.1606836,,,soc2-thermal,65.468
1780554214.1606836,,,tj-thermal,67.875
1780554214.2661626,VDD_IN,9666.816,,
1780554214.2661626,VDD_CPU_GPU_CV,3877.632,,
1780554214.2661626,VDD_SOC,2161.28,,
1780554214.2661626,,,cpu-thermal,66.906
1780554214.2661626,,,gpu-thermal,67.843
1780554214.2661626,,,soc0-thermal,65.218
1780554214.2661626,,,soc1-thermal,64.5
1780554214.2661626,,,soc2-thermal,65.562
1780554214.2661626,,,tj-thermal,67.843
1780554214.3722115,VDD_IN,9588.224,,
1780554214.3722115,VDD_CPU_GPU_CV,3877.632,,
1780554214.3722115,VDD_SOC,2161.28,,
1780554214.3722115,,,cpu-thermal,66.906
1780554214.3722115,,,gpu-thermal,68.0
1780554214.3722115,,,soc0-thermal,65.343
1780554214.3722115,,,soc1-thermal,64.375
1780554214.3722115,,,soc2-thermal,65.593
1780554214.3722115,,,tj-thermal,67.843
1780554214.4780602,VDD_IN,9548.928,,
1780554214.4780602,VDD_CPU_GPU_CV,3838.464,,
1780554214.4780602,VDD_SOC,2161.28,,
1780554214.4780602,,,cpu-thermal,66.968
1780554214.4780602,,,gpu-thermal,67.968
1780554214.4780602,,,soc0-thermal,65.125
1780554214.4780602,,,soc1-thermal,64.437
1780554214.4780602,,,soc2-thermal,65.531
1780554214.4780602,,,tj-thermal,67.687
1780554214.5838761,VDD_IN,9509.632,,
1780554214.5838761,VDD_CPU_GPU_CV,3799.296,,
1780554214.5838761,VDD_SOC,2161.28,,
1780554214.5838761,,,cpu-thermal,66.812
1780554214.5838761,,,gpu-thermal,67.75
1780554214.5838761,,,soc0-thermal,65.281
1780554214.5838761,,,soc1-thermal,64.5
1780554214.5838761,,,soc2-thermal,65.468
1780554214.5838761,,,tj-thermal,67.75
1780554214.689308,VDD_IN,9470.336,,
1780554214.689308,VDD_CPU_GPU_CV,3799.296,,
1780554214.689308,VDD_SOC,2161.28,,
1780554214.689308,,,cpu-thermal,66.906
1780554214.689308,,,gpu-thermal,67.781
1780554214.689308,,,soc0-thermal,65.281
1780554214.689308,,,soc1-thermal,64.593
1780554214.689308,,,soc2-thermal,65.531
1780554214.689308,,,tj-thermal,67.781
1780554214.7950525,VDD_IN,9509.632,,
1780554214.7950525,VDD_CPU_GPU_CV,3838.464,,
1780554214.7950525,VDD_SOC,2161.28,,
1780554214.7950525,,,cpu-thermal,66.937
1780554214.7950525,,,gpu-thermal,68.187
1780554214.7950525,,,soc0-thermal,65.312
1780554214.7950525,,,soc1-thermal,64.406
1780554214.7950525,,,soc2-thermal,65.531
1780554214.7950525,,,tj-thermal,68.187
1780554214.9005854,VDD_IN,9706.112,,
1780554214.9005854,VDD_CPU_GPU_CV,3955.968,,
1780554214.9005854,VDD_SOC,2200.576,,
1780554214.9005854,,,cpu-thermal,66.968
1780554214.9005854,,,gpu-thermal,67.843
1780554214.9005854,,,soc0-thermal,65.218
1780554214.9005854,,,soc1-thermal,64.406
1780554214.9005854,,,soc2-thermal,65.531
1780554214.9005854,,,tj-thermal,68.156
1780554215.0064702,VDD_IN,9902.592,,
1780554215.0064702,VDD_CPU_GPU_CV,4034.304,,
1780554215.0064702,VDD_SOC,2200.576,,
1780554215.0064702,,,cpu-thermal,66.75
1780554215.0064702,,,gpu-thermal,67.968
1780554215.0064702,,,soc0-thermal,65.25
1780554215.0064702,,,soc1-thermal,64.468
1780554215.0064702,,,soc2-thermal,65.593
1780554215.0064702,,,tj-thermal,68.062
1780554215.1123922,VDD_IN,9784.704,,
1780554215.1123922,VDD_CPU_GPU_CV,3955.968,,
1780554215.1123922,VDD_SOC,2200.576,,
1780554215.1123922,,,cpu-thermal,66.843
1780554215.1123922,,,gpu-thermal,68.187
1780554215.1123922,,,soc0-thermal,65.281
1780554215.1123922,,,soc1-thermal,64.656
1780554215.1123922,,,soc2-thermal,65.531
1780554215.1123922,,,tj-thermal,68.187
1780554215.2179248,VDD_IN,9706.112,,
1780554215.2179248,VDD_CPU_GPU_CV,3916.8,,
1780554215.2179248,VDD_SOC,2161.28,,
1780554215.2179248,,,cpu-thermal,66.906
1780554215.2179248,,,gpu-thermal,68.093
1780554215.2179248,,,soc0-thermal,65.468
1780554215.2179248,,,soc1-thermal,64.5
1780554215.2179248,,,soc2-thermal,65.625
1780554215.2179248,,,tj-thermal,68.093
1780554215.3237512,VDD_IN,9627.52,,
1780554215.3237512,VDD_CPU_GPU_CV,3877.632,,
1780554215.3237512,VDD_SOC,2161.28,,
1780554215.3237512,,,cpu-thermal,66.781
1780554215.3237512,,,gpu-thermal,67.968
1780554215.3237512,,,soc0-thermal,65.25
1780554215.3237512,,,soc1-thermal,64.531
1780554215.3237512,,,soc2-thermal,65.593
1780554215.3237512,,,tj-thermal,67.968
1780554215.4294782,VDD_IN,9588.224,,
1780554215.4294782,VDD_CPU_GPU_CV,3838.464,,
1780554215.4294782,VDD_SOC,2161.28,,
1780554215.4294782,,,cpu-thermal,66.875
1780554215.4294782,,,gpu-thermal,67.906
1780554215.4294782,,,soc0-thermal,65.312
1780554215.4294782,,,soc1-thermal,64.625
1780554215.4294782,,,soc2-thermal,65.593
1780554215.4294782,,,tj-thermal,67.906
1780554215.5350952,VDD_IN,9509.632,,
1780554215.5350952,VDD_CPU_GPU_CV,3799.296,,
1780554215.5350952,VDD_SOC,2161.28,,
1780554215.5350952,,,cpu-thermal,66.906
1780554215.5350952,,,gpu-thermal,67.906
1780554215.5350952,,,soc0-thermal,65.375
1780554215.5350952,,,soc1-thermal,64.437
1780554215.5350952,,,soc2-thermal,65.562
1780554215.5350952,,,tj-thermal,67.906
1780554215.6405892,VDD_IN,9470.336,,
1780554215.6405892,VDD_CPU_GPU_CV,3799.296,,
1780554215.6405892,VDD_SOC,2121.984,,
1780554215.6405892,,,cpu-thermal,66.875
1780554215.6405892,,,gpu-thermal,67.875
1780554215.6405892,,,soc0-thermal,65.218
1780554215.6405892,,,soc1-thermal,64.656
1780554215.6405892,,,soc2-thermal,65.593
1780554215.6405892,,,tj-thermal,67.875
1780554215.7462156,VDD_IN,9470.336,,
1780554215.7462156,VDD_CPU_GPU_CV,3760.128,,
1780554215.7462156,VDD_SOC,2121.984,,
1780554215.7462156,,,cpu-thermal,66.906
1780554215.7462156,,,gpu-thermal,67.875
1780554215.7462156,,,soc0-thermal,65.281
1780554215.7462156,,,soc1-thermal,64.593
1780554215.7462156,,,soc2-thermal,65.531
1780554215.7462156,,,tj-thermal,67.875
1780554215.8518796,VDD_IN,9588.224,,
1780554215.8518796,VDD_CPU_GPU_CV,3877.632,,
1780554215.8518796,VDD_SOC,2161.28,,
1780554215.8518796,,,cpu-thermal,66.906
1780554215.8518796,,,gpu-thermal,67.906
1780554215.8518796,,,soc0-thermal,65.375
1780554215.8518796,,,soc1-thermal,64.687
1780554215.8518796,,,soc2-thermal,65.562
1780554215.8518796,,,tj-thermal,67.906
1780554215.957434,VDD_IN,9824.0,,
1780554215.957434,VDD_CPU_GPU_CV,3995.136,,
1780554215.957434,VDD_SOC,2200.576,,
1780554215.957434,,,cpu-thermal,67.125
1780554215.957434,,,gpu-thermal,67.937
1780554215.957434,,,soc0-thermal,65.343
1780554215.957434,,,soc1-thermal,64.562
1780554215.957434,,,soc2-thermal,65.625
1780554215.957434,,,tj-thermal,67.937
1780554216.063438,VDD_IN,9824.0,,
1780554216.063438,VDD_CPU_GPU_CV,3995.136,,
1780554216.063438,VDD_SOC,2200.576,,
1780554216.063438,,,cpu-thermal,67.343
1780554216.063438,,,gpu-thermal,68.187
1780554216.063438,,,soc0-thermal,65.281
1780554216.063438,,,soc1-thermal,64.656
1780554216.063438,,,soc2-thermal,65.593
1780554216.063438,,,tj-thermal,68.187
1780554216.1691604,VDD_IN,9745.408,,
1780554216.1691604,VDD_CPU_GPU_CV,3916.8,,
1780554216.1691604,VDD_SOC,2200.576,,
1780554216.1691604,,,cpu-thermal,66.812
1780554216.1691604,,,gpu-thermal,67.906
1780554216.1691604,,,soc0-thermal,65.406
1780554216.1691604,,,soc1-thermal,64.593
1780554216.1691604,,,soc2-thermal,65.687
1780554216.1691604,,,tj-thermal,68.062
1780554216.2746813,VDD_IN,9666.816,,
1780554216.2746813,VDD_CPU_GPU_CV,3877.632,,
1780554216.2746813,VDD_SOC,2161.28,,
1780554216.2746813,,,cpu-thermal,67.0
1780554216.2746813,,,gpu-thermal,68.281
1780554216.2746813,,,soc0-thermal,65.375
1780554216.2746813,,,soc1-thermal,64.5
1780554216.2746813,,,soc2-thermal,65.656
1780554216.2746813,,,tj-thermal,68.281
1780554216.3805885,VDD_IN,9627.52,,
1780554216.3805885,VDD_CPU_GPU_CV,3877.632,,
1780554216.3805885,VDD_SOC,2161.28,,
1780554216.3805885,,,cpu-thermal,67.218
1780554216.3805885,,,gpu-thermal,68.093
1780554216.3805885,,,soc0-thermal,65.468
1780554216.3805885,,,soc1-thermal,64.468
1780554216.3805885,,,soc2-thermal,65.656
1780554216.3805885,,,tj-thermal,68.093
1780554216.4861228,VDD_IN,9548.928,,
1780554216.4861228,VDD_CPU_GPU_CV,3838.464,,
1780554216.4861228,VDD_SOC,2161.28,,
1780554216.4861228,,,cpu-thermal,67.187
1780554216.4861228,,,gpu-thermal,68.062
1780554216.4861228,,,soc0-thermal,65.437
1780554216.4861228,,,soc1-thermal,64.625
1780554216.4861228,,,soc2-thermal,65.593
1780554216.4861228,,,tj-thermal,68.062
1780554216.5918484,VDD_IN,9509.632,,
1780554216.5918484,VDD_CPU_GPU_CV,3799.296,,
1780554216.5918484,VDD_SOC,2121.984,,
1780554216.5918484,,,cpu-thermal,67.031
1780554216.5918484,,,gpu-thermal,67.906
1780554216.5918484,,,soc0-thermal,65.375
1780554216.5918484,,,soc1-thermal,64.687
1780554216.5918484,,,soc2-thermal,65.687
1780554216.5918484,,,tj-thermal,67.906
1780554216.6976507,VDD_IN,9470.336,,
1780554216.6976507,VDD_CPU_GPU_CV,3799.296,,
1780554216.6976507,VDD_SOC,2121.984,,
1780554216.6976507,,,cpu-thermal,67.031
1780554216.6976507,,,gpu-thermal,68.156
1780554216.6976507,,,soc0-thermal,65.5
1780554216.6976507,,,soc1-thermal,64.75
1780554216.6976507,,,soc2-thermal,65.625
1780554216.6976507,,,tj-thermal,67.906
1780554216.8033757,VDD_IN,9509.632,,
1780554216.8033757,VDD_CPU_GPU_CV,3838.464,,
1780554216.8033757,VDD_SOC,2161.28,,
1780554216.8033757,,,cpu-thermal,67.0
1780554216.8033757,,,gpu-thermal,68.0
1780554216.8033757,,,soc0-thermal,65.281
1780554216.8033757,,,soc1-thermal,64.562
1780554216.8033757,,,soc2-thermal,65.593
1780554216.8033757,,,tj-thermal,67.968
1780554216.9096375,VDD_IN,9745.408,,
1780554216.9096375,VDD_CPU_GPU_CV,3955.968,,
1780554216.9096375,VDD_SOC,2200.576,,
1780554216.9096375,,,cpu-thermal,66.968
1780554216.9096375,,,gpu-thermal,68.187
1780554216.9096375,,,soc0-thermal,65.343
1780554216.9096375,,,soc1-thermal,64.625
1780554216.9096375,,,soc2-thermal,65.687
1780554216.9096375,,,tj-thermal,68.187
1780554217.0150578,VDD_IN,9902.592,,
1780554217.0150578,VDD_CPU_GPU_CV,4034.304,,
1780554217.0150578,VDD_SOC,2200.576,,
1780554217.0150578,,,cpu-thermal,67.031
1780554217.0150578,,,gpu-thermal,68.0
1780554217.0150578,,,soc0-thermal,65.437
1780554217.0150578,,,soc1-thermal,64.843
1780554217.0150578,,,soc2-thermal,65.687
1780554217.0150578,,,tj-thermal,68.0
1780554217.1208816,VDD_IN,9784.704,,
1780554217.1208816,VDD_CPU_GPU_CV,3955.968,,
1780554217.1208816,VDD_SOC,2200.576,,
1780554217.1208816,,,cpu-thermal,67.031
1780554217.1208816,,,gpu-thermal,67.812
1780554217.1208816,,,soc0-thermal,65.593
1780554217.1208816,,,soc1-thermal,64.687
1780554217.1208816,,,soc2-thermal,65.718
1780554217.1208816,,,tj-thermal,67.812
1780554217.227113,VDD_IN,9706.112,,
1780554217.227113,VDD_CPU_GPU_CV,3955.968,,
1780554217.227113,VDD_SOC,2161.28,,
1780554217.227113,,,cpu-thermal,67.0
1780554217.227113,,,gpu-thermal,68.187
1780554217.227113,,,soc0-thermal,65.375
1780554217.227113,,,soc1-thermal,64.656
1780554217.227113,,,soc2-thermal,65.656
1780554217.227113,,,tj-thermal,68.187
1780554217.3327246,VDD_IN,9666.816,,
1780554217.3327246,VDD_CPU_GPU_CV,3877.632,,
1780554217.3327246,VDD_SOC,2161.28,,
1780554217.3327246,,,cpu-thermal,66.968
1780554217.3327246,,,gpu-thermal,68.125
1780554217.3327246,,,soc0-thermal,65.343
1780554217.3327246,,,soc1-thermal,64.812
1780554217.3327246,,,soc2-thermal,65.687
1780554217.3327246,,,tj-thermal,68.125
1780554217.438512,VDD_IN,9548.928,,
1780554217.438512,VDD_CPU_GPU_CV,3838.464,,
1780554217.438512,VDD_SOC,2161.28,,
1780554217.438512,,,cpu-thermal,67.093
1780554217.438512,,,gpu-thermal,68.281
1780554217.438512,,,soc0-thermal,65.5
1780554217.438512,,,soc1-thermal,64.625
1780554217.438512,,,soc2-thermal,65.687
1780554217.438512,,,tj-thermal,67.937
1780554217.5442762,VDD_IN,9548.928,,
1780554217.5442762,VDD_CPU_GPU_CV,3838.464,,
1780554217.5442762,VDD_SOC,2161.28,,
1780554217.5442762,,,cpu-thermal,67.0
1780554217.5442762,,,gpu-thermal,68.187
1780554217.5442762,,,soc0-thermal,65.437
1780554217.5442762,,,soc1-thermal,64.625
1780554217.5442762,,,soc2-thermal,65.687
1780554217.5442762,,,tj-thermal,68.0
1780554217.6500502,VDD_IN,9470.336,,
1780554217.6500502,VDD_CPU_GPU_CV,3799.296,,
1780554217.6500502,VDD_SOC,2121.984,,
1780554217.6500502,,,cpu-thermal,67.093
1780554217.6500502,,,gpu-thermal,67.968
1780554217.6500502,,,soc0-thermal,65.531
1780554217.6500502,,,soc1-thermal,64.718
1780554217.6500502,,,soc2-thermal,65.593
1780554217.6500502,,,tj-thermal,67.968
1780554217.7558331,VDD_IN,9431.04,,
1780554217.7558331,VDD_CPU_GPU_CV,3799.296,,
1780554217.7558331,VDD_SOC,2121.984,,
1780554217.7558331,,,cpu-thermal,67.0
1780554217.7558331,,,gpu-thermal,67.937
1780554217.7558331,,,soc0-thermal,65.468
1780554217.7558331,,,soc1-thermal,64.812
1780554217.7558331,,,soc2-thermal,65.718
1780554217.7558331,,,tj-thermal,67.937
1780554217.8612351,VDD_IN,9666.816,,
1780554217.8612351,VDD_CPU_GPU_CV,3916.8,,
1780554217.8612351,VDD_SOC,2161.28,,
1780554217.8612351,,,cpu-thermal,67.218
1780554217.8612351,,,gpu-thermal,68.125
1780554217.8612351,,,soc0-thermal,65.5
1780554217.8612351,,,soc1-thermal,64.687
1780554217.8612351,,,soc2-thermal,65.781
1780554217.8612351,,,tj-thermal,68.125
1780554217.9667153,VDD_IN,9824.0,,
1780554217.9667153,VDD_CPU_GPU_CV,3995.136,,
1780554217.9667153,VDD_SOC,2200.576,,
1780554217.9667153,,,cpu-thermal,67.375
1780554217.9667153,,,gpu-thermal,68.218
1780554217.9667153,,,soc0-thermal,65.343
1780554217.9667153,,,soc1-thermal,64.656
1780554217.9667153,,,soc2-thermal,65.75
1780554217.9667153,,,tj-thermal,68.093
1780554218.0719516,VDD_IN,9824.0,,
1780554218.0719516,VDD_CPU_GPU_CV,3995.136,,
1780554218.0719516,VDD_SOC,2200.576,,
1780554218.0719516,,,cpu-thermal,67.0
1780554218.0719516,,,gpu-thermal,68.062
1780554218.0719516,,,soc0-thermal,65.375
1780554218.0719516,,,soc1-thermal,64.718
1780554218.0719516,,,soc2-thermal,65.75
1780554218.0719516,,,tj-thermal,68.062
1780554218.1776037,VDD_IN,9745.408,,
1780554218.1776037,VDD_CPU_GPU_CV,3955.968,,
1780554218.1776037,VDD_SOC,2200.576,,
1780554218.1776037,,,cpu-thermal,67.125
1780554218.1776037,,,gpu-thermal,68.031
1780554218.1776037,,,soc0-thermal,65.531
1780554218.1776037,,,soc1-thermal,64.781
1780554218.1776037,,,soc2-thermal,65.781
1780554218.1776037,,,tj-thermal,68.031
1780554218.2833676,VDD_IN,9627.52,,
1780554218.2833676,VDD_CPU_GPU_CV,3877.632,,
1780554218.2833676,VDD_SOC,2161.28,,
1780554218.2833676,,,cpu-thermal,67.25
1780554218.2833676,,,gpu-thermal,67.906
1780554218.2833676,,,soc0-thermal,65.593
1780554218.2833676,,,soc1-thermal,64.687
1780554218.2833676,,,soc2-thermal,65.812
1780554218.2833676,,,tj-thermal,67.906
1780554218.3896222,VDD_IN,9588.224,,
1780554218.3896222,VDD_CPU_GPU_CV,3838.464,,
1780554218.3896222,VDD_SOC,2161.28,,
1780554218.3896222,,,cpu-thermal,67.406
1780554218.3896222,,,gpu-thermal,68.25
1780554218.3896222,,,soc0-thermal,65.5
1780554218.3896222,,,soc1-thermal,64.718
1780554218.3896222,,,soc2-thermal,65.718
1780554218.3896222,,,tj-thermal,68.25
1780554218.4951003,VDD_IN,9548.928,,
1780554218.4951003,VDD_CPU_GPU_CV,3838.464,,
1780554218.4951003,VDD_SOC,2161.28,,
1780554218.4951003,,,cpu-thermal,67.218
1780554218.4951003,,,gpu-thermal,68.156
1780554218.4951003,,,soc0-thermal,65.562
1780554218.4951003,,,soc1-thermal,64.718
1780554218.4951003,,,soc2-thermal,65.75
1780554218.4951003,,,tj-thermal,68.156
1780554218.6009843,VDD_IN,9509.632,,
1780554218.6009843,VDD_CPU_GPU_CV,3799.296,,
1780554218.6009843,VDD_SOC,2121.984,,
1780554218.6009843,,,cpu-thermal,67.187
1780554218.6009843,,,gpu-thermal,68.437
1780554218.6009843,,,soc0-thermal,65.593
1780554218.6009843,,,soc1-thermal,64.812
1780554218.6009843,,,soc2-thermal,65.812
1780554218.6009843,,,tj-thermal,68.093
1780554218.7063847,VDD_IN,9509.632,,
1780554218.7063847,VDD_CPU_GPU_CV,3799.296,,
1780554218.7063847,VDD_SOC,2121.984,,
1780554218.7063847,,,cpu-thermal,67.25
1780554218.7063847,,,gpu-thermal,68.312
1780554218.7063847,,,soc0-thermal,65.437
1780554218.7063847,,,soc1-thermal,64.718
1780554218.7063847,,,soc2-thermal,65.812
1780554218.7063847,,,tj-thermal,68.312
1780554218.8120973,VDD_IN,9588.224,,
1780554218.8120973,VDD_CPU_GPU_CV,3838.464,,
1780554218.8120973,VDD_SOC,2161.28,,
1780554218.8120973,,,cpu-thermal,67.062
1780554218.8120973,,,gpu-thermal,68.218
1780554218.8120973,,,soc0-thermal,65.5
1780554218.8120973,,,soc1-thermal,64.718
1780554218.8120973,,,soc2-thermal,65.718
1780554218.8120973,,,tj-thermal,68.218
1780554218.9179924,VDD_IN,9784.704,,
1780554218.9179924,VDD_CPU_GPU_CV,3955.968,,
1780554218.9179924,VDD_SOC,2200.576,,
1780554218.9179924,,,cpu-thermal,67.125
1780554218.9179924,,,gpu-thermal,68.187
1780554218.9179924,,,soc0-thermal,65.468
1780554218.9179924,,,soc1-thermal,64.812
1780554218.9179924,,,soc2-thermal,65.75
1780554218.9179924,,,tj-thermal,68.187
1780554219.0234084,VDD_IN,9902.592,,
1780554219.0234084,VDD_CPU_GPU_CV,4034.304,,
1780554219.0234084,VDD_SOC,2200.576,,
1780554219.0234084,,,cpu-thermal,67.125
1780554219.0234084,,,gpu-thermal,68.375
1780554219.0234084,,,soc0-thermal,65.593
1780554219.0234084,,,soc1-thermal,64.687
1780554219.0234084,,,soc2-thermal,65.812
1780554219.0234084,,,tj-thermal,68.156
1780554219.129112,VDD_IN,9784.704,,
1780554219.129112,VDD_CPU_GPU_CV,3955.968,,
1780554219.129112,VDD_SOC,2200.576,,
1780554219.129112,,,cpu-thermal,67.093
1780554219.129112,,,gpu-thermal,68.25
1780554219.129112,,,soc0-thermal,65.5
1780554219.129112,,,soc1-thermal,64.718
1780554219.129112,,,soc2-thermal,65.75
1780554219.129112,,,tj-thermal,68.093
1780554219.234726,VDD_IN,9666.816,,
1780554219.234726,VDD_CPU_GPU_CV,3877.632,,
1780554219.234726,VDD_SOC,2161.28,,
1780554219.234726,,,cpu-thermal,67.125
1780554219.234726,,,gpu-thermal,68.093
1780554219.234726,,,soc0-thermal,65.531
1780554219.234726,,,soc1-thermal,64.843
1780554219.234726,,,soc2-thermal,65.812
1780554219.234726,,,tj-thermal,68.093
1780554219.34032,VDD_IN,9548.928,,
1780554219.34032,VDD_CPU_GPU_CV,3838.464,,
1780554219.34032,VDD_SOC,2161.28,,
1780554219.34032,,,cpu-thermal,67.125
1780554219.34032,,,gpu-thermal,68.062
1780554219.34032,,,soc0-thermal,65.531
1780554219.34032,,,soc1-thermal,64.875
1780554219.34032,,,soc2-thermal,65.843
1780554219.34032,,,tj-thermal,68.062
1780554219.4460042,VDD_IN,9509.632,,
1780554219.4460042,VDD_CPU_GPU_CV,3838.464,,
1780554219.4460042,VDD_SOC,2118.528,,
1780554219.4460042,,,cpu-thermal,67.218
1780554219.4460042,,,gpu-thermal,68.062
1780554219.4460042,,,soc0-thermal,65.593
1780554219.4460042,,,soc1-thermal,64.812
1780554219.4460042,,,soc2-thermal,65.875
1780554219.4460042,,,tj-thermal,68.062
1780554219.5517745,VDD_IN,9431.04,,
1780554219.5517745,VDD_CPU_GPU_CV,3799.296,,
1780554219.5517745,VDD_SOC,2118.528,,
1780554219.5517745,,,cpu-thermal,67.187
1780554219.5517745,,,gpu-thermal,68.312
1780554219.5517745,,,soc0-thermal,65.5
1780554219.5517745,,,soc1-thermal,64.812
1780554219.5517745,,,soc2-thermal,65.843
1780554219.5517745,,,tj-thermal,68.312
1780554219.657277,VDD_IN,9431.04,,
1780554219.657277,VDD_CPU_GPU_CV,3799.296,,
1780554219.657277,VDD_SOC,2118.528,,
1780554219.657277,,,cpu-thermal,67.156
1780554219.657277,,,gpu-thermal,68.062
1780554219.657277,,,soc0-thermal,65.593
1780554219.657277,,,soc1-thermal,64.875
1780554219.657277,,,soc2-thermal,65.75
1780554219.657277,,,tj-thermal,68.25
1780554219.7629519,VDD_IN,9391.744,,
1780554219.7629519,VDD_CPU_GPU_CV,3760.128,,
1780554219.7629519,VDD_SOC,2118.528,,
1780554219.7629519,,,cpu-thermal,67.187
1780554219.7629519,,,gpu-thermal,68.0
1780554219.7629519,,,soc0-thermal,65.625
1780554219.7629519,,,soc1-thermal,64.718
1780554219.7629519,,,soc2-thermal,65.812
1780554219.7629519,,,tj-thermal,68.0
1780554219.8685782,VDD_IN,9627.52,,
1780554219.8685782,VDD_CPU_GPU_CV,3877.632,,
1780554219.8685782,VDD_SOC,2161.28,,
1780554219.8685782,,,cpu-thermal,67.437
1780554219.8685782,,,gpu-thermal,68.468
1780554219.8685782,,,soc0-thermal,65.718
1780554219.8685782,,,soc1-thermal,64.812
1780554219.8685782,,,soc2-thermal,65.875
1780554219.8685782,,,tj-thermal,68.468
1780554219.9740033,VDD_IN,9824.0,,
1780554219.9740033,VDD_CPU_GPU_CV,3995.136,,
1780554219.9740033,VDD_SOC,2200.576,,
1780554219.9740033,,,cpu-thermal,67.156
1780554219.9740033,,,gpu-thermal,68.406
1780554219.9740033,,,soc0-thermal,65.562
1780554219.9740033,,,soc1-thermal,64.812
1780554219.9740033,,,soc2-thermal,65.843
1780554219.9740033,,,tj-thermal,68.406
1780554220.0796025,VDD_IN,9824.0,,
1780554220.0796025,VDD_CPU_GPU_CV,3995.136,,
1780554220.0796025,VDD_SOC,2200.576,,
1780554220.0796025,,,cpu-thermal,67.375
1780554220.0796025,,,gpu-thermal,68.187
1780554220.0796025,,,soc0-thermal,65.562
1780554220.0796025,,,soc1-thermal,64.875
1780554220.0796025,,,soc2-thermal,65.781
1780554220.0796025,,,tj-thermal,68.187
1780554220.186158,VDD_IN,10256.256,,
1780554220.186158,VDD_CPU_GPU_CV,4347.648,,
1780554220.186158,VDD_SOC,2196.992,,
1780554220.186158,,,cpu-thermal,67.781
1780554220.186158,,,gpu-thermal,68.187
1780554220.186158,,,soc0-thermal,65.593
1780554220.186158,,,soc1-thermal,64.781
1780554220.186158,,,soc2-thermal,66.031
1780554220.186158,,,tj-thermal,68.312
1780554220.2954552,VDD_IN,10514.176,,
1780554220.2954552,VDD_CPU_GPU_CV,4575.168,,
1780554220.2954552,VDD_SOC,2196.992,,
1780554220.2954552,,,cpu-thermal,67.687
1780554220.2954552,,,gpu-thermal,68.125
1780554220.2954552,,,soc0-thermal,65.562
1780554220.2954552,,,soc1-thermal,64.875
1780554220.2954552,,,soc2-thermal,66.0
1780554220.2954552,,,tj-thermal,68.281
1780554220.40274,VDD_IN,10553.408,,
1780554220.40274,VDD_CPU_GPU_CV,4536.064,,
1780554220.40274,VDD_SOC,2196.992,,
1780554220.40274,,,cpu-thermal,67.656
1780554220.40274,,,gpu-thermal,68.468
1780554220.40274,,,soc0-thermal,65.562
1780554220.40274,,,soc1-thermal,65.093
1780554220.40274,,,soc2-thermal,66.125
1780554220.40274,,,tj-thermal,68.281
1780554220.508194,VDD_IN,10278.784,,
1780554220.508194,VDD_CPU_GPU_CV,4379.648,,
1780554220.508194,VDD_SOC,2196.992,,
1780554220.508194,,,cpu-thermal,67.468
1780554220.508194,,,gpu-thermal,68.343
1780554220.508194,,,soc0-thermal,65.656
1780554220.508194,,,soc1-thermal,64.843
1780554220.508194,,,soc2-thermal,65.968
1780554220.508194,,,tj-thermal,68.187
1780554220.6142724,VDD_IN,10082.624,,
1780554220.6142724,VDD_CPU_GPU_CV,4223.232,,
1780554220.6142724,VDD_SOC,2157.76,,
1780554220.6142724,,,cpu-thermal,67.218
1780554220.6142724,,,gpu-thermal,68.25
1780554220.6142724,,,soc0-thermal,65.625
1780554220.6142724,,,soc1-thermal,64.875
1780554220.6142724,,,soc2-thermal,65.937
1780554220.6142724,,,tj-thermal,68.25
1780554220.7200851,VDD_IN,9902.592,,
1780554220.7200851,VDD_CPU_GPU_CV,4112.64,,
1780554220.7200851,VDD_SOC,2157.76,,
1780554220.7200851,,,cpu-thermal,67.281
1780554220.7200851,,,gpu-thermal,68.187
1780554220.7200851,,,soc0-thermal,65.687
1780554220.7200851,,,soc1-thermal,64.937
1780554220.7200851,,,soc2-thermal,65.937
1780554220.7200851,,,tj-thermal,68.187
1780554220.8259168,VDD_IN,9902.592,,
1780554220.8259168,VDD_CPU_GPU_CV,4073.472,,
1780554220.8259168,VDD_SOC,2157.76,,
1780554220.8259168,,,cpu-thermal,67.531
1780554220.8259168,,,gpu-thermal,68.25
1780554220.8259168,,,soc0-thermal,65.718
1780554220.8259168,,,soc1-thermal,64.843
1780554220.8259168,,,soc2-thermal,66.0
1780554220.8259168,,,tj-thermal,68.25
1780554220.9314125,VDD_IN,10020.48,,
1780554220.9314125,VDD_CPU_GPU_CV,4151.808,,
1780554220.9314125,VDD_SOC,2196.992,,
1780554220.9314125,,,cpu-thermal,67.187
1780554220.9314125,,,gpu-thermal,68.656
1780554220.9314125,,,soc0-thermal,65.656
1780554220.9314125,,,soc1-thermal,64.812
1780554220.9314125,,,soc2-thermal,66.031
1780554220.9314125,,,tj-thermal,68.656
1780554221.0368505,VDD_IN,10059.776,,
1780554221.0368505,VDD_CPU_GPU_CV,4151.808,,
1780554221.0368505,VDD_SOC,2200.576,,
1780554221.0368505,,,cpu-thermal,67.312
1780554221.0368505,,,gpu-thermal,68.343
1780554221.0368505,,,soc0-thermal,65.625
1780554221.0368505,,,soc1-thermal,65.0
1780554221.0368505,,,soc2-thermal,65.937
1780554221.0368505,,,tj-thermal,68.468
1780554221.1422174,VDD_IN,9902.592,,
1780554221.1422174,VDD_CPU_GPU_CV,4073.472,,
1780554221.1422174,VDD_SOC,2200.576,,
1780554221.1422174,,,cpu-thermal,67.25
1780554221.1422174,,,gpu-thermal,68.218
1780554221.1422174,,,soc0-thermal,65.718
1780554221.1422174,,,soc1-thermal,65.062
1780554221.1422174,,,soc2-thermal,65.968
1780554221.1422174,,,tj-thermal,68.218
1780554221.248089,VDD_IN,9784.704,,
1780554221.248089,VDD_CPU_GPU_CV,3995.136,,
1780554221.248089,VDD_SOC,2157.76,,
1780554221.248089,,,cpu-thermal,67.593
1780554221.248089,,,gpu-thermal,68.562
1780554221.248089,,,soc0-thermal,65.781
1780554221.248089,,,soc1-thermal,64.843
1780554221.248089,,,soc2-thermal,65.937
1780554221.248089,,,tj-thermal,68.562
1780554221.3536468,VDD_IN,9666.816,,
1780554221.3536468,VDD_CPU_GPU_CV,3916.8,,
1780554221.3536468,VDD_SOC,2157.76,,
1780554221.3536468,,,cpu-thermal,67.187
1780554221.3536468,,,gpu-thermal,68.375
1780554221.3536468,,,soc0-thermal,65.687
1780554221.3536468,,,soc1-thermal,64.968
1780554221.3536468,,,soc2-thermal,65.937
1780554221.3536468,,,tj-thermal,68.375
1780554221.4591858,VDD_IN,9627.52,,
1780554221.4591858,VDD_CPU_GPU_CV,3877.632,,
1780554221.4591858,VDD_SOC,2157.76,,
1780554221.4591858,,,cpu-thermal,67.281
1780554221.4591858,,,gpu-thermal,68.281
1780554221.4591858,,,soc0-thermal,65.687
1780554221.4591858,,,soc1-thermal,64.968
1780554221.4591858,,,soc2-thermal,65.968
1780554221.4591858,,,tj-thermal,68.281
1780554221.5653875,VDD_IN,9588.224,,
1780554221.5653875,VDD_CPU_GPU_CV,3877.632,,
1780554221.5653875,VDD_SOC,2118.528,,
1780554221.5653875,,,cpu-thermal,67.406
1780554221.5653875,,,gpu-thermal,68.562
1780554221.5653875,,,soc0-thermal,65.781
1780554221.5653875,,,soc1-thermal,64.937
1780554221.5653875,,,soc2-thermal,66.031
1780554221.5653875,,,tj-thermal,68.25
1780554221.671196,VDD_IN,9509.632,,
1780554221.671196,VDD_CPU_GPU_CV,3838.464,,
1780554221.671196,VDD_SOC,2118.528,,
1780554221.671196,,,cpu-thermal,67.468
1780554221.671196,,,gpu-thermal,68.343
1780554221.671196,,,soc0-thermal,65.843
1780554221.671196,,,soc1-thermal,64.937
1780554221.671196,,,soc2-thermal,66.062
1780554221.671196,,,tj-thermal,68.343
1780554221.776548,VDD_IN,9509.632,,
1780554221.776548,VDD_CPU_GPU_CV,3838.464,,
1780554221.776548,VDD_SOC,2118.528,,
1780554221.776548,,,cpu-thermal,67.562
1780554221.776548,,,gpu-thermal,68.343
1780554221.776548,,,soc0-thermal,65.718
1780554221.776548,,,soc1-thermal,64.906
1780554221.776548,,,soc2-thermal,66.0
1780554221.776548,,,tj-thermal,68.343
1780554221.882113,VDD_IN,9706.112,,
1780554221.882113,VDD_CPU_GPU_CV,3955.968,,
1780554221.882113,VDD_SOC,2157.76,,
1780554221.882113,,,cpu-thermal,67.406
1780554221.882113,,,gpu-thermal,68.343
1780554221.882113,,,soc0-thermal,65.687
1780554221.882113,,,soc1-thermal,65.0
1780554221.882113,,,soc2-thermal,66.0
1780554221.882113,,,tj-thermal,68.343
1780554221.9874153,VDD_IN,9902.592,,
1780554221.9874153,VDD_CPU_GPU_CV,4073.472,,
1780554221.9874153,VDD_SOC,2200.576,,
1780554221.9874153,,,cpu-thermal,67.468
1780554221.9874153,,,gpu-thermal,68.5
1780554221.9874153,,,soc0-thermal,65.718
1780554221.9874153,,,soc1-thermal,65.093
1780554221.9874153,,,soc2-thermal,66.062
1780554221.9874153,,,tj-thermal,68.5
1780554222.093372,VDD_IN,9863.296,,
1780554222.093372,VDD_CPU_GPU_CV,3995.136,,
1780554222.093372,VDD_SOC,2200.576,,
1780554222.093372,,,cpu-thermal,67.468
1780554222.093372,,,gpu-thermal,68.343
1780554222.093372,,,soc0-thermal,65.687
1780554222.093372,,,soc1-thermal,65.0
1780554222.093372,,,soc2-thermal,66.0
1780554222.093372,,,tj-thermal,68.687
1780554222.1991308,VDD_IN,9706.112,,
1780554222.1991308,VDD_CPU_GPU_CV,3955.968,,
1780554222.1991308,VDD_SOC,2161.28,,
1780554222.1991308,,,cpu-thermal,67.343
1780554222.1991308,,,gpu-thermal,68.312
1780554222.1991308,,,soc0-thermal,65.625
1780554222.1991308,,,soc1-thermal,64.937
1780554222.1991308,,,soc2-thermal,66.093
1780554222.1991308,,,tj-thermal,68.531
1780554222.3047957,VDD_IN,9627.52,,
1780554222.3047957,VDD_CPU_GPU_CV,3877.632,,
1780554222.3047957,VDD_SOC,2157.76,,
1780554222.3047957,,,cpu-thermal,67.343
1780554222.3047957,,,gpu-thermal,68.218
1780554222.3047957,,,soc0-thermal,65.781
1780554222.3047957,,,soc1-thermal,64.968
1780554222.3047957,,,soc2-thermal,66.093
1780554222.3047957,,,tj-thermal,68.218
1780554222.410433,VDD_IN,9548.928,,
1780554222.410433,VDD_CPU_GPU_CV,3838.464,,
1780554222.410433,VDD_SOC,2157.76,,
1780554222.410433,,,cpu-thermal,67.406
1780554222.410433,,,gpu-thermal,68.656
1780554222.410433,,,soc0-thermal,65.875
1780554222.410433,,,soc1-thermal,64.968
1780554222.410433,,,soc2-thermal,66.125
1780554222.410433,,,tj-thermal,68.656
1780554222.51622,VDD_IN,9470.336,,
1780554222.51622,VDD_CPU_GPU_CV,3799.296,,
1780554222.51622,VDD_SOC,2118.528,,
1780554222.51622,,,cpu-thermal,67.406
1780554222.51622,,,gpu-thermal,68.343
1780554222.51622,,,soc0-thermal,65.718
1780554222.51622,,,soc1-thermal,64.937
1780554222.51622,,,soc2-thermal,66.0
1780554222.51622,,,tj-thermal,68.343
1780554222.621611,VDD_IN,9431.04,,
1780554222.621611,VDD_CPU_GPU_CV,3799.296,,
1780554222.621611,VDD_SOC,2118.528,,
1780554222.621611,,,cpu-thermal,67.406
1780554222.621611,,,gpu-thermal,68.312
1780554222.621611,,,soc0-thermal,65.687
1780554222.621611,,,soc1-thermal,65.093
1780554222.621611,,,soc2-thermal,66.031
1780554222.621611,,,tj-thermal,68.375
1780554222.727426,VDD_IN,9431.04,,
1780554222.727426,VDD_CPU_GPU_CV,3799.296,,
1780554222.727426,VDD_SOC,2118.528,,
1780554222.727426,,,cpu-thermal,67.406
1780554222.727426,,,gpu-thermal,68.562
1780554222.727426,,,soc0-thermal,65.75
1780554222.727426,,,soc1-thermal,65.125
1780554222.727426,,,soc2-thermal,66.062
1780554222.727426,,,tj-thermal,68.218
1780554222.8332088,VDD_IN,9509.632,,
1780554222.8332088,VDD_CPU_GPU_CV,3838.464,,
1780554222.8332088,VDD_SOC,2157.76,,
1780554222.8332088,,,cpu-thermal,67.406
1780554222.8332088,,,gpu-thermal,68.531
1780554222.8332088,,,soc0-thermal,65.687
1780554222.8332088,,,soc1-thermal,64.968
1780554222.8332088,,,soc2-thermal,66.125
1780554222.8332088,,,tj-thermal,68.531
1780554222.9386714,VDD_IN,9745.408,,
1780554222.9386714,VDD_CPU_GPU_CV,3955.968,,
1780554222.9386714,VDD_SOC,2200.576,,
1780554222.9386714,,,cpu-thermal,67.343
1780554222.9386714,,,gpu-thermal,68.625
1780554222.9386714,,,soc0-thermal,65.718
1780554222.9386714,,,soc1-thermal,65.0
1780554222.9386714,,,soc2-thermal,65.968
1780554222.9386714,,,tj-thermal,68.625
1780554223.0440624,VDD_IN,9824.0,,
1780554223.0440624,VDD_CPU_GPU_CV,3995.136,,
1780554223.0440624,VDD_SOC,2200.576,,
1780554223.0440624,,,cpu-thermal,67.375
1780554223.0440624,,,gpu-thermal,68.375
1780554223.0440624,,,soc0-thermal,65.781
1780554223.0440624,,,soc1-thermal,65.093
1780554223.0440624,,,soc2-thermal,66.125
1780554223.0440624,,,tj-thermal,68.375
1780554223.1498559,VDD_IN,9745.408,,
1780554223.1498559,VDD_CPU_GPU_CV,3916.8,,
1780554223.1498559,VDD_SOC,2161.28,,
1780554223.1498559,,,cpu-thermal,67.468
1780554223.1498559,,,gpu-thermal,68.281
1780554223.1498559,,,soc0-thermal,65.75
1780554223.1498559,,,soc1-thermal,65.062
1780554223.1498559,,,soc2-thermal,66.125
1780554223.1498559,,,tj-thermal,68.281
1780554223.2561605,VDD_IN,9588.224,,
1780554223.2561605,VDD_CPU_GPU_CV,3877.632,,
1780554223.2561605,VDD_SOC,2157.76,,
1780554223.2561605,,,cpu-thermal,67.812
1780554223.2561605,,,gpu-thermal,68.343
1780554223.2561605,,,soc0-thermal,65.656
1780554223.2561605,,,soc1-thermal,64.937
1780554223.2561605,,,soc2-thermal,66.031
1780554223.2561605,,,tj-thermal,68.718
1780554223.3622203,VDD_IN,9548.928,,
1780554223.3622203,VDD_CPU_GPU_CV,3838.464,,
1780554223.3622203,VDD_SOC,2157.76,,
1780554223.3622203,,,cpu-thermal,67.406
1780554223.3622203,,,gpu-thermal,68.375
1780554223.3622203,,,soc0-thermal,65.75
1780554223.3622203,,,soc1-thermal,65.062
1780554223.3622203,,,soc2-thermal,66.125
1780554223.3622203,,,tj-thermal,68.531
1780554223.468085,VDD_IN,9470.336,,
1780554223.468085,VDD_CPU_GPU_CV,3799.296,,
1780554223.468085,VDD_SOC,2118.528,,
1780554223.468085,,,cpu-thermal,67.5
1780554223.468085,,,gpu-thermal,68.281
1780554223.468085,,,soc0-thermal,65.75
1780554223.468085,,,soc1-thermal,65.156
1780554223.468085,,,soc2-thermal,66.218
1780554223.468085,,,tj-thermal,68.343
1780554223.574056,VDD_IN,9431.04,,
1780554223.574056,VDD_CPU_GPU_CV,3760.128,,
1780554223.574056,VDD_SOC,2118.528,,
1780554223.574056,,,cpu-thermal,67.593
1780554223.574056,,,gpu-thermal,68.687
1780554223.574056,,,soc0-thermal,65.875
1780554223.574056,,,soc1-thermal,65.0
1780554223.574056,,,soc2-thermal,66.187
1780554223.574056,,,tj-thermal,68.687
1780554223.6796834,VDD_IN,9391.744,,
1780554223.6796834,VDD_CPU_GPU_CV,3760.128,,
1780554223.6796834,VDD_SOC,2118.528,,
1780554223.6796834,,,cpu-thermal,67.718
1780554223.6796834,,,gpu-thermal,68.531
1780554223.6796834,,,soc0-thermal,65.75
1780554223.6796834,,,soc1-thermal,65.156
1780554223.6796834,,,soc2-thermal,66.125
1780554223.6796834,,,tj-thermal,68.531
1780554223.7850342,VDD_IN,9391.744,,
1780554223.7850342,VDD_CPU_GPU_CV,3760.128,,
1780554223.7850342,VDD_SOC,2118.528,,
1780554223.7850342,,,cpu-thermal,67.468
1780554223.7850342,,,gpu-thermal,68.531
1780554223.7850342,,,soc0-thermal,65.75
1780554223.7850342,,,soc1-thermal,65.125
1780554223.7850342,,,soc2-thermal,66.25
1780554223.7850342,,,tj-thermal,68.531
1780554223.8908198,VDD_IN,9666.816,,
1780554223.8908198,VDD_CPU_GPU_CV,3877.632,,
1780554223.8908198,VDD_SOC,2157.76,,
1780554223.8908198,,,cpu-thermal,67.437
1780554223.8908198,,,gpu-thermal,68.781
1780554223.8908198,,,soc0-thermal,65.812
1780554223.8908198,,,soc1-thermal,65.218
1780554223.8908198,,,soc2-thermal,66.187
1780554223.8908198,,,tj-thermal,68.562
1780554223.9963963,VDD_IN,9863.296,,
1780554223.9963963,VDD_CPU_GPU_CV,3995.136,,
1780554223.9963963,VDD_SOC,2200.576,,
1780554223.9963963,,,cpu-thermal,67.531
1780554223.9963963,,,gpu-thermal,68.687
1780554223.9963963,,,soc0-thermal,65.906
1780554223.9963963,,,soc1-thermal,65.031
1780554223.9963963,,,soc2-thermal,66.218
1780554223.9963963,,,tj-thermal,68.687
1780554224.1016989,VDD_IN,9784.704,,
1780554224.1016989,VDD_CPU_GPU_CV,3955.968,,
1780554224.1016989,VDD_SOC,2196.992,,
1780554224.1016989,,,cpu-thermal,67.718
1780554224.1016989,,,gpu-thermal,68.531
1780554224.1016989,,,soc0-thermal,65.75
1780554224.1016989,,,soc1-thermal,65.093
1780554224.1016989,,,soc2-thermal,66.187
1780554224.1016989,,,tj-thermal,68.531
1780554224.2071843,VDD_IN,9706.112,,
1780554224.2071843,VDD_CPU_GPU_CV,3916.8,,
1780554224.2071843,VDD_SOC,2157.76,,
1780554224.2071843,,,cpu-thermal,67.468
1780554224.2071843,,,gpu-thermal,68.468
1780554224.2071843,,,soc0-thermal,65.781
1780554224.2071843,,,soc1-thermal,65.187
1780554224.2071843,,,soc2-thermal,66.156
1780554224.2071843,,,tj-thermal,68.468
1780554224.3127618,VDD_IN,9627.52,,
1780554224.3127618,VDD_CPU_GPU_CV,3877.632,,
1780554224.3127618,VDD_SOC,2157.76,,
1780554224.3127618,,,cpu-thermal,67.468
1780554224.3127618,,,gpu-thermal,68.593
1780554224.3127618,,,soc0-thermal,65.875
1780554224.3127618,,,soc1-thermal,65.031
1780554224.3127618,,,soc2-thermal,66.218
1780554224.3127618,,,tj-thermal,68.343
1780554224.4183495,VDD_IN,9548.928,,
1780554224.4183495,VDD_CPU_GPU_CV,3838.464,,
1780554224.4183495,VDD_SOC,2157.76,,
1780554224.4183495,,,cpu-thermal,67.562
1780554224.4183495,,,gpu-thermal,68.468
1780554224.4183495,,,soc0-thermal,65.812
1780554224.4183495,,,soc1-thermal,65.093
1780554224.4183495,,,soc2-thermal,66.218
1780554224.4183495,,,tj-thermal,68.687
1780554224.5237052,VDD_IN,9509.632,,
1780554224.5237052,VDD_CPU_GPU_CV,3838.464,,
1780554224.5237052,VDD_SOC,2157.76,,
1780554224.5237052,,,cpu-thermal,67.406
1780554224.5237052,,,gpu-thermal,68.468
1780554224.5237052,,,soc0-thermal,65.781
1780554224.5237052,,,soc1-thermal,65.125
1780554224.5237052,,,soc2-thermal,66.187
1780554224.5237052,,,tj-thermal,68.468
1780554224.6296635,VDD_IN,9509.632,,
1780554224.6296635,VDD_CPU_GPU_CV,3799.296,,
1780554224.6296635,VDD_SOC,2118.528,,
1780554224.6296635,,,cpu-thermal,67.468
1780554224.6296635,,,gpu-thermal,68.343
1780554224.6296635,,,soc0-thermal,65.843
1780554224.6296635,,,soc1-thermal,65.187
1780554224.6296635,,,soc2-thermal,66.218
1780554224.6296635,,,tj-thermal,68.343
1780554224.7353714,VDD_IN,9470.336,,
1780554224.7353714,VDD_CPU_GPU_CV,3760.128,,
1780554224.7353714,VDD_SOC,2118.528,,
1780554224.7353714,,,cpu-thermal,67.531
1780554224.7353714,,,gpu-thermal,68.781
1780554224.7353714,,,soc0-thermal,66.0
1780554224.7353714,,,soc1-thermal,65.156
1780554224.7353714,,,soc2-thermal,66.25
1780554224.7353714,,,tj-thermal,68.781
1780554224.840864,VDD_IN,9627.52,,
1780554224.840864,VDD_CPU_GPU_CV,3877.632,,
1780554224.840864,VDD_SOC,2157.76,,
1780554224.840864,,,cpu-thermal,67.468
1780554224.840864,,,gpu-thermal,68.625
1780554224.840864,,,soc0-thermal,65.75
1780554224.840864,,,soc1-thermal,65.156
1780554224.840864,,,soc2-thermal,66.187
1780554224.840864,,,tj-thermal,68.75
1780554224.9463246,VDD_IN,9824.0,,
1780554224.9463246,VDD_CPU_GPU_CV,3995.136,,
1780554224.9463246,VDD_SOC,2200.576,,
1780554224.9463246,,,cpu-thermal,67.437
1780554224.9463246,,,gpu-thermal,68.562
1780554224.9463246,,,soc0-thermal,65.875
1780554224.9463246,,,soc1-thermal,65.156
1780554224.9463246,,,soc2-thermal,66.218
1780554224.9463246,,,tj-thermal,68.718
1780554225.0523872,VDD_IN,9863.296,,
1780554225.0523872,VDD_CPU_GPU_CV,3995.136,,
1780554225.0523872,VDD_SOC,2200.576,,
1780554225.0523872,,,cpu-thermal,67.468
1780554225.0523872,,,gpu-thermal,68.812
1780554225.0523872,,,soc0-thermal,65.906
1780554225.0523872,,,soc1-thermal,65.218
1780554225.0523872,,,soc2-thermal,66.25
1780554225.0523872,,,tj-thermal,68.812
1780554225.1577642,VDD_IN,9784.704,,
1780554225.1577642,VDD_CPU_GPU_CV,3955.968,,
1780554225.1577642,VDD_SOC,2196.992,,
1780554225.1577642,,,cpu-thermal,67.812
1780554225.1577642,,,gpu-thermal,68.656
1780554225.1577642,,,soc0-thermal,65.968
1780554225.1577642,,,soc1-thermal,65.062
1780554225.1577642,,,soc2-thermal,66.25
1780554225.1577642,,,tj-thermal,68.656
1780554225.2632935,VDD_IN,9706.112,,
1780554225.2632935,VDD_CPU_GPU_CV,3916.8,,
1780554225.2632935,VDD_SOC,2157.76,,
1780554225.2632935,,,cpu-thermal,67.468
1780554225.2632935,,,gpu-thermal,68.593
1780554225.2632935,,,soc0-thermal,65.875
1780554225.2632935,,,soc1-thermal,65.156
1780554225.2632935,,,soc2-thermal,66.156
1780554225.2632935,,,tj-thermal,68.593
1780554225.3687725,VDD_IN,9588.224,,
1780554225.3687725,VDD_CPU_GPU_CV,3877.632,,
1780554225.3687725,VDD_SOC,2157.76,,
1780554225.3687725,,,cpu-thermal,67.562
1780554225.3687725,,,gpu-thermal,68.687
1780554225.3687725,,,soc0-thermal,65.968
1780554225.3687725,,,soc1-thermal,65.187
1780554225.3687725,,,soc2-thermal,66.187
1780554225.3687725,,,tj-thermal,68.562
1780554225.4741206,VDD_IN,9588.224,,
1780554225.4741206,VDD_CPU_GPU_CV,3838.464,,
1780554225.4741206,VDD_SOC,2157.76,,
1780554225.4741206,,,cpu-thermal,67.5
1780554225.4741206,,,gpu-thermal,68.625
1780554225.4741206,,,soc0-thermal,65.968
1780554225.4741206,,,soc1-thermal,65.281
1780554225.4741206,,,soc2-thermal,66.218
1780554225.4741206,,,tj-thermal,68.625
1780554225.5795844,VDD_IN,9548.928,,
1780554225.5795844,VDD_CPU_GPU_CV,3838.464,,
1780554225.5795844,VDD_SOC,2157.76,,
1780554225.5795844,,,cpu-thermal,67.781
1780554225.5795844,,,gpu-thermal,68.562
1780554225.5795844,,,soc0-thermal,66.0
1780554225.5795844,,,soc1-thermal,65.187
1780554225.5795844,,,soc2-thermal,66.25
1780554225.5795844,,,tj-thermal,68.562
1780554225.68517,VDD_IN,9509.632,,
1780554225.68517,VDD_CPU_GPU_CV,3799.296,,
1780554225.68517,VDD_SOC,2118.528,,
1780554225.68517,,,cpu-thermal,67.468
1780554225.68517,,,gpu-thermal,68.5
1780554225.68517,,,soc0-thermal,65.906
1780554225.68517,,,soc1-thermal,65.187
1780554225.68517,,,soc2-thermal,66.187
1780554225.68517,,,tj-thermal,68.5
1780554225.7912033,VDD_IN,9548.928,,
1780554225.7912033,VDD_CPU_GPU_CV,3799.296,,
1780554225.7912033,VDD_SOC,2118.528,,
1780554225.7912033,,,cpu-thermal,67.5
1780554225.7912033,,,gpu-thermal,68.5
1780554225.7912033,,,soc0-thermal,65.906
1780554225.7912033,,,soc1-thermal,65.218
1780554225.7912033,,,soc2-thermal,66.281
1780554225.7912033,,,tj-thermal,68.5
1780554225.8971956,VDD_IN,9784.704,,
1780554225.8971956,VDD_CPU_GPU_CV,3916.8,,
1780554225.8971956,VDD_SOC,2157.76,,
1780554225.8971956,,,cpu-thermal,67.687
1780554225.8971956,,,gpu-thermal,68.718
1780554225.8971956,,,soc0-thermal,66.031
1780554225.8971956,,,soc1-thermal,65.156
1780554225.8971956,,,soc2-thermal,66.343
1780554225.8971956,,,tj-thermal,68.968
1780554226.0025766,VDD_IN,9941.888,,
1780554226.0025766,VDD_CPU_GPU_CV,4034.304,,
1780554226.0025766,VDD_SOC,2200.576,,
1780554226.0025766,,,cpu-thermal,67.781
1780554226.0025766,,,gpu-thermal,68.687
1780554226.0025766,,,soc0-thermal,65.875
1780554226.0025766,,,soc1-thermal,65.093
1780554226.0025766,,,soc2-thermal,66.25
1780554226.0025766,,,tj-thermal,68.687
1780554226.1078281,VDD_IN,9824.0,,
1780554226.1078281,VDD_CPU_GPU_CV,3955.968,,
1780554226.1078281,VDD_SOC,2196.992,,
1780554226.1078281,,,cpu-thermal,67.531
1780554226.1078281,,,gpu-thermal,68.5
1780554226.1078281,,,soc0-thermal,65.875
1780554226.1078281,,,soc1-thermal,65.218
1780554226.1078281,,,soc2-thermal,66.25
1780554226.1078281,,,tj-thermal,68.5
1780554226.2135878,VDD_IN,9706.112,,
1780554226.2135878,VDD_CPU_GPU_CV,3916.8,,
1780554226.2135878,VDD_SOC,2157.76,,
1780554226.2135878,,,cpu-thermal,67.718
1780554226.2135878,,,gpu-thermal,68.937
1780554226.2135878,,,soc0-thermal,65.937
1780554226.2135878,,,soc1-thermal,65.281
1780554226.2135878,,,soc2-thermal,66.25
1780554226.2135878,,,tj-thermal,68.937
1780554226.319105,VDD_IN,9627.52,,
1780554226.319105,VDD_CPU_GPU_CV,3877.632,,
1780554226.319105,VDD_SOC,2157.76,,
1780554226.319105,,,cpu-thermal,67.656
1780554226.319105,,,gpu-thermal,68.687
1780554226.319105,,,soc0-thermal,66.062
1780554226.319105,,,soc1-thermal,65.093
1780554226.319105,,,soc2-thermal,66.312
1780554226.319105,,,tj-thermal,68.687
1780554226.424528,VDD_IN,9548.928,,
1780554226.424528,VDD_CPU_GPU_CV,3838.464,,
1780554226.424528,VDD_SOC,2157.76,,
1780554226.424528,,,cpu-thermal,67.781
1780554226.424528,,,gpu-thermal,68.5
1780554226.424528,,,soc0-thermal,65.968
1780554226.424528,,,soc1-thermal,65.156
1780554226.424528,,,soc2-thermal,66.156
1780554226.424528,,,tj-thermal,68.593
1780554226.5300756,VDD_IN,9509.632,,
1780554226.5300756,VDD_CPU_GPU_CV,3838.464,,
1780554226.5300756,VDD_SOC,2157.76,,
1780554226.5300756,,,cpu-thermal,67.593
1780554226.5300756,,,gpu-thermal,68.843
1780554226.5300756,,,soc0-thermal,65.968
1780554226.5300756,,,soc1-thermal,65.25
1780554226.5300756,,,soc2-thermal,66.25
1780554226.5300756,,,tj-thermal,68.843
1780554226.6359906,VDD_IN,9431.04,,
1780554226.6359906,VDD_CPU_GPU_CV,3799.296,,
1780554226.6359906,VDD_SOC,2118.528,,
1780554226.6359906,,,cpu-thermal,67.687
1780554226.6359906,,,gpu-thermal,68.687
1780554226.6359906,,,soc0-thermal,66.0
1780554226.6359906,,,soc1-thermal,65.312
1780554226.6359906,,,soc2-thermal,66.312
1780554226.6359906,,,tj-thermal,68.687
1780554226.7413669,VDD_IN,9391.744,,
1780554226.7413669,VDD_CPU_GPU_CV,3760.128,,
1780554226.7413669,VDD_SOC,2118.528,,
1780554226.7413669,,,cpu-thermal,67.75
1780554226.7413669,,,gpu-thermal,68.562
1780554226.7413669,,,soc0-thermal,66.0
1780554226.7413669,,,soc1-thermal,65.187
1780554226.7413669,,,soc2-thermal,66.312
1780554226.7413669,,,tj-thermal,68.562
1780554226.8468668,VDD_IN,9588.224,,
1780554226.8468668,VDD_CPU_GPU_CV,3838.464,,
1780554226.8468668,VDD_SOC,2157.76,,
1780554226.8468668,,,cpu-thermal,67.812
1780554226.8468668,,,gpu-thermal,68.968
1780554226.8468668,,,soc0-thermal,65.968
1780554226.8468668,,,soc1-thermal,65.25
1780554226.8468668,,,soc2-thermal,66.25
1780554226.8468668,,,tj-thermal,68.718
1780554226.9523556,VDD_IN,9824.0,,
1780554226.9523556,VDD_CPU_GPU_CV,3995.136,,
1780554226.9523556,VDD_SOC,2196.992,,
1780554226.9523556,,,cpu-thermal,67.593
1780554226.9523556,,,gpu-thermal,68.906
1780554226.9523556,,,soc0-thermal,65.968
1780554226.9523556,,,soc1-thermal,65.218
1780554226.9523556,,,soc2-thermal,66.343
1780554226.9523556,,,tj-thermal,68.906
1780554227.0578547,VDD_IN,9902.592,,
1780554227.0578547,VDD_CPU_GPU_CV,4034.304,,
1780554227.0578547,VDD_SOC,2196.992,,
1780554227.0578547,,,cpu-thermal,67.656
1780554227.0578547,,,gpu-thermal,68.625
1780554227.0578547,,,soc0-thermal,66.031
1780554227.0578547,,,soc1-thermal,65.406
1780554227.0578547,,,soc2-thermal,66.25
1780554227.0578547,,,tj-thermal,68.625
1780554227.1631017,VDD_IN,9824.0,,
1780554227.1631017,VDD_CPU_GPU_CV,3995.136,,
1780554227.1631017,VDD_SOC,2196.992,,
1780554227.1631017,,,cpu-thermal,67.687
1780554227.1631017,,,gpu-thermal,68.687
1780554227.1631017,,,soc0-thermal,66.187
1780554227.1631017,,,soc1-thermal,65.187
1780554227.1631017,,,soc2-thermal,66.468
1780554227.1631017,,,tj-thermal,68.687
1780554227.2688909,VDD_IN,9666.816,,
1780554227.2688909,VDD_CPU_GPU_CV,3877.632,,
1780554227.2688909,VDD_SOC,2157.76,,
1780554227.2688909,,,cpu-thermal,67.625
1780554227.2688909,,,gpu-thermal,68.593
1780554227.2688909,,,soc0-thermal,66.031
1780554227.2688909,,,soc1-thermal,65.187
1780554227.2688909,,,soc2-thermal,66.312
1780554227.2688909,,,tj-thermal,68.593
1780554227.3743486,VDD_IN,9548.928,,
1780554227.3743486,VDD_CPU_GPU_CV,3838.464,,
1780554227.3743486,VDD_SOC,2157.76,,
1780554227.3743486,,,cpu-thermal,67.625
1780554227.3743486,,,gpu-thermal,68.562
1780554227.3743486,,,soc0-thermal,66.031
1780554227.3743486,,,soc1-thermal,65.218
1780554227.3743486,,,soc2-thermal,66.343
1780554227.3743486,,,tj-thermal,68.562
1780554227.4797552,VDD_IN,9509.632,,
1780554227.4797552,VDD_CPU_GPU_CV,3799.296,,
1780554227.4797552,VDD_SOC,2118.528,,
1780554227.4797552,,,cpu-thermal,67.718
1780554227.4797552,,,gpu-thermal,68.593
1780554227.4797552,,,soc0-thermal,66.125
1780554227.4797552,,,soc1-thermal,65.406
1780554227.4797552,,,soc2-thermal,66.281
1780554227.4797552,,,tj-thermal,68.593
1780554227.5858867,VDD_IN,9470.336,,
1780554227.5858867,VDD_CPU_GPU_CV,3799.296,,
1780554227.5858867,VDD_SOC,2118.528,,
1780554227.5858867,,,cpu-thermal,67.593
1780554227.5858867,,,gpu-thermal,68.5
1780554227.5858867,,,soc0-thermal,66.0
1780554227.5858867,,,soc1-thermal,65.25
1780554227.5858867,,,soc2-thermal,66.343
1780554227.5858867,,,tj-thermal,68.5
1780554227.6919806,VDD_IN,9431.04,,
1780554227.6919806,VDD_CPU_GPU_CV,3760.128,,
1780554227.6919806,VDD_SOC,2118.528,,
1780554227.6919806,,,cpu-thermal,67.531
1780554227.6919806,,,gpu-thermal,68.843
1780554227.6919806,,,soc0-thermal,66.062
1780554227.6919806,,,soc1-thermal,65.187
1780554227.6919806,,,soc2-thermal,66.343
1780554227.6919806,,,tj-thermal,68.843
1780554227.7975771,VDD_IN,9431.04,,
1780554227.7975771,VDD_CPU_GPU_CV,3760.128,,
1780554227.7975771,VDD_SOC,2118.528,,
1780554227.7975771,,,cpu-thermal,67.625
1780554227.7975771,,,gpu-thermal,68.781
1780554227.7975771,,,soc0-thermal,66.031
1780554227.7975771,,,soc1-thermal,65.343
1780554227.7975771,,,soc2-thermal,66.281
1780554227.7975771,,,tj-thermal,68.781
1780554227.9033468,VDD_IN,9666.816,,
1780554227.9033468,VDD_CPU_GPU_CV,3877.632,,
1780554227.9033468,VDD_SOC,2161.28,,
1780554227.9033468,,,cpu-thermal,67.843
1780554227.9033468,,,gpu-thermal,68.718
1780554227.9033468,,,soc0-thermal,66.218
1780554227.9033468,,,soc1-thermal,65.218
1780554227.9033468,,,soc2-thermal,66.406
1780554227.9033468,,,tj-thermal,68.812
1780554228.0087519,VDD_IN,9863.296,,
1780554228.0087519,VDD_CPU_GPU_CV,3995.136,,
1780554228.0087519,VDD_SOC,2200.576,,
1780554228.0087519,,,cpu-thermal,67.625
1780554228.0087519,,,gpu-thermal,69.062
1780554228.0087519,,,soc0-thermal,66.0
1780554228.0087519,,,soc1-thermal,65.218
1780554228.0087519,,,soc2-thermal,66.375
1780554228.0087519,,,tj-thermal,69.062
1780554228.1143446,VDD_IN,9784.704,,
1780554228.1143446,VDD_CPU_GPU_CV,3955.968,,
1780554228.1143446,VDD_SOC,2200.576,,
1780554228.1143446,,,cpu-thermal,67.625
1780554228.1143446,,,gpu-thermal,68.875
1780554228.1143446,,,soc0-thermal,66.093
1780554228.1143446,,,soc1-thermal,65.312
1780554228.1143446,,,soc2-thermal,66.375
1780554228.1143446,,,tj-thermal,68.875
1780554228.2201607,VDD_IN,9666.816,,
1780554228.2201607,VDD_CPU_GPU_CV,3916.8,,
1780554228.2201607,VDD_SOC,2157.76,,
1780554228.2201607,,,cpu-thermal,67.781
1780554228.2201607,,,gpu-thermal,68.718
1780554228.2201607,,,soc0-thermal,66.218
1780554228.2201607,,,soc1-thermal,65.375
1780554228.2201607,,,soc2-thermal,66.375
1780554228.2201607,,,tj-thermal,68.718
1780554228.3255148,VDD_IN,9588.224,,
1780554228.3255148,VDD_CPU_GPU_CV,3877.632,,
1780554228.3255148,VDD_SOC,2157.76,,
1780554228.3255148,,,cpu-thermal,67.937
1780554228.3255148,,,gpu-thermal,68.687
1780554228.3255148,,,soc0-thermal,66.218
1780554228.3255148,,,soc1-thermal,65.187
1780554228.3255148,,,soc2-thermal,66.437
1780554228.3255148,,,tj-thermal,68.687
1780554228.4308298,VDD_IN,9548.928,,
1780554228.4308298,VDD_CPU_GPU_CV,3838.464,,
1780554228.4308298,VDD_SOC,2157.76,,
1780554228.4308298,,,cpu-thermal,67.968
1780554228.4308298,,,gpu-thermal,68.75
1780554228.4308298,,,soc0-thermal,66.125
1780554228.4308298,,,soc1-thermal,65.343
1780554228.4308298,,,soc2-thermal,66.312
1780554228.4308298,,,tj-thermal,68.625
1780554228.5363164,VDD_IN,9470.336,,
1780554228.5363164,VDD_CPU_GPU_CV,3799.296,,
1780554228.5363164,VDD_SOC,2118.528,,
1780554228.5363164,,,cpu-thermal,67.718
1780554228.5363164,,,gpu-thermal,68.687
1780554228.5363164,,,soc0-thermal,66.187
1780554228.5363164,,,soc1-thermal,65.343
1780554228.5363164,,,soc2-thermal,66.375
1780554228.5363164,,,tj-thermal,68.687
1780554228.6416833,VDD_IN,9431.04,,
1780554228.6416833,VDD_CPU_GPU_CV,3799.296,,
1780554228.6416833,VDD_SOC,2118.528,,
1780554228.6416833,,,cpu-thermal,67.906
1780554228.6416833,,,gpu-thermal,68.75
1780554228.6416833,,,soc0-thermal,66.125
1780554228.6416833,,,soc1-thermal,65.468
1780554228.6416833,,,soc2-thermal,66.406
1780554228.6416833,,,tj-thermal,68.75
1780554228.7472496,VDD_IN,9431.04,,
1780554228.7472496,VDD_CPU_GPU_CV,3760.128,,
1780554228.7472496,VDD_SOC,2118.528,,
1780554228.7472496,,,cpu-thermal,67.968
1780554228.7472496,,,gpu-thermal,68.593
1780554228.7472496,,,soc0-thermal,66.218
1780554228.7472496,,,soc1-thermal,65.25
1780554228.7472496,,,soc2-thermal,66.468
1780554228.7472496,,,tj-thermal,68.593
1780554228.8528821,VDD_IN,9588.224,,
1780554228.8528821,VDD_CPU_GPU_CV,3838.464,,
1780554228.8528821,VDD_SOC,2157.76,,
1780554228.8528821,,,cpu-thermal,67.968
1780554228.8528821,,,gpu-thermal,68.812
1780554228.8528821,,,soc0-thermal,66.156
1780554228.8528821,,,soc1-thermal,65.281
1780554228.8528821,,,soc2-thermal,66.375
1780554228.8528821,,,tj-thermal,69.062
1780554228.95835,VDD_IN,9784.704,,
1780554228.95835,VDD_CPU_GPU_CV,3955.968,,
1780554228.95835,VDD_SOC,2196.992,,
1780554228.95835,,,cpu-thermal,67.75
1780554228.95835,,,gpu-thermal,68.75
1780554228.95835,,,soc0-thermal,66.156
1780554228.95835,,,soc1-thermal,65.437
1780554228.95835,,,soc2-thermal,66.437
1780554228.95835,,,tj-thermal,68.75
1780554229.063659,VDD_IN,9863.296,,
1780554229.063659,VDD_CPU_GPU_CV,3995.136,,
1780554229.063659,VDD_SOC,2196.992,,
1780554229.063659,,,cpu-thermal,67.812
1780554229.063659,,,gpu-thermal,68.718
1780554229.063659,,,soc0-thermal,66.218
1780554229.063659,,,soc1-thermal,65.531
1780554229.063659,,,soc2-thermal,66.5
1780554229.063659,,,tj-thermal,68.718
1780554229.1691813,VDD_IN,9666.816,,
1780554229.1691813,VDD_CPU_GPU_CV,3877.632,,
1780554229.1691813,VDD_SOC,2157.76,,
1780554229.1691813,,,cpu-thermal,67.937
1780554229.1691813,,,gpu-thermal,68.937
1780554229.1691813,,,soc0-thermal,66.281
1780554229.1691813,,,soc1-thermal,65.343
1780554229.1691813,,,soc2-thermal,66.468
1780554229.1691813,,,tj-thermal,68.937
1780554229.2747166,VDD_IN,9588.224,,
1780554229.2747166,VDD_CPU_GPU_CV,3838.464,,
1780554229.2747166,VDD_SOC,2157.76,,
1780554229.2747166,,,cpu-thermal,67.968
1780554229.2747166,,,gpu-thermal,68.656
1780554229.2747166,,,soc0-thermal,66.125
1780554229.2747166,,,soc1-thermal,65.281
1780554229.2747166,,,soc2-thermal,66.406
1780554229.2747166,,,tj-thermal,68.906
1780554229.3802648,VDD_IN,9509.632,,
1780554229.3802648,VDD_CPU_GPU_CV,3838.464,,
1780554229.3802648,VDD_SOC,2157.76,,
1780554229.3802648,,,cpu-thermal,67.781
1780554229.3802648,,,gpu-thermal,68.687
1780554229.3802648,,,soc0-thermal,66.156
1780554229.3802648,,,soc1-thermal,65.468
1780554229.3802648,,,soc2-thermal,66.468
1780554229.3802648,,,tj-thermal,68.812
1780554229.4863818,VDD_IN,9470.336,,
1780554229.4863818,VDD_CPU_GPU_CV,3799.296,,
1780554229.4863818,VDD_SOC,2118.528,,
1780554229.4863818,,,cpu-thermal,67.843
1780554229.4863818,,,gpu-thermal,68.937
1780554229.4863818,,,soc0-thermal,66.125
1780554229.4863818,,,soc1-thermal,65.406
1780554229.4863818,,,soc2-thermal,66.437
1780554229.4863818,,,tj-thermal,68.937
1780554229.5921803,VDD_IN,9470.336,,
1780554229.5921803,VDD_CPU_GPU_CV,3760.128,,
1780554229.5921803,VDD_SOC,2118.528,,
1780554229.5921803,,,cpu-thermal,67.937
1780554229.5921803,,,gpu-thermal,68.812
1780554229.5921803,,,soc0-thermal,66.343
1780554229.5921803,,,soc1-thermal,65.375
1780554229.5921803,,,soc2-thermal,66.437
1780554229.5921803,,,tj-thermal,68.812
1780554229.6977754,VDD_IN,9431.04,,
1780554229.6977754,VDD_CPU_GPU_CV,3760.128,,
1780554229.6977754,VDD_SOC,2118.528,,
1780554229.6977754,,,cpu-thermal,67.781
1780554229.6977754,,,gpu-thermal,68.75
1780554229.6977754,,,soc0-thermal,66.156
1780554229.6977754,,,soc1-thermal,65.437
1780554229.6977754,,,soc2-thermal,66.468
1780554229.6977754,,,tj-thermal,68.75
1780554229.803307,VDD_IN,9431.04,,
1780554229.803307,VDD_CPU_GPU_CV,3760.128,,
1780554229.803307,VDD_SOC,2118.528,,
1780554229.803307,,,cpu-thermal,67.781
1780554229.803307,,,gpu-thermal,68.781
1780554229.803307,,,soc0-thermal,66.187
1780554229.803307,,,soc1-thermal,65.531
1780554229.803307,,,soc2-thermal,66.468
1780554229.803307,,,tj-thermal,68.781
1780554229.90868,VDD_IN,9706.112,,
1780554229.90868,VDD_CPU_GPU_CV,3916.8,,
1780554229.90868,VDD_SOC,2157.76,,
1780554229.90868,,,cpu-thermal,67.843
1780554229.90868,,,gpu-thermal,69.0
1780554229.90868,,,soc0-thermal,66.218
1780554229.90868,,,soc1-thermal,65.312
1780554229.90868,,,soc2-thermal,66.531
1780554229.90868,,,tj-thermal,68.906
1780554230.0145714,VDD_IN,9902.592,,
1780554230.0145714,VDD_CPU_GPU_CV,3995.136,,
1780554230.0145714,VDD_SOC,2196.992,,
1780554230.0145714,,,cpu-thermal,67.875
1780554230.0145714,,,gpu-thermal,68.968
1780554230.0145714,,,soc0-thermal,66.187
1780554230.0145714,,,soc1-thermal,65.437
1780554230.0145714,,,soc2-thermal,66.437
1780554230.0145714,,,tj-thermal,68.968
1780554230.1201274,VDD_IN,9784.704,,
1780554230.1201274,VDD_CPU_GPU_CV,3955.968,,
1780554230.1201274,VDD_SOC,2196.992,,
1780554230.1201274,,,cpu-thermal,67.781
1780554230.1201274,,,gpu-thermal,68.75
1780554230.1201274,,,soc0-thermal,66.093
1780554230.1201274,,,soc1-thermal,65.375
1780554230.1201274,,,soc2-thermal,66.468
1780554230.1201274,,,tj-thermal,68.75
1780554230.2257426,VDD_IN,9706.112,,
1780554230.2257426,VDD_CPU_GPU_CV,3916.8,,
1780554230.2257426,VDD_SOC,2157.76,,
1780554230.2257426,,,cpu-thermal,67.906
1780554230.2257426,,,gpu-thermal,68.75
1780554230.2257426,,,soc0-thermal,66.281
1780554230.2257426,,,soc1-thermal,65.531
1780554230.2257426,,,soc2-thermal,66.468
1780554230.2257426,,,tj-thermal,68.75
1780554230.3316312,VDD_IN,9666.816,,
1780554230.3316312,VDD_CPU_GPU_CV,3877.632,,
1780554230.3316312,VDD_SOC,2157.76,,
1780554230.3316312,,,cpu-thermal,68.156
1780554230.3316312,,,gpu-thermal,69.062
1780554230.3316312,,,soc0-thermal,66.281
1780554230.3316312,,,soc1-thermal,65.468
1780554230.3316312,,,soc2-thermal,66.531
1780554230.3316312,,,tj-thermal,69.062
1780554230.437519,VDD_IN,9548.928,,
1780554230.437519,VDD_CPU_GPU_CV,3838.464,,
1780554230.437519,VDD_SOC,2157.76,,
1780554230.437519,,,cpu-thermal,67.812
1780554230.437519,,,gpu-thermal,68.781
1780554230.437519,,,soc0-thermal,66.187
1780554230.437519,,,soc1-thermal,65.437
1780554230.437519,,,soc2-thermal,66.562
1780554230.437519,,,tj-thermal,68.781
1780554230.543429,VDD_IN,9470.336,,
1780554230.543429,VDD_CPU_GPU_CV,3799.296,,
1780554230.543429,VDD_SOC,2118.528,,
1780554230.543429,,,cpu-thermal,67.75
1780554230.543429,,,gpu-thermal,68.687
1780554230.543429,,,soc0-thermal,66.25
1780554230.543429,,,soc1-thermal,65.593
1780554230.543429,,,soc2-thermal,66.562
1780554230.543429,,,tj-thermal,68.781
1780554230.6492555,VDD_IN,9470.336,,
1780554230.6492555,VDD_CPU_GPU_CV,3799.296,,
1780554230.6492555,VDD_SOC,2118.528,,
1780554230.6492555,,,cpu-thermal,68.0
1780554230.6492555,,,gpu-thermal,69.062
1780554230.6492555,,,soc0-thermal,66.343
1780554230.6492555,,,soc1-thermal,65.281
1780554230.6492555,,,soc2-thermal,66.625
1780554230.6492555,,,tj-thermal,69.062
1780554230.7547464,VDD_IN,9391.744,,
1780554230.7547464,VDD_CPU_GPU_CV,3760.128,,
1780554230.7547464,VDD_SOC,2118.528,,
1780554230.7547464,,,cpu-thermal,68.156
1780554230.7547464,,,gpu-thermal,68.875
1780554230.7547464,,,soc0-thermal,66.25
1780554230.7547464,,,soc1-thermal,65.375
1780554230.7547464,,,soc2-thermal,66.656
1780554230.7547464,,,tj-thermal,68.875
1780554230.8601513,VDD_IN,9588.224,,
1780554230.8601513,VDD_CPU_GPU_CV,3838.464,,
1780554230.8601513,VDD_SOC,2161.28,,
1780554230.8601513,,,cpu-thermal,67.812
1780554230.8601513,,,gpu-thermal,68.906
1780554230.8601513,,,soc0-thermal,66.218
1780554230.8601513,,,soc1-thermal,65.562
1780554230.8601513,,,soc2-thermal,66.562
1780554230.8601513,,,tj-thermal,68.906
1780554230.9658146,VDD_IN,9784.704,,
1780554230.9658146,VDD_CPU_GPU_CV,3995.136,,
1780554230.9658146,VDD_SOC,2200.576,,
1780554230.9658146,,,cpu-thermal,67.937
1780554230.9658146,,,gpu-thermal,69.218
1780554230.9658146,,,soc0-thermal,66.343
1780554230.9658146,,,soc1-thermal,65.562
1780554230.9658146,,,soc2-thermal,66.562
1780554230.9658146,,,tj-thermal,68.843
1780554231.0713627,VDD_IN,9824.0,,
1780554231.0713627,VDD_CPU_GPU_CV,3995.136,,
1780554231.0713627,VDD_SOC,2200.576,,
1780554231.0713627,,,cpu-thermal,68.0
1780554231.0713627,,,gpu-thermal,69.0
1780554231.0713627,,,soc0-thermal,66.343
1780554231.0713627,,,soc1-thermal,65.375
1780554231.0713627,,,soc2-thermal,66.5
1780554231.0713627,,,tj-thermal,68.75
1780554231.1773827,VDD_IN,9706.112,,
1780554231.1773827,VDD_CPU_GPU_CV,3916.8,,
1780554231.1773827,VDD_SOC,2161.28,,
1780554231.1773827,,,cpu-thermal,68.156
1780554231.1773827,,,gpu-thermal,68.843
1780554231.1773827,,,soc0-thermal,66.281
1780554231.1773827,,,soc1-thermal,65.437
1780554231.1773827,,,soc2-thermal,66.531
1780554231.1773827,,,tj-thermal,69.125
1780554231.2831633,VDD_IN,9627.52,,
1780554231.2831633,VDD_CPU_GPU_CV,3877.632,,
1780554231.2831633,VDD_SOC,2157.76,,
1780554231.2831633,,,cpu-thermal,67.968
1780554231.2831633,,,gpu-thermal,68.812
1780554231.2831633,,,soc0-thermal,66.312
1780554231.2831633,,,soc1-thermal,65.468
1780554231.2831633,,,soc2-thermal,66.5
1780554231.2831633,,,tj-thermal,68.812
1780554231.3886158,VDD_IN,9548.928,,
1780554231.3886158,VDD_CPU_GPU_CV,3838.464,,
1780554231.3886158,VDD_SOC,2157.76,,
1780554231.3886158,,,cpu-thermal,67.968
1780554231.3886158,,,gpu-thermal,68.812
1780554231.3886158,,,soc0-thermal,66.343
1780554231.3886158,,,soc1-thermal,65.656
1780554231.3886158,,,soc2-thermal,66.562
1780554231.3886158,,,tj-thermal,68.812
1780554231.4941366,VDD_IN,9509.632,,
1780554231.4941366,VDD_CPU_GPU_CV,3838.464,,
1780554231.4941366,VDD_SOC,2118.528,,
1780554231.4941366,,,cpu-thermal,67.968
1780554231.4941366,,,gpu-thermal,69.156
1780554231.4941366,,,soc0-thermal,66.468
1780554231.4941366,,,soc1-thermal,65.5
1780554231.4941366,,,soc2-thermal,66.562
1780554231.4941366,,,tj-thermal,69.156
1780554231.5997005,VDD_IN,9470.336,,
1780554231.5997005,VDD_CPU_GPU_CV,3799.296,,
1780554231.5997005,VDD_SOC,2118.528,,
1780554231.5997005,,,cpu-thermal,67.937
1780554231.5997005,,,gpu-thermal,68.843
1780554231.5997005,,,soc0-thermal,66.281
1780554231.5997005,,,soc1-thermal,65.562
1780554231.5997005,,,soc2-thermal,66.468
1780554231.5997005,,,tj-thermal,68.875
1780554231.7052455,VDD_IN,9431.04,,
1780554231.7052455,VDD_CPU_GPU_CV,3799.296,,
1780554231.7052455,VDD_SOC,2118.528,,
1780554231.7052455,,,cpu-thermal,67.968
1780554231.7052455,,,gpu-thermal,68.718
1780554231.7052455,,,soc0-thermal,66.25
1780554231.7052455,,,soc1-thermal,65.562
1780554231.7052455,,,soc2-thermal,66.5
1780554231.7052455,,,tj-thermal,68.718
1780554231.8106563,VDD_IN,9509.632,,
1780554231.8106563,VDD_CPU_GPU_CV,3838.464,,
1780554231.8106563,VDD_SOC,2118.528,,
1780554231.8106563,,,cpu-thermal,67.937
1780554231.8106563,,,gpu-thermal,69.187
1780554231.8106563,,,soc0-thermal,66.343
1780554231.8106563,,,soc1-thermal,65.75
1780554231.8106563,,,soc2-thermal,66.562
1780554231.8106563,,,tj-thermal,69.187
1780554231.9163783,VDD_IN,9706.112,,
1780554231.9163783,VDD_CPU_GPU_CV,3955.968,,
1780554231.9163783,VDD_SOC,2161.28,,
1780554231.9163783,,,cpu-thermal,68.0
1780554231.9163783,,,gpu-thermal,69.156
1780554231.9163783,,,soc0-thermal,66.468
1780554231.9163783,,,soc1-thermal,65.437
1780554231.9163783,,,soc2-thermal,66.75
1780554231.9163783,,,tj-thermal,69.156
1780554232.0217197,VDD_IN,9902.592,,
1780554232.0217197,VDD_CPU_GPU_CV,4034.304,,
1780554232.0217197,VDD_SOC,2200.576,,
1780554232.0217197,,,cpu-thermal,67.937
1780554232.0217197,,,gpu-thermal,68.968
1780554232.0217197,,,soc0-thermal,66.281
1780554232.0217197,,,soc1-thermal,65.531
1780554232.0217197,,,soc2-thermal,66.625
1780554232.0217197,,,tj-thermal,69.031
1780554232.1271431,VDD_IN,9745.408,,
1780554232.1271431,VDD_CPU_GPU_CV,3955.968,,
1780554232.1271431,VDD_SOC,2200.576,,
1780554232.1271431,,,cpu-thermal,67.968
1780554232.1271431,,,gpu-thermal,69.093
1780554232.1271431,,,soc0-thermal,66.343
1780554232.1271431,,,soc1-thermal,65.687
1780554232.1271431,,,soc2-thermal,66.562
1780554232.1271431,,,tj-thermal,69.093
1780554232.2325222,VDD_IN,9666.816,,
1780554232.2325222,VDD_CPU_GPU_CV,3916.8,,
1780554232.2325222,VDD_SOC,2161.28,,
1780554232.2325222,,,cpu-thermal,68.0
1780554232.2325222,,,gpu-thermal,69.062
1780554232.2325222,,,soc0-thermal,66.375
1780554232.2325222,,,soc1-thermal,65.781
1780554232.2325222,,,soc2-thermal,66.593
1780554232.2325222,,,tj-thermal,69.062
1780554232.3379822,VDD_IN,9588.224,,
1780554232.3379822,VDD_CPU_GPU_CV,3877.632,,
1780554232.3379822,VDD_SOC,2157.76,,
1780554232.3379822,,,cpu-thermal,67.937
1780554232.3379822,,,gpu-thermal,68.875
1780554232.3379822,,,soc0-thermal,66.312
1780554232.3379822,,,soc1-thermal,65.593
1780554232.3379822,,,soc2-thermal,66.593
1780554232.3379822,,,tj-thermal,68.875
1780554232.4440591,VDD_IN,9509.632,,
1780554232.4440591,VDD_CPU_GPU_CV,3838.464,,
1780554232.4440591,VDD_SOC,2157.76,,
1780554232.4440591,,,cpu-thermal,67.937
1780554232.4440591,,,gpu-thermal,68.843
1780554232.4440591,,,soc0-thermal,66.312
1780554232.4440591,,,soc1-thermal,65.562
1780554232.4440591,,,soc2-thermal,66.625
1780554232.4440591,,,tj-thermal,68.843
1780554232.54958,VDD_IN,9509.632,,
1780554232.54958,VDD_CPU_GPU_CV,3799.296,,
1780554232.54958,VDD_SOC,2118.528,,
1780554232.54958,,,cpu-thermal,67.968
1780554232.54958,,,gpu-thermal,68.937
1780554232.54958,,,soc0-thermal,66.437
1780554232.54958,,,soc1-thermal,65.562
1780554232.54958,,,soc2-thermal,66.593
1780554232.54958,,,tj-thermal,68.75
1780554232.6549325,VDD_IN,9431.04,,
1780554232.6549325,VDD_CPU_GPU_CV,3799.296,,
1780554232.6549325,VDD_SOC,2118.528,,
1780554232.6549325,,,cpu-thermal,67.937
1780554232.6549325,,,gpu-thermal,68.875
1780554232.6549325,,,soc0-thermal,66.375
1780554232.6549325,,,soc1-thermal,65.5
1780554232.6549325,,,soc2-thermal,66.562
1780554232.6549325,,,tj-thermal,68.875
1780554232.7604516,VDD_IN,9431.04,,
1780554232.7604516,VDD_CPU_GPU_CV,3760.128,,
1780554232.7604516,VDD_SOC,2118.528,,
1780554232.7604516,,,cpu-thermal,67.968
1780554232.7604516,,,gpu-thermal,68.843
1780554232.7604516,,,soc0-thermal,66.531
1780554232.7604516,,,soc1-thermal,65.625
1780554232.7604516,,,soc2-thermal,66.625
1780554232.7604516,,,tj-thermal,68.843
1780554232.8659341,VDD_IN,9627.52,,
1780554232.8659341,VDD_CPU_GPU_CV,3877.632,,
1780554232.8659341,VDD_SOC,2157.76,,
1780554232.8659341,,,cpu-thermal,67.937
1780554232.8659341,,,gpu-thermal,69.031
1780554232.8659341,,,soc0-thermal,66.375
1780554232.8659341,,,soc1-thermal,65.656
1780554232.8659341,,,soc2-thermal,66.562
1780554232.8659341,,,tj-thermal,69.031
1780554232.97132,VDD_IN,9824.0,,
1780554232.97132,VDD_CPU_GPU_CV,3995.136,,
1780554232.97132,VDD_SOC,2200.576,,
1780554232.97132,,,cpu-thermal,67.968
1780554232.97132,,,gpu-thermal,69.125
1780554232.97132,,,soc0-thermal,66.5
1780554232.97132,,,soc1-thermal,65.718
1780554232.97132,,,soc2-thermal,66.562
1780554232.97132,,,tj-thermal,69.375
1780554233.0768976,VDD_IN,9784.704,,
1780554233.0768976,VDD_CPU_GPU_CV,3955.968,,
1780554233.0768976,VDD_SOC,2200.576,,
1780554233.0768976,,,cpu-thermal,68.125
1780554233.0768976,,,gpu-thermal,68.937
1780554233.0768976,,,soc0-thermal,66.468
1780554233.0768976,,,soc1-thermal,65.75
1780554233.0768976,,,soc2-thermal,66.656
1780554233.0768976,,,tj-thermal,68.937
1780554233.1822162,VDD_IN,9745.408,,
1780554233.1822162,VDD_CPU_GPU_CV,3916.8,,
1780554233.1822162,VDD_SOC,2196.992,,
1780554233.1822162,,,cpu-thermal,68.312
1780554233.1822162,,,gpu-thermal,69.0
1780554233.1822162,,,soc0-thermal,66.406
1780554233.1822162,,,soc1-thermal,65.656
1780554233.1822162,,,soc2-thermal,66.656
1780554233.1822162,,,tj-thermal,69.0
1780554233.287734,VDD_IN,9588.224,,
1780554233.287734,VDD_CPU_GPU_CV,3877.632,,
1780554233.287734,VDD_SOC,2157.76,,
1780554233.287734,,,cpu-thermal,68.0
1780554233.287734,,,gpu-thermal,69.156
1780554233.287734,,,soc0-thermal,66.343
1780554233.287734,,,soc1-thermal,65.625
1780554233.287734,,,soc2-thermal,66.687
1780554233.287734,,,tj-thermal,69.156
1780554233.3937998,VDD_IN,9548.928,,
1780554233.3937998,VDD_CPU_GPU_CV,3838.464,,
1780554233.3937998,VDD_SOC,2157.76,,
1780554233.3937998,,,cpu-thermal,68.093
1780554233.3937998,,,gpu-thermal,69.125
1780554233.3937998,,,soc0-thermal,66.406
1780554233.3937998,,,soc1-thermal,65.718
1780554233.3937998,,,soc2-thermal,66.718
1780554233.3937998,,,tj-thermal,69.125
1780554233.4992638,VDD_IN,9509.632,,
1780554233.4992638,VDD_CPU_GPU_CV,3799.296,,
1780554233.4992638,VDD_SOC,2157.76,,
1780554233.4992638,,,cpu-thermal,68.187
1780554233.4992638,,,gpu-thermal,68.843
1780554233.4992638,,,soc0-thermal,66.5
1780554233.4992638,,,soc1-thermal,65.625
1780554233.4992638,,,soc2-thermal,66.75
1780554233.4992638,,,tj-thermal,69.031
1780554233.6049664,VDD_IN,9431.04,,
1780554233.6049664,VDD_CPU_GPU_CV,3760.128,,
1780554233.6049664,VDD_SOC,2118.528,,
1780554233.6049664,,,cpu-thermal,68.25
1780554233.6049664,,,gpu-thermal,69.218
1780554233.6049664,,,soc0-thermal,66.437
1780554233.6049664,,,soc1-thermal,65.656
1780554233.6049664,,,soc2-thermal,66.625
1780554233.6049664,,,tj-thermal,69.218
1780554233.7103431,VDD_IN,9431.04,,
1780554233.7103431,VDD_CPU_GPU_CV,3760.128,,
1780554233.7103431,VDD_SOC,2118.528,,
1780554233.7103431,,,cpu-thermal,68.031
1780554233.7103431,,,gpu-thermal,69.156
1780554233.7103431,,,soc0-thermal,66.312
1780554233.7103431,,,soc1-thermal,65.781
1780554233.7103431,,,soc2-thermal,66.718
1780554233.7103431,,,tj-thermal,69.156
1780554233.816062,VDD_IN,9509.632,,
1780554233.816062,VDD_CPU_GPU_CV,3799.296,,
1780554233.816062,VDD_SOC,2157.76,,
1780554233.816062,,,cpu-thermal,68.125
1780554233.816062,,,gpu-thermal,69.093
1780554233.816062,,,soc0-thermal,66.406
1780554233.816062,,,soc1-thermal,65.843
1780554233.816062,,,soc2-thermal,66.718
1780554233.816062,,,tj-thermal,69.093
1780554233.9214525,VDD_IN,9745.408,,
1780554233.9214525,VDD_CPU_GPU_CV,3955.968,,
1780554233.9214525,VDD_SOC,2196.992,,
1780554233.9214525,,,cpu-thermal,68.093
1780554233.9214525,,,gpu-thermal,69.343
1780554233.9214525,,,soc0-thermal,66.531
1780554233.9214525,,,soc1-thermal,65.718
1780554233.9214525,,,soc2-thermal,66.718
1780554233.9214525,,,tj-thermal,69.062
1780554234.027345,VDD_IN,9863.296,,
1780554234.027345,VDD_CPU_GPU_CV,4034.304,,
1780554234.027345,VDD_SOC,2200.576,,
1780554234.027345,,,cpu-thermal,68.25
1780554234.027345,,,gpu-thermal,69.156
1780554234.027345,,,soc0-thermal,66.343
1780554234.027345,,,soc1-thermal,65.625
1780554234.027345,,,soc2-thermal,66.718
1780554234.027345,,,tj-thermal,69.031
1780554234.1328323,VDD_IN,9784.704,,
1780554234.1328323,VDD_CPU_GPU_CV,3955.968,,
1780554234.1328323,VDD_SOC,2196.992,,
1780554234.1328323,,,cpu-thermal,68.0
1780554234.1328323,,,gpu-thermal,69.156
1780554234.1328323,,,soc0-thermal,66.5
1780554234.1328323,,,soc1-thermal,65.781
1780554234.1328323,,,soc2-thermal,66.718
1780554234.1328323,,,tj-thermal,69.156
1780554234.2385774,VDD_IN,9706.112,,
1780554234.2385774,VDD_CPU_GPU_CV,3916.8,,
1780554234.2385774,VDD_SOC,2157.76,,
1780554234.2385774,,,cpu-thermal,68.093
1780554234.2385774,,,gpu-thermal,69.031
1780554234.2385774,,,soc0-thermal,66.5
1780554234.2385774,,,soc1-thermal,65.687
1780554234.2385774,,,soc2-thermal,66.718
1780554234.2385774,,,tj-thermal,69.031
1780554234.344023,VDD_IN,9666.816,,
1780554234.344023,VDD_CPU_GPU_CV,3916.8,,
1780554234.344023,VDD_SOC,2157.76,,
1780554234.344023,,,cpu-thermal,68.218
1780554234.344023,,,gpu-thermal,68.937
1780554234.344023,,,soc0-thermal,66.437
1780554234.344023,,,soc1-thermal,65.656
1780554234.344023,,,soc2-thermal,66.718
1780554234.344023,,,tj-thermal,68.937
1780554234.4495907,VDD_IN,9588.224,,
1780554234.4495907,VDD_CPU_GPU_CV,3877.632,,
1780554234.4495907,VDD_SOC,2157.76,,
1780554234.4495907,,,cpu-thermal,68.062
1780554234.4495907,,,gpu-thermal,69.0
1780554234.4495907,,,soc0-thermal,66.437
1780554234.4495907,,,soc1-thermal,65.75
1780554234.4495907,,,soc2-thermal,66.718
1780554234.4495907,,,tj-thermal,69.281
1780554234.5550704,VDD_IN,9548.928,,
1780554234.5550704,VDD_CPU_GPU_CV,3838.464,,
1780554234.5550704,VDD_SOC,2157.76,,
1780554234.5550704,,,cpu-thermal,68.093
1780554234.5550704,,,gpu-thermal,68.968
1780554234.5550704,,,soc0-thermal,66.437
1780554234.5550704,,,soc1-thermal,65.687
1780554234.5550704,,,soc2-thermal,66.718
1780554234.5550704,,,tj-thermal,68.968
1780554234.660441,VDD_IN,9509.632,,
1780554234.660441,VDD_CPU_GPU_CV,3799.296,,
1780554234.660441,VDD_SOC,2157.76,,
1780554234.660441,,,cpu-thermal,68.093
1780554234.660441,,,gpu-thermal,68.968
1780554234.660441,,,soc0-thermal,66.5
1780554234.660441,,,soc1-thermal,65.875
1780554234.660441,,,soc2-thermal,66.75
1780554234.660441,,,tj-thermal,68.968
1780554234.7662687,VDD_IN,9509.632,,
1780554234.7662687,VDD_CPU_GPU_CV,3799.296,,
1780554234.7662687,VDD_SOC,2118.528,,
1780554234.7662687,,,cpu-thermal,68.125
1780554234.7662687,,,gpu-thermal,69.281
1780554234.7662687,,,soc0-thermal,66.406
1780554234.7662687,,,soc1-thermal,65.718
1780554234.7662687,,,soc2-thermal,66.718
1780554234.7662687,,,tj-thermal,69.281
1780554234.8718293,VDD_IN,9706.112,,
1780554234.8718293,VDD_CPU_GPU_CV,3916.8,,
1780554234.8718293,VDD_SOC,2157.76,,
1780554234.8718293,,,cpu-thermal,68.031
1780554234.8718293,,,gpu-thermal,69.062
1780554234.8718293,,,soc0-thermal,66.468
1780554234.8718293,,,soc1-thermal,65.75
1780554234.8718293,,,soc2-thermal,66.718
1780554234.8718293,,,tj-thermal,69.312
1780554234.9771445,VDD_IN,9902.592,,
1780554234.9771445,VDD_CPU_GPU_CV,3995.136,,
1780554234.9771445,VDD_SOC,2200.576,,
1780554234.9771445,,,cpu-thermal,68.093
1780554234.9771445,,,gpu-thermal,69.562
1780554234.9771445,,,soc0-thermal,66.406
1780554234.9771445,,,soc1-thermal,65.812
1780554234.9771445,,,soc2-thermal,66.75
1780554234.9771445,,,tj-thermal,69.562
1780554235.0826213,VDD_IN,9863.296,,
1780554235.0826213,VDD_CPU_GPU_CV,3995.136,,
1780554235.0826213,VDD_SOC,2200.576,,
1780554235.0826213,,,cpu-thermal,68.125
1780554235.0826213,,,gpu-thermal,69.312
1780554235.0826213,,,soc0-thermal,66.531
1780554235.0826213,,,soc1-thermal,65.687
1780554235.0826213,,,soc2-thermal,66.781
1780554235.0826213,,,tj-thermal,69.312
1780554235.1882598,VDD_IN,9745.408,,
1780554235.1882598,VDD_CPU_GPU_CV,3955.968,,
1780554235.1882598,VDD_SOC,2200.576,,
1780554235.1882598,,,cpu-thermal,68.031
1780554235.1882598,,,gpu-thermal,69.25
1780554235.1882598,,,soc0-thermal,66.468
1780554235.1882598,,,soc1-thermal,65.75
1780554235.1882598,,,soc2-thermal,66.656
1780554235.1882598,,,tj-thermal,69.25
1780554235.2936163,VDD_IN,9666.816,,
1780554235.2936163,VDD_CPU_GPU_CV,3916.8,,
1780554235.2936163,VDD_SOC,2161.28,,
1780554235.2936163,,,cpu-thermal,68.125
1780554235.2936163,,,gpu-thermal,69.093
1780554235.2936163,,,soc0-thermal,66.5
1780554235.2936163,,,soc1-thermal,65.75
1780554235.2936163,,,soc2-thermal,66.75
1780554235.2936163,,,tj-thermal,69.093
1780554235.3994453,VDD_IN,9627.52,,
1780554235.3994453,VDD_CPU_GPU_CV,3877.632,,
1780554235.3994453,VDD_SOC,2157.76,,
1780554235.3994453,,,cpu-thermal,68.156
1780554235.3994453,,,gpu-thermal,69.312
1780554235.3994453,,,soc0-thermal,66.5
1780554235.3994453,,,soc1-thermal,65.875
1780554235.3994453,,,soc2-thermal,66.718
1780554235.3994453,,,tj-thermal,68.937
1780554235.5052845,VDD_IN,9548.928,,
1780554235.5052845,VDD_CPU_GPU_CV,3838.464,,
1780554235.5052845,VDD_SOC,2157.76,,
1780554235.5052845,,,cpu-thermal,68.375
1780554235.5052845,,,gpu-thermal,69.156
1780554235.5052845,,,soc0-thermal,66.562
1780554235.5052845,,,soc1-thermal,65.75
1780554235.5052845,,,soc2-thermal,66.875
1780554235.5052845,,,tj-thermal,69.156
1780554235.6107507,VDD_IN,9548.928,,
1780554235.6107507,VDD_CPU_GPU_CV,3838.464,,
1780554235.6107507,VDD_SOC,2157.76,,
1780554235.6107507,,,cpu-thermal,68.125
1780554235.6107507,,,gpu-thermal,69.093
1780554235.6107507,,,soc0-thermal,66.468
1780554235.6107507,,,soc1-thermal,65.75
1780554235.6107507,,,soc2-thermal,66.781
1780554235.6107507,,,tj-thermal,69.093
1780554235.7168393,VDD_IN,9509.632,,
1780554235.7168393,VDD_CPU_GPU_CV,3799.296,,
1780554235.7168393,VDD_SOC,2118.528,,
1780554235.7168393,,,cpu-thermal,68.125
1780554235.7168393,,,gpu-thermal,69.093
1780554235.7168393,,,soc0-thermal,66.5
1780554235.7168393,,,soc1-thermal,65.812
1780554235.7168393,,,soc2-thermal,66.75
1780554235.7168393,,,tj-thermal,69.093
1780554235.8223956,VDD_IN,9548.928,,
1780554235.8223956,VDD_CPU_GPU_CV,3838.464,,
1780554235.8223956,VDD_SOC,2157.76,,
1780554235.8223956,,,cpu-thermal,68.187
1780554235.8223956,,,gpu-thermal,69.156
1780554235.8223956,,,soc0-thermal,66.562
1780554235.8223956,,,soc1-thermal,65.718
1780554235.8223956,,,soc2-thermal,66.843
1780554235.8223956,,,tj-thermal,69.156
1780554235.9283369,VDD_IN,9784.704,,
1780554235.9283369,VDD_CPU_GPU_CV,3955.968,,
1780554235.9283369,VDD_SOC,2196.992,,
1780554235.9283369,,,cpu-thermal,68.406
1780554235.9283369,,,gpu-thermal,69.562
1780554235.9283369,,,soc0-thermal,66.468
1780554235.9283369,,,soc1-thermal,65.75
1780554235.9283369,,,soc2-thermal,66.875
1780554235.9283369,,,tj-thermal,69.562
1780554236.0337102,VDD_IN,9941.888,,
1780554236.0337102,VDD_CPU_GPU_CV,4034.304,,
1780554236.0337102,VDD_SOC,2200.576,,
1780554236.0337102,,,cpu-thermal,68.437
1780554236.0337102,,,gpu-thermal,69.187
1780554236.0337102,,,soc0-thermal,66.562
1780554236.0337102,,,soc1-thermal,65.875
1780554236.0337102,,,soc2-thermal,66.718
1780554236.0337102,,,tj-thermal,69.343
1780554236.1394303,VDD_IN,9824.0,,
1780554236.1394303,VDD_CPU_GPU_CV,3995.136,,
1780554236.1394303,VDD_SOC,2196.992,,
1780554236.1394303,,,cpu-thermal,68.312
1780554236.1394303,,,gpu-thermal,69.156
1780554236.1394303,,,soc0-thermal,66.5
1780554236.1394303,,,soc1-thermal,65.875
1780554236.1394303,,,soc2-thermal,66.781
1780554236.1394303,,,tj-thermal,69.156
1780554236.245378,VDD_IN,9745.408,,
1780554236.245378,VDD_CPU_GPU_CV,3955.968,,
1780554236.245378,VDD_SOC,2196.992,,
1780554236.245378,,,cpu-thermal,68.343
1780554236.245378,,,gpu-thermal,69.375
1780554236.245378,,,soc0-thermal,66.656
1780554236.245378,,,soc1-thermal,65.843
1780554236.245378,,,soc2-thermal,66.968
1780554236.245378,,,tj-thermal,69.375
1780554236.3510656,VDD_IN,9745.408,,
1780554236.3510656,VDD_CPU_GPU_CV,3955.968,,
1780554236.3510656,VDD_SOC,2157.76,,
1780554236.3510656,,,cpu-thermal,68.375
1780554236.3510656,,,gpu-thermal,69.312
1780554236.3510656,,,soc0-thermal,66.531
1780554236.3510656,,,soc1-thermal,65.875
1780554236.3510656,,,soc2-thermal,66.906
1780554236.3510656,,,tj-thermal,69.312
1780554236.456737,VDD_IN,9627.52,,
1780554236.456737,VDD_CPU_GPU_CV,3916.8,,
1780554236.456737,VDD_SOC,2157.76,,
1780554236.456737,,,cpu-thermal,68.281
1780554236.456737,,,gpu-thermal,69.218
1780554236.456737,,,soc0-thermal,66.593
1780554236.456737,,,soc1-thermal,65.875
1780554236.456737,,,soc2-thermal,66.875
1780554236.456737,,,tj-thermal,69.218
1780554236.5624175,VDD_IN,9588.224,,
1780554236.5624175,VDD_CPU_GPU_CV,3877.632,,
1780554236.5624175,VDD_SOC,2157.76,,
1780554236.5624175,,,cpu-thermal,68.281
1780554236.5624175,,,gpu-thermal,69.343
1780554236.5624175,,,soc0-thermal,66.625
1780554236.5624175,,,soc1-thermal,65.906
1780554236.5624175,,,soc2-thermal,66.906
1780554236.5624175,,,tj-thermal,69.187
1780554236.6679757,VDD_IN,9627.52,,
1780554236.6679757,VDD_CPU_GPU_CV,3877.632,,
1780554236.6679757,VDD_SOC,2157.76,,
1780554236.6679757,,,cpu-thermal,68.343
1780554236.6679757,,,gpu-thermal,69.343
1780554236.6679757,,,soc0-thermal,66.593
1780554236.6679757,,,soc1-thermal,65.812
1780554236.6679757,,,soc2-thermal,66.875
1780554236.6679757,,,tj-thermal,69.093
1780554236.7736309,VDD_IN,9548.928,,
1780554236.7736309,VDD_CPU_GPU_CV,3877.632,,
1780554236.7736309,VDD_SOC,2157.76,,
1780554236.7736309,,,cpu-thermal,68.25
1780554236.7736309,,,gpu-thermal,69.218
1780554236.7736309,,,soc0-thermal,66.562
1780554236.7736309,,,soc1-thermal,65.812
1780554236.7736309,,,soc2-thermal,66.906
1780554236.7736309,,,tj-thermal,69.218
1780554236.8796225,VDD_IN,9784.704,,
1780554236.8796225,VDD_CPU_GPU_CV,3995.136,,
1780554236.8796225,VDD_SOC,2196.992,,
1780554236.8796225,,,cpu-thermal,68.218
1780554236.8796225,,,gpu-thermal,69.343
1780554236.8796225,,,soc0-thermal,66.562
1780554236.8796225,,,soc1-thermal,65.843
1780554236.8796225,,,soc2-thermal,66.875
1780554236.8796225,,,tj-thermal,69.343
1780554236.985222,VDD_IN,9941.888,,
1780554236.985222,VDD_CPU_GPU_CV,4073.472,,
1780554236.985222,VDD_SOC,2200.576,,
1780554236.985222,,,cpu-thermal,68.281
1780554236.985222,,,gpu-thermal,69.343
1780554236.985222,,,soc0-thermal,66.656
1780554236.985222,,,soc1-thermal,66.0
1780554236.985222,,,soc2-thermal,66.937
1780554236.985222,,,tj-thermal,69.343
1780554237.0905797,VDD_IN,9863.296,,
1780554237.0905797,VDD_CPU_GPU_CV,4034.304,,
1780554237.0905797,VDD_SOC,2200.576,,
1780554237.0905797,,,cpu-thermal,68.218
1780554237.0905797,,,gpu-thermal,69.343
1780554237.0905797,,,soc0-thermal,66.593
1780554237.0905797,,,soc1-thermal,65.843
1780554237.0905797,,,soc2-thermal,67.062
1780554237.0905797,,,tj-thermal,69.562
1780554237.1961348,VDD_IN,9824.0,,
1780554237.1961348,VDD_CPU_GPU_CV,3995.136,,
1780554237.1961348,VDD_SOC,2200.576,,
1780554237.1961348,,,cpu-thermal,68.156
1780554237.1961348,,,gpu-thermal,69.156
1780554237.1961348,,,soc0-thermal,66.625
1780554237.1961348,,,soc1-thermal,65.843
1780554237.1961348,,,soc2-thermal,66.968
1780554237.1961348,,,tj-thermal,69.468
1780554237.3019094,VDD_IN,9745.408,,
1780554237.3019094,VDD_CPU_GPU_CV,3955.968,,
1780554237.3019094,VDD_SOC,2157.76,,
1780554237.3019094,,,cpu-thermal,68.25
1780554237.3019094,,,gpu-thermal,69.187
1780554237.3019094,,,soc0-thermal,66.625
1780554237.3019094,,,soc1-thermal,65.875
1780554237.3019094,,,soc2-thermal,66.906
1780554237.3019094,,,tj-thermal,69.187
1780554237.407718,VDD_IN,9627.52,,
1780554237.407718,VDD_CPU_GPU_CV,3916.8,,
1780554237.407718,VDD_SOC,2157.76,,
1780554237.407718,,,cpu-thermal,68.5
1780554237.407718,,,gpu-thermal,69.406
1780554237.407718,,,soc0-thermal,66.718
1780554237.407718,,,soc1-thermal,65.843
1780554237.407718,,,soc2-thermal,66.968
1780554237.407718,,,tj-thermal,69.406
1780554237.5132291,VDD_IN,9588.224,,
1780554237.5132291,VDD_CPU_GPU_CV,3877.632,,
1780554237.5132291,VDD_SOC,2157.76,,
1780554237.5132291,,,cpu-thermal,68.25
1780554237.5132291,,,gpu-thermal,69.375
1780554237.5132291,,,soc0-thermal,66.625
1780554237.5132291,,,soc1-thermal,65.906
1780554237.5132291,,,soc2-thermal,66.937
1780554237.5132291,,,tj-thermal,69.375
1780554237.6193604,VDD_IN,9548.928,,
1780554237.6193604,VDD_CPU_GPU_CV,3838.464,,
1780554237.6193604,VDD_SOC,2157.76,,
1780554237.6193604,,,cpu-thermal,68.218
1780554237.6193604,,,gpu-thermal,69.218
1780554237.6193604,,,soc0-thermal,66.718
1780554237.6193604,,,soc1-thermal,65.906
1780554237.6193604,,,soc2-thermal,66.968
1780554237.6193604,,,tj-thermal,69.218
1780554237.7248454,VDD_IN,9509.632,,
1780554237.7248454,VDD_CPU_GPU_CV,3799.296,,
1780554237.7248454,VDD_SOC,2118.528,,
1780554237.7248454,,,cpu-thermal,68.5
1780554237.7248454,,,gpu-thermal,69.437
1780554237.7248454,,,soc0-thermal,66.687
1780554237.7248454,,,soc1-thermal,66.031
1780554237.7248454,,,soc2-thermal,66.968
1780554237.7248454,,,tj-thermal,69.218
1780554237.8303158,VDD_IN,9588.224,,
1780554237.8303158,VDD_CPU_GPU_CV,3877.632,,
1780554237.8303158,VDD_SOC,2157.76,,
1780554237.8303158,,,cpu-thermal,68.437
1780554237.8303158,,,gpu-thermal,69.406
1780554237.8303158,,,soc0-thermal,66.781
1780554237.8303158,,,soc1-thermal,65.906
1780554237.8303158,,,soc2-thermal,66.968
1780554237.8303158,,,tj-thermal,69.406
1780554237.9360237,VDD_IN,9824.0,,
1780554237.9360237,VDD_CPU_GPU_CV,3995.136,,
1780554237.9360237,VDD_SOC,2200.576,,
1780554237.9360237,,,cpu-thermal,68.468
1780554237.9360237,,,gpu-thermal,69.343
1780554237.9360237,,,soc0-thermal,66.625
1780554237.9360237,,,soc1-thermal,65.906
1780554237.9360237,,,soc2-thermal,67.062
1780554237.9360237,,,tj-thermal,69.343
1780554238.0416493,VDD_IN,9902.592,,
1780554238.0416493,VDD_CPU_GPU_CV,4034.304,,
1780554238.0416493,VDD_SOC,2200.576,,
1780554238.0416493,,,cpu-thermal,68.343
1780554238.0416493,,,gpu-thermal,69.281
1780554238.0416493,,,soc0-thermal,66.687
1780554238.0416493,,,soc1-thermal,65.937
1780554238.0416493,,,soc2-thermal,66.812
1780554238.0416493,,,tj-thermal,69.281
1780554238.1477191,VDD_IN,9784.704,,
1780554238.1477191,VDD_CPU_GPU_CV,3995.136,,
1780554238.1477191,VDD_SOC,2196.992,,
1780554238.1477191,,,cpu-thermal,68.437
1780554238.1477191,,,gpu-thermal,69.312
1780554238.1477191,,,soc0-thermal,66.75
1780554238.1477191,,,soc1-thermal,66.125
1780554238.1477191,,,soc2-thermal,67.062
1780554238.1477191,,,tj-thermal,69.312
1780554238.253524,VDD_IN,9784.704,,
1780554238.253524,VDD_CPU_GPU_CV,3955.968,,
1780554238.253524,VDD_SOC,2157.76,,
1780554238.253524,,,cpu-thermal,68.625
1780554238.253524,,,gpu-thermal,69.593
1780554238.253524,,,soc0-thermal,66.656
1780554238.253524,,,soc1-thermal,65.937
1780554238.253524,,,soc2-thermal,67.0
1780554238.253524,,,tj-thermal,69.593
1780554238.3593082,VDD_IN,9666.816,,
1780554238.3593082,VDD_CPU_GPU_CV,3916.8,,
1780554238.3593082,VDD_SOC,2157.76,,
1780554238.3593082,,,cpu-thermal,68.343
1780554238.3593082,,,gpu-thermal,69.312
1780554238.3593082,,,soc0-thermal,66.687
1780554238.3593082,,,soc1-thermal,65.937
1780554238.3593082,,,soc2-thermal,67.0
1780554238.3593082,,,tj-thermal,69.375
1780554238.4648578,VDD_IN,9627.52,,
1780554238.4648578,VDD_CPU_GPU_CV,3877.632,,
1780554238.4648578,VDD_SOC,2157.76,,
1780554238.4648578,,,cpu-thermal,68.406
1780554238.4648578,,,gpu-thermal,69.156
1780554238.4648578,,,soc0-thermal,66.781
1780554238.4648578,,,soc1-thermal,66.031
1780554238.4648578,,,soc2-thermal,67.0
1780554238.4648578,,,tj-thermal,69.156
1780554238.570815,VDD_IN,9588.224,,
1780554238.570815,VDD_CPU_GPU_CV,3877.632,,
1780554238.570815,VDD_SOC,2157.76,,
1780554238.570815,,,cpu-thermal,68.375
1780554238.570815,,,gpu-thermal,69.531
1780554238.570815,,,soc0-thermal,66.75
1780554238.570815,,,soc1-thermal,65.906
1780554238.570815,,,soc2-thermal,67.125
1780554238.570815,,,tj-thermal,69.531
1780554238.6766176,VDD_IN,9548.928,,
1780554238.6766176,VDD_CPU_GPU_CV,3838.464,,
1780554238.6766176,VDD_SOC,2157.76,,
1780554238.6766176,,,cpu-thermal,68.406
1780554238.6766176,,,gpu-thermal,69.437
1780554238.6766176,,,soc0-thermal,66.687
1780554238.6766176,,,soc1-thermal,66.031
1780554238.6766176,,,soc2-thermal,66.968
1780554238.6766176,,,tj-thermal,69.437
1780554238.7823956,VDD_IN,9509.632,,
1780554238.7823956,VDD_CPU_GPU_CV,3838.464,,
1780554238.7823956,VDD_SOC,2157.76,,
1780554238.7823956,,,cpu-thermal,68.375
1780554238.7823956,,,gpu-thermal,69.437
1780554238.7823956,,,soc0-thermal,66.656
1780554238.7823956,,,soc1-thermal,65.937
1780554238.7823956,,,soc2-thermal,67.0
1780554238.7823956,,,tj-thermal,69.437
1780554238.8878424,VDD_IN,9745.408,,
1780554238.8878424,VDD_CPU_GPU_CV,3955.968,,
1780554238.8878424,VDD_SOC,2196.992,,
1780554238.8878424,,,cpu-thermal,68.406
1780554238.8878424,,,gpu-thermal,69.625
1780554238.8878424,,,soc0-thermal,66.75
1780554238.8878424,,,soc1-thermal,66.062
1780554238.8878424,,,soc2-thermal,67.093
1780554238.8878424,,,tj-thermal,69.375
1780554238.9933147,VDD_IN,9941.888,,
1780554238.9933147,VDD_CPU_GPU_CV,4034.304,,
1780554238.9933147,VDD_SOC,2200.576,,
1780554238.9933147,,,cpu-thermal,68.375
1780554238.9933147,,,gpu-thermal,69.562
1780554238.9933147,,,soc0-thermal,66.812
1780554238.9933147,,,soc1-thermal,65.968
1780554238.9933147,,,soc2-thermal,67.093
1780554238.9933147,,,tj-thermal,69.562
1780554239.0986288,VDD_IN,9863.296,,
1780554239.0986288,VDD_CPU_GPU_CV,4034.304,,
1780554239.0986288,VDD_SOC,2200.576,,
1780554239.0986288,,,cpu-thermal,68.343
1780554239.0986288,,,gpu-thermal,69.437
1780554239.0986288,,,soc0-thermal,66.625
1780554239.0986288,,,soc1-thermal,65.937
1780554239.0986288,,,soc2-thermal,67.062
1780554239.0986288,,,tj-thermal,69.437
1780554239.2044399,VDD_IN,9745.408,,
1780554239.2044399,VDD_CPU_GPU_CV,3955.968,,
1780554239.2044399,VDD_SOC,2196.992,,
1780554239.2044399,,,cpu-thermal,68.375
1780554239.2044399,,,gpu-thermal,69.312
1780554239.2044399,,,soc0-thermal,66.718
1780554239.2044399,,,soc1-thermal,66.0
1780554239.2044399,,,soc2-thermal,67.156
1780554239.2044399,,,tj-thermal,69.312
1780554239.3099167,VDD_IN,9706.112,,
1780554239.3099167,VDD_CPU_GPU_CV,3916.8,,
1780554239.3099167,VDD_SOC,2157.76,,
1780554239.3099167,,,cpu-thermal,68.437
1780554239.3099167,,,gpu-thermal,69.375
1780554239.3099167,,,soc0-thermal,66.718
1780554239.3099167,,,soc1-thermal,66.156
1780554239.3099167,,,soc2-thermal,67.093
1780554239.3099167,,,tj-thermal,69.375
1780554239.4154415,VDD_IN,9666.816,,
1780554239.4154415,VDD_CPU_GPU_CV,3916.8,,
1780554239.4154415,VDD_SOC,2157.76,,
1780554239.4154415,,,cpu-thermal,68.375
1780554239.4154415,,,gpu-thermal,69.656
1780554239.4154415,,,soc0-thermal,66.875
1780554239.4154415,,,soc1-thermal,65.937
1780554239.4154415,,,soc2-thermal,67.187
1780554239.4154415,,,tj-thermal,69.656
1780554239.5218673,VDD_IN,9588.224,,
1780554239.5218673,VDD_CPU_GPU_CV,3877.632,,
1780554239.5218673,VDD_SOC,2157.76,,
1780554239.5218673,,,cpu-thermal,68.468
1780554239.5218673,,,gpu-thermal,69.312
1780554239.5218673,,,soc0-thermal,66.718
1780554239.5218673,,,soc1-thermal,66.031
1780554239.5218673,,,soc2-thermal,67.062
1780554239.5218673,,,tj-thermal,69.5
1780554239.627409,VDD_IN,9572.608,,
1780554239.627409,VDD_CPU_GPU_CV,3838.464,,
1780554239.627409,VDD_SOC,2157.76,,
1780554239.627409,,,cpu-thermal,68.343
1780554239.627409,,,gpu-thermal,69.343
1780554239.627409,,,soc0-thermal,66.75
1780554239.627409,,,soc1-thermal,66.156
1780554239.627409,,,soc2-thermal,67.062
1780554239.627409,,,tj-thermal,69.5
1780554239.733693,VDD_IN,9533.376,,
1780554239.733693,VDD_CPU_GPU_CV,3838.464,,
1780554239.733693,VDD_SOC,2157.76,,
1780554239.733693,,,cpu-thermal,68.593
1780554239.733693,,,gpu-thermal,69.593
1780554239.733693,,,soc0-thermal,66.906
1780554239.733693,,,soc1-thermal,65.906
1780554239.733693,,,soc2-thermal,67.093
1780554239.733693,,,tj-thermal,69.593
1780554239.839627,VDD_IN,9627.52,,
1780554239.839627,VDD_CPU_GPU_CV,3916.8,,
1780554239.839627,VDD_SOC,2157.76,,
1780554239.839627,,,cpu-thermal,68.625
1780554239.839627,,,gpu-thermal,69.562
1780554239.839627,,,soc0-thermal,66.687
1780554239.839627,,,soc1-thermal,65.968
1780554239.839627,,,soc2-thermal,67.0
1780554239.839627,,,tj-thermal,69.562
1780554239.9458401,VDD_IN,9863.296,,
1780554239.9458401,VDD_CPU_GPU_CV,3995.136,,
1780554239.9458401,VDD_SOC,2196.992,,
1780554239.9458401,,,cpu-thermal,68.437
1780554239.9458401,,,gpu-thermal,69.656
1780554239.9458401,,,soc0-thermal,66.75
1780554239.9458401,,,soc1-thermal,66.062
1780554239.9458401,,,soc2-thermal,67.125
1780554239.9458401,,,tj-thermal,69.656
1780554240.051435,VDD_IN,9941.888,,
1780554240.051435,VDD_CPU_GPU_CV,4034.304,,
1780554240.051435,VDD_SOC,2200.576,,
1780554240.051435,,,cpu-thermal,68.5
1780554240.051435,,,gpu-thermal,69.5
1780554240.051435,,,soc0-thermal,66.812
1780554240.051435,,,soc1-thermal,66.218
1780554240.051435,,,soc2-thermal,67.125
1780554240.051435,,,tj-thermal,69.5
1780554240.1573198,VDD_IN,9784.704,,
1780554240.1573198,VDD_CPU_GPU_CV,3995.136,,
1780554240.1573198,VDD_SOC,2196.992,,
1780554240.1573198,,,cpu-thermal,68.562
1780554240.1573198,,,gpu-thermal,69.343
1780554240.1573198,,,soc0-thermal,66.781
1780554240.1573198,,,soc1-thermal,66.093
1780554240.1573198,,,soc2-thermal,67.062
1780554240.1573198,,,tj-thermal,69.343
1780554240.262858,VDD_IN,9824.0,,
1780554240.262858,VDD_CPU_GPU_CV,3995.136,,
1780554240.262858,VDD_SOC,2196.992,,
1780554240.262858,,,cpu-thermal,68.437
1780554240.262858,,,gpu-thermal,69.593
1780554240.262858,,,soc0-thermal,66.781
1780554240.262858,,,soc1-thermal,66.062
1780554240.262858,,,soc2-thermal,67.125
1780554240.262858,,,tj-thermal,69.718
1780554240.3686852,VDD_IN,9784.704,,
1780554240.3686852,VDD_CPU_GPU_CV,3955.968,,
1780554240.3686852,VDD_SOC,2157.76,,
1780554240.3686852,,,cpu-thermal,68.531
1780554240.3686852,,,gpu-thermal,69.437
1780554240.3686852,,,soc0-thermal,66.843
1780554240.3686852,,,soc1-thermal,66.125
1780554240.3686852,,,soc2-thermal,67.125
1780554240.3686852,,,tj-thermal,69.437
1780554240.4745164,VDD_IN,9666.816,,
1780554240.4745164,VDD_CPU_GPU_CV,3916.8,,
1780554240.4745164,VDD_SOC,2157.76,,
1780554240.4745164,,,cpu-thermal,68.531
1780554240.4745164,,,gpu-thermal,69.343
1780554240.4745164,,,soc0-thermal,66.906
1780554240.4745164,,,soc1-thermal,66.0
1780554240.4745164,,,soc2-thermal,67.187
1780554240.4745164,,,tj-thermal,69.343
1780554240.580033,VDD_IN,9666.816,,
1780554240.580033,VDD_CPU_GPU_CV,3916.8,,
1780554240.580033,VDD_SOC,2157.76,,
1780554240.580033,,,cpu-thermal,68.406
1780554240.580033,,,gpu-thermal,69.718
1780554240.580033,,,soc0-thermal,66.781
1780554240.580033,,,soc1-thermal,66.031
1780554240.580033,,,soc2-thermal,67.156
1780554240.580033,,,tj-thermal,69.718
1780554240.6859186,VDD_IN,9706.112,,
1780554240.6859186,VDD_CPU_GPU_CV,3955.968,,
1780554240.6859186,VDD_SOC,2157.76,,
1780554240.6859186,,,cpu-thermal,68.5
1780554240.6859186,,,gpu-thermal,69.593
1780554240.6859186,,,soc0-thermal,66.812
1780554240.6859186,,,soc1-thermal,66.125
1780554240.6859186,,,soc2-thermal,67.125
1780554240.6859186,,,tj-thermal,69.593
1780554240.7917,VDD_IN,9666.816,,
1780554240.7917,VDD_CPU_GPU_CV,3916.8,,
1780554240.7917,VDD_SOC,2157.76,,
1780554240.7917,,,cpu-thermal,68.437
1780554240.7917,,,gpu-thermal,69.593
1780554240.7917,,,soc0-thermal,66.875
1780554240.7917,,,soc1-thermal,66.218
1780554240.7917,,,soc2-thermal,67.187
1780554240.7917,,,tj-thermal,69.593
1780554240.8977582,VDD_IN,9863.296,,
1780554240.8977582,VDD_CPU_GPU_CV,4034.304,,
1780554240.8977582,VDD_SOC,2196.992,,
1780554240.8977582,,,cpu-thermal,68.437
1780554240.8977582,,,gpu-thermal,69.718
1780554240.8977582,,,soc0-thermal,66.687
1780554240.8977582,,,soc1-thermal,66.031
1780554240.8977582,,,soc2-thermal,67.218
1780554240.8977582,,,tj-thermal,69.562
1780554241.003289,VDD_IN,10020.48,,
1780554241.003289,VDD_CPU_GPU_CV,4112.64,,
1780554241.003289,VDD_SOC,2239.872,,
1780554241.003289,,,cpu-thermal,68.468
1780554241.003289,,,gpu-thermal,69.656
1780554241.003289,,,soc0-thermal,66.812
1780554241.003289,,,soc1-thermal,66.062
1780554241.003289,,,soc2-thermal,67.125
1780554241.003289,,,tj-thermal,69.656
1780554241.1087513,VDD_IN,9902.592,,
1780554241.1087513,VDD_CPU_GPU_CV,4073.472,,
1780554241.1087513,VDD_SOC,2196.992,,
1780554241.1087513,,,cpu-thermal,68.406
1780554241.1087513,,,gpu-thermal,69.593
1780554241.1087513,,,soc0-thermal,66.812
1780554241.1087513,,,soc1-thermal,66.187
1780554241.1087513,,,soc2-thermal,67.218
1780554241.1087513,,,tj-thermal,69.593
1780554241.2144032,VDD_IN,9784.704,,
1780554241.2144032,VDD_CPU_GPU_CV,3995.136,,
1780554241.2144032,VDD_SOC,2196.992,,
1780554241.2144032,,,cpu-thermal,68.531
1780554241.2144032,,,gpu-thermal,69.562
1780554241.2144032,,,soc0-thermal,67.031
1780554241.2144032,,,soc1-thermal,66.031
1780554241.2144032,,,soc2-thermal,67.25
1780554241.2144032,,,tj-thermal,69.562
1780554241.3206625,VDD_IN,9706.112,,
1780554241.3206625,VDD_CPU_GPU_CV,3955.968,,
1780554241.3206625,VDD_SOC,2157.76,,
1780554241.3206625,,,cpu-thermal,68.843
1780554241.3206625,,,gpu-thermal,69.468
1780554241.3206625,,,soc0-thermal,66.875
1780554241.3206625,,,soc1-thermal,66.093
1780554241.3206625,,,soc2-thermal,67.218
1780554241.3206625,,,tj-thermal,69.468
1780554241.4262981,VDD_IN,9627.52,,
1780554241.4262981,VDD_CPU_GPU_CV,3916.8,,
1780554241.4262981,VDD_SOC,2157.76,,
1780554241.4262981,,,cpu-thermal,68.437
1780554241.4262981,,,gpu-thermal,69.75
1780554241.4262981,,,soc0-thermal,66.906
1780554241.4262981,,,soc1-thermal,66.093
1780554241.4262981,,,soc2-thermal,67.218
1780554241.4262981,,,tj-thermal,69.75
1780554241.5318594,VDD_IN,9588.224,,
1780554241.5318594,VDD_CPU_GPU_CV,3877.632,,
1780554241.5318594,VDD_SOC,2157.76,,
1780554241.5318594,,,cpu-thermal,68.562
1780554241.5318594,,,gpu-thermal,69.5
1780554241.5318594,,,soc0-thermal,66.937
1780554241.5318594,,,soc1-thermal,66.156
1780554241.5318594,,,soc2-thermal,67.218
1780554241.5318594,,,tj-thermal,69.656
1780554241.6378398,VDD_IN,9533.376,,
1780554241.6378398,VDD_CPU_GPU_CV,3838.464,,
1780554241.6378398,VDD_SOC,2157.76,,
1780554241.6378398,,,cpu-thermal,68.75
1780554241.6378398,,,gpu-thermal,69.375
1780554241.6378398,,,soc0-thermal,66.968
1780554241.6378398,,,soc1-thermal,66.156
1780554241.6378398,,,soc2-thermal,67.25
1780554241.6378398,,,tj-thermal,69.375
1780554241.743381,VDD_IN,9494.144,,
1780554241.743381,VDD_CPU_GPU_CV,3838.464,,
1780554241.743381,VDD_SOC,2157.76,,
1780554241.743381,,,cpu-thermal,68.75
1780554241.743381,,,gpu-thermal,69.718
1780554241.743381,,,soc0-thermal,66.875
1780554241.743381,,,soc1-thermal,66.125
1780554241.743381,,,soc2-thermal,67.187
1780554241.743381,,,tj-thermal,69.718
1780554241.8489609,VDD_IN,9666.816,,
1780554241.8489609,VDD_CPU_GPU_CV,3916.8,,
1780554241.8489609,VDD_SOC,2157.76,,
1780554241.8489609,,,cpu-thermal,68.375
1780554241.8489609,,,gpu-thermal,69.687
1780554241.8489609,,,soc0-thermal,66.875
1780554241.8489609,,,soc1-thermal,66.125
1780554241.8489609,,,soc2-thermal,67.156
1780554241.8489609,,,tj-thermal,69.687
1780554241.9544842,VDD_IN,9863.296,,
1780554241.9544842,VDD_CPU_GPU_CV,4034.304,,
1780554241.9544842,VDD_SOC,2196.992,,
1780554241.9544842,,,cpu-thermal,68.562
1780554241.9544842,,,gpu-thermal,69.562
1780554241.9544842,,,soc0-thermal,66.968
1780554241.9544842,,,soc1-thermal,66.312
1780554241.9544842,,,soc2-thermal,67.218
1780554241.9544842,,,tj-thermal,69.656
1780554242.059913,VDD_IN,9902.592,,
1780554242.059913,VDD_CPU_GPU_CV,4034.304,,
1780554242.059913,VDD_SOC,2196.992,,
1780554242.059913,,,cpu-thermal,68.625
1780554242.059913,,,gpu-thermal,69.781
1780554242.059913,,,soc0-thermal,67.0
1780554242.059913,,,soc1-thermal,66.125
1780554242.059913,,,soc2-thermal,67.312
1780554242.059913,,,tj-thermal,69.5
1780554242.1654618,VDD_IN,9824.0,,
1780554242.1654618,VDD_CPU_GPU_CV,3995.136,,
1780554242.1654618,VDD_SOC,2196.992,,
1780554242.1654618,,,cpu-thermal,68.843
1780554242.1654618,,,gpu-thermal,69.718
1780554242.1654618,,,soc0-thermal,66.906
1780554242.1654618,,,soc1-thermal,66.156
1780554242.1654618,,,soc2-thermal,67.218
1780554242.1654618,,,tj-thermal,69.718
1780554242.2713356,VDD_IN,9784.704,,
1780554242.2713356,VDD_CPU_GPU_CV,3955.968,,
1780554242.2713356,VDD_SOC,2157.76,,
1780554242.2713356,,,cpu-thermal,68.5
1780554242.2713356,,,gpu-thermal,69.468
1780554242.2713356,,,soc0-thermal,66.968
1780554242.2713356,,,soc1-thermal,66.187
1780554242.2713356,,,soc2-thermal,67.187
1780554242.2713356,,,tj-thermal,69.468
1780554242.3768296,VDD_IN,9706.112,,
1780554242.3768296,VDD_CPU_GPU_CV,3916.8,,
1780554242.3768296,VDD_SOC,2157.76,,
1780554242.3768296,,,cpu-thermal,68.593
1780554242.3768296,,,gpu-thermal,69.437
1780554242.3768296,,,soc0-thermal,67.0
1780554242.3768296,,,soc1-thermal,66.25
1780554242.3768296,,,soc2-thermal,67.281
1780554242.3768296,,,tj-thermal,69.437
1780554242.482463,VDD_IN,9627.52,,
1780554242.482463,VDD_CPU_GPU_CV,3877.632,,
1780554242.482463,VDD_SOC,2157.76,,
1780554242.482463,,,cpu-thermal,68.718
1780554242.482463,,,gpu-thermal,69.5
1780554242.482463,,,soc0-thermal,66.875
1780554242.482463,,,soc1-thermal,66.156
1780554242.482463,,,soc2-thermal,67.187
1780554242.482463,,,tj-thermal,69.5
1780554242.5884268,VDD_IN,9627.52,,
1780554242.5884268,VDD_CPU_GPU_CV,3877.632,,
1780554242.5884268,VDD_SOC,2157.76,,
1780554242.5884268,,,cpu-thermal,68.625
1780554242.5884268,,,gpu-thermal,69.625
1780554242.5884268,,,soc0-thermal,66.937
1780554242.5884268,,,soc1-thermal,66.125
1780554242.5884268,,,soc2-thermal,67.25
1780554242.5884268,,,tj-thermal,69.781
1780554242.694049,VDD_IN,9588.224,,
1780554242.694049,VDD_CPU_GPU_CV,3838.464,,
1780554242.694049,VDD_SOC,2157.76,,
1780554242.694049,,,cpu-thermal,68.562
1780554242.694049,,,gpu-thermal,69.562
1780554242.694049,,,soc0-thermal,66.968
1780554242.694049,,,soc1-thermal,66.25
1780554242.694049,,,soc2-thermal,67.218
1780554242.694049,,,tj-thermal,69.562
1780554242.799803,VDD_IN,9588.224,,
1780554242.799803,VDD_CPU_GPU_CV,3838.464,,
1780554242.799803,VDD_SOC,2157.76,,
1780554242.799803,,,cpu-thermal,68.718
1780554242.799803,,,gpu-thermal,69.5
1780554242.799803,,,soc0-thermal,67.031
1780554242.799803,,,soc1-thermal,66.125
1780554242.799803,,,soc2-thermal,67.281
1780554242.799803,,,tj-thermal,69.5
1780554242.905409,VDD_IN,9847.232,,
1780554242.905409,VDD_CPU_GPU_CV,3995.136,,
1780554242.905409,VDD_SOC,2196.992,,
1780554242.905409,,,cpu-thermal,68.687
1780554242.905409,,,gpu-thermal,69.875
1780554242.905409,,,soc0-thermal,66.937
1780554242.905409,,,soc1-thermal,66.187
1780554242.905409,,,soc2-thermal,67.312
1780554242.905409,,,tj-thermal,69.875
1780554243.011435,VDD_IN,9902.592,,
1780554243.011435,VDD_CPU_GPU_CV,4034.304,,
1780554243.011435,VDD_SOC,2196.992,,
1780554243.011435,,,cpu-thermal,68.625
1780554243.011435,,,gpu-thermal,69.843
1780554243.011435,,,soc0-thermal,67.031
1780554243.011435,,,soc1-thermal,66.187
1780554243.011435,,,soc2-thermal,67.25
1780554243.011435,,,tj-thermal,69.843
1780554243.1168287,VDD_IN,9824.0,,
1780554243.1168287,VDD_CPU_GPU_CV,3995.136,,
1780554243.1168287,VDD_SOC,2196.992,,
1780554243.1168287,,,cpu-thermal,68.656
1780554243.1168287,,,gpu-thermal,69.531
1780554243.1168287,,,soc0-thermal,66.968
1780554243.1168287,,,soc1-thermal,66.312
1780554243.1168287,,,soc2-thermal,67.375
1780554243.1168287,,,tj-thermal,69.656
1780554243.2225726,VDD_IN,9666.816,,
1780554243.2225726,VDD_CPU_GPU_CV,3877.632,,
1780554243.2225726,VDD_SOC,2157.76,,
1780554243.2225726,,,cpu-thermal,68.906
1780554243.2225726,,,gpu-thermal,69.75
1780554243.2225726,,,soc0-thermal,67.156
1780554243.2225726,,,soc1-thermal,66.156
1780554243.2225726,,,soc2-thermal,67.343
1780554243.2225726,,,tj-thermal,69.75
1780554243.327998,VDD_IN,9588.224,,
1780554243.327998,VDD_CPU_GPU_CV,3838.464,,
1780554243.327998,VDD_SOC,2157.76,,
1780554243.327998,,,cpu-thermal,68.5
1780554243.327998,,,gpu-thermal,69.687
1780554243.327998,,,soc0-thermal,67.062
1780554243.327998,,,soc1-thermal,66.187
1780554243.327998,,,soc2-thermal,67.281
1780554243.327998,,,tj-thermal,69.687
1780554243.4340787,VDD_IN,9509.632,,
1780554243.4340787,VDD_CPU_GPU_CV,3799.296,,
1780554243.4340787,VDD_SOC,2157.76,,
1780554243.4340787,,,cpu-thermal,68.625
1780554243.4340787,,,gpu-thermal,69.656
1780554243.4340787,,,soc0-thermal,67.0
1780554243.4340787,,,soc1-thermal,66.187
1780554243.4340787,,,soc2-thermal,67.343
1780554243.4340787,,,tj-thermal,69.656
1780554243.5397067,VDD_IN,9470.336,,
1780554243.5397067,VDD_CPU_GPU_CV,3760.128,,
1780554243.5397067,VDD_SOC,2157.76,,
1780554243.5397067,,,cpu-thermal,68.812
1780554243.5397067,,,gpu-thermal,69.531
1780554243.5397067,,,soc0-thermal,67.0
1780554243.5397067,,,soc1-thermal,66.468
1780554243.5397067,,,soc2-thermal,67.25
1780554243.5397067,,,tj-thermal,69.531
1780554243.6452568,VDD_IN,9391.744,,
1780554243.6452568,VDD_CPU_GPU_CV,3760.128,,
1780554243.6452568,VDD_SOC,2121.984,,
1780554243.6452568,,,cpu-thermal,68.937
1780554243.6452568,,,gpu-thermal,69.687
1780554243.6452568,,,soc0-thermal,66.937
1780554243.6452568,,,soc1-thermal,66.187
1780554243.6452568,,,soc2-thermal,67.281
1780554243.6452568,,,tj-thermal,69.562
1780554243.7506773,VDD_IN,9352.448,,
1780554243.7506773,VDD_CPU_GPU_CV,3720.96,,
1780554243.7506773,VDD_SOC,2121.984,,
1780554243.7506773,,,cpu-thermal,68.625
1780554243.7506773,,,gpu-thermal,69.625
1780554243.7506773,,,soc0-thermal,66.968
1780554243.7506773,,,soc1-thermal,66.218
1780554243.7506773,,,soc2-thermal,67.281
1780554243.7506773,,,tj-thermal,69.906
1780554243.8562665,VDD_IN,9548.928,,
1780554243.8562665,VDD_CPU_GPU_CV,3838.464,,
1780554243.8562665,VDD_SOC,2161.28,,
1780554243.8562665,,,cpu-thermal,68.687
1780554243.8562665,,,gpu-thermal,69.656
1780554243.8562665,,,soc0-thermal,67.062
1780554243.8562665,,,soc1-thermal,66.25
1780554243.8562665,,,soc2-thermal,67.25
1780554243.8562665,,,tj-thermal,69.656
1780554243.961711,VDD_IN,9784.704,,
1780554243.961711,VDD_CPU_GPU_CV,3955.968,,
1780554243.961711,VDD_SOC,2200.576,,
1780554243.961711,,,cpu-thermal,68.843
1780554243.961711,,,gpu-thermal,69.718
1780554243.961711,,,soc0-thermal,67.062
1780554243.961711,,,soc1-thermal,66.187
1780554243.961711,,,soc2-thermal,67.312
1780554243.961711,,,tj-thermal,69.718
1780554244.0670753,VDD_IN,9824.0,,
1780554244.0670753,VDD_CPU_GPU_CV,3995.136,,
1780554244.0670753,VDD_SOC,2200.576,,
1780554244.0670753,,,cpu-thermal,68.875
1780554244.0670753,,,gpu-thermal,69.937
1780554244.0670753,,,soc0-thermal,67.0
1780554244.0670753,,,soc1-thermal,66.156
1780554244.0670753,,,soc2-thermal,67.343
1780554244.0670753,,,tj-thermal,69.937
1780554244.1727562,VDD_IN,9745.408,,
1780554244.1727562,VDD_CPU_GPU_CV,3955.968,,
1780554244.1727562,VDD_SOC,2200.576,,
1780554244.1727562,,,cpu-thermal,68.593
1780554244.1727562,,,gpu-thermal,69.656
1780554244.1727562,,,soc0-thermal,67.062
1780554244.1727562,,,soc1-thermal,66.312
1780554244.1727562,,,soc2-thermal,67.343
1780554244.1727562,,,tj-thermal,69.75
1780554244.2789679,VDD_IN,9666.816,,
1780554244.2789679,VDD_CPU_GPU_CV,3877.632,,
1780554244.2789679,VDD_SOC,2161.28,,
1780554244.2789679,,,cpu-thermal,68.812
1780554244.2789679,,,gpu-thermal,69.593
1780554244.2789679,,,soc0-thermal,67.156
1780554244.2789679,,,soc1-thermal,66.406
1780554244.2789679,,,soc2-thermal,67.312
1780554244.2789679,,,tj-thermal,69.656
1780554244.3845203,VDD_IN,9588.224,,
1780554244.3845203,VDD_CPU_GPU_CV,3838.464,,
1780554244.3845203,VDD_SOC,2161.28,,
1780554244.3845203,,,cpu-thermal,68.781
1780554244.3845203,,,gpu-thermal,69.875
1780554244.3845203,,,soc0-thermal,67.25
1780554244.3845203,,,soc1-thermal,66.187
1780554244.3845203,,,soc2-thermal,67.468
1780554244.3845203,,,tj-thermal,69.875
1780554244.4900546,VDD_IN,9588.224,,
1780554244.4900546,VDD_CPU_GPU_CV,3838.464,,
1780554244.4900546,VDD_SOC,2161.28,,
1780554244.4900546,,,cpu-thermal,68.906
1780554244.4900546,,,gpu-thermal,69.812
1780554244.4900546,,,soc0-thermal,67.062
1780554244.4900546,,,soc1-thermal,66.312
1780554244.4900546,,,soc2-thermal,67.375
1780554244.4900546,,,tj-thermal,69.812
1780554244.5956066,VDD_IN,9548.928,,
1780554244.5956066,VDD_CPU_GPU_CV,3838.464,,
1780554244.5956066,VDD_SOC,2161.28,,
1780554244.5956066,,,cpu-thermal,68.687
1780554244.5956066,,,gpu-thermal,69.781
1780554244.5956066,,,soc0-thermal,67.0
1780554244.5956066,,,soc1-thermal,66.312
1780554244.5956066,,,soc2-thermal,67.312
1780554244.5956066,,,tj-thermal,69.781
1780554244.7012165,VDD_IN,9548.928,,
1780554244.7012165,VDD_CPU_GPU_CV,3799.296,,
1780554244.7012165,VDD_SOC,2161.28,,
1780554244.7012165,,,cpu-thermal,68.812
1780554244.7012165,,,gpu-thermal,69.906
1780554244.7012165,,,soc0-thermal,67.093
1780554244.7012165,,,soc1-thermal,66.406
1780554244.7012165,,,soc2-thermal,67.375
1780554244.7012165,,,tj-thermal,69.656
1780554244.8066735,VDD_IN,9548.928,,
1780554244.8066735,VDD_CPU_GPU_CV,3838.464,,
1780554244.8066735,VDD_SOC,2161.28,,
1780554244.8066735,,,cpu-thermal,68.718
1780554244.8066735,,,gpu-thermal,69.875
1780554244.8066735,,,soc0-thermal,67.187
1780554244.8066735,,,soc1-thermal,66.218
1780554244.8066735,,,soc2-thermal,67.437
1780554244.8066735,,,tj-thermal,69.875
1780554244.9123108,VDD_IN,9784.704,,
1780554244.9123108,VDD_CPU_GPU_CV,3955.968,,
1780554244.9123108,VDD_SOC,2200.576,,
1780554244.9123108,,,cpu-thermal,68.625
1780554244.9123108,,,gpu-thermal,69.812
1780554244.9123108,,,soc0-thermal,67.031
1780554244.9123108,,,soc1-thermal,66.375
1780554244.9123108,,,soc2-thermal,67.375
1780554244.9123108,,,tj-thermal,69.812
1780554245.017855,VDD_IN,9981.184,,
1780554245.017855,VDD_CPU_GPU_CV,4073.472,,
1780554245.017855,VDD_SOC,2200.576,,
1780554245.017855,,,cpu-thermal,68.687
1780554245.017855,,,gpu-thermal,69.75
1780554245.017855,,,soc0-thermal,67.156
1780554245.017855,,,soc1-thermal,66.312
1780554245.017855,,,soc2-thermal,67.406
1780554245.017855,,,tj-thermal,69.75
1780554245.123155,VDD_IN,9863.296,,
1780554245.123155,VDD_CPU_GPU_CV,3995.136,,
1780554245.123155,VDD_SOC,2200.576,,
1780554245.123155,,,cpu-thermal,68.687
1780554245.123155,,,gpu-thermal,69.75
1780554245.123155,,,soc0-thermal,67.156
1780554245.123155,,,soc1-thermal,66.562
1780554245.123155,,,soc2-thermal,67.406
1780554245.123155,,,tj-thermal,69.625
1780554245.228899,VDD_IN,9784.704,,
1780554245.228899,VDD_CPU_GPU_CV,3955.968,,
1780554245.228899,VDD_SOC,2200.576,,
1780554245.228899,,,cpu-thermal,68.75
1780554245.228899,,,gpu-thermal,69.75
1780554245.228899,,,soc0-thermal,67.156
1780554245.228899,,,soc1-thermal,66.281
1780554245.228899,,,soc2-thermal,67.437
1780554245.228899,,,tj-thermal,70.0
1780554245.334596,VDD_IN,9666.816,,
1780554245.334596,VDD_CPU_GPU_CV,3877.632,,
1780554245.334596,VDD_SOC,2161.28,,
1780554245.334596,,,cpu-thermal,68.781
1780554245.334596,,,gpu-thermal,69.656
1780554245.334596,,,soc0-thermal,67.125
1780554245.334596,,,soc1-thermal,66.437
1780554245.334596,,,soc2-thermal,67.375
1780554245.334596,,,tj-thermal,69.656
1780554245.4405668,VDD_IN,9666.816,,
1780554245.4405668,VDD_CPU_GPU_CV,3877.632,,
1780554245.4405668,VDD_SOC,2161.28,,
1780554245.4405668,,,cpu-thermal,68.718
1780554245.4405668,,,gpu-thermal,69.656
1780554245.4405668,,,soc0-thermal,67.218
1780554245.4405668,,,soc1-thermal,66.531
1780554245.4405668,,,soc2-thermal,67.406
1780554245.4405668,,,tj-thermal,69.656
1780554245.5462706,VDD_IN,9588.224,,
1780554245.5462706,VDD_CPU_GPU_CV,3877.632,,
1780554245.5462706,VDD_SOC,2161.28,,
1780554245.5462706,,,cpu-thermal,68.968
1780554245.5462706,,,gpu-thermal,69.875
1780554245.5462706,,,soc0-thermal,67.281
1780554245.5462706,,,soc1-thermal,66.312
1780554245.5462706,,,soc2-thermal,67.406
1780554245.5462706,,,tj-thermal,69.875
1780554245.6518314,VDD_IN,9548.928,,
1780554245.6518314,VDD_CPU_GPU_CV,3838.464,,
1780554245.6518314,VDD_SOC,2161.28,,
1780554245.6518314,,,cpu-thermal,68.687
1780554245.6518314,,,gpu-thermal,69.781
1780554245.6518314,,,soc0-thermal,67.125
1780554245.6518314,,,soc1-thermal,66.312
1780554245.6518314,,,soc2-thermal,67.437
1780554245.6518314,,,tj-thermal,69.781
1780554245.7574568,VDD_IN,9509.632,,
1780554245.7574568,VDD_CPU_GPU_CV,3799.296,,
1780554245.7574568,VDD_SOC,2161.28,,
1780554245.7574568,,,cpu-thermal,68.718
1780554245.7574568,,,gpu-thermal,69.625
1780554245.7574568,,,soc0-thermal,67.187
1780554245.7574568,,,soc1-thermal,66.406
1780554245.7574568,,,soc2-thermal,67.375
1780554245.7574568,,,tj-thermal,69.75
1780554245.8628488,VDD_IN,9666.816,,
1780554245.8628488,VDD_CPU_GPU_CV,3916.8,,
1780554245.8628488,VDD_SOC,2161.28,,
1780554245.8628488,,,cpu-thermal,68.718
1780554245.8628488,,,gpu-thermal,70.031
1780554245.8628488,,,soc0-thermal,67.093
1780554245.8628488,,,soc1-thermal,66.531
1780554245.8628488,,,soc2-thermal,67.531
1780554245.8628488,,,tj-thermal,70.031
1780554245.9681735,VDD_IN,9863.296,,
1780554245.9681735,VDD_CPU_GPU_CV,4034.304,,
1780554245.9681735,VDD_SOC,2200.576,,
1780554245.9681735,,,cpu-thermal,68.906
1780554245.9681735,,,gpu-thermal,69.937
1780554245.9681735,,,soc0-thermal,67.25
1780554245.9681735,,,soc1-thermal,66.406
1780554245.9681735,,,soc2-thermal,67.406
1780554245.9681735,,,tj-thermal,69.937
1780554246.0734293,VDD_IN,9902.592,,
1780554246.0734293,VDD_CPU_GPU_CV,4034.304,,
1780554246.0734293,VDD_SOC,2200.576,,
1780554246.0734293,,,cpu-thermal,68.718
1780554246.0734293,,,gpu-thermal,69.781
1780554246.0734293,,,soc0-thermal,67.093
1780554246.0734293,,,soc1-thermal,66.25
1780554246.0734293,,,soc2-thermal,67.437
1780554246.0734293,,,tj-thermal,69.781
1780554246.1789193,VDD_IN,9784.704,,
1780554246.1789193,VDD_CPU_GPU_CV,3995.136,,
1780554246.1789193,VDD_SOC,2200.576,,
1780554246.1789193,,,cpu-thermal,68.75
1780554246.1789193,,,gpu-thermal,70.062
1780554246.1789193,,,soc0-thermal,67.156
1780554246.1789193,,,soc1-thermal,66.375
1780554246.1789193,,,soc2-thermal,67.5
1780554246.1789193,,,tj-thermal,69.75
1780554246.2848046,VDD_IN,9745.408,,
1780554246.2848046,VDD_CPU_GPU_CV,3955.968,,
1780554246.2848046,VDD_SOC,2200.576,,
1780554246.2848046,,,cpu-thermal,68.937
1780554246.2848046,,,gpu-thermal,69.906
1780554246.2848046,,,soc0-thermal,67.187
1780554246.2848046,,,soc1-thermal,66.531
1780554246.2848046,,,soc2-thermal,67.406
1780554246.2848046,,,tj-thermal,69.906
1780554246.390482,VDD_IN,9706.112,,
1780554246.390482,VDD_CPU_GPU_CV,3916.8,,
1780554246.390482,VDD_SOC,2161.28,,
1780554246.390482,,,cpu-thermal,69.031
1780554246.390482,,,gpu-thermal,69.812
1780554246.390482,,,soc0-thermal,67.375
1780554246.390482,,,soc1-thermal,66.437
1780554246.390482,,,soc2-thermal,67.5
1780554246.390482,,,tj-thermal,69.812
1780554246.496108,VDD_IN,9627.52,,
1780554246.496108,VDD_CPU_GPU_CV,3877.632,,
1780554246.496108,VDD_SOC,2161.28,,
1780554246.496108,,,cpu-thermal,69.125
1780554246.496108,,,gpu-thermal,69.718
1780554246.496108,,,soc0-thermal,67.187
1780554246.496108,,,soc1-thermal,66.312
1780554246.496108,,,soc2-thermal,67.468
1780554246.496108,,,tj-thermal,69.718
1780554246.6027775,VDD_IN,9588.224,,
1780554246.6027775,VDD_CPU_GPU_CV,3877.632,,
1780554246.6027775,VDD_SOC,2161.28,,
1780554246.6027775,,,cpu-thermal,68.843
1780554246.6027775,,,gpu-thermal,69.687
1780554246.6027775,,,soc0-thermal,67.187
1780554246.6027775,,,soc1-thermal,66.531
1780554246.6027775,,,soc2-thermal,67.468
1780554246.6027775,,,tj-thermal,69.687
1780554246.708321,VDD_IN,9588.224,,
1780554246.708321,VDD_CPU_GPU_CV,3838.464,,
1780554246.708321,VDD_SOC,2161.28,,
1780554246.708321,,,cpu-thermal,68.906
1780554246.708321,,,gpu-thermal,70.0
1780554246.708321,,,soc0-thermal,67.312
1780554246.708321,,,soc1-thermal,66.562
1780554246.708321,,,soc2-thermal,67.437
1780554246.708321,,,tj-thermal,70.0
1780554246.813847,VDD_IN,9588.224,,
1780554246.813847,VDD_CPU_GPU_CV,3838.464,,
1780554246.813847,VDD_SOC,2161.28,,
1780554246.813847,,,cpu-thermal,68.875
1780554246.813847,,,gpu-thermal,69.843
1780554246.813847,,,soc0-thermal,67.156
1780554246.813847,,,soc1-thermal,66.281
1780554246.813847,,,soc2-thermal,67.468
1780554246.813847,,,tj-thermal,70.062
1780554246.9192576,VDD_IN,9784.704,,
1780554246.9192576,VDD_CPU_GPU_CV,3955.968,,
1780554246.9192576,VDD_SOC,2200.576,,
1780554246.9192576,,,cpu-thermal,68.718
1780554246.9192576,,,gpu-thermal,69.906
1780554246.9192576,,,soc0-thermal,67.281
1780554246.9192576,,,soc1-thermal,66.468
1780554246.9192576,,,soc2-thermal,67.437
1780554246.9192576,,,tj-thermal,69.906
1780554247.024655,VDD_IN,9981.184,,
1780554247.024655,VDD_CPU_GPU_CV,4073.472,,
1780554247.024655,VDD_SOC,2239.872,,
1780554247.024655,,,cpu-thermal,68.75
1780554247.024655,,,gpu-thermal,70.156
1780554247.024655,,,soc0-thermal,67.187
1780554247.024655,,,soc1-thermal,66.468
1780554247.024655,,,soc2-thermal,67.468
1780554247.024655,,,tj-thermal,70.156
1780554247.129996,VDD_IN,9902.592,,
1780554247.129996,VDD_CPU_GPU_CV,3995.136,,
1780554247.129996,VDD_SOC,2200.576,,
1780554247.129996,,,cpu-thermal,68.875
1780554247.129996,,,gpu-thermal,70.031
1780554247.129996,,,soc0-thermal,67.25
1780554247.129996,,,soc1-thermal,66.343
1780554247.129996,,,soc2-thermal,67.531
1780554247.129996,,,tj-thermal,70.031
1780554247.235476,VDD_IN,9824.0,,
1780554247.235476,VDD_CPU_GPU_CV,3955.968,,
1780554247.235476,VDD_SOC,2200.576,,
1780554247.235476,,,cpu-thermal,68.906
1780554247.235476,,,gpu-thermal,69.937
1780554247.235476,,,soc0-thermal,67.187
1780554247.235476,,,soc1-thermal,66.406
1780554247.235476,,,soc2-thermal,67.468
1780554247.235476,,,tj-thermal,69.937
1780554247.3420455,VDD_IN,9706.112,,
1780554247.3420455,VDD_CPU_GPU_CV,3916.8,,
1780554247.3420455,VDD_SOC,2200.576,,
1780554247.3420455,,,cpu-thermal,68.812
1780554247.3420455,,,gpu-thermal,70.0
1780554247.3420455,,,soc0-thermal,67.281
1780554247.3420455,,,soc1-thermal,66.5
1780554247.3420455,,,soc2-thermal,67.5
1780554247.3420455,,,tj-thermal,69.781
1780554247.4474297,VDD_IN,9666.816,,
1780554247.4474297,VDD_CPU_GPU_CV,3877.632,,
1780554247.4474297,VDD_SOC,2161.28,,
1780554247.4474297,,,cpu-thermal,68.875
1780554247.4474297,,,gpu-thermal,69.968
1780554247.4474297,,,soc0-thermal,67.281
1780554247.4474297,,,soc1-thermal,66.625
1780554247.4474297,,,soc2-thermal,67.468
1780554247.4474297,,,tj-thermal,69.968
1780554247.5530741,VDD_IN,9666.816,,
1780554247.5530741,VDD_CPU_GPU_CV,3877.632,,
1780554247.5530741,VDD_SOC,2161.28,,
1780554247.5530741,,,cpu-thermal,68.906
1780554247.5530741,,,gpu-thermal,69.843
1780554247.5530741,,,soc0-thermal,67.25
1780554247.5530741,,,soc1-thermal,66.437
1780554247.5530741,,,soc2-thermal,67.562
1780554247.5530741,,,tj-thermal,69.843
1780554247.6585486,VDD_IN,9627.52,,
1780554247.6585486,VDD_CPU_GPU_CV,3838.464,,
1780554247.6585486,VDD_SOC,2161.28,,
1780554247.6585486,,,cpu-thermal,68.843
1780554247.6585486,,,gpu-thermal,69.718
1780554247.6585486,,,soc0-thermal,67.187
1780554247.6585486,,,soc1-thermal,66.437
1780554247.6585486,,,soc2-thermal,67.531
1780554247.6585486,,,tj-thermal,69.718
1780554247.7645593,VDD_IN,9588.224,,
1780554247.7645593,VDD_CPU_GPU_CV,3838.464,,
1780554247.7645593,VDD_SOC,2157.76,,
1780554247.7645593,,,cpu-thermal,68.843
1780554247.7645593,,,gpu-thermal,69.875
1780554247.7645593,,,soc0-thermal,67.187
1780554247.7645593,,,soc1-thermal,66.5
1780554247.7645593,,,soc2-thermal,67.437
1780554247.7645593,,,tj-thermal,69.875
1780554247.8700662,VDD_IN,9745.408,,
1780554247.8700662,VDD_CPU_GPU_CV,3916.8,,
1780554247.8700662,VDD_SOC,2196.992,,
1780554247.8700662,,,cpu-thermal,68.843
1780554247.8700662,,,gpu-thermal,69.968
1780554247.8700662,,,soc0-thermal,67.281
1780554247.8700662,,,soc1-thermal,66.5
1780554247.8700662,,,soc2-thermal,67.562
1780554247.8700662,,,tj-thermal,70.156
1780554247.9754179,VDD_IN,9902.592,,
1780554247.9754179,VDD_CPU_GPU_CV,4034.304,,
1780554247.9754179,VDD_SOC,2200.576,,
1780554247.9754179,,,cpu-thermal,69.281
1780554247.9754179,,,gpu-thermal,69.937
1780554247.9754179,,,soc0-thermal,67.375
1780554247.9754179,,,soc1-thermal,66.5
1780554247.9754179,,,soc2-thermal,67.593
1780554247.9754179,,,tj-thermal,69.937
1780554248.0806653,VDD_IN,9941.888,,
1780554248.0806653,VDD_CPU_GPU_CV,4034.304,,
1780554248.0806653,VDD_SOC,2200.576,,
1780554248.0806653,,,cpu-thermal,68.906
1780554248.0806653,,,gpu-thermal,69.843
1780554248.0806653,,,soc0-thermal,67.25
1780554248.0806653,,,soc1-thermal,66.437
1780554248.0806653,,,soc2-thermal,67.5
1780554248.0806653,,,tj-thermal,69.843
1780554248.1861098,VDD_IN,9863.296,,
1780554248.1861098,VDD_CPU_GPU_CV,3995.136,,
1780554248.1861098,VDD_SOC,2200.576,,
1780554248.1861098,,,cpu-thermal,68.937
1780554248.1861098,,,gpu-thermal,70.125
1780554248.1861098,,,soc0-thermal,67.25
1780554248.1861098,,,soc1-thermal,66.5
1780554248.1861098,,,soc2-thermal,67.562
1780554248.1861098,,,tj-thermal,70.125
1780554248.2917192,VDD_IN,9824.0,,
1780554248.2917192,VDD_CPU_GPU_CV,3955.968,,
1780554248.2917192,VDD_SOC,2200.576,,
1780554248.2917192,,,cpu-thermal,69.062
1780554248.2917192,,,gpu-thermal,69.906
1780554248.2917192,,,soc0-thermal,67.406
1780554248.2917192,,,soc1-thermal,66.687
1780554248.2917192,,,soc2-thermal,67.562
1780554248.2917192,,,tj-thermal,70.0
1780554248.3972986,VDD_IN,9784.704,,
1780554248.3972986,VDD_CPU_GPU_CV,3955.968,,
1780554248.3972986,VDD_SOC,2196.992,,
1780554248.3972986,,,cpu-thermal,69.156
1780554248.3972986,,,gpu-thermal,69.718
1780554248.3972986,,,soc0-thermal,67.281
1780554248.3972986,,,soc1-thermal,66.531
1780554248.3972986,,,soc2-thermal,67.625
1780554248.3972986,,,tj-thermal,69.718
1780554248.5028338,VDD_IN,9784.704,,
1780554248.5028338,VDD_CPU_GPU_CV,3955.968,,
1780554248.5028338,VDD_SOC,2157.76,,
1780554248.5028338,,,cpu-thermal,68.843
1780554248.5028338,,,gpu-thermal,70.156
1780554248.5028338,,,soc0-thermal,67.25
1780554248.5028338,,,soc1-thermal,66.562
1780554248.5028338,,,soc2-thermal,67.593
1780554248.5028338,,,tj-thermal,70.156
1780554248.6086287,VDD_IN,9784.704,,
1780554248.6086287,VDD_CPU_GPU_CV,3955.968,,
1780554248.6086287,VDD_SOC,2157.76,,
1780554248.6086287,,,cpu-thermal,69.062
1780554248.6086287,,,gpu-thermal,70.062
1780554248.6086287,,,soc0-thermal,67.312
1780554248.6086287,,,soc1-thermal,66.656
1780554248.6086287,,,soc2-thermal,67.625
1780554248.6086287,,,tj-thermal,70.062
1780554248.714243,VDD_IN,9745.408,,
1780554248.714243,VDD_CPU_GPU_CV,3955.968,,
1780554248.714243,VDD_SOC,2157.76,,
1780554248.714243,,,cpu-thermal,69.125
1780554248.714243,,,gpu-thermal,69.968
1780554248.714243,,,soc0-thermal,67.437
1780554248.714243,,,soc1-thermal,66.562
1780554248.714243,,,soc2-thermal,67.687
1780554248.714243,,,tj-thermal,69.968
1780554248.8199537,VDD_IN,9824.0,,
1780554248.8199537,VDD_CPU_GPU_CV,3995.136,,
1780554248.8199537,VDD_SOC,2157.76,,
1780554248.8199537,,,cpu-thermal,69.187
1780554248.8199537,,,gpu-thermal,70.25
1780554248.8199537,,,soc0-thermal,67.281
1780554248.8199537,,,soc1-thermal,66.593
1780554248.8199537,,,soc2-thermal,67.593
1780554248.8199537,,,tj-thermal,70.0
1780554248.9255705,VDD_IN,9981.184,,
1780554248.9255705,VDD_CPU_GPU_CV,4073.472,,
1780554248.9255705,VDD_SOC,2196.992,,
1780554248.9255705,,,cpu-thermal,68.781
1780554248.9255705,,,gpu-thermal,70.125
1780554248.9255705,,,soc0-thermal,67.281
1780554248.9255705,,,soc1-thermal,66.718
1780554248.9255705,,,soc2-thermal,67.593
1780554248.9255705,,,tj-thermal,70.125
1780554249.0312626,VDD_IN,10099.072,,
1780554249.0312626,VDD_CPU_GPU_CV,4151.808,,
1780554249.0312626,VDD_SOC,2239.872,,
1780554249.0312626,,,cpu-thermal,68.937
1780554249.0312626,,,gpu-thermal,70.031
1780554249.0312626,,,soc0-thermal,67.375
1780554249.0312626,,,soc1-thermal,66.718
1780554249.0312626,,,soc2-thermal,67.687
1780554249.0312626,,,tj-thermal,70.031
1780554249.137171,VDD_IN,9981.184,,
1780554249.137171,VDD_CPU_GPU_CV,4073.472,,
1780554249.137171,VDD_SOC,2196.992,,
1780554249.137171,,,cpu-thermal,69.0
1780554249.137171,,,gpu-thermal,70.0
1780554249.137171,,,soc0-thermal,67.218
1780554249.137171,,,soc1-thermal,66.687
1780554249.137171,,,soc2-thermal,67.718
1780554249.137171,,,tj-thermal,70.0
1780554249.2431738,VDD_IN,9902.592,,
1780554249.2431738,VDD_CPU_GPU_CV,4034.304,,
1780554249.2431738,VDD_SOC,2196.992,,
1780554249.2431738,,,cpu-thermal,68.937
1780554249.2431738,,,gpu-thermal,69.906
1780554249.2431738,,,soc0-thermal,67.312
1780554249.2431738,,,soc1-thermal,66.625
1780554249.2431738,,,soc2-thermal,67.625
1780554249.2431738,,,tj-thermal,69.906
1780554249.3488204,VDD_IN,9824.0,,
1780554249.3488204,VDD_CPU_GPU_CV,3995.136,,
1780554249.3488204,VDD_SOC,2196.992,,
1780554249.3488204,,,cpu-thermal,69.0
1780554249.3488204,,,gpu-thermal,70.187
1780554249.3488204,,,soc0-thermal,67.343
1780554249.3488204,,,soc1-thermal,66.593
1780554249.3488204,,,soc2-thermal,67.656
1780554249.3488204,,,tj-thermal,70.187
1780554249.4547353,VDD_IN,9784.704,,
1780554249.4547353,VDD_CPU_GPU_CV,3955.968,,
1780554249.4547353,VDD_SOC,2196.992,,
1780554249.4547353,,,cpu-thermal,69.0
1780554249.4547353,,,gpu-thermal,69.968
1780554249.4547353,,,soc0-thermal,67.406
1780554249.4547353,,,soc1-thermal,66.562
1780554249.4547353,,,soc2-thermal,67.75
1780554249.4547353,,,tj-thermal,70.125
1780554249.560382,VDD_IN,9745.408,,
1780554249.560382,VDD_CPU_GPU_CV,3955.968,,
1780554249.560382,VDD_SOC,2196.992,,
1780554249.560382,,,cpu-thermal,69.093
1780554249.560382,,,gpu-thermal,69.843
1780554249.560382,,,soc0-thermal,67.437
1780554249.560382,,,soc1-thermal,66.593
1780554249.560382,,,soc2-thermal,67.593
1780554249.560382,,,tj-thermal,70.031
1780554249.6658711,VDD_IN,9706.112,,
1780554249.6658711,VDD_CPU_GPU_CV,3916.8,,
1780554249.6658711,VDD_SOC,2157.76,,
1780554249.6658711,,,cpu-thermal,68.968
1780554249.6658711,,,gpu-thermal,70.187
1780554249.6658711,,,soc0-thermal,67.25
1780554249.6658711,,,soc1-thermal,66.593
1780554249.6658711,,,soc2-thermal,67.625
1780554249.6658711,,,tj-thermal,70.187
1780554249.7717369,VDD_IN,9666.816,,
1780554249.7717369,VDD_CPU_GPU_CV,3877.632,,
1780554249.7717369,VDD_SOC,2157.76,,
1780554249.7717369,,,cpu-thermal,68.968
1780554249.7717369,,,gpu-thermal,70.125
1780554249.7717369,,,soc0-thermal,67.406
1780554249.7717369,,,soc1-thermal,66.656
1780554249.7717369,,,soc2-thermal,67.625
1780554249.7717369,,,tj-thermal,70.125
1780554249.8772395,VDD_IN,9863.296,,
1780554249.8772395,VDD_CPU_GPU_CV,3995.136,,
1780554249.8772395,VDD_SOC,2200.576,,
1780554249.8772395,,,cpu-thermal,69.093
1780554249.8772395,,,gpu-thermal,70.125
1780554249.8772395,,,soc0-thermal,67.406
1780554249.8772395,,,soc1-thermal,66.562
1780554249.8772395,,,soc2-thermal,67.687
1780554249.8772395,,,tj-thermal,70.125
1780554249.9828165,VDD_IN,10020.48,,
1780554249.9828165,VDD_CPU_GPU_CV,4073.472,,
1780554249.9828165,VDD_SOC,2239.872,,
1780554249.9828165,,,cpu-thermal,69.031
1780554249.9828165,,,gpu-thermal,70.375
1780554249.9828165,,,soc0-thermal,67.25
1780554249.9828165,,,soc1-thermal,66.562
1780554249.9828165,,,soc2-thermal,67.562
1780554249.9828165,,,tj-thermal,70.187
1780554250.0884526,VDD_IN,10059.776,,
1780554250.0884526,VDD_CPU_GPU_CV,4112.64,,
1780554250.0884526,VDD_SOC,2239.872,,
1780554250.0884526,,,cpu-thermal,68.937
1780554250.0884526,,,gpu-thermal,70.218
1780554250.0884526,,,soc0-thermal,67.375
1780554250.0884526,,,soc1-thermal,66.718
1780554250.0884526,,,soc2-thermal,67.687
1780554250.0884526,,,tj-thermal,70.031
1780554250.1943202,VDD_IN,9941.888,,
1780554250.1943202,VDD_CPU_GPU_CV,4034.304,,
1780554250.1943202,VDD_SOC,2200.576,,
1780554250.1943202,,,cpu-thermal,68.968
1780554250.1943202,,,gpu-thermal,70.062
1780554250.1943202,,,soc0-thermal,67.406
1780554250.1943202,,,soc1-thermal,66.75
1780554250.1943202,,,soc2-thermal,67.718
1780554250.1943202,,,tj-thermal,70.062
1780554250.300026,VDD_IN,9863.296,,
1780554250.300026,VDD_CPU_GPU_CV,4034.304,,
1780554250.300026,VDD_SOC,2196.992,,
1780554250.300026,,,cpu-thermal,69.343
1780554250.300026,,,gpu-thermal,69.968
1780554250.300026,,,soc0-thermal,67.437
1780554250.300026,,,soc1-thermal,66.687
1780554250.300026,,,soc2-thermal,67.812
1780554250.300026,,,tj-thermal,69.968
1780554250.405747,VDD_IN,9863.296,,
1780554250.405747,VDD_CPU_GPU_CV,4034.304,,
1780554250.405747,VDD_SOC,2196.992,,
1780554250.405747,,,cpu-thermal,69.0
1780554250.405747,,,gpu-thermal,70.0
1780554250.405747,,,soc0-thermal,67.406
1780554250.405747,,,soc1-thermal,66.687
1780554250.405747,,,soc2-thermal,67.718
1780554250.405747,,,tj-thermal,70.0
1780554250.5117316,VDD_IN,9784.704,,
1780554250.5117316,VDD_CPU_GPU_CV,3995.136,,
1780554250.5117316,VDD_SOC,2196.992,,
1780554250.5117316,,,cpu-thermal,69.0
1780554250.5117316,,,gpu-thermal,70.343
1780554250.5117316,,,soc0-thermal,67.468
1780554250.5117316,,,soc1-thermal,66.75
1780554250.5117316,,,soc2-thermal,67.75
1780554250.5117316,,,tj-thermal,70.343
1780554250.6174383,VDD_IN,9706.112,,
1780554250.6174383,VDD_CPU_GPU_CV,3916.8,,
1780554250.6174383,VDD_SOC,2196.992,,
1780554250.6174383,,,cpu-thermal,69.187
1780554250.6174383,,,gpu-thermal,70.062
1780554250.6174383,,,soc0-thermal,67.531
1780554250.6174383,,,soc1-thermal,66.593
1780554250.6174383,,,soc2-thermal,67.781
1780554250.6174383,,,tj-thermal,70.125
1780554250.7230082,VDD_IN,9706.112,,
1780554250.7230082,VDD_CPU_GPU_CV,3916.8,,
1780554250.7230082,VDD_SOC,2157.76,,
1780554250.7230082,,,cpu-thermal,69.312
1780554250.7230082,,,gpu-thermal,69.875
1780554250.7230082,,,soc0-thermal,67.375
1780554250.7230082,,,soc1-thermal,66.656
1780554250.7230082,,,soc2-thermal,67.718
1780554250.7230082,,,tj-thermal,70.062
1780554250.8287203,VDD_IN,9784.704,,
1780554250.8287203,VDD_CPU_GPU_CV,3955.968,,
1780554250.8287203,VDD_SOC,2196.992,,
1780554250.8287203,,,cpu-thermal,69.031
1780554250.8287203,,,gpu-thermal,70.406
1780554250.8287203,,,soc0-thermal,67.562
1780554250.8287203,,,soc1-thermal,66.75
1780554250.8287203,,,soc2-thermal,67.687
1780554250.8287203,,,tj-thermal,70.187
1780554250.9358912,VDD_IN,9941.888,,
1780554250.9358912,VDD_CPU_GPU_CV,4034.304,,
1780554250.9358912,VDD_SOC,2200.576,,
1780554250.9358912,,,cpu-thermal,69.093
1780554250.9358912,,,gpu-thermal,70.281
1780554250.9358912,,,soc0-thermal,67.531
1780554250.9358912,,,soc1-thermal,66.875
1780554250.9358912,,,soc2-thermal,67.718
1780554250.9358912,,,tj-thermal,70.218
1780554251.0422325,VDD_IN,10020.48,,
1780554251.0422325,VDD_CPU_GPU_CV,4073.472,,
1780554251.0422325,VDD_SOC,2239.872,,
1780554251.0422325,,,cpu-thermal,69.062
1780554251.0422325,,,gpu-thermal,70.156
1780554251.0422325,,,soc0-thermal,67.375
1780554251.0422325,,,soc1-thermal,66.562
1780554251.0422325,,,soc2-thermal,67.781
1780554251.0422325,,,tj-thermal,70.468
1780554251.1478546,VDD_IN,9863.296,,
1780554251.1478546,VDD_CPU_GPU_CV,3995.136,,
1780554251.1478546,VDD_SOC,2196.992,,
1780554251.1478546,,,cpu-thermal,69.062
1780554251.1478546,,,gpu-thermal,70.062
1780554251.1478546,,,soc0-thermal,67.468
1780554251.1478546,,,soc1-thermal,66.781
1780554251.1478546,,,soc2-thermal,67.75
1780554251.1478546,,,tj-thermal,70.062
1780554251.2539697,VDD_IN,9745.408,,
1780554251.2539697,VDD_CPU_GPU_CV,3955.968,,
1780554251.2539697,VDD_SOC,2196.992,,
1780554251.2539697,,,cpu-thermal,69.125
1780554251.2539697,,,gpu-thermal,70.062
1780554251.2539697,,,soc0-thermal,67.5
1780554251.2539697,,,soc1-thermal,66.718
1780554251.2539697,,,soc2-thermal,67.781
1780554251.2539697,,,tj-thermal,70.062
1780554251.3603368,VDD_IN,9666.816,,
1780554251.3603368,VDD_CPU_GPU_CV,3877.632,,
1780554251.3603368,VDD_SOC,2157.76,,
1780554251.3603368,,,cpu-thermal,69.125
1780554251.3603368,,,gpu-thermal,70.375
1780554251.3603368,,,soc0-thermal,67.531
1780554251.3603368,,,soc1-thermal,66.718
1780554251.3603368,,,soc2-thermal,67.812
1780554251.3603368,,,tj-thermal,70.375
1780554251.4661522,VDD_IN,9588.224,,
1780554251.4661522,VDD_CPU_GPU_CV,3877.632,,
1780554251.4661522,VDD_SOC,2157.76,,
1780554251.4661522,,,cpu-thermal,69.062
1780554251.4661522,,,gpu-thermal,70.25
1780554251.4661522,,,soc0-thermal,67.437
1780554251.4661522,,,soc1-thermal,66.687
1780554251.4661522,,,soc2-thermal,67.718
1780554251.4661522,,,tj-thermal,70.25
1780554251.571817,VDD_IN,9572.608,,
1780554251.571817,VDD_CPU_GPU_CV,3838.464,,
1780554251.571817,VDD_SOC,2157.76,,
1780554251.571817,,,cpu-thermal,69.062
1780554251.571817,,,gpu-thermal,70.125
1780554251.571817,,,soc0-thermal,67.468
1780554251.571817,,,soc1-thermal,66.75
1780554251.571817,,,soc2-thermal,67.718
1780554251.571817,,,tj-thermal,70.125
1780554251.677686,VDD_IN,9494.144,,
1780554251.677686,VDD_CPU_GPU_CV,3838.464,,
1780554251.677686,VDD_SOC,2157.76,,
1780554251.677686,,,cpu-thermal,69.125
1780554251.677686,,,gpu-thermal,70.25
1780554251.677686,,,soc0-thermal,67.531
1780554251.677686,,,soc1-thermal,66.687
1780554251.677686,,,soc2-thermal,67.781
1780554251.677686,,,tj-thermal,70.062
1780554251.7832012,VDD_IN,9494.144,,
1780554251.7832012,VDD_CPU_GPU_CV,3838.464,,
1780554251.7832012,VDD_SOC,2157.76,,
1780554251.7832012,,,cpu-thermal,69.406
1780554251.7832012,,,gpu-thermal,70.281
1780554251.7832012,,,soc0-thermal,67.562
1780554251.7832012,,,soc1-thermal,66.687
1780554251.7832012,,,soc2-thermal,67.812
1780554251.7832012,,,tj-thermal,70.031
1780554251.8889596,VDD_IN,9784.704,,
1780554251.8889596,VDD_CPU_GPU_CV,3955.968,,
1780554251.8889596,VDD_SOC,2196.992,,
1780554251.8889596,,,cpu-thermal,69.031
1780554251.8889596,,,gpu-thermal,70.218
1780554251.8889596,,,soc0-thermal,67.406
1780554251.8889596,,,soc1-thermal,66.718
1780554251.8889596,,,soc2-thermal,67.75
1780554251.8889596,,,tj-thermal,70.218
1780554251.994767,VDD_IN,9941.888,,
1780554251.994767,VDD_CPU_GPU_CV,4073.472,,
1780554251.994767,VDD_SOC,2196.992,,
1780554251.994767,,,cpu-thermal,69.062
1780554251.994767,,,gpu-thermal,70.218
1780554251.994767,,,soc0-thermal,67.531
1780554251.994767,,,soc1-thermal,66.875
1780554251.994767,,,soc2-thermal,67.75
1780554251.994767,,,tj-thermal,70.218
1780554252.100618,VDD_IN,9863.296,,
1780554252.100618,VDD_CPU_GPU_CV,4034.304,,
1780554252.100618,VDD_SOC,2196.992,,
1780554252.100618,,,cpu-thermal,69.375
1780554252.100618,,,gpu-thermal,70.093
1780554252.100618,,,soc0-thermal,67.531
1780554252.100618,,,soc1-thermal,66.687
1780554252.100618,,,soc2-thermal,67.781
1780554252.100618,,,tj-thermal,70.093
1780554252.2067444,VDD_IN,9824.0,,
1780554252.2067444,VDD_CPU_GPU_CV,3995.136,,
1780554252.2067444,VDD_SOC,2196.992,,
1780554252.2067444,,,cpu-thermal,69.375
1780554252.2067444,,,gpu-thermal,70.437
1780554252.2067444,,,soc0-thermal,67.468
1780554252.2067444,,,soc1-thermal,66.781
1780554252.2067444,,,soc2-thermal,67.75
1780554252.2067444,,,tj-thermal,70.437
1780554252.3126192,VDD_IN,9824.0,,
1780554252.3126192,VDD_CPU_GPU_CV,3995.136,,
1780554252.3126192,VDD_SOC,2196.992,,
1780554252.3126192,,,cpu-thermal,69.25
1780554252.3126192,,,gpu-thermal,70.312
1780554252.3126192,,,soc0-thermal,67.562
1780554252.3126192,,,soc1-thermal,66.812
1780554252.3126192,,,soc2-thermal,67.75
1780554252.3126192,,,tj-thermal,70.312
1780554252.4183972,VDD_IN,9824.0,,
1780554252.4183972,VDD_CPU_GPU_CV,4034.304,,
1780554252.4183972,VDD_SOC,2196.992,,
1780554252.4183972,,,cpu-thermal,69.281
1780554252.4183972,,,gpu-thermal,70.093
1780554252.4183972,,,soc0-thermal,67.562
1780554252.4183972,,,soc1-thermal,66.875
1780554252.4183972,,,soc2-thermal,67.875
1780554252.4183972,,,tj-thermal,70.312
1780554252.524394,VDD_IN,9824.0,,
1780554252.524394,VDD_CPU_GPU_CV,4034.304,,
1780554252.524394,VDD_SOC,2196.992,,
1780554252.524394,,,cpu-thermal,69.343
1780554252.524394,,,gpu-thermal,70.5
1780554252.524394,,,soc0-thermal,67.468
1780554252.524394,,,soc1-thermal,66.75
1780554252.524394,,,soc2-thermal,67.781
1780554252.524394,,,tj-thermal,70.156
1780554252.6302211,VDD_IN,9824.0,,
1780554252.6302211,VDD_CPU_GPU_CV,4034.304,,
1780554252.6302211,VDD_SOC,2196.992,,
1780554252.6302211,,,cpu-thermal,69.218
1780554252.6302211,,,gpu-thermal,70.406
1780554252.6302211,,,soc0-thermal,67.531
1780554252.6302211,,,soc1-thermal,66.875
1780554252.6302211,,,soc2-thermal,67.781
1780554252.6302211,,,tj-thermal,70.406
1780554252.735873,VDD_IN,9863.296,,
1780554252.735873,VDD_CPU_GPU_CV,4034.304,,
1780554252.735873,VDD_SOC,2196.992,,
1780554252.735873,,,cpu-thermal,69.218
1780554252.735873,,,gpu-thermal,70.281
1780554252.735873,,,soc0-thermal,67.593
1780554252.735873,,,soc1-thermal,66.843
1780554252.735873,,,soc2-thermal,67.843
1780554252.735873,,,tj-thermal,70.281
1780554252.8417268,VDD_IN,9902.592,,
1780554252.8417268,VDD_CPU_GPU_CV,4073.472,,
1780554252.8417268,VDD_SOC,2196.992,,
1780554252.8417268,,,cpu-thermal,69.218
1780554252.8417268,,,gpu-thermal,70.281
1780554252.8417268,,,soc0-thermal,67.625
1780554252.8417268,,,soc1-thermal,66.687
1780554252.8417268,,,soc2-thermal,67.812
1780554252.8417268,,,tj-thermal,70.281
1780554252.9474363,VDD_IN,10059.776,,
1780554252.9474363,VDD_CPU_GPU_CV,4151.808,,
1780554252.9474363,VDD_SOC,2239.872,,
1780554252.9474363,,,cpu-thermal,69.156
1780554252.9474363,,,gpu-thermal,70.312
1780554252.9474363,,,soc0-thermal,67.531
1780554252.9474363,,,soc1-thermal,66.812
1780554252.9474363,,,soc2-thermal,67.812
1780554252.9474363,,,tj-thermal,70.312
1780554253.0529873,VDD_IN,10020.48,,
1780554253.0529873,VDD_CPU_GPU_CV,4112.64,,
1780554253.0529873,VDD_SOC,2239.872,,
1780554253.0529873,,,cpu-thermal,69.218
1780554253.0529873,,,gpu-thermal,70.375
1780554253.0529873,,,soc0-thermal,67.625
1780554253.0529873,,,soc1-thermal,66.843
1780554253.0529873,,,soc2-thermal,67.875
1780554253.0529873,,,tj-thermal,70.156
1780554253.1593292,VDD_IN,9981.184,,
1780554253.1593292,VDD_CPU_GPU_CV,4073.472,,
1780554253.1593292,VDD_SOC,2196.992,,
1780554253.1593292,,,cpu-thermal,69.281
1780554253.1593292,,,gpu-thermal,70.218
1780554253.1593292,,,soc0-thermal,67.593
1780554253.1593292,,,soc1-thermal,66.906
1780554253.1593292,,,soc2-thermal,67.937
1780554253.1593292,,,tj-thermal,70.5
1780554253.2650132,VDD_IN,9824.0,,
1780554253.2650132,VDD_CPU_GPU_CV,3995.136,,
1780554253.2650132,VDD_SOC,2196.992,,
1780554253.2650132,,,cpu-thermal,69.25
1780554253.2650132,,,gpu-thermal,70.125
1780554253.2650132,,,soc0-thermal,67.531
1780554253.2650132,,,soc1-thermal,66.781
1780554253.2650132,,,soc2-thermal,68.062
1780554253.2650132,,,tj-thermal,70.125
1780554253.370621,VDD_IN,9745.408,,
1780554253.370621,VDD_CPU_GPU_CV,3955.968,,
1780554253.370621,VDD_SOC,2157.76,,
1780554253.370621,,,cpu-thermal,69.218
1780554253.370621,,,gpu-thermal,70.625
1780554253.370621,,,soc0-thermal,67.5
1780554253.370621,,,soc1-thermal,66.906
1780554253.370621,,,soc2-thermal,67.812
1780554253.370621,,,tj-thermal,70.625
1780554253.4763374,VDD_IN,9666.816,,
1780554253.4763374,VDD_CPU_GPU_CV,3916.8,,
1780554253.4763374,VDD_SOC,2157.76,,
1780554253.4763374,,,cpu-thermal,69.187
1780554253.4763374,,,gpu-thermal,70.406
1780554253.4763374,,,soc0-thermal,67.625
1780554253.4763374,,,soc1-thermal,66.843
1780554253.4763374,,,soc2-thermal,67.843
1780554253.4763374,,,tj-thermal,70.406
1780554253.5817897,VDD_IN,9572.608,,
1780554253.5817897,VDD_CPU_GPU_CV,3877.632,,
1780554253.5817897,VDD_SOC,2157.76,,
1780554253.5817897,,,cpu-thermal,69.343
1780554253.5817897,,,gpu-thermal,70.281
1780554253.5817897,,,soc0-thermal,67.687
1780554253.5817897,,,soc1-thermal,66.812
1780554253.5817897,,,soc2-thermal,67.906
1780554253.5817897,,,tj-thermal,70.281
1780554253.6874406,VDD_IN,9533.376,,
1780554253.6874406,VDD_CPU_GPU_CV,3838.464,,
1780554253.6874406,VDD_SOC,2157.76,,
1780554253.6874406,,,cpu-thermal,69.531
1780554253.6874406,,,gpu-thermal,70.468
1780554253.6874406,,,soc0-thermal,67.562
1780554253.6874406,,,soc1-thermal,66.906
1780554253.6874406,,,soc2-thermal,67.906
1780554253.6874406,,,tj-thermal,70.218
1780554253.793307,VDD_IN,9588.224,,
1780554253.793307,VDD_CPU_GPU_CV,3877.632,,
1780554253.793307,VDD_SOC,2157.76,,
1780554253.793307,,,cpu-thermal,69.156
1780554253.793307,,,gpu-thermal,70.437
1780554253.793307,,,soc0-thermal,67.593
1780554253.793307,,,soc1-thermal,66.843
1780554253.793307,,,soc2-thermal,67.875
1780554253.793307,,,tj-thermal,70.281
1780554253.8992078,VDD_IN,9784.704,,
1780554253.8992078,VDD_CPU_GPU_CV,3955.968,,
1780554253.8992078,VDD_SOC,2196.992,,
1780554253.8992078,,,cpu-thermal,69.281
1780554253.8992078,,,gpu-thermal,70.375
1780554253.8992078,,,soc0-thermal,67.656
1780554253.8992078,,,soc1-thermal,66.937
1780554253.8992078,,,soc2-thermal,67.906
1780554253.8992078,,,tj-thermal,70.375
1780554254.00487,VDD_IN,9981.184,,
1780554254.00487,VDD_CPU_GPU_CV,4073.472,,
1780554254.00487,VDD_SOC,2236.224,,
1780554254.00487,,,cpu-thermal,69.375
1780554254.00487,,,gpu-thermal,70.343
1780554254.00487,,,soc0-thermal,67.718
1780554254.00487,,,soc1-thermal,66.843
1780554254.00487,,,soc2-thermal,68.0
1780554254.00487,,,tj-thermal,70.343
1780554254.1109762,VDD_IN,9863.296,,
1780554254.1109762,VDD_CPU_GPU_CV,3995.136,,
1780554254.1109762,VDD_SOC,2196.992,,
1780554254.1109762,,,cpu-thermal,69.437
1780554254.1109762,,,gpu-thermal,70.312
1780554254.1109762,,,soc0-thermal,67.531
1780554254.1109762,,,soc1-thermal,66.781
1780554254.1109762,,,soc2-thermal,67.843
1780554254.1109762,,,tj-thermal,70.312
1780554254.2166882,VDD_IN,9706.112,,
1780554254.2166882,VDD_CPU_GPU_CV,3955.968,,
1780554254.2166882,VDD_SOC,2196.992,,
1780554254.2166882,,,cpu-thermal,69.312
1780554254.2166882,,,gpu-thermal,70.156
1780554254.2166882,,,soc0-thermal,67.562
1780554254.2166882,,,soc1-thermal,66.875
1780554254.2166882,,,soc2-thermal,67.906
1780554254.2166882,,,tj-thermal,70.156
1780554254.322274,VDD_IN,9666.816,,
1780554254.322274,VDD_CPU_GPU_CV,3877.632,,
1780554254.322274,VDD_SOC,2157.76,,
1780554254.322274,,,cpu-thermal,69.406
1780554254.322274,,,gpu-thermal,70.468
1780554254.322274,,,soc0-thermal,67.687
1780554254.322274,,,soc1-thermal,67.031
1780554254.322274,,,soc2-thermal,67.906
1780554254.322274,,,tj-thermal,70.468
1780554254.4285333,VDD_IN,9588.224,,
1780554254.4285333,VDD_CPU_GPU_CV,3838.464,,
1780554254.4285333,VDD_SOC,2157.76,,
1780554254.4285333,,,cpu-thermal,69.375
1780554254.4285333,,,gpu-thermal,70.218
1780554254.4285333,,,soc0-thermal,67.531
1780554254.4285333,,,soc1-thermal,66.843
1780554254.4285333,,,soc2-thermal,67.937
1780554254.4285333,,,tj-thermal,70.281
1780554254.534379,VDD_IN,9548.928,,
1780554254.534379,VDD_CPU_GPU_CV,3799.296,,
1780554254.534379,VDD_SOC,2157.76,,
1780554254.534379,,,cpu-thermal,69.281
1780554254.534379,,,gpu-thermal,70.156
1780554254.534379,,,soc0-thermal,67.625
1780554254.534379,,,soc1-thermal,66.906
1780554254.534379,,,soc2-thermal,67.906
1780554254.534379,,,tj-thermal,70.281
1780554254.6399937,VDD_IN,9509.632,,
1780554254.6399937,VDD_CPU_GPU_CV,3799.296,,
1780554254.6399937,VDD_SOC,2157.76,,
1780554254.6399937,,,cpu-thermal,69.218
1780554254.6399937,,,gpu-thermal,70.437
1780554254.6399937,,,soc0-thermal,67.656
1780554254.6399937,,,soc1-thermal,67.0
1780554254.6399937,,,soc2-thermal,67.937
1780554254.6399937,,,tj-thermal,70.187
1780554254.7463071,VDD_IN,9509.632,,
1780554254.7463071,VDD_CPU_GPU_CV,3760.128,,
1780554254.7463071,VDD_SOC,2157.76,,
1780554254.7463071,,,cpu-thermal,69.343
1780554254.7463071,,,gpu-thermal,70.281
1780554254.7463071,,,soc0-thermal,67.687
1780554254.7463071,,,soc1-thermal,66.875
1780554254.7463071,,,soc2-thermal,67.968
1780554254.7463071,,,tj-thermal,70.281
1780554254.851965,VDD_IN,9666.816,,
1780554254.851965,VDD_CPU_GPU_CV,3877.632,,
1780554254.851965,VDD_SOC,2157.76,,
1780554254.851965,,,cpu-thermal,69.25
1780554254.851965,,,gpu-thermal,70.375
1780554254.851965,,,soc0-thermal,67.656
1780554254.851965,,,soc1-thermal,66.875
1780554254.851965,,,soc2-thermal,67.906
1780554254.851965,,,tj-thermal,70.375
1780554254.957488,VDD_IN,9863.296,,
1780554254.957488,VDD_CPU_GPU_CV,3995.136,,
1780554254.957488,VDD_SOC,2200.576,,
1780554254.957488,,,cpu-thermal,69.375
1780554254.957488,,,gpu-thermal,70.343
1780554254.957488,,,soc0-thermal,67.656
1780554254.957488,,,soc1-thermal,66.937
1780554254.957488,,,soc2-thermal,67.968
1780554254.957488,,,tj-thermal,70.343
1780554255.0630066,VDD_IN,9902.592,,
1780554255.0630066,VDD_CPU_GPU_CV,4034.304,,
1780554255.0630066,VDD_SOC,2200.576,,
1780554255.0630066,,,cpu-thermal,69.312
1780554255.0630066,,,gpu-thermal,70.468
1780554255.0630066,,,soc0-thermal,67.656
1780554255.0630066,,,soc1-thermal,67.0
1780554255.0630066,,,soc2-thermal,68.0
1780554255.0630066,,,tj-thermal,70.218
1780554255.1685827,VDD_IN,9784.704,,
1780554255.1685827,VDD_CPU_GPU_CV,3955.968,,
1780554255.1685827,VDD_SOC,2200.576,,
1780554255.1685827,,,cpu-thermal,69.218
1780554255.1685827,,,gpu-thermal,70.312
1780554255.1685827,,,soc0-thermal,67.687
1780554255.1685827,,,soc1-thermal,66.875
1780554255.1685827,,,soc2-thermal,68.031
1780554255.1685827,,,tj-thermal,70.593
1780554255.2744858,VDD_IN,9706.112,,
1780554255.2744858,VDD_CPU_GPU_CV,3916.8,,
1780554255.2744858,VDD_SOC,2200.576,,
1780554255.2744858,,,cpu-thermal,69.218
1780554255.2744858,,,gpu-thermal,70.312
1780554255.2744858,,,soc0-thermal,67.718
1780554255.2744858,,,soc1-thermal,66.906
1780554255.2744858,,,soc2-thermal,68.031
1780554255.2744858,,,tj-thermal,70.312
1780554255.3806741,VDD_IN,9627.52,,
1780554255.3806741,VDD_CPU_GPU_CV,3877.632,,
1780554255.3806741,VDD_SOC,2161.28,,
1780554255.3806741,,,cpu-thermal,69.25
1780554255.3806741,,,gpu-thermal,70.187
1780554255.3806741,,,soc0-thermal,67.718
1780554255.3806741,,,soc1-thermal,66.937
1780554255.3806741,,,soc2-thermal,68.031
1780554255.3806741,,,tj-thermal,70.187
1780554255.4862945,VDD_IN,9588.224,,
1780554255.4862945,VDD_CPU_GPU_CV,3838.464,,
1780554255.4862945,VDD_SOC,2161.28,,
1780554255.4862945,,,cpu-thermal,69.531
1780554255.4862945,,,gpu-thermal,70.562
1780554255.4862945,,,soc0-thermal,67.781
1780554255.4862945,,,soc1-thermal,66.843
1780554255.4862945,,,soc2-thermal,67.968
1780554255.4862945,,,tj-thermal,70.562
1780554255.5925813,VDD_IN,9588.224,,
1780554255.5925813,VDD_CPU_GPU_CV,3838.464,,
1780554255.5925813,VDD_SOC,2161.28,,
1780554255.5925813,,,cpu-thermal,69.562
1780554255.5925813,,,gpu-thermal,70.406
1780554255.5925813,,,soc0-thermal,67.656
1780554255.5925813,,,soc1-thermal,66.968
1780554255.5925813,,,soc2-thermal,68.0
1780554255.5925813,,,tj-thermal,70.406
1780554255.698301,VDD_IN,9548.928,,
1780554255.698301,VDD_CPU_GPU_CV,3799.296,,
1780554255.698301,VDD_SOC,2157.76,,
1780554255.698301,,,cpu-thermal,69.281
1780554255.698301,,,gpu-thermal,70.312
1780554255.698301,,,soc0-thermal,67.687
1780554255.698301,,,soc1-thermal,66.906
1780554255.698301,,,soc2-thermal,68.0
1780554255.698301,,,tj-thermal,70.312
1780554255.804109,VDD_IN,9588.224,,
1780554255.804109,VDD_CPU_GPU_CV,3838.464,,
1780554255.804109,VDD_SOC,2157.76,,
1780554255.804109,,,cpu-thermal,69.343
1780554255.804109,,,gpu-thermal,70.593
1780554255.804109,,,soc0-thermal,67.718
1780554255.804109,,,soc1-thermal,67.156
1780554255.804109,,,soc2-thermal,68.0
1780554255.804109,,,tj-thermal,70.343
1780554255.9096148,VDD_IN,9784.704,,
1780554255.9096148,VDD_CPU_GPU_CV,3955.968,,
1780554255.9096148,VDD_SOC,2196.992,,
1780554255.9096148,,,cpu-thermal,69.437
1780554255.9096148,,,gpu-thermal,70.625
1780554255.9096148,,,soc0-thermal,67.812
1780554255.9096148,,,soc1-thermal,66.875
1780554255.9096148,,,soc2-thermal,68.125
1780554255.9096148,,,tj-thermal,70.625
1780554256.0151732,VDD_IN,9941.888,,
1780554256.0151732,VDD_CPU_GPU_CV,4034.304,,
1780554256.0151732,VDD_SOC,2239.872,,
1780554256.0151732,,,cpu-thermal,69.625
1780554256.0151732,,,gpu-thermal,70.531
1780554256.0151732,,,soc0-thermal,67.656
1780554256.0151732,,,soc1-thermal,67.0
1780554256.0151732,,,soc2-thermal,68.0
1780554256.0151732,,,tj-thermal,70.531
1780554256.1207805,VDD_IN,9824.0,,
1780554256.1207805,VDD_CPU_GPU_CV,3995.136,,
1780554256.1207805,VDD_SOC,2200.576,,
1780554256.1207805,,,cpu-thermal,69.375
1780554256.1207805,,,gpu-thermal,70.281
1780554256.1207805,,,soc0-thermal,67.687
1780554256.1207805,,,soc1-thermal,67.062
1780554256.1207805,,,soc2-thermal,68.031
1780554256.1207805,,,tj-thermal,70.281
1780554256.2273488,VDD_IN,9745.408,,
1780554256.2273488,VDD_CPU_GPU_CV,3916.8,,
1780554256.2273488,VDD_SOC,2196.992,,
1780554256.2273488,,,cpu-thermal,69.437
1780554256.2273488,,,gpu-thermal,70.281
1780554256.2273488,,,soc0-thermal,67.781
1780554256.2273488,,,soc1-thermal,66.968
1780554256.2273488,,,soc2-thermal,68.093
1780554256.2273488,,,tj-thermal,70.281
1780554256.3328702,VDD_IN,9666.816,,
1780554256.3328702,VDD_CPU_GPU_CV,3877.632,,
1780554256.3328702,VDD_SOC,2161.28,,
1780554256.3328702,,,cpu-thermal,69.406
1780554256.3328702,,,gpu-thermal,70.687
1780554256.3328702,,,soc0-thermal,67.656
1780554256.3328702,,,soc1-thermal,66.937
1780554256.3328702,,,soc2-thermal,68.0
1780554256.3328702,,,tj-thermal,70.687
1780554256.4383392,VDD_IN,9627.52,,
1780554256.4383392,VDD_CPU_GPU_CV,3877.632,,
1780554256.4383392,VDD_SOC,2161.28,,
1780554256.4383392,,,cpu-thermal,69.375
1780554256.4383392,,,gpu-thermal,70.343
1780554256.4383392,,,soc0-thermal,67.75
1780554256.4383392,,,soc1-thermal,67.031
1780554256.4383392,,,soc2-thermal,68.031
1780554256.4383392,,,tj-thermal,70.5
1780554256.5443692,VDD_IN,9588.224,,
1780554256.5443692,VDD_CPU_GPU_CV,3838.464,,
1780554256.5443692,VDD_SOC,2157.76,,
1780554256.5443692,,,cpu-thermal,69.406
1780554256.5443692,,,gpu-thermal,70.281
1780554256.5443692,,,soc0-thermal,67.812
1780554256.5443692,,,soc1-thermal,67.156
1780554256.5443692,,,soc2-thermal,68.0
1780554256.5443692,,,tj-thermal,70.437
1780554256.6500843,VDD_IN,9548.928,,
1780554256.6500843,VDD_CPU_GPU_CV,3799.296,,
1780554256.6500843,VDD_SOC,2157.76,,
1780554256.6500843,,,cpu-thermal,69.375
1780554256.6500843,,,gpu-thermal,70.625
1780554256.6500843,,,soc0-thermal,67.843
1780554256.6500843,,,soc1-thermal,66.937
1780554256.6500843,,,soc2-thermal,68.125
1780554256.6500843,,,tj-thermal,70.625
1780554256.7557344,VDD_IN,9509.632,,
1780554256.7557344,VDD_CPU_GPU_CV,3799.296,,
1780554256.7557344,VDD_SOC,2157.76,,
1780554256.7557344,,,cpu-thermal,69.375
1780554256.7557344,,,gpu-thermal,70.437
1780554256.7557344,,,soc0-thermal,67.75
1780554256.7557344,,,soc1-thermal,67.031
1780554256.7557344,,,soc2-thermal,68.031
1780554256.7557344,,,tj-thermal,70.437
1780554256.8614798,VDD_IN,9706.112,,
1780554256.8614798,VDD_CPU_GPU_CV,3916.8,,
1780554256.8614798,VDD_SOC,2200.576,,
1780554256.8614798,,,cpu-thermal,69.406
1780554256.8614798,,,gpu-thermal,70.468
1780554256.8614798,,,soc0-thermal,67.812
1780554256.8614798,,,soc1-thermal,67.031
1780554256.8614798,,,soc2-thermal,68.093
1780554256.8614798,,,tj-thermal,70.468
1780554256.9677167,VDD_IN,9902.592,,
1780554256.9677167,VDD_CPU_GPU_CV,3995.136,,
1780554256.9677167,VDD_SOC,2200.576,,
1780554256.9677167,,,cpu-thermal,69.468
1780554256.9677167,,,gpu-thermal,70.562
1780554256.9677167,,,soc0-thermal,67.843
1780554256.9677167,,,soc1-thermal,67.031
1780554256.9677167,,,soc2-thermal,68.093
1780554256.9677167,,,tj-thermal,70.562
1780554257.0733397,VDD_IN,9902.592,,
1780554257.0733397,VDD_CPU_GPU_CV,4034.304,,
1780554257.0733397,VDD_SOC,2200.576,,
1780554257.0733397,,,cpu-thermal,69.343
1780554257.0733397,,,gpu-thermal,70.375
1780554257.0733397,,,soc0-thermal,67.906
1780554257.0733397,,,soc1-thermal,66.968
1780554257.0733397,,,soc2-thermal,68.187
1780554257.0733397,,,tj-thermal,70.375
1780554257.1791806,VDD_IN,9784.704,,
1780554257.1791806,VDD_CPU_GPU_CV,3955.968,,
1780554257.1791806,VDD_SOC,2200.576,,
1780554257.1791806,,,cpu-thermal,69.375
1780554257.1791806,,,gpu-thermal,70.468
1780554257.1791806,,,soc0-thermal,67.781
1780554257.1791806,,,soc1-thermal,67.031
1780554257.1791806,,,soc2-thermal,68.093
1780554257.1791806,,,tj-thermal,70.718
1780554257.2847095,VDD_IN,9666.816,,
1780554257.2847095,VDD_CPU_GPU_CV,3916.8,,
1780554257.2847095,VDD_SOC,2200.576,,
1780554257.2847095,,,cpu-thermal,69.343
1780554257.2847095,,,gpu-thermal,70.343
1780554257.2847095,,,soc0-thermal,67.812
1780554257.2847095,,,soc1-thermal,67.156
1780554257.2847095,,,soc2-thermal,68.062
1780554257.2847095,,,tj-thermal,70.343
1780554257.390226,VDD_IN,9627.52,,
1780554257.390226,VDD_CPU_GPU_CV,3877.632,,
1780554257.390226,VDD_SOC,2161.28,,
1780554257.390226,,,cpu-thermal,69.593
1780554257.390226,,,gpu-thermal,70.312
1780554257.390226,,,soc0-thermal,67.875
1780554257.390226,,,soc1-thermal,67.0
1780554257.390226,,,soc2-thermal,68.125
1780554257.390226,,,tj-thermal,70.312
1780554257.4961832,VDD_IN,9588.224,,
1780554257.4961832,VDD_CPU_GPU_CV,3838.464,,
1780554257.4961832,VDD_SOC,2161.28,,
1780554257.4961832,,,cpu-thermal,69.718
1780554257.4961832,,,gpu-thermal,70.718
1780554257.4961832,,,soc0-thermal,67.781
1780554257.4961832,,,soc1-thermal,67.031
1780554257.4961832,,,soc2-thermal,68.062
1780554257.4961832,,,tj-thermal,70.718
1780554257.6018198,VDD_IN,9548.928,,
1780554257.6018198,VDD_CPU_GPU_CV,3799.296,,
1780554257.6018198,VDD_SOC,2161.28,,
1780554257.6018198,,,cpu-thermal,69.406
1780554257.6018198,,,gpu-thermal,70.531
1780554257.6018198,,,soc0-thermal,67.75
1780554257.6018198,,,soc1-thermal,67.031
1780554257.6018198,,,soc2-thermal,68.093
1780554257.6018198,,,tj-thermal,70.531
1780554257.7077646,VDD_IN,9548.928,,
1780554257.7077646,VDD_CPU_GPU_CV,3799.296,,
1780554257.7077646,VDD_SOC,2161.28,,
1780554257.7077646,,,cpu-thermal,69.531
1780554257.7077646,,,gpu-thermal,70.218
1780554257.7077646,,,soc0-thermal,67.875
1780554257.7077646,,,soc1-thermal,67.25
1780554257.7077646,,,soc2-thermal,68.093
1780554257.7077646,,,tj-thermal,70.437
1780554257.8134634,VDD_IN,9588.224,,
1780554257.8134634,VDD_CPU_GPU_CV,3838.464,,
1780554257.8134634,VDD_SOC,2161.28,,
1780554257.8134634,,,cpu-thermal,69.406
1780554257.8134634,,,gpu-thermal,70.781
1780554257.8134634,,,soc0-thermal,67.968
1780554257.8134634,,,soc1-thermal,67.031
1780554257.8134634,,,soc2-thermal,68.187
1780554257.8134634,,,tj-thermal,70.781
1780554257.9189756,VDD_IN,9824.0,,
1780554257.9189756,VDD_CPU_GPU_CV,3955.968,,
1780554257.9189756,VDD_SOC,2200.576,,
1780554257.9189756,,,cpu-thermal,69.625
1780554257.9189756,,,gpu-thermal,70.625
1780554257.9189756,,,soc0-thermal,67.843
1780554257.9189756,,,soc1-thermal,67.031
1780554257.9189756,,,soc2-thermal,68.031
1780554257.9189756,,,tj-thermal,70.625
1780554258.0247571,VDD_IN,9981.184,,
1780554258.0247571,VDD_CPU_GPU_CV,4034.304,,
1780554258.0247571,VDD_SOC,2239.872,,
1780554258.0247571,,,cpu-thermal,69.468
1780554258.0247571,,,gpu-thermal,70.625
1780554258.0247571,,,soc0-thermal,67.812
1780554258.0247571,,,soc1-thermal,67.156
1780554258.0247571,,,soc2-thermal,68.125
1780554258.0247571,,,tj-thermal,70.625
1780554258.130288,VDD_IN,9863.296,,
1780554258.130288,VDD_CPU_GPU_CV,3995.136,,
1780554258.130288,VDD_SOC,2200.576,,
1780554258.130288,,,cpu-thermal,69.531
1780554258.130288,,,gpu-thermal,70.562
1780554258.130288,,,soc0-thermal,67.875
1780554258.130288,,,soc1-thermal,67.156
1780554258.130288,,,soc2-thermal,68.156
1780554258.130288,,,tj-thermal,70.562
1780554258.235781,VDD_IN,9745.408,,
1780554258.235781,VDD_CPU_GPU_CV,3955.968,,
1780554258.235781,VDD_SOC,2200.576,,
1780554258.235781,,,cpu-thermal,69.562
1780554258.235781,,,gpu-thermal,70.625
1780554258.235781,,,soc0-thermal,67.812
1780554258.235781,,,soc1-thermal,67.062
1780554258.235781,,,soc2-thermal,68.156
1780554258.235781,,,tj-thermal,70.343
1780554258.3416522,VDD_IN,9666.816,,
1780554258.3416522,VDD_CPU_GPU_CV,3877.632,,
1780554258.3416522,VDD_SOC,2161.28,,
1780554258.3416522,,,cpu-thermal,69.406
1780554258.3416522,,,gpu-thermal,70.468
1780554258.3416522,,,soc0-thermal,67.906
1780554258.3416522,,,soc1-thermal,67.125
1780554258.3416522,,,soc2-thermal,68.187
1780554258.3416522,,,tj-thermal,70.468
1780554258.4471693,VDD_IN,9588.224,,
1780554258.4471693,VDD_CPU_GPU_CV,3877.632,,
1780554258.4471693,VDD_SOC,2161.28,,
1780554258.4471693,,,cpu-thermal,69.406
1780554258.4471693,,,gpu-thermal,70.5
1780554258.4471693,,,soc0-thermal,67.906
1780554258.4471693,,,soc1-thermal,67.156
1780554258.4471693,,,soc2-thermal,68.156
1780554258.4471693,,,tj-thermal,70.5
1780554258.552806,VDD_IN,9509.632,,
1780554258.552806,VDD_CPU_GPU_CV,3838.464,,
1780554258.552806,VDD_SOC,2161.28,,
1780554258.552806,,,cpu-thermal,69.5
1780554258.552806,,,gpu-thermal,70.343
1780554258.552806,,,soc0-thermal,67.968
1780554258.552806,,,soc1-thermal,67.031
1780554258.552806,,,soc2-thermal,68.125
1780554258.552806,,,tj-thermal,70.343
1780554258.6588995,VDD_IN,9509.632,,
1780554258.6588995,VDD_CPU_GPU_CV,3799.296,,
1780554258.6588995,VDD_SOC,2161.28,,
1780554258.6588995,,,cpu-thermal,69.437
1780554258.6588995,,,gpu-thermal,70.718
1780554258.6588995,,,soc0-thermal,67.75
1780554258.6588995,,,soc1-thermal,67.125
1780554258.6588995,,,soc2-thermal,68.156
1780554258.6588995,,,tj-thermal,70.718
1780554258.76443,VDD_IN,9470.336,,
1780554258.76443,VDD_CPU_GPU_CV,3799.296,,
1780554258.76443,VDD_SOC,2157.76,,
1780554258.76443,,,cpu-thermal,69.406
1780554258.76443,,,gpu-thermal,70.625
1780554258.76443,,,soc0-thermal,67.812
1780554258.76443,,,soc1-thermal,67.125
1780554258.76443,,,soc2-thermal,68.218
1780554258.76443,,,tj-thermal,70.625
1780554258.870065,VDD_IN,9706.112,,
1780554258.870065,VDD_CPU_GPU_CV,3916.8,,
1780554258.870065,VDD_SOC,2196.992,,
1780554258.870065,,,cpu-thermal,69.562
1780554258.870065,,,gpu-thermal,70.593
1780554258.870065,,,soc0-thermal,67.968
1780554258.870065,,,soc1-thermal,67.187
1780554258.870065,,,soc2-thermal,68.187
1780554258.870065,,,tj-thermal,70.625
1780554258.9756215,VDD_IN,9902.592,,
1780554258.9756215,VDD_CPU_GPU_CV,4034.304,,
1780554258.9756215,VDD_SOC,2200.576,,
1780554258.9756215,,,cpu-thermal,69.875
1780554258.9756215,,,gpu-thermal,70.875
1780554258.9756215,,,soc0-thermal,67.843
1780554258.9756215,,,soc1-thermal,67.093
1780554258.9756215,,,soc2-thermal,68.281
1780554258.9756215,,,tj-thermal,70.875
1780554259.0810156,VDD_IN,9863.296,,
1780554259.0810156,VDD_CPU_GPU_CV,3995.136,,
1780554259.0810156,VDD_SOC,2200.576,,
1780554259.0810156,,,cpu-thermal,69.468
1780554259.0810156,,,gpu-thermal,70.687
1780554259.0810156,,,soc0-thermal,67.75
1780554259.0810156,,,soc1-thermal,67.093
1780554259.0810156,,,soc2-thermal,68.187
1780554259.0810156,,,tj-thermal,70.687
1780554259.1867611,VDD_IN,9745.408,,
1780554259.1867611,VDD_CPU_GPU_CV,3916.8,,
1780554259.1867611,VDD_SOC,2200.576,,
1780554259.1867611,,,cpu-thermal,69.437
1780554259.1867611,,,gpu-thermal,70.5
1780554259.1867611,,,soc0-thermal,67.906
1780554259.1867611,,,soc1-thermal,67.187
1780554259.1867611,,,soc2-thermal,68.187
1780554259.1867611,,,tj-thermal,70.5
1780554259.2927847,VDD_IN,9706.112,,
1780554259.2927847,VDD_CPU_GPU_CV,3916.8,,
1780554259.2927847,VDD_SOC,2200.576,,
1780554259.2927847,,,cpu-thermal,69.718
1780554259.2927847,,,gpu-thermal,70.531
1780554259.2927847,,,soc0-thermal,67.937
1780554259.2927847,,,soc1-thermal,67.281
1780554259.2927847,,,soc2-thermal,68.218
1780554259.2927847,,,tj-thermal,70.531
1780554259.3986883,VDD_IN,9627.52,,
1780554259.3986883,VDD_CPU_GPU_CV,3877.632,,
1780554259.3986883,VDD_SOC,2161.28,,
1780554259.3986883,,,cpu-thermal,69.812
1780554259.3986883,,,gpu-thermal,70.406
1780554259.3986883,,,soc0-thermal,67.875
1780554259.3986883,,,soc1-thermal,67.125
1780554259.3986883,,,soc2-thermal,68.156
1780554259.3986883,,,tj-thermal,70.406
1780554259.5045767,VDD_IN,9548.928,,
1780554259.5045767,VDD_CPU_GPU_CV,3838.464,,
1780554259.5045767,VDD_SOC,2157.76,,
1780554259.5045767,,,cpu-thermal,69.437
1780554259.5045767,,,gpu-thermal,70.531
1780554259.5045767,,,soc0-thermal,67.906
1780554259.5045767,,,soc1-thermal,67.156
1780554259.5045767,,,soc2-thermal,68.187
1780554259.5045767,,,tj-thermal,70.875
1780554259.610985,VDD_IN,9548.928,,
1780554259.610985,VDD_CPU_GPU_CV,3799.296,,
1780554259.610985,VDD_SOC,2157.76,,
1780554259.610985,,,cpu-thermal,69.687
1780554259.610985,,,gpu-thermal,70.531
1780554259.610985,,,soc0-thermal,67.906
1780554259.610985,,,soc1-thermal,67.187
1780554259.610985,,,soc2-thermal,68.312
1780554259.610985,,,tj-thermal,70.718
1780554259.716534,VDD_IN,9509.632,,
1780554259.716534,VDD_CPU_GPU_CV,3799.296,,
1780554259.716534,VDD_SOC,2157.76,,
1780554259.716534,,,cpu-thermal,69.656
1780554259.716534,,,gpu-thermal,70.5
1780554259.716534,,,soc0-thermal,68.062
1780554259.716534,,,soc1-thermal,67.093
1780554259.716534,,,soc2-thermal,68.25
1780554259.716534,,,tj-thermal,70.5
1780554259.8222044,VDD_IN,9588.224,,
1780554259.8222044,VDD_CPU_GPU_CV,3838.464,,
1780554259.8222044,VDD_SOC,2161.28,,
1780554259.8222044,,,cpu-thermal,69.718
1780554259.8222044,,,gpu-thermal,70.906
1780554259.8222044,,,soc0-thermal,67.937
1780554259.8222044,,,soc1-thermal,67.156
1780554259.8222044,,,soc2-thermal,68.187
1780554259.8222044,,,tj-thermal,70.906
1780554259.9277196,VDD_IN,9784.704,,
1780554259.9277196,VDD_CPU_GPU_CV,3955.968,,
1780554259.9277196,VDD_SOC,2200.576,,
1780554259.9277196,,,cpu-thermal,69.625
1780554259.9277196,,,gpu-thermal,70.875
1780554259.9277196,,,soc0-thermal,67.937
1780554259.9277196,,,soc1-thermal,67.156
1780554259.9277196,,,soc2-thermal,68.187
1780554259.9277196,,,tj-thermal,70.875
1780554260.033314,VDD_IN,9941.888,,
1780554260.033314,VDD_CPU_GPU_CV,4034.304,,
1780554260.033314,VDD_SOC,2200.576,,
1780554260.033314,,,cpu-thermal,69.625
1780554260.033314,,,gpu-thermal,70.625
1780554260.033314,,,soc0-thermal,68.031
1780554260.033314,,,soc1-thermal,67.218
1780554260.033314,,,soc2-thermal,68.25
1780554260.033314,,,tj-thermal,70.718
1780554260.1388242,VDD_IN,9784.704,,
1780554260.1388242,VDD_CPU_GPU_CV,3955.968,,
1780554260.1388242,VDD_SOC,2200.576,,
1780554260.1388242,,,cpu-thermal,69.687
1780554260.1388242,,,gpu-thermal,70.812
1780554260.1388242,,,soc0-thermal,67.937
1780554260.1388242,,,soc1-thermal,67.093
1780554260.1388242,,,soc2-thermal,68.187
1780554260.1388242,,,tj-thermal,70.593
1780554260.2449763,VDD_IN,9666.816,,
1780554260.2449763,VDD_CPU_GPU_CV,3877.632,,
1780554260.2449763,VDD_SOC,2200.576,,
1780554260.2449763,,,cpu-thermal,69.5
1780554260.2449763,,,gpu-thermal,70.75
1780554260.2449763,,,soc0-thermal,67.781
1780554260.2449763,,,soc1-thermal,67.156
1780554260.2449763,,,soc2-thermal,68.281
1780554260.2449763,,,tj-thermal,70.75
1780554260.3505611,VDD_IN,9745.408,,
1780554260.3505611,VDD_CPU_GPU_CV,3916.8,,
1780554260.3505611,VDD_SOC,2196.992,,
1780554260.3505611,,,cpu-thermal,69.625
1780554260.3505611,,,gpu-thermal,70.687
1780554260.3505611,,,soc0-thermal,68.031
1780554260.3505611,,,soc1-thermal,67.156
1780554260.3505611,,,soc2-thermal,68.312
1780554260.3505611,,,tj-thermal,70.687
1780554260.4562337,VDD_IN,9666.816,,
1780554260.4562337,VDD_CPU_GPU_CV,3877.632,,
1780554260.4562337,VDD_SOC,2157.76,,
1780554260.4562337,,,cpu-thermal,69.656
1780554260.4562337,,,gpu-thermal,70.687
1780554260.4562337,,,soc0-thermal,68.125
1780554260.4562337,,,soc1-thermal,67.125
1780554260.4562337,,,soc2-thermal,68.312
1780554260.4562337,,,tj-thermal,70.687
1780554260.562237,VDD_IN,9627.52,,
1780554260.562237,VDD_CPU_GPU_CV,3838.464,,
1780554260.562237,VDD_SOC,2157.76,,
1780554260.562237,,,cpu-thermal,69.531
1780554260.562237,,,gpu-thermal,70.562
1780554260.562237,,,soc0-thermal,68.0
1780554260.562237,,,soc1-thermal,67.156
1780554260.562237,,,soc2-thermal,68.187
1780554260.562237,,,tj-thermal,70.562
1780554260.6677125,VDD_IN,9588.224,,
1780554260.6677125,VDD_CPU_GPU_CV,3799.296,,
1780554260.6677125,VDD_SOC,2157.76,,
1780554260.6677125,,,cpu-thermal,69.562
1780554260.6677125,,,gpu-thermal,70.625
1780554260.6677125,,,soc0-thermal,67.906
1780554260.6677125,,,soc1-thermal,67.187
1780554260.6677125,,,soc2-thermal,68.281
1780554260.6677125,,,tj-thermal,70.906
1780554260.7732832,VDD_IN,9509.632,,
1780554260.7732832,VDD_CPU_GPU_CV,3760.128,,
1780554260.7732832,VDD_SOC,2157.76,,
1780554260.7732832,,,cpu-thermal,69.593
1780554260.7732832,,,gpu-thermal,70.625
1780554260.7732832,,,soc0-thermal,68.093
1780554260.7732832,,,soc1-thermal,67.281
1780554260.7732832,,,soc2-thermal,68.312
1780554260.7732832,,,tj-thermal,70.75
1780554260.8795257,VDD_IN,9706.112,,
1780554260.8795257,VDD_CPU_GPU_CV,3877.632,,
1780554260.8795257,VDD_SOC,2196.992,,
1780554260.8795257,,,cpu-thermal,69.906
1780554260.8795257,,,gpu-thermal,70.625
1780554260.8795257,,,soc0-thermal,68.093
1780554260.8795257,,,soc1-thermal,67.125
1780554260.8795257,,,soc2-thermal,68.312
1780554260.8795257,,,tj-thermal,70.625
1780554260.984987,VDD_IN,9941.888,,
1780554260.984987,VDD_CPU_GPU_CV,4034.304,,
1780554260.984987,VDD_SOC,2200.576,,
1780554260.984987,,,cpu-thermal,69.5
1780554260.984987,,,gpu-thermal,71.031
1780554260.984987,,,soc0-thermal,67.968
1780554260.984987,,,soc1-thermal,67.218
1780554260.984987,,,soc2-thermal,68.187
1780554260.984987,,,tj-thermal,71.031
1780554261.091365,VDD_IN,9902.592,,
1780554261.091365,VDD_CPU_GPU_CV,3995.136,,
1780554261.091365,VDD_SOC,2200.576,,
1780554261.091365,,,cpu-thermal,69.562
1780554261.091365,,,gpu-thermal,70.906
1780554261.091365,,,soc0-thermal,68.0
1780554261.091365,,,soc1-thermal,67.343
1780554261.091365,,,soc2-thermal,68.156
1780554261.091365,,,tj-thermal,70.906
1780554261.1972873,VDD_IN,9863.296,,
1780554261.1972873,VDD_CPU_GPU_CV,3995.136,,
1780554261.1972873,VDD_SOC,2200.576,,
1780554261.1972873,,,cpu-thermal,69.843
1780554261.1972873,,,gpu-thermal,70.843
1780554261.1972873,,,soc0-thermal,68.062
1780554261.1972873,,,soc1-thermal,67.406
1780554261.1972873,,,soc2-thermal,68.375
1780554261.1972873,,,tj-thermal,70.843
1780554261.3029556,VDD_IN,9784.704,,
1780554261.3029556,VDD_CPU_GPU_CV,3955.968,,
1780554261.3029556,VDD_SOC,2200.576,,
1780554261.3029556,,,cpu-thermal,69.937
1780554261.3029556,,,gpu-thermal,70.75
1780554261.3029556,,,soc0-thermal,68.062
1780554261.3029556,,,soc1-thermal,67.25
1780554261.3029556,,,soc2-thermal,68.312
1780554261.3029556,,,tj-thermal,70.75
1780554261.4099371,VDD_IN,9745.408,,
1780554261.4099371,VDD_CPU_GPU_CV,3916.8,,
1780554261.4099371,VDD_SOC,2196.992,,
1780554261.4099371,,,cpu-thermal,69.5
1780554261.4099371,,,gpu-thermal,70.656
1780554261.4099371,,,soc0-thermal,68.062
1780554261.4099371,,,soc1-thermal,67.218
1780554261.4099371,,,soc2-thermal,68.343
1780554261.4099371,,,tj-thermal,70.656
1780554261.5157359,VDD_IN,9706.112,,
1780554261.5157359,VDD_CPU_GPU_CV,3877.632,,
1780554261.5157359,VDD_SOC,2196.992,,
1780554261.5157359,,,cpu-thermal,69.687
1780554261.5157359,,,gpu-thermal,70.5
1780554261.5157359,,,soc0-thermal,68.093
1780554261.5157359,,,soc1-thermal,67.468
1780554261.5157359,,,soc2-thermal,68.343
1780554261.5157359,,,tj-thermal,70.5
1780554261.6212199,VDD_IN,9666.816,,
1780554261.6212199,VDD_CPU_GPU_CV,3877.632,,
1780554261.6212199,VDD_SOC,2157.76,,
1780554261.6212199,,,cpu-thermal,69.875
1780554261.6212199,,,gpu-thermal,70.625
1780554261.6212199,,,soc0-thermal,68.156
1780554261.6212199,,,soc1-thermal,67.187
1780554261.6212199,,,soc2-thermal,68.312
1780554261.6212199,,,tj-thermal,70.843
1780554261.7273145,VDD_IN,9627.52,,
1780554261.7273145,VDD_CPU_GPU_CV,3838.464,,
1780554261.7273145,VDD_SOC,2157.76,,
1780554261.7273145,,,cpu-thermal,69.875
1780554261.7273145,,,gpu-thermal,70.625
1780554261.7273145,,,soc0-thermal,68.093
1780554261.7273145,,,soc1-thermal,67.187
1780554261.7273145,,,soc2-thermal,68.312
1780554261.7273145,,,tj-thermal,70.875
1780554261.8335755,VDD_IN,9706.112,,
1780554261.8335755,VDD_CPU_GPU_CV,3916.8,,
1780554261.8335755,VDD_SOC,2200.576,,
1780554261.8335755,,,cpu-thermal,69.687
1780554261.8335755,,,gpu-thermal,71.062
1780554261.8335755,,,soc0-thermal,68.062
1780554261.8335755,,,soc1-thermal,67.312
1780554261.8335755,,,soc2-thermal,68.375
1780554261.8335755,,,tj-thermal,71.062
1780554261.9392347,VDD_IN,9902.592,,
1780554261.9392347,VDD_CPU_GPU_CV,4034.304,,
1780554261.9392347,VDD_SOC,2200.576,,
1780554261.9392347,,,cpu-thermal,69.75
1780554261.9392347,,,gpu-thermal,71.062
1780554261.9392347,,,soc0-thermal,68.156
1780554261.9392347,,,soc1-thermal,67.281
1780554261.9392347,,,soc2-thermal,68.375
1780554261.9392347,,,tj-thermal,71.062
1780554262.0450819,VDD_IN,10020.48,,
1780554262.0450819,VDD_CPU_GPU_CV,4073.472,,
1780554262.0450819,VDD_SOC,2239.872,,
1780554262.0450819,,,cpu-thermal,69.562
1780554262.0450819,,,gpu-thermal,70.875
1780554262.0450819,,,soc0-thermal,68.093
1780554262.0450819,,,soc1-thermal,67.218
1780554262.0450819,,,soc2-thermal,68.375
1780554262.0450819,,,tj-thermal,70.875
1780554262.150759,VDD_IN,9941.888,,
1780554262.150759,VDD_CPU_GPU_CV,4034.304,,
1780554262.150759,VDD_SOC,2239.872,,
1780554262.150759,,,cpu-thermal,69.625
1780554262.150759,,,gpu-thermal,70.718
1780554262.150759,,,soc0-thermal,68.093
1780554262.150759,,,soc1-thermal,67.406
1780554262.150759,,,soc2-thermal,68.312
1780554262.150759,,,tj-thermal,70.718
1780554262.256598,VDD_IN,9824.0,,
1780554262.256598,VDD_CPU_GPU_CV,3995.136,,
1780554262.256598,VDD_SOC,2200.576,,
1780554262.256598,,,cpu-thermal,69.656
1780554262.256598,,,gpu-thermal,70.687
1780554262.256598,,,soc0-thermal,68.156
1780554262.256598,,,soc1-thermal,67.375
1780554262.256598,,,soc2-thermal,68.406
1780554262.256598,,,tj-thermal,70.687
1780554262.362489,VDD_IN,9784.704,,
1780554262.362489,VDD_CPU_GPU_CV,3995.136,,
1780554262.362489,VDD_SOC,2196.992,,
1780554262.362489,,,cpu-thermal,69.718
1780554262.362489,,,gpu-thermal,70.75
1780554262.362489,,,soc0-thermal,68.093
1780554262.362489,,,soc1-thermal,67.343
1780554262.362489,,,soc2-thermal,68.375
1780554262.362489,,,tj-thermal,70.625
1780554262.4682944,VDD_IN,9745.408,,
1780554262.4682944,VDD_CPU_GPU_CV,3955.968,,
1780554262.4682944,VDD_SOC,2196.992,,
1780554262.4682944,,,cpu-thermal,69.718
1780554262.4682944,,,gpu-thermal,70.812
1780554262.4682944,,,soc0-thermal,68.0
1780554262.4682944,,,soc1-thermal,67.312
1780554262.4682944,,,soc2-thermal,68.375
1780554262.4682944,,,tj-thermal,70.937
1780554262.5744324,VDD_IN,9706.112,,
1780554262.5744324,VDD_CPU_GPU_CV,3916.8,,
1780554262.5744324,VDD_SOC,2200.576,,
1780554262.5744324,,,cpu-thermal,69.687
1780554262.5744324,,,gpu-thermal,70.656
1780554262.5744324,,,soc0-thermal,68.187
1780554262.5744324,,,soc1-thermal,67.343
1780554262.5744324,,,soc2-thermal,68.406
1780554262.5744324,,,tj-thermal,70.875
1780554262.6804821,VDD_IN,9706.112,,
1780554262.6804821,VDD_CPU_GPU_CV,3916.8,,
1780554262.6804821,VDD_SOC,2196.992,,
1780554262.6804821,,,cpu-thermal,69.937
1780554262.6804821,,,gpu-thermal,70.718
1780554262.6804821,,,soc0-thermal,68.25
1780554262.6804821,,,soc1-thermal,67.312
1780554262.6804821,,,soc2-thermal,68.437
1780554262.6804821,,,tj-thermal,70.718
1780554262.7864215,VDD_IN,9706.112,,
1780554262.7864215,VDD_CPU_GPU_CV,3916.8,,
1780554262.7864215,VDD_SOC,2196.992,,
1780554262.7864215,,,cpu-thermal,69.906
1780554262.7864215,,,gpu-thermal,71.0
1780554262.7864215,,,soc0-thermal,68.031
1780554262.7864215,,,soc1-thermal,67.187
1780554262.7864215,,,soc2-thermal,68.343
1780554262.7864215,,,tj-thermal,71.0
1780554262.8920505,VDD_IN,9902.592,,
1780554262.8920505,VDD_CPU_GPU_CV,4034.304,,
1780554262.8920505,VDD_SOC,2196.992,,
1780554262.8920505,,,cpu-thermal,69.656
1780554262.8920505,,,gpu-thermal,71.0
1780554262.8920505,,,soc0-thermal,68.156
1780554262.8920505,,,soc1-thermal,67.406
1780554262.8920505,,,soc2-thermal,68.406
1780554262.8920505,,,tj-thermal,71.0
1780554262.9976008,VDD_IN,10059.776,,
1780554262.9976008,VDD_CPU_GPU_CV,4112.64,,
1780554262.9976008,VDD_SOC,2239.872,,
1780554262.9976008,,,cpu-thermal,69.875
1780554262.9976008,,,gpu-thermal,70.968
1780554262.9976008,,,soc0-thermal,68.125
1780554262.9976008,,,soc1-thermal,67.437
1780554262.9976008,,,soc2-thermal,68.468
1780554262.9976008,,,tj-thermal,70.968
1780554263.1036718,VDD_IN,9981.184,,
1780554263.1036718,VDD_CPU_GPU_CV,4073.472,,
1780554263.1036718,VDD_SOC,2236.224,,
1780554263.1036718,,,cpu-thermal,69.875
1780554263.1036718,,,gpu-thermal,70.718
1780554263.1036718,,,soc0-thermal,68.25
1780554263.1036718,,,soc1-thermal,67.312
1780554263.1036718,,,soc2-thermal,68.406
1780554263.1036718,,,tj-thermal,70.718
1780554263.209625,VDD_IN,9863.296,,
1780554263.209625,VDD_CPU_GPU_CV,3995.136,,
1780554263.209625,VDD_SOC,2200.576,,
1780554263.209625,,,cpu-thermal,69.968
1780554263.209625,,,gpu-thermal,70.875
1780554263.209625,,,soc0-thermal,68.156
1780554263.209625,,,soc1-thermal,67.406
1780554263.209625,,,soc2-thermal,68.406
1780554263.209625,,,tj-thermal,70.718
1780554263.3151515,VDD_IN,9784.704,,
1780554263.3151515,VDD_CPU_GPU_CV,3955.968,,
1780554263.3151515,VDD_SOC,2200.576,,
1780554263.3151515,,,cpu-thermal,69.812
1780554263.3151515,,,gpu-thermal,70.781
1780554263.3151515,,,soc0-thermal,68.218
1780554263.3151515,,,soc1-thermal,67.375
1780554263.3151515,,,soc2-thermal,68.343
1780554263.3151515,,,tj-thermal,70.781
1780554263.420853,VDD_IN,9706.112,,
1780554263.420853,VDD_CPU_GPU_CV,3916.8,,
1780554263.420853,VDD_SOC,2200.576,,
1780554263.420853,,,cpu-thermal,69.906
1780554263.420853,,,gpu-thermal,70.75
1780554263.420853,,,soc0-thermal,68.218
1780554263.420853,,,soc1-thermal,67.25
1780554263.420853,,,soc2-thermal,68.406
1780554263.420853,,,tj-thermal,70.75
1780554263.5269608,VDD_IN,9627.52,,
1780554263.5269608,VDD_CPU_GPU_CV,3877.632,,
1780554263.5269608,VDD_SOC,2161.28,,
1780554263.5269608,,,cpu-thermal,69.812
1780554263.5269608,,,gpu-thermal,70.687
1780554263.5269608,,,soc0-thermal,68.156
1780554263.5269608,,,soc1-thermal,67.343
1780554263.5269608,,,soc2-thermal,68.406
1780554263.5269608,,,tj-thermal,70.687
1780554263.632711,VDD_IN,9627.52,,
1780554263.632711,VDD_CPU_GPU_CV,3877.632,,
1780554263.632711,VDD_SOC,2161.28,,
1780554263.632711,,,cpu-thermal,69.75
1780554263.632711,,,gpu-thermal,70.968
1780554263.632711,,,soc0-thermal,68.093
1780554263.632711,,,soc1-thermal,67.5
1780554263.632711,,,soc2-thermal,68.406
1780554263.632711,,,tj-thermal,70.968
1780554263.7384644,VDD_IN,9627.52,,
1780554263.7384644,VDD_CPU_GPU_CV,3877.632,,
1780554263.7384644,VDD_SOC,2161.28,,
1780554263.7384644,,,cpu-thermal,69.75
1780554263.7384644,,,gpu-thermal,70.875
1780554263.7384644,,,soc0-thermal,68.187
1780554263.7384644,,,soc1-thermal,67.5
1780554263.7384644,,,soc2-thermal,68.437
1780554263.7384644,,,tj-thermal,70.875
1780554263.8443213,VDD_IN,9745.408,,
1780554263.8443213,VDD_CPU_GPU_CV,3916.8,,
1780554263.8443213,VDD_SOC,2200.576,,
1780554263.8443213,,,cpu-thermal,69.781
1780554263.8443213,,,gpu-thermal,70.937
1780554263.8443213,,,soc0-thermal,68.125
1780554263.8443213,,,soc1-thermal,67.375
1780554263.8443213,,,soc2-thermal,68.531
1780554263.8443213,,,tj-thermal,70.937
1780554263.9509637,VDD_IN,9941.888,,
1780554263.9509637,VDD_CPU_GPU_CV,4034.304,,
1780554263.9509637,VDD_SOC,2239.872,,
1780554263.9509637,,,cpu-thermal,69.781
1780554263.9509637,,,gpu-thermal,71.156
1780554263.9509637,,,soc0-thermal,68.218
1780554263.9509637,,,soc1-thermal,67.375
1780554263.9509637,,,soc2-thermal,68.437
1780554263.9509637,,,tj-thermal,71.031
1780554264.0568252,VDD_IN,10059.776,,
1780554264.0568252,VDD_CPU_GPU_CV,4112.64,,
1780554264.0568252,VDD_SOC,2239.872,,
1780554264.0568252,,,cpu-thermal,69.781
1780554264.0568252,,,gpu-thermal,71.062
1780554264.0568252,,,soc0-thermal,68.218
1780554264.0568252,,,soc1-thermal,67.406
1780554264.0568252,,,soc2-thermal,68.468
1780554264.0568252,,,tj-thermal,71.062
1780554264.162157,VDD_IN,9981.184,,
1780554264.162157,VDD_CPU_GPU_CV,4073.472,,
1780554264.162157,VDD_SOC,2236.224,,
1780554264.162157,,,cpu-thermal,69.875
1780554264.162157,,,gpu-thermal,70.875
1780554264.162157,,,soc0-thermal,68.25
1780554264.162157,,,soc1-thermal,67.375
1780554264.162157,,,soc2-thermal,68.468
1780554264.162157,,,tj-thermal,70.875
1780554264.26739,VDD_IN,9981.184,,
1780554264.26739,VDD_CPU_GPU_CV,4073.472,,
1780554264.26739,VDD_SOC,2196.992,,
1780554264.26739,,,cpu-thermal,69.843
1780554264.26739,,,gpu-thermal,70.875
1780554264.26739,,,soc0-thermal,68.218
1780554264.26739,,,soc1-thermal,67.468
1780554264.26739,,,soc2-thermal,68.437
1780554264.26739,,,tj-thermal,70.875
1780554264.372738,VDD_IN,9902.592,,
1780554264.372738,VDD_CPU_GPU_CV,4034.304,,
1780554264.372738,VDD_SOC,2196.992,,
1780554264.372738,,,cpu-thermal,69.843
1780554264.372738,,,gpu-thermal,70.937
1780554264.372738,,,soc0-thermal,68.218
1780554264.372738,,,soc1-thermal,67.406
1780554264.372738,,,soc2-thermal,68.468
1780554264.372738,,,tj-thermal,70.875
1780554264.478678,VDD_IN,9902.592,,
1780554264.478678,VDD_CPU_GPU_CV,4034.304,,
1780554264.478678,VDD_SOC,2196.992,,
1780554264.478678,,,cpu-thermal,69.906
1780554264.478678,,,gpu-thermal,70.906
1780554264.478678,,,soc0-thermal,68.281
1780554264.478678,,,soc1-thermal,67.593
1780554264.478678,,,soc2-thermal,68.406
1780554264.478678,,,tj-thermal,71.125
1780554264.5845659,VDD_IN,9902.592,,
1780554264.5845659,VDD_CPU_GPU_CV,4034.304,,
1780554264.5845659,VDD_SOC,2196.992,,
1780554264.5845659,,,cpu-thermal,70.031
1780554264.5845659,,,gpu-thermal,70.906
1780554264.5845659,,,soc0-thermal,68.25
1780554264.5845659,,,soc1-thermal,67.406
1780554264.5845659,,,soc2-thermal,68.531
1780554264.5845659,,,tj-thermal,70.906
1780554264.6900766,VDD_IN,9886.464,,
1780554264.6900766,VDD_CPU_GPU_CV,4073.472,,
1780554264.6900766,VDD_SOC,2196.992,,
1780554264.6900766,,,cpu-thermal,70.093
1780554264.6900766,,,gpu-thermal,70.875
1780554264.6900766,,,soc0-thermal,68.218
1780554264.6900766,,,soc1-thermal,67.531
1780554264.6900766,,,soc2-thermal,68.5
1780554264.6900766,,,tj-thermal,70.875
1780554264.7964551,VDD_IN,9886.464,,
1780554264.7964551,VDD_CPU_GPU_CV,4073.472,,
1780554264.7964551,VDD_SOC,2196.992,,
1780554264.7964551,,,cpu-thermal,69.75
1780554264.7964551,,,gpu-thermal,71.187
1780554264.7964551,,,soc0-thermal,68.312
1780554264.7964551,,,soc1-thermal,67.468
1780554264.7964551,,,soc2-thermal,68.468
1780554264.7964551,,,tj-thermal,71.187
1780554264.902024,VDD_IN,10059.776,,
1780554264.902024,VDD_CPU_GPU_CV,4112.64,,
1780554264.902024,VDD_SOC,2236.224,,
1780554264.902024,,,cpu-thermal,69.937
1780554264.902024,,,gpu-thermal,71.218
1780554264.902024,,,soc0-thermal,68.218
1780554264.902024,,,soc1-thermal,67.468
1780554264.902024,,,soc2-thermal,68.468
1780554264.902024,,,tj-thermal,71.218
1780554265.007504,VDD_IN,10177.664,,
1780554265.007504,VDD_CPU_GPU_CV,4190.976,,
1780554265.007504,VDD_SOC,2236.224,,
1780554265.007504,,,cpu-thermal,70.031
1780554265.007504,,,gpu-thermal,71.031
1780554265.007504,,,soc0-thermal,68.343
1780554265.007504,,,soc1-thermal,67.468
1780554265.007504,,,soc2-thermal,68.593
1780554265.007504,,,tj-thermal,71.031
1780554265.1136074,VDD_IN,10099.072,,
1780554265.1136074,VDD_CPU_GPU_CV,4151.808,,
1780554265.1136074,VDD_SOC,2236.224,,
1780554265.1136074,,,cpu-thermal,70.093
1780554265.1136074,,,gpu-thermal,71.187
1780554265.1136074,,,soc0-thermal,68.187
1780554265.1136074,,,soc1-thermal,67.468
1780554265.1136074,,,soc2-thermal,68.468
1780554265.1136074,,,tj-thermal,70.937
1780554265.2191403,VDD_IN,10059.776,,
1780554265.2191403,VDD_CPU_GPU_CV,4151.808,,
1780554265.2191403,VDD_SOC,2236.224,,
1780554265.2191403,,,cpu-thermal,69.906
1780554265.2191403,,,gpu-thermal,71.093
1780554265.2191403,,,soc0-thermal,68.218
1780554265.2191403,,,soc1-thermal,67.625
1780554265.2191403,,,soc2-thermal,68.562
1780554265.2191403,,,tj-thermal,70.968
1780554265.325437,VDD_IN,10004.16,,
1780554265.325437,VDD_CPU_GPU_CV,4112.64,,
1780554265.325437,VDD_SOC,2196.992,,
1780554265.325437,,,cpu-thermal,69.906
1780554265.325437,,,gpu-thermal,71.062
1780554265.325437,,,soc0-thermal,68.375
1780554265.325437,,,soc1-thermal,67.437
1780554265.325437,,,soc2-thermal,68.625
1780554265.325437,,,tj-thermal,71.25
1780554265.431753,VDD_IN,9925.696,,
1780554265.431753,VDD_CPU_GPU_CV,4073.472,,
1780554265.431753,VDD_SOC,2196.992,,
1780554265.431753,,,cpu-thermal,69.906
1780554265.431753,,,gpu-thermal,70.968
1780554265.431753,,,soc0-thermal,68.218
1780554265.431753,,,soc1-thermal,67.531
1780554265.431753,,,soc2-thermal,68.468
1780554265.431753,,,tj-thermal,71.093
1780554265.5378625,VDD_IN,9925.696,,
1780554265.5378625,VDD_CPU_GPU_CV,4073.472,,
1780554265.5378625,VDD_SOC,2196.992,,
1780554265.5378625,,,cpu-thermal,69.906
1780554265.5378625,,,gpu-thermal,70.906
1780554265.5378625,,,soc0-thermal,68.218
1780554265.5378625,,,soc1-thermal,67.468
1780554265.5378625,,,soc2-thermal,68.562
1780554265.5378625,,,tj-thermal,70.906
1780554265.6434484,VDD_IN,9886.464,,
1780554265.6434484,VDD_CPU_GPU_CV,4073.472,,
1780554265.6434484,VDD_SOC,2196.992,,
1780554265.6434484,,,cpu-thermal,69.937
1780554265.6434484,,,gpu-thermal,71.25
1780554265.6434484,,,soc0-thermal,68.343
1780554265.6434484,,,soc1-thermal,67.656
1780554265.6434484,,,soc2-thermal,68.687
1780554265.6434484,,,tj-thermal,71.25
1780554265.7490926,VDD_IN,9847.232,,
1780554265.7490926,VDD_CPU_GPU_CV,4027.712,,
1780554265.7490926,VDD_SOC,2196.992,,
1780554265.7490926,,,cpu-thermal,69.906
1780554265.7490926,,,gpu-thermal,71.093
1780554265.7490926,,,soc0-thermal,68.281
1780554265.7490926,,,soc1-thermal,67.5
1780554265.7490926,,,soc2-thermal,68.562
1780554265.7490926,,,tj-thermal,71.093
1780554265.8548837,VDD_IN,9981.184,,
1780554265.8548837,VDD_CPU_GPU_CV,4112.64,,
1780554265.8548837,VDD_SOC,2196.992,,
1780554265.8548837,,,cpu-thermal,69.968
1780554265.8548837,,,gpu-thermal,71.093
1780554265.8548837,,,soc0-thermal,68.281
1780554265.8548837,,,soc1-thermal,67.562
1780554265.8548837,,,soc2-thermal,68.5
1780554265.8548837,,,tj-thermal,71.093
1780554265.961017,VDD_IN,10099.072,,
1780554265.961017,VDD_CPU_GPU_CV,4190.976,,
1780554265.961017,VDD_SOC,2236.224,,
1780554265.961017,,,cpu-thermal,69.875
1780554265.961017,,,gpu-thermal,71.312
1780554265.961017,,,soc0-thermal,68.312
1780554265.961017,,,soc1-thermal,67.562
1780554265.961017,,,soc2-thermal,68.625
1780554265.961017,,,tj-thermal,71.062
1780554266.0665665,VDD_IN,10177.664,,
1780554266.0665665,VDD_CPU_GPU_CV,4190.976,,
1780554266.0665665,VDD_SOC,2236.224,,
1780554266.0665665,,,cpu-thermal,70.187
1780554266.0665665,,,gpu-thermal,71.125
1780554266.0665665,,,soc0-thermal,68.406
1780554266.0665665,,,soc1-thermal,67.5
1780554266.0665665,,,soc2-thermal,68.718
1780554266.0665665,,,tj-thermal,71.0
1780554266.1724303,VDD_IN,10099.072,,
1780554266.1724303,VDD_CPU_GPU_CV,4151.808,,
1780554266.1724303,VDD_SOC,2236.224,,
1780554266.1724303,,,cpu-thermal,69.875
1780554266.1724303,,,gpu-thermal,71.093
1780554266.1724303,,,soc0-thermal,68.218
1780554266.1724303,,,soc1-thermal,67.593
1780554266.1724303,,,soc2-thermal,68.562
1780554266.1724303,,,tj-thermal,71.093
1780554266.278297,VDD_IN,10020.48,,
1780554266.278297,VDD_CPU_GPU_CV,4112.64,,
1780554266.278297,VDD_SOC,2236.224,,
1780554266.278297,,,cpu-thermal,69.875
1780554266.278297,,,gpu-thermal,71.062
1780554266.278297,,,soc0-thermal,68.218
1780554266.278297,,,soc1-thermal,67.593
1780554266.278297,,,soc2-thermal,68.656
1780554266.278297,,,tj-thermal,71.062
1780554266.3839133,VDD_IN,9981.184,,
1780554266.3839133,VDD_CPU_GPU_CV,4112.64,,
1780554266.3839133,VDD_SOC,2196.992,,
1780554266.3839133,,,cpu-thermal,70.125
1780554266.3839133,,,gpu-thermal,71.031
1780554266.3839133,,,soc0-thermal,68.312
1780554266.3839133,,,soc1-thermal,67.656
1780554266.3839133,,,soc2-thermal,68.625
1780554266.3839133,,,tj-thermal,71.031
1780554266.4894884,VDD_IN,9981.184,,
1780554266.4894884,VDD_CPU_GPU_CV,4112.64,,
1780554266.4894884,VDD_SOC,2196.992,,
1780554266.4894884,,,cpu-thermal,70.156
1780554266.4894884,,,gpu-thermal,71.406
1780554266.4894884,,,soc0-thermal,68.406
1780554266.4894884,,,soc1-thermal,67.593
1780554266.4894884,,,soc2-thermal,68.625
1780554266.4894884,,,tj-thermal,71.406
1780554266.5952792,VDD_IN,9902.592,,
1780554266.5952792,VDD_CPU_GPU_CV,4073.472,,
1780554266.5952792,VDD_SOC,2196.992,,
1780554266.5952792,,,cpu-thermal,70.312
1780554266.5952792,,,gpu-thermal,71.031
1780554266.5952792,,,soc0-thermal,68.25
1780554266.5952792,,,soc1-thermal,67.531
1780554266.5952792,,,soc2-thermal,68.625
1780554266.5952792,,,tj-thermal,71.25
1780554266.7011151,VDD_IN,9902.592,,
1780554266.7011151,VDD_CPU_GPU_CV,4073.472,,
1780554266.7011151,VDD_SOC,2196.992,,
1780554266.7011151,,,cpu-thermal,70.031
1780554266.7011151,,,gpu-thermal,70.968
1780554266.7011151,,,soc0-thermal,68.312
1780554266.7011151,,,soc1-thermal,67.593
1780554266.7011151,,,soc2-thermal,68.562
1780554266.7011151,,,tj-thermal,70.968
1780554266.806645,VDD_IN,9941.888,,
1780554266.806645,VDD_CPU_GPU_CV,4112.64,,
1780554266.806645,VDD_SOC,2196.992,,
1780554266.806645,,,cpu-thermal,70.062
1780554266.806645,,,gpu-thermal,71.437
1780554266.806645,,,soc0-thermal,68.343
1780554266.806645,,,soc1-thermal,67.781
1780554266.806645,,,soc2-thermal,68.687
1780554266.806645,,,tj-thermal,71.437
1780554266.91257,VDD_IN,10059.776,,
1780554266.91257,VDD_CPU_GPU_CV,4151.808,,
1780554266.91257,VDD_SOC,2236.224,,
1780554266.91257,,,cpu-thermal,70.125
1780554266.91257,,,gpu-thermal,71.312
1780554266.91257,,,soc0-thermal,68.281
1780554266.91257,,,soc1-thermal,67.531
1780554266.91257,,,soc2-thermal,68.593
1780554266.91257,,,tj-thermal,71.312
1780554267.0185196,VDD_IN,10177.664,,
1780554267.0185196,VDD_CPU_GPU_CV,4230.144,,
1780554267.0185196,VDD_SOC,2236.224,,
1780554267.0185196,,,cpu-thermal,70.0
1780554267.0185196,,,gpu-thermal,71.218
1780554267.0185196,,,soc0-thermal,68.375
1780554267.0185196,,,soc1-thermal,67.593
1780554267.0185196,,,soc2-thermal,68.656
1780554267.0185196,,,tj-thermal,71.218
1780554267.124132,VDD_IN,10099.072,,
1780554267.124132,VDD_CPU_GPU_CV,4190.976,,
1780554267.124132,VDD_SOC,2236.224,,
1780554267.124132,,,cpu-thermal,70.062
1780554267.124132,,,gpu-thermal,71.093
1780554267.124132,,,soc0-thermal,68.343
1780554267.124132,,,soc1-thermal,67.781
1780554267.124132,,,soc2-thermal,68.687
1780554267.124132,,,tj-thermal,71.093
1780554267.2298565,VDD_IN,10059.776,,
1780554267.2298565,VDD_CPU_GPU_CV,4151.808,,
1780554267.2298565,VDD_SOC,2236.224,,
1780554267.2298565,,,cpu-thermal,70.125
1780554267.2298565,,,gpu-thermal,71.25
1780554267.2298565,,,soc0-thermal,68.531
1780554267.2298565,,,soc1-thermal,67.593
1780554267.2298565,,,soc2-thermal,68.718
1780554267.2298565,,,tj-thermal,71.062
1780554267.33604,VDD_IN,9981.184,,
1780554267.33604,VDD_CPU_GPU_CV,4112.64,,
1780554267.33604,VDD_SOC,2196.992,,
1780554267.33604,,,cpu-thermal,69.968
1780554267.33604,,,gpu-thermal,71.125
1780554267.33604,,,soc0-thermal,68.343
1780554267.33604,,,soc1-thermal,67.625
1780554267.33604,,,soc2-thermal,68.656
1780554267.33604,,,tj-thermal,71.031
1780554267.4416478,VDD_IN,9941.888,,
1780554267.4416478,VDD_CPU_GPU_CV,4073.472,,
1780554267.4416478,VDD_SOC,2196.992,,
1780554267.4416478,,,cpu-thermal,69.968
1780554267.4416478,,,gpu-thermal,71.062
1780554267.4416478,,,soc0-thermal,68.406
1780554267.4416478,,,soc1-thermal,67.687
1780554267.4416478,,,soc2-thermal,68.718
1780554267.4416478,,,tj-thermal,71.062
1780554267.547581,VDD_IN,9863.296,,
1780554267.547581,VDD_CPU_GPU_CV,4073.472,,
1780554267.547581,VDD_SOC,2196.992,,
1780554267.547581,,,cpu-thermal,70.093
1780554267.547581,,,gpu-thermal,71.031
1780554267.547581,,,soc0-thermal,68.375
1780554267.547581,,,soc1-thermal,67.812
1780554267.547581,,,soc2-thermal,68.687
1780554267.547581,,,tj-thermal,71.031
1780554267.6533015,VDD_IN,9824.0,,
1780554267.6533015,VDD_CPU_GPU_CV,4034.304,,
1780554267.6533015,VDD_SOC,2196.992,,
1780554267.6533015,,,cpu-thermal,70.0
1780554267.6533015,,,gpu-thermal,71.343
1780554267.6533015,,,soc0-thermal,68.281
1780554267.6533015,,,soc1-thermal,67.625
1780554267.6533015,,,soc2-thermal,68.656
1780554267.6533015,,,tj-thermal,71.343
1780554267.7588425,VDD_IN,9847.232,,
1780554267.7588425,VDD_CPU_GPU_CV,4066.816,,
1780554267.7588425,VDD_SOC,2196.992,,
1780554267.7588425,,,cpu-thermal,69.937
1780554267.7588425,,,gpu-thermal,71.218
1780554267.7588425,,,soc0-thermal,68.375
1780554267.7588425,,,soc1-thermal,67.625
1780554267.7588425,,,soc2-thermal,68.656
1780554267.7588425,,,tj-thermal,71.218
1780554267.8648217,VDD_IN,10020.48,,
1780554267.8648217,VDD_CPU_GPU_CV,4112.64,,
1780554267.8648217,VDD_SOC,2196.992,,
1780554267.8648217,,,cpu-thermal,69.968
1780554267.8648217,,,gpu-thermal,71.156
1780554267.8648217,,,soc0-thermal,68.468
1780554267.8648217,,,soc1-thermal,67.718
1780554267.8648217,,,soc2-thermal,68.687
1780554267.8648217,,,tj-thermal,71.218
1780554267.9703472,VDD_IN,10138.368,,
1780554267.9703472,VDD_CPU_GPU_CV,4190.976,,
1780554267.9703472,VDD_SOC,2236.224,,
1780554267.9703472,,,cpu-thermal,70.218
1780554267.9703472,,,gpu-thermal,71.468
1780554267.9703472,,,soc0-thermal,68.437
1780554267.9703472,,,soc1-thermal,67.656
1780554267.9703472,,,soc2-thermal,68.656
1780554267.9703472,,,tj-thermal,71.468
1780554268.0759776,VDD_IN,10177.664,,
1780554268.0759776,VDD_CPU_GPU_CV,4190.976,,
1780554268.0759776,VDD_SOC,2236.224,,
1780554268.0759776,,,cpu-thermal,70.0
1780554268.0759776,,,gpu-thermal,71.343
1780554268.0759776,,,soc0-thermal,68.343
1780554268.0759776,,,soc1-thermal,67.593
1780554268.0759776,,,soc2-thermal,68.718
1780554268.0759776,,,tj-thermal,71.343
1780554268.1819012,VDD_IN,10099.072,,
1780554268.1819012,VDD_CPU_GPU_CV,4151.808,,
1780554268.1819012,VDD_SOC,2236.224,,
1780554268.1819012,,,cpu-thermal,70.093
1780554268.1819012,,,gpu-thermal,71.156
1780554268.1819012,,,soc0-thermal,68.406
1780554268.1819012,,,soc1-thermal,67.687
1780554268.1819012,,,soc2-thermal,68.687
1780554268.1819012,,,tj-thermal,71.156
1780554268.2882307,VDD_IN,10020.48,,
1780554268.2882307,VDD_CPU_GPU_CV,4112.64,,
1780554268.2882307,VDD_SOC,2236.224,,
1780554268.2882307,,,cpu-thermal,70.156
1780554268.2882307,,,gpu-thermal,71.093
1780554268.2882307,,,soc0-thermal,68.437
1780554268.2882307,,,soc1-thermal,67.625
1780554268.2882307,,,soc2-thermal,68.75
1780554268.2882307,,,tj-thermal,71.093
1780554268.393997,VDD_IN,9981.184,,
1780554268.393997,VDD_CPU_GPU_CV,4112.64,,
1780554268.393997,VDD_SOC,2196.992,,
1780554268.393997,,,cpu-thermal,70.281
1780554268.393997,,,gpu-thermal,71.093
1780554268.393997,,,soc0-thermal,68.593
1780554268.393997,,,soc1-thermal,67.656
1780554268.393997,,,soc2-thermal,68.75
1780554268.393997,,,tj-thermal,71.093
1780554268.499615,VDD_IN,9925.696,,
1780554268.499615,VDD_CPU_GPU_CV,4112.64,,
1780554268.499615,VDD_SOC,2196.992,,
1780554268.499615,,,cpu-thermal,70.343
1780554268.499615,,,gpu-thermal,71.0
1780554268.499615,,,soc0-thermal,68.406
1780554268.499615,,,soc1-thermal,67.687
1780554268.499615,,,soc2-thermal,68.781
1780554268.499615,,,tj-thermal,71.0
1780554268.6061394,VDD_IN,9886.464,,
1780554268.6061394,VDD_CPU_GPU_CV,4073.472,,
1780554268.6061394,VDD_SOC,2196.992,,
1780554268.6061394,,,cpu-thermal,70.125
1780554268.6061394,,,gpu-thermal,71.343
1780554268.6061394,,,soc0-thermal,68.437
1780554268.6061394,,,soc1-thermal,67.781
1780554268.6061394,,,soc2-thermal,68.718
1780554268.6061394,,,tj-thermal,71.343
1780554268.71204,VDD_IN,9886.464,,
1780554268.71204,VDD_CPU_GPU_CV,4073.472,,
1780554268.71204,VDD_SOC,2196.992,,
1780554268.71204,,,cpu-thermal,70.093
1780554268.71204,,,gpu-thermal,71.093
1780554268.71204,,,soc0-thermal,68.562
1780554268.71204,,,soc1-thermal,67.687
1780554268.71204,,,soc2-thermal,68.812
1780554268.71204,,,tj-thermal,71.187
1780554268.8175862,VDD_IN,9941.888,,
1780554268.8175862,VDD_CPU_GPU_CV,4112.64,,
1780554268.8175862,VDD_SOC,2196.992,,
1780554268.8175862,,,cpu-thermal,70.25
1780554268.8175862,,,gpu-thermal,71.593
1780554268.8175862,,,soc0-thermal,68.406
1780554268.8175862,,,soc1-thermal,67.656
1780554268.8175862,,,soc2-thermal,68.75
1780554268.8175862,,,tj-thermal,71.593
1780554268.923189,VDD_IN,10099.072,,
1780554268.923189,VDD_CPU_GPU_CV,4190.976,,
1780554268.923189,VDD_SOC,2236.224,,
1780554268.923189,,,cpu-thermal,70.125
1780554268.923189,,,gpu-thermal,71.562
1780554268.923189,,,soc0-thermal,68.406
1780554268.923189,,,soc1-thermal,67.843
1780554268.923189,,,soc2-thermal,68.718
1780554268.923189,,,tj-thermal,71.562
1780554269.0288959,VDD_IN,10177.664,,
1780554269.0288959,VDD_CPU_GPU_CV,4230.144,,
1780554269.0288959,VDD_SOC,2236.224,,
1780554269.0288959,,,cpu-thermal,70.093
1780554269.0288959,,,gpu-thermal,71.343
1780554269.0288959,,,soc0-thermal,68.531
1780554269.0288959,,,soc1-thermal,67.843
1780554269.0288959,,,soc2-thermal,68.843
1780554269.0288959,,,tj-thermal,71.343
1780554269.134531,VDD_IN,10059.776,,
1780554269.134531,VDD_CPU_GPU_CV,4151.808,,
1780554269.134531,VDD_SOC,2236.224,,
1780554269.134531,,,cpu-thermal,70.156
1780554269.134531,,,gpu-thermal,71.125
1780554269.134531,,,soc0-thermal,68.593
1780554269.134531,,,soc1-thermal,67.687
1780554269.134531,,,soc2-thermal,68.875
1780554269.134531,,,tj-thermal,71.125
1780554269.2404542,VDD_IN,10020.48,,
1780554269.2404542,VDD_CPU_GPU_CV,4112.64,,
1780554269.2404542,VDD_SOC,2196.992,,
1780554269.2404542,,,cpu-thermal,70.156
1780554269.2404542,,,gpu-thermal,71.312
1780554269.2404542,,,soc0-thermal,68.437
1780554269.2404542,,,soc1-thermal,67.718
1780554269.2404542,,,soc2-thermal,68.718
1780554269.2404542,,,tj-thermal,71.093
1780554269.3460991,VDD_IN,9941.888,,
1780554269.3460991,VDD_CPU_GPU_CV,4073.472,,
1780554269.3460991,VDD_SOC,2196.992,,
1780554269.3460991,,,cpu-thermal,70.187
1780554269.3460991,,,gpu-thermal,71.187
1780554269.3460991,,,soc0-thermal,68.5
1780554269.3460991,,,soc1-thermal,67.781
1780554269.3460991,,,soc2-thermal,68.781
1780554269.3460991,,,tj-thermal,71.0
1780554269.4518673,VDD_IN,9886.464,,
1780554269.4518673,VDD_CPU_GPU_CV,4073.472,,
1780554269.4518673,VDD_SOC,2196.992,,
1780554269.4518673,,,cpu-thermal,70.187
1780554269.4518673,,,gpu-thermal,71.125
1780554269.4518673,,,soc0-thermal,68.593
1780554269.4518673,,,soc1-thermal,67.687
1780554269.4518673,,,soc2-thermal,68.875
1780554269.4518673,,,tj-thermal,71.125
1780554269.5573401,VDD_IN,9847.232,,
1780554269.5573401,VDD_CPU_GPU_CV,4034.304,,
1780554269.5573401,VDD_SOC,2196.992,,
1780554269.5573401,,,cpu-thermal,70.125
1780554269.5573401,,,gpu-thermal,71.125
1780554269.5573401,,,soc0-thermal,68.437
1780554269.5573401,,,soc1-thermal,67.687
1780554269.5573401,,,soc2-thermal,68.781
1780554269.5573401,,,tj-thermal,71.125
1780554269.6628213,VDD_IN,9808.0,,
1780554269.6628213,VDD_CPU_GPU_CV,4034.304,,
1780554269.6628213,VDD_SOC,2196.992,,
1780554269.6628213,,,cpu-thermal,70.093
1780554269.6628213,,,gpu-thermal,71.093
1780554269.6628213,,,soc0-thermal,68.468
1780554269.6628213,,,soc1-thermal,67.75
1780554269.6628213,,,soc2-thermal,68.781
1780554269.6628213,,,tj-thermal,71.093
1780554269.7682831,VDD_IN,9808.0,,
1780554269.7682831,VDD_CPU_GPU_CV,4034.304,,
1780554269.7682831,VDD_SOC,2196.992,,
1780554269.7682831,,,cpu-thermal,70.093
1780554269.7682831,,,gpu-thermal,71.156
1780554269.7682831,,,soc0-thermal,68.468
1780554269.7682831,,,soc1-thermal,67.843
1780554269.7682831,,,soc2-thermal,68.906
1780554269.7682831,,,tj-thermal,71.375
1780554269.8736484,VDD_IN,9981.184,,
1780554269.8736484,VDD_CPU_GPU_CV,4112.64,,
1780554269.8736484,VDD_SOC,2236.224,,
1780554269.8736484,,,cpu-thermal,70.343
1780554269.8736484,,,gpu-thermal,71.218
1780554269.8736484,,,soc0-thermal,68.625
1780554269.8736484,,,soc1-thermal,67.718
1780554269.8736484,,,soc2-thermal,68.875
1780554269.8736484,,,tj-thermal,71.218
1780554269.979114,VDD_IN,10099.072,,
1780554269.979114,VDD_CPU_GPU_CV,4190.976,,
1780554269.979114,VDD_SOC,2236.224,,
1780554269.979114,,,cpu-thermal,70.031
1780554269.979114,,,gpu-thermal,71.25
1780554269.979114,,,soc0-thermal,68.625
1780554269.979114,,,soc1-thermal,67.781
1780554269.979114,,,soc2-thermal,68.812
1780554269.979114,,,tj-thermal,71.25
1780554270.084464,VDD_IN,10059.776,,
1780554270.084464,VDD_CPU_GPU_CV,4112.64,,
1780554270.084464,VDD_SOC,2236.224,,
1780554270.084464,,,cpu-thermal,70.156
1780554270.084464,,,gpu-thermal,71.406
1780554270.084464,,,soc0-thermal,68.5
1780554270.084464,,,soc1-thermal,67.875
1780554270.084464,,,soc2-thermal,68.781
1780554270.084464,,,tj-thermal,71.406
1780554270.1902323,VDD_IN,9941.888,,
1780554270.1902323,VDD_CPU_GPU_CV,4073.472,,
1780554270.1902323,VDD_SOC,2196.992,,
1780554270.1902323,,,cpu-thermal,70.156
1780554270.1902323,,,gpu-thermal,71.125
1780554270.1902323,,,soc0-thermal,68.593
1780554270.1902323,,,soc1-thermal,67.812
1780554270.1902323,,,soc2-thermal,68.875
1780554270.1902323,,,tj-thermal,71.312
1780554270.2960665,VDD_IN,9847.232,,
1780554270.2960665,VDD_CPU_GPU_CV,4034.304,,
1780554270.2960665,VDD_SOC,2196.992,,
1780554270.2960665,,,cpu-thermal,70.343
1780554270.2960665,,,gpu-thermal,71.562
1780554270.2960665,,,soc0-thermal,68.625
1780554270.2960665,,,soc1-thermal,67.781
1780554270.2960665,,,soc2-thermal,68.937
1780554270.2960665,,,tj-thermal,71.25
1780554270.4016502,VDD_IN,9768.768,,
1780554270.4016502,VDD_CPU_GPU_CV,3995.136,,
1780554270.4016502,VDD_SOC,2196.992,,
1780554270.4016502,,,cpu-thermal,70.406
1780554270.4016502,,,gpu-thermal,71.406
1780554270.4016502,,,soc0-thermal,68.562
1780554270.4016502,,,soc1-thermal,67.812
1780554270.4016502,,,soc2-thermal,68.812
1780554270.4016502,,,tj-thermal,71.406
1780554270.5076067,VDD_IN,9690.304,,
1780554270.5076067,VDD_CPU_GPU_CV,3995.136,,
1780554270.5076067,VDD_SOC,2196.992,,
1780554270.5076067,,,cpu-thermal,70.093
1780554270.5076067,,,gpu-thermal,71.25
1780554270.5076067,,,soc0-thermal,68.531
1780554270.5076067,,,soc1-thermal,67.843
1780554270.5076067,,,soc2-thermal,68.812
1780554270.5076067,,,tj-thermal,71.25
1780554270.6131072,VDD_IN,9690.304,,
1780554270.6131072,VDD_CPU_GPU_CV,3955.968,,
1780554270.6131072,VDD_SOC,2157.76,,
1780554270.6131072,,,cpu-thermal,70.312
1780554270.6131072,,,gpu-thermal,71.218
1780554270.6131072,,,soc0-thermal,68.5
1780554270.6131072,,,soc1-thermal,67.968
1780554270.6131072,,,soc2-thermal,68.843
1780554270.6131072,,,tj-thermal,71.218
1780554270.718797,VDD_IN,9611.84,,
1780554270.718797,VDD_CPU_GPU_CV,3916.8,,
1780554270.718797,VDD_SOC,2157.76,,
1780554270.718797,,,cpu-thermal,70.343
1780554270.718797,,,gpu-thermal,71.125
1780554270.718797,,,soc0-thermal,68.625
1780554270.718797,,,soc1-thermal,67.718
1780554270.718797,,,soc2-thermal,68.937
1780554270.718797,,,tj-thermal,71.125
1780554270.8242002,VDD_IN,9729.536,,
1780554270.8242002,VDD_CPU_GPU_CV,3995.136,,
1780554270.8242002,VDD_SOC,2196.992,,
1780554270.8242002,,,cpu-thermal,70.437
1780554270.8242002,,,gpu-thermal,71.281
1780554270.8242002,,,soc0-thermal,68.468
1780554270.8242002,,,soc1-thermal,67.781
1780554270.8242002,,,soc2-thermal,68.875
1780554270.8242002,,,tj-thermal,71.218
1780554270.9303722,VDD_IN,9902.592,,
1780554270.9303722,VDD_CPU_GPU_CV,4073.472,,
1780554270.9303722,VDD_SOC,2196.992,,
1780554270.9303722,,,cpu-thermal,70.218
1780554270.9303722,,,gpu-thermal,71.281
1780554270.9303722,,,soc0-thermal,68.5
1780554270.9303722,,,soc1-thermal,67.906
1780554270.9303722,,,soc2-thermal,68.906
1780554270.9303722,,,tj-thermal,71.281
1780554271.0357194,VDD_IN,9981.184,,
1780554271.0357194,VDD_CPU_GPU_CV,4073.472,,
1780554271.0357194,VDD_SOC,2236.224,,
1780554271.0357194,,,cpu-thermal,70.218
1780554271.0357194,,,gpu-thermal,71.281
1780554271.0357194,,,soc0-thermal,68.656
1780554271.0357194,,,soc1-thermal,67.906
1780554271.0357194,,,soc2-thermal,68.937
1780554271.0357194,,,tj-thermal,71.281
1780554271.1411707,VDD_IN,9902.592,,
1780554271.1411707,VDD_CPU_GPU_CV,4034.304,,
1780554271.1411707,VDD_SOC,2196.992,,
1780554271.1411707,,,cpu-thermal,70.375
1780554271.1411707,,,gpu-thermal,71.156
1780554271.1411707,,,soc0-thermal,68.593
1780554271.1411707,,,soc1-thermal,67.812
1780554271.1411707,,,soc2-thermal,68.937
1780554271.1411707,,,tj-thermal,71.156
1780554271.2468598,VDD_IN,9768.768,,
1780554271.2468598,VDD_CPU_GPU_CV,3995.136,,
1780554271.2468598,VDD_SOC,2196.992,,
1780554271.2468598,,,cpu-thermal,70.25
1780554271.2468598,,,gpu-thermal,71.343
1780554271.2468598,,,soc0-thermal,68.562
1780554271.2468598,,,soc1-thermal,67.843
1780554271.2468598,,,soc2-thermal,68.906
1780554271.2468598,,,tj-thermal,71.343
1780554271.3526201,VDD_IN,9768.768,,
1780554271.3526201,VDD_CPU_GPU_CV,3995.136,,
1780554271.3526201,VDD_SOC,2196.992,,
1780554271.3526201,,,cpu-thermal,70.375
1780554271.3526201,,,gpu-thermal,71.218
1780554271.3526201,,,soc0-thermal,68.593
1780554271.3526201,,,soc1-thermal,67.937
1780554271.3526201,,,soc2-thermal,68.812
1780554271.3526201,,,tj-thermal,71.437
1780554271.4579754,VDD_IN,9729.536,,
1780554271.4579754,VDD_CPU_GPU_CV,3955.968,,
1780554271.4579754,VDD_SOC,2196.992,,
1780554271.4579754,,,cpu-thermal,70.281
1780554271.4579754,,,gpu-thermal,71.625
1780554271.4579754,,,soc0-thermal,68.718
1780554271.4579754,,,soc1-thermal,67.781
1780554271.4579754,,,soc2-thermal,69.0
1780554271.4579754,,,tj-thermal,71.625
1780554271.5637243,VDD_IN,9729.536,,
1780554271.5637243,VDD_CPU_GPU_CV,3955.968,,
1780554271.5637243,VDD_SOC,2157.76,,
1780554271.5637243,,,cpu-thermal,70.25
1780554271.5637243,,,gpu-thermal,71.437
1780554271.5637243,,,soc0-thermal,68.562
1780554271.5637243,,,soc1-thermal,67.781
1780554271.5637243,,,soc2-thermal,68.875
1780554271.5637243,,,tj-thermal,71.437
1780554271.6692786,VDD_IN,9690.304,,
1780554271.6692786,VDD_CPU_GPU_CV,3955.968,,
1780554271.6692786,VDD_SOC,2157.76,,
1780554271.6692786,,,cpu-thermal,70.25
1780554271.6692786,,,gpu-thermal,71.312
1780554271.6692786,,,soc0-thermal,68.625
1780554271.6692786,,,soc1-thermal,67.875
1780554271.6692786,,,soc2-thermal,68.937
1780554271.6692786,,,tj-thermal,71.312
1780554271.7747765,VDD_IN,9651.072,,
1780554271.7747765,VDD_CPU_GPU_CV,3916.8,,
1780554271.7747765,VDD_SOC,2157.76,,
1780554271.7747765,,,cpu-thermal,70.281
1780554271.7747765,,,gpu-thermal,71.562
1780554271.7747765,,,soc0-thermal,68.718
1780554271.7747765,,,soc1-thermal,68.0
1780554271.7747765,,,soc2-thermal,69.031
1780554271.7747765,,,tj-thermal,71.25
1780554271.880402,VDD_IN,9886.464,,
1780554271.880402,VDD_CPU_GPU_CV,4073.472,,
1780554271.880402,VDD_SOC,2196.992,,
1780554271.880402,,,cpu-thermal,70.25
1780554271.880402,,,gpu-thermal,71.562
1780554271.880402,,,soc0-thermal,68.656
1780554271.880402,,,soc1-thermal,67.875
1780554271.880402,,,soc2-thermal,69.031
1780554271.880402,,,tj-thermal,71.281
1780554271.9859886,VDD_IN,10059.776,,
1780554271.9859886,VDD_CPU_GPU_CV,4151.808,,
1780554271.9859886,VDD_SOC,2236.224,,
1780554271.9859886,,,cpu-thermal,70.25
1780554271.9859886,,,gpu-thermal,71.562
1780554271.9859886,,,soc0-thermal,68.593
1780554271.9859886,,,soc1-thermal,67.875
1780554271.9859886,,,soc2-thermal,69.0
1780554271.9859886,,,tj-thermal,71.562
1780554272.0914557,VDD_IN,9981.184,,
1780554272.0914557,VDD_CPU_GPU_CV,4073.472,,
1780554272.0914557,VDD_SOC,2236.224,,
1780554272.0914557,,,cpu-thermal,70.25
1780554272.0914557,,,gpu-thermal,71.312
1780554272.0914557,,,soc0-thermal,68.625
1780554272.0914557,,,soc1-thermal,67.906
1780554272.0914557,,,soc2-thermal,68.937
1780554272.0914557,,,tj-thermal,71.312
1780554272.1980116,VDD_IN,9824.0,,
1780554272.1980116,VDD_CPU_GPU_CV,3995.136,,
1780554272.1980116,VDD_SOC,2196.992,,
1780554272.1980116,,,cpu-thermal,70.437
1780554272.1980116,,,gpu-thermal,71.218
1780554272.1980116,,,soc0-thermal,68.687
1780554272.1980116,,,soc1-thermal,68.0
1780554272.1980116,,,soc2-thermal,68.906
1780554272.1980116,,,tj-thermal,71.218
1780554272.3034217,VDD_IN,9745.408,,
1780554272.3034217,VDD_CPU_GPU_CV,3916.8,,
1780554272.3034217,VDD_SOC,2196.992,,
1780554272.3034217,,,cpu-thermal,70.562
1780554272.3034217,,,gpu-thermal,71.218
1780554272.3034217,,,soc0-thermal,68.781
1780554272.3034217,,,soc1-thermal,67.906
1780554272.3034217,,,soc2-thermal,69.062
1780554272.3034217,,,tj-thermal,71.218
1780554272.4088507,VDD_IN,9627.52,,
1780554272.4088507,VDD_CPU_GPU_CV,3877.632,,
1780554272.4088507,VDD_SOC,2157.76,,
1780554272.4088507,,,cpu-thermal,70.312
1780554272.4088507,,,gpu-thermal,71.312
1780554272.4088507,,,soc0-thermal,68.593
1780554272.4088507,,,soc1-thermal,67.937
1780554272.4088507,,,soc2-thermal,68.937
1780554272.4088507,,,tj-thermal,71.531
1780554272.514306,VDD_IN,9588.224,,
1780554272.514306,VDD_CPU_GPU_CV,3838.464,,
1780554272.514306,VDD_SOC,2157.76,,
1780554272.514306,,,cpu-thermal,70.312
1780554272.514306,,,gpu-thermal,71.156
1780554272.514306,,,soc0-thermal,68.687
1780554272.514306,,,soc1-thermal,68.0
1780554272.514306,,,soc2-thermal,68.968
1780554272.514306,,,tj-thermal,71.406
1780554272.6208973,VDD_IN,9548.928,,
1780554272.6208973,VDD_CPU_GPU_CV,3799.296,,
1780554272.6208973,VDD_SOC,2157.76,,
1780554272.6208973,,,cpu-thermal,70.437
1780554272.6208973,,,gpu-thermal,71.593
1780554272.6208973,,,soc0-thermal,68.781
1780554272.6208973,,,soc1-thermal,67.843
1780554272.6208973,,,soc2-thermal,69.0
1780554272.6208973,,,tj-thermal,71.593
1780554272.7266405,VDD_IN,9548.928,,
1780554272.7266405,VDD_CPU_GPU_CV,3799.296,,
1780554272.7266405,VDD_SOC,2157.76,,
1780554272.7266405,,,cpu-thermal,70.437
1780554272.7266405,,,gpu-thermal,71.468
1780554272.7266405,,,soc0-thermal,68.593
1780554272.7266405,,,soc1-thermal,67.843
1780554272.7266405,,,soc2-thermal,68.968
1780554272.7266405,,,tj-thermal,71.468
1780554272.8326015,VDD_IN,9627.52,,
1780554272.8326015,VDD_CPU_GPU_CV,3877.632,,
1780554272.8326015,VDD_SOC,2157.76,,
1780554272.8326015,,,cpu-thermal,70.25
1780554272.8326015,,,gpu-thermal,71.468
1780554272.8326015,,,soc0-thermal,68.687
1780554272.8326015,,,soc1-thermal,67.875
1780554272.8326015,,,soc2-thermal,69.031
1780554272.8326015,,,tj-thermal,71.468
1780554272.9381332,VDD_IN,9863.296,,
1780554272.9381332,VDD_CPU_GPU_CV,3995.136,,
1780554272.9381332,VDD_SOC,2196.992,,
1780554272.9381332,,,cpu-thermal,70.375
1780554272.9381332,,,gpu-thermal,71.5
1780554272.9381332,,,soc0-thermal,68.718
1780554272.9381332,,,soc1-thermal,68.0
1780554272.9381332,,,soc2-thermal,68.968
1780554272.9381332,,,tj-thermal,71.5
1780554273.0438242,VDD_IN,9981.184,,
1780554273.0438242,VDD_CPU_GPU_CV,4073.472,,
1780554273.0438242,VDD_SOC,2236.224,,
1780554273.0438242,,,cpu-thermal,70.406
1780554273.0438242,,,gpu-thermal,71.375
1780554273.0438242,,,soc0-thermal,68.656
1780554273.0438242,,,soc1-thermal,67.906
1780554273.0438242,,,soc2-thermal,69.031
1780554273.0438242,,,tj-thermal,71.375
1780554273.1499224,VDD_IN,9863.296,,
1780554273.1499224,VDD_CPU_GPU_CV,3995.136,,
1780554273.1499224,VDD_SOC,2196.992,,
1780554273.1499224,,,cpu-thermal,70.312
1780554273.1499224,,,gpu-thermal,71.468
1780554273.1499224,,,soc0-thermal,68.656
1780554273.1499224,,,soc1-thermal,67.906
1780554273.1499224,,,soc2-thermal,68.906
1780554273.1499224,,,tj-thermal,71.281
1780554273.2554297,VDD_IN,9745.408,,
1780554273.2554297,VDD_CPU_GPU_CV,3916.8,,
1780554273.2554297,VDD_SOC,2196.992,,
1780554273.2554297,,,cpu-thermal,70.375
1780554273.2554297,,,gpu-thermal,71.343
1780554273.2554297,,,soc0-thermal,68.625
1780554273.2554297,,,soc1-thermal,67.937
1780554273.2554297,,,soc2-thermal,68.968
1780554273.2554297,,,tj-thermal,71.343
1780554273.3608496,VDD_IN,9666.816,,
1780554273.3608496,VDD_CPU_GPU_CV,3916.8,,
1780554273.3608496,VDD_SOC,2196.992,,
1780554273.3608496,,,cpu-thermal,70.437
1780554273.3608496,,,gpu-thermal,71.406
1780554273.3608496,,,soc0-thermal,68.75
1780554273.3608496,,,soc1-thermal,67.906
1780554273.3608496,,,soc2-thermal,69.062
1780554273.3608496,,,tj-thermal,71.406
1780554273.4669278,VDD_IN,9627.52,,
1780554273.4669278,VDD_CPU_GPU_CV,3877.632,,
1780554273.4669278,VDD_SOC,2157.76,,
1780554273.4669278,,,cpu-thermal,70.406
1780554273.4669278,,,gpu-thermal,71.343
1780554273.4669278,,,soc0-thermal,68.781
1780554273.4669278,,,soc1-thermal,67.937
1780554273.4669278,,,soc2-thermal,69.031
1780554273.4669278,,,tj-thermal,71.343
1780554273.5724392,VDD_IN,9588.224,,
1780554273.5724392,VDD_CPU_GPU_CV,3838.464,,
1780554273.5724392,VDD_SOC,2157.76,,
1780554273.5724392,,,cpu-thermal,70.437
1780554273.5724392,,,gpu-thermal,71.625
1780554273.5724392,,,soc0-thermal,68.687
1780554273.5724392,,,soc1-thermal,68.0
1780554273.5724392,,,soc2-thermal,68.937
1780554273.5724392,,,tj-thermal,71.625
1780554273.678449,VDD_IN,9548.928,,
1780554273.678449,VDD_CPU_GPU_CV,3799.296,,
1780554273.678449,VDD_SOC,2157.76,,
1780554273.678449,,,cpu-thermal,70.406
1780554273.678449,,,gpu-thermal,71.312
1780554273.678449,,,soc0-thermal,68.781
1780554273.678449,,,soc1-thermal,68.0
1780554273.678449,,,soc2-thermal,69.093
1780554273.678449,,,tj-thermal,71.375
1780554273.7840734,VDD_IN,9548.928,,
1780554273.7840734,VDD_CPU_GPU_CV,3799.296,,
1780554273.7840734,VDD_SOC,2157.76,,
1780554273.7840734,,,cpu-thermal,70.375
1780554273.7840734,,,gpu-thermal,71.312
1780554273.7840734,,,soc0-thermal,68.875
1780554273.7840734,,,soc1-thermal,67.968
1780554273.7840734,,,soc2-thermal,69.062
1780554273.7840734,,,tj-thermal,71.406
1780554273.8902297,VDD_IN,9784.704,,
1780554273.8902297,VDD_CPU_GPU_CV,3955.968,,
1780554273.8902297,VDD_SOC,2196.992,,
1780554273.8902297,,,cpu-thermal,70.375
1780554273.8902297,,,gpu-thermal,71.718
1780554273.8902297,,,soc0-thermal,68.718
1780554273.8902297,,,soc1-thermal,67.968
1780554273.8902297,,,soc2-thermal,69.062
1780554273.8902297,,,tj-thermal,71.437
1780554273.9960747,VDD_IN,9981.184,,
1780554273.9960747,VDD_CPU_GPU_CV,4034.304,,
1780554273.9960747,VDD_SOC,2236.224,,
1780554273.9960747,,,cpu-thermal,70.281
1780554273.9960747,,,gpu-thermal,71.625
1780554273.9960747,,,soc0-thermal,68.718
1780554273.9960747,,,soc1-thermal,68.0
1780554273.9960747,,,soc2-thermal,69.093
1780554273.9960747,,,tj-thermal,71.625
1780554274.1015608,VDD_IN,9863.296,,
1780554274.1015608,VDD_CPU_GPU_CV,3995.136,,
1780554274.1015608,VDD_SOC,2196.992,,
1780554274.1015608,,,cpu-thermal,70.562
1780554274.1015608,,,gpu-thermal,71.468
1780554274.1015608,,,soc0-thermal,68.843
1780554274.1015608,,,soc1-thermal,68.125
1780554274.1015608,,,soc2-thermal,69.062
1780554274.1015608,,,tj-thermal,71.468
1780554274.2073166,VDD_IN,9745.408,,
1780554274.2073166,VDD_CPU_GPU_CV,3916.8,,
1780554274.2073166,VDD_SOC,2196.992,,
1780554274.2073166,,,cpu-thermal,70.687
1780554274.2073166,,,gpu-thermal,71.375
1780554274.2073166,,,soc0-thermal,68.75
1780554274.2073166,,,soc1-thermal,67.937
1780554274.2073166,,,soc2-thermal,69.031
1780554274.2073166,,,tj-thermal,71.375
1780554274.314034,VDD_IN,9627.52,,
1780554274.314034,VDD_CPU_GPU_CV,3877.632,,
1780554274.314034,VDD_SOC,2157.76,,
1780554274.314034,,,cpu-thermal,70.312
1780554274.314034,,,gpu-thermal,71.343
1780554274.314034,,,soc0-thermal,68.812
1780554274.314034,,,soc1-thermal,68.0
1780554274.314034,,,soc2-thermal,69.0
1780554274.314034,,,tj-thermal,71.343
1780554274.4196107,VDD_IN,9588.224,,
1780554274.4196107,VDD_CPU_GPU_CV,3838.464,,
1780554274.4196107,VDD_SOC,2157.76,,
1780554274.4196107,,,cpu-thermal,70.437
1780554274.4196107,,,gpu-thermal,71.593
1780554274.4196107,,,soc0-thermal,68.812
1780554274.4196107,,,soc1-thermal,68.062
1780554274.4196107,,,soc2-thermal,68.968
1780554274.4196107,,,tj-thermal,71.593
1780554274.5252929,VDD_IN,9509.632,,
1780554274.5252929,VDD_CPU_GPU_CV,3799.296,,
1780554274.5252929,VDD_SOC,2157.76,,
1780554274.5252929,,,cpu-thermal,70.468
1780554274.5252929,,,gpu-thermal,71.343
1780554274.5252929,,,soc0-thermal,68.937
1780554274.5252929,,,soc1-thermal,67.937
1780554274.5252929,,,soc2-thermal,69.031
1780554274.5252929,,,tj-thermal,71.5
1780554274.6309056,VDD_IN,9509.632,,
1780554274.6309056,VDD_CPU_GPU_CV,3799.296,,
1780554274.6309056,VDD_SOC,2157.76,,
1780554274.6309056,,,cpu-thermal,70.656
1780554274.6309056,,,gpu-thermal,71.312
1780554274.6309056,,,soc0-thermal,68.625
1780554274.6309056,,,soc1-thermal,67.906
1780554274.6309056,,,soc2-thermal,69.125
1780554274.6309056,,,tj-thermal,71.312
1780554274.7367735,VDD_IN,9509.632,,
1780554274.7367735,VDD_CPU_GPU_CV,3799.296,,
1780554274.7367735,VDD_SOC,2157.76,,
1780554274.7367735,,,cpu-thermal,70.406
1780554274.7367735,,,gpu-thermal,71.656
1780554274.7367735,,,soc0-thermal,68.687
1780554274.7367735,,,soc1-thermal,67.968
1780554274.7367735,,,soc2-thermal,69.062
1780554274.7367735,,,tj-thermal,71.656
1780554274.8427415,VDD_IN,9627.52,,
1780554274.8427415,VDD_CPU_GPU_CV,3877.632,,
1780554274.8427415,VDD_SOC,2196.992,,
1780554274.8427415,,,cpu-thermal,70.5
1780554274.8427415,,,gpu-thermal,71.593
1780554274.8427415,,,soc0-thermal,68.718
1780554274.8427415,,,soc1-thermal,68.093
1780554274.8427415,,,soc2-thermal,69.093
1780554274.8427415,,,tj-thermal,71.593
1780554274.9483182,VDD_IN,9863.296,,
1780554274.9483182,VDD_CPU_GPU_CV,3955.968,,
1780554274.9483182,VDD_SOC,2196.992,,
1780554274.9483182,,,cpu-thermal,70.5
1780554274.9483182,,,gpu-thermal,71.625
1780554274.9483182,,,soc0-thermal,68.75
1780554274.9483182,,,soc1-thermal,67.875
1780554274.9483182,,,soc2-thermal,69.156
1780554274.9483182,,,tj-thermal,71.625
1780554275.0538816,VDD_IN,9941.888,,
1780554275.0538816,VDD_CPU_GPU_CV,4034.304,,
1780554275.0538816,VDD_SOC,2236.224,,
1780554275.0538816,,,cpu-thermal,70.375
1780554275.0538816,,,gpu-thermal,71.75
1780554275.0538816,,,soc0-thermal,68.75
1780554275.0538816,,,soc1-thermal,68.062
1780554275.0538816,,,soc2-thermal,68.968
1780554275.0538816,,,tj-thermal,71.5
1780554275.159435,VDD_IN,9824.0,,
1780554275.159435,VDD_CPU_GPU_CV,3955.968,,
1780554275.159435,VDD_SOC,2196.992,,
1780554275.159435,,,cpu-thermal,70.437
1780554275.159435,,,gpu-thermal,71.625
1780554275.159435,,,soc0-thermal,68.781
1780554275.159435,,,soc1-thermal,68.093
1780554275.159435,,,soc2-thermal,69.093
1780554275.159435,,,tj-thermal,71.437
1780554275.265206,VDD_IN,9745.408,,
1780554275.265206,VDD_CPU_GPU_CV,3916.8,,
1780554275.265206,VDD_SOC,2196.992,,
1780554275.265206,,,cpu-thermal,70.562
1780554275.265206,,,gpu-thermal,71.562
1780554275.265206,,,soc0-thermal,68.875
1780554275.265206,,,soc1-thermal,67.968
1780554275.265206,,,soc2-thermal,69.156
1780554275.265206,,,tj-thermal,71.562
1780554275.3715904,VDD_IN,9666.816,,
1780554275.3715904,VDD_CPU_GPU_CV,3877.632,,
1780554275.3715904,VDD_SOC,2196.992,,
1780554275.3715904,,,cpu-thermal,70.406
1780554275.3715904,,,gpu-thermal,71.562
1780554275.3715904,,,soc0-thermal,68.75
1780554275.3715904,,,soc1-thermal,68.0
1780554275.3715904,,,soc2-thermal,69.062
1780554275.3715904,,,tj-thermal,71.562
1780554275.4772928,VDD_IN,9588.224,,
1780554275.4772928,VDD_CPU_GPU_CV,3838.464,,
1780554275.4772928,VDD_SOC,2157.76,,
1780554275.4772928,,,cpu-thermal,70.5
1780554275.4772928,,,gpu-thermal,71.375
1780554275.4772928,,,soc0-thermal,68.843
1780554275.4772928,,,soc1-thermal,67.968
1780554275.4772928,,,soc2-thermal,69.125
1780554275.4772928,,,tj-thermal,71.375
1780554275.5828302,VDD_IN,9548.928,,
1780554275.5828302,VDD_CPU_GPU_CV,3838.464,,
1780554275.5828302,VDD_SOC,2157.76,,
1780554275.5828302,,,cpu-thermal,70.437
1780554275.5828302,,,gpu-thermal,71.75
1780554275.5828302,,,soc0-thermal,68.937
1780554275.5828302,,,soc1-thermal,68.125
1780554275.5828302,,,soc2-thermal,69.156
1780554275.5828302,,,tj-thermal,71.75
1780554275.688222,VDD_IN,9548.928,,
1780554275.688222,VDD_CPU_GPU_CV,3799.296,,
1780554275.688222,VDD_SOC,2157.76,,
1780554275.688222,,,cpu-thermal,70.75
1780554275.688222,,,gpu-thermal,71.406
1780554275.688222,,,soc0-thermal,69.031
1780554275.688222,,,soc1-thermal,68.0
1780554275.688222,,,soc2-thermal,69.156
1780554275.688222,,,tj-thermal,71.531
1780554275.793755,VDD_IN,9509.632,,
1780554275.793755,VDD_CPU_GPU_CV,3799.296,,
1780554275.793755,VDD_SOC,2157.76,,
1780554275.793755,,,cpu-thermal,70.406
1780554275.793755,,,gpu-thermal,71.437
1780554275.793755,,,soc0-thermal,68.781
1780554275.793755,,,soc1-thermal,67.968
1780554275.793755,,,soc2-thermal,69.093
1780554275.793755,,,tj-thermal,71.531
1780554275.8999763,VDD_IN,9745.408,,
1780554275.8999763,VDD_CPU_GPU_CV,3955.968,,
1780554275.8999763,VDD_SOC,2196.992,,
1780554275.8999763,,,cpu-thermal,70.406
1780554275.8999763,,,gpu-thermal,71.875
1780554275.8999763,,,soc0-thermal,68.875
1780554275.8999763,,,soc1-thermal,68.125
1780554275.8999763,,,soc2-thermal,69.031
1780554275.8999763,,,tj-thermal,71.875
1780554276.005474,VDD_IN,9941.888,,
1780554276.005474,VDD_CPU_GPU_CV,4034.304,,
1780554276.005474,VDD_SOC,2236.224,,
1780554276.005474,,,cpu-thermal,70.531
1780554276.005474,,,gpu-thermal,71.843
1780554276.005474,,,soc0-thermal,69.031
1780554276.005474,,,soc1-thermal,68.25
1780554276.005474,,,soc2-thermal,69.125
1780554276.005474,,,tj-thermal,71.843
1780554276.1110568,VDD_IN,9863.296,,
1780554276.1110568,VDD_CPU_GPU_CV,3995.136,,
1780554276.1110568,VDD_SOC,2196.992,,
1780554276.1110568,,,cpu-thermal,70.781
1780554276.1110568,,,gpu-thermal,71.593
1780554276.1110568,,,soc0-thermal,68.75
1780554276.1110568,,,soc1-thermal,68.0
1780554276.1110568,,,soc2-thermal,69.093
1780554276.1110568,,,tj-thermal,71.593
1780554276.216811,VDD_IN,9745.408,,
1780554276.216811,VDD_CPU_GPU_CV,3916.8,,
1780554276.216811,VDD_SOC,2196.992,,
1780554276.216811,,,cpu-thermal,70.406
1780554276.216811,,,gpu-thermal,71.75
1780554276.216811,,,soc0-thermal,68.875
1780554276.216811,,,soc1-thermal,68.093
1780554276.216811,,,soc2-thermal,69.187
1780554276.216811,,,tj-thermal,71.468
1780554276.3225546,VDD_IN,9666.816,,
1780554276.3225546,VDD_CPU_GPU_CV,3877.632,,
1780554276.3225546,VDD_SOC,2157.76,,
1780554276.3225546,,,cpu-thermal,70.625
1780554276.3225546,,,gpu-thermal,71.656
1780554276.3225546,,,soc0-thermal,68.906
1780554276.3225546,,,soc1-thermal,68.125
1780554276.3225546,,,soc2-thermal,69.156
1780554276.3225546,,,tj-thermal,71.5
1780554276.4284494,VDD_IN,9588.224,,
1780554276.4284494,VDD_CPU_GPU_CV,3838.464,,
1780554276.4284494,VDD_SOC,2157.76,,
1780554276.4284494,,,cpu-thermal,70.625
1780554276.4284494,,,gpu-thermal,71.468
1780554276.4284494,,,soc0-thermal,69.0
1780554276.4284494,,,soc1-thermal,68.062
1780554276.4284494,,,soc2-thermal,69.218
1780554276.4284494,,,tj-thermal,71.468
1780554276.534232,VDD_IN,9548.928,,
1780554276.534232,VDD_CPU_GPU_CV,3799.296,,
1780554276.534232,VDD_SOC,2157.76,,
1780554276.534232,,,cpu-thermal,70.656
1780554276.534232,,,gpu-thermal,71.593
1780554276.534232,,,soc0-thermal,68.812
1780554276.534232,,,soc1-thermal,68.0
1780554276.534232,,,soc2-thermal,69.093
1780554276.534232,,,tj-thermal,71.593
1780554276.6397545,VDD_IN,9509.632,,
1780554276.6397545,VDD_CPU_GPU_CV,3799.296,,
1780554276.6397545,VDD_SOC,2157.76,,
1780554276.6397545,,,cpu-thermal,70.812
1780554276.6397545,,,gpu-thermal,71.5
1780554276.6397545,,,soc0-thermal,68.968
1780554276.6397545,,,soc1-thermal,68.125
1780554276.6397545,,,soc2-thermal,69.156
1780554276.6397545,,,tj-thermal,71.5
1780554276.7452004,VDD_IN,9470.336,,
1780554276.7452004,VDD_CPU_GPU_CV,3799.296,,
1780554276.7452004,VDD_SOC,2157.76,,
1780554276.7452004,,,cpu-thermal,70.531
1780554276.7452004,,,gpu-thermal,71.718
1780554276.7452004,,,soc0-thermal,68.937
1780554276.7452004,,,soc1-thermal,68.156
1780554276.7452004,,,soc2-thermal,69.156
1780554276.7452004,,,tj-thermal,71.718
1780554276.851141,VDD_IN,9627.52,,
1780554276.851141,VDD_CPU_GPU_CV,3877.632,,
1780554276.851141,VDD_SOC,2196.992,,
1780554276.851141,,,cpu-thermal,70.562
1780554276.851141,,,gpu-thermal,71.593
1780554276.851141,,,soc0-thermal,69.031
1780554276.851141,,,soc1-thermal,68.093
1780554276.851141,,,soc2-thermal,69.156
1780554276.851141,,,tj-thermal,71.718
1780554276.9568503,VDD_IN,9824.0,,
1780554276.9568503,VDD_CPU_GPU_CV,3995.136,,
1780554276.9568503,VDD_SOC,2196.992,,
1780554276.9568503,,,cpu-thermal,70.718
1780554276.9568503,,,gpu-thermal,71.593
1780554276.9568503,,,soc0-thermal,68.812
1780554276.9568503,,,soc1-thermal,68.125
1780554276.9568503,,,soc2-thermal,69.156
1780554276.9568503,,,tj-thermal,71.656
1780554277.0628948,VDD_IN,9902.592,,
1780554277.0628948,VDD_CPU_GPU_CV,4034.304,,
1780554277.0628948,VDD_SOC,2239.872,,
1780554277.0628948,,,cpu-thermal,70.593
1780554277.0628948,,,gpu-thermal,71.812
1780554277.0628948,,,soc0-thermal,68.968
1780554277.0628948,,,soc1-thermal,68.187
1780554277.0628948,,,soc2-thermal,69.156
1780554277.0628948,,,tj-thermal,71.812
1780554277.1685936,VDD_IN,9863.296,,
1780554277.1685936,VDD_CPU_GPU_CV,3995.136,,
1780554277.1685936,VDD_SOC,2196.992,,
1780554277.1685936,,,cpu-thermal,70.656
1780554277.1685936,,,gpu-thermal,71.812
1780554277.1685936,,,soc0-thermal,69.062
1780554277.1685936,,,soc1-thermal,68.093
1780554277.1685936,,,soc2-thermal,69.218
1780554277.1685936,,,tj-thermal,71.812
1780554277.274506,VDD_IN,9784.704,,
1780554277.274506,VDD_CPU_GPU_CV,3955.968,,
1780554277.274506,VDD_SOC,2196.992,,
1780554277.274506,,,cpu-thermal,70.5
1780554277.274506,,,gpu-thermal,71.75
1780554277.274506,,,soc0-thermal,68.906
1780554277.274506,,,soc1-thermal,68.093
1780554277.274506,,,soc2-thermal,69.156
1780554277.274506,,,tj-thermal,71.75
1780554277.3802333,VDD_IN,9745.408,,
1780554277.3802333,VDD_CPU_GPU_CV,3916.8,,
1780554277.3802333,VDD_SOC,2196.992,,
1780554277.3802333,,,cpu-thermal,70.468
1780554277.3802333,,,gpu-thermal,71.593
1780554277.3802333,,,soc0-thermal,68.937
1780554277.3802333,,,soc1-thermal,68.125
1780554277.3802333,,,soc2-thermal,69.187
1780554277.3802333,,,tj-thermal,71.593
1780554277.4858563,VDD_IN,9666.816,,
1780554277.4858563,VDD_CPU_GPU_CV,3877.632,,
1780554277.4858563,VDD_SOC,2196.992,,
1780554277.4858563,,,cpu-thermal,70.531
1780554277.4858563,,,gpu-thermal,71.687
1780554277.4858563,,,soc0-thermal,68.937
1780554277.4858563,,,soc1-thermal,68.281
1780554277.4858563,,,soc2-thermal,69.218
1780554277.4858563,,,tj-thermal,71.5
1780554277.591713,VDD_IN,9666.816,,
1780554277.591713,VDD_CPU_GPU_CV,3877.632,,
1780554277.591713,VDD_SOC,2196.992,,
1780554277.591713,,,cpu-thermal,70.875
1780554277.591713,,,gpu-thermal,71.687
1780554277.591713,,,soc0-thermal,68.937
1780554277.591713,,,soc1-thermal,68.062
1780554277.591713,,,soc2-thermal,69.218
1780554277.591713,,,tj-thermal,71.906
1780554277.6975145,VDD_IN,9588.224,,
1780554277.6975145,VDD_CPU_GPU_CV,3838.464,,
1780554277.6975145,VDD_SOC,2157.76,,
1780554277.6975145,,,cpu-thermal,70.5
1780554277.6975145,,,gpu-thermal,71.531
1780554277.6975145,,,soc0-thermal,68.875
1780554277.6975145,,,soc1-thermal,68.062
1780554277.6975145,,,soc2-thermal,69.218
1780554277.6975145,,,tj-thermal,71.531
1780554277.8030324,VDD_IN,9627.52,,
1780554277.8030324,VDD_CPU_GPU_CV,3877.632,,
1780554277.8030324,VDD_SOC,2157.76,,
1780554277.8030324,,,cpu-thermal,70.656
1780554277.8030324,,,gpu-thermal,71.593
1780554277.8030324,,,soc0-thermal,68.875
1780554277.8030324,,,soc1-thermal,68.187
1780554277.8030324,,,soc2-thermal,69.187
1780554277.8030324,,,tj-thermal,71.593
1780554277.9089997,VDD_IN,9784.704,,
1780554277.9089997,VDD_CPU_GPU_CV,3955.968,,
1780554277.9089997,VDD_SOC,2196.992,,
1780554277.9089997,,,cpu-thermal,70.718
1780554277.9089997,,,gpu-thermal,71.937
1780554277.9089997,,,soc0-thermal,69.062
1780554277.9089997,,,soc1-thermal,68.343
1780554277.9089997,,,soc2-thermal,69.281
1780554277.9089997,,,tj-thermal,71.937
1780554278.0150065,VDD_IN,9981.184,,
1780554278.0150065,VDD_CPU_GPU_CV,4073.472,,
1780554278.0150065,VDD_SOC,2239.872,,
1780554278.0150065,,,cpu-thermal,70.718
1780554278.0150065,,,gpu-thermal,71.968
1780554278.0150065,,,soc0-thermal,68.937
1780554278.0150065,,,soc1-thermal,68.156
1780554278.0150065,,,soc2-thermal,69.281
1780554278.0150065,,,tj-thermal,71.968
1780554278.12078,VDD_IN,9863.296,,
1780554278.12078,VDD_CPU_GPU_CV,3995.136,,
1780554278.12078,VDD_SOC,2196.992,,
1780554278.12078,,,cpu-thermal,70.531
1780554278.12078,,,gpu-thermal,71.625
1780554278.12078,,,soc0-thermal,68.937
1780554278.12078,,,soc1-thermal,68.156
1780554278.12078,,,soc2-thermal,69.187
1780554278.12078,,,tj-thermal,71.625
1780554278.226537,VDD_IN,9745.408,,
1780554278.226537,VDD_CPU_GPU_CV,3916.8,,
1780554278.226537,VDD_SOC,2200.576,,
1780554278.226537,,,cpu-thermal,70.812
1780554278.226537,,,gpu-thermal,71.812
1780554278.226537,,,soc0-thermal,69.0
1780554278.226537,,,soc1-thermal,68.25
1780554278.226537,,,soc2-thermal,69.25
1780554278.226537,,,tj-thermal,71.593
1780554278.3323088,VDD_IN,9706.112,,
1780554278.3323088,VDD_CPU_GPU_CV,3916.8,,
1780554278.3323088,VDD_SOC,2196.992,,
1780554278.3323088,,,cpu-thermal,70.687
1780554278.3323088,,,gpu-thermal,71.812
1780554278.3323088,,,soc0-thermal,69.031
1780554278.3323088,,,soc1-thermal,68.125
1780554278.3323088,,,soc2-thermal,69.25
1780554278.3323088,,,tj-thermal,71.468
1780554278.4380815,VDD_IN,9627.52,,
1780554278.4380815,VDD_CPU_GPU_CV,3877.632,,
1780554278.4380815,VDD_SOC,2196.992,,
1780554278.4380815,,,cpu-thermal,70.812
1780554278.4380815,,,gpu-thermal,71.687
1780554278.4380815,,,soc0-thermal,68.906
1780554278.4380815,,,soc1-thermal,68.093
1780554278.4380815,,,soc2-thermal,69.218
1780554278.4380815,,,tj-thermal,71.687
1780554278.5437117,VDD_IN,9588.224,,
1780554278.5437117,VDD_CPU_GPU_CV,3838.464,,
1780554278.5437117,VDD_SOC,2157.76,,
1780554278.5437117,,,cpu-thermal,70.718
1780554278.5437117,,,gpu-thermal,71.593
1780554278.5437117,,,soc0-thermal,69.125
1780554278.5437117,,,soc1-thermal,68.312
1780554278.5437117,,,soc2-thermal,69.25
1780554278.5437117,,,tj-thermal,71.593
1780554278.6496005,VDD_IN,9548.928,,
1780554278.6496005,VDD_CPU_GPU_CV,3838.464,,
1780554278.6496005,VDD_SOC,2157.76,,
1780554278.6496005,,,cpu-thermal,70.687
1780554278.6496005,,,gpu-thermal,71.593
1780554278.6496005,,,soc0-thermal,69.0
1780554278.6496005,,,soc1-thermal,68.25
1780554278.6496005,,,soc2-thermal,69.218
1780554278.6496005,,,tj-thermal,71.593
1780554278.7553663,VDD_IN,9548.928,,
1780554278.7553663,VDD_CPU_GPU_CV,3799.296,,
1780554278.7553663,VDD_SOC,2157.76,,
1780554278.7553663,,,cpu-thermal,70.812
1780554278.7553663,,,gpu-thermal,71.875
1780554278.7553663,,,soc0-thermal,68.875
1780554278.7553663,,,soc1-thermal,68.125
1780554278.7553663,,,soc2-thermal,69.25
1780554278.7553663,,,tj-thermal,71.875
1780554278.861174,VDD_IN,9706.112,,
1780554278.861174,VDD_CPU_GPU_CV,3916.8,,
1780554278.861174,VDD_SOC,2196.992,,
1780554278.861174,,,cpu-thermal,70.625
1780554278.861174,,,gpu-thermal,71.75
1780554278.861174,,,soc0-thermal,68.968
1780554278.861174,,,soc1-thermal,68.25
1780554278.861174,,,soc2-thermal,69.25
1780554278.861174,,,tj-thermal,71.937
1780554278.9671905,VDD_IN,9902.592,,
1780554278.9671905,VDD_CPU_GPU_CV,4034.304,,
1780554278.9671905,VDD_SOC,2236.224,,
1780554278.9671905,,,cpu-thermal,70.562
1780554278.9671905,,,gpu-thermal,71.75
1780554278.9671905,,,soc0-thermal,69.062
1780554278.9671905,,,soc1-thermal,68.281
1780554278.9671905,,,soc2-thermal,69.312
1780554278.9671905,,,tj-thermal,71.937
1780554279.0727754,VDD_IN,9981.184,,
1780554279.0727754,VDD_CPU_GPU_CV,4073.472,,
1780554279.0727754,VDD_SOC,2236.224,,
1780554279.0727754,,,cpu-thermal,70.687
1780554279.0727754,,,gpu-thermal,72.0
1780554279.0727754,,,soc0-thermal,69.062
1780554279.0727754,,,soc1-thermal,68.125
1780554279.0727754,,,soc2-thermal,69.375
1780554279.0727754,,,tj-thermal,72.0
1780554279.1784465,VDD_IN,9902.592,,
1780554279.1784465,VDD_CPU_GPU_CV,4034.304,,
1780554279.1784465,VDD_SOC,2236.224,,
1780554279.1784465,,,cpu-thermal,70.625
1780554279.1784465,,,gpu-thermal,71.906
1780554279.1784465,,,soc0-thermal,69.031
1780554279.1784465,,,soc1-thermal,68.187
1780554279.1784465,,,soc2-thermal,69.312
1780554279.1784465,,,tj-thermal,71.906
1780554279.2843862,VDD_IN,9824.0,,
1780554279.2843862,VDD_CPU_GPU_CV,3995.136,,
1780554279.2843862,VDD_SOC,2196.992,,
1780554279.2843862,,,cpu-thermal,70.562
1780554279.2843862,,,gpu-thermal,71.75
1780554279.2843862,,,soc0-thermal,69.0
1780554279.2843862,,,soc1-thermal,68.312
1780554279.2843862,,,soc2-thermal,69.406
1780554279.2843862,,,tj-thermal,71.75
1780554279.39011,VDD_IN,9784.704,,
1780554279.39011,VDD_CPU_GPU_CV,3955.968,,
1780554279.39011,VDD_SOC,2196.992,,
1780554279.39011,,,cpu-thermal,70.656
1780554279.39011,,,gpu-thermal,71.75
1780554279.39011,,,soc0-thermal,69.125
1780554279.39011,,,soc1-thermal,68.312
1780554279.39011,,,soc2-thermal,69.375
1780554279.39011,,,tj-thermal,71.75
1780554279.4963727,VDD_IN,9690.304,,
1780554279.4963727,VDD_CPU_GPU_CV,3916.8,,
1780554279.4963727,VDD_SOC,2196.992,,
1780554279.4963727,,,cpu-thermal,70.937
1780554279.4963727,,,gpu-thermal,71.687
1780554279.4963727,,,soc0-thermal,69.25
1780554279.4963727,,,soc1-thermal,68.187
1780554279.4963727,,,soc2-thermal,69.25
1780554279.4963727,,,tj-thermal,71.687
1780554279.6021495,VDD_IN,9690.304,,
1780554279.6021495,VDD_CPU_GPU_CV,3916.8,,
1780554279.6021495,VDD_SOC,2196.992,,
1780554279.6021495,,,cpu-thermal,70.593
1780554279.6021495,,,gpu-thermal,71.718
1780554279.6021495,,,soc0-thermal,69.062
1780554279.6021495,,,soc1-thermal,68.218
1780554279.6021495,,,soc2-thermal,69.218
1780554279.6021495,,,tj-thermal,72.062
1780554279.7078807,VDD_IN,9690.304,,
1780554279.7078807,VDD_CPU_GPU_CV,3916.8,,
1780554279.7078807,VDD_SOC,2196.992,,
1780554279.7078807,,,cpu-thermal,70.593
1780554279.7078807,,,gpu-thermal,71.781
1780554279.7078807,,,soc0-thermal,69.031
1780554279.7078807,,,soc1-thermal,68.343
1780554279.7078807,,,soc2-thermal,69.281
1780554279.7078807,,,tj-thermal,71.781
1780554279.8135011,VDD_IN,9651.072,,
1780554279.8135011,VDD_CPU_GPU_CV,3916.8,,
1780554279.8135011,VDD_SOC,2196.992,,
1780554279.8135011,,,cpu-thermal,70.75
1780554279.8135011,,,gpu-thermal,71.812
1780554279.8135011,,,soc0-thermal,69.125
1780554279.8135011,,,soc1-thermal,68.375
1780554279.8135011,,,soc2-thermal,69.343
1780554279.8135011,,,tj-thermal,71.812
1780554279.9188783,VDD_IN,9824.0,,
1780554279.9188783,VDD_CPU_GPU_CV,3995.136,,
1780554279.9188783,VDD_SOC,2196.992,,
1780554279.9188783,,,cpu-thermal,70.812
1780554279.9188783,,,gpu-thermal,72.156
1780554279.9188783,,,soc0-thermal,69.0
1780554279.9188783,,,soc1-thermal,68.218
1780554279.9188783,,,soc2-thermal,69.375
1780554279.9188783,,,tj-thermal,72.156
1780554280.0242524,VDD_IN,10020.48,,
1780554280.0242524,VDD_CPU_GPU_CV,4112.64,,
1780554280.0242524,VDD_SOC,2236.224,,
1780554280.0242524,,,cpu-thermal,70.593
1780554280.0242524,,,gpu-thermal,71.812
1780554280.0242524,,,soc0-thermal,69.062
1780554280.0242524,,,soc1-thermal,68.218
1780554280.0242524,,,soc2-thermal,69.25
1780554280.0242524,,,tj-thermal,72.062
1780554280.1302106,VDD_IN,9941.888,,
1780554280.1302106,VDD_CPU_GPU_CV,4034.304,,
1780554280.1302106,VDD_SOC,2236.224,,
1780554280.1302106,,,cpu-thermal,70.812
1780554280.1302106,,,gpu-thermal,71.718
1780554280.1302106,,,soc0-thermal,69.156
1780554280.1302106,,,soc1-thermal,68.406
1780554280.1302106,,,soc2-thermal,69.343
1780554280.1302106,,,tj-thermal,71.875
1780554280.23611,VDD_IN,9941.888,,
1780554280.23611,VDD_CPU_GPU_CV,4034.304,,
1780554280.23611,VDD_SOC,2236.224,,
1780554280.23611,,,cpu-thermal,70.812
1780554280.23611,,,gpu-thermal,72.062
1780554280.23611,,,soc0-thermal,69.156
1780554280.23611,,,soc1-thermal,68.281
1780554280.23611,,,soc2-thermal,69.406
1780554280.23611,,,tj-thermal,72.062
1780554280.3415604,VDD_IN,9847.232,,
1780554280.3415604,VDD_CPU_GPU_CV,3995.136,,
1780554280.3415604,VDD_SOC,2196.992,,
1780554280.3415604,,,cpu-thermal,70.906
1780554280.3415604,,,gpu-thermal,71.875
1780554280.3415604,,,soc0-thermal,69.125
1780554280.3415604,,,soc1-thermal,68.25
1780554280.3415604,,,soc2-thermal,69.343
1780554280.3415604,,,tj-thermal,71.875
1780554280.4476066,VDD_IN,9768.768,,
1780554280.4476066,VDD_CPU_GPU_CV,3955.968,,
1780554280.4476066,VDD_SOC,2196.992,,
1780554280.4476066,,,cpu-thermal,70.718
1780554280.4476066,,,gpu-thermal,71.812
1780554280.4476066,,,soc0-thermal,69.062
1780554280.4476066,,,soc1-thermal,68.281
1780554280.4476066,,,soc2-thermal,69.375
1780554280.4476066,,,tj-thermal,71.812
1780554280.5534499,VDD_IN,9768.768,,
1780554280.5534499,VDD_CPU_GPU_CV,3955.968,,
1780554280.5534499,VDD_SOC,2196.992,,
1780554280.5534499,,,cpu-thermal,70.718
1780554280.5534499,,,gpu-thermal,71.75
1780554280.5534499,,,soc0-thermal,69.218
1780554280.5534499,,,soc1-thermal,68.437
1780554280.5534499,,,soc2-thermal,69.375
1780554280.5534499,,,tj-thermal,71.75
1780554280.659095,VDD_IN,9729.536,,
1780554280.659095,VDD_CPU_GPU_CV,3916.8,,
1780554280.659095,VDD_SOC,2196.992,,
1780554280.659095,,,cpu-thermal,70.75
1780554280.659095,,,gpu-thermal,71.687
1780554280.659095,,,soc0-thermal,68.968
1780554280.659095,,,soc1-thermal,68.25
1780554280.659095,,,soc2-thermal,69.531
1780554280.659095,,,tj-thermal,71.687
1780554280.7650373,VDD_IN,9690.304,,
1780554280.7650373,VDD_CPU_GPU_CV,3916.8,,
1780554280.7650373,VDD_SOC,2196.992,,
1780554280.7650373,,,cpu-thermal,70.781
1780554280.7650373,,,gpu-thermal,71.812
1780554280.7650373,,,soc0-thermal,69.125
1780554280.7650373,,,soc1-thermal,68.25
1780554280.7650373,,,soc2-thermal,69.343
1780554280.7650373,,,tj-thermal,71.718
1780554280.871141,VDD_IN,9863.296,,
1780554280.871141,VDD_CPU_GPU_CV,3995.136,,
1780554280.871141,VDD_SOC,2236.224,,
1780554280.871141,,,cpu-thermal,70.687
1780554280.871141,,,gpu-thermal,72.0
1780554280.871141,,,soc0-thermal,69.125
1780554280.871141,,,soc1-thermal,68.375
1780554280.871141,,,soc2-thermal,69.343
1780554280.871141,,,tj-thermal,72.156
1780554280.9769814,VDD_IN,10020.48,,
1780554280.9769814,VDD_CPU_GPU_CV,4073.472,,
1780554280.9769814,VDD_SOC,2236.224,,
1780554280.9769814,,,cpu-thermal,70.781
1780554280.9769814,,,gpu-thermal,71.906
1780554280.9769814,,,soc0-thermal,69.25
1780554280.9769814,,,soc1-thermal,68.343
1780554280.9769814,,,soc2-thermal,69.437
1780554280.9769814,,,tj-thermal,71.906
1780554281.0823784,VDD_IN,9981.184,,
1780554281.0823784,VDD_CPU_GPU_CV,4073.472,,
1780554281.0823784,VDD_SOC,2236.224,,
1780554281.0823784,,,cpu-thermal,70.75
1780554281.0823784,,,gpu-thermal,72.125
1780554281.0823784,,,soc0-thermal,69.125
1780554281.0823784,,,soc1-thermal,68.312
1780554281.0823784,,,soc2-thermal,69.375
1780554281.0823784,,,tj-thermal,72.125
1780554281.1878712,VDD_IN,9902.592,,
1780554281.1878712,VDD_CPU_GPU_CV,4034.304,,
1780554281.1878712,VDD_SOC,2196.992,,
1780554281.1878712,,,cpu-thermal,70.781
1780554281.1878712,,,gpu-thermal,71.968
1780554281.1878712,,,soc0-thermal,69.125
1780554281.1878712,,,soc1-thermal,68.375
1780554281.1878712,,,soc2-thermal,69.406
1780554281.1878712,,,tj-thermal,71.968
1780554281.2936,VDD_IN,9824.0,,
1780554281.2936,VDD_CPU_GPU_CV,3995.136,,
1780554281.2936,VDD_SOC,2196.992,,
1780554281.2936,,,cpu-thermal,70.843
1780554281.2936,,,gpu-thermal,72.0
1780554281.2936,,,soc0-thermal,69.156
1780554281.2936,,,soc1-thermal,68.437
1780554281.2936,,,soc2-thermal,69.406
1780554281.2936,,,tj-thermal,72.0
1780554281.3997405,VDD_IN,9745.408,,
1780554281.3997405,VDD_CPU_GPU_CV,3955.968,,
1780554281.3997405,VDD_SOC,2196.992,,
1780554281.3997405,,,cpu-thermal,71.062
1780554281.3997405,,,gpu-thermal,72.062
1780554281.3997405,,,soc0-thermal,69.156
1780554281.3997405,,,soc1-thermal,68.312
1780554281.3997405,,,soc2-thermal,69.437
1780554281.3997405,,,tj-thermal,71.843
1780554281.505673,VDD_IN,9706.112,,
1780554281.505673,VDD_CPU_GPU_CV,3916.8,,
1780554281.505673,VDD_SOC,2196.992,,
1780554281.505673,,,cpu-thermal,70.656
1780554281.505673,,,gpu-thermal,71.937
1780554281.505673,,,soc0-thermal,69.125
1780554281.505673,,,soc1-thermal,68.312
1780554281.505673,,,soc2-thermal,69.343
1780554281.505673,,,tj-thermal,71.718
1780554281.6111143,VDD_IN,9666.816,,
1780554281.6111143,VDD_CPU_GPU_CV,3916.8,,
1780554281.6111143,VDD_SOC,2196.992,,
1780554281.6111143,,,cpu-thermal,70.781
1780554281.6111143,,,gpu-thermal,71.937
1780554281.6111143,,,soc0-thermal,69.125
1780554281.6111143,,,soc1-thermal,68.406
1780554281.6111143,,,soc2-thermal,69.468
1780554281.6111143,,,tj-thermal,71.937
1780554281.7172084,VDD_IN,9627.52,,
1780554281.7172084,VDD_CPU_GPU_CV,3877.632,,
1780554281.7172084,VDD_SOC,2196.992,,
1780554281.7172084,,,cpu-thermal,70.906
1780554281.7172084,,,gpu-thermal,71.718
1780554281.7172084,,,soc0-thermal,69.187
1780554281.7172084,,,soc1-thermal,68.531
1780554281.7172084,,,soc2-thermal,69.437
1780554281.7172084,,,tj-thermal,71.718
1780554281.823225,VDD_IN,9706.112,,
1780554281.823225,VDD_CPU_GPU_CV,3916.8,,
1780554281.823225,VDD_SOC,2196.992,,
1780554281.823225,,,cpu-thermal,71.031
1780554281.823225,,,gpu-thermal,71.937
1780554281.823225,,,soc0-thermal,69.0
1780554281.823225,,,soc1-thermal,68.25
1780554281.823225,,,soc2-thermal,69.5
1780554281.823225,,,tj-thermal,71.937
1780554281.9288378,VDD_IN,9902.592,,
1780554281.9288378,VDD_CPU_GPU_CV,4034.304,,
1780554281.9288378,VDD_SOC,2236.224,,
1780554281.9288378,,,cpu-thermal,70.656
1780554281.9288378,,,gpu-thermal,71.937
1780554281.9288378,,,soc0-thermal,69.125
1780554281.9288378,,,soc1-thermal,68.343
1780554281.9288378,,,soc2-thermal,69.468
1780554281.9288378,,,tj-thermal,71.937
1780554282.0349762,VDD_IN,10020.48,,
1780554282.0349762,VDD_CPU_GPU_CV,4112.64,,
1780554282.0349762,VDD_SOC,2236.224,,
1780554282.0349762,,,cpu-thermal,70.812
1780554282.0349762,,,gpu-thermal,72.125
1780554282.0349762,,,soc0-thermal,69.187
1780554282.0349762,,,soc1-thermal,68.468
1780554282.0349762,,,soc2-thermal,69.5
1780554282.0349762,,,tj-thermal,72.125
1780554282.140439,VDD_IN,9941.888,,
1780554282.140439,VDD_CPU_GPU_CV,4073.472,,
1780554282.140439,VDD_SOC,2236.224,,
1780554282.140439,,,cpu-thermal,70.937
1780554282.140439,,,gpu-thermal,71.781
1780554282.140439,,,soc0-thermal,69.25
1780554282.140439,,,soc1-thermal,68.406
1780554282.140439,,,soc2-thermal,69.468
1780554282.140439,,,tj-thermal,72.0
1780554282.2465763,VDD_IN,9902.592,,
1780554282.2465763,VDD_CPU_GPU_CV,4034.304,,
1780554282.2465763,VDD_SOC,2196.992,,
1780554282.2465763,,,cpu-thermal,70.812
1780554282.2465763,,,gpu-thermal,71.937
1780554282.2465763,,,soc0-thermal,69.156
1780554282.2465763,,,soc1-thermal,68.437
1780554282.2465763,,,soc2-thermal,69.468
1780554282.2465763,,,tj-thermal,71.937
1780554282.3533719,VDD_IN,9941.888,,
1780554282.3533719,VDD_CPU_GPU_CV,4073.472,,
1780554282.3533719,VDD_SOC,2196.992,,
1780554282.3533719,,,cpu-thermal,70.812
1780554282.3533719,,,gpu-thermal,72.062
1780554282.3533719,,,soc0-thermal,69.218
1780554282.3533719,,,soc1-thermal,68.531
1780554282.3533719,,,soc2-thermal,69.437
1780554282.3533719,,,tj-thermal,71.843
1780554282.458995,VDD_IN,9863.296,,
1780554282.458995,VDD_CPU_GPU_CV,3995.136,,
1780554282.458995,VDD_SOC,2196.992,,
1780554282.458995,,,cpu-thermal,70.875
1780554282.458995,,,gpu-thermal,71.968
1780554282.458995,,,soc0-thermal,69.218
1780554282.458995,,,soc1-thermal,68.375
1780554282.458995,,,soc2-thermal,69.5
1780554282.458995,,,tj-thermal,71.781
1780554282.565287,VDD_IN,9824.0,,
1780554282.565287,VDD_CPU_GPU_CV,3995.136,,
1780554282.565287,VDD_SOC,2196.992,,
1780554282.565287,,,cpu-thermal,70.812
1780554282.565287,,,gpu-thermal,71.937
1780554282.565287,,,soc0-thermal,69.125
1780554282.565287,,,soc1-thermal,68.562
1780554282.565287,,,soc2-thermal,69.5
1780554282.565287,,,tj-thermal,71.937
1780554282.6709285,VDD_IN,9784.704,,
1780554282.6709285,VDD_CPU_GPU_CV,3955.968,,
1780554282.6709285,VDD_SOC,2196.992,,
1780554282.6709285,,,cpu-thermal,70.812
1780554282.6709285,,,gpu-thermal,71.781
1780554282.6709285,,,soc0-thermal,69.187
1780554282.6709285,,,soc1-thermal,68.468
1780554282.6709285,,,soc2-thermal,69.406
1780554282.6709285,,,tj-thermal,71.781
1780554282.7768629,VDD_IN,9784.704,,
1780554282.7768629,VDD_CPU_GPU_CV,3955.968,,
1780554282.7768629,VDD_SOC,2196.992,,
1780554282.7768629,,,cpu-thermal,70.843
1780554282.7768629,,,gpu-thermal,71.812
1780554282.7768629,,,soc0-thermal,69.218
1780554282.7768629,,,soc1-thermal,68.5
1780554282.7768629,,,soc2-thermal,69.437
1780554282.7768629,,,tj-thermal,71.812
1780554282.8826687,VDD_IN,9981.184,,
1780554282.8826687,VDD_CPU_GPU_CV,4073.472,,
1780554282.8826687,VDD_SOC,2236.224,,
1780554282.8826687,,,cpu-thermal,71.125
1780554282.8826687,,,gpu-thermal,72.312
1780554282.8826687,,,soc0-thermal,69.312
1780554282.8826687,,,soc1-thermal,68.375
1780554282.8826687,,,soc2-thermal,69.531
1780554282.8826687,,,tj-thermal,72.312
1780554282.9889011,VDD_IN,10099.072,,
1780554282.9889011,VDD_CPU_GPU_CV,4151.808,,
1780554282.9889011,VDD_SOC,2236.224,,
1780554282.9889011,,,cpu-thermal,70.843
1780554282.9889011,,,gpu-thermal,72.093
1780554282.9889011,,,soc0-thermal,69.218
1780554282.9889011,,,soc1-thermal,68.468
1780554282.9889011,,,soc2-thermal,69.468
1780554282.9889011,,,tj-thermal,72.093
1780554283.0944688,VDD_IN,10099.072,,
1780554283.0944688,VDD_CPU_GPU_CV,4112.64,,
1780554283.0944688,VDD_SOC,2236.224,,
1780554283.0944688,,,cpu-thermal,70.875
1780554283.0944688,,,gpu-thermal,71.906
1780554283.0944688,,,soc0-thermal,69.218
1780554283.0944688,,,soc1-thermal,68.5
1780554283.0944688,,,soc2-thermal,69.5
1780554283.0944688,,,tj-thermal,71.968
1780554283.20027,VDD_IN,9981.184,,
1780554283.20027,VDD_CPU_GPU_CV,4073.472,,
1780554283.20027,VDD_SOC,2236.224,,
1780554283.20027,,,cpu-thermal,70.968
1780554283.20027,,,gpu-thermal,72.093
1780554283.20027,,,soc0-thermal,69.187
1780554283.20027,,,soc1-thermal,68.656
1780554283.20027,,,soc2-thermal,69.531
1780554283.20027,,,tj-thermal,71.906
1780554283.3060753,VDD_IN,9925.696,,
1780554283.3060753,VDD_CPU_GPU_CV,4034.304,,
1780554283.3060753,VDD_SOC,2196.992,,
1780554283.3060753,,,cpu-thermal,71.125
1780554283.3060753,,,gpu-thermal,72.062
1780554283.3060753,,,soc0-thermal,69.187
1780554283.3060753,,,soc1-thermal,68.375
1780554283.3060753,,,soc2-thermal,69.5
1780554283.3060753,,,tj-thermal,72.062
1780554283.4119825,VDD_IN,9847.232,,
1780554283.4119825,VDD_CPU_GPU_CV,4034.304,,
1780554283.4119825,VDD_SOC,2196.992,,
1780554283.4119825,,,cpu-thermal,70.843
1780554283.4119825,,,gpu-thermal,72.031
1780554283.4119825,,,soc0-thermal,69.218
1780554283.4119825,,,soc1-thermal,68.562
1780554283.4119825,,,soc2-thermal,69.531
1780554283.4119825,,,tj-thermal,72.031
