t,rail,mW,zone,C
1780554403.7561235,VDD_IN,5126.976,,
1780554403.7561235,VDD_CPU_GPU_CV,1269.76,,
1780554403.7561235,VDD_SOC,1428.48,,
1780554403.7561235,,,cpu-thermal,53.968
1780554403.7561235,,,gpu-thermal,54.468
1780554403.7561235,,,soc0-thermal,52.468
1780554403.7561235,,,soc1-thermal,52.093
1780554403.7561235,,,soc2-thermal,52.125
1780554403.7561235,,,tj-thermal,54.218
1780554403.8617132,VDD_IN,5031.232,,
1780554403.8617132,VDD_CPU_GPU_CV,1228.096,,
1780554403.8617132,VDD_SOC,1426.176,,
1780554403.8617132,,,cpu-thermal,53.843
1780554403.8617132,,,gpu-thermal,54.25
1780554403.8617132,,,soc0-thermal,52.562
1780554403.8617132,,,soc1-thermal,52.093
1780554403.8617132,,,soc2-thermal,52.125
1780554403.8617132,,,tj-thermal,54.25
1780554403.9672132,VDD_IN,4952.0,,
1780554403.9672132,VDD_CPU_GPU_CV,1186.56,,
1780554403.9672132,VDD_SOC,1423.872,,
1780554403.9672132,,,cpu-thermal,54.062
1780554403.9672132,,,gpu-thermal,54.218
1780554403.9672132,,,soc0-thermal,52.625
1780554403.9672132,,,soc1-thermal,52.187
1780554403.9672132,,,soc2-thermal,52.125
1780554403.9672132,,,tj-thermal,54.218
1780554404.0725517,VDD_IN,4944.0,,
1780554404.0725517,VDD_CPU_GPU_CV,1184.64,,
1780554404.0725517,VDD_SOC,1423.872,,
1780554404.0725517,,,cpu-thermal,54.187
1780554404.0725517,,,gpu-thermal,54.125
1780554404.0725517,,,soc0-thermal,52.437
1780554404.0725517,,,soc1-thermal,51.937
1780554404.0725517,,,soc2-thermal,52.218
1780554404.0725517,,,tj-thermal,54.187
1780554404.1785393,VDD_IN,4936.0,,
1780554404.1785393,VDD_CPU_GPU_CV,1184.64,,
1780554404.1785393,VDD_SOC,1421.568,,
1780554404.1785393,,,cpu-thermal,53.812
1780554404.1785393,,,gpu-thermal,54.562
1780554404.1785393,,,soc0-thermal,52.406
1780554404.1785393,,,soc1-thermal,52.031
1780554404.1785393,,,soc2-thermal,51.968
1780554404.1785393,,,tj-thermal,54.562
1780554404.2841887,VDD_IN,4975.488,,
1780554404.2841887,VDD_CPU_GPU_CV,1182.72,,
1780554404.2841887,VDD_SOC,1421.568,,
1780554404.2841887,,,cpu-thermal,53.906
1780554404.2841887,,,gpu-thermal,54.062
1780554404.2841887,,,soc0-thermal,52.562
1780554404.2841887,,,soc1-thermal,52.031
1780554404.2841887,,,soc2-thermal,52.125
1780554404.2841887,,,tj-thermal,54.406
1780554404.3899796,VDD_IN,4975.488,,
1780554404.3899796,VDD_CPU_GPU_CV,1222.144,,
1780554404.3899796,VDD_SOC,1461.056,,
1780554404.3899796,,,cpu-thermal,54.0
1780554404.3899796,,,gpu-thermal,54.062
1780554404.3899796,,,soc0-thermal,52.562
1780554404.3899796,,,soc1-thermal,51.906
1780554404.3899796,,,soc2-thermal,52.125
1780554404.3899796,,,tj-thermal,54.218
1780554404.4955862,VDD_IN,5023.104,,
1780554404.4955862,VDD_CPU_GPU_CV,1224.128,,
1780554404.4955862,VDD_SOC,1463.424,,
1780554404.4955862,,,cpu-thermal,54.125
1780554404.4955862,,,gpu-thermal,54.593
1780554404.4955862,,,soc0-thermal,52.375
1780554404.4955862,,,soc1-thermal,51.968
1780554404.4955862,,,soc2-thermal,52.125
1780554404.4955862,,,tj-thermal,54.593
1780554404.6013968,VDD_IN,5023.104,,
1780554404.6013968,VDD_CPU_GPU_CV,1224.128,,
1780554404.6013968,VDD_SOC,1463.424,,
1780554404.6013968,,,cpu-thermal,53.812
1780554404.6013968,,,gpu-thermal,54.375
1780554404.6013968,,,soc0-thermal,52.531
1780554404.6013968,,,soc1-thermal,51.968
1780554404.6013968,,,soc2-thermal,52.062
1780554404.6013968,,,tj-thermal,54.375
1780554404.7071013,VDD_IN,5023.104,,
1780554404.7071013,VDD_CPU_GPU_CV,1226.112,,
1780554404.7071013,VDD_SOC,1463.424,,
1780554404.7071013,,,cpu-thermal,53.875
1780554404.7071013,,,gpu-thermal,54.218
1780554404.7071013,,,soc0-thermal,52.468
1780554404.7071013,,,soc1-thermal,52.093
1780554404.7071013,,,soc2-thermal,51.968
1780554404.7071013,,,tj-thermal,54.218
1780554404.8127546,VDD_IN,4991.616,,
1780554404.8127546,VDD_CPU_GPU_CV,1186.56,,
1780554404.8127546,VDD_SOC,1465.792,,
1780554404.8127546,,,cpu-thermal,53.906
1780554404.8127546,,,gpu-thermal,54.125
1780554404.8127546,,,soc0-thermal,52.625
1780554404.8127546,,,soc1-thermal,51.875
1780554404.8127546,,,soc2-thermal,52.062
1780554404.8127546,,,tj-thermal,54.125
1780554404.9183095,VDD_IN,4920.32,,
1780554404.9183095,VDD_CPU_GPU_CV,1148.864,,
1780554404.9183095,VDD_SOC,1468.16,,
1780554404.9183095,,,cpu-thermal,53.937
1780554404.9183095,,,gpu-thermal,54.218
1780554404.9183095,,,soc0-thermal,52.437
1780554404.9183095,,,soc1-thermal,51.875
1780554404.9183095,,,soc2-thermal,52.0
1780554404.9183095,,,tj-thermal,53.968
1780554405.0235953,VDD_IN,4880.64,,
1780554405.0235953,VDD_CPU_GPU_CV,1111.04,,
1780554405.0235953,VDD_SOC,1428.48,,
1780554405.0235953,,,cpu-thermal,53.843
1780554405.0235953,,,gpu-thermal,54.125
1780554405.0235953,,,soc0-thermal,52.437
1780554405.0235953,,,soc1-thermal,51.906
1780554405.0235953,,,soc2-thermal,52.0
1780554405.0235953,,,tj-thermal,54.125
1780554405.1290188,VDD_IN,4920.32,,
1780554405.1290188,VDD_CPU_GPU_CV,1148.864,,
1780554405.1290188,VDD_SOC,1468.16,,
1780554405.1290188,,,cpu-thermal,53.812
1780554405.1290188,,,gpu-thermal,54.062
1780554405.1290188,,,soc0-thermal,52.437
1780554405.1290188,,,soc1-thermal,52.062
1780554405.1290188,,,soc2-thermal,51.968
1780554405.1290188,,,tj-thermal,54.062
1780554405.2345922,VDD_IN,4960.0,,
1780554405.2345922,VDD_CPU_GPU_CV,1188.48,,
1780554405.2345922,VDD_SOC,1468.16,,
1780554405.2345922,,,cpu-thermal,53.875
1780554405.2345922,,,gpu-thermal,53.968
1780554405.2345922,,,soc0-thermal,52.531
1780554405.2345922,,,soc1-thermal,51.812
1780554405.2345922,,,soc2-thermal,52.0
1780554405.2345922,,,tj-thermal,53.968
1780554405.340415,VDD_IN,4999.68,,
1780554405.340415,VDD_CPU_GPU_CV,1188.48,,
1780554405.340415,VDD_SOC,1468.16,,
1780554405.340415,,,cpu-thermal,53.593
1780554405.340415,,,gpu-thermal,54.125
1780554405.340415,,,soc0-thermal,52.312
1780554405.340415,,,soc1-thermal,51.906
1780554405.340415,,,soc2-thermal,51.937
1780554405.340415,,,tj-thermal,54.437
1780554405.446073,VDD_IN,4999.68,,
1780554405.446073,VDD_CPU_GPU_CV,1188.48,,
1780554405.446073,VDD_SOC,1468.16,,
1780554405.446073,,,cpu-thermal,53.687
1780554405.446073,,,gpu-thermal,54.062
1780554405.446073,,,soc0-thermal,52.281
1780554405.446073,,,soc1-thermal,51.812
1780554405.446073,,,soc2-thermal,51.875
1780554405.446073,,,tj-thermal,54.062
1780554405.551719,VDD_IN,5007.744,,
1780554405.551719,VDD_CPU_GPU_CV,1190.4,,
1780554405.551719,VDD_SOC,1468.16,,
1780554405.551719,,,cpu-thermal,53.718
1780554405.551719,,,gpu-thermal,53.875
1780554405.551719,,,soc0-thermal,52.406
1780554405.551719,,,soc1-thermal,51.718
1780554405.551719,,,soc2-thermal,51.937
1780554405.551719,,,tj-thermal,53.968
1780554405.6575737,VDD_IN,5007.744,,
1780554405.6575737,VDD_CPU_GPU_CV,1230.08,,
1780554405.6575737,VDD_SOC,1468.16,,
1780554405.6575737,,,cpu-thermal,53.656
1780554405.6575737,,,gpu-thermal,54.343
1780554405.6575737,,,soc0-thermal,52.218
1780554405.6575737,,,soc1-thermal,51.781
1780554405.6575737,,,soc2-thermal,51.781
1780554405.6575737,,,tj-thermal,54.343
1780554405.7632263,VDD_IN,5007.744,,
1780554405.7632263,VDD_CPU_GPU_CV,1230.08,,
1780554405.7632263,VDD_SOC,1470.528,,
1780554405.7632263,,,cpu-thermal,53.531
1780554405.7632263,,,gpu-thermal,54.156
1780554405.7632263,,,soc0-thermal,52.218
1780554405.7632263,,,soc1-thermal,51.781
1780554405.7632263,,,soc2-thermal,51.843
1780554405.7632263,,,tj-thermal,54.156
1780554405.8688536,VDD_IN,4976.0,,
1780554405.8688536,VDD_CPU_GPU_CV,1152.576,,
1780554405.8688536,VDD_SOC,1470.528,,
1780554405.8688536,,,cpu-thermal,53.625
1780554405.8688536,,,gpu-thermal,53.812
1780554405.8688536,,,soc0-thermal,52.281
1780554405.8688536,,,soc1-thermal,51.843
1780554405.8688536,,,soc2-thermal,51.75
1780554405.8688536,,,tj-thermal,54.062
1780554405.9742522,VDD_IN,4896.384,,
1780554405.9742522,VDD_CPU_GPU_CV,1112.832,,
1780554405.9742522,VDD_SOC,1433.088,,
1780554405.9742522,,,cpu-thermal,53.875
1780554405.9742522,,,gpu-thermal,54.281
1780554405.9742522,,,soc0-thermal,52.312
1780554405.9742522,,,soc1-thermal,51.718
1780554405.9742522,,,soc2-thermal,51.875
1780554405.9742522,,,tj-thermal,54.281
1780554406.0795817,VDD_IN,4896.384,,
1780554406.0795817,VDD_CPU_GPU_CV,1152.576,,
1780554406.0795817,VDD_SOC,1472.896,,
1780554406.0795817,,,cpu-thermal,53.937
1780554406.0795817,,,gpu-thermal,54.0
1780554406.0795817,,,soc0-thermal,52.125
1780554406.0795817,,,soc1-thermal,51.687
1780554406.0795817,,,soc2-thermal,51.781
1780554406.0795817,,,tj-thermal,54.0
1780554406.1851869,VDD_IN,4936.192,,
1780554406.1851869,VDD_CPU_GPU_CV,1152.576,,
1780554406.1851869,VDD_SOC,1472.896,,
1780554406.1851869,,,cpu-thermal,53.562
1780554406.1851869,,,gpu-thermal,54.031
1780554406.1851869,,,soc0-thermal,52.156
1780554406.1851869,,,soc1-thermal,51.718
1780554406.1851869,,,soc2-thermal,51.812
1780554406.1851869,,,tj-thermal,54.031
1780554406.2910695,VDD_IN,4976.0,,
1780554406.2910695,VDD_CPU_GPU_CV,1192.32,,
1780554406.2910695,VDD_SOC,1472.896,,
1780554406.2910695,,,cpu-thermal,53.718
1780554406.2910695,,,gpu-thermal,53.781
1780554406.2910695,,,soc0-thermal,52.281
1780554406.2910695,,,soc1-thermal,51.812
1780554406.2910695,,,soc2-thermal,51.781
1780554406.2910695,,,tj-thermal,53.781
1780554406.3967848,VDD_IN,5015.808,,
1780554406.3967848,VDD_CPU_GPU_CV,1192.32,,
1780554406.3967848,VDD_SOC,1470.528,,
1780554406.3967848,,,cpu-thermal,53.75
1780554406.3967848,,,gpu-thermal,54.0
1780554406.3967848,,,soc0-thermal,52.312
1780554406.3967848,,,soc1-thermal,51.656
1780554406.3967848,,,soc2-thermal,51.812
1780554406.3967848,,,tj-thermal,53.843
1780554406.5023637,VDD_IN,5015.808,,
1780554406.5023637,VDD_CPU_GPU_CV,1192.32,,
1780554406.5023637,VDD_SOC,1470.528,,
1780554406.5023637,,,cpu-thermal,53.906
1780554406.5023637,,,gpu-thermal,53.906
1780554406.5023637,,,soc0-thermal,52.156
1780554406.5023637,,,soc1-thermal,51.718
1780554406.5023637,,,soc2-thermal,51.687
1780554406.5023637,,,tj-thermal,53.906
1780554406.6080415,VDD_IN,5007.744,,
1780554406.6080415,VDD_CPU_GPU_CV,1192.32,,
1780554406.6080415,VDD_SOC,1470.528,,
1780554406.6080415,,,cpu-thermal,53.468
1780554406.6080415,,,gpu-thermal,53.843
1780554406.6080415,,,soc0-thermal,52.156
1780554406.6080415,,,soc1-thermal,51.687
1780554406.6080415,,,soc2-thermal,51.687
1780554406.6080415,,,tj-thermal,53.843
1780554406.7136426,VDD_IN,5007.744,,
1780554406.7136426,VDD_CPU_GPU_CV,1190.4,,
1780554406.7136426,VDD_SOC,1470.528,,
1780554406.7136426,,,cpu-thermal,53.5
1780554406.7136426,,,gpu-thermal,53.718
1780554406.7136426,,,soc0-thermal,52.125
1780554406.7136426,,,soc1-thermal,51.812
1780554406.7136426,,,soc2-thermal,51.781
1780554406.7136426,,,tj-thermal,53.718
1780554406.819291,VDD_IN,4976.0,,
1780554406.819291,VDD_CPU_GPU_CV,1192.32,,
1780554406.819291,VDD_SOC,1470.528,,
1780554406.819291,,,cpu-thermal,53.593
1780554406.819291,,,gpu-thermal,54.187
1780554406.819291,,,soc0-thermal,52.218
1780554406.819291,,,soc1-thermal,51.593
1780554406.819291,,,soc2-thermal,51.718
1780554406.819291,,,tj-thermal,54.187
1780554406.9248195,VDD_IN,4936.192,,
1780554406.9248195,VDD_CPU_GPU_CV,1152.576,,
1780554406.9248195,VDD_SOC,1472.896,,
1780554406.9248195,,,cpu-thermal,53.75
1780554406.9248195,,,gpu-thermal,53.812
1780554406.9248195,,,soc0-thermal,52.156
1780554406.9248195,,,soc1-thermal,51.656
1780554406.9248195,,,soc2-thermal,51.656
1780554406.9248195,,,tj-thermal,54.031
1780554407.0301495,VDD_IN,4896.384,,
1780554407.0301495,VDD_CPU_GPU_CV,1114.624,,
1780554407.0301495,VDD_SOC,1433.088,,
1780554407.0301495,,,cpu-thermal,53.406
1780554407.0301495,,,gpu-thermal,53.718
1780554407.0301495,,,soc0-thermal,52.125
1780554407.0301495,,,soc1-thermal,51.625
1780554407.0301495,,,soc2-thermal,51.687
1780554407.0301495,,,tj-thermal,53.718
1780554407.1358664,VDD_IN,4976.0,,
1780554407.1358664,VDD_CPU_GPU_CV,1152.576,,
1780554407.1358664,VDD_SOC,1470.528,,
1780554407.1358664,,,cpu-thermal,53.5
1780554407.1358664,,,gpu-thermal,54.125
1780554407.1358664,,,soc0-thermal,52.125
1780554407.1358664,,,soc1-thermal,51.437
1780554407.1358664,,,soc2-thermal,51.718
1780554407.1358664,,,tj-thermal,54.125
1780554407.2420964,VDD_IN,5007.744,,
1780554407.2420964,VDD_CPU_GPU_CV,1192.32,,
1780554407.2420964,VDD_SOC,1470.528,,
1780554407.2420964,,,cpu-thermal,53.625
1780554407.2420964,,,gpu-thermal,53.968
1780554407.2420964,,,soc0-thermal,52.062
1780554407.2420964,,,soc1-thermal,51.5
1780554407.2420964,,,soc2-thermal,51.656
1780554407.2420964,,,tj-thermal,53.968
1780554407.3476074,VDD_IN,5007.744,,
1780554407.3476074,VDD_CPU_GPU_CV,1192.32,,
1780554407.3476074,VDD_SOC,1470.528,,
1780554407.3476074,,,cpu-thermal,53.406
1780554407.3476074,,,gpu-thermal,53.843
1780554407.3476074,,,soc0-thermal,52.062
1780554407.3476074,,,soc1-thermal,51.562
1780554407.3476074,,,soc2-thermal,51.625
1780554407.3476074,,,tj-thermal,53.843
1780554407.453329,VDD_IN,5007.744,,
1780554407.453329,VDD_CPU_GPU_CV,1192.32,,
1780554407.453329,VDD_SOC,1470.528,,
1780554407.453329,,,cpu-thermal,53.406
1780554407.453329,,,gpu-thermal,53.656
1780554407.453329,,,soc0-thermal,52.031
1780554407.453329,,,soc1-thermal,51.625
1780554407.453329,,,soc2-thermal,51.625
1780554407.453329,,,tj-thermal,53.656
1780554407.5592632,VDD_IN,5007.744,,
1780554407.5592632,VDD_CPU_GPU_CV,1230.08,,
1780554407.5592632,VDD_SOC,1470.528,,
1780554407.5592632,,,cpu-thermal,53.406
1780554407.5592632,,,gpu-thermal,53.906
1780554407.5592632,,,soc0-thermal,52.125
1780554407.5592632,,,soc1-thermal,51.437
1780554407.5592632,,,soc2-thermal,51.75
1780554407.5592632,,,tj-thermal,53.625
1780554407.6650941,VDD_IN,5007.744,,
1780554407.6650941,VDD_CPU_GPU_CV,1230.08,,
1780554407.6650941,VDD_SOC,1470.528,,
1780554407.6650941,,,cpu-thermal,53.437
1780554407.6650941,,,gpu-thermal,53.75
1780554407.6650941,,,soc0-thermal,51.906
1780554407.6650941,,,soc1-thermal,51.562
1780554407.6650941,,,soc2-thermal,51.625
1780554407.6650941,,,tj-thermal,53.531
1780554407.7708247,VDD_IN,5007.744,,
1780554407.7708247,VDD_CPU_GPU_CV,1230.08,,
1780554407.7708247,VDD_SOC,1470.528,,
1780554407.7708247,,,cpu-thermal,53.281
1780554407.7708247,,,gpu-thermal,53.656
1780554407.7708247,,,soc0-thermal,52.031
1780554407.7708247,,,soc1-thermal,51.656
1780554407.7708247,,,soc2-thermal,51.562
1780554407.7708247,,,tj-thermal,53.656
1780554407.87669,VDD_IN,4936.192,,
1780554407.87669,VDD_CPU_GPU_CV,1152.576,,
1780554407.87669,VDD_SOC,1472.896,,
1780554407.87669,,,cpu-thermal,53.187
1780554407.87669,,,gpu-thermal,53.656
1780554407.87669,,,soc0-thermal,52.062
1780554407.87669,,,soc1-thermal,51.5
1780554407.87669,,,soc2-thermal,51.531
1780554407.87669,,,tj-thermal,53.656
1780554407.9818864,VDD_IN,4896.384,,
1780554407.9818864,VDD_CPU_GPU_CV,1114.624,,
1780554407.9818864,VDD_SOC,1433.088,,
1780554407.9818864,,,cpu-thermal,53.625
1780554407.9818864,,,gpu-thermal,54.0
1780554407.9818864,,,soc0-thermal,52.062
1780554407.9818864,,,soc1-thermal,51.437
1780554407.9818864,,,soc2-thermal,51.625
1780554407.9818864,,,tj-thermal,54.0
1780554408.0870914,VDD_IN,4896.384,,
1780554408.0870914,VDD_CPU_GPU_CV,1152.576,,
1780554408.0870914,VDD_SOC,1472.896,,
1780554408.0870914,,,cpu-thermal,53.25
1780554408.0870914,,,gpu-thermal,53.625
1780554408.0870914,,,soc0-thermal,52.0
1780554408.0870914,,,soc1-thermal,51.375
1780554408.0870914,,,soc2-thermal,51.531
1780554408.0870914,,,tj-thermal,53.843
1780554408.1931105,VDD_IN,4936.192,,
1780554408.1931105,VDD_CPU_GPU_CV,1152.576,,
1780554408.1931105,VDD_SOC,1472.896,,
1780554408.1931105,,,cpu-thermal,53.375
1780554408.1931105,,,gpu-thermal,53.656
1780554408.1931105,,,soc0-thermal,51.968
1780554408.1931105,,,soc1-thermal,51.593
1780554408.1931105,,,soc2-thermal,51.5
1780554408.1931105,,,tj-thermal,53.656
1780554408.2987776,VDD_IN,4976.0,,
1780554408.2987776,VDD_CPU_GPU_CV,1192.32,,
1780554408.2987776,VDD_SOC,1470.528,,
1780554408.2987776,,,cpu-thermal,53.468
1780554408.2987776,,,gpu-thermal,53.937
1780554408.2987776,,,soc0-thermal,52.0
1780554408.2987776,,,soc1-thermal,51.593
1780554408.2987776,,,soc2-thermal,51.531
1780554408.2987776,,,tj-thermal,53.937
1780554408.4044576,VDD_IN,5015.808,,
1780554408.4044576,VDD_CPU_GPU_CV,1192.32,,
1780554408.4044576,VDD_SOC,1470.528,,
1780554408.4044576,,,cpu-thermal,53.656
1780554408.4044576,,,gpu-thermal,53.75
1780554408.4044576,,,soc0-thermal,51.875
1780554408.4044576,,,soc1-thermal,51.406
1780554408.4044576,,,soc2-thermal,51.531
1780554408.4044576,,,tj-thermal,53.75
1780554408.5101223,VDD_IN,5007.744,,
1780554408.5101223,VDD_CPU_GPU_CV,1190.4,,
1780554408.5101223,VDD_SOC,1470.528,,
1780554408.5101223,,,cpu-thermal,53.281
1780554408.5101223,,,gpu-thermal,53.75
1780554408.5101223,,,soc0-thermal,51.937
1780554408.5101223,,,soc1-thermal,51.375
1780554408.5101223,,,soc2-thermal,51.468
1780554408.5101223,,,tj-thermal,53.75
1780554408.6157498,VDD_IN,5007.744,,
1780554408.6157498,VDD_CPU_GPU_CV,1190.4,,
1780554408.6157498,VDD_SOC,1470.528,,
1780554408.6157498,,,cpu-thermal,53.406
1780554408.6157498,,,gpu-thermal,53.875
1780554408.6157498,,,soc0-thermal,52.0
1780554408.6157498,,,soc1-thermal,51.531
1780554408.6157498,,,soc2-thermal,51.5
1780554408.6157498,,,tj-thermal,53.593
1780554408.7213497,VDD_IN,5007.744,,
1780554408.7213497,VDD_CPU_GPU_CV,1230.08,,
1780554408.7213497,VDD_SOC,1470.528,,
1780554408.7213497,,,cpu-thermal,53.437
1780554408.7213497,,,gpu-thermal,53.75
1780554408.7213497,,,soc0-thermal,52.125
1780554408.7213497,,,soc1-thermal,51.25
1780554408.7213497,,,soc2-thermal,51.531
1780554408.7213497,,,tj-thermal,53.625
1780554408.82735,VDD_IN,4976.0,,
1780554408.82735,VDD_CPU_GPU_CV,1192.32,,
1780554408.82735,VDD_SOC,1470.528,,
1780554408.82735,,,cpu-thermal,53.531
1780554408.82735,,,gpu-thermal,53.687
1780554408.82735,,,soc0-thermal,51.875
1780554408.82735,,,soc1-thermal,51.281
1780554408.82735,,,soc2-thermal,51.437
1780554408.82735,,,tj-thermal,53.687
1780554408.932852,VDD_IN,4896.384,,
1780554408.932852,VDD_CPU_GPU_CV,1152.576,,
1780554408.932852,VDD_SOC,1433.088,,
1780554408.932852,,,cpu-thermal,53.218
1780554408.932852,,,gpu-thermal,53.593
1780554408.932852,,,soc0-thermal,51.906
1780554408.932852,,,soc1-thermal,51.406
1780554408.932852,,,soc2-thermal,51.437
1780554408.932852,,,tj-thermal,53.593
1780554409.0380383,VDD_IN,4896.384,,
1780554409.0380383,VDD_CPU_GPU_CV,1114.624,,
1780554409.0380383,VDD_SOC,1433.088,,
1780554409.0380383,,,cpu-thermal,53.312
1780554409.0380383,,,gpu-thermal,53.593
1780554409.0380383,,,soc0-thermal,51.906
1780554409.0380383,,,soc1-thermal,51.468
1780554409.0380383,,,soc2-thermal,51.468
1780554409.0380383,,,tj-thermal,53.593
1780554409.1438246,VDD_IN,4936.192,,
1780554409.1438246,VDD_CPU_GPU_CV,1152.576,,
1780554409.1438246,VDD_SOC,1472.896,,
1780554409.1438246,,,cpu-thermal,53.406
1780554409.1438246,,,gpu-thermal,53.562
1780554409.1438246,,,soc0-thermal,52.062
1780554409.1438246,,,soc1-thermal,51.406
1780554409.1438246,,,soc2-thermal,51.562
1780554409.1438246,,,tj-thermal,53.937
1780554409.2494268,VDD_IN,4976.0,,
1780554409.2494268,VDD_CPU_GPU_CV,1152.576,,
1780554409.2494268,VDD_SOC,1472.896,,
1780554409.2494268,,,cpu-thermal,53.437
1780554409.2494268,,,gpu-thermal,53.5
1780554409.2494268,,,soc0-thermal,51.812
1780554409.2494268,,,soc1-thermal,51.406
1780554409.2494268,,,soc2-thermal,51.406
1780554409.2494268,,,tj-thermal,53.5
1780554409.3551862,VDD_IN,4976.0,,
1780554409.3551862,VDD_CPU_GPU_CV,1192.32,,
1780554409.3551862,VDD_SOC,1470.528,,
1780554409.3551862,,,cpu-thermal,53.156
1780554409.3551862,,,gpu-thermal,53.562
1780554409.3551862,,,soc0-thermal,51.937
1780554409.3551862,,,soc1-thermal,51.437
1780554409.3551862,,,soc2-thermal,51.406
1780554409.3551862,,,tj-thermal,53.562
1780554409.4611328,VDD_IN,5015.808,,
1780554409.4611328,VDD_CPU_GPU_CV,1192.32,,
1780554409.4611328,VDD_SOC,1470.528,,
1780554409.4611328,,,cpu-thermal,53.187
1780554409.4611328,,,gpu-thermal,53.906
1780554409.4611328,,,soc0-thermal,51.968
1780554409.4611328,,,soc1-thermal,51.406
1780554409.4611328,,,soc2-thermal,51.531
1780554409.4611328,,,tj-thermal,53.906
1780554409.5667403,VDD_IN,5015.808,,
1780554409.5667403,VDD_CPU_GPU_CV,1192.32,,
1780554409.5667403,VDD_SOC,1470.528,,
1780554409.5667403,,,cpu-thermal,53.281
1780554409.5667403,,,gpu-thermal,53.75
1780554409.5667403,,,soc0-thermal,51.906
1780554409.5667403,,,soc1-thermal,51.375
1780554409.5667403,,,soc2-thermal,51.375
1780554409.5667403,,,tj-thermal,53.75
1780554409.6724923,VDD_IN,5007.744,,
1780554409.6724923,VDD_CPU_GPU_CV,1192.32,,
1780554409.6724923,VDD_SOC,1470.528,,
1780554409.6724923,,,cpu-thermal,53.125
1780554409.6724923,,,gpu-thermal,53.593
1780554409.6724923,,,soc0-thermal,51.718
1780554409.6724923,,,soc1-thermal,51.281
1780554409.6724923,,,soc2-thermal,51.406
1780554409.6724923,,,tj-thermal,53.593
1780554409.778241,VDD_IN,5007.744,,
1780554409.778241,VDD_CPU_GPU_CV,1192.32,,
1780554409.778241,VDD_SOC,1470.528,,
1780554409.778241,,,cpu-thermal,53.125
1780554409.778241,,,gpu-thermal,53.843
1780554409.778241,,,soc0-thermal,51.906
1780554409.778241,,,soc1-thermal,51.437
1780554409.778241,,,soc2-thermal,51.406
1780554409.778241,,,tj-thermal,53.5
1780554409.883849,VDD_IN,4936.192,,
1780554409.883849,VDD_CPU_GPU_CV,1152.576,,
1780554409.883849,VDD_SOC,1472.896,,
1780554409.883849,,,cpu-thermal,53.125
1780554409.883849,,,gpu-thermal,53.687
1780554409.883849,,,soc0-thermal,51.875
1780554409.883849,,,soc1-thermal,51.187
1780554409.883849,,,soc2-thermal,51.5
1780554409.883849,,,tj-thermal,53.687
1780554409.989237,VDD_IN,4896.384,,
1780554409.989237,VDD_CPU_GPU_CV,1114.624,,
1780554409.989237,VDD_SOC,1433.088,,
1780554409.989237,,,cpu-thermal,53.062
1780554409.989237,,,gpu-thermal,53.625
1780554409.989237,,,soc0-thermal,51.843
1780554409.989237,,,soc1-thermal,51.312
1780554409.989237,,,soc2-thermal,51.312
1780554409.989237,,,tj-thermal,53.625
1780554410.0945208,VDD_IN,4896.384,,
1780554410.0945208,VDD_CPU_GPU_CV,1152.576,,
1780554410.0945208,VDD_SOC,1433.088,,
1780554410.0945208,,,cpu-thermal,53.093
1780554410.0945208,,,gpu-thermal,53.468
1780554410.0945208,,,soc0-thermal,51.75
1780554410.0945208,,,soc1-thermal,51.281
1780554410.0945208,,,soc2-thermal,51.406
1780554410.0945208,,,tj-thermal,53.468
1780554410.2003305,VDD_IN,4976.0,,
1780554410.2003305,VDD_CPU_GPU_CV,1152.576,,
1780554410.2003305,VDD_SOC,1472.896,,
1780554410.2003305,,,cpu-thermal,53.093
1780554410.2003305,,,gpu-thermal,53.656
1780554410.2003305,,,soc0-thermal,51.843
1780554410.2003305,,,soc1-thermal,51.343
1780554410.2003305,,,soc2-thermal,51.375
1780554410.2003305,,,tj-thermal,53.531
1780554410.306086,VDD_IN,5015.808,,
1780554410.306086,VDD_CPU_GPU_CV,1192.32,,
1780554410.306086,VDD_SOC,1470.528,,
1780554410.306086,,,cpu-thermal,53.5
1780554410.306086,,,gpu-thermal,53.593
1780554410.306086,,,soc0-thermal,51.968
1780554410.306086,,,soc1-thermal,51.156
1780554410.306086,,,soc2-thermal,51.437
1780554410.306086,,,tj-thermal,53.875
1780554410.4120264,VDD_IN,5007.744,,
1780554410.4120264,VDD_CPU_GPU_CV,1192.32,,
1780554410.4120264,VDD_SOC,1470.528,,
1780554410.4120264,,,cpu-thermal,53.093
1780554410.4120264,,,gpu-thermal,53.5
1780554410.4120264,,,soc0-thermal,51.781
1780554410.4120264,,,soc1-thermal,51.25
1780554410.4120264,,,soc2-thermal,51.343
1780554410.4120264,,,tj-thermal,53.5
1780554410.5177214,VDD_IN,5007.744,,
1780554410.5177214,VDD_CPU_GPU_CV,1192.32,,
1780554410.5177214,VDD_SOC,1470.528,,
1780554410.5177214,,,cpu-thermal,53.031
1780554410.5177214,,,gpu-thermal,53.375
1780554410.5177214,,,soc0-thermal,51.843
1780554410.5177214,,,soc1-thermal,51.343
1780554410.5177214,,,soc2-thermal,51.375
1780554410.5177214,,,tj-thermal,53.375
1780554410.6239426,VDD_IN,5007.744,,
1780554410.6239426,VDD_CPU_GPU_CV,1230.08,,
1780554410.6239426,VDD_SOC,1470.528,,
1780554410.6239426,,,cpu-thermal,53.312
1780554410.6239426,,,gpu-thermal,53.843
1780554410.6239426,,,soc0-thermal,51.843
1780554410.6239426,,,soc1-thermal,51.25
1780554410.6239426,,,soc2-thermal,51.406
1780554410.6239426,,,tj-thermal,53.843
1780554410.730003,VDD_IN,5047.488,,
1780554410.730003,VDD_CPU_GPU_CV,1230.08,,
1780554410.730003,VDD_SOC,1470.528,,
1780554410.730003,,,cpu-thermal,53.343
1780554410.730003,,,gpu-thermal,53.656
1780554410.730003,,,soc0-thermal,51.718
1780554410.730003,,,soc1-thermal,51.187
1780554410.730003,,,soc2-thermal,51.312
1780554410.730003,,,tj-thermal,53.656
1780554410.8357205,VDD_IN,4976.0,,
1780554410.8357205,VDD_CPU_GPU_CV,1192.32,,
1780554410.8357205,VDD_SOC,1470.528,,
1780554410.8357205,,,cpu-thermal,53.468
1780554410.8357205,,,gpu-thermal,53.5
1780554410.8357205,,,soc0-thermal,51.687
1780554410.8357205,,,soc1-thermal,51.25
1780554410.8357205,,,soc2-thermal,51.218
1780554410.8357205,,,tj-thermal,53.5
1780554410.9412518,VDD_IN,4896.384,,
1780554410.9412518,VDD_CPU_GPU_CV,1152.576,,
1780554410.9412518,VDD_SOC,1433.088,,
1780554410.9412518,,,cpu-thermal,53.125
1780554410.9412518,,,gpu-thermal,53.687
1780554410.9412518,,,soc0-thermal,51.687
1780554410.9412518,,,soc1-thermal,51.343
1780554410.9412518,,,soc2-thermal,51.25
1780554410.9412518,,,tj-thermal,53.468
1780554411.0465086,VDD_IN,4896.384,,
1780554411.0465086,VDD_CPU_GPU_CV,1154.432,,
1780554411.0465086,VDD_SOC,1433.088,,
1780554411.0465086,,,cpu-thermal,53.312
1780554411.0465086,,,gpu-thermal,53.625
1780554411.0465086,,,soc0-thermal,51.843
1780554411.0465086,,,soc1-thermal,51.156
1780554411.0465086,,,soc2-thermal,51.375
1780554411.0465086,,,tj-thermal,53.625
1780554411.1521733,VDD_IN,4936.192,,
1780554411.1521733,VDD_CPU_GPU_CV,1152.576,,
1780554411.1521733,VDD_SOC,1472.896,,
1780554411.1521733,,,cpu-thermal,53.25
1780554411.1521733,,,gpu-thermal,53.562
1780554411.1521733,,,soc0-thermal,51.656
1780554411.1521733,,,soc1-thermal,51.25
1780554411.1521733,,,soc2-thermal,51.281
1780554411.1521733,,,tj-thermal,53.562
1780554411.2580209,VDD_IN,4976.0,,
1780554411.2580209,VDD_CPU_GPU_CV,1192.32,,
1780554411.2580209,VDD_SOC,1472.896,,
1780554411.2580209,,,cpu-thermal,53.031
1780554411.2580209,,,gpu-thermal,53.375
1780554411.2580209,,,soc0-thermal,51.781
1780554411.2580209,,,soc1-thermal,51.312
1780554411.2580209,,,soc2-thermal,51.187
1780554411.2580209,,,tj-thermal,53.375
1780554411.364001,VDD_IN,4976.0,,
1780554411.364001,VDD_CPU_GPU_CV,1192.32,,
1780554411.364001,VDD_SOC,1472.896,,
1780554411.364001,,,cpu-thermal,53.125
1780554411.364001,,,gpu-thermal,53.406
1780554411.364001,,,soc0-thermal,51.75
1780554411.364001,,,soc1-thermal,51.156
1780554411.364001,,,soc2-thermal,51.281
1780554411.364001,,,tj-thermal,53.406
1780554411.46974,VDD_IN,4976.0,,
1780554411.46974,VDD_CPU_GPU_CV,1192.32,,
1780554411.46974,VDD_SOC,1470.528,,
1780554411.46974,,,cpu-thermal,53.156
1780554411.46974,,,gpu-thermal,53.312
1780554411.46974,,,soc0-thermal,51.843
1780554411.46974,,,soc1-thermal,51.218
1780554411.46974,,,soc2-thermal,51.343
1780554411.46974,,,tj-thermal,53.312
1780554411.5757406,VDD_IN,5007.744,,
1780554411.5757406,VDD_CPU_GPU_CV,1192.32,,
1780554411.5757406,VDD_SOC,1470.528,,
1780554411.5757406,,,cpu-thermal,52.968
1780554411.5757406,,,gpu-thermal,53.375
1780554411.5757406,,,soc0-thermal,51.718
1780554411.5757406,,,soc1-thermal,51.25
1780554411.5757406,,,soc2-thermal,51.343
1780554411.5757406,,,tj-thermal,53.656
1780554411.6813722,VDD_IN,5007.744,,
1780554411.6813722,VDD_CPU_GPU_CV,1192.32,,
1780554411.6813722,VDD_SOC,1470.528,,
1780554411.6813722,,,cpu-thermal,53.062
1780554411.6813722,,,gpu-thermal,53.281
1780554411.6813722,,,soc0-thermal,51.781
1780554411.6813722,,,soc1-thermal,51.375
1780554411.6813722,,,soc2-thermal,51.25
1780554411.6813722,,,tj-thermal,53.281
1780554411.7870076,VDD_IN,5015.808,,
1780554411.7870076,VDD_CPU_GPU_CV,1192.32,,
1780554411.7870076,VDD_SOC,1470.528,,
1780554411.7870076,,,cpu-thermal,53.093
1780554411.7870076,,,gpu-thermal,53.718
1780554411.7870076,,,soc0-thermal,51.687
1780554411.7870076,,,soc1-thermal,51.343
1780554411.7870076,,,soc2-thermal,51.281
1780554411.7870076,,,tj-thermal,53.718
1780554411.8926284,VDD_IN,4936.192,,
1780554411.8926284,VDD_CPU_GPU_CV,1152.576,,
1780554411.8926284,VDD_SOC,1472.896,,
1780554411.8926284,,,cpu-thermal,52.906
1780554411.8926284,,,gpu-thermal,53.593
1780554411.8926284,,,soc0-thermal,51.718
1780554411.8926284,,,soc1-thermal,51.125
1780554411.8926284,,,soc2-thermal,51.218
1780554411.8926284,,,tj-thermal,53.593
1780554411.9978068,VDD_IN,4904.256,,
1780554411.9978068,VDD_CPU_GPU_CV,1114.624,,
1780554411.9978068,VDD_SOC,1433.088,,
1780554411.9978068,,,cpu-thermal,52.906
1780554411.9978068,,,gpu-thermal,53.281
1780554411.9978068,,,soc0-thermal,51.656
1780554411.9978068,,,soc1-thermal,51.156
1780554411.9978068,,,soc2-thermal,51.218
1780554411.9978068,,,tj-thermal,53.406
1780554412.103219,VDD_IN,4936.192,,
1780554412.103219,VDD_CPU_GPU_CV,1152.576,,
1780554412.103219,VDD_SOC,1472.896,,
1780554412.103219,,,cpu-thermal,53.0
1780554412.103219,,,gpu-thermal,53.625
1780554412.103219,,,soc0-thermal,51.75
1780554412.103219,,,soc1-thermal,51.281
1780554412.103219,,,soc2-thermal,51.187
1780554412.103219,,,tj-thermal,53.406
1780554412.2089686,VDD_IN,4936.192,,
1780554412.2089686,VDD_CPU_GPU_CV,1152.576,,
1780554412.2089686,VDD_SOC,1472.896,,
1780554412.2089686,,,cpu-thermal,53.281
1780554412.2089686,,,gpu-thermal,53.531
1780554412.2089686,,,soc0-thermal,51.75
1780554412.2089686,,,soc1-thermal,51.156
1780554412.2089686,,,soc2-thermal,51.25
1780554412.2089686,,,tj-thermal,53.531
1780554412.3146122,VDD_IN,4976.0,,
1780554412.3146122,VDD_CPU_GPU_CV,1192.32,,
1780554412.3146122,VDD_SOC,1472.896,,
1780554412.3146122,,,cpu-thermal,52.875
1780554412.3146122,,,gpu-thermal,53.375
1780554412.3146122,,,soc0-thermal,51.656
1780554412.3146122,,,soc1-thermal,51.125
1780554412.3146122,,,soc2-thermal,51.218
1780554412.3146122,,,tj-thermal,53.375
1780554412.4202511,VDD_IN,4976.0,,
1780554412.4202511,VDD_CPU_GPU_CV,1192.32,,
1780554412.4202511,VDD_SOC,1470.528,,
1780554412.4202511,,,cpu-thermal,52.906
1780554412.4202511,,,gpu-thermal,53.375
1780554412.4202511,,,soc0-thermal,51.656
1780554412.4202511,,,soc1-thermal,51.156
1780554412.4202511,,,soc2-thermal,51.156
1780554412.4202511,,,tj-thermal,53.375
1780554412.5261273,VDD_IN,5007.744,,
1780554412.5261273,VDD_CPU_GPU_CV,1192.32,,
1780554412.5261273,VDD_SOC,1470.528,,
1780554412.5261273,,,cpu-thermal,53.0
1780554412.5261273,,,gpu-thermal,53.25
1780554412.5261273,,,soc0-thermal,51.656
1780554412.5261273,,,soc1-thermal,51.187
1780554412.5261273,,,soc2-thermal,51.218
1780554412.5261273,,,tj-thermal,53.25
1780554412.6316283,VDD_IN,5007.744,,
1780554412.6316283,VDD_CPU_GPU_CV,1192.32,,
1780554412.6316283,VDD_SOC,1470.528,,
1780554412.6316283,,,cpu-thermal,53.187
1780554412.6316283,,,gpu-thermal,53.406
1780554412.6316283,,,soc0-thermal,51.687
1780554412.6316283,,,soc1-thermal,51.062
1780554412.6316283,,,soc2-thermal,51.25
1780554412.6316283,,,tj-thermal,53.218
1780554412.7371037,VDD_IN,5007.744,,
1780554412.7371037,VDD_CPU_GPU_CV,1230.08,,
1780554412.7371037,VDD_SOC,1470.528,,
1780554412.7371037,,,cpu-thermal,53.406
1780554412.7371037,,,gpu-thermal,53.312
1780554412.7371037,,,soc0-thermal,51.656
1780554412.7371037,,,soc1-thermal,51.093
1780554412.7371037,,,soc2-thermal,51.218
1780554412.7371037,,,tj-thermal,53.406
1780554412.8426392,VDD_IN,4976.0,,
1780554412.8426392,VDD_CPU_GPU_CV,1192.32,,
1780554412.8426392,VDD_SOC,1470.528,,
1780554412.8426392,,,cpu-thermal,52.906
1780554412.8426392,,,gpu-thermal,53.187
1780554412.8426392,,,soc0-thermal,51.593
1780554412.8426392,,,soc1-thermal,51.156
1780554412.8426392,,,soc2-thermal,51.125
1780554412.8426392,,,tj-thermal,53.187
1780554412.948091,VDD_IN,4896.384,,
1780554412.948091,VDD_CPU_GPU_CV,1152.576,,
1780554412.948091,VDD_SOC,1433.088,,
1780554412.948091,,,cpu-thermal,53.031
1780554412.948091,,,gpu-thermal,53.593
1780554412.948091,,,soc0-thermal,51.625
1780554412.948091,,,soc1-thermal,51.25
1780554412.948091,,,soc2-thermal,51.218
1780554412.948091,,,tj-thermal,53.593
1780554413.0532496,VDD_IN,4896.384,,
1780554413.0532496,VDD_CPU_GPU_CV,1114.624,,
1780554413.0532496,VDD_SOC,1433.088,,
1780554413.0532496,,,cpu-thermal,53.125
1780554413.0532496,,,gpu-thermal,53.281
1780554413.0532496,,,soc0-thermal,51.781
1780554413.0532496,,,soc1-thermal,51.031
1780554413.0532496,,,soc2-thermal,51.218
1780554413.0532496,,,tj-thermal,53.531
1780554413.1587586,VDD_IN,4936.192,,
1780554413.1587586,VDD_CPU_GPU_CV,1152.576,,
1780554413.1587586,VDD_SOC,1472.896,,
1780554413.1587586,,,cpu-thermal,53.281
1780554413.1587586,,,gpu-thermal,53.156
1780554413.1587586,,,soc0-thermal,51.531
1780554413.1587586,,,soc1-thermal,51.031
1780554413.1587586,,,soc2-thermal,51.125
1780554413.1587586,,,tj-thermal,53.281
1780554413.2642741,VDD_IN,4976.0,,
1780554413.2642741,VDD_CPU_GPU_CV,1192.32,,
1780554413.2642741,VDD_SOC,1472.896,,
1780554413.2642741,,,cpu-thermal,53.031
1780554413.2642741,,,gpu-thermal,53.656
1780554413.2642741,,,soc0-thermal,51.687
1780554413.2642741,,,soc1-thermal,51.093
1780554413.2642741,,,soc2-thermal,51.156
1780554413.2642741,,,tj-thermal,53.656
1780554413.3698728,VDD_IN,4976.0,,
1780554413.3698728,VDD_CPU_GPU_CV,1192.32,,
1780554413.3698728,VDD_SOC,1470.528,,
1780554413.3698728,,,cpu-thermal,53.0
1780554413.3698728,,,gpu-thermal,53.468
1780554413.3698728,,,soc0-thermal,51.718
1780554413.3698728,,,soc1-thermal,51.187
1780554413.3698728,,,soc2-thermal,51.187
1780554413.3698728,,,tj-thermal,53.468
1780554413.4757895,VDD_IN,5007.744,,
1780554413.4757895,VDD_CPU_GPU_CV,1192.32,,
1780554413.4757895,VDD_SOC,1470.528,,
1780554413.4757895,,,cpu-thermal,53.062
1780554413.4757895,,,gpu-thermal,53.375
1780554413.4757895,,,soc0-thermal,51.531
1780554413.4757895,,,soc1-thermal,51.031
1780554413.4757895,,,soc2-thermal,51.093
1780554413.4757895,,,tj-thermal,53.375
1780554413.5814977,VDD_IN,5007.744,,
1780554413.5814977,VDD_CPU_GPU_CV,1190.4,,
1780554413.5814977,VDD_SOC,1470.528,,
1780554413.5814977,,,cpu-thermal,52.843
1780554413.5814977,,,gpu-thermal,53.625
1780554413.5814977,,,soc0-thermal,51.531
1780554413.5814977,,,soc1-thermal,51.031
1780554413.5814977,,,soc2-thermal,51.031
1780554413.5814977,,,tj-thermal,53.218
1780554413.687169,VDD_IN,5007.744,,
1780554413.687169,VDD_CPU_GPU_CV,1230.08,,
1780554413.687169,VDD_SOC,1470.528,,
1780554413.687169,,,cpu-thermal,52.937
1780554413.687169,,,gpu-thermal,53.312
1780554413.687169,,,soc0-thermal,51.562
1780554413.687169,,,soc1-thermal,51.062
1780554413.687169,,,soc2-thermal,51.125
1780554413.687169,,,tj-thermal,53.312
1780554413.7931576,VDD_IN,5365.44,,
1780554413.7931576,VDD_CPU_GPU_CV,1428.48,,
1780554413.7931576,VDD_SOC,1507.84,,
1780554413.7931576,,,cpu-thermal,52.968
1780554413.7931576,,,gpu-thermal,53.625
1780554413.7931576,,,soc0-thermal,51.656
1780554413.7931576,,,soc1-thermal,51.0
1780554413.7931576,,,soc2-thermal,51.125
1780554413.7931576,,,tj-thermal,53.625
1780554413.8989463,VDD_IN,6378.176,,
1780554413.8989463,VDD_CPU_GPU_CV,2017.152,,
1780554413.8989463,VDD_SOC,1663.872,,
1780554413.8989463,,,cpu-thermal,52.781
1780554413.8989463,,,gpu-thermal,53.843
1780554413.8989463,,,soc0-thermal,51.531
1780554413.8989463,,,soc1-thermal,51.0
1780554413.8989463,,,soc2-thermal,51.187
1780554413.8989463,,,tj-thermal,53.843
1780554414.0048087,VDD_IN,6972.416,,
1780554414.0048087,VDD_CPU_GPU_CV,2369.28,,
1780554414.0048087,VDD_SOC,1740.288,,
1780554414.0048087,,,cpu-thermal,52.937
1780554414.0048087,,,gpu-thermal,53.812
1780554414.0048087,,,soc0-thermal,51.468
1780554414.0048087,,,soc1-thermal,51.093
1780554414.0048087,,,soc2-thermal,51.281
1780554414.0048087,,,tj-thermal,53.812
1780554414.1105814,VDD_IN,7277.568,,
1780554414.1105814,VDD_CPU_GPU_CV,2527.232,,
1780554414.1105814,VDD_SOC,1819.392,,
1780554414.1105814,,,cpu-thermal,52.968
1780554414.1105814,,,gpu-thermal,54.156
1780554414.1105814,,,soc0-thermal,51.656
1780554414.1105814,,,soc1-thermal,51.156
1780554414.1105814,,,soc2-thermal,51.343
1780554414.1105814,,,tj-thermal,54.156
1780554414.216926,VDD_IN,7502.72,,
1780554414.216926,VDD_CPU_GPU_CV,2680.832,,
1780554414.216926,VDD_SOC,1855.936,,
1780554414.216926,,,cpu-thermal,52.937
1780554414.216926,,,gpu-thermal,54.062
1780554414.216926,,,soc0-thermal,51.562
1780554414.216926,,,soc1-thermal,51.031
1780554414.216926,,,soc2-thermal,51.343
1780554414.216926,,,tj-thermal,54.062
1780554414.3225565,VDD_IN,7700.16,,
1780554414.3225565,VDD_CPU_GPU_CV,2799.104,,
1780554414.3225565,VDD_SOC,1855.936,,
1780554414.3225565,,,cpu-thermal,53.125
1780554414.3225565,,,gpu-thermal,53.781
1780554414.3225565,,,soc0-thermal,51.593
1780554414.3225565,,,soc1-thermal,51.031
1780554414.3225565,,,soc2-thermal,51.343
1780554414.3225565,,,tj-thermal,53.968
1780554414.4291513,VDD_IN,7858.112,,
1780554414.4291513,VDD_CPU_GPU_CV,2912.64,,
1780554414.4291513,VDD_SOC,1892.352,,
1780554414.4291513,,,cpu-thermal,53.031
1780554414.4291513,,,gpu-thermal,54.187
1780554414.4291513,,,soc0-thermal,51.625
1780554414.4291513,,,soc1-thermal,51.187
1780554414.4291513,,,soc2-thermal,51.343
1780554414.4291513,,,tj-thermal,53.937
1780554414.5350165,VDD_IN,7963.648,,
1780554414.5350165,VDD_CPU_GPU_CV,2952.0,,
1780554414.5350165,VDD_SOC,1892.352,,
1780554414.5350165,,,cpu-thermal,53.343
1780554414.5350165,,,gpu-thermal,54.156
1780554414.5350165,,,soc0-thermal,51.718
1780554414.5350165,,,soc1-thermal,51.0
1780554414.5350165,,,soc2-thermal,51.437
1780554414.5350165,,,tj-thermal,53.875
1780554414.640963,VDD_IN,8042.496,,
1780554414.640963,VDD_CPU_GPU_CV,3030.72,,
1780554414.640963,VDD_SOC,1931.776,,
1780554414.640963,,,cpu-thermal,53.437
1780554414.640963,,,gpu-thermal,54.031
1780554414.640963,,,soc0-thermal,51.562
1780554414.640963,,,soc1-thermal,51.031
1780554414.640963,,,soc2-thermal,51.312
1780554414.640963,,,tj-thermal,54.031
1780554414.7466102,VDD_IN,8081.92,,
1780554414.7466102,VDD_CPU_GPU_CV,3025.792,,
1780554414.7466102,VDD_SOC,1931.776,,
1780554414.7466102,,,cpu-thermal,53.0
1780554414.7466102,,,gpu-thermal,53.968
1780554414.7466102,,,soc0-thermal,51.625
1780554414.7466102,,,soc1-thermal,51.125
1780554414.7466102,,,soc2-thermal,51.375
1780554414.7466102,,,tj-thermal,53.968
1780554414.8523138,VDD_IN,8279.04,,
1780554414.8523138,VDD_CPU_GPU_CV,3143.68,,
1780554414.8523138,VDD_SOC,1971.2,,
1780554414.8523138,,,cpu-thermal,53.156
1780554414.8523138,,,gpu-thermal,54.062
1780554414.8523138,,,soc0-thermal,51.687
1780554414.8523138,,,soc1-thermal,50.968
1780554414.8523138,,,soc2-thermal,51.437
1780554414.8523138,,,tj-thermal,54.062
1780554414.9578583,VDD_IN,8436.736,,
1780554414.9578583,VDD_CPU_GPU_CV,3261.568,,
1780554414.9578583,VDD_SOC,1971.2,,
1780554414.9578583,,,cpu-thermal,53.25
1780554414.9578583,,,gpu-thermal,54.031
1780554414.9578583,,,soc0-thermal,51.781
1780554414.9578583,,,soc1-thermal,51.031
1780554414.9578583,,,soc2-thermal,51.437
1780554414.9578583,,,tj-thermal,54.031
1780554415.0634325,VDD_IN,8476.16,,
1780554415.0634325,VDD_CPU_GPU_CV,3261.568,,
1780554415.0634325,VDD_SOC,1971.2,,
1780554415.0634325,,,cpu-thermal,53.468
1780554415.0634325,,,gpu-thermal,54.031
1780554415.0634325,,,soc0-thermal,51.656
1780554415.0634325,,,soc1-thermal,51.031
1780554415.0634325,,,soc2-thermal,51.437
1780554415.0634325,,,tj-thermal,54.312
1780554415.1690462,VDD_IN,8436.736,,
1780554415.1690462,VDD_CPU_GPU_CV,3261.568,,
1780554415.1690462,VDD_SOC,1971.2,,
1780554415.1690462,,,cpu-thermal,53.343
1780554415.1690462,,,gpu-thermal,54.031
1780554415.1690462,,,soc0-thermal,51.687
1780554415.1690462,,,soc1-thermal,51.031
1780554415.1690462,,,soc2-thermal,51.531
1780554415.1690462,,,tj-thermal,54.031
1780554415.2747674,VDD_IN,8436.736,,
1780554415.2747674,VDD_CPU_GPU_CV,3222.272,,
1780554415.2747674,VDD_SOC,1968.0,,
1780554415.2747674,,,cpu-thermal,53.281
1780554415.2747674,,,gpu-thermal,53.968
1780554415.2747674,,,soc0-thermal,51.75
1780554415.2747674,,,soc1-thermal,51.312
1780554415.2747674,,,soc2-thermal,51.593
1780554415.2747674,,,tj-thermal,53.968
1780554415.3804057,VDD_IN,8397.312,,
1780554415.3804057,VDD_CPU_GPU_CV,3222.272,,
1780554415.3804057,VDD_SOC,1968.0,,
1780554415.3804057,,,cpu-thermal,53.343
1780554415.3804057,,,gpu-thermal,54.281
1780554415.3804057,,,soc0-thermal,51.718
1780554415.3804057,,,soc1-thermal,51.062
1780554415.3804057,,,soc2-thermal,51.406
1780554415.3804057,,,tj-thermal,54.281
1780554415.4864118,VDD_IN,8397.312,,
1780554415.4864118,VDD_CPU_GPU_CV,3222.272,,
1780554415.4864118,VDD_SOC,1968.0,,
1780554415.4864118,,,cpu-thermal,53.281
1780554415.4864118,,,gpu-thermal,54.25
1780554415.4864118,,,soc0-thermal,51.75
1780554415.4864118,,,soc1-thermal,51.125
1780554415.4864118,,,soc2-thermal,51.437
1780554415.4864118,,,tj-thermal,54.25
1780554415.5921915,VDD_IN,8397.312,,
1780554415.5921915,VDD_CPU_GPU_CV,3222.272,,
1780554415.5921915,VDD_SOC,1968.0,,
1780554415.5921915,,,cpu-thermal,53.218
1780554415.5921915,,,gpu-thermal,54.531
1780554415.5921915,,,soc0-thermal,51.75
1780554415.5921915,,,soc1-thermal,51.218
1780554415.5921915,,,soc2-thermal,51.468
1780554415.5921915,,,tj-thermal,54.125
1780554415.6978025,VDD_IN,8344.32,,
1780554415.6978025,VDD_CPU_GPU_CV,3222.272,,
1780554415.6978025,VDD_SOC,1968.0,,
1780554415.6978025,,,cpu-thermal,53.375
1780554415.6978025,,,gpu-thermal,54.312
1780554415.6978025,,,soc0-thermal,51.812
1780554415.6978025,,,soc1-thermal,51.156
1780554415.6978025,,,soc2-thermal,51.656
1780554415.6978025,,,tj-thermal,54.125
1780554415.8038578,VDD_IN,8436.736,,
1780554415.8038578,VDD_CPU_GPU_CV,3261.568,,
1780554415.8038578,VDD_SOC,1968.0,,
1780554415.8038578,,,cpu-thermal,53.125
1780554415.8038578,,,gpu-thermal,54.281
1780554415.8038578,,,soc0-thermal,51.718
1780554415.8038578,,,soc1-thermal,51.125
1780554415.8038578,,,soc2-thermal,51.5
1780554415.8038578,,,tj-thermal,54.281
1780554415.9095132,VDD_IN,8555.008,,
1780554415.9095132,VDD_CPU_GPU_CV,3340.16,,
1780554415.9095132,VDD_SOC,2007.36,,
1780554415.9095132,,,cpu-thermal,53.187
1780554415.9095132,,,gpu-thermal,54.187
1780554415.9095132,,,soc0-thermal,51.687
1780554415.9095132,,,soc1-thermal,51.156
1780554415.9095132,,,soc2-thermal,51.625
1780554415.9095132,,,tj-thermal,54.187
1780554416.014852,VDD_IN,8673.28,,
1780554416.014852,VDD_CPU_GPU_CV,3379.456,,
1780554416.014852,VDD_SOC,2007.36,,
1780554416.014852,,,cpu-thermal,53.375
1780554416.014852,,,gpu-thermal,54.187
1780554416.014852,,,soc0-thermal,51.781
1780554416.014852,,,soc1-thermal,51.187
1780554416.014852,,,soc2-thermal,51.625
1780554416.014852,,,tj-thermal,54.187
1780554416.1204429,VDD_IN,8594.432,,
1780554416.1204429,VDD_CPU_GPU_CV,3340.16,,
1780554416.1204429,VDD_SOC,2007.36,,
1780554416.1204429,,,cpu-thermal,53.218
1780554416.1204429,,,gpu-thermal,54.125
1780554416.1204429,,,soc0-thermal,51.75
1780554416.1204429,,,soc1-thermal,51.218
1780554416.1204429,,,soc2-thermal,51.718
1780554416.1204429,,,tj-thermal,54.125
1780554416.2261968,VDD_IN,8555.008,,
1780554416.2261968,VDD_CPU_GPU_CV,3300.864,,
1780554416.2261968,VDD_SOC,2007.36,,
1780554416.2261968,,,cpu-thermal,53.468
1780554416.2261968,,,gpu-thermal,54.218
1780554416.2261968,,,soc0-thermal,51.75
1780554416.2261968,,,soc1-thermal,51.156
1780554416.2261968,,,soc2-thermal,51.687
1780554416.2261968,,,tj-thermal,54.5
1780554416.3317544,VDD_IN,8515.584,,
1780554416.3317544,VDD_CPU_GPU_CV,3261.568,,
1780554416.3317544,VDD_SOC,2007.36,,
1780554416.3317544,,,cpu-thermal,53.281
1780554416.3317544,,,gpu-thermal,54.156
1780554416.3317544,,,soc0-thermal,51.906
1780554416.3317544,,,soc1-thermal,51.187
1780554416.3317544,,,soc2-thermal,51.625
1780554416.3317544,,,tj-thermal,54.156
1780554416.437346,VDD_IN,8462.4,,
1780554416.437346,VDD_CPU_GPU_CV,3261.568,,
1780554416.437346,VDD_SOC,1968.0,,
1780554416.437346,,,cpu-thermal,53.593
1780554416.437346,,,gpu-thermal,54.125
1780554416.437346,,,soc0-thermal,51.937
1780554416.437346,,,soc1-thermal,51.156
1780554416.437346,,,soc2-thermal,51.656
1780554416.437346,,,tj-thermal,54.125
1780554416.5431566,VDD_IN,8423.04,,
1780554416.5431566,VDD_CPU_GPU_CV,3222.272,,
1780554416.5431566,VDD_SOC,1968.0,,
1780554416.5431566,,,cpu-thermal,53.75
1780554416.5431566,,,gpu-thermal,54.437
1780554416.5431566,,,soc0-thermal,51.906
1780554416.5431566,,,soc1-thermal,51.156
1780554416.5431566,,,soc2-thermal,51.593
1780554416.5431566,,,tj-thermal,54.437
1780554416.64927,VDD_IN,8383.68,,
1780554416.64927,VDD_CPU_GPU_CV,3222.272,,
1780554416.64927,VDD_SOC,1968.0,,
1780554416.64927,,,cpu-thermal,53.281
1780554416.64927,,,gpu-thermal,54.343
1780554416.64927,,,soc0-thermal,51.906
1780554416.64927,,,soc1-thermal,51.25
1780554416.64927,,,soc2-thermal,51.593
1780554416.64927,,,tj-thermal,54.343
1780554416.7549736,VDD_IN,8383.68,,
1780554416.7549736,VDD_CPU_GPU_CV,3222.272,,
1780554416.7549736,VDD_SOC,1968.0,,
1780554416.7549736,,,cpu-thermal,53.437
1780554416.7549736,,,gpu-thermal,54.281
1780554416.7549736,,,soc0-thermal,51.812
1780554416.7549736,,,soc1-thermal,51.437
1780554416.7549736,,,soc2-thermal,51.656
1780554416.7549736,,,tj-thermal,54.281
1780554416.8611186,VDD_IN,8515.584,,
1780554416.8611186,VDD_CPU_GPU_CV,3261.568,,
1780554416.8611186,VDD_SOC,2007.36,,
1780554416.8611186,,,cpu-thermal,53.5
1780554416.8611186,,,gpu-thermal,54.5
1780554416.8611186,,,soc0-thermal,52.0
1780554416.8611186,,,soc1-thermal,51.218
1780554416.8611186,,,soc2-thermal,51.75
1780554416.8611186,,,tj-thermal,54.343
1780554416.9674566,VDD_IN,8633.856,,
1780554416.9674566,VDD_CPU_GPU_CV,3340.16,,
1780554416.9674566,VDD_SOC,2007.36,,
1780554416.9674566,,,cpu-thermal,53.812
1780554416.9674566,,,gpu-thermal,54.375
1780554416.9674566,,,soc0-thermal,51.937
1780554416.9674566,,,soc1-thermal,51.218
1780554416.9674566,,,soc2-thermal,51.75
1780554416.9674566,,,tj-thermal,54.343
1780554417.0734627,VDD_IN,8633.856,,
1780554417.0734627,VDD_CPU_GPU_CV,3340.16,,
1780554417.0734627,VDD_SOC,2007.36,,
1780554417.0734627,,,cpu-thermal,53.406
1780554417.0734627,,,gpu-thermal,54.375
1780554417.0734627,,,soc0-thermal,52.031
1780554417.0734627,,,soc1-thermal,51.312
1780554417.0734627,,,soc2-thermal,51.687
1780554417.0734627,,,tj-thermal,54.656
1780554417.179571,VDD_IN,8594.432,,
1780554417.179571,VDD_CPU_GPU_CV,3300.864,,
1780554417.179571,VDD_SOC,2007.36,,
1780554417.179571,,,cpu-thermal,53.468
1780554417.179571,,,gpu-thermal,54.312
1780554417.179571,,,soc0-thermal,51.937
1780554417.179571,,,soc1-thermal,51.312
1780554417.179571,,,soc2-thermal,51.812
1780554417.179571,,,tj-thermal,54.312
1780554417.2850943,VDD_IN,8515.584,,
1780554417.2850943,VDD_CPU_GPU_CV,3300.864,,
1780554417.2850943,VDD_SOC,2007.36,,
1780554417.2850943,,,cpu-thermal,53.75
1780554417.2850943,,,gpu-thermal,54.281
1780554417.2850943,,,soc0-thermal,51.906
1780554417.2850943,,,soc1-thermal,51.312
1780554417.2850943,,,soc2-thermal,51.718
1780554417.2850943,,,tj-thermal,54.281
1780554417.3910651,VDD_IN,8501.76,,
1780554417.3910651,VDD_CPU_GPU_CV,3261.568,,
1780554417.3910651,VDD_SOC,1968.0,,
1780554417.3910651,,,cpu-thermal,53.406
1780554417.3910651,,,gpu-thermal,54.781
1780554417.3910651,,,soc0-thermal,51.906
1780554417.3910651,,,soc1-thermal,51.375
1780554417.3910651,,,soc2-thermal,51.687
1780554417.3910651,,,tj-thermal,54.781
1780554417.497383,VDD_IN,8462.4,,
1780554417.497383,VDD_CPU_GPU_CV,3261.568,,
1780554417.497383,VDD_SOC,1968.0,,
1780554417.497383,,,cpu-thermal,53.5
1780554417.497383,,,gpu-thermal,54.5
1780554417.497383,,,soc0-thermal,52.031
1780554417.497383,,,soc1-thermal,51.5
1780554417.497383,,,soc2-thermal,51.687
1780554417.497383,,,tj-thermal,54.5
1780554417.6030471,VDD_IN,8423.04,,
1780554417.6030471,VDD_CPU_GPU_CV,3261.568,,
1780554417.6030471,VDD_SOC,1968.0,,
1780554417.6030471,,,cpu-thermal,53.531
1780554417.6030471,,,gpu-thermal,54.437
1780554417.6030471,,,soc0-thermal,52.0
1780554417.6030471,,,soc1-thermal,51.312
1780554417.6030471,,,soc2-thermal,51.687
1780554417.6030471,,,tj-thermal,54.437
1780554417.7088933,VDD_IN,8436.736,,
1780554417.7088933,VDD_CPU_GPU_CV,3222.272,,
1780554417.7088933,VDD_SOC,1968.0,,
1780554417.7088933,,,cpu-thermal,53.406
1780554417.7088933,,,gpu-thermal,54.437
1780554417.7088933,,,soc0-thermal,52.031
1780554417.7088933,,,soc1-thermal,51.375
1780554417.7088933,,,soc2-thermal,51.687
1780554417.7088933,,,tj-thermal,54.437
1780554417.8144457,VDD_IN,8476.16,,
1780554417.8144457,VDD_CPU_GPU_CV,3261.568,,
1780554417.8144457,VDD_SOC,1968.0,,
1780554417.8144457,,,cpu-thermal,53.468
1780554417.8144457,,,gpu-thermal,54.5
1780554417.8144457,,,soc0-thermal,52.031
1780554417.8144457,,,soc1-thermal,51.531
1780554417.8144457,,,soc2-thermal,51.812
1780554417.8144457,,,tj-thermal,54.375
1780554417.9203782,VDD_IN,8594.432,,
1780554417.9203782,VDD_CPU_GPU_CV,3340.16,,
1780554417.9203782,VDD_SOC,2007.36,,
1780554417.9203782,,,cpu-thermal,53.812
1780554417.9203782,,,gpu-thermal,54.531
1780554417.9203782,,,soc0-thermal,52.218
1780554417.9203782,,,soc1-thermal,51.312
1780554417.9203782,,,soc2-thermal,51.937
1780554417.9203782,,,tj-thermal,54.531
1780554418.0260503,VDD_IN,8673.28,,
1780554418.0260503,VDD_CPU_GPU_CV,3379.456,,
1780554418.0260503,VDD_SOC,2007.36,,
1780554418.0260503,,,cpu-thermal,53.468
1780554418.0260503,,,gpu-thermal,54.531
1780554418.0260503,,,soc0-thermal,52.0
1780554418.0260503,,,soc1-thermal,51.406
1780554418.0260503,,,soc2-thermal,51.781
1780554418.0260503,,,tj-thermal,54.531
1780554418.1315773,VDD_IN,8594.432,,
1780554418.1315773,VDD_CPU_GPU_CV,3340.16,,
1780554418.1315773,VDD_SOC,2007.36,,
1780554418.1315773,,,cpu-thermal,53.437
1780554418.1315773,,,gpu-thermal,54.406
1780554418.1315773,,,soc0-thermal,52.062
1780554418.1315773,,,soc1-thermal,51.406
1780554418.1315773,,,soc2-thermal,51.906
1780554418.1315773,,,tj-thermal,54.406
1780554418.237132,VDD_IN,8555.008,,
1780554418.237132,VDD_CPU_GPU_CV,3300.864,,
1780554418.237132,VDD_SOC,2007.36,,
1780554418.237132,,,cpu-thermal,53.75
1780554418.237132,,,gpu-thermal,54.75
1780554418.237132,,,soc0-thermal,52.093
1780554418.237132,,,soc1-thermal,51.593
1780554418.237132,,,soc2-thermal,51.937
1780554418.237132,,,tj-thermal,54.75
1780554418.3438215,VDD_IN,8501.76,,
1780554418.3438215,VDD_CPU_GPU_CV,3300.864,,
1780554418.3438215,VDD_SOC,1968.0,,
1780554418.3438215,,,cpu-thermal,53.875
1780554418.3438215,,,gpu-thermal,54.625
1780554418.3438215,,,soc0-thermal,52.156
1780554418.3438215,,,soc1-thermal,51.437
1780554418.3438215,,,soc2-thermal,51.937
1780554418.3438215,,,tj-thermal,54.625
1780554418.4494936,VDD_IN,8462.4,,
1780554418.4494936,VDD_CPU_GPU_CV,3261.568,,
1780554418.4494936,VDD_SOC,1968.0,,
1780554418.4494936,,,cpu-thermal,53.968
1780554418.4494936,,,gpu-thermal,54.375
1780554418.4494936,,,soc0-thermal,52.093
1780554418.4494936,,,soc1-thermal,51.437
1780554418.4494936,,,soc2-thermal,51.843
1780554418.4494936,,,tj-thermal,54.562
1780554418.555025,VDD_IN,8423.04,,
1780554418.555025,VDD_CPU_GPU_CV,3261.568,,
1780554418.555025,VDD_SOC,1968.0,,
1780554418.555025,,,cpu-thermal,53.625
1780554418.555025,,,gpu-thermal,54.718
1780554418.555025,,,soc0-thermal,52.093
1780554418.555025,,,soc1-thermal,51.625
1780554418.555025,,,soc2-thermal,51.906
1780554418.555025,,,tj-thermal,54.5
1780554418.6613517,VDD_IN,8423.04,,
1780554418.6613517,VDD_CPU_GPU_CV,3222.272,,
1780554418.6613517,VDD_SOC,1968.0,,
1780554418.6613517,,,cpu-thermal,53.687
1780554418.6613517,,,gpu-thermal,54.625
1780554418.6613517,,,soc0-thermal,52.156
1780554418.6613517,,,soc1-thermal,51.562
1780554418.6613517,,,soc2-thermal,52.093
1780554418.6613517,,,tj-thermal,54.625
1780554418.7670443,VDD_IN,8383.68,,
1780554418.7670443,VDD_CPU_GPU_CV,3222.272,,
1780554418.7670443,VDD_SOC,1968.0,,
1780554418.7670443,,,cpu-thermal,53.781
1780554418.7670443,,,gpu-thermal,54.468
1780554418.7670443,,,soc0-thermal,52.062
1780554418.7670443,,,soc1-thermal,51.562
1780554418.7670443,,,soc2-thermal,51.937
1780554418.7670443,,,tj-thermal,54.468
1780554418.872659,VDD_IN,8515.584,,
1780554418.872659,VDD_CPU_GPU_CV,3300.864,,
1780554418.872659,VDD_SOC,2007.36,,
1780554418.872659,,,cpu-thermal,53.562
1780554418.872659,,,gpu-thermal,54.625
1780554418.872659,,,soc0-thermal,52.125
1780554418.872659,,,soc1-thermal,51.593
1780554418.872659,,,soc2-thermal,51.906
1780554418.872659,,,tj-thermal,54.625
1780554418.978396,VDD_IN,8633.856,,
1780554418.978396,VDD_CPU_GPU_CV,3379.456,,
1780554418.978396,VDD_SOC,2007.36,,
1780554418.978396,,,cpu-thermal,53.656
1780554418.978396,,,gpu-thermal,54.593
1780554418.978396,,,soc0-thermal,52.156
1780554418.978396,,,soc1-thermal,51.656
1780554418.978396,,,soc2-thermal,52.0
1780554418.978396,,,tj-thermal,54.593
1780554419.0838327,VDD_IN,8594.432,,
1780554419.0838327,VDD_CPU_GPU_CV,3340.16,,
1780554419.0838327,VDD_SOC,2007.36,,
1780554419.0838327,,,cpu-thermal,53.812
1780554419.0838327,,,gpu-thermal,54.718
1780554419.0838327,,,soc0-thermal,52.312
1780554419.0838327,,,soc1-thermal,51.562
1780554419.0838327,,,soc2-thermal,52.125
1780554419.0838327,,,tj-thermal,54.937
1780554419.1902914,VDD_IN,8555.008,,
1780554419.1902914,VDD_CPU_GPU_CV,3340.16,,
1780554419.1902914,VDD_SOC,2007.36,,
1780554419.1902914,,,cpu-thermal,53.656
1780554419.1902914,,,gpu-thermal,54.593
1780554419.1902914,,,soc0-thermal,52.156
1780554419.1902914,,,soc1-thermal,51.593
1780554419.1902914,,,soc2-thermal,51.968
1780554419.1902914,,,tj-thermal,54.812
1780554419.2967477,VDD_IN,8515.584,,
1780554419.2967477,VDD_CPU_GPU_CV,3300.864,,
1780554419.2967477,VDD_SOC,2007.36,,
1780554419.2967477,,,cpu-thermal,53.656
1780554419.2967477,,,gpu-thermal,54.593
1780554419.2967477,,,soc0-thermal,52.218
1780554419.2967477,,,soc1-thermal,51.625
1780554419.2967477,,,soc2-thermal,52.062
1780554419.2967477,,,tj-thermal,54.718
1780554419.4029024,VDD_IN,8515.584,,
1780554419.4029024,VDD_CPU_GPU_CV,3300.864,,
1780554419.4029024,VDD_SOC,2007.36,,
1780554419.4029024,,,cpu-thermal,54.031
1780554419.4029024,,,gpu-thermal,55.0
1780554419.4029024,,,soc0-thermal,52.312
1780554419.4029024,,,soc1-thermal,51.531
1780554419.4029024,,,soc2-thermal,52.156
1780554419.4029024,,,tj-thermal,54.625
1780554419.5085847,VDD_IN,8515.584,,
1780554419.5085847,VDD_CPU_GPU_CV,3300.864,,
1780554419.5085847,VDD_SOC,2007.36,,
1780554419.5085847,,,cpu-thermal,53.75
1780554419.5085847,,,gpu-thermal,54.75
1780554419.5085847,,,soc0-thermal,52.187
1780554419.5085847,,,soc1-thermal,51.562
1780554419.5085847,,,soc2-thermal,52.093
1780554419.5085847,,,tj-thermal,54.562
1780554419.6146493,VDD_IN,8436.736,,
1780554419.6146493,VDD_CPU_GPU_CV,3261.568,,
1780554419.6146493,VDD_SOC,1968.0,,
1780554419.6146493,,,cpu-thermal,53.781
1780554419.6146493,,,gpu-thermal,54.718
1780554419.6146493,,,soc0-thermal,52.281
1780554419.6146493,,,soc1-thermal,51.656
1780554419.6146493,,,soc2-thermal,51.968
1780554419.6146493,,,tj-thermal,54.718
1780554419.7204082,VDD_IN,8436.736,,
1780554419.7204082,VDD_CPU_GPU_CV,3261.568,,
1780554419.7204082,VDD_SOC,1968.0,,
1780554419.7204082,,,cpu-thermal,53.875
1780554419.7204082,,,gpu-thermal,54.687
1780554419.7204082,,,soc0-thermal,52.218
1780554419.7204082,,,soc1-thermal,51.75
1780554419.7204082,,,soc2-thermal,52.062
1780554419.7204082,,,tj-thermal,54.687
1780554419.82611,VDD_IN,8515.584,,
1780554419.82611,VDD_CPU_GPU_CV,3300.864,,
1780554419.82611,VDD_SOC,2007.36,,
1780554419.82611,,,cpu-thermal,54.0
1780554419.82611,,,gpu-thermal,54.656
1780554419.82611,,,soc0-thermal,52.281
1780554419.82611,,,soc1-thermal,51.562
1780554419.82611,,,soc2-thermal,52.125
1780554419.82611,,,tj-thermal,54.656
1780554419.9318075,VDD_IN,8633.856,,
1780554419.9318075,VDD_CPU_GPU_CV,3379.456,,
1780554419.9318075,VDD_SOC,2010.624,,
1780554419.9318075,,,cpu-thermal,53.656
1780554419.9318075,,,gpu-thermal,54.781
1780554419.9318075,,,soc0-thermal,52.25
1780554419.9318075,,,soc1-thermal,51.656
1780554419.9318075,,,soc2-thermal,52.062
1780554419.9318075,,,tj-thermal,55.125
1780554420.0372224,VDD_IN,8673.28,,
1780554420.0372224,VDD_CPU_GPU_CV,3379.456,,
1780554420.0372224,VDD_SOC,2007.36,,
1780554420.0372224,,,cpu-thermal,53.781
1780554420.0372224,,,gpu-thermal,54.812
1780554420.0372224,,,soc0-thermal,52.25
1780554420.0372224,,,soc1-thermal,51.656
1780554420.0372224,,,soc2-thermal,52.187
1780554420.0372224,,,tj-thermal,55.031
1780554420.1430352,VDD_IN,8619.84,,
1780554420.1430352,VDD_CPU_GPU_CV,3379.456,,
1780554420.1430352,VDD_SOC,2007.36,,
1780554420.1430352,,,cpu-thermal,53.968
1780554420.1430352,,,gpu-thermal,54.718
1780554420.1430352,,,soc0-thermal,52.406
1780554420.1430352,,,soc1-thermal,51.562
1780554420.1430352,,,soc2-thermal,52.187
1780554420.1430352,,,tj-thermal,54.843
1780554420.2492936,VDD_IN,8619.84,,
1780554420.2492936,VDD_CPU_GPU_CV,3379.456,,
1780554420.2492936,VDD_SOC,2007.36,,
1780554420.2492936,,,cpu-thermal,54.062
1780554420.2492936,,,gpu-thermal,55.125
1780554420.2492936,,,soc0-thermal,52.343
1780554420.2492936,,,soc1-thermal,51.656
1780554420.2492936,,,soc2-thermal,52.156
1780554420.2492936,,,tj-thermal,55.125
1780554420.3551486,VDD_IN,8580.48,,
1780554420.3551486,VDD_CPU_GPU_CV,3340.16,,
1780554420.3551486,VDD_SOC,2007.36,,
1780554420.3551486,,,cpu-thermal,53.812
1780554420.3551486,,,gpu-thermal,54.968
1780554420.3551486,,,soc0-thermal,52.437
1780554420.3551486,,,soc1-thermal,51.687
1780554420.3551486,,,soc2-thermal,52.218
1780554420.3551486,,,tj-thermal,54.968
1780554420.4618702,VDD_IN,8541.12,,
1780554420.4618702,VDD_CPU_GPU_CV,3340.16,,
1780554420.4618702,VDD_SOC,2007.36,,
1780554420.4618702,,,cpu-thermal,53.906
1780554420.4618702,,,gpu-thermal,54.875
1780554420.4618702,,,soc0-thermal,52.375
1780554420.4618702,,,soc1-thermal,51.593
1780554420.4618702,,,soc2-thermal,52.312
1780554420.4618702,,,tj-thermal,54.875
1780554420.5676186,VDD_IN,8541.12,,
1780554420.5676186,VDD_CPU_GPU_CV,3300.864,,
1780554420.5676186,VDD_SOC,2007.36,,
1780554420.5676186,,,cpu-thermal,54.031
1780554420.5676186,,,gpu-thermal,54.875
1780554420.5676186,,,soc0-thermal,52.531
1780554420.5676186,,,soc1-thermal,51.656
1780554420.5676186,,,soc2-thermal,52.218
1780554420.5676186,,,tj-thermal,54.875
1780554420.6736753,VDD_IN,8541.12,,
1780554420.6736753,VDD_CPU_GPU_CV,3300.864,,
1780554420.6736753,VDD_SOC,2007.36,,
1780554420.6736753,,,cpu-thermal,53.843
1780554420.6736753,,,gpu-thermal,54.687
1780554420.6736753,,,soc0-thermal,52.343
1780554420.6736753,,,soc1-thermal,51.812
1780554420.6736753,,,soc2-thermal,52.093
1780554420.6736753,,,tj-thermal,54.687
1780554420.7796357,VDD_IN,8541.12,,
1780554420.7796357,VDD_CPU_GPU_CV,3300.864,,
1780554420.7796357,VDD_SOC,2007.36,,
1780554420.7796357,,,cpu-thermal,53.875
1780554420.7796357,,,gpu-thermal,54.718
1780554420.7796357,,,soc0-thermal,52.468
1780554420.7796357,,,soc1-thermal,51.968
1780554420.7796357,,,soc2-thermal,52.25
1780554420.7796357,,,tj-thermal,54.718
1780554420.8856502,VDD_IN,8619.84,,
1780554420.8856502,VDD_CPU_GPU_CV,3379.456,,
1780554420.8856502,VDD_SOC,2007.36,,
1780554420.8856502,,,cpu-thermal,53.906
1780554420.8856502,,,gpu-thermal,54.968
1780554420.8856502,,,soc0-thermal,52.5
1780554420.8856502,,,soc1-thermal,51.718
1780554420.8856502,,,soc2-thermal,52.281
1780554420.8856502,,,tj-thermal,55.156
1780554420.991021,VDD_IN,8752.128,,
1780554420.991021,VDD_CPU_GPU_CV,3418.752,,
1780554420.991021,VDD_SOC,2007.36,,
1780554420.991021,,,cpu-thermal,54.062
1780554420.991021,,,gpu-thermal,54.875
1780554420.991021,,,soc0-thermal,52.437
1780554420.991021,,,soc1-thermal,51.718
1780554420.991021,,,soc2-thermal,52.218
1780554420.991021,,,tj-thermal,54.875
1780554421.0964782,VDD_IN,8673.28,,
1780554421.0964782,VDD_CPU_GPU_CV,3418.752,,
1780554421.0964782,VDD_SOC,2007.36,,
1780554421.0964782,,,cpu-thermal,53.906
1780554421.0964782,,,gpu-thermal,54.718
1780554421.0964782,,,soc0-thermal,52.531
1780554421.0964782,,,soc1-thermal,51.906
1780554421.0964782,,,soc2-thermal,52.25
1780554421.0964782,,,tj-thermal,54.718
1780554421.2023158,VDD_IN,8633.856,,
1780554421.2023158,VDD_CPU_GPU_CV,3340.16,,
1780554421.2023158,VDD_SOC,2007.36,,
1780554421.2023158,,,cpu-thermal,53.968
1780554421.2023158,,,gpu-thermal,55.093
1780554421.2023158,,,soc0-thermal,52.468
1780554421.2023158,,,soc1-thermal,52.031
1780554421.2023158,,,soc2-thermal,52.312
1780554421.2023158,,,tj-thermal,55.093
1780554421.308579,VDD_IN,8594.432,,
1780554421.308579,VDD_CPU_GPU_CV,3340.16,,
1780554421.308579,VDD_SOC,2007.36,,
1780554421.308579,,,cpu-thermal,54.375
1780554421.308579,,,gpu-thermal,55.0
1780554421.308579,,,soc0-thermal,52.468
1780554421.308579,,,soc1-thermal,51.718
1780554421.308579,,,soc2-thermal,52.312
1780554421.308579,,,tj-thermal,55.0
1780554421.4146945,VDD_IN,8515.584,,
1780554421.4146945,VDD_CPU_GPU_CV,3300.864,,
1780554421.4146945,VDD_SOC,1968.0,,
1780554421.4146945,,,cpu-thermal,53.906
1780554421.4146945,,,gpu-thermal,54.968
1780554421.4146945,,,soc0-thermal,52.531
1780554421.4146945,,,soc1-thermal,51.812
1780554421.4146945,,,soc2-thermal,52.312
1780554421.4146945,,,tj-thermal,54.968
1780554421.5203233,VDD_IN,8476.16,,
1780554421.5203233,VDD_CPU_GPU_CV,3261.568,,
1780554421.5203233,VDD_SOC,1968.0,,
1780554421.5203233,,,cpu-thermal,54.093
1780554421.5203233,,,gpu-thermal,54.937
1780554421.5203233,,,soc0-thermal,52.625
1780554421.5203233,,,soc1-thermal,51.843
1780554421.5203233,,,soc2-thermal,52.281
1780554421.5203233,,,tj-thermal,54.937
1780554421.6266456,VDD_IN,8476.16,,
1780554421.6266456,VDD_CPU_GPU_CV,3261.568,,
1780554421.6266456,VDD_SOC,1968.0,,
1780554421.6266456,,,cpu-thermal,54.156
1780554421.6266456,,,gpu-thermal,54.781
1780554421.6266456,,,soc0-thermal,52.593
1780554421.6266456,,,soc1-thermal,51.75
1780554421.6266456,,,soc2-thermal,52.375
1780554421.6266456,,,tj-thermal,54.781
1780554421.7323422,VDD_IN,8436.736,,
1780554421.7323422,VDD_CPU_GPU_CV,3222.272,,
1780554421.7323422,VDD_SOC,1968.0,,
1780554421.7323422,,,cpu-thermal,54.281
1780554421.7323422,,,gpu-thermal,54.968
1780554421.7323422,,,soc0-thermal,52.562
1780554421.7323422,,,soc1-thermal,51.906
1780554421.7323422,,,soc2-thermal,52.281
1780554421.7323422,,,tj-thermal,55.218
1780554421.8379092,VDD_IN,8515.584,,
1780554421.8379092,VDD_CPU_GPU_CV,3261.568,,
1780554421.8379092,VDD_SOC,2007.36,,
1780554421.8379092,,,cpu-thermal,54.156
1780554421.8379092,,,gpu-thermal,54.875
1780554421.8379092,,,soc0-thermal,52.5
1780554421.8379092,,,soc1-thermal,51.937
1780554421.8379092,,,soc2-thermal,52.312
1780554421.8379092,,,tj-thermal,55.156
1780554421.9441502,VDD_IN,8633.856,,
1780554421.9441502,VDD_CPU_GPU_CV,3340.16,,
1780554421.9441502,VDD_SOC,2010.624,,
1780554421.9441502,,,cpu-thermal,54.156
1780554421.9441502,,,gpu-thermal,54.968
1780554421.9441502,,,soc0-thermal,52.625
1780554421.9441502,,,soc1-thermal,52.0
1780554421.9441502,,,soc2-thermal,52.468
1780554421.9441502,,,tj-thermal,54.968
1780554422.0499792,VDD_IN,8673.28,,
1780554422.0499792,VDD_CPU_GPU_CV,3379.456,,
1780554422.0499792,VDD_SOC,2010.624,,
1780554422.0499792,,,cpu-thermal,54.156
1780554422.0499792,,,gpu-thermal,55.156
1780554422.0499792,,,soc0-thermal,52.437
1780554422.0499792,,,soc1-thermal,51.75
1780554422.0499792,,,soc2-thermal,52.343
1780554422.0499792,,,tj-thermal,55.156
1780554422.155618,VDD_IN,8594.432,,
1780554422.155618,VDD_CPU_GPU_CV,3340.16,,
1780554422.155618,VDD_SOC,2007.36,,
1780554422.155618,,,cpu-thermal,54.062
1780554422.155618,,,gpu-thermal,55.093
1780554422.155618,,,soc0-thermal,52.656
1780554422.155618,,,soc1-thermal,52.0
1780554422.155618,,,soc2-thermal,52.375
1780554422.155618,,,tj-thermal,55.093
1780554422.262392,VDD_IN,8594.432,,
1780554422.262392,VDD_CPU_GPU_CV,3340.16,,
1780554422.262392,VDD_SOC,2007.36,,
1780554422.262392,,,cpu-thermal,54.187
1780554422.262392,,,gpu-thermal,55.093
1780554422.262392,,,soc0-thermal,52.625
1780554422.262392,,,soc1-thermal,52.125
1780554422.262392,,,soc2-thermal,52.468
1780554422.262392,,,tj-thermal,55.093
1780554422.3681157,VDD_IN,8555.008,,
1780554422.3681157,VDD_CPU_GPU_CV,3300.864,,
1780554422.3681157,VDD_SOC,2007.36,,
1780554422.3681157,,,cpu-thermal,54.218
1780554422.3681157,,,gpu-thermal,55.031
1780554422.3681157,,,soc0-thermal,52.75
1780554422.3681157,,,soc1-thermal,51.906
1780554422.3681157,,,soc2-thermal,52.437
1780554422.3681157,,,tj-thermal,55.031
1780554422.474297,VDD_IN,8515.584,,
1780554422.474297,VDD_CPU_GPU_CV,3300.864,,
1780554422.474297,VDD_SOC,2007.36,,
1780554422.474297,,,cpu-thermal,54.281
1780554422.474297,,,gpu-thermal,55.0
1780554422.474297,,,soc0-thermal,52.625
1780554422.474297,,,soc1-thermal,51.875
1780554422.474297,,,soc2-thermal,52.375
1780554422.474297,,,tj-thermal,55.0
1780554422.5803077,VDD_IN,8515.584,,
1780554422.5803077,VDD_CPU_GPU_CV,3261.568,,
1780554422.5803077,VDD_SOC,1968.0,,
1780554422.5803077,,,cpu-thermal,54.093
1780554422.5803077,,,gpu-thermal,55.125
1780554422.5803077,,,soc0-thermal,52.656
1780554422.5803077,,,soc1-thermal,52.062
1780554422.5803077,,,soc2-thermal,52.5
1780554422.5803077,,,tj-thermal,55.406
1780554422.6864474,VDD_IN,8436.736,,
1780554422.6864474,VDD_CPU_GPU_CV,3261.568,,
1780554422.6864474,VDD_SOC,1968.0,,
1780554422.6864474,,,cpu-thermal,54.375
1780554422.6864474,,,gpu-thermal,55.0
1780554422.6864474,,,soc0-thermal,52.781
1780554422.6864474,,,soc1-thermal,51.937
1780554422.6864474,,,soc2-thermal,52.593
1780554422.6864474,,,tj-thermal,55.218
1780554422.7921104,VDD_IN,8476.16,,
1780554422.7921104,VDD_CPU_GPU_CV,3261.568,,
1780554422.7921104,VDD_SOC,1968.0,,
1780554422.7921104,,,cpu-thermal,54.468
1780554422.7921104,,,gpu-thermal,55.093
1780554422.7921104,,,soc0-thermal,52.593
1780554422.7921104,,,soc1-thermal,52.031
1780554422.7921104,,,soc2-thermal,52.312
1780554422.7921104,,,tj-thermal,55.093
1780554422.897676,VDD_IN,8594.432,,
1780554422.897676,VDD_CPU_GPU_CV,3340.16,,
1780554422.897676,VDD_SOC,2007.36,,
1780554422.897676,,,cpu-thermal,54.062
1780554422.897676,,,gpu-thermal,55.5
1780554422.897676,,,soc0-thermal,52.75
1780554422.897676,,,soc1-thermal,52.093
1780554422.897676,,,soc2-thermal,52.437
1780554422.897676,,,tj-thermal,55.5
1780554423.003202,VDD_IN,8673.28,,
1780554423.003202,VDD_CPU_GPU_CV,3379.456,,
1780554423.003202,VDD_SOC,2010.624,,
1780554423.003202,,,cpu-thermal,54.218
1780554423.003202,,,gpu-thermal,55.375
1780554423.003202,,,soc0-thermal,52.718
1780554423.003202,,,soc1-thermal,52.125
1780554423.003202,,,soc2-thermal,52.562
1780554423.003202,,,tj-thermal,55.375
1780554423.109061,VDD_IN,8633.856,,
1780554423.109061,VDD_CPU_GPU_CV,3340.16,,
1780554423.109061,VDD_SOC,2007.36,,
1780554423.109061,,,cpu-thermal,54.375
1780554423.109061,,,gpu-thermal,55.187
1780554423.109061,,,soc0-thermal,52.906
1780554423.109061,,,soc1-thermal,52.0
1780554423.109061,,,soc2-thermal,52.531
1780554423.109061,,,tj-thermal,55.187
1780554423.2156796,VDD_IN,8555.008,,
1780554423.2156796,VDD_CPU_GPU_CV,3340.16,,
1780554423.2156796,VDD_SOC,2007.36,,
1780554423.2156796,,,cpu-thermal,54.656
1780554423.2156796,,,gpu-thermal,55.187
1780554423.2156796,,,soc0-thermal,52.781
1780554423.2156796,,,soc1-thermal,52.062
1780554423.2156796,,,soc2-thermal,52.5
1780554423.2156796,,,tj-thermal,55.187
1780554423.321256,VDD_IN,8555.008,,
1780554423.321256,VDD_CPU_GPU_CV,3300.864,,
1780554423.321256,VDD_SOC,2007.36,,
1780554423.321256,,,cpu-thermal,54.343
1780554423.321256,,,gpu-thermal,55.312
1780554423.321256,,,soc0-thermal,52.75
1780554423.321256,,,soc1-thermal,52.125
1780554423.321256,,,soc2-thermal,52.531
1780554423.321256,,,tj-thermal,55.062
1780554423.4269161,VDD_IN,8555.008,,
1780554423.4269161,VDD_CPU_GPU_CV,3300.864,,
1780554423.4269161,VDD_SOC,2007.36,,
1780554423.4269161,,,cpu-thermal,54.343
1780554423.4269161,,,gpu-thermal,55.187
1780554423.4269161,,,soc0-thermal,52.843
1780554423.4269161,,,soc1-thermal,52.25
1780554423.4269161,,,soc2-thermal,52.625
1780554423.4269161,,,tj-thermal,55.593
1780554423.5330293,VDD_IN,8515.584,,
1780554423.5330293,VDD_CPU_GPU_CV,3261.568,,
1780554423.5330293,VDD_SOC,1968.0,,
1780554423.5330293,,,cpu-thermal,54.437
1780554423.5330293,,,gpu-thermal,55.125
1780554423.5330293,,,soc0-thermal,52.75
1780554423.5330293,,,soc1-thermal,52.031
1780554423.5330293,,,soc2-thermal,52.687
1780554423.5330293,,,tj-thermal,55.125
1780554423.6386461,VDD_IN,8476.16,,
1780554423.6386461,VDD_CPU_GPU_CV,3261.568,,
1780554423.6386461,VDD_SOC,1968.0,,
1780554423.6386461,,,cpu-thermal,54.312
1780554423.6386461,,,gpu-thermal,55.093
1780554423.6386461,,,soc0-thermal,52.843
1780554423.6386461,,,soc1-thermal,52.093
1780554423.6386461,,,soc2-thermal,52.531
1780554423.6386461,,,tj-thermal,55.093
1780554423.7443607,VDD_IN,8476.16,,
1780554423.7443607,VDD_CPU_GPU_CV,3261.568,,
1780554423.7443607,VDD_SOC,1968.0,,
1780554423.7443607,,,cpu-thermal,54.375
1780554423.7443607,,,gpu-thermal,55.593
1780554423.7443607,,,soc0-thermal,52.781
1780554423.7443607,,,soc1-thermal,52.187
1780554423.7443607,,,soc2-thermal,52.687
1780554423.7443607,,,tj-thermal,55.593
1780554423.8501642,VDD_IN,8555.008,,
1780554423.8501642,VDD_CPU_GPU_CV,3300.864,,
1780554423.8501642,VDD_SOC,2010.624,,
1780554423.8501642,,,cpu-thermal,54.437
1780554423.8501642,,,gpu-thermal,55.5
1780554423.8501642,,,soc0-thermal,52.937
1780554423.8501642,,,soc1-thermal,52.093
1780554423.8501642,,,soc2-thermal,52.687
1780554423.8501642,,,tj-thermal,55.5
1780554423.955937,VDD_IN,8633.856,,
1780554423.955937,VDD_CPU_GPU_CV,3379.456,,
1780554423.955937,VDD_SOC,2010.624,,
1780554423.955937,,,cpu-thermal,54.218
1780554423.955937,,,gpu-thermal,55.437
1780554423.955937,,,soc0-thermal,52.812
1780554423.955937,,,soc1-thermal,52.125
1780554423.955937,,,soc2-thermal,52.687
1780554423.955937,,,tj-thermal,55.437
1780554424.0620584,VDD_IN,8673.28,,
1780554424.0620584,VDD_CPU_GPU_CV,3379.456,,
1780554424.0620584,VDD_SOC,2010.624,,
1780554424.0620584,,,cpu-thermal,54.343
1780554424.0620584,,,gpu-thermal,55.593
1780554424.0620584,,,soc0-thermal,52.875
1780554424.0620584,,,soc1-thermal,52.156
1780554424.0620584,,,soc2-thermal,52.687
1780554424.0620584,,,tj-thermal,55.375
1780554424.1675627,VDD_IN,8633.856,,
1780554424.1675627,VDD_CPU_GPU_CV,3340.16,,
1780554424.1675627,VDD_SOC,2007.36,,
1780554424.1675627,,,cpu-thermal,54.406
1780554424.1675627,,,gpu-thermal,55.406
1780554424.1675627,,,soc0-thermal,52.968
1780554424.1675627,,,soc1-thermal,52.343
1780554424.1675627,,,soc2-thermal,52.593
1780554424.1675627,,,tj-thermal,55.406
1780554424.2731397,VDD_IN,8555.008,,
1780554424.2731397,VDD_CPU_GPU_CV,3340.16,,
1780554424.2731397,VDD_SOC,2007.36,,
1780554424.2731397,,,cpu-thermal,54.312
1780554424.2731397,,,gpu-thermal,55.375
1780554424.2731397,,,soc0-thermal,52.812
1780554424.2731397,,,soc1-thermal,52.125
1780554424.2731397,,,soc2-thermal,52.687
1780554424.2731397,,,tj-thermal,55.375
1780554424.3797798,VDD_IN,8555.008,,
1780554424.3797798,VDD_CPU_GPU_CV,3300.864,,
1780554424.3797798,VDD_SOC,2007.36,,
1780554424.3797798,,,cpu-thermal,54.437
1780554424.3797798,,,gpu-thermal,55.281
1780554424.3797798,,,soc0-thermal,52.843
1780554424.3797798,,,soc1-thermal,52.25
1780554424.3797798,,,soc2-thermal,52.687
1780554424.3797798,,,tj-thermal,55.281
1780554424.485322,VDD_IN,8515.584,,
1780554424.485322,VDD_CPU_GPU_CV,3300.864,,
1780554424.485322,VDD_SOC,2007.36,,
1780554424.485322,,,cpu-thermal,54.343
1780554424.485322,,,gpu-thermal,55.218
1780554424.485322,,,soc0-thermal,52.968
1780554424.485322,,,soc1-thermal,52.406
1780554424.485322,,,soc2-thermal,52.687
1780554424.485322,,,tj-thermal,55.218
1780554424.5909646,VDD_IN,8476.16,,
1780554424.5909646,VDD_CPU_GPU_CV,3300.864,,
1780554424.5909646,VDD_SOC,2007.36,,
1780554424.5909646,,,cpu-thermal,54.625
1780554424.5909646,,,gpu-thermal,55.687
1780554424.5909646,,,soc0-thermal,53.062
1780554424.5909646,,,soc1-thermal,52.187
1780554424.5909646,,,soc2-thermal,52.718
1780554424.5909646,,,tj-thermal,55.687
1780554424.6972818,VDD_IN,8476.16,,
1780554424.6972818,VDD_CPU_GPU_CV,3261.568,,
1780554424.6972818,VDD_SOC,1968.0,,
1780554424.6972818,,,cpu-thermal,54.843
1780554424.6972818,,,gpu-thermal,55.531
1780554424.6972818,,,soc0-thermal,52.937
1780554424.6972818,,,soc1-thermal,52.281
1780554424.6972818,,,soc2-thermal,52.687
1780554424.6972818,,,tj-thermal,55.531
1780554424.8029401,VDD_IN,8476.16,,
1780554424.8029401,VDD_CPU_GPU_CV,3261.568,,
1780554424.8029401,VDD_SOC,2007.36,,
1780554424.8029401,,,cpu-thermal,54.343
1780554424.8029401,,,gpu-thermal,55.437
1780554424.8029401,,,soc0-thermal,52.875
1780554424.8029401,,,soc1-thermal,52.375
1780554424.8029401,,,soc2-thermal,52.781
1780554424.8029401,,,tj-thermal,55.468
1780554424.9086173,VDD_IN,8594.432,,
1780554424.9086173,VDD_CPU_GPU_CV,3340.16,,
1780554424.9086173,VDD_SOC,2007.36,,
1780554424.9086173,,,cpu-thermal,54.531
1780554424.9086173,,,gpu-thermal,55.812
1780554424.9086173,,,soc0-thermal,53.031
1780554424.9086173,,,soc1-thermal,52.468
1780554424.9086173,,,soc2-thermal,52.75
1780554424.9086173,,,tj-thermal,55.812
1780554425.014011,VDD_IN,8712.704,,
1780554425.014011,VDD_CPU_GPU_CV,3379.456,,
1780554425.014011,VDD_SOC,2007.36,,
1780554425.014011,,,cpu-thermal,54.562
1780554425.014011,,,gpu-thermal,55.656
1780554425.014011,,,soc0-thermal,53.093
1780554425.014011,,,soc1-thermal,52.187
1780554425.014011,,,soc2-thermal,52.812
1780554425.014011,,,tj-thermal,55.656
1780554425.1198564,VDD_IN,8633.856,,
1780554425.1198564,VDD_CPU_GPU_CV,3379.456,,
1780554425.1198564,VDD_SOC,2007.36,,
1780554425.1198564,,,cpu-thermal,54.781
1780554425.1198564,,,gpu-thermal,55.531
1780554425.1198564,,,soc0-thermal,52.968
1780554425.1198564,,,soc1-thermal,52.343
1780554425.1198564,,,soc2-thermal,52.718
1780554425.1198564,,,tj-thermal,55.531
1780554425.2261708,VDD_IN,8594.432,,
1780554425.2261708,VDD_CPU_GPU_CV,3340.16,,
1780554425.2261708,VDD_SOC,2007.36,,
1780554425.2261708,,,cpu-thermal,54.531
1780554425.2261708,,,gpu-thermal,55.468
1780554425.2261708,,,soc0-thermal,52.968
1780554425.2261708,,,soc1-thermal,52.437
1780554425.2261708,,,soc2-thermal,52.718
1780554425.2261708,,,tj-thermal,55.468
1780554425.3321362,VDD_IN,8555.008,,
1780554425.3321362,VDD_CPU_GPU_CV,3340.16,,
1780554425.3321362,VDD_SOC,2007.36,,
1780554425.3321362,,,cpu-thermal,54.625
1780554425.3321362,,,gpu-thermal,55.468
1780554425.3321362,,,soc0-thermal,53.125
1780554425.3321362,,,soc1-thermal,52.25
1780554425.3321362,,,soc2-thermal,52.812
1780554425.3321362,,,tj-thermal,55.468
1780554425.4382775,VDD_IN,8541.12,,
1780554425.4382775,VDD_CPU_GPU_CV,3340.16,,
1780554425.4382775,VDD_SOC,2007.36,,
1780554425.4382775,,,cpu-thermal,54.531
1780554425.4382775,,,gpu-thermal,55.343
1780554425.4382775,,,soc0-thermal,53.0
1780554425.4382775,,,soc1-thermal,52.343
1780554425.4382775,,,soc2-thermal,52.75
1780554425.4382775,,,tj-thermal,55.343
1780554425.5439808,VDD_IN,8541.12,,
1780554425.5439808,VDD_CPU_GPU_CV,3300.864,,
1780554425.5439808,VDD_SOC,2007.36,,
1780554425.5439808,,,cpu-thermal,54.593
1780554425.5439808,,,gpu-thermal,55.468
1780554425.5439808,,,soc0-thermal,53.062
1780554425.5439808,,,soc1-thermal,52.406
1780554425.5439808,,,soc2-thermal,52.875
1780554425.5439808,,,tj-thermal,55.593
1780554425.6498866,VDD_IN,8501.76,,
1780554425.6498866,VDD_CPU_GPU_CV,3300.864,,
1780554425.6498866,VDD_SOC,2007.36,,
1780554425.6498866,,,cpu-thermal,54.625
1780554425.6498866,,,gpu-thermal,55.437
1780554425.6498866,,,soc0-thermal,53.156
1780554425.6498866,,,soc1-thermal,52.406
1780554425.6498866,,,soc2-thermal,52.812
1780554425.6498866,,,tj-thermal,55.593
1780554425.7555573,VDD_IN,8501.76,,
1780554425.7555573,VDD_CPU_GPU_CV,3300.864,,
1780554425.7555573,VDD_SOC,1968.0,,
1780554425.7555573,,,cpu-thermal,54.562
1780554425.7555573,,,gpu-thermal,55.843
1780554425.7555573,,,soc0-thermal,53.0
1780554425.7555573,,,soc1-thermal,52.312
1780554425.7555573,,,soc2-thermal,52.937
1780554425.7555573,,,tj-thermal,55.843
1780554425.861355,VDD_IN,8594.432,,
1780554425.861355,VDD_CPU_GPU_CV,3340.16,,
1780554425.861355,VDD_SOC,1968.0,,
1780554425.861355,,,cpu-thermal,54.5
1780554425.861355,,,gpu-thermal,55.75
1780554425.861355,,,soc0-thermal,53.031
1780554425.861355,,,soc1-thermal,52.406
1780554425.861355,,,soc2-thermal,52.843
1780554425.861355,,,tj-thermal,55.75
1780554425.9669847,VDD_IN,8673.28,,
1780554425.9669847,VDD_CPU_GPU_CV,3418.752,,
1780554425.9669847,VDD_SOC,1971.2,,
1780554425.9669847,,,cpu-thermal,54.531
1780554425.9669847,,,gpu-thermal,55.656
1780554425.9669847,,,soc0-thermal,53.125
1780554425.9669847,,,soc1-thermal,52.406
1780554425.9669847,,,soc2-thermal,52.906
1780554425.9669847,,,tj-thermal,55.656
1780554426.0723987,VDD_IN,8633.856,,
1780554426.0723987,VDD_CPU_GPU_CV,3379.456,,
1780554426.0723987,VDD_SOC,1971.2,,
1780554426.0723987,,,cpu-thermal,54.687
1780554426.0723987,,,gpu-thermal,55.593
1780554426.0723987,,,soc0-thermal,53.187
1780554426.0723987,,,soc1-thermal,52.312
1780554426.0723987,,,soc2-thermal,53.062
1780554426.0723987,,,tj-thermal,55.593
1780554426.1781704,VDD_IN,8594.432,,
1780554426.1781704,VDD_CPU_GPU_CV,3379.456,,
1780554426.1781704,VDD_SOC,1968.0,,
1780554426.1781704,,,cpu-thermal,54.593
1780554426.1781704,,,gpu-thermal,55.75
1780554426.1781704,,,soc0-thermal,53.187
1780554426.1781704,,,soc1-thermal,52.406
1780554426.1781704,,,soc2-thermal,52.875
1780554426.1781704,,,tj-thermal,55.468
1780554426.284005,VDD_IN,8515.584,,
1780554426.284005,VDD_CPU_GPU_CV,3340.16,,
1780554426.284005,VDD_SOC,1928.64,,
1780554426.284005,,,cpu-thermal,54.718
1780554426.284005,,,gpu-thermal,55.593
1780554426.284005,,,soc0-thermal,53.125
1780554426.284005,,,soc1-thermal,52.468
1780554426.284005,,,soc2-thermal,52.843
1780554426.284005,,,tj-thermal,55.375
1780554426.3901405,VDD_IN,8476.16,,
1780554426.3901405,VDD_CPU_GPU_CV,3300.864,,
1780554426.3901405,VDD_SOC,1928.64,,
1780554426.3901405,,,cpu-thermal,54.75
1780554426.3901405,,,gpu-thermal,55.593
1780554426.3901405,,,soc0-thermal,53.218
1780554426.3901405,,,soc1-thermal,52.5
1780554426.3901405,,,soc2-thermal,53.093
1780554426.3901405,,,tj-thermal,55.843
1780554426.4966216,VDD_IN,8476.16,,
1780554426.4966216,VDD_CPU_GPU_CV,3300.864,,
1780554426.4966216,VDD_SOC,1928.64,,
1780554426.4966216,,,cpu-thermal,54.875
1780554426.4966216,,,gpu-thermal,55.531
1780554426.4966216,,,soc0-thermal,53.343
1780554426.4966216,,,soc1-thermal,52.437
1780554426.4966216,,,soc2-thermal,53.125
1780554426.4966216,,,tj-thermal,55.531
1780554426.6024368,VDD_IN,8476.16,,
1780554426.6024368,VDD_CPU_GPU_CV,3261.568,,
1780554426.6024368,VDD_SOC,1928.64,,
1780554426.6024368,,,cpu-thermal,55.0
1780554426.6024368,,,gpu-thermal,55.468
1780554426.6024368,,,soc0-thermal,53.125
1780554426.6024368,,,soc1-thermal,52.5
1780554426.6024368,,,soc2-thermal,52.968
1780554426.6024368,,,tj-thermal,55.468
1780554426.7084632,VDD_IN,8436.736,,
1780554426.7084632,VDD_CPU_GPU_CV,3300.864,,
1780554426.7084632,VDD_SOC,1928.64,,
1780554426.7084632,,,cpu-thermal,54.843
1780554426.7084632,,,gpu-thermal,55.781
1780554426.7084632,,,soc0-thermal,53.25
1780554426.7084632,,,soc1-thermal,52.625
1780554426.7084632,,,soc2-thermal,53.031
1780554426.7084632,,,tj-thermal,55.781
1780554426.8150744,VDD_IN,8436.736,,
1780554426.8150744,VDD_CPU_GPU_CV,3300.864,,
1780554426.8150744,VDD_SOC,1928.64,,
1780554426.8150744,,,cpu-thermal,54.812
1780554426.8150744,,,gpu-thermal,55.781
1780554426.8150744,,,soc0-thermal,53.218
1780554426.8150744,,,soc1-thermal,52.5
1780554426.8150744,,,soc2-thermal,53.093
1780554426.8150744,,,tj-thermal,55.781
1780554426.9206493,VDD_IN,8555.008,,
1780554426.9206493,VDD_CPU_GPU_CV,3379.456,,
1780554426.9206493,VDD_SOC,1931.776,,
1780554426.9206493,,,cpu-thermal,54.875
1780554426.9206493,,,gpu-thermal,55.781
1780554426.9206493,,,soc0-thermal,53.187
1780554426.9206493,,,soc1-thermal,52.5
1780554426.9206493,,,soc2-thermal,53.031
1780554426.9206493,,,tj-thermal,55.781
1780554427.0267735,VDD_IN,8633.856,,
1780554427.0267735,VDD_CPU_GPU_CV,3418.752,,
1780554427.0267735,VDD_SOC,1971.2,,
1780554427.0267735,,,cpu-thermal,54.687
1780554427.0267735,,,gpu-thermal,55.656
1780554427.0267735,,,soc0-thermal,53.281
1780554427.0267735,,,soc1-thermal,52.625
1780554427.0267735,,,soc2-thermal,53.0
1780554427.0267735,,,tj-thermal,55.656
1780554427.1327417,VDD_IN,8555.008,,
1780554427.1327417,VDD_CPU_GPU_CV,3340.16,,
1780554427.1327417,VDD_SOC,1931.776,,
1780554427.1327417,,,cpu-thermal,54.718
1780554427.1327417,,,gpu-thermal,55.562
1780554427.1327417,,,soc0-thermal,53.281
1780554427.1327417,,,soc1-thermal,52.75
1780554427.1327417,,,soc2-thermal,53.125
1780554427.1327417,,,tj-thermal,55.562
1780554427.2386696,VDD_IN,8515.584,,
1780554427.2386696,VDD_CPU_GPU_CV,3340.16,,
1780554427.2386696,VDD_SOC,1928.64,,
1780554427.2386696,,,cpu-thermal,54.843
1780554427.2386696,,,gpu-thermal,55.687
1780554427.2386696,,,soc0-thermal,53.218
1780554427.2386696,,,soc1-thermal,52.468
1780554427.2386696,,,soc2-thermal,53.062
1780554427.2386696,,,tj-thermal,55.937
1780554427.3442962,VDD_IN,8476.16,,
1780554427.3442962,VDD_CPU_GPU_CV,3300.864,,
1780554427.3442962,VDD_SOC,1928.64,,
1780554427.3442962,,,cpu-thermal,54.718
1780554427.3442962,,,gpu-thermal,55.625
1780554427.3442962,,,soc0-thermal,53.218
1780554427.3442962,,,soc1-thermal,52.625
1780554427.3442962,,,soc2-thermal,53.156
1780554427.3442962,,,tj-thermal,55.906
1780554427.450198,VDD_IN,8436.736,,
1780554427.450198,VDD_CPU_GPU_CV,3300.864,,
1780554427.450198,VDD_SOC,1928.64,,
1780554427.450198,,,cpu-thermal,54.75
1780554427.450198,,,gpu-thermal,55.593
1780554427.450198,,,soc0-thermal,53.312
1780554427.450198,,,soc1-thermal,52.625
1780554427.450198,,,soc2-thermal,53.156
1780554427.450198,,,tj-thermal,55.593
1780554427.5559626,VDD_IN,8397.312,,
1780554427.5559626,VDD_CPU_GPU_CV,3300.864,,
1780554427.5559626,VDD_SOC,1928.64,,
1780554427.5559626,,,cpu-thermal,55.125
1780554427.5559626,,,gpu-thermal,55.937
1780554427.5559626,,,soc0-thermal,53.406
1780554427.5559626,,,soc1-thermal,52.593
1780554427.5559626,,,soc2-thermal,53.156
1780554427.5559626,,,tj-thermal,55.937
1780554427.6616225,VDD_IN,8397.312,,
1780554427.6616225,VDD_CPU_GPU_CV,3261.568,,
1780554427.6616225,VDD_SOC,1928.64,,
1780554427.6616225,,,cpu-thermal,54.843
1780554427.6616225,,,gpu-thermal,55.781
1780554427.6616225,,,soc0-thermal,53.25
1780554427.6616225,,,soc1-thermal,52.562
1780554427.6616225,,,soc2-thermal,53.0
1780554427.6616225,,,tj-thermal,55.781
1780554427.7675571,VDD_IN,8357.888,,
1780554427.7675571,VDD_CPU_GPU_CV,3261.568,,
1780554427.7675571,VDD_SOC,1889.28,,
1780554427.7675571,,,cpu-thermal,54.781
1780554427.7675571,,,gpu-thermal,55.687
1780554427.7675571,,,soc0-thermal,53.406
1780554427.7675571,,,soc1-thermal,52.625
1780554427.7675571,,,soc2-thermal,53.156
1780554427.7675571,,,tj-thermal,55.687
1780554427.8731422,VDD_IN,8515.584,,
1780554427.8731422,VDD_CPU_GPU_CV,3340.16,,
1780554427.8731422,VDD_SOC,1931.776,,
1780554427.8731422,,,cpu-thermal,54.968
1780554427.8731422,,,gpu-thermal,56.062
1780554427.8731422,,,soc0-thermal,53.343
1780554427.8731422,,,soc1-thermal,52.718
1780554427.8731422,,,soc2-thermal,53.218
1780554427.8731422,,,tj-thermal,55.75
1780554427.9787867,VDD_IN,8594.432,,
1780554427.9787867,VDD_CPU_GPU_CV,3379.456,,
1780554427.9787867,VDD_SOC,1931.776,,
1780554427.9787867,,,cpu-thermal,55.062
1780554427.9787867,,,gpu-thermal,55.906
1780554427.9787867,,,soc0-thermal,53.312
1780554427.9787867,,,soc1-thermal,52.562
1780554427.9787867,,,soc2-thermal,53.187
1780554427.9787867,,,tj-thermal,55.843
1780554428.084848,VDD_IN,8555.008,,
1780554428.084848,VDD_CPU_GPU_CV,3379.456,,
1780554428.084848,VDD_SOC,1931.776,,
1780554428.084848,,,cpu-thermal,55.281
1780554428.084848,,,gpu-thermal,55.812
1780554428.084848,,,soc0-thermal,53.281
1780554428.084848,,,soc1-thermal,52.625
1780554428.084848,,,soc2-thermal,53.156
1780554428.084848,,,tj-thermal,55.812
1780554428.190469,VDD_IN,8515.584,,
1780554428.190469,VDD_CPU_GPU_CV,3340.16,,
1780554428.190469,VDD_SOC,1928.64,,
1780554428.190469,,,cpu-thermal,54.937
1780554428.190469,,,gpu-thermal,55.687
1780554428.190469,,,soc0-thermal,53.437
1780554428.190469,,,soc1-thermal,52.75
1780554428.190469,,,soc2-thermal,53.25
1780554428.190469,,,tj-thermal,55.687
1780554428.2964792,VDD_IN,8476.16,,
1780554428.2964792,VDD_CPU_GPU_CV,3340.16,,
1780554428.2964792,VDD_SOC,1928.64,,
1780554428.2964792,,,cpu-thermal,55.0
1780554428.2964792,,,gpu-thermal,55.718
1780554428.2964792,,,soc0-thermal,53.437
1780554428.2964792,,,soc1-thermal,52.625
1780554428.2964792,,,soc2-thermal,53.25
1780554428.2964792,,,tj-thermal,55.718
1780554428.4022856,VDD_IN,8462.4,,
1780554428.4022856,VDD_CPU_GPU_CV,3300.864,,
1780554428.4022856,VDD_SOC,1928.64,,
1780554428.4022856,,,cpu-thermal,55.093
1780554428.4022856,,,gpu-thermal,56.093
1780554428.4022856,,,soc0-thermal,53.375
1780554428.4022856,,,soc1-thermal,52.781
1780554428.4022856,,,soc2-thermal,53.218
1780554428.4022856,,,tj-thermal,56.093
1780554428.507826,VDD_IN,8423.04,,
1780554428.507826,VDD_CPU_GPU_CV,3300.864,,
1780554428.507826,VDD_SOC,1928.64,,
1780554428.507826,,,cpu-thermal,54.906
1780554428.507826,,,gpu-thermal,55.937
1780554428.507826,,,soc0-thermal,53.468
1780554428.507826,,,soc1-thermal,52.656
1780554428.507826,,,soc2-thermal,53.125
1780554428.507826,,,tj-thermal,55.937
1780554428.6145647,VDD_IN,8423.04,,
1780554428.6145647,VDD_CPU_GPU_CV,3300.864,,
1780554428.6145647,VDD_SOC,1928.64,,
1780554428.6145647,,,cpu-thermal,55.031
1780554428.6145647,,,gpu-thermal,55.718
1780554428.6145647,,,soc0-thermal,53.562
1780554428.6145647,,,soc1-thermal,52.906
1780554428.6145647,,,soc2-thermal,53.312
1780554428.6145647,,,tj-thermal,55.906
1780554428.720122,VDD_IN,8397.312,,
1780554428.720122,VDD_CPU_GPU_CV,3261.568,,
1780554428.720122,VDD_SOC,1928.64,,
1780554428.720122,,,cpu-thermal,55.062
1780554428.720122,,,gpu-thermal,56.093
1780554428.720122,,,soc0-thermal,53.593
1780554428.720122,,,soc1-thermal,52.625
1780554428.720122,,,soc2-thermal,53.187
1780554428.720122,,,tj-thermal,55.906
1780554428.8260384,VDD_IN,8476.16,,
1780554428.8260384,VDD_CPU_GPU_CV,3300.864,,
1780554428.8260384,VDD_SOC,1928.64,,
1780554428.8260384,,,cpu-thermal,54.906
1780554428.8260384,,,gpu-thermal,55.968
1780554428.8260384,,,soc0-thermal,53.468
1780554428.8260384,,,soc1-thermal,52.718
1780554428.8260384,,,soc2-thermal,53.156
1780554428.8260384,,,tj-thermal,55.843
1780554428.932362,VDD_IN,8555.008,,
1780554428.932362,VDD_CPU_GPU_CV,3379.456,,
1780554428.932362,VDD_SOC,1928.64,,
1780554428.932362,,,cpu-thermal,54.843
1780554428.932362,,,gpu-thermal,56.062
1780554428.932362,,,soc0-thermal,53.406
1780554428.932362,,,soc1-thermal,52.875
1780554428.932362,,,soc2-thermal,53.25
1780554428.932362,,,tj-thermal,56.062
1780554429.0379124,VDD_IN,8633.856,,
1780554429.0379124,VDD_CPU_GPU_CV,3418.752,,
1780554429.0379124,VDD_SOC,1931.776,,
1780554429.0379124,,,cpu-thermal,54.968
1780554429.0379124,,,gpu-thermal,55.843
1780554429.0379124,,,soc0-thermal,53.531
1780554429.0379124,,,soc1-thermal,52.718
1780554429.0379124,,,soc2-thermal,53.375
1780554429.0379124,,,tj-thermal,55.843
1780554429.1439583,VDD_IN,8594.432,,
1780554429.1439583,VDD_CPU_GPU_CV,3379.456,,
1780554429.1439583,VDD_SOC,1928.64,,
1780554429.1439583,,,cpu-thermal,55.0
1780554429.1439583,,,gpu-thermal,55.843
1780554429.1439583,,,soc0-thermal,53.5
1780554429.1439583,,,soc1-thermal,52.781
1780554429.1439583,,,soc2-thermal,53.218
1780554429.1439583,,,tj-thermal,55.843
1780554429.2500525,VDD_IN,8555.008,,
1780554429.2500525,VDD_CPU_GPU_CV,3379.456,,
1780554429.2500525,VDD_SOC,1928.64,,
1780554429.2500525,,,cpu-thermal,54.968
1780554429.2500525,,,gpu-thermal,56.218
1780554429.2500525,,,soc0-thermal,53.531
1780554429.2500525,,,soc1-thermal,52.843
1780554429.2500525,,,soc2-thermal,53.343
1780554429.2500525,,,tj-thermal,56.218
1780554429.3560302,VDD_IN,8515.584,,
1780554429.3560302,VDD_CPU_GPU_CV,3340.16,,
1780554429.3560302,VDD_SOC,1928.64,,
1780554429.3560302,,,cpu-thermal,55.187
1780554429.3560302,,,gpu-thermal,56.093
1780554429.3560302,,,soc0-thermal,53.687
1780554429.3560302,,,soc1-thermal,52.968
1780554429.3560302,,,soc2-thermal,53.375
1780554429.3560302,,,tj-thermal,56.093
1780554429.4617848,VDD_IN,8476.16,,
1780554429.4617848,VDD_CPU_GPU_CV,3300.864,,
1780554429.4617848,VDD_SOC,1928.64,,
1780554429.4617848,,,cpu-thermal,55.437
1780554429.4617848,,,gpu-thermal,56.0
1780554429.4617848,,,soc0-thermal,53.5
1780554429.4617848,,,soc1-thermal,52.812
1780554429.4617848,,,soc2-thermal,53.281
1780554429.4617848,,,tj-thermal,56.0
1780554429.5677893,VDD_IN,8436.736,,
1780554429.5677893,VDD_CPU_GPU_CV,3261.568,,
1780554429.5677893,VDD_SOC,1928.64,,
1780554429.5677893,,,cpu-thermal,54.937
1780554429.5677893,,,gpu-thermal,56.156
1780554429.5677893,,,soc0-thermal,53.468
1780554429.5677893,,,soc1-thermal,52.906
1780554429.5677893,,,soc2-thermal,53.375
1780554429.5677893,,,tj-thermal,55.906
1780554429.67334,VDD_IN,8436.736,,
1780554429.67334,VDD_CPU_GPU_CV,3261.568,,
1780554429.67334,VDD_SOC,1928.64,,
1780554429.67334,,,cpu-thermal,55.187
1780554429.67334,,,gpu-thermal,56.156
1780554429.67334,,,soc0-thermal,53.593
1780554429.67334,,,soc1-thermal,52.906
1780554429.67334,,,soc2-thermal,53.437
1780554429.67334,,,tj-thermal,56.156
1780554429.7790043,VDD_IN,8397.312,,
1780554429.7790043,VDD_CPU_GPU_CV,3261.568,,
1780554429.7790043,VDD_SOC,1889.28,,
1780554429.7790043,,,cpu-thermal,55.343
1780554429.7790043,,,gpu-thermal,56.031
1780554429.7790043,,,soc0-thermal,53.625
1780554429.7790043,,,soc1-thermal,52.843
1780554429.7790043,,,soc2-thermal,53.406
1780554429.7790043,,,tj-thermal,56.031
1780554429.8849418,VDD_IN,8515.584,,
1780554429.8849418,VDD_CPU_GPU_CV,3340.16,,
1780554429.8849418,VDD_SOC,1928.64,,
1780554429.8849418,,,cpu-thermal,55.281
1780554429.8849418,,,gpu-thermal,56.031
1780554429.8849418,,,soc0-thermal,53.5
1780554429.8849418,,,soc1-thermal,52.75
1780554429.8849418,,,soc2-thermal,53.312
1780554429.8849418,,,tj-thermal,56.031
1780554429.9902885,VDD_IN,8633.856,,
1780554429.9902885,VDD_CPU_GPU_CV,3379.456,,
1780554429.9902885,VDD_SOC,1931.776,,
1780554429.9902885,,,cpu-thermal,55.468
1780554429.9902885,,,gpu-thermal,56.187
1780554429.9902885,,,soc0-thermal,53.593
1780554429.9902885,,,soc1-thermal,52.906
1780554429.9902885,,,soc2-thermal,53.468
1780554429.9902885,,,tj-thermal,56.0
1780554430.0957403,VDD_IN,8594.432,,
1780554430.0957403,VDD_CPU_GPU_CV,3379.456,,
1780554430.0957403,VDD_SOC,1931.776,,
1780554430.0957403,,,cpu-thermal,55.156
1780554430.0957403,,,gpu-thermal,56.062
1780554430.0957403,,,soc0-thermal,53.593
1780554430.0957403,,,soc1-thermal,53.062
1780554430.0957403,,,soc2-thermal,53.375
1780554430.0957403,,,tj-thermal,55.875
1780554430.201703,VDD_IN,8515.584,,
1780554430.201703,VDD_CPU_GPU_CV,3340.16,,
1780554430.201703,VDD_SOC,1928.64,,
1780554430.201703,,,cpu-thermal,55.25
1780554430.201703,,,gpu-thermal,55.968
1780554430.201703,,,soc0-thermal,53.781
1780554430.201703,,,soc1-thermal,52.843
1780554430.201703,,,soc2-thermal,53.5
1780554430.201703,,,tj-thermal,55.968
1780554430.3074343,VDD_IN,8476.16,,
1780554430.3074343,VDD_CPU_GPU_CV,3300.864,,
1780554430.3074343,VDD_SOC,1931.776,,
1780554430.3074343,,,cpu-thermal,55.406
1780554430.3074343,,,gpu-thermal,55.968
1780554430.3074343,,,soc0-thermal,53.593
1780554430.3074343,,,soc1-thermal,53.0
1780554430.3074343,,,soc2-thermal,53.437
1780554430.3074343,,,tj-thermal,55.968
1780554430.4131892,VDD_IN,8555.008,,
1780554430.4131892,VDD_CPU_GPU_CV,3340.16,,
1780554430.4131892,VDD_SOC,1928.64,,
1780554430.4131892,,,cpu-thermal,55.187
1780554430.4131892,,,gpu-thermal,56.406
1780554430.4131892,,,soc0-thermal,53.593
1780554430.4131892,,,soc1-thermal,53.0
1780554430.4131892,,,soc2-thermal,53.5
1780554430.4131892,,,tj-thermal,56.406
1780554430.5188944,VDD_IN,8501.76,,
1780554430.5188944,VDD_CPU_GPU_CV,3340.16,,
1780554430.5188944,VDD_SOC,1928.64,,
1780554430.5188944,,,cpu-thermal,55.343
1780554430.5188944,,,gpu-thermal,56.281
1780554430.5188944,,,soc0-thermal,53.718
1780554430.5188944,,,soc1-thermal,52.843
1780554430.5188944,,,soc2-thermal,53.5
1780554430.5188944,,,tj-thermal,56.281
1780554430.6244626,VDD_IN,8501.76,,
1780554430.6244626,VDD_CPU_GPU_CV,3340.16,,
1780554430.6244626,VDD_SOC,1928.64,,
1780554430.6244626,,,cpu-thermal,55.343
1780554430.6244626,,,gpu-thermal,56.125
1780554430.6244626,,,soc0-thermal,53.593
1780554430.6244626,,,soc1-thermal,53.031
1780554430.6244626,,,soc2-thermal,53.656
1780554430.6244626,,,tj-thermal,56.125
1780554430.730654,VDD_IN,8501.76,,
1780554430.730654,VDD_CPU_GPU_CV,3340.16,,
1780554430.730654,VDD_SOC,1928.64,,
1780554430.730654,,,cpu-thermal,55.156
1780554430.730654,,,gpu-thermal,56.437
1780554430.730654,,,soc0-thermal,53.656
1780554430.730654,,,soc1-thermal,53.0
1780554430.730654,,,soc2-thermal,53.5
1780554430.730654,,,tj-thermal,56.125
1780554430.8361924,VDD_IN,8541.12,,
1780554430.8361924,VDD_CPU_GPU_CV,3379.456,,
1780554430.8361924,VDD_SOC,1928.64,,
1780554430.8361924,,,cpu-thermal,55.218
1780554430.8361924,,,gpu-thermal,56.343
1780554430.8361924,,,soc0-thermal,53.718
1780554430.8361924,,,soc1-thermal,53.093
1780554430.8361924,,,soc2-thermal,53.5
1780554430.8361924,,,tj-thermal,56.343
1780554430.941841,VDD_IN,8633.856,,
1780554430.941841,VDD_CPU_GPU_CV,3418.752,,
1780554430.941841,VDD_SOC,1928.64,,
1780554430.941841,,,cpu-thermal,55.281
1780554430.941841,,,gpu-thermal,56.218
1780554430.941841,,,soc0-thermal,53.781
1780554430.941841,,,soc1-thermal,52.937
1780554430.941841,,,soc2-thermal,53.593
1780554430.941841,,,tj-thermal,56.218
1780554431.0473235,VDD_IN,8673.28,,
1780554431.0473235,VDD_CPU_GPU_CV,3418.752,,
1780554431.0473235,VDD_SOC,1928.64,,
1780554431.0473235,,,cpu-thermal,55.281
1780554431.0473235,,,gpu-thermal,56.218
1780554431.0473235,,,soc0-thermal,53.812
1780554431.0473235,,,soc1-thermal,53.031
1780554431.0473235,,,soc2-thermal,53.625
1780554431.0473235,,,tj-thermal,56.218
1780554431.153776,VDD_IN,8580.48,,
1780554431.153776,VDD_CPU_GPU_CV,3379.456,,
1780554431.153776,VDD_SOC,1928.64,,
1780554431.153776,,,cpu-thermal,55.187
1780554431.153776,,,gpu-thermal,56.125
1780554431.153776,,,soc0-thermal,53.75
1780554431.153776,,,soc1-thermal,53.093
1780554431.153776,,,soc2-thermal,53.562
1780554431.153776,,,tj-thermal,56.125
1780554431.2594554,VDD_IN,8541.12,,
1780554431.2594554,VDD_CPU_GPU_CV,3379.456,,
1780554431.2594554,VDD_SOC,1928.64,,
1780554431.2594554,,,cpu-thermal,55.5
1780554431.2594554,,,gpu-thermal,56.031
1780554431.2594554,,,soc0-thermal,53.812
1780554431.2594554,,,soc1-thermal,53.125
1780554431.2594554,,,soc2-thermal,53.656
1780554431.2594554,,,tj-thermal,56.031
1780554431.3655953,VDD_IN,8541.12,,
1780554431.3655953,VDD_CPU_GPU_CV,3340.16,,
1780554431.3655953,VDD_SOC,1928.64,,
1780554431.3655953,,,cpu-thermal,55.531
1780554431.3655953,,,gpu-thermal,56.406
1780554431.3655953,,,soc0-thermal,53.687
1780554431.3655953,,,soc1-thermal,53.031
1780554431.3655953,,,soc2-thermal,53.593
1780554431.3655953,,,tj-thermal,56.406
1780554431.47138,VDD_IN,8541.12,,
1780554431.47138,VDD_CPU_GPU_CV,3334.72,,
1780554431.47138,VDD_SOC,1928.64,,
1780554431.47138,,,cpu-thermal,55.218
1780554431.47138,,,gpu-thermal,56.125
1780554431.47138,,,soc0-thermal,53.75
1780554431.47138,,,soc1-thermal,53.031
1780554431.47138,,,soc2-thermal,53.625
1780554431.47138,,,tj-thermal,56.218
1780554431.5772524,VDD_IN,8501.76,,
1780554431.5772524,VDD_CPU_GPU_CV,3334.72,,
1780554431.5772524,VDD_SOC,1928.64,,
1780554431.5772524,,,cpu-thermal,55.343
1780554431.5772524,,,gpu-thermal,56.593
1780554431.5772524,,,soc0-thermal,53.812
1780554431.5772524,,,soc1-thermal,53.156
1780554431.5772524,,,soc2-thermal,53.562
1780554431.5772524,,,tj-thermal,56.593
1780554431.6831696,VDD_IN,8501.76,,
1780554431.6831696,VDD_CPU_GPU_CV,3295.488,,
1780554431.6831696,VDD_SOC,1928.64,,
1780554431.6831696,,,cpu-thermal,55.5
1780554431.6831696,,,gpu-thermal,56.437
1780554431.6831696,,,soc0-thermal,53.906
1780554431.6831696,,,soc1-thermal,53.0
1780554431.6831696,,,soc2-thermal,53.656
1780554431.6831696,,,tj-thermal,56.437
1780554431.788882,VDD_IN,8501.76,,
1780554431.788882,VDD_CPU_GPU_CV,3295.488,,
1780554431.788882,VDD_SOC,1928.64,,
1780554431.788882,,,cpu-thermal,55.562
1780554431.788882,,,gpu-thermal,56.312
1780554431.788882,,,soc0-thermal,53.781
1780554431.788882,,,soc1-thermal,53.062
1780554431.788882,,,soc2-thermal,53.687
1780554431.788882,,,tj-thermal,56.312
1780554431.8950622,VDD_IN,8619.84,,
1780554431.8950622,VDD_CPU_GPU_CV,3379.456,,
1780554431.8950622,VDD_SOC,1928.64,,
1780554431.8950622,,,cpu-thermal,55.312
1780554431.8950622,,,gpu-thermal,56.375
1780554431.8950622,,,soc0-thermal,53.812
1780554431.8950622,,,soc1-thermal,53.187
1780554431.8950622,,,soc2-thermal,53.625
1780554431.8950622,,,tj-thermal,56.375
1780554432.0004508,VDD_IN,8698.56,,
1780554432.0004508,VDD_CPU_GPU_CV,3418.752,,
1780554432.0004508,VDD_SOC,1968.0,,
1780554432.0004508,,,cpu-thermal,55.406
1780554432.0004508,,,gpu-thermal,56.281
1780554432.0004508,,,soc0-thermal,53.937
1780554432.0004508,,,soc1-thermal,53.375
1780554432.0004508,,,soc2-thermal,53.687
1780554432.0004508,,,tj-thermal,56.281
1780554432.1059647,VDD_IN,8619.84,,
1780554432.1059647,VDD_CPU_GPU_CV,3379.456,,
1780554432.1059647,VDD_SOC,1928.64,,
1780554432.1059647,,,cpu-thermal,55.437
1780554432.1059647,,,gpu-thermal,56.343
1780554432.1059647,,,soc0-thermal,53.875
1780554432.1059647,,,soc1-thermal,53.062
1780554432.1059647,,,soc2-thermal,53.812
1780554432.1059647,,,tj-thermal,56.218
1780554432.211739,VDD_IN,8580.48,,
1780554432.211739,VDD_CPU_GPU_CV,3379.456,,
1780554432.211739,VDD_SOC,1928.64,,
1780554432.211739,,,cpu-thermal,55.406
1780554432.211739,,,gpu-thermal,56.281
1780554432.211739,,,soc0-thermal,53.843
1780554432.211739,,,soc1-thermal,53.062
1780554432.211739,,,soc2-thermal,53.687
1780554432.211739,,,tj-thermal,56.281
1780554432.3176458,VDD_IN,8580.48,,
1780554432.3176458,VDD_CPU_GPU_CV,3340.16,,
1780554432.3176458,VDD_SOC,1928.64,,
1780554432.3176458,,,cpu-thermal,55.406
1780554432.3176458,,,gpu-thermal,56.312
1780554432.3176458,,,soc0-thermal,53.906
1780554432.3176458,,,soc1-thermal,53.125
1780554432.3176458,,,soc2-thermal,53.687
1780554432.3176458,,,tj-thermal,56.312
1780554432.4235914,VDD_IN,8501.76,,
1780554432.4235914,VDD_CPU_GPU_CV,3334.72,,
1780554432.4235914,VDD_SOC,1928.64,,
1780554432.4235914,,,cpu-thermal,55.437
1780554432.4235914,,,gpu-thermal,56.125
1780554432.4235914,,,soc0-thermal,54.093
1780554432.4235914,,,soc1-thermal,53.375
1780554432.4235914,,,soc2-thermal,53.812
1780554432.4235914,,,tj-thermal,56.125
1780554432.5292904,VDD_IN,8501.76,,
1780554432.5292904,VDD_CPU_GPU_CV,3334.72,,
1780554432.5292904,VDD_SOC,1928.64,,
1780554432.5292904,,,cpu-thermal,55.531
1780554432.5292904,,,gpu-thermal,56.562
1780554432.5292904,,,soc0-thermal,53.781
1780554432.5292904,,,soc1-thermal,53.093
1780554432.5292904,,,soc2-thermal,53.687
1780554432.5292904,,,tj-thermal,56.562
1780554432.6349273,VDD_IN,8462.4,,
1780554432.6349273,VDD_CPU_GPU_CV,3334.72,,
1780554432.6349273,VDD_SOC,1928.64,,
1780554432.6349273,,,cpu-thermal,55.437
1780554432.6349273,,,gpu-thermal,56.468
1780554432.6349273,,,soc0-thermal,54.031
1780554432.6349273,,,soc1-thermal,53.218
1780554432.6349273,,,soc2-thermal,53.781
1780554432.6349273,,,tj-thermal,56.468
1780554432.7406662,VDD_IN,8462.4,,
1780554432.7406662,VDD_CPU_GPU_CV,3295.488,,
1780554432.7406662,VDD_SOC,1928.64,,
1780554432.7406662,,,cpu-thermal,55.531
1780554432.7406662,,,gpu-thermal,56.687
1780554432.7406662,,,soc0-thermal,54.031
1780554432.7406662,,,soc1-thermal,53.312
1780554432.7406662,,,soc2-thermal,53.875
1780554432.7406662,,,tj-thermal,56.437
1780554432.8463628,VDD_IN,8541.12,,
1780554432.8463628,VDD_CPU_GPU_CV,3340.16,,
1780554432.8463628,VDD_SOC,1928.64,,
1780554432.8463628,,,cpu-thermal,55.812
1780554432.8463628,,,gpu-thermal,56.562
1780554432.8463628,,,soc0-thermal,54.093
1780554432.8463628,,,soc1-thermal,53.093
1780554432.8463628,,,soc2-thermal,53.812
1780554432.8463628,,,tj-thermal,56.562
1780554432.9519827,VDD_IN,8619.84,,
1780554432.9519827,VDD_CPU_GPU_CV,3418.752,,
1780554432.9519827,VDD_SOC,1968.0,,
1780554432.9519827,,,cpu-thermal,55.468
1780554432.9519827,,,gpu-thermal,56.531
1780554432.9519827,,,soc0-thermal,54.031
1780554432.9519827,,,soc1-thermal,53.187
1780554432.9519827,,,soc2-thermal,53.75
1780554432.9519827,,,tj-thermal,56.531
1780554433.0574915,VDD_IN,8659.2,,
1780554433.0574915,VDD_CPU_GPU_CV,3418.752,,
1780554433.0574915,VDD_SOC,1968.0,,
1780554433.0574915,,,cpu-thermal,55.437
1780554433.0574915,,,gpu-thermal,56.375
1780554433.0574915,,,soc0-thermal,53.937
1780554433.0574915,,,soc1-thermal,53.281
1780554433.0574915,,,soc2-thermal,53.875
1780554433.0574915,,,tj-thermal,56.375
1780554433.1631007,VDD_IN,8619.84,,
1780554433.1631007,VDD_CPU_GPU_CV,3379.456,,
1780554433.1631007,VDD_SOC,1928.64,,
1780554433.1631007,,,cpu-thermal,55.718
1780554433.1631007,,,gpu-thermal,56.343
1780554433.1631007,,,soc0-thermal,54.062
1780554433.1631007,,,soc1-thermal,53.437
1780554433.1631007,,,soc2-thermal,53.875
1780554433.1631007,,,tj-thermal,56.343
1780554433.2697518,VDD_IN,8580.48,,
1780554433.2697518,VDD_CPU_GPU_CV,3379.456,,
1780554433.2697518,VDD_SOC,1928.64,,
1780554433.2697518,,,cpu-thermal,55.75
1780554433.2697518,,,gpu-thermal,56.281
1780554433.2697518,,,soc0-thermal,54.0
1780554433.2697518,,,soc1-thermal,53.156
1780554433.2697518,,,soc2-thermal,53.875
1780554433.2697518,,,tj-thermal,56.281
1780554433.375795,VDD_IN,8541.12,,
1780554433.375795,VDD_CPU_GPU_CV,3340.16,,
1780554433.375795,VDD_SOC,1928.64,,
1780554433.375795,,,cpu-thermal,55.5
1780554433.375795,,,gpu-thermal,56.687
1780554433.375795,,,soc0-thermal,54.031
1780554433.375795,,,soc1-thermal,53.375
1780554433.375795,,,soc2-thermal,53.906
1780554433.375795,,,tj-thermal,56.687
1780554433.4823658,VDD_IN,8541.12,,
1780554433.4823658,VDD_CPU_GPU_CV,3340.16,,
1780554433.4823658,VDD_SOC,1928.64,,
1780554433.4823658,,,cpu-thermal,55.593
1780554433.4823658,,,gpu-thermal,56.531
1780554433.4823658,,,soc0-thermal,54.031
1780554433.4823658,,,soc1-thermal,53.406
1780554433.4823658,,,soc2-thermal,53.937
1780554433.4823658,,,tj-thermal,56.531
1780554433.588465,VDD_IN,8501.76,,
1780554433.588465,VDD_CPU_GPU_CV,3334.72,,
1780554433.588465,VDD_SOC,1928.64,,
1780554433.588465,,,cpu-thermal,55.687
1780554433.588465,,,gpu-thermal,56.343
1780554433.588465,,,soc0-thermal,53.968
1780554433.588465,,,soc1-thermal,53.25
1780554433.588465,,,soc2-thermal,54.0
1780554433.588465,,,tj-thermal,56.5
1780554433.6945584,VDD_IN,8501.76,,
1780554433.6945584,VDD_CPU_GPU_CV,3295.488,,
1780554433.6945584,VDD_SOC,1928.64,,
1780554433.6945584,,,cpu-thermal,55.531
1780554433.6945584,,,gpu-thermal,56.687
1780554433.6945584,,,soc0-thermal,54.031
1780554433.6945584,,,soc1-thermal,53.312
1780554433.6945584,,,soc2-thermal,53.937
1780554433.6945584,,,tj-thermal,56.437
1780554433.8005548,VDD_IN,8501.76,,
1780554433.8005548,VDD_CPU_GPU_CV,3295.488,,
1780554433.8005548,VDD_SOC,1928.64,,
1780554433.8005548,,,cpu-thermal,55.656
1780554433.8005548,,,gpu-thermal,56.562
1780554433.8005548,,,soc0-thermal,54.093
1780554433.8005548,,,soc1-thermal,53.437
1780554433.8005548,,,soc2-thermal,53.875
1780554433.8005548,,,tj-thermal,56.468
1780554433.9061747,VDD_IN,8580.48,,
1780554433.9061747,VDD_CPU_GPU_CV,3379.456,,
1780554433.9061747,VDD_SOC,1928.64,,
1780554433.9061747,,,cpu-thermal,55.625
1780554433.9061747,,,gpu-thermal,56.562
1780554433.9061747,,,soc0-thermal,54.156
1780554433.9061747,,,soc1-thermal,53.218
1780554433.9061747,,,soc2-thermal,53.906
1780554433.9061747,,,tj-thermal,56.562
1780554434.0120034,VDD_IN,8659.2,,
1780554434.0120034,VDD_CPU_GPU_CV,3418.752,,
1780554434.0120034,VDD_SOC,1968.0,,
1780554434.0120034,,,cpu-thermal,55.531
1780554434.0120034,,,gpu-thermal,56.562
1780554434.0120034,,,soc0-thermal,54.093
1780554434.0120034,,,soc1-thermal,53.312
1780554434.0120034,,,soc2-thermal,54.0
1780554434.0120034,,,tj-thermal,56.562
1780554434.1185396,VDD_IN,8580.48,,
1780554434.1185396,VDD_CPU_GPU_CV,3379.456,,
1780554434.1185396,VDD_SOC,1928.64,,
1780554434.1185396,,,cpu-thermal,55.593
1780554434.1185396,,,gpu-thermal,56.468
1780554434.1185396,,,soc0-thermal,54.093
1780554434.1185396,,,soc1-thermal,53.406
1780554434.1185396,,,soc2-thermal,53.937
1780554434.1185396,,,tj-thermal,56.468
1780554434.2242353,VDD_IN,8501.76,,
1780554434.2242353,VDD_CPU_GPU_CV,3340.16,,
1780554434.2242353,VDD_SOC,1928.64,,
1780554434.2242353,,,cpu-thermal,55.625
1780554434.2242353,,,gpu-thermal,56.781
1780554434.2242353,,,soc0-thermal,54.093
1780554434.2242353,,,soc1-thermal,53.281
1780554434.2242353,,,soc2-thermal,54.062
1780554434.2242353,,,tj-thermal,56.781
1780554434.3305705,VDD_IN,8462.4,,
1780554434.3305705,VDD_CPU_GPU_CV,3300.864,,
1780554434.3305705,VDD_SOC,1928.64,,
1780554434.3305705,,,cpu-thermal,56.031
1780554434.3305705,,,gpu-thermal,56.593
1780554434.3305705,,,soc0-thermal,54.281
1780554434.3305705,,,soc1-thermal,53.375
1780554434.3305705,,,soc2-thermal,54.031
1780554434.3305705,,,tj-thermal,56.593
1780554434.4365873,VDD_IN,8423.04,,
1780554434.4365873,VDD_CPU_GPU_CV,3261.568,,
1780554434.4365873,VDD_SOC,1928.64,,
1780554434.4365873,,,cpu-thermal,55.625
1780554434.4365873,,,gpu-thermal,56.5
1780554434.4365873,,,soc0-thermal,54.093
1780554434.4365873,,,soc1-thermal,53.437
1780554434.4365873,,,soc2-thermal,53.937
1780554434.4365873,,,tj-thermal,56.5
1780554434.5423973,VDD_IN,8383.68,,
1780554434.5423973,VDD_CPU_GPU_CV,3261.568,,
1780554434.5423973,VDD_SOC,1889.28,,
1780554434.5423973,,,cpu-thermal,55.562
1780554434.5423973,,,gpu-thermal,56.875
1780554434.5423973,,,soc0-thermal,54.187
1780554434.5423973,,,soc1-thermal,53.531
1780554434.5423973,,,soc2-thermal,54.125
1780554434.5423973,,,tj-thermal,56.5
1780554434.6484075,VDD_IN,8383.68,,
1780554434.6484075,VDD_CPU_GPU_CV,3261.568,,
1780554434.6484075,VDD_SOC,1889.28,,
1780554434.6484075,,,cpu-thermal,55.843
1780554434.6484075,,,gpu-thermal,56.625
1780554434.6484075,,,soc0-thermal,54.312
1780554434.6484075,,,soc1-thermal,53.375
1780554434.6484075,,,soc2-thermal,54.031
1780554434.6484075,,,tj-thermal,56.531
1780554434.7540941,VDD_IN,8383.68,,
1780554434.7540941,VDD_CPU_GPU_CV,3261.568,,
1780554434.7540941,VDD_SOC,1889.28,,
1780554434.7540941,,,cpu-thermal,55.968
1780554434.7540941,,,gpu-thermal,56.562
1780554434.7540941,,,soc0-thermal,54.125
1780554434.7540941,,,soc1-thermal,53.375
1780554434.7540941,,,soc2-thermal,54.031
1780554434.7540941,,,tj-thermal,56.562
1780554434.859715,VDD_IN,8476.16,,
1780554434.859715,VDD_CPU_GPU_CV,3300.864,,
1780554434.859715,VDD_SOC,1928.64,,
1780554434.859715,,,cpu-thermal,55.593
1780554434.859715,,,gpu-thermal,56.593
1780554434.859715,,,soc0-thermal,54.187
1780554434.859715,,,soc1-thermal,53.562
1780554434.859715,,,soc2-thermal,54.125
1780554434.859715,,,tj-thermal,56.593
1780554434.9656205,VDD_IN,8594.432,,
1780554434.9656205,VDD_CPU_GPU_CV,3379.456,,
1780554434.9656205,VDD_SOC,1928.64,,
1780554434.9656205,,,cpu-thermal,55.812
1780554434.9656205,,,gpu-thermal,56.593
1780554434.9656205,,,soc0-thermal,54.312
1780554434.9656205,,,soc1-thermal,53.625
1780554434.9656205,,,soc2-thermal,54.031
1780554434.9656205,,,tj-thermal,56.593
1780554435.0710793,VDD_IN,8594.432,,
1780554435.0710793,VDD_CPU_GPU_CV,3379.456,,
1780554435.0710793,VDD_SOC,1928.64,,
1780554435.0710793,,,cpu-thermal,55.843
1780554435.0710793,,,gpu-thermal,56.937
1780554435.0710793,,,soc0-thermal,54.281
1780554435.0710793,,,soc1-thermal,53.375
1780554435.0710793,,,soc2-thermal,54.25
1780554435.0710793,,,tj-thermal,56.937
1780554435.176783,VDD_IN,8515.584,,
1780554435.176783,VDD_CPU_GPU_CV,3340.16,,
1780554435.176783,VDD_SOC,1928.64,,
1780554435.176783,,,cpu-thermal,55.968
1780554435.176783,,,gpu-thermal,56.812
1780554435.176783,,,soc0-thermal,54.218
1780554435.176783,,,soc1-thermal,53.531
1780554435.176783,,,soc2-thermal,54.0
1780554435.176783,,,tj-thermal,56.812
1780554435.2837372,VDD_IN,8462.4,,
1780554435.2837372,VDD_CPU_GPU_CV,3300.864,,
1780554435.2837372,VDD_SOC,1928.64,,
1780554435.2837372,,,cpu-thermal,55.75
1780554435.2837372,,,gpu-thermal,56.656
1780554435.2837372,,,soc0-thermal,54.218
1780554435.2837372,,,soc1-thermal,53.593
1780554435.2837372,,,soc2-thermal,54.125
1780554435.2837372,,,tj-thermal,56.656
1780554435.389876,VDD_IN,8423.04,,
1780554435.389876,VDD_CPU_GPU_CV,3300.864,,
1780554435.389876,VDD_SOC,1928.64,,
1780554435.389876,,,cpu-thermal,55.812
1780554435.389876,,,gpu-thermal,56.906
1780554435.389876,,,soc0-thermal,54.437
1780554435.389876,,,soc1-thermal,53.468
1780554435.389876,,,soc2-thermal,54.156
1780554435.389876,,,tj-thermal,56.593
1780554435.4962091,VDD_IN,8423.04,,
1780554435.4962091,VDD_CPU_GPU_CV,3300.864,,
1780554435.4962091,VDD_SOC,1928.64,,
1780554435.4962091,,,cpu-thermal,55.75
1780554435.4962091,,,gpu-thermal,56.562
1780554435.4962091,,,soc0-thermal,54.281
1780554435.4962091,,,soc1-thermal,53.531
1780554435.4962091,,,soc2-thermal,54.093
1780554435.4962091,,,tj-thermal,56.562
1780554435.6022735,VDD_IN,8423.04,,
1780554435.6022735,VDD_CPU_GPU_CV,3261.568,,
1780554435.6022735,VDD_SOC,1928.64,,
1780554435.6022735,,,cpu-thermal,55.812
1780554435.6022735,,,gpu-thermal,56.656
1780554435.6022735,,,soc0-thermal,54.25
1780554435.6022735,,,soc1-thermal,53.656
1780554435.6022735,,,soc2-thermal,54.125
1780554435.6022735,,,tj-thermal,56.593
1780554435.708507,VDD_IN,8344.32,,
1780554435.708507,VDD_CPU_GPU_CV,3261.568,,
1780554435.708507,VDD_SOC,1889.28,,
1780554435.708507,,,cpu-thermal,56.187
1780554435.708507,,,gpu-thermal,56.656
1780554435.708507,,,soc0-thermal,54.375
1780554435.708507,,,soc1-thermal,53.531
1780554435.708507,,,soc2-thermal,54.25
1780554435.708507,,,tj-thermal,56.906
1780554435.8143365,VDD_IN,8423.04,,
1780554435.8143365,VDD_CPU_GPU_CV,3300.864,,
1780554435.8143365,VDD_SOC,1928.64,,
1780554435.8143365,,,cpu-thermal,55.812
1780554435.8143365,,,gpu-thermal,56.593
1780554435.8143365,,,soc0-thermal,54.25
1780554435.8143365,,,soc1-thermal,53.593
1780554435.8143365,,,soc2-thermal,54.218
1780554435.8143365,,,tj-thermal,56.593
1780554435.9201133,VDD_IN,8555.008,,
1780554435.9201133,VDD_CPU_GPU_CV,3340.16,,
1780554435.9201133,VDD_SOC,1928.64,,
1780554435.9201133,,,cpu-thermal,55.781
1780554435.9201133,,,gpu-thermal,56.656
1780554435.9201133,,,soc0-thermal,54.375
1780554435.9201133,,,soc1-thermal,53.593
1780554435.9201133,,,soc2-thermal,54.125
1780554435.9201133,,,tj-thermal,56.656
1780554436.0260665,VDD_IN,8633.856,,
1780554436.0260665,VDD_CPU_GPU_CV,3418.752,,
1780554436.0260665,VDD_SOC,1928.64,,
1780554436.0260665,,,cpu-thermal,55.968
1780554436.0260665,,,gpu-thermal,57.031
1780554436.0260665,,,soc0-thermal,54.406
1780554436.0260665,,,soc1-thermal,53.718
1780554436.0260665,,,soc2-thermal,54.125
1780554436.0260665,,,tj-thermal,57.031
1780554436.1322,VDD_IN,8594.432,,
1780554436.1322,VDD_CPU_GPU_CV,3379.456,,
1780554436.1322,VDD_SOC,1928.64,,
1780554436.1322,,,cpu-thermal,56.031
1780554436.1322,,,gpu-thermal,56.875
1780554436.1322,,,soc0-thermal,54.312
1780554436.1322,,,soc1-thermal,53.562
1780554436.1322,,,soc2-thermal,54.25
1780554436.1322,,,tj-thermal,56.875
1780554436.2379713,VDD_IN,8515.584,,
1780554436.2379713,VDD_CPU_GPU_CV,3340.16,,
1780554436.2379713,VDD_SOC,1928.64,,
1780554436.2379713,,,cpu-thermal,56.25
1780554436.2379713,,,gpu-thermal,56.75
1780554436.2379713,,,soc0-thermal,54.343
1780554436.2379713,,,soc1-thermal,53.593
1780554436.2379713,,,soc2-thermal,54.218
1780554436.2379713,,,tj-thermal,56.75
1780554436.3435814,VDD_IN,8462.4,,
1780554436.3435814,VDD_CPU_GPU_CV,3300.864,,
1780554436.3435814,VDD_SOC,1928.64,,
1780554436.3435814,,,cpu-thermal,55.968
1780554436.3435814,,,gpu-thermal,56.906
1780554436.3435814,,,soc0-thermal,54.437
1780554436.3435814,,,soc1-thermal,53.687
1780554436.3435814,,,soc2-thermal,54.156
1780554436.3435814,,,tj-thermal,56.75
1780554436.4493287,VDD_IN,8423.04,,
1780554436.4493287,VDD_CPU_GPU_CV,3261.568,,
1780554436.4493287,VDD_SOC,1928.64,,
1780554436.4493287,,,cpu-thermal,55.968
1780554436.4493287,,,gpu-thermal,56.843
1780554436.4493287,,,soc0-thermal,54.468
1780554436.4493287,,,soc1-thermal,53.562
1780554436.4493287,,,soc2-thermal,54.343
1780554436.4493287,,,tj-thermal,56.562
1780554436.5549736,VDD_IN,8423.04,,
1780554436.5549736,VDD_CPU_GPU_CV,3261.568,,
1780554436.5549736,VDD_SOC,1928.64,,
1780554436.5549736,,,cpu-thermal,56.0
1780554436.5549736,,,gpu-thermal,56.718
1780554436.5549736,,,soc0-thermal,54.375
1780554436.5549736,,,soc1-thermal,53.656
1780554436.5549736,,,soc2-thermal,54.218
1780554436.5549736,,,tj-thermal,56.718
1780554436.6605992,VDD_IN,8423.04,,
1780554436.6605992,VDD_CPU_GPU_CV,3261.568,,
1780554436.6605992,VDD_SOC,1928.64,,
1780554436.6605992,,,cpu-thermal,55.937
1780554436.6605992,,,gpu-thermal,56.718
1780554436.6605992,,,soc0-thermal,54.312
1780554436.6605992,,,soc1-thermal,53.625
1780554436.6605992,,,soc2-thermal,54.281
1780554436.6605992,,,tj-thermal,56.718
1780554436.7670014,VDD_IN,8423.04,,
1780554436.7670014,VDD_CPU_GPU_CV,3261.568,,
1780554436.7670014,VDD_SOC,1928.64,,
1780554436.7670014,,,cpu-thermal,55.937
1780554436.7670014,,,gpu-thermal,56.687
1780554436.7670014,,,soc0-thermal,54.468
1780554436.7670014,,,soc1-thermal,53.812
1780554436.7670014,,,soc2-thermal,54.312
1780554436.7670014,,,tj-thermal,56.687
1780554436.8727057,VDD_IN,8541.12,,
1780554436.8727057,VDD_CPU_GPU_CV,3340.16,,
1780554436.8727057,VDD_SOC,1928.64,,
1780554436.8727057,,,cpu-thermal,56.031
1780554436.8727057,,,gpu-thermal,57.125
1780554436.8727057,,,soc0-thermal,54.593
1780554436.8727057,,,soc1-thermal,53.593
1780554436.8727057,,,soc2-thermal,54.375
1780554436.8727057,,,tj-thermal,57.125
1780554436.978506,VDD_IN,8633.856,,
1780554436.978506,VDD_CPU_GPU_CV,3379.456,,
1780554436.978506,VDD_SOC,1928.64,,
1780554436.978506,,,cpu-thermal,55.937
1780554436.978506,,,gpu-thermal,57.0
1780554436.978506,,,soc0-thermal,54.437
1780554436.978506,,,soc1-thermal,53.625
1780554436.978506,,,soc2-thermal,54.281
1780554436.978506,,,tj-thermal,57.0
1780554437.0839765,VDD_IN,8633.856,,
1780554437.0839765,VDD_CPU_GPU_CV,3379.456,,
1780554437.0839765,VDD_SOC,1928.64,,
1780554437.0839765,,,cpu-thermal,56.0
1780554437.0839765,,,gpu-thermal,56.812
1780554437.0839765,,,soc0-thermal,54.375
1780554437.0839765,,,soc1-thermal,53.781
1780554437.0839765,,,soc2-thermal,54.343
1780554437.0839765,,,tj-thermal,56.875
1780554437.1895523,VDD_IN,8555.008,,
1780554437.1895523,VDD_CPU_GPU_CV,3340.16,,
1780554437.1895523,VDD_SOC,1928.64,,
1780554437.1895523,,,cpu-thermal,55.937
1780554437.1895523,,,gpu-thermal,57.031
1780554437.1895523,,,soc0-thermal,54.5
1780554437.1895523,,,soc1-thermal,53.906
1780554437.1895523,,,soc2-thermal,54.312
1780554437.1895523,,,tj-thermal,57.031
1780554437.2952192,VDD_IN,8515.584,,
1780554437.2952192,VDD_CPU_GPU_CV,3300.864,,
1780554437.2952192,VDD_SOC,1928.64,,
1780554437.2952192,,,cpu-thermal,55.968
1780554437.2952192,,,gpu-thermal,56.937
1780554437.2952192,,,soc0-thermal,54.437
1780554437.2952192,,,soc1-thermal,53.781
1780554437.2952192,,,soc2-thermal,54.406
1780554437.2952192,,,tj-thermal,56.937
1780554437.4016767,VDD_IN,8476.16,,
1780554437.4016767,VDD_CPU_GPU_CV,3261.568,,
1780554437.4016767,VDD_SOC,1928.64,,
1780554437.4016767,,,cpu-thermal,55.906
1780554437.4016767,,,gpu-thermal,56.937
1780554437.4016767,,,soc0-thermal,54.406
1780554437.4016767,,,soc1-thermal,53.687
1780554437.4016767,,,soc2-thermal,54.312
1780554437.4016767,,,tj-thermal,56.937
1780554437.507685,VDD_IN,8436.736,,
1780554437.507685,VDD_CPU_GPU_CV,3261.568,,
1780554437.507685,VDD_SOC,1928.64,,
1780554437.507685,,,cpu-thermal,55.906
1780554437.507685,,,gpu-thermal,56.781
1780554437.507685,,,soc0-thermal,54.531
1780554437.507685,,,soc1-thermal,53.906
1780554437.507685,,,soc2-thermal,54.375
1780554437.507685,,,tj-thermal,56.781
1780554437.6140258,VDD_IN,8436.736,,
1780554437.6140258,VDD_CPU_GPU_CV,3261.568,,
1780554437.6140258,VDD_SOC,1889.28,,
1780554437.6140258,,,cpu-thermal,56.312
1780554437.6140258,,,gpu-thermal,56.75
1780554437.6140258,,,soc0-thermal,54.5
1780554437.6140258,,,soc1-thermal,53.75
1780554437.6140258,,,soc2-thermal,54.531
1780554437.6140258,,,tj-thermal,56.75
1780554437.7201939,VDD_IN,8383.68,,
1780554437.7201939,VDD_CPU_GPU_CV,3261.568,,
1780554437.7201939,VDD_SOC,1889.28,,
1780554437.7201939,,,cpu-thermal,56.0
1780554437.7201939,,,gpu-thermal,57.187
1780554437.7201939,,,soc0-thermal,54.5
1780554437.7201939,,,soc1-thermal,53.718
1780554437.7201939,,,soc2-thermal,54.375
1780554437.7201939,,,tj-thermal,57.187
1780554437.8256993,VDD_IN,8423.04,,
1780554437.8256993,VDD_CPU_GPU_CV,3300.864,,
1780554437.8256993,VDD_SOC,1928.64,,
1780554437.8256993,,,cpu-thermal,56.0
1780554437.8256993,,,gpu-thermal,57.093
1780554437.8256993,,,soc0-thermal,54.562
1780554437.8256993,,,soc1-thermal,53.906
1780554437.8256993,,,soc2-thermal,54.5
1780554437.8256993,,,tj-thermal,57.093
1780554437.931286,VDD_IN,8555.008,,
1780554437.931286,VDD_CPU_GPU_CV,3379.456,,
1780554437.931286,VDD_SOC,1928.64,,
1780554437.931286,,,cpu-thermal,56.156
1780554437.931286,,,gpu-thermal,56.906
1780554437.931286,,,soc0-thermal,54.531
1780554437.931286,,,soc1-thermal,53.75
1780554437.931286,,,soc2-thermal,54.375
1780554437.931286,,,tj-thermal,56.906
1780554438.0366151,VDD_IN,8633.856,,
1780554438.0366151,VDD_CPU_GPU_CV,3379.456,,
1780554438.0366151,VDD_SOC,1928.64,,
1780554438.0366151,,,cpu-thermal,56.25
1780554438.0366151,,,gpu-thermal,57.25
1780554438.0366151,,,soc0-thermal,54.531
1780554438.0366151,,,soc1-thermal,53.781
1780554438.0366151,,,soc2-thermal,54.406
1780554438.0366151,,,tj-thermal,57.25
1780554438.142275,VDD_IN,8555.008,,
1780554438.142275,VDD_CPU_GPU_CV,3340.16,,
1780554438.142275,VDD_SOC,1928.64,,
1780554438.142275,,,cpu-thermal,56.375
1780554438.142275,,,gpu-thermal,57.062
1780554438.142275,,,soc0-thermal,54.562
1780554438.142275,,,soc1-thermal,53.843
1780554438.142275,,,soc2-thermal,54.343
1780554438.142275,,,tj-thermal,57.062
1780554438.2478888,VDD_IN,8501.76,,
1780554438.2478888,VDD_CPU_GPU_CV,3340.16,,
1780554438.2478888,VDD_SOC,1928.64,,
1780554438.2478888,,,cpu-thermal,56.125
1780554438.2478888,,,gpu-thermal,56.906
1780554438.2478888,,,soc0-thermal,54.625
1780554438.2478888,,,soc1-thermal,53.968
1780554438.2478888,,,soc2-thermal,54.468
1780554438.2478888,,,tj-thermal,56.906
1780554438.353793,VDD_IN,8423.04,,
1780554438.353793,VDD_CPU_GPU_CV,3300.864,,
1780554438.353793,VDD_SOC,1928.64,,
1780554438.353793,,,cpu-thermal,56.281
1780554438.353793,,,gpu-thermal,57.093
1780554438.353793,,,soc0-thermal,54.687
1780554438.353793,,,soc1-thermal,53.812
1780554438.353793,,,soc2-thermal,54.5
1780554438.353793,,,tj-thermal,56.937
1780554438.4599872,VDD_IN,8383.68,,
1780554438.4599872,VDD_CPU_GPU_CV,3261.568,,
1780554438.4599872,VDD_SOC,1889.28,,
1780554438.4599872,,,cpu-thermal,56.312
1780554438.4599872,,,gpu-thermal,56.906
1780554438.4599872,,,soc0-thermal,54.531
1780554438.4599872,,,soc1-thermal,53.906
1780554438.4599872,,,soc2-thermal,54.437
1780554438.4599872,,,tj-thermal,56.906
1780554438.566335,VDD_IN,8344.32,,
1780554438.566335,VDD_CPU_GPU_CV,3222.272,,
1780554438.566335,VDD_SOC,1889.28,,
1780554438.566335,,,cpu-thermal,56.156
1780554438.566335,,,gpu-thermal,56.968
1780554438.566335,,,soc0-thermal,54.531
1780554438.566335,,,soc1-thermal,53.968
1780554438.566335,,,soc2-thermal,54.562
1780554438.566335,,,tj-thermal,57.25
1780554438.6721456,VDD_IN,8344.32,,
1780554438.6721456,VDD_CPU_GPU_CV,3222.272,,
1780554438.6721456,VDD_SOC,1889.28,,
1780554438.6721456,,,cpu-thermal,56.125
1780554438.6721456,,,gpu-thermal,57.0
1780554438.6721456,,,soc0-thermal,54.625
1780554438.6721456,,,soc1-thermal,54.093
1780554438.6721456,,,soc2-thermal,54.593
1780554438.6721456,,,tj-thermal,57.093
1780554438.7783237,VDD_IN,8304.96,,
1780554438.7783237,VDD_CPU_GPU_CV,3222.272,,
1780554438.7783237,VDD_SOC,1889.28,,
1780554438.7783237,,,cpu-thermal,56.156
1780554438.7783237,,,gpu-thermal,56.875
1780554438.7783237,,,soc0-thermal,54.562
1780554438.7783237,,,soc1-thermal,53.875
1780554438.7783237,,,soc2-thermal,54.437
1780554438.7783237,,,tj-thermal,57.031
1780554438.884575,VDD_IN,8462.4,,
1780554438.884575,VDD_CPU_GPU_CV,3300.864,,
1780554438.884575,VDD_SOC,1928.64,,
1780554438.884575,,,cpu-thermal,56.062
1780554438.884575,,,gpu-thermal,57.406
1780554438.884575,,,soc0-thermal,54.687
1780554438.884575,,,soc1-thermal,53.906
1780554438.884575,,,soc2-thermal,54.468
1780554438.884575,,,tj-thermal,57.406
1780554438.9900415,VDD_IN,8594.432,,
1780554438.9900415,VDD_CPU_GPU_CV,3379.456,,
1780554438.9900415,VDD_SOC,1928.64,,
1780554438.9900415,,,cpu-thermal,56.156
1780554438.9900415,,,gpu-thermal,57.25
1780554438.9900415,,,soc0-thermal,54.687
1780554438.9900415,,,soc1-thermal,54.031
1780554438.9900415,,,soc2-thermal,54.593
1780554438.9900415,,,tj-thermal,57.25
1780554439.0955215,VDD_IN,8555.008,,
1780554439.0955215,VDD_CPU_GPU_CV,3340.16,,
1780554439.0955215,VDD_SOC,1928.64,,
1780554439.0955215,,,cpu-thermal,56.5
1780554439.0955215,,,gpu-thermal,57.062
1780554439.0955215,,,soc0-thermal,54.781
1780554439.0955215,,,soc1-thermal,53.843
1780554439.0955215,,,soc2-thermal,54.625
1780554439.0955215,,,tj-thermal,57.062
1780554439.20149,VDD_IN,8515.584,,
1780554439.20149,VDD_CPU_GPU_CV,3340.16,,
1780554439.20149,VDD_SOC,1928.64,,
1780554439.20149,,,cpu-thermal,56.187
1780554439.20149,,,gpu-thermal,56.968
1780554439.20149,,,soc0-thermal,54.625
1780554439.20149,,,soc1-thermal,53.968
1780554439.20149,,,soc2-thermal,54.593
1780554439.20149,,,tj-thermal,56.968
1780554439.307088,VDD_IN,8462.4,,
1780554439.307088,VDD_CPU_GPU_CV,3300.864,,
1780554439.307088,VDD_SOC,1928.64,,
1780554439.307088,,,cpu-thermal,56.187
1780554439.307088,,,gpu-thermal,57.156
1780554439.307088,,,soc0-thermal,54.687
1780554439.307088,,,soc1-thermal,53.968
1780554439.307088,,,soc2-thermal,54.593
1780554439.307088,,,tj-thermal,57.031
1780554439.413226,VDD_IN,8462.4,,
1780554439.413226,VDD_CPU_GPU_CV,3300.864,,
1780554439.413226,VDD_SOC,1928.64,,
1780554439.413226,,,cpu-thermal,56.312
1780554439.413226,,,gpu-thermal,57.062
1780554439.413226,,,soc0-thermal,54.75
1780554439.413226,,,soc1-thermal,53.906
1780554439.413226,,,soc2-thermal,54.625
1780554439.413226,,,tj-thermal,57.406
1780554439.519318,VDD_IN,8462.4,,
1780554439.519318,VDD_CPU_GPU_CV,3300.864,,
1780554439.519318,VDD_SOC,1928.64,,
1780554439.519318,,,cpu-thermal,56.5
1780554439.519318,,,gpu-thermal,57.125
1780554439.519318,,,soc0-thermal,54.718
1780554439.519318,,,soc1-thermal,53.937
1780554439.519318,,,soc2-thermal,54.625
1780554439.519318,,,tj-thermal,57.281
1780554439.6251082,VDD_IN,8462.4,,
1780554439.6251082,VDD_CPU_GPU_CV,3300.864,,
1780554439.6251082,VDD_SOC,1928.64,,
1780554439.6251082,,,cpu-thermal,56.25
1780554439.6251082,,,gpu-thermal,57.031
1780554439.6251082,,,soc0-thermal,54.656
1780554439.6251082,,,soc1-thermal,54.031
1780554439.6251082,,,soc2-thermal,54.593
1780554439.6251082,,,tj-thermal,57.031
1780554439.731052,VDD_IN,8462.4,,
1780554439.731052,VDD_CPU_GPU_CV,3300.864,,
1780554439.731052,VDD_SOC,1928.64,,
1780554439.731052,,,cpu-thermal,56.343
1780554439.731052,,,gpu-thermal,57.5
1780554439.731052,,,soc0-thermal,54.718
1780554439.731052,,,soc1-thermal,54.125
1780554439.731052,,,soc2-thermal,54.593
1780554439.731052,,,tj-thermal,57.5
1780554439.8367674,VDD_IN,8501.76,,
1780554439.8367674,VDD_CPU_GPU_CV,3340.16,,
1780554439.8367674,VDD_SOC,1928.64,,
1780554439.8367674,,,cpu-thermal,56.406
1780554439.8367674,,,gpu-thermal,57.343
1780554439.8367674,,,soc0-thermal,54.843
1780554439.8367674,,,soc1-thermal,54.062
1780554439.8367674,,,soc2-thermal,54.687
1780554439.8367674,,,tj-thermal,57.343
1780554439.9431174,VDD_IN,8633.856,,
1780554439.9431174,VDD_CPU_GPU_CV,3379.456,,
1780554439.9431174,VDD_SOC,1928.64,,
1780554439.9431174,,,cpu-thermal,56.531
1780554439.9431174,,,gpu-thermal,57.312
1780554439.9431174,,,soc0-thermal,54.656
1780554439.9431174,,,soc1-thermal,54.031
1780554439.9431174,,,soc2-thermal,54.593
1780554439.9431174,,,tj-thermal,57.312
1780554440.0487463,VDD_IN,8633.856,,
1780554440.0487463,VDD_CPU_GPU_CV,3379.456,,
1780554440.0487463,VDD_SOC,1928.64,,
1780554440.0487463,,,cpu-thermal,56.25
1780554440.0487463,,,gpu-thermal,57.187
1780554440.0487463,,,soc0-thermal,54.812
1780554440.0487463,,,soc1-thermal,54.125
1780554440.0487463,,,soc2-thermal,54.625
1780554440.0487463,,,tj-thermal,57.187
1780554440.1547637,VDD_IN,8555.008,,
1780554440.1547637,VDD_CPU_GPU_CV,3379.456,,
1780554440.1547637,VDD_SOC,1928.64,,
1780554440.1547637,,,cpu-thermal,56.343
1780554440.1547637,,,gpu-thermal,57.375
1780554440.1547637,,,soc0-thermal,54.906
1780554440.1547637,,,soc1-thermal,53.968
1780554440.1547637,,,soc2-thermal,54.75
1780554440.1547637,,,tj-thermal,57.062
1780554440.2605667,VDD_IN,8476.16,,
1780554440.2605667,VDD_CPU_GPU_CV,3340.16,,
1780554440.2605667,VDD_SOC,1928.64,,
1780554440.2605667,,,cpu-thermal,56.5
1780554440.2605667,,,gpu-thermal,57.187
1780554440.2605667,,,soc0-thermal,54.718
1780554440.2605667,,,soc1-thermal,54.062
1780554440.2605667,,,soc2-thermal,54.718
1780554440.2605667,,,tj-thermal,57.156
1780554440.3667047,VDD_IN,8423.04,,
1780554440.3667047,VDD_CPU_GPU_CV,3300.864,,
1780554440.3667047,VDD_SOC,1928.64,,
1780554440.3667047,,,cpu-thermal,56.312
1780554440.3667047,,,gpu-thermal,57.25
1780554440.3667047,,,soc0-thermal,54.812
1780554440.3667047,,,soc1-thermal,54.125
1780554440.3667047,,,soc2-thermal,54.718
1780554440.3667047,,,tj-thermal,57.25
1780554440.472256,VDD_IN,8423.04,,
1780554440.472256,VDD_CPU_GPU_CV,3261.568,,
1780554440.472256,VDD_SOC,1928.64,,
1780554440.472256,,,cpu-thermal,56.343
1780554440.472256,,,gpu-thermal,57.093
1780554440.472256,,,soc0-thermal,54.812
1780554440.472256,,,soc1-thermal,54.187
1780554440.472256,,,soc2-thermal,54.718
1780554440.472256,,,tj-thermal,57.093
1780554440.5777502,VDD_IN,8383.68,,
1780554440.5777502,VDD_CPU_GPU_CV,3261.568,,
1780554440.5777502,VDD_SOC,1889.28,,
1780554440.5777502,,,cpu-thermal,56.312
1780554440.5777502,,,gpu-thermal,57.531
1780554440.5777502,,,soc0-thermal,54.906
1780554440.5777502,,,soc1-thermal,54.0
1780554440.5777502,,,soc2-thermal,54.781
1780554440.5777502,,,tj-thermal,57.531
1780554440.6834457,VDD_IN,8344.32,,
1780554440.6834457,VDD_CPU_GPU_CV,3261.568,,
1780554440.6834457,VDD_SOC,1889.28,,
1780554440.6834457,,,cpu-thermal,56.5
1780554440.6834457,,,gpu-thermal,57.437
1780554440.6834457,,,soc0-thermal,54.812
1780554440.6834457,,,soc1-thermal,54.125
1780554440.6834457,,,soc2-thermal,54.718
1780554440.6834457,,,tj-thermal,57.437
1780554440.7889433,VDD_IN,8344.32,,
1780554440.7889433,VDD_CPU_GPU_CV,3261.568,,
1780554440.7889433,VDD_SOC,1889.28,,
1780554440.7889433,,,cpu-thermal,56.375
1780554440.7889433,,,gpu-thermal,57.187
1780554440.7889433,,,soc0-thermal,54.843
1780554440.7889433,,,soc1-thermal,54.187
1780554440.7889433,,,soc2-thermal,54.781
1780554440.7889433,,,tj-thermal,57.312
1780554440.8952687,VDD_IN,8515.584,,
1780554440.8952687,VDD_CPU_GPU_CV,3340.16,,
1780554440.8952687,VDD_SOC,1928.64,,
1780554440.8952687,,,cpu-thermal,56.468
1780554440.8952687,,,gpu-thermal,57.625
1780554440.8952687,,,soc0-thermal,54.968
1780554440.8952687,,,soc1-thermal,54.375
1780554440.8952687,,,soc2-thermal,54.781
1780554440.8952687,,,tj-thermal,57.343
1780554441.001043,VDD_IN,8633.856,,
1780554441.001043,VDD_CPU_GPU_CV,3379.456,,
1780554441.001043,VDD_SOC,1928.64,,
1780554441.001043,,,cpu-thermal,56.687
1780554441.001043,,,gpu-thermal,57.531
1780554441.001043,,,soc0-thermal,55.062
1780554441.001043,,,soc1-thermal,54.125
1780554441.001043,,,soc2-thermal,54.75
1780554441.001043,,,tj-thermal,57.531
1780554441.1065753,VDD_IN,8555.008,,
1780554441.1065753,VDD_CPU_GPU_CV,3340.16,,
1780554441.1065753,VDD_SOC,1928.64,,
1780554441.1065753,,,cpu-thermal,56.406
1780554441.1065753,,,gpu-thermal,57.406
1780554441.1065753,,,soc0-thermal,54.875
1780554441.1065753,,,soc1-thermal,54.187
1780554441.1065753,,,soc2-thermal,54.781
1780554441.1065753,,,tj-thermal,57.406
1780554441.2124267,VDD_IN,8515.584,,
1780554441.2124267,VDD_CPU_GPU_CV,3340.16,,
1780554441.2124267,VDD_SOC,1928.64,,
1780554441.2124267,,,cpu-thermal,56.562
1780554441.2124267,,,gpu-thermal,57.281
1780554441.2124267,,,soc0-thermal,55.0
1780554441.2124267,,,soc1-thermal,54.25
1780554441.2124267,,,soc2-thermal,54.781
1780554441.2124267,,,tj-thermal,57.281
1780554441.3185506,VDD_IN,8436.736,,
1780554441.3185506,VDD_CPU_GPU_CV,3300.864,,
1780554441.3185506,VDD_SOC,1928.64,,
1780554441.3185506,,,cpu-thermal,56.656
1780554441.3185506,,,gpu-thermal,57.218
1780554441.3185506,,,soc0-thermal,55.031
1780554441.3185506,,,soc1-thermal,54.125
1780554441.3185506,,,soc2-thermal,54.875
1780554441.3185506,,,tj-thermal,57.218
1780554441.4242663,VDD_IN,8397.312,,
1780554441.4242663,VDD_CPU_GPU_CV,3261.568,,
1780554441.4242663,VDD_SOC,1928.64,,
1780554441.4242663,,,cpu-thermal,56.687
1780554441.4242663,,,gpu-thermal,57.218
1780554441.4242663,,,soc0-thermal,54.937
1780554441.4242663,,,soc1-thermal,54.187
1780554441.4242663,,,soc2-thermal,54.781
1780554441.4242663,,,tj-thermal,57.218
1780554441.530072,VDD_IN,8383.68,,
1780554441.530072,VDD_CPU_GPU_CV,3261.568,,
1780554441.530072,VDD_SOC,1889.28,,
1780554441.530072,,,cpu-thermal,56.468
1780554441.530072,,,gpu-thermal,57.281
1780554441.530072,,,soc0-thermal,54.968
1780554441.530072,,,soc1-thermal,54.218
1780554441.530072,,,soc2-thermal,54.75
1780554441.530072,,,tj-thermal,57.531
1780554441.6361964,VDD_IN,8304.96,,
1780554441.6361964,VDD_CPU_GPU_CV,3222.272,,
1780554441.6361964,VDD_SOC,1889.28,,
1780554441.6361964,,,cpu-thermal,56.5
1780554441.6361964,,,gpu-thermal,57.218
1780554441.6361964,,,soc0-thermal,55.031
1780554441.6361964,,,soc1-thermal,54.375
1780554441.6361964,,,soc2-thermal,54.937
1780554441.6361964,,,tj-thermal,57.406
1780554441.7417185,VDD_IN,8304.96,,
1780554441.7417185,VDD_CPU_GPU_CV,3222.272,,
1780554441.7417185,VDD_SOC,1889.28,,
1780554441.7417185,,,cpu-thermal,56.562
1780554441.7417185,,,gpu-thermal,57.125
1780554441.7417185,,,soc0-thermal,54.906
1780554441.7417185,,,soc1-thermal,54.187
1780554441.7417185,,,soc2-thermal,54.968
1780554441.7417185,,,tj-thermal,57.125
1780554441.8476372,VDD_IN,8383.68,,
1780554441.8476372,VDD_CPU_GPU_CV,3261.568,,
1780554441.8476372,VDD_SOC,1928.64,,
1780554441.8476372,,,cpu-thermal,56.5
1780554441.8476372,,,gpu-thermal,57.593
1780554441.8476372,,,soc0-thermal,54.906
1780554441.8476372,,,soc1-thermal,54.218
1780554441.8476372,,,soc2-thermal,54.843
1780554441.8476372,,,tj-thermal,57.593
1780554441.9535978,VDD_IN,8515.584,,
1780554441.9535978,VDD_CPU_GPU_CV,3340.16,,
1780554441.9535978,VDD_SOC,1928.64,,
1780554441.9535978,,,cpu-thermal,56.406
1780554441.9535978,,,gpu-thermal,57.437
1780554441.9535978,,,soc0-thermal,55.031
1780554441.9535978,,,soc1-thermal,54.343
1780554441.9535978,,,soc2-thermal,54.781
1780554441.9535978,,,tj-thermal,57.437
1780554442.059179,VDD_IN,8555.008,,
1780554442.059179,VDD_CPU_GPU_CV,3340.16,,
1780554442.059179,VDD_SOC,1928.64,,
1780554442.059179,,,cpu-thermal,56.468
1780554442.059179,,,gpu-thermal,57.5
1780554442.059179,,,soc0-thermal,55.062
1780554442.059179,,,soc1-thermal,54.187
1780554442.059179,,,soc2-thermal,55.031
1780554442.059179,,,tj-thermal,57.5
1780554442.1647015,VDD_IN,8476.16,,
1780554442.1647015,VDD_CPU_GPU_CV,3300.864,,
1780554442.1647015,VDD_SOC,1928.64,,
1780554442.1647015,,,cpu-thermal,56.593
1780554442.1647015,,,gpu-thermal,57.562
1780554442.1647015,,,soc0-thermal,54.968
1780554442.1647015,,,soc1-thermal,54.25
1780554442.1647015,,,soc2-thermal,55.031
1780554442.1647015,,,tj-thermal,57.343
1780554442.270598,VDD_IN,8423.04,,
1780554442.270598,VDD_CPU_GPU_CV,3300.864,,
1780554442.270598,VDD_SOC,1928.64,,
1780554442.270598,,,cpu-thermal,56.531
1780554442.270598,,,gpu-thermal,57.375
1780554442.270598,,,soc0-thermal,55.062
1780554442.270598,,,soc1-thermal,54.406
1780554442.270598,,,soc2-thermal,54.906
1780554442.270598,,,tj-thermal,57.375
1780554442.3761268,VDD_IN,8383.68,,
1780554442.3761268,VDD_CPU_GPU_CV,3261.568,,
1780554442.3761268,VDD_SOC,1928.64,,
1780554442.3761268,,,cpu-thermal,56.5
1780554442.3761268,,,gpu-thermal,57.343
1780554442.3761268,,,soc0-thermal,55.062
1780554442.3761268,,,soc1-thermal,54.375
1780554442.3761268,,,soc2-thermal,54.875
1780554442.3761268,,,tj-thermal,57.343
1780554442.4815524,VDD_IN,8344.32,,
1780554442.4815524,VDD_CPU_GPU_CV,3261.568,,
1780554442.4815524,VDD_SOC,1889.28,,
1780554442.4815524,,,cpu-thermal,56.875
1780554442.4815524,,,gpu-thermal,57.406
1780554442.4815524,,,soc0-thermal,55.187
1780554442.4815524,,,soc1-thermal,54.25
1780554442.4815524,,,soc2-thermal,55.062
1780554442.4815524,,,tj-thermal,57.406
1780554442.5879245,VDD_IN,8304.96,,
1780554442.5879245,VDD_CPU_GPU_CV,3222.272,,
1780554442.5879245,VDD_SOC,1889.28,,
1780554442.5879245,,,cpu-thermal,56.562
1780554442.5879245,,,gpu-thermal,57.25
1780554442.5879245,,,soc0-thermal,54.968
1780554442.5879245,,,soc1-thermal,54.312
1780554442.5879245,,,soc2-thermal,54.906
1780554442.5879245,,,tj-thermal,57.25
1780554442.6934721,VDD_IN,8265.6,,
1780554442.6934721,VDD_CPU_GPU_CV,3222.272,,
1780554442.6934721,VDD_SOC,1889.28,,
1780554442.6934721,,,cpu-thermal,56.5
1780554442.6934721,,,gpu-thermal,57.656
1780554442.6934721,,,soc0-thermal,55.062
1780554442.6934721,,,soc1-thermal,54.375
1780554442.6934721,,,soc2-thermal,55.031
1780554442.6934721,,,tj-thermal,57.656
1780554442.7992907,VDD_IN,8304.96,,
1780554442.7992907,VDD_CPU_GPU_CV,3222.272,,
1780554442.7992907,VDD_SOC,1889.28,,
1780554442.7992907,,,cpu-thermal,56.75
1780554442.7992907,,,gpu-thermal,57.281
1780554442.7992907,,,soc0-thermal,55.218
1780554442.7992907,,,soc1-thermal,54.562
1780554442.7992907,,,soc2-thermal,55.0
1780554442.7992907,,,tj-thermal,57.562
1780554442.905288,VDD_IN,8476.16,,
1780554442.905288,VDD_CPU_GPU_CV,3300.864,,
1780554442.905288,VDD_SOC,1928.64,,
1780554442.905288,,,cpu-thermal,56.875
1780554442.905288,,,gpu-thermal,57.5
1780554442.905288,,,soc0-thermal,55.031
1780554442.905288,,,soc1-thermal,54.343
1780554442.905288,,,soc2-thermal,54.968
1780554442.905288,,,tj-thermal,57.562
1780554443.0109727,VDD_IN,8594.432,,
1780554443.0109727,VDD_CPU_GPU_CV,3379.456,,
1780554443.0109727,VDD_SOC,1928.64,,
1780554443.0109727,,,cpu-thermal,56.656
1780554443.0109727,,,gpu-thermal,57.781
1780554443.0109727,,,soc0-thermal,55.062
1780554443.0109727,,,soc1-thermal,54.375
1780554443.0109727,,,soc2-thermal,55.062
1780554443.0109727,,,tj-thermal,57.781
1780554443.1164715,VDD_IN,8555.008,,
1780554443.1164715,VDD_CPU_GPU_CV,3340.16,,
1780554443.1164715,VDD_SOC,1928.64,,
1780554443.1164715,,,cpu-thermal,56.781
1780554443.1164715,,,gpu-thermal,57.531
1780554443.1164715,,,soc0-thermal,55.093
1780554443.1164715,,,soc1-thermal,54.5
1780554443.1164715,,,soc2-thermal,55.093
1780554443.1164715,,,tj-thermal,57.531
1780554443.221899,VDD_IN,8501.76,,
1780554443.221899,VDD_CPU_GPU_CV,3300.864,,
1780554443.221899,VDD_SOC,1928.64,,
1780554443.221899,,,cpu-thermal,56.812
1780554443.221899,,,gpu-thermal,57.5
1780554443.221899,,,soc0-thermal,55.187
1780554443.221899,,,soc1-thermal,54.281
1780554443.221899,,,soc2-thermal,55.093
1780554443.221899,,,tj-thermal,57.5
1780554443.3272297,VDD_IN,8462.4,,
1780554443.3272297,VDD_CPU_GPU_CV,3261.568,,
1780554443.3272297,VDD_SOC,1928.64,,
1780554443.3272297,,,cpu-thermal,56.906
1780554443.3272297,,,gpu-thermal,57.625
1780554443.3272297,,,soc0-thermal,55.125
1780554443.3272297,,,soc1-thermal,54.375
1780554443.3272297,,,soc2-thermal,55.031
1780554443.3272297,,,tj-thermal,57.437
1780554443.4327288,VDD_IN,8423.04,,
1780554443.4327288,VDD_CPU_GPU_CV,3261.568,,
1780554443.4327288,VDD_SOC,1928.64,,
1780554443.4327288,,,cpu-thermal,56.593
1780554443.4327288,,,gpu-thermal,57.562
1780554443.4327288,,,soc0-thermal,55.156
1780554443.4327288,,,soc1-thermal,54.5
1780554443.4327288,,,soc2-thermal,55.062
1780554443.4327288,,,tj-thermal,57.562
1780554443.5385482,VDD_IN,8383.68,,
1780554443.5385482,VDD_CPU_GPU_CV,3222.272,,
1780554443.5385482,VDD_SOC,1889.28,,
1780554443.5385482,,,cpu-thermal,56.781
1780554443.5385482,,,gpu-thermal,57.437
1780554443.5385482,,,soc0-thermal,55.187
1780554443.5385482,,,soc1-thermal,54.562
1780554443.5385482,,,soc2-thermal,55.062
1780554443.5385482,,,tj-thermal,57.437
1780554443.6442235,VDD_IN,8344.32,,
1780554443.6442235,VDD_CPU_GPU_CV,3222.272,,
1780554443.6442235,VDD_SOC,1889.28,,
1780554443.6442235,,,cpu-thermal,56.812
1780554443.6442235,,,gpu-thermal,57.5
1780554443.6442235,,,soc0-thermal,55.312
1780554443.6442235,,,soc1-thermal,54.375
1780554443.6442235,,,soc2-thermal,55.125
1780554443.6442235,,,tj-thermal,57.5
1780554443.7502182,VDD_IN,8344.32,,
1780554443.7502182,VDD_CPU_GPU_CV,3222.272,,
1780554443.7502182,VDD_SOC,1889.28,,
1780554443.7502182,,,cpu-thermal,56.906
1780554443.7502182,,,gpu-thermal,57.406
1780554443.7502182,,,soc0-thermal,55.093
1780554443.7502182,,,soc1-thermal,54.437
1780554443.7502182,,,soc2-thermal,55.093
1780554443.7502182,,,tj-thermal,57.406
1780554443.8566706,VDD_IN,8436.736,,
1780554443.8566706,VDD_CPU_GPU_CV,3261.568,,
1780554443.8566706,VDD_SOC,1928.64,,
1780554443.8566706,,,cpu-thermal,56.656
1780554443.8566706,,,gpu-thermal,57.906
1780554443.8566706,,,soc0-thermal,55.218
1780554443.8566706,,,soc1-thermal,54.531
1780554443.8566706,,,soc2-thermal,55.125
1780554443.8566706,,,tj-thermal,57.906
1780554443.962637,VDD_IN,8555.008,,
1780554443.962637,VDD_CPU_GPU_CV,3340.16,,
1780554443.962637,VDD_SOC,1928.64,,
1780554443.962637,,,cpu-thermal,56.781
1780554443.962637,,,gpu-thermal,57.718
1780554443.962637,,,soc0-thermal,55.281
1780554443.962637,,,soc1-thermal,54.437
1780554443.962637,,,soc2-thermal,55.218
1780554443.962637,,,tj-thermal,57.718
1780554444.0683453,VDD_IN,8594.432,,
1780554444.0683453,VDD_CPU_GPU_CV,3340.16,,
1780554444.0683453,VDD_SOC,1928.64,,
1780554444.0683453,,,cpu-thermal,56.781
1780554444.0683453,,,gpu-thermal,57.468
1780554444.0683453,,,soc0-thermal,55.093
1780554444.0683453,,,soc1-thermal,54.406
1780554444.0683453,,,soc2-thermal,55.062
1780554444.0683453,,,tj-thermal,57.687
1780554444.1741807,VDD_IN,8515.584,,
1780554444.1741807,VDD_CPU_GPU_CV,3300.864,,
1780554444.1741807,VDD_SOC,1928.64,,
1780554444.1741807,,,cpu-thermal,56.75
1780554444.1741807,,,gpu-thermal,57.812
1780554444.1741807,,,soc0-thermal,55.281
1780554444.1741807,,,soc1-thermal,54.5
1780554444.1741807,,,soc2-thermal,55.125
1780554444.1741807,,,tj-thermal,57.812
1780554444.2797077,VDD_IN,8436.736,,
1780554444.2797077,VDD_CPU_GPU_CV,3300.864,,
1780554444.2797077,VDD_SOC,1928.64,,
1780554444.2797077,,,cpu-thermal,56.718
1780554444.2797077,,,gpu-thermal,57.656
1780554444.2797077,,,soc0-thermal,55.25
1780554444.2797077,,,soc1-thermal,54.593
1780554444.2797077,,,soc2-thermal,55.156
1780554444.2797077,,,tj-thermal,57.656
1780554444.385691,VDD_IN,8436.736,,
1780554444.385691,VDD_CPU_GPU_CV,3261.568,,
1780554444.385691,VDD_SOC,1928.64,,
1780554444.385691,,,cpu-thermal,57.093
1780554444.385691,,,gpu-thermal,57.593
1780554444.385691,,,soc0-thermal,55.312
1780554444.385691,,,soc1-thermal,54.406
1780554444.385691,,,soc2-thermal,55.343
1780554444.385691,,,tj-thermal,57.593
1780554444.4911544,VDD_IN,8357.888,,
1780554444.4911544,VDD_CPU_GPU_CV,3261.568,,
1780554444.4911544,VDD_SOC,1889.28,,
1780554444.4911544,,,cpu-thermal,56.75
1780554444.4911544,,,gpu-thermal,57.468
1780554444.4911544,,,soc0-thermal,55.25
1780554444.4911544,,,soc1-thermal,54.406
1780554444.4911544,,,soc2-thermal,55.125
1780554444.4911544,,,tj-thermal,57.468
1780554444.59659,VDD_IN,8304.96,,
1780554444.59659,VDD_CPU_GPU_CV,3222.272,,
1780554444.59659,VDD_SOC,1889.28,,
1780554444.59659,,,cpu-thermal,56.75
1780554444.59659,,,gpu-thermal,57.625
1780554444.59659,,,soc0-thermal,55.25
1780554444.59659,,,soc1-thermal,54.656
1780554444.59659,,,soc2-thermal,55.156
1780554444.59659,,,tj-thermal,57.5
1780554444.7019682,VDD_IN,8304.96,,
1780554444.7019682,VDD_CPU_GPU_CV,3222.272,,
1780554444.7019682,VDD_SOC,1889.28,,
1780554444.7019682,,,cpu-thermal,56.781
1780554444.7019682,,,gpu-thermal,57.593
1780554444.7019682,,,soc0-thermal,55.281
1780554444.7019682,,,soc1-thermal,54.656
1780554444.7019682,,,soc2-thermal,55.156
1780554444.7019682,,,tj-thermal,57.593
1780554444.8072333,VDD_IN,8304.96,,
1780554444.8072333,VDD_CPU_GPU_CV,3222.272,,
1780554444.8072333,VDD_SOC,1889.28,,
1780554444.8072333,,,cpu-thermal,57.062
1780554444.8072333,,,gpu-thermal,57.625
1780554444.8072333,,,soc0-thermal,55.406
1780554444.8072333,,,soc1-thermal,54.562
1780554444.8072333,,,soc2-thermal,55.218
1780554444.8072333,,,tj-thermal,57.625
1780554444.913234,VDD_IN,8476.16,,
1780554444.913234,VDD_CPU_GPU_CV,3300.864,,
1780554444.913234,VDD_SOC,1928.64,,
1780554444.913234,,,cpu-thermal,56.781
1780554444.913234,,,gpu-thermal,57.593
1780554444.913234,,,soc0-thermal,55.281
1780554444.913234,,,soc1-thermal,54.531
1780554444.913234,,,soc2-thermal,55.156
1780554444.913234,,,tj-thermal,57.593
1780554445.0187464,VDD_IN,8594.432,,
1780554445.0187464,VDD_CPU_GPU_CV,3379.456,,
1780554445.0187464,VDD_SOC,1928.64,,
1780554445.0187464,,,cpu-thermal,56.781
1780554445.0187464,,,gpu-thermal,57.812
1780554445.0187464,,,soc0-thermal,55.375
1780554445.0187464,,,soc1-thermal,54.562
1780554445.0187464,,,soc2-thermal,55.218
1780554445.0187464,,,tj-thermal,58.031
1780554445.1245666,VDD_IN,8515.584,,
1780554445.1245666,VDD_CPU_GPU_CV,3300.864,,
1780554445.1245666,VDD_SOC,1928.64,,
1780554445.1245666,,,cpu-thermal,57.0
1780554445.1245666,,,gpu-thermal,57.625
1780554445.1245666,,,soc0-thermal,55.375
1780554445.1245666,,,soc1-thermal,54.75
1780554445.1245666,,,soc2-thermal,55.218
1780554445.1245666,,,tj-thermal,57.781
1780554445.2300277,VDD_IN,8476.16,,
1780554445.2300277,VDD_CPU_GPU_CV,3300.864,,
1780554445.2300277,VDD_SOC,1928.64,,
1780554445.2300277,,,cpu-thermal,57.156
1780554445.2300277,,,gpu-thermal,57.531
1780554445.2300277,,,soc0-thermal,55.25
1780554445.2300277,,,soc1-thermal,54.531
1780554445.2300277,,,soc2-thermal,55.281
1780554445.2300277,,,tj-thermal,57.531
1780554445.3354068,VDD_IN,8423.04,,
1780554445.3354068,VDD_CPU_GPU_CV,3300.864,,
1780554445.3354068,VDD_SOC,1928.64,,
1780554445.3354068,,,cpu-thermal,57.312
1780554445.3354068,,,gpu-thermal,57.875
1780554445.3354068,,,soc0-thermal,55.312
1780554445.3354068,,,soc1-thermal,54.593
1780554445.3354068,,,soc2-thermal,55.25
1780554445.3354068,,,tj-thermal,57.875
1780554445.4408484,VDD_IN,8383.68,,
1780554445.4408484,VDD_CPU_GPU_CV,3261.568,,
1780554445.4408484,VDD_SOC,1889.28,,
1780554445.4408484,,,cpu-thermal,56.906
1780554445.4408484,,,gpu-thermal,57.812
1780554445.4408484,,,soc0-thermal,55.343
1780554445.4408484,,,soc1-thermal,54.687
1780554445.4408484,,,soc2-thermal,55.343
1780554445.4408484,,,tj-thermal,57.812
1780554445.546619,VDD_IN,8344.32,,
1780554445.546619,VDD_CPU_GPU_CV,3222.272,,
1780554445.546619,VDD_SOC,1889.28,,
1780554445.546619,,,cpu-thermal,57.125
1780554445.546619,,,gpu-thermal,57.5
1780554445.546619,,,soc0-thermal,55.437
1780554445.546619,,,soc1-thermal,54.562
1780554445.546619,,,soc2-thermal,55.343
1780554445.546619,,,tj-thermal,57.656
1780554445.6526327,VDD_IN,8344.32,,
1780554445.6526327,VDD_CPU_GPU_CV,3222.272,,
1780554445.6526327,VDD_SOC,1889.28,,
1780554445.6526327,,,cpu-thermal,57.125
1780554445.6526327,,,gpu-thermal,57.843
1780554445.6526327,,,soc0-thermal,55.281
1780554445.6526327,,,soc1-thermal,54.562
1780554445.6526327,,,soc2-thermal,55.25
1780554445.6526327,,,tj-thermal,57.625
1780554445.7586827,VDD_IN,8265.6,,
1780554445.7586827,VDD_CPU_GPU_CV,3222.272,,
1780554445.7586827,VDD_SOC,1889.28,,
1780554445.7586827,,,cpu-thermal,56.843
1780554445.7586827,,,gpu-thermal,57.781
1780554445.7586827,,,soc0-thermal,55.406
1780554445.7586827,,,soc1-thermal,54.625
1780554445.7586827,,,soc2-thermal,55.312
1780554445.7586827,,,tj-thermal,57.562
1780554445.8648582,VDD_IN,8423.04,,
1780554445.8648582,VDD_CPU_GPU_CV,3261.568,,
1780554445.8648582,VDD_SOC,1928.64,,
1780554445.8648582,,,cpu-thermal,56.937
1780554445.8648582,,,gpu-thermal,57.843
1780554445.8648582,,,soc0-thermal,55.437
1780554445.8648582,,,soc1-thermal,54.812
1780554445.8648582,,,soc2-thermal,55.25
1780554445.8648582,,,tj-thermal,57.843
1780554445.9703157,VDD_IN,8555.008,,
1780554445.9703157,VDD_CPU_GPU_CV,3340.16,,
1780554445.9703157,VDD_SOC,1928.64,,
1780554445.9703157,,,cpu-thermal,56.968
1780554445.9703157,,,gpu-thermal,57.718
1780554445.9703157,,,soc0-thermal,55.5
1780554445.9703157,,,soc1-thermal,54.593
1780554445.9703157,,,soc2-thermal,55.437
1780554445.9703157,,,tj-thermal,57.718
1780554446.0756748,VDD_IN,8515.584,,
1780554446.0756748,VDD_CPU_GPU_CV,3340.16,,
1780554446.0756748,VDD_SOC,1928.64,,
1780554446.0756748,,,cpu-thermal,56.906
1780554446.0756748,,,gpu-thermal,57.687
1780554446.0756748,,,soc0-thermal,55.406
1780554446.0756748,,,soc1-thermal,54.75
1780554446.0756748,,,soc2-thermal,55.343
1780554446.0756748,,,tj-thermal,57.687
1780554446.1815152,VDD_IN,8476.16,,
1780554446.1815152,VDD_CPU_GPU_CV,3300.864,,
1780554446.1815152,VDD_SOC,1928.64,,
1780554446.1815152,,,cpu-thermal,56.937
1780554446.1815152,,,gpu-thermal,57.812
1780554446.1815152,,,soc0-thermal,55.468
1780554446.1815152,,,soc1-thermal,54.656
1780554446.1815152,,,soc2-thermal,55.375
1780554446.1815152,,,tj-thermal,58.031
1780554446.2869232,VDD_IN,8423.04,,
1780554446.2869232,VDD_CPU_GPU_CV,3300.864,,
1780554446.2869232,VDD_SOC,1928.64,,
1780554446.2869232,,,cpu-thermal,57.0
1780554446.2869232,,,gpu-thermal,57.75
1780554446.2869232,,,soc0-thermal,55.437
1780554446.2869232,,,soc1-thermal,54.781
1780554446.2869232,,,soc2-thermal,55.375
1780554446.2869232,,,tj-thermal,57.75
1780554446.392374,VDD_IN,8383.68,,
1780554446.392374,VDD_CPU_GPU_CV,3261.568,,
1780554446.392374,VDD_SOC,1889.28,,
1780554446.392374,,,cpu-thermal,57.031
1780554446.392374,,,gpu-thermal,57.687
1780554446.392374,,,soc0-thermal,55.531
1780554446.392374,,,soc1-thermal,54.656
1780554446.392374,,,soc2-thermal,55.406
1780554446.392374,,,tj-thermal,57.687
1780554446.4977853,VDD_IN,8383.68,,
1780554446.4977853,VDD_CPU_GPU_CV,3261.568,,
1780554446.4977853,VDD_SOC,1889.28,,
1780554446.4977853,,,cpu-thermal,56.937
1780554446.4977853,,,gpu-thermal,58.0
1780554446.4977853,,,soc0-thermal,55.437
1780554446.4977853,,,soc1-thermal,54.656
1780554446.4977853,,,soc2-thermal,55.343
1780554446.4977853,,,tj-thermal,58.0
1780554446.6033423,VDD_IN,8344.32,,
1780554446.6033423,VDD_CPU_GPU_CV,3222.272,,
1780554446.6033423,VDD_SOC,1889.28,,
1780554446.6033423,,,cpu-thermal,57.0
1780554446.6033423,,,gpu-thermal,57.906
1780554446.6033423,,,soc0-thermal,55.5
1780554446.6033423,,,soc1-thermal,54.718
1780554446.6033423,,,soc2-thermal,55.437
1780554446.6033423,,,tj-thermal,57.906
1780554446.7087214,VDD_IN,8265.6,,
1780554446.7087214,VDD_CPU_GPU_CV,3222.272,,
1780554446.7087214,VDD_SOC,1889.28,,
1780554446.7087214,,,cpu-thermal,57.062
1780554446.7087214,,,gpu-thermal,57.656
1780554446.7087214,,,soc0-thermal,55.531
1780554446.7087214,,,soc1-thermal,54.843
1780554446.7087214,,,soc2-thermal,55.437
1780554446.7087214,,,tj-thermal,57.656
1780554446.8140523,VDD_IN,8304.96,,
1780554446.8140523,VDD_CPU_GPU_CV,3222.272,,
1780554446.8140523,VDD_SOC,1889.28,,
1780554446.8140523,,,cpu-thermal,56.968
1780554446.8140523,,,gpu-thermal,58.031
1780554446.8140523,,,soc0-thermal,55.468
1780554446.8140523,,,soc1-thermal,54.656
1780554446.8140523,,,soc2-thermal,55.468
1780554446.8140523,,,tj-thermal,58.031
1780554446.9194887,VDD_IN,8476.16,,
1780554446.9194887,VDD_CPU_GPU_CV,3300.864,,
1780554446.9194887,VDD_SOC,1928.64,,
1780554446.9194887,,,cpu-thermal,57.062
1780554446.9194887,,,gpu-thermal,58.0
1780554446.9194887,,,soc0-thermal,55.406
1780554446.9194887,,,soc1-thermal,54.75
1780554446.9194887,,,soc2-thermal,55.406
1780554446.9194887,,,tj-thermal,58.0
1780554447.025367,VDD_IN,8594.432,,
1780554447.025367,VDD_CPU_GPU_CV,3379.456,,
1780554447.025367,VDD_SOC,1928.64,,
1780554447.025367,,,cpu-thermal,57.0
1780554447.025367,,,gpu-thermal,57.968
1780554447.025367,,,soc0-thermal,55.5
1780554447.025367,,,soc1-thermal,54.906
1780554447.025367,,,soc2-thermal,55.375
1780554447.025367,,,tj-thermal,57.968
1780554447.1311066,VDD_IN,8515.584,,
1780554447.1311066,VDD_CPU_GPU_CV,3340.16,,
1780554447.1311066,VDD_SOC,1928.64,,
1780554447.1311066,,,cpu-thermal,57.281
1780554447.1311066,,,gpu-thermal,58.0
1780554447.1311066,,,soc0-thermal,55.593
1780554447.1311066,,,soc1-thermal,54.718
1780554447.1311066,,,soc2-thermal,55.437
1780554447.1311066,,,tj-thermal,57.812
1780554447.2364116,VDD_IN,8476.16,,
1780554447.2364116,VDD_CPU_GPU_CV,3300.864,,
1780554447.2364116,VDD_SOC,1928.64,,
1780554447.2364116,,,cpu-thermal,57.437
1780554447.2364116,,,gpu-thermal,57.968
1780554447.2364116,,,soc0-thermal,55.593
1780554447.2364116,,,soc1-thermal,54.812
1780554447.2364116,,,soc2-thermal,55.437
1780554447.2364116,,,tj-thermal,57.968
1780554447.341703,VDD_IN,8383.68,,
1780554447.341703,VDD_CPU_GPU_CV,3261.568,,
1780554447.341703,VDD_SOC,1928.64,,
1780554447.341703,,,cpu-thermal,57.031
1780554447.341703,,,gpu-thermal,57.875
1780554447.341703,,,soc0-thermal,55.531
1780554447.341703,,,soc1-thermal,54.812
1780554447.341703,,,soc2-thermal,55.468
1780554447.341703,,,tj-thermal,57.875
1780554447.4471805,VDD_IN,8344.32,,
1780554447.4471805,VDD_CPU_GPU_CV,3222.272,,
1780554447.4471805,VDD_SOC,1889.28,,
1780554447.4471805,,,cpu-thermal,57.125
1780554447.4471805,,,gpu-thermal,57.843
1780554447.4471805,,,soc0-thermal,55.5
1780554447.4471805,,,soc1-thermal,54.812
1780554447.4471805,,,soc2-thermal,55.593
1780554447.4471805,,,tj-thermal,57.843
1780554447.5529375,VDD_IN,8344.32,,
1780554447.5529375,VDD_CPU_GPU_CV,3222.272,,
1780554447.5529375,VDD_SOC,1889.28,,
1780554447.5529375,,,cpu-thermal,57.343
1780554447.5529375,,,gpu-thermal,57.968
1780554447.5529375,,,soc0-thermal,55.593
1780554447.5529375,,,soc1-thermal,54.781
1780554447.5529375,,,soc2-thermal,55.593
1780554447.5529375,,,tj-thermal,57.812
1780554447.6584089,VDD_IN,8304.96,,
1780554447.6584089,VDD_CPU_GPU_CV,3222.272,,
1780554447.6584089,VDD_SOC,1889.28,,
1780554447.6584089,,,cpu-thermal,57.437
1780554447.6584089,,,gpu-thermal,57.843
1780554447.6584089,,,soc0-thermal,55.531
1780554447.6584089,,,soc1-thermal,54.812
1780554447.6584089,,,soc2-thermal,55.468
1780554447.6584089,,,tj-thermal,57.843
1780554447.7638788,VDD_IN,8304.96,,
1780554447.7638788,VDD_CPU_GPU_CV,3222.272,,
1780554447.7638788,VDD_SOC,1889.28,,
1780554447.7638788,,,cpu-thermal,57.0
1780554447.7638788,,,gpu-thermal,57.843
1780554447.7638788,,,soc0-thermal,55.562
1780554447.7638788,,,soc1-thermal,54.843
1780554447.7638788,,,soc2-thermal,55.437
1780554447.7638788,,,tj-thermal,57.843
1780554447.8694575,VDD_IN,8423.04,,
1780554447.8694575,VDD_CPU_GPU_CV,3261.568,,
1780554447.8694575,VDD_SOC,1928.64,,
1780554447.8694575,,,cpu-thermal,57.218
1780554447.8694575,,,gpu-thermal,57.875
1780554447.8694575,,,soc0-thermal,55.656
1780554447.8694575,,,soc1-thermal,55.031
1780554447.8694575,,,soc2-thermal,55.5
1780554447.8694575,,,tj-thermal,57.875
1780554447.9750323,VDD_IN,8555.008,,
1780554447.9750323,VDD_CPU_GPU_CV,3340.16,,
1780554447.9750323,VDD_SOC,1928.64,,
1780554447.9750323,,,cpu-thermal,57.312
1780554447.9750323,,,gpu-thermal,58.218
1780554447.9750323,,,soc0-thermal,55.625
1780554447.9750323,,,soc1-thermal,54.781
1780554447.9750323,,,soc2-thermal,55.593
1780554447.9750323,,,tj-thermal,58.218
1780554448.0803435,VDD_IN,8555.008,,
1780554448.0803435,VDD_CPU_GPU_CV,3340.16,,
1780554448.0803435,VDD_SOC,1928.64,,
1780554448.0803435,,,cpu-thermal,57.281
1780554448.0803435,,,gpu-thermal,57.968
1780554448.0803435,,,soc0-thermal,55.531
1780554448.0803435,,,soc1-thermal,54.843
1780554448.0803435,,,soc2-thermal,55.593
1780554448.0803435,,,tj-thermal,58.125
1780554448.1857617,VDD_IN,8501.76,,
1780554448.1857617,VDD_CPU_GPU_CV,3300.864,,
1780554448.1857617,VDD_SOC,1928.64,,
1780554448.1857617,,,cpu-thermal,57.062
1780554448.1857617,,,gpu-thermal,58.312
1780554448.1857617,,,soc0-thermal,55.593
1780554448.1857617,,,soc1-thermal,55.031
1780554448.1857617,,,soc2-thermal,55.531
1780554448.1857617,,,tj-thermal,58.312
1780554448.2910872,VDD_IN,8423.04,,
1780554448.2910872,VDD_CPU_GPU_CV,3300.864,,
1780554448.2910872,VDD_SOC,1928.64,,
1780554448.2910872,,,cpu-thermal,57.406
1780554448.2910872,,,gpu-thermal,58.156
1780554448.2910872,,,soc0-thermal,55.562
1780554448.2910872,,,soc1-thermal,55.062
1780554448.2910872,,,soc2-thermal,55.562
1780554448.2910872,,,tj-thermal,58.156
1780554448.396753,VDD_IN,8383.68,,
1780554448.396753,VDD_CPU_GPU_CV,3261.568,,
1780554448.396753,VDD_SOC,1889.28,,
1780554448.396753,,,cpu-thermal,57.437
1780554448.396753,,,gpu-thermal,58.062
1780554448.396753,,,soc0-thermal,55.75
1780554448.396753,,,soc1-thermal,54.937
1780554448.396753,,,soc2-thermal,55.625
1780554448.396753,,,tj-thermal,58.062
1780554448.5028052,VDD_IN,8344.32,,
1780554448.5028052,VDD_CPU_GPU_CV,3261.568,,
1780554448.5028052,VDD_SOC,1889.28,,
1780554448.5028052,,,cpu-thermal,57.468
1780554448.5028052,,,gpu-thermal,58.312
1780554448.5028052,,,soc0-thermal,55.625
1780554448.5028052,,,soc1-thermal,54.968
1780554448.5028052,,,soc2-thermal,55.593
1780554448.5028052,,,tj-thermal,58.0
1780554448.6081936,VDD_IN,8344.32,,
1780554448.6081936,VDD_CPU_GPU_CV,3222.272,,
1780554448.6081936,VDD_SOC,1889.28,,
1780554448.6081936,,,cpu-thermal,57.25
1780554448.6081936,,,gpu-thermal,58.062
1780554448.6081936,,,soc0-thermal,55.593
1780554448.6081936,,,soc1-thermal,55.031
1780554448.6081936,,,soc2-thermal,55.625
1780554448.6081936,,,tj-thermal,57.843
1780554448.7143214,VDD_IN,8304.96,,
1780554448.7143214,VDD_CPU_GPU_CV,3222.272,,
1780554448.7143214,VDD_SOC,1889.28,,
1780554448.7143214,,,cpu-thermal,57.156
1780554448.7143214,,,gpu-thermal,58.062
1780554448.7143214,,,soc0-thermal,55.718
1780554448.7143214,,,soc1-thermal,54.937
1780554448.7143214,,,soc2-thermal,55.562
1780554448.7143214,,,tj-thermal,58.062
1780554448.8201096,VDD_IN,8344.32,,
1780554448.8201096,VDD_CPU_GPU_CV,3261.568,,
1780554448.8201096,VDD_SOC,1889.28,,
1780554448.8201096,,,cpu-thermal,57.343
1780554448.8201096,,,gpu-thermal,58.093
1780554448.8201096,,,soc0-thermal,55.875
1780554448.8201096,,,soc1-thermal,54.968
1780554448.8201096,,,soc2-thermal,55.625
1780554448.8201096,,,tj-thermal,58.093
1780554448.9255373,VDD_IN,8501.76,,
1780554448.9255373,VDD_CPU_GPU_CV,3340.16,,
1780554448.9255373,VDD_SOC,1928.64,,
1780554448.9255373,,,cpu-thermal,57.125
1780554448.9255373,,,gpu-thermal,58.093
1780554448.9255373,,,soc0-thermal,55.687
1780554448.9255373,,,soc1-thermal,54.937
1780554448.9255373,,,soc2-thermal,55.687
1780554448.9255373,,,tj-thermal,58.093
1780554449.0307827,VDD_IN,8633.856,,
1780554449.0307827,VDD_CPU_GPU_CV,3379.456,,
1780554449.0307827,VDD_SOC,1928.64,,
1780554449.0307827,,,cpu-thermal,57.281
1780554449.0307827,,,gpu-thermal,58.218
1780554449.0307827,,,soc0-thermal,55.718
1780554449.0307827,,,soc1-thermal,55.031
1780554449.0307827,,,soc2-thermal,55.625
1780554449.0307827,,,tj-thermal,58.093
1780554449.136503,VDD_IN,8580.48,,
1780554449.136503,VDD_CPU_GPU_CV,3379.456,,
1780554449.136503,VDD_SOC,1928.64,,
1780554449.136503,,,cpu-thermal,57.343
1780554449.136503,,,gpu-thermal,58.093
1780554449.136503,,,soc0-thermal,55.781
1780554449.136503,,,soc1-thermal,55.156
1780554449.136503,,,soc2-thermal,55.625
1780554449.136503,,,tj-thermal,58.093
1780554449.2418113,VDD_IN,8501.76,,
1780554449.2418113,VDD_CPU_GPU_CV,3340.16,,
1780554449.2418113,VDD_SOC,1928.64,,
1780554449.2418113,,,cpu-thermal,57.25
1780554449.2418113,,,gpu-thermal,58.062
1780554449.2418113,,,soc0-thermal,55.75
1780554449.2418113,,,soc1-thermal,55.0
1780554449.2418113,,,soc2-thermal,55.625
1780554449.2418113,,,tj-thermal,58.062
1780554449.34758,VDD_IN,8423.04,,
1780554449.34758,VDD_CPU_GPU_CV,3300.864,,
1780554449.34758,VDD_SOC,1928.64,,
1780554449.34758,,,cpu-thermal,57.281
1780554449.34758,,,gpu-thermal,57.968
1780554449.34758,,,soc0-thermal,55.75
1780554449.34758,,,soc1-thermal,55.031
1780554449.34758,,,soc2-thermal,55.656
1780554449.34758,,,tj-thermal,57.968
1780554449.4529386,VDD_IN,8383.68,,
1780554449.4529386,VDD_CPU_GPU_CV,3261.568,,
1780554449.4529386,VDD_SOC,1889.28,,
1780554449.4529386,,,cpu-thermal,57.343
1780554449.4529386,,,gpu-thermal,58.031
1780554449.4529386,,,soc0-thermal,55.687
1780554449.4529386,,,soc1-thermal,55.093
1780554449.4529386,,,soc2-thermal,55.718
1780554449.4529386,,,tj-thermal,58.187
1780554449.5582254,VDD_IN,8344.32,,
1780554449.5582254,VDD_CPU_GPU_CV,3261.568,,
1780554449.5582254,VDD_SOC,1889.28,,
1780554449.5582254,,,cpu-thermal,57.312
1780554449.5582254,,,gpu-thermal,58.0
1780554449.5582254,,,soc0-thermal,55.843
1780554449.5582254,,,soc1-thermal,55.0
1780554449.5582254,,,soc2-thermal,55.843
1780554449.5582254,,,tj-thermal,58.125
1780554449.6638181,VDD_IN,8344.32,,
1780554449.6638181,VDD_CPU_GPU_CV,3261.568,,
1780554449.6638181,VDD_SOC,1889.28,,
1780554449.6638181,,,cpu-thermal,57.281
1780554449.6638181,,,gpu-thermal,58.5
1780554449.6638181,,,soc0-thermal,55.718
1780554449.6638181,,,soc1-thermal,55.062
1780554449.6638181,,,soc2-thermal,55.687
1780554449.6638181,,,tj-thermal,58.5
1780554449.7698827,VDD_IN,8344.32,,
1780554449.7698827,VDD_CPU_GPU_CV,3261.568,,
1780554449.7698827,VDD_SOC,1889.28,,
1780554449.7698827,,,cpu-thermal,57.406
1780554449.7698827,,,gpu-thermal,58.25
1780554449.7698827,,,soc0-thermal,55.75
1780554449.7698827,,,soc1-thermal,55.125
1780554449.7698827,,,soc2-thermal,55.718
1780554449.7698827,,,tj-thermal,58.25
1780554449.8751044,VDD_IN,8423.04,,
1780554449.8751044,VDD_CPU_GPU_CV,3300.864,,
1780554449.8751044,VDD_SOC,1928.64,,
1780554449.8751044,,,cpu-thermal,57.281
1780554449.8751044,,,gpu-thermal,58.343
1780554449.8751044,,,soc0-thermal,55.781
1780554449.8751044,,,soc1-thermal,55.093
1780554449.8751044,,,soc2-thermal,55.687
1780554449.8751044,,,tj-thermal,58.343
1780554449.981115,VDD_IN,8555.008,,
1780554449.981115,VDD_CPU_GPU_CV,3379.456,,
1780554449.981115,VDD_SOC,1928.64,,
1780554449.981115,,,cpu-thermal,57.562
1780554449.981115,,,gpu-thermal,58.531
1780554449.981115,,,soc0-thermal,55.906
1780554449.981115,,,soc1-thermal,55.031
1780554449.981115,,,soc2-thermal,55.781
1780554449.981115,,,tj-thermal,58.218
1780554450.0866454,VDD_IN,8541.12,,
1780554450.0866454,VDD_CPU_GPU_CV,3379.456,,
1780554450.0866454,VDD_SOC,1928.64,,
1780554450.0866454,,,cpu-thermal,57.281
1780554450.0866454,,,gpu-thermal,58.343
1780554450.0866454,,,soc0-thermal,55.812
1780554450.0866454,,,soc1-thermal,55.031
1780554450.0866454,,,soc2-thermal,55.75
1780554450.0866454,,,tj-thermal,58.125
1780554450.1919396,VDD_IN,8501.76,,
1780554450.1919396,VDD_CPU_GPU_CV,3340.16,,
1780554450.1919396,VDD_SOC,1928.64,,
1780554450.1919396,,,cpu-thermal,57.375
1780554450.1919396,,,gpu-thermal,58.218
1780554450.1919396,,,soc0-thermal,55.812
1780554450.1919396,,,soc1-thermal,55.125
1780554450.1919396,,,soc2-thermal,55.75
1780554450.1919396,,,tj-thermal,58.218
1780554450.2976775,VDD_IN,8423.04,,
1780554450.2976775,VDD_CPU_GPU_CV,3300.864,,
1780554450.2976775,VDD_SOC,1928.64,,
1780554450.2976775,,,cpu-thermal,57.531
1780554450.2976775,,,gpu-thermal,58.25
1780554450.2976775,,,soc0-thermal,55.906
1780554450.2976775,,,soc1-thermal,55.218
1780554450.2976775,,,soc2-thermal,55.781
1780554450.2976775,,,tj-thermal,58.25
1780554450.4032207,VDD_IN,8383.68,,
1780554450.4032207,VDD_CPU_GPU_CV,3300.864,,
1780554450.4032207,VDD_SOC,1889.28,,
1780554450.4032207,,,cpu-thermal,57.656
1780554450.4032207,,,gpu-thermal,58.125
1780554450.4032207,,,soc0-thermal,56.031
1780554450.4032207,,,soc1-thermal,55.062
1780554450.4032207,,,soc2-thermal,55.812
1780554450.4032207,,,tj-thermal,58.125
1780554450.508655,VDD_IN,8344.32,,
1780554450.508655,VDD_CPU_GPU_CV,3261.568,,
1780554450.508655,VDD_SOC,1889.28,,
1780554450.508655,,,cpu-thermal,57.656
1780554450.508655,,,gpu-thermal,58.156
1780554450.508655,,,soc0-thermal,55.812
1780554450.508655,,,soc1-thermal,55.031
1780554450.508655,,,soc2-thermal,55.687
1780554450.508655,,,tj-thermal,58.093
1780554450.6144702,VDD_IN,8304.96,,
1780554450.6144702,VDD_CPU_GPU_CV,3222.272,,
1780554450.6144702,VDD_SOC,1889.28,,
1780554450.6144702,,,cpu-thermal,57.437
1780554450.6144702,,,gpu-thermal,58.156
1780554450.6144702,,,soc0-thermal,55.812
1780554450.6144702,,,soc1-thermal,55.125
1780554450.6144702,,,soc2-thermal,55.812
1780554450.6144702,,,tj-thermal,58.156
1780554450.7200036,VDD_IN,8265.6,,
1780554450.7200036,VDD_CPU_GPU_CV,3222.272,,
1780554450.7200036,VDD_SOC,1889.28,,
1780554450.7200036,,,cpu-thermal,57.593
1780554450.7200036,,,gpu-thermal,58.156
1780554450.7200036,,,soc0-thermal,55.875
1780554450.7200036,,,soc1-thermal,55.281
1780554450.7200036,,,soc2-thermal,55.937
1780554450.7200036,,,tj-thermal,58.156
1780554450.8254776,VDD_IN,8344.32,,
1780554450.8254776,VDD_CPU_GPU_CV,3261.568,,
1780554450.8254776,VDD_SOC,1889.28,,
1780554450.8254776,,,cpu-thermal,57.625
1780554450.8254776,,,gpu-thermal,58.562
1780554450.8254776,,,soc0-thermal,55.937
1780554450.8254776,,,soc1-thermal,55.125
1780554450.8254776,,,soc2-thermal,55.968
1780554450.8254776,,,tj-thermal,58.562
1780554450.9308984,VDD_IN,8462.4,,
1780554450.9308984,VDD_CPU_GPU_CV,3340.16,,
1780554450.9308984,VDD_SOC,1928.64,,
1780554450.9308984,,,cpu-thermal,57.718
1780554450.9308984,,,gpu-thermal,58.25
1780554450.9308984,,,soc0-thermal,55.875
1780554450.9308984,,,soc1-thermal,55.187
1780554450.9308984,,,soc2-thermal,55.906
1780554450.9308984,,,tj-thermal,58.468
1780554451.03645,VDD_IN,8594.432,,
1780554451.03645,VDD_CPU_GPU_CV,3379.456,,
1780554451.03645,VDD_SOC,1928.64,,
1780554451.03645,,,cpu-thermal,57.437
1780554451.03645,,,gpu-thermal,58.218
1780554451.03645,,,soc0-thermal,55.968
1780554451.03645,,,soc1-thermal,55.281
1780554451.03645,,,soc2-thermal,55.937
1780554451.03645,,,tj-thermal,58.375
1780554451.1425915,VDD_IN,8501.76,,
1780554451.1425915,VDD_CPU_GPU_CV,3340.16,,
1780554451.1425915,VDD_SOC,1928.64,,
1780554451.1425915,,,cpu-thermal,57.562
1780554451.1425915,,,gpu-thermal,58.593
1780554451.1425915,,,soc0-thermal,56.031
1780554451.1425915,,,soc1-thermal,55.093
1780554451.1425915,,,soc2-thermal,55.843
1780554451.1425915,,,tj-thermal,58.593
1780554451.2478948,VDD_IN,8462.4,,
1780554451.2478948,VDD_CPU_GPU_CV,3340.16,,
1780554451.2478948,VDD_SOC,1928.64,,
1780554451.2478948,,,cpu-thermal,57.718
1780554451.2478948,,,gpu-thermal,58.343
1780554451.2478948,,,soc0-thermal,55.906
1780554451.2478948,,,soc1-thermal,55.156
1780554451.2478948,,,soc2-thermal,55.906
1780554451.2478948,,,tj-thermal,58.343
1780554451.3533142,VDD_IN,8501.76,,
1780554451.3533142,VDD_CPU_GPU_CV,3340.16,,
1780554451.3533142,VDD_SOC,1928.64,,
1780554451.3533142,,,cpu-thermal,57.468
1780554451.3533142,,,gpu-thermal,58.406
1780554451.3533142,,,soc0-thermal,55.906
1780554451.3533142,,,soc1-thermal,55.25
1780554451.3533142,,,soc2-thermal,55.812
1780554451.3533142,,,tj-thermal,58.406
1780554451.4587648,VDD_IN,8423.04,,
1780554451.4587648,VDD_CPU_GPU_CV,3300.864,,
1780554451.4587648,VDD_SOC,1928.64,,
1780554451.4587648,,,cpu-thermal,57.593
1780554451.4587648,,,gpu-thermal,58.562
1780554451.4587648,,,soc0-thermal,55.937
1780554451.4587648,,,soc1-thermal,55.25
1780554451.4587648,,,soc2-thermal,56.0
1780554451.4587648,,,tj-thermal,58.25
1780554451.564398,VDD_IN,8423.04,,
1780554451.564398,VDD_CPU_GPU_CV,3300.864,,
1780554451.564398,VDD_SOC,1928.64,,
1780554451.564398,,,cpu-thermal,57.625
1780554451.564398,,,gpu-thermal,58.437
1780554451.564398,,,soc0-thermal,56.093
1780554451.564398,,,soc1-thermal,55.281
1780554451.564398,,,soc2-thermal,56.0
1780554451.564398,,,tj-thermal,58.437
1780554451.6698563,VDD_IN,8423.04,,
1780554451.6698563,VDD_CPU_GPU_CV,3300.864,,
1780554451.6698563,VDD_SOC,1928.64,,
1780554451.6698563,,,cpu-thermal,57.468
1780554451.6698563,,,gpu-thermal,58.343
1780554451.6698563,,,soc0-thermal,55.906
1780554451.6698563,,,soc1-thermal,55.25
1780554451.6698563,,,soc2-thermal,55.843
1780554451.6698563,,,tj-thermal,58.343
1780554451.7752295,VDD_IN,8383.68,,
1780554451.7752295,VDD_CPU_GPU_CV,3256.256,,
1780554451.7752295,VDD_SOC,1889.28,,
1780554451.7752295,,,cpu-thermal,57.593
1780554451.7752295,,,gpu-thermal,58.312
1780554451.7752295,,,soc0-thermal,56.031
1780554451.7752295,,,soc1-thermal,55.312
1780554451.7752295,,,soc2-thermal,55.843
1780554451.7752295,,,tj-thermal,58.312
1780554451.880651,VDD_IN,8501.76,,
1780554451.880651,VDD_CPU_GPU_CV,3340.16,,
1780554451.880651,VDD_SOC,1928.64,,
1780554451.880651,,,cpu-thermal,57.5
1780554451.880651,,,gpu-thermal,58.531
1780554451.880651,,,soc0-thermal,55.968
1780554451.880651,,,soc1-thermal,55.312
1780554451.880651,,,soc2-thermal,55.937
1780554451.880651,,,tj-thermal,58.343
1780554451.986227,VDD_IN,8619.84,,
1780554451.986227,VDD_CPU_GPU_CV,3418.752,,
1780554451.986227,VDD_SOC,1928.64,,
1780554451.986227,,,cpu-thermal,57.593
1780554451.986227,,,gpu-thermal,58.5
1780554451.986227,,,soc0-thermal,56.125
1780554451.986227,,,soc1-thermal,55.281
1780554451.986227,,,soc2-thermal,56.0
1780554451.986227,,,tj-thermal,58.5
1780554452.0914128,VDD_IN,8594.432,,
1780554452.0914128,VDD_CPU_GPU_CV,3379.456,,
1780554452.0914128,VDD_SOC,1928.64,,
1780554452.0914128,,,cpu-thermal,57.593
1780554452.0914128,,,gpu-thermal,58.343
1780554452.0914128,,,soc0-thermal,56.093
1780554452.0914128,,,soc1-thermal,55.218
1780554452.0914128,,,soc2-thermal,55.968
1780554452.0914128,,,tj-thermal,58.343
1780554452.196655,VDD_IN,8555.008,,
1780554452.196655,VDD_CPU_GPU_CV,3379.456,,
1780554452.196655,VDD_SOC,1928.64,,
1780554452.196655,,,cpu-thermal,57.531
1780554452.196655,,,gpu-thermal,58.312
1780554452.196655,,,soc0-thermal,56.0
1780554452.196655,,,soc1-thermal,55.406
1780554452.196655,,,soc2-thermal,56.031
1780554452.196655,,,tj-thermal,58.312
1780554452.303336,VDD_IN,8501.76,,
1780554452.303336,VDD_CPU_GPU_CV,3340.16,,
1780554452.303336,VDD_SOC,1928.64,,
1780554452.303336,,,cpu-thermal,57.781
1780554452.303336,,,gpu-thermal,58.656
1780554452.303336,,,soc0-thermal,56.125
1780554452.303336,,,soc1-thermal,55.531
1780554452.303336,,,soc2-thermal,56.062
1780554452.303336,,,tj-thermal,58.656
1780554452.4091737,VDD_IN,8423.04,,
1780554452.4091737,VDD_CPU_GPU_CV,3300.864,,
1780554452.4091737,VDD_SOC,1928.64,,
1780554452.4091737,,,cpu-thermal,57.937
1780554452.4091737,,,gpu-thermal,58.5
1780554452.4091737,,,soc0-thermal,56.156
1780554452.4091737,,,soc1-thermal,55.25
1780554452.4091737,,,soc2-thermal,55.968
1780554452.4091737,,,tj-thermal,58.5
1780554452.5152054,VDD_IN,8383.68,,
1780554452.5152054,VDD_CPU_GPU_CV,3261.568,,
1780554452.5152054,VDD_SOC,1889.28,,
1780554452.5152054,,,cpu-thermal,57.593
1780554452.5152054,,,gpu-thermal,58.281
1780554452.5152054,,,soc0-thermal,56.031
1780554452.5152054,,,soc1-thermal,55.343
1780554452.5152054,,,soc2-thermal,56.031
1780554452.5152054,,,tj-thermal,58.375
1780554452.6207297,VDD_IN,8344.32,,
1780554452.6207297,VDD_CPU_GPU_CV,3261.568,,
1780554452.6207297,VDD_SOC,1889.28,,
1780554452.6207297,,,cpu-thermal,57.593
1780554452.6207297,,,gpu-thermal,58.718
1780554452.6207297,,,soc0-thermal,56.093
1780554452.6207297,,,soc1-thermal,55.375
1780554452.6207297,,,soc2-thermal,56.062
1780554452.6207297,,,tj-thermal,58.718
1780554452.7262356,VDD_IN,8344.32,,
1780554452.7262356,VDD_CPU_GPU_CV,3222.272,,
1780554452.7262356,VDD_SOC,1889.28,,
1780554452.7262356,,,cpu-thermal,57.843
1780554452.7262356,,,gpu-thermal,58.5
1780554452.7262356,,,soc0-thermal,56.187
1780554452.7262356,,,soc1-thermal,55.187
1780554452.7262356,,,soc2-thermal,56.062
1780554452.7262356,,,tj-thermal,58.5
1780554452.8321137,VDD_IN,8383.68,,
1780554452.8321137,VDD_CPU_GPU_CV,3261.568,,
1780554452.8321137,VDD_SOC,1889.28,,
1780554452.8321137,,,cpu-thermal,57.781
1780554452.8321137,,,gpu-thermal,58.531
1780554452.8321137,,,soc0-thermal,56.031
1780554452.8321137,,,soc1-thermal,55.375
1780554452.8321137,,,soc2-thermal,56.093
1780554452.8321137,,,tj-thermal,58.531
1780554452.937468,VDD_IN,8501.76,,
1780554452.937468,VDD_CPU_GPU_CV,3340.16,,
1780554452.937468,VDD_SOC,1928.64,,
1780554452.937468,,,cpu-thermal,57.562
1780554452.937468,,,gpu-thermal,58.468
1780554452.937468,,,soc0-thermal,56.031
1780554452.937468,,,soc1-thermal,55.437
1780554452.937468,,,soc2-thermal,56.062
1780554452.937468,,,tj-thermal,58.468
1780554453.0429525,VDD_IN,8594.432,,
1780554453.0429525,VDD_CPU_GPU_CV,3379.456,,
1780554453.0429525,VDD_SOC,1928.64,,
1780554453.0429525,,,cpu-thermal,57.625
1780554453.0429525,,,gpu-thermal,58.718
1780554453.0429525,,,soc0-thermal,56.125
1780554453.0429525,,,soc1-thermal,55.468
1780554453.0429525,,,soc2-thermal,56.031
1780554453.0429525,,,tj-thermal,58.437
1780554453.1484003,VDD_IN,8541.12,,
1780554453.1484003,VDD_CPU_GPU_CV,3340.16,,
1780554453.1484003,VDD_SOC,1928.64,,
1780554453.1484003,,,cpu-thermal,57.843
1780554453.1484003,,,gpu-thermal,58.531
1780554453.1484003,,,soc0-thermal,56.312
1780554453.1484003,,,soc1-thermal,55.25
1780554453.1484003,,,soc2-thermal,56.156
1780554453.1484003,,,tj-thermal,58.531
1780554453.2539065,VDD_IN,8501.76,,
1780554453.2539065,VDD_CPU_GPU_CV,3340.16,,
1780554453.2539065,VDD_SOC,1928.64,,
1780554453.2539065,,,cpu-thermal,57.875
1780554453.2539065,,,gpu-thermal,58.5
1780554453.2539065,,,soc0-thermal,56.093
1780554453.2539065,,,soc1-thermal,55.375
1780554453.2539065,,,soc2-thermal,56.062
1780554453.2539065,,,tj-thermal,58.5
1780554453.3594341,VDD_IN,8423.04,,
1780554453.3594341,VDD_CPU_GPU_CV,3300.864,,
1780554453.3594341,VDD_SOC,1928.64,,
1780554453.3594341,,,cpu-thermal,57.687
1780554453.3594341,,,gpu-thermal,58.343
1780554453.3594341,,,soc0-thermal,56.125
1780554453.3594341,,,soc1-thermal,55.468
1780554453.3594341,,,soc2-thermal,56.031
1780554453.3594341,,,tj-thermal,58.343
1780554453.4654453,VDD_IN,8383.68,,
1780554453.4654453,VDD_CPU_GPU_CV,3261.568,,
1780554453.4654453,VDD_SOC,1928.64,,
1780554453.4654453,,,cpu-thermal,57.75
1780554453.4654453,,,gpu-thermal,58.781
1780554453.4654453,,,soc0-thermal,56.218
1780554453.4654453,,,soc1-thermal,55.593
1780554453.4654453,,,soc2-thermal,56.156
1780554453.4654453,,,tj-thermal,58.781
1780554453.5715966,VDD_IN,8423.04,,
1780554453.5715966,VDD_CPU_GPU_CV,3300.864,,
1780554453.5715966,VDD_SOC,1928.64,,
1780554453.5715966,,,cpu-thermal,57.75
1780554453.5715966,,,gpu-thermal,58.656
1780554453.5715966,,,soc0-thermal,56.25
1780554453.5715966,,,soc1-thermal,55.312
1780554453.5715966,,,soc2-thermal,56.218
1780554453.5715966,,,tj-thermal,58.656
1780554453.6775405,VDD_IN,8344.32,,
1780554453.6775405,VDD_CPU_GPU_CV,3261.568,,
1780554453.6775405,VDD_SOC,1889.28,,
1780554453.6775405,,,cpu-thermal,57.687
1780554453.6775405,,,gpu-thermal,58.343
1780554453.6775405,,,soc0-thermal,56.031
1780554453.6775405,,,soc1-thermal,55.5
1780554453.6775405,,,soc2-thermal,56.062
1780554453.6775405,,,tj-thermal,58.531
1780554453.783022,VDD_IN,8344.32,,
1780554453.783022,VDD_CPU_GPU_CV,3261.568,,
1780554453.783022,VDD_SOC,1889.28,,
1780554453.783022,,,cpu-thermal,57.656
1780554453.783022,,,gpu-thermal,58.75
1780554453.783022,,,soc0-thermal,56.218
1780554453.783022,,,soc1-thermal,55.5
1780554453.783022,,,soc2-thermal,56.125
1780554453.783022,,,tj-thermal,58.468
1780554453.8890207,VDD_IN,8501.76,,
1780554453.8890207,VDD_CPU_GPU_CV,3340.16,,
1780554453.8890207,VDD_SOC,1928.64,,
1780554453.8890207,,,cpu-thermal,57.812
1780554453.8890207,,,gpu-thermal,58.812
1780554453.8890207,,,soc0-thermal,56.25
1780554453.8890207,,,soc1-thermal,55.593
1780554453.8890207,,,soc2-thermal,56.25
1780554453.8890207,,,tj-thermal,58.812
1780554453.994299,VDD_IN,8633.856,,
1780554453.994299,VDD_CPU_GPU_CV,3379.456,,
1780554453.994299,VDD_SOC,1928.64,,
1780554453.994299,,,cpu-thermal,57.781
1780554453.994299,,,gpu-thermal,58.75
1780554453.994299,,,soc0-thermal,56.156
1780554453.994299,,,soc1-thermal,55.406
1780554453.994299,,,soc2-thermal,56.187
1780554453.994299,,,tj-thermal,58.75
1780554454.0996037,VDD_IN,8594.432,,
1780554454.0996037,VDD_CPU_GPU_CV,3379.456,,
1780554454.0996037,VDD_SOC,1928.64,,
1780554454.0996037,,,cpu-thermal,57.687
1780554454.0996037,,,gpu-thermal,58.812
1780554454.0996037,,,soc0-thermal,56.093
1780554454.0996037,,,soc1-thermal,55.531
1780554454.0996037,,,soc2-thermal,56.187
1780554454.0996037,,,tj-thermal,58.562
1780554454.2051878,VDD_IN,8541.12,,
1780554454.2051878,VDD_CPU_GPU_CV,3340.16,,
1780554454.2051878,VDD_SOC,1928.64,,
1780554454.2051878,,,cpu-thermal,57.718
1780554454.2051878,,,gpu-thermal,58.718
1780554454.2051878,,,soc0-thermal,56.281
1780554454.2051878,,,soc1-thermal,55.593
1780554454.2051878,,,soc2-thermal,56.187
1780554454.2051878,,,tj-thermal,58.718
1780554454.3106713,VDD_IN,8462.4,,
1780554454.3106713,VDD_CPU_GPU_CV,3340.16,,
1780554454.3106713,VDD_SOC,1928.64,,
1780554454.3106713,,,cpu-thermal,57.812
1780554454.3106713,,,gpu-thermal,58.531
1780554454.3106713,,,soc0-thermal,56.375
1780554454.3106713,,,soc1-thermal,55.468
1780554454.3106713,,,soc2-thermal,56.187
1780554454.3106713,,,tj-thermal,58.531
1780554454.4167085,VDD_IN,8423.04,,
1780554454.4167085,VDD_CPU_GPU_CV,3300.864,,
1780554454.4167085,VDD_SOC,1928.64,,
1780554454.4167085,,,cpu-thermal,57.781
1780554454.4167085,,,gpu-thermal,58.531
1780554454.4167085,,,soc0-thermal,56.312
1780554454.4167085,,,soc1-thermal,55.531
1780554454.4167085,,,soc2-thermal,56.218
1780554454.4167085,,,tj-thermal,58.531
1780554454.5227547,VDD_IN,8423.04,,
1780554454.5227547,VDD_CPU_GPU_CV,3300.864,,
1780554454.5227547,VDD_SOC,1889.28,,
1780554454.5227547,,,cpu-thermal,57.875
1780554454.5227547,,,gpu-thermal,58.562
1780554454.5227547,,,soc0-thermal,56.25
1780554454.5227547,,,soc1-thermal,55.593
1780554454.5227547,,,soc2-thermal,56.218
1780554454.5227547,,,tj-thermal,58.562
1780554454.6282167,VDD_IN,8344.32,,
1780554454.6282167,VDD_CPU_GPU_CV,3261.568,,
1780554454.6282167,VDD_SOC,1889.28,,
1780554454.6282167,,,cpu-thermal,57.968
1780554454.6282167,,,gpu-thermal,58.906
1780554454.6282167,,,soc0-thermal,56.343
1780554454.6282167,,,soc1-thermal,55.718
1780554454.6282167,,,soc2-thermal,56.281
1780554454.6282167,,,tj-thermal,58.906
1780554454.7336707,VDD_IN,8344.32,,
1780554454.7336707,VDD_CPU_GPU_CV,3261.568,,
1780554454.7336707,VDD_SOC,1889.28,,
1780554454.7336707,,,cpu-thermal,58.093
1780554454.7336707,,,gpu-thermal,58.593
1780554454.7336707,,,soc0-thermal,56.375
1780554454.7336707,,,soc1-thermal,55.531
1780554454.7336707,,,soc2-thermal,56.312
1780554454.7336707,,,tj-thermal,58.75
1780554454.8394313,VDD_IN,8423.04,,
1780554454.8394313,VDD_CPU_GPU_CV,3300.864,,
1780554454.8394313,VDD_SOC,1928.64,,
1780554454.8394313,,,cpu-thermal,57.781
1780554454.8394313,,,gpu-thermal,58.656
1780554454.8394313,,,soc0-thermal,56.187
1780554454.8394313,,,soc1-thermal,55.531
1780554454.8394313,,,soc2-thermal,56.25
1780554454.8394313,,,tj-thermal,58.656
1780554454.9449732,VDD_IN,8541.12,,
1780554454.9449732,VDD_CPU_GPU_CV,3379.456,,
1780554454.9449732,VDD_SOC,1928.64,,
1780554454.9449732,,,cpu-thermal,57.906
1780554454.9449732,,,gpu-thermal,59.031
1780554454.9449732,,,soc0-thermal,56.281
1780554454.9449732,,,soc1-thermal,55.593
1780554454.9449732,,,soc2-thermal,56.343
1780554454.9449732,,,tj-thermal,59.031
1780554455.0507011,VDD_IN,8633.856,,
1780554455.0507011,VDD_CPU_GPU_CV,3379.456,,
1780554455.0507011,VDD_SOC,1928.64,,
1780554455.0507011,,,cpu-thermal,58.062
1780554455.0507011,,,gpu-thermal,58.875
1780554455.0507011,,,soc0-thermal,56.375
1780554455.0507011,,,soc1-thermal,55.5
1780554455.0507011,,,soc2-thermal,56.406
1780554455.0507011,,,tj-thermal,58.875
1780554455.156399,VDD_IN,8501.76,,
1780554455.156399,VDD_CPU_GPU_CV,3340.16,,
1780554455.156399,VDD_SOC,1928.64,,
1780554455.156399,,,cpu-thermal,58.031
1780554455.156399,,,gpu-thermal,58.781
1780554455.156399,,,soc0-thermal,56.406
1780554455.156399,,,soc1-thermal,55.531
1780554455.156399,,,soc2-thermal,56.25
1780554455.156399,,,tj-thermal,58.781
1780554455.2617812,VDD_IN,8462.4,,
1780554455.2617812,VDD_CPU_GPU_CV,3300.864,,
1780554455.2617812,VDD_SOC,1928.64,,
1780554455.2617812,,,cpu-thermal,58.25
1780554455.2617812,,,gpu-thermal,58.968
1780554455.2617812,,,soc0-thermal,56.343
1780554455.2617812,,,soc1-thermal,55.562
1780554455.2617812,,,soc2-thermal,56.25
1780554455.2617812,,,tj-thermal,58.656
1780554455.3671641,VDD_IN,8423.04,,
1780554455.3671641,VDD_CPU_GPU_CV,3261.568,,
1780554455.3671641,VDD_SOC,1928.64,,
1780554455.3671641,,,cpu-thermal,57.906
1780554455.3671641,,,gpu-thermal,58.75
1780554455.3671641,,,soc0-thermal,56.406
1780554455.3671641,,,soc1-thermal,55.718
1780554455.3671641,,,soc2-thermal,56.312
1780554455.3671641,,,tj-thermal,58.562
1780554455.4735203,VDD_IN,8383.68,,
1780554455.4735203,VDD_CPU_GPU_CV,3261.568,,
1780554455.4735203,VDD_SOC,1889.28,,
1780554455.4735203,,,cpu-thermal,57.937
1780554455.4735203,,,gpu-thermal,58.75
1780554455.4735203,,,soc0-thermal,56.406
1780554455.4735203,,,soc1-thermal,55.562
1780554455.4735203,,,soc2-thermal,56.343
1780554455.4735203,,,tj-thermal,58.75
1780554455.5789845,VDD_IN,8344.32,,
1780554455.5789845,VDD_CPU_GPU_CV,3222.272,,
1780554455.5789845,VDD_SOC,1889.28,,
1780554455.5789845,,,cpu-thermal,58.062
1780554455.5789845,,,gpu-thermal,58.562
1780554455.5789845,,,soc0-thermal,56.25
1780554455.5789845,,,soc1-thermal,55.625
1780554455.5789845,,,soc2-thermal,56.281
1780554455.5789845,,,tj-thermal,58.562
1780554455.6844025,VDD_IN,8304.96,,
1780554455.6844025,VDD_CPU_GPU_CV,3222.272,,
1780554455.6844025,VDD_SOC,1889.28,,
1780554455.6844025,,,cpu-thermal,57.906
1780554455.6844025,,,gpu-thermal,58.625
1780554455.6844025,,,soc0-thermal,56.343
1780554455.6844025,,,soc1-thermal,55.531
1780554455.6844025,,,soc2-thermal,56.375
1780554455.6844025,,,tj-thermal,58.625
1780554455.790042,VDD_IN,8304.96,,
1780554455.790042,VDD_CPU_GPU_CV,3217.024,,
1780554455.790042,VDD_SOC,1889.28,,
1780554455.790042,,,cpu-thermal,57.968
1780554455.790042,,,gpu-thermal,58.718
1780554455.790042,,,soc0-thermal,56.406
1780554455.790042,,,soc1-thermal,55.75
1780554455.790042,,,soc2-thermal,56.375
1780554455.790042,,,tj-thermal,59.031
1780554455.8959677,VDD_IN,8462.4,,
1780554455.8959677,VDD_CPU_GPU_CV,3300.864,,
1780554455.8959677,VDD_SOC,1928.64,,
1780554455.8959677,,,cpu-thermal,58.0
1780554455.8959677,,,gpu-thermal,58.843
1780554455.8959677,,,soc0-thermal,56.531
1780554455.8959677,,,soc1-thermal,55.593
1780554455.8959677,,,soc2-thermal,56.406
1780554455.8959677,,,tj-thermal,58.843
1780554456.0014293,VDD_IN,8580.48,,
1780554456.0014293,VDD_CPU_GPU_CV,3379.456,,
1780554456.0014293,VDD_SOC,1928.64,,
1780554456.0014293,,,cpu-thermal,57.843
1780554456.0014293,,,gpu-thermal,58.718
1780554456.0014293,,,soc0-thermal,56.437
1780554456.0014293,,,soc1-thermal,55.625
1780554456.0014293,,,soc2-thermal,56.25
1780554456.0014293,,,tj-thermal,58.718
1780554456.1067169,VDD_IN,8501.76,,
1780554456.1067169,VDD_CPU_GPU_CV,3340.16,,
1780554456.1067169,VDD_SOC,1928.64,,
1780554456.1067169,,,cpu-thermal,57.968
1780554456.1067169,,,gpu-thermal,59.031
1780554456.1067169,,,soc0-thermal,56.5
1780554456.1067169,,,soc1-thermal,55.75
1780554456.1067169,,,soc2-thermal,56.437
1780554456.1067169,,,tj-thermal,59.031
1780554456.2121549,VDD_IN,8462.4,,
1780554456.2121549,VDD_CPU_GPU_CV,3300.864,,
1780554456.2121549,VDD_SOC,1928.64,,
1780554456.2121549,,,cpu-thermal,58.0
1780554456.2121549,,,gpu-thermal,58.75
1780554456.2121549,,,soc0-thermal,56.406
1780554456.2121549,,,soc1-thermal,55.906
1780554456.2121549,,,soc2-thermal,56.437
1780554456.2121549,,,tj-thermal,58.875
1780554456.3175528,VDD_IN,8383.68,,
1780554456.3175528,VDD_CPU_GPU_CV,3300.864,,
1780554456.3175528,VDD_SOC,1928.64,,
1780554456.3175528,,,cpu-thermal,58.093
1780554456.3175528,,,gpu-thermal,58.718
1780554456.3175528,,,soc0-thermal,56.5
1780554456.3175528,,,soc1-thermal,55.656
1780554456.3175528,,,soc2-thermal,56.5
1780554456.3175528,,,tj-thermal,58.718
1780554456.4231782,VDD_IN,8383.68,,
1780554456.4231782,VDD_CPU_GPU_CV,3261.568,,
1780554456.4231782,VDD_SOC,1889.28,,
1780554456.4231782,,,cpu-thermal,57.875
1780554456.4231782,,,gpu-thermal,59.062
1780554456.4231782,,,soc0-thermal,56.5
1780554456.4231782,,,soc1-thermal,55.625
1780554456.4231782,,,soc2-thermal,56.406
1780554456.4231782,,,tj-thermal,59.062
1780554456.5289006,VDD_IN,8304.96,,
1780554456.5289006,VDD_CPU_GPU_CV,3222.272,,
1780554456.5289006,VDD_SOC,1889.28,,
1780554456.5289006,,,cpu-thermal,57.875
1780554456.5289006,,,gpu-thermal,58.843
1780554456.5289006,,,soc0-thermal,56.437
1780554456.5289006,,,soc1-thermal,55.812
1780554456.5289006,,,soc2-thermal,56.437
1780554456.5289006,,,tj-thermal,58.843
1780554456.6343434,VDD_IN,8304.96,,
1780554456.6343434,VDD_CPU_GPU_CV,3222.272,,
1780554456.6343434,VDD_SOC,1889.28,,
1780554456.6343434,,,cpu-thermal,58.0
1780554456.6343434,,,gpu-thermal,58.781
1780554456.6343434,,,soc0-thermal,56.5
1780554456.6343434,,,soc1-thermal,55.656
1780554456.6343434,,,soc2-thermal,56.375
1780554456.6343434,,,tj-thermal,58.781
1780554456.7401319,VDD_IN,8304.96,,
1780554456.7401319,VDD_CPU_GPU_CV,3182.976,,
1780554456.7401319,VDD_SOC,1889.28,,
1780554456.7401319,,,cpu-thermal,58.437
1780554456.7401319,,,gpu-thermal,59.031
1780554456.7401319,,,soc0-thermal,56.531
1780554456.7401319,,,soc1-thermal,55.687
1780554456.7401319,,,soc2-thermal,56.593
1780554456.7401319,,,tj-thermal,58.812
1780554456.845639,VDD_IN,8344.32,,
1780554456.845639,VDD_CPU_GPU_CV,3261.568,,
1780554456.845639,VDD_SOC,1889.28,,
1780554456.845639,,,cpu-thermal,58.0
1780554456.845639,,,gpu-thermal,58.968
1780554456.845639,,,soc0-thermal,56.375
1780554456.845639,,,soc1-thermal,55.781
1780554456.845639,,,soc2-thermal,56.437
1780554456.845639,,,tj-thermal,58.968
1780554456.9512377,VDD_IN,8515.584,,
1780554456.9512377,VDD_CPU_GPU_CV,3340.16,,
1780554456.9512377,VDD_SOC,1928.64,,
1780554456.9512377,,,cpu-thermal,57.843
1780554456.9512377,,,gpu-thermal,58.968
1780554456.9512377,,,soc0-thermal,56.468
1780554456.9512377,,,soc1-thermal,55.781
1780554456.9512377,,,soc2-thermal,56.437
1780554456.9512377,,,tj-thermal,58.968
1780554457.0571406,VDD_IN,8555.008,,
1780554457.0571406,VDD_CPU_GPU_CV,3340.16,,
1780554457.0571406,VDD_SOC,1928.64,,
1780554457.0571406,,,cpu-thermal,58.25
1780554457.0571406,,,gpu-thermal,58.875
1780554457.0571406,,,soc0-thermal,56.531
1780554457.0571406,,,soc1-thermal,55.937
1780554457.0571406,,,soc2-thermal,56.531
1780554457.0571406,,,tj-thermal,58.875
1780554457.1625705,VDD_IN,8462.4,,
1780554457.1625705,VDD_CPU_GPU_CV,3300.864,,
1780554457.1625705,VDD_SOC,1928.64,,
1780554457.1625705,,,cpu-thermal,58.406
1780554457.1625705,,,gpu-thermal,58.75
1780554457.1625705,,,soc0-thermal,56.468
1780554457.1625705,,,soc1-thermal,55.656
1780554457.1625705,,,soc2-thermal,56.562
1780554457.1625705,,,tj-thermal,58.75
1780554457.2686152,VDD_IN,8383.68,,
1780554457.2686152,VDD_CPU_GPU_CV,3261.568,,
1780554457.2686152,VDD_SOC,1928.64,,
1780554457.2686152,,,cpu-thermal,58.031
1780554457.2686152,,,gpu-thermal,59.156
1780554457.2686152,,,soc0-thermal,56.5
1780554457.2686152,,,soc1-thermal,55.843
1780554457.2686152,,,soc2-thermal,56.531
1780554457.2686152,,,tj-thermal,59.156
1780554457.3742032,VDD_IN,8344.32,,
1780554457.3742032,VDD_CPU_GPU_CV,3222.272,,
1780554457.3742032,VDD_SOC,1889.28,,
1780554457.3742032,,,cpu-thermal,58.062
1780554457.3742032,,,gpu-thermal,58.781
1780554457.3742032,,,soc0-thermal,56.531
1780554457.3742032,,,soc1-thermal,55.875
1780554457.3742032,,,soc2-thermal,56.562
1780554457.3742032,,,tj-thermal,59.0
1780554457.479926,VDD_IN,8265.6,,
1780554457.479926,VDD_CPU_GPU_CV,3222.272,,
1780554457.479926,VDD_SOC,1889.28,,
1780554457.479926,,,cpu-thermal,58.218
1780554457.479926,,,gpu-thermal,58.75
1780554457.479926,,,soc0-thermal,56.593
1780554457.479926,,,soc1-thermal,55.812
1780554457.479926,,,soc2-thermal,56.718
1780554457.479926,,,tj-thermal,58.75
1780554457.5855906,VDD_IN,8265.6,,
1780554457.5855906,VDD_CPU_GPU_CV,3182.976,,
1780554457.5855906,VDD_SOC,1889.28,,
1780554457.5855906,,,cpu-thermal,58.312
1780554457.5855906,,,gpu-thermal,59.093
1780554457.5855906,,,soc0-thermal,56.531
1780554457.5855906,,,soc1-thermal,55.843
1780554457.5855906,,,soc2-thermal,56.562
1780554457.5855906,,,tj-thermal,59.093
1780554457.6912787,VDD_IN,8265.6,,
1780554457.6912787,VDD_CPU_GPU_CV,3182.976,,
1780554457.6912787,VDD_SOC,1889.28,,
1780554457.6912787,,,cpu-thermal,58.156
1780554457.6912787,,,gpu-thermal,59.031
1780554457.6912787,,,soc0-thermal,56.593
1780554457.6912787,,,soc1-thermal,55.875
1780554457.6912787,,,soc2-thermal,56.562
1780554457.6912787,,,tj-thermal,59.031
1780554457.7974694,VDD_IN,8265.6,,
1780554457.7974694,VDD_CPU_GPU_CV,3182.976,,
1780554457.7974694,VDD_SOC,1889.28,,
1780554457.7974694,,,cpu-thermal,58.25
1780554457.7974694,,,gpu-thermal,58.968
1780554457.7974694,,,soc0-thermal,56.593
1780554457.7974694,,,soc1-thermal,55.843
1780554457.7974694,,,soc2-thermal,56.562
1780554457.7974694,,,tj-thermal,58.968
1780554457.9032621,VDD_IN,8423.04,,
1780554457.9032621,VDD_CPU_GPU_CV,3300.864,,
1780554457.9032621,VDD_SOC,1928.64,,
1780554457.9032621,,,cpu-thermal,58.281
1780554457.9032621,,,gpu-thermal,59.281
1780554457.9032621,,,soc0-thermal,56.468
1780554457.9032621,,,soc1-thermal,55.75
1780554457.9032621,,,soc2-thermal,56.562
1780554457.9032621,,,tj-thermal,58.906
1780554458.0086672,VDD_IN,8541.12,,
1780554458.0086672,VDD_CPU_GPU_CV,3340.16,,
1780554458.0086672,VDD_SOC,1928.64,,
1780554458.0086672,,,cpu-thermal,58.125
1780554458.0086672,,,gpu-thermal,59.156
1780554458.0086672,,,soc0-thermal,56.531
1780554458.0086672,,,soc1-thermal,55.906
1780554458.0086672,,,soc2-thermal,56.593
1780554458.0086672,,,tj-thermal,58.968
1780554458.1145756,VDD_IN,8501.76,,
1780554458.1145756,VDD_CPU_GPU_CV,3340.16,,
1780554458.1145756,VDD_SOC,1928.64,,
1780554458.1145756,,,cpu-thermal,58.156
1780554458.1145756,,,gpu-thermal,59.031
1780554458.1145756,,,soc0-thermal,56.625
1780554458.1145756,,,soc1-thermal,55.968
1780554458.1145756,,,soc2-thermal,56.625
1780554458.1145756,,,tj-thermal,59.031
1780554458.220364,VDD_IN,8501.76,,
1780554458.220364,VDD_CPU_GPU_CV,3340.16,,
1780554458.220364,VDD_SOC,1928.64,,
1780554458.220364,,,cpu-thermal,58.156
1780554458.220364,,,gpu-thermal,58.968
1780554458.220364,,,soc0-thermal,56.687
1780554458.220364,,,soc1-thermal,55.781
1780554458.220364,,,soc2-thermal,56.718
1780554458.220364,,,tj-thermal,58.968
1780554458.3258193,VDD_IN,8423.04,,
1780554458.3258193,VDD_CPU_GPU_CV,3300.864,,
1780554458.3258193,VDD_SOC,1928.64,,
1780554458.3258193,,,cpu-thermal,58.093
1780554458.3258193,,,gpu-thermal,58.812
1780554458.3258193,,,soc0-thermal,56.531
1780554458.3258193,,,soc1-thermal,55.781
1780554458.3258193,,,soc2-thermal,56.625
1780554458.3258193,,,tj-thermal,58.812
1780554458.431357,VDD_IN,8462.4,,
1780554458.431357,VDD_CPU_GPU_CV,3340.16,,
1780554458.431357,VDD_SOC,1928.64,,
1780554458.431357,,,cpu-thermal,58.218
1780554458.431357,,,gpu-thermal,59.312
1780554458.431357,,,soc0-thermal,56.562
1780554458.431357,,,soc1-thermal,55.906
1780554458.431357,,,soc2-thermal,56.625
1780554458.431357,,,tj-thermal,59.312
1780554458.537385,VDD_IN,8462.4,,
1780554458.537385,VDD_CPU_GPU_CV,3340.16,,
1780554458.537385,VDD_SOC,1928.64,,
1780554458.537385,,,cpu-thermal,58.25
1780554458.537385,,,gpu-thermal,58.968
1780554458.537385,,,soc0-thermal,56.656
1780554458.537385,,,soc1-thermal,56.062
1780554458.537385,,,soc2-thermal,56.781
1780554458.537385,,,tj-thermal,59.156
1780554458.6431646,VDD_IN,8462.4,,
1780554458.6431646,VDD_CPU_GPU_CV,3340.16,,
1780554458.6431646,VDD_SOC,1928.64,,
1780554458.6431646,,,cpu-thermal,58.593
1780554458.6431646,,,gpu-thermal,58.937
1780554458.6431646,,,soc0-thermal,56.75
1780554458.6431646,,,soc1-thermal,55.875
1780554458.6431646,,,soc2-thermal,56.843
1780554458.6431646,,,tj-thermal,59.031
1780554458.7492473,VDD_IN,8462.4,,
1780554458.7492473,VDD_CPU_GPU_CV,3340.16,,
1780554458.7492473,VDD_SOC,1928.64,,
1780554458.7492473,,,cpu-thermal,58.125
1780554458.7492473,,,gpu-thermal,59.343
1780554458.7492473,,,soc0-thermal,56.656
1780554458.7492473,,,soc1-thermal,56.0
1780554458.7492473,,,soc2-thermal,56.625
1780554458.7492473,,,tj-thermal,59.343
1780554458.8549078,VDD_IN,8580.48,,
1780554458.8549078,VDD_CPU_GPU_CV,3418.752,,
1780554458.8549078,VDD_SOC,1928.64,,
1780554458.8549078,,,cpu-thermal,58.125
1780554458.8549078,,,gpu-thermal,59.218
1780554458.8549078,,,soc0-thermal,56.687
1780554458.8549078,,,soc1-thermal,56.031
1780554458.8549078,,,soc2-thermal,56.656
1780554458.8549078,,,tj-thermal,59.218
1780554458.9606538,VDD_IN,8673.28,,
1780554458.9606538,VDD_CPU_GPU_CV,3458.048,,
1780554458.9606538,VDD_SOC,1968.0,,
1780554458.9606538,,,cpu-thermal,58.5
1780554458.9606538,,,gpu-thermal,59.218
1780554458.9606538,,,soc0-thermal,56.781
1780554458.9606538,,,soc1-thermal,56.156
1780554458.9606538,,,soc2-thermal,56.718
1780554458.9606538,,,tj-thermal,59.218
1780554459.0661902,VDD_IN,8633.856,,
1780554459.0661902,VDD_CPU_GPU_CV,3418.752,,
1780554459.0661902,VDD_SOC,1928.64,,
1780554459.0661902,,,cpu-thermal,58.437
1780554459.0661902,,,gpu-thermal,59.093
1780554459.0661902,,,soc0-thermal,56.656
1780554459.0661902,,,soc1-thermal,55.937
1780554459.0661902,,,soc2-thermal,56.718
1780554459.0661902,,,tj-thermal,59.093
1780554459.1716082,VDD_IN,8541.12,,
1780554459.1716082,VDD_CPU_GPU_CV,3379.456,,
1780554459.1716082,VDD_SOC,1928.64,,
1780554459.1716082,,,cpu-thermal,58.218
1780554459.1716082,,,gpu-thermal,59.218
1780554459.1716082,,,soc0-thermal,56.75
1780554459.1716082,,,soc1-thermal,55.937
1780554459.1716082,,,soc2-thermal,56.687
1780554459.1716082,,,tj-thermal,58.968
1780554459.2772784,VDD_IN,8462.4,,
1780554459.2772784,VDD_CPU_GPU_CV,3340.16,,
1780554459.2772784,VDD_SOC,1928.64,,
1780554459.2772784,,,cpu-thermal,58.312
1780554459.2772784,,,gpu-thermal,59.093
1780554459.2772784,,,soc0-thermal,56.75
1780554459.2772784,,,soc1-thermal,56.031
1780554459.2772784,,,soc2-thermal,56.75
1780554459.2772784,,,tj-thermal,59.093
1780554459.3830917,VDD_IN,8423.04,,
1780554459.3830917,VDD_CPU_GPU_CV,3300.864,,
1780554459.3830917,VDD_SOC,1928.64,,
1780554459.3830917,,,cpu-thermal,58.375
1780554459.3830917,,,gpu-thermal,58.968
1780554459.3830917,,,soc0-thermal,56.812
1780554459.3830917,,,soc1-thermal,55.937
1780554459.3830917,,,soc2-thermal,56.812
1780554459.3830917,,,tj-thermal,58.968
1780554459.488668,VDD_IN,8344.32,,
1780554459.488668,VDD_CPU_GPU_CV,3261.568,,
1780554459.488668,VDD_SOC,1889.28,,
1780554459.488668,,,cpu-thermal,58.531
1780554459.488668,,,gpu-thermal,58.968
1780554459.488668,,,soc0-thermal,56.812
1780554459.488668,,,soc1-thermal,56.0
1780554459.488668,,,soc2-thermal,56.718
1780554459.488668,,,tj-thermal,58.968
1780554459.5943658,VDD_IN,8304.96,,
1780554459.5943658,VDD_CPU_GPU_CV,3222.272,,
1780554459.5943658,VDD_SOC,1889.28,,
1780554459.5943658,,,cpu-thermal,58.312
1780554459.5943658,,,gpu-thermal,59.343
1780554459.5943658,,,soc0-thermal,56.812
1780554459.5943658,,,soc1-thermal,56.062
1780554459.5943658,,,soc2-thermal,56.781
1780554459.5943658,,,tj-thermal,59.343
1780554459.6999092,VDD_IN,8304.96,,
1780554459.6999092,VDD_CPU_GPU_CV,3222.272,,
1780554459.6999092,VDD_SOC,1889.28,,
1780554459.6999092,,,cpu-thermal,58.343
1780554459.6999092,,,gpu-thermal,58.968
1780554459.6999092,,,soc0-thermal,56.875
1780554459.6999092,,,soc1-thermal,56.156
1780554459.6999092,,,soc2-thermal,56.843
1780554459.6999092,,,tj-thermal,59.312
1780554459.8062422,VDD_IN,8304.96,,
1780554459.8062422,VDD_CPU_GPU_CV,3222.272,,
1780554459.8062422,VDD_SOC,1889.28,,
1780554459.8062422,,,cpu-thermal,58.437
1780554459.8062422,,,gpu-thermal,59.031
1780554459.8062422,,,soc0-thermal,56.687
1780554459.8062422,,,soc1-thermal,55.968
1780554459.8062422,,,soc2-thermal,56.781
1780554459.8062422,,,tj-thermal,59.25
1780554459.9124768,VDD_IN,8462.4,,
1780554459.9124768,VDD_CPU_GPU_CV,3300.864,,
1780554459.9124768,VDD_SOC,1928.64,,
1780554459.9124768,,,cpu-thermal,58.218
1780554459.9124768,,,gpu-thermal,59.437
1780554459.9124768,,,soc0-thermal,56.781
1780554459.9124768,,,soc1-thermal,56.031
1780554459.9124768,,,soc2-thermal,56.781
1780554459.9124768,,,tj-thermal,59.218
1780554460.0180354,VDD_IN,8555.008,,
1780554460.0180354,VDD_CPU_GPU_CV,3379.456,,
1780554460.0180354,VDD_SOC,1928.64,,
1780554460.0180354,,,cpu-thermal,58.312
1780554460.0180354,,,gpu-thermal,59.343
1780554460.0180354,,,soc0-thermal,56.812
1780554460.0180354,,,soc1-thermal,56.093
1780554460.0180354,,,soc2-thermal,56.843
1780554460.0180354,,,tj-thermal,59.343
1780554460.1242495,VDD_IN,8501.76,,
1780554460.1242495,VDD_CPU_GPU_CV,3340.16,,
1780554460.1242495,VDD_SOC,1928.64,,
1780554460.1242495,,,cpu-thermal,58.437
1780554460.1242495,,,gpu-thermal,59.25
1780554460.1242495,,,soc0-thermal,56.875
1780554460.1242495,,,soc1-thermal,56.031
1780554460.1242495,,,soc2-thermal,56.843
1780554460.1242495,,,tj-thermal,59.25
1780554460.230013,VDD_IN,8423.04,,
1780554460.230013,VDD_CPU_GPU_CV,3300.864,,
1780554460.230013,VDD_SOC,1928.64,,
1780554460.230013,,,cpu-thermal,58.468
1780554460.230013,,,gpu-thermal,59.125
1780554460.230013,,,soc0-thermal,56.781
1780554460.230013,,,soc1-thermal,56.125
1780554460.230013,,,soc2-thermal,56.843
1780554460.230013,,,tj-thermal,59.125
1780554460.336116,VDD_IN,8383.68,,
1780554460.336116,VDD_CPU_GPU_CV,3261.568,,
1780554460.336116,VDD_SOC,1928.64,,
1780554460.336116,,,cpu-thermal,58.312
1780554460.336116,,,gpu-thermal,59.062
1780554460.336116,,,soc0-thermal,56.718
1780554460.336116,,,soc1-thermal,56.093
1780554460.336116,,,soc2-thermal,56.812
1780554460.336116,,,tj-thermal,59.062
1780554460.4417102,VDD_IN,8383.68,,
1780554460.4417102,VDD_CPU_GPU_CV,3261.568,,
1780554460.4417102,VDD_SOC,1889.28,,
1780554460.4417102,,,cpu-thermal,58.406
1780554460.4417102,,,gpu-thermal,59.0
1780554460.4417102,,,soc0-thermal,56.843
1780554460.4417102,,,soc1-thermal,56.218
1780554460.4417102,,,soc2-thermal,56.843
1780554460.4417102,,,tj-thermal,59.0
1780554460.5470815,VDD_IN,8344.32,,
1780554460.5470815,VDD_CPU_GPU_CV,3261.568,,
1780554460.5470815,VDD_SOC,1889.28,,
1780554460.5470815,,,cpu-thermal,58.75
1780554460.5470815,,,gpu-thermal,59.031
1780554460.5470815,,,soc0-thermal,56.968
1780554460.5470815,,,soc1-thermal,56.031
1780554460.5470815,,,soc2-thermal,57.0
1780554460.5470815,,,tj-thermal,59.375
1780554460.6528487,VDD_IN,8304.96,,
1780554460.6528487,VDD_CPU_GPU_CV,3256.256,,
1780554460.6528487,VDD_SOC,1889.28,,
1780554460.6528487,,,cpu-thermal,58.406
1780554460.6528487,,,gpu-thermal,59.062
1780554460.6528487,,,soc0-thermal,56.75
1780554460.6528487,,,soc1-thermal,56.125
1780554460.6528487,,,soc2-thermal,56.812
1780554460.6528487,,,tj-thermal,59.062
1780554460.7584262,VDD_IN,8304.96,,
1780554460.7584262,VDD_CPU_GPU_CV,3217.024,,
1780554460.7584262,VDD_SOC,1889.28,,
1780554460.7584262,,,cpu-thermal,58.437
1780554460.7584262,,,gpu-thermal,59.5
1780554460.7584262,,,soc0-thermal,56.812
1780554460.7584262,,,soc1-thermal,56.25
1780554460.7584262,,,soc2-thermal,56.875
1780554460.7584262,,,tj-thermal,59.5
1780554460.8638518,VDD_IN,8423.04,,
1780554460.8638518,VDD_CPU_GPU_CV,3300.864,,
1780554460.8638518,VDD_SOC,1928.64,,
1780554460.8638518,,,cpu-thermal,58.562
1780554460.8638518,,,gpu-thermal,59.437
1780554460.8638518,,,soc0-thermal,56.968
1780554460.8638518,,,soc1-thermal,56.25
1780554460.8638518,,,soc2-thermal,56.843
1780554460.8638518,,,tj-thermal,59.437
1780554460.9693058,VDD_IN,8580.48,,
1780554460.9693058,VDD_CPU_GPU_CV,3379.456,,
1780554460.9693058,VDD_SOC,1928.64,,
1780554460.9693058,,,cpu-thermal,58.718
1780554460.9693058,,,gpu-thermal,59.218
1780554460.9693058,,,soc0-thermal,56.781
1780554460.9693058,,,soc1-thermal,56.0
1780554460.9693058,,,soc2-thermal,57.0
1780554460.9693058,,,tj-thermal,59.375
1780554461.0747871,VDD_IN,8555.008,,
1780554461.0747871,VDD_CPU_GPU_CV,3379.456,,
1780554461.0747871,VDD_SOC,1928.64,,
1780554461.0747871,,,cpu-thermal,58.343
1780554461.0747871,,,gpu-thermal,59.562
1780554461.0747871,,,soc0-thermal,56.906
1780554461.0747871,,,soc1-thermal,56.187
1780554461.0747871,,,soc2-thermal,56.875
1780554461.0747871,,,tj-thermal,59.218
1780554461.1806026,VDD_IN,8541.12,,
1780554461.1806026,VDD_CPU_GPU_CV,3340.16,,
1780554461.1806026,VDD_SOC,1928.64,,
1780554461.1806026,,,cpu-thermal,58.437
1780554461.1806026,,,gpu-thermal,59.375
1780554461.1806026,,,soc0-thermal,56.843
1780554461.1806026,,,soc1-thermal,56.187
1780554461.1806026,,,soc2-thermal,56.937
1780554461.1806026,,,tj-thermal,59.375
1780554461.2861338,VDD_IN,8501.76,,
1780554461.2861338,VDD_CPU_GPU_CV,3340.16,,
1780554461.2861338,VDD_SOC,1928.64,,
1780554461.2861338,,,cpu-thermal,58.625
1780554461.2861338,,,gpu-thermal,59.281
1780554461.2861338,,,soc0-thermal,56.968
1780554461.2861338,,,soc1-thermal,56.062
1780554461.2861338,,,soc2-thermal,57.0
1780554461.2861338,,,tj-thermal,59.281
1780554461.3918147,VDD_IN,8462.4,,
1780554461.3918147,VDD_CPU_GPU_CV,3300.864,,
1780554461.3918147,VDD_SOC,1928.64,,
1780554461.3918147,,,cpu-thermal,58.718
1780554461.3918147,,,gpu-thermal,59.125
1780554461.3918147,,,soc0-thermal,56.843
1780554461.3918147,,,soc1-thermal,56.187
1780554461.3918147,,,soc2-thermal,56.906
1780554461.3918147,,,tj-thermal,59.125
1780554461.497456,VDD_IN,8383.68,,
1780554461.497456,VDD_CPU_GPU_CV,3261.568,,
1780554461.497456,VDD_SOC,1928.64,,
1780554461.497456,,,cpu-thermal,58.312
1780554461.497456,,,gpu-thermal,59.375
1780554461.497456,,,soc0-thermal,56.843
1780554461.497456,,,soc1-thermal,56.218
1780554461.497456,,,soc2-thermal,56.968
1780554461.497456,,,tj-thermal,59.218
1780554461.6030369,VDD_IN,8423.04,,
1780554461.6030369,VDD_CPU_GPU_CV,3261.568,,
1780554461.6030369,VDD_SOC,1889.28,,
1780554461.6030369,,,cpu-thermal,58.656
1780554461.6030369,,,gpu-thermal,59.281
1780554461.6030369,,,soc0-thermal,57.0
1780554461.6030369,,,soc1-thermal,56.343
1780554461.6030369,,,soc2-thermal,57.0
1780554461.6030369,,,tj-thermal,59.156
1780554461.7088962,VDD_IN,8344.32,,
1780554461.7088962,VDD_CPU_GPU_CV,3261.568,,
1780554461.7088962,VDD_SOC,1889.28,,
1780554461.7088962,,,cpu-thermal,58.656
1780554461.7088962,,,gpu-thermal,59.156
1780554461.7088962,,,soc0-thermal,57.031
1780554461.7088962,,,soc1-thermal,56.187
1780554461.7088962,,,soc2-thermal,57.062
1780554461.7088962,,,tj-thermal,59.156
1780554461.814244,VDD_IN,8383.68,,
1780554461.814244,VDD_CPU_GPU_CV,3261.568,,
1780554461.814244,VDD_SOC,1928.64,,
1780554461.814244,,,cpu-thermal,58.718
1780554461.814244,,,gpu-thermal,59.312
1780554461.814244,,,soc0-thermal,56.843
1780554461.814244,,,soc1-thermal,56.156
1780554461.814244,,,soc2-thermal,56.937
1780554461.814244,,,tj-thermal,59.312
1780554461.9196942,VDD_IN,8541.12,,
1780554461.9196942,VDD_CPU_GPU_CV,3340.16,,
1780554461.9196942,VDD_SOC,1928.64,,
1780554461.9196942,,,cpu-thermal,58.625
1780554461.9196942,,,gpu-thermal,59.25
1780554461.9196942,,,soc0-thermal,56.906
1780554461.9196942,,,soc1-thermal,56.125
1780554461.9196942,,,soc2-thermal,56.937
1780554461.9196942,,,tj-thermal,59.25
1780554462.0249746,VDD_IN,8619.84,,
1780554462.0249746,VDD_CPU_GPU_CV,3379.456,,
1780554462.0249746,VDD_SOC,1928.64,,
1780554462.0249746,,,cpu-thermal,58.562
1780554462.0249746,,,gpu-thermal,59.375
1780554462.0249746,,,soc0-thermal,57.0
1780554462.0249746,,,soc1-thermal,56.437
1780554462.0249746,,,soc2-thermal,57.031
1780554462.0249746,,,tj-thermal,59.5
1780554462.1305447,VDD_IN,8541.12,,
1780554462.1305447,VDD_CPU_GPU_CV,3340.16,,
1780554462.1305447,VDD_SOC,1928.64,,
1780554462.1305447,,,cpu-thermal,58.687
1780554462.1305447,,,gpu-thermal,59.187
1780554462.1305447,,,soc0-thermal,57.093
1780554462.1305447,,,soc1-thermal,56.218
1780554462.1305447,,,soc2-thermal,56.968
1780554462.1305447,,,tj-thermal,59.187
1780554462.2360992,VDD_IN,8462.4,,
1780554462.2360992,VDD_CPU_GPU_CV,3300.864,,
1780554462.2360992,VDD_SOC,1928.64,,
1780554462.2360992,,,cpu-thermal,58.5
1780554462.2360992,,,gpu-thermal,59.625
1780554462.2360992,,,soc0-thermal,57.0
1780554462.2360992,,,soc1-thermal,56.25
1780554462.2360992,,,soc2-thermal,57.031
1780554462.2360992,,,tj-thermal,59.625
1780554462.3417206,VDD_IN,8462.4,,
1780554462.3417206,VDD_CPU_GPU_CV,3300.864,,
1780554462.3417206,VDD_SOC,1928.64,,
1780554462.3417206,,,cpu-thermal,58.468
1780554462.3417206,,,gpu-thermal,59.437
1780554462.3417206,,,soc0-thermal,57.031
1780554462.3417206,,,soc1-thermal,56.375
1780554462.3417206,,,soc2-thermal,57.0
1780554462.3417206,,,tj-thermal,59.437
1780554462.4472656,VDD_IN,8383.68,,
1780554462.4472656,VDD_CPU_GPU_CV,3261.568,,
1780554462.4472656,VDD_SOC,1928.64,,
1780554462.4472656,,,cpu-thermal,58.562
1780554462.4472656,,,gpu-thermal,59.187
1780554462.4472656,,,soc0-thermal,57.125
1780554462.4472656,,,soc1-thermal,56.406
1780554462.4472656,,,soc2-thermal,57.062
1780554462.4472656,,,tj-thermal,59.437
1780554462.553431,VDD_IN,8383.68,,
1780554462.553431,VDD_CPU_GPU_CV,3261.568,,
1780554462.553431,VDD_SOC,1928.64,,
1780554462.553431,,,cpu-thermal,58.562
1780554462.553431,,,gpu-thermal,59.593
1780554462.553431,,,soc0-thermal,56.968
1780554462.553431,,,soc1-thermal,56.218
1780554462.553431,,,soc2-thermal,57.062
1780554462.553431,,,tj-thermal,59.312
1780554462.659742,VDD_IN,8344.32,,
1780554462.659742,VDD_CPU_GPU_CV,3261.568,,
1780554462.659742,VDD_SOC,1889.28,,
1780554462.659742,,,cpu-thermal,58.531
1780554462.659742,,,gpu-thermal,59.531
1780554462.659742,,,soc0-thermal,57.0
1780554462.659742,,,soc1-thermal,56.312
1780554462.659742,,,soc2-thermal,57.031
1780554462.659742,,,tj-thermal,59.281
1780554462.7655694,VDD_IN,8344.32,,
1780554462.7655694,VDD_CPU_GPU_CV,3261.568,,
1780554462.7655694,VDD_SOC,1889.28,,
1780554462.7655694,,,cpu-thermal,58.562
1780554462.7655694,,,gpu-thermal,59.437
1780554462.7655694,,,soc0-thermal,57.156
1780554462.7655694,,,soc1-thermal,56.375
1780554462.7655694,,,soc2-thermal,57.062
1780554462.7655694,,,tj-thermal,59.437
1780554462.871368,VDD_IN,8501.76,,
1780554462.871368,VDD_CPU_GPU_CV,3340.16,,
1780554462.871368,VDD_SOC,1928.64,,
1780554462.871368,,,cpu-thermal,58.875
1780554462.871368,,,gpu-thermal,59.468
1780554462.871368,,,soc0-thermal,57.187
1780554462.871368,,,soc1-thermal,56.406
1780554462.871368,,,soc2-thermal,57.093
1780554462.871368,,,tj-thermal,59.468
1780554462.9767416,VDD_IN,8633.856,,
1780554462.9767416,VDD_CPU_GPU_CV,3418.752,,
1780554462.9767416,VDD_SOC,1928.64,,
1780554462.9767416,,,cpu-thermal,58.531
1780554462.9767416,,,gpu-thermal,59.437
1780554462.9767416,,,soc0-thermal,57.062
1780554462.9767416,,,soc1-thermal,56.343
1780554462.9767416,,,soc2-thermal,57.062
1780554462.9767416,,,tj-thermal,59.437
1780554463.082188,VDD_IN,8555.008,,
1780554463.082188,VDD_CPU_GPU_CV,3340.16,,
1780554463.082188,VDD_SOC,1928.64,,
1780554463.082188,,,cpu-thermal,58.562
1780554463.082188,,,gpu-thermal,59.468
1780554463.082188,,,soc0-thermal,57.125
1780554463.082188,,,soc1-thermal,56.406
1780554463.082188,,,soc2-thermal,57.031
1780554463.082188,,,tj-thermal,59.312
1780554463.187812,VDD_IN,8476.16,,
1780554463.187812,VDD_CPU_GPU_CV,3300.864,,
1780554463.187812,VDD_SOC,1928.64,,
1780554463.187812,,,cpu-thermal,58.781
1780554463.187812,,,gpu-thermal,59.312
1780554463.187812,,,soc0-thermal,57.062
1780554463.187812,,,soc1-thermal,56.5
1780554463.187812,,,soc2-thermal,57.093
1780554463.187812,,,tj-thermal,59.562
1780554463.294061,VDD_IN,8423.04,,
1780554463.294061,VDD_CPU_GPU_CV,3300.864,,
1780554463.294061,VDD_SOC,1928.64,,
1780554463.294061,,,cpu-thermal,58.843
1780554463.294061,,,gpu-thermal,59.312
1780554463.294061,,,soc0-thermal,56.968
1780554463.294061,,,soc1-thermal,56.25
1780554463.294061,,,soc2-thermal,57.093
1780554463.294061,,,tj-thermal,59.5
1780554463.4000208,VDD_IN,8344.32,,
1780554463.4000208,VDD_CPU_GPU_CV,3261.568,,
1780554463.4000208,VDD_SOC,1889.28,,
1780554463.4000208,,,cpu-thermal,58.906
1780554463.4000208,,,gpu-thermal,59.75
1780554463.4000208,,,soc0-thermal,57.031
1780554463.4000208,,,soc1-thermal,56.437
1780554463.4000208,,,soc2-thermal,57.125
1780554463.4000208,,,tj-thermal,59.75
1780554463.5058699,VDD_IN,8304.96,,
1780554463.5058699,VDD_CPU_GPU_CV,3222.272,,
1780554463.5058699,VDD_SOC,1889.28,,
1780554463.5058699,,,cpu-thermal,58.718
1780554463.5058699,,,gpu-thermal,59.531
1780554463.5058699,,,soc0-thermal,57.156
1780554463.5058699,,,soc1-thermal,56.468
1780554463.5058699,,,soc2-thermal,57.156
1780554463.5058699,,,tj-thermal,59.531
1780554463.611336,VDD_IN,8265.6,,
1780554463.611336,VDD_CPU_GPU_CV,3182.976,,
1780554463.611336,VDD_SOC,1889.28,,
1780554463.611336,,,cpu-thermal,58.812
1780554463.611336,,,gpu-thermal,59.468
1780554463.611336,,,soc0-thermal,57.218
1780554463.611336,,,soc1-thermal,56.406
1780554463.611336,,,soc2-thermal,57.187
1780554463.611336,,,tj-thermal,59.468
1780554463.7168791,VDD_IN,8265.6,,
1780554463.7168791,VDD_CPU_GPU_CV,3222.272,,
1780554463.7168791,VDD_SOC,1889.28,,
1780554463.7168791,,,cpu-thermal,58.906
1780554463.7168791,,,gpu-thermal,59.437
1780554463.7168791,,,soc0-thermal,57.125
1780554463.7168791,,,soc1-thermal,56.437
1780554463.7168791,,,soc2-thermal,57.125
1780554463.7168791,,,tj-thermal,59.437
1780554463.8229253,VDD_IN,8344.32,,
1780554463.8229253,VDD_CPU_GPU_CV,3261.568,,
1780554463.8229253,VDD_SOC,1889.28,,
1780554463.8229253,,,cpu-thermal,58.625
1780554463.8229253,,,gpu-thermal,59.656
1780554463.8229253,,,soc0-thermal,57.125
1780554463.8229253,,,soc1-thermal,56.468
1780554463.8229253,,,soc2-thermal,57.062
1780554463.8229253,,,tj-thermal,59.406
1780554463.928341,VDD_IN,8501.76,,
1780554463.928341,VDD_CPU_GPU_CV,3340.16,,
1780554463.928341,VDD_SOC,1928.64,,
1780554463.928341,,,cpu-thermal,58.75
1780554463.928341,,,gpu-thermal,59.656
1780554463.928341,,,soc0-thermal,57.156
1780554463.928341,,,soc1-thermal,56.468
1780554463.928341,,,soc2-thermal,57.218
1780554463.928341,,,tj-thermal,59.656
1780554464.0336626,VDD_IN,8580.48,,
1780554464.0336626,VDD_CPU_GPU_CV,3379.456,,
1780554464.0336626,VDD_SOC,1928.64,,
1780554464.0336626,,,cpu-thermal,58.75
1780554464.0336626,,,gpu-thermal,59.531
1780554464.0336626,,,soc0-thermal,57.187
1780554464.0336626,,,soc1-thermal,56.468
1780554464.0336626,,,soc2-thermal,57.281
1780554464.0336626,,,tj-thermal,59.531
1780554464.1392863,VDD_IN,8580.48,,
1780554464.1392863,VDD_CPU_GPU_CV,3379.456,,
1780554464.1392863,VDD_SOC,1928.64,,
1780554464.1392863,,,cpu-thermal,58.937
1780554464.1392863,,,gpu-thermal,59.468
1780554464.1392863,,,soc0-thermal,57.062
1780554464.1392863,,,soc1-thermal,56.437
1780554464.1392863,,,soc2-thermal,57.125
1780554464.1392863,,,tj-thermal,59.468
1780554464.2452483,VDD_IN,8541.12,,
1780554464.2452483,VDD_CPU_GPU_CV,3340.16,,
1780554464.2452483,VDD_SOC,1928.64,,
1780554464.2452483,,,cpu-thermal,58.781
1780554464.2452483,,,gpu-thermal,59.468
1780554464.2452483,,,soc0-thermal,57.25
1780554464.2452483,,,soc1-thermal,56.5
1780554464.2452483,,,soc2-thermal,57.25
1780554464.2452483,,,tj-thermal,59.468
1780554464.3507323,VDD_IN,8501.76,,
1780554464.3507323,VDD_CPU_GPU_CV,3340.16,,
1780554464.3507323,VDD_SOC,1928.64,,
1780554464.3507323,,,cpu-thermal,58.75
1780554464.3507323,,,gpu-thermal,59.468
1780554464.3507323,,,soc0-thermal,57.125
1780554464.3507323,,,soc1-thermal,56.562
1780554464.3507323,,,soc2-thermal,57.218
1780554464.3507323,,,tj-thermal,59.718
1780554464.456699,VDD_IN,8501.76,,
1780554464.456699,VDD_CPU_GPU_CV,3340.16,,
1780554464.456699,VDD_SOC,1928.64,,
1780554464.456699,,,cpu-thermal,58.875
1780554464.456699,,,gpu-thermal,59.562
1780554464.456699,,,soc0-thermal,57.25
1780554464.456699,,,soc1-thermal,56.437
1780554464.456699,,,soc2-thermal,57.187
1780554464.456699,,,tj-thermal,59.593
1780554464.5623322,VDD_IN,8462.4,,
1780554464.5623322,VDD_CPU_GPU_CV,3340.16,,
1780554464.5623322,VDD_SOC,1928.64,,
1780554464.5623322,,,cpu-thermal,58.75
1780554464.5623322,,,gpu-thermal,59.843
1780554464.5623322,,,soc0-thermal,57.156
1780554464.5623322,,,soc1-thermal,56.468
1780554464.5623322,,,soc2-thermal,57.156
1780554464.5623322,,,tj-thermal,59.843
1780554464.668406,VDD_IN,8462.4,,
1780554464.668406,VDD_CPU_GPU_CV,3300.864,,
1780554464.668406,VDD_SOC,1928.64,,
1780554464.668406,,,cpu-thermal,58.656
1780554464.668406,,,gpu-thermal,59.718
1780554464.668406,,,soc0-thermal,57.187
1780554464.668406,,,soc1-thermal,56.562
1780554464.668406,,,soc2-thermal,57.312
1780554464.668406,,,tj-thermal,59.718
1780554464.7741194,VDD_IN,8501.76,,
1780554464.7741194,VDD_CPU_GPU_CV,3340.16,,
1780554464.7741194,VDD_SOC,1928.64,,
1780554464.7741194,,,cpu-thermal,58.781
1780554464.7741194,,,gpu-thermal,59.718
1780554464.7741194,,,soc0-thermal,57.281
1780554464.7741194,,,soc1-thermal,56.468
1780554464.7741194,,,soc2-thermal,57.343
1780554464.7741194,,,tj-thermal,59.718
1780554464.8795662,VDD_IN,8580.48,,
1780554464.8795662,VDD_CPU_GPU_CV,3379.456,,
1780554464.8795662,VDD_SOC,1928.64,,
1780554464.8795662,,,cpu-thermal,58.718
1780554464.8795662,,,gpu-thermal,59.656
1780554464.8795662,,,soc0-thermal,57.187
1780554464.8795662,,,soc1-thermal,56.531
1780554464.8795662,,,soc2-thermal,57.281
1780554464.8795662,,,tj-thermal,59.656
1780554464.984937,VDD_IN,8712.704,,
1780554464.984937,VDD_CPU_GPU_CV,3458.048,,
1780554464.984937,VDD_SOC,1968.0,,
1780554464.984937,,,cpu-thermal,58.937
1780554464.984937,,,gpu-thermal,59.781
1780554464.984937,,,soc0-thermal,57.187
1780554464.984937,,,soc1-thermal,56.531
1780554464.984937,,,soc2-thermal,57.25
1780554464.984937,,,tj-thermal,59.562
1780554465.0907016,VDD_IN,8673.28,,
1780554465.0907016,VDD_CPU_GPU_CV,3418.752,,
1780554465.0907016,VDD_SOC,1968.0,,
1780554465.0907016,,,cpu-thermal,58.781
1780554465.0907016,,,gpu-thermal,59.718
1780554465.0907016,,,soc0-thermal,57.312
1780554465.0907016,,,soc1-thermal,56.625
1780554465.0907016,,,soc2-thermal,57.187
1780554465.0907016,,,tj-thermal,59.718
1780554465.1964364,VDD_IN,8580.48,,
1780554465.1964364,VDD_CPU_GPU_CV,3379.456,,
1780554465.1964364,VDD_SOC,1928.64,,
1780554465.1964364,,,cpu-thermal,59.0
1780554465.1964364,,,gpu-thermal,59.562
1780554465.1964364,,,soc0-thermal,57.375
1780554465.1964364,,,soc1-thermal,56.5
1780554465.1964364,,,soc2-thermal,57.312
1780554465.1964364,,,tj-thermal,59.562
1780554465.3021052,VDD_IN,8541.12,,
1780554465.3021052,VDD_CPU_GPU_CV,3379.456,,
1780554465.3021052,VDD_SOC,1928.64,,
1780554465.3021052,,,cpu-thermal,59.093
1780554465.3021052,,,gpu-thermal,59.531
1780554465.3021052,,,soc0-thermal,57.218
1780554465.3021052,,,soc1-thermal,56.593
1780554465.3021052,,,soc2-thermal,57.375
1780554465.3021052,,,tj-thermal,59.531
1780554465.4077694,VDD_IN,8541.12,,
1780554465.4077694,VDD_CPU_GPU_CV,3379.456,,
1780554465.4077694,VDD_SOC,1928.64,,
1780554465.4077694,,,cpu-thermal,58.75
1780554465.4077694,,,gpu-thermal,59.5
1780554465.4077694,,,soc0-thermal,57.281
1780554465.4077694,,,soc1-thermal,56.656
1780554465.4077694,,,soc2-thermal,57.312
1780554465.4077694,,,tj-thermal,59.5
1780554465.5139432,VDD_IN,8541.12,,
1780554465.5139432,VDD_CPU_GPU_CV,3379.456,,
1780554465.5139432,VDD_SOC,1928.64,,
1780554465.5139432,,,cpu-thermal,58.968
1780554465.5139432,,,gpu-thermal,59.781
1780554465.5139432,,,soc0-thermal,57.312
1780554465.5139432,,,soc1-thermal,56.5
1780554465.5139432,,,soc2-thermal,57.312
1780554465.5139432,,,tj-thermal,59.781
1780554465.6196916,VDD_IN,8541.12,,
1780554465.6196916,VDD_CPU_GPU_CV,3379.456,,
1780554465.6196916,VDD_SOC,1928.64,,
1780554465.6196916,,,cpu-thermal,59.062
1780554465.6196916,,,gpu-thermal,59.468
1780554465.6196916,,,soc0-thermal,57.375
1780554465.6196916,,,soc1-thermal,56.562
1780554465.6196916,,,soc2-thermal,57.437
1780554465.6196916,,,tj-thermal,59.75
1780554465.7253633,VDD_IN,8501.76,,
1780554465.7253633,VDD_CPU_GPU_CV,3379.456,,
1780554465.7253633,VDD_SOC,1928.64,,
1780554465.7253633,,,cpu-thermal,59.218
1780554465.7253633,,,gpu-thermal,59.468
1780554465.7253633,,,soc0-thermal,57.25
1780554465.7253633,,,soc1-thermal,56.625
1780554465.7253633,,,soc2-thermal,57.375
1780554465.7253633,,,tj-thermal,59.468
1780554465.8307633,VDD_IN,8541.12,,
1780554465.8307633,VDD_CPU_GPU_CV,3379.456,,
1780554465.8307633,VDD_SOC,1928.64,,
1780554465.8307633,,,cpu-thermal,58.906
1780554465.8307633,,,gpu-thermal,59.906
1780554465.8307633,,,soc0-thermal,57.312
1780554465.8307633,,,soc1-thermal,56.656
1780554465.8307633,,,soc2-thermal,57.406
1780554465.8307633,,,tj-thermal,59.906
1780554465.9362028,VDD_IN,8673.28,,
1780554465.9362028,VDD_CPU_GPU_CV,3418.752,,
1780554465.9362028,VDD_SOC,1968.0,,
1780554465.9362028,,,cpu-thermal,58.937
1780554465.9362028,,,gpu-thermal,59.812
1780554465.9362028,,,soc0-thermal,57.406
1780554465.9362028,,,soc1-thermal,56.781
1780554465.9362028,,,soc2-thermal,57.406
1780554465.9362028,,,tj-thermal,59.812
1780554466.0415885,VDD_IN,8816.64,,
1780554466.0415885,VDD_CPU_GPU_CV,3536.64,,
1780554466.0415885,VDD_SOC,1968.0,,
1780554466.0415885,,,cpu-thermal,59.125
1780554466.0415885,,,gpu-thermal,59.75
1780554466.0415885,,,soc0-thermal,57.281
1780554466.0415885,,,soc1-thermal,56.625
1780554466.0415885,,,soc2-thermal,57.375
1780554466.0415885,,,tj-thermal,59.75
1780554466.1482208,VDD_IN,8895.36,,
1780554466.1482208,VDD_CPU_GPU_CV,3570.112,,
1780554466.1482208,VDD_SOC,1968.0,,
1780554466.1482208,,,cpu-thermal,59.031
1780554466.1482208,,,gpu-thermal,59.906
1780554466.1482208,,,soc0-thermal,57.312
1780554466.1482208,,,soc1-thermal,56.593
1780554466.1482208,,,soc2-thermal,57.406
1780554466.1482208,,,tj-thermal,59.687
1780554466.2538123,VDD_IN,8856.0,,
1780554466.2538123,VDD_CPU_GPU_CV,3570.112,,
1780554466.2538123,VDD_SOC,1968.0,,
1780554466.2538123,,,cpu-thermal,59.031
1780554466.2538123,,,gpu-thermal,59.687
1780554466.2538123,,,soc0-thermal,57.375
1780554466.2538123,,,soc1-thermal,56.875
1780554466.2538123,,,soc2-thermal,57.437
1780554466.2538123,,,tj-thermal,59.625
1780554466.3597383,VDD_IN,8856.0,,
1780554466.3597383,VDD_CPU_GPU_CV,3609.344,,
1780554466.3597383,VDD_SOC,1964.8,,
1780554466.3597383,,,cpu-thermal,59.156
1780554466.3597383,,,gpu-thermal,59.687
1780554466.3597383,,,soc0-thermal,57.468
1780554466.3597383,,,soc1-thermal,56.593
1780554466.3597383,,,soc2-thermal,57.5
1780554466.3597383,,,tj-thermal,59.687
1780554466.4658272,VDD_IN,8816.64,,
1780554466.4658272,VDD_CPU_GPU_CV,3570.112,,
1780554466.4658272,VDD_SOC,1964.8,,
1780554466.4658272,,,cpu-thermal,59.187
1780554466.4658272,,,gpu-thermal,59.593
1780554466.4658272,,,soc0-thermal,57.312
1780554466.4658272,,,soc1-thermal,56.625
1780554466.4658272,,,soc2-thermal,57.531
1780554466.4658272,,,tj-thermal,59.593
1780554466.571259,VDD_IN,8777.28,,
1780554466.571259,VDD_CPU_GPU_CV,3570.112,,
1780554466.571259,VDD_SOC,1925.504,,
1780554466.571259,,,cpu-thermal,59.156
1780554466.571259,,,gpu-thermal,59.562
1780554466.571259,,,soc0-thermal,57.375
1780554466.571259,,,soc1-thermal,56.781
1780554466.571259,,,soc2-thermal,57.468
1780554466.571259,,,tj-thermal,59.562
1780554466.6771257,VDD_IN,8763.008,,
1780554466.6771257,VDD_CPU_GPU_CV,3570.112,,
1780554466.6771257,VDD_SOC,1925.504,,
1780554466.6771257,,,cpu-thermal,59.125
1780554466.6771257,,,gpu-thermal,60.0
1780554466.6771257,,,soc0-thermal,57.468
1780554466.6771257,,,soc1-thermal,56.656
1780554466.6771257,,,soc2-thermal,57.531
1780554466.6771257,,,tj-thermal,60.0
1780554466.7825975,VDD_IN,8802.304,,
1780554466.7825975,VDD_CPU_GPU_CV,3570.112,,
1780554466.7825975,VDD_SOC,1925.504,,
1780554466.7825975,,,cpu-thermal,59.125
1780554466.7825975,,,gpu-thermal,59.75
1780554466.7825975,,,soc0-thermal,57.406
1780554466.7825975,,,soc1-thermal,56.656
1780554466.7825975,,,soc2-thermal,57.437
1780554466.7825975,,,tj-thermal,59.906
1780554466.8883462,VDD_IN,8880.896,,
1780554466.8883462,VDD_CPU_GPU_CV,3609.344,,
1780554466.8883462,VDD_SOC,1964.8,,
1780554466.8883462,,,cpu-thermal,59.156
1780554466.8883462,,,gpu-thermal,59.75
1780554466.8883462,,,soc0-thermal,57.375
1780554466.8883462,,,soc1-thermal,56.718
1780554466.8883462,,,soc2-thermal,57.468
1780554466.8883462,,,tj-thermal,59.75
1780554466.9940832,VDD_IN,8934.72,,
1780554466.9940832,VDD_CPU_GPU_CV,3609.344,,
1780554466.9940832,VDD_SOC,1964.8,,
1780554466.9940832,,,cpu-thermal,58.968
1780554466.9940832,,,gpu-thermal,60.031
1780554466.9940832,,,soc0-thermal,57.437
1780554466.9940832,,,soc1-thermal,56.812
1780554466.9940832,,,soc2-thermal,57.437
1780554466.9940832,,,tj-thermal,60.031
1780554467.0997272,VDD_IN,8816.64,,
1780554467.0997272,VDD_CPU_GPU_CV,3530.88,,
1780554467.0997272,VDD_SOC,1968.0,,
1780554467.0997272,,,cpu-thermal,59.25
1780554467.0997272,,,gpu-thermal,59.843
1780554467.0997272,,,soc0-thermal,57.5
1780554467.0997272,,,soc1-thermal,56.625
1780554467.0997272,,,soc2-thermal,57.593
1780554467.0997272,,,tj-thermal,59.843
1780554467.205515,VDD_IN,8737.92,,
1780554467.205515,VDD_CPU_GPU_CV,3452.416,,
1780554467.205515,VDD_SOC,1968.0,,
1780554467.205515,,,cpu-thermal,59.437
1780554467.205515,,,gpu-thermal,59.781
1780554467.205515,,,soc0-thermal,57.375
1780554467.205515,,,soc1-thermal,56.718
1780554467.205515,,,soc2-thermal,57.5
1780554467.205515,,,tj-thermal,59.781
1780554467.3109806,VDD_IN,8659.2,,
1780554467.3109806,VDD_CPU_GPU_CV,3413.184,,
1780554467.3109806,VDD_SOC,1968.0,,
1780554467.3109806,,,cpu-thermal,59.0
1780554467.3109806,,,gpu-thermal,59.937
1780554467.3109806,,,soc0-thermal,57.5
1780554467.3109806,,,soc1-thermal,56.781
1780554467.3109806,,,soc2-thermal,57.593
1780554467.3109806,,,tj-thermal,59.781
1780554467.4162354,VDD_IN,8580.48,,
1780554467.4162354,VDD_CPU_GPU_CV,3373.952,,
1780554467.4162354,VDD_SOC,1928.64,,
1780554467.4162354,,,cpu-thermal,59.218
1780554467.4162354,,,gpu-thermal,59.906
1780554467.4162354,,,soc0-thermal,57.468
1780554467.4162354,,,soc1-thermal,56.906
1780554467.4162354,,,soc2-thermal,57.531
1780554467.4162354,,,tj-thermal,59.906
1780554467.5214403,VDD_IN,8541.12,,
1780554467.5214403,VDD_CPU_GPU_CV,3340.16,,
1780554467.5214403,VDD_SOC,1928.64,,
1780554467.5214403,,,cpu-thermal,59.218
1780554467.5214403,,,gpu-thermal,59.843
1780554467.5214403,,,soc0-thermal,57.593
1780554467.5214403,,,soc1-thermal,56.687
1780554467.5214403,,,soc2-thermal,57.5
1780554467.5214403,,,tj-thermal,59.843
1780554467.6270657,VDD_IN,8501.76,,
1780554467.6270657,VDD_CPU_GPU_CV,3295.488,,
1780554467.6270657,VDD_SOC,1928.64,,
1780554467.6270657,,,cpu-thermal,59.406
1780554467.6270657,,,gpu-thermal,59.781
1780554467.6270657,,,soc0-thermal,57.375
1780554467.6270657,,,soc1-thermal,56.812
1780554467.6270657,,,soc2-thermal,57.5
1780554467.6270657,,,tj-thermal,59.781
1780554467.7327995,VDD_IN,8462.4,,
1780554467.7327995,VDD_CPU_GPU_CV,3300.864,,
1780554467.7327995,VDD_SOC,1928.64,,
1780554467.7327995,,,cpu-thermal,59.0
1780554467.7327995,,,gpu-thermal,59.906
1780554467.7327995,,,soc0-thermal,57.406
1780554467.7327995,,,soc1-thermal,56.875
1780554467.7327995,,,soc2-thermal,57.531
1780554467.7327995,,,tj-thermal,59.718
1780554467.8386328,VDD_IN,8541.12,,
1780554467.8386328,VDD_CPU_GPU_CV,3300.864,,
1780554467.8386328,VDD_SOC,1928.64,,
1780554467.8386328,,,cpu-thermal,59.156
1780554467.8386328,,,gpu-thermal,59.937
1780554467.8386328,,,soc0-thermal,57.531
1780554467.8386328,,,soc1-thermal,56.968
1780554467.8386328,,,soc2-thermal,57.625
1780554467.8386328,,,tj-thermal,60.25
1780554467.9441044,VDD_IN,8619.84,,
1780554467.9441044,VDD_CPU_GPU_CV,3379.456,,
1780554467.9441044,VDD_SOC,1968.0,,
1780554467.9441044,,,cpu-thermal,59.218
1780554467.9441044,,,gpu-thermal,59.875
1780554467.9441044,,,soc0-thermal,57.656
1780554467.9441044,,,soc1-thermal,56.812
1780554467.9441044,,,soc2-thermal,57.656
1780554467.9441044,,,tj-thermal,59.875
1780554468.049608,VDD_IN,8659.2,,
1780554468.049608,VDD_CPU_GPU_CV,3379.456,,
1780554468.049608,VDD_SOC,1968.0,,
1780554468.049608,,,cpu-thermal,59.25
1780554468.049608,,,gpu-thermal,59.781
1780554468.049608,,,soc0-thermal,57.5
1780554468.049608,,,soc1-thermal,56.781
1780554468.049608,,,soc2-thermal,57.593
1780554468.049608,,,tj-thermal,59.781
1780554468.1553335,VDD_IN,8619.84,,
1780554468.1553335,VDD_CPU_GPU_CV,3379.456,,
1780554468.1553335,VDD_SOC,1968.0,,
1780554468.1553335,,,cpu-thermal,59.125
1780554468.1553335,,,gpu-thermal,60.093
1780554468.1553335,,,soc0-thermal,57.468
1780554468.1553335,,,soc1-thermal,56.937
1780554468.1553335,,,soc2-thermal,57.625
1780554468.1553335,,,tj-thermal,60.093
1780554468.2610822,VDD_IN,8580.48,,
1780554468.2610822,VDD_CPU_GPU_CV,3340.16,,
1780554468.2610822,VDD_SOC,1968.0,,
1780554468.2610822,,,cpu-thermal,59.281
1780554468.2610822,,,gpu-thermal,59.843
1780554468.2610822,,,soc0-thermal,57.593
1780554468.2610822,,,soc1-thermal,56.718
1780554468.2610822,,,soc2-thermal,57.656
1780554468.2610822,,,tj-thermal,59.906
1780554468.3668349,VDD_IN,8659.2,,
1780554468.3668349,VDD_CPU_GPU_CV,3379.456,,
1780554468.3668349,VDD_SOC,1968.0,,
1780554468.3668349,,,cpu-thermal,59.406
1780554468.3668349,,,gpu-thermal,59.906
1780554468.3668349,,,soc0-thermal,57.468
1780554468.3668349,,,soc1-thermal,56.812
1780554468.3668349,,,soc2-thermal,57.531
1780554468.3668349,,,tj-thermal,59.906
1780554468.473619,VDD_IN,8698.56,,
1780554468.473619,VDD_CPU_GPU_CV,3452.416,,
1780554468.473619,VDD_SOC,1968.0,,
1780554468.473619,,,cpu-thermal,59.312
1780554468.473619,,,gpu-thermal,59.875
1780554468.473619,,,soc0-thermal,57.593
1780554468.473619,,,soc1-thermal,56.906
1780554468.473619,,,soc2-thermal,57.656
1780554468.473619,,,tj-thermal,59.875
1780554468.5803742,VDD_IN,8737.92,,
1780554468.5803742,VDD_CPU_GPU_CV,3491.648,,
1780554468.5803742,VDD_SOC,1964.8,,
1780554468.5803742,,,cpu-thermal,59.312
1780554468.5803742,,,gpu-thermal,59.812
1780554468.5803742,,,soc0-thermal,57.531
1780554468.5803742,,,soc1-thermal,56.718
1780554468.5803742,,,soc2-thermal,57.656
1780554468.5803742,,,tj-thermal,59.812
1780554468.6866028,VDD_IN,8777.28,,
1780554468.6866028,VDD_CPU_GPU_CV,3491.648,,
1780554468.6866028,VDD_SOC,1925.504,,
1780554468.6866028,,,cpu-thermal,59.218
1780554468.6866028,,,gpu-thermal,59.906
1780554468.6866028,,,soc0-thermal,57.531
1780554468.6866028,,,soc1-thermal,56.875
1780554468.6866028,,,soc2-thermal,57.75
1780554468.6866028,,,tj-thermal,60.156
1780554468.792295,VDD_IN,8737.92,,
1780554468.792295,VDD_CPU_GPU_CV,3491.648,,
1780554468.792295,VDD_SOC,1925.504,,
1780554468.792295,,,cpu-thermal,59.281
1780554468.792295,,,gpu-thermal,59.875
1780554468.792295,,,soc0-thermal,57.531
1780554468.792295,,,soc1-thermal,56.937
1780554468.792295,,,soc2-thermal,57.687
1780554468.792295,,,tj-thermal,59.968
1780554468.898135,VDD_IN,8737.92,,
1780554468.898135,VDD_CPU_GPU_CV,3530.88,,
1780554468.898135,VDD_SOC,1925.504,,
1780554468.898135,,,cpu-thermal,59.25
1780554468.898135,,,gpu-thermal,59.906
1780554468.898135,,,soc0-thermal,57.625
1780554468.898135,,,soc1-thermal,56.968
1780554468.898135,,,soc2-thermal,57.687
1780554468.898135,,,tj-thermal,59.906
1780554469.0037844,VDD_IN,8737.92,,
1780554469.0037844,VDD_CPU_GPU_CV,3530.88,,
1780554469.0037844,VDD_SOC,1928.64,,
1780554469.0037844,,,cpu-thermal,59.437
1780554469.0037844,,,gpu-thermal,60.156
1780554469.0037844,,,soc0-thermal,57.781
1780554469.0037844,,,soc1-thermal,56.937
1780554469.0037844,,,soc2-thermal,57.75
1780554469.0037844,,,tj-thermal,60.156
1780554469.1098795,VDD_IN,8659.2,,
1780554469.1098795,VDD_CPU_GPU_CV,3452.416,,
1780554469.1098795,VDD_SOC,1928.64,,
1780554469.1098795,,,cpu-thermal,59.625
1780554469.1098795,,,gpu-thermal,60.062
1780554469.1098795,,,soc0-thermal,57.562
1780554469.1098795,,,soc1-thermal,56.906
1780554469.1098795,,,soc2-thermal,57.656
1780554469.1098795,,,tj-thermal,60.062
1780554469.2153213,VDD_IN,8541.12,,
1780554469.2153213,VDD_CPU_GPU_CV,3373.952,,
1780554469.2153213,VDD_SOC,1925.504,,
1780554469.2153213,,,cpu-thermal,59.156
1780554469.2153213,,,gpu-thermal,59.906
1780554469.2153213,,,soc0-thermal,57.531
1780554469.2153213,,,soc1-thermal,56.968
1780554469.2153213,,,soc2-thermal,57.687
1780554469.2153213,,,tj-thermal,59.906
1780554469.3212223,VDD_IN,8462.4,,
1780554469.3212223,VDD_CPU_GPU_CV,3334.72,,
1780554469.3212223,VDD_SOC,1886.208,,
1780554469.3212223,,,cpu-thermal,59.218
1780554469.3212223,,,gpu-thermal,59.875
1780554469.3212223,,,soc0-thermal,57.718
1780554469.3212223,,,soc1-thermal,56.937
1780554469.3212223,,,soc2-thermal,57.718
1780554469.3212223,,,tj-thermal,59.875
1780554469.4270275,VDD_IN,8462.4,,
1780554469.4270275,VDD_CPU_GPU_CV,3334.72,,
1780554469.4270275,VDD_SOC,1886.208,,
1780554469.4270275,,,cpu-thermal,59.406
1780554469.4270275,,,gpu-thermal,60.062
1780554469.4270275,,,soc0-thermal,57.75
1780554469.4270275,,,soc1-thermal,56.906
1780554469.4270275,,,soc2-thermal,57.812
1780554469.4270275,,,tj-thermal,59.906
1780554469.5325434,VDD_IN,8383.68,,
1780554469.5325434,VDD_CPU_GPU_CV,3256.256,,
1780554469.5325434,VDD_SOC,1889.28,,
1780554469.5325434,,,cpu-thermal,59.468
1780554469.5325434,,,gpu-thermal,59.937
1780554469.5325434,,,soc0-thermal,57.562
1780554469.5325434,,,soc1-thermal,56.937
1780554469.5325434,,,soc2-thermal,57.718
1780554469.5325434,,,tj-thermal,59.937
1780554469.6380463,VDD_IN,8383.68,,
1780554469.6380463,VDD_CPU_GPU_CV,3256.256,,
1780554469.6380463,VDD_SOC,1889.28,,
1780554469.6380463,,,cpu-thermal,59.218
1780554469.6380463,,,gpu-thermal,59.937
1780554469.6380463,,,soc0-thermal,57.687
1780554469.6380463,,,soc1-thermal,57.0
1780554469.6380463,,,soc2-thermal,57.718
1780554469.6380463,,,tj-thermal,59.937
1780554469.743771,VDD_IN,8344.32,,
1780554469.743771,VDD_CPU_GPU_CV,3256.256,,
1780554469.743771,VDD_SOC,1889.28,,
1780554469.743771,,,cpu-thermal,59.343
1780554469.743771,,,gpu-thermal,59.906
1780554469.743771,,,soc0-thermal,57.781
1780554469.743771,,,soc1-thermal,57.062
1780554469.743771,,,soc2-thermal,57.843
1780554469.743771,,,tj-thermal,59.906
1780554469.8494306,VDD_IN,8462.4,,
1780554469.8494306,VDD_CPU_GPU_CV,3300.864,,
1780554469.8494306,VDD_SOC,1928.64,,
1780554469.8494306,,,cpu-thermal,59.375
1780554469.8494306,,,gpu-thermal,60.093
1780554469.8494306,,,soc0-thermal,57.656
1780554469.8494306,,,soc1-thermal,56.968
1780554469.8494306,,,soc2-thermal,57.718
1780554469.8494306,,,tj-thermal,60.281
1780554469.9550507,VDD_IN,8580.48,,
1780554469.9550507,VDD_CPU_GPU_CV,3379.456,,
1780554469.9550507,VDD_SOC,1928.64,,
1780554469.9550507,,,cpu-thermal,59.218
1780554469.9550507,,,gpu-thermal,60.093
1780554469.9550507,,,soc0-thermal,57.687
1780554469.9550507,,,soc1-thermal,56.968
1780554469.9550507,,,soc2-thermal,57.75
1780554469.9550507,,,tj-thermal,60.093
1780554470.0602887,VDD_IN,8580.48,,
1780554470.0602887,VDD_CPU_GPU_CV,3379.456,,
1780554470.0602887,VDD_SOC,1928.64,,
1780554470.0602887,,,cpu-thermal,59.281
1780554470.0602887,,,gpu-thermal,59.906
1780554470.0602887,,,soc0-thermal,57.687
1780554470.0602887,,,soc1-thermal,57.062
1780554470.0602887,,,soc2-thermal,57.75
1780554470.0602887,,,tj-thermal,59.906
1780554470.1662467,VDD_IN,8501.76,,
1780554470.1662467,VDD_CPU_GPU_CV,3340.16,,
1780554470.1662467,VDD_SOC,1928.64,,
1780554470.1662467,,,cpu-thermal,59.406
1780554470.1662467,,,gpu-thermal,60.218
1780554470.1662467,,,soc0-thermal,57.812
1780554470.1662467,,,soc1-thermal,56.968
1780554470.1662467,,,soc2-thermal,57.843
1780554470.1662467,,,tj-thermal,60.218
1780554470.272199,VDD_IN,8659.2,,
1780554470.272199,VDD_CPU_GPU_CV,3452.416,,
1780554470.272199,VDD_SOC,1928.64,,
1780554470.272199,,,cpu-thermal,59.593
1780554470.272199,,,gpu-thermal,59.937
1780554470.272199,,,soc0-thermal,57.656
1780554470.272199,,,soc1-thermal,57.062
1780554470.272199,,,soc2-thermal,57.843
1780554470.272199,,,tj-thermal,59.937
1780554470.3822408,VDD_IN,9013.44,,
1780554470.3822408,VDD_CPU_GPU_CV,3805.504,,
1780554470.3822408,VDD_SOC,1925.504,,
1780554470.3822408,,,cpu-thermal,60.0
1780554470.3822408,,,gpu-thermal,60.375
1780554470.3822408,,,soc0-thermal,57.75
1780554470.3822408,,,soc1-thermal,56.937
1780554470.3822408,,,soc2-thermal,57.937
1780554470.3822408,,,tj-thermal,60.375
1780554470.489311,VDD_IN,9234.56,,
1780554470.489311,VDD_CPU_GPU_CV,3962.432,,
1780554470.489311,VDD_SOC,1964.8,,
1780554470.489311,,,cpu-thermal,60.031
1780554470.489311,,,gpu-thermal,59.968
1780554470.489311,,,soc0-thermal,57.656
1780554470.489311,,,soc1-thermal,57.0
1780554470.489311,,,soc2-thermal,57.968
1780554470.489311,,,tj-thermal,59.968
1780554470.5983622,VDD_IN,9234.56,,
1780554470.5983622,VDD_CPU_GPU_CV,3916.8,,
1780554470.5983622,VDD_SOC,1964.8,,
1780554470.5983622,,,cpu-thermal,59.562
1780554470.5983622,,,gpu-thermal,59.968
1780554470.5983622,,,soc0-thermal,57.812
1780554470.5983622,,,soc1-thermal,57.093
1780554470.5983622,,,soc2-thermal,57.937
1780554470.5983622,,,tj-thermal,59.968
1780554470.7044146,VDD_IN,9077.376,,
1780554470.7044146,VDD_CPU_GPU_CV,3805.504,,
1780554470.7044146,VDD_SOC,1964.8,,
1780554470.7044146,,,cpu-thermal,59.656
1780554470.7044146,,,gpu-thermal,60.125
1780554470.7044146,,,soc0-thermal,57.875
1780554470.7044146,,,soc1-thermal,57.031
1780554470.7044146,,,soc2-thermal,58.0
1780554470.7044146,,,tj-thermal,60.437
1780554470.810916,VDD_IN,9013.44,,
1780554470.810916,VDD_CPU_GPU_CV,3727.04,,
1780554470.810916,VDD_SOC,1964.8,,
1780554470.810916,,,cpu-thermal,59.343
1780554470.810916,,,gpu-thermal,60.093
1780554470.810916,,,soc0-thermal,57.656
1780554470.810916,,,soc1-thermal,57.093
1780554470.810916,,,soc2-thermal,57.875
1780554470.810916,,,tj-thermal,60.25
1780554470.9164317,VDD_IN,9013.44,,
1780554470.9164317,VDD_CPU_GPU_CV,3727.04,,
1780554470.9164317,VDD_SOC,1968.0,,
1780554470.9164317,,,cpu-thermal,59.437
1780554470.9164317,,,gpu-thermal,60.125
1780554470.9164317,,,soc0-thermal,57.781
1780554470.9164317,,,soc1-thermal,57.031
1780554470.9164317,,,soc2-thermal,58.0
1780554470.9164317,,,tj-thermal,60.125
1780554471.021811,VDD_IN,8974.08,,
1780554471.021811,VDD_CPU_GPU_CV,3693.824,,
1780554471.021811,VDD_SOC,1968.0,,
1780554471.021811,,,cpu-thermal,59.437
1780554471.021811,,,gpu-thermal,60.437
1780554471.021811,,,soc0-thermal,57.843
1780554471.021811,,,soc1-thermal,56.968
1780554471.021811,,,soc2-thermal,57.906
1780554471.021811,,,tj-thermal,60.437
1780554471.1280031,VDD_IN,8856.0,,
1780554471.1280031,VDD_CPU_GPU_CV,3609.344,,
1780554471.1280031,VDD_SOC,1968.0,,
1780554471.1280031,,,cpu-thermal,59.375
1780554471.1280031,,,gpu-thermal,60.312
1780554471.1280031,,,soc0-thermal,57.718
1780554471.1280031,,,soc1-thermal,57.062
1780554471.1280031,,,soc2-thermal,57.875
1780554471.1280031,,,tj-thermal,60.312
1780554471.233947,VDD_IN,8816.64,,
1780554471.233947,VDD_CPU_GPU_CV,3530.88,,
1780554471.233947,VDD_SOC,1968.0,,
1780554471.233947,,,cpu-thermal,59.375
1780554471.233947,,,gpu-thermal,60.25
1780554471.233947,,,soc0-thermal,57.812
1780554471.233947,,,soc1-thermal,57.125
1780554471.233947,,,soc2-thermal,57.937
1780554471.233947,,,tj-thermal,60.25
1780554471.3395772,VDD_IN,8737.92,,
1780554471.3395772,VDD_CPU_GPU_CV,3491.648,,
1780554471.3395772,VDD_SOC,1928.64,,
1780554471.3395772,,,cpu-thermal,59.343
1780554471.3395772,,,gpu-thermal,60.093
1780554471.3395772,,,soc0-thermal,57.812
1780554471.3395772,,,soc1-thermal,57.25
1780554471.3395772,,,soc2-thermal,57.875
1780554471.3395772,,,tj-thermal,60.093
1780554471.4455705,VDD_IN,8659.2,,
1780554471.4455705,VDD_CPU_GPU_CV,3452.416,,
1780554471.4455705,VDD_SOC,1928.64,,
1780554471.4455705,,,cpu-thermal,59.687
1780554471.4455705,,,gpu-thermal,60.218
1780554471.4455705,,,soc0-thermal,57.906
1780554471.4455705,,,soc1-thermal,57.0
1780554471.4455705,,,soc2-thermal,57.906
1780554471.4455705,,,tj-thermal,60.031
1780554471.5511923,VDD_IN,8619.84,,
1780554471.5511923,VDD_CPU_GPU_CV,3413.184,,
1780554471.5511923,VDD_SOC,1928.64,,
1780554471.5511923,,,cpu-thermal,59.812
1780554471.5511923,,,gpu-thermal,60.156
1780554471.5511923,,,soc0-thermal,57.812
1780554471.5511923,,,soc1-thermal,57.125
1780554471.5511923,,,soc2-thermal,57.875
1780554471.5511923,,,tj-thermal,60.5
1780554471.656813,VDD_IN,8580.48,,
1780554471.656813,VDD_CPU_GPU_CV,3413.184,,
1780554471.656813,VDD_SOC,1928.64,,
1780554471.656813,,,cpu-thermal,59.312
1780554471.656813,,,gpu-thermal,60.156
1780554471.656813,,,soc0-thermal,57.875
1780554471.656813,,,soc1-thermal,57.187
1780554471.656813,,,soc2-thermal,57.937
1780554471.656813,,,tj-thermal,60.156
1780554471.7629728,VDD_IN,8580.48,,
1780554471.7629728,VDD_CPU_GPU_CV,3373.952,,
1780554471.7629728,VDD_SOC,1928.64,,
1780554471.7629728,,,cpu-thermal,59.593
1780554471.7629728,,,gpu-thermal,60.062
1780554471.7629728,,,soc0-thermal,57.968
1780554471.7629728,,,soc1-thermal,57.125
1780554471.7629728,,,soc2-thermal,58.0
1780554471.7629728,,,tj-thermal,60.062
1780554471.8686988,VDD_IN,8659.2,,
1780554471.8686988,VDD_CPU_GPU_CV,3418.752,,
1780554471.8686988,VDD_SOC,1928.64,,
1780554471.8686988,,,cpu-thermal,59.656
1780554471.8686988,,,gpu-thermal,60.593
1780554471.8686988,,,soc0-thermal,58.031
1780554471.8686988,,,soc1-thermal,57.093
1780554471.8686988,,,soc2-thermal,57.937
1780554471.8686988,,,tj-thermal,60.593
1780554471.9748921,VDD_IN,8698.56,,
1780554471.9748921,VDD_CPU_GPU_CV,3458.048,,
1780554471.9748921,VDD_SOC,1968.0,,
1780554471.9748921,,,cpu-thermal,59.781
1780554471.9748921,,,gpu-thermal,60.437
1780554471.9748921,,,soc0-thermal,57.781
1780554471.9748921,,,soc1-thermal,57.125
1780554471.9748921,,,soc2-thermal,58.0
1780554471.9748921,,,tj-thermal,60.437
1780554472.08086,VDD_IN,8698.56,,
1780554472.08086,VDD_CPU_GPU_CV,3458.048,,
1780554472.08086,VDD_SOC,1968.0,,
1780554472.08086,,,cpu-thermal,59.5
1780554472.08086,,,gpu-thermal,60.343
1780554472.08086,,,soc0-thermal,57.875
1780554472.08086,,,soc1-thermal,57.343
1780554472.08086,,,soc2-thermal,57.875
1780554472.08086,,,tj-thermal,60.343
1780554472.187556,VDD_IN,8619.84,,
1780554472.187556,VDD_CPU_GPU_CV,3418.752,,
1780554472.187556,VDD_SOC,1928.64,,
1780554472.187556,,,cpu-thermal,59.562
1780554472.187556,,,gpu-thermal,60.312
1780554472.187556,,,soc0-thermal,58.031
1780554472.187556,,,soc1-thermal,57.093
1780554472.187556,,,soc2-thermal,58.031
1780554472.187556,,,tj-thermal,60.312
1780554472.2933104,VDD_IN,8619.84,,
1780554472.2933104,VDD_CPU_GPU_CV,3418.752,,
1780554472.2933104,VDD_SOC,1928.64,,
1780554472.2933104,,,cpu-thermal,59.562
1780554472.2933104,,,gpu-thermal,60.218
1780554472.2933104,,,soc0-thermal,57.906
1780554472.2933104,,,soc1-thermal,57.187
1780554472.2933104,,,soc2-thermal,57.968
1780554472.2933104,,,tj-thermal,60.218
1780554472.399262,VDD_IN,8541.12,,
1780554472.399262,VDD_CPU_GPU_CV,3373.952,,
1780554472.399262,VDD_SOC,1928.64,,
1780554472.399262,,,cpu-thermal,59.468
1780554472.399262,,,gpu-thermal,60.312
1780554472.399262,,,soc0-thermal,57.968
1780554472.399262,,,soc1-thermal,57.281
1780554472.399262,,,soc2-thermal,58.0
1780554472.399262,,,tj-thermal,60.562
1780554472.505821,VDD_IN,8541.12,,
1780554472.505821,VDD_CPU_GPU_CV,3373.952,,
1780554472.505821,VDD_SOC,1928.64,,
1780554472.505821,,,cpu-thermal,59.531
1780554472.505821,,,gpu-thermal,60.5
1780554472.505821,,,soc0-thermal,58.0
1780554472.505821,,,soc1-thermal,57.093
1780554472.505821,,,soc2-thermal,58.031
1780554472.505821,,,tj-thermal,60.5
1780554472.6116164,VDD_IN,8541.12,,
1780554472.6116164,VDD_CPU_GPU_CV,3373.952,,
1780554472.6116164,VDD_SOC,1928.64,,
1780554472.6116164,,,cpu-thermal,59.5
1780554472.6116164,,,gpu-thermal,60.125
1780554472.6116164,,,soc0-thermal,57.906
1780554472.6116164,,,soc1-thermal,57.25
1780554472.6116164,,,soc2-thermal,58.062
1780554472.6116164,,,tj-thermal,60.281
1780554472.7175708,VDD_IN,8462.4,,
1780554472.7175708,VDD_CPU_GPU_CV,3334.72,,
1780554472.7175708,VDD_SOC,1928.64,,
1780554472.7175708,,,cpu-thermal,59.468
1780554472.7175708,,,gpu-thermal,60.531
1780554472.7175708,,,soc0-thermal,57.906
1780554472.7175708,,,soc1-thermal,57.218
1780554472.7175708,,,soc2-thermal,58.0
1780554472.7175708,,,tj-thermal,60.156
1780554472.8234417,VDD_IN,8501.76,,
1780554472.8234417,VDD_CPU_GPU_CV,3334.72,,
1780554472.8234417,VDD_SOC,1928.64,,
1780554472.8234417,,,cpu-thermal,59.687
1780554472.8234417,,,gpu-thermal,60.437
1780554472.8234417,,,soc0-thermal,58.0
1780554472.8234417,,,soc1-thermal,57.375
1780554472.8234417,,,soc2-thermal,58.093
1780554472.8234417,,,tj-thermal,60.437
1780554472.9292955,VDD_IN,8619.84,,
1780554472.9292955,VDD_CPU_GPU_CV,3418.752,,
1780554472.9292955,VDD_SOC,1968.0,,
1780554472.9292955,,,cpu-thermal,59.75
1780554472.9292955,,,gpu-thermal,60.437
1780554472.9292955,,,soc0-thermal,57.968
1780554472.9292955,,,soc1-thermal,57.218
1780554472.9292955,,,soc2-thermal,58.0
1780554472.9292955,,,tj-thermal,60.437
1780554473.034663,VDD_IN,8659.2,,
1780554473.034663,VDD_CPU_GPU_CV,3418.752,,
1780554473.034663,VDD_SOC,1968.0,,
1780554473.034663,,,cpu-thermal,59.437
1780554473.034663,,,gpu-thermal,60.281
1780554473.034663,,,soc0-thermal,57.968
1780554473.034663,,,soc1-thermal,57.218
1780554473.034663,,,soc2-thermal,57.968
1780554473.034663,,,tj-thermal,60.281
1780554473.1401694,VDD_IN,8659.2,,
1780554473.1401694,VDD_CPU_GPU_CV,3418.752,,
1780554473.1401694,VDD_SOC,1968.0,,
1780554473.1401694,,,cpu-thermal,59.5
1780554473.1401694,,,gpu-thermal,60.406
1780554473.1401694,,,soc0-thermal,57.968
1780554473.1401694,,,soc1-thermal,57.312
1780554473.1401694,,,soc2-thermal,58.093
1780554473.1401694,,,tj-thermal,60.281
1780554473.2457662,VDD_IN,8580.48,,
1780554473.2457662,VDD_CPU_GPU_CV,3379.456,,
1780554473.2457662,VDD_SOC,1928.64,,
1780554473.2457662,,,cpu-thermal,59.625
1780554473.2457662,,,gpu-thermal,60.375
1780554473.2457662,,,soc0-thermal,58.031
1780554473.2457662,,,soc1-thermal,57.125
1780554473.2457662,,,soc2-thermal,58.062
1780554473.2457662,,,tj-thermal,60.187
1780554473.3517735,VDD_IN,8501.76,,
1780554473.3517735,VDD_CPU_GPU_CV,3340.16,,
1780554473.3517735,VDD_SOC,1928.64,,
1780554473.3517735,,,cpu-thermal,59.718
1780554473.3517735,,,gpu-thermal,60.281
1780554473.3517735,,,soc0-thermal,57.906
1780554473.3517735,,,soc1-thermal,57.218
1780554473.3517735,,,soc2-thermal,58.031
1780554473.3517735,,,tj-thermal,60.281
1780554473.45786,VDD_IN,8462.4,,
1780554473.45786,VDD_CPU_GPU_CV,3340.16,,
1780554473.45786,VDD_SOC,1928.64,,
1780554473.45786,,,cpu-thermal,59.593
1780554473.45786,,,gpu-thermal,60.218
1780554473.45786,,,soc0-thermal,58.0
1780554473.45786,,,soc1-thermal,57.25
1780554473.45786,,,soc2-thermal,58.062
1780554473.45786,,,tj-thermal,60.437
1780554473.5644643,VDD_IN,8423.04,,
1780554473.5644643,VDD_CPU_GPU_CV,3300.864,,
1780554473.5644643,VDD_SOC,1928.64,,
1780554473.5644643,,,cpu-thermal,59.593
1780554473.5644643,,,gpu-thermal,60.156
1780554473.5644643,,,soc0-thermal,57.968
1780554473.5644643,,,soc1-thermal,57.437
1780554473.5644643,,,soc2-thermal,58.062
1780554473.5644643,,,tj-thermal,60.156
1780554473.6700513,VDD_IN,8423.04,,
1780554473.6700513,VDD_CPU_GPU_CV,3300.864,,
1780554473.6700513,VDD_SOC,1928.64,,
1780554473.6700513,,,cpu-thermal,59.718
1780554473.6700513,,,gpu-thermal,60.468
1780554473.6700513,,,soc0-thermal,58.156
1780554473.6700513,,,soc1-thermal,57.25
1780554473.6700513,,,soc2-thermal,58.125
1780554473.6700513,,,tj-thermal,60.468
1780554473.7764046,VDD_IN,8423.04,,
1780554473.7764046,VDD_CPU_GPU_CV,3300.864,,
1780554473.7764046,VDD_SOC,1928.64,,
1780554473.7764046,,,cpu-thermal,59.625
1780554473.7764046,,,gpu-thermal,60.437
1780554473.7764046,,,soc0-thermal,58.0
1780554473.7764046,,,soc1-thermal,57.343
1780554473.7764046,,,soc2-thermal,58.062
1780554473.7764046,,,tj-thermal,60.437
1780554473.8821278,VDD_IN,8541.12,,
1780554473.8821278,VDD_CPU_GPU_CV,3379.456,,
1780554473.8821278,VDD_SOC,1928.64,,
1780554473.8821278,,,cpu-thermal,59.625
1780554473.8821278,,,gpu-thermal,60.468
1780554473.8821278,,,soc0-thermal,58.062
1780554473.8821278,,,soc1-thermal,57.437
1780554473.8821278,,,soc2-thermal,58.031
1780554473.8821278,,,tj-thermal,60.468
1780554473.9880118,VDD_IN,8659.2,,
1780554473.9880118,VDD_CPU_GPU_CV,3418.752,,
1780554473.9880118,VDD_SOC,1968.0,,
1780554473.9880118,,,cpu-thermal,59.625
1780554473.9880118,,,gpu-thermal,60.468
1780554473.9880118,,,soc0-thermal,58.062
1780554473.9880118,,,soc1-thermal,57.437
1780554473.9880118,,,soc2-thermal,58.187
1780554473.9880118,,,tj-thermal,60.468
1780554474.0936735,VDD_IN,8619.84,,
1780554474.0936735,VDD_CPU_GPU_CV,3418.752,,
1780554474.0936735,VDD_SOC,1968.0,,
1780554474.0936735,,,cpu-thermal,59.625
1780554474.0936735,,,gpu-thermal,60.562
1780554474.0936735,,,soc0-thermal,58.031
1780554474.0936735,,,soc1-thermal,57.25
1780554474.0936735,,,soc2-thermal,58.031
1780554474.0936735,,,tj-thermal,60.312
1780554474.1992948,VDD_IN,8541.12,,
1780554474.1992948,VDD_CPU_GPU_CV,3379.456,,
1780554474.1992948,VDD_SOC,1928.64,,
1780554474.1992948,,,cpu-thermal,59.687
1780554474.1992948,,,gpu-thermal,60.375
1780554474.1992948,,,soc0-thermal,58.0
1780554474.1992948,,,soc1-thermal,57.437
1780554474.1992948,,,soc2-thermal,58.187
1780554474.1992948,,,tj-thermal,60.375
1780554474.3052387,VDD_IN,8541.12,,
1780554474.3052387,VDD_CPU_GPU_CV,3340.16,,
1780554474.3052387,VDD_SOC,1928.64,,
1780554474.3052387,,,cpu-thermal,59.687
1780554474.3052387,,,gpu-thermal,60.375
1780554474.3052387,,,soc0-thermal,58.187
1780554474.3052387,,,soc1-thermal,57.437
1780554474.3052387,,,soc2-thermal,58.156
1780554474.3052387,,,tj-thermal,60.375
1780554474.411235,VDD_IN,8541.12,,
1780554474.411235,VDD_CPU_GPU_CV,3379.456,,
1780554474.411235,VDD_SOC,1928.64,,
1780554474.411235,,,cpu-thermal,60.062
1780554474.411235,,,gpu-thermal,60.375
1780554474.411235,,,soc0-thermal,58.187
1780554474.411235,,,soc1-thermal,57.312
1780554474.411235,,,soc2-thermal,58.218
1780554474.411235,,,tj-thermal,60.375
1780554474.5169628,VDD_IN,8541.12,,
1780554474.5169628,VDD_CPU_GPU_CV,3373.952,,
1780554474.5169628,VDD_SOC,1928.64,,
1780554474.5169628,,,cpu-thermal,59.656
1780554474.5169628,,,gpu-thermal,60.656
1780554474.5169628,,,soc0-thermal,58.093
1780554474.5169628,,,soc1-thermal,57.375
1780554474.5169628,,,soc2-thermal,58.125
1780554474.5169628,,,tj-thermal,60.656
1780554474.6229777,VDD_IN,8501.76,,
1780554474.6229777,VDD_CPU_GPU_CV,3334.72,,
1780554474.6229777,VDD_SOC,1928.64,,
1780554474.6229777,,,cpu-thermal,59.75
1780554474.6229777,,,gpu-thermal,60.562
1780554474.6229777,,,soc0-thermal,58.125
1780554474.6229777,,,soc1-thermal,57.406
1780554474.6229777,,,soc2-thermal,58.125
1780554474.6229777,,,tj-thermal,60.562
1780554474.729947,VDD_IN,8501.76,,
1780554474.729947,VDD_CPU_GPU_CV,3334.72,,
1780554474.729947,VDD_SOC,1928.64,,
1780554474.729947,,,cpu-thermal,59.906
1780554474.729947,,,gpu-thermal,60.437
1780554474.729947,,,soc0-thermal,58.218
1780554474.729947,,,soc1-thermal,57.312
1780554474.729947,,,soc2-thermal,58.281
1780554474.729947,,,tj-thermal,60.437
1780554474.8356616,VDD_IN,8580.48,,
1780554474.8356616,VDD_CPU_GPU_CV,3373.952,,
1780554474.8356616,VDD_SOC,1928.64,,
1780554474.8356616,,,cpu-thermal,59.906
1780554474.8356616,,,gpu-thermal,60.5
1780554474.8356616,,,soc0-thermal,58.187
1780554474.8356616,,,soc1-thermal,57.406
1780554474.8356616,,,soc2-thermal,58.187
1780554474.8356616,,,tj-thermal,60.5
1780554474.941191,VDD_IN,8659.2,,
1780554474.941191,VDD_CPU_GPU_CV,3458.048,,
1780554474.941191,VDD_SOC,1968.0,,
1780554474.941191,,,cpu-thermal,59.718
1780554474.941191,,,gpu-thermal,60.656
1780554474.941191,,,soc0-thermal,58.187
1780554474.941191,,,soc1-thermal,57.437
1780554474.941191,,,soc2-thermal,58.125
1780554474.941191,,,tj-thermal,60.5
1780554475.0471945,VDD_IN,8698.56,,
1780554475.0471945,VDD_CPU_GPU_CV,3458.048,,
1780554475.0471945,VDD_SOC,1968.0,,
1780554475.0471945,,,cpu-thermal,59.75
1780554475.0471945,,,gpu-thermal,60.562
1780554475.0471945,,,soc0-thermal,58.187
1780554475.0471945,,,soc1-thermal,57.5
1780554475.0471945,,,soc2-thermal,58.281
1780554475.0471945,,,tj-thermal,60.75
1780554475.153062,VDD_IN,8659.2,,
1780554475.153062,VDD_CPU_GPU_CV,3418.752,,
1780554475.153062,VDD_SOC,1968.0,,
1780554475.153062,,,cpu-thermal,59.75
1780554475.153062,,,gpu-thermal,60.437
1780554475.153062,,,soc0-thermal,58.125
1780554475.153062,,,soc1-thermal,57.406
1780554475.153062,,,soc2-thermal,58.312
1780554475.153062,,,tj-thermal,60.437
1780554475.2587898,VDD_IN,8619.84,,
1780554475.2587898,VDD_CPU_GPU_CV,3418.752,,
1780554475.2587898,VDD_SOC,1928.64,,
1780554475.2587898,,,cpu-thermal,59.781
1780554475.2587898,,,gpu-thermal,60.375
1780554475.2587898,,,soc0-thermal,58.125
1780554475.2587898,,,soc1-thermal,57.375
1780554475.2587898,,,soc2-thermal,58.187
1780554475.2587898,,,tj-thermal,60.375
1780554475.3649504,VDD_IN,8580.48,,
1780554475.3649504,VDD_CPU_GPU_CV,3379.456,,
1780554475.3649504,VDD_SOC,1928.64,,
1780554475.3649504,,,cpu-thermal,59.781
1780554475.3649504,,,gpu-thermal,60.718
1780554475.3649504,,,soc0-thermal,58.187
1780554475.3649504,,,soc1-thermal,57.5
1780554475.3649504,,,soc2-thermal,58.25
1780554475.3649504,,,tj-thermal,60.718
1780554475.4704463,VDD_IN,8501.76,,
1780554475.4704463,VDD_CPU_GPU_CV,3334.72,,
1780554475.4704463,VDD_SOC,1928.64,,
1780554475.4704463,,,cpu-thermal,59.875
1780554475.4704463,,,gpu-thermal,60.531
1780554475.4704463,,,soc0-thermal,58.25
1780554475.4704463,,,soc1-thermal,57.437
1780554475.4704463,,,soc2-thermal,58.187
1780554475.4704463,,,tj-thermal,60.531
1780554475.576434,VDD_IN,8501.76,,
1780554475.576434,VDD_CPU_GPU_CV,3340.16,,
1780554475.576434,VDD_SOC,1928.64,,
1780554475.576434,,,cpu-thermal,59.843
1780554475.576434,,,gpu-thermal,60.5
1780554475.576434,,,soc0-thermal,58.156
1780554475.576434,,,soc1-thermal,57.437
1780554475.576434,,,soc2-thermal,58.218
1780554475.576434,,,tj-thermal,60.5
1780554475.682063,VDD_IN,8501.76,,
1780554475.682063,VDD_CPU_GPU_CV,3334.72,,
1780554475.682063,VDD_SOC,1928.64,,
1780554475.682063,,,cpu-thermal,59.75
1780554475.682063,,,gpu-thermal,60.781
1780554475.682063,,,soc0-thermal,58.218
1780554475.682063,,,soc1-thermal,57.5
1780554475.682063,,,soc2-thermal,58.218
1780554475.682063,,,tj-thermal,60.5
1780554475.7879655,VDD_IN,8462.4,,
1780554475.7879655,VDD_CPU_GPU_CV,3300.864,,
1780554475.7879655,VDD_SOC,1928.64,,
1780554475.7879655,,,cpu-thermal,59.75
1780554475.7879655,,,gpu-thermal,60.687
1780554475.7879655,,,soc0-thermal,58.187
1780554475.7879655,,,soc1-thermal,57.593
1780554475.7879655,,,soc2-thermal,58.312
1780554475.7879655,,,tj-thermal,60.687
1780554475.8938375,VDD_IN,8580.48,,
1780554475.8938375,VDD_CPU_GPU_CV,3379.456,,
1780554475.8938375,VDD_SOC,1928.64,,
1780554475.8938375,,,cpu-thermal,60.031
1780554475.8938375,,,gpu-thermal,60.625
1780554475.8938375,,,soc0-thermal,58.312
1780554475.8938375,,,soc1-thermal,57.406
1780554475.8938375,,,soc2-thermal,58.312
1780554475.8938375,,,tj-thermal,60.625
1780554475.9992256,VDD_IN,8673.28,,
1780554475.9992256,VDD_CPU_GPU_CV,3458.048,,
1780554475.9992256,VDD_SOC,1968.0,,
1780554475.9992256,,,cpu-thermal,59.781
1780554475.9992256,,,gpu-thermal,60.562
1780554475.9992256,,,soc0-thermal,58.187
1780554475.9992256,,,soc1-thermal,57.468
1780554475.9992256,,,soc2-thermal,58.156
1780554475.9992256,,,tj-thermal,60.562
1780554476.1049411,VDD_IN,8619.84,,
1780554476.1049411,VDD_CPU_GPU_CV,3418.752,,
1780554476.1049411,VDD_SOC,1968.0,,
1780554476.1049411,,,cpu-thermal,59.75
1780554476.1049411,,,gpu-thermal,60.593
1780554476.1049411,,,soc0-thermal,58.312
1780554476.1049411,,,soc1-thermal,57.531
1780554476.1049411,,,soc2-thermal,58.343
1780554476.1049411,,,tj-thermal,60.593
1780554476.2111683,VDD_IN,8580.48,,
1780554476.2111683,VDD_CPU_GPU_CV,3379.456,,
1780554476.2111683,VDD_SOC,1928.64,,
1780554476.2111683,,,cpu-thermal,59.906
1780554476.2111683,,,gpu-thermal,60.875
1780554476.2111683,,,soc0-thermal,58.312
1780554476.2111683,,,soc1-thermal,57.687
1780554476.2111683,,,soc2-thermal,58.343
1780554476.2111683,,,tj-thermal,60.875
1780554476.3167772,VDD_IN,8501.76,,
1780554476.3167772,VDD_CPU_GPU_CV,3334.72,,
1780554476.3167772,VDD_SOC,1928.64,,
1780554476.3167772,,,cpu-thermal,60.125
1780554476.3167772,,,gpu-thermal,60.468
1780554476.3167772,,,soc0-thermal,58.156
1780554476.3167772,,,soc1-thermal,57.468
1780554476.3167772,,,soc2-thermal,58.312
1780554476.3167772,,,tj-thermal,60.75
1780554476.4234447,VDD_IN,8580.48,,
1780554476.4234447,VDD_CPU_GPU_CV,3373.952,,
1780554476.4234447,VDD_SOC,1928.64,,
1780554476.4234447,,,cpu-thermal,59.781
1780554476.4234447,,,gpu-thermal,60.5
1780554476.4234447,,,soc0-thermal,58.187
1780554476.4234447,,,soc1-thermal,57.468
1780554476.4234447,,,soc2-thermal,58.437
1780554476.4234447,,,tj-thermal,60.593
1780554476.5293477,VDD_IN,8580.48,,
1780554476.5293477,VDD_CPU_GPU_CV,3334.72,,
1780554476.5293477,VDD_SOC,1928.64,,
1780554476.5293477,,,cpu-thermal,59.875
1780554476.5293477,,,gpu-thermal,60.843
1780554476.5293477,,,soc0-thermal,58.312
1780554476.5293477,,,soc1-thermal,57.781
1780554476.5293477,,,soc2-thermal,58.312
1780554476.5293477,,,tj-thermal,60.562
1780554476.634909,VDD_IN,8541.12,,
1780554476.634909,VDD_CPU_GPU_CV,3334.72,,
1780554476.634909,VDD_SOC,1925.504,,
1780554476.634909,,,cpu-thermal,60.0
1780554476.634909,,,gpu-thermal,60.843
1780554476.634909,,,soc0-thermal,58.375
1780554476.634909,,,soc1-thermal,57.5
1780554476.634909,,,soc2-thermal,58.406
1780554476.634909,,,tj-thermal,60.843
1780554476.7408156,VDD_IN,8541.12,,
1780554476.7408156,VDD_CPU_GPU_CV,3334.72,,
1780554476.7408156,VDD_SOC,1925.504,,
1780554476.7408156,,,cpu-thermal,60.125
1780554476.7408156,,,gpu-thermal,60.687
1780554476.7408156,,,soc0-thermal,58.281
1780554476.7408156,,,soc1-thermal,57.593
1780554476.7408156,,,soc2-thermal,58.375
1780554476.7408156,,,tj-thermal,60.687
1780554476.8465927,VDD_IN,8619.84,,
1780554476.8465927,VDD_CPU_GPU_CV,3373.952,,
1780554476.8465927,VDD_SOC,1968.0,,
1780554476.8465927,,,cpu-thermal,59.843
1780554476.8465927,,,gpu-thermal,60.75
1780554476.8465927,,,soc0-thermal,58.406
1780554476.8465927,,,soc1-thermal,57.562
1780554476.8465927,,,soc2-thermal,58.375
1780554476.8465927,,,tj-thermal,60.75
1780554476.9521735,VDD_IN,8737.92,,
1780554476.9521735,VDD_CPU_GPU_CV,3452.416,,
1780554476.9521735,VDD_SOC,1968.0,,
1780554476.9521735,,,cpu-thermal,59.906
1780554476.9521735,,,gpu-thermal,60.656
1780554476.9521735,,,soc0-thermal,58.281
1780554476.9521735,,,soc1-thermal,57.531
1780554476.9521735,,,soc2-thermal,58.375
1780554476.9521735,,,tj-thermal,60.656
1780554477.0580764,VDD_IN,8698.56,,
1780554477.0580764,VDD_CPU_GPU_CV,3418.752,,
1780554477.0580764,VDD_SOC,1968.0,,
1780554477.0580764,,,cpu-thermal,60.0
1780554477.0580764,,,gpu-thermal,60.968
1780554477.0580764,,,soc0-thermal,58.281
1780554477.0580764,,,soc1-thermal,57.562
1780554477.0580764,,,soc2-thermal,58.218
1780554477.0580764,,,tj-thermal,60.968
1780554477.1639864,VDD_IN,8659.2,,
1780554477.1639864,VDD_CPU_GPU_CV,3413.184,,
1780554477.1639864,VDD_SOC,1968.0,,
1780554477.1639864,,,cpu-thermal,59.906
1780554477.1639864,,,gpu-thermal,60.718
1780554477.1639864,,,soc0-thermal,58.312
1780554477.1639864,,,soc1-thermal,57.593
1780554477.1639864,,,soc2-thermal,58.312
1780554477.1639864,,,tj-thermal,60.906
1780554477.2695918,VDD_IN,8619.84,,
1780554477.2695918,VDD_CPU_GPU_CV,3413.184,,
1780554477.2695918,VDD_SOC,1968.0,,
1780554477.2695918,,,cpu-thermal,59.875
1780554477.2695918,,,gpu-thermal,60.625
1780554477.2695918,,,soc0-thermal,58.406
1780554477.2695918,,,soc1-thermal,57.75
1780554477.2695918,,,soc2-thermal,58.437
1780554477.2695918,,,tj-thermal,60.625
1780554477.3752105,VDD_IN,8580.48,,
1780554477.3752105,VDD_CPU_GPU_CV,3413.184,,
1780554477.3752105,VDD_SOC,1928.64,,
1780554477.3752105,,,cpu-thermal,59.843
1780554477.3752105,,,gpu-thermal,60.937
1780554477.3752105,,,soc0-thermal,58.281
1780554477.3752105,,,soc1-thermal,57.531
1780554477.3752105,,,soc2-thermal,58.437
1780554477.3752105,,,tj-thermal,60.937
1780554477.48161,VDD_IN,8580.48,,
1780554477.48161,VDD_CPU_GPU_CV,3373.952,,
1780554477.48161,VDD_SOC,1928.64,,
1780554477.48161,,,cpu-thermal,59.968
1780554477.48161,,,gpu-thermal,60.875
1780554477.48161,,,soc0-thermal,58.218
1780554477.48161,,,soc1-thermal,57.593
1780554477.48161,,,soc2-thermal,58.437
1780554477.48161,,,tj-thermal,60.875
1780554477.5874147,VDD_IN,8541.12,,
1780554477.5874147,VDD_CPU_GPU_CV,3373.952,,
1780554477.5874147,VDD_SOC,1928.64,,
1780554477.5874147,,,cpu-thermal,59.906
1780554477.5874147,,,gpu-thermal,60.75
1780554477.5874147,,,soc0-thermal,58.437
1780554477.5874147,,,soc1-thermal,57.593
1780554477.5874147,,,soc2-thermal,58.468
1780554477.5874147,,,tj-thermal,60.75
1780554477.6930819,VDD_IN,8541.12,,
1780554477.6930819,VDD_CPU_GPU_CV,3373.952,,
1780554477.6930819,VDD_SOC,1928.64,,
1780554477.6930819,,,cpu-thermal,60.187
1780554477.6930819,,,gpu-thermal,60.718
1780554477.6930819,,,soc0-thermal,58.468
1780554477.6930819,,,soc1-thermal,57.593
1780554477.6930819,,,soc2-thermal,58.5
1780554477.6930819,,,tj-thermal,60.718
1780554477.7990015,VDD_IN,8580.48,,
1780554477.7990015,VDD_CPU_GPU_CV,3373.952,,
1780554477.7990015,VDD_SOC,1928.64,,
1780554477.7990015,,,cpu-thermal,60.25
1780554477.7990015,,,gpu-thermal,60.906
1780554477.7990015,,,soc0-thermal,58.281
1780554477.7990015,,,soc1-thermal,57.562
1780554477.7990015,,,soc2-thermal,58.5
1780554477.7990015,,,tj-thermal,60.75
1780554477.904779,VDD_IN,8659.2,,
1780554477.904779,VDD_CPU_GPU_CV,3418.752,,
1780554477.904779,VDD_SOC,1968.0,,
1780554477.904779,,,cpu-thermal,59.843
1780554477.904779,,,gpu-thermal,60.843
1780554477.904779,,,soc0-thermal,58.406
1780554477.904779,,,soc1-thermal,57.625
1780554477.904779,,,soc2-thermal,58.5
1780554477.904779,,,tj-thermal,60.687
1780554478.0102718,VDD_IN,8737.92,,
1780554478.0102718,VDD_CPU_GPU_CV,3497.344,,
1780554478.0102718,VDD_SOC,1968.0,,
1780554478.0102718,,,cpu-thermal,60.187
1780554478.0102718,,,gpu-thermal,60.812
1780554478.0102718,,,soc0-thermal,58.375
1780554478.0102718,,,soc1-thermal,57.75
1780554478.0102718,,,soc2-thermal,58.5
1780554478.0102718,,,tj-thermal,60.812
1780554478.1161172,VDD_IN,8698.56,,
1780554478.1161172,VDD_CPU_GPU_CV,3418.752,,
1780554478.1161172,VDD_SOC,1968.0,,
1780554478.1161172,,,cpu-thermal,60.156
1780554478.1161172,,,gpu-thermal,60.75
1780554478.1161172,,,soc0-thermal,58.531
1780554478.1161172,,,soc1-thermal,57.593
1780554478.1161172,,,soc2-thermal,58.5
1780554478.1161172,,,tj-thermal,60.75
1780554478.2217355,VDD_IN,8659.2,,
1780554478.2217355,VDD_CPU_GPU_CV,3418.752,,
1780554478.2217355,VDD_SOC,1968.0,,
1780554478.2217355,,,cpu-thermal,60.437
1780554478.2217355,,,gpu-thermal,61.093
1780554478.2217355,,,soc0-thermal,58.406
1780554478.2217355,,,soc1-thermal,57.656
1780554478.2217355,,,soc2-thermal,58.562
1780554478.2217355,,,tj-thermal,61.093
1780554478.3283691,VDD_IN,8619.84,,
1780554478.3283691,VDD_CPU_GPU_CV,3413.184,,
1780554478.3283691,VDD_SOC,1928.64,,
1780554478.3283691,,,cpu-thermal,60.125
1780554478.3283691,,,gpu-thermal,60.906
1780554478.3283691,,,soc0-thermal,58.406
1780554478.3283691,,,soc1-thermal,57.875
1780554478.3283691,,,soc2-thermal,58.562
1780554478.3283691,,,tj-thermal,60.906
1780554478.4339921,VDD_IN,8580.48,,
1780554478.4339921,VDD_CPU_GPU_CV,3373.952,,
1780554478.4339921,VDD_SOC,1928.64,,
1780554478.4339921,,,cpu-thermal,60.187
1780554478.4339921,,,gpu-thermal,60.875
1780554478.4339921,,,soc0-thermal,58.5
1780554478.4339921,,,soc1-thermal,57.843
1780554478.4339921,,,soc2-thermal,58.593
1780554478.4339921,,,tj-thermal,60.875
1780554478.5400558,VDD_IN,8541.12,,
1780554478.5400558,VDD_CPU_GPU_CV,3373.952,,
1780554478.5400558,VDD_SOC,1928.64,,
1780554478.5400558,,,cpu-thermal,60.156
1780554478.5400558,,,gpu-thermal,60.75
1780554478.5400558,,,soc0-thermal,58.375
1780554478.5400558,,,soc1-thermal,57.656
1780554478.5400558,,,soc2-thermal,58.437
1780554478.5400558,,,tj-thermal,60.75
1780554478.6464307,VDD_IN,8501.76,,
1780554478.6464307,VDD_CPU_GPU_CV,3373.952,,
1780554478.6464307,VDD_SOC,1925.504,,
1780554478.6464307,,,cpu-thermal,60.062
1780554478.6464307,,,gpu-thermal,60.937
1780554478.6464307,,,soc0-thermal,58.531
1780554478.6464307,,,soc1-thermal,57.812
1780554478.6464307,,,soc2-thermal,58.5
1780554478.6464307,,,tj-thermal,60.718
1780554478.7529738,VDD_IN,8501.76,,
1780554478.7529738,VDD_CPU_GPU_CV,3373.952,,
1780554478.7529738,VDD_SOC,1925.504,,
1780554478.7529738,,,cpu-thermal,60.187
1780554478.7529738,,,gpu-thermal,60.812
1780554478.7529738,,,soc0-thermal,58.437
1780554478.7529738,,,soc1-thermal,57.875
1780554478.7529738,,,soc2-thermal,58.562
1780554478.7529738,,,tj-thermal,60.656
1780554478.8584826,VDD_IN,8580.48,,
1780554478.8584826,VDD_CPU_GPU_CV,3418.752,,
1780554478.8584826,VDD_SOC,1928.64,,
1780554478.8584826,,,cpu-thermal,60.125
1780554478.8584826,,,gpu-thermal,60.906
1780554478.8584826,,,soc0-thermal,58.375
1780554478.8584826,,,soc1-thermal,57.718
1780554478.8584826,,,soc2-thermal,58.625
1780554478.8584826,,,tj-thermal,61.062
1780554478.9644842,VDD_IN,8698.56,,
1780554478.9644842,VDD_CPU_GPU_CV,3458.048,,
1780554478.9644842,VDD_SOC,1968.0,,
1780554478.9644842,,,cpu-thermal,59.968
1780554478.9644842,,,gpu-thermal,60.875
1780554478.9644842,,,soc0-thermal,58.437
1780554478.9644842,,,soc1-thermal,57.687
1780554478.9644842,,,soc2-thermal,58.625
1780554478.9644842,,,tj-thermal,60.875
1780554479.070578,VDD_IN,8698.56,,
1780554479.070578,VDD_CPU_GPU_CV,3458.048,,
1780554479.070578,VDD_SOC,1968.0,,
1780554479.070578,,,cpu-thermal,60.031
1780554479.070578,,,gpu-thermal,60.812
1780554479.070578,,,soc0-thermal,58.5
1780554479.070578,,,soc1-thermal,57.812
1780554479.070578,,,soc2-thermal,58.593
1780554479.070578,,,tj-thermal,60.812
1780554479.1763077,VDD_IN,8698.56,,
1780554479.1763077,VDD_CPU_GPU_CV,3458.048,,
1780554479.1763077,VDD_SOC,1968.0,,
1780554479.1763077,,,cpu-thermal,60.281
1780554479.1763077,,,gpu-thermal,61.093
1780554479.1763077,,,soc0-thermal,58.562
1780554479.1763077,,,soc1-thermal,57.687
1780554479.1763077,,,soc2-thermal,58.718
1780554479.1763077,,,tj-thermal,61.093
1780554479.2823114,VDD_IN,8659.2,,
1780554479.2823114,VDD_CPU_GPU_CV,3452.416,,
1780554479.2823114,VDD_SOC,1968.0,,
1780554479.2823114,,,cpu-thermal,60.031
1780554479.2823114,,,gpu-thermal,60.937
1780554479.2823114,,,soc0-thermal,58.437
1780554479.2823114,,,soc1-thermal,57.718
1780554479.2823114,,,soc2-thermal,58.5
1780554479.2823114,,,tj-thermal,60.937
1780554479.3878546,VDD_IN,8619.84,,
1780554479.3878546,VDD_CPU_GPU_CV,3413.184,,
1780554479.3878546,VDD_SOC,1928.64,,
1780554479.3878546,,,cpu-thermal,60.062
1780554479.3878546,,,gpu-thermal,60.875
1780554479.3878546,,,soc0-thermal,58.437
1780554479.3878546,,,soc1-thermal,57.812
1780554479.3878546,,,soc2-thermal,58.656
1780554479.3878546,,,tj-thermal,60.875
1780554479.4936683,VDD_IN,8619.84,,
1780554479.4936683,VDD_CPU_GPU_CV,3413.184,,
1780554479.4936683,VDD_SOC,1928.64,,
1780554479.4936683,,,cpu-thermal,60.25
1780554479.4936683,,,gpu-thermal,61.093
1780554479.4936683,,,soc0-thermal,58.531
1780554479.4936683,,,soc1-thermal,57.937
1780554479.4936683,,,soc2-thermal,58.593
1780554479.4936683,,,tj-thermal,60.812
1780554479.5996401,VDD_IN,8580.48,,
1780554479.5996401,VDD_CPU_GPU_CV,3413.184,,
1780554479.5996401,VDD_SOC,1928.64,,
1780554479.5996401,,,cpu-thermal,60.343
1780554479.5996401,,,gpu-thermal,60.968
1780554479.5996401,,,soc0-thermal,58.437
1780554479.5996401,,,soc1-thermal,57.718
1780554479.5996401,,,soc2-thermal,58.75
1780554479.5996401,,,tj-thermal,60.75
1780554479.7054582,VDD_IN,8580.48,,
1780554479.7054582,VDD_CPU_GPU_CV,3413.184,,
1780554479.7054582,VDD_SOC,1928.64,,
1780554479.7054582,,,cpu-thermal,60.375
1780554479.7054582,,,gpu-thermal,60.875
1780554479.7054582,,,soc0-thermal,58.531
1780554479.7054582,,,soc1-thermal,57.843
1780554479.7054582,,,soc2-thermal,58.625
1780554479.7054582,,,tj-thermal,61.156
1780554479.8119488,VDD_IN,8619.84,,
1780554479.8119488,VDD_CPU_GPU_CV,3413.184,,
1780554479.8119488,VDD_SOC,1928.64,,
1780554479.8119488,,,cpu-thermal,60.25
1780554479.8119488,,,gpu-thermal,60.875
1780554479.8119488,,,soc0-thermal,58.562
1780554479.8119488,,,soc1-thermal,57.937
1780554479.8119488,,,soc2-thermal,58.718
1780554479.8119488,,,tj-thermal,60.875
1780554479.9174821,VDD_IN,8698.56,,
1780554479.9174821,VDD_CPU_GPU_CV,3458.048,,
1780554479.9174821,VDD_SOC,1968.0,,
1780554479.9174821,,,cpu-thermal,60.25
1780554479.9174821,,,gpu-thermal,60.875
1780554479.9174821,,,soc0-thermal,58.593
1780554479.9174821,,,soc1-thermal,57.75
1780554479.9174821,,,soc2-thermal,58.718
1780554479.9174821,,,tj-thermal,60.875
1780554480.0229084,VDD_IN,8777.28,,
1780554480.0229084,VDD_CPU_GPU_CV,3497.344,,
1780554480.0229084,VDD_SOC,1968.0,,
1780554480.0229084,,,cpu-thermal,60.343
1780554480.0229084,,,gpu-thermal,61.218
1780554480.0229084,,,soc0-thermal,58.562
1780554480.0229084,,,soc1-thermal,57.843
1780554480.0229084,,,soc2-thermal,58.687
1780554480.0229084,,,tj-thermal,61.218
1780554480.12857,VDD_IN,8659.2,,
1780554480.12857,VDD_CPU_GPU_CV,3418.752,,
1780554480.12857,VDD_SOC,1968.0,,
1780554480.12857,,,cpu-thermal,60.187
1780554480.12857,,,gpu-thermal,60.812
1780554480.12857,,,soc0-thermal,58.5
1780554480.12857,,,soc1-thermal,57.812
1780554480.12857,,,soc2-thermal,58.656
1780554480.12857,,,tj-thermal,61.031
1780554480.2347317,VDD_IN,8541.12,,
1780554480.2347317,VDD_CPU_GPU_CV,3379.456,,
1780554480.2347317,VDD_SOC,1928.64,,
1780554480.2347317,,,cpu-thermal,60.187
1780554480.2347317,,,gpu-thermal,60.812
1780554480.2347317,,,soc0-thermal,58.656
1780554480.2347317,,,soc1-thermal,57.968
1780554480.2347317,,,soc2-thermal,58.718
1780554480.2347317,,,tj-thermal,60.937
1780554480.3403745,VDD_IN,8462.4,,
1780554480.3403745,VDD_CPU_GPU_CV,3340.16,,
1780554480.3403745,VDD_SOC,1928.64,,
1780554480.3403745,,,cpu-thermal,60.375
1780554480.3403745,,,gpu-thermal,61.125
1780554480.3403745,,,soc0-thermal,58.687
1780554480.3403745,,,soc1-thermal,57.843
1780554480.3403745,,,soc2-thermal,58.781
1780554480.3403745,,,tj-thermal,60.906
1780554480.446246,VDD_IN,8423.04,,
1780554480.446246,VDD_CPU_GPU_CV,3300.864,,
1780554480.446246,VDD_SOC,1928.64,,
1780554480.446246,,,cpu-thermal,60.187
1780554480.446246,,,gpu-thermal,61.031
1780554480.446246,,,soc0-thermal,58.531
1780554480.446246,,,soc1-thermal,57.875
1780554480.446246,,,soc2-thermal,58.562
1780554480.446246,,,tj-thermal,61.031
1780554480.5519106,VDD_IN,8423.04,,
1780554480.5519106,VDD_CPU_GPU_CV,3261.568,,
1780554480.5519106,VDD_SOC,1928.64,,
1780554480.5519106,,,cpu-thermal,60.25
1780554480.5519106,,,gpu-thermal,60.937
1780554480.5519106,,,soc0-thermal,58.625
1780554480.5519106,,,soc1-thermal,57.906
1780554480.5519106,,,soc2-thermal,58.718
1780554480.5519106,,,tj-thermal,60.937
1780554480.657721,VDD_IN,8344.32,,
1780554480.657721,VDD_CPU_GPU_CV,3222.272,,
1780554480.657721,VDD_SOC,1928.64,,
1780554480.657721,,,cpu-thermal,60.187
1780554480.657721,,,gpu-thermal,60.812
1780554480.657721,,,soc0-thermal,58.656
1780554480.657721,,,soc1-thermal,58.093
1780554480.657721,,,soc2-thermal,58.718
1780554480.657721,,,tj-thermal,60.812
1780554480.7635624,VDD_IN,8344.32,,
1780554480.7635624,VDD_CPU_GPU_CV,3222.272,,
1780554480.7635624,VDD_SOC,1928.64,,
1780554480.7635624,,,cpu-thermal,60.187
1780554480.7635624,,,gpu-thermal,60.875
1780554480.7635624,,,soc0-thermal,58.625
1780554480.7635624,,,soc1-thermal,57.875
1780554480.7635624,,,soc2-thermal,58.812
1780554480.7635624,,,tj-thermal,60.875
1780554480.8692188,VDD_IN,8501.76,,
1780554480.8692188,VDD_CPU_GPU_CV,3300.864,,
1780554480.8692188,VDD_SOC,1928.64,,
1780554480.8692188,,,cpu-thermal,60.187
1780554480.8692188,,,gpu-thermal,60.968
1780554480.8692188,,,soc0-thermal,58.5
1780554480.8692188,,,soc1-thermal,57.937
1780554480.8692188,,,soc2-thermal,58.625
1780554480.8692188,,,tj-thermal,61.312
1780554480.9747586,VDD_IN,8594.432,,
1780554480.9747586,VDD_CPU_GPU_CV,3379.456,,
1780554480.9747586,VDD_SOC,1968.0,,
1780554480.9747586,,,cpu-thermal,60.156
1780554480.9747586,,,gpu-thermal,61.031
1780554480.9747586,,,soc0-thermal,58.656
1780554480.9747586,,,soc1-thermal,58.0
1780554480.9747586,,,soc2-thermal,58.718
1780554480.9747586,,,tj-thermal,61.156
1780554481.080865,VDD_IN,8619.84,,
1780554481.080865,VDD_CPU_GPU_CV,3379.456,,
1780554481.080865,VDD_SOC,1968.0,,
1780554481.080865,,,cpu-thermal,60.468
1780554481.080865,,,gpu-thermal,60.906
1780554481.080865,,,soc0-thermal,58.781
1780554481.080865,,,soc1-thermal,57.937
1780554481.080865,,,soc2-thermal,58.812
1780554481.080865,,,tj-thermal,60.906
1780554481.186769,VDD_IN,8619.84,,
1780554481.186769,VDD_CPU_GPU_CV,3379.456,,
1780554481.186769,VDD_SOC,1968.0,,
1780554481.186769,,,cpu-thermal,60.187
1780554481.186769,,,gpu-thermal,61.187
1780554481.186769,,,soc0-thermal,58.625
1780554481.186769,,,soc1-thermal,57.937
1780554481.186769,,,soc2-thermal,58.718
1780554481.186769,,,tj-thermal,61.187
1780554481.292523,VDD_IN,8580.48,,
1780554481.292523,VDD_CPU_GPU_CV,3379.456,,
1780554481.292523,VDD_SOC,1928.64,,
1780554481.292523,,,cpu-thermal,60.187
1780554481.292523,,,gpu-thermal,61.125
1780554481.292523,,,soc0-thermal,58.75
1780554481.292523,,,soc1-thermal,58.0
1780554481.292523,,,soc2-thermal,58.718
1780554481.292523,,,tj-thermal,61.125
1780554481.3989623,VDD_IN,8580.48,,
1780554481.3989623,VDD_CPU_GPU_CV,3373.952,,
1780554481.3989623,VDD_SOC,1928.64,,
1780554481.3989623,,,cpu-thermal,60.406
1780554481.3989623,,,gpu-thermal,61.0
1780554481.3989623,,,soc0-thermal,58.687
1780554481.3989623,,,soc1-thermal,57.968
1780554481.3989623,,,soc2-thermal,58.812
1780554481.3989623,,,tj-thermal,61.0
1780554481.5048277,VDD_IN,8541.12,,
1780554481.5048277,VDD_CPU_GPU_CV,3373.952,,
1780554481.5048277,VDD_SOC,1928.64,,
1780554481.5048277,,,cpu-thermal,60.406
1780554481.5048277,,,gpu-thermal,60.968
1780554481.5048277,,,soc0-thermal,58.75
1780554481.5048277,,,soc1-thermal,57.968
1780554481.5048277,,,soc2-thermal,58.781
1780554481.5048277,,,tj-thermal,60.968
1780554481.6105022,VDD_IN,8541.12,,
1780554481.6105022,VDD_CPU_GPU_CV,3373.952,,
1780554481.6105022,VDD_SOC,1928.64,,
1780554481.6105022,,,cpu-thermal,60.312
1780554481.6105022,,,gpu-thermal,60.937
1780554481.6105022,,,soc0-thermal,58.687
1780554481.6105022,,,soc1-thermal,58.062
1780554481.6105022,,,soc2-thermal,58.781
1780554481.6105022,,,tj-thermal,60.937
1780554481.7164428,VDD_IN,8541.12,,
1780554481.7164428,VDD_CPU_GPU_CV,3334.72,,
1780554481.7164428,VDD_SOC,1928.64,,
1780554481.7164428,,,cpu-thermal,60.343
1780554481.7164428,,,gpu-thermal,61.031
1780554481.7164428,,,soc0-thermal,58.687
1780554481.7164428,,,soc1-thermal,58.062
1780554481.7164428,,,soc2-thermal,58.906
1780554481.7164428,,,tj-thermal,61.406
1780554481.8220463,VDD_IN,8580.48,,
1780554481.8220463,VDD_CPU_GPU_CV,3373.952,,
1780554481.8220463,VDD_SOC,1928.64,,
1780554481.8220463,,,cpu-thermal,60.375
1780554481.8220463,,,gpu-thermal,61.0
1780554481.8220463,,,soc0-thermal,58.781
1780554481.8220463,,,soc1-thermal,57.937
1780554481.8220463,,,soc2-thermal,58.812
1780554481.8220463,,,tj-thermal,61.0
1780554481.9277225,VDD_IN,8659.2,,
1780554481.9277225,VDD_CPU_GPU_CV,3458.048,,
1780554481.9277225,VDD_SOC,1968.0,,
1780554481.9277225,,,cpu-thermal,60.375
1780554481.9277225,,,gpu-thermal,61.031
1780554481.9277225,,,soc0-thermal,58.687
1780554481.9277225,,,soc1-thermal,58.031
1780554481.9277225,,,soc2-thermal,58.781
1780554481.9277225,,,tj-thermal,61.031
1780554482.033149,VDD_IN,8737.92,,
1780554482.033149,VDD_CPU_GPU_CV,3458.048,,
1780554482.033149,VDD_SOC,1968.0,,
1780554482.033149,,,cpu-thermal,60.312
1780554482.033149,,,gpu-thermal,61.406
1780554482.033149,,,soc0-thermal,58.75
1780554482.033149,,,soc1-thermal,58.093
1780554482.033149,,,soc2-thermal,58.781
1780554482.033149,,,tj-thermal,61.406
1780554482.1386967,VDD_IN,8659.2,,
1780554482.1386967,VDD_CPU_GPU_CV,3418.752,,
1780554482.1386967,VDD_SOC,1968.0,,
1780554482.1386967,,,cpu-thermal,60.375
1780554482.1386967,,,gpu-thermal,61.0
1780554482.1386967,,,soc0-thermal,58.875
1780554482.1386967,,,soc1-thermal,58.156
1780554482.1386967,,,soc2-thermal,58.843
1780554482.1386967,,,tj-thermal,61.281
1780554482.2444537,VDD_IN,8659.2,,
1780554482.2444537,VDD_CPU_GPU_CV,3413.184,,
1780554482.2444537,VDD_SOC,1968.0,,
1780554482.2444537,,,cpu-thermal,60.468
1780554482.2444537,,,gpu-thermal,61.156
1780554482.2444537,,,soc0-thermal,58.875
1780554482.2444537,,,soc1-thermal,58.062
1780554482.2444537,,,soc2-thermal,58.937
1780554482.2444537,,,tj-thermal,61.156
1780554482.3507168,VDD_IN,8580.48,,
1780554482.3507168,VDD_CPU_GPU_CV,3373.952,,
1780554482.3507168,VDD_SOC,1928.64,,
1780554482.3507168,,,cpu-thermal,60.25
1780554482.3507168,,,gpu-thermal,61.375
1780554482.3507168,,,soc0-thermal,58.781
1780554482.3507168,,,soc1-thermal,58.062
1780554482.3507168,,,soc2-thermal,58.906
1780554482.3507168,,,tj-thermal,61.031
1780554482.4566274,VDD_IN,8580.48,,
1780554482.4566274,VDD_CPU_GPU_CV,3373.952,,
1780554482.4566274,VDD_SOC,1928.64,,
1780554482.4566274,,,cpu-thermal,60.375
1780554482.4566274,,,gpu-thermal,61.281
1780554482.4566274,,,soc0-thermal,58.75
1780554482.4566274,,,soc1-thermal,58.062
1780554482.4566274,,,soc2-thermal,58.937
1780554482.4566274,,,tj-thermal,61.0
1780554482.5633063,VDD_IN,8541.12,,
1780554482.5633063,VDD_CPU_GPU_CV,3373.952,,
1780554482.5633063,VDD_SOC,1928.64,,
1780554482.5633063,,,cpu-thermal,60.593
1780554482.5633063,,,gpu-thermal,61.187
1780554482.5633063,,,soc0-thermal,58.843
1780554482.5633063,,,soc1-thermal,57.968
1780554482.5633063,,,soc2-thermal,58.968
1780554482.5633063,,,tj-thermal,61.187
1780554482.6688974,VDD_IN,8541.12,,
1780554482.6688974,VDD_CPU_GPU_CV,3373.952,,
1780554482.6688974,VDD_SOC,1928.64,,
1780554482.6688974,,,cpu-thermal,60.281
1780554482.6688974,,,gpu-thermal,61.062
1780554482.6688974,,,soc0-thermal,58.781
1780554482.6688974,,,soc1-thermal,58.062
1780554482.6688974,,,soc2-thermal,58.781
1780554482.6688974,,,tj-thermal,61.062
1780554482.7745202,VDD_IN,8501.76,,
1780554482.7745202,VDD_CPU_GPU_CV,3334.72,,
1780554482.7745202,VDD_SOC,1928.64,,
1780554482.7745202,,,cpu-thermal,60.312
1780554482.7745202,,,gpu-thermal,61.0
1780554482.7745202,,,soc0-thermal,58.843
1780554482.7745202,,,soc1-thermal,58.125
1780554482.7745202,,,soc2-thermal,58.968
1780554482.7745202,,,tj-thermal,61.0
1780554482.8806703,VDD_IN,8619.84,,
1780554482.8806703,VDD_CPU_GPU_CV,3418.752,,
1780554482.8806703,VDD_SOC,1968.0,,
1780554482.8806703,,,cpu-thermal,60.5
1780554482.8806703,,,gpu-thermal,61.5
1780554482.8806703,,,soc0-thermal,58.843
1780554482.8806703,,,soc1-thermal,58.218
1780554482.8806703,,,soc2-thermal,58.968
1780554482.8806703,,,tj-thermal,61.5
1780554482.986155,VDD_IN,8737.92,,
1780554482.986155,VDD_CPU_GPU_CV,3458.048,,
1780554482.986155,VDD_SOC,1968.0,,
1780554482.986155,,,cpu-thermal,60.625
1780554482.986155,,,gpu-thermal,61.218
1780554482.986155,,,soc0-thermal,58.781
1780554482.986155,,,soc1-thermal,58.031
1780554482.986155,,,soc2-thermal,58.968
1780554482.986155,,,tj-thermal,61.375
1780554483.0915523,VDD_IN,8698.56,,
1780554483.0915523,VDD_CPU_GPU_CV,3458.048,,
1780554483.0915523,VDD_SOC,1968.0,,
1780554483.0915523,,,cpu-thermal,60.312
1780554483.0915523,,,gpu-thermal,61.031
1780554483.0915523,,,soc0-thermal,58.718
1780554483.0915523,,,soc1-thermal,57.968
1780554483.0915523,,,soc2-thermal,58.906
1780554483.0915523,,,tj-thermal,61.25
1780554483.1973724,VDD_IN,8659.2,,
1780554483.1973724,VDD_CPU_GPU_CV,3418.752,,
1780554483.1973724,VDD_SOC,1968.0,,
1780554483.1973724,,,cpu-thermal,60.406
1780554483.1973724,,,gpu-thermal,61.468
1780554483.1973724,,,soc0-thermal,58.812
1780554483.1973724,,,soc1-thermal,58.093
1780554483.1973724,,,soc2-thermal,58.968
1780554483.1973724,,,tj-thermal,61.468
1780554483.3034492,VDD_IN,8619.84,,
1780554483.3034492,VDD_CPU_GPU_CV,3418.752,,
1780554483.3034492,VDD_SOC,1928.64,,
1780554483.3034492,,,cpu-thermal,60.625
1780554483.3034492,,,gpu-thermal,61.343
1780554483.3034492,,,soc0-thermal,58.968
1780554483.3034492,,,soc1-thermal,58.031
1780554483.3034492,,,soc2-thermal,58.968
1780554483.3034492,,,tj-thermal,61.343
1780554483.409097,VDD_IN,8580.48,,
1780554483.409097,VDD_CPU_GPU_CV,3413.184,,
1780554483.409097,VDD_SOC,1928.64,,
1780554483.409097,,,cpu-thermal,60.593
1780554483.409097,,,gpu-thermal,61.281
1780554483.409097,,,soc0-thermal,58.843
1780554483.409097,,,soc1-thermal,58.062
1780554483.409097,,,soc2-thermal,58.937
1780554483.409097,,,tj-thermal,61.281
1780554483.514931,VDD_IN,8619.84,,
1780554483.514931,VDD_CPU_GPU_CV,3413.184,,
1780554483.514931,VDD_SOC,1928.64,,
1780554483.514931,,,cpu-thermal,60.562
1780554483.514931,,,gpu-thermal,61.156
1780554483.514931,,,soc0-thermal,58.812
1780554483.514931,,,soc1-thermal,58.156
1780554483.514931,,,soc2-thermal,58.875
1780554483.514931,,,tj-thermal,61.156
1780554483.6210706,VDD_IN,8580.48,,
1780554483.6210706,VDD_CPU_GPU_CV,3413.184,,
1780554483.6210706,VDD_SOC,1928.64,,
1780554483.6210706,,,cpu-thermal,60.625
1780554483.6210706,,,gpu-thermal,61.125
1780554483.6210706,,,soc0-thermal,58.937
1780554483.6210706,,,soc1-thermal,58.281
1780554483.6210706,,,soc2-thermal,58.968
1780554483.6210706,,,tj-thermal,61.125
1780554483.7267873,VDD_IN,8580.48,,
1780554483.7267873,VDD_CPU_GPU_CV,3373.952,,
1780554483.7267873,VDD_SOC,1928.64,,
1780554483.7267873,,,cpu-thermal,60.531
1780554483.7267873,,,gpu-thermal,61.25
1780554483.7267873,,,soc0-thermal,59.031
1780554483.7267873,,,soc1-thermal,58.093
1780554483.7267873,,,soc2-thermal,59.0
1780554483.7267873,,,tj-thermal,61.062
1780554483.8326313,VDD_IN,8619.84,,
1780554483.8326313,VDD_CPU_GPU_CV,3413.184,,
1780554483.8326313,VDD_SOC,1928.64,,
1780554483.8326313,,,cpu-thermal,60.468
1780554483.8326313,,,gpu-thermal,61.25
1780554483.8326313,,,soc0-thermal,58.875
1780554483.8326313,,,soc1-thermal,58.125
1780554483.8326313,,,soc2-thermal,58.968
1780554483.8326313,,,tj-thermal,61.468
1780554483.938804,VDD_IN,8698.56,,
1780554483.938804,VDD_CPU_GPU_CV,3458.048,,
1780554483.938804,VDD_SOC,1968.0,,
1780554483.938804,,,cpu-thermal,60.5
1780554483.938804,,,gpu-thermal,61.312
1780554483.938804,,,soc0-thermal,58.843
1780554483.938804,,,soc1-thermal,58.281
1780554483.938804,,,soc2-thermal,58.937
1780554483.938804,,,tj-thermal,61.312
1780554484.0443609,VDD_IN,8737.92,,
1780554484.0443609,VDD_CPU_GPU_CV,3497.344,,
1780554484.0443609,VDD_SOC,1968.0,,
1780554484.0443609,,,cpu-thermal,60.468
1780554484.0443609,,,gpu-thermal,61.593
1780554484.0443609,,,soc0-thermal,59.031
1780554484.0443609,,,soc1-thermal,58.156
1780554484.0443609,,,soc2-thermal,59.062
1780554484.0443609,,,tj-thermal,61.281
1780554484.150998,VDD_IN,8698.56,,
1780554484.150998,VDD_CPU_GPU_CV,3458.048,,
1780554484.150998,VDD_SOC,1968.0,,
1780554484.150998,,,cpu-thermal,60.437
1780554484.150998,,,gpu-thermal,61.406
1780554484.150998,,,soc0-thermal,58.843
1780554484.150998,,,soc1-thermal,58.25
1780554484.150998,,,soc2-thermal,59.0
1780554484.150998,,,tj-thermal,61.406
1780554484.256759,VDD_IN,8659.2,,
1780554484.256759,VDD_CPU_GPU_CV,3452.416,,
1780554484.256759,VDD_SOC,1968.0,,
1780554484.256759,,,cpu-thermal,60.437
1780554484.256759,,,gpu-thermal,61.312
1780554484.256759,,,soc0-thermal,58.937
1780554484.256759,,,soc1-thermal,58.25
1780554484.256759,,,soc2-thermal,58.968
1780554484.256759,,,tj-thermal,61.312
1780554484.3626773,VDD_IN,8619.84,,
1780554484.3626773,VDD_CPU_GPU_CV,3413.184,,
1780554484.3626773,VDD_SOC,1928.64,,
1780554484.3626773,,,cpu-thermal,60.781
1780554484.3626773,,,gpu-thermal,61.343
1780554484.3626773,,,soc0-thermal,59.031
1780554484.3626773,,,soc1-thermal,58.406
1780554484.3626773,,,soc2-thermal,59.031
1780554484.3626773,,,tj-thermal,61.343
1780554484.4686494,VDD_IN,8580.48,,
1780554484.4686494,VDD_CPU_GPU_CV,3413.184,,
1780554484.4686494,VDD_SOC,1928.64,,
1780554484.4686494,,,cpu-thermal,60.843
1780554484.4686494,,,gpu-thermal,61.25
1780554484.4686494,,,soc0-thermal,59.031
1780554484.4686494,,,soc1-thermal,58.25
1780554484.4686494,,,soc2-thermal,59.0
1780554484.4686494,,,tj-thermal,61.25
1780554484.574165,VDD_IN,8580.48,,
1780554484.574165,VDD_CPU_GPU_CV,3413.184,,
1780554484.574165,VDD_SOC,1928.64,,
1780554484.574165,,,cpu-thermal,60.468
1780554484.574165,,,gpu-thermal,61.343
1780554484.574165,,,soc0-thermal,58.906
1780554484.574165,,,soc1-thermal,58.218
1780554484.574165,,,soc2-thermal,59.0
1780554484.574165,,,tj-thermal,61.25
1780554484.680012,VDD_IN,8580.48,,
1780554484.680012,VDD_CPU_GPU_CV,3413.184,,
1780554484.680012,VDD_SOC,1925.504,,
1780554484.680012,,,cpu-thermal,60.531
1780554484.680012,,,gpu-thermal,61.281
1780554484.680012,,,soc0-thermal,58.968
1780554484.680012,,,soc1-thermal,58.375
1780554484.680012,,,soc2-thermal,59.0
1780554484.680012,,,tj-thermal,61.531
1780554484.7856817,VDD_IN,8580.48,,
1780554484.7856817,VDD_CPU_GPU_CV,3413.184,,
1780554484.7856817,VDD_SOC,1928.64,,
1780554484.7856817,,,cpu-thermal,60.656
1780554484.7856817,,,gpu-thermal,61.187
1780554484.7856817,,,soc0-thermal,59.031
1780554484.7856817,,,soc1-thermal,58.25
1780554484.7856817,,,soc2-thermal,59.125
1780554484.7856817,,,tj-thermal,61.187
1780554484.8915348,VDD_IN,8659.2,,
1780554484.8915348,VDD_CPU_GPU_CV,3458.048,,
1780554484.8915348,VDD_SOC,1968.0,,
1780554484.8915348,,,cpu-thermal,60.687
1780554484.8915348,,,gpu-thermal,61.312
1780554484.8915348,,,soc0-thermal,58.968
1780554484.8915348,,,soc1-thermal,58.187
1780554484.8915348,,,soc2-thermal,58.968
1780554484.8915348,,,tj-thermal,61.312
1780554484.9973083,VDD_IN,8777.28,,
1780554484.9973083,VDD_CPU_GPU_CV,3497.344,,
1780554484.9973083,VDD_SOC,1968.0,,
1780554484.9973083,,,cpu-thermal,60.906
1780554484.9973083,,,gpu-thermal,61.531
1780554484.9973083,,,soc0-thermal,58.937
1780554484.9973083,,,soc1-thermal,58.375
1780554484.9973083,,,soc2-thermal,59.031
1780554484.9973083,,,tj-thermal,61.531
1780554485.1029952,VDD_IN,8698.56,,
1780554485.1029952,VDD_CPU_GPU_CV,3458.048,,
1780554485.1029952,VDD_SOC,1968.0,,
1780554485.1029952,,,cpu-thermal,60.562
1780554485.1029952,,,gpu-thermal,61.468
1780554485.1029952,,,soc0-thermal,59.062
1780554485.1029952,,,soc1-thermal,58.406
1780554485.1029952,,,soc2-thermal,59.125
1780554485.1029952,,,tj-thermal,61.468
1780554485.2091005,VDD_IN,8659.2,,
1780554485.2091005,VDD_CPU_GPU_CV,3458.048,,
1780554485.2091005,VDD_SOC,1968.0,,
1780554485.2091005,,,cpu-thermal,60.687
1780554485.2091005,,,gpu-thermal,61.437
1780554485.2091005,,,soc0-thermal,58.906
1780554485.2091005,,,soc1-thermal,58.187
1780554485.2091005,,,soc2-thermal,59.156
1780554485.2091005,,,tj-thermal,61.437
1780554485.3157258,VDD_IN,8619.84,,
1780554485.3157258,VDD_CPU_GPU_CV,3418.752,,
1780554485.3157258,VDD_SOC,1928.64,,
1780554485.3157258,,,cpu-thermal,60.562
1780554485.3157258,,,gpu-thermal,61.312
1780554485.3157258,,,soc0-thermal,58.968
1780554485.3157258,,,soc1-thermal,58.312
1780554485.3157258,,,soc2-thermal,59.156
1780554485.3157258,,,tj-thermal,61.312
1780554485.4213712,VDD_IN,8580.48,,
1780554485.4213712,VDD_CPU_GPU_CV,3413.184,,
1780554485.4213712,VDD_SOC,1928.64,,
1780554485.4213712,,,cpu-thermal,60.593
1780554485.4213712,,,gpu-thermal,61.406
1780554485.4213712,,,soc0-thermal,59.062
1780554485.4213712,,,soc1-thermal,58.25
1780554485.4213712,,,soc2-thermal,59.031
1780554485.4213712,,,tj-thermal,61.25
1780554485.5269055,VDD_IN,8580.48,,
1780554485.5269055,VDD_CPU_GPU_CV,3413.184,,
1780554485.5269055,VDD_SOC,1928.64,,
1780554485.5269055,,,cpu-thermal,60.625
1780554485.5269055,,,gpu-thermal,61.406
1780554485.5269055,,,soc0-thermal,59.093
1780554485.5269055,,,soc1-thermal,58.25
1780554485.5269055,,,soc2-thermal,59.062
1780554485.5269055,,,tj-thermal,61.406
1780554485.632902,VDD_IN,8541.12,,
1780554485.632902,VDD_CPU_GPU_CV,3373.952,,
1780554485.632902,VDD_SOC,1925.504,,
1780554485.632902,,,cpu-thermal,60.656
1780554485.632902,,,gpu-thermal,61.343
1780554485.632902,,,soc0-thermal,58.968
1780554485.632902,,,soc1-thermal,58.25
1780554485.632902,,,soc2-thermal,59.062
1780554485.632902,,,tj-thermal,61.343
1780554485.7389145,VDD_IN,8541.12,,
1780554485.7389145,VDD_CPU_GPU_CV,3373.952,,
1780554485.7389145,VDD_SOC,1925.504,,
1780554485.7389145,,,cpu-thermal,60.562
1780554485.7389145,,,gpu-thermal,61.343
1780554485.7389145,,,soc0-thermal,59.0
1780554485.7389145,,,soc1-thermal,58.25
1780554485.7389145,,,soc2-thermal,59.125
1780554485.7389145,,,tj-thermal,61.343
1780554485.8445225,VDD_IN,8619.84,,
1780554485.8445225,VDD_CPU_GPU_CV,3413.184,,
1780554485.8445225,VDD_SOC,1928.64,,
1780554485.8445225,,,cpu-thermal,60.593
1780554485.8445225,,,gpu-thermal,61.687
1780554485.8445225,,,soc0-thermal,59.093
1780554485.8445225,,,soc1-thermal,58.406
1780554485.8445225,,,soc2-thermal,59.187
1780554485.8445225,,,tj-thermal,61.687
1780554485.9501276,VDD_IN,8737.92,,
1780554485.9501276,VDD_CPU_GPU_CV,3458.048,,
1780554485.9501276,VDD_SOC,1968.0,,
1780554485.9501276,,,cpu-thermal,60.843
1780554485.9501276,,,gpu-thermal,61.437
1780554485.9501276,,,soc0-thermal,59.218
1780554485.9501276,,,soc1-thermal,58.281
1780554485.9501276,,,soc2-thermal,59.218
1780554485.9501276,,,tj-thermal,61.625
1780554486.0557504,VDD_IN,8737.92,,
1780554486.0557504,VDD_CPU_GPU_CV,3458.048,,
1780554486.0557504,VDD_SOC,1968.0,,
1780554486.0557504,,,cpu-thermal,60.625
1780554486.0557504,,,gpu-thermal,61.281
1780554486.0557504,,,soc0-thermal,59.0
1780554486.0557504,,,soc1-thermal,58.343
1780554486.0557504,,,soc2-thermal,59.156
1780554486.0557504,,,tj-thermal,61.437
1780554486.1615064,VDD_IN,8698.56,,
1780554486.1615064,VDD_CPU_GPU_CV,3458.048,,
1780554486.1615064,VDD_SOC,1968.0,,
1780554486.1615064,,,cpu-thermal,60.687
1780554486.1615064,,,gpu-thermal,61.687
1780554486.1615064,,,soc0-thermal,59.062
1780554486.1615064,,,soc1-thermal,58.375
1780554486.1615064,,,soc2-thermal,59.125
1780554486.1615064,,,tj-thermal,61.687
1780554486.2674284,VDD_IN,8619.84,,
1780554486.2674284,VDD_CPU_GPU_CV,3413.184,,
1780554486.2674284,VDD_SOC,1968.0,,
1780554486.2674284,,,cpu-thermal,60.843
1780554486.2674284,,,gpu-thermal,61.5
1780554486.2674284,,,soc0-thermal,59.093
1780554486.2674284,,,soc1-thermal,58.468
1780554486.2674284,,,soc2-thermal,59.218
1780554486.2674284,,,tj-thermal,61.5
1780554486.3731492,VDD_IN,8659.2,,
1780554486.3731492,VDD_CPU_GPU_CV,3413.184,,
1780554486.3731492,VDD_SOC,1968.0,,
1780554486.3731492,,,cpu-thermal,61.031
1780554486.3731492,,,gpu-thermal,61.437
1780554486.3731492,,,soc0-thermal,59.062
1780554486.3731492,,,soc1-thermal,58.343
1780554486.3731492,,,soc2-thermal,59.125
1780554486.3731492,,,tj-thermal,61.437
1780554486.480089,VDD_IN,8619.84,,
1780554486.480089,VDD_CPU_GPU_CV,3413.184,,
1780554486.480089,VDD_SOC,1968.0,,
1780554486.480089,,,cpu-thermal,60.718
1780554486.480089,,,gpu-thermal,61.406
1780554486.480089,,,soc0-thermal,59.031
1780554486.480089,,,soc1-thermal,58.406
1780554486.480089,,,soc2-thermal,59.218
1780554486.480089,,,tj-thermal,61.406
1780554486.586561,VDD_IN,8619.84,,
1780554486.586561,VDD_CPU_GPU_CV,3379.456,,
1780554486.586561,VDD_SOC,1928.64,,
1780554486.586561,,,cpu-thermal,60.687
1780554486.586561,,,gpu-thermal,61.343
1780554486.586561,,,soc0-thermal,59.156
1780554486.586561,,,soc1-thermal,58.531
1780554486.586561,,,soc2-thermal,59.218
1780554486.586561,,,tj-thermal,61.343
1780554486.6923459,VDD_IN,8580.48,,
1780554486.6923459,VDD_CPU_GPU_CV,3379.456,,
1780554486.6923459,VDD_SOC,1928.64,,
1780554486.6923459,,,cpu-thermal,60.812
1780554486.6923459,,,gpu-thermal,61.781
1780554486.6923459,,,soc0-thermal,59.093
1780554486.6923459,,,soc1-thermal,58.343
1780554486.6923459,,,soc2-thermal,59.218
1780554486.6923459,,,tj-thermal,61.781
1780554486.7983227,VDD_IN,8580.48,,
1780554486.7983227,VDD_CPU_GPU_CV,3379.456,,
1780554486.7983227,VDD_SOC,1928.64,,
1780554486.7983227,,,cpu-thermal,60.687
1780554486.7983227,,,gpu-thermal,61.593
1780554486.7983227,,,soc0-thermal,59.062
1780554486.7983227,,,soc1-thermal,58.375
1780554486.7983227,,,soc2-thermal,59.25
1780554486.7983227,,,tj-thermal,61.593
1780554486.9043307,VDD_IN,8698.56,,
1780554486.9043307,VDD_CPU_GPU_CV,3418.752,,
1780554486.9043307,VDD_SOC,1968.0,,
1780554486.9043307,,,cpu-thermal,60.718
1780554486.9043307,,,gpu-thermal,61.625
1780554486.9043307,,,soc0-thermal,59.093
1780554486.9043307,,,soc1-thermal,58.5
1780554486.9043307,,,soc2-thermal,59.25
1780554486.9043307,,,tj-thermal,61.625
1780554487.0097435,VDD_IN,8791.552,,
1780554487.0097435,VDD_CPU_GPU_CV,3497.344,,
1780554487.0097435,VDD_SOC,1968.0,,
1780554487.0097435,,,cpu-thermal,60.687
1780554487.0097435,,,gpu-thermal,61.843
1780554487.0097435,,,soc0-thermal,59.25
1780554487.0097435,,,soc1-thermal,58.375
1780554487.0097435,,,soc2-thermal,59.343
1780554487.0097435,,,tj-thermal,61.5
1780554487.1156888,VDD_IN,8737.92,,
1780554487.1156888,VDD_CPU_GPU_CV,3458.048,,
1780554487.1156888,VDD_SOC,1968.0,,
1780554487.1156888,,,cpu-thermal,60.562
1780554487.1156888,,,gpu-thermal,61.593
1780554487.1156888,,,soc0-thermal,59.125
1780554487.1156888,,,soc1-thermal,58.406
1780554487.1156888,,,soc2-thermal,59.187
1780554487.1156888,,,tj-thermal,61.406
1780554487.2220097,VDD_IN,8698.56,,
1780554487.2220097,VDD_CPU_GPU_CV,3458.048,,
1780554487.2220097,VDD_SOC,1968.0,,
1780554487.2220097,,,cpu-thermal,60.687
1780554487.2220097,,,gpu-thermal,61.656
1780554487.2220097,,,soc0-thermal,59.187
1780554487.2220097,,,soc1-thermal,58.5
1780554487.2220097,,,soc2-thermal,59.312
1780554487.2220097,,,tj-thermal,61.906
1780554487.32775,VDD_IN,8659.2,,
1780554487.32775,VDD_CPU_GPU_CV,3452.416,,
1780554487.32775,VDD_SOC,1968.0,,
1780554487.32775,,,cpu-thermal,60.687
1780554487.32775,,,gpu-thermal,61.437
1780554487.32775,,,soc0-thermal,59.218
1780554487.32775,,,soc1-thermal,58.375
1780554487.32775,,,soc2-thermal,59.343
1780554487.32775,,,tj-thermal,61.437
1780554487.4336903,VDD_IN,8619.84,,
1780554487.4336903,VDD_CPU_GPU_CV,3413.184,,
1780554487.4336903,VDD_SOC,1925.504,,
1780554487.4336903,,,cpu-thermal,60.656
1780554487.4336903,,,gpu-thermal,61.406
1780554487.4336903,,,soc0-thermal,59.062
1780554487.4336903,,,soc1-thermal,58.468
1780554487.4336903,,,soc2-thermal,59.375
1780554487.4336903,,,tj-thermal,61.406
1780554487.539374,VDD_IN,8580.48,,
1780554487.539374,VDD_CPU_GPU_CV,3413.184,,
1780554487.539374,VDD_SOC,1925.504,,
1780554487.539374,,,cpu-thermal,60.718
1780554487.539374,,,gpu-thermal,61.812
1780554487.539374,,,soc0-thermal,59.156
1780554487.539374,,,soc1-thermal,58.375
1780554487.539374,,,soc2-thermal,59.187
1780554487.539374,,,tj-thermal,61.812
1780554487.644995,VDD_IN,8619.84,,
1780554487.644995,VDD_CPU_GPU_CV,3413.184,,
1780554487.644995,VDD_SOC,1925.504,,
1780554487.644995,,,cpu-thermal,60.75
1780554487.644995,,,gpu-thermal,61.656
1780554487.644995,,,soc0-thermal,59.125
1780554487.644995,,,soc1-thermal,58.562
1780554487.644995,,,soc2-thermal,59.375
1780554487.644995,,,tj-thermal,61.656
1780554487.7510834,VDD_IN,8619.84,,
1780554487.7510834,VDD_CPU_GPU_CV,3413.184,,
1780554487.7510834,VDD_SOC,1925.504,,
1780554487.7510834,,,cpu-thermal,60.968
1780554487.7510834,,,gpu-thermal,61.593
1780554487.7510834,,,soc0-thermal,59.187
1780554487.7510834,,,soc1-thermal,58.406
1780554487.7510834,,,soc2-thermal,59.343
1780554487.7510834,,,tj-thermal,61.593
1780554487.8569074,VDD_IN,8659.2,,
1780554487.8569074,VDD_CPU_GPU_CV,3413.184,,
1780554487.8569074,VDD_SOC,1968.0,,
1780554487.8569074,,,cpu-thermal,61.125
1780554487.8569074,,,gpu-thermal,61.875
1780554487.8569074,,,soc0-thermal,59.125
1780554487.8569074,,,soc1-thermal,58.5
1780554487.8569074,,,soc2-thermal,59.218
1780554487.8569074,,,tj-thermal,61.593
1780554487.9630878,VDD_IN,8737.92,,
1780554487.9630878,VDD_CPU_GPU_CV,3458.048,,
1780554487.9630878,VDD_SOC,1968.0,,
1780554487.9630878,,,cpu-thermal,60.687
1780554487.9630878,,,gpu-thermal,61.75
1780554487.9630878,,,soc0-thermal,59.187
1780554487.9630878,,,soc1-thermal,58.5
1780554487.9630878,,,soc2-thermal,59.343
1780554487.9630878,,,tj-thermal,61.625
1780554488.0688381,VDD_IN,8737.92,,
1780554488.0688381,VDD_CPU_GPU_CV,3458.048,,
1780554488.0688381,VDD_SOC,1968.0,,
1780554488.0688381,,,cpu-thermal,60.843
1780554488.0688381,,,gpu-thermal,61.687
1780554488.0688381,,,soc0-thermal,59.25
1780554488.0688381,,,soc1-thermal,58.656
1780554488.0688381,,,soc2-thermal,59.375
1780554488.0688381,,,tj-thermal,61.687
1780554488.1744833,VDD_IN,8698.56,,
1780554488.1744833,VDD_CPU_GPU_CV,3458.048,,
1780554488.1744833,VDD_SOC,1968.0,,
1780554488.1744833,,,cpu-thermal,60.843
1780554488.1744833,,,gpu-thermal,61.562
1780554488.1744833,,,soc0-thermal,59.25
1780554488.1744833,,,soc1-thermal,58.468
1780554488.1744833,,,soc2-thermal,59.437
1780554488.1744833,,,tj-thermal,61.562
1780554488.2803326,VDD_IN,8659.2,,
1780554488.2803326,VDD_CPU_GPU_CV,3458.048,,
1780554488.2803326,VDD_SOC,1968.0,,
1780554488.2803326,,,cpu-thermal,61.125
1780554488.2803326,,,gpu-thermal,61.562
1780554488.2803326,,,soc0-thermal,59.218
1780554488.2803326,,,soc1-thermal,58.468
1780554488.2803326,,,soc2-thermal,59.406
1780554488.2803326,,,tj-thermal,61.562
1780554488.3860192,VDD_IN,8659.2,,
1780554488.3860192,VDD_CPU_GPU_CV,3413.184,,
1780554488.3860192,VDD_SOC,1928.64,,
1780554488.3860192,,,cpu-thermal,60.937
1780554488.3860192,,,gpu-thermal,61.562
1780554488.3860192,,,soc0-thermal,59.25
1780554488.3860192,,,soc1-thermal,58.593
1780554488.3860192,,,soc2-thermal,59.406
1780554488.3860192,,,tj-thermal,61.562
1780554488.4922416,VDD_IN,8619.84,,
1780554488.4922416,VDD_CPU_GPU_CV,3413.184,,
1780554488.4922416,VDD_SOC,1928.64,,
1780554488.4922416,,,cpu-thermal,60.906
1780554488.4922416,,,gpu-thermal,61.843
1780554488.4922416,,,soc0-thermal,59.312
1780554488.4922416,,,soc1-thermal,58.375
1780554488.4922416,,,soc2-thermal,59.468
1780554488.4922416,,,tj-thermal,61.843
1780554488.5982509,VDD_IN,8619.84,,
1780554488.5982509,VDD_CPU_GPU_CV,3413.184,,
1780554488.5982509,VDD_SOC,1928.64,,
1780554488.5982509,,,cpu-thermal,60.937
1780554488.5982509,,,gpu-thermal,61.531
1780554488.5982509,,,soc0-thermal,59.156
1780554488.5982509,,,soc1-thermal,58.562
1780554488.5982509,,,soc2-thermal,59.375
1780554488.5982509,,,tj-thermal,61.718
1780554488.7040768,VDD_IN,8580.48,,
1780554488.7040768,VDD_CPU_GPU_CV,3413.184,,
1780554488.7040768,VDD_SOC,1925.504,,
1780554488.7040768,,,cpu-thermal,60.906
1780554488.7040768,,,gpu-thermal,61.906
1780554488.7040768,,,soc0-thermal,59.187
1780554488.7040768,,,soc1-thermal,58.531
1780554488.7040768,,,soc2-thermal,59.468
1780554488.7040768,,,tj-thermal,61.656
1780554488.8103015,VDD_IN,8619.84,,
1780554488.8103015,VDD_CPU_GPU_CV,3413.184,,
1780554488.8103015,VDD_SOC,1928.64,,
1780554488.8103015,,,cpu-thermal,60.843
1780554488.8103015,,,gpu-thermal,61.875
1780554488.8103015,,,soc0-thermal,59.406
1780554488.8103015,,,soc1-thermal,58.687
1780554488.8103015,,,soc2-thermal,59.468
1780554488.8103015,,,tj-thermal,61.875
1780554488.9159734,VDD_IN,8698.56,,
1780554488.9159734,VDD_CPU_GPU_CV,3497.344,,
1780554488.9159734,VDD_SOC,1968.0,,
1780554488.9159734,,,cpu-thermal,60.812
1780554488.9159734,,,gpu-thermal,61.812
1780554488.9159734,,,soc0-thermal,59.25
1780554488.9159734,,,soc1-thermal,58.531
1780554488.9159734,,,soc2-thermal,59.5
1780554488.9159734,,,tj-thermal,61.812
1780554489.021427,VDD_IN,8777.28,,
1780554489.021427,VDD_CPU_GPU_CV,3497.344,,
1780554489.021427,VDD_SOC,1968.0,,
1780554489.021427,,,cpu-thermal,60.812
1780554489.021427,,,gpu-thermal,61.75
1780554489.021427,,,soc0-thermal,59.25
1780554489.021427,,,soc1-thermal,58.625
1780554489.021427,,,soc2-thermal,59.437
1780554489.021427,,,tj-thermal,61.75
1780554489.1270123,VDD_IN,8737.92,,
1780554489.1270123,VDD_CPU_GPU_CV,3497.344,,
1780554489.1270123,VDD_SOC,1968.0,,
1780554489.1270123,,,cpu-thermal,60.875
1780554489.1270123,,,gpu-thermal,61.656
1780554489.1270123,,,soc0-thermal,59.375
1780554489.1270123,,,soc1-thermal,58.625
1780554489.1270123,,,soc2-thermal,59.468
1780554489.1270123,,,tj-thermal,61.656
1780554489.2333136,VDD_IN,8698.56,,
1780554489.2333136,VDD_CPU_GPU_CV,3458.048,,
1780554489.2333136,VDD_SOC,1968.0,,
1780554489.2333136,,,cpu-thermal,61.25
1780554489.2333136,,,gpu-thermal,61.531
1780554489.2333136,,,soc0-thermal,59.406
1780554489.2333136,,,soc1-thermal,58.562
1780554489.2333136,,,soc2-thermal,59.468
1780554489.2333136,,,tj-thermal,61.531
1780554489.3390996,VDD_IN,8659.2,,
1780554489.3390996,VDD_CPU_GPU_CV,3452.416,,
1780554489.3390996,VDD_SOC,1968.0,,
1780554489.3390996,,,cpu-thermal,60.812
1780554489.3390996,,,gpu-thermal,61.687
1780554489.3390996,,,soc0-thermal,59.187
1780554489.3390996,,,soc1-thermal,58.625
1780554489.3390996,,,soc2-thermal,59.406
1780554489.3390996,,,tj-thermal,61.937
1780554489.4453225,VDD_IN,8619.84,,
1780554489.4453225,VDD_CPU_GPU_CV,3413.184,,
1780554489.4453225,VDD_SOC,1968.0,,
1780554489.4453225,,,cpu-thermal,60.875
1780554489.4453225,,,gpu-thermal,61.656
1780554489.4453225,,,soc0-thermal,59.312
1780554489.4453225,,,soc1-thermal,58.656
1780554489.4453225,,,soc2-thermal,59.437
1780554489.4453225,,,tj-thermal,61.812
1780554489.55173,VDD_IN,8619.84,,
1780554489.55173,VDD_CPU_GPU_CV,3413.184,,
1780554489.55173,VDD_SOC,1928.64,,
1780554489.55173,,,cpu-thermal,61.093
1780554489.55173,,,gpu-thermal,61.625
1780554489.55173,,,soc0-thermal,59.406
1780554489.55173,,,soc1-thermal,58.625
1780554489.55173,,,soc2-thermal,59.531
1780554489.55173,,,tj-thermal,61.687
1780554489.6579852,VDD_IN,8619.84,,
1780554489.6579852,VDD_CPU_GPU_CV,3413.184,,
1780554489.6579852,VDD_SOC,1928.64,,
1780554489.6579852,,,cpu-thermal,61.218
1780554489.6579852,,,gpu-thermal,61.812
1780554489.6579852,,,soc0-thermal,59.218
1780554489.6579852,,,soc1-thermal,58.593
1780554489.6579852,,,soc2-thermal,59.468
1780554489.6579852,,,tj-thermal,61.718
1780554489.7641585,VDD_IN,8619.84,,
1780554489.7641585,VDD_CPU_GPU_CV,3413.184,,
1780554489.7641585,VDD_SOC,1925.504,,
1780554489.7641585,,,cpu-thermal,60.968
1780554489.7641585,,,gpu-thermal,61.812
1780554489.7641585,,,soc0-thermal,59.281
1780554489.7641585,,,soc1-thermal,58.656
1780554489.7641585,,,soc2-thermal,59.5
1780554489.7641585,,,tj-thermal,61.625
1780554489.8699515,VDD_IN,8698.56,,
1780554489.8699515,VDD_CPU_GPU_CV,3452.416,,
1780554489.8699515,VDD_SOC,1968.0,,
1780554489.8699515,,,cpu-thermal,60.968
1780554489.8699515,,,gpu-thermal,61.75
1780554489.8699515,,,soc0-thermal,59.406
1780554489.8699515,,,soc1-thermal,58.718
1780554489.8699515,,,soc2-thermal,59.5
1780554489.8699515,,,tj-thermal,61.75
1780554489.9758039,VDD_IN,8777.28,,
1780554489.9758039,VDD_CPU_GPU_CV,3497.344,,
1780554489.9758039,VDD_SOC,1968.0,,
1780554489.9758039,,,cpu-thermal,61.093
1780554489.9758039,,,gpu-thermal,61.718
1780554489.9758039,,,soc0-thermal,59.468
1780554489.9758039,,,soc1-thermal,58.593
1780554489.9758039,,,soc2-thermal,59.5
1780554489.9758039,,,tj-thermal,61.718
1780554490.0815313,VDD_IN,8737.92,,
1780554490.0815313,VDD_CPU_GPU_CV,3497.344,,
1780554490.0815313,VDD_SOC,1968.0,,
1780554490.0815313,,,cpu-thermal,60.968
1780554490.0815313,,,gpu-thermal,61.656
1780554490.0815313,,,soc0-thermal,59.343
1780554490.0815313,,,soc1-thermal,58.687
1780554490.0815313,,,soc2-thermal,59.5
1780554490.0815313,,,tj-thermal,61.656
1780554490.1874385,VDD_IN,8698.56,,
1780554490.1874385,VDD_CPU_GPU_CV,3458.048,,
1780554490.1874385,VDD_SOC,1968.0,,
1780554490.1874385,,,cpu-thermal,60.937
1780554490.1874385,,,gpu-thermal,61.968
1780554490.1874385,,,soc0-thermal,59.406
1780554490.1874385,,,soc1-thermal,58.75
1780554490.1874385,,,soc2-thermal,59.562
1780554490.1874385,,,tj-thermal,61.968
1780554490.2930062,VDD_IN,8659.2,,
1780554490.2930062,VDD_CPU_GPU_CV,3452.416,,
1780554490.2930062,VDD_SOC,1968.0,,
1780554490.2930062,,,cpu-thermal,61.062
1780554490.2930062,,,gpu-thermal,61.75
1780554490.2930062,,,soc0-thermal,59.468
1780554490.2930062,,,soc1-thermal,58.656
1780554490.2930062,,,soc2-thermal,59.593
1780554490.2930062,,,tj-thermal,61.875
1780554490.3996813,VDD_IN,8659.2,,
1780554490.3996813,VDD_CPU_GPU_CV,3452.416,,
1780554490.3996813,VDD_SOC,1928.64,,
1780554490.3996813,,,cpu-thermal,61.062
1780554490.3996813,,,gpu-thermal,61.625
1780554490.3996813,,,soc0-thermal,59.343
1780554490.3996813,,,soc1-thermal,58.656
1780554490.3996813,,,soc2-thermal,59.468
1780554490.3996813,,,tj-thermal,61.781
1780554490.5054772,VDD_IN,8619.84,,
1780554490.5054772,VDD_CPU_GPU_CV,3413.184,,
1780554490.5054772,VDD_SOC,1928.64,,
1780554490.5054772,,,cpu-thermal,60.843
1780554490.5054772,,,gpu-thermal,62.031
1780554490.5054772,,,soc0-thermal,59.406
1780554490.5054772,,,soc1-thermal,58.718
1780554490.5054772,,,soc2-thermal,59.531
1780554490.5054772,,,tj-thermal,61.687
1780554490.6112778,VDD_IN,8619.84,,
1780554490.6112778,VDD_CPU_GPU_CV,3413.184,,
1780554490.6112778,VDD_SOC,1928.64,,
1780554490.6112778,,,cpu-thermal,61.031
1780554490.6112778,,,gpu-thermal,61.843
1780554490.6112778,,,soc0-thermal,59.406
1780554490.6112778,,,soc1-thermal,58.781
1780554490.6112778,,,soc2-thermal,59.562
1780554490.6112778,,,tj-thermal,61.843
1780554490.717178,VDD_IN,8619.84,,
1780554490.717178,VDD_CPU_GPU_CV,3413.184,,
1780554490.717178,VDD_SOC,1925.504,,
1780554490.717178,,,cpu-thermal,61.25
1780554490.717178,,,gpu-thermal,61.812
1780554490.717178,,,soc0-thermal,59.468
1780554490.717178,,,soc1-thermal,58.687
1780554490.717178,,,soc2-thermal,59.562
1780554490.717178,,,tj-thermal,61.812
1780554490.8234415,VDD_IN,8619.84,,
1780554490.8234415,VDD_CPU_GPU_CV,3413.184,,
1780554490.8234415,VDD_SOC,1968.0,,
1780554490.8234415,,,cpu-thermal,60.937
1780554490.8234415,,,gpu-thermal,61.812
1780554490.8234415,,,soc0-thermal,59.406
1780554490.8234415,,,soc1-thermal,58.718
1780554490.8234415,,,soc2-thermal,59.531
1780554490.8234415,,,tj-thermal,61.812
1780554490.9293585,VDD_IN,8737.92,,
1780554490.9293585,VDD_CPU_GPU_CV,3458.048,,
1780554490.9293585,VDD_SOC,1968.0,,
1780554490.9293585,,,cpu-thermal,61.062
1780554490.9293585,,,gpu-thermal,61.75
1780554490.9293585,,,soc0-thermal,59.437
1780554490.9293585,,,soc1-thermal,58.812
1780554490.9293585,,,soc2-thermal,59.5
1780554490.9293585,,,tj-thermal,61.75
1780554491.034876,VDD_IN,8777.28,,
1780554491.034876,VDD_CPU_GPU_CV,3497.344,,
1780554491.034876,VDD_SOC,1968.0,,
1780554491.034876,,,cpu-thermal,61.156
1780554491.034876,,,gpu-thermal,62.062
1780554491.034876,,,soc0-thermal,59.437
1780554491.034876,,,soc1-thermal,58.687
1780554491.034876,,,soc2-thermal,59.656
1780554491.034876,,,tj-thermal,62.062
1780554491.1407528,VDD_IN,8698.56,,
1780554491.1407528,VDD_CPU_GPU_CV,3458.048,,
1780554491.1407528,VDD_SOC,1968.0,,
1780554491.1407528,,,cpu-thermal,61.281
1780554491.1407528,,,gpu-thermal,61.75
1780554491.1407528,,,soc0-thermal,59.468
1780554491.1407528,,,soc1-thermal,58.781
1780554491.1407528,,,soc2-thermal,59.531
1780554491.1407528,,,tj-thermal,62.0
1780554491.2465174,VDD_IN,8698.56,,
1780554491.2465174,VDD_CPU_GPU_CV,3452.416,,
1780554491.2465174,VDD_SOC,1968.0,,
1780554491.2465174,,,cpu-thermal,61.093
1780554491.2465174,,,gpu-thermal,61.687
1780554491.2465174,,,soc0-thermal,59.406
1780554491.2465174,,,soc1-thermal,58.843
1780554491.2465174,,,soc2-thermal,59.656
1780554491.2465174,,,tj-thermal,61.875
1780554491.352723,VDD_IN,8659.2,,
1780554491.352723,VDD_CPU_GPU_CV,3413.184,,
1780554491.352723,VDD_SOC,1968.0,,
1780554491.352723,,,cpu-thermal,61.156
1780554491.352723,,,gpu-thermal,62.062
1780554491.352723,,,soc0-thermal,59.531
1780554491.352723,,,soc1-thermal,58.875
1780554491.352723,,,soc2-thermal,59.593
1780554491.352723,,,tj-thermal,61.781
1780554491.4589047,VDD_IN,8619.84,,
1780554491.4589047,VDD_CPU_GPU_CV,3413.184,,
1780554491.4589047,VDD_SOC,1964.8,,
1780554491.4589047,,,cpu-thermal,61.25
1780554491.4589047,,,gpu-thermal,61.968
1780554491.4589047,,,soc0-thermal,59.406
1780554491.4589047,,,soc1-thermal,58.687
1780554491.4589047,,,soc2-thermal,59.687
1780554491.4589047,,,tj-thermal,61.968
1780554491.56468,VDD_IN,8659.2,,
1780554491.56468,VDD_CPU_GPU_CV,3413.184,,
1780554491.56468,VDD_SOC,1928.64,,
1780554491.56468,,,cpu-thermal,61.156
1780554491.56468,,,gpu-thermal,61.875
1780554491.56468,,,soc0-thermal,59.406
1780554491.56468,,,soc1-thermal,58.75
1780554491.56468,,,soc2-thermal,59.625
1780554491.56468,,,tj-thermal,61.875
1780554491.6704636,VDD_IN,8619.84,,
1780554491.6704636,VDD_CPU_GPU_CV,3413.184,,
1780554491.6704636,VDD_SOC,1925.504,,
1780554491.6704636,,,cpu-thermal,61.187
1780554491.6704636,,,gpu-thermal,61.781
1780554491.6704636,,,soc0-thermal,59.531
1780554491.6704636,,,soc1-thermal,58.781
1780554491.6704636,,,soc2-thermal,59.656
1780554491.6704636,,,tj-thermal,61.781
1780554491.776485,VDD_IN,8619.84,,
1780554491.776485,VDD_CPU_GPU_CV,3413.184,,
1780554491.776485,VDD_SOC,1925.504,,
1780554491.776485,,,cpu-thermal,61.187
1780554491.776485,,,gpu-thermal,61.781
1780554491.776485,,,soc0-thermal,59.593
1780554491.776485,,,soc1-thermal,58.687
1780554491.776485,,,soc2-thermal,59.718
1780554491.776485,,,tj-thermal,61.781
1780554491.8826535,VDD_IN,8698.56,,
1780554491.8826535,VDD_CPU_GPU_CV,3452.416,,
1780554491.8826535,VDD_SOC,1968.0,,
1780554491.8826535,,,cpu-thermal,61.156
1780554491.8826535,,,gpu-thermal,62.281
1780554491.8826535,,,soc0-thermal,59.468
1780554491.8826535,,,soc1-thermal,58.843
1780554491.8826535,,,soc2-thermal,59.625
1780554491.8826535,,,tj-thermal,62.281
1780554491.988133,VDD_IN,8777.28,,
1780554491.988133,VDD_CPU_GPU_CV,3491.648,,
1780554491.988133,VDD_SOC,1968.0,,
1780554491.988133,,,cpu-thermal,61.093
1780554491.988133,,,gpu-thermal,61.906
1780554491.988133,,,soc0-thermal,59.468
1780554491.988133,,,soc1-thermal,58.843
1780554491.988133,,,soc2-thermal,59.656
1780554491.988133,,,tj-thermal,62.156
1780554492.093561,VDD_IN,8737.92,,
1780554492.093561,VDD_CPU_GPU_CV,3497.344,,
1780554492.093561,VDD_SOC,1968.0,,
1780554492.093561,,,cpu-thermal,61.187
1780554492.093561,,,gpu-thermal,61.843
1780554492.093561,,,soc0-thermal,59.593
1780554492.093561,,,soc1-thermal,58.906
1780554492.093561,,,soc2-thermal,59.656
1780554492.093561,,,tj-thermal,62.0
1780554492.1993072,VDD_IN,8698.56,,
1780554492.1993072,VDD_CPU_GPU_CV,3452.416,,
1780554492.1993072,VDD_SOC,1968.0,,
1780554492.1993072,,,cpu-thermal,61.5
1780554492.1993072,,,gpu-thermal,62.218
1780554492.1993072,,,soc0-thermal,59.687
1780554492.1993072,,,soc1-thermal,58.843
1780554492.1993072,,,soc2-thermal,59.656
1780554492.1993072,,,tj-thermal,62.218
1780554492.3050447,VDD_IN,8659.2,,
1780554492.3050447,VDD_CPU_GPU_CV,3452.416,,
1780554492.3050447,VDD_SOC,1968.0,,
1780554492.3050447,,,cpu-thermal,61.125
1780554492.3050447,,,gpu-thermal,62.031
1780554492.3050447,,,soc0-thermal,59.5
1780554492.3050447,,,soc1-thermal,58.875
1780554492.3050447,,,soc2-thermal,59.75
1780554492.3050447,,,tj-thermal,62.031
1780554492.4114125,VDD_IN,8659.2,,
1780554492.4114125,VDD_CPU_GPU_CV,3413.184,,
1780554492.4114125,VDD_SOC,1968.0,,
1780554492.4114125,,,cpu-thermal,61.312
1780554492.4114125,,,gpu-thermal,61.906
1780554492.4114125,,,soc0-thermal,59.656
1780554492.4114125,,,soc1-thermal,58.906
1780554492.4114125,,,soc2-thermal,59.656
1780554492.4114125,,,tj-thermal,61.906
1780554492.5180838,VDD_IN,8619.84,,
1780554492.5180838,VDD_CPU_GPU_CV,3413.184,,
1780554492.5180838,VDD_SOC,1925.504,,
1780554492.5180838,,,cpu-thermal,61.375
1780554492.5180838,,,gpu-thermal,61.875
1780554492.5180838,,,soc0-thermal,59.718
1780554492.5180838,,,soc1-thermal,58.781
1780554492.5180838,,,soc2-thermal,59.781
1780554492.5180838,,,tj-thermal,61.875
1780554492.6239686,VDD_IN,8580.48,,
1780554492.6239686,VDD_CPU_GPU_CV,3373.952,,
1780554492.6239686,VDD_SOC,1925.504,,
1780554492.6239686,,,cpu-thermal,61.5
1780554492.6239686,,,gpu-thermal,61.843
1780554492.6239686,,,soc0-thermal,59.562
1780554492.6239686,,,soc1-thermal,58.937
1780554492.6239686,,,soc2-thermal,59.718
1780554492.6239686,,,tj-thermal,61.843
1780554492.7297,VDD_IN,8580.48,,
1780554492.7297,VDD_CPU_GPU_CV,3373.952,,
1780554492.7297,VDD_SOC,1925.504,,
1780554492.7297,,,cpu-thermal,61.25
1780554492.7297,,,gpu-thermal,61.781
1780554492.7297,,,soc0-thermal,59.531
1780554492.7297,,,soc1-thermal,58.906
1780554492.7297,,,soc2-thermal,59.812
1780554492.7297,,,tj-thermal,61.781
1780554492.835577,VDD_IN,8619.84,,
1780554492.835577,VDD_CPU_GPU_CV,3413.184,,
1780554492.835577,VDD_SOC,1968.0,,
1780554492.835577,,,cpu-thermal,61.25
1780554492.835577,,,gpu-thermal,61.937
1780554492.835577,,,soc0-thermal,59.687
1780554492.835577,,,soc1-thermal,59.062
1780554492.835577,,,soc2-thermal,59.781
1780554492.835577,,,tj-thermal,62.156
1780554492.9411707,VDD_IN,8737.92,,
1780554492.9411707,VDD_CPU_GPU_CV,3458.048,,
1780554492.9411707,VDD_SOC,1968.0,,
1780554492.9411707,,,cpu-thermal,61.312
1780554492.9411707,,,gpu-thermal,62.0
1780554492.9411707,,,soc0-thermal,59.781
1780554492.9411707,,,soc1-thermal,58.906
1780554492.9411707,,,soc2-thermal,59.843
1780554492.9411707,,,tj-thermal,62.0
1780554493.0464196,VDD_IN,8777.28,,
1780554493.0464196,VDD_CPU_GPU_CV,3497.344,,
1780554493.0464196,VDD_SOC,1968.0,,
1780554493.0464196,,,cpu-thermal,61.187
1780554493.0464196,,,gpu-thermal,62.375
1780554493.0464196,,,soc0-thermal,59.625
1780554493.0464196,,,soc1-thermal,58.906
1780554493.0464196,,,soc2-thermal,59.687
1780554493.0464196,,,tj-thermal,62.375
1780554493.1525443,VDD_IN,8698.56,,
1780554493.1525443,VDD_CPU_GPU_CV,3458.048,,
1780554493.1525443,VDD_SOC,1968.0,,
1780554493.1525443,,,cpu-thermal,61.218
1780554493.1525443,,,gpu-thermal,62.218
1780554493.1525443,,,soc0-thermal,59.687
1780554493.1525443,,,soc1-thermal,59.062
1780554493.1525443,,,soc2-thermal,59.656
1780554493.1525443,,,tj-thermal,62.218
1780554493.2581353,VDD_IN,8698.56,,
1780554493.2581353,VDD_CPU_GPU_CV,3452.416,,
1780554493.2581353,VDD_SOC,1968.0,,
1780554493.2581353,,,cpu-thermal,61.375
1780554493.2581353,,,gpu-thermal,62.125
1780554493.2581353,,,soc0-thermal,59.718
1780554493.2581353,,,soc1-thermal,58.906
1780554493.2581353,,,soc2-thermal,59.781
1780554493.2581353,,,tj-thermal,62.125
1780554493.3638163,VDD_IN,8659.2,,
1780554493.3638163,VDD_CPU_GPU_CV,3452.416,,
1780554493.3638163,VDD_SOC,1968.0,,
1780554493.3638163,,,cpu-thermal,61.218
1780554493.3638163,,,gpu-thermal,62.062
1780554493.3638163,,,soc0-thermal,59.687
1780554493.3638163,,,soc1-thermal,58.875
1780554493.3638163,,,soc2-thermal,59.718
1780554493.3638163,,,tj-thermal,62.062
1780554493.4697044,VDD_IN,8659.2,,
1780554493.4697044,VDD_CPU_GPU_CV,3452.416,,
1780554493.4697044,VDD_SOC,1964.8,,
1780554493.4697044,,,cpu-thermal,61.218
1780554493.4697044,,,gpu-thermal,62.125
1780554493.4697044,,,soc0-thermal,59.687
1780554493.4697044,,,soc1-thermal,58.906
1780554493.4697044,,,soc2-thermal,59.75
1780554493.4697044,,,tj-thermal,61.937
1780554493.5758216,VDD_IN,8619.84,,
1780554493.5758216,VDD_CPU_GPU_CV,3413.184,,
1780554493.5758216,VDD_SOC,1925.504,,
1780554493.5758216,,,cpu-thermal,61.218
1780554493.5758216,,,gpu-thermal,62.062
1780554493.5758216,,,soc0-thermal,59.75
1780554493.5758216,,,soc1-thermal,59.031
1780554493.5758216,,,soc2-thermal,59.812
1780554493.5758216,,,tj-thermal,61.937
1780554493.6821742,VDD_IN,8619.84,,
1780554493.6821742,VDD_CPU_GPU_CV,3413.184,,
1780554493.6821742,VDD_SOC,1925.504,,
1780554493.6821742,,,cpu-thermal,61.218
1780554493.6821742,,,gpu-thermal,62.062
1780554493.6821742,,,soc0-thermal,59.843
1780554493.6821742,,,soc1-thermal,58.906
1780554493.6821742,,,soc2-thermal,59.906
1780554493.6821742,,,tj-thermal,62.156
1780554493.788027,VDD_IN,8619.84,,
1780554493.788027,VDD_CPU_GPU_CV,3413.184,,
1780554493.788027,VDD_SOC,1925.504,,
1780554493.788027,,,cpu-thermal,61.156
1780554493.788027,,,gpu-thermal,61.968
1780554493.788027,,,soc0-thermal,59.625
1780554493.788027,,,soc1-thermal,58.906
1780554493.788027,,,soc2-thermal,59.812
1780554493.788027,,,tj-thermal,61.968
1780554493.8937416,VDD_IN,8698.56,,
1780554493.8937416,VDD_CPU_GPU_CV,3452.416,,
1780554493.8937416,VDD_SOC,1968.0,,
1780554493.8937416,,,cpu-thermal,61.218
1780554493.8937416,,,gpu-thermal,62.062
1780554493.8937416,,,soc0-thermal,59.687
1780554493.8937416,,,soc1-thermal,59.031
1780554493.8937416,,,soc2-thermal,59.812
1780554493.8937416,,,tj-thermal,62.062
1780554493.9994326,VDD_IN,8777.28,,
1780554493.9994326,VDD_CPU_GPU_CV,3497.344,,
1780554493.9994326,VDD_SOC,1968.0,,
1780554493.9994326,,,cpu-thermal,61.437
1780554493.9994326,,,gpu-thermal,62.312
1780554493.9994326,,,soc0-thermal,59.875
1780554493.9994326,,,soc1-thermal,59.125
1780554493.9994326,,,soc2-thermal,59.812
1780554493.9994326,,,tj-thermal,62.312
1780554494.105685,VDD_IN,8737.92,,
1780554494.105685,VDD_CPU_GPU_CV,3458.048,,
1780554494.105685,VDD_SOC,1968.0,,
1780554494.105685,,,cpu-thermal,61.562
1780554494.105685,,,gpu-thermal,62.187
1780554494.105685,,,soc0-thermal,59.75
1780554494.105685,,,soc1-thermal,58.937
1780554494.105685,,,soc2-thermal,59.812
1780554494.105685,,,tj-thermal,62.187
1780554494.2114437,VDD_IN,8698.56,,
1780554494.2114437,VDD_CPU_GPU_CV,3452.416,,
1780554494.2114437,VDD_SOC,1968.0,,
1780554494.2114437,,,cpu-thermal,61.25
1780554494.2114437,,,gpu-thermal,62.062
1780554494.2114437,,,soc0-thermal,59.656
1780554494.2114437,,,soc1-thermal,59.093
1780554494.2114437,,,soc2-thermal,59.937
1780554494.2114437,,,tj-thermal,62.062
1780554494.3172941,VDD_IN,8659.2,,
1780554494.3172941,VDD_CPU_GPU_CV,3452.416,,
1780554494.3172941,VDD_SOC,1964.8,,
1780554494.3172941,,,cpu-thermal,61.437
1780554494.3172941,,,gpu-thermal,62.25
1780554494.3172941,,,soc0-thermal,59.718
1780554494.3172941,,,soc1-thermal,59.156
1780554494.3172941,,,soc2-thermal,59.843
1780554494.3172941,,,tj-thermal,61.968
1780554494.4233246,VDD_IN,8619.84,,
1780554494.4233246,VDD_CPU_GPU_CV,3413.184,,
1780554494.4233246,VDD_SOC,1925.504,,
1780554494.4233246,,,cpu-thermal,61.437
1780554494.4233246,,,gpu-thermal,62.125
1780554494.4233246,,,soc0-thermal,59.812
1780554494.4233246,,,soc1-thermal,59.0
1780554494.4233246,,,soc2-thermal,59.843
1780554494.4233246,,,tj-thermal,61.906
1780554494.5295694,VDD_IN,8619.84,,
1780554494.5295694,VDD_CPU_GPU_CV,3413.184,,
1780554494.5295694,VDD_SOC,1925.504,,
1780554494.5295694,,,cpu-thermal,61.593
1780554494.5295694,,,gpu-thermal,62.156
1780554494.5295694,,,soc0-thermal,59.687
1780554494.5295694,,,soc1-thermal,58.937
1780554494.5295694,,,soc2-thermal,59.812
1780554494.5295694,,,tj-thermal,62.406
1780554494.6352327,VDD_IN,8619.84,,
1780554494.6352327,VDD_CPU_GPU_CV,3413.184,,
1780554494.6352327,VDD_SOC,1925.504,,
1780554494.6352327,,,cpu-thermal,61.375
1780554494.6352327,,,gpu-thermal,61.968
1780554494.6352327,,,soc0-thermal,59.781
1780554494.6352327,,,soc1-thermal,59.187
1780554494.6352327,,,soc2-thermal,59.843
1780554494.6352327,,,tj-thermal,61.968
1780554494.7412224,VDD_IN,8580.48,,
1780554494.7412224,VDD_CPU_GPU_CV,3413.184,,
1780554494.7412224,VDD_SOC,1925.504,,
1780554494.7412224,,,cpu-thermal,61.437
1780554494.7412224,,,gpu-thermal,61.937
1780554494.7412224,,,soc0-thermal,59.843
1780554494.7412224,,,soc1-thermal,58.906
1780554494.7412224,,,soc2-thermal,59.937
1780554494.7412224,,,tj-thermal,61.937
1780554494.847786,VDD_IN,8659.2,,
1780554494.847786,VDD_CPU_GPU_CV,3452.416,,
1780554494.847786,VDD_SOC,1968.0,,
1780554494.847786,,,cpu-thermal,61.343
1780554494.847786,,,gpu-thermal,62.375
1780554494.847786,,,soc0-thermal,59.75
1780554494.847786,,,soc1-thermal,58.906
1780554494.847786,,,soc2-thermal,59.812
1780554494.847786,,,tj-thermal,62.375
1780554494.9539268,VDD_IN,8737.92,,
1780554494.9539268,VDD_CPU_GPU_CV,3497.344,,
1780554494.9539268,VDD_SOC,1968.0,,
1780554494.9539268,,,cpu-thermal,61.281
1780554494.9539268,,,gpu-thermal,62.343
1780554494.9539268,,,soc0-thermal,59.687
1780554494.9539268,,,soc1-thermal,59.156
1780554494.9539268,,,soc2-thermal,59.937
1780554494.9539268,,,tj-thermal,62.343
1780554495.0600953,VDD_IN,8737.92,,
1780554495.0600953,VDD_CPU_GPU_CV,3497.344,,
1780554495.0600953,VDD_SOC,1968.0,,
1780554495.0600953,,,cpu-thermal,61.437
1780554495.0600953,,,gpu-thermal,62.187
1780554495.0600953,,,soc0-thermal,59.875
1780554495.0600953,,,soc1-thermal,59.031
1780554495.0600953,,,soc2-thermal,59.906
1780554495.0600953,,,tj-thermal,62.187
1780554495.1665397,VDD_IN,8698.56,,
1780554495.1665397,VDD_CPU_GPU_CV,3452.416,,
1780554495.1665397,VDD_SOC,1968.0,,
1780554495.1665397,,,cpu-thermal,61.312
1780554495.1665397,,,gpu-thermal,62.187
1780554495.1665397,,,soc0-thermal,59.812
1780554495.1665397,,,soc1-thermal,59.0
1780554495.1665397,,,soc2-thermal,59.937
1780554495.1665397,,,tj-thermal,62.187
1780554495.272434,VDD_IN,8659.2,,
1780554495.272434,VDD_CPU_GPU_CV,3413.184,,
1780554495.272434,VDD_SOC,1968.0,,
1780554495.272434,,,cpu-thermal,61.312
1780554495.272434,,,gpu-thermal,61.968
1780554495.272434,,,soc0-thermal,59.812
1780554495.272434,,,soc1-thermal,59.156
1780554495.272434,,,soc2-thermal,59.875
1780554495.272434,,,tj-thermal,61.968
1780554495.3783114,VDD_IN,8619.84,,
1780554495.3783114,VDD_CPU_GPU_CV,3413.184,,
1780554495.3783114,VDD_SOC,1968.0,,
1780554495.3783114,,,cpu-thermal,61.531
1780554495.3783114,,,gpu-thermal,62.562
1780554495.3783114,,,soc0-thermal,59.906
1780554495.3783114,,,soc1-thermal,59.187
1780554495.3783114,,,soc2-thermal,59.937
1780554495.3783114,,,tj-thermal,62.562
1780554495.48434,VDD_IN,8619.84,,
1780554495.48434,VDD_CPU_GPU_CV,3452.416,,
1780554495.48434,VDD_SOC,1968.0,,
1780554495.48434,,,cpu-thermal,61.656
1780554495.48434,,,gpu-thermal,62.375
1780554495.48434,,,soc0-thermal,59.843
1780554495.48434,,,soc1-thermal,59.031
1780554495.48434,,,soc2-thermal,60.093
1780554495.48434,,,tj-thermal,62.375
1780554495.5898638,VDD_IN,8580.48,,
1780554495.5898638,VDD_CPU_GPU_CV,3413.184,,
1780554495.5898638,VDD_SOC,1925.504,,
1780554495.5898638,,,cpu-thermal,61.718
1780554495.5898638,,,gpu-thermal,62.062
1780554495.5898638,,,soc0-thermal,59.812
1780554495.5898638,,,soc1-thermal,59.125
1780554495.5898638,,,soc2-thermal,59.937
1780554495.5898638,,,tj-thermal,62.25
1780554495.6954393,VDD_IN,8580.48,,
1780554495.6954393,VDD_CPU_GPU_CV,3413.184,,
1780554495.6954393,VDD_SOC,1925.504,,
1780554495.6954393,,,cpu-thermal,61.656
1780554495.6954393,,,gpu-thermal,62.468
1780554495.6954393,,,soc0-thermal,59.906
1780554495.6954393,,,soc1-thermal,59.125
1780554495.6954393,,,soc2-thermal,59.906
1780554495.6954393,,,tj-thermal,62.468
1780554495.8013644,VDD_IN,8580.48,,
1780554495.8013644,VDD_CPU_GPU_CV,3413.184,,
1780554495.8013644,VDD_SOC,1925.504,,
1780554495.8013644,,,cpu-thermal,61.5
1780554495.8013644,,,gpu-thermal,62.375
1780554495.8013644,,,soc0-thermal,59.968
1780554495.8013644,,,soc1-thermal,59.0
1780554495.8013644,,,soc2-thermal,59.937
1780554495.8013644,,,tj-thermal,62.375
1780554495.9073198,VDD_IN,8659.2,,
1780554495.9073198,VDD_CPU_GPU_CV,3452.416,,
1780554495.9073198,VDD_SOC,1968.0,,
1780554495.9073198,,,cpu-thermal,61.656
1780554495.9073198,,,gpu-thermal,62.281
1780554495.9073198,,,soc0-thermal,59.843
1780554495.9073198,,,soc1-thermal,59.031
1780554495.9073198,,,soc2-thermal,59.906
1780554495.9073198,,,tj-thermal,62.281
1780554496.0126615,VDD_IN,8777.28,,
1780554496.0126615,VDD_CPU_GPU_CV,3497.344,,
1780554496.0126615,VDD_SOC,1968.0,,
1780554496.0126615,,,cpu-thermal,61.375
1780554496.0126615,,,gpu-thermal,62.281
1780554496.0126615,,,soc0-thermal,59.875
1780554496.0126615,,,soc1-thermal,59.218
1780554496.0126615,,,soc2-thermal,60.0
1780554496.0126615,,,tj-thermal,62.281
1780554496.1182675,VDD_IN,8698.56,,
1780554496.1182675,VDD_CPU_GPU_CV,3458.048,,
1780554496.1182675,VDD_SOC,1968.0,,
1780554496.1182675,,,cpu-thermal,61.468
1780554496.1182675,,,gpu-thermal,62.437
1780554496.1182675,,,soc0-thermal,59.906
1780554496.1182675,,,soc1-thermal,59.156
1780554496.1182675,,,soc2-thermal,60.031
1780554496.1182675,,,tj-thermal,62.218
1780554496.2238288,VDD_IN,8659.2,,
1780554496.2238288,VDD_CPU_GPU_CV,3452.416,,
1780554496.2238288,VDD_SOC,1968.0,,
1780554496.2238288,,,cpu-thermal,61.562
1780554496.2238288,,,gpu-thermal,62.281
1780554496.2238288,,,soc0-thermal,60.0
1780554496.2238288,,,soc1-thermal,59.156
1780554496.2238288,,,soc2-thermal,60.031
1780554496.2238288,,,tj-thermal,62.093
1780554496.3299384,VDD_IN,8619.84,,
1780554496.3299384,VDD_CPU_GPU_CV,3452.416,,
1780554496.3299384,VDD_SOC,1968.0,,
1780554496.3299384,,,cpu-thermal,61.5
1780554496.3299384,,,gpu-thermal,62.25
1780554496.3299384,,,soc0-thermal,59.781
1780554496.3299384,,,soc1-thermal,59.187
1780554496.3299384,,,soc2-thermal,59.968
1780554496.3299384,,,tj-thermal,62.25
1780554496.4360008,VDD_IN,8619.84,,
1780554496.4360008,VDD_CPU_GPU_CV,3413.184,,
1780554496.4360008,VDD_SOC,1925.504,,
1780554496.4360008,,,cpu-thermal,61.5
1780554496.4360008,,,gpu-thermal,62.125
1780554496.4360008,,,soc0-thermal,59.875
1780554496.4360008,,,soc1-thermal,59.343
1780554496.4360008,,,soc2-thermal,60.0
1780554496.4360008,,,tj-thermal,62.125
1780554496.5418034,VDD_IN,8580.48,,
1780554496.5418034,VDD_CPU_GPU_CV,3413.184,,
1780554496.5418034,VDD_SOC,1925.504,,
1780554496.5418034,,,cpu-thermal,61.593
1780554496.5418034,,,gpu-thermal,62.562
1780554496.5418034,,,soc0-thermal,60.031
1780554496.5418034,,,soc1-thermal,59.281
1780554496.5418034,,,soc2-thermal,60.031
1780554496.5418034,,,tj-thermal,62.562
1780554496.6476772,VDD_IN,8619.84,,
1780554496.6476772,VDD_CPU_GPU_CV,3413.184,,
1780554496.6476772,VDD_SOC,1925.504,,
1780554496.6476772,,,cpu-thermal,61.562
1780554496.6476772,,,gpu-thermal,62.406
1780554496.6476772,,,soc0-thermal,59.906
1780554496.6476772,,,soc1-thermal,59.156
1780554496.6476772,,,soc2-thermal,60.062
1780554496.6476772,,,tj-thermal,62.406
1780554496.7536614,VDD_IN,8619.84,,
1780554496.7536614,VDD_CPU_GPU_CV,3413.184,,
1780554496.7536614,VDD_SOC,1925.504,,
1780554496.7536614,,,cpu-thermal,61.5
1780554496.7536614,,,gpu-thermal,62.312
1780554496.7536614,,,soc0-thermal,59.968
1780554496.7536614,,,soc1-thermal,59.187
1780554496.7536614,,,soc2-thermal,60.031
1780554496.7536614,,,tj-thermal,62.312
1780554496.8601336,VDD_IN,8659.2,,
1780554496.8601336,VDD_CPU_GPU_CV,3452.416,,
1780554496.8601336,VDD_SOC,1968.0,,
1780554496.8601336,,,cpu-thermal,61.5
1780554496.8601336,,,gpu-thermal,62.406
1780554496.8601336,,,soc0-thermal,59.906
1780554496.8601336,,,soc1-thermal,59.25
1780554496.8601336,,,soc2-thermal,60.062
1780554496.8601336,,,tj-thermal,62.406
1780554496.965606,VDD_IN,8737.92,,
1780554496.965606,VDD_CPU_GPU_CV,3497.344,,
1780554496.965606,VDD_SOC,1968.0,,
1780554496.965606,,,cpu-thermal,61.75
1780554496.965606,,,gpu-thermal,62.437
1780554496.965606,,,soc0-thermal,59.968
1780554496.965606,,,soc1-thermal,59.156
1780554496.965606,,,soc2-thermal,60.062
1780554496.965606,,,tj-thermal,62.375
1780554497.071006,VDD_IN,8737.92,,
1780554497.071006,VDD_CPU_GPU_CV,3497.344,,
1780554497.071006,VDD_SOC,1968.0,,
1780554497.071006,,,cpu-thermal,61.468
1780554497.071006,,,gpu-thermal,62.375
1780554497.071006,,,soc0-thermal,59.937
1780554497.071006,,,soc1-thermal,59.187
1780554497.071006,,,soc2-thermal,60.031
1780554497.071006,,,tj-thermal,62.375
1780554497.1763256,VDD_IN,8698.56,,
1780554497.1763256,VDD_CPU_GPU_CV,3452.416,,
1780554497.1763256,VDD_SOC,1968.0,,
1780554497.1763256,,,cpu-thermal,61.5
1780554497.1763256,,,gpu-thermal,62.312
1780554497.1763256,,,soc0-thermal,59.906
1780554497.1763256,,,soc1-thermal,59.343
1780554497.1763256,,,soc2-thermal,60.0
1780554497.1763256,,,tj-thermal,62.312
1780554497.282402,VDD_IN,8698.56,,
1780554497.282402,VDD_CPU_GPU_CV,3452.416,,
1780554497.282402,VDD_SOC,1968.0,,
1780554497.282402,,,cpu-thermal,61.687
1780554497.282402,,,gpu-thermal,62.343
1780554497.282402,,,soc0-thermal,60.0
1780554497.282402,,,soc1-thermal,59.375
1780554497.282402,,,soc2-thermal,60.093
1780554497.282402,,,tj-thermal,62.343
1780554497.3883824,VDD_IN,8619.84,,
1780554497.3883824,VDD_CPU_GPU_CV,3413.184,,
1780554497.3883824,VDD_SOC,1968.0,,
1780554497.3883824,,,cpu-thermal,61.875
1780554497.3883824,,,gpu-thermal,62.25
1780554497.3883824,,,soc0-thermal,59.906
1780554497.3883824,,,soc1-thermal,59.187
1780554497.3883824,,,soc2-thermal,60.031
1780554497.3883824,,,tj-thermal,62.25
1780554497.4938643,VDD_IN,8541.12,,
1780554497.4938643,VDD_CPU_GPU_CV,3334.72,,
1780554497.4938643,VDD_SOC,1928.64,,
1780554497.4938643,,,cpu-thermal,62.0
1780554497.4938643,,,gpu-thermal,62.375
1780554497.4938643,,,soc0-thermal,59.968
1780554497.4938643,,,soc1-thermal,59.281
1780554497.4938643,,,soc2-thermal,60.062
1780554497.4938643,,,tj-thermal,62.562
1780554497.5998704,VDD_IN,8462.4,,
1780554497.5998704,VDD_CPU_GPU_CV,3295.488,,
1780554497.5998704,VDD_SOC,1928.64,,
1780554497.5998704,,,cpu-thermal,61.718
1780554497.5998704,,,gpu-thermal,62.25
1780554497.5998704,,,soc0-thermal,60.031
1780554497.5998704,,,soc1-thermal,59.312
1780554497.5998704,,,soc2-thermal,60.093
1780554497.5998704,,,tj-thermal,62.375
1780554497.70592,VDD_IN,8383.68,,
1780554497.70592,VDD_CPU_GPU_CV,3256.256,,
1780554497.70592,VDD_SOC,1928.64,,
1780554497.70592,,,cpu-thermal,61.687
1780554497.70592,,,gpu-thermal,62.687
1780554497.70592,,,soc0-thermal,60.093
1780554497.70592,,,soc1-thermal,59.281
1780554497.70592,,,soc2-thermal,60.125
1780554497.70592,,,tj-thermal,62.687
1780554497.8114343,VDD_IN,8423.04,,
1780554497.8114343,VDD_CPU_GPU_CV,3256.256,,
1780554497.8114343,VDD_SOC,1928.64,,
1780554497.8114343,,,cpu-thermal,61.75
1780554497.8114343,,,gpu-thermal,62.468
1780554497.8114343,,,soc0-thermal,59.906
1780554497.8114343,,,soc1-thermal,59.281
1780554497.8114343,,,soc2-thermal,60.125
1780554497.8114343,,,tj-thermal,62.468
1780554497.9169438,VDD_IN,8541.12,,
1780554497.9169438,VDD_CPU_GPU_CV,3340.16,,
1780554497.9169438,VDD_SOC,1928.64,,
1780554497.9169438,,,cpu-thermal,61.625
1780554497.9169438,,,gpu-thermal,62.375
1780554497.9169438,,,soc0-thermal,59.968
1780554497.9169438,,,soc1-thermal,59.281
1780554497.9169438,,,soc2-thermal,60.125
1780554497.9169438,,,tj-thermal,62.375
1780554498.0222642,VDD_IN,8659.2,,
1780554498.0222642,VDD_CPU_GPU_CV,3418.752,,
1780554498.0222642,VDD_SOC,1968.0,,
1780554498.0222642,,,cpu-thermal,61.656
1780554498.0222642,,,gpu-thermal,62.687
1780554498.0222642,,,soc0-thermal,60.031
1780554498.0222642,,,soc1-thermal,59.406
1780554498.0222642,,,soc2-thermal,60.125
1780554498.0222642,,,tj-thermal,62.5
1780554498.1279552,VDD_IN,8619.84,,
1780554498.1279552,VDD_CPU_GPU_CV,3373.952,,
1780554498.1279552,VDD_SOC,1968.0,,
1780554498.1279552,,,cpu-thermal,61.687
1780554498.1279552,,,gpu-thermal,62.562
1780554498.1279552,,,soc0-thermal,60.093
1780554498.1279552,,,soc1-thermal,59.187
1780554498.1279552,,,soc2-thermal,60.218
1780554498.1279552,,,tj-thermal,62.562
1780554498.2334251,VDD_IN,8619.84,,
1780554498.2334251,VDD_CPU_GPU_CV,3413.184,,
1780554498.2334251,VDD_SOC,1968.0,,
1780554498.2334251,,,cpu-thermal,61.531
1780554498.2334251,,,gpu-thermal,62.437
1780554498.2334251,,,soc0-thermal,60.0
1780554498.2334251,,,soc1-thermal,59.281
1780554498.2334251,,,soc2-thermal,60.062
1780554498.2334251,,,tj-thermal,62.437
1780554498.3392282,VDD_IN,8619.84,,
1780554498.3392282,VDD_CPU_GPU_CV,3413.184,,
1780554498.3392282,VDD_SOC,1968.0,,
1780554498.3392282,,,cpu-thermal,61.656
1780554498.3392282,,,gpu-thermal,62.406
1780554498.3392282,,,soc0-thermal,60.031
1780554498.3392282,,,soc1-thermal,59.312
1780554498.3392282,,,soc2-thermal,60.093
1780554498.3392282,,,tj-thermal,62.406
1780554498.4449792,VDD_IN,8580.48,,
1780554498.4449792,VDD_CPU_GPU_CV,3413.184,,
1780554498.4449792,VDD_SOC,1925.504,,
1780554498.4449792,,,cpu-thermal,61.656
1780554498.4449792,,,gpu-thermal,62.375
1780554498.4449792,,,soc0-thermal,60.062
1780554498.4449792,,,soc1-thermal,59.406
1780554498.4449792,,,soc2-thermal,60.187
1780554498.4449792,,,tj-thermal,62.375
1780554498.550427,VDD_IN,8619.84,,
1780554498.550427,VDD_CPU_GPU_CV,3413.184,,
1780554498.550427,VDD_SOC,1925.504,,
1780554498.550427,,,cpu-thermal,61.656
1780554498.550427,,,gpu-thermal,62.375
1780554498.550427,,,soc0-thermal,60.187
1780554498.550427,,,soc1-thermal,59.375
1780554498.550427,,,soc2-thermal,60.187
1780554498.550427,,,tj-thermal,62.406
1780554498.656228,VDD_IN,8619.84,,
1780554498.656228,VDD_CPU_GPU_CV,3413.184,,
1780554498.656228,VDD_SOC,1925.504,,
1780554498.656228,,,cpu-thermal,61.656
1780554498.656228,,,gpu-thermal,62.437
1780554498.656228,,,soc0-thermal,60.031
1780554498.656228,,,soc1-thermal,59.406
1780554498.656228,,,soc2-thermal,60.156
1780554498.656228,,,tj-thermal,62.593
1780554498.761878,VDD_IN,8619.84,,
1780554498.761878,VDD_CPU_GPU_CV,3413.184,,
1780554498.761878,VDD_SOC,1925.504,,
1780554498.761878,,,cpu-thermal,61.656
1780554498.761878,,,gpu-thermal,62.406
1780554498.761878,,,soc0-thermal,59.968
1780554498.761878,,,soc1-thermal,59.406
1780554498.761878,,,soc2-thermal,60.156
1780554498.761878,,,tj-thermal,62.406
1780554498.8672972,VDD_IN,8659.2,,
1780554498.8672972,VDD_CPU_GPU_CV,3452.416,,
1780554498.8672972,VDD_SOC,1968.0,,
1780554498.8672972,,,cpu-thermal,61.625
1780554498.8672972,,,gpu-thermal,62.843
1780554498.8672972,,,soc0-thermal,60.125
1780554498.8672972,,,soc1-thermal,59.531
1780554498.8672972,,,soc2-thermal,60.218
1780554498.8672972,,,tj-thermal,62.843
1780554498.9727507,VDD_IN,8777.28,,
1780554498.9727507,VDD_CPU_GPU_CV,3497.344,,
1780554498.9727507,VDD_SOC,1968.0,,
1780554498.9727507,,,cpu-thermal,61.562
1780554498.9727507,,,gpu-thermal,62.781
1780554498.9727507,,,soc0-thermal,60.031
1780554498.9727507,,,soc1-thermal,59.375
1780554498.9727507,,,soc2-thermal,60.343
1780554498.9727507,,,tj-thermal,62.781
1780554499.078186,VDD_IN,8777.28,,
1780554499.078186,VDD_CPU_GPU_CV,3491.648,,
1780554499.078186,VDD_SOC,1968.0,,
1780554499.078186,,,cpu-thermal,61.656
1780554499.078186,,,gpu-thermal,62.406
1780554499.078186,,,soc0-thermal,60.031
1780554499.078186,,,soc1-thermal,59.406
1780554499.078186,,,soc2-thermal,60.218
1780554499.078186,,,tj-thermal,62.593
1780554499.1844406,VDD_IN,8737.92,,
1780554499.1844406,VDD_CPU_GPU_CV,3452.416,,
1780554499.1844406,VDD_SOC,1968.0,,
1780554499.1844406,,,cpu-thermal,61.718
1780554499.1844406,,,gpu-thermal,62.812
1780554499.1844406,,,soc0-thermal,60.062
1780554499.1844406,,,soc1-thermal,59.437
1780554499.1844406,,,soc2-thermal,60.25
1780554499.1844406,,,tj-thermal,62.531
1780554499.2901056,VDD_IN,8659.2,,
1780554499.2901056,VDD_CPU_GPU_CV,3452.416,,
1780554499.2901056,VDD_SOC,1968.0,,
1780554499.2901056,,,cpu-thermal,62.031
1780554499.2901056,,,gpu-thermal,62.593
1780554499.2901056,,,soc0-thermal,60.125
1780554499.2901056,,,soc1-thermal,59.406
1780554499.2901056,,,soc2-thermal,60.375
1780554499.2901056,,,tj-thermal,62.593
1780554499.3955898,VDD_IN,8619.84,,
1780554499.3955898,VDD_CPU_GPU_CV,3413.184,,
1780554499.3955898,VDD_SOC,1968.0,,
1780554499.3955898,,,cpu-thermal,62.062
1780554499.3955898,,,gpu-thermal,62.531
1780554499.3955898,,,soc0-thermal,60.0
1780554499.3955898,,,soc1-thermal,59.343
1780554499.3955898,,,soc2-thermal,60.218
1780554499.3955898,,,tj-thermal,62.531
1780554499.501076,VDD_IN,8619.84,,
1780554499.501076,VDD_CPU_GPU_CV,3413.184,,
1780554499.501076,VDD_SOC,1928.64,,
1780554499.501076,,,cpu-thermal,61.718
1780554499.501076,,,gpu-thermal,62.406
1780554499.501076,,,soc0-thermal,60.125
1780554499.501076,,,soc1-thermal,59.5
1780554499.501076,,,soc2-thermal,60.312
1780554499.501076,,,tj-thermal,62.406
1780554499.6065454,VDD_IN,8580.48,,
1780554499.6065454,VDD_CPU_GPU_CV,3373.952,,
1780554499.6065454,VDD_SOC,1925.504,,
1780554499.6065454,,,cpu-thermal,61.906
1780554499.6065454,,,gpu-thermal,62.656
1780554499.6065454,,,soc0-thermal,60.187
1780554499.6065454,,,soc1-thermal,59.5
1780554499.6065454,,,soc2-thermal,60.312
1780554499.6065454,,,tj-thermal,62.468
1780554499.7121458,VDD_IN,8541.12,,
1780554499.7121458,VDD_CPU_GPU_CV,3373.952,,
1780554499.7121458,VDD_SOC,1925.504,,
1780554499.7121458,,,cpu-thermal,61.937
1780554499.7121458,,,gpu-thermal,62.562
1780554499.7121458,,,soc0-thermal,60.25
1780554499.7121458,,,soc1-thermal,59.343
1780554499.7121458,,,soc2-thermal,60.375
1780554499.7121458,,,tj-thermal,62.437
1780554499.8181758,VDD_IN,8580.48,,
1780554499.8181758,VDD_CPU_GPU_CV,3373.952,,
1780554499.8181758,VDD_SOC,1928.64,,
1780554499.8181758,,,cpu-thermal,62.062
1780554499.8181758,,,gpu-thermal,62.531
1780554499.8181758,,,soc0-thermal,60.093
1780554499.8181758,,,soc1-thermal,59.437
1780554499.8181758,,,soc2-thermal,60.218
1780554499.8181758,,,tj-thermal,62.531
1780554499.9238985,VDD_IN,8698.56,,
1780554499.9238985,VDD_CPU_GPU_CV,3452.416,,
1780554499.9238985,VDD_SOC,1968.0,,
1780554499.9238985,,,cpu-thermal,61.812
1780554499.9238985,,,gpu-thermal,62.5
1780554499.9238985,,,soc0-thermal,60.218
1780554499.9238985,,,soc1-thermal,59.437
1780554499.9238985,,,soc2-thermal,60.281
1780554499.9238985,,,tj-thermal,62.5
1780554500.0298736,VDD_IN,8737.92,,
1780554500.0298736,VDD_CPU_GPU_CV,3458.048,,
1780554500.0298736,VDD_SOC,1968.0,,
1780554500.0298736,,,cpu-thermal,61.875
1780554500.0298736,,,gpu-thermal,62.531
1780554500.0298736,,,soc0-thermal,60.25
1780554500.0298736,,,soc1-thermal,59.593
1780554500.0298736,,,soc2-thermal,60.281
1780554500.0298736,,,tj-thermal,62.531
1780554500.1355548,VDD_IN,8698.56,,
1780554500.1355548,VDD_CPU_GPU_CV,3458.048,,
1780554500.1355548,VDD_SOC,1968.0,,
1780554500.1355548,,,cpu-thermal,61.968
1780554500.1355548,,,gpu-thermal,62.687
1780554500.1355548,,,soc0-thermal,60.062
1780554500.1355548,,,soc1-thermal,59.406
1780554500.1355548,,,soc2-thermal,60.218
1780554500.1355548,,,tj-thermal,62.687
1780554500.2409313,VDD_IN,8619.84,,
1780554500.2409313,VDD_CPU_GPU_CV,3413.184,,
1780554500.2409313,VDD_SOC,1968.0,,
1780554500.2409313,,,cpu-thermal,61.843
1780554500.2409313,,,gpu-thermal,62.437
1780554500.2409313,,,soc0-thermal,60.093
1780554500.2409313,,,soc1-thermal,59.468
1780554500.2409313,,,soc2-thermal,60.312
1780554500.2409313,,,tj-thermal,62.625
1780554500.346427,VDD_IN,8619.84,,
1780554500.346427,VDD_CPU_GPU_CV,3413.184,,
1780554500.346427,VDD_SOC,1968.0,,
1780554500.346427,,,cpu-thermal,61.75
1780554500.346427,,,gpu-thermal,62.843
1780554500.346427,,,soc0-thermal,60.218
1780554500.346427,,,soc1-thermal,59.531
1780554500.346427,,,soc2-thermal,60.312
1780554500.346427,,,tj-thermal,62.843
1780554500.4523861,VDD_IN,8580.48,,
1780554500.4523861,VDD_CPU_GPU_CV,3413.184,,
1780554500.4523861,VDD_SOC,1928.64,,
1780554500.4523861,,,cpu-thermal,61.968
1780554500.4523861,,,gpu-thermal,62.75
1780554500.4523861,,,soc0-thermal,60.281
1780554500.4523861,,,soc1-thermal,59.406
1780554500.4523861,,,soc2-thermal,60.343
1780554500.4523861,,,tj-thermal,62.75
1780554500.557921,VDD_IN,8541.12,,
1780554500.557921,VDD_CPU_GPU_CV,3373.952,,
1780554500.557921,VDD_SOC,1925.504,,
1780554500.557921,,,cpu-thermal,61.968
1780554500.557921,,,gpu-thermal,62.656
1780554500.557921,,,soc0-thermal,60.125
1780554500.557921,,,soc1-thermal,59.531
1780554500.557921,,,soc2-thermal,60.312
1780554500.557921,,,tj-thermal,62.656
1780554500.663759,VDD_IN,8541.12,,
1780554500.663759,VDD_CPU_GPU_CV,3373.952,,
1780554500.663759,VDD_SOC,1925.504,,
1780554500.663759,,,cpu-thermal,61.75
1780554500.663759,,,gpu-thermal,62.562
1780554500.663759,,,soc0-thermal,60.187
1780554500.663759,,,soc1-thermal,59.531
1780554500.663759,,,soc2-thermal,60.343
1780554500.663759,,,tj-thermal,62.562
1780554500.769512,VDD_IN,8541.12,,
1780554500.769512,VDD_CPU_GPU_CV,3373.952,,
1780554500.769512,VDD_SOC,1925.504,,
1780554500.769512,,,cpu-thermal,61.875
1780554500.769512,,,gpu-thermal,62.687
1780554500.769512,,,soc0-thermal,60.312
1780554500.769512,,,soc1-thermal,59.625
1780554500.769512,,,soc2-thermal,60.468
1780554500.769512,,,tj-thermal,62.5
1780554500.8750966,VDD_IN,8619.84,,
1780554500.8750966,VDD_CPU_GPU_CV,3413.184,,
1780554500.8750966,VDD_SOC,1968.0,,
1780554500.8750966,,,cpu-thermal,61.906
1780554500.8750966,,,gpu-thermal,62.718
1780554500.8750966,,,soc0-thermal,60.375
1780554500.8750966,,,soc1-thermal,59.437
1780554500.8750966,,,soc2-thermal,60.437
1780554500.8750966,,,tj-thermal,62.593
1780554500.980774,VDD_IN,8737.92,,
1780554500.980774,VDD_CPU_GPU_CV,3452.416,,
1780554500.980774,VDD_SOC,1968.0,,
1780554500.980774,,,cpu-thermal,61.906
1780554500.980774,,,gpu-thermal,62.656
1780554500.980774,,,soc0-thermal,60.218
1780554500.980774,,,soc1-thermal,59.437
1780554500.980774,,,soc2-thermal,60.343
1780554500.980774,,,tj-thermal,62.656
1780554501.0864398,VDD_IN,8698.56,,
1780554501.0864398,VDD_CPU_GPU_CV,3452.416,,
1780554501.0864398,VDD_SOC,1968.0,,
1780554501.0864398,,,cpu-thermal,61.843
1780554501.0864398,,,gpu-thermal,62.562
1780554501.0864398,,,soc0-thermal,60.187
1780554501.0864398,,,soc1-thermal,59.5
1780554501.0864398,,,soc2-thermal,60.406
1780554501.0864398,,,tj-thermal,62.562
1780554501.1919513,VDD_IN,8659.2,,
1780554501.1919513,VDD_CPU_GPU_CV,3413.184,,
1780554501.1919513,VDD_SOC,1968.0,,
1780554501.1919513,,,cpu-thermal,61.968
1780554501.1919513,,,gpu-thermal,62.531
1780554501.1919513,,,soc0-thermal,60.281
1780554501.1919513,,,soc1-thermal,59.531
1780554501.1919513,,,soc2-thermal,60.375
1780554501.1919513,,,tj-thermal,62.531
1780554501.297577,VDD_IN,8619.84,,
1780554501.297577,VDD_CPU_GPU_CV,3413.184,,
1780554501.297577,VDD_SOC,1968.0,,
1780554501.297577,,,cpu-thermal,62.218
1780554501.297577,,,gpu-thermal,62.656
1780554501.297577,,,soc0-thermal,60.343
1780554501.297577,,,soc1-thermal,59.5
1780554501.297577,,,soc2-thermal,60.437
1780554501.297577,,,tj-thermal,62.812
1780554501.4032145,VDD_IN,8619.84,,
1780554501.4032145,VDD_CPU_GPU_CV,3413.184,,
1780554501.4032145,VDD_SOC,1968.0,,
1780554501.4032145,,,cpu-thermal,61.937
1780554501.4032145,,,gpu-thermal,62.593
1780554501.4032145,,,soc0-thermal,60.281
1780554501.4032145,,,soc1-thermal,59.562
1780554501.4032145,,,soc2-thermal,60.437
1780554501.4032145,,,tj-thermal,62.781
1780554501.50926,VDD_IN,8580.48,,
1780554501.50926,VDD_CPU_GPU_CV,3413.184,,
1780554501.50926,VDD_SOC,1925.504,,
1780554501.50926,,,cpu-thermal,61.875
1780554501.50926,,,gpu-thermal,62.937
1780554501.50926,,,soc0-thermal,60.281
1780554501.50926,,,soc1-thermal,59.656
1780554501.50926,,,soc2-thermal,60.406
1780554501.50926,,,tj-thermal,62.937
1780554501.6149273,VDD_IN,8580.48,,
1780554501.6149273,VDD_CPU_GPU_CV,3413.184,,
1780554501.6149273,VDD_SOC,1925.504,,
1780554501.6149273,,,cpu-thermal,62.093
1780554501.6149273,,,gpu-thermal,62.843
1780554501.6149273,,,soc0-thermal,60.375
1780554501.6149273,,,soc1-thermal,59.5
1780554501.6149273,,,soc2-thermal,60.468
1780554501.6149273,,,tj-thermal,62.843
1780554501.7210484,VDD_IN,8619.84,,
1780554501.7210484,VDD_CPU_GPU_CV,3413.184,,
1780554501.7210484,VDD_SOC,1925.504,,
1780554501.7210484,,,cpu-thermal,62.218
1780554501.7210484,,,gpu-thermal,62.75
1780554501.7210484,,,soc0-thermal,60.25
1780554501.7210484,,,soc1-thermal,59.625
1780554501.7210484,,,soc2-thermal,60.406
1780554501.7210484,,,tj-thermal,62.75
1780554501.82671,VDD_IN,8619.84,,
1780554501.82671,VDD_CPU_GPU_CV,3413.184,,
1780554501.82671,VDD_SOC,1964.8,,
1780554501.82671,,,cpu-thermal,61.875
1780554501.82671,,,gpu-thermal,62.75
1780554501.82671,,,soc0-thermal,60.281
1780554501.82671,,,soc1-thermal,59.656
1780554501.82671,,,soc2-thermal,60.437
1780554501.82671,,,tj-thermal,62.75
1780554501.9322917,VDD_IN,8737.92,,
1780554501.9322917,VDD_CPU_GPU_CV,3491.648,,
1780554501.9322917,VDD_SOC,1968.0,,
1780554501.9322917,,,cpu-thermal,62.031
1780554501.9322917,,,gpu-thermal,62.843
1780554501.9322917,,,soc0-thermal,60.312
1780554501.9322917,,,soc1-thermal,59.75
1780554501.9322917,,,soc2-thermal,60.468
1780554501.9322917,,,tj-thermal,62.687
1780554502.0379937,VDD_IN,8777.28,,
1780554502.0379937,VDD_CPU_GPU_CV,3497.344,,
1780554502.0379937,VDD_SOC,1968.0,,
1780554502.0379937,,,cpu-thermal,62.125
1780554502.0379937,,,gpu-thermal,62.781
1780554502.0379937,,,soc0-thermal,60.437
1780554502.0379937,,,soc1-thermal,59.562
1780554502.0379937,,,soc2-thermal,60.5
1780554502.0379937,,,tj-thermal,62.625
1780554502.1439369,VDD_IN,8698.56,,
1780554502.1439369,VDD_CPU_GPU_CV,3452.416,,
1780554502.1439369,VDD_SOC,1968.0,,
1780554502.1439369,,,cpu-thermal,62.156
1780554502.1439369,,,gpu-thermal,62.718
1780554502.1439369,,,soc0-thermal,60.25
1780554502.1439369,,,soc1-thermal,59.656
1780554502.1439369,,,soc2-thermal,60.437
1780554502.1439369,,,tj-thermal,62.718
1780554502.249669,VDD_IN,8698.56,,
1780554502.249669,VDD_CPU_GPU_CV,3452.416,,
1780554502.249669,VDD_SOC,1968.0,,
1780554502.249669,,,cpu-thermal,62.093
1780554502.249669,,,gpu-thermal,62.593
1780554502.249669,,,soc0-thermal,60.375
1780554502.249669,,,soc1-thermal,59.625
1780554502.249669,,,soc2-thermal,60.468
1780554502.249669,,,tj-thermal,62.593
1780554502.3560264,VDD_IN,8659.2,,
1780554502.3560264,VDD_CPU_GPU_CV,3452.416,,
1780554502.3560264,VDD_SOC,1968.0,,
1780554502.3560264,,,cpu-thermal,62.125
1780554502.3560264,,,gpu-thermal,62.562
1780554502.3560264,,,soc0-thermal,60.406
1780554502.3560264,,,soc1-thermal,59.562
1780554502.3560264,,,soc2-thermal,60.593
1780554502.3560264,,,tj-thermal,62.562
1780554502.461608,VDD_IN,8659.2,,
1780554502.461608,VDD_CPU_GPU_CV,3452.416,,
1780554502.461608,VDD_SOC,1964.8,,
1780554502.461608,,,cpu-thermal,62.031
1780554502.461608,,,gpu-thermal,62.843
1780554502.461608,,,soc0-thermal,60.281
1780554502.461608,,,soc1-thermal,59.625
1780554502.461608,,,soc2-thermal,60.437
1780554502.461608,,,tj-thermal,62.843
1780554502.5671458,VDD_IN,8659.2,,
1780554502.5671458,VDD_CPU_GPU_CV,3452.416,,
1780554502.5671458,VDD_SOC,1964.8,,
1780554502.5671458,,,cpu-thermal,62.031
1780554502.5671458,,,gpu-thermal,62.781
1780554502.5671458,,,soc0-thermal,60.375
1780554502.5671458,,,soc1-thermal,59.75
1780554502.5671458,,,soc2-thermal,60.562
1780554502.5671458,,,tj-thermal,62.781
1780554502.6729746,VDD_IN,8659.2,,
1780554502.6729746,VDD_CPU_GPU_CV,3452.416,,
1780554502.6729746,VDD_SOC,1925.504,,
1780554502.6729746,,,cpu-thermal,62.031
1780554502.6729746,,,gpu-thermal,63.031
1780554502.6729746,,,soc0-thermal,60.406
1780554502.6729746,,,soc1-thermal,59.781
1780554502.6729746,,,soc2-thermal,60.687
1780554502.6729746,,,tj-thermal,62.75
1780554502.778645,VDD_IN,8619.84,,
1780554502.778645,VDD_CPU_GPU_CV,3413.184,,
1780554502.778645,VDD_SOC,1925.504,,
1780554502.778645,,,cpu-thermal,62.0
1780554502.778645,,,gpu-thermal,62.875
1780554502.778645,,,soc0-thermal,60.5
1780554502.778645,,,soc1-thermal,59.625
1780554502.778645,,,soc2-thermal,60.593
1780554502.778645,,,tj-thermal,62.718
1780554502.8846905,VDD_IN,8698.56,,
1780554502.8846905,VDD_CPU_GPU_CV,3491.648,,
1780554502.8846905,VDD_SOC,1968.0,,
1780554502.8846905,,,cpu-thermal,61.968
1780554502.8846905,,,gpu-thermal,62.875
1780554502.8846905,,,soc0-thermal,60.375
1780554502.8846905,,,soc1-thermal,59.625
1780554502.8846905,,,soc2-thermal,60.468
1780554502.8846905,,,tj-thermal,62.875
1780554502.9901276,VDD_IN,8777.28,,
1780554502.9901276,VDD_CPU_GPU_CV,3536.64,,
1780554502.9901276,VDD_SOC,1968.0,,
1780554502.9901276,,,cpu-thermal,62.031
1780554502.9901276,,,gpu-thermal,62.843
1780554502.9901276,,,soc0-thermal,60.375
1780554502.9901276,,,soc1-thermal,59.718
1780554502.9901276,,,soc2-thermal,60.531
1780554502.9901276,,,tj-thermal,62.843
1780554503.0959432,VDD_IN,8737.92,,
1780554503.0959432,VDD_CPU_GPU_CV,3491.648,,
1780554503.0959432,VDD_SOC,1968.0,,
1780554503.0959432,,,cpu-thermal,61.937
1780554503.0959432,,,gpu-thermal,62.687
1780554503.0959432,,,soc0-thermal,60.406
1780554503.0959432,,,soc1-thermal,59.625
1780554503.0959432,,,soc2-thermal,60.531
1780554503.0959432,,,tj-thermal,62.687
1780554503.201722,VDD_IN,8737.92,,
1780554503.201722,VDD_CPU_GPU_CV,3452.416,,
1780554503.201722,VDD_SOC,1968.0,,
1780554503.201722,,,cpu-thermal,62.375
1780554503.201722,,,gpu-thermal,62.687
1780554503.201722,,,soc0-thermal,60.562
1780554503.201722,,,soc1-thermal,59.656
1780554503.201722,,,soc2-thermal,60.562
1780554503.201722,,,tj-thermal,62.687
1780554503.3075764,VDD_IN,8698.56,,
1780554503.3075764,VDD_CPU_GPU_CV,3452.416,,
1780554503.3075764,VDD_SOC,1968.0,,
1780554503.3075764,,,cpu-thermal,62.0
1780554503.3075764,,,gpu-thermal,62.781
1780554503.3075764,,,soc0-thermal,60.406
1780554503.3075764,,,soc1-thermal,59.781
1780554503.3075764,,,soc2-thermal,60.5
1780554503.3075764,,,tj-thermal,62.906
1780554503.4138625,VDD_IN,8659.2,,
1780554503.4138625,VDD_CPU_GPU_CV,3452.416,,
1780554503.4138625,VDD_SOC,1968.0,,
1780554503.4138625,,,cpu-thermal,62.25
1780554503.4138625,,,gpu-thermal,62.75
1780554503.4138625,,,soc0-thermal,60.5
1780554503.4138625,,,soc1-thermal,59.812
1780554503.4138625,,,soc2-thermal,60.656
1780554503.4138625,,,tj-thermal,62.812
1780554503.5202537,VDD_IN,8659.2,,
1780554503.5202537,VDD_CPU_GPU_CV,3452.416,,
1780554503.5202537,VDD_SOC,1964.8,,
1780554503.5202537,,,cpu-thermal,62.25
1780554503.5202537,,,gpu-thermal,62.656
1780554503.5202537,,,soc0-thermal,60.531
1780554503.5202537,,,soc1-thermal,59.593
1780554503.5202537,,,soc2-thermal,60.687
1780554503.5202537,,,tj-thermal,62.781
1780554503.6257627,VDD_IN,8619.84,,
1780554503.6257627,VDD_CPU_GPU_CV,3413.184,,
1780554503.6257627,VDD_SOC,1925.504,,
1780554503.6257627,,,cpu-thermal,62.406
1780554503.6257627,,,gpu-thermal,62.906
1780554503.6257627,,,soc0-thermal,60.406
1780554503.6257627,,,soc1-thermal,59.718
1780554503.6257627,,,soc2-thermal,60.687
1780554503.6257627,,,tj-thermal,62.906
1780554503.7314324,VDD_IN,8619.84,,
1780554503.7314324,VDD_CPU_GPU_CV,3413.184,,
1780554503.7314324,VDD_SOC,1925.504,,
1780554503.7314324,,,cpu-thermal,62.125
1780554503.7314324,,,gpu-thermal,62.875
1780554503.7314324,,,soc0-thermal,60.468
1780554503.7314324,,,soc1-thermal,59.781
1780554503.7314324,,,soc2-thermal,60.593
1780554503.7314324,,,tj-thermal,62.875
1780554503.8374963,VDD_IN,8659.2,,
1780554503.8374963,VDD_CPU_GPU_CV,3452.416,,
1780554503.8374963,VDD_SOC,1964.8,,
1780554503.8374963,,,cpu-thermal,62.125
1780554503.8374963,,,gpu-thermal,62.937
1780554503.8374963,,,soc0-thermal,60.593
1780554503.8374963,,,soc1-thermal,59.937
1780554503.8374963,,,soc2-thermal,60.625
1780554503.8374963,,,tj-thermal,62.937
1780554503.9430218,VDD_IN,8737.92,,
1780554503.9430218,VDD_CPU_GPU_CV,3491.648,,
1780554503.9430218,VDD_SOC,1968.0,,
1780554503.9430218,,,cpu-thermal,62.218
1780554503.9430218,,,gpu-thermal,62.781
1780554503.9430218,,,soc0-thermal,60.562
1780554503.9430218,,,soc1-thermal,59.625
1780554503.9430218,,,soc2-thermal,60.687
1780554503.9430218,,,tj-thermal,62.781
1780554504.0483935,VDD_IN,8777.28,,
1780554504.0483935,VDD_CPU_GPU_CV,3497.344,,
1780554504.0483935,VDD_SOC,1968.0,,
1780554504.0483935,,,cpu-thermal,62.062
1780554504.0483935,,,gpu-thermal,62.937
1780554504.0483935,,,soc0-thermal,60.468
1780554504.0483935,,,soc1-thermal,59.718
1780554504.0483935,,,soc2-thermal,60.625
1780554504.0483935,,,tj-thermal,62.75
1780554504.154264,VDD_IN,8737.92,,
1780554504.154264,VDD_CPU_GPU_CV,3458.048,,
1780554504.154264,VDD_SOC,1968.0,,
1780554504.154264,,,cpu-thermal,62.125
1780554504.154264,,,gpu-thermal,62.875
1780554504.154264,,,soc0-thermal,60.593
1780554504.154264,,,soc1-thermal,59.781
1780554504.154264,,,soc2-thermal,60.625
1780554504.154264,,,tj-thermal,62.875
1780554504.2598743,VDD_IN,8659.2,,
1780554504.2598743,VDD_CPU_GPU_CV,3452.416,,
1780554504.2598743,VDD_SOC,1968.0,,
1780554504.2598743,,,cpu-thermal,62.156
1780554504.2598743,,,gpu-thermal,62.812
1780554504.2598743,,,soc0-thermal,60.531
1780554504.2598743,,,soc1-thermal,59.781
1780554504.2598743,,,soc2-thermal,60.593
1780554504.2598743,,,tj-thermal,62.812
1780554504.3659446,VDD_IN,8659.2,,
1780554504.3659446,VDD_CPU_GPU_CV,3452.416,,
1780554504.3659446,VDD_SOC,1964.8,,
1780554504.3659446,,,cpu-thermal,62.062
1780554504.3659446,,,gpu-thermal,62.718
1780554504.3659446,,,soc0-thermal,60.5
1780554504.3659446,,,soc1-thermal,59.75
1780554504.3659446,,,soc2-thermal,60.625
1780554504.3659446,,,tj-thermal,62.718
1780554504.4718518,VDD_IN,8619.84,,
1780554504.4718518,VDD_CPU_GPU_CV,3413.184,,
1780554504.4718518,VDD_SOC,1964.8,,
1780554504.4718518,,,cpu-thermal,62.125
1780554504.4718518,,,gpu-thermal,63.0
1780554504.4718518,,,soc0-thermal,60.593
1780554504.4718518,,,soc1-thermal,59.812
1780554504.4718518,,,soc2-thermal,60.593
1780554504.4718518,,,tj-thermal,63.0
1780554504.577319,VDD_IN,8619.84,,
1780554504.577319,VDD_CPU_GPU_CV,3413.184,,
1780554504.577319,VDD_SOC,1964.8,,
1780554504.577319,,,cpu-thermal,62.156
1780554504.577319,,,gpu-thermal,62.968
1780554504.577319,,,soc0-thermal,60.562
1780554504.577319,,,soc1-thermal,59.906
1780554504.577319,,,soc2-thermal,60.687
1780554504.577319,,,tj-thermal,62.968
1780554504.6830244,VDD_IN,8619.84,,
1780554504.6830244,VDD_CPU_GPU_CV,3413.184,,
1780554504.6830244,VDD_SOC,1925.504,,
1780554504.6830244,,,cpu-thermal,62.187
1780554504.6830244,,,gpu-thermal,62.781
1780554504.6830244,,,soc0-thermal,60.718
1780554504.6830244,,,soc1-thermal,59.75
1780554504.6830244,,,soc2-thermal,60.781
1780554504.6830244,,,tj-thermal,62.875
1780554504.7887712,VDD_IN,8619.84,,
1780554504.7887712,VDD_CPU_GPU_CV,3413.184,,
1780554504.7887712,VDD_SOC,1925.504,,
1780554504.7887712,,,cpu-thermal,62.125
1780554504.7887712,,,gpu-thermal,63.156
1780554504.7887712,,,soc0-thermal,60.593
1780554504.7887712,,,soc1-thermal,59.812
1780554504.7887712,,,soc2-thermal,60.593
1780554504.7887712,,,tj-thermal,63.156
1780554504.8943772,VDD_IN,8698.56,,
1780554504.8943772,VDD_CPU_GPU_CV,3491.648,,
1780554504.8943772,VDD_SOC,1968.0,,
1780554504.8943772,,,cpu-thermal,62.125
1780554504.8943772,,,gpu-thermal,63.031
1780554504.8943772,,,soc0-thermal,60.5
1780554504.8943772,,,soc1-thermal,59.843
1780554504.8943772,,,soc2-thermal,60.656
1780554504.8943772,,,tj-thermal,63.031
1780554504.9997082,VDD_IN,8777.28,,
1780554504.9997082,VDD_CPU_GPU_CV,3497.344,,
1780554504.9997082,VDD_SOC,1968.0,,
1780554504.9997082,,,cpu-thermal,62.156
1780554504.9997082,,,gpu-thermal,63.0
1780554504.9997082,,,soc0-thermal,60.656
1780554504.9997082,,,soc1-thermal,60.0
1780554504.9997082,,,soc2-thermal,60.656
1780554504.9997082,,,tj-thermal,63.0
1780554505.1056082,VDD_IN,8737.92,,
1780554505.1056082,VDD_CPU_GPU_CV,3458.048,,
1780554505.1056082,VDD_SOC,1968.0,,
1780554505.1056082,,,cpu-thermal,62.468
1780554505.1056082,,,gpu-thermal,62.906
1780554505.1056082,,,soc0-thermal,60.562
1780554505.1056082,,,soc1-thermal,59.843
1780554505.1056082,,,soc2-thermal,60.656
1780554505.1056082,,,tj-thermal,62.906
1780554505.2120929,VDD_IN,8659.2,,
1780554505.2120929,VDD_CPU_GPU_CV,3413.184,,
1780554505.2120929,VDD_SOC,1968.0,,
1780554505.2120929,,,cpu-thermal,62.125
1780554505.2120929,,,gpu-thermal,62.75
1780554505.2120929,,,soc0-thermal,60.562
1780554505.2120929,,,soc1-thermal,59.812
1780554505.2120929,,,soc2-thermal,60.625
1780554505.2120929,,,tj-thermal,62.75
1780554505.317645,VDD_IN,8619.84,,
1780554505.317645,VDD_CPU_GPU_CV,3413.184,,
1780554505.317645,VDD_SOC,1968.0,,
1780554505.317645,,,cpu-thermal,62.312
1780554505.317645,,,gpu-thermal,62.875
1780554505.317645,,,soc0-thermal,60.625
1780554505.317645,,,soc1-thermal,59.906
1780554505.317645,,,soc2-thermal,60.718
1780554505.317645,,,tj-thermal,63.25
1780554505.4235513,VDD_IN,8659.2,,
1780554505.4235513,VDD_CPU_GPU_CV,3413.184,,
1780554505.4235513,VDD_SOC,1968.0,,
1780554505.4235513,,,cpu-thermal,62.406
1780554505.4235513,,,gpu-thermal,62.843
1780554505.4235513,,,soc0-thermal,60.687
1780554505.4235513,,,soc1-thermal,59.875
1780554505.4235513,,,soc2-thermal,60.75
1780554505.4235513,,,tj-thermal,63.125
1780554505.5292714,VDD_IN,8659.2,,
1780554505.5292714,VDD_CPU_GPU_CV,3413.184,,
1780554505.5292714,VDD_SOC,1964.8,,
1780554505.5292714,,,cpu-thermal,62.5
1780554505.5292714,,,gpu-thermal,62.968
1780554505.5292714,,,soc0-thermal,60.531
1780554505.5292714,,,soc1-thermal,59.875
1780554505.5292714,,,soc2-thermal,60.718
1780554505.5292714,,,tj-thermal,62.968
1780554505.6348572,VDD_IN,8659.2,,
1780554505.6348572,VDD_CPU_GPU_CV,3452.416,,
1780554505.6348572,VDD_SOC,1964.8,,
1780554505.6348572,,,cpu-thermal,62.281
1780554505.6348572,,,gpu-thermal,63.218
1780554505.6348572,,,soc0-thermal,60.687
1780554505.6348572,,,soc1-thermal,59.968
1780554505.6348572,,,soc2-thermal,60.75
1780554505.6348572,,,tj-thermal,63.218
1780554505.740978,VDD_IN,8659.2,,
1780554505.740978,VDD_CPU_GPU_CV,3452.416,,
1780554505.740978,VDD_SOC,1964.8,,
1780554505.740978,,,cpu-thermal,62.375
1780554505.740978,,,gpu-thermal,63.031
1780554505.740978,,,soc0-thermal,60.656
1780554505.740978,,,soc1-thermal,59.968
1780554505.740978,,,soc2-thermal,60.812
1780554505.740978,,,tj-thermal,63.031
1780554505.846631,VDD_IN,8698.56,,
1780554505.846631,VDD_CPU_GPU_CV,3452.416,,
1780554505.846631,VDD_SOC,1964.8,,
1780554505.846631,,,cpu-thermal,62.312
1780554505.846631,,,gpu-thermal,63.093
1780554505.846631,,,soc0-thermal,60.531
1780554505.846631,,,soc1-thermal,59.875
1780554505.846631,,,soc2-thermal,60.843
1780554505.846631,,,tj-thermal,63.093
1780554505.9527664,VDD_IN,8777.28,,
1780554505.9527664,VDD_CPU_GPU_CV,3497.344,,
1780554505.9527664,VDD_SOC,1968.0,,
1780554505.9527664,,,cpu-thermal,62.187
1780554505.9527664,,,gpu-thermal,63.0
1780554505.9527664,,,soc0-thermal,60.593
1780554505.9527664,,,soc1-thermal,59.875
1780554505.9527664,,,soc2-thermal,60.718
1780554505.9527664,,,tj-thermal,63.0
1780554506.0590742,VDD_IN,8777.28,,
1780554506.0590742,VDD_CPU_GPU_CV,3497.344,,
1780554506.0590742,VDD_SOC,1968.0,,
1780554506.0590742,,,cpu-thermal,62.156
1780554506.0590742,,,gpu-thermal,62.906
1780554506.0590742,,,soc0-thermal,60.625
1780554506.0590742,,,soc1-thermal,60.062
1780554506.0590742,,,soc2-thermal,60.843
1780554506.0590742,,,tj-thermal,62.906
1780554506.1650238,VDD_IN,8777.28,,
1780554506.1650238,VDD_CPU_GPU_CV,3491.648,,
1780554506.1650238,VDD_SOC,1968.0,,
1780554506.1650238,,,cpu-thermal,62.281
1780554506.1650238,,,gpu-thermal,63.062
1780554506.1650238,,,soc0-thermal,60.812
1780554506.1650238,,,soc1-thermal,59.875
1780554506.1650238,,,soc2-thermal,60.906
1780554506.1650238,,,tj-thermal,63.343
1780554506.2715864,VDD_IN,8737.92,,
1780554506.2715864,VDD_CPU_GPU_CV,3491.648,,
1780554506.2715864,VDD_SOC,1968.0,,
1780554506.2715864,,,cpu-thermal,62.218
1780554506.2715864,,,gpu-thermal,62.937
1780554506.2715864,,,soc0-thermal,60.656
1780554506.2715864,,,soc1-thermal,59.906
1780554506.2715864,,,soc2-thermal,60.875
1780554506.2715864,,,tj-thermal,63.156
1780554506.3771477,VDD_IN,8737.92,,
1780554506.3771477,VDD_CPU_GPU_CV,3491.648,,
1780554506.3771477,VDD_SOC,1964.8,,
1780554506.3771477,,,cpu-thermal,62.343
1780554506.3771477,,,gpu-thermal,62.937
1780554506.3771477,,,soc0-thermal,60.656
1780554506.3771477,,,soc1-thermal,60.0
1780554506.3771477,,,soc2-thermal,60.843
1780554506.3771477,,,tj-thermal,63.125
1780554506.4831324,VDD_IN,8698.56,,
1780554506.4831324,VDD_CPU_GPU_CV,3491.648,,
1780554506.4831324,VDD_SOC,1964.8,,
1780554506.4831324,,,cpu-thermal,62.468
1780554506.4831324,,,gpu-thermal,63.343
1780554506.4831324,,,soc0-thermal,60.843
1780554506.4831324,,,soc1-thermal,59.843
1780554506.4831324,,,soc2-thermal,60.812
1780554506.4831324,,,tj-thermal,62.968
1780554506.5894914,VDD_IN,8698.56,,
1780554506.5894914,VDD_CPU_GPU_CV,3491.648,,
1780554506.5894914,VDD_SOC,1964.8,,
1780554506.5894914,,,cpu-thermal,62.125
1780554506.5894914,,,gpu-thermal,63.218
1780554506.5894914,,,soc0-thermal,60.687
1780554506.5894914,,,soc1-thermal,59.875
1780554506.5894914,,,soc2-thermal,60.843
1780554506.5894914,,,tj-thermal,63.218
1780554506.6955743,VDD_IN,8684.416,,
1780554506.6955743,VDD_CPU_GPU_CV,3491.648,,
1780554506.6955743,VDD_SOC,1964.8,,
1780554506.6955743,,,cpu-thermal,62.25
1780554506.6955743,,,gpu-thermal,63.156
1780554506.6955743,,,soc0-thermal,60.625
1780554506.6955743,,,soc1-thermal,59.906
1780554506.6955743,,,soc2-thermal,60.875
1780554506.6955743,,,tj-thermal,63.156
1780554506.8011465,VDD_IN,8698.56,,
1780554506.8011465,VDD_CPU_GPU_CV,3452.416,,
1780554506.8011465,VDD_SOC,1964.8,,
1780554506.8011465,,,cpu-thermal,62.375
1780554506.8011465,,,gpu-thermal,63.156
1780554506.8011465,,,soc0-thermal,60.75
1780554506.8011465,,,soc1-thermal,60.031
1780554506.8011465,,,soc2-thermal,60.843
1780554506.8011465,,,tj-thermal,63.156
1780554506.9070804,VDD_IN,8777.28,,
1780554506.9070804,VDD_CPU_GPU_CV,3491.648,,
1780554506.9070804,VDD_SOC,1968.0,,
1780554506.9070804,,,cpu-thermal,62.468
1780554506.9070804,,,gpu-thermal,63.093
1780554506.9070804,,,soc0-thermal,60.875
1780554506.9070804,,,soc1-thermal,59.875
1780554506.9070804,,,soc2-thermal,60.906
1780554506.9070804,,,tj-thermal,63.093
1780554507.012748,VDD_IN,8856.0,,
1780554507.012748,VDD_CPU_GPU_CV,3530.88,,
1780554507.012748,VDD_SOC,1968.0,,
1780554507.012748,,,cpu-thermal,62.625
1780554507.012748,,,gpu-thermal,63.25
1780554507.012748,,,soc0-thermal,60.656
1780554507.012748,,,soc1-thermal,59.937
1780554507.012748,,,soc2-thermal,60.843
1780554507.012748,,,tj-thermal,63.062
1780554507.1182842,VDD_IN,8777.28,,
1780554507.1182842,VDD_CPU_GPU_CV,3491.648,,
1780554507.1182842,VDD_SOC,1968.0,,
1780554507.1182842,,,cpu-thermal,62.406
1780554507.1182842,,,gpu-thermal,63.062
1780554507.1182842,,,soc0-thermal,60.687
1780554507.1182842,,,soc1-thermal,60.0
1780554507.1182842,,,soc2-thermal,60.906
1780554507.1182842,,,tj-thermal,63.343
1780554507.2242835,VDD_IN,8737.92,,
1780554507.2242835,VDD_CPU_GPU_CV,3452.416,,
1780554507.2242835,VDD_SOC,1964.8,,
1780554507.2242835,,,cpu-thermal,62.406
1780554507.2242835,,,gpu-thermal,63.0
1780554507.2242835,,,soc0-thermal,60.843
1780554507.2242835,,,soc1-thermal,59.968
1780554507.2242835,,,soc2-thermal,60.875
1780554507.2242835,,,tj-thermal,63.125
1780554507.3304112,VDD_IN,8698.56,,
1780554507.3304112,VDD_CPU_GPU_CV,3452.416,,
1780554507.3304112,VDD_SOC,1968.0,,
1780554507.3304112,,,cpu-thermal,62.593
1780554507.3304112,,,gpu-thermal,63.375
1780554507.3304112,,,soc0-thermal,60.687
1780554507.3304112,,,soc1-thermal,60.031
1780554507.3304112,,,soc2-thermal,60.812
1780554507.3304112,,,tj-thermal,63.375
1780554507.436013,VDD_IN,8698.56,,
1780554507.436013,VDD_CPU_GPU_CV,3452.416,,
1780554507.436013,VDD_SOC,1968.0,,
1780554507.436013,,,cpu-thermal,62.375
1780554507.436013,,,gpu-thermal,63.25
1780554507.436013,,,soc0-thermal,60.718
1780554507.436013,,,soc1-thermal,60.062
1780554507.436013,,,soc2-thermal,60.875
1780554507.436013,,,tj-thermal,63.25
1780554507.5416622,VDD_IN,8659.2,,
1780554507.5416622,VDD_CPU_GPU_CV,3452.416,,
1780554507.5416622,VDD_SOC,1964.8,,
1780554507.5416622,,,cpu-thermal,62.437
1780554507.5416622,,,gpu-thermal,63.125
1780554507.5416622,,,soc0-thermal,60.75
1780554507.5416622,,,soc1-thermal,60.093
1780554507.5416622,,,soc2-thermal,60.906
1780554507.5416622,,,tj-thermal,63.125
1780554507.6471553,VDD_IN,8659.2,,
1780554507.6471553,VDD_CPU_GPU_CV,3452.416,,
1780554507.6471553,VDD_SOC,1964.8,,
1780554507.6471553,,,cpu-thermal,62.5
1780554507.6471553,,,gpu-thermal,63.375
1780554507.6471553,,,soc0-thermal,60.843
1780554507.6471553,,,soc1-thermal,60.031
1780554507.6471553,,,soc2-thermal,60.968
1780554507.6471553,,,tj-thermal,63.156
1780554507.7527654,VDD_IN,8659.2,,
1780554507.7527654,VDD_CPU_GPU_CV,3452.416,,
1780554507.7527654,VDD_SOC,1964.8,,
1780554507.7527654,,,cpu-thermal,62.406
1780554507.7527654,,,gpu-thermal,63.281
1780554507.7527654,,,soc0-thermal,60.687
1780554507.7527654,,,soc1-thermal,60.062
1780554507.7527654,,,soc2-thermal,60.875
1780554507.7527654,,,tj-thermal,63.125
1780554507.8585732,VDD_IN,8698.56,,
1780554507.8585732,VDD_CPU_GPU_CV,3452.416,,
1780554507.8585732,VDD_SOC,1964.8,,
1780554507.8585732,,,cpu-thermal,62.343
1780554507.8585732,,,gpu-thermal,63.218
1780554507.8585732,,,soc0-thermal,60.718
1780554507.8585732,,,soc1-thermal,60.062
1780554507.8585732,,,soc2-thermal,60.906
1780554507.8585732,,,tj-thermal,63.218
1780554507.9647455,VDD_IN,8777.28,,
1780554507.9647455,VDD_CPU_GPU_CV,3491.648,,
1780554507.9647455,VDD_SOC,1968.0,,
1780554507.9647455,,,cpu-thermal,62.375
1780554507.9647455,,,gpu-thermal,63.156
1780554507.9647455,,,soc0-thermal,60.875
1780554507.9647455,,,soc1-thermal,60.187
1780554507.9647455,,,soc2-thermal,60.875
1780554507.9647455,,,tj-thermal,63.156
1780554508.0705914,VDD_IN,8777.28,,
1780554508.0705914,VDD_CPU_GPU_CV,3491.648,,
1780554508.0705914,VDD_SOC,1968.0,,
1780554508.0705914,,,cpu-thermal,62.312
1780554508.0705914,,,gpu-thermal,63.093
1780554508.0705914,,,soc0-thermal,60.75
1780554508.0705914,,,soc1-thermal,60.062
1780554508.0705914,,,soc2-thermal,60.906
1780554508.0705914,,,tj-thermal,63.093
1780554508.1764364,VDD_IN,8737.92,,
1780554508.1764364,VDD_CPU_GPU_CV,3491.648,,
1780554508.1764364,VDD_SOC,1968.0,,
1780554508.1764364,,,cpu-thermal,62.437
1780554508.1764364,,,gpu-thermal,63.062
1780554508.1764364,,,soc0-thermal,60.781
1780554508.1764364,,,soc1-thermal,60.093
1780554508.1764364,,,soc2-thermal,60.968
1780554508.1764364,,,tj-thermal,63.062
1780554508.2821424,VDD_IN,8698.56,,
1780554508.2821424,VDD_CPU_GPU_CV,3452.416,,
1780554508.2821424,VDD_SOC,1968.0,,
1780554508.2821424,,,cpu-thermal,62.406
1780554508.2821424,,,gpu-thermal,63.343
1780554508.2821424,,,soc0-thermal,60.843
1780554508.2821424,,,soc1-thermal,60.187
1780554508.2821424,,,soc2-thermal,60.843
1780554508.2821424,,,tj-thermal,63.343
1780554508.3886576,VDD_IN,8659.2,,
1780554508.3886576,VDD_CPU_GPU_CV,3452.416,,
1780554508.3886576,VDD_SOC,1964.8,,
1780554508.3886576,,,cpu-thermal,62.687
1780554508.3886576,,,gpu-thermal,63.281
1780554508.3886576,,,soc0-thermal,60.937
1780554508.3886576,,,soc1-thermal,60.062
1780554508.3886576,,,soc2-thermal,61.062
1780554508.3886576,,,tj-thermal,63.281
1780554508.4944692,VDD_IN,8659.2,,
1780554508.4944692,VDD_CPU_GPU_CV,3452.416,,
1780554508.4944692,VDD_SOC,1964.8,,
1780554508.4944692,,,cpu-thermal,62.75
1780554508.4944692,,,gpu-thermal,63.5
1780554508.4944692,,,soc0-thermal,60.781
1780554508.4944692,,,soc1-thermal,60.062
1780554508.4944692,,,soc2-thermal,60.906
1780554508.4944692,,,tj-thermal,63.218
1780554508.6002176,VDD_IN,8659.2,,
1780554508.6002176,VDD_CPU_GPU_CV,3452.416,,
1780554508.6002176,VDD_SOC,1964.8,,
1780554508.6002176,,,cpu-thermal,62.406
1780554508.6002176,,,gpu-thermal,63.343
1780554508.6002176,,,soc0-thermal,60.781
1780554508.6002176,,,soc1-thermal,60.093
1780554508.6002176,,,soc2-thermal,60.968
1780554508.6002176,,,tj-thermal,63.218
1780554508.7066002,VDD_IN,8659.2,,
1780554508.7066002,VDD_CPU_GPU_CV,3452.416,,
1780554508.7066002,VDD_SOC,1964.8,,
1780554508.7066002,,,cpu-thermal,62.625
1780554508.7066002,,,gpu-thermal,63.218
1780554508.7066002,,,soc0-thermal,60.937
1780554508.7066002,,,soc1-thermal,60.062
1780554508.7066002,,,soc2-thermal,60.968
1780554508.7066002,,,tj-thermal,63.125
1780554508.812421,VDD_IN,8659.2,,
1780554508.812421,VDD_CPU_GPU_CV,3452.416,,
1780554508.812421,VDD_SOC,1964.8,,
1780554508.812421,,,cpu-thermal,62.562
1780554508.812421,,,gpu-thermal,63.281
1780554508.812421,,,soc0-thermal,60.75
1780554508.812421,,,soc1-thermal,60.062
1780554508.812421,,,soc2-thermal,60.968
1780554508.812421,,,tj-thermal,63.281
1780554508.9182758,VDD_IN,8737.92,,
1780554508.9182758,VDD_CPU_GPU_CV,3491.648,,
1780554508.9182758,VDD_SOC,1968.0,,
1780554508.9182758,,,cpu-thermal,62.5
1780554508.9182758,,,gpu-thermal,63.281
1780554508.9182758,,,soc0-thermal,60.875
1780554508.9182758,,,soc1-thermal,60.218
1780554508.9182758,,,soc2-thermal,60.968
1780554508.9182758,,,tj-thermal,63.281
1780554509.0244205,VDD_IN,8816.64,,
1780554509.0244205,VDD_CPU_GPU_CV,3536.64,,
1780554509.0244205,VDD_SOC,1968.0,,
1780554509.0244205,,,cpu-thermal,62.531
1780554509.0244205,,,gpu-thermal,63.218
1780554509.0244205,,,soc0-thermal,60.875
1780554509.0244205,,,soc1-thermal,60.25
1780554509.0244205,,,soc2-thermal,60.968
1780554509.0244205,,,tj-thermal,63.218
1780554509.1302612,VDD_IN,8737.92,,
1780554509.1302612,VDD_CPU_GPU_CV,3497.344,,
1780554509.1302612,VDD_SOC,1968.0,,
1780554509.1302612,,,cpu-thermal,62.593
1780554509.1302612,,,gpu-thermal,63.5
1780554509.1302612,,,soc0-thermal,60.875
1780554509.1302612,,,soc1-thermal,60.125
1780554509.1302612,,,soc2-thermal,61.062
1780554509.1302612,,,tj-thermal,63.5
1780554509.2361271,VDD_IN,8737.92,,
1780554509.2361271,VDD_CPU_GPU_CV,3497.344,,
1780554509.2361271,VDD_SOC,1968.0,,
1780554509.2361271,,,cpu-thermal,62.437
1780554509.2361271,,,gpu-thermal,63.375
1780554509.2361271,,,soc0-thermal,60.875
1780554509.2361271,,,soc1-thermal,60.125
1780554509.2361271,,,soc2-thermal,61.0
1780554509.2361271,,,tj-thermal,63.375
1780554509.3421283,VDD_IN,8698.56,,
1780554509.3421283,VDD_CPU_GPU_CV,3491.648,,
1780554509.3421283,VDD_SOC,1968.0,,
1780554509.3421283,,,cpu-thermal,62.5
1780554509.3421283,,,gpu-thermal,63.375
1780554509.3421283,,,soc0-thermal,60.937
1780554509.3421283,,,soc1-thermal,60.218
1780554509.3421283,,,soc2-thermal,61.031
1780554509.3421283,,,tj-thermal,63.375
1780554509.4480975,VDD_IN,8659.2,,
1780554509.4480975,VDD_CPU_GPU_CV,3452.416,,
1780554509.4480975,VDD_SOC,1968.0,,
1780554509.4480975,,,cpu-thermal,62.562
1780554509.4480975,,,gpu-thermal,63.468
1780554509.4480975,,,soc0-thermal,60.906
1780554509.4480975,,,soc1-thermal,60.125
1780554509.4480975,,,soc2-thermal,61.093
1780554509.4480975,,,tj-thermal,63.281
1780554509.55426,VDD_IN,8659.2,,
1780554509.55426,VDD_CPU_GPU_CV,3452.416,,
1780554509.55426,VDD_SOC,1964.8,,
1780554509.55426,,,cpu-thermal,62.531
1780554509.55426,,,gpu-thermal,63.312
1780554509.55426,,,soc0-thermal,60.843
1780554509.55426,,,soc1-thermal,60.187
1780554509.55426,,,soc2-thermal,60.968
1780554509.55426,,,tj-thermal,63.218
1780554509.6601784,VDD_IN,8659.2,,
1780554509.6601784,VDD_CPU_GPU_CV,3452.416,,
1780554509.6601784,VDD_SOC,1964.8,,
1780554509.6601784,,,cpu-thermal,62.468
1780554509.6601784,,,gpu-thermal,63.281
1780554509.6601784,,,soc0-thermal,60.875
1780554509.6601784,,,soc1-thermal,60.312
1780554509.6601784,,,soc2-thermal,61.031
1780554509.6601784,,,tj-thermal,63.281
1780554509.7658129,VDD_IN,8645.12,,
1780554509.7658129,VDD_CPU_GPU_CV,3452.416,,
1780554509.7658129,VDD_SOC,1964.8,,
1780554509.7658129,,,cpu-thermal,62.625
1780554509.7658129,,,gpu-thermal,63.25
1780554509.7658129,,,soc0-thermal,60.875
1780554509.7658129,,,soc1-thermal,60.343
1780554509.7658129,,,soc2-thermal,61.031
1780554509.7658129,,,tj-thermal,63.25
1780554509.8716154,VDD_IN,8698.56,,
1780554509.8716154,VDD_CPU_GPU_CV,3491.648,,
1780554509.8716154,VDD_SOC,1968.0,,
1780554509.8716154,,,cpu-thermal,62.812
1780554509.8716154,,,gpu-thermal,63.218
1780554509.8716154,,,soc0-thermal,60.968
1780554509.8716154,,,soc1-thermal,60.156
1780554509.8716154,,,soc2-thermal,61.156
1780554509.8716154,,,tj-thermal,63.218
1780554509.9770043,VDD_IN,8777.28,,
1780554509.9770043,VDD_CPU_GPU_CV,3530.88,,
1780554509.9770043,VDD_SOC,1968.0,,
1780554509.9770043,,,cpu-thermal,62.531
1780554509.9770043,,,gpu-thermal,63.625
1780554509.9770043,,,soc0-thermal,60.875
1780554509.9770043,,,soc1-thermal,60.25
1780554509.9770043,,,soc2-thermal,61.062
1780554509.9770043,,,tj-thermal,63.625
1780554510.0824578,VDD_IN,8737.92,,
1780554510.0824578,VDD_CPU_GPU_CV,3458.048,,
1780554510.0824578,VDD_SOC,1968.0,,
1780554510.0824578,,,cpu-thermal,62.562
1780554510.0824578,,,gpu-thermal,63.312
1780554510.0824578,,,soc0-thermal,60.937
1780554510.0824578,,,soc1-thermal,60.375
1780554510.0824578,,,soc2-thermal,61.0
1780554510.0824578,,,tj-thermal,63.468
1780554510.1884882,VDD_IN,8737.92,,
1780554510.1884882,VDD_CPU_GPU_CV,3491.648,,
1780554510.1884882,VDD_SOC,1968.0,,
1780554510.1884882,,,cpu-thermal,62.812
1780554510.1884882,,,gpu-thermal,63.218
1780554510.1884882,,,soc0-thermal,61.031
1780554510.1884882,,,soc1-thermal,60.156
1780554510.1884882,,,soc2-thermal,61.093
1780554510.1884882,,,tj-thermal,63.343
1780554510.2947922,VDD_IN,8698.56,,
1780554510.2947922,VDD_CPU_GPU_CV,3452.416,,
1780554510.2947922,VDD_SOC,1968.0,,
1780554510.2947922,,,cpu-thermal,62.75
1780554510.2947922,,,gpu-thermal,63.468
1780554510.2947922,,,soc0-thermal,60.937
1780554510.2947922,,,soc1-thermal,60.187
1780554510.2947922,,,soc2-thermal,60.968
1780554510.2947922,,,tj-thermal,63.281
1780554510.4008048,VDD_IN,8698.56,,
1780554510.4008048,VDD_CPU_GPU_CV,3491.648,,
1780554510.4008048,VDD_SOC,1964.8,,
1780554510.4008048,,,cpu-thermal,62.593
1780554510.4008048,,,gpu-thermal,63.437
1780554510.4008048,,,soc0-thermal,60.937
1780554510.4008048,,,soc1-thermal,60.25
1780554510.4008048,,,soc2-thermal,61.125
1780554510.4008048,,,tj-thermal,63.437
1780554510.5068607,VDD_IN,8698.56,,
1780554510.5068607,VDD_CPU_GPU_CV,3491.648,,
1780554510.5068607,VDD_SOC,1964.8,,
1780554510.5068607,,,cpu-thermal,62.718
1780554510.5068607,,,gpu-thermal,63.343
1780554510.5068607,,,soc0-thermal,60.968
1780554510.5068607,,,soc1-thermal,60.343
1780554510.5068607,,,soc2-thermal,61.093
1780554510.5068607,,,tj-thermal,63.343
1780554510.6125286,VDD_IN,8619.84,,
1780554510.6125286,VDD_CPU_GPU_CV,3452.416,,
1780554510.6125286,VDD_SOC,1964.8,,
1780554510.6125286,,,cpu-thermal,62.75
1780554510.6125286,,,gpu-thermal,63.343
1780554510.6125286,,,soc0-thermal,60.906
1780554510.6125286,,,soc1-thermal,60.25
1780554510.6125286,,,soc2-thermal,61.218
1780554510.6125286,,,tj-thermal,63.343
1780554510.718737,VDD_IN,8580.48,,
1780554510.718737,VDD_CPU_GPU_CV,3413.184,,
1780554510.718737,VDD_SOC,1925.504,,
1780554510.718737,,,cpu-thermal,62.656
1780554510.718737,,,gpu-thermal,63.312
1780554510.718737,,,soc0-thermal,61.031
1780554510.718737,,,soc1-thermal,60.343
1780554510.718737,,,soc2-thermal,61.062
1780554510.718737,,,tj-thermal,63.312
1780554510.8250875,VDD_IN,8619.84,,
1780554510.8250875,VDD_CPU_GPU_CV,3413.184,,
1780554510.8250875,VDD_SOC,1964.8,,
1780554510.8250875,,,cpu-thermal,62.625
1780554510.8250875,,,gpu-thermal,63.625
1780554510.8250875,,,soc0-thermal,61.031
1780554510.8250875,,,soc1-thermal,60.312
1780554510.8250875,,,soc2-thermal,61.062
1780554510.8250875,,,tj-thermal,63.625
1780554510.9306145,VDD_IN,8737.92,,
1780554510.9306145,VDD_CPU_GPU_CV,3491.648,,
1780554510.9306145,VDD_SOC,1968.0,,
1780554510.9306145,,,cpu-thermal,62.593
1780554510.9306145,,,gpu-thermal,63.312
1780554510.9306145,,,soc0-thermal,61.0
1780554510.9306145,,,soc1-thermal,60.281
1780554510.9306145,,,soc2-thermal,61.187
1780554510.9306145,,,tj-thermal,63.562
1780554511.036133,VDD_IN,8777.28,,
1780554511.036133,VDD_CPU_GPU_CV,3497.344,,
1780554511.036133,VDD_SOC,1968.0,,
1780554511.036133,,,cpu-thermal,62.593
1780554511.036133,,,gpu-thermal,63.343
1780554511.036133,,,soc0-thermal,61.0
1780554511.036133,,,soc1-thermal,60.343
1780554511.036133,,,soc2-thermal,61.187
1780554511.036133,,,tj-thermal,63.437
1780554511.1422384,VDD_IN,8698.56,,
1780554511.1422384,VDD_CPU_GPU_CV,3452.416,,
1780554511.1422384,VDD_SOC,1968.0,,
1780554511.1422384,,,cpu-thermal,62.531
1780554511.1422384,,,gpu-thermal,63.625
1780554511.1422384,,,soc0-thermal,61.0
1780554511.1422384,,,soc1-thermal,60.375
1780554511.1422384,,,soc2-thermal,61.187
1780554511.1422384,,,tj-thermal,63.343
1780554511.248257,VDD_IN,8698.56,,
1780554511.248257,VDD_CPU_GPU_CV,3452.416,,
1780554511.248257,VDD_SOC,1968.0,,
1780554511.248257,,,cpu-thermal,62.593
1780554511.248257,,,gpu-thermal,63.593
1780554511.248257,,,soc0-thermal,61.062
1780554511.248257,,,soc1-thermal,60.437
1780554511.248257,,,soc2-thermal,61.125
1780554511.248257,,,tj-thermal,63.593
1780554511.3538587,VDD_IN,8698.56,,
1780554511.3538587,VDD_CPU_GPU_CV,3452.416,,
1780554511.3538587,VDD_SOC,1964.8,,
1780554511.3538587,,,cpu-thermal,62.906
1780554511.3538587,,,gpu-thermal,63.437
1780554511.3538587,,,soc0-thermal,61.062
1780554511.3538587,,,soc1-thermal,60.281
1780554511.3538587,,,soc2-thermal,61.218
1780554511.3538587,,,tj-thermal,63.437
1780554511.459775,VDD_IN,8698.56,,
1780554511.459775,VDD_CPU_GPU_CV,3452.416,,
1780554511.459775,VDD_SOC,1964.8,,
1780554511.459775,,,cpu-thermal,62.593
1780554511.459775,,,gpu-thermal,63.406
1780554511.459775,,,soc0-thermal,60.968
1780554511.459775,,,soc1-thermal,60.343
1780554511.459775,,,soc2-thermal,61.093
1780554511.459775,,,tj-thermal,63.406
1780554511.5655062,VDD_IN,8659.2,,
1780554511.5655062,VDD_CPU_GPU_CV,3452.416,,
1780554511.5655062,VDD_SOC,1964.8,,
1780554511.5655062,,,cpu-thermal,62.531
1780554511.5655062,,,gpu-thermal,63.343
1780554511.5655062,,,soc0-thermal,61.0
1780554511.5655062,,,soc1-thermal,60.375
1780554511.5655062,,,soc2-thermal,61.187
1780554511.5655062,,,tj-thermal,63.343
1780554511.671218,VDD_IN,8698.56,,
1780554511.671218,VDD_CPU_GPU_CV,3452.416,,
1780554511.671218,VDD_SOC,1964.8,,
1780554511.671218,,,cpu-thermal,62.781
1780554511.671218,,,gpu-thermal,63.468
1780554511.671218,,,soc0-thermal,61.093
1780554511.671218,,,soc1-thermal,60.343
1780554511.671218,,,soc2-thermal,61.25
1780554511.671218,,,tj-thermal,63.718
1780554511.7770414,VDD_IN,8698.56,,
1780554511.7770414,VDD_CPU_GPU_CV,3452.416,,
1780554511.7770414,VDD_SOC,1964.8,,
1780554511.7770414,,,cpu-thermal,62.968
1780554511.7770414,,,gpu-thermal,63.406
1780554511.7770414,,,soc0-thermal,60.968
1780554511.7770414,,,soc1-thermal,60.312
1780554511.7770414,,,soc2-thermal,61.218
1780554511.7770414,,,tj-thermal,63.656
1780554511.8827324,VDD_IN,8777.28,,
1780554511.8827324,VDD_CPU_GPU_CV,3491.648,,
1780554511.8827324,VDD_SOC,1968.0,,
1780554511.8827324,,,cpu-thermal,62.593
1780554511.8827324,,,gpu-thermal,63.406
1780554511.8827324,,,soc0-thermal,61.0
1780554511.8827324,,,soc1-thermal,60.343
1780554511.8827324,,,soc2-thermal,61.187
1780554511.8827324,,,tj-thermal,63.406
1780554511.9880745,VDD_IN,8856.0,,
1780554511.9880745,VDD_CPU_GPU_CV,3536.64,,
1780554511.9880745,VDD_SOC,1968.0,,
1780554511.9880745,,,cpu-thermal,62.687
1780554511.9880745,,,gpu-thermal,63.781
1780554511.9880745,,,soc0-thermal,61.093
1780554511.9880745,,,soc1-thermal,60.375
1780554511.9880745,,,soc2-thermal,61.218
1780554511.9880745,,,tj-thermal,63.781
1780554512.0935295,VDD_IN,8777.28,,
1780554512.0935295,VDD_CPU_GPU_CV,3497.344,,
1780554512.0935295,VDD_SOC,1968.0,,
1780554512.0935295,,,cpu-thermal,62.718
1780554512.0935295,,,gpu-thermal,63.625
1780554512.0935295,,,soc0-thermal,61.156
1780554512.0935295,,,soc1-thermal,60.312
1780554512.0935295,,,soc2-thermal,61.25
1780554512.0935295,,,tj-thermal,63.625
1780554512.199371,VDD_IN,8777.28,,
1780554512.199371,VDD_CPU_GPU_CV,3491.648,,
1780554512.199371,VDD_SOC,1968.0,,
1780554512.199371,,,cpu-thermal,63.031
1780554512.199371,,,gpu-thermal,63.406
1780554512.199371,,,soc0-thermal,61.031
1780554512.199371,,,soc1-thermal,60.375
1780554512.199371,,,soc2-thermal,61.25
1780554512.199371,,,tj-thermal,63.5
1780554512.3050675,VDD_IN,8737.92,,
1780554512.3050675,VDD_CPU_GPU_CV,3491.648,,
1780554512.3050675,VDD_SOC,1968.0,,
1780554512.3050675,,,cpu-thermal,62.75
1780554512.3050675,,,gpu-thermal,63.718
1780554512.3050675,,,soc0-thermal,61.0
1780554512.3050675,,,soc1-thermal,60.375
1780554512.3050675,,,soc2-thermal,61.218
1780554512.3050675,,,tj-thermal,63.437
1780554512.4108047,VDD_IN,8737.92,,
1780554512.4108047,VDD_CPU_GPU_CV,3491.648,,
1780554512.4108047,VDD_SOC,1964.8,,
1780554512.4108047,,,cpu-thermal,62.781
1780554512.4108047,,,gpu-thermal,63.562
1780554512.4108047,,,soc0-thermal,61.125
1780554512.4108047,,,soc1-thermal,60.437
1780554512.4108047,,,soc2-thermal,61.312
1780554512.4108047,,,tj-thermal,63.562
1780554512.5163934,VDD_IN,8737.92,,
1780554512.5163934,VDD_CPU_GPU_CV,3491.648,,
1780554512.5163934,VDD_SOC,1964.8,,
1780554512.5163934,,,cpu-thermal,62.812
1780554512.5163934,,,gpu-thermal,63.531
1780554512.5163934,,,soc0-thermal,61.281
1780554512.5163934,,,soc1-thermal,60.312
1780554512.5163934,,,soc2-thermal,61.312
1780554512.5163934,,,tj-thermal,63.531
1780554512.6220336,VDD_IN,8698.56,,
1780554512.6220336,VDD_CPU_GPU_CV,3491.648,,
1780554512.6220336,VDD_SOC,1964.8,,
1780554512.6220336,,,cpu-thermal,62.718
1780554512.6220336,,,gpu-thermal,63.468
1780554512.6220336,,,soc0-thermal,61.062
1780554512.6220336,,,soc1-thermal,60.406
1780554512.6220336,,,soc2-thermal,61.312
1780554512.6220336,,,tj-thermal,63.468
1780554512.727737,VDD_IN,8698.56,,
1780554512.727737,VDD_CPU_GPU_CV,3452.416,,
1780554512.727737,VDD_SOC,1964.8,,
1780554512.727737,,,cpu-thermal,62.781
1780554512.727737,,,gpu-thermal,63.593
1780554512.727737,,,soc0-thermal,61.187
1780554512.727737,,,soc1-thermal,60.468
1780554512.727737,,,soc2-thermal,61.281
1780554512.727737,,,tj-thermal,63.468
1780554512.8333824,VDD_IN,8737.92,,
1780554512.8333824,VDD_CPU_GPU_CV,3491.648,,
1780554512.8333824,VDD_SOC,1964.8,,
1780554512.8333824,,,cpu-thermal,62.843
1780554512.8333824,,,gpu-thermal,63.593
1780554512.8333824,,,soc0-thermal,61.156
1780554512.8333824,,,soc1-thermal,60.656
1780554512.8333824,,,soc2-thermal,61.281
1780554512.8333824,,,tj-thermal,63.375
1780554512.9389856,VDD_IN,8816.64,,
1780554512.9389856,VDD_CPU_GPU_CV,3530.88,,
1780554512.9389856,VDD_SOC,1968.0,,
1780554512.9389856,,,cpu-thermal,62.781
1780554512.9389856,,,gpu-thermal,63.531
1780554512.9389856,,,soc0-thermal,61.093
1780554512.9389856,,,soc1-thermal,60.375
1780554512.9389856,,,soc2-thermal,61.375
1780554512.9389856,,,tj-thermal,63.531
1780554513.0445428,VDD_IN,8816.64,,
1780554513.0445428,VDD_CPU_GPU_CV,3497.344,,
1780554513.0445428,VDD_SOC,1968.0,,
1780554513.0445428,,,cpu-thermal,62.75
1780554513.0445428,,,gpu-thermal,63.468
1780554513.0445428,,,soc0-thermal,61.125
1780554513.0445428,,,soc1-thermal,60.437
1780554513.0445428,,,soc2-thermal,61.312
1780554513.0445428,,,tj-thermal,63.468
1780554513.1501398,VDD_IN,8777.28,,
1780554513.1501398,VDD_CPU_GPU_CV,3497.344,,
1780554513.1501398,VDD_SOC,1968.0,,
1780554513.1501398,,,cpu-thermal,62.625
1780554513.1501398,,,gpu-thermal,63.781
1780554513.1501398,,,soc0-thermal,61.281
1780554513.1501398,,,soc1-thermal,60.5
1780554513.1501398,,,soc2-thermal,61.406
1780554513.1501398,,,tj-thermal,63.781
1780554513.2567031,VDD_IN,8777.28,,
1780554513.2567031,VDD_CPU_GPU_CV,3491.648,,
1780554513.2567031,VDD_SOC,1968.0,,
1780554513.2567031,,,cpu-thermal,63.062
1780554513.2567031,,,gpu-thermal,63.75
1780554513.2567031,,,soc0-thermal,61.218
1780554513.2567031,,,soc1-thermal,60.437
1780554513.2567031,,,soc2-thermal,61.406
1780554513.2567031,,,tj-thermal,63.75
1780554513.362195,VDD_IN,8737.92,,
1780554513.362195,VDD_CPU_GPU_CV,3491.648,,
1780554513.362195,VDD_SOC,1964.8,,
1780554513.362195,,,cpu-thermal,62.812
1780554513.362195,,,gpu-thermal,63.468
1780554513.362195,,,soc0-thermal,61.187
1780554513.362195,,,soc1-thermal,60.5
1780554513.362195,,,soc2-thermal,61.312
1780554513.362195,,,tj-thermal,63.531
1780554513.4679823,VDD_IN,8737.92,,
1780554513.4679823,VDD_CPU_GPU_CV,3491.648,,
1780554513.4679823,VDD_SOC,1964.8,,
1780554513.4679823,,,cpu-thermal,62.843
1780554513.4679823,,,gpu-thermal,63.812
1780554513.4679823,,,soc0-thermal,61.156
1780554513.4679823,,,soc1-thermal,60.5
1780554513.4679823,,,soc2-thermal,61.375
1780554513.4679823,,,tj-thermal,63.531
1780554513.5744274,VDD_IN,8737.92,,
1780554513.5744274,VDD_CPU_GPU_CV,3491.648,,
1780554513.5744274,VDD_SOC,1964.8,,
1780554513.5744274,,,cpu-thermal,63.0
1780554513.5744274,,,gpu-thermal,63.687
1780554513.5744274,,,soc0-thermal,61.156
1780554513.5744274,,,soc1-thermal,60.593
1780554513.5744274,,,soc2-thermal,61.437
1780554513.5744274,,,tj-thermal,63.468
1780554513.6801898,VDD_IN,8698.56,,
1780554513.6801898,VDD_CPU_GPU_CV,3452.416,,
1780554513.6801898,VDD_SOC,1964.8,,
1780554513.6801898,,,cpu-thermal,63.093
1780554513.6801898,,,gpu-thermal,63.593
1780554513.6801898,,,soc0-thermal,61.125
1780554513.6801898,,,soc1-thermal,60.468
1780554513.6801898,,,soc2-thermal,61.343
1780554513.6801898,,,tj-thermal,63.437
1780554513.7866747,VDD_IN,8698.56,,
1780554513.7866747,VDD_CPU_GPU_CV,3452.416,,
1780554513.7866747,VDD_SOC,1964.8,,
1780554513.7866747,,,cpu-thermal,62.718
1780554513.7866747,,,gpu-thermal,63.562
1780554513.7866747,,,soc0-thermal,61.156
1780554513.7866747,,,soc1-thermal,60.5
1780554513.7866747,,,soc2-thermal,61.312
1780554513.7866747,,,tj-thermal,63.562
1780554513.8925917,VDD_IN,8777.28,,
1780554513.8925917,VDD_CPU_GPU_CV,3491.648,,
1780554513.8925917,VDD_SOC,1968.0,,
1780554513.8925917,,,cpu-thermal,62.906
1780554513.8925917,,,gpu-thermal,63.625
1780554513.8925917,,,soc0-thermal,61.218
1780554513.8925917,,,soc1-thermal,60.593
1780554513.8925917,,,soc2-thermal,61.375
1780554513.8925917,,,tj-thermal,63.625
1780554513.9979684,VDD_IN,8856.0,,
1780554513.9979684,VDD_CPU_GPU_CV,3536.64,,
1780554513.9979684,VDD_SOC,2007.36,,
1780554513.9979684,,,cpu-thermal,62.937
1780554513.9979684,,,gpu-thermal,63.562
1780554513.9979684,,,soc0-thermal,61.312
1780554513.9979684,,,soc1-thermal,60.5
1780554513.9979684,,,soc2-thermal,61.5
1780554513.9979684,,,tj-thermal,63.562
1780554514.1035743,VDD_IN,8777.28,,
1780554514.1035743,VDD_CPU_GPU_CV,3497.344,,
1780554514.1035743,VDD_SOC,1968.0,,
1780554514.1035743,,,cpu-thermal,63.093
1780554514.1035743,,,gpu-thermal,63.812
1780554514.1035743,,,soc0-thermal,61.187
1780554514.1035743,,,soc1-thermal,60.531
1780554514.1035743,,,soc2-thermal,61.375
1780554514.1035743,,,tj-thermal,63.812
1780554514.2095792,VDD_IN,8737.92,,
1780554514.2095792,VDD_CPU_GPU_CV,3491.648,,
1780554514.2095792,VDD_SOC,1968.0,,
1780554514.2095792,,,cpu-thermal,62.875
1780554514.2095792,,,gpu-thermal,63.5
1780554514.2095792,,,soc0-thermal,61.281
1780554514.2095792,,,soc1-thermal,60.593
1780554514.2095792,,,soc2-thermal,61.406
1780554514.2095792,,,tj-thermal,63.687
1780554514.3153076,VDD_IN,8737.92,,
1780554514.3153076,VDD_CPU_GPU_CV,3491.648,,
1780554514.3153076,VDD_SOC,1964.8,,
1780554514.3153076,,,cpu-thermal,62.875
1780554514.3153076,,,gpu-thermal,63.906
1780554514.3153076,,,soc0-thermal,61.281
1780554514.3153076,,,soc1-thermal,60.5
1780554514.3153076,,,soc2-thermal,61.5
1780554514.3153076,,,tj-thermal,63.625
1780554514.4210052,VDD_IN,8737.92,,
1780554514.4210052,VDD_CPU_GPU_CV,3491.648,,
1780554514.4210052,VDD_SOC,1964.8,,
1780554514.4210052,,,cpu-thermal,62.968
1780554514.4210052,,,gpu-thermal,63.812
1780554514.4210052,,,soc0-thermal,61.406
1780554514.4210052,,,soc1-thermal,60.5
1780554514.4210052,,,soc2-thermal,61.531
1780554514.4210052,,,tj-thermal,63.812
1780554514.5269399,VDD_IN,8737.92,,
1780554514.5269399,VDD_CPU_GPU_CV,3491.648,,
1780554514.5269399,VDD_SOC,1964.8,,
1780554514.5269399,,,cpu-thermal,62.906
1780554514.5269399,,,gpu-thermal,63.781
1780554514.5269399,,,soc0-thermal,61.187
1780554514.5269399,,,soc1-thermal,60.593
1780554514.5269399,,,soc2-thermal,61.406
1780554514.5269399,,,tj-thermal,63.781
1780554514.6328173,VDD_IN,8698.56,,
1780554514.6328173,VDD_CPU_GPU_CV,3491.648,,
1780554514.6328173,VDD_SOC,1964.8,,
1780554514.6328173,,,cpu-thermal,62.812
1780554514.6328173,,,gpu-thermal,63.625
1780554514.6328173,,,soc0-thermal,61.281
1780554514.6328173,,,soc1-thermal,60.656
1780554514.6328173,,,soc2-thermal,61.437
1780554514.6328173,,,tj-thermal,63.625
1780554514.7384229,VDD_IN,8684.416,,
1780554514.7384229,VDD_CPU_GPU_CV,3452.416,,
1780554514.7384229,VDD_SOC,1964.8,,
1780554514.7384229,,,cpu-thermal,62.937
1780554514.7384229,,,gpu-thermal,63.531
1780554514.7384229,,,soc0-thermal,61.343
1780554514.7384229,,,soc1-thermal,60.468
1780554514.7384229,,,soc2-thermal,61.437
1780554514.7384229,,,tj-thermal,63.531
1780554514.844287,VDD_IN,8737.92,,
1780554514.844287,VDD_CPU_GPU_CV,3491.648,,
1780554514.844287,VDD_SOC,1968.0,,
1780554514.844287,,,cpu-thermal,62.937
1780554514.844287,,,gpu-thermal,63.75
1780554514.844287,,,soc0-thermal,61.312
1780554514.844287,,,soc1-thermal,60.562
1780554514.844287,,,soc2-thermal,61.468
1780554514.844287,,,tj-thermal,63.625
1780554514.949987,VDD_IN,8816.64,,
1780554514.949987,VDD_CPU_GPU_CV,3530.88,,
1780554514.949987,VDD_SOC,1968.0,,
1780554514.949987,,,cpu-thermal,62.875
1780554514.949987,,,gpu-thermal,63.687
1780554514.949987,,,soc0-thermal,61.312
1780554514.949987,,,soc1-thermal,60.593
1780554514.949987,,,soc2-thermal,61.406
1780554514.949987,,,tj-thermal,63.968
1780554515.0554416,VDD_IN,8816.64,,
1780554515.0554416,VDD_CPU_GPU_CV,3530.88,,
1780554515.0554416,VDD_SOC,1968.0,,
1780554515.0554416,,,cpu-thermal,62.906
1780554515.0554416,,,gpu-thermal,63.656
1780554515.0554416,,,soc0-thermal,61.343
1780554515.0554416,,,soc1-thermal,60.656
1780554515.0554416,,,soc2-thermal,61.5
1780554515.0554416,,,tj-thermal,63.656
1780554515.1609335,VDD_IN,8737.92,,
1780554515.1609335,VDD_CPU_GPU_CV,3458.048,,
1780554515.1609335,VDD_SOC,1968.0,,
1780554515.1609335,,,cpu-thermal,63.25
1780554515.1609335,,,gpu-thermal,63.5
1780554515.1609335,,,soc0-thermal,61.406
1780554515.1609335,,,soc1-thermal,60.531
1780554515.1609335,,,soc2-thermal,61.5
1780554515.1609335,,,tj-thermal,63.5
1780554515.266228,VDD_IN,8659.2,,
1780554515.266228,VDD_CPU_GPU_CV,3452.416,,
1780554515.266228,VDD_SOC,1968.0,,
1780554515.266228,,,cpu-thermal,62.937
1780554515.266228,,,gpu-thermal,63.812
1780554515.266228,,,soc0-thermal,61.281
1780554515.266228,,,soc1-thermal,60.593
1780554515.266228,,,soc2-thermal,61.406
1780554515.266228,,,tj-thermal,63.812
1780554515.372062,VDD_IN,8659.2,,
1780554515.372062,VDD_CPU_GPU_CV,3413.184,,
1780554515.372062,VDD_SOC,1968.0,,
1780554515.372062,,,cpu-thermal,62.843
1780554515.372062,,,gpu-thermal,63.718
1780554515.372062,,,soc0-thermal,61.343
1780554515.372062,,,soc1-thermal,60.625
1780554515.372062,,,soc2-thermal,61.5
1780554515.372062,,,tj-thermal,63.718
1780554515.4788022,VDD_IN,8619.84,,
1780554515.4788022,VDD_CPU_GPU_CV,3373.952,,
1780554515.4788022,VDD_SOC,1968.0,,
1780554515.4788022,,,cpu-thermal,63.093
1780554515.4788022,,,gpu-thermal,64.062
1780554515.4788022,,,soc0-thermal,61.375
1780554515.4788022,,,soc1-thermal,60.531
1780554515.4788022,,,soc2-thermal,61.5
1780554515.4788022,,,tj-thermal,63.656
1780554515.5845141,VDD_IN,8619.84,,
1780554515.5845141,VDD_CPU_GPU_CV,3413.184,,
1780554515.5845141,VDD_SOC,1968.0,,
1780554515.5845141,,,cpu-thermal,63.218
1780554515.5845141,,,gpu-thermal,63.781
1780554515.5845141,,,soc0-thermal,61.281
1780554515.5845141,,,soc1-thermal,60.531
1780554515.5845141,,,soc2-thermal,61.468
1780554515.5845141,,,tj-thermal,63.625
1780554515.6904306,VDD_IN,8619.84,,
1780554515.6904306,VDD_CPU_GPU_CV,3413.184,,
1780554515.6904306,VDD_SOC,1968.0,,
1780554515.6904306,,,cpu-thermal,62.968
1780554515.6904306,,,gpu-thermal,63.75
1780554515.6904306,,,soc0-thermal,61.281
1780554515.6904306,,,soc1-thermal,60.687
1780554515.6904306,,,soc2-thermal,61.406
1780554515.6904306,,,tj-thermal,63.75
1780554515.7961981,VDD_IN,8659.2,,
1780554515.7961981,VDD_CPU_GPU_CV,3413.184,,
1780554515.7961981,VDD_SOC,1968.0,,
1780554515.7961981,,,cpu-thermal,63.062
1780554515.7961981,,,gpu-thermal,63.781
1780554515.7961981,,,soc0-thermal,61.406
1780554515.7961981,,,soc1-thermal,60.781
1780554515.7961981,,,soc2-thermal,61.5
1780554515.7961981,,,tj-thermal,63.781
1780554515.9023268,VDD_IN,8737.92,,
1780554515.9023268,VDD_CPU_GPU_CV,3497.344,,
1780554515.9023268,VDD_SOC,1968.0,,
1780554515.9023268,,,cpu-thermal,63.031
1780554515.9023268,,,gpu-thermal,63.718
1780554515.9023268,,,soc0-thermal,61.375
1780554515.9023268,,,soc1-thermal,60.5
1780554515.9023268,,,soc2-thermal,61.562
1780554515.9023268,,,tj-thermal,63.718
1780554516.008023,VDD_IN,8816.64,,
1780554516.008023,VDD_CPU_GPU_CV,3536.64,,
1780554516.008023,VDD_SOC,2007.36,,
1780554516.008023,,,cpu-thermal,63.187
1780554516.008023,,,gpu-thermal,63.656
1780554516.008023,,,soc0-thermal,61.343
1780554516.008023,,,soc1-thermal,60.656
1780554516.008023,,,soc2-thermal,61.406
1780554516.008023,,,tj-thermal,63.656
1780554516.1137395,VDD_IN,8737.92,,
1780554516.1137395,VDD_CPU_GPU_CV,3458.048,,
1780554516.1137395,VDD_SOC,1968.0,,
1780554516.1137395,,,cpu-thermal,62.968
1780554516.1137395,,,gpu-thermal,63.906
1780554516.1137395,,,soc0-thermal,61.406
1780554516.1137395,,,soc1-thermal,60.75
1780554516.1137395,,,soc2-thermal,61.593
1780554516.1137395,,,tj-thermal,63.906
1780554516.2194355,VDD_IN,8659.2,,
1780554516.2194355,VDD_CPU_GPU_CV,3418.752,,
1780554516.2194355,VDD_SOC,1968.0,,
1780554516.2194355,,,cpu-thermal,62.968
1780554516.2194355,,,gpu-thermal,63.656
1780554516.2194355,,,soc0-thermal,61.437
1780554516.2194355,,,soc1-thermal,60.687
1780554516.2194355,,,soc2-thermal,61.531
1780554516.2194355,,,tj-thermal,63.781
1780554516.3254545,VDD_IN,8619.84,,
1780554516.3254545,VDD_CPU_GPU_CV,3379.456,,
1780554516.3254545,VDD_SOC,1968.0,,
1780554516.3254545,,,cpu-thermal,63.093
1780554516.3254545,,,gpu-thermal,63.593
1780554516.3254545,,,soc0-thermal,61.593
1780554516.3254545,,,soc1-thermal,60.656
1780554516.3254545,,,soc2-thermal,61.5
1780554516.3254545,,,tj-thermal,63.781
1780554516.4310722,VDD_IN,8619.84,,
1780554516.4310722,VDD_CPU_GPU_CV,3373.952,,
1780554516.4310722,VDD_SOC,1968.0,,
1780554516.4310722,,,cpu-thermal,63.0
1780554516.4310722,,,gpu-thermal,63.968
1780554516.4310722,,,soc0-thermal,61.343
1780554516.4310722,,,soc1-thermal,60.656
1780554516.4310722,,,soc2-thermal,61.562
1780554516.4310722,,,tj-thermal,63.968
1780554516.5371249,VDD_IN,8580.48,,
1780554516.5371249,VDD_CPU_GPU_CV,3373.952,,
1780554516.5371249,VDD_SOC,1968.0,,
1780554516.5371249,,,cpu-thermal,62.937
1780554516.5371249,,,gpu-thermal,63.812
1780554516.5371249,,,soc0-thermal,61.468
1780554516.5371249,,,soc1-thermal,60.656
1780554516.5371249,,,soc2-thermal,61.531
1780554516.5371249,,,tj-thermal,63.812
1780554516.6429532,VDD_IN,8619.84,,
1780554516.6429532,VDD_CPU_GPU_CV,3373.952,,
1780554516.6429532,VDD_SOC,1968.0,,
1780554516.6429532,,,cpu-thermal,63.312
1780554516.6429532,,,gpu-thermal,63.75
1780554516.6429532,,,soc0-thermal,61.531
1780554516.6429532,,,soc1-thermal,60.625
1780554516.6429532,,,soc2-thermal,61.625
1780554516.6429532,,,tj-thermal,63.75
1780554516.7489936,VDD_IN,8580.48,,
1780554516.7489936,VDD_CPU_GPU_CV,3373.952,,
1780554516.7489936,VDD_SOC,1968.0,,
1780554516.7489936,,,cpu-thermal,62.968
1780554516.7489936,,,gpu-thermal,63.781
1780554516.7489936,,,soc0-thermal,61.343
1780554516.7489936,,,soc1-thermal,60.687
1780554516.7489936,,,soc2-thermal,61.531
1780554516.7489936,,,tj-thermal,63.781
1780554516.8549306,VDD_IN,8698.56,,
1780554516.8549306,VDD_CPU_GPU_CV,3413.184,,
1780554516.8549306,VDD_SOC,1968.0,,
1780554516.8549306,,,cpu-thermal,63.031
1780554516.8549306,,,gpu-thermal,63.781
1780554516.8549306,,,soc0-thermal,61.375
1780554516.8549306,,,soc1-thermal,60.812
1780554516.8549306,,,soc2-thermal,61.562
1780554516.8549306,,,tj-thermal,63.781
1780554516.9605072,VDD_IN,8777.28,,
1780554516.9605072,VDD_CPU_GPU_CV,3497.344,,
1780554516.9605072,VDD_SOC,2007.36,,
1780554516.9605072,,,cpu-thermal,63.218
1780554516.9605072,,,gpu-thermal,63.875
1780554516.9605072,,,soc0-thermal,61.5
1780554516.9605072,,,soc1-thermal,60.843
1780554516.9605072,,,soc2-thermal,61.531
1780554516.9605072,,,tj-thermal,64.187
1780554517.0659003,VDD_IN,8777.28,,
1780554517.0659003,VDD_CPU_GPU_CV,3458.048,,
1780554517.0659003,VDD_SOC,2007.36,,
1780554517.0659003,,,cpu-thermal,63.281
1780554517.0659003,,,gpu-thermal,63.812
1780554517.0659003,,,soc0-thermal,61.312
1780554517.0659003,,,soc1-thermal,60.656
1780554517.0659003,,,soc2-thermal,61.531
1780554517.0659003,,,tj-thermal,63.875
1780554517.1722405,VDD_IN,8777.28,,
1780554517.1722405,VDD_CPU_GPU_CV,3452.416,,
1780554517.1722405,VDD_SOC,1968.0,,
1780554517.1722405,,,cpu-thermal,63.093
1780554517.1722405,,,gpu-thermal,63.718
1780554517.1722405,,,soc0-thermal,61.375
1780554517.1722405,,,soc1-thermal,60.687
1780554517.1722405,,,soc2-thermal,61.5
1780554517.1722405,,,tj-thermal,63.718
1780554517.2782145,VDD_IN,8737.92,,
1780554517.2782145,VDD_CPU_GPU_CV,3491.648,,
1780554517.2782145,VDD_SOC,1968.0,,
1780554517.2782145,,,cpu-thermal,63.156
1780554517.2782145,,,gpu-thermal,64.031
1780554517.2782145,,,soc0-thermal,61.5
1780554517.2782145,,,soc1-thermal,60.843
1780554517.2782145,,,soc2-thermal,61.656
1780554517.2782145,,,tj-thermal,64.031
1780554517.3838966,VDD_IN,8737.92,,
1780554517.3838966,VDD_CPU_GPU_CV,3452.416,,
1780554517.3838966,VDD_SOC,1964.8,,
1780554517.3838966,,,cpu-thermal,63.125
1780554517.3838966,,,gpu-thermal,63.937
1780554517.3838966,,,soc0-thermal,61.5
1780554517.3838966,,,soc1-thermal,60.781
1780554517.3838966,,,soc2-thermal,61.625
1780554517.3838966,,,tj-thermal,63.937
1780554517.4895556,VDD_IN,8737.92,,
1780554517.4895556,VDD_CPU_GPU_CV,3452.416,,
1780554517.4895556,VDD_SOC,1964.8,,
1780554517.4895556,,,cpu-thermal,63.281
1780554517.4895556,,,gpu-thermal,63.843
1780554517.4895556,,,soc0-thermal,61.375
1780554517.4895556,,,soc1-thermal,60.718
1780554517.4895556,,,soc2-thermal,61.562
1780554517.4895556,,,tj-thermal,63.843
1780554517.5955946,VDD_IN,8684.416,,
1780554517.5955946,VDD_CPU_GPU_CV,3452.416,,
1780554517.5955946,VDD_SOC,1964.8,,
1780554517.5955946,,,cpu-thermal,63.125
1780554517.5955946,,,gpu-thermal,63.75
1780554517.5955946,,,soc0-thermal,61.5
1780554517.5955946,,,soc1-thermal,60.781
1780554517.5955946,,,soc2-thermal,61.625
1780554517.5955946,,,tj-thermal,63.75
1780554517.7013319,VDD_IN,8723.712,,
1780554517.7013319,VDD_CPU_GPU_CV,3452.416,,
1780554517.7013319,VDD_SOC,1964.8,,
1780554517.7013319,,,cpu-thermal,63.25
1780554517.7013319,,,gpu-thermal,63.906
1780554517.7013319,,,soc0-thermal,61.562
1780554517.7013319,,,soc1-thermal,60.843
1780554517.7013319,,,soc2-thermal,61.593
1780554517.7013319,,,tj-thermal,63.75
1780554517.80706,VDD_IN,8737.92,,
1780554517.80706,VDD_CPU_GPU_CV,3491.648,,
1780554517.80706,VDD_SOC,1964.8,,
1780554517.80706,,,cpu-thermal,63.25
1780554517.80706,,,gpu-thermal,63.906
1780554517.80706,,,soc0-thermal,61.468
1780554517.80706,,,soc1-thermal,60.812
1780554517.80706,,,soc2-thermal,61.687
1780554517.80706,,,tj-thermal,64.187
1780554517.9129648,VDD_IN,8816.64,,
1780554517.9129648,VDD_CPU_GPU_CV,3491.648,,
1780554517.9129648,VDD_SOC,1968.0,,
1780554517.9129648,,,cpu-thermal,63.0
1780554517.9129648,,,gpu-thermal,63.843
1780554517.9129648,,,soc0-thermal,61.531
1780554517.9129648,,,soc1-thermal,60.781
1780554517.9129648,,,soc2-thermal,61.593
1780554517.9129648,,,tj-thermal,63.843
1780554518.0185328,VDD_IN,8856.0,,
1780554518.0185328,VDD_CPU_GPU_CV,3530.88,,
1780554518.0185328,VDD_SOC,2007.36,,
1780554518.0185328,,,cpu-thermal,63.156
1780554518.0185328,,,gpu-thermal,63.843
1780554518.0185328,,,soc0-thermal,61.5
1780554518.0185328,,,soc1-thermal,60.875
1780554518.0185328,,,soc2-thermal,61.593
1780554518.0185328,,,tj-thermal,63.843
1780554518.124469,VDD_IN,8777.28,,
1780554518.124469,VDD_CPU_GPU_CV,3491.648,,
1780554518.124469,VDD_SOC,1968.0,,
1780554518.124469,,,cpu-thermal,63.125
1780554518.124469,,,gpu-thermal,64.187
1780554518.124469,,,soc0-thermal,61.593
1780554518.124469,,,soc1-thermal,60.75
1780554518.124469,,,soc2-thermal,61.718
1780554518.124469,,,tj-thermal,64.187
1780554518.2302868,VDD_IN,8737.92,,
1780554518.2302868,VDD_CPU_GPU_CV,3452.416,,
1780554518.2302868,VDD_SOC,1968.0,,
1780554518.2302868,,,cpu-thermal,63.093
1780554518.2302868,,,gpu-thermal,64.031
1780554518.2302868,,,soc0-thermal,61.437
1780554518.2302868,,,soc1-thermal,60.781
1780554518.2302868,,,soc2-thermal,61.625
1780554518.2302868,,,tj-thermal,64.031
1780554518.3359003,VDD_IN,8698.56,,
1780554518.3359003,VDD_CPU_GPU_CV,3413.184,,
1780554518.3359003,VDD_SOC,1968.0,,
1780554518.3359003,,,cpu-thermal,63.093
1780554518.3359003,,,gpu-thermal,63.812
1780554518.3359003,,,soc0-thermal,61.468
1780554518.3359003,,,soc1-thermal,60.843
1780554518.3359003,,,soc2-thermal,61.718
1780554518.3359003,,,tj-thermal,64.0
1780554518.4420037,VDD_IN,8659.2,,
1780554518.4420037,VDD_CPU_GPU_CV,3413.184,,
1780554518.4420037,VDD_SOC,1964.8,,
1780554518.4420037,,,cpu-thermal,63.125
1780554518.4420037,,,gpu-thermal,64.156
1780554518.4420037,,,soc0-thermal,61.625
1780554518.4420037,,,soc1-thermal,60.875
1780554518.4420037,,,soc2-thermal,61.687
1780554518.4420037,,,tj-thermal,63.843
1780554518.547616,VDD_IN,8619.84,,
1780554518.547616,VDD_CPU_GPU_CV,3373.952,,
1780554518.547616,VDD_SOC,1964.8,,
1780554518.547616,,,cpu-thermal,63.406
1780554518.547616,,,gpu-thermal,63.968
1780554518.547616,,,soc0-thermal,61.656
1780554518.547616,,,soc1-thermal,60.812
1780554518.547616,,,soc2-thermal,61.687
1780554518.547616,,,tj-thermal,63.968
1780554518.6533568,VDD_IN,8659.2,,
1780554518.6533568,VDD_CPU_GPU_CV,3413.184,,
1780554518.6533568,VDD_SOC,1964.8,,
1780554518.6533568,,,cpu-thermal,63.156
1780554518.6533568,,,gpu-thermal,63.937
1780554518.6533568,,,soc0-thermal,61.593
1780554518.6533568,,,soc1-thermal,60.812
1780554518.6533568,,,soc2-thermal,61.718
1780554518.6533568,,,tj-thermal,63.937
1780554518.759617,VDD_IN,8659.2,,
1780554518.759617,VDD_CPU_GPU_CV,3413.184,,
1780554518.759617,VDD_SOC,1964.8,,
1780554518.759617,,,cpu-thermal,63.187
1780554518.759617,,,gpu-thermal,63.812
1780554518.759617,,,soc0-thermal,61.531
1780554518.759617,,,soc1-thermal,60.875
1780554518.759617,,,soc2-thermal,61.718
1780554518.759617,,,tj-thermal,63.812
1780554518.8654215,VDD_IN,8737.92,,
1780554518.8654215,VDD_CPU_GPU_CV,3452.416,,
1780554518.8654215,VDD_SOC,1964.8,,
1780554518.8654215,,,cpu-thermal,63.25
1780554518.8654215,,,gpu-thermal,63.843
1780554518.8654215,,,soc0-thermal,61.593
1780554518.8654215,,,soc1-thermal,60.812
1780554518.8654215,,,soc2-thermal,61.75
1780554518.8654215,,,tj-thermal,63.843
1780554518.9712079,VDD_IN,8816.64,,
1780554518.9712079,VDD_CPU_GPU_CV,3497.344,,
1780554518.9712079,VDD_SOC,2007.36,,
1780554518.9712079,,,cpu-thermal,63.437
1780554518.9712079,,,gpu-thermal,64.312
1780554518.9712079,,,soc0-thermal,61.562
1780554518.9712079,,,soc1-thermal,60.843
1780554518.9712079,,,soc2-thermal,61.718
1780554518.9712079,,,tj-thermal,64.312
1780554519.077257,VDD_IN,8777.28,,
1780554519.077257,VDD_CPU_GPU_CV,3497.344,,
1780554519.077257,VDD_SOC,1968.0,,
1780554519.077257,,,cpu-thermal,63.218
1780554519.077257,,,gpu-thermal,63.812
1780554519.077257,,,soc0-thermal,61.531
1780554519.077257,,,soc1-thermal,60.906
1780554519.077257,,,soc2-thermal,61.781
1780554519.077257,,,tj-thermal,64.125
1780554519.1832597,VDD_IN,8698.56,,
1780554519.1832597,VDD_CPU_GPU_CV,3418.752,,
1780554519.1832597,VDD_SOC,1968.0,,
1780554519.1832597,,,cpu-thermal,63.375
1780554519.1832597,,,gpu-thermal,63.812
1780554519.1832597,,,soc0-thermal,61.625
1780554519.1832597,,,soc1-thermal,61.0
1780554519.1832597,,,soc2-thermal,61.718
1780554519.1832597,,,tj-thermal,64.031
1780554519.2894778,VDD_IN,8659.2,,
1780554519.2894778,VDD_CPU_GPU_CV,3418.752,,
1780554519.2894778,VDD_SOC,1968.0,,
1780554519.2894778,,,cpu-thermal,63.375
1780554519.2894778,,,gpu-thermal,64.187
1780554519.2894778,,,soc0-thermal,61.531
1780554519.2894778,,,soc1-thermal,60.843
1780554519.2894778,,,soc2-thermal,61.812
1780554519.2894778,,,tj-thermal,63.937
1780554519.3951807,VDD_IN,8659.2,,
1780554519.3951807,VDD_CPU_GPU_CV,3413.184,,
1780554519.3951807,VDD_SOC,1968.0,,
1780554519.3951807,,,cpu-thermal,63.25
1780554519.3951807,,,gpu-thermal,64.031
1780554519.3951807,,,soc0-thermal,61.593
1780554519.3951807,,,soc1-thermal,60.843
1780554519.3951807,,,soc2-thermal,61.75
1780554519.3951807,,,tj-thermal,64.031
1780554519.5010462,VDD_IN,8659.2,,
1780554519.5010462,VDD_CPU_GPU_CV,3413.184,,
1780554519.5010462,VDD_SOC,1964.8,,
1780554519.5010462,,,cpu-thermal,63.281
1780554519.5010462,,,gpu-thermal,64.0
1780554519.5010462,,,soc0-thermal,61.625
1780554519.5010462,,,soc1-thermal,60.968
1780554519.5010462,,,soc2-thermal,61.718
1780554519.5010462,,,tj-thermal,64.0
1780554519.60677,VDD_IN,8698.56,,
1780554519.60677,VDD_CPU_GPU_CV,3413.184,,
1780554519.60677,VDD_SOC,1964.8,,
1780554519.60677,,,cpu-thermal,63.343
1780554519.60677,,,gpu-thermal,63.968
1780554519.60677,,,soc0-thermal,61.718
1780554519.60677,,,soc1-thermal,60.812
1780554519.60677,,,soc2-thermal,61.812
1780554519.60677,,,tj-thermal,63.968
1780554519.7126615,VDD_IN,8659.2,,
1780554519.7126615,VDD_CPU_GPU_CV,3452.416,,
1780554519.7126615,VDD_SOC,1964.8,,
1780554519.7126615,,,cpu-thermal,63.312
1780554519.7126615,,,gpu-thermal,63.968
1780554519.7126615,,,soc0-thermal,61.625
1780554519.7126615,,,soc1-thermal,60.843
1780554519.7126615,,,soc2-thermal,61.75
1780554519.7126615,,,tj-thermal,63.968
1780554519.818311,VDD_IN,8698.56,,
1780554519.818311,VDD_CPU_GPU_CV,3452.416,,
1780554519.818311,VDD_SOC,1964.8,,
1780554519.818311,,,cpu-thermal,63.312
1780554519.818311,,,gpu-thermal,64.125
1780554519.818311,,,soc0-thermal,61.562
1780554519.818311,,,soc1-thermal,60.843
1780554519.818311,,,soc2-thermal,61.75
1780554519.818311,,,tj-thermal,63.968
1780554519.923881,VDD_IN,8777.28,,
1780554519.923881,VDD_CPU_GPU_CV,3491.648,,
1780554519.923881,VDD_SOC,1968.0,,
1780554519.923881,,,cpu-thermal,63.25
1780554519.923881,,,gpu-thermal,64.031
1780554519.923881,,,soc0-thermal,61.656
1780554519.923881,,,soc1-thermal,61.062
1780554519.923881,,,soc2-thermal,61.75
1780554519.923881,,,tj-thermal,64.281
1780554520.0294514,VDD_IN,8816.64,,
1780554520.0294514,VDD_CPU_GPU_CV,3536.64,,
1780554520.0294514,VDD_SOC,1968.0,,
1780554520.0294514,,,cpu-thermal,63.125
1780554520.0294514,,,gpu-thermal,64.062
1780554520.0294514,,,soc0-thermal,61.625
1780554520.0294514,,,soc1-thermal,60.843
1780554520.0294514,,,soc2-thermal,61.843
1780554520.0294514,,,tj-thermal,64.062
1780554520.1351297,VDD_IN,8777.28,,
1780554520.1351297,VDD_CPU_GPU_CV,3491.648,,
1780554520.1351297,VDD_SOC,1968.0,,
1780554520.1351297,,,cpu-thermal,63.187
1780554520.1351297,,,gpu-thermal,64.312
1780554520.1351297,,,soc0-thermal,61.625
1780554520.1351297,,,soc1-thermal,60.906
1780554520.1351297,,,soc2-thermal,61.843
1780554520.1351297,,,tj-thermal,64.312
1780554520.2407565,VDD_IN,8737.92,,
1780554520.2407565,VDD_CPU_GPU_CV,3452.416,,
1780554520.2407565,VDD_SOC,1968.0,,
1780554520.2407565,,,cpu-thermal,63.187
1780554520.2407565,,,gpu-thermal,64.156
1780554520.2407565,,,soc0-thermal,61.687
1780554520.2407565,,,soc1-thermal,61.0
1780554520.2407565,,,soc2-thermal,61.843
1780554520.2407565,,,tj-thermal,64.156
1780554520.3465967,VDD_IN,8698.56,,
1780554520.3465967,VDD_CPU_GPU_CV,3413.184,,
1780554520.3465967,VDD_SOC,1968.0,,
1780554520.3465967,,,cpu-thermal,63.218
1780554520.3465967,,,gpu-thermal,64.125
1780554520.3465967,,,soc0-thermal,61.718
1780554520.3465967,,,soc1-thermal,60.843
1780554520.3465967,,,soc2-thermal,61.75
1780554520.3465967,,,tj-thermal,64.125
1780554520.4522824,VDD_IN,8659.2,,
1780554520.4522824,VDD_CPU_GPU_CV,3413.184,,
1780554520.4522824,VDD_SOC,1968.0,,
1780554520.4522824,,,cpu-thermal,63.531
1780554520.4522824,,,gpu-thermal,64.281
1780554520.4522824,,,soc0-thermal,61.656
1780554520.4522824,,,soc1-thermal,60.968
1780554520.4522824,,,soc2-thermal,61.843
1780554520.4522824,,,tj-thermal,64.031
1780554520.5582864,VDD_IN,8619.84,,
1780554520.5582864,VDD_CPU_GPU_CV,3373.952,,
1780554520.5582864,VDD_SOC,1968.0,,
1780554520.5582864,,,cpu-thermal,63.281
1780554520.5582864,,,gpu-thermal,64.187
1780554520.5582864,,,soc0-thermal,61.656
1780554520.5582864,,,soc1-thermal,60.968
1780554520.5582864,,,soc2-thermal,61.75
1780554520.5582864,,,tj-thermal,64.0
1780554520.6642325,VDD_IN,8619.84,,
1780554520.6642325,VDD_CPU_GPU_CV,3373.952,,
1780554520.6642325,VDD_SOC,1968.0,,
1780554520.6642325,,,cpu-thermal,63.25
1780554520.6642325,,,gpu-thermal,64.187
1780554520.6642325,,,soc0-thermal,61.718
1780554520.6642325,,,soc1-thermal,61.0
1780554520.6642325,,,soc2-thermal,61.781
1780554520.6642325,,,tj-thermal,64.187
1780554520.7698627,VDD_IN,8580.48,,
1780554520.7698627,VDD_CPU_GPU_CV,3373.952,,
1780554520.7698627,VDD_SOC,1968.0,,
1780554520.7698627,,,cpu-thermal,63.468
1780554520.7698627,,,gpu-thermal,64.0
1780554520.7698627,,,soc0-thermal,61.75
1780554520.7698627,,,soc1-thermal,60.937
1780554520.7698627,,,soc2-thermal,61.875
1780554520.7698627,,,tj-thermal,64.0
1780554520.875814,VDD_IN,8698.56,,
1780554520.875814,VDD_CPU_GPU_CV,3418.752,,
1780554520.875814,VDD_SOC,1968.0,,
1780554520.875814,,,cpu-thermal,63.562
1780554520.875814,,,gpu-thermal,64.062
1780554520.875814,,,soc0-thermal,61.687
1780554520.875814,,,soc1-thermal,60.968
1780554520.875814,,,soc2-thermal,61.812
1780554520.875814,,,tj-thermal,64.062
1780554520.981139,VDD_IN,8777.28,,
1780554520.981139,VDD_CPU_GPU_CV,3497.344,,
1780554520.981139,VDD_SOC,2007.36,,
1780554520.981139,,,cpu-thermal,63.187
1780554520.981139,,,gpu-thermal,64.25
1780554520.981139,,,soc0-thermal,61.687
1780554520.981139,,,soc1-thermal,60.968
1780554520.981139,,,soc2-thermal,61.843
1780554520.981139,,,tj-thermal,64.0
1780554521.08659,VDD_IN,8737.92,,
1780554521.08659,VDD_CPU_GPU_CV,3458.048,,
1780554521.08659,VDD_SOC,1968.0,,
1780554521.08659,,,cpu-thermal,63.343
1780554521.08659,,,gpu-thermal,64.093
1780554521.08659,,,soc0-thermal,61.718
1780554521.08659,,,soc1-thermal,61.156
1780554521.08659,,,soc2-thermal,61.875
1780554521.08659,,,tj-thermal,64.375
1780554521.1928303,VDD_IN,8737.92,,
1780554521.1928303,VDD_CPU_GPU_CV,3458.048,,
1780554521.1928303,VDD_SOC,1968.0,,
1780554521.1928303,,,cpu-thermal,63.5
1780554521.1928303,,,gpu-thermal,64.125
1780554521.1928303,,,soc0-thermal,61.75
1780554521.1928303,,,soc1-thermal,60.937
1780554521.1928303,,,soc2-thermal,61.875
1780554521.1928303,,,tj-thermal,64.218
1780554521.2988698,VDD_IN,8737.92,,
1780554521.2988698,VDD_CPU_GPU_CV,3452.416,,
1780554521.2988698,VDD_SOC,1968.0,,
1780554521.2988698,,,cpu-thermal,63.281
1780554521.2988698,,,gpu-thermal,64.375
1780554521.2988698,,,soc0-thermal,61.687
1780554521.2988698,,,soc1-thermal,61.031
1780554521.2988698,,,soc2-thermal,61.875
1780554521.2988698,,,tj-thermal,64.375
1780554521.4048185,VDD_IN,8737.92,,
1780554521.4048185,VDD_CPU_GPU_CV,3452.416,,
1780554521.4048185,VDD_SOC,1968.0,,
1780554521.4048185,,,cpu-thermal,63.437
1780554521.4048185,,,gpu-thermal,64.312
1780554521.4048185,,,soc0-thermal,61.687
1780554521.4048185,,,soc1-thermal,61.062
1780554521.4048185,,,soc2-thermal,61.843
1780554521.4048185,,,tj-thermal,64.312
1780554521.5110831,VDD_IN,8737.92,,
1780554521.5110831,VDD_CPU_GPU_CV,3452.416,,
1780554521.5110831,VDD_SOC,1964.8,,
1780554521.5110831,,,cpu-thermal,63.437
1780554521.5110831,,,gpu-thermal,64.156
1780554521.5110831,,,soc0-thermal,61.812
1780554521.5110831,,,soc1-thermal,60.906
1780554521.5110831,,,soc2-thermal,61.875
1780554521.5110831,,,tj-thermal,64.156
1780554521.617284,VDD_IN,8698.56,,
1780554521.617284,VDD_CPU_GPU_CV,3452.416,,
1780554521.617284,VDD_SOC,1964.8,,
1780554521.617284,,,cpu-thermal,63.343
1780554521.617284,,,gpu-thermal,64.125
1780554521.617284,,,soc0-thermal,61.687
1780554521.617284,,,soc1-thermal,61.0
1780554521.617284,,,soc2-thermal,61.875
1780554521.617284,,,tj-thermal,64.125
1780554521.723118,VDD_IN,8698.56,,
1780554521.723118,VDD_CPU_GPU_CV,3452.416,,
1780554521.723118,VDD_SOC,1964.8,,
1780554521.723118,,,cpu-thermal,63.375
1780554521.723118,,,gpu-thermal,64.093
1780554521.723118,,,soc0-thermal,61.687
1780554521.723118,,,soc1-thermal,61.125
1780554521.723118,,,soc2-thermal,61.875
1780554521.723118,,,tj-thermal,64.093
1780554521.828887,VDD_IN,8737.92,,
1780554521.828887,VDD_CPU_GPU_CV,3491.648,,
1780554521.828887,VDD_SOC,1968.0,,
1780554521.828887,,,cpu-thermal,63.406
1780554521.828887,,,gpu-thermal,64.156
1780554521.828887,,,soc0-thermal,61.843
1780554521.828887,,,soc1-thermal,60.968
1780554521.828887,,,soc2-thermal,61.968
1780554521.828887,,,tj-thermal,64.156
1780554521.9344833,VDD_IN,8816.64,,
1780554521.9344833,VDD_CPU_GPU_CV,3530.88,,
1780554521.9344833,VDD_SOC,1968.0,,
1780554521.9344833,,,cpu-thermal,63.375
1780554521.9344833,,,gpu-thermal,64.187
1780554521.9344833,,,soc0-thermal,61.875
1780554521.9344833,,,soc1-thermal,60.937
1780554521.9344833,,,soc2-thermal,61.937
1780554521.9344833,,,tj-thermal,64.437
1780554522.0399442,VDD_IN,8816.64,,
1780554522.0399442,VDD_CPU_GPU_CV,3536.64,,
1780554522.0399442,VDD_SOC,2007.36,,
1780554522.0399442,,,cpu-thermal,63.406
1780554522.0399442,,,gpu-thermal,64.187
1780554522.0399442,,,soc0-thermal,61.812
1780554522.0399442,,,soc1-thermal,61.031
1780554522.0399442,,,soc2-thermal,61.875
1780554522.0399442,,,tj-thermal,64.187
1780554522.1456757,VDD_IN,8777.28,,
1780554522.1456757,VDD_CPU_GPU_CV,3497.344,,
1780554522.1456757,VDD_SOC,1968.0,,
1780554522.1456757,,,cpu-thermal,63.343
1780554522.1456757,,,gpu-thermal,64.062
1780554522.1456757,,,soc0-thermal,61.843
1780554522.1456757,,,soc1-thermal,61.125
1780554522.1456757,,,soc2-thermal,61.906
1780554522.1456757,,,tj-thermal,64.062
1780554522.2514389,VDD_IN,8737.92,,
1780554522.2514389,VDD_CPU_GPU_CV,3491.648,,
1780554522.2514389,VDD_SOC,1968.0,,
1780554522.2514389,,,cpu-thermal,63.593
1780554522.2514389,,,gpu-thermal,64.281
1780554522.2514389,,,soc0-thermal,61.843
1780554522.2514389,,,soc1-thermal,61.0
1780554522.2514389,,,soc2-thermal,61.937
1780554522.2514389,,,tj-thermal,64.281
1780554522.3575187,VDD_IN,8777.28,,
1780554522.3575187,VDD_CPU_GPU_CV,3491.648,,
1780554522.3575187,VDD_SOC,1968.0,,
1780554522.3575187,,,cpu-thermal,63.656
1780554522.3575187,,,gpu-thermal,64.281
1780554522.3575187,,,soc0-thermal,61.812
1780554522.3575187,,,soc1-thermal,61.031
1780554522.3575187,,,soc2-thermal,61.812
1780554522.3575187,,,tj-thermal,64.281
1780554522.4632895,VDD_IN,8737.92,,
1780554522.4632895,VDD_CPU_GPU_CV,3491.648,,
1780554522.4632895,VDD_SOC,1968.0,,
1780554522.4632895,,,cpu-thermal,63.5
1780554522.4632895,,,gpu-thermal,64.187
1780554522.4632895,,,soc0-thermal,61.75
1780554522.4632895,,,soc1-thermal,61.125
1780554522.4632895,,,soc2-thermal,61.906
1780554522.4632895,,,tj-thermal,64.187
1780554522.5689588,VDD_IN,8737.92,,
1780554522.5689588,VDD_CPU_GPU_CV,3491.648,,
1780554522.5689588,VDD_SOC,1964.8,,
1780554522.5689588,,,cpu-thermal,63.5
1780554522.5689588,,,gpu-thermal,64.406
1780554522.5689588,,,soc0-thermal,61.843
1780554522.5689588,,,soc1-thermal,61.156
1780554522.5689588,,,soc2-thermal,62.0
1780554522.5689588,,,tj-thermal,64.156
1780554522.6745348,VDD_IN,8737.92,,
1780554522.6745348,VDD_CPU_GPU_CV,3491.648,,
1780554522.6745348,VDD_SOC,1964.8,,
1780554522.6745348,,,cpu-thermal,63.593
1780554522.6745348,,,gpu-thermal,64.25
1780554522.6745348,,,soc0-thermal,61.937
1780554522.6745348,,,soc1-thermal,61.062
1780554522.6745348,,,soc2-thermal,61.937
1780554522.6745348,,,tj-thermal,64.25
1780554522.7804255,VDD_IN,8698.56,,
1780554522.7804255,VDD_CPU_GPU_CV,3491.648,,
1780554522.7804255,VDD_SOC,1964.8,,
1780554522.7804255,,,cpu-thermal,63.75
1780554522.7804255,,,gpu-thermal,64.218
1780554522.7804255,,,soc0-thermal,61.843
1780554522.7804255,,,soc1-thermal,61.125
1780554522.7804255,,,soc2-thermal,61.875
1780554522.7804255,,,tj-thermal,64.218
1780554522.8860881,VDD_IN,8816.64,,
1780554522.8860881,VDD_CPU_GPU_CV,3530.88,,
1780554522.8860881,VDD_SOC,1968.0,,
1780554522.8860881,,,cpu-thermal,63.406
1780554522.8860881,,,gpu-thermal,64.25
1780554522.8860881,,,soc0-thermal,61.781
1780554522.8860881,,,soc1-thermal,61.156
1780554522.8860881,,,soc2-thermal,61.937
1780554522.8860881,,,tj-thermal,64.25
1780554522.991751,VDD_IN,8856.0,,
1780554522.991751,VDD_CPU_GPU_CV,3570.112,,
1780554522.991751,VDD_SOC,2007.36,,
1780554522.991751,,,cpu-thermal,63.531
1780554522.991751,,,gpu-thermal,64.156
1780554522.991751,,,soc0-thermal,61.906
1780554522.991751,,,soc1-thermal,61.218
1780554522.991751,,,soc2-thermal,61.937
1780554522.991751,,,tj-thermal,64.156
1780554523.097153,VDD_IN,8816.64,,
1780554523.097153,VDD_CPU_GPU_CV,3497.344,,
1780554523.097153,VDD_SOC,1968.0,,
1780554523.097153,,,cpu-thermal,63.562
1780554523.097153,,,gpu-thermal,64.25
1780554523.097153,,,soc0-thermal,61.75
1780554523.097153,,,soc1-thermal,61.125
1780554523.097153,,,soc2-thermal,61.875
1780554523.097153,,,tj-thermal,64.406
1780554523.2026892,VDD_IN,8698.56,,
1780554523.2026892,VDD_CPU_GPU_CV,3452.416,,
1780554523.2026892,VDD_SOC,1968.0,,
1780554523.2026892,,,cpu-thermal,63.468
1780554523.2026892,,,gpu-thermal,64.187
1780554523.2026892,,,soc0-thermal,61.843
1780554523.2026892,,,soc1-thermal,61.125
1780554523.2026892,,,soc2-thermal,61.906
1780554523.2026892,,,tj-thermal,64.187
1780554523.3083405,VDD_IN,8659.2,,
1780554523.3083405,VDD_CPU_GPU_CV,3413.184,,
1780554523.3083405,VDD_SOC,1968.0,,
1780554523.3083405,,,cpu-thermal,63.5
1780554523.3083405,,,gpu-thermal,64.187
1780554523.3083405,,,soc0-thermal,61.843
1780554523.3083405,,,soc1-thermal,61.218
1780554523.3083405,,,soc2-thermal,61.937
1780554523.3083405,,,tj-thermal,64.187
1780554523.4140308,VDD_IN,8659.2,,
1780554523.4140308,VDD_CPU_GPU_CV,3413.184,,
1780554523.4140308,VDD_SOC,1968.0,,
1780554523.4140308,,,cpu-thermal,63.5
1780554523.4140308,,,gpu-thermal,64.406
1780554523.4140308,,,soc0-thermal,61.968
1780554523.4140308,,,soc1-thermal,61.031
1780554523.4140308,,,soc2-thermal,62.062
1780554523.4140308,,,tj-thermal,64.406
1780554523.5199065,VDD_IN,8659.2,,
1780554523.5199065,VDD_CPU_GPU_CV,3452.416,,
1780554523.5199065,VDD_SOC,1964.8,,
1780554523.5199065,,,cpu-thermal,63.5
1780554523.5199065,,,gpu-thermal,64.343
1780554523.5199065,,,soc0-thermal,61.781
1780554523.5199065,,,soc1-thermal,61.093
1780554523.5199065,,,soc2-thermal,61.968
1780554523.5199065,,,tj-thermal,64.343
1780554523.6255975,VDD_IN,8698.56,,
1780554523.6255975,VDD_CPU_GPU_CV,3452.416,,
1780554523.6255975,VDD_SOC,1964.8,,
1780554523.6255975,,,cpu-thermal,63.468
1780554523.6255975,,,gpu-thermal,64.125
1780554523.6255975,,,soc0-thermal,61.781
1780554523.6255975,,,soc1-thermal,61.187
1780554523.6255975,,,soc2-thermal,62.031
1780554523.6255975,,,tj-thermal,64.312
1780554523.7314482,VDD_IN,8698.56,,
1780554523.7314482,VDD_CPU_GPU_CV,3452.416,,
1780554523.7314482,VDD_SOC,1964.8,,
1780554523.7314482,,,cpu-thermal,63.593
1780554523.7314482,,,gpu-thermal,64.406
1780554523.7314482,,,soc0-thermal,61.843
1780554523.7314482,,,soc1-thermal,61.25
1780554523.7314482,,,soc2-thermal,62.062
1780554523.7314482,,,tj-thermal,64.312
1780554523.8371048,VDD_IN,8737.92,,
1780554523.8371048,VDD_CPU_GPU_CV,3491.648,,
1780554523.8371048,VDD_SOC,1968.0,,
1780554523.8371048,,,cpu-thermal,63.781
1780554523.8371048,,,gpu-thermal,64.406
1780554523.8371048,,,soc0-thermal,62.031
1780554523.8371048,,,soc1-thermal,61.156
1780554523.8371048,,,soc2-thermal,62.031
1780554523.8371048,,,tj-thermal,64.406
1780554523.9427989,VDD_IN,8816.64,,
1780554523.9427989,VDD_CPU_GPU_CV,3536.64,,
1780554523.9427989,VDD_SOC,1968.0,,
1780554523.9427989,,,cpu-thermal,63.468
1780554523.9427989,,,gpu-thermal,64.312
1780554523.9427989,,,soc0-thermal,61.843
1780554523.9427989,,,soc1-thermal,61.156
1780554523.9427989,,,soc2-thermal,61.875
1780554523.9427989,,,tj-thermal,64.312
1780554524.0485728,VDD_IN,8816.64,,
1780554524.0485728,VDD_CPU_GPU_CV,3497.344,,
1780554524.0485728,VDD_SOC,1968.0,,
1780554524.0485728,,,cpu-thermal,63.5
1780554524.0485728,,,gpu-thermal,64.281
1780554524.0485728,,,soc0-thermal,61.812
1780554524.0485728,,,soc1-thermal,61.343
1780554524.0485728,,,soc2-thermal,62.062
1780554524.0485728,,,tj-thermal,64.281
1780554524.1542892,VDD_IN,8777.28,,
1780554524.1542892,VDD_CPU_GPU_CV,3458.048,,
1780554524.1542892,VDD_SOC,1968.0,,
1780554524.1542892,,,cpu-thermal,63.75
1780554524.1542892,,,gpu-thermal,64.25
1780554524.1542892,,,soc0-thermal,61.968
1780554524.1542892,,,soc1-thermal,61.343
1780554524.1542892,,,soc2-thermal,62.062
1780554524.1542892,,,tj-thermal,64.25
1780554524.2601964,VDD_IN,8737.92,,
1780554524.2601964,VDD_CPU_GPU_CV,3458.048,,
1780554524.2601964,VDD_SOC,1968.0,,
1780554524.2601964,,,cpu-thermal,63.75
1780554524.2601964,,,gpu-thermal,64.531
1780554524.2601964,,,soc0-thermal,61.875
1780554524.2601964,,,soc1-thermal,61.187
1780554524.2601964,,,soc2-thermal,62.0
1780554524.2601964,,,tj-thermal,64.531
1780554524.366192,VDD_IN,8659.2,,
1780554524.366192,VDD_CPU_GPU_CV,3418.752,,
1780554524.366192,VDD_SOC,1968.0,,
1780554524.366192,,,cpu-thermal,63.5
1780554524.366192,,,gpu-thermal,64.156
1780554524.366192,,,soc0-thermal,61.937
1780554524.366192,,,soc1-thermal,61.218
1780554524.366192,,,soc2-thermal,62.031
1780554524.366192,,,tj-thermal,64.468
1780554524.472341,VDD_IN,8619.84,,
1780554524.472341,VDD_CPU_GPU_CV,3379.456,,
1780554524.472341,VDD_SOC,1968.0,,
1780554524.472341,,,cpu-thermal,63.593
1780554524.472341,,,gpu-thermal,64.187
1780554524.472341,,,soc0-thermal,61.968
1780554524.472341,,,soc1-thermal,61.343
1780554524.472341,,,soc2-thermal,62.125
1780554524.472341,,,tj-thermal,64.312
1780554524.5790248,VDD_IN,8580.48,,
1780554524.5790248,VDD_CPU_GPU_CV,3379.456,,
1780554524.5790248,VDD_SOC,1968.0,,
1780554524.5790248,,,cpu-thermal,63.656
1780554524.5790248,,,gpu-thermal,64.437
1780554524.5790248,,,soc0-thermal,62.0
1780554524.5790248,,,soc1-thermal,61.218
1780554524.5790248,,,soc2-thermal,62.187
1780554524.5790248,,,tj-thermal,64.25
1780554524.6847045,VDD_IN,8580.48,,
1780554524.6847045,VDD_CPU_GPU_CV,3373.952,,
1780554524.6847045,VDD_SOC,1968.0,,
1780554524.6847045,,,cpu-thermal,63.781
1780554524.6847045,,,gpu-thermal,64.437
1780554524.6847045,,,soc0-thermal,61.843
1780554524.6847045,,,soc1-thermal,61.218
1780554524.6847045,,,soc2-thermal,62.093
1780554524.6847045,,,tj-thermal,64.312
1780554524.790829,VDD_IN,8619.84,,
1780554524.790829,VDD_CPU_GPU_CV,3413.184,,
1780554524.790829,VDD_SOC,1968.0,,
1780554524.790829,,,cpu-thermal,63.625
1780554524.790829,,,gpu-thermal,64.406
1780554524.790829,,,soc0-thermal,61.937
1780554524.790829,,,soc1-thermal,61.312
1780554524.790829,,,soc2-thermal,62.125
1780554524.790829,,,tj-thermal,64.406
1780554524.8967545,VDD_IN,8737.92,,
1780554524.8967545,VDD_CPU_GPU_CV,3458.048,,
1780554524.8967545,VDD_SOC,1968.0,,
1780554524.8967545,,,cpu-thermal,63.625
1780554524.8967545,,,gpu-thermal,64.375
1780554524.8967545,,,soc0-thermal,61.906
1780554524.8967545,,,soc1-thermal,61.218
1780554524.8967545,,,soc2-thermal,62.125
1780554524.8967545,,,tj-thermal,64.375
1780554525.0020406,VDD_IN,8816.64,,
1780554525.0020406,VDD_CPU_GPU_CV,3497.344,,
1780554525.0020406,VDD_SOC,2007.36,,
1780554525.0020406,,,cpu-thermal,63.625
1780554525.0020406,,,gpu-thermal,64.312
1780554525.0020406,,,soc0-thermal,61.937
1780554525.0020406,,,soc1-thermal,61.25
1780554525.0020406,,,soc2-thermal,62.0
1780554525.0020406,,,tj-thermal,64.312
1780554525.107627,VDD_IN,8737.92,,
1780554525.107627,VDD_CPU_GPU_CV,3458.048,,
1780554525.107627,VDD_SOC,1968.0,,
1780554525.107627,,,cpu-thermal,63.562
1780554525.107627,,,gpu-thermal,64.656
1780554525.107627,,,soc0-thermal,61.937
1780554525.107627,,,soc1-thermal,61.312
1780554525.107627,,,soc2-thermal,62.156
1780554525.107627,,,tj-thermal,64.656
1780554525.213563,VDD_IN,8659.2,,
1780554525.213563,VDD_CPU_GPU_CV,3418.752,,
1780554525.213563,VDD_SOC,1968.0,,
1780554525.213563,,,cpu-thermal,63.625
1780554525.213563,,,gpu-thermal,64.312
1780554525.213563,,,soc0-thermal,62.0
1780554525.213563,,,soc1-thermal,61.375
1780554525.213563,,,soc2-thermal,62.093
1780554525.213563,,,tj-thermal,64.437
1780554525.3198175,VDD_IN,8619.84,,
1780554525.3198175,VDD_CPU_GPU_CV,3418.752,,
1780554525.3198175,VDD_SOC,1968.0,,
1780554525.3198175,,,cpu-thermal,63.531
1780554525.3198175,,,gpu-thermal,64.312
1780554525.3198175,,,soc0-thermal,61.968
1780554525.3198175,,,soc1-thermal,61.218
1780554525.3198175,,,soc2-thermal,62.25
1780554525.3198175,,,tj-thermal,64.406
1780554525.4257317,VDD_IN,8619.84,,
1780554525.4257317,VDD_CPU_GPU_CV,3418.752,,
1780554525.4257317,VDD_SOC,1968.0,,
1780554525.4257317,,,cpu-thermal,63.625
1780554525.4257317,,,gpu-thermal,64.593
1780554525.4257317,,,soc0-thermal,61.906
1780554525.4257317,,,soc1-thermal,61.25
1780554525.4257317,,,soc2-thermal,62.125
1780554525.4257317,,,tj-thermal,64.343
1780554525.5316362,VDD_IN,8619.84,,
1780554525.5316362,VDD_CPU_GPU_CV,3379.456,,
1780554525.5316362,VDD_SOC,1968.0,,
1780554525.5316362,,,cpu-thermal,63.531
1780554525.5316362,,,gpu-thermal,64.437
1780554525.5316362,,,soc0-thermal,62.0
1780554525.5316362,,,soc1-thermal,61.281
1780554525.5316362,,,soc2-thermal,62.156
1780554525.5316362,,,tj-thermal,64.437
1780554525.6372066,VDD_IN,8619.84,,
1780554525.6372066,VDD_CPU_GPU_CV,3379.456,,
1780554525.6372066,VDD_SOC,1968.0,,
1780554525.6372066,,,cpu-thermal,63.781
1780554525.6372066,,,gpu-thermal,64.437
1780554525.6372066,,,soc0-thermal,62.031
1780554525.6372066,,,soc1-thermal,61.281
1780554525.6372066,,,soc2-thermal,62.312
1780554525.6372066,,,tj-thermal,64.437
1780554525.7427158,VDD_IN,8619.84,,
1780554525.7427158,VDD_CPU_GPU_CV,3373.952,,
1780554525.7427158,VDD_SOC,1968.0,,
1780554525.7427158,,,cpu-thermal,63.906
1780554525.7427158,,,gpu-thermal,64.343
1780554525.7427158,,,soc0-thermal,61.968
1780554525.7427158,,,soc1-thermal,61.343
1780554525.7427158,,,soc2-thermal,62.125
1780554525.7427158,,,tj-thermal,64.343
1780554525.8485644,VDD_IN,8698.56,,
1780554525.8485644,VDD_CPU_GPU_CV,3418.752,,
1780554525.8485644,VDD_SOC,1968.0,,
1780554525.8485644,,,cpu-thermal,63.593
1780554525.8485644,,,gpu-thermal,64.531
1780554525.8485644,,,soc0-thermal,61.937
1780554525.8485644,,,soc1-thermal,61.343
1780554525.8485644,,,soc2-thermal,62.156
1780554525.8485644,,,tj-thermal,64.406
1780554525.9547231,VDD_IN,8777.28,,
1780554525.9547231,VDD_CPU_GPU_CV,3458.048,,
1780554525.9547231,VDD_SOC,1968.0,,
1780554525.9547231,,,cpu-thermal,63.656
1780554525.9547231,,,gpu-thermal,64.437
1780554525.9547231,,,soc0-thermal,62.062
1780554525.9547231,,,soc1-thermal,61.437
1780554525.9547231,,,soc2-thermal,62.187
1780554525.9547231,,,tj-thermal,64.75
1780554526.060373,VDD_IN,8777.28,,
1780554526.060373,VDD_CPU_GPU_CV,3458.048,,
1780554526.060373,VDD_SOC,1968.0,,
1780554526.060373,,,cpu-thermal,63.718
1780554526.060373,,,gpu-thermal,64.375
1780554526.060373,,,soc0-thermal,62.218
1780554526.060373,,,soc1-thermal,61.281
1780554526.060373,,,soc2-thermal,62.312
1780554526.060373,,,tj-thermal,64.375
1780554526.1660323,VDD_IN,8737.92,,
1780554526.1660323,VDD_CPU_GPU_CV,3458.048,,
1780554526.1660323,VDD_SOC,1968.0,,
1780554526.1660323,,,cpu-thermal,63.843
1780554526.1660323,,,gpu-thermal,64.343
1780554526.1660323,,,soc0-thermal,61.968
1780554526.1660323,,,soc1-thermal,61.343
1780554526.1660323,,,soc2-thermal,62.156
1780554526.1660323,,,tj-thermal,64.343
1780554526.2715747,VDD_IN,8698.56,,
1780554526.2715747,VDD_CPU_GPU_CV,3418.752,,
1780554526.2715747,VDD_SOC,1968.0,,
1780554526.2715747,,,cpu-thermal,63.625
1780554526.2715747,,,gpu-thermal,64.687
1780554526.2715747,,,soc0-thermal,61.937
1780554526.2715747,,,soc1-thermal,61.375
1780554526.2715747,,,soc2-thermal,62.218
1780554526.2715747,,,tj-thermal,64.687
1780554526.377231,VDD_IN,8698.56,,
1780554526.377231,VDD_CPU_GPU_CV,3418.752,,
1780554526.377231,VDD_SOC,1968.0,,
1780554526.377231,,,cpu-thermal,63.718
1780554526.377231,,,gpu-thermal,64.531
1780554526.377231,,,soc0-thermal,62.031
1780554526.377231,,,soc1-thermal,61.406
1780554526.377231,,,soc2-thermal,62.25
1780554526.377231,,,tj-thermal,64.531
1780554526.483044,VDD_IN,8659.2,,
1780554526.483044,VDD_CPU_GPU_CV,3373.952,,
1780554526.483044,VDD_SOC,1968.0,,
1780554526.483044,,,cpu-thermal,63.812
1780554526.483044,,,gpu-thermal,64.375
1780554526.483044,,,soc0-thermal,62.187
1780554526.483044,,,soc1-thermal,61.312
1780554526.483044,,,soc2-thermal,62.25
1780554526.483044,,,tj-thermal,64.468
1780554526.588729,VDD_IN,8619.84,,
1780554526.588729,VDD_CPU_GPU_CV,3373.952,,
1780554526.588729,VDD_SOC,1968.0,,
1780554526.588729,,,cpu-thermal,63.875
1780554526.588729,,,gpu-thermal,64.687
1780554526.588729,,,soc0-thermal,62.093
1780554526.588729,,,soc1-thermal,61.343
1780554526.588729,,,soc2-thermal,62.25
1780554526.588729,,,tj-thermal,64.687
1780554526.6942956,VDD_IN,8659.2,,
1780554526.6942956,VDD_CPU_GPU_CV,3373.952,,
1780554526.6942956,VDD_SOC,1968.0,,
1780554526.6942956,,,cpu-thermal,63.781
1780554526.6942956,,,gpu-thermal,64.562
1780554526.6942956,,,soc0-thermal,62.062
1780554526.6942956,,,soc1-thermal,61.468
1780554526.6942956,,,soc2-thermal,62.25
1780554526.6942956,,,tj-thermal,64.562
1780554526.7999485,VDD_IN,8659.2,,
1780554526.7999485,VDD_CPU_GPU_CV,3413.184,,
1780554526.7999485,VDD_SOC,1968.0,,
1780554526.7999485,,,cpu-thermal,63.718
1780554526.7999485,,,gpu-thermal,64.5
1780554526.7999485,,,soc0-thermal,62.062
1780554526.7999485,,,soc1-thermal,61.343
1780554526.7999485,,,soc2-thermal,62.281
1780554526.7999485,,,tj-thermal,64.5
1780554526.9058053,VDD_IN,8777.28,,
1780554526.9058053,VDD_CPU_GPU_CV,3458.048,,
1780554526.9058053,VDD_SOC,1968.0,,
1780554526.9058053,,,cpu-thermal,63.781
1780554526.9058053,,,gpu-thermal,64.531
1780554526.9058053,,,soc0-thermal,62.031
1780554526.9058053,,,soc1-thermal,61.343
1780554526.9058053,,,soc2-thermal,62.125
1780554526.9058053,,,tj-thermal,64.531
1780554527.0112238,VDD_IN,8856.0,,
1780554527.0112238,VDD_CPU_GPU_CV,3536.64,,
1780554527.0112238,VDD_SOC,2007.36,,
1780554527.0112238,,,cpu-thermal,63.625
1780554527.0112238,,,gpu-thermal,64.656
1780554527.0112238,,,soc0-thermal,62.0
1780554527.0112238,,,soc1-thermal,61.343
1780554527.0112238,,,soc2-thermal,62.218
1780554527.0112238,,,tj-thermal,64.468
1780554527.1167665,VDD_IN,8777.28,,
1780554527.1167665,VDD_CPU_GPU_CV,3458.048,,
1780554527.1167665,VDD_SOC,1968.0,,
1780554527.1167665,,,cpu-thermal,63.75
1780554527.1167665,,,gpu-thermal,64.531
1780554527.1167665,,,soc0-thermal,62.187
1780554527.1167665,,,soc1-thermal,61.406
1780554527.1167665,,,soc2-thermal,62.218
1780554527.1167665,,,tj-thermal,64.531
1780554527.2223425,VDD_IN,8698.56,,
1780554527.2223425,VDD_CPU_GPU_CV,3418.752,,
1780554527.2223425,VDD_SOC,1968.0,,
1780554527.2223425,,,cpu-thermal,63.843
1780554527.2223425,,,gpu-thermal,64.437
1780554527.2223425,,,soc0-thermal,62.187
1780554527.2223425,,,soc1-thermal,61.343
1780554527.2223425,,,soc2-thermal,62.281
1780554527.2223425,,,tj-thermal,64.437
1780554527.3286517,VDD_IN,8659.2,,
1780554527.3286517,VDD_CPU_GPU_CV,3418.752,,
1780554527.3286517,VDD_SOC,1968.0,,
1780554527.3286517,,,cpu-thermal,63.812
1780554527.3286517,,,gpu-thermal,64.437
1780554527.3286517,,,soc0-thermal,62.062
1780554527.3286517,,,soc1-thermal,61.406
1780554527.3286517,,,soc2-thermal,62.25
1780554527.3286517,,,tj-thermal,64.437
1780554527.4342546,VDD_IN,8659.2,,
1780554527.4342546,VDD_CPU_GPU_CV,3373.952,,
1780554527.4342546,VDD_SOC,1968.0,,
1780554527.4342546,,,cpu-thermal,63.687
1780554527.4342546,,,gpu-thermal,64.718
1780554527.4342546,,,soc0-thermal,62.093
1780554527.4342546,,,soc1-thermal,61.5
1780554527.4342546,,,soc2-thermal,62.312
1780554527.4342546,,,tj-thermal,64.718
1780554527.5400016,VDD_IN,8619.84,,
1780554527.5400016,VDD_CPU_GPU_CV,3379.456,,
1780554527.5400016,VDD_SOC,1968.0,,
1780554527.5400016,,,cpu-thermal,63.718
1780554527.5400016,,,gpu-thermal,64.718
1780554527.5400016,,,soc0-thermal,62.156
1780554527.5400016,,,soc1-thermal,61.281
1780554527.5400016,,,soc2-thermal,62.312
1780554527.5400016,,,tj-thermal,64.718
1780554527.6463048,VDD_IN,8619.84,,
1780554527.6463048,VDD_CPU_GPU_CV,3379.456,,
1780554527.6463048,VDD_SOC,1968.0,,
1780554527.6463048,,,cpu-thermal,64.062
1780554527.6463048,,,gpu-thermal,64.468
1780554527.6463048,,,soc0-thermal,62.312
1780554527.6463048,,,soc1-thermal,61.437
1780554527.6463048,,,soc2-thermal,62.312
1780554527.6463048,,,tj-thermal,64.468
1780554527.7518294,VDD_IN,8580.48,,
1780554527.7518294,VDD_CPU_GPU_CV,3379.456,,
1780554527.7518294,VDD_SOC,1968.0,,
1780554527.7518294,,,cpu-thermal,63.75
1780554527.7518294,,,gpu-thermal,64.781
1780554527.7518294,,,soc0-thermal,62.031
1780554527.7518294,,,soc1-thermal,61.468
1780554527.7518294,,,soc2-thermal,62.218
1780554527.7518294,,,tj-thermal,64.437
1780554527.8576553,VDD_IN,8698.56,,
1780554527.8576553,VDD_CPU_GPU_CV,3418.752,,
1780554527.8576553,VDD_SOC,1968.0,,
1780554527.8576553,,,cpu-thermal,63.625
1780554527.8576553,,,gpu-thermal,64.656
1780554527.8576553,,,soc0-thermal,62.187
1780554527.8576553,,,soc1-thermal,61.531
1780554527.8576553,,,soc2-thermal,62.218
1780554527.8576553,,,tj-thermal,64.468
1780554527.9638045,VDD_IN,8777.28,,
1780554527.9638045,VDD_CPU_GPU_CV,3458.048,,
1780554527.9638045,VDD_SOC,1968.0,,
1780554527.9638045,,,cpu-thermal,63.875
1780554527.9638045,,,gpu-thermal,64.593
1780554527.9638045,,,soc0-thermal,62.187
1780554527.9638045,,,soc1-thermal,61.343
1780554527.9638045,,,soc2-thermal,62.343
1780554527.9638045,,,tj-thermal,64.593
1780554528.0692823,VDD_IN,8737.92,,
1780554528.0692823,VDD_CPU_GPU_CV,3458.048,,
1780554528.0692823,VDD_SOC,1968.0,,
1780554528.0692823,,,cpu-thermal,64.0
1780554528.0692823,,,gpu-thermal,64.531
1780554528.0692823,,,soc0-thermal,62.125
1780554528.0692823,,,soc1-thermal,61.406
1780554528.0692823,,,soc2-thermal,62.312
1780554528.0692823,,,tj-thermal,64.531
1780554528.1756241,VDD_IN,8698.56,,
1780554528.1756241,VDD_CPU_GPU_CV,3458.048,,
1780554528.1756241,VDD_SOC,1968.0,,
1780554528.1756241,,,cpu-thermal,63.812
1780554528.1756241,,,gpu-thermal,64.468
1780554528.1756241,,,soc0-thermal,62.156
1780554528.1756241,,,soc1-thermal,61.5
1780554528.1756241,,,soc2-thermal,62.375
1780554528.1756241,,,tj-thermal,64.468
1780554528.2815268,VDD_IN,8619.84,,
1780554528.2815268,VDD_CPU_GPU_CV,3418.752,,
1780554528.2815268,VDD_SOC,1968.0,,
1780554528.2815268,,,cpu-thermal,63.843
1780554528.2815268,,,gpu-thermal,64.406
1780554528.2815268,,,soc0-thermal,62.312
1780554528.2815268,,,soc1-thermal,61.593
1780554528.2815268,,,soc2-thermal,62.437
1780554528.2815268,,,tj-thermal,64.406
1780554528.3873186,VDD_IN,8580.48,,
1780554528.3873186,VDD_CPU_GPU_CV,3379.456,,
1780554528.3873186,VDD_SOC,1968.0,,
1780554528.3873186,,,cpu-thermal,64.0
1780554528.3873186,,,gpu-thermal,64.718
1780554528.3873186,,,soc0-thermal,62.125
1780554528.3873186,,,soc1-thermal,61.437
1780554528.3873186,,,soc2-thermal,62.375
1780554528.3873186,,,tj-thermal,64.718
1780554528.4933252,VDD_IN,8580.48,,
1780554528.4933252,VDD_CPU_GPU_CV,3379.456,,
1780554528.4933252,VDD_SOC,1968.0,,
1780554528.4933252,,,cpu-thermal,63.75
1780554528.4933252,,,gpu-thermal,64.656
1780554528.4933252,,,soc0-thermal,62.187
1780554528.4933252,,,soc1-thermal,61.468
1780554528.4933252,,,soc2-thermal,62.375
1780554528.4933252,,,tj-thermal,64.656
1780554528.5991828,VDD_IN,8580.48,,
1780554528.5991828,VDD_CPU_GPU_CV,3340.16,,
1780554528.5991828,VDD_SOC,1968.0,,
1780554528.5991828,,,cpu-thermal,63.812
1780554528.5991828,,,gpu-thermal,64.781
1780554528.5991828,,,soc0-thermal,62.187
1780554528.5991828,,,soc1-thermal,61.468
1780554528.5991828,,,soc2-thermal,62.375
1780554528.5991828,,,tj-thermal,64.593
1780554528.7052817,VDD_IN,8541.12,,
1780554528.7052817,VDD_CPU_GPU_CV,3334.72,,
1780554528.7052817,VDD_SOC,1968.0,,
1780554528.7052817,,,cpu-thermal,63.937
1780554528.7052817,,,gpu-thermal,64.687
1780554528.7052817,,,soc0-thermal,62.312
1780554528.7052817,,,soc1-thermal,61.375
1780554528.7052817,,,soc2-thermal,62.375
1780554528.7052817,,,tj-thermal,64.5
1780554528.8110948,VDD_IN,8619.84,,
1780554528.8110948,VDD_CPU_GPU_CV,3379.456,,
1780554528.8110948,VDD_SOC,1968.0,,
1780554528.8110948,,,cpu-thermal,63.718
1780554528.8110948,,,gpu-thermal,64.687
1780554528.8110948,,,soc0-thermal,62.25
1780554528.8110948,,,soc1-thermal,61.437
1780554528.8110948,,,soc2-thermal,62.343
1780554528.8110948,,,tj-thermal,64.687
1780554528.916789,VDD_IN,8698.56,,
1780554528.916789,VDD_CPU_GPU_CV,3458.048,,
1780554528.916789,VDD_SOC,1968.0,,
1780554528.916789,,,cpu-thermal,63.75
1780554528.916789,,,gpu-thermal,64.687
1780554528.916789,,,soc0-thermal,62.25
1780554528.916789,,,soc1-thermal,61.437
1780554528.916789,,,soc2-thermal,62.375
1780554528.916789,,,tj-thermal,64.687
1780554529.0223525,VDD_IN,8777.28,,
1780554529.0223525,VDD_CPU_GPU_CV,3458.048,,
1780554529.0223525,VDD_SOC,2007.36,,
1780554529.0223525,,,cpu-thermal,63.843
1780554529.0223525,,,gpu-thermal,64.562
1780554529.0223525,,,soc0-thermal,62.312
1780554529.0223525,,,soc1-thermal,61.593
1780554529.0223525,,,soc2-thermal,62.5
1780554529.0223525,,,tj-thermal,64.562
1780554529.1284714,VDD_IN,8698.56,,
1780554529.1284714,VDD_CPU_GPU_CV,3418.752,,
1780554529.1284714,VDD_SOC,1968.0,,
1780554529.1284714,,,cpu-thermal,63.75
1780554529.1284714,,,gpu-thermal,64.5
1780554529.1284714,,,soc0-thermal,62.218
1780554529.1284714,,,soc1-thermal,61.437
1780554529.1284714,,,soc2-thermal,62.343
1780554529.1284714,,,tj-thermal,64.5
1780554529.2341115,VDD_IN,8659.2,,
1780554529.2341115,VDD_CPU_GPU_CV,3418.752,,
1780554529.2341115,VDD_SOC,1968.0,,
1780554529.2341115,,,cpu-thermal,63.875
1780554529.2341115,,,gpu-thermal,64.687
1780554529.2341115,,,soc0-thermal,62.281
1780554529.2341115,,,soc1-thermal,61.5
1780554529.2341115,,,soc2-thermal,62.375
1780554529.2341115,,,tj-thermal,64.906
1780554529.3398817,VDD_IN,8659.2,,
1780554529.3398817,VDD_CPU_GPU_CV,3418.752,,
1780554529.3398817,VDD_SOC,1968.0,,
1780554529.3398817,,,cpu-thermal,63.812
1780554529.3398817,,,gpu-thermal,64.531
1780554529.3398817,,,soc0-thermal,62.312
1780554529.3398817,,,soc1-thermal,61.625
1780554529.3398817,,,soc2-thermal,62.375
1780554529.3398817,,,tj-thermal,64.781
1780554529.44652,VDD_IN,8659.2,,
1780554529.44652,VDD_CPU_GPU_CV,3413.184,,
1780554529.44652,VDD_SOC,1968.0,,
1780554529.44652,,,cpu-thermal,64.062
1780554529.44652,,,gpu-thermal,64.5
1780554529.44652,,,soc0-thermal,62.218
1780554529.44652,,,soc1-thermal,61.531
1780554529.44652,,,soc2-thermal,62.406
1780554529.44652,,,tj-thermal,64.656
1780554529.5524688,VDD_IN,8619.84,,
1780554529.5524688,VDD_CPU_GPU_CV,3373.952,,
1780554529.5524688,VDD_SOC,1968.0,,
1780554529.5524688,,,cpu-thermal,64.187
1780554529.5524688,,,gpu-thermal,64.781
1780554529.5524688,,,soc0-thermal,62.25
1780554529.5524688,,,soc1-thermal,61.5
1780554529.5524688,,,soc2-thermal,62.375
1780554529.5524688,,,tj-thermal,64.593
1780554529.6588995,VDD_IN,8619.84,,
1780554529.6588995,VDD_CPU_GPU_CV,3413.184,,
1780554529.6588995,VDD_SOC,1968.0,,
1780554529.6588995,,,cpu-thermal,63.937
1780554529.6588995,,,gpu-thermal,64.75
1780554529.6588995,,,soc0-thermal,62.312
1780554529.6588995,,,soc1-thermal,61.593
1780554529.6588995,,,soc2-thermal,62.437
1780554529.6588995,,,tj-thermal,64.75
1780554529.7646408,VDD_IN,8619.84,,
1780554529.7646408,VDD_CPU_GPU_CV,3413.184,,
1780554529.7646408,VDD_SOC,1964.8,,
1780554529.7646408,,,cpu-thermal,63.968
1780554529.7646408,,,gpu-thermal,64.687
1780554529.7646408,,,soc0-thermal,62.281
1780554529.7646408,,,soc1-thermal,61.468
1780554529.7646408,,,soc2-thermal,62.562
1780554529.7646408,,,tj-thermal,64.687
1780554529.870673,VDD_IN,8737.92,,
1780554529.870673,VDD_CPU_GPU_CV,3452.416,,
1780554529.870673,VDD_SOC,1968.0,,
1780554529.870673,,,cpu-thermal,64.0
1780554529.870673,,,gpu-thermal,64.718
1780554529.870673,,,soc0-thermal,62.218
1780554529.870673,,,soc1-thermal,61.562
1780554529.870673,,,soc2-thermal,62.406
1780554529.870673,,,tj-thermal,64.718
1780554529.97614,VDD_IN,8816.64,,
1780554529.97614,VDD_CPU_GPU_CV,3497.344,,
1780554529.97614,VDD_SOC,2007.36,,
1780554529.97614,,,cpu-thermal,63.843
1780554529.97614,,,gpu-thermal,64.625
1780554529.97614,,,soc0-thermal,62.281
1780554529.97614,,,soc1-thermal,61.593
1780554529.97614,,,soc2-thermal,62.468
1780554529.97614,,,tj-thermal,64.625
1780554530.0816927,VDD_IN,8777.28,,
1780554530.0816927,VDD_CPU_GPU_CV,3458.048,,
1780554530.0816927,VDD_SOC,1968.0,,
1780554530.0816927,,,cpu-thermal,63.937
1780554530.0816927,,,gpu-thermal,64.625
1780554530.0816927,,,soc0-thermal,62.468
1780554530.0816927,,,soc1-thermal,61.625
1780554530.0816927,,,soc2-thermal,62.468
1780554530.0816927,,,tj-thermal,64.906
1780554530.187195,VDD_IN,8698.56,,
1780554530.187195,VDD_CPU_GPU_CV,3452.416,,
1780554530.187195,VDD_SOC,1968.0,,
1780554530.187195,,,cpu-thermal,64.0
1780554530.187195,,,gpu-thermal,64.593
1780554530.187195,,,soc0-thermal,62.437
1780554530.187195,,,soc1-thermal,61.593
1780554530.187195,,,soc2-thermal,62.531
1780554530.187195,,,tj-thermal,64.781
1780554530.2928479,VDD_IN,8698.56,,
1780554530.2928479,VDD_CPU_GPU_CV,3452.416,,
1780554530.2928479,VDD_SOC,1968.0,,
1780554530.2928479,,,cpu-thermal,63.875
1780554530.2928479,,,gpu-thermal,64.531
1780554530.2928479,,,soc0-thermal,62.312
1780554530.2928479,,,soc1-thermal,61.562
1780554530.2928479,,,soc2-thermal,62.5
1780554530.2928479,,,tj-thermal,64.531
1780554530.3988051,VDD_IN,8659.2,,
1780554530.3988051,VDD_CPU_GPU_CV,3373.952,,
1780554530.3988051,VDD_SOC,1968.0,,
1780554530.3988051,,,cpu-thermal,63.906
1780554530.3988051,,,gpu-thermal,64.937
1780554530.3988051,,,soc0-thermal,62.375
1780554530.3988051,,,soc1-thermal,61.625
1780554530.3988051,,,soc2-thermal,62.5
1780554530.3988051,,,tj-thermal,64.937
1780554530.5052016,VDD_IN,8580.48,,
1780554530.5052016,VDD_CPU_GPU_CV,3373.952,,
1780554530.5052016,VDD_SOC,1968.0,,
1780554530.5052016,,,cpu-thermal,63.906
1780554530.5052016,,,gpu-thermal,64.75
1780554530.5052016,,,soc0-thermal,62.437
1780554530.5052016,,,soc1-thermal,61.718
1780554530.5052016,,,soc2-thermal,62.468
1780554530.5052016,,,tj-thermal,64.75
1780554530.6109905,VDD_IN,8580.48,,
1780554530.6109905,VDD_CPU_GPU_CV,3334.72,,
1780554530.6109905,VDD_SOC,1964.8,,
1780554530.6109905,,,cpu-thermal,63.843
1780554530.6109905,,,gpu-thermal,64.687
1780554530.6109905,,,soc0-thermal,62.406
1780554530.6109905,,,soc1-thermal,61.531
1780554530.6109905,,,soc2-thermal,62.437
1780554530.6109905,,,tj-thermal,64.687
1780554530.717283,VDD_IN,8541.12,,
1780554530.717283,VDD_CPU_GPU_CV,3334.72,,
1780554530.717283,VDD_SOC,1964.8,,
1780554530.717283,,,cpu-thermal,63.875
1780554530.717283,,,gpu-thermal,64.687
1780554530.717283,,,soc0-thermal,62.312
1780554530.717283,,,soc1-thermal,61.656
1780554530.717283,,,soc2-thermal,62.437
1780554530.717283,,,tj-thermal,64.687
1780554530.8230436,VDD_IN,8580.48,,
1780554530.8230436,VDD_CPU_GPU_CV,3334.72,,
1780554530.8230436,VDD_SOC,1964.8,,
1780554530.8230436,,,cpu-thermal,63.875
1780554530.8230436,,,gpu-thermal,64.718
1780554530.8230436,,,soc0-thermal,62.437
1780554530.8230436,,,soc1-thermal,61.75
1780554530.8230436,,,soc2-thermal,62.5
1780554530.8230436,,,tj-thermal,64.718
1780554530.929014,VDD_IN,8698.56,,
1780554530.929014,VDD_CPU_GPU_CV,3418.752,,
1780554530.929014,VDD_SOC,1968.0,,
1780554530.929014,,,cpu-thermal,64.093
1780554530.929014,,,gpu-thermal,64.781
1780554530.929014,,,soc0-thermal,62.5
1780554530.929014,,,soc1-thermal,61.593
1780554530.929014,,,soc2-thermal,62.531
1780554530.929014,,,tj-thermal,65.062
1780554531.0345764,VDD_IN,8737.92,,
1780554531.0345764,VDD_CPU_GPU_CV,3418.752,,
1780554531.0345764,VDD_SOC,1968.0,,
1780554531.0345764,,,cpu-thermal,63.875
1780554531.0345764,,,gpu-thermal,64.718
1780554531.0345764,,,soc0-thermal,62.375
1780554531.0345764,,,soc1-thermal,61.593
1780554531.0345764,,,soc2-thermal,62.5
1780554531.0345764,,,tj-thermal,64.937
1780554531.1403317,VDD_IN,8698.56,,
1780554531.1403317,VDD_CPU_GPU_CV,3418.752,,
1780554531.1403317,VDD_SOC,1968.0,,
1780554531.1403317,,,cpu-thermal,63.875
1780554531.1403317,,,gpu-thermal,64.718
1780554531.1403317,,,soc0-thermal,62.406
1780554531.1403317,,,soc1-thermal,61.75
1780554531.1403317,,,soc2-thermal,62.5
1780554531.1403317,,,tj-thermal,64.718
1780554531.2464504,VDD_IN,8698.56,,
1780554531.2464504,VDD_CPU_GPU_CV,3413.184,,
1780554531.2464504,VDD_SOC,1968.0,,
1780554531.2464504,,,cpu-thermal,64.062
1780554531.2464504,,,gpu-thermal,65.031
1780554531.2464504,,,soc0-thermal,62.343
1780554531.2464504,,,soc1-thermal,61.593
1780554531.2464504,,,soc2-thermal,62.5
1780554531.2464504,,,tj-thermal,65.031
1780554531.3524172,VDD_IN,8659.2,,
1780554531.3524172,VDD_CPU_GPU_CV,3373.952,,
1780554531.3524172,VDD_SOC,1968.0,,
1780554531.3524172,,,cpu-thermal,64.218
1780554531.3524172,,,gpu-thermal,64.906
1780554531.3524172,,,soc0-thermal,62.281
1780554531.3524172,,,soc1-thermal,61.656
1780554531.3524172,,,soc2-thermal,62.5
1780554531.3524172,,,tj-thermal,64.906
1780554531.4587102,VDD_IN,8659.2,,
1780554531.4587102,VDD_CPU_GPU_CV,3373.952,,
1780554531.4587102,VDD_SOC,1968.0,,
1780554531.4587102,,,cpu-thermal,63.937
1780554531.4587102,,,gpu-thermal,64.812
1780554531.4587102,,,soc0-thermal,62.343
1780554531.4587102,,,soc1-thermal,61.687
1780554531.4587102,,,soc2-thermal,62.5
1780554531.4587102,,,tj-thermal,64.812
1780554531.5652866,VDD_IN,8619.84,,
1780554531.5652866,VDD_CPU_GPU_CV,3373.952,,
1780554531.5652866,VDD_SOC,1968.0,,
1780554531.5652866,,,cpu-thermal,64.062
1780554531.5652866,,,gpu-thermal,64.781
1780554531.5652866,,,soc0-thermal,62.5
1780554531.5652866,,,soc1-thermal,61.75
1780554531.5652866,,,soc2-thermal,62.562
1780554531.5652866,,,tj-thermal,64.781
1780554531.6709957,VDD_IN,8619.84,,
1780554531.6709957,VDD_CPU_GPU_CV,3373.952,,
1780554531.6709957,VDD_SOC,1968.0,,
1780554531.6709957,,,cpu-thermal,64.062
1780554531.6709957,,,gpu-thermal,64.781
1780554531.6709957,,,soc0-thermal,62.593
1780554531.6709957,,,soc1-thermal,61.656
1780554531.6709957,,,soc2-thermal,62.531
1780554531.6709957,,,tj-thermal,64.781
1780554531.7774632,VDD_IN,8619.84,,
1780554531.7774632,VDD_CPU_GPU_CV,3373.952,,
1780554531.7774632,VDD_SOC,1968.0,,
1780554531.7774632,,,cpu-thermal,63.968
1780554531.7774632,,,gpu-thermal,65.125
1780554531.7774632,,,soc0-thermal,62.312
1780554531.7774632,,,soc1-thermal,61.75
1780554531.7774632,,,soc2-thermal,62.531
1780554531.7774632,,,tj-thermal,65.125
1780554531.8830783,VDD_IN,8737.92,,
1780554531.8830783,VDD_CPU_GPU_CV,3458.048,,
1780554531.8830783,VDD_SOC,1968.0,,
1780554531.8830783,,,cpu-thermal,64.031
1780554531.8830783,,,gpu-thermal,64.875
1780554531.8830783,,,soc0-thermal,62.406
1780554531.8830783,,,soc1-thermal,61.718
1780554531.8830783,,,soc2-thermal,62.625
1780554531.8830783,,,tj-thermal,65.0
1780554531.988492,VDD_IN,8816.64,,
1780554531.988492,VDD_CPU_GPU_CV,3497.344,,
1780554531.988492,VDD_SOC,2007.36,,
1780554531.988492,,,cpu-thermal,64.062
1780554531.988492,,,gpu-thermal,64.812
1780554531.988492,,,soc0-thermal,62.468
1780554531.988492,,,soc1-thermal,61.687
1780554531.988492,,,soc2-thermal,62.625
1780554531.988492,,,tj-thermal,64.968
1780554532.0944455,VDD_IN,8777.28,,
1780554532.0944455,VDD_CPU_GPU_CV,3458.048,,
1780554532.0944455,VDD_SOC,1968.0,,
1780554532.0944455,,,cpu-thermal,64.0
1780554532.0944455,,,gpu-thermal,65.062
1780554532.0944455,,,soc0-thermal,62.343
1780554532.0944455,,,soc1-thermal,61.718
1780554532.0944455,,,soc2-thermal,62.625
1780554532.0944455,,,tj-thermal,65.062
1780554532.2004633,VDD_IN,8737.92,,
1780554532.2004633,VDD_CPU_GPU_CV,3418.752,,
1780554532.2004633,VDD_SOC,1968.0,,
1780554532.2004633,,,cpu-thermal,63.937
1780554532.2004633,,,gpu-thermal,64.937
1780554532.2004633,,,soc0-thermal,62.343
1780554532.2004633,,,soc1-thermal,61.718
1780554532.2004633,,,soc2-thermal,62.562
1780554532.2004633,,,tj-thermal,64.937
1780554532.3065386,VDD_IN,8698.56,,
1780554532.3065386,VDD_CPU_GPU_CV,3413.184,,
1780554532.3065386,VDD_SOC,1968.0,,
1780554532.3065386,,,cpu-thermal,64.0
1780554532.3065386,,,gpu-thermal,64.843
1780554532.3065386,,,soc0-thermal,62.437
1780554532.3065386,,,soc1-thermal,61.812
1780554532.3065386,,,soc2-thermal,62.687
1780554532.3065386,,,tj-thermal,64.843
1780554532.4121935,VDD_IN,8698.56,,
1780554532.4121935,VDD_CPU_GPU_CV,3413.184,,
1780554532.4121935,VDD_SOC,1968.0,,
1780554532.4121935,,,cpu-thermal,64.281
1780554532.4121935,,,gpu-thermal,64.781
1780554532.4121935,,,soc0-thermal,62.531
1780554532.4121935,,,soc1-thermal,61.656
1780554532.4121935,,,soc2-thermal,62.718
1780554532.4121935,,,tj-thermal,64.781
1780554532.517939,VDD_IN,8659.2,,
1780554532.517939,VDD_CPU_GPU_CV,3373.952,,
1780554532.517939,VDD_SOC,1968.0,,
1780554532.517939,,,cpu-thermal,63.968
1780554532.517939,,,gpu-thermal,64.75
1780554532.517939,,,soc0-thermal,62.468
1780554532.517939,,,soc1-thermal,61.75
1780554532.517939,,,soc2-thermal,62.593
1780554532.517939,,,tj-thermal,64.75
1780554532.6236286,VDD_IN,8619.84,,
1780554532.6236286,VDD_CPU_GPU_CV,3373.952,,
1780554532.6236286,VDD_SOC,1968.0,,
1780554532.6236286,,,cpu-thermal,64.031
1780554532.6236286,,,gpu-thermal,64.875
1780554532.6236286,,,soc0-thermal,62.5
1780554532.6236286,,,soc1-thermal,61.843
1780554532.6236286,,,soc2-thermal,62.687
1780554532.6236286,,,tj-thermal,64.781
1780554532.7294488,VDD_IN,8619.84,,
1780554532.7294488,VDD_CPU_GPU_CV,3373.952,,
1780554532.7294488,VDD_SOC,1968.0,,
1780554532.7294488,,,cpu-thermal,64.25
1780554532.7294488,,,gpu-thermal,64.781
1780554532.7294488,,,soc0-thermal,62.531
1780554532.7294488,,,soc1-thermal,61.75
1780554532.7294488,,,soc2-thermal,62.656
1780554532.7294488,,,tj-thermal,65.062
1780554532.8351367,VDD_IN,8698.56,,
1780554532.8351367,VDD_CPU_GPU_CV,3413.184,,
1780554532.8351367,VDD_SOC,1968.0,,
1780554532.8351367,,,cpu-thermal,64.343
1780554532.8351367,,,gpu-thermal,64.718
1780554532.8351367,,,soc0-thermal,62.437
1780554532.8351367,,,soc1-thermal,61.75
1780554532.8351367,,,soc2-thermal,62.593
1780554532.8351367,,,tj-thermal,64.718
1780554532.9407632,VDD_IN,8777.28,,
1780554532.9407632,VDD_CPU_GPU_CV,3497.344,,
1780554532.9407632,VDD_SOC,2007.36,,
1780554532.9407632,,,cpu-thermal,63.937
1780554532.9407632,,,gpu-thermal,65.281
1780554532.9407632,,,soc0-thermal,62.437
1780554532.9407632,,,soc1-thermal,61.812
1780554532.9407632,,,soc2-thermal,62.562
1780554532.9407632,,,tj-thermal,65.281
1780554533.0463786,VDD_IN,8777.28,,
1780554533.0463786,VDD_CPU_GPU_CV,3497.344,,
1780554533.0463786,VDD_SOC,2007.36,,
1780554533.0463786,,,cpu-thermal,64.218
1780554533.0463786,,,gpu-thermal,65.093
1780554533.0463786,,,soc0-thermal,62.5
1780554533.0463786,,,soc1-thermal,61.843
1780554533.0463786,,,soc2-thermal,62.625
1780554533.0463786,,,tj-thermal,65.093
1780554533.1520848,VDD_IN,8737.92,,
1780554533.1520848,VDD_CPU_GPU_CV,3458.048,,
1780554533.1520848,VDD_SOC,1968.0,,
1780554533.1520848,,,cpu-thermal,64.125
1780554533.1520848,,,gpu-thermal,64.843
1780554533.1520848,,,soc0-thermal,62.562
1780554533.1520848,,,soc1-thermal,61.687
1780554533.1520848,,,soc2-thermal,62.687
1780554533.1520848,,,tj-thermal,64.843
1780554533.2578177,VDD_IN,8698.56,,
1780554533.2578177,VDD_CPU_GPU_CV,3418.752,,
1780554533.2578177,VDD_SOC,1968.0,,
1780554533.2578177,,,cpu-thermal,64.281
1780554533.2578177,,,gpu-thermal,65.187
1780554533.2578177,,,soc0-thermal,62.5
1780554533.2578177,,,soc1-thermal,61.75
1780554533.2578177,,,soc2-thermal,62.625
1780554533.2578177,,,tj-thermal,64.937
1780554533.3645878,VDD_IN,8659.2,,
1780554533.3645878,VDD_CPU_GPU_CV,3413.184,,
1780554533.3645878,VDD_SOC,1968.0,,
1780554533.3645878,,,cpu-thermal,64.156
1780554533.3645878,,,gpu-thermal,65.125
1780554533.3645878,,,soc0-thermal,62.562
1780554533.3645878,,,soc1-thermal,61.875
1780554533.3645878,,,soc2-thermal,62.625
1780554533.3645878,,,tj-thermal,64.812
1780554533.4702148,VDD_IN,8737.92,,
1780554533.4702148,VDD_CPU_GPU_CV,3452.416,,
1780554533.4702148,VDD_SOC,1968.0,,
1780554533.4702148,,,cpu-thermal,64.25
1780554533.4702148,,,gpu-thermal,64.968
1780554533.4702148,,,soc0-thermal,62.625
1780554533.4702148,,,soc1-thermal,61.781
1780554533.4702148,,,soc2-thermal,62.75
1780554533.4702148,,,tj-thermal,64.968
1780554533.5757267,VDD_IN,8698.56,,
1780554533.5757267,VDD_CPU_GPU_CV,3452.416,,
1780554533.5757267,VDD_SOC,1964.8,,
1780554533.5757267,,,cpu-thermal,64.25
1780554533.5757267,,,gpu-thermal,64.937
1780554533.5757267,,,soc0-thermal,62.687
1780554533.5757267,,,soc1-thermal,61.812
1780554533.5757267,,,soc2-thermal,62.656
1780554533.5757267,,,tj-thermal,64.937
1780554533.6817942,VDD_IN,8737.92,,
1780554533.6817942,VDD_CPU_GPU_CV,3452.416,,
1780554533.6817942,VDD_SOC,1964.8,,
1780554533.6817942,,,cpu-thermal,64.125
1780554533.6817942,,,gpu-thermal,64.812
1780554533.6817942,,,soc0-thermal,62.625
1780554533.6817942,,,soc1-thermal,61.812
1780554533.6817942,,,soc2-thermal,62.75
1780554533.6817942,,,tj-thermal,64.812
1780554533.7881308,VDD_IN,8698.56,,
1780554533.7881308,VDD_CPU_GPU_CV,3413.184,,
1780554533.7881308,VDD_SOC,1964.8,,
1780554533.7881308,,,cpu-thermal,64.156
1780554533.7881308,,,gpu-thermal,64.812
1780554533.7881308,,,soc0-thermal,62.593
1780554533.7881308,,,soc1-thermal,61.906
1780554533.7881308,,,soc2-thermal,62.718
1780554533.7881308,,,tj-thermal,64.812
1780554533.8940902,VDD_IN,8816.64,,
1780554533.8940902,VDD_CPU_GPU_CV,3491.648,,
1780554533.8940902,VDD_SOC,1968.0,,
1780554533.8940902,,,cpu-thermal,64.437
1780554533.8940902,,,gpu-thermal,65.156
1780554533.8940902,,,soc0-thermal,62.718
1780554533.8940902,,,soc1-thermal,61.812
1780554533.8940902,,,soc2-thermal,62.781
1780554533.8940902,,,tj-thermal,65.156
1780554534.0000663,VDD_IN,8895.36,,
1780554534.0000663,VDD_CPU_GPU_CV,3530.88,,
1780554534.0000663,VDD_SOC,2007.36,,
1780554534.0000663,,,cpu-thermal,64.062
1780554534.0000663,,,gpu-thermal,65.062
1780554534.0000663,,,soc0-thermal,62.593
1780554534.0000663,,,soc1-thermal,61.781
1780554534.0000663,,,soc2-thermal,62.687
1780554534.0000663,,,tj-thermal,65.062
1780554534.105653,VDD_IN,8816.64,,
1780554534.105653,VDD_CPU_GPU_CV,3491.648,,
1780554534.105653,VDD_SOC,2007.36,,
1780554534.105653,,,cpu-thermal,64.156
1780554534.105653,,,gpu-thermal,64.875
1780554534.105653,,,soc0-thermal,62.531
1780554534.105653,,,soc1-thermal,61.812
1780554534.105653,,,soc2-thermal,62.718
1780554534.105653,,,tj-thermal,65.062
1780554534.2117858,VDD_IN,8737.92,,
1780554534.2117858,VDD_CPU_GPU_CV,3452.416,,
1780554534.2117858,VDD_SOC,1968.0,,
1780554534.2117858,,,cpu-thermal,64.437
1780554534.2117858,,,gpu-thermal,64.937
1780554534.2117858,,,soc0-thermal,62.625
1780554534.2117858,,,soc1-thermal,61.781
1780554534.2117858,,,soc2-thermal,62.812
1780554534.2117858,,,tj-thermal,64.937
1780554534.31816,VDD_IN,8698.56,,
1780554534.31816,VDD_CPU_GPU_CV,3413.184,,
1780554534.31816,VDD_SOC,1964.8,,
1780554534.31816,,,cpu-thermal,64.437
1780554534.31816,,,gpu-thermal,65.0
1780554534.31816,,,soc0-thermal,62.5
1780554534.31816,,,soc1-thermal,61.812
1780554534.31816,,,soc2-thermal,62.718
1780554534.31816,,,tj-thermal,64.812
1780554534.4241934,VDD_IN,8659.2,,
1780554534.4241934,VDD_CPU_GPU_CV,3373.952,,
1780554534.4241934,VDD_SOC,1964.8,,
1780554534.4241934,,,cpu-thermal,64.062
1780554534.4241934,,,gpu-thermal,64.937
1780554534.4241934,,,soc0-thermal,62.625
1780554534.4241934,,,soc1-thermal,61.812
1780554534.4241934,,,soc2-thermal,62.718
1780554534.4241934,,,tj-thermal,65.187
1780554534.5300243,VDD_IN,8659.2,,
1780554534.5300243,VDD_CPU_GPU_CV,3373.952,,
1780554534.5300243,VDD_SOC,1964.8,,
1780554534.5300243,,,cpu-thermal,64.312
1780554534.5300243,,,gpu-thermal,64.906
1780554534.5300243,,,soc0-thermal,62.625
1780554534.5300243,,,soc1-thermal,62.093
1780554534.5300243,,,soc2-thermal,62.718
1780554534.5300243,,,tj-thermal,64.906
1780554534.6357222,VDD_IN,8619.84,,
1780554534.6357222,VDD_CPU_GPU_CV,3373.952,,
1780554534.6357222,VDD_SOC,1964.8,,
1780554534.6357222,,,cpu-thermal,64.375
1780554534.6357222,,,gpu-thermal,64.906
1780554534.6357222,,,soc0-thermal,62.687
1780554534.6357222,,,soc1-thermal,61.812
1780554534.6357222,,,soc2-thermal,62.781
1780554534.6357222,,,tj-thermal,64.906
1780554534.7413557,VDD_IN,8619.84,,
1780554534.7413557,VDD_CPU_GPU_CV,3373.952,,
1780554534.7413557,VDD_SOC,1964.8,,
1780554534.7413557,,,cpu-thermal,64.406
1780554534.7413557,,,gpu-thermal,65.25
1780554534.7413557,,,soc0-thermal,62.625
1780554534.7413557,,,soc1-thermal,61.906
1780554534.7413557,,,soc2-thermal,62.75
1780554534.7413557,,,tj-thermal,65.25
1780554534.8472233,VDD_IN,8698.56,,
1780554534.8472233,VDD_CPU_GPU_CV,3413.184,,
1780554534.8472233,VDD_SOC,1968.0,,
1780554534.8472233,,,cpu-thermal,64.187
1780554534.8472233,,,gpu-thermal,65.156
1780554534.8472233,,,soc0-thermal,62.656
1780554534.8472233,,,soc1-thermal,61.937
1780554534.8472233,,,soc2-thermal,62.75
1780554534.8472233,,,tj-thermal,65.156
1780554534.9534078,VDD_IN,8777.28,,
1780554534.9534078,VDD_CPU_GPU_CV,3458.048,,
1780554534.9534078,VDD_SOC,2007.36,,
1780554534.9534078,,,cpu-thermal,64.25
1780554534.9534078,,,gpu-thermal,65.062
1780554534.9534078,,,soc0-thermal,62.656
1780554534.9534078,,,soc1-thermal,61.843
1780554534.9534078,,,soc2-thermal,62.781
1780554534.9534078,,,tj-thermal,65.062
1780554535.0591035,VDD_IN,8777.28,,
1780554535.0591035,VDD_CPU_GPU_CV,3497.344,,
1780554535.0591035,VDD_SOC,2007.36,,
1780554535.0591035,,,cpu-thermal,64.218
1780554535.0591035,,,gpu-thermal,65.25
1780554535.0591035,,,soc0-thermal,62.562
1780554535.0591035,,,soc1-thermal,61.843
1780554535.0591035,,,soc2-thermal,62.781
1780554535.0591035,,,tj-thermal,65.031
1780554535.1657374,VDD_IN,8737.92,,
1780554535.1657374,VDD_CPU_GPU_CV,3458.048,,
1780554535.1657374,VDD_SOC,1968.0,,
1780554535.1657374,,,cpu-thermal,64.218
1780554535.1657374,,,gpu-thermal,65.218
1780554535.1657374,,,soc0-thermal,62.593
1780554535.1657374,,,soc1-thermal,61.906
1780554535.1657374,,,soc2-thermal,62.781
1780554535.1657374,,,tj-thermal,65.031
1780554535.271367,VDD_IN,8698.56,,
1780554535.271367,VDD_CPU_GPU_CV,3413.184,,
1780554535.271367,VDD_SOC,1968.0,,
1780554535.271367,,,cpu-thermal,64.187
1780554535.271367,,,gpu-thermal,65.156
1780554535.271367,,,soc0-thermal,62.687
1780554535.271367,,,soc1-thermal,62.0
1780554535.271367,,,soc2-thermal,62.843
1780554535.271367,,,tj-thermal,65.156
1780554535.3771546,VDD_IN,8659.2,,
1780554535.3771546,VDD_CPU_GPU_CV,3413.184,,
1780554535.3771546,VDD_SOC,1968.0,,
1780554535.3771546,,,cpu-thermal,64.218
1780554535.3771546,,,gpu-thermal,64.843
1780554535.3771546,,,soc0-thermal,62.562
1780554535.3771546,,,soc1-thermal,61.812
1780554535.3771546,,,soc2-thermal,62.75
1780554535.3771546,,,tj-thermal,64.843
1780554535.4833167,VDD_IN,8659.2,,
1780554535.4833167,VDD_CPU_GPU_CV,3373.952,,
1780554535.4833167,VDD_SOC,1964.8,,
1780554535.4833167,,,cpu-thermal,64.218
1780554535.4833167,,,gpu-thermal,65.0
1780554535.4833167,,,soc0-thermal,62.656
1780554535.4833167,,,soc1-thermal,61.937
1780554535.4833167,,,soc2-thermal,62.781
1780554535.4833167,,,tj-thermal,65.0
1780554535.5895836,VDD_IN,8619.84,,
1780554535.5895836,VDD_CPU_GPU_CV,3373.952,,
1780554535.5895836,VDD_SOC,1968.0,,
1780554535.5895836,,,cpu-thermal,64.156
1780554535.5895836,,,gpu-thermal,65.281
1780554535.5895836,,,soc0-thermal,62.718
1780554535.5895836,,,soc1-thermal,61.968
1780554535.5895836,,,soc2-thermal,62.75
1780554535.5895836,,,tj-thermal,65.281
1780554535.69544,VDD_IN,8619.84,,
1780554535.69544,VDD_CPU_GPU_CV,3373.952,,
1780554535.69544,VDD_SOC,1968.0,,
1780554535.69544,,,cpu-thermal,64.468
1780554535.69544,,,gpu-thermal,65.187
1780554535.69544,,,soc0-thermal,62.656
1780554535.69544,,,soc1-thermal,61.906
1780554535.69544,,,soc2-thermal,62.875
1780554535.69544,,,tj-thermal,65.187
1780554535.8015177,VDD_IN,8659.2,,
1780554535.8015177,VDD_CPU_GPU_CV,3373.952,,
1780554535.8015177,VDD_SOC,1968.0,,
1780554535.8015177,,,cpu-thermal,64.593
1780554535.8015177,,,gpu-thermal,65.125
1780554535.8015177,,,soc0-thermal,62.593
1780554535.8015177,,,soc1-thermal,61.937
1780554535.8015177,,,soc2-thermal,62.75
1780554535.8015177,,,tj-thermal,65.125
1780554535.9073343,VDD_IN,8737.92,,
1780554535.9073343,VDD_CPU_GPU_CV,3452.416,,
1780554535.9073343,VDD_SOC,1968.0,,
1780554535.9073343,,,cpu-thermal,64.312
1780554535.9073343,,,gpu-thermal,65.125
1780554535.9073343,,,soc0-thermal,62.656
1780554535.9073343,,,soc1-thermal,62.0
1780554535.9073343,,,soc2-thermal,62.812
1780554535.9073343,,,tj-thermal,65.125
1780554536.0129857,VDD_IN,8856.0,,
1780554536.0129857,VDD_CPU_GPU_CV,3497.344,,
1780554536.0129857,VDD_SOC,2007.36,,
1780554536.0129857,,,cpu-thermal,64.25
1780554536.0129857,,,gpu-thermal,65.281
1780554536.0129857,,,soc0-thermal,62.656
1780554536.0129857,,,soc1-thermal,62.062
1780554536.0129857,,,soc2-thermal,62.843
1780554536.0129857,,,tj-thermal,65.093
1780554536.1186888,VDD_IN,8737.92,,
1780554536.1186888,VDD_CPU_GPU_CV,3458.048,,
1780554536.1186888,VDD_SOC,1968.0,,
1780554536.1186888,,,cpu-thermal,64.531
1780554536.1186888,,,gpu-thermal,65.156
1780554536.1186888,,,soc0-thermal,62.781
1780554536.1186888,,,soc1-thermal,61.937
1780554536.1186888,,,soc2-thermal,62.906
1780554536.1186888,,,tj-thermal,65.156
1780554536.2242835,VDD_IN,8737.92,,
1780554536.2242835,VDD_CPU_GPU_CV,3458.048,,
1780554536.2242835,VDD_SOC,1968.0,,
1780554536.2242835,,,cpu-thermal,64.562
1780554536.2242835,,,gpu-thermal,65.156
1780554536.2242835,,,soc0-thermal,62.687
1780554536.2242835,,,soc1-thermal,62.031
1780554536.2242835,,,soc2-thermal,62.875
1780554536.2242835,,,tj-thermal,65.156
1780554536.3300428,VDD_IN,8698.56,,
1780554536.3300428,VDD_CPU_GPU_CV,3413.184,,
1780554536.3300428,VDD_SOC,1968.0,,
1780554536.3300428,,,cpu-thermal,64.25
1780554536.3300428,,,gpu-thermal,65.031
1780554536.3300428,,,soc0-thermal,62.718
1780554536.3300428,,,soc1-thermal,62.031
1780554536.3300428,,,soc2-thermal,62.875
1780554536.3300428,,,tj-thermal,65.031
1780554536.4358988,VDD_IN,8659.2,,
1780554536.4358988,VDD_CPU_GPU_CV,3373.952,,
1780554536.4358988,VDD_SOC,1968.0,,
1780554536.4358988,,,cpu-thermal,64.343
1780554536.4358988,,,gpu-thermal,65.375
1780554536.4358988,,,soc0-thermal,62.781
1780554536.4358988,,,soc1-thermal,61.875
1780554536.4358988,,,soc2-thermal,62.906
1780554536.4358988,,,tj-thermal,65.375
1780554536.5415928,VDD_IN,8659.2,,
1780554536.5415928,VDD_CPU_GPU_CV,3373.952,,
1780554536.5415928,VDD_SOC,1968.0,,
1780554536.5415928,,,cpu-thermal,64.468
1780554536.5415928,,,gpu-thermal,65.031
1780554536.5415928,,,soc0-thermal,62.687
1780554536.5415928,,,soc1-thermal,62.0
1780554536.5415928,,,soc2-thermal,62.812
1780554536.5415928,,,tj-thermal,65.25
1780554536.6472967,VDD_IN,8619.84,,
1780554536.6472967,VDD_CPU_GPU_CV,3373.952,,
1780554536.6472967,VDD_SOC,1968.0,,
1780554536.6472967,,,cpu-thermal,64.281
1780554536.6472967,,,gpu-thermal,65.031
1780554536.6472967,,,soc0-thermal,62.687
1780554536.6472967,,,soc1-thermal,62.031
1780554536.6472967,,,soc2-thermal,62.906
1780554536.6472967,,,tj-thermal,65.281
1780554536.753153,VDD_IN,8619.84,,
1780554536.753153,VDD_CPU_GPU_CV,3373.952,,
1780554536.753153,VDD_SOC,1968.0,,
1780554536.753153,,,cpu-thermal,64.312
1780554536.753153,,,gpu-thermal,65.343
1780554536.753153,,,soc0-thermal,62.75
1780554536.753153,,,soc1-thermal,62.156
1780554536.753153,,,soc2-thermal,62.937
1780554536.753153,,,tj-thermal,65.343
1780554536.858619,VDD_IN,8698.56,,
1780554536.858619,VDD_CPU_GPU_CV,3452.416,,
1780554536.858619,VDD_SOC,1968.0,,
1780554536.858619,,,cpu-thermal,64.343
1780554536.858619,,,gpu-thermal,65.312
1780554536.858619,,,soc0-thermal,62.781
1780554536.858619,,,soc1-thermal,61.937
1780554536.858619,,,soc2-thermal,62.968
1780554536.858619,,,tj-thermal,65.312
1780554536.9639506,VDD_IN,8816.64,,
1780554536.9639506,VDD_CPU_GPU_CV,3497.344,,
1780554536.9639506,VDD_SOC,2007.36,,
1780554536.9639506,,,cpu-thermal,64.218
1780554536.9639506,,,gpu-thermal,65.281
1780554536.9639506,,,soc0-thermal,62.625
1780554536.9639506,,,soc1-thermal,61.968
1780554536.9639506,,,soc2-thermal,62.843
1780554536.9639506,,,tj-thermal,65.281
1780554537.0692396,VDD_IN,8777.28,,
1780554537.0692396,VDD_CPU_GPU_CV,3497.344,,
1780554537.0692396,VDD_SOC,2007.36,,
1780554537.0692396,,,cpu-thermal,64.281
1780554537.0692396,,,gpu-thermal,65.375
1780554537.0692396,,,soc0-thermal,62.656
1780554537.0692396,,,soc1-thermal,62.062
1780554537.0692396,,,soc2-thermal,62.843
1780554537.0692396,,,tj-thermal,65.125
1780554537.174574,VDD_IN,8737.92,,
1780554537.174574,VDD_CPU_GPU_CV,3458.048,,
1780554537.174574,VDD_SOC,1968.0,,
1780554537.174574,,,cpu-thermal,64.375
1780554537.174574,,,gpu-thermal,65.281
1780554537.174574,,,soc0-thermal,62.75
1780554537.174574,,,soc1-thermal,62.125
1780554537.174574,,,soc2-thermal,62.906
1780554537.174574,,,tj-thermal,65.281
1780554537.2799153,VDD_IN,8698.56,,
1780554537.2799153,VDD_CPU_GPU_CV,3452.416,,
1780554537.2799153,VDD_SOC,1968.0,,
1780554537.2799153,,,cpu-thermal,64.406
1780554537.2799153,,,gpu-thermal,65.218
1780554537.2799153,,,soc0-thermal,62.781
1780554537.2799153,,,soc1-thermal,61.937
1780554537.2799153,,,soc2-thermal,63.062
1780554537.2799153,,,tj-thermal,65.218
1780554537.385314,VDD_IN,8698.56,,
1780554537.385314,VDD_CPU_GPU_CV,3413.184,,
1780554537.385314,VDD_SOC,1968.0,,
1780554537.385314,,,cpu-thermal,64.281
1780554537.385314,,,gpu-thermal,65.125
1780554537.385314,,,soc0-thermal,62.75
1780554537.385314,,,soc1-thermal,62.062
1780554537.385314,,,soc2-thermal,62.843
1780554537.385314,,,tj-thermal,65.125
1780554537.490761,VDD_IN,8659.2,,
1780554537.490761,VDD_CPU_GPU_CV,3373.952,,
1780554537.490761,VDD_SOC,1968.0,,
1780554537.490761,,,cpu-thermal,64.25
1780554537.490761,,,gpu-thermal,65.25
1780554537.490761,,,soc0-thermal,62.718
1780554537.490761,,,soc1-thermal,62.125
1780554537.490761,,,soc2-thermal,62.906
1780554537.490761,,,tj-thermal,65.156
1780554537.5962844,VDD_IN,8659.2,,
1780554537.5962844,VDD_CPU_GPU_CV,3373.952,,
1780554537.5962844,VDD_SOC,1968.0,,
1780554537.5962844,,,cpu-thermal,64.406
1780554537.5962844,,,gpu-thermal,65.187
1780554537.5962844,,,soc0-thermal,62.781
1780554537.5962844,,,soc1-thermal,62.187
1780554537.5962844,,,soc2-thermal,62.937
1780554537.5962844,,,tj-thermal,65.187
1780554537.7016463,VDD_IN,8659.2,,
1780554537.7016463,VDD_CPU_GPU_CV,3373.952,,
1780554537.7016463,VDD_SOC,1964.8,,
1780554537.7016463,,,cpu-thermal,64.562
1780554537.7016463,,,gpu-thermal,65.125
1780554537.7016463,,,soc0-thermal,62.843
1780554537.7016463,,,soc1-thermal,62.0
1780554537.7016463,,,soc2-thermal,62.906
1780554537.7016463,,,tj-thermal,65.125
1780554537.807169,VDD_IN,8659.2,,
1780554537.807169,VDD_CPU_GPU_CV,3373.952,,
1780554537.807169,VDD_SOC,1968.0,,
1780554537.807169,,,cpu-thermal,64.375
1780554537.807169,,,gpu-thermal,65.062
1780554537.807169,,,soc0-thermal,62.781
1780554537.807169,,,soc1-thermal,62.031
1780554537.807169,,,soc2-thermal,62.906
1780554537.807169,,,tj-thermal,65.062
1780554537.9127486,VDD_IN,8777.28,,
1780554537.9127486,VDD_CPU_GPU_CV,3458.048,,
1780554537.9127486,VDD_SOC,2007.36,,
1780554537.9127486,,,cpu-thermal,64.312
1780554537.9127486,,,gpu-thermal,65.25
1780554537.9127486,,,soc0-thermal,62.75
1780554537.9127486,,,soc1-thermal,62.156
1780554537.9127486,,,soc2-thermal,62.968
1780554537.9127486,,,tj-thermal,65.531
1780554538.018008,VDD_IN,8856.0,,
1780554538.018008,VDD_CPU_GPU_CV,3497.344,,
1780554538.018008,VDD_SOC,2007.36,,
1780554538.018008,,,cpu-thermal,64.375
1780554538.018008,,,gpu-thermal,65.281
1780554538.018008,,,soc0-thermal,62.781
1780554538.018008,,,soc1-thermal,62.25
1780554538.018008,,,soc2-thermal,62.937
1780554538.018008,,,tj-thermal,65.281
1780554538.1232944,VDD_IN,8777.28,,
1780554538.1232944,VDD_CPU_GPU_CV,3458.048,,
1780554538.1232944,VDD_SOC,2007.36,,
1780554538.1232944,,,cpu-thermal,64.656
1780554538.1232944,,,gpu-thermal,65.156
1780554538.1232944,,,soc0-thermal,62.843
1780554538.1232944,,,soc1-thermal,62.062
1780554538.1232944,,,soc2-thermal,63.0
1780554538.1232944,,,tj-thermal,65.156
1780554538.2289402,VDD_IN,8777.28,,
1780554538.2289402,VDD_CPU_GPU_CV,3413.184,,
1780554538.2289402,VDD_SOC,2007.36,,
1780554538.2289402,,,cpu-thermal,64.343
1780554538.2289402,,,gpu-thermal,65.437
1780554538.2289402,,,soc0-thermal,62.781
1780554538.2289402,,,soc1-thermal,62.093
1780554538.2289402,,,soc2-thermal,63.0
1780554538.2289402,,,tj-thermal,65.437
1780554538.3343143,VDD_IN,8698.56,,
1780554538.3343143,VDD_CPU_GPU_CV,3413.184,,
1780554538.3343143,VDD_SOC,1968.0,,
1780554538.3343143,,,cpu-thermal,64.406
1780554538.3343143,,,gpu-thermal,65.218
1780554538.3343143,,,soc0-thermal,62.812
1780554538.3343143,,,soc1-thermal,62.125
1780554538.3343143,,,soc2-thermal,62.906
1780554538.3343143,,,tj-thermal,65.406
1780554538.4397554,VDD_IN,8659.2,,
1780554538.4397554,VDD_CPU_GPU_CV,3413.184,,
1780554538.4397554,VDD_SOC,1968.0,,
1780554538.4397554,,,cpu-thermal,64.468
1780554538.4397554,,,gpu-thermal,65.156
1780554538.4397554,,,soc0-thermal,62.812
1780554538.4397554,,,soc1-thermal,62.312
1780554538.4397554,,,soc2-thermal,63.125
1780554538.4397554,,,tj-thermal,65.156
1780554538.5457616,VDD_IN,8659.2,,
1780554538.5457616,VDD_CPU_GPU_CV,3413.184,,
1780554538.5457616,VDD_SOC,1968.0,,
1780554538.5457616,,,cpu-thermal,64.625
1780554538.5457616,,,gpu-thermal,65.5
1780554538.5457616,,,soc0-thermal,62.781
1780554538.5457616,,,soc1-thermal,62.156
1780554538.5457616,,,soc2-thermal,62.937
1780554538.5457616,,,tj-thermal,65.5
1780554538.6514452,VDD_IN,8659.2,,
1780554538.6514452,VDD_CPU_GPU_CV,3413.184,,
1780554538.6514452,VDD_SOC,1968.0,,
1780554538.6514452,,,cpu-thermal,64.75
1780554538.6514452,,,gpu-thermal,65.375
1780554538.6514452,,,soc0-thermal,62.843
1780554538.6514452,,,soc1-thermal,62.156
1780554538.6514452,,,soc2-thermal,62.968
1780554538.6514452,,,tj-thermal,65.375
1780554538.757663,VDD_IN,8619.84,,
1780554538.757663,VDD_CPU_GPU_CV,3373.952,,
1780554538.757663,VDD_SOC,1968.0,,
1780554538.757663,,,cpu-thermal,64.562
1780554538.757663,,,gpu-thermal,65.281
1780554538.757663,,,soc0-thermal,62.906
1780554538.757663,,,soc1-thermal,62.25
1780554538.757663,,,soc2-thermal,62.843
1780554538.757663,,,tj-thermal,65.281
1780554538.8631048,VDD_IN,8737.92,,
1780554538.8631048,VDD_CPU_GPU_CV,3452.416,,
1780554538.8631048,VDD_SOC,1968.0,,
1780554538.8631048,,,cpu-thermal,64.5
1780554538.8631048,,,gpu-thermal,65.468
1780554538.8631048,,,soc0-thermal,62.875
1780554538.8631048,,,soc1-thermal,62.031
1780554538.8631048,,,soc2-thermal,62.937
1780554538.8631048,,,tj-thermal,65.343
1780554538.9684954,VDD_IN,8816.64,,
1780554538.9684954,VDD_CPU_GPU_CV,3497.344,,
1780554538.9684954,VDD_SOC,2007.36,,
1780554538.9684954,,,cpu-thermal,64.562
1780554538.9684954,,,gpu-thermal,65.281
1780554538.9684954,,,soc0-thermal,62.75
1780554538.9684954,,,soc1-thermal,62.093
1780554538.9684954,,,soc2-thermal,62.968
1780554538.9684954,,,tj-thermal,65.281
1780554539.074279,VDD_IN,8777.28,,
1780554539.074279,VDD_CPU_GPU_CV,3497.344,,
1780554539.074279,VDD_SOC,2007.36,,
1780554539.074279,,,cpu-thermal,64.406
1780554539.074279,,,gpu-thermal,65.343
1780554539.074279,,,soc0-thermal,62.781
1780554539.074279,,,soc1-thermal,62.125
1780554539.074279,,,soc2-thermal,62.968
1780554539.074279,,,tj-thermal,65.343
1780554539.1802468,VDD_IN,8737.92,,
1780554539.1802468,VDD_CPU_GPU_CV,3491.648,,
1780554539.1802468,VDD_SOC,1968.0,,
1780554539.1802468,,,cpu-thermal,64.531
1780554539.1802468,,,gpu-thermal,65.218
1780554539.1802468,,,soc0-thermal,62.937
1780554539.1802468,,,soc1-thermal,62.156
1780554539.1802468,,,soc2-thermal,63.062
1780554539.1802468,,,tj-thermal,65.218
1780554539.286096,VDD_IN,8698.56,,
1780554539.286096,VDD_CPU_GPU_CV,3452.416,,
1780554539.286096,VDD_SOC,1968.0,,
1780554539.286096,,,cpu-thermal,64.5
1780554539.286096,,,gpu-thermal,65.218
1780554539.286096,,,soc0-thermal,63.0
1780554539.286096,,,soc1-thermal,62.218
1780554539.286096,,,soc2-thermal,63.125
1780554539.286096,,,tj-thermal,65.218
1780554539.392046,VDD_IN,8698.56,,
1780554539.392046,VDD_CPU_GPU_CV,3452.416,,
1780554539.392046,VDD_SOC,1964.8,,
1780554539.392046,,,cpu-thermal,64.468
1780554539.392046,,,gpu-thermal,65.5
1780554539.392046,,,soc0-thermal,62.812
1780554539.392046,,,soc1-thermal,62.187
1780554539.392046,,,soc2-thermal,63.125
1780554539.392046,,,tj-thermal,65.5
1780554539.4975932,VDD_IN,8659.2,,
1780554539.4975932,VDD_CPU_GPU_CV,3413.184,,
1780554539.4975932,VDD_SOC,1964.8,,
1780554539.4975932,,,cpu-thermal,64.562
1780554539.4975932,,,gpu-thermal,65.281
1780554539.4975932,,,soc0-thermal,62.812
1780554539.4975932,,,soc1-thermal,62.187
1780554539.4975932,,,soc2-thermal,63.031
1780554539.4975932,,,tj-thermal,65.437
1780554539.6032145,VDD_IN,8659.2,,
1780554539.6032145,VDD_CPU_GPU_CV,3413.184,,
1780554539.6032145,VDD_SOC,1964.8,,
1780554539.6032145,,,cpu-thermal,64.5
1780554539.6032145,,,gpu-thermal,65.218
1780554539.6032145,,,soc0-thermal,62.843
1780554539.6032145,,,soc1-thermal,62.125
1780554539.6032145,,,soc2-thermal,63.156
1780554539.6032145,,,tj-thermal,65.312
1780554539.7092018,VDD_IN,8645.12,,
1780554539.7092018,VDD_CPU_GPU_CV,3413.184,,
1780554539.7092018,VDD_SOC,1964.8,,
1780554539.7092018,,,cpu-thermal,64.468
1780554539.7092018,,,gpu-thermal,65.531
1780554539.7092018,,,soc0-thermal,62.812
1780554539.7092018,,,soc1-thermal,62.156
1780554539.7092018,,,soc2-thermal,62.968
1780554539.7092018,,,tj-thermal,65.531
1780554539.8148484,VDD_IN,8698.56,,
1780554539.8148484,VDD_CPU_GPU_CV,3413.184,,
1780554539.8148484,VDD_SOC,1964.8,,
1780554539.8148484,,,cpu-thermal,64.437
1780554539.8148484,,,gpu-thermal,65.437
1780554539.8148484,,,soc0-thermal,62.843
1780554539.8148484,,,soc1-thermal,62.187
1780554539.8148484,,,soc2-thermal,63.0
1780554539.8148484,,,tj-thermal,65.437
1780554539.9203403,VDD_IN,8777.28,,
1780554539.9203403,VDD_CPU_GPU_CV,3452.416,,
1780554539.9203403,VDD_SOC,2007.36,,
1780554539.9203403,,,cpu-thermal,64.5
1780554539.9203403,,,gpu-thermal,65.375
1780554539.9203403,,,soc0-thermal,62.906
1780554539.9203403,,,soc1-thermal,62.343
1780554539.9203403,,,soc2-thermal,63.062
1780554539.9203403,,,tj-thermal,65.375
1780554540.026055,VDD_IN,8816.64,,
1780554540.026055,VDD_CPU_GPU_CV,3491.648,,
1780554540.026055,VDD_SOC,2007.36,,
1780554540.026055,,,cpu-thermal,64.656
1780554540.026055,,,gpu-thermal,65.281
1780554540.026055,,,soc0-thermal,63.031
1780554540.026055,,,soc1-thermal,62.218
1780554540.026055,,,soc2-thermal,63.187
1780554540.026055,,,tj-thermal,65.281
1780554540.1317255,VDD_IN,8737.92,,
1780554540.1317255,VDD_CPU_GPU_CV,3452.416,,
1780554540.1317255,VDD_SOC,2007.36,,
1780554540.1317255,,,cpu-thermal,64.5
1780554540.1317255,,,gpu-thermal,65.375
1780554540.1317255,,,soc0-thermal,62.968
1780554540.1317255,,,soc1-thermal,62.187
1780554540.1317255,,,soc2-thermal,63.125
1780554540.1317255,,,tj-thermal,65.281
1780554540.2375038,VDD_IN,8698.56,,
1780554540.2375038,VDD_CPU_GPU_CV,3413.184,,
1780554540.2375038,VDD_SOC,1968.0,,
1780554540.2375038,,,cpu-thermal,64.437
1780554540.2375038,,,gpu-thermal,65.281
1780554540.2375038,,,soc0-thermal,62.906
1780554540.2375038,,,soc1-thermal,62.187
1780554540.2375038,,,soc2-thermal,63.125
1780554540.2375038,,,tj-thermal,65.281
1780554540.3431287,VDD_IN,8698.56,,
1780554540.3431287,VDD_CPU_GPU_CV,3413.184,,
1780554540.3431287,VDD_SOC,1968.0,,
1780554540.3431287,,,cpu-thermal,64.687
1780554540.3431287,,,gpu-thermal,65.343
1780554540.3431287,,,soc0-thermal,63.0
1780554540.3431287,,,soc1-thermal,62.343
1780554540.3431287,,,soc2-thermal,63.187
1780554540.3431287,,,tj-thermal,65.343
1780554540.4487972,VDD_IN,8659.2,,
1780554540.4487972,VDD_CPU_GPU_CV,3413.184,,
1780554540.4487972,VDD_SOC,1964.8,,
1780554540.4487972,,,cpu-thermal,64.718
1780554540.4487972,,,gpu-thermal,65.218
1780554540.4487972,,,soc0-thermal,62.906
1780554540.4487972,,,soc1-thermal,62.156
1780554540.4487972,,,soc2-thermal,63.187
1780554540.4487972,,,tj-thermal,65.218
1780554540.5550284,VDD_IN,8659.2,,
1780554540.5550284,VDD_CPU_GPU_CV,3413.184,,
1780554540.5550284,VDD_SOC,1964.8,,
1780554540.5550284,,,cpu-thermal,64.875
1780554540.5550284,,,gpu-thermal,65.593
1780554540.5550284,,,soc0-thermal,62.843
1780554540.5550284,,,soc1-thermal,62.218
1780554540.5550284,,,soc2-thermal,63.156
1780554540.5550284,,,tj-thermal,65.593
1780554540.660601,VDD_IN,8619.84,,
1780554540.660601,VDD_CPU_GPU_CV,3413.184,,
1780554540.660601,VDD_SOC,1964.8,,
1780554540.660601,,,cpu-thermal,64.593
1780554540.660601,,,gpu-thermal,65.437
1780554540.660601,,,soc0-thermal,63.031
1780554540.660601,,,soc1-thermal,62.312
1780554540.660601,,,soc2-thermal,63.218
1780554540.660601,,,tj-thermal,65.437
1780554540.766423,VDD_IN,8619.84,,
1780554540.766423,VDD_CPU_GPU_CV,3413.184,,
1780554540.766423,VDD_SOC,1964.8,,
1780554540.766423,,,cpu-thermal,64.687
1780554540.766423,,,gpu-thermal,65.25
1780554540.766423,,,soc0-thermal,63.093
1780554540.766423,,,soc1-thermal,62.187
1780554540.766423,,,soc2-thermal,63.218
1780554540.766423,,,tj-thermal,65.406
1780554540.87243,VDD_IN,8737.92,,
1780554540.87243,VDD_CPU_GPU_CV,3452.416,,
1780554540.87243,VDD_SOC,1968.0,,
1780554540.87243,,,cpu-thermal,64.625
1780554540.87243,,,gpu-thermal,65.75
1780554540.87243,,,soc0-thermal,62.875
1780554540.87243,,,soc1-thermal,62.25
1780554540.87243,,,soc2-thermal,63.093
1780554540.87243,,,tj-thermal,65.375
1780554540.9783387,VDD_IN,8816.64,,
1780554540.9783387,VDD_CPU_GPU_CV,3491.648,,
1780554540.9783387,VDD_SOC,2007.36,,
1780554540.9783387,,,cpu-thermal,64.562
1780554540.9783387,,,gpu-thermal,65.625
1780554540.9783387,,,soc0-thermal,62.906
1780554540.9783387,,,soc1-thermal,62.312
1780554540.9783387,,,soc2-thermal,63.187
1780554540.9783387,,,tj-thermal,65.625
1780554541.083764,VDD_IN,8777.28,,
1780554541.083764,VDD_CPU_GPU_CV,3491.648,,
1780554541.083764,VDD_SOC,1968.0,,
1780554541.083764,,,cpu-thermal,64.625
1780554541.083764,,,gpu-thermal,65.406
1780554541.083764,,,soc0-thermal,62.968
1780554541.083764,,,soc1-thermal,62.312
1780554541.083764,,,soc2-thermal,63.187
1780554541.083764,,,tj-thermal,65.406
1780554541.1894104,VDD_IN,8737.92,,
1780554541.1894104,VDD_CPU_GPU_CV,3452.416,,
1780554541.1894104,VDD_SOC,1968.0,,
1780554541.1894104,,,cpu-thermal,64.687
1780554541.1894104,,,gpu-thermal,65.312
1780554541.1894104,,,soc0-thermal,63.0
1780554541.1894104,,,soc1-thermal,62.187
1780554541.1894104,,,soc2-thermal,63.343
1780554541.1894104,,,tj-thermal,65.312
1780554541.2949054,VDD_IN,8737.92,,
1780554541.2949054,VDD_CPU_GPU_CV,3452.416,,
1780554541.2949054,VDD_SOC,1964.8,,
1780554541.2949054,,,cpu-thermal,64.562
1780554541.2949054,,,gpu-thermal,65.468
1780554541.2949054,,,soc0-thermal,62.875
1780554541.2949054,,,soc1-thermal,62.312
1780554541.2949054,,,soc2-thermal,63.218
1780554541.2949054,,,tj-thermal,65.312
1780554541.400585,VDD_IN,8698.56,,
1780554541.400585,VDD_CPU_GPU_CV,3413.184,,
1780554541.400585,VDD_SOC,1964.8,,
1780554541.400585,,,cpu-thermal,64.593
1780554541.400585,,,gpu-thermal,65.406
1780554541.400585,,,soc0-thermal,62.968
1780554541.400585,,,soc1-thermal,62.375
1780554541.400585,,,soc2-thermal,63.25
1780554541.400585,,,tj-thermal,65.718
1780554541.5062351,VDD_IN,8698.56,,
1780554541.5062351,VDD_CPU_GPU_CV,3413.184,,
1780554541.5062351,VDD_SOC,1964.8,,
1780554541.5062351,,,cpu-thermal,64.562
1780554541.5062351,,,gpu-thermal,65.343
1780554541.5062351,,,soc0-thermal,63.093
1780554541.5062351,,,soc1-thermal,62.406
1780554541.5062351,,,soc2-thermal,63.218
1780554541.5062351,,,tj-thermal,65.343
1780554541.611909,VDD_IN,8659.2,,
1780554541.611909,VDD_CPU_GPU_CV,3413.184,,
1780554541.611909,VDD_SOC,1964.8,,
1780554541.611909,,,cpu-thermal,64.562
1780554541.611909,,,gpu-thermal,65.343
1780554541.611909,,,soc0-thermal,63.0
1780554541.611909,,,soc1-thermal,62.218
1780554541.611909,,,soc2-thermal,63.25
1780554541.611909,,,tj-thermal,65.343
1780554541.7184272,VDD_IN,8659.2,,
1780554541.7184272,VDD_CPU_GPU_CV,3413.184,,
1780554541.7184272,VDD_SOC,1964.8,,
1780554541.7184272,,,cpu-thermal,64.593
1780554541.7184272,,,gpu-thermal,65.625
1780554541.7184272,,,soc0-thermal,63.031
1780554541.7184272,,,soc1-thermal,62.312
1780554541.7184272,,,soc2-thermal,63.125
1780554541.7184272,,,tj-thermal,65.625
1780554541.8239894,VDD_IN,8698.56,,
1780554541.8239894,VDD_CPU_GPU_CV,3452.416,,
1780554541.8239894,VDD_SOC,1964.8,,
1780554541.8239894,,,cpu-thermal,64.625
1780554541.8239894,,,gpu-thermal,65.625
1780554541.8239894,,,soc0-thermal,63.0
1780554541.8239894,,,soc1-thermal,62.375
1780554541.8239894,,,soc2-thermal,63.218
1780554541.8239894,,,tj-thermal,65.625
1780554541.9301326,VDD_IN,8816.64,,
1780554541.9301326,VDD_CPU_GPU_CV,3491.648,,
1780554541.9301326,VDD_SOC,2007.36,,
1780554541.9301326,,,cpu-thermal,64.875
1780554541.9301326,,,gpu-thermal,65.531
1780554541.9301326,,,soc0-thermal,63.187
1780554541.9301326,,,soc1-thermal,62.281
1780554541.9301326,,,soc2-thermal,63.312
1780554541.9301326,,,tj-thermal,65.531
1780554542.0356612,VDD_IN,8816.64,,
1780554542.0356612,VDD_CPU_GPU_CV,3497.344,,
1780554542.0356612,VDD_SOC,2007.36,,
1780554542.0356612,,,cpu-thermal,64.562
1780554542.0356612,,,gpu-thermal,65.656
1780554542.0356612,,,soc0-thermal,62.968
1780554542.0356612,,,soc1-thermal,62.281
1780554542.0356612,,,soc2-thermal,63.218
1780554542.0356612,,,tj-thermal,65.437
1780554542.1417747,VDD_IN,8737.92,,
1780554542.1417747,VDD_CPU_GPU_CV,3491.648,,
1780554542.1417747,VDD_SOC,2007.36,,
1780554542.1417747,,,cpu-thermal,64.625
1780554542.1417747,,,gpu-thermal,65.531
1780554542.1417747,,,soc0-thermal,63.062
1780554542.1417747,,,soc1-thermal,62.406
1780554542.1417747,,,soc2-thermal,63.312
1780554542.1417747,,,tj-thermal,65.406
1780554542.2477605,VDD_IN,8737.92,,
1780554542.2477605,VDD_CPU_GPU_CV,3452.416,,
1780554542.2477605,VDD_SOC,1968.0,,
1780554542.2477605,,,cpu-thermal,64.718
1780554542.2477605,,,gpu-thermal,65.5
1780554542.2477605,,,soc0-thermal,63.093
1780554542.2477605,,,soc1-thermal,62.312
1780554542.2477605,,,soc2-thermal,63.281
1780554542.2477605,,,tj-thermal,65.343
1780554542.3539128,VDD_IN,8698.56,,
1780554542.3539128,VDD_CPU_GPU_CV,3413.184,,
1780554542.3539128,VDD_SOC,1968.0,,
1780554542.3539128,,,cpu-thermal,64.875
1780554542.3539128,,,gpu-thermal,65.437
1780554542.3539128,,,soc0-thermal,63.25
1780554542.3539128,,,soc1-thermal,62.343
1780554542.3539128,,,soc2-thermal,63.281
1780554542.3539128,,,tj-thermal,65.437
1780554542.4594228,VDD_IN,8619.84,,
1780554542.4594228,VDD_CPU_GPU_CV,3413.184,,
1780554542.4594228,VDD_SOC,1968.0,,
1780554542.4594228,,,cpu-thermal,64.937
1780554542.4594228,,,gpu-thermal,65.375
1780554542.4594228,,,soc0-thermal,63.031
1780554542.4594228,,,soc1-thermal,62.343
1780554542.4594228,,,soc2-thermal,63.25
1780554542.4594228,,,tj-thermal,65.375
1780554542.5650606,VDD_IN,8619.84,,
1780554542.5650606,VDD_CPU_GPU_CV,3373.952,,
1780554542.5650606,VDD_SOC,1968.0,,
1780554542.5650606,,,cpu-thermal,64.718
1780554542.5650606,,,gpu-thermal,65.75
1780554542.5650606,,,soc0-thermal,63.031
1780554542.5650606,,,soc1-thermal,62.406
1780554542.5650606,,,soc2-thermal,63.187
1780554542.5650606,,,tj-thermal,65.75
1780554542.670845,VDD_IN,8580.48,,
1780554542.670845,VDD_CPU_GPU_CV,3373.952,,
1780554542.670845,VDD_SOC,1968.0,,
1780554542.670845,,,cpu-thermal,64.843
1780554542.670845,,,gpu-thermal,65.562
1780554542.670845,,,soc0-thermal,63.093
1780554542.670845,,,soc1-thermal,62.312
1780554542.670845,,,soc2-thermal,63.281
1780554542.670845,,,tj-thermal,65.562
1780554542.7762926,VDD_IN,8541.12,,
1780554542.7762926,VDD_CPU_GPU_CV,3334.72,,
1780554542.7762926,VDD_SOC,1968.0,,
1780554542.7762926,,,cpu-thermal,64.875
1780554542.7762926,,,gpu-thermal,65.312
1780554542.7762926,,,soc0-thermal,62.968
1780554542.7762926,,,soc1-thermal,62.343
1780554542.7762926,,,soc2-thermal,63.25
1780554542.7762926,,,tj-thermal,65.5
1780554542.8819616,VDD_IN,8659.2,,
1780554542.8819616,VDD_CPU_GPU_CV,3413.184,,
1780554542.8819616,VDD_SOC,1968.0,,
1780554542.8819616,,,cpu-thermal,64.687
1780554542.8819616,,,gpu-thermal,65.843
1780554542.8819616,,,soc0-thermal,63.062
1780554542.8819616,,,soc1-thermal,62.375
1780554542.8819616,,,soc2-thermal,63.343
1780554542.8819616,,,tj-thermal,65.843
1780554542.9879074,VDD_IN,8777.28,,
1780554542.9879074,VDD_CPU_GPU_CV,3458.048,,
1780554542.9879074,VDD_SOC,2007.36,,
1780554542.9879074,,,cpu-thermal,64.625
1780554542.9879074,,,gpu-thermal,65.656
1780554542.9879074,,,soc0-thermal,63.031
1780554542.9879074,,,soc1-thermal,62.406
1780554542.9879074,,,soc2-thermal,63.343
1780554542.9879074,,,tj-thermal,65.656
1780554543.0933378,VDD_IN,8737.92,,
1780554543.0933378,VDD_CPU_GPU_CV,3458.048,,
1780554543.0933378,VDD_SOC,1968.0,,
1780554543.0933378,,,cpu-thermal,64.843
1780554543.0933378,,,gpu-thermal,65.718
1780554543.0933378,,,soc0-thermal,63.218
1780554543.0933378,,,soc1-thermal,62.312
1780554543.0933378,,,soc2-thermal,63.343
1780554543.0933378,,,tj-thermal,65.718
1780554543.1988912,VDD_IN,8737.92,,
1780554543.1988912,VDD_CPU_GPU_CV,3452.416,,
1780554543.1988912,VDD_SOC,1968.0,,
1780554543.1988912,,,cpu-thermal,64.625
1780554543.1988912,,,gpu-thermal,65.468
1780554543.1988912,,,soc0-thermal,63.062
1780554543.1988912,,,soc1-thermal,62.406
1780554543.1988912,,,soc2-thermal,63.25
1780554543.1988912,,,tj-thermal,65.468
1780554543.3044498,VDD_IN,8698.56,,
1780554543.3044498,VDD_CPU_GPU_CV,3413.184,,
1780554543.3044498,VDD_SOC,1968.0,,
1780554543.3044498,,,cpu-thermal,64.718
1780554543.3044498,,,gpu-thermal,65.593
1780554543.3044498,,,soc0-thermal,63.125
1780554543.3044498,,,soc1-thermal,62.406
1780554543.3044498,,,soc2-thermal,63.312
1780554543.3044498,,,tj-thermal,65.375
1780554543.4102163,VDD_IN,8659.2,,
1780554543.4102163,VDD_CPU_GPU_CV,3413.184,,
1780554543.4102163,VDD_SOC,1964.8,,
1780554543.4102163,,,cpu-thermal,64.75
1780554543.4102163,,,gpu-thermal,65.593
1780554543.4102163,,,soc0-thermal,63.093
1780554543.4102163,,,soc1-thermal,62.5
1780554543.4102163,,,soc2-thermal,63.343
1780554543.4102163,,,tj-thermal,65.593
1780554543.5158093,VDD_IN,8659.2,,
1780554543.5158093,VDD_CPU_GPU_CV,3373.952,,
1780554543.5158093,VDD_SOC,1964.8,,
1780554543.5158093,,,cpu-thermal,64.656
1780554543.5158093,,,gpu-thermal,65.531
1780554543.5158093,,,soc0-thermal,63.156
1780554543.5158093,,,soc1-thermal,62.312
1780554543.5158093,,,soc2-thermal,63.343
1780554543.5158093,,,tj-thermal,65.531
1780554543.6216674,VDD_IN,8659.2,,
1780554543.6216674,VDD_CPU_GPU_CV,3373.952,,
1780554543.6216674,VDD_SOC,1964.8,,
1780554543.6216674,,,cpu-thermal,64.625
1780554543.6216674,,,gpu-thermal,65.437
1780554543.6216674,,,soc0-thermal,63.093
1780554543.6216674,,,soc1-thermal,62.343
1780554543.6216674,,,soc2-thermal,63.281
1780554543.6216674,,,tj-thermal,65.437
1780554543.7273626,VDD_IN,8659.2,,
1780554543.7273626,VDD_CPU_GPU_CV,3373.952,,
1780554543.7273626,VDD_SOC,1964.8,,
1780554543.7273626,,,cpu-thermal,64.656
1780554543.7273626,,,gpu-thermal,65.781
1780554543.7273626,,,soc0-thermal,63.156
1780554543.7273626,,,soc1-thermal,62.437
1780554543.7273626,,,soc2-thermal,63.312
1780554543.7273626,,,tj-thermal,65.781
1780554543.8329692,VDD_IN,8698.56,,
1780554543.8329692,VDD_CPU_GPU_CV,3413.184,,
1780554543.8329692,VDD_SOC,1968.0,,
1780554543.8329692,,,cpu-thermal,64.937
1780554543.8329692,,,gpu-thermal,65.531
1780554543.8329692,,,soc0-thermal,63.25
1780554543.8329692,,,soc1-thermal,62.375
1780554543.8329692,,,soc2-thermal,63.375
1780554543.8329692,,,tj-thermal,65.75
1780554543.938722,VDD_IN,8816.64,,
1780554543.938722,VDD_CPU_GPU_CV,3491.648,,
1780554543.938722,VDD_SOC,2007.36,,
1780554543.938722,,,cpu-thermal,64.687
1780554543.938722,,,gpu-thermal,65.531
1780554543.938722,,,soc0-thermal,63.156
1780554543.938722,,,soc1-thermal,62.468
1780554543.938722,,,soc2-thermal,63.281
1780554543.938722,,,tj-thermal,65.625
1780554544.0445392,VDD_IN,8816.64,,
1780554544.0445392,VDD_CPU_GPU_CV,3458.048,,
1780554544.0445392,VDD_SOC,2007.36,,
1780554544.0445392,,,cpu-thermal,64.656
1780554544.0445392,,,gpu-thermal,65.843
1780554544.0445392,,,soc0-thermal,63.125
1780554544.0445392,,,soc1-thermal,62.406
1780554544.0445392,,,soc2-thermal,63.343
1780554544.0445392,,,tj-thermal,65.843
1780554544.150183,VDD_IN,8777.28,,
1780554544.150183,VDD_CPU_GPU_CV,3452.416,,
1780554544.150183,VDD_SOC,2007.36,,
1780554544.150183,,,cpu-thermal,64.906
1780554544.150183,,,gpu-thermal,65.718
1780554544.150183,,,soc0-thermal,63.218
1780554544.150183,,,soc1-thermal,62.562
1780554544.150183,,,soc2-thermal,63.343
1780554544.150183,,,tj-thermal,65.718
1780554544.256001,VDD_IN,8737.92,,
1780554544.256001,VDD_CPU_GPU_CV,3413.184,,
1780554544.256001,VDD_SOC,1968.0,,
1780554544.256001,,,cpu-thermal,64.906
1780554544.256001,,,gpu-thermal,65.625
1780554544.256001,,,soc0-thermal,63.281
1780554544.256001,,,soc1-thermal,62.437
1780554544.256001,,,soc2-thermal,63.375
1780554544.256001,,,tj-thermal,65.625
1780554544.361495,VDD_IN,8737.92,,
1780554544.361495,VDD_CPU_GPU_CV,3413.184,,
1780554544.361495,VDD_SOC,1968.0,,
1780554544.361495,,,cpu-thermal,65.031
1780554544.361495,,,gpu-thermal,65.843
1780554544.361495,,,soc0-thermal,63.187
1780554544.361495,,,soc1-thermal,62.406
1780554544.361495,,,soc2-thermal,63.312
1780554544.361495,,,tj-thermal,65.468
1780554544.4673026,VDD_IN,8659.2,,
1780554544.4673026,VDD_CPU_GPU_CV,3373.952,,
1780554544.4673026,VDD_SOC,1968.0,,
1780554544.4673026,,,cpu-thermal,64.781
1780554544.4673026,,,gpu-thermal,65.656
1780554544.4673026,,,soc0-thermal,63.187
1780554544.4673026,,,soc1-thermal,62.562
1780554544.4673026,,,soc2-thermal,63.343
1780554544.4673026,,,tj-thermal,65.5
1780554544.5732195,VDD_IN,8619.84,,
1780554544.5732195,VDD_CPU_GPU_CV,3373.952,,
1780554544.5732195,VDD_SOC,1968.0,,
1780554544.5732195,,,cpu-thermal,64.843
1780554544.5732195,,,gpu-thermal,65.625
1780554544.5732195,,,soc0-thermal,63.218
1780554544.5732195,,,soc1-thermal,62.625
1780554544.5732195,,,soc2-thermal,63.437
1780554544.5732195,,,tj-thermal,65.625
1780554544.6787763,VDD_IN,8619.84,,
1780554544.6787763,VDD_CPU_GPU_CV,3373.952,,
1780554544.6787763,VDD_SOC,1968.0,,
1780554544.6787763,,,cpu-thermal,64.937
1780554544.6787763,,,gpu-thermal,65.531
1780554544.6787763,,,soc0-thermal,63.156
1780554544.6787763,,,soc1-thermal,62.437
1780554544.6787763,,,soc2-thermal,63.312
1780554544.6787763,,,tj-thermal,65.531
1780554544.7846937,VDD_IN,8619.84,,
1780554544.7846937,VDD_CPU_GPU_CV,3373.952,,
1780554544.7846937,VDD_SOC,1964.8,,
1780554544.7846937,,,cpu-thermal,64.843
1780554544.7846937,,,gpu-thermal,65.593
1780554544.7846937,,,soc0-thermal,63.218
1780554544.7846937,,,soc1-thermal,62.562
1780554544.7846937,,,soc2-thermal,63.343
1780554544.7846937,,,tj-thermal,65.593
1780554544.8904462,VDD_IN,8737.92,,
1780554544.8904462,VDD_CPU_GPU_CV,3452.416,,
1780554544.8904462,VDD_SOC,2007.36,,
1780554544.8904462,,,cpu-thermal,64.875
1780554544.8904462,,,gpu-thermal,65.593
1780554544.8904462,,,soc0-thermal,63.218
1780554544.8904462,,,soc1-thermal,62.593
1780554544.8904462,,,soc2-thermal,63.437
1780554544.8904462,,,tj-thermal,65.593
1780554544.9964054,VDD_IN,8816.64,,
1780554544.9964054,VDD_CPU_GPU_CV,3497.344,,
1780554544.9964054,VDD_SOC,2007.36,,
1780554544.9964054,,,cpu-thermal,64.968
1780554544.9964054,,,gpu-thermal,65.781
1780554544.9964054,,,soc0-thermal,63.281
1780554544.9964054,,,soc1-thermal,62.437
1780554544.9964054,,,soc2-thermal,63.406
1780554544.9964054,,,tj-thermal,65.781
1780554545.101898,VDD_IN,8777.28,,
1780554545.101898,VDD_CPU_GPU_CV,3458.048,,
1780554545.101898,VDD_SOC,2007.36,,
1780554545.101898,,,cpu-thermal,64.812
1780554545.101898,,,gpu-thermal,65.562
1780554545.101898,,,soc0-thermal,63.218
1780554545.101898,,,soc1-thermal,62.468
1780554545.101898,,,soc2-thermal,63.406
1780554545.101898,,,tj-thermal,65.718
1780554545.2075722,VDD_IN,8737.92,,
1780554545.2075722,VDD_CPU_GPU_CV,3452.416,,
1780554545.2075722,VDD_SOC,2007.36,,
1780554545.2075722,,,cpu-thermal,64.875
1780554545.2075722,,,gpu-thermal,65.906
1780554545.2075722,,,soc0-thermal,63.281
1780554545.2075722,,,soc1-thermal,62.562
1780554545.2075722,,,soc2-thermal,63.343
1780554545.2075722,,,tj-thermal,65.906
1780554545.3136067,VDD_IN,8698.56,,
1780554545.3136067,VDD_CPU_GPU_CV,3413.184,,
1780554545.3136067,VDD_SOC,1968.0,,
1780554545.3136067,,,cpu-thermal,64.906
1780554545.3136067,,,gpu-thermal,65.75
1780554545.3136067,,,soc0-thermal,63.312
1780554545.3136067,,,soc1-thermal,62.687
1780554545.3136067,,,soc2-thermal,63.468
1780554545.3136067,,,tj-thermal,65.75
1780554545.4197497,VDD_IN,8659.2,,
1780554545.4197497,VDD_CPU_GPU_CV,3413.184,,
1780554545.4197497,VDD_SOC,1968.0,,
1780554545.4197497,,,cpu-thermal,64.781
1780554545.4197497,,,gpu-thermal,65.656
1780554545.4197497,,,soc0-thermal,63.281
1780554545.4197497,,,soc1-thermal,62.531
1780554545.4197497,,,soc2-thermal,63.531
1780554545.4197497,,,tj-thermal,65.656
1780554545.5254157,VDD_IN,8659.2,,
1780554545.5254157,VDD_CPU_GPU_CV,3373.952,,
1780554545.5254157,VDD_SOC,1968.0,,
1780554545.5254157,,,cpu-thermal,64.875
1780554545.5254157,,,gpu-thermal,65.656
1780554545.5254157,,,soc0-thermal,63.218
1780554545.5254157,,,soc1-thermal,62.5
1780554545.5254157,,,soc2-thermal,63.468
1780554545.5254157,,,tj-thermal,65.656
1780554545.631428,VDD_IN,8619.84,,
1780554545.631428,VDD_CPU_GPU_CV,3373.952,,
1780554545.631428,VDD_SOC,1968.0,,
1780554545.631428,,,cpu-thermal,64.812
1780554545.631428,,,gpu-thermal,65.531
1780554545.631428,,,soc0-thermal,63.312
1780554545.631428,,,soc1-thermal,62.656
1780554545.631428,,,soc2-thermal,63.406
1780554545.631428,,,tj-thermal,65.531
1780554545.7374616,VDD_IN,8619.84,,
1780554545.7374616,VDD_CPU_GPU_CV,3373.952,,
1780554545.7374616,VDD_SOC,1964.8,,
1780554545.7374616,,,cpu-thermal,65.156
1780554545.7374616,,,gpu-thermal,65.531
1780554545.7374616,,,soc0-thermal,63.375
1780554545.7374616,,,soc1-thermal,62.5
1780554545.7374616,,,soc2-thermal,63.5
1780554545.7374616,,,tj-thermal,65.531
1780554545.8434684,VDD_IN,8698.56,,
1780554545.8434684,VDD_CPU_GPU_CV,3413.184,,
1780554545.8434684,VDD_SOC,1968.0,,
1780554545.8434684,,,cpu-thermal,64.812
1780554545.8434684,,,gpu-thermal,65.656
1780554545.8434684,,,soc0-thermal,63.281
1780554545.8434684,,,soc1-thermal,62.468
1780554545.8434684,,,soc2-thermal,63.437
1780554545.8434684,,,tj-thermal,65.937
1780554545.9488559,VDD_IN,8777.28,,
1780554545.9488559,VDD_CPU_GPU_CV,3497.344,,
1780554545.9488559,VDD_SOC,2007.36,,
1780554545.9488559,,,cpu-thermal,64.906
1780554545.9488559,,,gpu-thermal,65.687
1780554545.9488559,,,soc0-thermal,63.312
1780554545.9488559,,,soc1-thermal,62.593
1780554545.9488559,,,soc2-thermal,63.468
1780554545.9488559,,,tj-thermal,65.687
1780554546.0543482,VDD_IN,8777.28,,
1780554546.0543482,VDD_CPU_GPU_CV,3497.344,,
1780554546.0543482,VDD_SOC,2007.36,,
1780554546.0543482,,,cpu-thermal,65.093
1780554546.0543482,,,gpu-thermal,65.562
1780554546.0543482,,,soc0-thermal,63.406
1780554546.0543482,,,soc1-thermal,62.687
1780554546.0543482,,,soc2-thermal,63.562
1780554546.0543482,,,tj-thermal,65.562
1780554546.160415,VDD_IN,8737.92,,
1780554546.160415,VDD_CPU_GPU_CV,3452.416,,
1780554546.160415,VDD_SOC,2007.36,,
1780554546.160415,,,cpu-thermal,65.062
1780554546.160415,,,gpu-thermal,65.875
1780554546.160415,,,soc0-thermal,63.468
1780554546.160415,,,soc1-thermal,62.531
1780554546.160415,,,soc2-thermal,63.468
1780554546.160415,,,tj-thermal,65.875
1780554546.2659094,VDD_IN,8698.56,,
1780554546.2659094,VDD_CPU_GPU_CV,3413.184,,
1780554546.2659094,VDD_SOC,1968.0,,
1780554546.2659094,,,cpu-thermal,65.156
1780554546.2659094,,,gpu-thermal,65.75
1780554546.2659094,,,soc0-thermal,63.312
1780554546.2659094,,,soc1-thermal,62.593
1780554546.2659094,,,soc2-thermal,63.406
1780554546.2659094,,,tj-thermal,65.75
1780554546.3714254,VDD_IN,8659.2,,
1780554546.3714254,VDD_CPU_GPU_CV,3413.184,,
1780554546.3714254,VDD_SOC,1968.0,,
1780554546.3714254,,,cpu-thermal,64.937
1780554546.3714254,,,gpu-thermal,66.031
1780554546.3714254,,,soc0-thermal,63.312
1780554546.3714254,,,soc1-thermal,62.625
1780554546.3714254,,,soc2-thermal,63.468
1780554546.3714254,,,tj-thermal,65.656
1780554546.4773242,VDD_IN,8659.2,,
1780554546.4773242,VDD_CPU_GPU_CV,3413.184,,
1780554546.4773242,VDD_SOC,1968.0,,
1780554546.4773242,,,cpu-thermal,65.031
1780554546.4773242,,,gpu-thermal,65.875
1780554546.4773242,,,soc0-thermal,63.406
1780554546.4773242,,,soc1-thermal,62.812
1780554546.4773242,,,soc2-thermal,63.593
1780554546.4773242,,,tj-thermal,65.625
1780554546.58277,VDD_IN,8659.2,,
1780554546.58277,VDD_CPU_GPU_CV,3413.184,,
1780554546.58277,VDD_SOC,1964.8,,
1780554546.58277,,,cpu-thermal,65.031
1780554546.58277,,,gpu-thermal,65.718
1780554546.58277,,,soc0-thermal,63.343
1780554546.58277,,,soc1-thermal,62.562
1780554546.58277,,,soc2-thermal,63.5
1780554546.58277,,,tj-thermal,65.718
1780554546.688789,VDD_IN,8659.2,,
1780554546.688789,VDD_CPU_GPU_CV,3373.952,,
1780554546.688789,VDD_SOC,1964.8,,
1780554546.688789,,,cpu-thermal,64.906
1780554546.688789,,,gpu-thermal,65.687
1780554546.688789,,,soc0-thermal,63.312
1780554546.688789,,,soc1-thermal,62.625
1780554546.688789,,,soc2-thermal,63.406
1780554546.688789,,,tj-thermal,65.687
1780554546.7946894,VDD_IN,8619.84,,
1780554546.7946894,VDD_CPU_GPU_CV,3373.952,,
1780554546.7946894,VDD_SOC,1964.8,,
1780554546.7946894,,,cpu-thermal,64.906
1780554546.7946894,,,gpu-thermal,65.718
1780554546.7946894,,,soc0-thermal,63.406
1780554546.7946894,,,soc1-thermal,62.718
1780554546.7946894,,,soc2-thermal,63.531
1780554546.7946894,,,tj-thermal,65.718
1780554546.900375,VDD_IN,8737.92,,
1780554546.900375,VDD_CPU_GPU_CV,3452.416,,
1780554546.900375,VDD_SOC,1968.0,,
1780554546.900375,,,cpu-thermal,65.0
1780554546.900375,,,gpu-thermal,65.625
1780554546.900375,,,soc0-thermal,63.468
1780554546.900375,,,soc1-thermal,62.593
1780554546.900375,,,soc2-thermal,63.593
1780554546.900375,,,tj-thermal,65.625
1780554547.0063543,VDD_IN,8816.64,,
1780554547.0063543,VDD_CPU_GPU_CV,3497.344,,
1780554547.0063543,VDD_SOC,2007.36,,
1780554547.0063543,,,cpu-thermal,64.843
1780554547.0063543,,,gpu-thermal,65.718
1780554547.0063543,,,soc0-thermal,63.375
1780554547.0063543,,,soc1-thermal,62.593
1780554547.0063543,,,soc2-thermal,63.562
1780554547.0063543,,,tj-thermal,66.031
1780554547.1119742,VDD_IN,8777.28,,
1780554547.1119742,VDD_CPU_GPU_CV,3458.048,,
1780554547.1119742,VDD_SOC,2007.36,,
1780554547.1119742,,,cpu-thermal,64.937
1780554547.1119742,,,gpu-thermal,65.687
1780554547.1119742,,,soc0-thermal,63.375
1780554547.1119742,,,soc1-thermal,62.625
1780554547.1119742,,,soc2-thermal,63.562
1780554547.1119742,,,tj-thermal,65.906
1780554547.217533,VDD_IN,8737.92,,
1780554547.217533,VDD_CPU_GPU_CV,3413.184,,
1780554547.217533,VDD_SOC,1968.0,,
1780554547.217533,,,cpu-thermal,64.843
1780554547.217533,,,gpu-thermal,65.75
1780554547.217533,,,soc0-thermal,63.406
1780554547.217533,,,soc1-thermal,62.781
1780554547.217533,,,soc2-thermal,63.625
1780554547.217533,,,tj-thermal,65.75
1780554547.3233268,VDD_IN,8737.92,,
1780554547.3233268,VDD_CPU_GPU_CV,3413.184,,
1780554547.3233268,VDD_SOC,1964.8,,
1780554547.3233268,,,cpu-thermal,64.843
1780554547.3233268,,,gpu-thermal,65.937
1780554547.3233268,,,soc0-thermal,63.375
1780554547.3233268,,,soc1-thermal,62.625
1780554547.3233268,,,soc2-thermal,63.687
1780554547.3233268,,,tj-thermal,65.937
1780554547.4289477,VDD_IN,8698.56,,
1780554547.4289477,VDD_CPU_GPU_CV,3413.184,,
1780554547.4289477,VDD_SOC,1964.8,,
1780554547.4289477,,,cpu-thermal,64.968
1780554547.4289477,,,gpu-thermal,65.812
1780554547.4289477,,,soc0-thermal,63.406
1780554547.4289477,,,soc1-thermal,62.562
1780554547.4289477,,,soc2-thermal,63.625
1780554547.4289477,,,tj-thermal,65.812
1780554547.5343885,VDD_IN,8698.56,,
1780554547.5343885,VDD_CPU_GPU_CV,3373.952,,
1780554547.5343885,VDD_SOC,1964.8,,
1780554547.5343885,,,cpu-thermal,65.0
1780554547.5343885,,,gpu-thermal,66.031
1780554547.5343885,,,soc0-thermal,63.437
1780554547.5343885,,,soc1-thermal,62.75
1780554547.5343885,,,soc2-thermal,63.625
1780554547.5343885,,,tj-thermal,65.781
1780554547.6398594,VDD_IN,8659.2,,
1780554547.6398594,VDD_CPU_GPU_CV,3373.952,,
1780554547.6398594,VDD_SOC,1964.8,,
1780554547.6398594,,,cpu-thermal,64.968
1780554547.6398594,,,gpu-thermal,65.875
1780554547.6398594,,,soc0-thermal,63.375
1780554547.6398594,,,soc1-thermal,62.562
1780554547.6398594,,,soc2-thermal,63.593
1780554547.6398594,,,tj-thermal,65.656
1780554547.7454033,VDD_IN,8659.2,,
1780554547.7454033,VDD_CPU_GPU_CV,3373.952,,
1780554547.7454033,VDD_SOC,1964.8,,
1780554547.7454033,,,cpu-thermal,65.281
1780554547.7454033,,,gpu-thermal,65.843
1780554547.7454033,,,soc0-thermal,63.5
1780554547.7454033,,,soc1-thermal,62.625
1780554547.7454033,,,soc2-thermal,63.656
1780554547.7454033,,,tj-thermal,65.843
1780554547.8508487,VDD_IN,8698.56,,
1780554547.8508487,VDD_CPU_GPU_CV,3413.184,,
1780554547.8508487,VDD_SOC,1964.8,,
1780554547.8508487,,,cpu-thermal,64.906
1780554547.8508487,,,gpu-thermal,65.812
1780554547.8508487,,,soc0-thermal,63.406
1780554547.8508487,,,soc1-thermal,62.75
1780554547.8508487,,,soc2-thermal,63.5
1780554547.8508487,,,tj-thermal,65.812
1780554547.956781,VDD_IN,8816.64,,
1780554547.956781,VDD_CPU_GPU_CV,3452.416,,
1780554547.956781,VDD_SOC,2007.36,,
1780554547.956781,,,cpu-thermal,64.937
1780554547.956781,,,gpu-thermal,65.781
1780554547.956781,,,soc0-thermal,63.406
1780554547.956781,,,soc1-thermal,62.781
1780554547.956781,,,soc2-thermal,63.625
1780554547.956781,,,tj-thermal,65.781
1780554548.0621238,VDD_IN,8816.64,,
1780554548.0621238,VDD_CPU_GPU_CV,3491.648,,
1780554548.0621238,VDD_SOC,2007.36,,
1780554548.0621238,,,cpu-thermal,65.125
1780554548.0621238,,,gpu-thermal,65.906
1780554548.0621238,,,soc0-thermal,63.562
1780554548.0621238,,,soc1-thermal,62.906
1780554548.0621238,,,soc2-thermal,63.656
1780554548.0621238,,,tj-thermal,65.718
1780554548.1674325,VDD_IN,8777.28,,
1780554548.1674325,VDD_CPU_GPU_CV,3452.416,,
1780554548.1674325,VDD_SOC,2007.36,,
1780554548.1674325,,,cpu-thermal,65.281
1780554548.1674325,,,gpu-thermal,65.812
1780554548.1674325,,,soc0-thermal,63.375
1780554548.1674325,,,soc1-thermal,62.687
1780554548.1674325,,,soc2-thermal,63.5
1780554548.1674325,,,tj-thermal,65.812
1780554548.273242,VDD_IN,8777.28,,
1780554548.273242,VDD_CPU_GPU_CV,3452.416,,
1780554548.273242,VDD_SOC,2004.096,,
1780554548.273242,,,cpu-thermal,64.937
1780554548.273242,,,gpu-thermal,65.75
1780554548.273242,,,soc0-thermal,63.343
1780554548.273242,,,soc1-thermal,62.75
1780554548.273242,,,soc2-thermal,63.593
1780554548.273242,,,tj-thermal,65.75
1780554548.3785207,VDD_IN,8737.92,,
1780554548.3785207,VDD_CPU_GPU_CV,3413.184,,
1780554548.3785207,VDD_SOC,1964.8,,
1780554548.3785207,,,cpu-thermal,65.093
1780554548.3785207,,,gpu-thermal,65.656
1780554548.3785207,,,soc0-thermal,63.406
1780554548.3785207,,,soc1-thermal,62.656
1780554548.3785207,,,soc2-thermal,63.656
1780554548.3785207,,,tj-thermal,65.656
1780554548.4839263,VDD_IN,8698.56,,
1780554548.4839263,VDD_CPU_GPU_CV,3413.184,,
1780554548.4839263,VDD_SOC,1964.8,,
1780554548.4839263,,,cpu-thermal,65.093
1780554548.4839263,,,gpu-thermal,65.781
1780554548.4839263,,,soc0-thermal,63.5
1780554548.4839263,,,soc1-thermal,62.687
1780554548.4839263,,,soc2-thermal,63.687
1780554548.4839263,,,tj-thermal,66.031
1780554548.5892642,VDD_IN,8659.2,,
1780554548.5892642,VDD_CPU_GPU_CV,3413.184,,
1780554548.5892642,VDD_SOC,1964.8,,
1780554548.5892642,,,cpu-thermal,65.281
1780554548.5892642,,,gpu-thermal,65.75
1780554548.5892642,,,soc0-thermal,63.375
1780554548.5892642,,,soc1-thermal,62.718
1780554548.5892642,,,soc2-thermal,63.562
1780554548.5892642,,,tj-thermal,65.75
1780554548.694873,VDD_IN,8659.2,,
1780554548.694873,VDD_CPU_GPU_CV,3373.952,,
1780554548.694873,VDD_SOC,1964.8,,
1780554548.694873,,,cpu-thermal,65.031
1780554548.694873,,,gpu-thermal,65.718
1780554548.694873,,,soc0-thermal,63.437
1780554548.694873,,,soc1-thermal,62.75
1780554548.694873,,,soc2-thermal,63.625
1780554548.694873,,,tj-thermal,65.718
1780554548.8003252,VDD_IN,8659.2,,
1780554548.8003252,VDD_CPU_GPU_CV,3413.184,,
1780554548.8003252,VDD_SOC,1964.8,,
1780554548.8003252,,,cpu-thermal,65.156
1780554548.8003252,,,gpu-thermal,66.0
1780554548.8003252,,,soc0-thermal,63.5
1780554548.8003252,,,soc1-thermal,62.843
1780554548.8003252,,,soc2-thermal,63.718
1780554548.8003252,,,tj-thermal,66.0
1780554548.9057758,VDD_IN,8777.28,,
1780554548.9057758,VDD_CPU_GPU_CV,3452.416,,
1780554548.9057758,VDD_SOC,2007.36,,
1780554548.9057758,,,cpu-thermal,65.093
1780554548.9057758,,,gpu-thermal,65.812
1780554548.9057758,,,soc0-thermal,63.468
1780554548.9057758,,,soc1-thermal,62.781
1780554548.9057758,,,soc2-thermal,63.656
1780554548.9057758,,,tj-thermal,65.968
1780554549.0115328,VDD_IN,8856.0,,
1780554549.0115328,VDD_CPU_GPU_CV,3491.648,,
1780554549.0115328,VDD_SOC,2007.36,,
1780554549.0115328,,,cpu-thermal,65.25
1780554549.0115328,,,gpu-thermal,66.25
1780554549.0115328,,,soc0-thermal,63.406
1780554549.0115328,,,soc1-thermal,62.718
1780554549.0115328,,,soc2-thermal,63.625
1780554549.0115328,,,tj-thermal,65.937
1780554549.117128,VDD_IN,8777.28,,
1780554549.117128,VDD_CPU_GPU_CV,3491.648,,
1780554549.117128,VDD_SOC,2007.36,,
1780554549.117128,,,cpu-thermal,65.125
1780554549.117128,,,gpu-thermal,66.031
1780554549.117128,,,soc0-thermal,63.531
1780554549.117128,,,soc1-thermal,62.781
1780554549.117128,,,soc2-thermal,63.687
1780554549.117128,,,tj-thermal,66.031
1780554549.2225611,VDD_IN,8737.92,,
1780554549.2225611,VDD_CPU_GPU_CV,3452.416,,
1780554549.2225611,VDD_SOC,2007.36,,
1780554549.2225611,,,cpu-thermal,65.125
1780554549.2225611,,,gpu-thermal,65.906
1780554549.2225611,,,soc0-thermal,63.531
1780554549.2225611,,,soc1-thermal,62.875
1780554549.2225611,,,soc2-thermal,63.687
1780554549.2225611,,,tj-thermal,65.906
1780554549.328425,VDD_IN,8698.56,,
1780554549.328425,VDD_CPU_GPU_CV,3452.416,,
1780554549.328425,VDD_SOC,1968.0,,
1780554549.328425,,,cpu-thermal,65.187
1780554549.328425,,,gpu-thermal,65.906
1780554549.328425,,,soc0-thermal,63.593
1780554549.328425,,,soc1-thermal,62.781
1780554549.328425,,,soc2-thermal,63.781
1780554549.328425,,,tj-thermal,65.906
1780554549.4338295,VDD_IN,8698.56,,
1780554549.4338295,VDD_CPU_GPU_CV,3413.184,,
1780554549.4338295,VDD_SOC,1968.0,,
1780554549.4338295,,,cpu-thermal,65.031
1780554549.4338295,,,gpu-thermal,66.0
1780554549.4338295,,,soc0-thermal,63.468
1780554549.4338295,,,soc1-thermal,62.812
1780554549.4338295,,,soc2-thermal,63.625
1780554549.4338295,,,tj-thermal,65.75
1780554549.5391965,VDD_IN,8659.2,,
1780554549.5391965,VDD_CPU_GPU_CV,3413.184,,
1780554549.5391965,VDD_SOC,1964.8,,
1780554549.5391965,,,cpu-thermal,65.031
1780554549.5391965,,,gpu-thermal,65.968
1780554549.5391965,,,soc0-thermal,63.593
1780554549.5391965,,,soc1-thermal,62.781
1780554549.5391965,,,soc2-thermal,63.687
1780554549.5391965,,,tj-thermal,65.968
1780554549.6449873,VDD_IN,8619.84,,
1780554549.6449873,VDD_CPU_GPU_CV,3413.184,,
1780554549.6449873,VDD_SOC,1964.8,,
1780554549.6449873,,,cpu-thermal,65.187
1780554549.6449873,,,gpu-thermal,65.906
1780554549.6449873,,,soc0-thermal,63.625
1780554549.6449873,,,soc1-thermal,62.875
1780554549.6449873,,,soc2-thermal,63.687
1780554549.6449873,,,tj-thermal,65.906
1780554549.7503994,VDD_IN,8659.2,,
1780554549.7503994,VDD_CPU_GPU_CV,3413.184,,
1780554549.7503994,VDD_SOC,1964.8,,
1780554549.7503994,,,cpu-thermal,65.218
1780554549.7503994,,,gpu-thermal,65.812
1780554549.7503994,,,soc0-thermal,63.687
1780554549.7503994,,,soc1-thermal,62.781
1780554549.7503994,,,soc2-thermal,63.718
1780554549.7503994,,,tj-thermal,65.812
1780554549.8558223,VDD_IN,8737.92,,
1780554549.8558223,VDD_CPU_GPU_CV,3452.416,,
1780554549.8558223,VDD_SOC,1968.0,,
1780554549.8558223,,,cpu-thermal,65.062
1780554549.8558223,,,gpu-thermal,66.0
1780554549.8558223,,,soc0-thermal,63.5
1780554549.8558223,,,soc1-thermal,62.875
1780554549.8558223,,,soc2-thermal,63.718
1780554549.8558223,,,tj-thermal,65.812
1780554549.9612267,VDD_IN,8816.64,,
1780554549.9612267,VDD_CPU_GPU_CV,3491.648,,
1780554549.9612267,VDD_SOC,2007.36,,
1780554549.9612267,,,cpu-thermal,65.031
1780554549.9612267,,,gpu-thermal,65.937
1780554549.9612267,,,soc0-thermal,63.593
1780554549.9612267,,,soc1-thermal,62.843
1780554549.9612267,,,soc2-thermal,63.718
1780554549.9612267,,,tj-thermal,65.937
1780554550.0664322,VDD_IN,8816.64,,
1780554550.0664322,VDD_CPU_GPU_CV,3497.344,,
1780554550.0664322,VDD_SOC,2007.36,,
1780554550.0664322,,,cpu-thermal,65.125
1780554550.0664322,,,gpu-thermal,65.812
1780554550.0664322,,,soc0-thermal,63.625
1780554550.0664322,,,soc1-thermal,62.968
1780554550.0664322,,,soc2-thermal,63.75
1780554550.0664322,,,tj-thermal,65.812
1780554550.1717107,VDD_IN,8777.28,,
1780554550.1717107,VDD_CPU_GPU_CV,3452.416,,
1780554550.1717107,VDD_SOC,2007.36,,
1780554550.1717107,,,cpu-thermal,65.031
1780554550.1717107,,,gpu-thermal,66.218
1780554550.1717107,,,soc0-thermal,63.468
1780554550.1717107,,,soc1-thermal,62.687
1780554550.1717107,,,soc2-thermal,63.687
1780554550.1717107,,,tj-thermal,66.218
1780554550.277411,VDD_IN,8698.56,,
1780554550.277411,VDD_CPU_GPU_CV,3413.184,,
1780554550.277411,VDD_SOC,1968.0,,
1780554550.277411,,,cpu-thermal,65.093
1780554550.277411,,,gpu-thermal,65.843
1780554550.277411,,,soc0-thermal,63.531
1780554550.277411,,,soc1-thermal,62.781
1780554550.277411,,,soc2-thermal,63.75
1780554550.277411,,,tj-thermal,66.0
1780554550.382881,VDD_IN,8698.56,,
1780554550.382881,VDD_CPU_GPU_CV,3413.184,,
1780554550.382881,VDD_SOC,1968.0,,
1780554550.382881,,,cpu-thermal,65.031
1780554550.382881,,,gpu-thermal,65.781
1780554550.382881,,,soc0-thermal,63.562
1780554550.382881,,,soc1-thermal,62.937
1780554550.382881,,,soc2-thermal,63.687
1780554550.382881,,,tj-thermal,65.937
1780554550.488772,VDD_IN,8659.2,,
1780554550.488772,VDD_CPU_GPU_CV,3373.952,,
1780554550.488772,VDD_SOC,1968.0,,
1780554550.488772,,,cpu-thermal,65.343
1780554550.488772,,,gpu-thermal,66.187
1780554550.488772,,,soc0-thermal,63.593
1780554550.488772,,,soc1-thermal,62.781
1780554550.488772,,,soc2-thermal,63.812
1780554550.488772,,,tj-thermal,66.187
1780554550.5946732,VDD_IN,8580.48,,
1780554550.5946732,VDD_CPU_GPU_CV,3334.72,,
1780554550.5946732,VDD_SOC,1968.0,,
1780554550.5946732,,,cpu-thermal,65.093
1780554550.5946732,,,gpu-thermal,66.093
1780554550.5946732,,,soc0-thermal,63.531
1780554550.5946732,,,soc1-thermal,62.843
1780554550.5946732,,,soc2-thermal,63.656
1780554550.5946732,,,tj-thermal,66.093
1780554550.7001777,VDD_IN,8541.12,,
1780554550.7001777,VDD_CPU_GPU_CV,3340.16,,
1780554550.7001777,VDD_SOC,1968.0,,
1780554550.7001777,,,cpu-thermal,65.156
1780554550.7001777,,,gpu-thermal,65.968
1780554550.7001777,,,soc0-thermal,63.562
1780554550.7001777,,,soc1-thermal,62.843
1780554550.7001777,,,soc2-thermal,63.812
1780554550.7001777,,,tj-thermal,65.968
1780554550.8058407,VDD_IN,8541.12,,
1780554550.8058407,VDD_CPU_GPU_CV,3334.72,,
1780554550.8058407,VDD_SOC,1968.0,,
1780554550.8058407,,,cpu-thermal,65.093
1780554550.8058407,,,gpu-thermal,65.906
1780554550.8058407,,,soc0-thermal,63.531
1780554550.8058407,,,soc1-thermal,62.968
1780554550.8058407,,,soc2-thermal,63.75
1780554550.8058407,,,tj-thermal,65.906
1780554550.9112139,VDD_IN,8698.56,,
1780554550.9112139,VDD_CPU_GPU_CV,3418.752,,
1780554550.9112139,VDD_SOC,1968.0,,
1780554550.9112139,,,cpu-thermal,65.375
1780554550.9112139,,,gpu-thermal,66.093
1780554550.9112139,,,soc0-thermal,63.625
1780554550.9112139,,,soc1-thermal,62.75
1780554550.9112139,,,soc2-thermal,63.812
1780554550.9112139,,,tj-thermal,66.093
1780554551.0166411,VDD_IN,8777.28,,
1780554551.0166411,VDD_CPU_GPU_CV,3497.344,,
1780554551.0166411,VDD_SOC,2007.36,,
1780554551.0166411,,,cpu-thermal,65.468
1780554551.0166411,,,gpu-thermal,66.062
1780554551.0166411,,,soc0-thermal,63.562
1780554551.0166411,,,soc1-thermal,62.875
1780554551.0166411,,,soc2-thermal,63.687
1780554551.0166411,,,tj-thermal,66.062
1780554551.122323,VDD_IN,8737.92,,
1780554551.122323,VDD_CPU_GPU_CV,3418.752,,
1780554551.122323,VDD_SOC,1968.0,,
1780554551.122323,,,cpu-thermal,65.187
1780554551.122323,,,gpu-thermal,65.937
1780554551.122323,,,soc0-thermal,63.562
1780554551.122323,,,soc1-thermal,62.937
1780554551.122323,,,soc2-thermal,63.75
1780554551.122323,,,tj-thermal,65.937
1780554551.228009,VDD_IN,8659.2,,
1780554551.228009,VDD_CPU_GPU_CV,3413.184,,
1780554551.228009,VDD_SOC,1968.0,,
1780554551.228009,,,cpu-thermal,65.187
1780554551.228009,,,gpu-thermal,65.875
1780554551.228009,,,soc0-thermal,63.656
1780554551.228009,,,soc1-thermal,63.031
1780554551.228009,,,soc2-thermal,63.781
1780554551.228009,,,tj-thermal,65.875
1780554551.3340383,VDD_IN,8619.84,,
1780554551.3340383,VDD_CPU_GPU_CV,3373.952,,
1780554551.3340383,VDD_SOC,1968.0,,
1780554551.3340383,,,cpu-thermal,65.312
1780554551.3340383,,,gpu-thermal,66.312
1780554551.3340383,,,soc0-thermal,63.718
1780554551.3340383,,,soc1-thermal,62.906
1780554551.3340383,,,soc2-thermal,63.843
1780554551.3340383,,,tj-thermal,66.312
1780554551.4395628,VDD_IN,8580.48,,
1780554551.4395628,VDD_CPU_GPU_CV,3334.72,,
1780554551.4395628,VDD_SOC,1968.0,,
1780554551.4395628,,,cpu-thermal,65.437
1780554551.4395628,,,gpu-thermal,66.0
1780554551.4395628,,,soc0-thermal,63.593
1780554551.4395628,,,soc1-thermal,62.937
1780554551.4395628,,,soc2-thermal,63.687
1780554551.4395628,,,tj-thermal,66.093
1780554551.5455208,VDD_IN,8541.12,,
1780554551.5455208,VDD_CPU_GPU_CV,3334.72,,
1780554551.5455208,VDD_SOC,1968.0,,
1780554551.5455208,,,cpu-thermal,65.218
1780554551.5455208,,,gpu-thermal,65.906
1780554551.5455208,,,soc0-thermal,63.593
1780554551.5455208,,,soc1-thermal,63.062
1780554551.5455208,,,soc2-thermal,63.812
1780554551.5455208,,,tj-thermal,65.906
1780554551.651063,VDD_IN,8501.76,,
1780554551.651063,VDD_CPU_GPU_CV,3334.72,,
1780554551.651063,VDD_SOC,1968.0,,
1780554551.651063,,,cpu-thermal,65.187
1780554551.651063,,,gpu-thermal,66.218
1780554551.651063,,,soc0-thermal,63.718
1780554551.651063,,,soc1-thermal,62.906
1780554551.651063,,,soc2-thermal,63.875
1780554551.651063,,,tj-thermal,66.218
1780554551.7568016,VDD_IN,8501.76,,
1780554551.7568016,VDD_CPU_GPU_CV,3334.72,,
1780554551.7568016,VDD_SOC,1964.8,,
1780554551.7568016,,,cpu-thermal,65.343
1780554551.7568016,,,gpu-thermal,66.187
1780554551.7568016,,,soc0-thermal,63.593
1780554551.7568016,,,soc1-thermal,62.875
1780554551.7568016,,,soc2-thermal,63.75
1780554551.7568016,,,tj-thermal,66.187
1780554551.862241,VDD_IN,8619.84,,
1780554551.862241,VDD_CPU_GPU_CV,3373.952,,
1780554551.862241,VDD_SOC,1968.0,,
1780554551.862241,,,cpu-thermal,65.125
1780554551.862241,,,gpu-thermal,66.156
1780554551.862241,,,soc0-thermal,63.625
1780554551.862241,,,soc1-thermal,62.968
1780554551.862241,,,soc2-thermal,63.781
1780554551.862241,,,tj-thermal,66.156
1780554551.9684222,VDD_IN,8737.92,,
1780554551.9684222,VDD_CPU_GPU_CV,3458.048,,
1780554551.9684222,VDD_SOC,1968.0,,
1780554551.9684222,,,cpu-thermal,65.156
1780554551.9684222,,,gpu-thermal,66.343
1780554551.9684222,,,soc0-thermal,63.625
1780554551.9684222,,,soc1-thermal,62.968
1780554551.9684222,,,soc2-thermal,63.812
1780554551.9684222,,,tj-thermal,66.031
1780554552.0739744,VDD_IN,8737.92,,
1780554552.0739744,VDD_CPU_GPU_CV,3452.416,,
1780554552.0739744,VDD_SOC,2007.36,,
1780554552.0739744,,,cpu-thermal,65.281
1780554552.0739744,,,gpu-thermal,66.062
1780554552.0739744,,,soc0-thermal,63.75
1780554552.0739744,,,soc1-thermal,62.812
1780554552.0739744,,,soc2-thermal,63.875
1780554552.0739744,,,tj-thermal,65.968
1780554552.1798491,VDD_IN,8659.2,,
1780554552.1798491,VDD_CPU_GPU_CV,3413.184,,
1780554552.1798491,VDD_SOC,1968.0,,
1780554552.1798491,,,cpu-thermal,65.125
1780554552.1798491,,,gpu-thermal,66.093
1780554552.1798491,,,soc0-thermal,63.625
1780554552.1798491,,,soc1-thermal,62.937
1780554552.1798491,,,soc2-thermal,63.75
1780554552.1798491,,,tj-thermal,66.093
1780554552.2855463,VDD_IN,8698.56,,
1780554552.2855463,VDD_CPU_GPU_CV,3413.184,,
1780554552.2855463,VDD_SOC,1968.0,,
1780554552.2855463,,,cpu-thermal,65.218
1780554552.2855463,,,gpu-thermal,66.062
1780554552.2855463,,,soc0-thermal,63.656
1780554552.2855463,,,soc1-thermal,63.031
1780554552.2855463,,,soc2-thermal,63.812
1780554552.2855463,,,tj-thermal,66.062
1780554552.3912022,VDD_IN,8659.2,,
1780554552.3912022,VDD_CPU_GPU_CV,3373.952,,
1780554552.3912022,VDD_SOC,1964.8,,
1780554552.3912022,,,cpu-thermal,65.281
1780554552.3912022,,,gpu-thermal,66.062
1780554552.3912022,,,soc0-thermal,63.75
1780554552.3912022,,,soc1-thermal,63.093
1780554552.3912022,,,soc2-thermal,63.812
1780554552.3912022,,,tj-thermal,66.062
1780554552.496796,VDD_IN,8619.84,,
1780554552.496796,VDD_CPU_GPU_CV,3373.952,,
1780554552.496796,VDD_SOC,1964.8,,
1780554552.496796,,,cpu-thermal,65.187
1780554552.496796,,,gpu-thermal,65.968
1780554552.496796,,,soc0-thermal,63.843
1780554552.496796,,,soc1-thermal,62.937
1780554552.496796,,,soc2-thermal,63.937
1780554552.496796,,,tj-thermal,65.968
1780554552.6027718,VDD_IN,8619.84,,
1780554552.6027718,VDD_CPU_GPU_CV,3373.952,,
1780554552.6027718,VDD_SOC,1964.8,,
1780554552.6027718,,,cpu-thermal,65.25
1780554552.6027718,,,gpu-thermal,66.093
1780554552.6027718,,,soc0-thermal,63.718
1780554552.6027718,,,soc1-thermal,63.031
1780554552.6027718,,,soc2-thermal,63.812
1780554552.6027718,,,tj-thermal,66.187
1780554552.708536,VDD_IN,8619.84,,
1780554552.708536,VDD_CPU_GPU_CV,3334.72,,
1780554552.708536,VDD_SOC,1964.8,,
1780554552.708536,,,cpu-thermal,65.218
1780554552.708536,,,gpu-thermal,66.031
1780554552.708536,,,soc0-thermal,63.718
1780554552.708536,,,soc1-thermal,63.062
1780554552.708536,,,soc2-thermal,63.937
1780554552.708536,,,tj-thermal,66.125
1780554552.8142729,VDD_IN,8659.2,,
1780554552.8142729,VDD_CPU_GPU_CV,3373.952,,
1780554552.8142729,VDD_SOC,1964.8,,
1780554552.8142729,,,cpu-thermal,65.5
1780554552.8142729,,,gpu-thermal,66.312
1780554552.8142729,,,soc0-thermal,63.687
1780554552.8142729,,,soc1-thermal,62.968
1780554552.8142729,,,soc2-thermal,63.937
1780554552.8142729,,,tj-thermal,66.093
1780554552.9204447,VDD_IN,8777.28,,
1780554552.9204447,VDD_CPU_GPU_CV,3452.416,,
1780554552.9204447,VDD_SOC,2007.36,,
1780554552.9204447,,,cpu-thermal,65.562
1780554552.9204447,,,gpu-thermal,66.281
1780554552.9204447,,,soc0-thermal,63.687
1780554552.9204447,,,soc1-thermal,63.0
1780554552.9204447,,,soc2-thermal,63.781
1780554552.9204447,,,tj-thermal,66.281
1780554553.0259848,VDD_IN,8816.64,,
1780554553.0259848,VDD_CPU_GPU_CV,3491.648,,
1780554553.0259848,VDD_SOC,2007.36,,
1780554553.0259848,,,cpu-thermal,65.218
1780554553.0259848,,,gpu-thermal,66.156
1780554553.0259848,,,soc0-thermal,63.656
1780554553.0259848,,,soc1-thermal,63.031
1780554553.0259848,,,soc2-thermal,63.937
1780554553.0259848,,,tj-thermal,66.156
1780554553.1316707,VDD_IN,8737.92,,
1780554553.1316707,VDD_CPU_GPU_CV,3452.416,,
1780554553.1316707,VDD_SOC,2007.36,,
1780554553.1316707,,,cpu-thermal,65.375
1780554553.1316707,,,gpu-thermal,66.062
1780554553.1316707,,,soc0-thermal,63.718
1780554553.1316707,,,soc1-thermal,63.125
1780554553.1316707,,,soc2-thermal,63.875
1780554553.1316707,,,tj-thermal,66.062
1780554553.2379093,VDD_IN,8698.56,,
1780554553.2379093,VDD_CPU_GPU_CV,3373.952,,
1780554553.2379093,VDD_SOC,1968.0,,
1780554553.2379093,,,cpu-thermal,65.562
1780554553.2379093,,,gpu-thermal,66.062
1780554553.2379093,,,soc0-thermal,63.843
1780554553.2379093,,,soc1-thermal,62.937
1780554553.2379093,,,soc2-thermal,63.937
1780554553.2379093,,,tj-thermal,66.062
1780554553.3436673,VDD_IN,8659.2,,
1780554553.3436673,VDD_CPU_GPU_CV,3373.952,,
1780554553.3436673,VDD_SOC,1968.0,,
1780554553.3436673,,,cpu-thermal,65.531
1780554553.3436673,,,gpu-thermal,66.062
1780554553.3436673,,,soc0-thermal,63.718
1780554553.3436673,,,soc1-thermal,63.031
1780554553.3436673,,,soc2-thermal,63.812
1780554553.3436673,,,tj-thermal,65.968
1780554553.4492714,VDD_IN,8619.84,,
1780554553.4492714,VDD_CPU_GPU_CV,3334.72,,
1780554553.4492714,VDD_SOC,1968.0,,
1780554553.4492714,,,cpu-thermal,65.343
1780554553.4492714,,,gpu-thermal,66.031
1780554553.4492714,,,soc0-thermal,63.781
1780554553.4492714,,,soc1-thermal,63.062
1780554553.4492714,,,soc2-thermal,63.937
1780554553.4492714,,,tj-thermal,66.25
1780554553.5556076,VDD_IN,8580.48,,
1780554553.5556076,VDD_CPU_GPU_CV,3334.72,,
1780554553.5556076,VDD_SOC,1964.8,,
1780554553.5556076,,,cpu-thermal,65.343
1780554553.5556076,,,gpu-thermal,66.062
1780554553.5556076,,,soc0-thermal,63.875
1780554553.5556076,,,soc1-thermal,63.0
1780554553.5556076,,,soc2-thermal,63.968
1780554553.5556076,,,tj-thermal,66.125
1780554553.6617718,VDD_IN,8580.48,,
1780554553.6617718,VDD_CPU_GPU_CV,3334.72,,
1780554553.6617718,VDD_SOC,1964.8,,
1780554553.6617718,,,cpu-thermal,65.281
1780554553.6617718,,,gpu-thermal,65.937
1780554553.6617718,,,soc0-thermal,63.687
1780554553.6617718,,,soc1-thermal,63.031
1780554553.6617718,,,soc2-thermal,63.843
1780554553.6617718,,,tj-thermal,66.031
1780554553.7680886,VDD_IN,8580.48,,
1780554553.7680886,VDD_CPU_GPU_CV,3334.72,,
1780554553.7680886,VDD_SOC,1964.8,,
1780554553.7680886,,,cpu-thermal,65.312
1780554553.7680886,,,gpu-thermal,66.281
1780554553.7680886,,,soc0-thermal,63.781
1780554553.7680886,,,soc1-thermal,63.093
1780554553.7680886,,,soc2-thermal,63.906
1780554553.7680886,,,tj-thermal,66.281
1780554553.8741603,VDD_IN,8698.56,,
1780554553.8741603,VDD_CPU_GPU_CV,3413.184,,
1780554553.8741603,VDD_SOC,1968.0,,
1780554553.8741603,,,cpu-thermal,65.312
1780554553.8741603,,,gpu-thermal,66.25
1780554553.8741603,,,soc0-thermal,63.812
1780554553.8741603,,,soc1-thermal,63.25
1780554553.8741603,,,soc2-thermal,63.906
1780554553.8741603,,,tj-thermal,66.25
1780554553.9797385,VDD_IN,8777.28,,
1780554553.9797385,VDD_CPU_GPU_CV,3458.048,,
1780554553.9797385,VDD_SOC,2007.36,,
1780554553.9797385,,,cpu-thermal,65.343
1780554553.9797385,,,gpu-thermal,66.218
1780554553.9797385,,,soc0-thermal,63.687
1780554553.9797385,,,soc1-thermal,63.0
1780554553.9797385,,,soc2-thermal,63.937
1780554553.9797385,,,tj-thermal,66.218
1780554554.0853753,VDD_IN,8777.28,,
1780554554.0853753,VDD_CPU_GPU_CV,3458.048,,
1780554554.0853753,VDD_SOC,2007.36,,
1780554554.0853753,,,cpu-thermal,65.375
1780554554.0853753,,,gpu-thermal,66.125
1780554554.0853753,,,soc0-thermal,63.656
1780554554.0853753,,,soc1-thermal,63.062
1780554554.0853753,,,soc2-thermal,63.906
1780554554.0853753,,,tj-thermal,66.125
1780554554.191429,VDD_IN,8737.92,,
1780554554.191429,VDD_CPU_GPU_CV,3413.184,,
1780554554.191429,VDD_SOC,1968.0,,
1780554554.191429,,,cpu-thermal,65.281
1780554554.191429,,,gpu-thermal,66.156
1780554554.191429,,,soc0-thermal,63.781
1780554554.191429,,,soc1-thermal,63.156
1780554554.191429,,,soc2-thermal,63.937
1780554554.191429,,,tj-thermal,66.156
1780554554.2978115,VDD_IN,8659.2,,
1780554554.2978115,VDD_CPU_GPU_CV,3373.952,,
1780554554.2978115,VDD_SOC,1968.0,,
1780554554.2978115,,,cpu-thermal,65.531
1780554554.2978115,,,gpu-thermal,66.406
1780554554.2978115,,,soc0-thermal,63.781
1780554554.2978115,,,soc1-thermal,63.062
1780554554.2978115,,,soc2-thermal,63.968
1780554554.2978115,,,tj-thermal,66.406
1780554554.404317,VDD_IN,8659.2,,
1780554554.404317,VDD_CPU_GPU_CV,3373.952,,
1780554554.404317,VDD_SOC,1964.8,,
1780554554.404317,,,cpu-thermal,65.812
1780554554.404317,,,gpu-thermal,66.25
1780554554.404317,,,soc0-thermal,63.75
1780554554.404317,,,soc1-thermal,63.062
1780554554.404317,,,soc2-thermal,63.906
1780554554.404317,,,tj-thermal,66.25
1780554554.5106883,VDD_IN,8619.84,,
1780554554.5106883,VDD_CPU_GPU_CV,3334.72,,
1780554554.5106883,VDD_SOC,1964.8,,
1780554554.5106883,,,cpu-thermal,65.468
1780554554.5106883,,,gpu-thermal,66.187
1780554554.5106883,,,soc0-thermal,63.781
1780554554.5106883,,,soc1-thermal,63.156
1780554554.5106883,,,soc2-thermal,63.968
1780554554.5106883,,,tj-thermal,66.187
1780554554.6163359,VDD_IN,8580.48,,
1780554554.6163359,VDD_CPU_GPU_CV,3334.72,,
1780554554.6163359,VDD_SOC,1964.8,,
1780554554.6163359,,,cpu-thermal,65.437
1780554554.6163359,,,gpu-thermal,66.312
1780554554.6163359,,,soc0-thermal,63.781
1780554554.6163359,,,soc1-thermal,63.031
1780554554.6163359,,,soc2-thermal,64.0
1780554554.6163359,,,tj-thermal,66.093
1780554554.7226624,VDD_IN,8580.48,,
1780554554.7226624,VDD_CPU_GPU_CV,3334.72,,
1780554554.7226624,VDD_SOC,1964.8,,
1780554554.7226624,,,cpu-thermal,65.531
1780554554.7226624,,,gpu-thermal,66.25
1780554554.7226624,,,soc0-thermal,63.75
1780554554.7226624,,,soc1-thermal,63.0
1780554554.7226624,,,soc2-thermal,63.937
1780554554.7226624,,,tj-thermal,66.0
1780554554.8282526,VDD_IN,8659.2,,
1780554554.8282526,VDD_CPU_GPU_CV,3373.952,,
1780554554.8282526,VDD_SOC,1964.8,,
1780554554.8282526,,,cpu-thermal,65.375
1780554554.8282526,,,gpu-thermal,66.25
1780554554.8282526,,,soc0-thermal,63.781
1780554554.8282526,,,soc1-thermal,63.156
1780554554.8282526,,,soc2-thermal,64.062
1780554554.8282526,,,tj-thermal,66.25
1780554554.9343061,VDD_IN,8777.28,,
1780554554.9343061,VDD_CPU_GPU_CV,3452.416,,
1780554554.9343061,VDD_SOC,2007.36,,
1780554554.9343061,,,cpu-thermal,65.437
1780554554.9343061,,,gpu-thermal,66.218
1780554554.9343061,,,soc0-thermal,63.781
1780554554.9343061,,,soc1-thermal,63.187
1780554554.9343061,,,soc2-thermal,63.968
1780554554.9343061,,,tj-thermal,66.218
1780554555.0396173,VDD_IN,8816.64,,
1780554555.0396173,VDD_CPU_GPU_CV,3497.344,,
1780554555.0396173,VDD_SOC,2007.36,,
1780554555.0396173,,,cpu-thermal,65.406
1780554555.0396173,,,gpu-thermal,66.156
1780554555.0396173,,,soc0-thermal,63.875
1780554555.0396173,,,soc1-thermal,63.156
1780554555.0396173,,,soc2-thermal,64.031
1780554555.0396173,,,tj-thermal,66.156
1780554555.1459494,VDD_IN,8698.56,,
1780554555.1459494,VDD_CPU_GPU_CV,3413.184,,
1780554555.1459494,VDD_SOC,1968.0,,
1780554555.1459494,,,cpu-thermal,65.437
1780554555.1459494,,,gpu-thermal,66.468
1780554555.1459494,,,soc0-thermal,63.75
1780554555.1459494,,,soc1-thermal,63.25
1780554555.1459494,,,soc2-thermal,64.0
1780554555.1459494,,,tj-thermal,66.468
1780554555.2521677,VDD_IN,8659.2,,
1780554555.2521677,VDD_CPU_GPU_CV,3373.952,,
1780554555.2521677,VDD_SOC,1968.0,,
1780554555.2521677,,,cpu-thermal,65.468
1780554555.2521677,,,gpu-thermal,66.343
1780554555.2521677,,,soc0-thermal,63.812
1780554555.2521677,,,soc1-thermal,63.187
1780554555.2521677,,,soc2-thermal,64.031
1780554555.2521677,,,tj-thermal,66.343
1780554555.3579016,VDD_IN,8580.48,,
1780554555.3579016,VDD_CPU_GPU_CV,3334.72,,
1780554555.3579016,VDD_SOC,1968.0,,
1780554555.3579016,,,cpu-thermal,65.468
1780554555.3579016,,,gpu-thermal,66.156
1780554555.3579016,,,soc0-thermal,64.0
1780554555.3579016,,,soc1-thermal,63.031
1780554555.3579016,,,soc2-thermal,64.031
1780554555.3579016,,,tj-thermal,66.218
1780554555.4637697,VDD_IN,8541.12,,
1780554555.4637697,VDD_CPU_GPU_CV,3334.72,,
1780554555.4637697,VDD_SOC,1968.0,,
1780554555.4637697,,,cpu-thermal,65.343
1780554555.4637697,,,gpu-thermal,66.312
1780554555.4637697,,,soc0-thermal,63.781
1780554555.4637697,,,soc1-thermal,63.093
1780554555.4637697,,,soc2-thermal,63.937
1780554555.4637697,,,tj-thermal,66.187
1780554555.5703673,VDD_IN,8541.12,,
1780554555.5703673,VDD_CPU_GPU_CV,3295.488,,
1780554555.5703673,VDD_SOC,1964.8,,
1780554555.5703673,,,cpu-thermal,65.406
1780554555.5703673,,,gpu-thermal,66.312
1780554555.5703673,,,soc0-thermal,63.875
1780554555.5703673,,,soc1-thermal,63.156
1780554555.5703673,,,soc2-thermal,64.0
1780554555.5703673,,,tj-thermal,66.187
1780554555.6761568,VDD_IN,8501.76,,
1780554555.6761568,VDD_CPU_GPU_CV,3295.488,,
1780554555.6761568,VDD_SOC,1964.8,,
1780554555.6761568,,,cpu-thermal,65.562
1780554555.6761568,,,gpu-thermal,66.25
1780554555.6761568,,,soc0-thermal,63.781
1780554555.6761568,,,soc1-thermal,63.062
1780554555.6761568,,,soc2-thermal,64.125
1780554555.6761568,,,tj-thermal,66.093
1780554555.782483,VDD_IN,8501.76,,
1780554555.782483,VDD_CPU_GPU_CV,3295.488,,
1780554555.782483,VDD_SOC,1964.8,,
1780554555.782483,,,cpu-thermal,65.718
1780554555.782483,,,gpu-thermal,66.218
1780554555.782483,,,soc0-thermal,63.718
1780554555.782483,,,soc1-thermal,63.093
1780554555.782483,,,soc2-thermal,64.062
1780554555.782483,,,tj-thermal,66.218
1780554555.8881564,VDD_IN,8659.2,,
1780554555.8881564,VDD_CPU_GPU_CV,3379.456,,
1780554555.8881564,VDD_SOC,1968.0,,
1780554555.8881564,,,cpu-thermal,65.343
1780554555.8881564,,,gpu-thermal,66.281
1780554555.8881564,,,soc0-thermal,63.781
1780554555.8881564,,,soc1-thermal,63.125
1780554555.8881564,,,soc2-thermal,64.062
1780554555.8881564,,,tj-thermal,66.281
1780554555.9936464,VDD_IN,8737.92,,
1780554555.9936464,VDD_CPU_GPU_CV,3458.048,,
1780554555.9936464,VDD_SOC,2007.36,,
1780554555.9936464,,,cpu-thermal,65.531
1780554555.9936464,,,gpu-thermal,66.562
1780554555.9936464,,,soc0-thermal,63.906
1780554555.9936464,,,soc1-thermal,63.25
1780554555.9936464,,,soc2-thermal,64.093
1780554555.9936464,,,tj-thermal,66.562
1780554556.0997615,VDD_IN,8737.92,,
1780554556.0997615,VDD_CPU_GPU_CV,3418.752,,
1780554556.0997615,VDD_SOC,2007.36,,
1780554556.0997615,,,cpu-thermal,65.656
1780554556.0997615,,,gpu-thermal,66.437
1780554556.0997615,,,soc0-thermal,63.906
1780554556.0997615,,,soc1-thermal,63.187
1780554556.0997615,,,soc2-thermal,64.062
1780554556.0997615,,,tj-thermal,66.437
1780554556.2056518,VDD_IN,8698.56,,
1780554556.2056518,VDD_CPU_GPU_CV,3418.752,,
1780554556.2056518,VDD_SOC,1968.0,,
1780554556.2056518,,,cpu-thermal,65.656
1780554556.2056518,,,gpu-thermal,66.343
1780554556.2056518,,,soc0-thermal,63.812
1780554556.2056518,,,soc1-thermal,63.093
1780554556.2056518,,,soc2-thermal,64.031
1780554556.2056518,,,tj-thermal,66.343
1780554556.3112874,VDD_IN,8659.2,,
1780554556.3112874,VDD_CPU_GPU_CV,3373.952,,
1780554556.3112874,VDD_SOC,1968.0,,
1780554556.3112874,,,cpu-thermal,65.562
1780554556.3112874,,,gpu-thermal,66.562
1780554556.3112874,,,soc0-thermal,63.875
1780554556.3112874,,,soc1-thermal,63.25
1780554556.3112874,,,soc2-thermal,64.062
1780554556.3112874,,,tj-thermal,66.25
1780554556.4169786,VDD_IN,8619.84,,
1780554556.4169786,VDD_CPU_GPU_CV,3373.952,,
1780554556.4169786,VDD_SOC,1964.8,,
1780554556.4169786,,,cpu-thermal,65.593
1780554556.4169786,,,gpu-thermal,66.312
1780554556.4169786,,,soc0-thermal,63.968
1780554556.4169786,,,soc1-thermal,63.156
1780554556.4169786,,,soc2-thermal,64.093
1780554556.4169786,,,tj-thermal,66.187
1780554556.5229669,VDD_IN,8619.84,,
1780554556.5229669,VDD_CPU_GPU_CV,3373.952,,
1780554556.5229669,VDD_SOC,1964.8,,
1780554556.5229669,,,cpu-thermal,65.656
1780554556.5229669,,,gpu-thermal,66.25
1780554556.5229669,,,soc0-thermal,63.781
1780554556.5229669,,,soc1-thermal,63.156
1780554556.5229669,,,soc2-thermal,64.156
1780554556.5229669,,,tj-thermal,66.25
1780554556.6285985,VDD_IN,8541.12,,
1780554556.6285985,VDD_CPU_GPU_CV,3334.72,,
1780554556.6285985,VDD_SOC,1964.8,,
1780554556.6285985,,,cpu-thermal,65.5
1780554556.6285985,,,gpu-thermal,66.25
1780554556.6285985,,,soc0-thermal,63.875
1780554556.6285985,,,soc1-thermal,63.218
1780554556.6285985,,,soc2-thermal,64.062
1780554556.6285985,,,tj-thermal,66.25
1780554556.7341278,VDD_IN,8541.12,,
1780554556.7341278,VDD_CPU_GPU_CV,3334.72,,
1780554556.7341278,VDD_SOC,1964.8,,
1780554556.7341278,,,cpu-thermal,65.5
1780554556.7341278,,,gpu-thermal,66.25
1780554556.7341278,,,soc0-thermal,63.843
1780554556.7341278,,,soc1-thermal,63.281
1780554556.7341278,,,soc2-thermal,64.125
1780554556.7341278,,,tj-thermal,66.25
1780554556.8408208,VDD_IN,8659.2,,
1780554556.8408208,VDD_CPU_GPU_CV,3373.952,,
1780554556.8408208,VDD_SOC,1964.8,,
1780554556.8408208,,,cpu-thermal,65.562
1780554556.8408208,,,gpu-thermal,66.218
1780554556.8408208,,,soc0-thermal,63.937
1780554556.8408208,,,soc1-thermal,63.187
1780554556.8408208,,,soc2-thermal,64.187
1780554556.8408208,,,tj-thermal,66.218
1780554556.9463642,VDD_IN,8737.92,,
1780554556.9463642,VDD_CPU_GPU_CV,3452.416,,
1780554556.9463642,VDD_SOC,2007.36,,
1780554556.9463642,,,cpu-thermal,65.5
1780554556.9463642,,,gpu-thermal,66.312
1780554556.9463642,,,soc0-thermal,63.875
1780554556.9463642,,,soc1-thermal,63.187
1780554556.9463642,,,soc2-thermal,63.968
1780554556.9463642,,,tj-thermal,66.562
1780554557.0519571,VDD_IN,8777.28,,
1780554557.0519571,VDD_CPU_GPU_CV,3458.048,,
1780554557.0519571,VDD_SOC,2007.36,,
1780554557.0519571,,,cpu-thermal,65.531
1780554557.0519571,,,gpu-thermal,66.281
1780554557.0519571,,,soc0-thermal,63.875
1780554557.0519571,,,soc1-thermal,63.218
1780554557.0519571,,,soc2-thermal,64.093
1780554557.0519571,,,tj-thermal,66.375
1780554557.1582925,VDD_IN,8698.56,,
1780554557.1582925,VDD_CPU_GPU_CV,3418.752,,
1780554557.1582925,VDD_SOC,1968.0,,
1780554557.1582925,,,cpu-thermal,65.75
1780554557.1582925,,,gpu-thermal,66.718
1780554557.1582925,,,soc0-thermal,63.968
1780554557.1582925,,,soc1-thermal,63.343
1780554557.1582925,,,soc2-thermal,64.218
1780554557.1582925,,,tj-thermal,66.312
1780554557.2639668,VDD_IN,8659.2,,
1780554557.2639668,VDD_CPU_GPU_CV,3379.456,,
1780554557.2639668,VDD_SOC,1968.0,,
1780554557.2639668,,,cpu-thermal,65.843
1780554557.2639668,,,gpu-thermal,66.531
1780554557.2639668,,,soc0-thermal,64.0
1780554557.2639668,,,soc1-thermal,63.25
1780554557.2639668,,,soc2-thermal,64.031
1780554557.2639668,,,tj-thermal,66.531
1780554557.3697147,VDD_IN,8619.84,,
1780554557.3697147,VDD_CPU_GPU_CV,3373.952,,
1780554557.3697147,VDD_SOC,1968.0,,
1780554557.3697147,,,cpu-thermal,65.468
1780554557.3697147,,,gpu-thermal,66.312
1780554557.3697147,,,soc0-thermal,63.937
1780554557.3697147,,,soc1-thermal,63.25
1780554557.3697147,,,soc2-thermal,64.187
1780554557.3697147,,,tj-thermal,66.312
1780554557.4758265,VDD_IN,8580.48,,
1780554557.4758265,VDD_CPU_GPU_CV,3334.72,,
1780554557.4758265,VDD_SOC,1968.0,,
1780554557.4758265,,,cpu-thermal,65.687
1780554557.4758265,,,gpu-thermal,66.343
1780554557.4758265,,,soc0-thermal,63.937
1780554557.4758265,,,soc1-thermal,63.281
1780554557.4758265,,,soc2-thermal,64.156
1780554557.4758265,,,tj-thermal,66.343
1780554557.5817611,VDD_IN,8541.12,,
1780554557.5817611,VDD_CPU_GPU_CV,3334.72,,
1780554557.5817611,VDD_SOC,1968.0,,
1780554557.5817611,,,cpu-thermal,65.718
1780554557.5817611,,,gpu-thermal,66.375
1780554557.5817611,,,soc0-thermal,64.062
1780554557.5817611,,,soc1-thermal,63.218
1780554557.5817611,,,soc2-thermal,64.187
1780554557.5817611,,,tj-thermal,66.375
1780554557.6877706,VDD_IN,8541.12,,
1780554557.6877706,VDD_CPU_GPU_CV,3334.72,,
1780554557.6877706,VDD_SOC,1968.0,,
1780554557.6877706,,,cpu-thermal,65.843
1780554557.6877706,,,gpu-thermal,66.25
1780554557.6877706,,,soc0-thermal,63.937
1780554557.6877706,,,soc1-thermal,63.25
1780554557.6877706,,,soc2-thermal,64.031
1780554557.6877706,,,tj-thermal,66.25
1780554557.793512,VDD_IN,8541.12,,
1780554557.793512,VDD_CPU_GPU_CV,3295.488,,
1780554557.793512,VDD_SOC,1968.0,,
1780554557.793512,,,cpu-thermal,65.593
1780554557.793512,,,gpu-thermal,66.25
1780554557.793512,,,soc0-thermal,63.937
1780554557.793512,,,soc1-thermal,63.281
1780554557.793512,,,soc2-thermal,64.156
1780554557.793512,,,tj-thermal,66.593
1780554557.8996274,VDD_IN,8659.2,,
1780554557.8996274,VDD_CPU_GPU_CV,3379.456,,
1780554557.8996274,VDD_SOC,1968.0,,
1780554557.8996274,,,cpu-thermal,65.562
1780554557.8996274,,,gpu-thermal,66.312
1780554557.8996274,,,soc0-thermal,64.0
1780554557.8996274,,,soc1-thermal,63.406
1780554557.8996274,,,soc2-thermal,64.156
1780554557.8996274,,,tj-thermal,66.437
1780554558.0053794,VDD_IN,8777.28,,
1780554558.0053794,VDD_CPU_GPU_CV,3458.048,,
1780554558.0053794,VDD_SOC,2007.36,,
1780554558.0053794,,,cpu-thermal,65.625
1780554558.0053794,,,gpu-thermal,66.312
1780554558.0053794,,,soc0-thermal,63.906
1780554558.0053794,,,soc1-thermal,63.218
1780554558.0053794,,,soc2-thermal,64.25
1780554558.0053794,,,tj-thermal,66.312
1780554558.1108415,VDD_IN,8737.92,,
1780554558.1108415,VDD_CPU_GPU_CV,3458.048,,
1780554558.1108415,VDD_SOC,1968.0,,
1780554558.1108415,,,cpu-thermal,65.531
1780554558.1108415,,,gpu-thermal,66.562
1780554558.1108415,,,soc0-thermal,63.937
1780554558.1108415,,,soc1-thermal,63.281
1780554558.1108415,,,soc2-thermal,64.125
1780554558.1108415,,,tj-thermal,66.562
1780554558.216577,VDD_IN,8659.2,,
1780554558.216577,VDD_CPU_GPU_CV,3418.752,,
1780554558.216577,VDD_SOC,1968.0,,
1780554558.216577,,,cpu-thermal,65.593
1780554558.216577,,,gpu-thermal,66.406
1780554558.216577,,,soc0-thermal,63.968
1780554558.216577,,,soc1-thermal,63.375
1780554558.216577,,,soc2-thermal,64.25
1780554558.216577,,,tj-thermal,66.406
1780554558.3227856,VDD_IN,8619.84,,
1780554558.3227856,VDD_CPU_GPU_CV,3379.456,,
1780554558.3227856,VDD_SOC,1968.0,,
1780554558.3227856,,,cpu-thermal,65.687
1780554558.3227856,,,gpu-thermal,66.437
1780554558.3227856,,,soc0-thermal,64.156
1780554558.3227856,,,soc1-thermal,63.218
1780554558.3227856,,,soc2-thermal,64.312
1780554558.3227856,,,tj-thermal,66.437
1780554558.4289834,VDD_IN,8580.48,,
1780554558.4289834,VDD_CPU_GPU_CV,3334.72,,
1780554558.4289834,VDD_SOC,1968.0,,
1780554558.4289834,,,cpu-thermal,65.531
1780554558.4289834,,,gpu-thermal,66.312
1780554558.4289834,,,soc0-thermal,63.968
1780554558.4289834,,,soc1-thermal,63.312
1780554558.4289834,,,soc2-thermal,64.218
1780554558.4289834,,,tj-thermal,66.312
1780554558.5350704,VDD_IN,8580.48,,
1780554558.5350704,VDD_CPU_GPU_CV,3334.72,,
1780554558.5350704,VDD_SOC,1968.0,,
1780554558.5350704,,,cpu-thermal,65.531
1780554558.5350704,,,gpu-thermal,66.312
1780554558.5350704,,,soc0-thermal,64.062
1780554558.5350704,,,soc1-thermal,63.312
1780554558.5350704,,,soc2-thermal,64.218
1780554558.5350704,,,tj-thermal,66.312
1780554558.640918,VDD_IN,8541.12,,
1780554558.640918,VDD_CPU_GPU_CV,3295.488,,
1780554558.640918,VDD_SOC,1968.0,,
1780554558.640918,,,cpu-thermal,65.593
1780554558.640918,,,gpu-thermal,66.343
1780554558.640918,,,soc0-thermal,64.156
1780554558.640918,,,soc1-thermal,63.312
1780554558.640918,,,soc2-thermal,64.312
1780554558.640918,,,tj-thermal,66.656
1780554558.7465363,VDD_IN,8501.76,,
1780554558.7465363,VDD_CPU_GPU_CV,3295.488,,
1780554558.7465363,VDD_SOC,1968.0,,
1780554558.7465363,,,cpu-thermal,65.937
1780554558.7465363,,,gpu-thermal,66.281
1780554558.7465363,,,soc0-thermal,64.25
1780554558.7465363,,,soc1-thermal,63.312
1780554558.7465363,,,soc2-thermal,64.156
1780554558.7465363,,,tj-thermal,66.562
1780554558.8521612,VDD_IN,8619.84,,
1780554558.8521612,VDD_CPU_GPU_CV,3373.952,,
1780554558.8521612,VDD_SOC,1968.0,,
1780554558.8521612,,,cpu-thermal,65.593
1780554558.8521612,,,gpu-thermal,66.375
1780554558.8521612,,,soc0-thermal,64.062
1780554558.8521612,,,soc1-thermal,63.312
1780554558.8521612,,,soc2-thermal,64.187
1780554558.8521612,,,tj-thermal,66.375
1780554558.9583192,VDD_IN,8737.92,,
1780554558.9583192,VDD_CPU_GPU_CV,3418.752,,
1780554558.9583192,VDD_SOC,2007.36,,
1780554558.9583192,,,cpu-thermal,65.593
1780554558.9583192,,,gpu-thermal,66.687
1780554558.9583192,,,soc0-thermal,64.0
1780554558.9583192,,,soc1-thermal,63.406
1780554558.9583192,,,soc2-thermal,64.281
1780554558.9583192,,,tj-thermal,66.687
1780554559.0637326,VDD_IN,8737.92,,
1780554559.0637326,VDD_CPU_GPU_CV,3458.048,,
1780554559.0637326,VDD_SOC,2007.36,,
1780554559.0637326,,,cpu-thermal,65.843
1780554559.0637326,,,gpu-thermal,66.437
1780554559.0637326,,,soc0-thermal,64.156
1780554559.0637326,,,soc1-thermal,63.281
1780554559.0637326,,,soc2-thermal,64.312
1780554559.0637326,,,tj-thermal,66.437
1780554559.1697614,VDD_IN,8659.2,,
1780554559.1697614,VDD_CPU_GPU_CV,3418.752,,
1780554559.1697614,VDD_SOC,1968.0,,
1780554559.1697614,,,cpu-thermal,65.906
1780554559.1697614,,,gpu-thermal,66.437
1780554559.1697614,,,soc0-thermal,64.0
1780554559.1697614,,,soc1-thermal,63.312
1780554559.1697614,,,soc2-thermal,64.218
1780554559.1697614,,,tj-thermal,66.437
1780554559.275677,VDD_IN,8619.84,,
1780554559.275677,VDD_CPU_GPU_CV,3379.456,,
1780554559.275677,VDD_SOC,1968.0,,
1780554559.275677,,,cpu-thermal,65.562
1780554559.275677,,,gpu-thermal,66.656
1780554559.275677,,,soc0-thermal,64.062
1780554559.275677,,,soc1-thermal,63.406
1780554559.275677,,,soc2-thermal,64.281
1780554559.275677,,,tj-thermal,66.312
1780554559.3812897,VDD_IN,8580.48,,
1780554559.3812897,VDD_CPU_GPU_CV,3334.72,,
1780554559.3812897,VDD_SOC,1968.0,,
1780554559.3812897,,,cpu-thermal,65.75
1780554559.3812897,,,gpu-thermal,66.5
1780554559.3812897,,,soc0-thermal,64.156
1780554559.3812897,,,soc1-thermal,63.437
1780554559.3812897,,,soc2-thermal,64.25
1780554559.3812897,,,tj-thermal,66.375
1780554559.4876404,VDD_IN,8541.12,,
1780554559.4876404,VDD_CPU_GPU_CV,3295.488,,
1780554559.4876404,VDD_SOC,1968.0,,
1780554559.4876404,,,cpu-thermal,65.75
1780554559.4876404,,,gpu-thermal,66.375
1780554559.4876404,,,soc0-thermal,64.0
1780554559.4876404,,,soc1-thermal,63.281
1780554559.4876404,,,soc2-thermal,64.312
1780554559.4876404,,,tj-thermal,66.687
1780554559.5932353,VDD_IN,8541.12,,
1780554559.5932353,VDD_CPU_GPU_CV,3295.488,,
1780554559.5932353,VDD_SOC,1968.0,,
1780554559.5932353,,,cpu-thermal,65.562
1780554559.5932353,,,gpu-thermal,66.343
1780554559.5932353,,,soc0-thermal,64.062
1780554559.5932353,,,soc1-thermal,63.375
1780554559.5932353,,,soc2-thermal,64.312
1780554559.5932353,,,tj-thermal,66.343
1780554559.6987934,VDD_IN,8501.76,,
1780554559.6987934,VDD_CPU_GPU_CV,3340.16,,
1780554559.6987934,VDD_SOC,1968.0,,
1780554559.6987934,,,cpu-thermal,65.687
1780554559.6987934,,,gpu-thermal,66.343
1780554559.6987934,,,soc0-thermal,64.125
1780554559.6987934,,,soc1-thermal,63.437
1780554559.6987934,,,soc2-thermal,64.25
1780554559.6987934,,,tj-thermal,66.343
1780554559.8049796,VDD_IN,8501.76,,
1780554559.8049796,VDD_CPU_GPU_CV,3340.16,,
1780554559.8049796,VDD_SOC,1968.0,,
1780554559.8049796,,,cpu-thermal,65.75
1780554559.8049796,,,gpu-thermal,66.656
1780554559.8049796,,,soc0-thermal,64.187
1780554559.8049796,,,soc1-thermal,63.281
1780554559.8049796,,,soc2-thermal,64.312
1780554559.8049796,,,tj-thermal,66.656
1780554559.9105988,VDD_IN,8659.2,,
1780554559.9105988,VDD_CPU_GPU_CV,3418.752,,
1780554559.9105988,VDD_SOC,1968.0,,
1780554559.9105988,,,cpu-thermal,65.593
1780554559.9105988,,,gpu-thermal,66.687
1780554559.9105988,,,soc0-thermal,64.062
1780554559.9105988,,,soc1-thermal,63.312
1780554559.9105988,,,soc2-thermal,64.281
1780554559.9105988,,,tj-thermal,66.687
1780554560.0164685,VDD_IN,8777.28,,
1780554560.0164685,VDD_CPU_GPU_CV,3497.344,,
1780554560.0164685,VDD_SOC,2007.36,,
1780554560.0164685,,,cpu-thermal,65.656
1780554560.0164685,,,gpu-thermal,66.593
1780554560.0164685,,,soc0-thermal,64.062
1780554560.0164685,,,soc1-thermal,63.437
1780554560.0164685,,,soc2-thermal,64.343
1780554560.0164685,,,tj-thermal,66.593
1780554560.1228228,VDD_IN,8698.56,,
1780554560.1228228,VDD_CPU_GPU_CV,3418.752,,
1780554560.1228228,VDD_SOC,1968.0,,
1780554560.1228228,,,cpu-thermal,65.75
1780554560.1228228,,,gpu-thermal,66.75
1780554560.1228228,,,soc0-thermal,64.156
1780554560.1228228,,,soc1-thermal,63.437
1780554560.1228228,,,soc2-thermal,64.312
1780554560.1228228,,,tj-thermal,66.406
1780554560.228492,VDD_IN,8619.84,,
1780554560.228492,VDD_CPU_GPU_CV,3379.456,,
1780554560.228492,VDD_SOC,1968.0,,
1780554560.228492,,,cpu-thermal,65.625
1780554560.228492,,,gpu-thermal,66.593
1780554560.228492,,,soc0-thermal,64.062
1780554560.228492,,,soc1-thermal,63.375
1780554560.228492,,,soc2-thermal,64.187
1780554560.228492,,,tj-thermal,66.593
1780554560.3340867,VDD_IN,8619.84,,
1780554560.3340867,VDD_CPU_GPU_CV,3373.952,,
1780554560.3340867,VDD_SOC,1968.0,,
1780554560.3340867,,,cpu-thermal,65.75
1780554560.3340867,,,gpu-thermal,66.531
1780554560.3340867,,,soc0-thermal,64.062
1780554560.3340867,,,soc1-thermal,63.375
1780554560.3340867,,,soc2-thermal,64.312
1780554560.3340867,,,tj-thermal,66.531
1780554560.4398367,VDD_IN,8580.48,,
1780554560.4398367,VDD_CPU_GPU_CV,3334.72,,
1780554560.4398367,VDD_SOC,1968.0,,
1780554560.4398367,,,cpu-thermal,65.625
1780554560.4398367,,,gpu-thermal,66.437
1780554560.4398367,,,soc0-thermal,64.125
1780554560.4398367,,,soc1-thermal,63.406
1780554560.4398367,,,soc2-thermal,64.312
1780554560.4398367,,,tj-thermal,66.437
1780554560.5460258,VDD_IN,8541.12,,
1780554560.5460258,VDD_CPU_GPU_CV,3334.72,,
1780554560.5460258,VDD_SOC,1964.8,,
1780554560.5460258,,,cpu-thermal,65.937
1780554560.5460258,,,gpu-thermal,66.343
1780554560.5460258,,,soc0-thermal,64.187
1780554560.5460258,,,soc1-thermal,63.312
1780554560.5460258,,,soc2-thermal,64.312
1780554560.5460258,,,tj-thermal,66.343
1780554560.6515985,VDD_IN,8541.12,,
1780554560.6515985,VDD_CPU_GPU_CV,3295.488,,
1780554560.6515985,VDD_SOC,1964.8,,
1780554560.6515985,,,cpu-thermal,66.0
1780554560.6515985,,,gpu-thermal,66.75
1780554560.6515985,,,soc0-thermal,64.125
1780554560.6515985,,,soc1-thermal,63.406
1780554560.6515985,,,soc2-thermal,64.218
1780554560.6515985,,,tj-thermal,66.75
1780554560.7575324,VDD_IN,8541.12,,
1780554560.7575324,VDD_CPU_GPU_CV,3295.488,,
1780554560.7575324,VDD_SOC,1964.8,,
1780554560.7575324,,,cpu-thermal,65.687
1780554560.7575324,,,gpu-thermal,66.468
1780554560.7575324,,,soc0-thermal,64.125
1780554560.7575324,,,soc1-thermal,63.406
1780554560.7575324,,,soc2-thermal,64.25
1780554560.7575324,,,tj-thermal,66.656
1780554560.8631046,VDD_IN,8619.84,,
1780554560.8631046,VDD_CPU_GPU_CV,3373.952,,
1780554560.8631046,VDD_SOC,1968.0,,
1780554560.8631046,,,cpu-thermal,65.718
1780554560.8631046,,,gpu-thermal,66.468
1780554560.8631046,,,soc0-thermal,64.125
1780554560.8631046,,,soc1-thermal,63.5
1780554560.8631046,,,soc2-thermal,64.375
1780554560.8631046,,,tj-thermal,66.687
1780554560.9687254,VDD_IN,8737.92,,
1780554560.9687254,VDD_CPU_GPU_CV,3458.048,,
1780554560.9687254,VDD_SOC,2007.36,,
1780554560.9687254,,,cpu-thermal,65.906
1780554560.9687254,,,gpu-thermal,66.906
1780554560.9687254,,,soc0-thermal,64.281
1780554560.9687254,,,soc1-thermal,63.406
1780554560.9687254,,,soc2-thermal,64.406
1780554560.9687254,,,tj-thermal,66.906
1780554561.0746188,VDD_IN,8777.28,,
1780554561.0746188,VDD_CPU_GPU_CV,3418.752,,
1780554561.0746188,VDD_SOC,2007.36,,
1780554561.0746188,,,cpu-thermal,66.0
1780554561.0746188,,,gpu-thermal,66.687
1780554561.0746188,,,soc0-thermal,64.156
1780554561.0746188,,,soc1-thermal,63.375
1780554561.0746188,,,soc2-thermal,64.375
1780554561.0746188,,,tj-thermal,66.687
1780554561.1802762,VDD_IN,8737.92,,
1780554561.1802762,VDD_CPU_GPU_CV,3413.184,,
1780554561.1802762,VDD_SOC,1968.0,,
1780554561.1802762,,,cpu-thermal,65.875
1780554561.1802762,,,gpu-thermal,66.562
1780554561.1802762,,,soc0-thermal,64.187
1780554561.1802762,,,soc1-thermal,63.437
1780554561.1802762,,,soc2-thermal,64.343
1780554561.1802762,,,tj-thermal,66.562
1780554561.2863708,VDD_IN,8698.56,,
1780554561.2863708,VDD_CPU_GPU_CV,3413.184,,
1780554561.2863708,VDD_SOC,1968.0,,
1780554561.2863708,,,cpu-thermal,65.937
1780554561.2863708,,,gpu-thermal,66.406
1780554561.2863708,,,soc0-thermal,64.218
1780554561.2863708,,,soc1-thermal,63.562
1780554561.2863708,,,soc2-thermal,64.406
1780554561.2863708,,,tj-thermal,66.406
1780554561.3922756,VDD_IN,8619.84,,
1780554561.3922756,VDD_CPU_GPU_CV,3334.72,,
1780554561.3922756,VDD_SOC,1968.0,,
1780554561.3922756,,,cpu-thermal,65.875
1780554561.3922756,,,gpu-thermal,66.562
1780554561.3922756,,,soc0-thermal,64.125
1780554561.3922756,,,soc1-thermal,63.375
1780554561.3922756,,,soc2-thermal,64.281
1780554561.3922756,,,tj-thermal,66.468
1780554561.4980936,VDD_IN,8580.48,,
1780554561.4980936,VDD_CPU_GPU_CV,3334.72,,
1780554561.4980936,VDD_SOC,1964.8,,
1780554561.4980936,,,cpu-thermal,65.843
1780554561.4980936,,,gpu-thermal,66.437
1780554561.4980936,,,soc0-thermal,64.25
1780554561.4980936,,,soc1-thermal,63.5
1780554561.4980936,,,soc2-thermal,64.312
1780554561.4980936,,,tj-thermal,66.437
1780554561.604206,VDD_IN,8541.12,,
1780554561.604206,VDD_CPU_GPU_CV,3334.72,,
1780554561.604206,VDD_SOC,1964.8,,
1780554561.604206,,,cpu-thermal,65.906
1780554561.604206,,,gpu-thermal,66.5
1780554561.604206,,,soc0-thermal,64.187
1780554561.604206,,,soc1-thermal,63.625
1780554561.604206,,,soc2-thermal,64.406
1780554561.604206,,,tj-thermal,66.687
1780554561.7100894,VDD_IN,8501.76,,
1780554561.7100894,VDD_CPU_GPU_CV,3295.488,,
1780554561.7100894,VDD_SOC,1964.8,,
1780554561.7100894,,,cpu-thermal,65.875
1780554561.7100894,,,gpu-thermal,66.406
1780554561.7100894,,,soc0-thermal,64.343
1780554561.7100894,,,soc1-thermal,63.437
1780554561.7100894,,,soc2-thermal,64.5
1780554561.7100894,,,tj-thermal,66.406
1780554561.8156934,VDD_IN,8541.12,,
1780554561.8156934,VDD_CPU_GPU_CV,3334.72,,
1780554561.8156934,VDD_SOC,1968.0,,
1780554561.8156934,,,cpu-thermal,65.75
1780554561.8156934,,,gpu-thermal,66.906
1780554561.8156934,,,soc0-thermal,64.187
1780554561.8156934,,,soc1-thermal,63.5
1780554561.8156934,,,soc2-thermal,64.281
1780554561.8156934,,,tj-thermal,66.906
1780554561.9213066,VDD_IN,8659.2,,
1780554561.9213066,VDD_CPU_GPU_CV,3418.752,,
1780554561.9213066,VDD_SOC,1968.0,,
1780554561.9213066,,,cpu-thermal,65.781
1780554561.9213066,,,gpu-thermal,66.781
1780554561.9213066,,,soc0-thermal,64.218
1780554561.9213066,,,soc1-thermal,63.5
1780554561.9213066,,,soc2-thermal,64.5
1780554561.9213066,,,tj-thermal,66.781
1780554562.0269058,VDD_IN,8777.28,,
1780554562.0269058,VDD_CPU_GPU_CV,3458.048,,
1780554562.0269058,VDD_SOC,2007.36,,
1780554562.0269058,,,cpu-thermal,65.781
1780554562.0269058,,,gpu-thermal,66.718
1780554562.0269058,,,soc0-thermal,64.375
1780554562.0269058,,,soc1-thermal,63.656
1780554562.0269058,,,soc2-thermal,64.468
1780554562.0269058,,,tj-thermal,66.718
1780554562.1324706,VDD_IN,8698.56,,
1780554562.1324706,VDD_CPU_GPU_CV,3418.752,,
1780554562.1324706,VDD_SOC,1968.0,,
1780554562.1324706,,,cpu-thermal,65.687
1780554562.1324706,,,gpu-thermal,66.875
1780554562.1324706,,,soc0-thermal,64.125
1780554562.1324706,,,soc1-thermal,63.375
1780554562.1324706,,,soc2-thermal,64.375
1780554562.1324706,,,tj-thermal,66.531
1780554562.238262,VDD_IN,8659.2,,
1780554562.238262,VDD_CPU_GPU_CV,3373.952,,
1780554562.238262,VDD_SOC,1968.0,,
1780554562.238262,,,cpu-thermal,65.812
1780554562.238262,,,gpu-thermal,66.718
1780554562.238262,,,soc0-thermal,64.218
1780554562.238262,,,soc1-thermal,63.5
1780554562.238262,,,soc2-thermal,64.406
1780554562.238262,,,tj-thermal,66.718
1780554562.3438568,VDD_IN,8580.48,,
1780554562.3438568,VDD_CPU_GPU_CV,3373.952,,
1780554562.3438568,VDD_SOC,1968.0,,
1780554562.3438568,,,cpu-thermal,65.75
1780554562.3438568,,,gpu-thermal,66.531
1780554562.3438568,,,soc0-thermal,64.25
1780554562.3438568,,,soc1-thermal,63.531
1780554562.3438568,,,soc2-thermal,64.406
1780554562.3438568,,,tj-thermal,66.531
1780554562.4498668,VDD_IN,8541.12,,
1780554562.4498668,VDD_CPU_GPU_CV,3334.72,,
1780554562.4498668,VDD_SOC,1968.0,,
1780554562.4498668,,,cpu-thermal,66.0
1780554562.4498668,,,gpu-thermal,66.5
1780554562.4498668,,,soc0-thermal,64.343
1780554562.4498668,,,soc1-thermal,63.437
1780554562.4498668,,,soc2-thermal,64.437
1780554562.4498668,,,tj-thermal,66.5
1780554562.5560114,VDD_IN,8501.76,,
1780554562.5560114,VDD_CPU_GPU_CV,3340.16,,
1780554562.5560114,VDD_SOC,1968.0,,
1780554562.5560114,,,cpu-thermal,66.093
1780554562.5560114,,,gpu-thermal,66.468
1780554562.5560114,,,soc0-thermal,64.25
1780554562.5560114,,,soc1-thermal,63.437
1780554562.5560114,,,soc2-thermal,64.375
1780554562.5560114,,,tj-thermal,66.468
1780554562.6617923,VDD_IN,8501.76,,
1780554562.6617923,VDD_CPU_GPU_CV,3295.488,,
1780554562.6617923,VDD_SOC,1968.0,,
1780554562.6617923,,,cpu-thermal,65.875
1780554562.6617923,,,gpu-thermal,66.5
1780554562.6617923,,,soc0-thermal,64.25
1780554562.6617923,,,soc1-thermal,63.562
1780554562.6617923,,,soc2-thermal,64.437
1780554562.6617923,,,tj-thermal,66.5
1780554562.7673383,VDD_IN,8462.4,,
1780554562.7673383,VDD_CPU_GPU_CV,3295.488,,
1780554562.7673383,VDD_SOC,1968.0,,
1780554562.7673383,,,cpu-thermal,66.0
1780554562.7673383,,,gpu-thermal,66.593
1780554562.7673383,,,soc0-thermal,64.281
1780554562.7673383,,,soc1-thermal,63.468
1780554562.7673383,,,soc2-thermal,64.468
1780554562.7673383,,,tj-thermal,66.781
1780554562.8730476,VDD_IN,8619.84,,
1780554562.8730476,VDD_CPU_GPU_CV,3379.456,,
1780554562.8730476,VDD_SOC,1968.0,,
1780554562.8730476,,,cpu-thermal,66.0
1780554562.8730476,,,gpu-thermal,66.593
1780554562.8730476,,,soc0-thermal,64.375
1780554562.8730476,,,soc1-thermal,63.406
1780554562.8730476,,,soc2-thermal,64.531
1780554562.8730476,,,tj-thermal,66.718
1780554562.9788215,VDD_IN,8737.92,,
1780554562.9788215,VDD_CPU_GPU_CV,3458.048,,
1780554562.9788215,VDD_SOC,2007.36,,
1780554562.9788215,,,cpu-thermal,66.031
1780554562.9788215,,,gpu-thermal,67.031
1780554562.9788215,,,soc0-thermal,64.25
1780554562.9788215,,,soc1-thermal,63.593
1780554562.9788215,,,soc2-thermal,64.437
1780554562.9788215,,,tj-thermal,67.031
1780554563.0850616,VDD_IN,8737.92,,
1780554563.0850616,VDD_CPU_GPU_CV,3458.048,,
1780554563.0850616,VDD_SOC,2007.36,,
1780554563.0850616,,,cpu-thermal,65.937
1780554563.0850616,,,gpu-thermal,66.812
1780554563.0850616,,,soc0-thermal,64.25
1780554563.0850616,,,soc1-thermal,63.593
1780554563.0850616,,,soc2-thermal,64.531
1780554563.0850616,,,tj-thermal,66.812
1780554563.190939,VDD_IN,8698.56,,
1780554563.190939,VDD_CPU_GPU_CV,3379.456,,
1780554563.190939,VDD_SOC,1968.0,,
1780554563.190939,,,cpu-thermal,66.0
1780554563.190939,,,gpu-thermal,66.687
1780554563.190939,,,soc0-thermal,64.343
1780554563.190939,,,soc1-thermal,63.468
1780554563.190939,,,soc2-thermal,64.437
1780554563.190939,,,tj-thermal,66.687
1780554563.297193,VDD_IN,8619.84,,
1780554563.297193,VDD_CPU_GPU_CV,3379.456,,
1780554563.297193,VDD_SOC,1968.0,,
1780554563.297193,,,cpu-thermal,65.906
1780554563.297193,,,gpu-thermal,66.593
1780554563.297193,,,soc0-thermal,64.156
1780554563.297193,,,soc1-thermal,63.562
1780554563.297193,,,soc2-thermal,64.406
1780554563.297193,,,tj-thermal,66.593
1780554563.4028614,VDD_IN,8619.84,,
1780554563.4028614,VDD_CPU_GPU_CV,3340.16,,
1780554563.4028614,VDD_SOC,1968.0,,
1780554563.4028614,,,cpu-thermal,65.906
1780554563.4028614,,,gpu-thermal,66.593
1780554563.4028614,,,soc0-thermal,64.281
1780554563.4028614,,,soc1-thermal,63.687
1780554563.4028614,,,soc2-thermal,64.468
1780554563.4028614,,,tj-thermal,66.593
1780554563.5089428,VDD_IN,8541.12,,
1780554563.5089428,VDD_CPU_GPU_CV,3340.16,,
1780554563.5089428,VDD_SOC,1968.0,,
1780554563.5089428,,,cpu-thermal,65.875
1780554563.5089428,,,gpu-thermal,66.531
1780554563.5089428,,,soc0-thermal,64.343
1780554563.5089428,,,soc1-thermal,63.687
1780554563.5089428,,,soc2-thermal,64.5
1780554563.5089428,,,tj-thermal,66.531
1780554563.614586,VDD_IN,8541.12,,
1780554563.614586,VDD_CPU_GPU_CV,3295.488,,
1780554563.614586,VDD_SOC,1968.0,,
1780554563.614586,,,cpu-thermal,65.843
1780554563.614586,,,gpu-thermal,66.593
1780554563.614586,,,soc0-thermal,64.312
1780554563.614586,,,soc1-thermal,63.5
1780554563.614586,,,soc2-thermal,64.531
1780554563.614586,,,tj-thermal,66.875
1780554563.7201967,VDD_IN,8501.76,,
1780554563.7201967,VDD_CPU_GPU_CV,3295.488,,
1780554563.7201967,VDD_SOC,1968.0,,
1780554563.7201967,,,cpu-thermal,65.812
1780554563.7201967,,,gpu-thermal,66.531
1780554563.7201967,,,soc0-thermal,64.25
1780554563.7201967,,,soc1-thermal,63.562
1780554563.7201967,,,soc2-thermal,64.5
1780554563.7201967,,,tj-thermal,66.75
1780554563.826217,VDD_IN,8580.48,,
1780554563.826217,VDD_CPU_GPU_CV,3334.72,,
1780554563.826217,VDD_SOC,1968.0,,
1780554563.826217,,,cpu-thermal,65.937
1780554563.826217,,,gpu-thermal,66.593
1780554563.826217,,,soc0-thermal,64.343
1780554563.826217,,,soc1-thermal,63.656
1780554563.826217,,,soc2-thermal,64.562
1780554563.826217,,,tj-thermal,66.593
1780554563.9317589,VDD_IN,8698.56,,
1780554563.9317589,VDD_CPU_GPU_CV,3418.752,,
1780554563.9317589,VDD_SOC,1968.0,,
1780554563.9317589,,,cpu-thermal,65.875
1780554563.9317589,,,gpu-thermal,66.937
1780554563.9317589,,,soc0-thermal,64.437
1780554563.9317589,,,soc1-thermal,63.5
1780554563.9317589,,,soc2-thermal,64.531
1780554563.9317589,,,tj-thermal,66.937
1780554564.0372932,VDD_IN,8777.28,,
1780554564.0372932,VDD_CPU_GPU_CV,3458.048,,
1780554564.0372932,VDD_SOC,2007.36,,
1780554564.0372932,,,cpu-thermal,65.843
1780554564.0372932,,,gpu-thermal,66.75
1780554564.0372932,,,soc0-thermal,64.281
1780554564.0372932,,,soc1-thermal,63.562
1780554564.0372932,,,soc2-thermal,64.5
1780554564.0372932,,,tj-thermal,66.75
1780554564.1431968,VDD_IN,8698.56,,
1780554564.1431968,VDD_CPU_GPU_CV,3418.752,,
1780554564.1431968,VDD_SOC,1968.0,,
1780554564.1431968,,,cpu-thermal,65.937
1780554564.1431968,,,gpu-thermal,66.718
1780554564.1431968,,,soc0-thermal,64.343
1780554564.1431968,,,soc1-thermal,63.562
1780554564.1431968,,,soc2-thermal,64.562
1780554564.1431968,,,tj-thermal,66.718
1780554564.2489426,VDD_IN,8659.2,,
1780554564.2489426,VDD_CPU_GPU_CV,3373.952,,
1780554564.2489426,VDD_SOC,1968.0,,
1780554564.2489426,,,cpu-thermal,66.156
1780554564.2489426,,,gpu-thermal,66.812
1780554564.2489426,,,soc0-thermal,64.343
1780554564.2489426,,,soc1-thermal,63.718
1780554564.2489426,,,soc2-thermal,64.5
1780554564.2489426,,,tj-thermal,66.718
1780554564.354534,VDD_IN,8659.2,,
1780554564.354534,VDD_CPU_GPU_CV,3373.952,,
1780554564.354534,VDD_SOC,1968.0,,
1780554564.354534,,,cpu-thermal,66.218
1780554564.354534,,,gpu-thermal,66.718
1780554564.354534,,,soc0-thermal,64.375
1780554564.354534,,,soc1-thermal,63.562
1780554564.354534,,,soc2-thermal,64.531
1780554564.354534,,,tj-thermal,66.718
1780554564.4601974,VDD_IN,8580.48,,
1780554564.4601974,VDD_CPU_GPU_CV,3373.952,,
1780554564.4601974,VDD_SOC,1968.0,,
1780554564.4601974,,,cpu-thermal,66.25
1780554564.4601974,,,gpu-thermal,66.75
1780554564.4601974,,,soc0-thermal,64.343
1780554564.4601974,,,soc1-thermal,63.593
1780554564.4601974,,,soc2-thermal,64.437
1780554564.4601974,,,tj-thermal,66.75
1780554564.5658119,VDD_IN,8580.48,,
1780554564.5658119,VDD_CPU_GPU_CV,3334.72,,
1780554564.5658119,VDD_SOC,1964.8,,
1780554564.5658119,,,cpu-thermal,65.875
1780554564.5658119,,,gpu-thermal,66.656
1780554564.5658119,,,soc0-thermal,64.281
1780554564.5658119,,,soc1-thermal,63.75
1780554564.5658119,,,soc2-thermal,64.562
1780554564.5658119,,,tj-thermal,66.656
1780554564.6714387,VDD_IN,8619.84,,
1780554564.6714387,VDD_CPU_GPU_CV,3373.952,,
1780554564.6714387,VDD_SOC,1964.8,,
1780554564.6714387,,,cpu-thermal,65.968
1780554564.6714387,,,gpu-thermal,66.593
1780554564.6714387,,,soc0-thermal,64.406
1780554564.6714387,,,soc1-thermal,63.531
1780554564.6714387,,,soc2-thermal,64.562
1780554564.6714387,,,tj-thermal,66.593
1780554564.7771366,VDD_IN,8619.84,,
1780554564.7771366,VDD_CPU_GPU_CV,3373.952,,
1780554564.7771366,VDD_SOC,1964.8,,
1780554564.7771366,,,cpu-thermal,66.156
1780554564.7771366,,,gpu-thermal,66.625
1780554564.7771366,,,soc0-thermal,64.5
1780554564.7771366,,,soc1-thermal,63.593
1780554564.7771366,,,soc2-thermal,64.562
1780554564.7771366,,,tj-thermal,66.937
1780554564.8833394,VDD_IN,8737.92,,
1780554564.8833394,VDD_CPU_GPU_CV,3452.416,,
1780554564.8833394,VDD_SOC,2007.36,,
1780554564.8833394,,,cpu-thermal,66.187
1780554564.8833394,,,gpu-thermal,66.718
1780554564.8833394,,,soc0-thermal,64.375
1780554564.8833394,,,soc1-thermal,63.531
1780554564.8833394,,,soc2-thermal,64.531
1780554564.8833394,,,tj-thermal,66.875
1780554564.989166,VDD_IN,8816.64,,
1780554564.989166,VDD_CPU_GPU_CV,3491.648,,
1780554564.989166,VDD_SOC,2007.36,,
1780554564.989166,,,cpu-thermal,66.031
1780554564.989166,,,gpu-thermal,66.718
1780554564.989166,,,soc0-thermal,64.375
1780554564.989166,,,soc1-thermal,63.75
1780554564.989166,,,soc2-thermal,64.531
1780554564.989166,,,tj-thermal,66.718
1780554565.09465,VDD_IN,8777.28,,
1780554565.09465,VDD_CPU_GPU_CV,3452.416,,
1780554565.09465,VDD_SOC,2007.36,,
1780554565.09465,,,cpu-thermal,66.031
1780554565.09465,,,gpu-thermal,67.0
1780554565.09465,,,soc0-thermal,64.406
1780554565.09465,,,soc1-thermal,63.531
1780554565.09465,,,soc2-thermal,64.593
1780554565.09465,,,tj-thermal,67.0
1780554565.2002745,VDD_IN,8698.56,,
1780554565.2002745,VDD_CPU_GPU_CV,3413.184,,
1780554565.2002745,VDD_SOC,1968.0,,
1780554565.2002745,,,cpu-thermal,66.0
1780554565.2002745,,,gpu-thermal,66.812
1780554565.2002745,,,soc0-thermal,64.343
1780554565.2002745,,,soc1-thermal,63.656
1780554565.2002745,,,soc2-thermal,64.593
1780554565.2002745,,,tj-thermal,66.812
1780554565.306474,VDD_IN,8698.56,,
1780554565.306474,VDD_CPU_GPU_CV,3373.952,,
1780554565.306474,VDD_SOC,1968.0,,
1780554565.306474,,,cpu-thermal,66.0
1780554565.306474,,,gpu-thermal,66.75
1780554565.306474,,,soc0-thermal,64.343
1780554565.306474,,,soc1-thermal,63.75
1780554565.306474,,,soc2-thermal,64.5
1780554565.306474,,,tj-thermal,66.75
1780554565.4126163,VDD_IN,8619.84,,
1780554565.4126163,VDD_CPU_GPU_CV,3373.952,,
1780554565.4126163,VDD_SOC,1968.0,,
1780554565.4126163,,,cpu-thermal,66.0
1780554565.4126163,,,gpu-thermal,66.718
1780554565.4126163,,,soc0-thermal,64.437
1780554565.4126163,,,soc1-thermal,63.781
1780554565.4126163,,,soc2-thermal,64.593
1780554565.4126163,,,tj-thermal,66.718
1780554565.5181148,VDD_IN,8580.48,,
1780554565.5181148,VDD_CPU_GPU_CV,3334.72,,
1780554565.5181148,VDD_SOC,1964.8,,
1780554565.5181148,,,cpu-thermal,65.937
1780554565.5181148,,,gpu-thermal,66.781
1780554565.5181148,,,soc0-thermal,64.375
1780554565.5181148,,,soc1-thermal,63.625
1780554565.5181148,,,soc2-thermal,64.687
1780554565.5181148,,,tj-thermal,66.718
1780554565.6246603,VDD_IN,8619.84,,
1780554565.6246603,VDD_CPU_GPU_CV,3334.72,,
1780554565.6246603,VDD_SOC,1964.8,,
1780554565.6246603,,,cpu-thermal,65.843
1780554565.6246603,,,gpu-thermal,66.812
1780554565.6246603,,,soc0-thermal,64.406
1780554565.6246603,,,soc1-thermal,63.625
1780554565.6246603,,,soc2-thermal,64.625
1780554565.6246603,,,tj-thermal,66.937
1780554565.7305937,VDD_IN,8541.12,,
1780554565.7305937,VDD_CPU_GPU_CV,3295.488,,
1780554565.7305937,VDD_SOC,1964.8,,
1780554565.7305937,,,cpu-thermal,66.0
1780554565.7305937,,,gpu-thermal,66.75
1780554565.7305937,,,soc0-thermal,64.312
1780554565.7305937,,,soc1-thermal,63.718
1780554565.7305937,,,soc2-thermal,64.593
1780554565.7305937,,,tj-thermal,66.75
1780554565.8361907,VDD_IN,8619.84,,
1780554565.8361907,VDD_CPU_GPU_CV,3373.952,,
1780554565.8361907,VDD_SOC,1968.0,,
1780554565.8361907,,,cpu-thermal,66.156
1780554565.8361907,,,gpu-thermal,66.718
1780554565.8361907,,,soc0-thermal,64.312
1780554565.8361907,,,soc1-thermal,63.562
1780554565.8361907,,,soc2-thermal,64.718
1780554565.8361907,,,tj-thermal,66.718
1780554565.941752,VDD_IN,8737.92,,
1780554565.941752,VDD_CPU_GPU_CV,3458.048,,
1780554565.941752,VDD_SOC,2007.36,,
1780554565.941752,,,cpu-thermal,65.937
1780554565.941752,,,gpu-thermal,67.125
1780554565.941752,,,soc0-thermal,64.406
1780554565.941752,,,soc1-thermal,63.718
1780554565.941752,,,soc2-thermal,64.5
1780554565.941752,,,tj-thermal,67.125
1780554566.047322,VDD_IN,8777.28,,
1780554566.047322,VDD_CPU_GPU_CV,3458.048,,
1780554566.047322,VDD_SOC,2007.36,,
1780554566.047322,,,cpu-thermal,66.0
1780554566.047322,,,gpu-thermal,66.906
1780554566.047322,,,soc0-thermal,64.437
1780554566.047322,,,soc1-thermal,63.718
1780554566.047322,,,soc2-thermal,64.531
1780554566.047322,,,tj-thermal,66.906
1780554566.1533825,VDD_IN,8698.56,,
1780554566.1533825,VDD_CPU_GPU_CV,3413.184,,
1780554566.1533825,VDD_SOC,1968.0,,
1780554566.1533825,,,cpu-thermal,66.062
1780554566.1533825,,,gpu-thermal,66.781
1780554566.1533825,,,soc0-thermal,64.5
1780554566.1533825,,,soc1-thermal,63.781
1780554566.1533825,,,soc2-thermal,64.625
1780554566.1533825,,,tj-thermal,66.781
1780554566.2596,VDD_IN,8659.2,,
1780554566.2596,VDD_CPU_GPU_CV,3373.952,,
1780554566.2596,VDD_SOC,1968.0,,
1780554566.2596,,,cpu-thermal,66.25
1780554566.2596,,,gpu-thermal,66.718
1780554566.2596,,,soc0-thermal,64.625
1780554566.2596,,,soc1-thermal,63.718
1780554566.2596,,,soc2-thermal,64.562
1780554566.2596,,,tj-thermal,66.718
1780554566.3654728,VDD_IN,8580.48,,
1780554566.3654728,VDD_CPU_GPU_CV,3373.952,,
1780554566.3654728,VDD_SOC,1968.0,,
1780554566.3654728,,,cpu-thermal,66.312
1780554566.3654728,,,gpu-thermal,66.906
1780554566.3654728,,,soc0-thermal,64.406
1780554566.3654728,,,soc1-thermal,63.75
1780554566.3654728,,,soc2-thermal,64.625
1780554566.3654728,,,tj-thermal,66.687
1780554566.4713695,VDD_IN,8580.48,,
1780554566.4713695,VDD_CPU_GPU_CV,3334.72,,
1780554566.4713695,VDD_SOC,1968.0,,
1780554566.4713695,,,cpu-thermal,66.031
1780554566.4713695,,,gpu-thermal,66.781
1780554566.4713695,,,soc0-thermal,64.437
1780554566.4713695,,,soc1-thermal,63.812
1780554566.4713695,,,soc2-thermal,64.656
1780554566.4713695,,,tj-thermal,66.781
1780554566.5772216,VDD_IN,8580.48,,
1780554566.5772216,VDD_CPU_GPU_CV,3334.72,,
1780554566.5772216,VDD_SOC,1968.0,,
1780554566.5772216,,,cpu-thermal,66.187
1780554566.5772216,,,gpu-thermal,66.781
1780554566.5772216,,,soc0-thermal,64.593
1780554566.5772216,,,soc1-thermal,63.75
1780554566.5772216,,,soc2-thermal,64.75
1780554566.5772216,,,tj-thermal,66.781
1780554566.6830206,VDD_IN,8541.12,,
1780554566.6830206,VDD_CPU_GPU_CV,3295.488,,
1780554566.6830206,VDD_SOC,1968.0,,
1780554566.6830206,,,cpu-thermal,66.156
1780554566.6830206,,,gpu-thermal,66.656
1780554566.6830206,,,soc0-thermal,64.468
1780554566.6830206,,,soc1-thermal,63.75
1780554566.6830206,,,soc2-thermal,64.656
1780554566.6830206,,,tj-thermal,66.656
1780554566.7893,VDD_IN,8501.76,,
1780554566.7893,VDD_CPU_GPU_CV,3295.488,,
1780554566.7893,VDD_SOC,1968.0,,
1780554566.7893,,,cpu-thermal,66.031
1780554566.7893,,,gpu-thermal,67.156
1780554566.7893,,,soc0-thermal,64.468
1780554566.7893,,,soc1-thermal,63.75
1780554566.7893,,,soc2-thermal,64.593
1780554566.7893,,,tj-thermal,67.156
1780554566.8954098,VDD_IN,8659.2,,
1780554566.8954098,VDD_CPU_GPU_CV,3379.456,,
1780554566.8954098,VDD_SOC,1968.0,,
1780554566.8954098,,,cpu-thermal,66.031
1780554566.8954098,,,gpu-thermal,66.968
1780554566.8954098,,,soc0-thermal,64.562
1780554566.8954098,,,soc1-thermal,63.906
1780554566.8954098,,,soc2-thermal,64.687
1780554566.8954098,,,tj-thermal,66.968
1780554567.0008576,VDD_IN,8777.28,,
1780554567.0008576,VDD_CPU_GPU_CV,3458.048,,
1780554567.0008576,VDD_SOC,2007.36,,
1780554567.0008576,,,cpu-thermal,66.125
1780554567.0008576,,,gpu-thermal,66.968
1780554567.0008576,,,soc0-thermal,64.5
1780554567.0008576,,,soc1-thermal,63.687
1780554567.0008576,,,soc2-thermal,64.656
1780554567.0008576,,,tj-thermal,66.968
1780554567.1065671,VDD_IN,8698.56,,
1780554567.1065671,VDD_CPU_GPU_CV,3413.184,,
1780554567.1065671,VDD_SOC,2007.36,,
1780554567.1065671,,,cpu-thermal,65.968
1780554567.1065671,,,gpu-thermal,67.093
1780554567.1065671,,,soc0-thermal,64.468
1780554567.1065671,,,soc1-thermal,63.75
1780554567.1065671,,,soc2-thermal,64.656
1780554567.1065671,,,tj-thermal,66.843
1780554567.2123735,VDD_IN,8659.2,,
1780554567.2123735,VDD_CPU_GPU_CV,3373.952,,
1780554567.2123735,VDD_SOC,1968.0,,
1780554567.2123735,,,cpu-thermal,66.062
1780554567.2123735,,,gpu-thermal,67.0
1780554567.2123735,,,soc0-thermal,64.5
1780554567.2123735,,,soc1-thermal,63.812
1780554567.2123735,,,soc2-thermal,64.687
1780554567.2123735,,,tj-thermal,67.0
1780554567.317929,VDD_IN,8619.84,,
1780554567.317929,VDD_CPU_GPU_CV,3334.72,,
1780554567.317929,VDD_SOC,1968.0,,
1780554567.317929,,,cpu-thermal,66.062
1780554567.317929,,,gpu-thermal,66.875
1780554567.317929,,,soc0-thermal,64.562
1780554567.317929,,,soc1-thermal,63.718
1780554567.317929,,,soc2-thermal,64.687
1780554567.317929,,,tj-thermal,66.875
1780554567.423623,VDD_IN,8580.48,,
1780554567.423623,VDD_CPU_GPU_CV,3334.72,,
1780554567.423623,VDD_SOC,1968.0,,
1780554567.423623,,,cpu-thermal,66.062
1780554567.423623,,,gpu-thermal,66.812
1780554567.423623,,,soc0-thermal,64.468
1780554567.423623,,,soc1-thermal,63.75
1780554567.423623,,,soc2-thermal,64.718
1780554567.423623,,,tj-thermal,66.812
1780554567.5299249,VDD_IN,8580.48,,
1780554567.5299249,VDD_CPU_GPU_CV,3295.488,,
1780554567.5299249,VDD_SOC,1964.8,,
1780554567.5299249,,,cpu-thermal,66.0
1780554567.5299249,,,gpu-thermal,66.718
1780554567.5299249,,,soc0-thermal,64.562
1780554567.5299249,,,soc1-thermal,63.812
1780554567.5299249,,,soc2-thermal,64.687
1780554567.5299249,,,tj-thermal,66.718
1780554567.6356943,VDD_IN,8541.12,,
1780554567.6356943,VDD_CPU_GPU_CV,3295.488,,
1780554567.6356943,VDD_SOC,1964.8,,
1780554567.6356943,,,cpu-thermal,66.187
1780554567.6356943,,,gpu-thermal,67.125
1780554567.6356943,,,soc0-thermal,64.625
1780554567.6356943,,,soc1-thermal,63.906
1780554567.6356943,,,soc2-thermal,64.687
1780554567.6356943,,,tj-thermal,67.125
1780554567.7421155,VDD_IN,8501.76,,
1780554567.7421155,VDD_CPU_GPU_CV,3295.488,,
1780554567.7421155,VDD_SOC,1964.8,,
1780554567.7421155,,,cpu-thermal,66.312
1780554567.7421155,,,gpu-thermal,67.062
1780554567.7421155,,,soc0-thermal,64.468
1780554567.7421155,,,soc1-thermal,63.75
1780554567.7421155,,,soc2-thermal,64.656
1780554567.7421155,,,tj-thermal,67.062
1780554567.8484232,VDD_IN,8619.84,,
1780554567.8484232,VDD_CPU_GPU_CV,3373.952,,
1780554567.8484232,VDD_SOC,1968.0,,
1780554567.8484232,,,cpu-thermal,66.0
1780554567.8484232,,,gpu-thermal,67.0
1780554567.8484232,,,soc0-thermal,64.531
1780554567.8484232,,,soc1-thermal,63.875
1780554567.8484232,,,soc2-thermal,64.718
1780554567.8484232,,,tj-thermal,67.0
1780554567.9541264,VDD_IN,8737.92,,
1780554567.9541264,VDD_CPU_GPU_CV,3413.184,,
1780554567.9541264,VDD_SOC,2007.36,,
1780554567.9541264,,,cpu-thermal,66.093
1780554567.9541264,,,gpu-thermal,67.218
1780554567.9541264,,,soc0-thermal,64.562
1780554567.9541264,,,soc1-thermal,64.0
1780554567.9541264,,,soc2-thermal,64.718
1780554567.9541264,,,tj-thermal,66.968
1780554568.0600934,VDD_IN,8737.92,,
1780554568.0600934,VDD_CPU_GPU_CV,3452.416,,
1780554568.0600934,VDD_SOC,2007.36,,
1780554568.0600934,,,cpu-thermal,66.156
1780554568.0600934,,,gpu-thermal,67.125
1780554568.0600934,,,soc0-thermal,64.656
1780554568.0600934,,,soc1-thermal,63.875
1780554568.0600934,,,soc2-thermal,64.75
1780554568.0600934,,,tj-thermal,66.843
1780554568.1660688,VDD_IN,8698.56,,
1780554568.1660688,VDD_CPU_GPU_CV,3413.184,,
1780554568.1660688,VDD_SOC,1968.0,,
1780554568.1660688,,,cpu-thermal,66.281
1780554568.1660688,,,gpu-thermal,66.937
1780554568.1660688,,,soc0-thermal,64.562
1780554568.1660688,,,soc1-thermal,63.843
1780554568.1660688,,,soc2-thermal,64.687
1780554568.1660688,,,tj-thermal,66.937
1780554568.2717214,VDD_IN,8698.56,,
1780554568.2717214,VDD_CPU_GPU_CV,3413.184,,
1780554568.2717214,VDD_SOC,2004.096,,
1780554568.2717214,,,cpu-thermal,66.125
1780554568.2717214,,,gpu-thermal,66.875
1780554568.2717214,,,soc0-thermal,64.5
1780554568.2717214,,,soc1-thermal,63.968
1780554568.2717214,,,soc2-thermal,64.75
1780554568.2717214,,,tj-thermal,66.875
1780554568.377355,VDD_IN,8698.56,,
1780554568.377355,VDD_CPU_GPU_CV,3373.952,,
1780554568.377355,VDD_SOC,1964.8,,
1780554568.377355,,,cpu-thermal,66.25
1780554568.377355,,,gpu-thermal,66.875
1780554568.377355,,,soc0-thermal,64.625
1780554568.377355,,,soc1-thermal,63.812
1780554568.377355,,,soc2-thermal,64.718
1780554568.377355,,,tj-thermal,66.875
1780554568.48328,VDD_IN,8684.416,,
1780554568.48328,VDD_CPU_GPU_CV,3373.952,,
1780554568.48328,VDD_SOC,1964.8,,
1780554568.48328,,,cpu-thermal,66.281
1780554568.48328,,,gpu-thermal,66.812
1780554568.48328,,,soc0-thermal,64.656
1780554568.48328,,,soc1-thermal,63.812
1780554568.48328,,,soc2-thermal,64.781
1780554568.48328,,,tj-thermal,66.812
1780554568.588953,VDD_IN,8684.416,,
1780554568.588953,VDD_CPU_GPU_CV,3373.952,,
1780554568.588953,VDD_SOC,1964.8,,
1780554568.588953,,,cpu-thermal,66.156
1780554568.588953,,,gpu-thermal,66.906
1780554568.588953,,,soc0-thermal,64.531
1780554568.588953,,,soc1-thermal,63.875
1780554568.588953,,,soc2-thermal,64.687
1780554568.588953,,,tj-thermal,67.125
1780554568.6947854,VDD_IN,8684.416,,
1780554568.6947854,VDD_CPU_GPU_CV,3373.952,,
1780554568.6947854,VDD_SOC,1964.8,,
1780554568.6947854,,,cpu-thermal,66.187
1780554568.6947854,,,gpu-thermal,66.875
1780554568.6947854,,,soc0-thermal,64.593
1780554568.6947854,,,soc1-thermal,63.937
1780554568.6947854,,,soc2-thermal,64.75
1780554568.6947854,,,tj-thermal,67.062
1780554568.8004713,VDD_IN,8684.416,,
1780554568.8004713,VDD_CPU_GPU_CV,3413.184,,
1780554568.8004713,VDD_SOC,1964.8,,
1780554568.8004713,,,cpu-thermal,66.156
1780554568.8004713,,,gpu-thermal,67.343
1780554568.8004713,,,soc0-thermal,64.625
1780554568.8004713,,,soc1-thermal,63.781
1780554568.8004713,,,soc2-thermal,64.781
1780554568.8004713,,,tj-thermal,67.062
1780554568.906765,VDD_IN,8816.64,,
1780554568.906765,VDD_CPU_GPU_CV,3452.416,,
1780554568.906765,VDD_SOC,2004.096,,
1780554568.906765,,,cpu-thermal,66.093
1780554568.906765,,,gpu-thermal,67.125
1780554568.906765,,,soc0-thermal,64.562
1780554568.906765,,,soc1-thermal,63.843
1780554568.906765,,,soc2-thermal,64.781
1780554568.906765,,,tj-thermal,67.125
1780554569.012515,VDD_IN,8895.36,,
1780554569.012515,VDD_CPU_GPU_CV,3491.648,,
1780554569.012515,VDD_SOC,2007.36,,
1780554569.012515,,,cpu-thermal,66.125
1780554569.012515,,,gpu-thermal,67.156
1780554569.012515,,,soc0-thermal,64.593
1780554569.012515,,,soc1-thermal,64.0
1780554569.012515,,,soc2-thermal,64.687
1780554569.012515,,,tj-thermal,67.156
1780554569.1187592,VDD_IN,8816.64,,
1780554569.1187592,VDD_CPU_GPU_CV,3452.416,,
1780554569.1187592,VDD_SOC,2004.096,,
1780554569.1187592,,,cpu-thermal,66.281
1780554569.1187592,,,gpu-thermal,66.968
1780554569.1187592,,,soc0-thermal,64.687
1780554569.1187592,,,soc1-thermal,63.968
1780554569.1187592,,,soc2-thermal,64.781
1780554569.1187592,,,tj-thermal,66.968
1780554569.2253978,VDD_IN,8777.28,,
1780554569.2253978,VDD_CPU_GPU_CV,3452.416,,
1780554569.2253978,VDD_SOC,2004.096,,
1780554569.2253978,,,cpu-thermal,66.468
1780554569.2253978,,,gpu-thermal,67.0
1780554569.2253978,,,soc0-thermal,64.5
1780554569.2253978,,,soc1-thermal,63.812
1780554569.2253978,,,soc2-thermal,64.781
1780554569.2253978,,,tj-thermal,67.0
1780554569.3309875,VDD_IN,8723.712,,
1780554569.3309875,VDD_CPU_GPU_CV,3413.184,,
1780554569.3309875,VDD_SOC,2004.096,,
1780554569.3309875,,,cpu-thermal,66.125
1780554569.3309875,,,gpu-thermal,66.843
1780554569.3309875,,,soc0-thermal,64.562
1780554569.3309875,,,soc1-thermal,63.937
1780554569.3309875,,,soc2-thermal,64.781
1780554569.3309875,,,tj-thermal,66.843
1780554569.4372177,VDD_IN,8723.712,,
1780554569.4372177,VDD_CPU_GPU_CV,3413.184,,
1780554569.4372177,VDD_SOC,2004.096,,
1780554569.4372177,,,cpu-thermal,66.281
1780554569.4372177,,,gpu-thermal,67.218
1780554569.4372177,,,soc0-thermal,64.687
1780554569.4372177,,,soc1-thermal,64.031
1780554569.4372177,,,soc2-thermal,64.843
1780554569.4372177,,,tj-thermal,67.218
1780554569.5431762,VDD_IN,8723.712,,
1780554569.5431762,VDD_CPU_GPU_CV,3413.184,,
1780554569.5431762,VDD_SOC,1964.8,,
1780554569.5431762,,,cpu-thermal,66.375
1780554569.5431762,,,gpu-thermal,67.031
1780554569.5431762,,,soc0-thermal,64.687
1780554569.5431762,,,soc1-thermal,63.906
1780554569.5431762,,,soc2-thermal,64.843
1780554569.5431762,,,tj-thermal,67.031
1780554569.6489909,VDD_IN,8684.416,,
1780554569.6489909,VDD_CPU_GPU_CV,3413.184,,
1780554569.6489909,VDD_SOC,1964.8,,
1780554569.6489909,,,cpu-thermal,66.468
1780554569.6489909,,,gpu-thermal,66.937
1780554569.6489909,,,soc0-thermal,64.531
1780554569.6489909,,,soc1-thermal,63.906
1780554569.6489909,,,soc2-thermal,64.781
1780554569.6489909,,,tj-thermal,67.031
1780554569.7546422,VDD_IN,8684.416,,
1780554569.7546422,VDD_CPU_GPU_CV,3413.184,,
1780554569.7546422,VDD_SOC,1964.8,,
1780554569.7546422,,,cpu-thermal,66.25
1780554569.7546422,,,gpu-thermal,67.156
1780554569.7546422,,,soc0-thermal,64.625
1780554569.7546422,,,soc1-thermal,63.906
1780554569.7546422,,,soc2-thermal,64.812
1780554569.7546422,,,tj-thermal,66.937
1780554569.8605762,VDD_IN,8777.28,,
1780554569.8605762,VDD_CPU_GPU_CV,3452.416,,
1780554569.8605762,VDD_SOC,2004.096,,
1780554569.8605762,,,cpu-thermal,66.25
1780554569.8605762,,,gpu-thermal,67.187
1780554569.8605762,,,soc0-thermal,64.687
1780554569.8605762,,,soc1-thermal,63.812
1780554569.8605762,,,soc2-thermal,64.812
1780554569.8605762,,,tj-thermal,67.187
1780554569.9660752,VDD_IN,8856.0,,
1780554569.9660752,VDD_CPU_GPU_CV,3491.648,,
1780554569.9660752,VDD_SOC,2004.096,,
1780554569.9660752,,,cpu-thermal,66.25
1780554569.9660752,,,gpu-thermal,67.187
1780554569.9660752,,,soc0-thermal,64.562
1780554569.9660752,,,soc1-thermal,63.843
1780554569.9660752,,,soc2-thermal,64.781
1780554569.9660752,,,tj-thermal,67.187
1780554570.0714355,VDD_IN,8816.64,,
1780554570.0714355,VDD_CPU_GPU_CV,3491.648,,
1780554570.0714355,VDD_SOC,2007.36,,
1780554570.0714355,,,cpu-thermal,66.218
1780554570.0714355,,,gpu-thermal,67.031
1780554570.0714355,,,soc0-thermal,64.625
1780554570.0714355,,,soc1-thermal,63.937
1780554570.0714355,,,soc2-thermal,64.812
1780554570.0714355,,,tj-thermal,67.031
1780554570.17733,VDD_IN,8737.92,,
1780554570.17733,VDD_CPU_GPU_CV,3452.416,,
1780554570.17733,VDD_SOC,2007.36,,
1780554570.17733,,,cpu-thermal,66.312
1780554570.17733,,,gpu-thermal,67.125
1780554570.17733,,,soc0-thermal,64.656
1780554570.17733,,,soc1-thermal,64.0
1780554570.17733,,,soc2-thermal,64.937
1780554570.17733,,,tj-thermal,66.937
1780554570.2831867,VDD_IN,8659.2,,
1780554570.2831867,VDD_CPU_GPU_CV,3413.184,,
1780554570.2831867,VDD_SOC,1968.0,,
1780554570.2831867,,,cpu-thermal,66.281
1780554570.2831867,,,gpu-thermal,67.062
1780554570.2831867,,,soc0-thermal,64.656
1780554570.2831867,,,soc1-thermal,63.937
1780554570.2831867,,,soc2-thermal,64.843
1780554570.2831867,,,tj-thermal,67.312
1780554570.389197,VDD_IN,8619.84,,
1780554570.389197,VDD_CPU_GPU_CV,3373.952,,
1780554570.389197,VDD_SOC,1968.0,,
1780554570.389197,,,cpu-thermal,66.281
1780554570.389197,,,gpu-thermal,66.968
1780554570.389197,,,soc0-thermal,64.593
1780554570.389197,,,soc1-thermal,63.937
1780554570.389197,,,soc2-thermal,64.812
1780554570.389197,,,tj-thermal,67.093
1780554570.4954345,VDD_IN,8580.48,,
1780554570.4954345,VDD_CPU_GPU_CV,3334.72,,
1780554570.4954345,VDD_SOC,1964.8,,
1780554570.4954345,,,cpu-thermal,66.218
1780554570.4954345,,,gpu-thermal,66.906
1780554570.4954345,,,soc0-thermal,64.656
1780554570.4954345,,,soc1-thermal,64.0
1780554570.4954345,,,soc2-thermal,64.843
1780554570.4954345,,,tj-thermal,66.906
1780554570.601279,VDD_IN,8541.12,,
1780554570.601279,VDD_CPU_GPU_CV,3334.72,,
1780554570.601279,VDD_SOC,1964.8,,
1780554570.601279,,,cpu-thermal,66.218
1780554570.601279,,,gpu-thermal,67.25
1780554570.601279,,,soc0-thermal,64.687
1780554570.601279,,,soc1-thermal,63.875
1780554570.601279,,,soc2-thermal,64.812
1780554570.601279,,,tj-thermal,67.25
1780554570.7070649,VDD_IN,8541.12,,
1780554570.7070649,VDD_CPU_GPU_CV,3295.488,,
1780554570.7070649,VDD_SOC,1964.8,,
1780554570.7070649,,,cpu-thermal,66.593
1780554570.7070649,,,gpu-thermal,67.156
1780554570.7070649,,,soc0-thermal,64.687
1780554570.7070649,,,soc1-thermal,63.906
1780554570.7070649,,,soc2-thermal,64.937
1780554570.7070649,,,tj-thermal,67.156
1780554570.8128474,VDD_IN,8580.48,,
1780554570.8128474,VDD_CPU_GPU_CV,3334.72,,
1780554570.8128474,VDD_SOC,1964.8,,
1780554570.8128474,,,cpu-thermal,66.187
1780554570.8128474,,,gpu-thermal,67.187
1780554570.8128474,,,soc0-thermal,64.656
1780554570.8128474,,,soc1-thermal,64.031
1780554570.8128474,,,soc2-thermal,64.843
1780554570.8128474,,,tj-thermal,67.187
1780554570.9184275,VDD_IN,8698.56,,
1780554570.9184275,VDD_CPU_GPU_CV,3413.184,,
1780554570.9184275,VDD_SOC,1968.0,,
1780554570.9184275,,,cpu-thermal,66.281
1780554570.9184275,,,gpu-thermal,67.312
1780554570.9184275,,,soc0-thermal,64.718
1780554570.9184275,,,soc1-thermal,64.093
1780554570.9184275,,,soc2-thermal,64.875
1780554570.9184275,,,tj-thermal,67.125
1780554571.023903,VDD_IN,8777.28,,
1780554571.023903,VDD_CPU_GPU_CV,3497.344,,
1780554571.023903,VDD_SOC,2007.36,,
1780554571.023903,,,cpu-thermal,66.5
1780554571.023903,,,gpu-thermal,67.25
1780554571.023903,,,soc0-thermal,64.812
1780554571.023903,,,soc1-thermal,63.906
1780554571.023903,,,soc2-thermal,64.906
1780554571.023903,,,tj-thermal,67.031
1780554571.12983,VDD_IN,8698.56,,
1780554571.12983,VDD_CPU_GPU_CV,3413.184,,
1780554571.12983,VDD_SOC,2007.36,,
1780554571.12983,,,cpu-thermal,66.562
1780554571.12983,,,gpu-thermal,67.156
1780554571.12983,,,soc0-thermal,64.656
1780554571.12983,,,soc1-thermal,63.906
1780554571.12983,,,soc2-thermal,64.968
1780554571.12983,,,tj-thermal,67.156
1780554571.2356749,VDD_IN,8659.2,,
1780554571.2356749,VDD_CPU_GPU_CV,3373.952,,
1780554571.2356749,VDD_SOC,1968.0,,
1780554571.2356749,,,cpu-thermal,66.281
1780554571.2356749,,,gpu-thermal,67.093
1780554571.2356749,,,soc0-thermal,64.625
1780554571.2356749,,,soc1-thermal,64.031
1780554571.2356749,,,soc2-thermal,64.843
1780554571.2356749,,,tj-thermal,67.093
1780554571.341487,VDD_IN,8619.84,,
1780554571.341487,VDD_CPU_GPU_CV,3334.72,,
1780554571.341487,VDD_SOC,1964.8,,
1780554571.341487,,,cpu-thermal,66.406
1780554571.341487,,,gpu-thermal,67.0
1780554571.341487,,,soc0-thermal,64.687
1780554571.341487,,,soc1-thermal,64.156
1780554571.341487,,,soc2-thermal,64.906
1780554571.341487,,,tj-thermal,67.0
1780554571.4473376,VDD_IN,8541.12,,
1780554571.4473376,VDD_CPU_GPU_CV,3334.72,,
1780554571.4473376,VDD_SOC,1964.8,,
1780554571.4473376,,,cpu-thermal,66.468
1780554571.4473376,,,gpu-thermal,67.343
1780554571.4473376,,,soc0-thermal,64.75
1780554571.4473376,,,soc1-thermal,64.031
1780554571.4473376,,,soc2-thermal,65.0
1780554571.4473376,,,tj-thermal,67.343
1780554571.5530016,VDD_IN,8541.12,,
1780554571.5530016,VDD_CPU_GPU_CV,3295.488,,
1780554571.5530016,VDD_SOC,1964.8,,
1780554571.5530016,,,cpu-thermal,66.5
1780554571.5530016,,,gpu-thermal,67.25
1780554571.5530016,,,soc0-thermal,64.625
1780554571.5530016,,,soc1-thermal,64.0
1780554571.5530016,,,soc2-thermal,64.875
1780554571.5530016,,,tj-thermal,67.25
1780554571.6594346,VDD_IN,8501.76,,
1780554571.6594346,VDD_CPU_GPU_CV,3295.488,,
1780554571.6594346,VDD_SOC,1964.8,,
1780554571.6594346,,,cpu-thermal,66.343
1780554571.6594346,,,gpu-thermal,67.125
1780554571.6594346,,,soc0-thermal,64.718
1780554571.6594346,,,soc1-thermal,64.031
1780554571.6594346,,,soc2-thermal,64.843
1780554571.6594346,,,tj-thermal,67.125
1780554571.765395,VDD_IN,8501.76,,
1780554571.765395,VDD_CPU_GPU_CV,3295.488,,
1780554571.765395,VDD_SOC,1964.8,,
1780554571.765395,,,cpu-thermal,66.375
1780554571.765395,,,gpu-thermal,67.25
1780554571.765395,,,soc0-thermal,64.812
1780554571.765395,,,soc1-thermal,63.968
1780554571.765395,,,soc2-thermal,64.968
1780554571.765395,,,tj-thermal,67.156
1780554571.8717527,VDD_IN,8659.2,,
1780554571.8717527,VDD_CPU_GPU_CV,3373.952,,
1780554571.8717527,VDD_SOC,1968.0,,
1780554571.8717527,,,cpu-thermal,66.375
1780554571.8717527,,,gpu-thermal,67.218
1780554571.8717527,,,soc0-thermal,64.687
1780554571.8717527,,,soc1-thermal,64.0
1780554571.8717527,,,soc2-thermal,65.031
1780554571.8717527,,,tj-thermal,67.156
1780554571.9773576,VDD_IN,8777.28,,
1780554571.9773576,VDD_CPU_GPU_CV,3458.048,,
1780554571.9773576,VDD_SOC,2007.36,,
1780554571.9773576,,,cpu-thermal,66.312
1780554571.9773576,,,gpu-thermal,67.25
1780554571.9773576,,,soc0-thermal,64.718
1780554571.9773576,,,soc1-thermal,64.0
1780554571.9773576,,,soc2-thermal,64.968
1780554571.9773576,,,tj-thermal,67.25
1780554572.0828009,VDD_IN,8737.92,,
1780554572.0828009,VDD_CPU_GPU_CV,3418.752,,
1780554572.0828009,VDD_SOC,2007.36,,
1780554572.0828009,,,cpu-thermal,66.375
1780554572.0828009,,,gpu-thermal,67.093
1780554572.0828009,,,soc0-thermal,64.812
1780554572.0828009,,,soc1-thermal,64.156
1780554572.0828009,,,soc2-thermal,64.937
1780554572.0828009,,,tj-thermal,67.093
1780554572.1885653,VDD_IN,8698.56,,
1780554572.1885653,VDD_CPU_GPU_CV,3413.184,,
1780554572.1885653,VDD_SOC,1968.0,,
1780554572.1885653,,,cpu-thermal,66.343
1780554572.1885653,,,gpu-thermal,67.031
1780554572.1885653,,,soc0-thermal,64.75
1780554572.1885653,,,soc1-thermal,64.031
1780554572.1885653,,,soc2-thermal,64.968
1780554572.1885653,,,tj-thermal,67.031
1780554572.2944293,VDD_IN,8619.84,,
1780554572.2944293,VDD_CPU_GPU_CV,3373.952,,
1780554572.2944293,VDD_SOC,1968.0,,
1780554572.2944293,,,cpu-thermal,66.25
1780554572.2944293,,,gpu-thermal,67.343
1780554572.2944293,,,soc0-thermal,64.781
1780554572.2944293,,,soc1-thermal,64.0
1780554572.2944293,,,soc2-thermal,64.906
1780554572.2944293,,,tj-thermal,67.343
1780554572.4001484,VDD_IN,8580.48,,
1780554572.4001484,VDD_CPU_GPU_CV,3334.72,,
1780554572.4001484,VDD_SOC,1968.0,,
1780554572.4001484,,,cpu-thermal,66.375
1780554572.4001484,,,gpu-thermal,67.125
1780554572.4001484,,,soc0-thermal,64.843
1780554572.4001484,,,soc1-thermal,64.093
1780554572.4001484,,,soc2-thermal,64.968
1780554572.4001484,,,tj-thermal,67.312
1780554572.5058174,VDD_IN,8580.48,,
1780554572.5058174,VDD_CPU_GPU_CV,3334.72,,
1780554572.5058174,VDD_SOC,1968.0,,
1780554572.5058174,,,cpu-thermal,66.531
1780554572.5058174,,,gpu-thermal,67.031
1780554572.5058174,,,soc0-thermal,64.75
1780554572.5058174,,,soc1-thermal,64.187
1780554572.5058174,,,soc2-thermal,64.968
1780554572.5058174,,,tj-thermal,67.25
1780554572.611837,VDD_IN,8541.12,,
1780554572.611837,VDD_CPU_GPU_CV,3334.72,,
1780554572.611837,VDD_SOC,1968.0,,
1780554572.611837,,,cpu-thermal,66.562
1780554572.611837,,,gpu-thermal,67.343
1780554572.611837,,,soc0-thermal,64.75
1780554572.611837,,,soc1-thermal,64.031
1780554572.611837,,,soc2-thermal,64.875
1780554572.611837,,,tj-thermal,67.343
1780554572.7173526,VDD_IN,8541.12,,
1780554572.7173526,VDD_CPU_GPU_CV,3295.488,,
1780554572.7173526,VDD_SOC,1968.0,,
1780554572.7173526,,,cpu-thermal,66.343
1780554572.7173526,,,gpu-thermal,67.281
1780554572.7173526,,,soc0-thermal,64.75
1780554572.7173526,,,soc1-thermal,64.062
1780554572.7173526,,,soc2-thermal,64.968
1780554572.7173526,,,tj-thermal,67.281
1780554572.8228998,VDD_IN,8580.48,,
1780554572.8228998,VDD_CPU_GPU_CV,3373.952,,
1780554572.8228998,VDD_SOC,1968.0,,
1780554572.8228998,,,cpu-thermal,66.5
1780554572.8228998,,,gpu-thermal,67.218
1780554572.8228998,,,soc0-thermal,64.812
1780554572.8228998,,,soc1-thermal,64.156
1780554572.8228998,,,soc2-thermal,65.0
1780554572.8228998,,,tj-thermal,67.218
1780554572.928451,VDD_IN,8698.56,,
1780554572.928451,VDD_CPU_GPU_CV,3418.752,,
1780554572.928451,VDD_SOC,2007.36,,
1780554572.928451,,,cpu-thermal,66.593
1780554572.928451,,,gpu-thermal,67.468
1780554572.928451,,,soc0-thermal,64.781
1780554572.928451,,,soc1-thermal,64.031
1780554572.928451,,,soc2-thermal,65.0
1780554572.928451,,,tj-thermal,67.25
1780554573.0341172,VDD_IN,8777.28,,
1780554573.0341172,VDD_CPU_GPU_CV,3458.048,,
1780554573.0341172,VDD_SOC,2007.36,,
1780554573.0341172,,,cpu-thermal,66.593
1780554573.0341172,,,gpu-thermal,67.406
1780554573.0341172,,,soc0-thermal,64.75
1780554573.0341172,,,soc1-thermal,64.093
1780554573.0341172,,,soc2-thermal,64.906
1780554573.0341172,,,tj-thermal,67.156
1780554573.139805,VDD_IN,8659.2,,
1780554573.139805,VDD_CPU_GPU_CV,3418.752,,
1780554573.139805,VDD_SOC,1968.0,,
1780554573.139805,,,cpu-thermal,66.406
1780554573.139805,,,gpu-thermal,67.187
1780554573.139805,,,soc0-thermal,64.812
1780554573.139805,,,soc1-thermal,64.125
1780554573.139805,,,soc2-thermal,65.031
1780554573.139805,,,tj-thermal,67.062
1780554573.2464025,VDD_IN,8619.84,,
1780554573.2464025,VDD_CPU_GPU_CV,3373.952,,
1780554573.2464025,VDD_SOC,1968.0,,
1780554573.2464025,,,cpu-thermal,66.437
1780554573.2464025,,,gpu-thermal,67.156
1780554573.2464025,,,soc0-thermal,64.843
1780554573.2464025,,,soc1-thermal,64.25
1780554573.2464025,,,soc2-thermal,65.0
1780554573.2464025,,,tj-thermal,67.156
1780554573.352069,VDD_IN,8580.48,,
1780554573.352069,VDD_CPU_GPU_CV,3334.72,,
1780554573.352069,VDD_SOC,1968.0,,
1780554573.352069,,,cpu-thermal,66.5
1780554573.352069,,,gpu-thermal,67.125
1780554573.352069,,,soc0-thermal,64.812
1780554573.352069,,,soc1-thermal,64.093
1780554573.352069,,,soc2-thermal,64.968
1780554573.352069,,,tj-thermal,67.125
1780554573.4585059,VDD_IN,8580.48,,
1780554573.4585059,VDD_CPU_GPU_CV,3334.72,,
1780554573.4585059,VDD_SOC,1968.0,,
1780554573.4585059,,,cpu-thermal,66.375
1780554573.4585059,,,gpu-thermal,67.437
1780554573.4585059,,,soc0-thermal,64.718
1780554573.4585059,,,soc1-thermal,64.156
1780554573.4585059,,,soc2-thermal,65.031
1780554573.4585059,,,tj-thermal,67.437
1780554573.564145,VDD_IN,8541.12,,
1780554573.564145,VDD_CPU_GPU_CV,3334.72,,
1780554573.564145,VDD_SOC,1968.0,,
1780554573.564145,,,cpu-thermal,66.468
1780554573.564145,,,gpu-thermal,67.375
1780554573.564145,,,soc0-thermal,64.812
1780554573.564145,,,soc1-thermal,64.25
1780554573.564145,,,soc2-thermal,65.031
1780554573.564145,,,tj-thermal,67.375
1780554573.670271,VDD_IN,8501.76,,
1780554573.670271,VDD_CPU_GPU_CV,3295.488,,
1780554573.670271,VDD_SOC,1968.0,,
1780554573.670271,,,cpu-thermal,66.437
1780554573.670271,,,gpu-thermal,67.218
1780554573.670271,,,soc0-thermal,64.812
1780554573.670271,,,soc1-thermal,64.062
1780554573.670271,,,soc2-thermal,65.093
1780554573.670271,,,tj-thermal,67.218
1780554573.7766566,VDD_IN,8501.76,,
1780554573.7766566,VDD_CPU_GPU_CV,3295.488,,
1780554573.7766566,VDD_SOC,1968.0,,
1780554573.7766566,,,cpu-thermal,66.375
1780554573.7766566,,,gpu-thermal,67.218
1780554573.7766566,,,soc0-thermal,64.781
1780554573.7766566,,,soc1-thermal,64.0
1780554573.7766566,,,soc2-thermal,64.937
1780554573.7766566,,,tj-thermal,67.218
1780554573.882768,VDD_IN,8659.2,,
1780554573.882768,VDD_CPU_GPU_CV,3379.456,,
1780554573.882768,VDD_SOC,1968.0,,
1780554573.882768,,,cpu-thermal,66.312
1780554573.882768,,,gpu-thermal,67.218
1780554573.882768,,,soc0-thermal,64.812
1780554573.882768,,,soc1-thermal,64.156
1780554573.882768,,,soc2-thermal,65.031
1780554573.882768,,,tj-thermal,67.218
1780554573.9882746,VDD_IN,8777.28,,
1780554573.9882746,VDD_CPU_GPU_CV,3458.048,,
1780554573.9882746,VDD_SOC,2007.36,,
1780554573.9882746,,,cpu-thermal,66.687
1780554573.9882746,,,gpu-thermal,67.406
1780554573.9882746,,,soc0-thermal,64.843
1780554573.9882746,,,soc1-thermal,64.031
1780554573.9882746,,,soc2-thermal,65.062
1780554573.9882746,,,tj-thermal,67.218
1780554574.0938692,VDD_IN,8737.92,,
1780554574.0938692,VDD_CPU_GPU_CV,3418.752,,
1780554574.0938692,VDD_SOC,2007.36,,
1780554574.0938692,,,cpu-thermal,66.406
1780554574.0938692,,,gpu-thermal,67.156
1780554574.0938692,,,soc0-thermal,64.812
1780554574.0938692,,,soc1-thermal,64.125
1780554574.0938692,,,soc2-thermal,65.031
1780554574.0938692,,,tj-thermal,67.156
1780554574.2000659,VDD_IN,8659.2,,
1780554574.2000659,VDD_CPU_GPU_CV,3373.952,,
1780554574.2000659,VDD_SOC,1968.0,,
1780554574.2000659,,,cpu-thermal,66.406
1780554574.2000659,,,gpu-thermal,67.125
1780554574.2000659,,,soc0-thermal,64.875
1780554574.2000659,,,soc1-thermal,64.125
1780554574.2000659,,,soc2-thermal,64.968
1780554574.2000659,,,tj-thermal,67.125
1780554574.3057806,VDD_IN,8580.48,,
1780554574.3057806,VDD_CPU_GPU_CV,3373.952,,
1780554574.3057806,VDD_SOC,1968.0,,
1780554574.3057806,,,cpu-thermal,66.562
1780554574.3057806,,,gpu-thermal,67.125
1780554574.3057806,,,soc0-thermal,64.843
1780554574.3057806,,,soc1-thermal,64.25
1780554574.3057806,,,soc2-thermal,65.062
1780554574.3057806,,,tj-thermal,67.125
1780554574.4118974,VDD_IN,8541.12,,
1780554574.4118974,VDD_CPU_GPU_CV,3295.488,,
1780554574.4118974,VDD_SOC,1964.8,,
1780554574.4118974,,,cpu-thermal,66.625
1780554574.4118974,,,gpu-thermal,67.406
1780554574.4118974,,,soc0-thermal,64.937
1780554574.4118974,,,soc1-thermal,64.125
1780554574.4118974,,,soc2-thermal,65.156
1780554574.4118974,,,tj-thermal,67.406
1780554574.5175252,VDD_IN,8501.76,,
1780554574.5175252,VDD_CPU_GPU_CV,3295.488,,
1780554574.5175252,VDD_SOC,1964.8,,
1780554574.5175252,,,cpu-thermal,66.687
1780554574.5175252,,,gpu-thermal,67.281
1780554574.5175252,,,soc0-thermal,64.906
1780554574.5175252,,,soc1-thermal,64.093
1780554574.5175252,,,soc2-thermal,65.093
1780554574.5175252,,,tj-thermal,67.281
1780554574.6232314,VDD_IN,8501.76,,
1780554574.6232314,VDD_CPU_GPU_CV,3256.256,,
1780554574.6232314,VDD_SOC,1964.8,,
1780554574.6232314,,,cpu-thermal,66.5
1780554574.6232314,,,gpu-thermal,67.562
1780554574.6232314,,,soc0-thermal,64.843
1780554574.6232314,,,soc1-thermal,64.218
1780554574.6232314,,,soc2-thermal,65.093
1780554574.6232314,,,tj-thermal,67.312
1780554574.7289364,VDD_IN,8501.76,,
1780554574.7289364,VDD_CPU_GPU_CV,3256.256,,
1780554574.7289364,VDD_SOC,1964.8,,
1780554574.7289364,,,cpu-thermal,66.5
1780554574.7289364,,,gpu-thermal,67.343
1780554574.7289364,,,soc0-thermal,64.937
1780554574.7289364,,,soc1-thermal,64.218
1780554574.7289364,,,soc2-thermal,65.156
1780554574.7289364,,,tj-thermal,67.156
1780554574.834908,VDD_IN,8580.48,,
1780554574.834908,VDD_CPU_GPU_CV,3334.72,,
1780554574.834908,VDD_SOC,1964.8,,
1780554574.834908,,,cpu-thermal,66.625
1780554574.834908,,,gpu-thermal,67.406
1780554574.834908,,,soc0-thermal,64.75
1780554574.834908,,,soc1-thermal,64.093
1780554574.834908,,,soc2-thermal,65.093
1780554574.834908,,,tj-thermal,67.406
1780554574.9407604,VDD_IN,8698.56,,
1780554574.9407604,VDD_CPU_GPU_CV,3413.184,,
1780554574.9407604,VDD_SOC,1968.0,,
1780554574.9407604,,,cpu-thermal,66.5
1780554574.9407604,,,gpu-thermal,67.406
1780554574.9407604,,,soc0-thermal,64.843
1780554574.9407604,,,soc1-thermal,64.25
1780554574.9407604,,,soc2-thermal,65.062
1780554574.9407604,,,tj-thermal,67.406
1780554575.046136,VDD_IN,8737.92,,
1780554575.046136,VDD_CPU_GPU_CV,3413.184,,
1780554575.046136,VDD_SOC,2007.36,,
1780554575.046136,,,cpu-thermal,66.5
1780554575.046136,,,gpu-thermal,67.25
1780554575.046136,,,soc0-thermal,64.906
1780554575.046136,,,soc1-thermal,64.25
1780554575.046136,,,soc2-thermal,65.062
1780554575.046136,,,tj-thermal,67.25
1780554575.1516342,VDD_IN,8698.56,,
1780554575.1516342,VDD_CPU_GPU_CV,3373.952,,
1780554575.1516342,VDD_SOC,1968.0,,
1780554575.1516342,,,cpu-thermal,66.593
1780554575.1516342,,,gpu-thermal,67.218
1780554575.1516342,,,soc0-thermal,65.031
1780554575.1516342,,,soc1-thermal,64.218
1780554575.1516342,,,soc2-thermal,65.218
1780554575.1516342,,,tj-thermal,67.218
1780554575.257525,VDD_IN,8619.84,,
1780554575.257525,VDD_CPU_GPU_CV,3373.952,,
1780554575.257525,VDD_SOC,1968.0,,
1780554575.257525,,,cpu-thermal,66.437
1780554575.257525,,,gpu-thermal,67.281
1780554575.257525,,,soc0-thermal,64.843
1780554575.257525,,,soc1-thermal,64.156
1780554575.257525,,,soc2-thermal,65.062
1780554575.257525,,,tj-thermal,67.531
1780554575.3640556,VDD_IN,8619.84,,
1780554575.3640556,VDD_CPU_GPU_CV,3334.72,,
1780554575.3640556,VDD_SOC,1968.0,,
1780554575.3640556,,,cpu-thermal,66.5
1780554575.3640556,,,gpu-thermal,67.218
1780554575.3640556,,,soc0-thermal,64.906
1780554575.3640556,,,soc1-thermal,64.218
1780554575.3640556,,,soc2-thermal,65.062
1780554575.3640556,,,tj-thermal,67.343
1780554575.4697726,VDD_IN,8580.48,,
1780554575.4697726,VDD_CPU_GPU_CV,3334.72,,
1780554575.4697726,VDD_SOC,1968.0,,
1780554575.4697726,,,cpu-thermal,66.5
1780554575.4697726,,,gpu-thermal,67.187
1780554575.4697726,,,soc0-thermal,64.937
1780554575.4697726,,,soc1-thermal,64.375
1780554575.4697726,,,soc2-thermal,65.062
1780554575.4697726,,,tj-thermal,67.343
1780554575.575443,VDD_IN,8541.12,,
1780554575.575443,VDD_CPU_GPU_CV,3295.488,,
1780554575.575443,VDD_SOC,1968.0,,
1780554575.575443,,,cpu-thermal,66.437
1780554575.575443,,,gpu-thermal,67.531
1780554575.575443,,,soc0-thermal,64.843
1780554575.575443,,,soc1-thermal,64.125
1780554575.575443,,,soc2-thermal,65.093
1780554575.575443,,,tj-thermal,67.531
1780554575.6815314,VDD_IN,8541.12,,
1780554575.6815314,VDD_CPU_GPU_CV,3295.488,,
1780554575.6815314,VDD_SOC,1968.0,,
1780554575.6815314,,,cpu-thermal,66.437
1780554575.6815314,,,gpu-thermal,67.375
1780554575.6815314,,,soc0-thermal,64.937
1780554575.6815314,,,soc1-thermal,64.218
1780554575.6815314,,,soc2-thermal,65.156
1780554575.6815314,,,tj-thermal,67.375
1780554575.7870715,VDD_IN,8501.76,,
1780554575.7870715,VDD_CPU_GPU_CV,3295.488,,
1780554575.7870715,VDD_SOC,1968.0,,
1780554575.7870715,,,cpu-thermal,66.5
1780554575.7870715,,,gpu-thermal,67.312
1780554575.7870715,,,soc0-thermal,64.937
1780554575.7870715,,,soc1-thermal,64.312
1780554575.7870715,,,soc2-thermal,65.125
1780554575.7870715,,,tj-thermal,67.312
1780554575.8931444,VDD_IN,8659.2,,
1780554575.8931444,VDD_CPU_GPU_CV,3418.752,,
1780554575.8931444,VDD_SOC,1968.0,,
1780554575.8931444,,,cpu-thermal,66.781
1780554575.8931444,,,gpu-thermal,67.468
1780554575.8931444,,,soc0-thermal,64.937
1780554575.8931444,,,soc1-thermal,64.125
1780554575.8931444,,,soc2-thermal,65.25
1780554575.8931444,,,tj-thermal,67.468
1780554575.9994123,VDD_IN,8777.28,,
1780554575.9994123,VDD_CPU_GPU_CV,3458.048,,
1780554575.9994123,VDD_SOC,2007.36,,
1780554575.9994123,,,cpu-thermal,66.968
1780554575.9994123,,,gpu-thermal,67.406
1780554575.9994123,,,soc0-thermal,64.906
1780554575.9994123,,,soc1-thermal,64.218
1780554575.9994123,,,soc2-thermal,65.125
1780554575.9994123,,,tj-thermal,67.406
1780554576.1053717,VDD_IN,8698.56,,
1780554576.1053717,VDD_CPU_GPU_CV,3413.184,,
1780554576.1053717,VDD_SOC,2007.36,,
1780554576.1053717,,,cpu-thermal,66.5
1780554576.1053717,,,gpu-thermal,67.625
1780554576.1053717,,,soc0-thermal,64.937
1780554576.1053717,,,soc1-thermal,64.281
1780554576.1053717,,,soc2-thermal,65.156
1780554576.1053717,,,tj-thermal,67.625
1780554576.211953,VDD_IN,8619.84,,
1780554576.211953,VDD_CPU_GPU_CV,3373.952,,
1780554576.211953,VDD_SOC,1968.0,,
1780554576.211953,,,cpu-thermal,66.687
1780554576.211953,,,gpu-thermal,67.406
1780554576.211953,,,soc0-thermal,65.093
1780554576.211953,,,soc1-thermal,64.187
1780554576.211953,,,soc2-thermal,65.281
1780554576.211953,,,tj-thermal,67.406
1780554576.3175402,VDD_IN,8580.48,,
1780554576.3175402,VDD_CPU_GPU_CV,3334.72,,
1780554576.3175402,VDD_SOC,1968.0,,
1780554576.3175402,,,cpu-thermal,66.718
1780554576.3175402,,,gpu-thermal,67.218
1780554576.3175402,,,soc0-thermal,64.843
1780554576.3175402,,,soc1-thermal,64.25
1780554576.3175402,,,soc2-thermal,65.156
1780554576.3175402,,,tj-thermal,67.343
1780554576.4234395,VDD_IN,8541.12,,
1780554576.4234395,VDD_CPU_GPU_CV,3334.72,,
1780554576.4234395,VDD_SOC,1968.0,,
1780554576.4234395,,,cpu-thermal,66.5
1780554576.4234395,,,gpu-thermal,67.5
1780554576.4234395,,,soc0-thermal,64.937
1780554576.4234395,,,soc1-thermal,64.25
1780554576.4234395,,,soc2-thermal,65.218
1780554576.4234395,,,tj-thermal,67.5
1780554576.529171,VDD_IN,8501.76,,
1780554576.529171,VDD_CPU_GPU_CV,3295.488,,
1780554576.529171,VDD_SOC,1968.0,,
1780554576.529171,,,cpu-thermal,66.625
1780554576.529171,,,gpu-thermal,67.437
1780554576.529171,,,soc0-thermal,65.031
1780554576.529171,,,soc1-thermal,64.375
1780554576.529171,,,soc2-thermal,65.156
1780554576.529171,,,tj-thermal,67.437
1780554576.6347628,VDD_IN,8501.76,,
1780554576.6347628,VDD_CPU_GPU_CV,3295.488,,
1780554576.6347628,VDD_SOC,1968.0,,
1780554576.6347628,,,cpu-thermal,66.656
1780554576.6347628,,,gpu-thermal,67.375
1780554576.6347628,,,soc0-thermal,65.156
1780554576.6347628,,,soc1-thermal,64.187
1780554576.6347628,,,soc2-thermal,65.281
1780554576.6347628,,,tj-thermal,67.375
1780554576.7405405,VDD_IN,8501.76,,
1780554576.7405405,VDD_CPU_GPU_CV,3256.256,,
1780554576.7405405,VDD_SOC,1968.0,,
1780554576.7405405,,,cpu-thermal,66.531
1780554576.7405405,,,gpu-thermal,67.375
1780554576.7405405,,,soc0-thermal,64.937
1780554576.7405405,,,soc1-thermal,64.187
1780554576.7405405,,,soc2-thermal,65.25
1780554576.7405405,,,tj-thermal,67.375
1780554576.8464518,VDD_IN,8619.84,,
1780554576.8464518,VDD_CPU_GPU_CV,3334.72,,
1780554576.8464518,VDD_SOC,1968.0,,
1780554576.8464518,,,cpu-thermal,66.531
1780554576.8464518,,,gpu-thermal,67.5
1780554576.8464518,,,soc0-thermal,64.968
1780554576.8464518,,,soc1-thermal,64.312
1780554576.8464518,,,soc2-thermal,65.187
1780554576.8464518,,,tj-thermal,67.343
1780554576.9524686,VDD_IN,8737.92,,
1780554576.9524686,VDD_CPU_GPU_CV,3418.752,,
1780554576.9524686,VDD_SOC,2007.36,,
1780554576.9524686,,,cpu-thermal,66.593
1780554576.9524686,,,gpu-thermal,67.437
1780554576.9524686,,,soc0-thermal,65.093
1780554576.9524686,,,soc1-thermal,64.437
1780554576.9524686,,,soc2-thermal,65.218
1780554576.9524686,,,tj-thermal,67.75
1780554577.0580096,VDD_IN,8737.92,,
1780554577.0580096,VDD_CPU_GPU_CV,3418.752,,
1780554577.0580096,VDD_SOC,2007.36,,
1780554577.0580096,,,cpu-thermal,66.531
1780554577.0580096,,,gpu-thermal,67.437
1780554577.0580096,,,soc0-thermal,64.937
1780554577.0580096,,,soc1-thermal,64.25
1780554577.0580096,,,soc2-thermal,65.156
1780554577.0580096,,,tj-thermal,67.562
1780554577.164057,VDD_IN,8659.2,,
1780554577.164057,VDD_CPU_GPU_CV,3413.184,,
1780554577.164057,VDD_SOC,1968.0,,
1780554577.164057,,,cpu-thermal,66.562
1780554577.164057,,,gpu-thermal,67.343
1780554577.164057,,,soc0-thermal,65.0
1780554577.164057,,,soc1-thermal,64.25
1780554577.164057,,,soc2-thermal,65.25
1780554577.164057,,,tj-thermal,67.343
1780554577.270124,VDD_IN,8619.84,,
1780554577.270124,VDD_CPU_GPU_CV,3334.72,,
1780554577.270124,VDD_SOC,1968.0,,
1780554577.270124,,,cpu-thermal,66.625
1780554577.270124,,,gpu-thermal,67.625
1780554577.270124,,,soc0-thermal,65.031
1780554577.270124,,,soc1-thermal,64.312
1780554577.270124,,,soc2-thermal,65.281
1780554577.270124,,,tj-thermal,67.625
1780554577.3760867,VDD_IN,8580.48,,
1780554577.3760867,VDD_CPU_GPU_CV,3334.72,,
1780554577.3760867,VDD_SOC,1968.0,,
1780554577.3760867,,,cpu-thermal,66.906
1780554577.3760867,,,gpu-thermal,67.531
1780554577.3760867,,,soc0-thermal,65.093
1780554577.3760867,,,soc1-thermal,64.218
1780554577.3760867,,,soc2-thermal,65.312
1780554577.3760867,,,tj-thermal,67.531
1780554577.482117,VDD_IN,8541.12,,
1780554577.482117,VDD_CPU_GPU_CV,3334.72,,
1780554577.482117,VDD_SOC,1968.0,,
1780554577.482117,,,cpu-thermal,66.531
1780554577.482117,,,gpu-thermal,67.406
1780554577.482117,,,soc0-thermal,65.0
1780554577.482117,,,soc1-thermal,64.281
1780554577.482117,,,soc2-thermal,65.281
1780554577.482117,,,tj-thermal,67.406
1780554577.5877097,VDD_IN,8541.12,,
1780554577.5877097,VDD_CPU_GPU_CV,3295.488,,
1780554577.5877097,VDD_SOC,1968.0,,
1780554577.5877097,,,cpu-thermal,66.5
1780554577.5877097,,,gpu-thermal,67.406
1780554577.5877097,,,soc0-thermal,65.0
1780554577.5877097,,,soc1-thermal,64.375
1780554577.5877097,,,soc2-thermal,65.218
1780554577.5877097,,,tj-thermal,67.406
1780554577.6934748,VDD_IN,8501.76,,
1780554577.6934748,VDD_CPU_GPU_CV,3295.488,,
1780554577.6934748,VDD_SOC,1968.0,,
1780554577.6934748,,,cpu-thermal,66.843
1780554577.6934748,,,gpu-thermal,67.531
1780554577.6934748,,,soc0-thermal,65.062
1780554577.6934748,,,soc1-thermal,64.25
1780554577.6934748,,,soc2-thermal,65.218
1780554577.6934748,,,tj-thermal,67.312
1780554577.7990937,VDD_IN,8541.12,,
1780554577.7990937,VDD_CPU_GPU_CV,3295.488,,
1780554577.7990937,VDD_SOC,1968.0,,
1780554577.7990937,,,cpu-thermal,66.843
1780554577.7990937,,,gpu-thermal,67.5
1780554577.7990937,,,soc0-thermal,65.062
1780554577.7990937,,,soc1-thermal,64.25
1780554577.7990937,,,soc2-thermal,65.312
1780554577.7990937,,,tj-thermal,67.75
1780554577.9053726,VDD_IN,8659.2,,
1780554577.9053726,VDD_CPU_GPU_CV,3418.752,,
1780554577.9053726,VDD_SOC,2007.36,,
1780554577.9053726,,,cpu-thermal,66.937
1780554577.9053726,,,gpu-thermal,67.531
1780554577.9053726,,,soc0-thermal,65.0
1780554577.9053726,,,soc1-thermal,64.312
1780554577.9053726,,,soc2-thermal,65.25
1780554577.9053726,,,tj-thermal,67.625
1780554578.0115914,VDD_IN,8777.28,,
1780554578.0115914,VDD_CPU_GPU_CV,3458.048,,
1780554578.0115914,VDD_SOC,2007.36,,
1780554578.0115914,,,cpu-thermal,66.718
1780554578.0115914,,,gpu-thermal,67.468
1780554578.0115914,,,soc0-thermal,65.125
1780554578.0115914,,,soc1-thermal,64.406
1780554578.0115914,,,soc2-thermal,65.343
1780554578.0115914,,,tj-thermal,67.531
1780554578.1179323,VDD_IN,8698.56,,
1780554578.1179323,VDD_CPU_GPU_CV,3418.752,,
1780554578.1179323,VDD_SOC,1968.0,,
1780554578.1179323,,,cpu-thermal,66.781
1780554578.1179323,,,gpu-thermal,67.781
1780554578.1179323,,,soc0-thermal,65.125
1780554578.1179323,,,soc1-thermal,64.25
1780554578.1179323,,,soc2-thermal,65.25
1780554578.1179323,,,tj-thermal,67.5
1780554578.2242627,VDD_IN,8659.2,,
1780554578.2242627,VDD_CPU_GPU_CV,3373.952,,
1780554578.2242627,VDD_SOC,1968.0,,
1780554578.2242627,,,cpu-thermal,66.593
1780554578.2242627,,,gpu-thermal,67.562
1780554578.2242627,,,soc0-thermal,65.031
1780554578.2242627,,,soc1-thermal,64.343
1780554578.2242627,,,soc2-thermal,65.281
1780554578.2242627,,,tj-thermal,67.406
1780554578.3310938,VDD_IN,8619.84,,
1780554578.3310938,VDD_CPU_GPU_CV,3334.72,,
1780554578.3310938,VDD_SOC,1968.0,,
1780554578.3310938,,,cpu-thermal,66.625
1780554578.3310938,,,gpu-thermal,67.531
1780554578.3310938,,,soc0-thermal,65.093
1780554578.3310938,,,soc1-thermal,64.468
1780554578.3310938,,,soc2-thermal,65.312
1780554578.3310938,,,tj-thermal,67.531
1780554578.4365902,VDD_IN,8580.48,,
1780554578.4365902,VDD_CPU_GPU_CV,3334.72,,
1780554578.4365902,VDD_SOC,1968.0,,
1780554578.4365902,,,cpu-thermal,66.687
1780554578.4365902,,,gpu-thermal,67.343
1780554578.4365902,,,soc0-thermal,65.187
1780554578.4365902,,,soc1-thermal,64.25
1780554578.4365902,,,soc2-thermal,65.312
1780554578.4365902,,,tj-thermal,67.343
1780554578.5422726,VDD_IN,8580.48,,
1780554578.5422726,VDD_CPU_GPU_CV,3334.72,,
1780554578.5422726,VDD_SOC,1968.0,,
1780554578.5422726,,,cpu-thermal,66.625
1780554578.5422726,,,gpu-thermal,67.437
1780554578.5422726,,,soc0-thermal,65.062
1780554578.5422726,,,soc1-thermal,64.312
1780554578.5422726,,,soc2-thermal,65.281
1780554578.5422726,,,tj-thermal,67.437
1780554578.6484113,VDD_IN,8501.76,,
1780554578.6484113,VDD_CPU_GPU_CV,3295.488,,
1780554578.6484113,VDD_SOC,1968.0,,
1780554578.6484113,,,cpu-thermal,66.593
1780554578.6484113,,,gpu-thermal,67.312
1780554578.6484113,,,soc0-thermal,65.062
1780554578.6484113,,,soc1-thermal,64.437
1780554578.6484113,,,soc2-thermal,65.281
1780554578.6484113,,,tj-thermal,67.312
1780554578.7539496,VDD_IN,8501.76,,
1780554578.7539496,VDD_CPU_GPU_CV,3295.488,,
1780554578.7539496,VDD_SOC,1968.0,,
1780554578.7539496,,,cpu-thermal,66.718
1780554578.7539496,,,gpu-thermal,67.531
1780554578.7539496,,,soc0-thermal,65.125
1780554578.7539496,,,soc1-thermal,64.562
1780554578.7539496,,,soc2-thermal,65.343
1780554578.7539496,,,tj-thermal,67.593
1780554578.860056,VDD_IN,8619.84,,
1780554578.860056,VDD_CPU_GPU_CV,3334.72,,
1780554578.860056,VDD_SOC,1968.0,,
1780554578.860056,,,cpu-thermal,66.968
1780554578.860056,,,gpu-thermal,67.531
1780554578.860056,,,soc0-thermal,65.031
1780554578.860056,,,soc1-thermal,64.312
1780554578.860056,,,soc2-thermal,65.375
1780554578.860056,,,tj-thermal,67.656
1780554578.9659493,VDD_IN,8737.92,,
1780554578.9659493,VDD_CPU_GPU_CV,3418.752,,
1780554578.9659493,VDD_SOC,2007.36,,
1780554578.9659493,,,cpu-thermal,66.593
1780554578.9659493,,,gpu-thermal,67.562
1780554578.9659493,,,soc0-thermal,65.093
1780554578.9659493,,,soc1-thermal,64.343
1780554578.9659493,,,soc2-thermal,65.343
1780554578.9659493,,,tj-thermal,67.562
1780554579.07157,VDD_IN,8737.92,,
1780554579.07157,VDD_CPU_GPU_CV,3418.752,,
1780554579.07157,VDD_SOC,2007.36,,
1780554579.07157,,,cpu-thermal,66.875
1780554579.07157,,,gpu-thermal,67.718
1780554579.07157,,,soc0-thermal,65.187
1780554579.07157,,,soc1-thermal,64.468
1780554579.07157,,,soc2-thermal,65.343
1780554579.07157,,,tj-thermal,67.718
1780554579.1772704,VDD_IN,8698.56,,
1780554579.1772704,VDD_CPU_GPU_CV,3413.184,,
1780554579.1772704,VDD_SOC,1968.0,,
1780554579.1772704,,,cpu-thermal,66.937
1780554579.1772704,,,gpu-thermal,67.531
1780554579.1772704,,,soc0-thermal,65.218
1780554579.1772704,,,soc1-thermal,64.281
1780554579.1772704,,,soc2-thermal,65.312
1780554579.1772704,,,tj-thermal,67.531
1780554579.2830346,VDD_IN,8580.48,,
1780554579.2830346,VDD_CPU_GPU_CV,3334.72,,
1780554579.2830346,VDD_SOC,1968.0,,
1780554579.2830346,,,cpu-thermal,66.968
1780554579.2830346,,,gpu-thermal,67.531
1780554579.2830346,,,soc0-thermal,65.093
1780554579.2830346,,,soc1-thermal,64.406
1780554579.2830346,,,soc2-thermal,65.281
1780554579.2830346,,,tj-thermal,67.531
1780554579.3885443,VDD_IN,8619.84,,
1780554579.3885443,VDD_CPU_GPU_CV,3373.952,,
1780554579.3885443,VDD_SOC,1968.0,,
1780554579.3885443,,,cpu-thermal,66.562
1780554579.3885443,,,gpu-thermal,67.656
1780554579.3885443,,,soc0-thermal,65.187
1780554579.3885443,,,soc1-thermal,64.437
1780554579.3885443,,,soc2-thermal,65.343
1780554579.3885443,,,tj-thermal,67.562
1780554579.4943912,VDD_IN,8580.48,,
1780554579.4943912,VDD_CPU_GPU_CV,3334.72,,
1780554579.4943912,VDD_SOC,1968.0,,
1780554579.4943912,,,cpu-thermal,66.906
1780554579.4943912,,,gpu-thermal,67.593
1780554579.4943912,,,soc0-thermal,65.125
1780554579.4943912,,,soc1-thermal,64.531
1780554579.4943912,,,soc2-thermal,65.406
1780554579.4943912,,,tj-thermal,67.406
1780554579.6001208,VDD_IN,8580.48,,
1780554579.6001208,VDD_CPU_GPU_CV,3334.72,,
1780554579.6001208,VDD_SOC,1964.8,,
1780554579.6001208,,,cpu-thermal,66.937
1780554579.6001208,,,gpu-thermal,67.562
1780554579.6001208,,,soc0-thermal,65.156
1780554579.6001208,,,soc1-thermal,64.312
1780554579.6001208,,,soc2-thermal,65.468
1780554579.6001208,,,tj-thermal,67.562
1780554579.7056499,VDD_IN,8619.84,,
1780554579.7056499,VDD_CPU_GPU_CV,3334.72,,
1780554579.7056499,VDD_SOC,1964.8,,
1780554579.7056499,,,cpu-thermal,66.937
1780554579.7056499,,,gpu-thermal,67.625
1780554579.7056499,,,soc0-thermal,65.093
1780554579.7056499,,,soc1-thermal,64.406
1780554579.7056499,,,soc2-thermal,65.375
1780554579.7056499,,,tj-thermal,67.625
1780554579.811554,VDD_IN,8619.84,,
1780554579.811554,VDD_CPU_GPU_CV,3373.952,,
1780554579.811554,VDD_SOC,1968.0,,
1780554579.811554,,,cpu-thermal,66.687
1780554579.811554,,,gpu-thermal,67.562
1780554579.811554,,,soc0-thermal,65.125
1780554579.811554,,,soc1-thermal,64.468
1780554579.811554,,,soc2-thermal,65.375
1780554579.811554,,,tj-thermal,67.562
1780554579.917119,VDD_IN,8737.92,,
1780554579.917119,VDD_CPU_GPU_CV,3452.416,,
1780554579.917119,VDD_SOC,2007.36,,
1780554579.917119,,,cpu-thermal,66.843
1780554579.917119,,,gpu-thermal,67.812
1780554579.917119,,,soc0-thermal,65.187
1780554579.917119,,,soc1-thermal,64.343
1780554579.917119,,,soc2-thermal,65.343
1780554579.917119,,,tj-thermal,67.812
1780554580.0232737,VDD_IN,8816.64,,
1780554580.0232737,VDD_CPU_GPU_CV,3491.648,,
1780554580.0232737,VDD_SOC,2007.36,,
1780554580.0232737,,,cpu-thermal,66.687
1780554580.0232737,,,gpu-thermal,67.718
1780554580.0232737,,,soc0-thermal,65.156
1780554580.0232737,,,soc1-thermal,64.406
1780554580.0232737,,,soc2-thermal,65.437
1780554580.0232737,,,tj-thermal,67.718
1780554580.1298666,VDD_IN,8737.92,,
1780554580.1298666,VDD_CPU_GPU_CV,3413.184,,
1780554580.1298666,VDD_SOC,2007.36,,
1780554580.1298666,,,cpu-thermal,66.718
1780554580.1298666,,,gpu-thermal,67.625
1780554580.1298666,,,soc0-thermal,65.187
1780554580.1298666,,,soc1-thermal,64.5
1780554580.1298666,,,soc2-thermal,65.312
1780554580.1298666,,,tj-thermal,67.625
1780554580.2356281,VDD_IN,8659.2,,
1780554580.2356281,VDD_CPU_GPU_CV,3373.952,,
1780554580.2356281,VDD_SOC,1968.0,,
1780554580.2356281,,,cpu-thermal,66.687
1780554580.2356281,,,gpu-thermal,67.718
1780554580.2356281,,,soc0-thermal,65.25
1780554580.2356281,,,soc1-thermal,64.5
1780554580.2356281,,,soc2-thermal,65.406
1780554580.2356281,,,tj-thermal,67.437
1780554580.3419106,VDD_IN,8580.48,,
1780554580.3419106,VDD_CPU_GPU_CV,3334.72,,
1780554580.3419106,VDD_SOC,1968.0,,
1780554580.3419106,,,cpu-thermal,67.093
1780554580.3419106,,,gpu-thermal,67.593
1780554580.3419106,,,soc0-thermal,65.343
1780554580.3419106,,,soc1-thermal,64.406
1780554580.3419106,,,soc2-thermal,65.437
1780554580.3419106,,,tj-thermal,67.437
1780554580.448161,VDD_IN,8580.48,,
1780554580.448161,VDD_CPU_GPU_CV,3334.72,,
1780554580.448161,VDD_SOC,1968.0,,
1780554580.448161,,,cpu-thermal,66.75
1780554580.448161,,,gpu-thermal,67.5
1780554580.448161,,,soc0-thermal,65.218
1780554580.448161,,,soc1-thermal,64.5
1780554580.448161,,,soc2-thermal,65.343
1780554580.448161,,,tj-thermal,67.781
1780554580.553748,VDD_IN,8541.12,,
1780554580.553748,VDD_CPU_GPU_CV,3295.488,,
1780554580.553748,VDD_SOC,1968.0,,
1780554580.553748,,,cpu-thermal,66.812
1780554580.553748,,,gpu-thermal,67.562
1780554580.553748,,,soc0-thermal,65.156
1780554580.553748,,,soc1-thermal,64.593
1780554580.553748,,,soc2-thermal,65.437
1780554580.553748,,,tj-thermal,67.562
1780554580.6595554,VDD_IN,8501.76,,
1780554580.6595554,VDD_CPU_GPU_CV,3295.488,,
1780554580.6595554,VDD_SOC,1968.0,,
1780554580.6595554,,,cpu-thermal,66.968
1780554580.6595554,,,gpu-thermal,67.5
1780554580.6595554,,,soc0-thermal,65.281
1780554580.6595554,,,soc1-thermal,64.343
1780554580.6595554,,,soc2-thermal,65.5
1780554580.6595554,,,tj-thermal,67.5
1780554580.765431,VDD_IN,8501.76,,
1780554580.765431,VDD_CPU_GPU_CV,3256.256,,
1780554580.765431,VDD_SOC,1968.0,,
1780554580.765431,,,cpu-thermal,67.062
1780554580.765431,,,gpu-thermal,67.718
1780554580.765431,,,soc0-thermal,65.187
1780554580.765431,,,soc1-thermal,64.406
1780554580.765431,,,soc2-thermal,65.343
1780554580.765431,,,tj-thermal,67.718
1780554580.8716617,VDD_IN,8659.2,,
1780554580.8716617,VDD_CPU_GPU_CV,3373.952,,
1780554580.8716617,VDD_SOC,1968.0,,
1780554580.8716617,,,cpu-thermal,66.812
1780554580.8716617,,,gpu-thermal,67.75
1780554580.8716617,,,soc0-thermal,65.156
1780554580.8716617,,,soc1-thermal,64.593
1780554580.8716617,,,soc2-thermal,65.437
1780554580.8716617,,,tj-thermal,67.75
1780554580.9770956,VDD_IN,8777.28,,
1780554580.9770956,VDD_CPU_GPU_CV,3458.048,,
1780554580.9770956,VDD_SOC,2007.36,,
1780554580.9770956,,,cpu-thermal,66.937
1780554580.9770956,,,gpu-thermal,67.562
1780554580.9770956,,,soc0-thermal,65.187
1780554580.9770956,,,soc1-thermal,64.718
1780554580.9770956,,,soc2-thermal,65.437
1780554580.9770956,,,tj-thermal,67.718
1780554581.0823705,VDD_IN,8737.92,,
1780554581.0823705,VDD_CPU_GPU_CV,3413.184,,
1780554581.0823705,VDD_SOC,2007.36,,
1780554581.0823705,,,cpu-thermal,66.968
1780554581.0823705,,,gpu-thermal,67.812
1780554581.0823705,,,soc0-thermal,65.312
1780554581.0823705,,,soc1-thermal,64.468
1780554581.0823705,,,soc2-thermal,65.406
1780554581.0823705,,,tj-thermal,67.625
1780554581.1881492,VDD_IN,8698.56,,
1780554581.1881492,VDD_CPU_GPU_CV,3373.952,,
1780554581.1881492,VDD_SOC,1968.0,,
1780554581.1881492,,,cpu-thermal,67.093
1780554581.1881492,,,gpu-thermal,67.687
1780554581.1881492,,,soc0-thermal,65.218
1780554581.1881492,,,soc1-thermal,64.468
1780554581.1881492,,,soc2-thermal,65.406
1780554581.1881492,,,tj-thermal,67.687
1780554581.2938783,VDD_IN,8659.2,,
1780554581.2938783,VDD_CPU_GPU_CV,3373.952,,
1780554581.2938783,VDD_SOC,1968.0,,
1780554581.2938783,,,cpu-thermal,66.812
1780554581.2938783,,,gpu-thermal,67.656
1780554581.2938783,,,soc0-thermal,65.218
1780554581.2938783,,,soc1-thermal,64.625
1780554581.2938783,,,soc2-thermal,65.562
1780554581.2938783,,,tj-thermal,67.656
1780554581.399437,VDD_IN,8619.84,,
1780554581.399437,VDD_CPU_GPU_CV,3334.72,,
1780554581.399437,VDD_SOC,1968.0,,
1780554581.399437,,,cpu-thermal,67.0
1780554581.399437,,,gpu-thermal,67.562
1780554581.399437,,,soc0-thermal,65.281
1780554581.399437,,,soc1-thermal,64.468
1780554581.399437,,,soc2-thermal,65.437
1780554581.399437,,,tj-thermal,67.562
1780554581.5056753,VDD_IN,8580.48,,
1780554581.5056753,VDD_CPU_GPU_CV,3295.488,,
1780554581.5056753,VDD_SOC,1968.0,,
1780554581.5056753,,,cpu-thermal,66.968
1780554581.5056753,,,gpu-thermal,67.562
1780554581.5056753,,,soc0-thermal,65.187
1780554581.5056753,,,soc1-thermal,64.5
1780554581.5056753,,,soc2-thermal,65.406
1780554581.5056753,,,tj-thermal,67.562
1780554581.6115813,VDD_IN,8541.12,,
1780554581.6115813,VDD_CPU_GPU_CV,3295.488,,
1780554581.6115813,VDD_SOC,1968.0,,
1780554581.6115813,,,cpu-thermal,66.875
1780554581.6115813,,,gpu-thermal,67.843
1780554581.6115813,,,soc0-thermal,65.218
1780554581.6115813,,,soc1-thermal,64.531
1780554581.6115813,,,soc2-thermal,65.437
1780554581.6115813,,,tj-thermal,67.843
1780554581.717479,VDD_IN,8501.76,,
1780554581.717479,VDD_CPU_GPU_CV,3256.256,,
1780554581.717479,VDD_SOC,1968.0,,
1780554581.717479,,,cpu-thermal,66.843
1780554581.717479,,,gpu-thermal,67.656
1780554581.717479,,,soc0-thermal,65.218
1780554581.717479,,,soc1-thermal,64.687
1780554581.717479,,,soc2-thermal,65.562
1780554581.717479,,,tj-thermal,67.718
1780554581.8230255,VDD_IN,8580.48,,
1780554581.8230255,VDD_CPU_GPU_CV,3334.72,,
1780554581.8230255,VDD_SOC,1968.0,,
1780554581.8230255,,,cpu-thermal,66.937
1780554581.8230255,,,gpu-thermal,67.625
1780554581.8230255,,,soc0-thermal,65.218
1780554581.8230255,,,soc1-thermal,64.406
1780554581.8230255,,,soc2-thermal,65.531
1780554581.8230255,,,tj-thermal,67.687
1780554581.9293652,VDD_IN,8698.56,,
1780554581.9293652,VDD_CPU_GPU_CV,3413.184,,
1780554581.9293652,VDD_SOC,2007.36,,
1780554581.9293652,,,cpu-thermal,66.812
1780554581.9293652,,,gpu-thermal,67.937
1780554581.9293652,,,soc0-thermal,65.218
1780554581.9293652,,,soc1-thermal,64.531
1780554581.9293652,,,soc2-thermal,65.406
1780554581.9293652,,,tj-thermal,67.937
1780554582.0350726,VDD_IN,8737.92,,
1780554582.0350726,VDD_CPU_GPU_CV,3418.752,,
1780554582.0350726,VDD_SOC,2007.36,,
1780554582.0350726,,,cpu-thermal,66.937
1780554582.0350726,,,gpu-thermal,67.75
1780554582.0350726,,,soc0-thermal,65.312
1780554582.0350726,,,soc1-thermal,64.625
1780554582.0350726,,,soc2-thermal,65.468
1780554582.0350726,,,tj-thermal,67.75
1780554582.1410396,VDD_IN,8737.92,,
1780554582.1410396,VDD_CPU_GPU_CV,3413.184,,
1780554582.1410396,VDD_SOC,2007.36,,
1780554582.1410396,,,cpu-thermal,67.125
1780554582.1410396,,,gpu-thermal,67.718
1780554582.1410396,,,soc0-thermal,65.375
1780554582.1410396,,,soc1-thermal,64.406
1780554582.1410396,,,soc2-thermal,65.468
1780554582.1410396,,,tj-thermal,67.718
1780554582.2467186,VDD_IN,8698.56,,
1780554582.2467186,VDD_CPU_GPU_CV,3373.952,,
1780554582.2467186,VDD_SOC,1968.0,,
1780554582.2467186,,,cpu-thermal,67.218
1780554582.2467186,,,gpu-thermal,67.625
1780554582.2467186,,,soc0-thermal,65.218
1780554582.2467186,,,soc1-thermal,64.531
1780554582.2467186,,,soc2-thermal,65.531
1780554582.2467186,,,tj-thermal,67.625
1780554582.3522944,VDD_IN,8659.2,,
1780554582.3522944,VDD_CPU_GPU_CV,3413.184,,
1780554582.3522944,VDD_SOC,1968.0,,
1780554582.3522944,,,cpu-thermal,66.781
1780554582.3522944,,,gpu-thermal,67.718
1780554582.3522944,,,soc0-thermal,65.281
1780554582.3522944,,,soc1-thermal,64.531
1780554582.3522944,,,soc2-thermal,65.468
1780554582.3522944,,,tj-thermal,67.562
1780554582.4579177,VDD_IN,8619.84,,
1780554582.4579177,VDD_CPU_GPU_CV,3373.952,,
1780554582.4579177,VDD_SOC,1968.0,,
1780554582.4579177,,,cpu-thermal,66.906
1780554582.4579177,,,gpu-thermal,67.718
1780554582.4579177,,,soc0-thermal,65.375
1780554582.4579177,,,soc1-thermal,64.687
1780554582.4579177,,,soc2-thermal,65.531
1780554582.4579177,,,tj-thermal,68.0
1780554582.5640824,VDD_IN,8619.84,,
1780554582.5640824,VDD_CPU_GPU_CV,3373.952,,
1780554582.5640824,VDD_SOC,1964.8,,
1780554582.5640824,,,cpu-thermal,67.093
1780554582.5640824,,,gpu-thermal,67.687
1780554582.5640824,,,soc0-thermal,65.406
1780554582.5640824,,,soc1-thermal,64.656
1780554582.5640824,,,soc2-thermal,65.5
1780554582.5640824,,,tj-thermal,67.687
1780554582.669902,VDD_IN,8619.84,,
1780554582.669902,VDD_CPU_GPU_CV,3373.952,,
1780554582.669902,VDD_SOC,1964.8,,
1780554582.669902,,,cpu-thermal,67.156
1780554582.669902,,,gpu-thermal,67.531
1780554582.669902,,,soc0-thermal,65.281
1780554582.669902,,,soc1-thermal,64.531
1780554582.669902,,,soc2-thermal,65.468
1780554582.669902,,,tj-thermal,67.531
1780554582.7759328,VDD_IN,8619.84,,
1780554582.7759328,VDD_CPU_GPU_CV,3373.952,,
1780554582.7759328,VDD_SOC,1964.8,,
1780554582.7759328,,,cpu-thermal,66.906
1780554582.7759328,,,gpu-thermal,67.968
1780554582.7759328,,,soc0-thermal,65.343
1780554582.7759328,,,soc1-thermal,64.562
1780554582.7759328,,,soc2-thermal,65.468
1780554582.7759328,,,tj-thermal,67.968
1780554582.8815086,VDD_IN,8737.92,,
1780554582.8815086,VDD_CPU_GPU_CV,3452.416,,
1780554582.8815086,VDD_SOC,2007.36,,
1780554582.8815086,,,cpu-thermal,66.968
1780554582.8815086,,,gpu-thermal,67.812
1780554582.8815086,,,soc0-thermal,65.375
1780554582.8815086,,,soc1-thermal,64.75
1780554582.8815086,,,soc2-thermal,65.531
1780554582.8815086,,,tj-thermal,67.812
1780554582.987119,VDD_IN,8856.0,,
1780554582.987119,VDD_CPU_GPU_CV,3536.64,,
1780554582.987119,VDD_SOC,2007.36,,
1780554582.987119,,,cpu-thermal,67.031
1780554582.987119,,,gpu-thermal,67.687
1780554582.987119,,,soc0-thermal,65.281
1780554582.987119,,,soc1-thermal,64.625
1780554582.987119,,,soc2-thermal,65.5
1780554582.987119,,,tj-thermal,67.843
1780554583.0929656,VDD_IN,8816.64,,
1780554583.0929656,VDD_CPU_GPU_CV,3491.648,,
1780554583.0929656,VDD_SOC,2007.36,,
1780554583.0929656,,,cpu-thermal,66.937
1780554583.0929656,,,gpu-thermal,67.906
1780554583.0929656,,,soc0-thermal,65.406
1780554583.0929656,,,soc1-thermal,64.656
1780554583.0929656,,,soc2-thermal,65.531
1780554583.0929656,,,tj-thermal,67.75
1780554583.1991372,VDD_IN,8737.92,,
1780554583.1991372,VDD_CPU_GPU_CV,3452.416,,
1780554583.1991372,VDD_SOC,2007.36,,
1780554583.1991372,,,cpu-thermal,66.875
1780554583.1991372,,,gpu-thermal,67.875
1780554583.1991372,,,soc0-thermal,65.375
1780554583.1991372,,,soc1-thermal,64.656
1780554583.1991372,,,soc2-thermal,65.562
1780554583.1991372,,,tj-thermal,67.656
1780554583.304825,VDD_IN,8698.56,,
1780554583.304825,VDD_CPU_GPU_CV,3452.416,,
1780554583.304825,VDD_SOC,2007.36,,
1780554583.304825,,,cpu-thermal,66.968
1780554583.304825,,,gpu-thermal,67.718
1780554583.304825,,,soc0-thermal,65.468
1780554583.304825,,,soc1-thermal,64.531
1780554583.304825,,,soc2-thermal,65.593
1780554583.304825,,,tj-thermal,67.718
1780554583.4105513,VDD_IN,8698.56,,
1780554583.4105513,VDD_CPU_GPU_CV,3413.184,,
1780554583.4105513,VDD_SOC,1964.8,,
1780554583.4105513,,,cpu-thermal,66.812
1780554583.4105513,,,gpu-thermal,67.718
1780554583.4105513,,,soc0-thermal,65.281
1780554583.4105513,,,soc1-thermal,64.625
1780554583.4105513,,,soc2-thermal,65.468
1780554583.4105513,,,tj-thermal,67.718
1780554583.516521,VDD_IN,8659.2,,
1780554583.516521,VDD_CPU_GPU_CV,3413.184,,
1780554583.516521,VDD_SOC,1964.8,,
1780554583.516521,,,cpu-thermal,66.906
1780554583.516521,,,gpu-thermal,67.687
1780554583.516521,,,soc0-thermal,65.312
1780554583.516521,,,soc1-thermal,64.687
1780554583.516521,,,soc2-thermal,65.468
1780554583.516521,,,tj-thermal,67.687
1780554583.622235,VDD_IN,8659.2,,
1780554583.622235,VDD_CPU_GPU_CV,3413.184,,
1780554583.622235,VDD_SOC,1964.8,,
1780554583.622235,,,cpu-thermal,66.906
1780554583.622235,,,gpu-thermal,68.0
1780554583.622235,,,soc0-thermal,65.468
1780554583.622235,,,soc1-thermal,64.718
1780554583.622235,,,soc2-thermal,65.531
1780554583.622235,,,tj-thermal,68.0
1780554583.7279332,VDD_IN,8659.2,,
1780554583.7279332,VDD_CPU_GPU_CV,3413.184,,
1780554583.7279332,VDD_SOC,1964.8,,
1780554583.7279332,,,cpu-thermal,66.937
1780554583.7279332,,,gpu-thermal,67.937
1780554583.7279332,,,soc0-thermal,65.343
1780554583.7279332,,,soc1-thermal,64.562
1780554583.7279332,,,soc2-thermal,65.531
1780554583.7279332,,,tj-thermal,67.937
1780554583.8338583,VDD_IN,8698.56,,
1780554583.8338583,VDD_CPU_GPU_CV,3413.184,,
1780554583.8338583,VDD_SOC,2004.096,,
1780554583.8338583,,,cpu-thermal,67.0
1780554583.8338583,,,gpu-thermal,67.75
1780554583.8338583,,,soc0-thermal,65.343
1780554583.8338583,,,soc1-thermal,64.625
1780554583.8338583,,,soc2-thermal,65.437
1780554583.8338583,,,tj-thermal,67.843
1780554583.9394171,VDD_IN,8777.28,,
1780554583.9394171,VDD_CPU_GPU_CV,3491.648,,
1780554583.9394171,VDD_SOC,2007.36,,
1780554583.9394171,,,cpu-thermal,66.937
1780554583.9394171,,,gpu-thermal,68.093
1780554583.9394171,,,soc0-thermal,65.437
1780554583.9394171,,,soc1-thermal,64.75
1780554583.9394171,,,soc2-thermal,65.687
1780554583.9394171,,,tj-thermal,68.093
1780554584.0454035,VDD_IN,8816.64,,
1780554584.0454035,VDD_CPU_GPU_CV,3491.648,,
1780554584.0454035,VDD_SOC,2007.36,,
1780554584.0454035,,,cpu-thermal,67.125
1780554584.0454035,,,gpu-thermal,67.937
1780554584.0454035,,,soc0-thermal,65.468
1780554584.0454035,,,soc1-thermal,64.531
1780554584.0454035,,,soc2-thermal,65.562
1780554584.0454035,,,tj-thermal,67.937
1780554584.151196,VDD_IN,8777.28,,
1780554584.151196,VDD_CPU_GPU_CV,3452.416,,
1780554584.151196,VDD_SOC,2007.36,,
1780554584.151196,,,cpu-thermal,67.281
1780554584.151196,,,gpu-thermal,67.812
1780554584.151196,,,soc0-thermal,65.375
1780554584.151196,,,soc1-thermal,64.562
1780554584.151196,,,soc2-thermal,65.562
1780554584.151196,,,tj-thermal,67.812
1780554584.2574017,VDD_IN,8698.56,,
1780554584.2574017,VDD_CPU_GPU_CV,3413.184,,
1780554584.2574017,VDD_SOC,2007.36,,
1780554584.2574017,,,cpu-thermal,66.937
1780554584.2574017,,,gpu-thermal,67.718
1780554584.2574017,,,soc0-thermal,65.406
1780554584.2574017,,,soc1-thermal,64.718
1780554584.2574017,,,soc2-thermal,65.531
1780554584.2574017,,,tj-thermal,67.718
1780554584.363368,VDD_IN,8619.84,,
1780554584.363368,VDD_CPU_GPU_CV,3373.952,,
1780554584.363368,VDD_SOC,1968.0,,
1780554584.363368,,,cpu-thermal,67.093
1780554584.363368,,,gpu-thermal,67.687
1780554584.363368,,,soc0-thermal,65.375
1780554584.363368,,,soc1-thermal,64.625
1780554584.363368,,,soc2-thermal,65.593
1780554584.363368,,,tj-thermal,67.687
1780554584.468979,VDD_IN,8580.48,,
1780554584.468979,VDD_CPU_GPU_CV,3373.952,,
1780554584.468979,VDD_SOC,1968.0,,
1780554584.468979,,,cpu-thermal,67.125
1780554584.468979,,,gpu-thermal,67.75
1780554584.468979,,,soc0-thermal,65.562
1780554584.468979,,,soc1-thermal,64.718
1780554584.468979,,,soc2-thermal,65.593
1780554584.468979,,,tj-thermal,67.656
1780554584.5744112,VDD_IN,8580.48,,
1780554584.5744112,VDD_CPU_GPU_CV,3334.72,,
1780554584.5744112,VDD_SOC,1968.0,,
1780554584.5744112,,,cpu-thermal,67.312
1780554584.5744112,,,gpu-thermal,67.812
1780554584.5744112,,,soc0-thermal,65.437
1780554584.5744112,,,soc1-thermal,64.718
1780554584.5744112,,,soc2-thermal,65.468
1780554584.5744112,,,tj-thermal,67.937
1780554584.6800792,VDD_IN,8541.12,,
1780554584.6800792,VDD_CPU_GPU_CV,3295.488,,
1780554584.6800792,VDD_SOC,1964.8,,
1780554584.6800792,,,cpu-thermal,66.968
1780554584.6800792,,,gpu-thermal,67.687
1780554584.6800792,,,soc0-thermal,65.343
1780554584.6800792,,,soc1-thermal,64.718
1780554584.6800792,,,soc2-thermal,65.593
1780554584.6800792,,,tj-thermal,67.687
1780554584.785533,VDD_IN,8541.12,,
1780554584.785533,VDD_CPU_GPU_CV,3334.72,,
1780554584.785533,VDD_SOC,1968.0,,
1780554584.785533,,,cpu-thermal,66.968
1780554584.785533,,,gpu-thermal,67.687
1780554584.785533,,,soc0-thermal,65.437
1780554584.785533,,,soc1-thermal,64.718
1780554584.785533,,,soc2-thermal,65.625
1780554584.785533,,,tj-thermal,67.687
1780554584.8911288,VDD_IN,8659.2,,
1780554584.8911288,VDD_CPU_GPU_CV,3413.184,,
1780554584.8911288,VDD_SOC,2007.36,,
1780554584.8911288,,,cpu-thermal,67.093
1780554584.8911288,,,gpu-thermal,68.031
1780554584.8911288,,,soc0-thermal,65.312
1780554584.8911288,,,soc1-thermal,64.718
1780554584.8911288,,,soc2-thermal,65.531
1780554584.8911288,,,tj-thermal,68.031
1780554584.9966195,VDD_IN,8777.28,,
1780554584.9966195,VDD_CPU_GPU_CV,3458.048,,
1780554584.9966195,VDD_SOC,2007.36,,
1780554584.9966195,,,cpu-thermal,66.968
1780554584.9966195,,,gpu-thermal,67.75
1780554584.9966195,,,soc0-thermal,65.406
1780554584.9966195,,,soc1-thermal,64.75
1780554584.9966195,,,soc2-thermal,65.625
1780554584.9966195,,,tj-thermal,67.937
1780554585.1025918,VDD_IN,8737.92,,
1780554585.1025918,VDD_CPU_GPU_CV,3413.184,,
1780554585.1025918,VDD_SOC,2007.36,,
1780554585.1025918,,,cpu-thermal,67.062
1780554585.1025918,,,gpu-thermal,68.062
1780554585.1025918,,,soc0-thermal,65.437
1780554585.1025918,,,soc1-thermal,64.781
1780554585.1025918,,,soc2-thermal,65.687
1780554585.1025918,,,tj-thermal,67.781
1780554585.2082837,VDD_IN,8659.2,,
1780554585.2082837,VDD_CPU_GPU_CV,3413.184,,
1780554585.2082837,VDD_SOC,1968.0,,
1780554585.2082837,,,cpu-thermal,67.031
1780554585.2082837,,,gpu-thermal,67.968
1780554585.2082837,,,soc0-thermal,65.562
1780554585.2082837,,,soc1-thermal,64.656
1780554585.2082837,,,soc2-thermal,65.687
1780554585.2082837,,,tj-thermal,67.968
1780554585.3141391,VDD_IN,8659.2,,
1780554585.3141391,VDD_CPU_GPU_CV,3373.952,,
1780554585.3141391,VDD_SOC,1968.0,,
1780554585.3141391,,,cpu-thermal,67.031
1780554585.3141391,,,gpu-thermal,67.812
1780554585.3141391,,,soc0-thermal,65.406
1780554585.3141391,,,soc1-thermal,64.687
1780554585.3141391,,,soc2-thermal,65.625
1780554585.3141391,,,tj-thermal,67.812
1780554585.4197242,VDD_IN,8659.2,,
1780554585.4197242,VDD_CPU_GPU_CV,3373.952,,
1780554585.4197242,VDD_SOC,1968.0,,
1780554585.4197242,,,cpu-thermal,67.0
1780554585.4197242,,,gpu-thermal,67.812
1780554585.4197242,,,soc0-thermal,65.437
1780554585.4197242,,,soc1-thermal,64.75
1780554585.4197242,,,soc2-thermal,65.625
1780554585.4197242,,,tj-thermal,67.812
1780554585.5255473,VDD_IN,8619.84,,
1780554585.5255473,VDD_CPU_GPU_CV,3373.952,,
1780554585.5255473,VDD_SOC,1964.8,,
1780554585.5255473,,,cpu-thermal,66.968
1780554585.5255473,,,gpu-thermal,67.75
1780554585.5255473,,,soc0-thermal,65.468
1780554585.5255473,,,soc1-thermal,64.937
1780554585.5255473,,,soc2-thermal,65.656
1780554585.5255473,,,tj-thermal,67.75
1780554585.631433,VDD_IN,8580.48,,
1780554585.631433,VDD_CPU_GPU_CV,3334.72,,
1780554585.631433,VDD_SOC,1964.8,,
1780554585.631433,,,cpu-thermal,67.0
1780554585.631433,,,gpu-thermal,67.937
1780554585.631433,,,soc0-thermal,65.437
1780554585.631433,,,soc1-thermal,64.656
1780554585.631433,,,soc2-thermal,65.687
1780554585.631433,,,tj-thermal,67.718
1780554585.736949,VDD_IN,8541.12,,
1780554585.736949,VDD_CPU_GPU_CV,3295.488,,
1780554585.736949,VDD_SOC,1964.8,,
1780554585.736949,,,cpu-thermal,67.062
1780554585.736949,,,gpu-thermal,67.75
1780554585.736949,,,soc0-thermal,65.437
1780554585.736949,,,soc1-thermal,64.781
1780554585.736949,,,soc2-thermal,65.687
1780554585.736949,,,tj-thermal,67.75
1780554585.8427312,VDD_IN,8659.2,,
1780554585.8427312,VDD_CPU_GPU_CV,3373.952,,
1780554585.8427312,VDD_SOC,1968.0,,
1780554585.8427312,,,cpu-thermal,66.968
1780554585.8427312,,,gpu-thermal,67.843
1780554585.8427312,,,soc0-thermal,65.468
1780554585.8427312,,,soc1-thermal,64.812
1780554585.8427312,,,soc2-thermal,65.718
1780554585.8427312,,,tj-thermal,67.843
1780554585.9487062,VDD_IN,8777.28,,
1780554585.9487062,VDD_CPU_GPU_CV,3452.416,,
1780554585.9487062,VDD_SOC,2007.36,,
1780554585.9487062,,,cpu-thermal,67.156
1780554585.9487062,,,gpu-thermal,67.812
1780554585.9487062,,,soc0-thermal,65.5
1780554585.9487062,,,soc1-thermal,64.687
1780554585.9487062,,,soc2-thermal,65.718
1780554585.9487062,,,tj-thermal,67.812
1780554586.054374,VDD_IN,8777.28,,
1780554586.054374,VDD_CPU_GPU_CV,3458.048,,
1780554586.054374,VDD_SOC,2007.36,,
1780554586.054374,,,cpu-thermal,67.312
1780554586.054374,,,gpu-thermal,68.125
1780554586.054374,,,soc0-thermal,65.437
1780554586.054374,,,soc1-thermal,64.718
1780554586.054374,,,soc2-thermal,65.687
1780554586.054374,,,tj-thermal,68.125
1780554586.1603441,VDD_IN,8777.28,,
1780554586.1603441,VDD_CPU_GPU_CV,3452.416,,
1780554586.1603441,VDD_SOC,2007.36,,
1780554586.1603441,,,cpu-thermal,66.968
1780554586.1603441,,,gpu-thermal,67.968
1780554586.1603441,,,soc0-thermal,65.468
1780554586.1603441,,,soc1-thermal,64.75
1780554586.1603441,,,soc2-thermal,65.718
1780554586.1603441,,,tj-thermal,67.968
1780554586.2662413,VDD_IN,8737.92,,
1780554586.2662413,VDD_CPU_GPU_CV,3452.416,,
1780554586.2662413,VDD_SOC,2007.36,,
1780554586.2662413,,,cpu-thermal,67.125
1780554586.2662413,,,gpu-thermal,68.156
1780554586.2662413,,,soc0-thermal,65.5
1780554586.2662413,,,soc1-thermal,64.906
1780554586.2662413,,,soc2-thermal,65.656
1780554586.2662413,,,tj-thermal,67.937
1780554586.3720508,VDD_IN,8698.56,,
1780554586.3720508,VDD_CPU_GPU_CV,3413.184,,
1780554586.3720508,VDD_SOC,2004.096,,
1780554586.3720508,,,cpu-thermal,67.218
1780554586.3720508,,,gpu-thermal,68.031
1780554586.3720508,,,soc0-thermal,65.562
1780554586.3720508,,,soc1-thermal,64.687
1780554586.3720508,,,soc2-thermal,65.75
1780554586.3720508,,,tj-thermal,67.843
1780554586.477709,VDD_IN,8737.92,,
1780554586.477709,VDD_CPU_GPU_CV,3413.184,,
1780554586.477709,VDD_SOC,2004.096,,
1780554586.477709,,,cpu-thermal,67.25
1780554586.477709,,,gpu-thermal,67.968
1780554586.477709,,,soc0-thermal,65.468
1780554586.477709,,,soc1-thermal,64.718
1780554586.477709,,,soc2-thermal,65.656
1780554586.477709,,,tj-thermal,67.968
1780554586.583613,VDD_IN,8698.56,,
1780554586.583613,VDD_CPU_GPU_CV,3413.184,,
1780554586.583613,VDD_SOC,2004.096,,
1780554586.583613,,,cpu-thermal,67.187
1780554586.583613,,,gpu-thermal,67.843
1780554586.583613,,,soc0-thermal,65.5
1780554586.583613,,,soc1-thermal,64.843
1780554586.583613,,,soc2-thermal,65.625
1780554586.583613,,,tj-thermal,67.843
1780554586.6894023,VDD_IN,8698.56,,
1780554586.6894023,VDD_CPU_GPU_CV,3413.184,,
1780554586.6894023,VDD_SOC,1964.8,,
1780554586.6894023,,,cpu-thermal,67.156
1780554586.6894023,,,gpu-thermal,67.875
1780554586.6894023,,,soc0-thermal,65.562
1780554586.6894023,,,soc1-thermal,64.875
1780554586.6894023,,,soc2-thermal,65.75
1780554586.6894023,,,tj-thermal,67.875
1780554586.7951136,VDD_IN,8737.92,,
1780554586.7951136,VDD_CPU_GPU_CV,3413.184,,
1780554586.7951136,VDD_SOC,2004.096,,
1780554586.7951136,,,cpu-thermal,67.187
1780554586.7951136,,,gpu-thermal,67.812
1780554586.7951136,,,soc0-thermal,65.468
1780554586.7951136,,,soc1-thermal,64.718
1780554586.7951136,,,soc2-thermal,65.812
1780554586.7951136,,,tj-thermal,67.812
1780554586.9007168,VDD_IN,8816.64,,
1780554586.9007168,VDD_CPU_GPU_CV,3491.648,,
1780554586.9007168,VDD_SOC,2007.36,,
1780554586.9007168,,,cpu-thermal,67.0
1780554586.9007168,,,gpu-thermal,68.031
1780554586.9007168,,,soc0-thermal,65.468
1780554586.9007168,,,soc1-thermal,64.812
1780554586.9007168,,,soc2-thermal,65.75
1780554586.9007168,,,tj-thermal,68.156
1780554587.0063016,VDD_IN,8895.36,,
1780554587.0063016,VDD_CPU_GPU_CV,3530.88,,
1780554587.0063016,VDD_SOC,2007.36,,
1780554587.0063016,,,cpu-thermal,67.093
1780554587.0063016,,,gpu-thermal,68.062
1780554587.0063016,,,soc0-thermal,65.531
1780554587.0063016,,,soc1-thermal,64.843
1780554587.0063016,,,soc2-thermal,65.718
1780554587.0063016,,,tj-thermal,68.062
1780554587.1118822,VDD_IN,8856.0,,
1780554587.1118822,VDD_CPU_GPU_CV,3491.648,,
1780554587.1118822,VDD_SOC,2007.36,,
1780554587.1118822,,,cpu-thermal,67.156
1780554587.1118822,,,gpu-thermal,67.781
1780554587.1118822,,,soc0-thermal,65.593
1780554587.1118822,,,soc1-thermal,64.687
1780554587.1118822,,,soc2-thermal,65.812
1780554587.1118822,,,tj-thermal,67.781
1780554587.2177763,VDD_IN,8816.64,,
1780554587.2177763,VDD_CPU_GPU_CV,3491.648,,
1780554587.2177763,VDD_SOC,2007.36,,
1780554587.2177763,,,cpu-thermal,67.093
1780554587.2177763,,,gpu-thermal,68.187
1780554587.2177763,,,soc0-thermal,65.531
1780554587.2177763,,,soc1-thermal,64.75
1780554587.2177763,,,soc2-thermal,65.781
1780554587.2177763,,,tj-thermal,68.187
1780554587.3234184,VDD_IN,8816.64,,
1780554587.3234184,VDD_CPU_GPU_CV,3491.648,,
1780554587.3234184,VDD_SOC,2007.36,,
1780554587.3234184,,,cpu-thermal,67.281
1780554587.3234184,,,gpu-thermal,68.156
1780554587.3234184,,,soc0-thermal,65.437
1780554587.3234184,,,soc1-thermal,64.781
1780554587.3234184,,,soc2-thermal,65.75
1780554587.3234184,,,tj-thermal,68.156
1780554587.4298222,VDD_IN,8777.28,,
1780554587.4298222,VDD_CPU_GPU_CV,3452.416,,
1780554587.4298222,VDD_SOC,2007.36,,
1780554587.4298222,,,cpu-thermal,67.093
1780554587.4298222,,,gpu-thermal,67.906
1780554587.4298222,,,soc0-thermal,65.531
1780554587.4298222,,,soc1-thermal,64.937
1780554587.4298222,,,soc2-thermal,65.75
1780554587.4298222,,,tj-thermal,67.906
1780554587.535579,VDD_IN,8737.92,,
1780554587.535579,VDD_CPU_GPU_CV,3452.416,,
1780554587.535579,VDD_SOC,2004.096,,
1780554587.535579,,,cpu-thermal,67.031
1780554587.535579,,,gpu-thermal,67.906
1780554587.535579,,,soc0-thermal,65.562
1780554587.535579,,,soc1-thermal,64.812
1780554587.535579,,,soc2-thermal,65.812
1780554587.535579,,,tj-thermal,67.906
1780554587.6411793,VDD_IN,8698.56,,
1780554587.6411793,VDD_CPU_GPU_CV,3452.416,,
1780554587.6411793,VDD_SOC,2004.096,,
1780554587.6411793,,,cpu-thermal,67.25
1780554587.6411793,,,gpu-thermal,68.031
1780554587.6411793,,,soc0-thermal,65.562
1780554587.6411793,,,soc1-thermal,64.812
1780554587.6411793,,,soc2-thermal,65.75
1780554587.6411793,,,tj-thermal,67.843
1780554587.7468832,VDD_IN,8698.56,,
1780554587.7468832,VDD_CPU_GPU_CV,3413.184,,
1780554587.7468832,VDD_SOC,2004.096,,
1780554587.7468832,,,cpu-thermal,67.093
1780554587.7468832,,,gpu-thermal,67.906
1780554587.7468832,,,soc0-thermal,65.593
1780554587.7468832,,,soc1-thermal,64.937
1780554587.7468832,,,soc2-thermal,65.843
1780554587.7468832,,,tj-thermal,68.187
1780554587.8529644,VDD_IN,8777.28,,
1780554587.8529644,VDD_CPU_GPU_CV,3491.648,,
1780554587.8529644,VDD_SOC,2007.36,,
1780554587.8529644,,,cpu-thermal,67.312
1780554587.8529644,,,gpu-thermal,68.031
1780554587.8529644,,,soc0-thermal,65.593
1780554587.8529644,,,soc1-thermal,64.75
1780554587.8529644,,,soc2-thermal,65.812
1780554587.8529644,,,tj-thermal,68.031
1780554587.958603,VDD_IN,8856.0,,
1780554587.958603,VDD_CPU_GPU_CV,3530.88,,
1780554587.958603,VDD_SOC,2007.36,,
1780554587.958603,,,cpu-thermal,67.5
1780554587.958603,,,gpu-thermal,67.968
1780554587.958603,,,soc0-thermal,65.531
1780554587.958603,,,soc1-thermal,64.812
1780554587.958603,,,soc2-thermal,65.656
1780554587.958603,,,tj-thermal,67.968
1780554588.064103,VDD_IN,8856.0,,
1780554588.064103,VDD_CPU_GPU_CV,3530.88,,
1780554588.064103,VDD_SOC,2007.36,,
1780554588.064103,,,cpu-thermal,67.062
1780554588.064103,,,gpu-thermal,68.218
1780554588.064103,,,soc0-thermal,65.593
1780554588.064103,,,soc1-thermal,64.906
1780554588.064103,,,soc2-thermal,65.75
1780554588.064103,,,tj-thermal,68.218
1780554588.1698434,VDD_IN,8816.64,,
1780554588.1698434,VDD_CPU_GPU_CV,3491.648,,
1780554588.1698434,VDD_SOC,2007.36,,
1780554588.1698434,,,cpu-thermal,67.25
1780554588.1698434,,,gpu-thermal,67.906
1780554588.1698434,,,soc0-thermal,65.593
1780554588.1698434,,,soc1-thermal,64.968
1780554588.1698434,,,soc2-thermal,65.781
1780554588.1698434,,,tj-thermal,68.031
1780554588.2756684,VDD_IN,8737.92,,
1780554588.2756684,VDD_CPU_GPU_CV,3452.416,,
1780554588.2756684,VDD_SOC,2007.36,,
1780554588.2756684,,,cpu-thermal,67.343
1780554588.2756684,,,gpu-thermal,67.937
1780554588.2756684,,,soc0-thermal,65.687
1780554588.2756684,,,soc1-thermal,64.843
1780554588.2756684,,,soc2-thermal,65.875
1780554588.2756684,,,tj-thermal,68.031
1780554588.3820806,VDD_IN,8659.2,,
1780554588.3820806,VDD_CPU_GPU_CV,3413.184,,
1780554588.3820806,VDD_SOC,1968.0,,
1780554588.3820806,,,cpu-thermal,67.468
1780554588.3820806,,,gpu-thermal,68.062
1780554588.3820806,,,soc0-thermal,65.562
1780554588.3820806,,,soc1-thermal,64.812
1780554588.3820806,,,soc2-thermal,65.75
1780554588.3820806,,,tj-thermal,67.968
1780554588.4877234,VDD_IN,8580.48,,
1780554588.4877234,VDD_CPU_GPU_CV,3373.952,,
1780554588.4877234,VDD_SOC,1964.8,,
1780554588.4877234,,,cpu-thermal,67.281
1780554588.4877234,,,gpu-thermal,68.125
1780554588.4877234,,,soc0-thermal,65.625
1780554588.4877234,,,soc1-thermal,64.937
1780554588.4877234,,,soc2-thermal,65.812
1780554588.4877234,,,tj-thermal,68.125
1780554588.59328,VDD_IN,8580.48,,
1780554588.59328,VDD_CPU_GPU_CV,3373.952,,
1780554588.59328,VDD_SOC,1964.8,,
1780554588.59328,,,cpu-thermal,67.343
1780554588.59328,,,gpu-thermal,68.062
1780554588.59328,,,soc0-thermal,65.625
1780554588.59328,,,soc1-thermal,65.0
1780554588.59328,,,soc2-thermal,65.843
1780554588.59328,,,tj-thermal,68.062
1780554588.6992998,VDD_IN,8580.48,,
1780554588.6992998,VDD_CPU_GPU_CV,3373.952,,
1780554588.6992998,VDD_SOC,1964.8,,
1780554588.6992998,,,cpu-thermal,67.312
1780554588.6992998,,,gpu-thermal,67.937
1780554588.6992998,,,soc0-thermal,65.562
1780554588.6992998,,,soc1-thermal,64.906
1780554588.6992998,,,soc2-thermal,65.812
1780554588.6992998,,,tj-thermal,67.937
1780554588.8052166,VDD_IN,8619.84,,
1780554588.8052166,VDD_CPU_GPU_CV,3373.952,,
1780554588.8052166,VDD_SOC,1964.8,,
1780554588.8052166,,,cpu-thermal,67.156
1780554588.8052166,,,gpu-thermal,67.968
1780554588.8052166,,,soc0-thermal,65.593
1780554588.8052166,,,soc1-thermal,64.906
1780554588.8052166,,,soc2-thermal,65.781
1780554588.8052166,,,tj-thermal,67.968
1780554588.9106302,VDD_IN,8737.92,,
1780554588.9106302,VDD_CPU_GPU_CV,3452.416,,
1780554588.9106302,VDD_SOC,2007.36,,
1780554588.9106302,,,cpu-thermal,67.125
1780554588.9106302,,,gpu-thermal,68.125
1780554588.9106302,,,soc0-thermal,65.593
1780554588.9106302,,,soc1-thermal,64.937
1780554588.9106302,,,soc2-thermal,65.843
1780554588.9106302,,,tj-thermal,68.375
1780554589.0160484,VDD_IN,8816.64,,
1780554589.0160484,VDD_CPU_GPU_CV,3497.344,,
1780554589.0160484,VDD_SOC,2007.36,,
1780554589.0160484,,,cpu-thermal,67.218
1780554589.0160484,,,gpu-thermal,68.156
1780554589.0160484,,,soc0-thermal,65.718
1780554589.0160484,,,soc1-thermal,64.875
1780554589.0160484,,,soc2-thermal,65.968
1780554589.0160484,,,tj-thermal,68.156
1780554589.1215951,VDD_IN,8777.28,,
1780554589.1215951,VDD_CPU_GPU_CV,3452.416,,
1780554589.1215951,VDD_SOC,2007.36,,
1780554589.1215951,,,cpu-thermal,67.187
1780554589.1215951,,,gpu-thermal,68.0
1780554589.1215951,,,soc0-thermal,65.5
1780554589.1215951,,,soc1-thermal,64.875
1780554589.1215951,,,soc2-thermal,65.875
1780554589.1215951,,,tj-thermal,68.0
1780554589.2269971,VDD_IN,8659.2,,
1780554589.2269971,VDD_CPU_GPU_CV,3413.184,,
1780554589.2269971,VDD_SOC,2007.36,,
1780554589.2269971,,,cpu-thermal,67.156
1780554589.2269971,,,gpu-thermal,68.281
1780554589.2269971,,,soc0-thermal,65.593
1780554589.2269971,,,soc1-thermal,65.031
1780554589.2269971,,,soc2-thermal,65.843
1780554589.2269971,,,tj-thermal,68.281
1780554589.333347,VDD_IN,8659.2,,
1780554589.333347,VDD_CPU_GPU_CV,3373.952,,
1780554589.333347,VDD_SOC,1968.0,,
1780554589.333347,,,cpu-thermal,67.312
1780554589.333347,,,gpu-thermal,68.187
1780554589.333347,,,soc0-thermal,65.625
1780554589.333347,,,soc1-thermal,65.031
1780554589.333347,,,soc2-thermal,65.875
1780554589.333347,,,tj-thermal,68.187
1780554589.4394388,VDD_IN,8619.84,,
1780554589.4394388,VDD_CPU_GPU_CV,3334.72,,
1780554589.4394388,VDD_SOC,1968.0,,
1780554589.4394388,,,cpu-thermal,67.281
1780554589.4394388,,,gpu-thermal,68.156
1780554589.4394388,,,soc0-thermal,65.718
1780554589.4394388,,,soc1-thermal,64.906
1780554589.4394388,,,soc2-thermal,65.843
1780554589.4394388,,,tj-thermal,68.156
1780554589.5456326,VDD_IN,8580.48,,
1780554589.5456326,VDD_CPU_GPU_CV,3334.72,,
1780554589.5456326,VDD_SOC,1964.8,,
1780554589.5456326,,,cpu-thermal,67.125
1780554589.5456326,,,gpu-thermal,67.906
1780554589.5456326,,,soc0-thermal,65.531
1780554589.5456326,,,soc1-thermal,64.968
1780554589.5456326,,,soc2-thermal,65.781
1780554589.5456326,,,tj-thermal,67.906
1780554589.651312,VDD_IN,8541.12,,
1780554589.651312,VDD_CPU_GPU_CV,3334.72,,
1780554589.651312,VDD_SOC,1964.8,,
1780554589.651312,,,cpu-thermal,67.218
1780554589.651312,,,gpu-thermal,68.156
1780554589.651312,,,soc0-thermal,65.593
1780554589.651312,,,soc1-thermal,65.125
1780554589.651312,,,soc2-thermal,65.906
1780554589.651312,,,tj-thermal,67.937
1780554589.756956,VDD_IN,8501.76,,
1780554589.756956,VDD_CPU_GPU_CV,3295.488,,
1780554589.756956,VDD_SOC,1964.8,,
1780554589.756956,,,cpu-thermal,67.437
1780554589.756956,,,gpu-thermal,68.125
1780554589.756956,,,soc0-thermal,65.718
1780554589.756956,,,soc1-thermal,64.937
1780554589.756956,,,soc2-thermal,65.875
1780554589.756956,,,tj-thermal,68.125
1780554589.8629065,VDD_IN,8659.2,,
1780554589.8629065,VDD_CPU_GPU_CV,3373.952,,
1780554589.8629065,VDD_SOC,1968.0,,
1780554589.8629065,,,cpu-thermal,67.5
1780554589.8629065,,,gpu-thermal,68.125
1780554589.8629065,,,soc0-thermal,65.625
1780554589.8629065,,,soc1-thermal,64.968
1780554589.8629065,,,soc2-thermal,65.875
1780554589.8629065,,,tj-thermal,68.125
1780554589.968665,VDD_IN,8777.28,,
1780554589.968665,VDD_CPU_GPU_CV,3458.048,,
1780554589.968665,VDD_SOC,2007.36,,
1780554589.968665,,,cpu-thermal,67.187
1780554589.968665,,,gpu-thermal,68.156
1780554589.968665,,,soc0-thermal,65.656
1780554589.968665,,,soc1-thermal,65.031
1780554589.968665,,,soc2-thermal,65.843
1780554589.968665,,,tj-thermal,68.156
1780554590.0740657,VDD_IN,8777.28,,
1780554590.0740657,VDD_CPU_GPU_CV,3452.416,,
1780554590.0740657,VDD_SOC,2007.36,,
1780554590.0740657,,,cpu-thermal,67.343
1780554590.0740657,,,gpu-thermal,68.437
1780554590.0740657,,,soc0-thermal,65.687
1780554590.0740657,,,soc1-thermal,64.968
1780554590.0740657,,,soc2-thermal,65.937
1780554590.0740657,,,tj-thermal,68.437
1780554590.1798196,VDD_IN,8777.28,,
1780554590.1798196,VDD_CPU_GPU_CV,3452.416,,
1780554590.1798196,VDD_SOC,2007.36,,
1780554590.1798196,,,cpu-thermal,67.437
1780554590.1798196,,,gpu-thermal,68.062
1780554590.1798196,,,soc0-thermal,65.781
1780554590.1798196,,,soc1-thermal,65.0
1780554590.1798196,,,soc2-thermal,65.937
1780554590.1798196,,,tj-thermal,68.218
1780554590.2857006,VDD_IN,8737.92,,
1780554590.2857006,VDD_CPU_GPU_CV,3452.416,,
1780554590.2857006,VDD_SOC,2007.36,,
1780554590.2857006,,,cpu-thermal,67.625
1780554590.2857006,,,gpu-thermal,68.031
1780554590.2857006,,,soc0-thermal,65.656
1780554590.2857006,,,soc1-thermal,64.875
1780554590.2857006,,,soc2-thermal,65.906
1780554590.2857006,,,tj-thermal,68.125
1780554590.3913512,VDD_IN,8698.56,,
1780554590.3913512,VDD_CPU_GPU_CV,3413.184,,
1780554590.3913512,VDD_SOC,2007.36,,
1780554590.3913512,,,cpu-thermal,67.343
1780554590.3913512,,,gpu-thermal,68.406
1780554590.3913512,,,soc0-thermal,65.718
1780554590.3913512,,,soc1-thermal,64.968
1780554590.3913512,,,soc2-thermal,65.906
1780554590.3913512,,,tj-thermal,68.406
1780554590.4969385,VDD_IN,8698.56,,
1780554590.4969385,VDD_CPU_GPU_CV,3413.184,,
1780554590.4969385,VDD_SOC,2007.36,,
1780554590.4969385,,,cpu-thermal,67.375
1780554590.4969385,,,gpu-thermal,68.187
1780554590.4969385,,,soc0-thermal,65.75
1780554590.4969385,,,soc1-thermal,65.125
1780554590.4969385,,,soc2-thermal,65.937
1780554590.4969385,,,tj-thermal,68.187
1780554590.602862,VDD_IN,8698.56,,
1780554590.602862,VDD_CPU_GPU_CV,3413.184,,
1780554590.602862,VDD_SOC,2004.096,,
1780554590.602862,,,cpu-thermal,67.468
1780554590.602862,,,gpu-thermal,68.187
1780554590.602862,,,soc0-thermal,65.687
1780554590.602862,,,soc1-thermal,64.906
1780554590.602862,,,soc2-thermal,65.968
1780554590.602862,,,tj-thermal,68.187
1780554590.7084162,VDD_IN,8698.56,,
1780554590.7084162,VDD_CPU_GPU_CV,3373.952,,
1780554590.7084162,VDD_SOC,1964.8,,
1780554590.7084162,,,cpu-thermal,67.25
1780554590.7084162,,,gpu-thermal,68.093
1780554590.7084162,,,soc0-thermal,65.625
1780554590.7084162,,,soc1-thermal,64.968
1780554590.7084162,,,soc2-thermal,65.906
1780554590.7084162,,,tj-thermal,68.093
1780554590.814017,VDD_IN,8737.92,,
1780554590.814017,VDD_CPU_GPU_CV,3413.184,,
1780554590.814017,VDD_SOC,2004.096,,
1780554590.814017,,,cpu-thermal,67.25
1780554590.814017,,,gpu-thermal,68.187
1780554590.814017,,,soc0-thermal,65.781
1780554590.814017,,,soc1-thermal,65.062
1780554590.814017,,,soc2-thermal,65.937
1780554590.814017,,,tj-thermal,68.187
1780554590.919581,VDD_IN,8816.64,,
1780554590.919581,VDD_CPU_GPU_CV,3491.648,,
1780554590.919581,VDD_SOC,2007.36,,
1780554590.919581,,,cpu-thermal,67.312
1780554590.919581,,,gpu-thermal,68.187
1780554590.919581,,,soc0-thermal,65.812
1780554590.919581,,,soc1-thermal,64.906
1780554590.919581,,,soc2-thermal,66.0
1780554590.919581,,,tj-thermal,68.187
1780554591.0254128,VDD_IN,8856.0,,
1780554591.0254128,VDD_CPU_GPU_CV,3491.648,,
1780554591.0254128,VDD_SOC,2007.36,,
1780554591.0254128,,,cpu-thermal,67.25
1780554591.0254128,,,gpu-thermal,68.187
1780554591.0254128,,,soc0-thermal,65.687
1780554591.0254128,,,soc1-thermal,65.031
1780554591.0254128,,,soc2-thermal,65.843
1780554591.0254128,,,tj-thermal,68.187
1780554591.1310344,VDD_IN,8816.64,,
1780554591.1310344,VDD_CPU_GPU_CV,3491.648,,
1780554591.1310344,VDD_SOC,2007.36,,
1780554591.1310344,,,cpu-thermal,67.375
1780554591.1310344,,,gpu-thermal,68.125
1780554591.1310344,,,soc0-thermal,65.75
1780554591.1310344,,,soc1-thermal,65.0
1780554591.1310344,,,soc2-thermal,65.906
1780554591.1310344,,,tj-thermal,68.125
1780554591.236996,VDD_IN,8737.92,,
1780554591.236996,VDD_CPU_GPU_CV,3452.416,,
1780554591.236996,VDD_SOC,2007.36,,
1780554591.236996,,,cpu-thermal,67.343
1780554591.236996,,,gpu-thermal,68.312
1780554591.236996,,,soc0-thermal,65.718
1780554591.236996,,,soc1-thermal,65.093
1780554591.236996,,,soc2-thermal,65.906
1780554591.236996,,,tj-thermal,68.312
1780554591.342535,VDD_IN,8737.92,,
1780554591.342535,VDD_CPU_GPU_CV,3413.184,,
1780554591.342535,VDD_SOC,2007.36,,
1780554591.342535,,,cpu-thermal,67.218
1780554591.342535,,,gpu-thermal,68.156
1780554591.342535,,,soc0-thermal,65.843
1780554591.342535,,,soc1-thermal,65.031
1780554591.342535,,,soc2-thermal,66.062
1780554591.342535,,,tj-thermal,68.312
1780554591.4482863,VDD_IN,8737.92,,
1780554591.4482863,VDD_CPU_GPU_CV,3413.184,,
1780554591.4482863,VDD_SOC,2004.096,,
1780554591.4482863,,,cpu-thermal,67.312
1780554591.4482863,,,gpu-thermal,68.125
1780554591.4482863,,,soc0-thermal,65.656
1780554591.4482863,,,soc1-thermal,64.968
1780554591.4482863,,,soc2-thermal,65.968
1780554591.4482863,,,tj-thermal,68.218
1780554591.5540447,VDD_IN,8698.56,,
1780554591.5540447,VDD_CPU_GPU_CV,3413.184,,
1780554591.5540447,VDD_SOC,1964.8,,
1780554591.5540447,,,cpu-thermal,67.312
1780554591.5540447,,,gpu-thermal,68.406
1780554591.5540447,,,soc0-thermal,65.687
1780554591.5540447,,,soc1-thermal,65.031
1780554591.5540447,,,soc2-thermal,65.906
1780554591.5540447,,,tj-thermal,68.406
1780554591.6597383,VDD_IN,8659.2,,
1780554591.6597383,VDD_CPU_GPU_CV,3413.184,,
1780554591.6597383,VDD_SOC,1964.8,,
1780554591.6597383,,,cpu-thermal,67.5
1780554591.6597383,,,gpu-thermal,68.25
1780554591.6597383,,,soc0-thermal,65.781
1780554591.6597383,,,soc1-thermal,65.218
1780554591.6597383,,,soc2-thermal,66.031
1780554591.6597383,,,tj-thermal,68.25
1780554591.7657583,VDD_IN,8659.2,,
1780554591.7657583,VDD_CPU_GPU_CV,3413.184,,
1780554591.7657583,VDD_SOC,1964.8,,
1780554591.7657583,,,cpu-thermal,67.687
1780554591.7657583,,,gpu-thermal,68.187
1780554591.7657583,,,soc0-thermal,65.687
1780554591.7657583,,,soc1-thermal,64.968
1780554591.7657583,,,soc2-thermal,65.906
1780554591.7657583,,,tj-thermal,68.187
1780554591.8713825,VDD_IN,8777.28,,
1780554591.8713825,VDD_CPU_GPU_CV,3452.416,,
1780554591.8713825,VDD_SOC,2007.36,,
1780554591.8713825,,,cpu-thermal,67.187
1780554591.8713825,,,gpu-thermal,68.187
1780554591.8713825,,,soc0-thermal,65.781
1780554591.8713825,,,soc1-thermal,65.0
1780554591.8713825,,,soc2-thermal,65.906
1780554591.8713825,,,tj-thermal,68.187
1780554591.9768445,VDD_IN,8856.0,,
1780554591.9768445,VDD_CPU_GPU_CV,3530.88,,
1780554591.9768445,VDD_SOC,2007.36,,
1780554591.9768445,,,cpu-thermal,67.468
1780554591.9768445,,,gpu-thermal,68.375
1780554591.9768445,,,soc0-thermal,65.718
1780554591.9768445,,,soc1-thermal,65.125
1780554591.9768445,,,soc2-thermal,65.968
1780554591.9768445,,,tj-thermal,68.187
1780554592.0828784,VDD_IN,8816.64,,
1780554592.0828784,VDD_CPU_GPU_CV,3491.648,,
1780554592.0828784,VDD_SOC,2007.36,,
1780554592.0828784,,,cpu-thermal,67.562
1780554592.0828784,,,gpu-thermal,68.187
1780554592.0828784,,,soc0-thermal,65.875
1780554592.0828784,,,soc1-thermal,64.968
1780554592.0828784,,,soc2-thermal,66.093
1780554592.0828784,,,tj-thermal,68.468
1780554592.18873,VDD_IN,8816.64,,
1780554592.18873,VDD_CPU_GPU_CV,3491.648,,
1780554592.18873,VDD_SOC,2007.36,,
1780554592.18873,,,cpu-thermal,67.656
1780554592.18873,,,gpu-thermal,68.125
1780554592.18873,,,soc0-thermal,65.781
1780554592.18873,,,soc1-thermal,65.031
1780554592.18873,,,soc2-thermal,65.968
1780554592.18873,,,tj-thermal,68.125
1780554592.2943099,VDD_IN,8737.92,,
1780554592.2943099,VDD_CPU_GPU_CV,3452.416,,
1780554592.2943099,VDD_SOC,2004.096,,
1780554592.2943099,,,cpu-thermal,67.5
1780554592.2943099,,,gpu-thermal,68.156
1780554592.2943099,,,soc0-thermal,65.812
1780554592.2943099,,,soc1-thermal,65.156
1780554592.2943099,,,soc2-thermal,66.0
1780554592.2943099,,,tj-thermal,68.156
1780554592.4003522,VDD_IN,8737.92,,
1780554592.4003522,VDD_CPU_GPU_CV,3413.184,,
1780554592.4003522,VDD_SOC,2004.096,,
1780554592.4003522,,,cpu-thermal,67.468
1780554592.4003522,,,gpu-thermal,68.437
1780554592.4003522,,,soc0-thermal,65.843
1780554592.4003522,,,soc1-thermal,65.218
1780554592.4003522,,,soc2-thermal,66.125
1780554592.4003522,,,tj-thermal,68.437
1780554592.5059981,VDD_IN,8698.56,,
1780554592.5059981,VDD_CPU_GPU_CV,3413.184,,
1780554592.5059981,VDD_SOC,2004.096,,
1780554592.5059981,,,cpu-thermal,67.562
1780554592.5059981,,,gpu-thermal,68.375
1780554592.5059981,,,soc0-thermal,65.718
1780554592.5059981,,,soc1-thermal,65.031
1780554592.5059981,,,soc2-thermal,66.062
1780554592.5059981,,,tj-thermal,68.375
1780554592.6116478,VDD_IN,8698.56,,
1780554592.6116478,VDD_CPU_GPU_CV,3413.184,,
1780554592.6116478,VDD_SOC,2004.096,,
1780554592.6116478,,,cpu-thermal,67.437
1780554592.6116478,,,gpu-thermal,68.093
1780554592.6116478,,,soc0-thermal,65.718
1780554592.6116478,,,soc1-thermal,65.093
1780554592.6116478,,,soc2-thermal,65.968
1780554592.6116478,,,tj-thermal,68.25
1780554592.717821,VDD_IN,8659.2,,
1780554592.717821,VDD_CPU_GPU_CV,3413.184,,
1780554592.717821,VDD_SOC,2004.096,,
1780554592.717821,,,cpu-thermal,67.406
1780554592.717821,,,gpu-thermal,68.406
1780554592.717821,,,soc0-thermal,65.875
1780554592.717821,,,soc1-thermal,65.218
1780554592.717821,,,soc2-thermal,66.0
1780554592.717821,,,tj-thermal,68.218
1780554592.8236623,VDD_IN,8737.92,,
1780554592.8236623,VDD_CPU_GPU_CV,3452.416,,
1780554592.8236623,VDD_SOC,2004.096,,
1780554592.8236623,,,cpu-thermal,67.468
1780554592.8236623,,,gpu-thermal,68.437
1780554592.8236623,,,soc0-thermal,65.812
1780554592.8236623,,,soc1-thermal,65.062
1780554592.8236623,,,soc2-thermal,66.093
1780554592.8236623,,,tj-thermal,68.437
1780554592.9293358,VDD_IN,8816.64,,
1780554592.9293358,VDD_CPU_GPU_CV,3491.648,,
1780554592.9293358,VDD_SOC,2007.36,,
1780554592.9293358,,,cpu-thermal,67.343
1780554592.9293358,,,gpu-thermal,68.312
1780554592.9293358,,,soc0-thermal,65.718
1780554592.9293358,,,soc1-thermal,65.093
1780554592.9293358,,,soc2-thermal,66.062
1780554592.9293358,,,tj-thermal,68.312
1780554593.0352843,VDD_IN,8856.0,,
1780554593.0352843,VDD_CPU_GPU_CV,3530.88,,
1780554593.0352843,VDD_SOC,2007.36,,
1780554593.0352843,,,cpu-thermal,67.437
1780554593.0352843,,,gpu-thermal,68.312
1780554593.0352843,,,soc0-thermal,65.781
1780554593.0352843,,,soc1-thermal,65.031
1780554593.0352843,,,soc2-thermal,66.062
1780554593.0352843,,,tj-thermal,68.312
1780554593.1413417,VDD_IN,8816.64,,
1780554593.1413417,VDD_CPU_GPU_CV,3491.648,,
1780554593.1413417,VDD_SOC,2007.36,,
1780554593.1413417,,,cpu-thermal,67.468
1780554593.1413417,,,gpu-thermal,68.187
1780554593.1413417,,,soc0-thermal,65.875
1780554593.1413417,,,soc1-thermal,65.062
1780554593.1413417,,,soc2-thermal,66.062
1780554593.1413417,,,tj-thermal,68.187
1780554593.2471356,VDD_IN,8737.92,,
1780554593.2471356,VDD_CPU_GPU_CV,3452.416,,
1780554593.2471356,VDD_SOC,2004.096,,
1780554593.2471356,,,cpu-thermal,67.781
1780554593.2471356,,,gpu-thermal,68.468
1780554593.2471356,,,soc0-thermal,65.968
1780554593.2471356,,,soc1-thermal,65.062
1780554593.2471356,,,soc2-thermal,66.031
1780554593.2471356,,,tj-thermal,68.468
1780554593.352988,VDD_IN,8737.92,,
1780554593.352988,VDD_CPU_GPU_CV,3452.416,,
1780554593.352988,VDD_SOC,2004.096,,
1780554593.352988,,,cpu-thermal,67.468
1780554593.352988,,,gpu-thermal,68.343
1780554593.352988,,,soc0-thermal,65.781
1780554593.352988,,,soc1-thermal,65.156
1780554593.352988,,,soc2-thermal,66.031
1780554593.352988,,,tj-thermal,68.343
1780554593.458978,VDD_IN,8737.92,,
1780554593.458978,VDD_CPU_GPU_CV,3452.416,,
1780554593.458978,VDD_SOC,2004.096,,
1780554593.458978,,,cpu-thermal,67.468
1780554593.458978,,,gpu-thermal,68.187
1780554593.458978,,,soc0-thermal,65.843
1780554593.458978,,,soc1-thermal,65.25
1780554593.458978,,,soc2-thermal,66.156
1780554593.458978,,,tj-thermal,68.312
1780554593.5644355,VDD_IN,8737.92,,
1780554593.5644355,VDD_CPU_GPU_CV,3452.416,,
1780554593.5644355,VDD_SOC,2004.096,,
1780554593.5644355,,,cpu-thermal,67.593
1780554593.5644355,,,gpu-thermal,68.562
1780554593.5644355,,,soc0-thermal,65.968
1780554593.5644355,,,soc1-thermal,65.031
1780554593.5644355,,,soc2-thermal,66.218
1780554593.5644355,,,tj-thermal,68.562
1780554593.6700523,VDD_IN,8698.56,,
1780554593.6700523,VDD_CPU_GPU_CV,3413.184,,
1780554593.6700523,VDD_SOC,2004.096,,
1780554593.6700523,,,cpu-thermal,67.781
1780554593.6700523,,,gpu-thermal,68.375
1780554593.6700523,,,soc0-thermal,65.75
1780554593.6700523,,,soc1-thermal,65.156
1780554593.6700523,,,soc2-thermal,66.093
1780554593.6700523,,,tj-thermal,68.375
1780554593.7759504,VDD_IN,8659.2,,
1780554593.7759504,VDD_CPU_GPU_CV,3373.952,,
1780554593.7759504,VDD_SOC,2004.096,,
1780554593.7759504,,,cpu-thermal,67.375
1780554593.7759504,,,gpu-thermal,68.375
1780554593.7759504,,,soc0-thermal,65.843
1780554593.7759504,,,soc1-thermal,65.218
1780554593.7759504,,,soc2-thermal,66.093
1780554593.7759504,,,tj-thermal,68.375
