t,rail,mW,zone,C
1780555028.4239202,VDD_IN,5047.488,,
1780555028.4239202,VDD_CPU_GPU_CV,1230.08,,
1780555028.4239202,VDD_SOC,1470.528,,
1780555028.4239202,,,cpu-thermal,52.812
1780555028.4239202,,,gpu-thermal,53.187
1780555028.4239202,,,soc0-thermal,51.375
1780555028.4239202,,,soc1-thermal,50.937
1780555028.4239202,,,soc2-thermal,50.906
1780555028.4239202,,,tj-thermal,53.187
1780555028.52971,VDD_IN,5039.36,,
1780555028.52971,VDD_CPU_GPU_CV,1228.096,,
1780555028.52971,VDD_SOC,1468.16,,
1780555028.52971,,,cpu-thermal,52.875
1780555028.52971,,,gpu-thermal,53.406
1780555028.52971,,,soc0-thermal,51.437
1780555028.52971,,,soc1-thermal,50.968
1780555028.52971,,,soc2-thermal,50.937
1780555028.52971,,,tj-thermal,53.125
1780555028.6353545,VDD_IN,5031.232,,
1780555028.6353545,VDD_CPU_GPU_CV,1226.112,,
1780555028.6353545,VDD_SOC,1465.792,,
1780555028.6353545,,,cpu-thermal,52.906
1780555028.6353545,,,gpu-thermal,53.281
1780555028.6353545,,,soc0-thermal,51.5
1780555028.6353545,,,soc1-thermal,50.843
1780555028.6353545,,,soc2-thermal,51.062
1780555028.6353545,,,tj-thermal,53.0
1780555028.7412302,VDD_IN,5023.104,,
1780555028.7412302,VDD_CPU_GPU_CV,1226.112,,
1780555028.7412302,VDD_SOC,1463.424,,
1780555028.7412302,,,cpu-thermal,53.0
1780555028.7412302,,,gpu-thermal,53.156
1780555028.7412302,,,soc0-thermal,51.375
1780555028.7412302,,,soc1-thermal,50.843
1780555028.7412302,,,soc2-thermal,50.875
1780555028.7412302,,,tj-thermal,53.156
1780555028.8468947,VDD_IN,4952.0,,
1780555028.8468947,VDD_CPU_GPU_CV,1186.56,,
1780555028.8468947,VDD_SOC,1465.792,,
1780555028.8468947,,,cpu-thermal,52.75
1780555028.8468947,,,gpu-thermal,53.031
1780555028.8468947,,,soc0-thermal,51.375
1780555028.8468947,,,soc1-thermal,50.968
1780555028.8468947,,,soc2-thermal,50.937
1780555028.8468947,,,tj-thermal,53.031
1780555028.9524817,VDD_IN,4912.384,,
1780555028.9524817,VDD_CPU_GPU_CV,1109.248,,
1780555028.9524817,VDD_SOC,1465.792,,
1780555028.9524817,,,cpu-thermal,52.812
1780555028.9524817,,,gpu-thermal,53.031
1780555028.9524817,,,soc0-thermal,51.375
1780555028.9524817,,,soc1-thermal,51.0
1780555028.9524817,,,soc2-thermal,50.906
1780555028.9524817,,,tj-thermal,53.031
1780555029.0576491,VDD_IN,4920.32,,
1780555029.0576491,VDD_CPU_GPU_CV,1109.248,,
1780555029.0576491,VDD_SOC,1468.16,,
1780555029.0576491,,,cpu-thermal,52.875
1780555029.0576491,,,gpu-thermal,53.156
1780555029.0576491,,,soc0-thermal,51.5
1780555029.0576491,,,soc1-thermal,50.812
1780555029.0576491,,,soc2-thermal,50.968
1780555029.0576491,,,tj-thermal,53.531
1780555029.1632614,VDD_IN,4920.32,,
1780555029.1632614,VDD_CPU_GPU_CV,1148.864,,
1780555029.1632614,VDD_SOC,1468.16,,
1780555029.1632614,,,cpu-thermal,52.906
1780555029.1632614,,,gpu-thermal,53.093
1780555029.1632614,,,soc0-thermal,51.281
1780555029.1632614,,,soc1-thermal,50.843
1780555029.1632614,,,soc2-thermal,50.875
1780555029.1632614,,,tj-thermal,53.093
1780555029.2690198,VDD_IN,4960.0,,
1780555029.2690198,VDD_CPU_GPU_CV,1148.864,,
1780555029.2690198,VDD_SOC,1468.16,,
1780555029.2690198,,,cpu-thermal,52.718
1780555029.2690198,,,gpu-thermal,52.968
1780555029.2690198,,,soc0-thermal,51.375
1780555029.2690198,,,soc1-thermal,51.0
1780555029.2690198,,,soc2-thermal,50.937
1780555029.2690198,,,tj-thermal,52.968
1780555029.3751378,VDD_IN,4960.0,,
1780555029.3751378,VDD_CPU_GPU_CV,1148.864,,
1780555029.3751378,VDD_SOC,1468.16,,
1780555029.3751378,,,cpu-thermal,52.718
1780555029.3751378,,,gpu-thermal,53.375
1780555029.3751378,,,soc0-thermal,51.375
1780555029.3751378,,,soc1-thermal,50.781
1780555029.3751378,,,soc2-thermal,50.906
1780555029.3751378,,,tj-thermal,53.375
1780555029.4810584,VDD_IN,4960.0,,
1780555029.4810584,VDD_CPU_GPU_CV,1188.48,,
1780555029.4810584,VDD_SOC,1468.16,,
1780555029.4810584,,,cpu-thermal,52.593
1780555029.4810584,,,gpu-thermal,53.218
1780555029.4810584,,,soc0-thermal,51.281
1780555029.4810584,,,soc1-thermal,50.75
1780555029.4810584,,,soc2-thermal,50.812
1780555029.4810584,,,tj-thermal,53.218
1780555029.5867357,VDD_IN,4960.0,,
1780555029.5867357,VDD_CPU_GPU_CV,1188.48,,
1780555029.5867357,VDD_SOC,1468.16,,
1780555029.5867357,,,cpu-thermal,52.625
1780555029.5867357,,,gpu-thermal,53.125
1780555029.5867357,,,soc0-thermal,51.281
1780555029.5867357,,,soc1-thermal,50.812
1780555029.5867357,,,soc2-thermal,50.781
1780555029.5867357,,,tj-thermal,53.125
1780555029.6926625,VDD_IN,4960.0,,
1780555029.6926625,VDD_CPU_GPU_CV,1188.48,,
1780555029.6926625,VDD_SOC,1468.16,,
1780555029.6926625,,,cpu-thermal,52.562
1780555029.6926625,,,gpu-thermal,53.062
1780555029.6926625,,,soc0-thermal,51.281
1780555029.6926625,,,soc1-thermal,50.906
1780555029.6926625,,,soc2-thermal,50.906
1780555029.6926625,,,tj-thermal,53.062
1780555029.798372,VDD_IN,4960.0,,
1780555029.798372,VDD_CPU_GPU_CV,1188.48,,
1780555029.798372,VDD_SOC,1468.16,,
1780555029.798372,,,cpu-thermal,53.0
1780555029.798372,,,gpu-thermal,53.125
1780555029.798372,,,soc0-thermal,51.312
1780555029.798372,,,soc1-thermal,50.687
1780555029.798372,,,soc2-thermal,50.843
1780555029.798372,,,tj-thermal,53.0
1780555029.9040978,VDD_IN,4888.512,,
1780555029.9040978,VDD_CPU_GPU_CV,1111.04,,
1780555029.9040978,VDD_SOC,1468.16,,
1780555029.9040978,,,cpu-thermal,52.468
1780555029.9040978,,,gpu-thermal,53.031
1780555029.9040978,,,soc0-thermal,51.218
1780555029.9040978,,,soc1-thermal,50.75
1780555029.9040978,,,soc2-thermal,50.718
1780555029.9040978,,,tj-thermal,53.031
1780555030.0093272,VDD_IN,4848.768,,
1780555030.0093272,VDD_CPU_GPU_CV,1112.832,,
1780555030.0093272,VDD_SOC,1430.784,,
1780555030.0093272,,,cpu-thermal,52.437
1780555030.0093272,,,gpu-thermal,52.968
1780555030.0093272,,,soc0-thermal,51.281
1780555030.0093272,,,soc1-thermal,50.781
1780555030.0093272,,,soc2-thermal,50.781
1780555030.0093272,,,tj-thermal,52.968
1780555030.1147382,VDD_IN,4856.576,,
1780555030.1147382,VDD_CPU_GPU_CV,1112.832,,
1780555030.1147382,VDD_SOC,1430.784,,
1780555030.1147382,,,cpu-thermal,52.468
1780555030.1147382,,,gpu-thermal,52.875
1780555030.1147382,,,soc0-thermal,51.25
1780555030.1147382,,,soc1-thermal,50.906
1780555030.1147382,,,soc2-thermal,50.781
1780555030.1147382,,,tj-thermal,52.875
1780555030.220526,VDD_IN,4896.384,,
1780555030.220526,VDD_CPU_GPU_CV,1152.576,,
1780555030.220526,VDD_SOC,1470.528,,
1780555030.220526,,,cpu-thermal,52.937
1780555030.220526,,,gpu-thermal,53.343
1780555030.220526,,,soc0-thermal,51.343
1780555030.220526,,,soc1-thermal,50.687
1780555030.220526,,,soc2-thermal,50.812
1780555030.220526,,,tj-thermal,53.343
1780555030.3265114,VDD_IN,4928.256,,
1780555030.3265114,VDD_CPU_GPU_CV,1152.576,,
1780555030.3265114,VDD_SOC,1470.528,,
1780555030.3265114,,,cpu-thermal,52.468
1780555030.3265114,,,gpu-thermal,52.843
1780555030.3265114,,,soc0-thermal,51.062
1780555030.3265114,,,soc1-thermal,50.656
1780555030.3265114,,,soc2-thermal,50.75
1780555030.3265114,,,tj-thermal,53.093
1780555030.4322636,VDD_IN,4968.0,,
1780555030.4322636,VDD_CPU_GPU_CV,1190.4,,
1780555030.4322636,VDD_SOC,1470.528,,
1780555030.4322636,,,cpu-thermal,52.375
1780555030.4322636,,,gpu-thermal,52.843
1780555030.4322636,,,soc0-thermal,51.218
1780555030.4322636,,,soc1-thermal,50.718
1780555030.4322636,,,soc2-thermal,50.718
1780555030.4322636,,,tj-thermal,52.843
1780555030.5380578,VDD_IN,4968.0,,
1780555030.5380578,VDD_CPU_GPU_CV,1192.32,,
1780555030.5380578,VDD_SOC,1470.528,,
1780555030.5380578,,,cpu-thermal,52.593
1780555030.5380578,,,gpu-thermal,53.25
1780555030.5380578,,,soc0-thermal,51.25
1780555030.5380578,,,soc1-thermal,50.625
1780555030.5380578,,,soc2-thermal,50.781
1780555030.5380578,,,tj-thermal,53.25
1780555030.643603,VDD_IN,4968.0,,
1780555030.643603,VDD_CPU_GPU_CV,1192.32,,
1780555030.643603,VDD_SOC,1470.528,,
1780555030.643603,,,cpu-thermal,52.75
1780555030.643603,,,gpu-thermal,53.093
1780555030.643603,,,soc0-thermal,51.093
1780555030.643603,,,soc1-thermal,50.625
1780555030.643603,,,soc2-thermal,50.562
1780555030.643603,,,tj-thermal,53.093
1780555030.7493696,VDD_IN,5007.744,,
1780555030.7493696,VDD_CPU_GPU_CV,1192.32,,
1780555030.7493696,VDD_SOC,1470.528,,
1780555030.7493696,,,cpu-thermal,52.843
1780555030.7493696,,,gpu-thermal,52.937
1780555030.7493696,,,soc0-thermal,51.125
1780555030.7493696,,,soc1-thermal,50.718
1780555030.7493696,,,soc2-thermal,50.718
1780555030.7493696,,,tj-thermal,52.937
1780555030.8549922,VDD_IN,4936.192,,
1780555030.8549922,VDD_CPU_GPU_CV,1192.32,,
1780555030.8549922,VDD_SOC,1433.088,,
1780555030.8549922,,,cpu-thermal,52.5
1780555030.8549922,,,gpu-thermal,53.156
1780555030.8549922,,,soc0-thermal,51.187
1780555030.8549922,,,soc1-thermal,50.687
1780555030.8549922,,,soc2-thermal,50.687
1780555030.8549922,,,tj-thermal,52.812
1780555030.9603562,VDD_IN,4896.384,,
1780555030.9603562,VDD_CPU_GPU_CV,1114.624,,
1780555030.9603562,VDD_SOC,1433.088,,
1780555030.9603562,,,cpu-thermal,52.468
1780555030.9603562,,,gpu-thermal,52.968
1780555030.9603562,,,soc0-thermal,51.156
1780555030.9603562,,,soc1-thermal,50.5
1780555030.9603562,,,soc2-thermal,50.656
1780555030.9603562,,,tj-thermal,52.968
1780555031.0655136,VDD_IN,4896.384,,
1780555031.0655136,VDD_CPU_GPU_CV,1154.432,,
1780555031.0655136,VDD_SOC,1433.088,,
1780555031.0655136,,,cpu-thermal,52.593
1780555031.0655136,,,gpu-thermal,52.937
1780555031.0655136,,,soc0-thermal,51.062
1780555031.0655136,,,soc1-thermal,50.562
1780555031.0655136,,,soc2-thermal,50.687
1780555031.0655136,,,tj-thermal,52.937
1780555031.1709623,VDD_IN,4936.192,,
1780555031.1709623,VDD_CPU_GPU_CV,1152.576,,
1780555031.1709623,VDD_SOC,1472.896,,
1780555031.1709623,,,cpu-thermal,52.437
1780555031.1709623,,,gpu-thermal,52.875
1780555031.1709623,,,soc0-thermal,51.031
1780555031.1709623,,,soc1-thermal,50.562
1780555031.1709623,,,soc2-thermal,50.718
1780555031.1709623,,,tj-thermal,52.875
1780555031.2765636,VDD_IN,4936.192,,
1780555031.2765636,VDD_CPU_GPU_CV,1152.576,,
1780555031.2765636,VDD_SOC,1472.896,,
1780555031.2765636,,,cpu-thermal,52.437
1780555031.2765636,,,gpu-thermal,52.937
1780555031.2765636,,,soc0-thermal,51.031
1780555031.2765636,,,soc1-thermal,50.687
1780555031.2765636,,,soc2-thermal,50.656
1780555031.2765636,,,tj-thermal,52.718
1780555031.382035,VDD_IN,4936.192,,
1780555031.382035,VDD_CPU_GPU_CV,1152.576,,
1780555031.382035,VDD_SOC,1472.896,,
1780555031.382035,,,cpu-thermal,52.5
1780555031.382035,,,gpu-thermal,52.687
1780555031.382035,,,soc0-thermal,51.156
1780555031.382035,,,soc1-thermal,50.468
1780555031.382035,,,soc2-thermal,50.687
1780555031.382035,,,tj-thermal,52.687
1780555031.4875789,VDD_IN,4976.0,,
1780555031.4875789,VDD_CPU_GPU_CV,1192.32,,
1780555031.4875789,VDD_SOC,1470.528,,
1780555031.4875789,,,cpu-thermal,52.5
1780555031.4875789,,,gpu-thermal,52.718
1780555031.4875789,,,soc0-thermal,50.937
1780555031.4875789,,,soc1-thermal,50.5
1780555031.4875789,,,soc2-thermal,50.593
1780555031.4875789,,,tj-thermal,52.718
1780555031.5931993,VDD_IN,4968.0,,
1780555031.5931993,VDD_CPU_GPU_CV,1192.32,,
1780555031.5931993,VDD_SOC,1470.528,,
1780555031.5931993,,,cpu-thermal,52.312
1780555031.5931993,,,gpu-thermal,52.718
1780555031.5931993,,,soc0-thermal,51.031
1780555031.5931993,,,soc1-thermal,50.656
1780555031.5931993,,,soc2-thermal,50.593
1780555031.5931993,,,tj-thermal,52.718
1780555031.698687,VDD_IN,4968.0,,
1780555031.698687,VDD_CPU_GPU_CV,1192.32,,
1780555031.698687,VDD_SOC,1470.528,,
1780555031.698687,,,cpu-thermal,52.375
1780555031.698687,,,gpu-thermal,52.718
1780555031.698687,,,soc0-thermal,51.093
1780555031.698687,,,soc1-thermal,50.718
1780555031.698687,,,soc2-thermal,50.593
1780555031.698687,,,tj-thermal,53.156
1780555031.8043106,VDD_IN,4936.192,,
1780555031.8043106,VDD_CPU_GPU_CV,1152.576,,
1780555031.8043106,VDD_SOC,1472.896,,
1780555031.8043106,,,cpu-thermal,52.343
1780555031.8043106,,,gpu-thermal,52.687
1780555031.8043106,,,soc0-thermal,51.156
1780555031.8043106,,,soc1-thermal,50.468
1780555031.8043106,,,soc2-thermal,50.687
1780555031.8043106,,,tj-thermal,52.843
1780555031.9099593,VDD_IN,4856.576,,
1780555031.9099593,VDD_CPU_GPU_CV,1112.832,,
1780555031.9099593,VDD_SOC,1433.088,,
1780555031.9099593,,,cpu-thermal,52.25
1780555031.9099593,,,gpu-thermal,52.656
1780555031.9099593,,,soc0-thermal,51.0
1780555031.9099593,,,soc1-thermal,50.5
1780555031.9099593,,,soc2-thermal,50.625
1780555031.9099593,,,tj-thermal,52.656
1780555032.0151477,VDD_IN,4864.384,,
1780555032.0151477,VDD_CPU_GPU_CV,1074.816,,
1780555032.0151477,VDD_SOC,1433.088,,
1780555032.0151477,,,cpu-thermal,52.25
1780555032.0151477,,,gpu-thermal,53.031
1780555032.0151477,,,soc0-thermal,51.031
1780555032.0151477,,,soc1-thermal,50.562
1780555032.0151477,,,soc2-thermal,50.531
1780555032.0151477,,,tj-thermal,53.031
1780555032.120721,VDD_IN,4856.576,,
1780555032.120721,VDD_CPU_GPU_CV,1114.624,,
1780555032.120721,VDD_SOC,1433.088,,
1780555032.120721,,,cpu-thermal,52.25
1780555032.120721,,,gpu-thermal,52.875
1780555032.120721,,,soc0-thermal,51.031
1780555032.120721,,,soc1-thermal,50.5
1780555032.120721,,,soc2-thermal,50.562
1780555032.120721,,,tj-thermal,52.875
1780555032.2262335,VDD_IN,4936.192,,
1780555032.2262335,VDD_CPU_GPU_CV,1152.576,,
1780555032.2262335,VDD_SOC,1472.896,,
1780555032.2262335,,,cpu-thermal,52.156
1780555032.2262335,,,gpu-thermal,52.625
1780555032.2262335,,,soc0-thermal,50.906
1780555032.2262335,,,soc1-thermal,50.531
1780555032.2262335,,,soc2-thermal,50.656
1780555032.2262335,,,tj-thermal,52.75
1780555032.3317456,VDD_IN,4936.192,,
1780555032.3317456,VDD_CPU_GPU_CV,1152.576,,
1780555032.3317456,VDD_SOC,1472.896,,
1780555032.3317456,,,cpu-thermal,52.281
1780555032.3317456,,,gpu-thermal,52.906
1780555032.3317456,,,soc0-thermal,51.0
1780555032.3317456,,,soc1-thermal,50.562
1780555032.3317456,,,soc2-thermal,50.468
1780555032.3317456,,,tj-thermal,52.906
1780555032.437282,VDD_IN,4936.192,,
1780555032.437282,VDD_CPU_GPU_CV,1152.576,,
1780555032.437282,VDD_SOC,1472.896,,
1780555032.437282,,,cpu-thermal,52.25
1780555032.437282,,,gpu-thermal,52.781
1780555032.437282,,,soc0-thermal,51.0
1780555032.437282,,,soc1-thermal,50.5
1780555032.437282,,,soc2-thermal,50.531
1780555032.437282,,,tj-thermal,52.781
1780555032.5431015,VDD_IN,4976.0,,
1780555032.5431015,VDD_CPU_GPU_CV,1152.576,,
1780555032.5431015,VDD_SOC,1472.896,,
1780555032.5431015,,,cpu-thermal,52.218
1780555032.5431015,,,gpu-thermal,52.75
1780555032.5431015,,,soc0-thermal,51.0
1780555032.5431015,,,soc1-thermal,50.437
1780555032.5431015,,,soc2-thermal,50.531
1780555032.5431015,,,tj-thermal,52.75
1780555032.6486561,VDD_IN,4976.0,,
1780555032.6486561,VDD_CPU_GPU_CV,1152.576,,
1780555032.6486561,VDD_SOC,1472.896,,
1780555032.6486561,,,cpu-thermal,52.656
1780555032.6486561,,,gpu-thermal,52.687
1780555032.6486561,,,soc0-thermal,51.031
1780555032.6486561,,,soc1-thermal,50.375
1780555032.6486561,,,soc2-thermal,50.625
1780555032.6486561,,,tj-thermal,52.687
1780555032.7543652,VDD_IN,4976.0,,
1780555032.7543652,VDD_CPU_GPU_CV,1192.32,,
1780555032.7543652,VDD_SOC,1472.896,,
1780555032.7543652,,,cpu-thermal,52.187
1780555032.7543652,,,gpu-thermal,52.781
1780555032.7543652,,,soc0-thermal,50.875
1780555032.7543652,,,soc1-thermal,50.468
1780555032.7543652,,,soc2-thermal,50.437
1780555032.7543652,,,tj-thermal,52.625
1780555032.8602307,VDD_IN,4896.384,,
1780555032.8602307,VDD_CPU_GPU_CV,1114.624,,
1780555032.8602307,VDD_SOC,1433.088,,
1780555032.8602307,,,cpu-thermal,52.187
1780555032.8602307,,,gpu-thermal,52.656
1780555032.8602307,,,soc0-thermal,50.937
1780555032.8602307,,,soc1-thermal,50.531
1780555032.8602307,,,soc2-thermal,50.593
1780555032.8602307,,,tj-thermal,52.656
1780555032.9654372,VDD_IN,4864.384,,
1780555032.9654372,VDD_CPU_GPU_CV,1074.816,,
1780555032.9654372,VDD_SOC,1435.392,,
1780555032.9654372,,,cpu-thermal,52.375
1780555032.9654372,,,gpu-thermal,52.593
1780555032.9654372,,,soc0-thermal,51.0
1780555032.9654372,,,soc1-thermal,50.593
1780555032.9654372,,,soc2-thermal,50.437
1780555032.9654372,,,tj-thermal,52.593
1780555033.070859,VDD_IN,4864.384,,
1780555033.070859,VDD_CPU_GPU_CV,1114.624,,
1780555033.070859,VDD_SOC,1433.088,,
1780555033.070859,,,cpu-thermal,52.5
1780555033.070859,,,gpu-thermal,52.593
1780555033.070859,,,soc0-thermal,50.875
1780555033.070859,,,soc1-thermal,50.406
1780555033.070859,,,soc2-thermal,50.406
1780555033.070859,,,tj-thermal,52.593
1780555033.1766887,VDD_IN,4896.384,,
1780555033.1766887,VDD_CPU_GPU_CV,1114.624,,
1780555033.1766887,VDD_SOC,1433.088,,
1780555033.1766887,,,cpu-thermal,52.125
1780555033.1766887,,,gpu-thermal,52.593
1780555033.1766887,,,soc0-thermal,50.937
1780555033.1766887,,,soc1-thermal,50.437
1780555033.1766887,,,soc2-thermal,50.406
1780555033.1766887,,,tj-thermal,52.937
1780555033.282274,VDD_IN,4936.192,,
1780555033.282274,VDD_CPU_GPU_CV,1152.576,,
1780555033.282274,VDD_SOC,1472.896,,
1780555033.282274,,,cpu-thermal,52.156
1780555033.282274,,,gpu-thermal,52.593
1780555033.282274,,,soc0-thermal,50.875
1780555033.282274,,,soc1-thermal,50.406
1780555033.282274,,,soc2-thermal,50.468
1780555033.282274,,,tj-thermal,52.781
1780555033.387998,VDD_IN,4936.192,,
1780555033.387998,VDD_CPU_GPU_CV,1152.576,,
1780555033.387998,VDD_SOC,1472.896,,
1780555033.387998,,,cpu-thermal,52.343
1780555033.387998,,,gpu-thermal,52.562
1780555033.387998,,,soc0-thermal,51.031
1780555033.387998,,,soc1-thermal,50.281
1780555033.387998,,,soc2-thermal,50.5
1780555033.387998,,,tj-thermal,52.562
1780555033.493922,VDD_IN,4936.192,,
1780555033.493922,VDD_CPU_GPU_CV,1152.576,,
1780555033.493922,VDD_SOC,1472.896,,
1780555033.493922,,,cpu-thermal,52.437
1780555033.493922,,,gpu-thermal,52.937
1780555033.493922,,,soc0-thermal,50.781
1780555033.493922,,,soc1-thermal,50.375
1780555033.493922,,,soc2-thermal,50.343
1780555033.493922,,,tj-thermal,52.937
1780555033.5995562,VDD_IN,4936.192,,
1780555033.5995562,VDD_CPU_GPU_CV,1152.576,,
1780555033.5995562,VDD_SOC,1472.896,,
1780555033.5995562,,,cpu-thermal,52.156
1780555033.5995562,,,gpu-thermal,52.75
1780555033.5995562,,,soc0-thermal,50.843
1780555033.5995562,,,soc1-thermal,50.406
1780555033.5995562,,,soc2-thermal,50.25
1780555033.5995562,,,tj-thermal,52.75
1780555033.7052565,VDD_IN,4976.0,,
1780555033.7052565,VDD_CPU_GPU_CV,1192.32,,
1780555033.7052565,VDD_SOC,1472.896,,
1780555033.7052565,,,cpu-thermal,52.25
1780555033.7052565,,,gpu-thermal,52.656
1780555033.7052565,,,soc0-thermal,50.906
1780555033.7052565,,,soc1-thermal,50.437
1780555033.7052565,,,soc2-thermal,50.468
1780555033.7052565,,,tj-thermal,52.656
1780555033.8110404,VDD_IN,4936.192,,
1780555033.8110404,VDD_CPU_GPU_CV,1152.576,,
1780555033.8110404,VDD_SOC,1472.896,,
1780555033.8110404,,,cpu-thermal,52.187
1780555033.8110404,,,gpu-thermal,52.781
1780555033.8110404,,,soc0-thermal,50.781
1780555033.8110404,,,soc1-thermal,50.312
1780555033.8110404,,,soc2-thermal,50.281
1780555033.8110404,,,tj-thermal,52.593
1780555033.9165885,VDD_IN,4864.384,,
1780555033.9165885,VDD_CPU_GPU_CV,1114.624,,
1780555033.9165885,VDD_SOC,1433.088,,
1780555033.9165885,,,cpu-thermal,52.093
1780555033.9165885,,,gpu-thermal,52.718
1780555033.9165885,,,soc0-thermal,50.875
1780555033.9165885,,,soc1-thermal,50.312
1780555033.9165885,,,soc2-thermal,50.25
1780555033.9165885,,,tj-thermal,52.718
1780555034.0217423,VDD_IN,4824.512,,
1780555034.0217423,VDD_CPU_GPU_CV,1114.624,,
1780555034.0217423,VDD_SOC,1435.392,,
1780555034.0217423,,,cpu-thermal,52.156
1780555034.0217423,,,gpu-thermal,52.656
1780555034.0217423,,,soc0-thermal,50.875
1780555034.0217423,,,soc1-thermal,50.375
1780555034.0217423,,,soc2-thermal,50.406
1780555034.0217423,,,tj-thermal,52.656
1780555034.1275663,VDD_IN,4864.384,,
1780555034.1275663,VDD_CPU_GPU_CV,1114.624,,
1780555034.1275663,VDD_SOC,1433.088,,
1780555034.1275663,,,cpu-thermal,52.156
1780555034.1275663,,,gpu-thermal,52.562
1780555034.1275663,,,soc0-thermal,50.937
1780555034.1275663,,,soc1-thermal,50.187
1780555034.1275663,,,soc2-thermal,50.343
1780555034.1275663,,,tj-thermal,52.562
1780555034.2332196,VDD_IN,4896.384,,
1780555034.2332196,VDD_CPU_GPU_CV,1154.432,,
1780555034.2332196,VDD_SOC,1433.088,,
1780555034.2332196,,,cpu-thermal,52.281
1780555034.2332196,,,gpu-thermal,52.468
1780555034.2332196,,,soc0-thermal,50.843
1780555034.2332196,,,soc1-thermal,50.25
1780555034.2332196,,,soc2-thermal,50.343
1780555034.2332196,,,tj-thermal,52.468
1780555034.3388553,VDD_IN,4936.192,,
1780555034.3388553,VDD_CPU_GPU_CV,1152.576,,
1780555034.3388553,VDD_SOC,1472.896,,
1780555034.3388553,,,cpu-thermal,52.062
1780555034.3388553,,,gpu-thermal,52.593
1780555034.3388553,,,soc0-thermal,50.718
1780555034.3388553,,,soc1-thermal,50.343
1780555034.3388553,,,soc2-thermal,50.25
1780555034.3388553,,,tj-thermal,52.875
1780555034.444669,VDD_IN,4936.192,,
1780555034.444669,VDD_CPU_GPU_CV,1192.32,,
1780555034.444669,VDD_SOC,1472.896,,
1780555034.444669,,,cpu-thermal,52.156
1780555034.444669,,,gpu-thermal,52.562
1780555034.444669,,,soc0-thermal,50.875
1780555034.444669,,,soc1-thermal,50.437
1780555034.444669,,,soc2-thermal,50.312
1780555034.444669,,,tj-thermal,52.562
1780555034.5503087,VDD_IN,4976.0,,
1780555034.5503087,VDD_CPU_GPU_CV,1192.32,,
1780555034.5503087,VDD_SOC,1472.896,,
1780555034.5503087,,,cpu-thermal,52.156
1780555034.5503087,,,gpu-thermal,52.406
1780555034.5503087,,,soc0-thermal,50.968
1780555034.5503087,,,soc1-thermal,50.25
1780555034.5503087,,,soc2-thermal,50.312
1780555034.5503087,,,tj-thermal,52.468
1780555034.6558676,VDD_IN,4976.0,,
1780555034.6558676,VDD_CPU_GPU_CV,1192.32,,
1780555034.6558676,VDD_SOC,1472.896,,
1780555034.6558676,,,cpu-thermal,52.062
1780555034.6558676,,,gpu-thermal,52.718
1780555034.6558676,,,soc0-thermal,50.687
1780555034.6558676,,,soc1-thermal,50.218
1780555034.6558676,,,soc2-thermal,50.25
1780555034.6558676,,,tj-thermal,52.718
1780555034.7615435,VDD_IN,4976.0,,
1780555034.7615435,VDD_CPU_GPU_CV,1192.32,,
1780555034.7615435,VDD_SOC,1472.896,,
1780555034.7615435,,,cpu-thermal,52.0
1780555034.7615435,,,gpu-thermal,52.656
1780555034.7615435,,,soc0-thermal,50.75
1780555034.7615435,,,soc1-thermal,50.281
1780555034.7615435,,,soc2-thermal,50.281
1780555034.7615435,,,tj-thermal,52.656
1780555034.8671346,VDD_IN,4896.384,,
1780555034.8671346,VDD_CPU_GPU_CV,1154.432,,
1780555034.8671346,VDD_SOC,1433.088,,
1780555034.8671346,,,cpu-thermal,52.0
1780555034.8671346,,,gpu-thermal,52.375
1780555034.8671346,,,soc0-thermal,50.812
1780555034.8671346,,,soc1-thermal,50.343
1780555034.8671346,,,soc2-thermal,50.25
1780555034.8671346,,,tj-thermal,52.593
1780555034.97239,VDD_IN,4864.384,,
1780555034.97239,VDD_CPU_GPU_CV,1114.624,,
1780555034.97239,VDD_SOC,1435.392,,
1780555034.97239,,,cpu-thermal,52.375
1780555034.97239,,,gpu-thermal,52.812
1780555034.97239,,,soc0-thermal,50.843
1780555034.97239,,,soc1-thermal,50.156
1780555034.97239,,,soc2-thermal,50.312
1780555034.97239,,,tj-thermal,52.812
1780555035.0777135,VDD_IN,4904.256,,
1780555035.0777135,VDD_CPU_GPU_CV,1114.624,,
1780555035.0777135,VDD_SOC,1433.088,,
1780555035.0777135,,,cpu-thermal,51.937
1780555035.0777135,,,gpu-thermal,52.562
1780555035.0777135,,,soc0-thermal,50.718
1780555035.0777135,,,soc1-thermal,50.218
1780555035.0777135,,,soc2-thermal,50.25
1780555035.0777135,,,tj-thermal,52.562
1780555035.1833704,VDD_IN,4936.192,,
1780555035.1833704,VDD_CPU_GPU_CV,1154.432,,
1780555035.1833704,VDD_SOC,1433.088,,
1780555035.1833704,,,cpu-thermal,52.0
1780555035.1833704,,,gpu-thermal,52.531
1780555035.1833704,,,soc0-thermal,50.718
1780555035.1833704,,,soc1-thermal,50.281
1780555035.1833704,,,soc2-thermal,50.25
1780555035.1833704,,,tj-thermal,52.531
1780555035.2890716,VDD_IN,4936.192,,
1780555035.2890716,VDD_CPU_GPU_CV,1152.576,,
1780555035.2890716,VDD_SOC,1433.088,,
1780555035.2890716,,,cpu-thermal,52.25
1780555035.2890716,,,gpu-thermal,52.687
1780555035.2890716,,,soc0-thermal,50.812
1780555035.2890716,,,soc1-thermal,50.437
1780555035.2890716,,,soc2-thermal,50.312
1780555035.2890716,,,tj-thermal,52.375
1780555035.3949122,VDD_IN,4976.0,,
1780555035.3949122,VDD_CPU_GPU_CV,1192.32,,
1780555035.3949122,VDD_SOC,1472.896,,
1780555035.3949122,,,cpu-thermal,52.406
1780555035.3949122,,,gpu-thermal,52.562
1780555035.3949122,,,soc0-thermal,50.718
1780555035.3949122,,,soc1-thermal,50.125
1780555035.3949122,,,soc2-thermal,50.375
1780555035.3949122,,,tj-thermal,52.406
1780555035.5005813,VDD_IN,4976.0,,
1780555035.5005813,VDD_CPU_GPU_CV,1192.32,,
1780555035.5005813,VDD_SOC,1472.896,,
1780555035.5005813,,,cpu-thermal,52.406
1780555035.5005813,,,gpu-thermal,52.468
1780555035.5005813,,,soc0-thermal,50.687
1780555035.5005813,,,soc1-thermal,50.187
1780555035.5005813,,,soc2-thermal,50.218
1780555035.5005813,,,tj-thermal,52.468
1780555035.6063724,VDD_IN,4976.0,,
1780555035.6063724,VDD_CPU_GPU_CV,1192.32,,
1780555035.6063724,VDD_SOC,1472.896,,
1780555035.6063724,,,cpu-thermal,52.093
1780555035.6063724,,,gpu-thermal,52.437
1780555035.6063724,,,soc0-thermal,50.75
1780555035.6063724,,,soc1-thermal,50.218
1780555035.6063724,,,soc2-thermal,50.312
1780555035.6063724,,,tj-thermal,52.437
1780555035.7121394,VDD_IN,4976.0,,
1780555035.7121394,VDD_CPU_GPU_CV,1192.32,,
1780555035.7121394,VDD_SOC,1472.896,,
1780555035.7121394,,,cpu-thermal,52.093
1780555035.7121394,,,gpu-thermal,52.343
1780555035.7121394,,,soc0-thermal,50.812
1780555035.7121394,,,soc1-thermal,50.187
1780555035.7121394,,,soc2-thermal,50.25
1780555035.7121394,,,tj-thermal,52.343
1780555035.817788,VDD_IN,4936.192,,
1780555035.817788,VDD_CPU_GPU_CV,1192.32,,
1780555035.817788,VDD_SOC,1433.088,,
1780555035.817788,,,cpu-thermal,52.218
1780555035.817788,,,gpu-thermal,52.687
1780555035.817788,,,soc0-thermal,50.687
1780555035.817788,,,soc1-thermal,50.125
1780555035.817788,,,soc2-thermal,50.187
1780555035.817788,,,tj-thermal,52.687
1780555035.9234374,VDD_IN,4904.256,,
1780555035.9234374,VDD_CPU_GPU_CV,1114.624,,
1780555035.9234374,VDD_SOC,1433.088,,
1780555035.9234374,,,cpu-thermal,52.281
1780555035.9234374,,,gpu-thermal,52.375
1780555035.9234374,,,soc0-thermal,50.687
1780555035.9234374,,,soc1-thermal,50.218
1780555035.9234374,,,soc2-thermal,50.093
1780555035.9234374,,,tj-thermal,52.562
1780555036.0285943,VDD_IN,4864.384,,
1780555036.0285943,VDD_CPU_GPU_CV,1114.624,,
1780555036.0285943,VDD_SOC,1435.392,,
1780555036.0285943,,,cpu-thermal,52.0
1780555036.0285943,,,gpu-thermal,52.312
1780555036.0285943,,,soc0-thermal,50.687
1780555036.0285943,,,soc1-thermal,50.218
1780555036.0285943,,,soc2-thermal,50.218
1780555036.0285943,,,tj-thermal,52.312
1780555036.1341946,VDD_IN,4896.384,,
1780555036.1341946,VDD_CPU_GPU_CV,1154.432,,
1780555036.1341946,VDD_SOC,1433.088,,
1780555036.1341946,,,cpu-thermal,52.093
1780555036.1341946,,,gpu-thermal,52.687
1780555036.1341946,,,soc0-thermal,50.687
1780555036.1341946,,,soc1-thermal,50.187
1780555036.1341946,,,soc2-thermal,50.218
1780555036.1341946,,,tj-thermal,52.687
1780555036.2398663,VDD_IN,4936.192,,
1780555036.2398663,VDD_CPU_GPU_CV,1152.576,,
1780555036.2398663,VDD_SOC,1433.088,,
1780555036.2398663,,,cpu-thermal,52.156
1780555036.2398663,,,gpu-thermal,52.562
1780555036.2398663,,,soc0-thermal,50.625
1780555036.2398663,,,soc1-thermal,50.156
1780555036.2398663,,,soc2-thermal,50.156
1780555036.2398663,,,tj-thermal,52.562
1780555036.3456295,VDD_IN,4936.192,,
1780555036.3456295,VDD_CPU_GPU_CV,1152.576,,
1780555036.3456295,VDD_SOC,1472.896,,
1780555036.3456295,,,cpu-thermal,51.937
1780555036.3456295,,,gpu-thermal,52.25
1780555036.3456295,,,soc0-thermal,50.656
1780555036.3456295,,,soc1-thermal,50.218
1780555036.3456295,,,soc2-thermal,50.156
1780555036.3456295,,,tj-thermal,52.406
1780555036.4512987,VDD_IN,4936.192,,
1780555036.4512987,VDD_CPU_GPU_CV,1192.32,,
1780555036.4512987,VDD_SOC,1433.088,,
1780555036.4512987,,,cpu-thermal,52.031
1780555036.4512987,,,gpu-thermal,52.687
1780555036.4512987,,,soc0-thermal,50.656
1780555036.4512987,,,soc1-thermal,50.25
1780555036.4512987,,,soc2-thermal,50.25
1780555036.4512987,,,tj-thermal,52.375
1780555036.5570889,VDD_IN,4976.0,,
1780555036.5570889,VDD_CPU_GPU_CV,1192.32,,
1780555036.5570889,VDD_SOC,1472.896,,
1780555036.5570889,,,cpu-thermal,52.062
1780555036.5570889,,,gpu-thermal,52.593
1780555036.5570889,,,soc0-thermal,50.75
1780555036.5570889,,,soc1-thermal,50.125
1780555036.5570889,,,soc2-thermal,50.25
1780555036.5570889,,,tj-thermal,52.593
1780555036.662618,VDD_IN,4976.0,,
1780555036.662618,VDD_CPU_GPU_CV,1192.32,,
1780555036.662618,VDD_SOC,1470.528,,
1780555036.662618,,,cpu-thermal,51.875
1780555036.662618,,,gpu-thermal,52.375
1780555036.662618,,,soc0-thermal,50.593
1780555036.662618,,,soc1-thermal,50.093
1780555036.662618,,,soc2-thermal,50.187
1780555036.662618,,,tj-thermal,52.375
1780555036.7681277,VDD_IN,4976.0,,
1780555036.7681277,VDD_CPU_GPU_CV,1192.32,,
1780555036.7681277,VDD_SOC,1470.528,,
1780555036.7681277,,,cpu-thermal,51.906
1780555036.7681277,,,gpu-thermal,52.25
1780555036.7681277,,,soc0-thermal,50.5
1780555036.7681277,,,soc1-thermal,50.156
1780555036.7681277,,,soc2-thermal,50.218
1780555036.7681277,,,tj-thermal,52.25
1780555036.873717,VDD_IN,4896.384,,
1780555036.873717,VDD_CPU_GPU_CV,1152.576,,
1780555036.873717,VDD_SOC,1433.088,,
1780555036.873717,,,cpu-thermal,51.937
1780555036.873717,,,gpu-thermal,52.437
1780555036.873717,,,soc0-thermal,50.687
1780555036.873717,,,soc1-thermal,50.25
1780555036.873717,,,soc2-thermal,50.187
1780555036.873717,,,tj-thermal,52.218
1780555036.9788723,VDD_IN,4864.384,,
1780555036.9788723,VDD_CPU_GPU_CV,1114.624,,
1780555036.9788723,VDD_SOC,1433.088,,
1780555036.9788723,,,cpu-thermal,51.781
1780555036.9788723,,,gpu-thermal,52.375
1780555036.9788723,,,soc0-thermal,50.625
1780555036.9788723,,,soc1-thermal,50.031
1780555036.9788723,,,soc2-thermal,50.187
1780555036.9788723,,,tj-thermal,52.375
1780555037.0841727,VDD_IN,4904.256,,
1780555037.0841727,VDD_CPU_GPU_CV,1114.624,,
1780555037.0841727,VDD_SOC,1433.088,,
1780555037.0841727,,,cpu-thermal,51.875
1780555037.0841727,,,gpu-thermal,52.25
1780555037.0841727,,,soc0-thermal,50.562
1780555037.0841727,,,soc1-thermal,50.156
1780555037.0841727,,,soc2-thermal,50.062
1780555037.0841727,,,tj-thermal,52.25
1780555037.189655,VDD_IN,4936.192,,
1780555037.189655,VDD_CPU_GPU_CV,1152.576,,
1780555037.189655,VDD_SOC,1433.088,,
1780555037.189655,,,cpu-thermal,51.937
1780555037.189655,,,gpu-thermal,52.281
1780555037.189655,,,soc0-thermal,50.562
1780555037.189655,,,soc1-thermal,50.187
1780555037.189655,,,soc2-thermal,50.125
1780555037.189655,,,tj-thermal,52.281
1780555037.2951808,VDD_IN,4936.192,,
1780555037.2951808,VDD_CPU_GPU_CV,1152.576,,
1780555037.2951808,VDD_SOC,1433.088,,
1780555037.2951808,,,cpu-thermal,51.937
1780555037.2951808,,,gpu-thermal,52.312
1780555037.2951808,,,soc0-thermal,50.656
1780555037.2951808,,,soc1-thermal,50.0
1780555037.2951808,,,soc2-thermal,50.125
1780555037.2951808,,,tj-thermal,52.531
1780555037.400739,VDD_IN,4936.192,,
1780555037.400739,VDD_CPU_GPU_CV,1192.32,,
1780555037.400739,VDD_SOC,1433.088,,
1780555037.400739,,,cpu-thermal,52.25
1780555037.400739,,,gpu-thermal,52.312
1780555037.400739,,,soc0-thermal,50.718
1780555037.400739,,,soc1-thermal,50.125
1780555037.400739,,,soc2-thermal,50.125
1780555037.400739,,,tj-thermal,52.312
1780555037.506333,VDD_IN,4976.0,,
1780555037.506333,VDD_CPU_GPU_CV,1192.32,,
1780555037.506333,VDD_SOC,1472.896,,
1780555037.506333,,,cpu-thermal,51.843
1780555037.506333,,,gpu-thermal,52.187
1780555037.506333,,,soc0-thermal,50.531
1780555037.506333,,,soc1-thermal,50.093
1780555037.506333,,,soc2-thermal,50.062
1780555037.506333,,,tj-thermal,52.187
1780555037.611914,VDD_IN,4976.0,,
1780555037.611914,VDD_CPU_GPU_CV,1192.32,,
1780555037.611914,VDD_SOC,1472.896,,
1780555037.611914,,,cpu-thermal,51.812
1780555037.611914,,,gpu-thermal,52.531
1780555037.611914,,,soc0-thermal,50.5
1780555037.611914,,,soc1-thermal,50.125
1780555037.611914,,,soc2-thermal,50.031
1780555037.611914,,,tj-thermal,52.531
1780555037.7174165,VDD_IN,4976.0,,
1780555037.7174165,VDD_CPU_GPU_CV,1192.32,,
1780555037.7174165,VDD_SOC,1470.528,,
1780555037.7174165,,,cpu-thermal,52.0
1780555037.7174165,,,gpu-thermal,52.468
1780555037.7174165,,,soc0-thermal,50.625
1780555037.7174165,,,soc1-thermal,50.187
1780555037.7174165,,,soc2-thermal,50.156
1780555037.7174165,,,tj-thermal,52.468
1780555037.823152,VDD_IN,4936.192,,
1780555037.823152,VDD_CPU_GPU_CV,1152.576,,
1780555037.823152,VDD_SOC,1472.896,,
1780555037.823152,,,cpu-thermal,52.156
1780555037.823152,,,gpu-thermal,52.156
1780555037.823152,,,soc0-thermal,50.468
1780555037.823152,,,soc1-thermal,50.125
1780555037.823152,,,soc2-thermal,50.093
1780555037.823152,,,tj-thermal,52.375
1780555037.9287455,VDD_IN,4896.384,,
1780555037.9287455,VDD_CPU_GPU_CV,1154.432,,
1780555037.9287455,VDD_SOC,1433.088,,
1780555037.9287455,,,cpu-thermal,51.687
1780555037.9287455,,,gpu-thermal,52.5
1780555037.9287455,,,soc0-thermal,50.531
1780555037.9287455,,,soc1-thermal,50.062
1780555037.9287455,,,soc2-thermal,50.0
1780555037.9287455,,,tj-thermal,52.5
1780555038.034234,VDD_IN,4896.384,,
1780555038.034234,VDD_CPU_GPU_CV,1152.576,,
1780555038.034234,VDD_SOC,1433.088,,
1780555038.034234,,,cpu-thermal,51.937
1780555038.034234,,,gpu-thermal,52.375
1780555038.034234,,,soc0-thermal,50.625
1780555038.034234,,,soc1-thermal,50.125
1780555038.034234,,,soc2-thermal,50.062
1780555038.034234,,,tj-thermal,52.375
1780555038.139878,VDD_IN,4936.192,,
1780555038.139878,VDD_CPU_GPU_CV,1152.576,,
1780555038.139878,VDD_SOC,1433.088,,
1780555038.139878,,,cpu-thermal,52.0
1780555038.139878,,,gpu-thermal,52.312
1780555038.139878,,,soc0-thermal,50.656
1780555038.139878,,,soc1-thermal,49.906
1780555038.139878,,,soc2-thermal,50.156
1780555038.139878,,,tj-thermal,52.312
1780555038.2457278,VDD_IN,4976.0,,
1780555038.2457278,VDD_CPU_GPU_CV,1152.576,,
1780555038.2457278,VDD_SOC,1472.896,,
1780555038.2457278,,,cpu-thermal,52.156
1780555038.2457278,,,gpu-thermal,52.156
1780555038.2457278,,,soc0-thermal,50.468
1780555038.2457278,,,soc1-thermal,50.062
1780555038.2457278,,,soc2-thermal,50.031
1780555038.2457278,,,tj-thermal,52.156
1780555038.351373,VDD_IN,4976.0,,
1780555038.351373,VDD_CPU_GPU_CV,1192.32,,
1780555038.351373,VDD_SOC,1472.896,,
1780555038.351373,,,cpu-thermal,51.843
1780555038.351373,,,gpu-thermal,52.375
1780555038.351373,,,soc0-thermal,50.562
1780555038.351373,,,soc1-thermal,50.093
1780555038.351373,,,soc2-thermal,50.093
1780555038.351373,,,tj-thermal,52.156
1780555038.4569945,VDD_IN,5126.976,,
1780555038.4569945,VDD_CPU_GPU_CV,1309.44,,
1780555038.4569945,VDD_SOC,1470.528,,
1780555038.4569945,,,cpu-thermal,52.031
1780555038.4569945,,,gpu-thermal,52.406
1780555038.4569945,,,soc0-thermal,50.593
1780555038.4569945,,,soc1-thermal,50.187
1780555038.4569945,,,soc2-thermal,50.125
1780555038.4569945,,,tj-thermal,52.781
1780555038.5629244,VDD_IN,5713.92,,
1780555038.5629244,VDD_CPU_GPU_CV,1624.256,,
1780555038.5629244,VDD_SOC,1587.2,,
1780555038.5629244,,,cpu-thermal,51.968
1780555038.5629244,,,gpu-thermal,52.5
1780555038.5629244,,,soc0-thermal,50.468
1780555038.5629244,,,soc1-thermal,50.031
1780555038.5629244,,,soc2-thermal,50.156
1780555038.5629244,,,tj-thermal,52.5
1780555038.6687493,VDD_IN,6021.632,,
1780555038.6687493,VDD_CPU_GPU_CV,1819.392,,
1780555038.6687493,VDD_SOC,1624.256,,
1780555038.6687493,,,cpu-thermal,51.937
1780555038.6687493,,,gpu-thermal,52.406
1780555038.6687493,,,soc0-thermal,50.406
1780555038.6687493,,,soc1-thermal,50.0
1780555038.6687493,,,soc2-thermal,50.031
1780555038.6687493,,,tj-thermal,52.406
1780555038.774924,VDD_IN,6288.768,,
1780555038.774924,VDD_CPU_GPU_CV,1974.4,,
1780555038.774924,VDD_SOC,1661.184,,
1780555038.774924,,,cpu-thermal,51.937
1780555038.774924,,,gpu-thermal,52.875
1780555038.774924,,,soc0-thermal,50.5
1780555038.774924,,,soc1-thermal,50.187
1780555038.774924,,,soc2-thermal,50.093
1780555038.774924,,,tj-thermal,52.875
1780555038.880619,VDD_IN,6565.632,,
1780555038.880619,VDD_CPU_GPU_CV,2132.352,,
1780555038.880619,VDD_SOC,1700.736,,
1780555038.880619,,,cpu-thermal,51.937
1780555038.880619,,,gpu-thermal,52.781
1780555038.880619,,,soc0-thermal,50.625
1780555038.880619,,,soc1-thermal,50.0
1780555038.880619,,,soc2-thermal,50.125
1780555038.880619,,,tj-thermal,52.781
1780555038.9866595,VDD_IN,6712.96,,
1780555038.9866595,VDD_CPU_GPU_CV,2247.168,,
1780555038.9866595,VDD_SOC,1737.472,,
1780555038.9866595,,,cpu-thermal,52.031
1780555038.9866595,,,gpu-thermal,52.843
1780555038.9866595,,,soc0-thermal,50.437
1780555038.9866595,,,soc1-thermal,49.968
1780555038.9866595,,,soc2-thermal,50.093
1780555038.9866595,,,tj-thermal,52.843
1780555039.092888,VDD_IN,6831.424,,
1780555039.092888,VDD_CPU_GPU_CV,2286.592,,
1780555039.092888,VDD_SOC,1737.472,,
1780555039.092888,,,cpu-thermal,51.937
1780555039.092888,,,gpu-thermal,52.593
1780555039.092888,,,soc0-thermal,50.468
1780555039.092888,,,soc1-thermal,50.093
1780555039.092888,,,soc2-thermal,50.25
1780555039.092888,,,tj-thermal,52.593
1780555039.198648,VDD_IN,6949.888,,
1780555039.198648,VDD_CPU_GPU_CV,2326.016,,
1780555039.198648,VDD_SOC,1737.472,,
1780555039.198648,,,cpu-thermal,51.937
1780555039.198648,,,gpu-thermal,52.812
1780555039.198648,,,soc0-thermal,50.593
1780555039.198648,,,soc1-thermal,49.843
1780555039.198648,,,soc2-thermal,50.187
1780555039.198648,,,tj-thermal,52.656
1780555039.304261,VDD_IN,6989.376,,
1780555039.304261,VDD_CPU_GPU_CV,2361.6,,
1780555039.304261,VDD_SOC,1734.656,,
1780555039.304261,,,cpu-thermal,52.375
1780555039.304261,,,gpu-thermal,52.687
1780555039.304261,,,soc0-thermal,50.687
1780555039.304261,,,soc1-thermal,50.0
1780555039.304261,,,soc2-thermal,50.187
1780555039.304261,,,tj-thermal,53.093
1780555039.4103246,VDD_IN,7017.472,,
1780555039.4103246,VDD_CPU_GPU_CV,2400.96,,
1780555039.4103246,VDD_SOC,1734.656,,
1780555039.4103246,,,cpu-thermal,52.0
1780555039.4103246,,,gpu-thermal,52.687
1780555039.4103246,,,soc0-thermal,50.531
1780555039.4103246,,,soc1-thermal,50.031
1780555039.4103246,,,soc2-thermal,50.156
1780555039.4103246,,,tj-thermal,52.687
1780555039.5162318,VDD_IN,7096.32,,
1780555039.5162318,VDD_CPU_GPU_CV,2440.32,,
1780555039.5162318,VDD_SOC,1774.08,,
1780555039.5162318,,,cpu-thermal,51.937
1780555039.5162318,,,gpu-thermal,52.656
1780555039.5162318,,,soc0-thermal,50.593
1780555039.5162318,,,soc1-thermal,50.125
1780555039.5162318,,,soc2-thermal,50.25
1780555039.5162318,,,tj-thermal,52.656
1780555039.6219466,VDD_IN,7135.744,,
1780555039.6219466,VDD_CPU_GPU_CV,2479.68,,
1780555039.6219466,VDD_SOC,1774.08,,
1780555039.6219466,,,cpu-thermal,52.281
1780555039.6219466,,,gpu-thermal,53.093
1780555039.6219466,,,soc0-thermal,50.687
1780555039.6219466,,,soc1-thermal,50.0
1780555039.6219466,,,soc2-thermal,50.312
1780555039.6219466,,,tj-thermal,53.093
1780555039.728694,VDD_IN,7175.168,,
1780555039.728694,VDD_CPU_GPU_CV,2514.944,,
1780555039.728694,VDD_SOC,1771.2,,
1780555039.728694,,,cpu-thermal,52.375
1780555039.728694,,,gpu-thermal,52.843
1780555039.728694,,,soc0-thermal,50.562
1780555039.728694,,,soc1-thermal,50.062
1780555039.728694,,,soc2-thermal,50.25
1780555039.728694,,,tj-thermal,52.843
1780555039.834334,VDD_IN,7254.016,,
1780555039.834334,VDD_CPU_GPU_CV,2514.944,,
1780555039.834334,VDD_SOC,1771.2,,
1780555039.834334,,,cpu-thermal,52.125
1780555039.834334,,,gpu-thermal,52.906
1780555039.834334,,,soc0-thermal,50.625
1780555039.834334,,,soc1-thermal,50.156
1780555039.834334,,,soc2-thermal,50.25
1780555039.834334,,,tj-thermal,52.906
1780555039.9400816,VDD_IN,7293.44,,
1780555039.9400816,VDD_CPU_GPU_CV,2554.24,,
1780555039.9400816,VDD_SOC,1774.08,,
1780555039.9400816,,,cpu-thermal,52.0
1780555039.9400816,,,gpu-thermal,53.125
1780555039.9400816,,,soc0-thermal,50.625
1780555039.9400816,,,soc1-thermal,50.187
1780555039.9400816,,,soc2-thermal,50.25
1780555039.9400816,,,tj-thermal,52.812
1780555040.045482,VDD_IN,7293.44,,
1780555040.045482,VDD_CPU_GPU_CV,2558.4,,
1780555040.045482,VDD_SOC,1813.504,,
1780555040.045482,,,cpu-thermal,52.25
1780555040.045482,,,gpu-thermal,52.875
1780555040.045482,,,soc0-thermal,50.687
1780555040.045482,,,soc1-thermal,49.968
1780555040.045482,,,soc2-thermal,50.343
1780555040.045482,,,tj-thermal,52.875
1780555040.151064,VDD_IN,7254.016,,
1780555040.151064,VDD_CPU_GPU_CV,2558.4,,
1780555040.151064,VDD_SOC,1813.504,,
1780555040.151064,,,cpu-thermal,52.406
1780555040.151064,,,gpu-thermal,52.843
1780555040.151064,,,soc0-thermal,50.625
1780555040.151064,,,soc1-thermal,50.125
1780555040.151064,,,soc2-thermal,50.281
1780555040.151064,,,tj-thermal,52.843
1780555040.2571952,VDD_IN,7214.592,,
1780555040.2571952,VDD_CPU_GPU_CV,2554.24,,
1780555040.2571952,VDD_SOC,1810.56,,
1780555040.2571952,,,cpu-thermal,52.156
1780555040.2571952,,,gpu-thermal,52.781
1780555040.2571952,,,soc0-thermal,50.656
1780555040.2571952,,,soc1-thermal,50.187
1780555040.2571952,,,soc2-thermal,50.343
1780555040.2571952,,,tj-thermal,52.781
1780555040.3631673,VDD_IN,7214.592,,
1780555040.3631673,VDD_CPU_GPU_CV,2514.944,,
1780555040.3631673,VDD_SOC,1771.2,,
1780555040.3631673,,,cpu-thermal,52.218
1780555040.3631673,,,gpu-thermal,52.718
1780555040.3631673,,,soc0-thermal,50.718
1780555040.3631673,,,soc1-thermal,49.937
1780555040.3631673,,,soc2-thermal,50.406
1780555040.3631673,,,tj-thermal,52.718
1780555040.4690783,VDD_IN,7175.168,,
1780555040.4690783,VDD_CPU_GPU_CV,2514.944,,
1780555040.4690783,VDD_SOC,1771.2,,
1780555040.4690783,,,cpu-thermal,52.0
1780555040.4690783,,,gpu-thermal,53.156
1780555040.4690783,,,soc0-thermal,50.625
1780555040.4690783,,,soc1-thermal,50.125
1780555040.4690783,,,soc2-thermal,50.25
1780555040.4690783,,,tj-thermal,53.156
1780555040.5755944,VDD_IN,7214.592,,
1780555040.5755944,VDD_CPU_GPU_CV,2514.944,,
1780555040.5755944,VDD_SOC,1771.2,,
1780555040.5755944,,,cpu-thermal,52.125
1780555040.5755944,,,gpu-thermal,53.0
1780555040.5755944,,,soc0-thermal,50.718
1780555040.5755944,,,soc1-thermal,50.156
1780555040.5755944,,,soc2-thermal,50.375
1780555040.5755944,,,tj-thermal,53.0
1780555040.6817331,VDD_IN,7175.168,,
1780555040.6817331,VDD_CPU_GPU_CV,2475.648,,
1780555040.6817331,VDD_SOC,1771.2,,
1780555040.6817331,,,cpu-thermal,52.031
1780555040.6817331,,,gpu-thermal,52.906
1780555040.6817331,,,soc0-thermal,50.812
1780555040.6817331,,,soc1-thermal,50.0
1780555040.6817331,,,soc2-thermal,50.375
1780555040.6817331,,,tj-thermal,52.906
1780555040.7878144,VDD_IN,7175.168,,
1780555040.7878144,VDD_CPU_GPU_CV,2475.648,,
1780555040.7878144,VDD_SOC,1771.2,,
1780555040.7878144,,,cpu-thermal,52.156
1780555040.7878144,,,gpu-thermal,52.875
1780555040.7878144,,,soc0-thermal,50.562
1780555040.7878144,,,soc1-thermal,50.062
1780555040.7878144,,,soc2-thermal,50.343
1780555040.7878144,,,tj-thermal,52.875
1780555040.893616,VDD_IN,7254.016,,
1780555040.893616,VDD_CPU_GPU_CV,2519.04,,
1780555040.893616,VDD_SOC,1813.504,,
1780555040.893616,,,cpu-thermal,52.187
1780555040.893616,,,gpu-thermal,53.062
1780555040.893616,,,soc0-thermal,50.656
1780555040.893616,,,soc1-thermal,50.156
1780555040.893616,,,soc2-thermal,50.312
1780555040.893616,,,tj-thermal,52.812
1780555040.9992332,VDD_IN,7293.44,,
1780555040.9992332,VDD_CPU_GPU_CV,2558.4,,
1780555040.9992332,VDD_SOC,1813.504,,
1780555040.9992332,,,cpu-thermal,52.093
1780555040.9992332,,,gpu-thermal,53.0
1780555040.9992332,,,soc0-thermal,50.687
1780555040.9992332,,,soc1-thermal,50.281
1780555040.9992332,,,soc2-thermal,50.343
1780555040.9992332,,,tj-thermal,53.0
1780555041.1050344,VDD_IN,7254.016,,
1780555041.1050344,VDD_CPU_GPU_CV,2558.4,,
1780555041.1050344,VDD_SOC,1813.504,,
1780555041.1050344,,,cpu-thermal,52.375
1780555041.1050344,,,gpu-thermal,52.906
1780555041.1050344,,,soc0-thermal,50.718
1780555041.1050344,,,soc1-thermal,50.125
1780555041.1050344,,,soc2-thermal,50.5
1780555041.1050344,,,tj-thermal,52.906
1780555041.2111363,VDD_IN,7254.016,,
1780555041.2111363,VDD_CPU_GPU_CV,2554.24,,
1780555041.2111363,VDD_SOC,1771.2,,
1780555041.2111363,,,cpu-thermal,52.531
1780555041.2111363,,,gpu-thermal,52.812
1780555041.2111363,,,soc0-thermal,50.687
1780555041.2111363,,,soc1-thermal,50.25
1780555041.2111363,,,soc2-thermal,50.437
1780555041.2111363,,,tj-thermal,52.812
1780555041.3174484,VDD_IN,7214.592,,
1780555041.3174484,VDD_CPU_GPU_CV,2514.944,,
1780555041.3174484,VDD_SOC,1810.56,,
1780555041.3174484,,,cpu-thermal,52.25
1780555041.3174484,,,gpu-thermal,52.843
1780555041.3174484,,,soc0-thermal,50.812
1780555041.3174484,,,soc1-thermal,50.312
1780555041.3174484,,,soc2-thermal,50.406
1780555041.3174484,,,tj-thermal,52.843
1780555041.4240665,VDD_IN,7214.592,,
1780555041.4240665,VDD_CPU_GPU_CV,2514.944,,
1780555041.4240665,VDD_SOC,1771.2,,
1780555041.4240665,,,cpu-thermal,52.343
1780555041.4240665,,,gpu-thermal,53.156
1780555041.4240665,,,soc0-thermal,50.75
1780555041.4240665,,,soc1-thermal,50.187
1780555041.4240665,,,soc2-thermal,50.531
1780555041.4240665,,,tj-thermal,53.156
1780555041.5300183,VDD_IN,7175.168,,
1780555041.5300183,VDD_CPU_GPU_CV,2475.648,,
1780555041.5300183,VDD_SOC,1771.2,,
1780555041.5300183,,,cpu-thermal,52.437
1780555041.5300183,,,gpu-thermal,52.968
1780555041.5300183,,,soc0-thermal,50.718
1780555041.5300183,,,soc1-thermal,50.218
1780555041.5300183,,,soc2-thermal,50.437
1780555041.5300183,,,tj-thermal,52.968
1780555041.6356344,VDD_IN,7175.168,,
1780555041.6356344,VDD_CPU_GPU_CV,2475.648,,
1780555041.6356344,VDD_SOC,1771.2,,
1780555041.6356344,,,cpu-thermal,52.218
1780555041.6356344,,,gpu-thermal,52.968
1780555041.6356344,,,soc0-thermal,50.718
1780555041.6356344,,,soc1-thermal,50.156
1780555041.6356344,,,soc2-thermal,50.5
1780555041.6356344,,,tj-thermal,52.968
1780555041.7419229,VDD_IN,7175.168,,
1780555041.7419229,VDD_CPU_GPU_CV,2514.944,,
1780555041.7419229,VDD_SOC,1771.2,,
1780555041.7419229,,,cpu-thermal,52.312
1780555041.7419229,,,gpu-thermal,52.937
1780555041.7419229,,,soc0-thermal,50.843
1780555041.7419229,,,soc1-thermal,50.375
1780555041.7419229,,,soc2-thermal,50.468
1780555041.7419229,,,tj-thermal,52.937
1780555041.8476334,VDD_IN,7214.592,,
1780555041.8476334,VDD_CPU_GPU_CV,2514.944,,
1780555041.8476334,VDD_SOC,1771.2,,
1780555041.8476334,,,cpu-thermal,52.375
1780555041.8476334,,,gpu-thermal,53.156
1780555041.8476334,,,soc0-thermal,50.937
1780555041.8476334,,,soc1-thermal,50.187
1780555041.8476334,,,soc2-thermal,50.531
1780555041.8476334,,,tj-thermal,52.906
1780555041.9538047,VDD_IN,7254.016,,
1780555041.9538047,VDD_CPU_GPU_CV,2558.4,,
1780555041.9538047,VDD_SOC,1813.504,,
1780555041.9538047,,,cpu-thermal,52.062
1780555041.9538047,,,gpu-thermal,52.968
1780555041.9538047,,,soc0-thermal,50.843
1780555041.9538047,,,soc1-thermal,50.187
1780555041.9538047,,,soc2-thermal,50.437
1780555041.9538047,,,tj-thermal,53.281
1780555042.0599153,VDD_IN,7254.016,,
1780555042.0599153,VDD_CPU_GPU_CV,2597.76,,
1780555042.0599153,VDD_SOC,1813.504,,
1780555042.0599153,,,cpu-thermal,52.218
1780555042.0599153,,,gpu-thermal,52.937
1780555042.0599153,,,soc0-thermal,50.75
1780555042.0599153,,,soc1-thermal,50.281
1780555042.0599153,,,soc2-thermal,50.593
1780555042.0599153,,,tj-thermal,53.093
1780555042.1663342,VDD_IN,7214.592,,
1780555042.1663342,VDD_CPU_GPU_CV,2558.4,,
1780555042.1663342,VDD_SOC,1813.504,,
1780555042.1663342,,,cpu-thermal,52.718
1780555042.1663342,,,gpu-thermal,52.875
1780555042.1663342,,,soc0-thermal,50.875
1780555042.1663342,,,soc1-thermal,50.125
1780555042.1663342,,,soc2-thermal,50.593
1780555042.1663342,,,tj-thermal,53.125
1780555042.2719948,VDD_IN,7254.016,,
1780555042.2719948,VDD_CPU_GPU_CV,2558.4,,
1780555042.2719948,VDD_SOC,1810.56,,
1780555042.2719948,,,cpu-thermal,52.25
1780555042.2719948,,,gpu-thermal,53.187
1780555042.2719948,,,soc0-thermal,50.843
1780555042.2719948,,,soc1-thermal,50.25
1780555042.2719948,,,soc2-thermal,50.437
1780555042.2719948,,,tj-thermal,53.187
1780555042.3779533,VDD_IN,7214.592,,
1780555042.3779533,VDD_CPU_GPU_CV,2519.04,,
1780555042.3779533,VDD_SOC,1771.2,,
1780555042.3779533,,,cpu-thermal,52.218
1780555042.3779533,,,gpu-thermal,53.125
1780555042.3779533,,,soc0-thermal,50.812
1780555042.3779533,,,soc1-thermal,50.281
1780555042.3779533,,,soc2-thermal,50.5
1780555042.3779533,,,tj-thermal,53.125
1780555042.4836006,VDD_IN,7175.168,,
1780555042.4836006,VDD_CPU_GPU_CV,2519.04,,
1780555042.4836006,VDD_SOC,1771.2,,
1780555042.4836006,,,cpu-thermal,52.468
1780555042.4836006,,,gpu-thermal,53.093
1780555042.4836006,,,soc0-thermal,50.843
1780555042.4836006,,,soc1-thermal,50.437
1780555042.4836006,,,soc2-thermal,50.593
1780555042.4836006,,,tj-thermal,53.093
1780555042.5890138,VDD_IN,7175.168,,
1780555042.5890138,VDD_CPU_GPU_CV,2514.944,,
1780555042.5890138,VDD_SOC,1771.2,,
1780555042.5890138,,,cpu-thermal,52.593
1780555042.5890138,,,gpu-thermal,53.0
1780555042.5890138,,,soc0-thermal,50.843
1780555042.5890138,,,soc1-thermal,50.312
1780555042.5890138,,,soc2-thermal,50.656
1780555042.5890138,,,tj-thermal,53.0
1780555042.6947374,VDD_IN,7175.168,,
1780555042.6947374,VDD_CPU_GPU_CV,2514.944,,
1780555042.6947374,VDD_SOC,1771.2,,
1780555042.6947374,,,cpu-thermal,52.281
1780555042.6947374,,,gpu-thermal,53.125
1780555042.6947374,,,soc0-thermal,50.843
1780555042.6947374,,,soc1-thermal,50.375
1780555042.6947374,,,soc2-thermal,50.593
1780555042.6947374,,,tj-thermal,52.937
1780555042.800571,VDD_IN,7175.168,,
1780555042.800571,VDD_CPU_GPU_CV,2514.944,,
1780555042.800571,VDD_SOC,1813.504,,
1780555042.800571,,,cpu-thermal,52.25
1780555042.800571,,,gpu-thermal,53.156
1780555042.800571,,,soc0-thermal,50.906
1780555042.800571,,,soc1-thermal,50.343
1780555042.800571,,,soc2-thermal,50.625
1780555042.800571,,,tj-thermal,53.156
1780555042.9060307,VDD_IN,7254.016,,
1780555042.9060307,VDD_CPU_GPU_CV,2558.4,,
1780555042.9060307,VDD_SOC,1813.504,,
1780555042.9060307,,,cpu-thermal,52.437
1780555042.9060307,,,gpu-thermal,53.062
1780555042.9060307,,,soc0-thermal,50.968
1780555042.9060307,,,soc1-thermal,50.218
1780555042.9060307,,,soc2-thermal,50.687
1780555042.9060307,,,tj-thermal,53.062
1780555043.0113552,VDD_IN,7293.44,,
1780555043.0113552,VDD_CPU_GPU_CV,2597.76,,
1780555043.0113552,VDD_SOC,1813.504,,
1780555043.0113552,,,cpu-thermal,52.5
1780555043.0113552,,,gpu-thermal,53.031
1780555043.0113552,,,soc0-thermal,51.093
1780555043.0113552,,,soc1-thermal,50.281
1780555043.0113552,,,soc2-thermal,50.562
1780555043.0113552,,,tj-thermal,53.031
1780555043.1175563,VDD_IN,7254.016,,
1780555043.1175563,VDD_CPU_GPU_CV,2558.4,,
1780555043.1175563,VDD_SOC,1813.504,,
1780555043.1175563,,,cpu-thermal,52.375
1780555043.1175563,,,gpu-thermal,53.375
1780555043.1175563,,,soc0-thermal,50.937
1780555043.1175563,,,soc1-thermal,50.375
1780555043.1175563,,,soc2-thermal,50.625
1780555043.1175563,,,tj-thermal,53.375
1780555043.2230575,VDD_IN,7254.016,,
1780555043.2230575,VDD_CPU_GPU_CV,2554.24,,
1780555043.2230575,VDD_SOC,1813.504,,
1780555043.2230575,,,cpu-thermal,52.437
1780555043.2230575,,,gpu-thermal,53.156
1780555043.2230575,,,soc0-thermal,51.031
1780555043.2230575,,,soc1-thermal,50.468
1780555043.2230575,,,soc2-thermal,50.625
1780555043.2230575,,,tj-thermal,53.25
1780555043.3292172,VDD_IN,7254.016,,
1780555043.3292172,VDD_CPU_GPU_CV,2554.24,,
1780555043.3292172,VDD_SOC,1810.56,,
1780555043.3292172,,,cpu-thermal,52.562
1780555043.3292172,,,gpu-thermal,53.031
1780555043.3292172,,,soc0-thermal,51.125
1780555043.3292172,,,soc1-thermal,50.25
1780555043.3292172,,,soc2-thermal,50.656
1780555043.3292172,,,tj-thermal,53.156
1780555043.4346254,VDD_IN,7214.592,,
1780555043.4346254,VDD_CPU_GPU_CV,2554.24,,
1780555043.4346254,VDD_SOC,1810.56,,
1780555043.4346254,,,cpu-thermal,52.312
1780555043.4346254,,,gpu-thermal,53.406
1780555043.4346254,,,soc0-thermal,50.968
1780555043.4346254,,,soc1-thermal,50.406
1780555043.4346254,,,soc2-thermal,50.593
1780555043.4346254,,,tj-thermal,53.406
1780555043.5402448,VDD_IN,7202.88,,
1780555043.5402448,VDD_CPU_GPU_CV,2554.24,,
1780555043.5402448,VDD_SOC,1810.56,,
1780555043.5402448,,,cpu-thermal,52.468
1780555043.5402448,,,gpu-thermal,53.312
1780555043.5402448,,,soc0-thermal,50.968
1780555043.5402448,,,soc1-thermal,50.468
1780555043.5402448,,,soc2-thermal,50.718
1780555043.5402448,,,tj-thermal,53.312
1780555043.6468792,VDD_IN,7202.88,,
1780555043.6468792,VDD_CPU_GPU_CV,2554.24,,
1780555043.6468792,VDD_SOC,1810.56,,
1780555043.6468792,,,cpu-thermal,52.406
1780555043.6468792,,,gpu-thermal,53.218
1780555043.6468792,,,soc0-thermal,51.093
1780555043.6468792,,,soc1-thermal,50.593
1780555043.6468792,,,soc2-thermal,50.75
1780555043.6468792,,,tj-thermal,53.218
1780555043.7523937,VDD_IN,7242.24,,
1780555043.7523937,VDD_CPU_GPU_CV,2554.24,,
1780555043.7523937,VDD_SOC,1810.56,,
1780555043.7523937,,,cpu-thermal,52.375
1780555043.7523937,,,gpu-thermal,53.156
1780555043.7523937,,,soc0-thermal,50.968
1780555043.7523937,,,soc1-thermal,50.312
1780555043.7523937,,,soc2-thermal,50.687
1780555043.7523937,,,tj-thermal,53.156
1780555043.8580856,VDD_IN,7242.24,,
1780555043.8580856,VDD_CPU_GPU_CV,2593.536,,
1780555043.8580856,VDD_SOC,1810.56,,
1780555043.8580856,,,cpu-thermal,52.312
1780555043.8580856,,,gpu-thermal,53.187
1780555043.8580856,,,soc0-thermal,51.0
1780555043.8580856,,,soc1-thermal,50.5
1780555043.8580856,,,soc2-thermal,50.687
1780555043.8580856,,,tj-thermal,53.187
1780555043.9641476,VDD_IN,7293.44,,
1780555043.9641476,VDD_CPU_GPU_CV,2593.536,,
1780555043.9641476,VDD_SOC,1810.56,,
1780555043.9641476,,,cpu-thermal,52.343
1780555043.9641476,,,gpu-thermal,53.281
1780555043.9641476,,,soc0-thermal,51.062
1780555043.9641476,,,soc1-thermal,50.562
1780555043.9641476,,,soc2-thermal,50.718
1780555043.9641476,,,tj-thermal,53.593
1780555044.0698988,VDD_IN,7293.44,,
1780555044.0698988,VDD_CPU_GPU_CV,2593.536,,
1780555044.0698988,VDD_SOC,1813.504,,
1780555044.0698988,,,cpu-thermal,52.906
1780555044.0698988,,,gpu-thermal,53.156
1780555044.0698988,,,soc0-thermal,51.156
1780555044.0698988,,,soc1-thermal,50.312
1780555044.0698988,,,soc2-thermal,50.812
1780555044.0698988,,,tj-thermal,53.5
1780555044.1756203,VDD_IN,7281.6,,
1780555044.1756203,VDD_CPU_GPU_CV,2632.832,,
1780555044.1756203,VDD_SOC,1810.56,,
1780555044.1756203,,,cpu-thermal,52.437
1780555044.1756203,,,gpu-thermal,53.125
1780555044.1756203,,,soc0-thermal,51.031
1780555044.1756203,,,soc1-thermal,50.375
1780555044.1756203,,,soc2-thermal,50.718
1780555044.1756203,,,tj-thermal,53.125
1780555044.2811096,VDD_IN,7281.6,,
1780555044.2811096,VDD_CPU_GPU_CV,2632.832,,
1780555044.2811096,VDD_SOC,1810.56,,
1780555044.2811096,,,cpu-thermal,52.437
1780555044.2811096,,,gpu-thermal,53.531
1780555044.2811096,,,soc0-thermal,51.062
1780555044.2811096,,,soc1-thermal,50.437
1780555044.2811096,,,soc2-thermal,50.75
1780555044.2811096,,,tj-thermal,53.531
1780555044.3866117,VDD_IN,7281.6,,
1780555044.3866117,VDD_CPU_GPU_CV,2632.832,,
1780555044.3866117,VDD_SOC,1810.56,,
1780555044.3866117,,,cpu-thermal,52.75
1780555044.3866117,,,gpu-thermal,53.406
1780555044.3866117,,,soc0-thermal,51.125
1780555044.3866117,,,soc1-thermal,50.593
1780555044.3866117,,,soc2-thermal,50.812
1780555044.3866117,,,tj-thermal,53.406
1780555044.492608,VDD_IN,7242.24,,
1780555044.492608,VDD_CPU_GPU_CV,2632.832,,
1780555044.492608,VDD_SOC,1810.56,,
1780555044.492608,,,cpu-thermal,52.843
1780555044.492608,,,gpu-thermal,53.187
1780555044.492608,,,soc0-thermal,51.093
1780555044.492608,,,soc1-thermal,50.406
1780555044.492608,,,soc2-thermal,50.781
1780555044.492608,,,tj-thermal,53.187
1780555044.5983176,VDD_IN,7242.24,,
1780555044.5983176,VDD_CPU_GPU_CV,2593.536,,
1780555044.5983176,VDD_SOC,1810.56,,
1780555044.5983176,,,cpu-thermal,52.437
1780555044.5983176,,,gpu-thermal,53.593
1780555044.5983176,,,soc0-thermal,51.093
1780555044.5983176,,,soc1-thermal,50.468
1780555044.5983176,,,soc2-thermal,50.718
1780555044.5983176,,,tj-thermal,53.187
1780555044.7045655,VDD_IN,7242.24,,
1780555044.7045655,VDD_CPU_GPU_CV,2593.536,,
1780555044.7045655,VDD_SOC,1810.56,,
1780555044.7045655,,,cpu-thermal,52.656
1780555044.7045655,,,gpu-thermal,53.406
1780555044.7045655,,,soc0-thermal,51.187
1780555044.7045655,,,soc1-thermal,50.625
1780555044.7045655,,,soc2-thermal,50.75
1780555044.7045655,,,tj-thermal,53.25
1780555044.8110652,VDD_IN,7281.6,,
1780555044.8110652,VDD_CPU_GPU_CV,2632.832,,
1780555044.8110652,VDD_SOC,1810.56,,
1780555044.8110652,,,cpu-thermal,52.75
1780555044.8110652,,,gpu-thermal,53.343
1780555044.8110652,,,soc0-thermal,51.25
1780555044.8110652,,,soc1-thermal,50.468
1780555044.8110652,,,soc2-thermal,50.875
1780555044.8110652,,,tj-thermal,53.75
1780555044.9166718,VDD_IN,7320.96,,
1780555044.9166718,VDD_CPU_GPU_CV,2632.832,,
1780555044.9166718,VDD_SOC,1810.56,,
1780555044.9166718,,,cpu-thermal,52.843
1780555044.9166718,,,gpu-thermal,53.312
1780555044.9166718,,,soc0-thermal,51.062
1780555044.9166718,,,soc1-thermal,50.531
1780555044.9166718,,,soc2-thermal,50.812
1780555044.9166718,,,tj-thermal,53.312
1780555045.0226693,VDD_IN,7320.96,,
1780555045.0226693,VDD_CPU_GPU_CV,2632.832,,
1780555045.0226693,VDD_SOC,1810.56,,
1780555045.0226693,,,cpu-thermal,52.625
1780555045.0226693,,,gpu-thermal,53.312
1780555045.0226693,,,soc0-thermal,51.093
1780555045.0226693,,,soc1-thermal,50.687
1780555045.0226693,,,soc2-thermal,50.718
1780555045.0226693,,,tj-thermal,53.312
1780555045.1284294,VDD_IN,7281.6,,
1780555045.1284294,VDD_CPU_GPU_CV,2593.536,,
1780555045.1284294,VDD_SOC,1810.56,,
1780555045.1284294,,,cpu-thermal,52.625
1780555045.1284294,,,gpu-thermal,53.593
1780555045.1284294,,,soc0-thermal,51.281
1780555045.1284294,,,soc1-thermal,50.5
1780555045.1284294,,,soc2-thermal,50.875
1780555045.1284294,,,tj-thermal,53.593
1780555045.2345672,VDD_IN,7242.24,,
1780555045.2345672,VDD_CPU_GPU_CV,2593.536,,
1780555045.2345672,VDD_SOC,1810.56,,
1780555045.2345672,,,cpu-thermal,52.75
1780555045.2345672,,,gpu-thermal,53.593
1780555045.2345672,,,soc0-thermal,51.281
1780555045.2345672,,,soc1-thermal,50.625
1780555045.2345672,,,soc2-thermal,50.812
1780555045.2345672,,,tj-thermal,53.593
1780555045.3401234,VDD_IN,7242.24,,
1780555045.3401234,VDD_CPU_GPU_CV,2593.536,,
1780555045.3401234,VDD_SOC,1810.56,,
1780555045.3401234,,,cpu-thermal,52.531
1780555045.3401234,,,gpu-thermal,53.5
1780555045.3401234,,,soc0-thermal,51.156
1780555045.3401234,,,soc1-thermal,50.593
1780555045.3401234,,,soc2-thermal,50.75
1780555045.3401234,,,tj-thermal,53.5
1780555045.4460356,VDD_IN,7202.88,,
1780555045.4460356,VDD_CPU_GPU_CV,2554.24,,
1780555045.4460356,VDD_SOC,1810.56,,
1780555045.4460356,,,cpu-thermal,52.562
1780555045.4460356,,,gpu-thermal,53.687
1780555045.4460356,,,soc0-thermal,51.187
1780555045.4460356,,,soc1-thermal,50.687
1780555045.4460356,,,soc2-thermal,50.875
1780555045.4460356,,,tj-thermal,53.312
1780555045.5516922,VDD_IN,7202.88,,
1780555045.5516922,VDD_CPU_GPU_CV,2514.944,,
1780555045.5516922,VDD_SOC,1771.2,,
1780555045.5516922,,,cpu-thermal,52.593
1780555045.5516922,,,gpu-thermal,53.562
1780555045.5516922,,,soc0-thermal,51.25
1780555045.5516922,,,soc1-thermal,50.562
1780555045.5516922,,,soc2-thermal,50.875
1780555045.5516922,,,tj-thermal,53.25
1780555045.6574042,VDD_IN,7163.52,,
1780555045.6574042,VDD_CPU_GPU_CV,2514.944,,
1780555045.6574042,VDD_SOC,1771.2,,
1780555045.6574042,,,cpu-thermal,52.687
1780555045.6574042,,,gpu-thermal,53.468
1780555045.6574042,,,soc0-thermal,51.218
1780555045.6574042,,,soc1-thermal,50.625
1780555045.6574042,,,soc2-thermal,50.843
1780555045.6574042,,,tj-thermal,53.468
1780555045.7633615,VDD_IN,7124.16,,
1780555045.7633615,VDD_CPU_GPU_CV,2514.944,,
1780555045.7633615,VDD_SOC,1771.2,,
1780555045.7633615,,,cpu-thermal,52.656
1780555045.7633615,,,gpu-thermal,53.343
1780555045.7633615,,,soc0-thermal,51.156
1780555045.7633615,,,soc1-thermal,50.625
1780555045.7633615,,,soc2-thermal,50.875
1780555045.7633615,,,tj-thermal,53.343
1780555045.8689668,VDD_IN,7214.592,,
1780555045.8689668,VDD_CPU_GPU_CV,2514.944,,
1780555045.8689668,VDD_SOC,1810.56,,
1780555045.8689668,,,cpu-thermal,52.593
1780555045.8689668,,,gpu-thermal,53.281
1780555045.8689668,,,soc0-thermal,51.312
1780555045.8689668,,,soc1-thermal,50.843
1780555045.8689668,,,soc2-thermal,50.937
1780555045.8689668,,,tj-thermal,53.281
1780555045.9744215,VDD_IN,7254.016,,
1780555045.9744215,VDD_CPU_GPU_CV,2558.4,,
1780555045.9744215,VDD_SOC,1813.504,,
1780555045.9744215,,,cpu-thermal,53.0
1780555045.9744215,,,gpu-thermal,53.531
1780555045.9744215,,,soc0-thermal,51.343
1780555045.9744215,,,soc1-thermal,50.593
1780555045.9744215,,,soc2-thermal,50.875
1780555045.9744215,,,tj-thermal,53.875
1780555046.0799515,VDD_IN,7214.592,,
1780555046.0799515,VDD_CPU_GPU_CV,2558.4,,
1780555046.0799515,VDD_SOC,1813.504,,
1780555046.0799515,,,cpu-thermal,52.625
1780555046.0799515,,,gpu-thermal,53.312
1780555046.0799515,,,soc0-thermal,51.187
1780555046.0799515,,,soc1-thermal,50.687
1780555046.0799515,,,soc2-thermal,50.906
1780555046.0799515,,,tj-thermal,53.531
1780555046.185543,VDD_IN,7214.592,,
1780555046.185543,VDD_CPU_GPU_CV,2519.04,,
1780555046.185543,VDD_SOC,1813.504,,
1780555046.185543,,,cpu-thermal,52.687
1780555046.185543,,,gpu-thermal,53.343
1780555046.185543,,,soc0-thermal,51.25
1780555046.185543,,,soc1-thermal,50.75
1780555046.185543,,,soc2-thermal,50.843
1780555046.185543,,,tj-thermal,53.343
1780555046.2911425,VDD_IN,7214.592,,
1780555046.2911425,VDD_CPU_GPU_CV,2519.04,,
1780555046.2911425,VDD_SOC,1813.504,,
1780555046.2911425,,,cpu-thermal,52.906
1780555046.2911425,,,gpu-thermal,53.812
1780555046.2911425,,,soc0-thermal,51.25
1780555046.2911425,,,soc1-thermal,50.562
1780555046.2911425,,,soc2-thermal,50.937
1780555046.2911425,,,tj-thermal,53.812
1780555046.3970547,VDD_IN,7175.168,,
1780555046.3970547,VDD_CPU_GPU_CV,2475.648,,
1780555046.3970547,VDD_SOC,1810.56,,
1780555046.3970547,,,cpu-thermal,53.0
1780555046.3970547,,,gpu-thermal,53.593
1780555046.3970547,,,soc0-thermal,51.218
1780555046.3970547,,,soc1-thermal,50.687
1780555046.3970547,,,soc2-thermal,50.812
1780555046.3970547,,,tj-thermal,53.593
1780555046.502685,VDD_IN,7135.744,,
1780555046.502685,VDD_CPU_GPU_CV,2479.68,,
1780555046.502685,VDD_SOC,1813.504,,
1780555046.502685,,,cpu-thermal,53.25
1780555046.502685,,,gpu-thermal,53.562
1780555046.502685,,,soc0-thermal,51.281
1780555046.502685,,,soc1-thermal,50.718
1780555046.502685,,,soc2-thermal,50.937
1780555046.502685,,,tj-thermal,53.562
1780555046.608396,VDD_IN,7135.744,,
1780555046.608396,VDD_CPU_GPU_CV,2479.68,,
1780555046.608396,VDD_SOC,1774.08,,
1780555046.608396,,,cpu-thermal,52.843
1780555046.608396,,,gpu-thermal,53.843
1780555046.608396,,,soc0-thermal,51.312
1780555046.608396,,,soc1-thermal,50.843
1780555046.608396,,,soc2-thermal,50.906
1780555046.608396,,,tj-thermal,53.531
1780555046.7143188,VDD_IN,7135.744,,
1780555046.7143188,VDD_CPU_GPU_CV,2440.32,,
1780555046.7143188,VDD_SOC,1774.08,,
1780555046.7143188,,,cpu-thermal,52.906
1780555046.7143188,,,gpu-thermal,53.562
1780555046.7143188,,,soc0-thermal,51.375
1780555046.7143188,,,soc1-thermal,50.625
1780555046.7143188,,,soc2-thermal,51.031
1780555046.7143188,,,tj-thermal,53.562
1780555046.8199902,VDD_IN,7135.744,,
1780555046.8199902,VDD_CPU_GPU_CV,2479.68,,
1780555046.8199902,VDD_SOC,1813.504,,
1780555046.8199902,,,cpu-thermal,52.968
1780555046.8199902,,,gpu-thermal,53.562
1780555046.8199902,,,soc0-thermal,51.312
1780555046.8199902,,,soc1-thermal,50.718
1780555046.8199902,,,soc2-thermal,50.937
1780555046.8199902,,,tj-thermal,53.562
1780555046.9259195,VDD_IN,7214.592,,
1780555046.9259195,VDD_CPU_GPU_CV,2519.04,,
1780555046.9259195,VDD_SOC,1813.504,,
1780555046.9259195,,,cpu-thermal,52.843
1780555046.9259195,,,gpu-thermal,53.562
1780555046.9259195,,,soc0-thermal,51.375
1780555046.9259195,,,soc1-thermal,50.843
1780555046.9259195,,,soc2-thermal,50.937
1780555046.9259195,,,tj-thermal,53.562
1780555047.0315623,VDD_IN,7254.016,,
1780555047.0315623,VDD_CPU_GPU_CV,2519.04,,
1780555047.0315623,VDD_SOC,1813.504,,
1780555047.0315623,,,cpu-thermal,52.875
1780555047.0315623,,,gpu-thermal,53.468
1780555047.0315623,,,soc0-thermal,51.375
1780555047.0315623,,,soc1-thermal,50.843
1780555047.0315623,,,soc2-thermal,51.062
1780555047.0315623,,,tj-thermal,53.468
1780555047.1371958,VDD_IN,7214.592,,
1780555047.1371958,VDD_CPU_GPU_CV,2519.04,,
1780555047.1371958,VDD_SOC,1813.504,,
1780555047.1371958,,,cpu-thermal,52.937
1780555047.1371958,,,gpu-thermal,53.343
1780555047.1371958,,,soc0-thermal,51.531
1780555047.1371958,,,soc1-thermal,50.687
1780555047.1371958,,,soc2-thermal,51.062
1780555047.1371958,,,tj-thermal,53.343
1780555047.243441,VDD_IN,7175.168,,
1780555047.243441,VDD_CPU_GPU_CV,2519.04,,
1780555047.243441,VDD_SOC,1813.504,,
1780555047.243441,,,cpu-thermal,52.843
1780555047.243441,,,gpu-thermal,53.5
1780555047.243441,,,soc0-thermal,51.375
1780555047.243441,,,soc1-thermal,50.875
1780555047.243441,,,soc2-thermal,51.062
1780555047.243441,,,tj-thermal,53.718
1780555047.3493059,VDD_IN,7175.168,,
1780555047.3493059,VDD_CPU_GPU_CV,2479.68,,
1780555047.3493059,VDD_SOC,1774.08,,
1780555047.3493059,,,cpu-thermal,52.937
1780555047.3493059,,,gpu-thermal,53.5
1780555047.3493059,,,soc0-thermal,51.437
1780555047.3493059,,,soc1-thermal,50.875
1780555047.3493059,,,soc2-thermal,51.0
1780555047.3493059,,,tj-thermal,53.656
1780555047.4549472,VDD_IN,7135.744,,
1780555047.4549472,VDD_CPU_GPU_CV,2479.68,,
1780555047.4549472,VDD_SOC,1774.08,,
1780555047.4549472,,,cpu-thermal,52.875
1780555047.4549472,,,gpu-thermal,53.906
1780555047.4549472,,,soc0-thermal,51.531
1780555047.4549472,,,soc1-thermal,50.781
1780555047.4549472,,,soc2-thermal,51.156
1780555047.4549472,,,tj-thermal,53.531
1780555047.561361,VDD_IN,7135.744,,
1780555047.561361,VDD_CPU_GPU_CV,2479.68,,
1780555047.561361,VDD_SOC,1774.08,,
1780555047.561361,,,cpu-thermal,52.843
1780555047.561361,,,gpu-thermal,53.75
1780555047.561361,,,soc0-thermal,51.406
1780555047.561361,,,soc1-thermal,50.781
1780555047.561361,,,soc2-thermal,51.093
1780555047.561361,,,tj-thermal,53.75
1780555047.667437,VDD_IN,7096.32,,
1780555047.667437,VDD_CPU_GPU_CV,2479.68,,
1780555047.667437,VDD_SOC,1774.08,,
1780555047.667437,,,cpu-thermal,52.875
1780555047.667437,,,gpu-thermal,53.625
1780555047.667437,,,soc0-thermal,51.375
1780555047.667437,,,soc1-thermal,50.968
1780555047.667437,,,soc2-thermal,51.031
1780555047.667437,,,tj-thermal,53.437
1780555047.7739353,VDD_IN,7096.32,,
1780555047.7739353,VDD_CPU_GPU_CV,2479.68,,
1780555047.7739353,VDD_SOC,1774.08,,
1780555047.7739353,,,cpu-thermal,53.031
1780555047.7739353,,,gpu-thermal,53.625
1780555047.7739353,,,soc0-thermal,51.468
1780555047.7739353,,,soc1-thermal,51.0
1780555047.7739353,,,soc2-thermal,51.125
1780555047.7739353,,,tj-thermal,53.625
1780555047.8795543,VDD_IN,7175.168,,
1780555047.8795543,VDD_CPU_GPU_CV,2519.04,,
1780555047.8795543,VDD_SOC,1813.504,,
1780555047.8795543,,,cpu-thermal,53.093
1780555047.8795543,,,gpu-thermal,53.562
1780555047.8795543,,,soc0-thermal,51.343
1780555047.8795543,,,soc1-thermal,50.718
1780555047.8795543,,,soc2-thermal,51.156
1780555047.8795543,,,tj-thermal,53.562
1780555047.985107,VDD_IN,7214.592,,
1780555047.985107,VDD_CPU_GPU_CV,2558.4,,
1780555047.985107,VDD_SOC,1813.504,,
1780555047.985107,,,cpu-thermal,52.875
1780555047.985107,,,gpu-thermal,53.625
1780555047.985107,,,soc0-thermal,51.406
1780555047.985107,,,soc1-thermal,50.843
1780555047.985107,,,soc2-thermal,51.093
1780555047.985107,,,tj-thermal,53.625
1780555048.0910535,VDD_IN,7214.592,,
1780555048.0910535,VDD_CPU_GPU_CV,2519.04,,
1780555048.0910535,VDD_SOC,1813.504,,
1780555048.0910535,,,cpu-thermal,52.968
1780555048.0910535,,,gpu-thermal,53.875
1780555048.0910535,,,soc0-thermal,51.468
1780555048.0910535,,,soc1-thermal,50.968
1780555048.0910535,,,soc2-thermal,51.125
1780555048.0910535,,,tj-thermal,53.875
1780555048.1969802,VDD_IN,7214.592,,
1780555048.1969802,VDD_CPU_GPU_CV,2519.04,,
1780555048.1969802,VDD_SOC,1813.504,,
1780555048.1969802,,,cpu-thermal,53.062
1780555048.1969802,,,gpu-thermal,53.531
1780555048.1969802,,,soc0-thermal,51.625
1780555048.1969802,,,soc1-thermal,50.812
1780555048.1969802,,,soc2-thermal,51.218
1780555048.1969802,,,tj-thermal,53.781
1780555048.3030174,VDD_IN,7175.168,,
1780555048.3030174,VDD_CPU_GPU_CV,2519.04,,
1780555048.3030174,VDD_SOC,1813.504,,
1780555048.3030174,,,cpu-thermal,53.25
1780555048.3030174,,,gpu-thermal,53.562
1780555048.3030174,,,soc0-thermal,51.468
1780555048.3030174,,,soc1-thermal,50.937
1780555048.3030174,,,soc2-thermal,51.062
1780555048.3030174,,,tj-thermal,53.656
1780555048.4087281,VDD_IN,7175.168,,
1780555048.4087281,VDD_CPU_GPU_CV,2479.68,,
1780555048.4087281,VDD_SOC,1813.504,,
1780555048.4087281,,,cpu-thermal,53.0
1780555048.4087281,,,gpu-thermal,53.906
1780555048.4087281,,,soc0-thermal,51.531
1780555048.4087281,,,soc1-thermal,50.968
1780555048.4087281,,,soc2-thermal,51.062
1780555048.4087281,,,tj-thermal,53.593
1780555048.5148556,VDD_IN,7135.744,,
1780555048.5148556,VDD_CPU_GPU_CV,2479.68,,
1780555048.5148556,VDD_SOC,1774.08,,
1780555048.5148556,,,cpu-thermal,53.0
1780555048.5148556,,,gpu-thermal,53.75
1780555048.5148556,,,soc0-thermal,51.593
1780555048.5148556,,,soc1-thermal,50.75
1780555048.5148556,,,soc2-thermal,51.281
1780555048.5148556,,,tj-thermal,53.75
1780555048.6205559,VDD_IN,7135.744,,
1780555048.6205559,VDD_CPU_GPU_CV,2479.68,,
1780555048.6205559,VDD_SOC,1774.08,,
1780555048.6205559,,,cpu-thermal,53.156
1780555048.6205559,,,gpu-thermal,53.687
1780555048.6205559,,,soc0-thermal,51.468
1780555048.6205559,,,soc1-thermal,50.937
1780555048.6205559,,,soc2-thermal,51.125
1780555048.6205559,,,tj-thermal,53.687
1780555048.726247,VDD_IN,7135.744,,
1780555048.726247,VDD_CPU_GPU_CV,2479.68,,
1780555048.726247,VDD_SOC,1774.08,,
1780555048.726247,,,cpu-thermal,52.937
1780555048.726247,,,gpu-thermal,53.625
1780555048.726247,,,soc0-thermal,51.593
1780555048.726247,,,soc1-thermal,50.906
1780555048.726247,,,soc2-thermal,51.187
1780555048.726247,,,tj-thermal,53.625
1780555048.8321362,VDD_IN,7175.168,,
1780555048.8321362,VDD_CPU_GPU_CV,2479.68,,
1780555048.8321362,VDD_SOC,1813.504,,
1780555048.8321362,,,cpu-thermal,52.937
1780555048.8321362,,,gpu-thermal,53.625
1780555048.8321362,,,soc0-thermal,51.531
1780555048.8321362,,,soc1-thermal,51.0
1780555048.8321362,,,soc2-thermal,51.25
1780555048.8321362,,,tj-thermal,53.625
1780555048.9377308,VDD_IN,7214.592,,
1780555048.9377308,VDD_CPU_GPU_CV,2519.04,,
1780555048.9377308,VDD_SOC,1813.504,,
1780555048.9377308,,,cpu-thermal,52.937
1780555048.9377308,,,gpu-thermal,53.781
1780555048.9377308,,,soc0-thermal,51.656
1780555048.9377308,,,soc1-thermal,50.843
1780555048.9377308,,,soc2-thermal,51.218
1780555048.9377308,,,tj-thermal,54.0
1780555049.043137,VDD_IN,7254.016,,
1780555049.043137,VDD_CPU_GPU_CV,2558.4,,
1780555049.043137,VDD_SOC,1813.504,,
1780555049.043137,,,cpu-thermal,53.031
1780555049.043137,,,gpu-thermal,53.656
1780555049.043137,,,soc0-thermal,51.5
1780555049.043137,,,soc1-thermal,50.812
1780555049.043137,,,soc2-thermal,51.187
1780555049.043137,,,tj-thermal,53.656
1780555049.1489432,VDD_IN,7214.592,,
1780555049.1489432,VDD_CPU_GPU_CV,2519.04,,
1780555049.1489432,VDD_SOC,1813.504,,
1780555049.1489432,,,cpu-thermal,52.968
1780555049.1489432,,,gpu-thermal,53.531
1780555049.1489432,,,soc0-thermal,51.625
1780555049.1489432,,,soc1-thermal,51.0
1780555049.1489432,,,soc2-thermal,51.218
1780555049.1489432,,,tj-thermal,53.531
1780555049.2546237,VDD_IN,7214.592,,
1780555049.2546237,VDD_CPU_GPU_CV,2479.68,,
1780555049.2546237,VDD_SOC,1813.504,,
1780555049.2546237,,,cpu-thermal,53.093
1780555049.2546237,,,gpu-thermal,53.968
1780555049.2546237,,,soc0-thermal,51.656
1780555049.2546237,,,soc1-thermal,51.156
1780555049.2546237,,,soc2-thermal,51.218
1780555049.2546237,,,tj-thermal,53.968
1780555049.3606782,VDD_IN,7214.592,,
1780555049.3606782,VDD_CPU_GPU_CV,2479.68,,
1780555049.3606782,VDD_SOC,1813.504,,
1780555049.3606782,,,cpu-thermal,53.312
1780555049.3606782,,,gpu-thermal,53.937
1780555049.3606782,,,soc0-thermal,51.718
1780555049.3606782,,,soc1-thermal,50.875
1780555049.3606782,,,soc2-thermal,51.437
1780555049.3606782,,,tj-thermal,53.937
1780555049.4665415,VDD_IN,7175.168,,
1780555049.4665415,VDD_CPU_GPU_CV,2479.68,,
1780555049.4665415,VDD_SOC,1810.56,,
1780555049.4665415,,,cpu-thermal,53.062
1780555049.4665415,,,gpu-thermal,53.593
1780555049.4665415,,,soc0-thermal,51.625
1780555049.4665415,,,soc1-thermal,51.031
1780555049.4665415,,,soc2-thermal,51.187
1780555049.4665415,,,tj-thermal,53.687
1780555049.5721266,VDD_IN,7135.744,,
1780555049.5721266,VDD_CPU_GPU_CV,2479.68,,
1780555049.5721266,VDD_SOC,1810.56,,
1780555049.5721266,,,cpu-thermal,52.937
1780555049.5721266,,,gpu-thermal,54.062
1780555049.5721266,,,soc0-thermal,51.687
1780555049.5721266,,,soc1-thermal,51.093
1780555049.5721266,,,soc2-thermal,51.218
1780555049.5721266,,,tj-thermal,53.75
1780555049.678557,VDD_IN,7135.744,,
1780555049.678557,VDD_CPU_GPU_CV,2475.648,,
1780555049.678557,VDD_SOC,1771.2,,
1780555049.678557,,,cpu-thermal,53.312
1780555049.678557,,,gpu-thermal,53.937
1780555049.678557,,,soc0-thermal,51.718
1780555049.678557,,,soc1-thermal,50.906
1780555049.678557,,,soc2-thermal,51.343
1780555049.678557,,,tj-thermal,53.687
1780555049.7841606,VDD_IN,7135.744,,
1780555049.7841606,VDD_CPU_GPU_CV,2475.648,,
1780555049.7841606,VDD_SOC,1771.2,,
1780555049.7841606,,,cpu-thermal,53.375
1780555049.7841606,,,gpu-thermal,53.75
1780555049.7841606,,,soc0-thermal,51.625
1780555049.7841606,,,soc1-thermal,51.093
1780555049.7841606,,,soc2-thermal,51.218
1780555049.7841606,,,tj-thermal,53.75
1780555049.8899937,VDD_IN,7175.168,,
1780555049.8899937,VDD_CPU_GPU_CV,2519.04,,
1780555049.8899937,VDD_SOC,1813.504,,
1780555049.8899937,,,cpu-thermal,52.937
1780555049.8899937,,,gpu-thermal,53.781
1780555049.8899937,,,soc0-thermal,51.687
1780555049.8899937,,,soc1-thermal,51.093
1780555049.8899937,,,soc2-thermal,51.343
1780555049.8899937,,,tj-thermal,53.781
1780555049.9960222,VDD_IN,7254.016,,
1780555049.9960222,VDD_CPU_GPU_CV,2519.04,,
1780555049.9960222,VDD_SOC,1813.504,,
1780555049.9960222,,,cpu-thermal,53.218
1780555049.9960222,,,gpu-thermal,53.75
1780555049.9960222,,,soc0-thermal,51.75
1780555049.9960222,,,soc1-thermal,51.125
1780555049.9960222,,,soc2-thermal,51.343
1780555049.9960222,,,tj-thermal,53.75
1780555050.1019466,VDD_IN,7214.592,,
1780555050.1019466,VDD_CPU_GPU_CV,2519.04,,
1780555050.1019466,VDD_SOC,1813.504,,
1780555050.1019466,,,cpu-thermal,53.25
1780555050.1019466,,,gpu-thermal,54.093
1780555050.1019466,,,soc0-thermal,51.625
1780555050.1019466,,,soc1-thermal,50.968
1780555050.1019466,,,soc2-thermal,51.281
1780555050.1019466,,,tj-thermal,54.093
1780555050.2080781,VDD_IN,7214.592,,
1780555050.2080781,VDD_CPU_GPU_CV,2519.04,,
1780555050.2080781,VDD_SOC,1813.504,,
1780555050.2080781,,,cpu-thermal,53.156
1780555050.2080781,,,gpu-thermal,54.0
1780555050.2080781,,,soc0-thermal,51.718
1780555050.2080781,,,soc1-thermal,51.093
1780555050.2080781,,,soc2-thermal,51.281
1780555050.2080781,,,tj-thermal,54.0
1780555050.3140495,VDD_IN,7175.168,,
1780555050.3140495,VDD_CPU_GPU_CV,2519.04,,
1780555050.3140495,VDD_SOC,1813.504,,
1780555050.3140495,,,cpu-thermal,53.25
1780555050.3140495,,,gpu-thermal,53.968
1780555050.3140495,,,soc0-thermal,51.625
1780555050.3140495,,,soc1-thermal,51.187
1780555050.3140495,,,soc2-thermal,51.375
1780555050.3140495,,,tj-thermal,53.968
1780555050.4200637,VDD_IN,7175.168,,
1780555050.4200637,VDD_CPU_GPU_CV,2479.68,,
1780555050.4200637,VDD_SOC,1813.504,,
1780555050.4200637,,,cpu-thermal,53.187
1780555050.4200637,,,gpu-thermal,54.125
1780555050.4200637,,,soc0-thermal,51.812
1780555050.4200637,,,soc1-thermal,50.875
1780555050.4200637,,,soc2-thermal,51.437
1780555050.4200637,,,tj-thermal,53.875
1780555050.5256786,VDD_IN,7135.744,,
1780555050.5256786,VDD_CPU_GPU_CV,2479.68,,
1780555050.5256786,VDD_SOC,1813.504,,
1780555050.5256786,,,cpu-thermal,53.156
1780555050.5256786,,,gpu-thermal,54.0
1780555050.5256786,,,soc0-thermal,51.656
1780555050.5256786,,,soc1-thermal,51.062
1780555050.5256786,,,soc2-thermal,51.406
1780555050.5256786,,,tj-thermal,53.781
1780555050.6318307,VDD_IN,7135.744,,
1780555050.6318307,VDD_CPU_GPU_CV,2479.68,,
1780555050.6318307,VDD_SOC,1774.08,,
1780555050.6318307,,,cpu-thermal,53.187
1780555050.6318307,,,gpu-thermal,53.906
1780555050.6318307,,,soc0-thermal,51.687
1780555050.6318307,,,soc1-thermal,51.156
1780555050.6318307,,,soc2-thermal,51.343
1780555050.6318307,,,tj-thermal,53.906
1780555050.7375584,VDD_IN,7135.744,,
1780555050.7375584,VDD_CPU_GPU_CV,2479.68,,
1780555050.7375584,VDD_SOC,1774.08,,
1780555050.7375584,,,cpu-thermal,53.187
1780555050.7375584,,,gpu-thermal,53.812
1780555050.7375584,,,soc0-thermal,51.781
1780555050.7375584,,,soc1-thermal,51.281
1780555050.7375584,,,soc2-thermal,51.406
1780555050.7375584,,,tj-thermal,53.812
1780555050.8431466,VDD_IN,7175.168,,
1780555050.8431466,VDD_CPU_GPU_CV,2479.68,,
1780555050.8431466,VDD_SOC,1774.08,,
1780555050.8431466,,,cpu-thermal,53.156
1780555050.8431466,,,gpu-thermal,53.875
1780555050.8431466,,,soc0-thermal,52.0
1780555050.8431466,,,soc1-thermal,51.062
1780555050.8431466,,,soc2-thermal,51.5
1780555050.8431466,,,tj-thermal,53.875
1780555050.948713,VDD_IN,7214.592,,
1780555050.948713,VDD_CPU_GPU_CV,2519.04,,
1780555050.948713,VDD_SOC,1813.504,,
1780555050.948713,,,cpu-thermal,53.281
1780555050.948713,,,gpu-thermal,54.343
1780555050.948713,,,soc0-thermal,51.656
1780555050.948713,,,soc1-thermal,51.156
1780555050.948713,,,soc2-thermal,51.406
1780555050.948713,,,tj-thermal,54.343
1780555051.0546992,VDD_IN,7254.016,,
1780555051.0546992,VDD_CPU_GPU_CV,2519.04,,
1780555051.0546992,VDD_SOC,1813.504,,
1780555051.0546992,,,cpu-thermal,53.156
1780555051.0546992,,,gpu-thermal,53.875
1780555051.0546992,,,soc0-thermal,51.781
1780555051.0546992,,,soc1-thermal,51.218
1780555051.0546992,,,soc2-thermal,51.531
1780555051.0546992,,,tj-thermal,54.125
1780555051.160362,VDD_IN,7214.592,,
1780555051.160362,VDD_CPU_GPU_CV,2519.04,,
1780555051.160362,VDD_SOC,1813.504,,
1780555051.160362,,,cpu-thermal,53.468
1780555051.160362,,,gpu-thermal,53.75
1780555051.160362,,,soc0-thermal,51.875
1780555051.160362,,,soc1-thermal,51.281
1780555051.160362,,,soc2-thermal,51.593
1780555051.160362,,,tj-thermal,53.968
1780555051.2663114,VDD_IN,7214.592,,
1780555051.2663114,VDD_CPU_GPU_CV,2479.68,,
1780555051.2663114,VDD_SOC,1813.504,,
1780555051.2663114,,,cpu-thermal,53.593
1780555051.2663114,,,gpu-thermal,54.25
1780555051.2663114,,,soc0-thermal,51.75
1780555051.2663114,,,soc1-thermal,51.125
1780555051.2663114,,,soc2-thermal,51.437
1780555051.2663114,,,tj-thermal,54.25
1780555051.372283,VDD_IN,7214.592,,
1780555051.372283,VDD_CPU_GPU_CV,2519.04,,
1780555051.372283,VDD_SOC,1813.504,,
1780555051.372283,,,cpu-thermal,53.218
1780555051.372283,,,gpu-thermal,54.062
1780555051.372283,,,soc0-thermal,51.718
1780555051.372283,,,soc1-thermal,51.312
1780555051.372283,,,soc2-thermal,51.468
1780555051.372283,,,tj-thermal,53.875
1780555051.4788349,VDD_IN,7214.592,,
1780555051.4788349,VDD_CPU_GPU_CV,2519.04,,
1780555051.4788349,VDD_SOC,1771.2,,
1780555051.4788349,,,cpu-thermal,53.343
1780555051.4788349,,,gpu-thermal,54.0
1780555051.4788349,,,soc0-thermal,51.875
1780555051.4788349,,,soc1-thermal,51.343
1780555051.4788349,,,soc2-thermal,51.562
1780555051.4788349,,,tj-thermal,54.0
1780555051.5847073,VDD_IN,7175.168,,
1780555051.5847073,VDD_CPU_GPU_CV,2479.68,,
1780555051.5847073,VDD_SOC,1774.08,,
1780555051.5847073,,,cpu-thermal,53.5
1780555051.5847073,,,gpu-thermal,53.968
1780555051.5847073,,,soc0-thermal,51.781
1780555051.5847073,,,soc1-thermal,51.156
1780555051.5847073,,,soc2-thermal,51.406
1780555051.5847073,,,tj-thermal,53.968
1780555051.6910653,VDD_IN,7175.168,,
1780555051.6910653,VDD_CPU_GPU_CV,2479.68,,
1780555051.6910653,VDD_SOC,1774.08,,
1780555051.6910653,,,cpu-thermal,53.343
1780555051.6910653,,,gpu-thermal,53.937
1780555051.6910653,,,soc0-thermal,51.781
1780555051.6910653,,,soc1-thermal,51.156
1780555051.6910653,,,soc2-thermal,51.5
1780555051.6910653,,,tj-thermal,53.937
1780555051.796989,VDD_IN,7175.168,,
1780555051.796989,VDD_CPU_GPU_CV,2479.68,,
1780555051.796989,VDD_SOC,1774.08,,
1780555051.796989,,,cpu-thermal,53.406
1780555051.796989,,,gpu-thermal,54.437
1780555051.796989,,,soc0-thermal,51.843
1780555051.796989,,,soc1-thermal,51.312
1780555051.796989,,,soc2-thermal,51.625
1780555051.796989,,,tj-thermal,54.437
1780555051.9029834,VDD_IN,7214.592,,
1780555051.9029834,VDD_CPU_GPU_CV,2519.04,,
1780555051.9029834,VDD_SOC,1813.504,,
1780555051.9029834,,,cpu-thermal,53.375
1780555051.9029834,,,gpu-thermal,54.343
1780555051.9029834,,,soc0-thermal,51.968
1780555051.9029834,,,soc1-thermal,51.187
1780555051.9029834,,,soc2-thermal,51.593
1780555051.9029834,,,tj-thermal,54.343
1780555052.0089808,VDD_IN,7254.016,,
1780555052.0089808,VDD_CPU_GPU_CV,2558.4,,
1780555052.0089808,VDD_SOC,1813.504,,
1780555052.0089808,,,cpu-thermal,53.312
1780555052.0089808,,,gpu-thermal,54.25
1780555052.0089808,,,soc0-thermal,51.812
1780555052.0089808,,,soc1-thermal,51.281
1780555052.0089808,,,soc2-thermal,51.437
1780555052.0089808,,,tj-thermal,54.25
1780555052.1154475,VDD_IN,7254.016,,
1780555052.1154475,VDD_CPU_GPU_CV,2519.04,,
1780555052.1154475,VDD_SOC,1813.504,,
1780555052.1154475,,,cpu-thermal,53.375
1780555052.1154475,,,gpu-thermal,54.093
1780555052.1154475,,,soc0-thermal,51.906
1780555052.1154475,,,soc1-thermal,51.281
1780555052.1154475,,,soc2-thermal,51.562
1780555052.1154475,,,tj-thermal,54.093
1780555052.2210398,VDD_IN,7214.592,,
1780555052.2210398,VDD_CPU_GPU_CV,2519.04,,
1780555052.2210398,VDD_SOC,1813.504,,
1780555052.2210398,,,cpu-thermal,53.406
1780555052.2210398,,,gpu-thermal,54.218
1780555052.2210398,,,soc0-thermal,51.906
1780555052.2210398,,,soc1-thermal,51.187
1780555052.2210398,,,soc2-thermal,51.625
1780555052.2210398,,,tj-thermal,54.031
1780555052.3267295,VDD_IN,7214.592,,
1780555052.3267295,VDD_CPU_GPU_CV,2519.04,,
1780555052.3267295,VDD_SOC,1813.504,,
1780555052.3267295,,,cpu-thermal,53.312
1780555052.3267295,,,gpu-thermal,54.187
1780555052.3267295,,,soc0-thermal,51.781
1780555052.3267295,,,soc1-thermal,51.25
1780555052.3267295,,,soc2-thermal,51.5
1780555052.3267295,,,tj-thermal,53.906
1780555052.4329126,VDD_IN,7175.168,,
1780555052.4329126,VDD_CPU_GPU_CV,2479.68,,
1780555052.4329126,VDD_SOC,1813.504,,
1780555052.4329126,,,cpu-thermal,53.406
1780555052.4329126,,,gpu-thermal,54.093
1780555052.4329126,,,soc0-thermal,52.0
1780555052.4329126,,,soc1-thermal,51.312
1780555052.4329126,,,soc2-thermal,51.687
1780555052.4329126,,,tj-thermal,54.093
1780555052.5384803,VDD_IN,7135.744,,
1780555052.5384803,VDD_CPU_GPU_CV,2479.68,,
1780555052.5384803,VDD_SOC,1813.504,,
1780555052.5384803,,,cpu-thermal,53.375
1780555052.5384803,,,gpu-thermal,54.031
1780555052.5384803,,,soc0-thermal,51.968
1780555052.5384803,,,soc1-thermal,51.5
1780555052.5384803,,,soc2-thermal,51.593
1780555052.5384803,,,tj-thermal,54.031
1780555052.6441557,VDD_IN,7135.744,,
1780555052.6441557,VDD_CPU_GPU_CV,2479.68,,
1780555052.6441557,VDD_SOC,1813.504,,
1780555052.6441557,,,cpu-thermal,53.656
1780555052.6441557,,,gpu-thermal,54.0
1780555052.6441557,,,soc0-thermal,52.062
1780555052.6441557,,,soc1-thermal,51.281
1780555052.6441557,,,soc2-thermal,51.656
1780555052.6441557,,,tj-thermal,54.0
1780555052.7499435,VDD_IN,7135.744,,
1780555052.7499435,VDD_CPU_GPU_CV,2440.32,,
1780555052.7499435,VDD_SOC,1774.08,,
1780555052.7499435,,,cpu-thermal,53.906
1780555052.7499435,,,gpu-thermal,54.218
1780555052.7499435,,,soc0-thermal,51.937
1780555052.7499435,,,soc1-thermal,51.281
1780555052.7499435,,,soc2-thermal,51.656
1780555052.7499435,,,tj-thermal,54.218
1780555052.8554296,VDD_IN,7175.168,,
1780555052.8554296,VDD_CPU_GPU_CV,2479.68,,
1780555052.8554296,VDD_SOC,1813.504,,
1780555052.8554296,,,cpu-thermal,53.312
1780555052.8554296,,,gpu-thermal,54.125
1780555052.8554296,,,soc0-thermal,52.031
1780555052.8554296,,,soc1-thermal,51.375
1780555052.8554296,,,soc2-thermal,51.656
1780555052.8554296,,,tj-thermal,54.218
1780555052.960947,VDD_IN,7254.016,,
1780555052.960947,VDD_CPU_GPU_CV,2519.04,,
1780555052.960947,VDD_SOC,1813.504,,
1780555052.960947,,,cpu-thermal,53.531
1780555052.960947,,,gpu-thermal,54.062
1780555052.960947,,,soc0-thermal,52.062
1780555052.960947,,,soc1-thermal,51.468
1780555052.960947,,,soc2-thermal,51.687
1780555052.960947,,,tj-thermal,54.062
1780555053.0665138,VDD_IN,7254.016,,
1780555053.0665138,VDD_CPU_GPU_CV,2519.04,,
1780555053.0665138,VDD_SOC,1813.504,,
1780555053.0665138,,,cpu-thermal,53.656
1780555053.0665138,,,gpu-thermal,54.343
1780555053.0665138,,,soc0-thermal,52.156
1780555053.0665138,,,soc1-thermal,51.281
1780555053.0665138,,,soc2-thermal,51.687
1780555053.0665138,,,tj-thermal,54.343
1780555053.1721683,VDD_IN,7214.592,,
1780555053.1721683,VDD_CPU_GPU_CV,2519.04,,
1780555053.1721683,VDD_SOC,1813.504,,
1780555053.1721683,,,cpu-thermal,53.843
1780555053.1721683,,,gpu-thermal,54.125
1780555053.1721683,,,soc0-thermal,52.0
1780555053.1721683,,,soc1-thermal,51.343
1780555053.1721683,,,soc2-thermal,51.687
1780555053.1721683,,,tj-thermal,54.125
1780555053.2777822,VDD_IN,7175.168,,
1780555053.2777822,VDD_CPU_GPU_CV,2519.04,,
1780555053.2777822,VDD_SOC,1813.504,,
1780555053.2777822,,,cpu-thermal,53.437
1780555053.2777822,,,gpu-thermal,54.156
1780555053.2777822,,,soc0-thermal,51.968
1780555053.2777822,,,soc1-thermal,51.406
1780555053.2777822,,,soc2-thermal,51.625
1780555053.2777822,,,tj-thermal,54.156
1780555053.3836396,VDD_IN,7175.168,,
1780555053.3836396,VDD_CPU_GPU_CV,2479.68,,
1780555053.3836396,VDD_SOC,1813.504,,
1780555053.3836396,,,cpu-thermal,53.656
1780555053.3836396,,,gpu-thermal,54.281
1780555053.3836396,,,soc0-thermal,52.156
1780555053.3836396,,,soc1-thermal,51.687
1780555053.3836396,,,soc2-thermal,51.718
1780555053.3836396,,,tj-thermal,54.156
1780555053.4893234,VDD_IN,7175.168,,
1780555053.4893234,VDD_CPU_GPU_CV,2479.68,,
1780555053.4893234,VDD_SOC,1813.504,,
1780555053.4893234,,,cpu-thermal,53.718
1780555053.4893234,,,gpu-thermal,54.218
1780555053.4893234,,,soc0-thermal,51.937
1780555053.4893234,,,soc1-thermal,51.406
1780555053.4893234,,,soc2-thermal,51.656
1780555053.4893234,,,tj-thermal,54.218
1780555053.5950685,VDD_IN,7135.744,,
1780555053.5950685,VDD_CPU_GPU_CV,2479.68,,
1780555053.5950685,VDD_SOC,1813.504,,
1780555053.5950685,,,cpu-thermal,53.437
1780555053.5950685,,,gpu-thermal,54.125
1780555053.5950685,,,soc0-thermal,52.0
1780555053.5950685,,,soc1-thermal,51.343
1780555053.5950685,,,soc2-thermal,51.75
1780555053.5950685,,,tj-thermal,54.125
1780555053.700946,VDD_IN,7135.744,,
1780555053.700946,VDD_CPU_GPU_CV,2479.68,,
1780555053.700946,VDD_SOC,1774.08,,
1780555053.700946,,,cpu-thermal,53.531
1780555053.700946,,,gpu-thermal,54.125
1780555053.700946,,,soc0-thermal,52.062
1780555053.700946,,,soc1-thermal,51.531
1780555053.700946,,,soc2-thermal,51.718
1780555053.700946,,,tj-thermal,54.125
1780555053.8064604,VDD_IN,7135.744,,
1780555053.8064604,VDD_CPU_GPU_CV,2479.68,,
1780555053.8064604,VDD_SOC,1813.504,,
1780555053.8064604,,,cpu-thermal,53.562
1780555053.8064604,,,gpu-thermal,54.093
1780555053.8064604,,,soc0-thermal,52.125
1780555053.8064604,,,soc1-thermal,51.437
1780555053.8064604,,,soc2-thermal,51.781
1780555053.8064604,,,tj-thermal,54.093
1780555053.9121754,VDD_IN,7214.592,,
1780555053.9121754,VDD_CPU_GPU_CV,2519.04,,
1780555053.9121754,VDD_SOC,1813.504,,
1780555053.9121754,,,cpu-thermal,53.468
1780555053.9121754,,,gpu-thermal,54.312
1780555053.9121754,,,soc0-thermal,52.093
1780555053.9121754,,,soc1-thermal,51.468
1780555053.9121754,,,soc2-thermal,51.687
1780555053.9121754,,,tj-thermal,54.5
1780555054.0175931,VDD_IN,7254.016,,
1780555054.0175931,VDD_CPU_GPU_CV,2558.4,,
1780555054.0175931,VDD_SOC,1813.504,,
1780555054.0175931,,,cpu-thermal,53.406
1780555054.0175931,,,gpu-thermal,54.187
1780555054.0175931,,,soc0-thermal,52.093
1780555054.0175931,,,soc1-thermal,51.5
1780555054.0175931,,,soc2-thermal,51.75
1780555054.0175931,,,tj-thermal,54.187
1780555054.1231644,VDD_IN,7214.592,,
1780555054.1231644,VDD_CPU_GPU_CV,2519.04,,
1780555054.1231644,VDD_SOC,1813.504,,
1780555054.1231644,,,cpu-thermal,53.656
1780555054.1231644,,,gpu-thermal,54.125
1780555054.1231644,,,soc0-thermal,52.062
1780555054.1231644,,,soc1-thermal,51.625
1780555054.1231644,,,soc2-thermal,51.875
1780555054.1231644,,,tj-thermal,54.125
1780555054.2290473,VDD_IN,7214.592,,
1780555054.2290473,VDD_CPU_GPU_CV,2519.04,,
1780555054.2290473,VDD_SOC,1813.504,,
1780555054.2290473,,,cpu-thermal,53.5
1780555054.2290473,,,gpu-thermal,54.437
1780555054.2290473,,,soc0-thermal,52.031
1780555054.2290473,,,soc1-thermal,51.406
1780555054.2290473,,,soc2-thermal,51.812
1780555054.2290473,,,tj-thermal,54.437
1780555054.3348176,VDD_IN,7175.168,,
1780555054.3348176,VDD_CPU_GPU_CV,2479.68,,
1780555054.3348176,VDD_SOC,1813.504,,
1780555054.3348176,,,cpu-thermal,53.656
1780555054.3348176,,,gpu-thermal,54.312
1780555054.3348176,,,soc0-thermal,52.062
1780555054.3348176,,,soc1-thermal,51.5
1780555054.3348176,,,soc2-thermal,51.781
1780555054.3348176,,,tj-thermal,54.312
1780555054.440437,VDD_IN,7175.168,,
1780555054.440437,VDD_CPU_GPU_CV,2479.68,,
1780555054.440437,VDD_SOC,1813.504,,
1780555054.440437,,,cpu-thermal,53.5
1780555054.440437,,,gpu-thermal,54.281
1780555054.440437,,,soc0-thermal,52.156
1780555054.440437,,,soc1-thermal,51.593
1780555054.440437,,,soc2-thermal,51.843
1780555054.440437,,,tj-thermal,54.281
1780555054.546661,VDD_IN,7175.168,,
1780555054.546661,VDD_CPU_GPU_CV,2479.68,,
1780555054.546661,VDD_SOC,1774.08,,
1780555054.546661,,,cpu-thermal,53.843
1780555054.546661,,,gpu-thermal,54.437
1780555054.546661,,,soc0-thermal,52.25
1780555054.546661,,,soc1-thermal,51.406
1780555054.546661,,,soc2-thermal,51.812
1780555054.546661,,,tj-thermal,54.187
1780555054.6528158,VDD_IN,7135.744,,
1780555054.6528158,VDD_CPU_GPU_CV,2479.68,,
1780555054.6528158,VDD_SOC,1774.08,,
1780555054.6528158,,,cpu-thermal,54.031
1780555054.6528158,,,gpu-thermal,54.343
1780555054.6528158,,,soc0-thermal,52.156
1780555054.6528158,,,soc1-thermal,51.437
1780555054.6528158,,,soc2-thermal,51.718
1780555054.6528158,,,tj-thermal,54.187
1780555054.7584844,VDD_IN,7135.744,,
1780555054.7584844,VDD_CPU_GPU_CV,2479.68,,
1780555054.7584844,VDD_SOC,1774.08,,
1780555054.7584844,,,cpu-thermal,53.437
1780555054.7584844,,,gpu-thermal,54.25
1780555054.7584844,,,soc0-thermal,52.156
1780555054.7584844,,,soc1-thermal,51.531
1780555054.7584844,,,soc2-thermal,51.875
1780555054.7584844,,,tj-thermal,54.593
1780555054.8647447,VDD_IN,7175.168,,
1780555054.8647447,VDD_CPU_GPU_CV,2519.04,,
1780555054.8647447,VDD_SOC,1813.504,,
1780555054.8647447,,,cpu-thermal,53.781
1780555054.8647447,,,gpu-thermal,54.343
1780555054.8647447,,,soc0-thermal,52.125
1780555054.8647447,,,soc1-thermal,51.687
1780555054.8647447,,,soc2-thermal,51.875
1780555054.8647447,,,tj-thermal,54.343
1780555054.9703531,VDD_IN,7254.016,,
1780555054.9703531,VDD_CPU_GPU_CV,2519.04,,
1780555054.9703531,VDD_SOC,1813.504,,
1780555054.9703531,,,cpu-thermal,53.812
1780555054.9703531,,,gpu-thermal,54.312
1780555054.9703531,,,soc0-thermal,52.187
1780555054.9703531,,,soc1-thermal,51.468
1780555054.9703531,,,soc2-thermal,51.812
1780555054.9703531,,,tj-thermal,54.312
1780555055.0762527,VDD_IN,7254.016,,
1780555055.0762527,VDD_CPU_GPU_CV,2519.04,,
1780555055.0762527,VDD_SOC,1813.504,,
1780555055.0762527,,,cpu-thermal,53.968
1780555055.0762527,,,gpu-thermal,54.656
1780555055.0762527,,,soc0-thermal,52.125
1780555055.0762527,,,soc1-thermal,51.625
1780555055.0762527,,,soc2-thermal,51.843
1780555055.0762527,,,tj-thermal,54.656
1780555055.182301,VDD_IN,7214.592,,
1780555055.182301,VDD_CPU_GPU_CV,2519.04,,
1780555055.182301,VDD_SOC,1813.504,,
1780555055.182301,,,cpu-thermal,53.75
1780555055.182301,,,gpu-thermal,54.375
1780555055.182301,,,soc0-thermal,52.187
1780555055.182301,,,soc1-thermal,51.687
1780555055.182301,,,soc2-thermal,51.843
1780555055.182301,,,tj-thermal,54.375
1780555055.2884986,VDD_IN,7214.592,,
1780555055.2884986,VDD_CPU_GPU_CV,2479.68,,
1780555055.2884986,VDD_SOC,1813.504,,
1780555055.2884986,,,cpu-thermal,53.781
1780555055.2884986,,,gpu-thermal,54.375
1780555055.2884986,,,soc0-thermal,52.218
1780555055.2884986,,,soc1-thermal,51.5
1780555055.2884986,,,soc2-thermal,51.968
1780555055.2884986,,,tj-thermal,54.375
1780555055.3940835,VDD_IN,7175.168,,
1780555055.3940835,VDD_CPU_GPU_CV,2479.68,,
1780555055.3940835,VDD_SOC,1813.504,,
1780555055.3940835,,,cpu-thermal,53.843
1780555055.3940835,,,gpu-thermal,54.343
1780555055.3940835,,,soc0-thermal,52.187
1780555055.3940835,,,soc1-thermal,51.562
1780555055.3940835,,,soc2-thermal,51.875
1780555055.3940835,,,tj-thermal,54.343
1780555055.5000446,VDD_IN,7175.168,,
1780555055.5000446,VDD_CPU_GPU_CV,2479.68,,
1780555055.5000446,VDD_SOC,1813.504,,
1780555055.5000446,,,cpu-thermal,53.656
1780555055.5000446,,,gpu-thermal,54.5
1780555055.5000446,,,soc0-thermal,52.187
1780555055.5000446,,,soc1-thermal,51.656
1780555055.5000446,,,soc2-thermal,51.906
1780555055.5000446,,,tj-thermal,54.281
1780555055.6057172,VDD_IN,7135.744,,
1780555055.6057172,VDD_CPU_GPU_CV,2479.68,,
1780555055.6057172,VDD_SOC,1774.08,,
1780555055.6057172,,,cpu-thermal,53.75
1780555055.6057172,,,gpu-thermal,54.375
1780555055.6057172,,,soc0-thermal,52.25
1780555055.6057172,,,soc1-thermal,51.812
1780555055.6057172,,,soc2-thermal,51.968
1780555055.6057172,,,tj-thermal,54.375
1780555055.711442,VDD_IN,7135.744,,
1780555055.711442,VDD_CPU_GPU_CV,2479.68,,
1780555055.711442,VDD_SOC,1774.08,,
1780555055.711442,,,cpu-thermal,53.875
1780555055.711442,,,gpu-thermal,54.312
1780555055.711442,,,soc0-thermal,52.375
1780555055.711442,,,soc1-thermal,51.625
1780555055.711442,,,soc2-thermal,52.093
1780555055.711442,,,tj-thermal,54.312
1780555055.8174505,VDD_IN,7175.168,,
1780555055.8174505,VDD_CPU_GPU_CV,2479.68,,
1780555055.8174505,VDD_SOC,1813.504,,
1780555055.8174505,,,cpu-thermal,53.656
1780555055.8174505,,,gpu-thermal,54.375
1780555055.8174505,,,soc0-thermal,52.187
1780555055.8174505,,,soc1-thermal,51.656
1780555055.8174505,,,soc2-thermal,51.812
1780555055.8174505,,,tj-thermal,54.375
1780555055.9233267,VDD_IN,7214.592,,
1780555055.9233267,VDD_CPU_GPU_CV,2519.04,,
1780555055.9233267,VDD_SOC,1813.504,,
1780555055.9233267,,,cpu-thermal,53.687
1780555055.9233267,,,gpu-thermal,54.718
1780555055.9233267,,,soc0-thermal,52.281
1780555055.9233267,,,soc1-thermal,51.75
1780555055.9233267,,,soc2-thermal,51.937
1780555055.9233267,,,tj-thermal,54.718
1780555056.0288115,VDD_IN,7254.016,,
1780555056.0288115,VDD_CPU_GPU_CV,2558.4,,
1780555056.0288115,VDD_SOC,1813.504,,
1780555056.0288115,,,cpu-thermal,53.656
1780555056.0288115,,,gpu-thermal,54.562
1780555056.0288115,,,soc0-thermal,52.343
1780555056.0288115,,,soc1-thermal,51.562
1780555056.0288115,,,soc2-thermal,52.0
1780555056.0288115,,,tj-thermal,54.562
1780555056.1345718,VDD_IN,7214.592,,
1780555056.1345718,VDD_CPU_GPU_CV,2519.04,,
1780555056.1345718,VDD_SOC,1813.504,,
1780555056.1345718,,,cpu-thermal,53.656
1780555056.1345718,,,gpu-thermal,54.281
1780555056.1345718,,,soc0-thermal,52.156
1780555056.1345718,,,soc1-thermal,51.656
1780555056.1345718,,,soc2-thermal,52.0
1780555056.1345718,,,tj-thermal,54.468
1780555056.2401724,VDD_IN,7214.592,,
1780555056.2401724,VDD_CPU_GPU_CV,2519.04,,
1780555056.2401724,VDD_SOC,1813.504,,
1780555056.2401724,,,cpu-thermal,53.843
1780555056.2401724,,,gpu-thermal,54.781
1780555056.2401724,,,soc0-thermal,52.312
1780555056.2401724,,,soc1-thermal,51.656
1780555056.2401724,,,soc2-thermal,51.968
1780555056.2401724,,,tj-thermal,54.781
1780555056.345809,VDD_IN,7214.592,,
1780555056.345809,VDD_CPU_GPU_CV,2479.68,,
1780555056.345809,VDD_SOC,1813.504,,
1780555056.345809,,,cpu-thermal,53.781
1780555056.345809,,,gpu-thermal,54.625
1780555056.345809,,,soc0-thermal,52.25
1780555056.345809,,,soc1-thermal,51.812
1780555056.345809,,,soc2-thermal,52.031
1780555056.345809,,,tj-thermal,54.625
1780555056.4514303,VDD_IN,7175.168,,
1780555056.4514303,VDD_CPU_GPU_CV,2479.68,,
1780555056.4514303,VDD_SOC,1813.504,,
1780555056.4514303,,,cpu-thermal,53.937
1780555056.4514303,,,gpu-thermal,54.5
1780555056.4514303,,,soc0-thermal,52.406
1780555056.4514303,,,soc1-thermal,51.687
1780555056.4514303,,,soc2-thermal,52.062
1780555056.4514303,,,tj-thermal,54.5
1780555056.5570464,VDD_IN,7135.744,,
1780555056.5570464,VDD_CPU_GPU_CV,2479.68,,
1780555056.5570464,VDD_SOC,1813.504,,
1780555056.5570464,,,cpu-thermal,54.218
1780555056.5570464,,,gpu-thermal,54.75
1780555056.5570464,,,soc0-thermal,52.281
1780555056.5570464,,,soc1-thermal,51.656
1780555056.5570464,,,soc2-thermal,52.0
1780555056.5570464,,,tj-thermal,54.406
1780555056.6628075,VDD_IN,7135.744,,
1780555056.6628075,VDD_CPU_GPU_CV,2479.68,,
1780555056.6628075,VDD_SOC,1813.504,,
1780555056.6628075,,,cpu-thermal,53.718
1780555056.6628075,,,gpu-thermal,54.625
1780555056.6628075,,,soc0-thermal,52.343
1780555056.6628075,,,soc1-thermal,51.718
1780555056.6628075,,,soc2-thermal,51.968
1780555056.6628075,,,tj-thermal,54.375
1780555056.7686095,VDD_IN,7135.744,,
1780555056.7686095,VDD_CPU_GPU_CV,2479.68,,
1780555056.7686095,VDD_SOC,1774.08,,
1780555056.7686095,,,cpu-thermal,53.906
1780555056.7686095,,,gpu-thermal,54.531
1780555056.7686095,,,soc0-thermal,52.406
1780555056.7686095,,,soc1-thermal,51.656
1780555056.7686095,,,soc2-thermal,52.062
1780555056.7686095,,,tj-thermal,54.531
1780555056.8743105,VDD_IN,7214.592,,
1780555056.8743105,VDD_CPU_GPU_CV,2519.04,,
1780555056.8743105,VDD_SOC,1813.504,,
1780555056.8743105,,,cpu-thermal,54.031
1780555056.8743105,,,gpu-thermal,54.437
1780555056.8743105,,,soc0-thermal,52.468
1780555056.8743105,,,soc1-thermal,51.656
1780555056.8743105,,,soc2-thermal,52.093
1780555056.8743105,,,tj-thermal,54.437
1780555056.9798198,VDD_IN,7254.016,,
1780555056.9798198,VDD_CPU_GPU_CV,2519.04,,
1780555056.9798198,VDD_SOC,1813.504,,
1780555056.9798198,,,cpu-thermal,54.093
1780555056.9798198,,,gpu-thermal,54.531
1780555056.9798198,,,soc0-thermal,52.312
1780555056.9798198,,,soc1-thermal,51.656
1780555056.9798198,,,soc2-thermal,52.031
1780555056.9798198,,,tj-thermal,54.531
1780555057.0857089,VDD_IN,7214.592,,
1780555057.0857089,VDD_CPU_GPU_CV,2519.04,,
1780555057.0857089,VDD_SOC,1813.504,,
1780555057.0857089,,,cpu-thermal,53.906
1780555057.0857089,,,gpu-thermal,54.781
1780555057.0857089,,,soc0-thermal,52.312
1780555057.0857089,,,soc1-thermal,51.875
1780555057.0857089,,,soc2-thermal,52.156
1780555057.0857089,,,tj-thermal,54.781
1780555057.191307,VDD_IN,7214.592,,
1780555057.191307,VDD_CPU_GPU_CV,2519.04,,
1780555057.191307,VDD_SOC,1813.504,,
1780555057.191307,,,cpu-thermal,53.937
1780555057.191307,,,gpu-thermal,54.5
1780555057.191307,,,soc0-thermal,52.562
1780555057.191307,,,soc1-thermal,51.937
1780555057.191307,,,soc2-thermal,52.187
1780555057.191307,,,tj-thermal,54.718
1780555057.2975247,VDD_IN,7214.592,,
1780555057.2975247,VDD_CPU_GPU_CV,2519.04,,
1780555057.2975247,VDD_SOC,1813.504,,
1780555057.2975247,,,cpu-thermal,54.031
1780555057.2975247,,,gpu-thermal,54.406
1780555057.2975247,,,soc0-thermal,52.437
1780555057.2975247,,,soc1-thermal,51.75
1780555057.2975247,,,soc2-thermal,52.031
1780555057.2975247,,,tj-thermal,54.562
1780555057.403335,VDD_IN,7175.168,,
1780555057.403335,VDD_CPU_GPU_CV,2479.68,,
1780555057.403335,VDD_SOC,1813.504,,
1780555057.403335,,,cpu-thermal,53.968
1780555057.403335,,,gpu-thermal,54.843
1780555057.403335,,,soc0-thermal,52.375
1780555057.403335,,,soc1-thermal,51.843
1780555057.403335,,,soc2-thermal,52.062
1780555057.403335,,,tj-thermal,54.843
1780555057.5090518,VDD_IN,7175.168,,
1780555057.5090518,VDD_CPU_GPU_CV,2479.68,,
1780555057.5090518,VDD_SOC,1813.504,,
1780555057.5090518,,,cpu-thermal,53.906
1780555057.5090518,,,gpu-thermal,54.718
1780555057.5090518,,,soc0-thermal,52.531
1780555057.5090518,,,soc1-thermal,51.937
1780555057.5090518,,,soc2-thermal,52.156
1780555057.5090518,,,tj-thermal,54.718
1780555057.6154468,VDD_IN,7175.168,,
1780555057.6154468,VDD_CPU_GPU_CV,2479.68,,
1780555057.6154468,VDD_SOC,1774.08,,
1780555057.6154468,,,cpu-thermal,54.031
1780555057.6154468,,,gpu-thermal,54.593
1780555057.6154468,,,soc0-thermal,52.562
1780555057.6154468,,,soc1-thermal,51.656
1780555057.6154468,,,soc2-thermal,52.187
1780555057.6154468,,,tj-thermal,54.593
1780555057.7212465,VDD_IN,7135.744,,
1780555057.7212465,VDD_CPU_GPU_CV,2479.68,,
1780555057.7212465,VDD_SOC,1774.08,,
1780555057.7212465,,,cpu-thermal,53.906
1780555057.7212465,,,gpu-thermal,54.531
1780555057.7212465,,,soc0-thermal,52.406
1780555057.7212465,,,soc1-thermal,51.781
1780555057.7212465,,,soc2-thermal,52.187
1780555057.7212465,,,tj-thermal,54.531
1780555057.8277,VDD_IN,7175.168,,
1780555057.8277,VDD_CPU_GPU_CV,2479.68,,
1780555057.8277,VDD_SOC,1813.504,,
1780555057.8277,,,cpu-thermal,53.906
1780555057.8277,,,gpu-thermal,54.5
1780555057.8277,,,soc0-thermal,52.531
1780555057.8277,,,soc1-thermal,51.937
1780555057.8277,,,soc2-thermal,52.187
1780555057.8277,,,tj-thermal,54.5
1780555057.9332416,VDD_IN,7254.016,,
1780555057.9332416,VDD_CPU_GPU_CV,2519.04,,
1780555057.9332416,VDD_SOC,1813.504,,
1780555057.9332416,,,cpu-thermal,54.156
1780555057.9332416,,,gpu-thermal,55.031
1780555057.9332416,,,soc0-thermal,52.531
1780555057.9332416,,,soc1-thermal,51.812
1780555057.9332416,,,soc2-thermal,52.156
1780555057.9332416,,,tj-thermal,55.031
1780555058.0386693,VDD_IN,7293.44,,
1780555058.0386693,VDD_CPU_GPU_CV,2519.04,,
1780555058.0386693,VDD_SOC,1813.504,,
1780555058.0386693,,,cpu-thermal,53.843
1780555058.0386693,,,gpu-thermal,54.562
1780555058.0386693,,,soc0-thermal,52.437
1780555058.0386693,,,soc1-thermal,51.812
1780555058.0386693,,,soc2-thermal,52.0
1780555058.0386693,,,tj-thermal,54.875
1780555058.1448002,VDD_IN,7254.016,,
1780555058.1448002,VDD_CPU_GPU_CV,2519.04,,
1780555058.1448002,VDD_SOC,1813.504,,
1780555058.1448002,,,cpu-thermal,53.906
1780555058.1448002,,,gpu-thermal,54.531
1780555058.1448002,,,soc0-thermal,52.468
1780555058.1448002,,,soc1-thermal,51.906
1780555058.1448002,,,soc2-thermal,52.187
1780555058.1448002,,,tj-thermal,54.718
1780555058.2505527,VDD_IN,7254.016,,
1780555058.2505527,VDD_CPU_GPU_CV,2519.04,,
1780555058.2505527,VDD_SOC,1813.504,,
1780555058.2505527,,,cpu-thermal,54.125
1780555058.2505527,,,gpu-thermal,54.875
1780555058.2505527,,,soc0-thermal,52.531
1780555058.2505527,,,soc1-thermal,51.937
1780555058.2505527,,,soc2-thermal,52.218
1780555058.2505527,,,tj-thermal,54.625
1780555058.3566658,VDD_IN,7214.592,,
1780555058.3566658,VDD_CPU_GPU_CV,2519.04,,
1780555058.3566658,VDD_SOC,1813.504,,
1780555058.3566658,,,cpu-thermal,54.25
1780555058.3566658,,,gpu-thermal,54.812
1780555058.3566658,,,soc0-thermal,52.406
1780555058.3566658,,,soc1-thermal,51.75
1780555058.3566658,,,soc2-thermal,52.281
1780555058.3566658,,,tj-thermal,54.812
1780555058.4624593,VDD_IN,7214.592,,
1780555058.4624593,VDD_CPU_GPU_CV,2479.68,,
1780555058.4624593,VDD_SOC,1813.504,,
1780555058.4624593,,,cpu-thermal,54.406
1780555058.4624593,,,gpu-thermal,54.718
1780555058.4624593,,,soc0-thermal,52.437
1780555058.4624593,,,soc1-thermal,51.843
1780555058.4624593,,,soc2-thermal,52.187
1780555058.4624593,,,tj-thermal,54.718
1780555058.5682726,VDD_IN,7175.168,,
1780555058.5682726,VDD_CPU_GPU_CV,2479.68,,
1780555058.5682726,VDD_SOC,1774.08,,
1780555058.5682726,,,cpu-thermal,54.062
1780555058.5682726,,,gpu-thermal,54.593
1780555058.5682726,,,soc0-thermal,52.531
1780555058.5682726,,,soc1-thermal,51.968
1780555058.5682726,,,soc2-thermal,52.218
1780555058.5682726,,,tj-thermal,54.593
1780555058.6743102,VDD_IN,7175.168,,
1780555058.6743102,VDD_CPU_GPU_CV,2479.68,,
1780555058.6743102,VDD_SOC,1774.08,,
1780555058.6743102,,,cpu-thermal,54.187
1780555058.6743102,,,gpu-thermal,54.531
1780555058.6743102,,,soc0-thermal,52.625
1780555058.6743102,,,soc1-thermal,52.156
1780555058.6743102,,,soc2-thermal,52.187
1780555058.6743102,,,tj-thermal,54.531
1780555058.779954,VDD_IN,7135.744,,
1780555058.779954,VDD_CPU_GPU_CV,2479.68,,
1780555058.779954,VDD_SOC,1774.08,,
1780555058.779954,,,cpu-thermal,54.25
1780555058.779954,,,gpu-thermal,54.781
1780555058.779954,,,soc0-thermal,52.531
1780555058.779954,,,soc1-thermal,51.843
1780555058.779954,,,soc2-thermal,52.187
1780555058.779954,,,tj-thermal,54.625
1780555058.885836,VDD_IN,7214.592,,
1780555058.885836,VDD_CPU_GPU_CV,2519.04,,
1780555058.885836,VDD_SOC,1813.504,,
1780555058.885836,,,cpu-thermal,54.062
1780555058.885836,,,gpu-thermal,54.687
1780555058.885836,,,soc0-thermal,52.531
1780555058.885836,,,soc1-thermal,52.031
1780555058.885836,,,soc2-thermal,52.218
1780555058.885836,,,tj-thermal,54.968
1780555058.9918938,VDD_IN,7254.016,,
1780555058.9918938,VDD_CPU_GPU_CV,2558.4,,
1780555058.9918938,VDD_SOC,1813.504,,
1780555058.9918938,,,cpu-thermal,54.093
1780555058.9918938,,,gpu-thermal,54.687
1780555058.9918938,,,soc0-thermal,52.593
1780555058.9918938,,,soc1-thermal,52.093
1780555058.9918938,,,soc2-thermal,52.25
1780555058.9918938,,,tj-thermal,54.687
1780555059.0974545,VDD_IN,7254.016,,
1780555059.0974545,VDD_CPU_GPU_CV,2558.4,,
1780555059.0974545,VDD_SOC,1813.504,,
1780555059.0974545,,,cpu-thermal,54.125
1780555059.0974545,,,gpu-thermal,55.031
1780555059.0974545,,,soc0-thermal,52.687
1780555059.0974545,,,soc1-thermal,51.937
1780555059.0974545,,,soc2-thermal,52.375
1780555059.0974545,,,tj-thermal,55.031
1780555059.203276,VDD_IN,7214.592,,
1780555059.203276,VDD_CPU_GPU_CV,2519.04,,
1780555059.203276,VDD_SOC,1813.504,,
1780555059.203276,,,cpu-thermal,53.968
1780555059.203276,,,gpu-thermal,54.937
1780555059.203276,,,soc0-thermal,52.625
1780555059.203276,,,soc1-thermal,51.968
1780555059.203276,,,soc2-thermal,52.187
1780555059.203276,,,tj-thermal,54.937
1780555059.3089104,VDD_IN,7175.168,,
1780555059.3089104,VDD_CPU_GPU_CV,2519.04,,
1780555059.3089104,VDD_SOC,1813.504,,
1780555059.3089104,,,cpu-thermal,54.093
1780555059.3089104,,,gpu-thermal,54.781
1780555059.3089104,,,soc0-thermal,52.593
1780555059.3089104,,,soc1-thermal,52.093
1780555059.3089104,,,soc2-thermal,52.281
1780555059.3089104,,,tj-thermal,54.781
1780555059.415342,VDD_IN,7175.168,,
1780555059.415342,VDD_CPU_GPU_CV,2519.04,,
1780555059.415342,VDD_SOC,1813.504,,
1780555059.415342,,,cpu-thermal,54.031
1780555059.415342,,,gpu-thermal,54.687
1780555059.415342,,,soc0-thermal,52.656
1780555059.415342,,,soc1-thermal,51.906
1780555059.415342,,,soc2-thermal,52.375
1780555059.415342,,,tj-thermal,54.687
1780555059.520913,VDD_IN,7175.168,,
1780555059.520913,VDD_CPU_GPU_CV,2479.68,,
1780555059.520913,VDD_SOC,1813.504,,
1780555059.520913,,,cpu-thermal,54.031
1780555059.520913,,,gpu-thermal,54.906
1780555059.520913,,,soc0-thermal,52.562
1780555059.520913,,,soc1-thermal,51.968
1780555059.520913,,,soc2-thermal,52.25
1780555059.520913,,,tj-thermal,54.687
1780555059.6267273,VDD_IN,7135.744,,
1780555059.6267273,VDD_CPU_GPU_CV,2479.68,,
1780555059.6267273,VDD_SOC,1813.504,,
1780555059.6267273,,,cpu-thermal,54.031
1780555059.6267273,,,gpu-thermal,54.812
1780555059.6267273,,,soc0-thermal,52.625
1780555059.6267273,,,soc1-thermal,52.093
1780555059.6267273,,,soc2-thermal,52.375
1780555059.6267273,,,tj-thermal,54.687
1780555059.7329662,VDD_IN,7135.744,,
1780555059.7329662,VDD_CPU_GPU_CV,2479.68,,
1780555059.7329662,VDD_SOC,1774.08,,
1780555059.7329662,,,cpu-thermal,54.125
1780555059.7329662,,,gpu-thermal,54.75
1780555059.7329662,,,soc0-thermal,52.625
1780555059.7329662,,,soc1-thermal,52.25
1780555059.7329662,,,soc2-thermal,52.437
1780555059.7329662,,,tj-thermal,55.031
1780555059.838687,VDD_IN,7175.168,,
1780555059.838687,VDD_CPU_GPU_CV,2479.68,,
1780555059.838687,VDD_SOC,1813.504,,
1780555059.838687,,,cpu-thermal,54.343
1780555059.838687,,,gpu-thermal,54.718
1780555059.838687,,,soc0-thermal,52.625
1780555059.838687,,,soc1-thermal,52.031
1780555059.838687,,,soc2-thermal,52.531
1780555059.838687,,,tj-thermal,55.0
1780555059.9451392,VDD_IN,7214.592,,
1780555059.9451392,VDD_CPU_GPU_CV,2519.04,,
1780555059.9451392,VDD_SOC,1813.504,,
1780555059.9451392,,,cpu-thermal,54.0
1780555059.9451392,,,gpu-thermal,54.718
1780555059.9451392,,,soc0-thermal,52.593
1780555059.9451392,,,soc1-thermal,52.062
1780555059.9451392,,,soc2-thermal,52.312
1780555059.9451392,,,tj-thermal,54.718
1780555060.0508084,VDD_IN,7293.44,,
1780555060.0508084,VDD_CPU_GPU_CV,2558.4,,
1780555060.0508084,VDD_SOC,1813.504,,
1780555060.0508084,,,cpu-thermal,54.218
1780555060.0508084,,,gpu-thermal,54.937
1780555060.0508084,,,soc0-thermal,52.75
1780555060.0508084,,,soc1-thermal,52.125
1780555060.0508084,,,soc2-thermal,52.343
1780555060.0508084,,,tj-thermal,54.937
1780555060.1570318,VDD_IN,7254.016,,
1780555060.1570318,VDD_CPU_GPU_CV,2519.04,,
1780555060.1570318,VDD_SOC,1813.504,,
1780555060.1570318,,,cpu-thermal,54.312
1780555060.1570318,,,gpu-thermal,54.937
1780555060.1570318,,,soc0-thermal,52.718
1780555060.1570318,,,soc1-thermal,51.968
1780555060.1570318,,,soc2-thermal,52.468
1780555060.1570318,,,tj-thermal,54.937
1780555060.2626731,VDD_IN,7214.592,,
1780555060.2626731,VDD_CPU_GPU_CV,2519.04,,
1780555060.2626731,VDD_SOC,1813.504,,
1780555060.2626731,,,cpu-thermal,54.375
1780555060.2626731,,,gpu-thermal,54.812
1780555060.2626731,,,soc0-thermal,52.625
1780555060.2626731,,,soc1-thermal,52.062
1780555060.2626731,,,soc2-thermal,52.312
1780555060.2626731,,,tj-thermal,54.812
1780555060.3687756,VDD_IN,7175.168,,
1780555060.3687756,VDD_CPU_GPU_CV,2519.04,,
1780555060.3687756,VDD_SOC,1813.504,,
1780555060.3687756,,,cpu-thermal,54.218
1780555060.3687756,,,gpu-thermal,54.75
1780555060.3687756,,,soc0-thermal,52.687
1780555060.3687756,,,soc1-thermal,52.125
1780555060.3687756,,,soc2-thermal,52.343
1780555060.3687756,,,tj-thermal,54.75
1780555060.4745252,VDD_IN,7175.168,,
1780555060.4745252,VDD_CPU_GPU_CV,2479.68,,
1780555060.4745252,VDD_SOC,1813.504,,
1780555060.4745252,,,cpu-thermal,54.218
1780555060.4745252,,,gpu-thermal,54.906
1780555060.4745252,,,soc0-thermal,52.781
1780555060.4745252,,,soc1-thermal,52.187
1780555060.4745252,,,soc2-thermal,52.406
1780555060.4745252,,,tj-thermal,54.781
1780555060.580141,VDD_IN,7175.168,,
1780555060.580141,VDD_CPU_GPU_CV,2479.68,,
1780555060.580141,VDD_SOC,1813.504,,
1780555060.580141,,,cpu-thermal,54.343
1780555060.580141,,,gpu-thermal,54.843
1780555060.580141,,,soc0-thermal,52.906
1780555060.580141,,,soc1-thermal,52.031
1780555060.580141,,,soc2-thermal,52.375
1780555060.580141,,,tj-thermal,55.031
1780555060.6860797,VDD_IN,7135.744,,
1780555060.6860797,VDD_CPU_GPU_CV,2479.68,,
1780555060.6860797,VDD_SOC,1813.504,,
1780555060.6860797,,,cpu-thermal,54.25
1780555060.6860797,,,gpu-thermal,54.781
1780555060.6860797,,,soc0-thermal,52.75
1780555060.6860797,,,soc1-thermal,52.093
1780555060.6860797,,,soc2-thermal,52.406
1780555060.6860797,,,tj-thermal,54.781
1780555060.7918487,VDD_IN,7135.744,,
1780555060.7918487,VDD_CPU_GPU_CV,2479.68,,
1780555060.7918487,VDD_SOC,1813.504,,
1780555060.7918487,,,cpu-thermal,54.281
1780555060.7918487,,,gpu-thermal,54.718
1780555060.7918487,,,soc0-thermal,52.781
1780555060.7918487,,,soc1-thermal,52.156
1780555060.7918487,,,soc2-thermal,52.5
1780555060.7918487,,,tj-thermal,54.718
1780555060.897545,VDD_IN,7214.592,,
1780555060.897545,VDD_CPU_GPU_CV,2519.04,,
1780555060.897545,VDD_SOC,1813.504,,
1780555060.897545,,,cpu-thermal,54.312
1780555060.897545,,,gpu-thermal,55.187
1780555060.897545,,,soc0-thermal,52.718
1780555060.897545,,,soc1-thermal,52.281
1780555060.897545,,,soc2-thermal,52.468
1780555060.897545,,,tj-thermal,55.187
1780555061.0031633,VDD_IN,7254.016,,
1780555061.0031633,VDD_CPU_GPU_CV,2558.4,,
1780555061.0031633,VDD_SOC,1813.504,,
1780555061.0031633,,,cpu-thermal,54.25
1780555061.0031633,,,gpu-thermal,55.062
1780555061.0031633,,,soc0-thermal,52.687
1780555061.0031633,,,soc1-thermal,52.062
1780555061.0031633,,,soc2-thermal,52.406
1780555061.0031633,,,tj-thermal,55.062
1780555061.109353,VDD_IN,7214.592,,
1780555061.109353,VDD_CPU_GPU_CV,2519.04,,
1780555061.109353,VDD_SOC,1813.504,,
1780555061.109353,,,cpu-thermal,54.156
1780555061.109353,,,gpu-thermal,54.843
1780555061.109353,,,soc0-thermal,52.75
1780555061.109353,,,soc1-thermal,52.156
1780555061.109353,,,soc2-thermal,52.437
1780555061.109353,,,tj-thermal,54.937
1780555061.2154784,VDD_IN,7254.016,,
1780555061.2154784,VDD_CPU_GPU_CV,2519.04,,
1780555061.2154784,VDD_SOC,1813.504,,
1780555061.2154784,,,cpu-thermal,54.281
1780555061.2154784,,,gpu-thermal,55.125
1780555061.2154784,,,soc0-thermal,52.906
1780555061.2154784,,,soc1-thermal,52.375
1780555061.2154784,,,soc2-thermal,52.593
1780555061.2154784,,,tj-thermal,54.906
1780555061.3210778,VDD_IN,7214.592,,
1780555061.3210778,VDD_CPU_GPU_CV,2519.04,,
1780555061.3210778,VDD_SOC,1813.504,,
1780555061.3210778,,,cpu-thermal,54.625
1780555061.3210778,,,gpu-thermal,54.968
1780555061.3210778,,,soc0-thermal,52.937
1780555061.3210778,,,soc1-thermal,52.156
1780555061.3210778,,,soc2-thermal,52.562
1780555061.3210778,,,tj-thermal,54.968
1780555061.4267902,VDD_IN,7175.168,,
1780555061.4267902,VDD_CPU_GPU_CV,2479.68,,
1780555061.4267902,VDD_SOC,1813.504,,
1780555061.4267902,,,cpu-thermal,54.25
1780555061.4267902,,,gpu-thermal,55.0
1780555061.4267902,,,soc0-thermal,52.75
1780555061.4267902,,,soc1-thermal,52.187
1780555061.4267902,,,soc2-thermal,52.437
1780555061.4267902,,,tj-thermal,55.156
1780555061.533498,VDD_IN,7175.168,,
1780555061.533498,VDD_CPU_GPU_CV,2479.68,,
1780555061.533498,VDD_SOC,1813.504,,
1780555061.533498,,,cpu-thermal,54.375
1780555061.533498,,,gpu-thermal,54.937
1780555061.533498,,,soc0-thermal,52.812
1780555061.533498,,,soc1-thermal,52.25
1780555061.533498,,,soc2-thermal,52.531
1780555061.533498,,,tj-thermal,55.062
1780555061.6403048,VDD_IN,7135.744,,
1780555061.6403048,VDD_CPU_GPU_CV,2479.68,,
1780555061.6403048,VDD_SOC,1813.504,,
1780555061.6403048,,,cpu-thermal,54.5
1780555061.6403048,,,gpu-thermal,54.875
1780555061.6403048,,,soc0-thermal,52.968
1780555061.6403048,,,soc1-thermal,52.125
1780555061.6403048,,,soc2-thermal,52.562
1780555061.6403048,,,tj-thermal,55.031
1780555061.7462566,VDD_IN,7135.744,,
1780555061.7462566,VDD_CPU_GPU_CV,2479.68,,
1780555061.7462566,VDD_SOC,1813.504,,
1780555061.7462566,,,cpu-thermal,54.562
1780555061.7462566,,,gpu-thermal,55.218
1780555061.7462566,,,soc0-thermal,52.75
1780555061.7462566,,,soc1-thermal,52.281
1780555061.7462566,,,soc2-thermal,52.375
1780555061.7462566,,,tj-thermal,55.218
1780555061.8519902,VDD_IN,7175.168,,
1780555061.8519902,VDD_CPU_GPU_CV,2479.68,,
1780555061.8519902,VDD_SOC,1813.504,,
1780555061.8519902,,,cpu-thermal,54.375
1780555061.8519902,,,gpu-thermal,55.093
1780555061.8519902,,,soc0-thermal,52.812
1780555061.8519902,,,soc1-thermal,52.25
1780555061.8519902,,,soc2-thermal,52.593
1780555061.8519902,,,tj-thermal,55.093
1780555061.9579616,VDD_IN,7254.016,,
1780555061.9579616,VDD_CPU_GPU_CV,2519.04,,
1780555061.9579616,VDD_SOC,1813.504,,
1780555061.9579616,,,cpu-thermal,54.375
1780555061.9579616,,,gpu-thermal,55.031
1780555061.9579616,,,soc0-thermal,52.968
1780555061.9579616,,,soc1-thermal,52.218
1780555061.9579616,,,soc2-thermal,52.625
1780555061.9579616,,,tj-thermal,55.031
1780555062.063918,VDD_IN,7254.016,,
1780555062.063918,VDD_CPU_GPU_CV,2519.04,,
1780555062.063918,VDD_SOC,1813.504,,
1780555062.063918,,,cpu-thermal,54.468
1780555062.063918,,,gpu-thermal,55.062
1780555062.063918,,,soc0-thermal,52.812
1780555062.063918,,,soc1-thermal,52.218
1780555062.063918,,,soc2-thermal,52.531
1780555062.063918,,,tj-thermal,55.062
1780555062.1698472,VDD_IN,7214.592,,
1780555062.1698472,VDD_CPU_GPU_CV,2519.04,,
1780555062.1698472,VDD_SOC,1813.504,,
1780555062.1698472,,,cpu-thermal,54.25
1780555062.1698472,,,gpu-thermal,54.875
1780555062.1698472,,,soc0-thermal,52.875
1780555062.1698472,,,soc1-thermal,52.25
1780555062.1698472,,,soc2-thermal,52.593
1780555062.1698472,,,tj-thermal,54.875
1780555062.275592,VDD_IN,7214.592,,
1780555062.275592,VDD_CPU_GPU_CV,2519.04,,
1780555062.275592,VDD_SOC,1813.504,,
1780555062.275592,,,cpu-thermal,54.375
1780555062.275592,,,gpu-thermal,55.062
1780555062.275592,,,soc0-thermal,52.906
1780555062.275592,,,soc1-thermal,52.375
1780555062.275592,,,soc2-thermal,52.625
1780555062.275592,,,tj-thermal,55.406
1780555062.381268,VDD_IN,7175.168,,
1780555062.381268,VDD_CPU_GPU_CV,2479.68,,
1780555062.381268,VDD_SOC,1813.504,,
1780555062.381268,,,cpu-thermal,54.5
1780555062.381268,,,gpu-thermal,55.0
1780555062.381268,,,soc0-thermal,52.968
1780555062.381268,,,soc1-thermal,52.156
1780555062.381268,,,soc2-thermal,52.656
1780555062.381268,,,tj-thermal,55.0
1780555062.4869404,VDD_IN,7175.168,,
1780555062.4869404,VDD_CPU_GPU_CV,2479.68,,
1780555062.4869404,VDD_SOC,1813.504,,
1780555062.4869404,,,cpu-thermal,54.468
1780555062.4869404,,,gpu-thermal,54.906
1780555062.4869404,,,soc0-thermal,52.812
1780555062.4869404,,,soc1-thermal,52.25
1780555062.4869404,,,soc2-thermal,52.562
1780555062.4869404,,,tj-thermal,54.906
1780555062.5925486,VDD_IN,7135.744,,
1780555062.5925486,VDD_CPU_GPU_CV,2479.68,,
1780555062.5925486,VDD_SOC,1813.504,,
1780555062.5925486,,,cpu-thermal,54.375
1780555062.5925486,,,gpu-thermal,55.375
1780555062.5925486,,,soc0-thermal,52.875
1780555062.5925486,,,soc1-thermal,52.406
1780555062.5925486,,,soc2-thermal,52.656
1780555062.5925486,,,tj-thermal,55.375
1780555062.6982517,VDD_IN,7135.744,,
1780555062.6982517,VDD_CPU_GPU_CV,2479.68,,
1780555062.6982517,VDD_SOC,1813.504,,
1780555062.6982517,,,cpu-thermal,54.437
1780555062.6982517,,,gpu-thermal,55.25
1780555062.6982517,,,soc0-thermal,52.968
1780555062.6982517,,,soc1-thermal,52.218
1780555062.6982517,,,soc2-thermal,52.656
1780555062.6982517,,,tj-thermal,55.25
1780555062.8039498,VDD_IN,7135.744,,
1780555062.8039498,VDD_CPU_GPU_CV,2479.68,,
1780555062.8039498,VDD_SOC,1813.504,,
1780555062.8039498,,,cpu-thermal,54.75
1780555062.8039498,,,gpu-thermal,54.968
1780555062.8039498,,,soc0-thermal,53.031
1780555062.8039498,,,soc1-thermal,52.218
1780555062.8039498,,,soc2-thermal,52.687
1780555062.8039498,,,tj-thermal,55.093
1780555062.9094741,VDD_IN,7214.592,,
1780555062.9094741,VDD_CPU_GPU_CV,2519.04,,
1780555062.9094741,VDD_SOC,1813.504,,
1780555062.9094741,,,cpu-thermal,54.5
1780555062.9094741,,,gpu-thermal,55.406
1780555062.9094741,,,soc0-thermal,52.875
1780555062.9094741,,,soc1-thermal,52.375
1780555062.9094741,,,soc2-thermal,52.625
1780555062.9094741,,,tj-thermal,55.406
1780555063.0149982,VDD_IN,7254.016,,
1780555063.0149982,VDD_CPU_GPU_CV,2558.4,,
1780555063.0149982,VDD_SOC,1813.504,,
1780555063.0149982,,,cpu-thermal,54.375
1780555063.0149982,,,gpu-thermal,55.343
1780555063.0149982,,,soc0-thermal,52.968
1780555063.0149982,,,soc1-thermal,52.343
1780555063.0149982,,,soc2-thermal,52.687
1780555063.0149982,,,tj-thermal,55.343
1780555063.1207192,VDD_IN,7214.592,,
1780555063.1207192,VDD_CPU_GPU_CV,2519.04,,
1780555063.1207192,VDD_SOC,1813.504,,
1780555063.1207192,,,cpu-thermal,54.687
1780555063.1207192,,,gpu-thermal,55.156
1780555063.1207192,,,soc0-thermal,53.031
1780555063.1207192,,,soc1-thermal,52.531
1780555063.1207192,,,soc2-thermal,52.718
1780555063.1207192,,,tj-thermal,55.156
1780555063.2265096,VDD_IN,7214.592,,
1780555063.2265096,VDD_CPU_GPU_CV,2519.04,,
1780555063.2265096,VDD_SOC,1813.504,,
1780555063.2265096,,,cpu-thermal,54.75
1780555063.2265096,,,gpu-thermal,55.156
1780555063.2265096,,,soc0-thermal,52.937
1780555063.2265096,,,soc1-thermal,52.281
1780555063.2265096,,,soc2-thermal,52.656
1780555063.2265096,,,tj-thermal,55.156
1780555063.3326073,VDD_IN,7214.592,,
1780555063.3326073,VDD_CPU_GPU_CV,2519.04,,
1780555063.3326073,VDD_SOC,1813.504,,
1780555063.3326073,,,cpu-thermal,54.468
1780555063.3326073,,,gpu-thermal,55.0
1780555063.3326073,,,soc0-thermal,52.906
1780555063.3326073,,,soc1-thermal,52.343
1780555063.3326073,,,soc2-thermal,52.656
1780555063.3326073,,,tj-thermal,55.0
1780555063.438242,VDD_IN,7175.168,,
1780555063.438242,VDD_CPU_GPU_CV,2479.68,,
1780555063.438242,VDD_SOC,1813.504,,
1780555063.438242,,,cpu-thermal,54.593
1780555063.438242,,,gpu-thermal,55.218
1780555063.438242,,,soc0-thermal,52.968
1780555063.438242,,,soc1-thermal,52.468
1780555063.438242,,,soc2-thermal,52.687
1780555063.438242,,,tj-thermal,55.531
1780555063.543832,VDD_IN,7175.168,,
1780555063.543832,VDD_CPU_GPU_CV,2479.68,,
1780555063.543832,VDD_SOC,1813.504,,
1780555063.543832,,,cpu-thermal,54.625
1780555063.543832,,,gpu-thermal,55.093
1780555063.543832,,,soc0-thermal,53.125
1780555063.543832,,,soc1-thermal,52.375
1780555063.543832,,,soc2-thermal,52.75
1780555063.543832,,,tj-thermal,55.375
1780555063.6502016,VDD_IN,7175.168,,
1780555063.6502016,VDD_CPU_GPU_CV,2479.68,,
1780555063.6502016,VDD_SOC,1813.504,,
1780555063.6502016,,,cpu-thermal,54.687
1780555063.6502016,,,gpu-thermal,55.093
1780555063.6502016,,,soc0-thermal,53.031
1780555063.6502016,,,soc1-thermal,52.375
1780555063.6502016,,,soc2-thermal,52.718
1780555063.6502016,,,tj-thermal,55.093
1780555063.755966,VDD_IN,7135.744,,
1780555063.755966,VDD_CPU_GPU_CV,2479.68,,
1780555063.755966,VDD_SOC,1813.504,,
1780555063.755966,,,cpu-thermal,54.531
1780555063.755966,,,gpu-thermal,55.593
1780555063.755966,,,soc0-thermal,53.0
1780555063.755966,,,soc1-thermal,52.437
1780555063.755966,,,soc2-thermal,52.687
1780555063.755966,,,tj-thermal,55.593
1780555063.8614666,VDD_IN,7175.168,,
1780555063.8614666,VDD_CPU_GPU_CV,2519.04,,
1780555063.8614666,VDD_SOC,1813.504,,
1780555063.8614666,,,cpu-thermal,54.5
1780555063.8614666,,,gpu-thermal,55.406
1780555063.8614666,,,soc0-thermal,53.125
1780555063.8614666,,,soc1-thermal,52.375
1780555063.8614666,,,soc2-thermal,52.812
1780555063.8614666,,,tj-thermal,55.406
1780555063.967408,VDD_IN,7254.016,,
1780555063.967408,VDD_CPU_GPU_CV,2519.04,,
1780555063.967408,VDD_SOC,1813.504,,
1780555063.967408,,,cpu-thermal,54.625
1780555063.967408,,,gpu-thermal,55.312
1780555063.967408,,,soc0-thermal,53.0
1780555063.967408,,,soc1-thermal,52.468
1780555063.967408,,,soc2-thermal,52.875
1780555063.967408,,,tj-thermal,55.312
1780555064.072813,VDD_IN,7254.016,,
1780555064.072813,VDD_CPU_GPU_CV,2519.04,,
1780555064.072813,VDD_SOC,1813.504,,
1780555064.072813,,,cpu-thermal,54.531
1780555064.072813,,,gpu-thermal,55.531
1780555064.072813,,,soc0-thermal,53.0
1780555064.072813,,,soc1-thermal,52.437
1780555064.072813,,,soc2-thermal,52.75
1780555064.072813,,,tj-thermal,55.25
1780555064.1781814,VDD_IN,7214.592,,
1780555064.1781814,VDD_CPU_GPU_CV,2519.04,,
1780555064.1781814,VDD_SOC,1813.504,,
1780555064.1781814,,,cpu-thermal,54.562
1780555064.1781814,,,gpu-thermal,55.312
1780555064.1781814,,,soc0-thermal,53.062
1780555064.1781814,,,soc1-thermal,52.5
1780555064.1781814,,,soc2-thermal,52.718
1780555064.1781814,,,tj-thermal,55.312
1780555064.2843091,VDD_IN,7214.592,,
1780555064.2843091,VDD_CPU_GPU_CV,2519.04,,
1780555064.2843091,VDD_SOC,1813.504,,
1780555064.2843091,,,cpu-thermal,54.562
1780555064.2843091,,,gpu-thermal,55.25
1780555064.2843091,,,soc0-thermal,53.156
1780555064.2843091,,,soc1-thermal,52.406
1780555064.2843091,,,soc2-thermal,52.812
1780555064.2843091,,,tj-thermal,55.25
1780555064.3896062,VDD_IN,7175.168,,
1780555064.3896062,VDD_CPU_GPU_CV,2519.04,,
1780555064.3896062,VDD_SOC,1813.504,,
1780555064.3896062,,,cpu-thermal,54.687
1780555064.3896062,,,gpu-thermal,55.156
1780555064.3896062,,,soc0-thermal,53.031
1780555064.3896062,,,soc1-thermal,52.406
1780555064.3896062,,,soc2-thermal,52.75
1780555064.3896062,,,tj-thermal,55.156
1780555064.4950504,VDD_IN,7175.168,,
1780555064.4950504,VDD_CPU_GPU_CV,2479.68,,
1780555064.4950504,VDD_SOC,1813.504,,
1780555064.4950504,,,cpu-thermal,54.625
1780555064.4950504,,,gpu-thermal,55.375
1780555064.4950504,,,soc0-thermal,53.125
1780555064.4950504,,,soc1-thermal,52.468
1780555064.4950504,,,soc2-thermal,52.812
1780555064.4950504,,,tj-thermal,55.093
1780555064.6010532,VDD_IN,7135.744,,
1780555064.6010532,VDD_CPU_GPU_CV,2479.68,,
1780555064.6010532,VDD_SOC,1813.504,,
1780555064.6010532,,,cpu-thermal,54.593
1780555064.6010532,,,gpu-thermal,55.312
1780555064.6010532,,,soc0-thermal,53.218
1780555064.6010532,,,soc1-thermal,52.531
1780555064.6010532,,,soc2-thermal,52.75
1780555064.6010532,,,tj-thermal,55.656
1780555064.706313,VDD_IN,7135.744,,
1780555064.706313,VDD_CPU_GPU_CV,2479.68,,
1780555064.706313,VDD_SOC,1813.504,,
1780555064.706313,,,cpu-thermal,55.0
1780555064.706313,,,gpu-thermal,55.218
1780555064.706313,,,soc0-thermal,53.312
1780555064.706313,,,soc1-thermal,52.437
1780555064.706313,,,soc2-thermal,52.812
1780555064.706313,,,tj-thermal,55.218
1780555064.8118186,VDD_IN,7175.168,,
1780555064.8118186,VDD_CPU_GPU_CV,2479.68,,
1780555064.8118186,VDD_SOC,1813.504,,
1780555064.8118186,,,cpu-thermal,54.687
1780555064.8118186,,,gpu-thermal,55.25
1780555064.8118186,,,soc0-thermal,53.062
1780555064.8118186,,,soc1-thermal,52.468
1780555064.8118186,,,soc2-thermal,52.75
1780555064.8118186,,,tj-thermal,55.25
1780555064.91769,VDD_IN,7214.592,,
1780555064.91769,VDD_CPU_GPU_CV,2519.04,,
1780555064.91769,VDD_SOC,1813.504,,
1780555064.91769,,,cpu-thermal,54.531
1780555064.91769,,,gpu-thermal,55.656
1780555064.91769,,,soc0-thermal,53.156
1780555064.91769,,,soc1-thermal,52.593
1780555064.91769,,,soc2-thermal,52.875
1780555064.91769,,,tj-thermal,55.656
1780555065.0231743,VDD_IN,7254.016,,
1780555065.0231743,VDD_CPU_GPU_CV,2558.4,,
1780555065.0231743,VDD_SOC,1813.504,,
1780555065.0231743,,,cpu-thermal,54.562
1780555065.0231743,,,gpu-thermal,55.25
1780555065.0231743,,,soc0-thermal,53.125
1780555065.0231743,,,soc1-thermal,52.625
1780555065.0231743,,,soc2-thermal,52.906
1780555065.0231743,,,tj-thermal,55.5
1780555065.1285808,VDD_IN,7214.592,,
1780555065.1285808,VDD_CPU_GPU_CV,2519.04,,
1780555065.1285808,VDD_SOC,1774.08,,
1780555065.1285808,,,cpu-thermal,54.937
1780555065.1285808,,,gpu-thermal,55.218
1780555065.1285808,,,soc0-thermal,53.187
1780555065.1285808,,,soc1-thermal,52.437
1780555065.1285808,,,soc2-thermal,53.0
1780555065.1285808,,,tj-thermal,55.406
1780555065.2347412,VDD_IN,7214.592,,
1780555065.2347412,VDD_CPU_GPU_CV,2519.04,,
1780555065.2347412,VDD_SOC,1774.08,,
1780555065.2347412,,,cpu-thermal,54.562
1780555065.2347412,,,gpu-thermal,55.593
1780555065.2347412,,,soc0-thermal,53.062
1780555065.2347412,,,soc1-thermal,52.531
1780555065.2347412,,,soc2-thermal,52.812
1780555065.2347412,,,tj-thermal,55.593
1780555065.3401058,VDD_IN,7175.168,,
1780555065.3401058,VDD_CPU_GPU_CV,2479.68,,
1780555065.3401058,VDD_SOC,1774.08,,
1780555065.3401058,,,cpu-thermal,54.562
1780555065.3401058,,,gpu-thermal,55.437
1780555065.3401058,,,soc0-thermal,53.093
1780555065.3401058,,,soc1-thermal,52.593
1780555065.3401058,,,soc2-thermal,52.875
1780555065.3401058,,,tj-thermal,55.437
1780555065.44592,VDD_IN,7135.744,,
1780555065.44592,VDD_CPU_GPU_CV,2479.68,,
1780555065.44592,VDD_SOC,1734.656,,
1780555065.44592,,,cpu-thermal,54.875
1780555065.44592,,,gpu-thermal,55.406
1780555065.44592,,,soc0-thermal,53.312
1780555065.44592,,,soc1-thermal,52.531
1780555065.44592,,,soc2-thermal,53.0
1780555065.44592,,,tj-thermal,55.406
1780555065.5516608,VDD_IN,7096.32,,
1780555065.5516608,VDD_CPU_GPU_CV,2479.68,,
1780555065.5516608,VDD_SOC,1734.656,,
1780555065.5516608,,,cpu-thermal,54.906
1780555065.5516608,,,gpu-thermal,55.593
1780555065.5516608,,,soc0-thermal,53.156
1780555065.5516608,,,soc1-thermal,52.562
1780555065.5516608,,,soc2-thermal,52.937
1780555065.5516608,,,tj-thermal,55.375
1780555065.6569033,VDD_IN,7096.32,,
1780555065.6569033,VDD_CPU_GPU_CV,2479.68,,
1780555065.6569033,VDD_SOC,1734.656,,
1780555065.6569033,,,cpu-thermal,54.968
1780555065.6569033,,,gpu-thermal,55.375
1780555065.6569033,,,soc0-thermal,53.25
1780555065.6569033,,,soc1-thermal,52.531
1780555065.6569033,,,soc2-thermal,52.906
1780555065.6569033,,,tj-thermal,55.375
1780555065.7623818,VDD_IN,7056.896,,
1780555065.7623818,VDD_CPU_GPU_CV,2479.68,,
1780555065.7623818,VDD_SOC,1734.656,,
1780555065.7623818,,,cpu-thermal,54.718
1780555065.7623818,,,gpu-thermal,55.375
1780555065.7623818,,,soc0-thermal,53.187
1780555065.7623818,,,soc1-thermal,52.593
1780555065.7623818,,,soc2-thermal,52.906
1780555065.7623818,,,tj-thermal,55.375
1780555065.8684468,VDD_IN,7135.744,,
1780555065.8684468,VDD_CPU_GPU_CV,2519.04,,
1780555065.8684468,VDD_SOC,1734.656,,
1780555065.8684468,,,cpu-thermal,54.875
1780555065.8684468,,,gpu-thermal,55.343
1780555065.8684468,,,soc0-thermal,53.312
1780555065.8684468,,,soc1-thermal,52.531
1780555065.8684468,,,soc2-thermal,52.968
1780555065.8684468,,,tj-thermal,55.343
1780555065.9737613,VDD_IN,7214.592,,
1780555065.9737613,VDD_CPU_GPU_CV,2519.04,,
1780555065.9737613,VDD_SOC,1734.656,,
1780555065.9737613,,,cpu-thermal,54.875
1780555065.9737613,,,gpu-thermal,55.343
1780555065.9737613,,,soc0-thermal,53.156
1780555065.9737613,,,soc1-thermal,52.562
1780555065.9737613,,,soc2-thermal,52.843
1780555065.9737613,,,tj-thermal,55.343
1780555066.0791838,VDD_IN,7175.168,,
1780555066.0791838,VDD_CPU_GPU_CV,2519.04,,
1780555066.0791838,VDD_SOC,1734.656,,
1780555066.0791838,,,cpu-thermal,54.75
1780555066.0791838,,,gpu-thermal,55.437
1780555066.0791838,,,soc0-thermal,53.25
1780555066.0791838,,,soc1-thermal,52.625
1780555066.0791838,,,soc2-thermal,52.906
1780555066.0791838,,,tj-thermal,55.718
1780555066.1851292,VDD_IN,7175.168,,
1780555066.1851292,VDD_CPU_GPU_CV,2519.04,,
1780555066.1851292,VDD_SOC,1734.656,,
1780555066.1851292,,,cpu-thermal,54.75
1780555066.1851292,,,gpu-thermal,55.343
1780555066.1851292,,,soc0-thermal,53.312
1780555066.1851292,,,soc1-thermal,52.718
1780555066.1851292,,,soc2-thermal,53.0
1780555066.1851292,,,tj-thermal,55.343
1780555066.2904286,VDD_IN,7135.744,,
1780555066.2904286,VDD_CPU_GPU_CV,2519.04,,
1780555066.2904286,VDD_SOC,1734.656,,
1780555066.2904286,,,cpu-thermal,54.875
1780555066.2904286,,,gpu-thermal,55.312
1780555066.2904286,,,soc0-thermal,53.406
1780555066.2904286,,,soc1-thermal,52.562
1780555066.2904286,,,soc2-thermal,53.031
1780555066.2904286,,,tj-thermal,55.312
1780555066.3963401,VDD_IN,7096.32,,
1780555066.3963401,VDD_CPU_GPU_CV,2519.04,,
1780555066.3963401,VDD_SOC,1734.656,,
1780555066.3963401,,,cpu-thermal,54.718
1780555066.3963401,,,gpu-thermal,55.75
1780555066.3963401,,,soc0-thermal,53.187
1780555066.3963401,,,soc1-thermal,52.625
1780555066.3963401,,,soc2-thermal,52.937
1780555066.3963401,,,tj-thermal,55.75
1780555066.5026405,VDD_IN,7096.32,,
1780555066.5026405,VDD_CPU_GPU_CV,2479.68,,
1780555066.5026405,VDD_SOC,1734.656,,
1780555066.5026405,,,cpu-thermal,54.781
1780555066.5026405,,,gpu-thermal,55.656
1780555066.5026405,,,soc0-thermal,53.218
1780555066.5026405,,,soc1-thermal,52.656
1780555066.5026405,,,soc2-thermal,53.0
1780555066.5026405,,,tj-thermal,55.656
1780555066.6086373,VDD_IN,7056.896,,
1780555066.6086373,VDD_CPU_GPU_CV,2479.68,,
1780555066.6086373,VDD_SOC,1734.656,,
1780555066.6086373,,,cpu-thermal,54.75
1780555066.6086373,,,gpu-thermal,55.406
1780555066.6086373,,,soc0-thermal,53.281
1780555066.6086373,,,soc1-thermal,52.562
1780555066.6086373,,,soc2-thermal,53.062
1780555066.6086373,,,tj-thermal,55.406
1780555066.714711,VDD_IN,7096.32,,
1780555066.714711,VDD_CPU_GPU_CV,2479.68,,
1780555066.714711,VDD_SOC,1734.656,,
1780555066.714711,,,cpu-thermal,54.843
1780555066.714711,,,gpu-thermal,55.375
1780555066.714711,,,soc0-thermal,53.187
1780555066.714711,,,soc1-thermal,52.625
1780555066.714711,,,soc2-thermal,53.0
1780555066.714711,,,tj-thermal,55.375
1780555066.8207111,VDD_IN,7096.32,,
1780555066.8207111,VDD_CPU_GPU_CV,2479.68,,
1780555066.8207111,VDD_SOC,1734.656,,
1780555066.8207111,,,cpu-thermal,54.781
1780555066.8207111,,,gpu-thermal,55.406
1780555066.8207111,,,soc0-thermal,53.218
1780555066.8207111,,,soc1-thermal,52.687
1780555066.8207111,,,soc2-thermal,53.031
1780555066.8207111,,,tj-thermal,55.406
1780555066.9266684,VDD_IN,7175.168,,
1780555066.9266684,VDD_CPU_GPU_CV,2519.04,,
1780555066.9266684,VDD_SOC,1734.656,,
1780555066.9266684,,,cpu-thermal,54.687
1780555066.9266684,,,gpu-thermal,55.593
1780555066.9266684,,,soc0-thermal,53.281
1780555066.9266684,,,soc1-thermal,52.781
1780555066.9266684,,,soc2-thermal,53.0
1780555066.9266684,,,tj-thermal,55.375
1780555067.0326703,VDD_IN,7214.592,,
1780555067.0326703,VDD_CPU_GPU_CV,2558.4,,
1780555067.0326703,VDD_SOC,1734.656,,
1780555067.0326703,,,cpu-thermal,55.062
1780555067.0326703,,,gpu-thermal,55.437
1780555067.0326703,,,soc0-thermal,53.437
1780555067.0326703,,,soc1-thermal,52.625
1780555067.0326703,,,soc2-thermal,53.156
1780555067.0326703,,,tj-thermal,55.625
1780555067.138357,VDD_IN,7135.744,,
1780555067.138357,VDD_CPU_GPU_CV,2519.04,,
1780555067.138357,VDD_SOC,1734.656,,
1780555067.138357,,,cpu-thermal,54.781
1780555067.138357,,,gpu-thermal,55.375
1780555067.138357,,,soc0-thermal,53.312
1780555067.138357,,,soc1-thermal,52.718
1780555067.138357,,,soc2-thermal,53.156
1780555067.138357,,,tj-thermal,55.375
1780555067.24391,VDD_IN,7135.744,,
1780555067.24391,VDD_CPU_GPU_CV,2519.04,,
1780555067.24391,VDD_SOC,1734.656,,
1780555067.24391,,,cpu-thermal,54.781
1780555067.24391,,,gpu-thermal,55.812
1780555067.24391,,,soc0-thermal,53.25
1780555067.24391,,,soc1-thermal,52.781
1780555067.24391,,,soc2-thermal,53.0
1780555067.24391,,,tj-thermal,55.812
1780555067.3495486,VDD_IN,7135.744,,
1780555067.3495486,VDD_CPU_GPU_CV,2479.68,,
1780555067.3495486,VDD_SOC,1734.656,,
1780555067.3495486,,,cpu-thermal,54.968
1780555067.3495486,,,gpu-thermal,55.656
1780555067.3495486,,,soc0-thermal,53.375
1780555067.3495486,,,soc1-thermal,52.75
1780555067.3495486,,,soc2-thermal,53.125
1780555067.3495486,,,tj-thermal,55.656
1780555067.455323,VDD_IN,7096.32,,
1780555067.455323,VDD_CPU_GPU_CV,2479.68,,
1780555067.455323,VDD_SOC,1734.656,,
1780555067.455323,,,cpu-thermal,55.031
1780555067.455323,,,gpu-thermal,55.562
1780555067.455323,,,soc0-thermal,53.312
1780555067.455323,,,soc1-thermal,52.687
1780555067.455323,,,soc2-thermal,53.093
1780555067.455323,,,tj-thermal,55.562
1780555067.5610473,VDD_IN,7096.32,,
1780555067.5610473,VDD_CPU_GPU_CV,2479.68,,
1780555067.5610473,VDD_SOC,1734.656,,
1780555067.5610473,,,cpu-thermal,55.25
1780555067.5610473,,,gpu-thermal,55.781
1780555067.5610473,,,soc0-thermal,53.343
1780555067.5610473,,,soc1-thermal,52.687
1780555067.5610473,,,soc2-thermal,53.031
1780555067.5610473,,,tj-thermal,55.5
1780555067.6668725,VDD_IN,7096.32,,
1780555067.6668725,VDD_CPU_GPU_CV,2479.68,,
1780555067.6668725,VDD_SOC,1734.656,,
1780555067.6668725,,,cpu-thermal,54.968
1780555067.6668725,,,gpu-thermal,55.687
1780555067.6668725,,,soc0-thermal,53.375
1780555067.6668725,,,soc1-thermal,52.812
1780555067.6668725,,,soc2-thermal,53.093
1780555067.6668725,,,tj-thermal,55.406
1780555067.7725902,VDD_IN,7056.896,,
1780555067.7725902,VDD_CPU_GPU_CV,2479.68,,
1780555067.7725902,VDD_SOC,1734.656,,
1780555067.7725902,,,cpu-thermal,55.031
1780555067.7725902,,,gpu-thermal,55.562
1780555067.7725902,,,soc0-thermal,53.468
1780555067.7725902,,,soc1-thermal,52.718
1780555067.7725902,,,soc2-thermal,53.187
1780555067.7725902,,,tj-thermal,55.562
1780555067.8782268,VDD_IN,7135.744,,
1780555067.8782268,VDD_CPU_GPU_CV,2479.68,,
1780555067.8782268,VDD_SOC,1734.656,,
1780555067.8782268,,,cpu-thermal,55.031
1780555067.8782268,,,gpu-thermal,55.531
1780555067.8782268,,,soc0-thermal,53.375
1780555067.8782268,,,soc1-thermal,52.75
1780555067.8782268,,,soc2-thermal,53.031
1780555067.8782268,,,tj-thermal,55.531
1780555067.9838192,VDD_IN,7175.168,,
1780555067.9838192,VDD_CPU_GPU_CV,2519.04,,
1780555067.9838192,VDD_SOC,1734.656,,
1780555067.9838192,,,cpu-thermal,54.812
1780555067.9838192,,,gpu-thermal,55.531
1780555067.9838192,,,soc0-thermal,53.343
1780555067.9838192,,,soc1-thermal,52.812
1780555067.9838192,,,soc2-thermal,53.093
1780555067.9838192,,,tj-thermal,55.531
1780555068.0896947,VDD_IN,7214.592,,
1780555068.0896947,VDD_CPU_GPU_CV,2519.04,,
1780555068.0896947,VDD_SOC,1734.656,,
1780555068.0896947,,,cpu-thermal,54.937
1780555068.0896947,,,gpu-thermal,55.5
1780555068.0896947,,,soc0-thermal,53.406
1780555068.0896947,,,soc1-thermal,53.0
1780555068.0896947,,,soc2-thermal,53.156
1780555068.0896947,,,tj-thermal,55.5
1780555068.195576,VDD_IN,7175.168,,
1780555068.195576,VDD_CPU_GPU_CV,2519.04,,
1780555068.195576,VDD_SOC,1734.656,,
1780555068.195576,,,cpu-thermal,55.0
1780555068.195576,,,gpu-thermal,55.5
1780555068.195576,,,soc0-thermal,53.5
1780555068.195576,,,soc1-thermal,52.75
1780555068.195576,,,soc2-thermal,53.156
1780555068.195576,,,tj-thermal,55.812
1780555068.301691,VDD_IN,7175.168,,
1780555068.301691,VDD_CPU_GPU_CV,2519.04,,
1780555068.301691,VDD_SOC,1734.656,,
1780555068.301691,,,cpu-thermal,54.906
1780555068.301691,,,gpu-thermal,55.437
1780555068.301691,,,soc0-thermal,53.375
1780555068.301691,,,soc1-thermal,52.812
1780555068.301691,,,soc2-thermal,53.125
1780555068.301691,,,tj-thermal,55.593
1780555068.4073129,VDD_IN,7135.744,,
1780555068.4073129,VDD_CPU_GPU_CV,2479.68,,
1780555068.4073129,VDD_SOC,1734.656,,
1780555068.4073129,,,cpu-thermal,54.875
1780555068.4073129,,,gpu-thermal,55.906
1780555068.4073129,,,soc0-thermal,53.468
1780555068.4073129,,,soc1-thermal,52.906
1780555068.4073129,,,soc2-thermal,53.156
1780555068.4073129,,,tj-thermal,55.906
1780555068.5127609,VDD_IN,7135.744,,
1780555068.5127609,VDD_CPU_GPU_CV,2479.68,,
1780555068.5127609,VDD_SOC,1734.656,,
1780555068.5127609,,,cpu-thermal,54.937
1780555068.5127609,,,gpu-thermal,55.718
1780555068.5127609,,,soc0-thermal,53.562
1780555068.5127609,,,soc1-thermal,52.687
1780555068.5127609,,,soc2-thermal,53.218
1780555068.5127609,,,tj-thermal,55.718
1780555068.6187031,VDD_IN,7096.32,,
1780555068.6187031,VDD_CPU_GPU_CV,2479.68,,
1780555068.6187031,VDD_SOC,1734.656,,
1780555068.6187031,,,cpu-thermal,54.937
1780555068.6187031,,,gpu-thermal,55.625
1780555068.6187031,,,soc0-thermal,53.437
1780555068.6187031,,,soc1-thermal,52.781
1780555068.6187031,,,soc2-thermal,53.25
1780555068.6187031,,,tj-thermal,55.625
1780555068.7245762,VDD_IN,7096.32,,
1780555068.7245762,VDD_CPU_GPU_CV,2479.68,,
1780555068.7245762,VDD_SOC,1734.656,,
1780555068.7245762,,,cpu-thermal,55.0
1780555068.7245762,,,gpu-thermal,55.593
1780555068.7245762,,,soc0-thermal,53.375
1780555068.7245762,,,soc1-thermal,52.906
1780555068.7245762,,,soc2-thermal,53.187
1780555068.7245762,,,tj-thermal,55.593
1780555068.8300495,VDD_IN,7135.744,,
1780555068.8300495,VDD_CPU_GPU_CV,2519.04,,
1780555068.8300495,VDD_SOC,1734.656,,
1780555068.8300495,,,cpu-thermal,54.875
1780555068.8300495,,,gpu-thermal,55.812
1780555068.8300495,,,soc0-thermal,53.593
1780555068.8300495,,,soc1-thermal,52.937
1780555068.8300495,,,soc2-thermal,53.281
1780555068.8300495,,,tj-thermal,55.562
1780555068.9362268,VDD_IN,7175.168,,
1780555068.9362268,VDD_CPU_GPU_CV,2558.4,,
1780555068.9362268,VDD_SOC,1734.656,,
1780555068.9362268,,,cpu-thermal,55.187
1780555068.9362268,,,gpu-thermal,55.718
1780555068.9362268,,,soc0-thermal,53.593
1780555068.9362268,,,soc1-thermal,52.875
1780555068.9362268,,,soc2-thermal,53.312
1780555068.9362268,,,tj-thermal,55.531
1780555069.0420964,VDD_IN,7175.168,,
1780555069.0420964,VDD_CPU_GPU_CV,2558.4,,
1780555069.0420964,VDD_SOC,1734.656,,
1780555069.0420964,,,cpu-thermal,54.937
1780555069.0420964,,,gpu-thermal,55.625
1780555069.0420964,,,soc0-thermal,53.5
1780555069.0420964,,,soc1-thermal,52.843
1780555069.0420964,,,soc2-thermal,53.218
1780555069.0420964,,,tj-thermal,55.625
1780555069.1479912,VDD_IN,7175.168,,
1780555069.1479912,VDD_CPU_GPU_CV,2519.04,,
1780555069.1479912,VDD_SOC,1734.656,,
1780555069.1479912,,,cpu-thermal,55.093
1780555069.1479912,,,gpu-thermal,55.593
1780555069.1479912,,,soc0-thermal,53.468
1780555069.1479912,,,soc1-thermal,52.843
1780555069.1479912,,,soc2-thermal,53.281
1780555069.1479912,,,tj-thermal,55.593
1780555069.253908,VDD_IN,7135.744,,
1780555069.253908,VDD_CPU_GPU_CV,2519.04,,
1780555069.253908,VDD_SOC,1734.656,,
1780555069.253908,,,cpu-thermal,55.156
1780555069.253908,,,gpu-thermal,55.531
1780555069.253908,,,soc0-thermal,53.593
1780555069.253908,,,soc1-thermal,52.75
1780555069.253908,,,soc2-thermal,53.281
1780555069.253908,,,tj-thermal,55.531
1780555069.3599205,VDD_IN,7135.744,,
1780555069.3599205,VDD_CPU_GPU_CV,2519.04,,
1780555069.3599205,VDD_SOC,1734.656,,
1780555069.3599205,,,cpu-thermal,55.343
1780555069.3599205,,,gpu-thermal,55.906
1780555069.3599205,,,soc0-thermal,53.437
1780555069.3599205,,,soc1-thermal,52.875
1780555069.3599205,,,soc2-thermal,53.312
1780555069.3599205,,,tj-thermal,55.906
1780555069.465658,VDD_IN,7135.744,,
1780555069.465658,VDD_CPU_GPU_CV,2519.04,,
1780555069.465658,VDD_SOC,1734.656,,
1780555069.465658,,,cpu-thermal,55.031
1780555069.465658,,,gpu-thermal,55.75
1780555069.465658,,,soc0-thermal,53.468
1780555069.465658,,,soc1-thermal,52.906
1780555069.465658,,,soc2-thermal,53.343
1780555069.465658,,,tj-thermal,55.75
1780555069.57139,VDD_IN,7096.32,,
1780555069.57139,VDD_CPU_GPU_CV,2519.04,,
1780555069.57139,VDD_SOC,1734.656,,
1780555069.57139,,,cpu-thermal,55.093
1780555069.57139,,,gpu-thermal,55.656
1780555069.57139,,,soc0-thermal,53.593
1780555069.57139,,,soc1-thermal,53.062
1780555069.57139,,,soc2-thermal,53.375
1780555069.57139,,,tj-thermal,55.656
1780555069.6777215,VDD_IN,7107.84,,
1780555069.6777215,VDD_CPU_GPU_CV,2479.68,,
1780555069.6777215,VDD_SOC,1734.656,,
1780555069.6777215,,,cpu-thermal,55.093
1780555069.6777215,,,gpu-thermal,55.937
1780555069.6777215,,,soc0-thermal,53.593
1780555069.6777215,,,soc1-thermal,52.906
1780555069.6777215,,,soc2-thermal,53.406
1780555069.6777215,,,tj-thermal,55.593
1780555069.7831655,VDD_IN,7107.84,,
1780555069.7831655,VDD_CPU_GPU_CV,2479.68,,
1780555069.7831655,VDD_SOC,1734.656,,
1780555069.7831655,,,cpu-thermal,55.0
1780555069.7831655,,,gpu-thermal,55.875
1780555069.7831655,,,soc0-thermal,53.562
1780555069.7831655,,,soc1-thermal,52.906
1780555069.7831655,,,soc2-thermal,53.187
1780555069.7831655,,,tj-thermal,55.875
1780555069.888559,VDD_IN,7147.328,,
1780555069.888559,VDD_CPU_GPU_CV,2519.04,,
1780555069.888559,VDD_SOC,1734.656,,
1780555069.888559,,,cpu-thermal,55.0
1780555069.888559,,,gpu-thermal,55.843
1780555069.888559,,,soc0-thermal,53.562
1780555069.888559,,,soc1-thermal,52.937
1780555069.888559,,,soc2-thermal,53.312
1780555069.888559,,,tj-thermal,55.843
1780555069.9945862,VDD_IN,7226.304,,
1780555069.9945862,VDD_CPU_GPU_CV,2558.4,,
1780555069.9945862,VDD_SOC,1734.656,,
1780555069.9945862,,,cpu-thermal,55.125
1780555069.9945862,,,gpu-thermal,55.687
1780555069.9945862,,,soc0-thermal,53.687
1780555069.9945862,,,soc1-thermal,53.125
1780555069.9945862,,,soc2-thermal,53.375
1780555069.9945862,,,tj-thermal,55.687
1780555070.1001034,VDD_IN,7214.592,,
1780555070.1001034,VDD_CPU_GPU_CV,2558.4,,
1780555070.1001034,VDD_SOC,1734.656,,
1780555070.1001034,,,cpu-thermal,55.031
1780555070.1001034,,,gpu-thermal,55.593
1780555070.1001034,,,soc0-thermal,53.593
1780555070.1001034,,,soc1-thermal,53.0
1780555070.1001034,,,soc2-thermal,53.437
1780555070.1001034,,,tj-thermal,55.593
1780555070.2059186,VDD_IN,7175.168,,
1780555070.2059186,VDD_CPU_GPU_CV,2519.04,,
1780555070.2059186,VDD_SOC,1734.656,,
1780555070.2059186,,,cpu-thermal,55.031
1780555070.2059186,,,gpu-thermal,56.031
1780555070.2059186,,,soc0-thermal,53.593
1780555070.2059186,,,soc1-thermal,53.0
1780555070.2059186,,,soc2-thermal,53.375
1780555070.2059186,,,tj-thermal,56.031
1780555070.3119035,VDD_IN,7175.168,,
1780555070.3119035,VDD_CPU_GPU_CV,2519.04,,
1780555070.3119035,VDD_SOC,1734.656,,
1780555070.3119035,,,cpu-thermal,55.093
1780555070.3119035,,,gpu-thermal,55.656
1780555070.3119035,,,soc0-thermal,53.625
1780555070.3119035,,,soc1-thermal,53.093
1780555070.3119035,,,soc2-thermal,53.406
1780555070.3119035,,,tj-thermal,55.906
1780555070.4174066,VDD_IN,7175.168,,
1780555070.4174066,VDD_CPU_GPU_CV,2519.04,,
1780555070.4174066,VDD_SOC,1734.656,,
1780555070.4174066,,,cpu-thermal,55.437
1780555070.4174066,,,gpu-thermal,55.625
1780555070.4174066,,,soc0-thermal,53.718
1780555070.4174066,,,soc1-thermal,52.937
1780555070.4174066,,,soc2-thermal,53.437
1780555070.4174066,,,tj-thermal,55.625
1780555070.523324,VDD_IN,7135.744,,
1780555070.523324,VDD_CPU_GPU_CV,2479.68,,
1780555070.523324,VDD_SOC,1734.656,,
1780555070.523324,,,cpu-thermal,55.125
1780555070.523324,,,gpu-thermal,56.0
1780555070.523324,,,soc0-thermal,53.593
1780555070.523324,,,soc1-thermal,52.937
1780555070.523324,,,soc2-thermal,53.375
1780555070.523324,,,tj-thermal,56.0
1780555070.628839,VDD_IN,7096.32,,
1780555070.628839,VDD_CPU_GPU_CV,2479.68,,
1780555070.628839,VDD_SOC,1734.656,,
1780555070.628839,,,cpu-thermal,55.093
1780555070.628839,,,gpu-thermal,55.843
1780555070.628839,,,soc0-thermal,53.531
1780555070.628839,,,soc1-thermal,52.968
1780555070.628839,,,soc2-thermal,53.375
1780555070.628839,,,tj-thermal,55.843
1780555070.7343607,VDD_IN,7096.32,,
1780555070.7343607,VDD_CPU_GPU_CV,2479.68,,
1780555070.7343607,VDD_SOC,1734.656,,
1780555070.7343607,,,cpu-thermal,55.312
1780555070.7343607,,,gpu-thermal,55.718
1780555070.7343607,,,soc0-thermal,53.687
1780555070.7343607,,,soc1-thermal,53.156
1780555070.7343607,,,soc2-thermal,53.437
1780555070.7343607,,,tj-thermal,55.718
1780555070.8401072,VDD_IN,7135.744,,
1780555070.8401072,VDD_CPU_GPU_CV,2479.68,,
1780555070.8401072,VDD_SOC,1734.656,,
1780555070.8401072,,,cpu-thermal,55.437
1780555070.8401072,,,gpu-thermal,56.0
1780555070.8401072,,,soc0-thermal,53.781
1780555070.8401072,,,soc1-thermal,53.0
1780555070.8401072,,,soc2-thermal,53.437
1780555070.8401072,,,tj-thermal,55.718
1780555070.945802,VDD_IN,7214.592,,
1780555070.945802,VDD_CPU_GPU_CV,2519.04,,
1780555070.945802,VDD_SOC,1734.656,,
1780555070.945802,,,cpu-thermal,55.062
1780555070.945802,,,gpu-thermal,56.031
1780555070.945802,,,soc0-thermal,53.562
1780555070.945802,,,soc1-thermal,53.093
1780555070.945802,,,soc2-thermal,53.437
1780555070.945802,,,tj-thermal,56.031
1780555071.0510745,VDD_IN,7254.016,,
1780555071.0510745,VDD_CPU_GPU_CV,2558.4,,
1780555071.0510745,VDD_SOC,1734.656,,
1780555071.0510745,,,cpu-thermal,55.031
1780555071.0510745,,,gpu-thermal,55.718
1780555071.0510745,,,soc0-thermal,53.687
1780555071.0510745,,,soc1-thermal,53.093
1780555071.0510745,,,soc2-thermal,53.343
1780555071.0510745,,,tj-thermal,55.718
1780555071.1568427,VDD_IN,7175.168,,
1780555071.1568427,VDD_CPU_GPU_CV,2519.04,,
1780555071.1568427,VDD_SOC,1734.656,,
1780555071.1568427,,,cpu-thermal,55.281
1780555071.1568427,,,gpu-thermal,55.718
1780555071.1568427,,,soc0-thermal,53.687
1780555071.1568427,,,soc1-thermal,53.031
1780555071.1568427,,,soc2-thermal,53.5
1780555071.1568427,,,tj-thermal,55.718
1780555071.2624166,VDD_IN,7175.168,,
1780555071.2624166,VDD_CPU_GPU_CV,2519.04,,
1780555071.2624166,VDD_SOC,1734.656,,
1780555071.2624166,,,cpu-thermal,55.406
1780555071.2624166,,,gpu-thermal,55.937
1780555071.2624166,,,soc0-thermal,53.875
1780555071.2624166,,,soc1-thermal,53.031
1780555071.2624166,,,soc2-thermal,53.375
1780555071.2624166,,,tj-thermal,55.75
1780555071.3679929,VDD_IN,7135.744,,
1780555071.3679929,VDD_CPU_GPU_CV,2519.04,,
1780555071.3679929,VDD_SOC,1734.656,,
1780555071.3679929,,,cpu-thermal,55.625
1780555071.3679929,,,gpu-thermal,55.812
1780555071.3679929,,,soc0-thermal,53.593
1780555071.3679929,,,soc1-thermal,53.062
1780555071.3679929,,,soc2-thermal,53.562
1780555071.3679929,,,tj-thermal,56.156
1780555071.473639,VDD_IN,7135.744,,
1780555071.473639,VDD_CPU_GPU_CV,2479.68,,
1780555071.473639,VDD_SOC,1734.656,,
1780555071.473639,,,cpu-thermal,55.218
1780555071.473639,,,gpu-thermal,55.687
1780555071.473639,,,soc0-thermal,53.656
1780555071.473639,,,soc1-thermal,53.125
1780555071.473639,,,soc2-thermal,53.5
1780555071.473639,,,tj-thermal,55.687
1780555071.579179,VDD_IN,7096.32,,
1780555071.579179,VDD_CPU_GPU_CV,2479.68,,
1780555071.579179,VDD_SOC,1734.656,,
1780555071.579179,,,cpu-thermal,55.343
1780555071.579179,,,gpu-thermal,55.718
1780555071.579179,,,soc0-thermal,53.687
1780555071.579179,,,soc1-thermal,53.343
1780555071.579179,,,soc2-thermal,53.406
1780555071.579179,,,tj-thermal,55.718
1780555071.6847122,VDD_IN,7096.32,,
1780555071.6847122,VDD_CPU_GPU_CV,2479.68,,
1780555071.6847122,VDD_SOC,1734.656,,
1780555071.6847122,,,cpu-thermal,55.468
1780555071.6847122,,,gpu-thermal,56.062
1780555071.6847122,,,soc0-thermal,53.687
1780555071.6847122,,,soc1-thermal,53.062
1780555071.6847122,,,soc2-thermal,53.437
1780555071.6847122,,,tj-thermal,56.062
1780555071.7906425,VDD_IN,7096.32,,
1780555071.7906425,VDD_CPU_GPU_CV,2479.68,,
1780555071.7906425,VDD_SOC,1734.656,,
1780555071.7906425,,,cpu-thermal,55.25
1780555071.7906425,,,gpu-thermal,55.687
1780555071.7906425,,,soc0-thermal,53.687
1780555071.7906425,,,soc1-thermal,53.125
1780555071.7906425,,,soc2-thermal,53.562
1780555071.7906425,,,tj-thermal,56.062
1780555071.8961682,VDD_IN,7135.744,,
1780555071.8961682,VDD_CPU_GPU_CV,2519.04,,
1780555071.8961682,VDD_SOC,1734.656,,
1780555071.8961682,,,cpu-thermal,55.375
1780555071.8961682,,,gpu-thermal,55.812
1780555071.8961682,,,soc0-thermal,53.812
1780555071.8961682,,,soc1-thermal,53.156
1780555071.8961682,,,soc2-thermal,53.562
1780555071.8961682,,,tj-thermal,55.812
1780555072.0013752,VDD_IN,7175.168,,
1780555072.0013752,VDD_CPU_GPU_CV,2558.4,,
1780555072.0013752,VDD_SOC,1774.08,,
1780555072.0013752,,,cpu-thermal,55.312
1780555072.0013752,,,gpu-thermal,56.218
1780555072.0013752,,,soc0-thermal,53.75
1780555072.0013752,,,soc1-thermal,53.0
1780555072.0013752,,,soc2-thermal,53.593
1780555072.0013752,,,tj-thermal,56.218
1780555072.1069593,VDD_IN,7175.168,,
1780555072.1069593,VDD_CPU_GPU_CV,2558.4,,
1780555072.1069593,VDD_SOC,1734.656,,
1780555072.1069593,,,cpu-thermal,55.343
1780555072.1069593,,,gpu-thermal,55.937
1780555072.1069593,,,soc0-thermal,53.781
1780555072.1069593,,,soc1-thermal,53.093
1780555072.1069593,,,soc2-thermal,53.5
1780555072.1069593,,,tj-thermal,55.937
1780555072.2124052,VDD_IN,7135.744,,
1780555072.2124052,VDD_CPU_GPU_CV,2519.04,,
1780555072.2124052,VDD_SOC,1734.656,,
1780555072.2124052,,,cpu-thermal,55.343
1780555072.2124052,,,gpu-thermal,56.281
1780555072.2124052,,,soc0-thermal,53.75
1780555072.2124052,,,soc1-thermal,53.125
1780555072.2124052,,,soc2-thermal,53.593
1780555072.2124052,,,tj-thermal,55.937
1780555072.3178673,VDD_IN,7135.744,,
1780555072.3178673,VDD_CPU_GPU_CV,2519.04,,
1780555072.3178673,VDD_SOC,1734.656,,
1780555072.3178673,,,cpu-thermal,55.25
1780555072.3178673,,,gpu-thermal,56.125
1780555072.3178673,,,soc0-thermal,53.781
1780555072.3178673,,,soc1-thermal,53.343
1780555072.3178673,,,soc2-thermal,53.531
1780555072.3178673,,,tj-thermal,55.812
1780555072.4236317,VDD_IN,7135.744,,
1780555072.4236317,VDD_CPU_GPU_CV,2519.04,,
1780555072.4236317,VDD_SOC,1734.656,,
1780555072.4236317,,,cpu-thermal,55.343
1780555072.4236317,,,gpu-thermal,56.062
1780555072.4236317,,,soc0-thermal,53.906
1780555072.4236317,,,soc1-thermal,53.125
1780555072.4236317,,,soc2-thermal,53.625
1780555072.4236317,,,tj-thermal,56.062
1780555072.529018,VDD_IN,7096.32,,
1780555072.529018,VDD_CPU_GPU_CV,2479.68,,
1780555072.529018,VDD_SOC,1734.656,,
1780555072.529018,,,cpu-thermal,55.281
1780555072.529018,,,gpu-thermal,55.875
1780555072.529018,,,soc0-thermal,53.718
1780555072.529018,,,soc1-thermal,53.125
1780555072.529018,,,soc2-thermal,53.531
1780555072.529018,,,tj-thermal,55.875
1780555072.634512,VDD_IN,7096.32,,
1780555072.634512,VDD_CPU_GPU_CV,2479.68,,
1780555072.634512,VDD_SOC,1734.656,,
1780555072.634512,,,cpu-thermal,55.281
1780555072.634512,,,gpu-thermal,55.843
1780555072.634512,,,soc0-thermal,53.875
1780555072.634512,,,soc1-thermal,53.156
1780555072.634512,,,soc2-thermal,53.5
1780555072.634512,,,tj-thermal,55.843
1780555072.7404027,VDD_IN,7096.32,,
1780555072.7404027,VDD_CPU_GPU_CV,2479.68,,
1780555072.7404027,VDD_SOC,1734.656,,
1780555072.7404027,,,cpu-thermal,55.343
1780555072.7404027,,,gpu-thermal,56.031
1780555072.7404027,,,soc0-thermal,53.875
1780555072.7404027,,,soc1-thermal,53.25
1780555072.7404027,,,soc2-thermal,53.625
1780555072.7404027,,,tj-thermal,55.843
1780555072.846129,VDD_IN,7135.744,,
1780555072.846129,VDD_CPU_GPU_CV,2519.04,,
1780555072.846129,VDD_SOC,1734.656,,
1780555072.846129,,,cpu-thermal,55.281
1780555072.846129,,,gpu-thermal,56.031
1780555072.846129,,,soc0-thermal,54.0
1780555072.846129,,,soc1-thermal,53.125
1780555072.846129,,,soc2-thermal,53.718
1780555072.846129,,,tj-thermal,56.343
1780555072.9515383,VDD_IN,7175.168,,
1780555072.9515383,VDD_CPU_GPU_CV,2558.4,,
1780555072.9515383,VDD_SOC,1734.656,,
1780555072.9515383,,,cpu-thermal,55.312
1780555072.9515383,,,gpu-thermal,56.0
1780555072.9515383,,,soc0-thermal,53.843
1780555072.9515383,,,soc1-thermal,53.218
1780555072.9515383,,,soc2-thermal,53.562
1780555072.9515383,,,tj-thermal,56.0
1780555073.0569258,VDD_IN,7175.168,,
1780555073.0569258,VDD_CPU_GPU_CV,2558.4,,
1780555073.0569258,VDD_SOC,1734.656,,
1780555073.0569258,,,cpu-thermal,55.343
1780555073.0569258,,,gpu-thermal,55.843
1780555073.0569258,,,soc0-thermal,53.843
1780555073.0569258,,,soc1-thermal,53.187
1780555073.0569258,,,soc2-thermal,53.687
1780555073.0569258,,,tj-thermal,55.843
1780555073.1627462,VDD_IN,7175.168,,
1780555073.1627462,VDD_CPU_GPU_CV,2519.04,,
1780555073.1627462,VDD_SOC,1734.656,,
1780555073.1627462,,,cpu-thermal,55.625
1780555073.1627462,,,gpu-thermal,56.093
1780555073.1627462,,,soc0-thermal,53.875
1780555073.1627462,,,soc1-thermal,53.406
1780555073.1627462,,,soc2-thermal,53.718
1780555073.1627462,,,tj-thermal,56.093
1780555073.2681956,VDD_IN,7135.744,,
1780555073.2681956,VDD_CPU_GPU_CV,2519.04,,
1780555073.2681956,VDD_SOC,1734.656,,
1780555073.2681956,,,cpu-thermal,55.781
1780555073.2681956,,,gpu-thermal,55.937
1780555073.2681956,,,soc0-thermal,53.812
1780555073.2681956,,,soc1-thermal,53.187
1780555073.2681956,,,soc2-thermal,53.593
1780555073.2681956,,,tj-thermal,56.062
1780555073.3742816,VDD_IN,7096.32,,
1780555073.3742816,VDD_CPU_GPU_CV,2519.04,,
1780555073.3742816,VDD_SOC,1734.656,,
1780555073.3742816,,,cpu-thermal,55.312
1780555073.3742816,,,gpu-thermal,55.937
1780555073.3742816,,,soc0-thermal,53.875
1780555073.3742816,,,soc1-thermal,53.281
1780555073.3742816,,,soc2-thermal,53.625
1780555073.3742816,,,tj-thermal,56.062
1780555073.4801264,VDD_IN,7096.32,,
1780555073.4801264,VDD_CPU_GPU_CV,2519.04,,
1780555073.4801264,VDD_SOC,1734.656,,
1780555073.4801264,,,cpu-thermal,55.406
1780555073.4801264,,,gpu-thermal,56.156
1780555073.4801264,,,soc0-thermal,53.937
1780555073.4801264,,,soc1-thermal,53.343
1780555073.4801264,,,soc2-thermal,53.656
1780555073.4801264,,,tj-thermal,56.156
1780555073.5858297,VDD_IN,7096.32,,
1780555073.5858297,VDD_CPU_GPU_CV,2519.04,,
1780555073.5858297,VDD_SOC,1734.656,,
1780555073.5858297,,,cpu-thermal,55.593
1780555073.5858297,,,gpu-thermal,56.031
1780555073.5858297,,,soc0-thermal,54.062
1780555073.5858297,,,soc1-thermal,53.218
1780555073.5858297,,,soc2-thermal,53.75
1780555073.5858297,,,tj-thermal,56.031
1780555073.6915658,VDD_IN,7056.896,,
1780555073.6915658,VDD_CPU_GPU_CV,2479.68,,
1780555073.6915658,VDD_SOC,1734.656,,
1780555073.6915658,,,cpu-thermal,55.718
1780555073.6915658,,,gpu-thermal,56.0
1780555073.6915658,,,soc0-thermal,53.875
1780555073.6915658,,,soc1-thermal,53.218
1780555073.6915658,,,soc2-thermal,53.656
1780555073.6915658,,,tj-thermal,56.0
1780555073.7970543,VDD_IN,7096.32,,
1780555073.7970543,VDD_CPU_GPU_CV,2479.68,,
1780555073.7970543,VDD_SOC,1734.656,,
1780555073.7970543,,,cpu-thermal,55.281
1780555073.7970543,,,gpu-thermal,56.0
1780555073.7970543,,,soc0-thermal,53.875
1780555073.7970543,,,soc1-thermal,53.312
1780555073.7970543,,,soc2-thermal,53.656
1780555073.7970543,,,tj-thermal,56.0
1780555073.9024153,VDD_IN,7135.744,,
1780555073.9024153,VDD_CPU_GPU_CV,2519.04,,
1780555073.9024153,VDD_SOC,1734.656,,
1780555073.9024153,,,cpu-thermal,55.343
1780555073.9024153,,,gpu-thermal,56.125
1780555073.9024153,,,soc0-thermal,53.937
1780555073.9024153,,,soc1-thermal,53.437
1780555073.9024153,,,soc2-thermal,53.75
1780555073.9024153,,,tj-thermal,56.093
1780555074.0080218,VDD_IN,7214.592,,
1780555074.0080218,VDD_CPU_GPU_CV,2558.4,,
1780555074.0080218,VDD_SOC,1734.656,,
1780555074.0080218,,,cpu-thermal,55.593
1780555074.0080218,,,gpu-thermal,56.062
1780555074.0080218,,,soc0-thermal,54.093
1780555074.0080218,,,soc1-thermal,53.187
1780555074.0080218,,,soc2-thermal,53.718
1780555074.0080218,,,tj-thermal,56.062
1780555074.1140535,VDD_IN,7175.168,,
1780555074.1140535,VDD_CPU_GPU_CV,2519.04,,
1780555074.1140535,VDD_SOC,1734.656,,
1780555074.1140535,,,cpu-thermal,55.625
1780555074.1140535,,,gpu-thermal,56.031
1780555074.1140535,,,soc0-thermal,53.937
1780555074.1140535,,,soc1-thermal,53.218
1780555074.1140535,,,soc2-thermal,53.656
1780555074.1140535,,,tj-thermal,56.031
1780555074.2194662,VDD_IN,7175.168,,
1780555074.2194662,VDD_CPU_GPU_CV,2519.04,,
1780555074.2194662,VDD_SOC,1734.656,,
1780555074.2194662,,,cpu-thermal,55.468
1780555074.2194662,,,gpu-thermal,56.031
1780555074.2194662,,,soc0-thermal,53.968
1780555074.2194662,,,soc1-thermal,53.375
1780555074.2194662,,,soc2-thermal,53.687
1780555074.2194662,,,tj-thermal,56.031
1780555074.3251271,VDD_IN,7175.168,,
1780555074.3251271,VDD_CPU_GPU_CV,2519.04,,
1780555074.3251271,VDD_SOC,1734.656,,
1780555074.3251271,,,cpu-thermal,55.5
1780555074.3251271,,,gpu-thermal,56.312
1780555074.3251271,,,soc0-thermal,53.937
1780555074.3251271,,,soc1-thermal,53.218
1780555074.3251271,,,soc2-thermal,53.843
1780555074.3251271,,,tj-thermal,56.312
1780555074.4307082,VDD_IN,7135.744,,
1780555074.4307082,VDD_CPU_GPU_CV,2479.68,,
1780555074.4307082,VDD_SOC,1734.656,,
1780555074.4307082,,,cpu-thermal,55.593
1780555074.4307082,,,gpu-thermal,55.968
1780555074.4307082,,,soc0-thermal,54.062
1780555074.4307082,,,soc1-thermal,53.375
1780555074.4307082,,,soc2-thermal,53.687
1780555074.4307082,,,tj-thermal,56.156
1780555074.5362904,VDD_IN,7135.744,,
1780555074.5362904,VDD_CPU_GPU_CV,2479.68,,
1780555074.5362904,VDD_SOC,1734.656,,
1780555074.5362904,,,cpu-thermal,55.468
1780555074.5362904,,,gpu-thermal,56.0
1780555074.5362904,,,soc0-thermal,53.906
1780555074.5362904,,,soc1-thermal,53.281
1780555074.5362904,,,soc2-thermal,53.687
1780555074.5362904,,,tj-thermal,56.0
1780555074.6419363,VDD_IN,7135.744,,
1780555074.6419363,VDD_CPU_GPU_CV,2479.68,,
1780555074.6419363,VDD_SOC,1734.656,,
1780555074.6419363,,,cpu-thermal,55.5
1780555074.6419363,,,gpu-thermal,56.343
1780555074.6419363,,,soc0-thermal,54.031
1780555074.6419363,,,soc1-thermal,53.343
1780555074.6419363,,,soc2-thermal,53.75
1780555074.6419363,,,tj-thermal,56.343
1780555074.7474325,VDD_IN,7096.32,,
1780555074.7474325,VDD_CPU_GPU_CV,2479.68,,
1780555074.7474325,VDD_SOC,1734.656,,
1780555074.7474325,,,cpu-thermal,55.468
1780555074.7474325,,,gpu-thermal,56.125
1780555074.7474325,,,soc0-thermal,54.093
1780555074.7474325,,,soc1-thermal,53.562
1780555074.7474325,,,soc2-thermal,53.75
1780555074.7474325,,,tj-thermal,56.125
1780555074.8529227,VDD_IN,7135.744,,
1780555074.8529227,VDD_CPU_GPU_CV,2479.68,,
1780555074.8529227,VDD_SOC,1734.656,,
1780555074.8529227,,,cpu-thermal,55.468
1780555074.8529227,,,gpu-thermal,56.531
1780555074.8529227,,,soc0-thermal,54.031
1780555074.8529227,,,soc1-thermal,53.375
1780555074.8529227,,,soc2-thermal,53.781
1780555074.8529227,,,tj-thermal,56.156
1780555074.9588938,VDD_IN,7214.592,,
1780555074.9588938,VDD_CPU_GPU_CV,2519.04,,
1780555074.9588938,VDD_SOC,1734.656,,
1780555074.9588938,,,cpu-thermal,55.5
1780555074.9588938,,,gpu-thermal,56.343
1780555074.9588938,,,soc0-thermal,54.031
1780555074.9588938,,,soc1-thermal,53.406
1780555074.9588938,,,soc2-thermal,53.781
1780555074.9588938,,,tj-thermal,56.156
1780555075.0643551,VDD_IN,7214.592,,
1780555075.0643551,VDD_CPU_GPU_CV,2558.4,,
1780555075.0643551,VDD_SOC,1734.656,,
1780555075.0643551,,,cpu-thermal,55.468
1780555075.0643551,,,gpu-thermal,56.25
1780555075.0643551,,,soc0-thermal,54.0
1780555075.0643551,,,soc1-thermal,53.406
1780555075.0643551,,,soc2-thermal,53.875
1780555075.0643551,,,tj-thermal,56.25
1780555075.1702166,VDD_IN,7175.168,,
1780555075.1702166,VDD_CPU_GPU_CV,2519.04,,
1780555075.1702166,VDD_SOC,1734.656,,
1780555075.1702166,,,cpu-thermal,55.843
1780555075.1702166,,,gpu-thermal,56.156
1780555075.1702166,,,soc0-thermal,54.218
1780555075.1702166,,,soc1-thermal,53.375
1780555075.1702166,,,soc2-thermal,53.843
1780555075.1702166,,,tj-thermal,56.156
1780555075.2761576,VDD_IN,7175.168,,
1780555075.2761576,VDD_CPU_GPU_CV,2519.04,,
1780555075.2761576,VDD_SOC,1734.656,,
1780555075.2761576,,,cpu-thermal,55.5
1780555075.2761576,,,gpu-thermal,56.062
1780555075.2761576,,,soc0-thermal,53.968
1780555075.2761576,,,soc1-thermal,53.375
1780555075.2761576,,,soc2-thermal,53.875
1780555075.2761576,,,tj-thermal,56.062
1780555075.381699,VDD_IN,7135.744,,
1780555075.381699,VDD_CPU_GPU_CV,2519.04,,
1780555075.381699,VDD_SOC,1734.656,,
1780555075.381699,,,cpu-thermal,55.531
1780555075.381699,,,gpu-thermal,56.062
1780555075.381699,,,soc0-thermal,54.062
1780555075.381699,,,soc1-thermal,53.437
1780555075.381699,,,soc2-thermal,53.812
1780555075.381699,,,tj-thermal,56.062
1780555075.4883847,VDD_IN,7135.744,,
1780555075.4883847,VDD_CPU_GPU_CV,2519.04,,
1780555075.4883847,VDD_SOC,1734.656,,
1780555075.4883847,,,cpu-thermal,55.812
1780555075.4883847,,,gpu-thermal,56.468
1780555075.4883847,,,soc0-thermal,54.031
1780555075.4883847,,,soc1-thermal,53.281
1780555075.4883847,,,soc2-thermal,53.812
1780555075.4883847,,,tj-thermal,56.468
1780555075.5939794,VDD_IN,7096.32,,
1780555075.5939794,VDD_CPU_GPU_CV,2479.68,,
1780555075.5939794,VDD_SOC,1734.656,,
1780555075.5939794,,,cpu-thermal,55.843
1780555075.5939794,,,gpu-thermal,56.125
1780555075.5939794,,,soc0-thermal,54.031
1780555075.5939794,,,soc1-thermal,53.375
1780555075.5939794,,,soc2-thermal,53.718
1780555075.5939794,,,tj-thermal,56.312
1780555075.6999173,VDD_IN,7096.32,,
1780555075.6999173,VDD_CPU_GPU_CV,2479.68,,
1780555075.6999173,VDD_SOC,1734.656,,
1780555075.6999173,,,cpu-thermal,55.531
1780555075.6999173,,,gpu-thermal,56.062
1780555075.6999173,,,soc0-thermal,54.125
1780555075.6999173,,,soc1-thermal,53.5
1780555075.6999173,,,soc2-thermal,53.781
1780555075.6999173,,,tj-thermal,56.218
1780555075.806042,VDD_IN,7096.32,,
1780555075.806042,VDD_CPU_GPU_CV,2479.68,,
1780555075.806042,VDD_SOC,1734.656,,
1780555075.806042,,,cpu-thermal,55.625
1780555075.806042,,,gpu-thermal,56.562
1780555075.806042,,,soc0-thermal,54.093
1780555075.806042,,,soc1-thermal,53.593
1780555075.806042,,,soc2-thermal,53.906
1780555075.806042,,,tj-thermal,56.187
1780555075.9115484,VDD_IN,7175.168,,
1780555075.9115484,VDD_CPU_GPU_CV,2519.04,,
1780555075.9115484,VDD_SOC,1734.656,,
1780555075.9115484,,,cpu-thermal,55.656
1780555075.9115484,,,gpu-thermal,56.281
1780555075.9115484,,,soc0-thermal,54.125
1780555075.9115484,,,soc1-thermal,53.343
1780555075.9115484,,,soc2-thermal,54.031
1780555075.9115484,,,tj-thermal,56.281
1780555076.0170906,VDD_IN,7214.592,,
1780555076.0170906,VDD_CPU_GPU_CV,2558.4,,
1780555076.0170906,VDD_SOC,1774.08,,
1780555076.0170906,,,cpu-thermal,55.812
1780555076.0170906,,,gpu-thermal,56.312
1780555076.0170906,,,soc0-thermal,54.062
1780555076.0170906,,,soc1-thermal,53.5
1780555076.0170906,,,soc2-thermal,53.906
1780555076.0170906,,,tj-thermal,56.312
1780555076.123097,VDD_IN,7175.168,,
1780555076.123097,VDD_CPU_GPU_CV,2558.4,,
1780555076.123097,VDD_SOC,1734.656,,
1780555076.123097,,,cpu-thermal,55.593
1780555076.123097,,,gpu-thermal,56.218
1780555076.123097,,,soc0-thermal,54.093
1780555076.123097,,,soc1-thermal,53.593
1780555076.123097,,,soc2-thermal,53.843
1780555076.123097,,,tj-thermal,56.218
1780555076.2290494,VDD_IN,7175.168,,
1780555076.2290494,VDD_CPU_GPU_CV,2519.04,,
1780555076.2290494,VDD_SOC,1734.656,,
1780555076.2290494,,,cpu-thermal,55.656
1780555076.2290494,,,gpu-thermal,56.062
1780555076.2290494,,,soc0-thermal,54.156
1780555076.2290494,,,soc1-thermal,53.406
1780555076.2290494,,,soc2-thermal,54.0
1780555076.2290494,,,tj-thermal,56.062
1780555076.3347266,VDD_IN,7175.168,,
1780555076.3347266,VDD_CPU_GPU_CV,2519.04,,
1780555076.3347266,VDD_SOC,1734.656,,
1780555076.3347266,,,cpu-thermal,55.75
1780555076.3347266,,,gpu-thermal,56.218
1780555076.3347266,,,soc0-thermal,54.281
1780555076.3347266,,,soc1-thermal,53.375
1780555076.3347266,,,soc2-thermal,53.843
1780555076.3347266,,,tj-thermal,56.562
1780555076.440413,VDD_IN,7135.744,,
1780555076.440413,VDD_CPU_GPU_CV,2519.04,,
1780555076.440413,VDD_SOC,1734.656,,
1780555076.440413,,,cpu-thermal,55.656
1780555076.440413,,,gpu-thermal,56.25
1780555076.440413,,,soc0-thermal,54.187
1780555076.440413,,,soc1-thermal,53.5
1780555076.440413,,,soc2-thermal,53.843
1780555076.440413,,,tj-thermal,56.375
1780555076.5461955,VDD_IN,7135.744,,
1780555076.5461955,VDD_CPU_GPU_CV,2479.68,,
1780555076.5461955,VDD_SOC,1734.656,,
1780555076.5461955,,,cpu-thermal,55.593
1780555076.5461955,,,gpu-thermal,56.218
1780555076.5461955,,,soc0-thermal,54.125
1780555076.5461955,,,soc1-thermal,53.593
1780555076.5461955,,,soc2-thermal,53.937
1780555076.5461955,,,tj-thermal,56.218
1780555076.6516728,VDD_IN,7096.32,,
1780555076.6516728,VDD_CPU_GPU_CV,2479.68,,
1780555076.6516728,VDD_SOC,1734.656,,
1780555076.6516728,,,cpu-thermal,55.687
1780555076.6516728,,,gpu-thermal,56.562
1780555076.6516728,,,soc0-thermal,54.25
1780555076.6516728,,,soc1-thermal,53.437
1780555076.6516728,,,soc2-thermal,54.0
1780555076.6516728,,,tj-thermal,56.562
1780555076.7573524,VDD_IN,7096.32,,
1780555076.7573524,VDD_CPU_GPU_CV,2479.68,,
1780555076.7573524,VDD_SOC,1734.656,,
1780555076.7573524,,,cpu-thermal,55.75
1780555076.7573524,,,gpu-thermal,56.375
1780555076.7573524,,,soc0-thermal,54.156
1780555076.7573524,,,soc1-thermal,53.531
1780555076.7573524,,,soc2-thermal,53.937
1780555076.7573524,,,tj-thermal,56.375
1780555076.863095,VDD_IN,7135.744,,
1780555076.863095,VDD_CPU_GPU_CV,2519.04,,
1780555076.863095,VDD_SOC,1734.656,,
1780555076.863095,,,cpu-thermal,55.687
1780555076.863095,,,gpu-thermal,56.406
1780555076.863095,,,soc0-thermal,54.125
1780555076.863095,,,soc1-thermal,53.625
1780555076.863095,,,soc2-thermal,54.031
1780555076.863095,,,tj-thermal,56.406
1780555076.968908,VDD_IN,7175.168,,
1780555076.968908,VDD_CPU_GPU_CV,2558.4,,
1780555076.968908,VDD_SOC,1734.656,,
1780555076.968908,,,cpu-thermal,55.656
1780555076.968908,,,gpu-thermal,56.625
1780555076.968908,,,soc0-thermal,54.218
1780555076.968908,,,soc1-thermal,53.625
1780555076.968908,,,soc2-thermal,53.968
1780555076.968908,,,tj-thermal,56.343
1780555077.0743933,VDD_IN,7175.168,,
1780555077.0743933,VDD_CPU_GPU_CV,2558.4,,
1780555077.0743933,VDD_SOC,1734.656,,
1780555077.0743933,,,cpu-thermal,56.0
1780555077.0743933,,,gpu-thermal,56.375
1780555077.0743933,,,soc0-thermal,54.343
1780555077.0743933,,,soc1-thermal,53.593
1780555077.0743933,,,soc2-thermal,54.062
1780555077.0743933,,,tj-thermal,56.375
1780555077.1805604,VDD_IN,7175.168,,
1780555077.1805604,VDD_CPU_GPU_CV,2519.04,,
1780555077.1805604,VDD_SOC,1734.656,,
1780555077.1805604,,,cpu-thermal,55.718
1780555077.1805604,,,gpu-thermal,56.406
1780555077.1805604,,,soc0-thermal,54.218
1780555077.1805604,,,soc1-thermal,53.593
1780555077.1805604,,,soc2-thermal,54.0
1780555077.1805604,,,tj-thermal,56.406
1780555077.2864156,VDD_IN,7135.744,,
1780555077.2864156,VDD_CPU_GPU_CV,2519.04,,
1780555077.2864156,VDD_SOC,1734.656,,
1780555077.2864156,,,cpu-thermal,55.718
1780555077.2864156,,,gpu-thermal,56.312
1780555077.2864156,,,soc0-thermal,54.343
1780555077.2864156,,,soc1-thermal,53.593
1780555077.2864156,,,soc2-thermal,53.937
1780555077.2864156,,,tj-thermal,56.312
1780555077.392394,VDD_IN,7135.744,,
1780555077.392394,VDD_CPU_GPU_CV,2479.68,,
1780555077.392394,VDD_SOC,1734.656,,
1780555077.392394,,,cpu-thermal,55.843
1780555077.392394,,,gpu-thermal,56.312
1780555077.392394,,,soc0-thermal,54.312
1780555077.392394,,,soc1-thermal,53.562
1780555077.392394,,,soc2-thermal,54.125
1780555077.392394,,,tj-thermal,56.312
1780555077.4979603,VDD_IN,7096.32,,
1780555077.4979603,VDD_CPU_GPU_CV,2479.68,,
1780555077.4979603,VDD_SOC,1734.656,,
1780555077.4979603,,,cpu-thermal,55.968
1780555077.4979603,,,gpu-thermal,56.687
1780555077.4979603,,,soc0-thermal,54.187
1780555077.4979603,,,soc1-thermal,53.5
1780555077.4979603,,,soc2-thermal,53.906
1780555077.4979603,,,tj-thermal,56.687
1780555077.6037312,VDD_IN,7096.32,,
1780555077.6037312,VDD_CPU_GPU_CV,2479.68,,
1780555077.6037312,VDD_SOC,1734.656,,
1780555077.6037312,,,cpu-thermal,55.656
1780555077.6037312,,,gpu-thermal,56.25
1780555077.6037312,,,soc0-thermal,54.187
1780555077.6037312,,,soc1-thermal,53.656
1780555077.6037312,,,soc2-thermal,54.031
1780555077.6037312,,,tj-thermal,56.5
1780555077.7097225,VDD_IN,7096.32,,
1780555077.7097225,VDD_CPU_GPU_CV,2479.68,,
1780555077.7097225,VDD_SOC,1734.656,,
1780555077.7097225,,,cpu-thermal,55.843
1780555077.7097225,,,gpu-thermal,56.25
1780555077.7097225,,,soc0-thermal,54.281
1780555077.7097225,,,soc1-thermal,53.687
1780555077.7097225,,,soc2-thermal,54.0
1780555077.7097225,,,tj-thermal,56.375
1780555077.815422,VDD_IN,7096.32,,
1780555077.815422,VDD_CPU_GPU_CV,2479.68,,
1780555077.815422,VDD_SOC,1734.656,,
1780555077.815422,,,cpu-thermal,55.875
1780555077.815422,,,gpu-thermal,56.625
1780555077.815422,,,soc0-thermal,54.343
1780555077.815422,,,soc1-thermal,53.562
1780555077.815422,,,soc2-thermal,54.093
1780555077.815422,,,tj-thermal,56.625
1780555077.9211822,VDD_IN,7175.168,,
1780555077.9211822,VDD_CPU_GPU_CV,2519.04,,
1780555077.9211822,VDD_SOC,1734.656,,
1780555077.9211822,,,cpu-thermal,55.968
1780555077.9211822,,,gpu-thermal,56.562
1780555077.9211822,,,soc0-thermal,54.218
1780555077.9211822,,,soc1-thermal,53.625
1780555077.9211822,,,soc2-thermal,54.0
1780555077.9211822,,,tj-thermal,56.562
1780555078.0268233,VDD_IN,7214.592,,
1780555078.0268233,VDD_CPU_GPU_CV,2558.4,,
1780555078.0268233,VDD_SOC,1734.656,,
1780555078.0268233,,,cpu-thermal,55.812
1780555078.0268233,,,gpu-thermal,56.468
1780555078.0268233,,,soc0-thermal,54.218
1780555078.0268233,,,soc1-thermal,53.718
1780555078.0268233,,,soc2-thermal,54.125
1780555078.0268233,,,tj-thermal,56.468
1780555078.1326137,VDD_IN,7175.168,,
1780555078.1326137,VDD_CPU_GPU_CV,2558.4,,
1780555078.1326137,VDD_SOC,1734.656,,
1780555078.1326137,,,cpu-thermal,55.843
1780555078.1326137,,,gpu-thermal,56.343
1780555078.1326137,,,soc0-thermal,54.375
1780555078.1326137,,,soc1-thermal,53.562
1780555078.1326137,,,soc2-thermal,54.093
1780555078.1326137,,,tj-thermal,56.343
1780555078.2394414,VDD_IN,7175.168,,
1780555078.2394414,VDD_CPU_GPU_CV,2519.04,,
1780555078.2394414,VDD_SOC,1734.656,,
1780555078.2394414,,,cpu-thermal,55.906
1780555078.2394414,,,gpu-thermal,56.312
1780555078.2394414,,,soc0-thermal,54.187
1780555078.2394414,,,soc1-thermal,53.656
1780555078.2394414,,,soc2-thermal,54.031
1780555078.2394414,,,tj-thermal,56.312
1780555078.3457518,VDD_IN,7135.744,,
1780555078.3457518,VDD_CPU_GPU_CV,2519.04,,
1780555078.3457518,VDD_SOC,1734.656,,
1780555078.3457518,,,cpu-thermal,55.718
1780555078.3457518,,,gpu-thermal,56.781
1780555078.3457518,,,soc0-thermal,54.343
1780555078.3457518,,,soc1-thermal,53.75
1780555078.3457518,,,soc2-thermal,54.093
1780555078.3457518,,,tj-thermal,56.781
1780555078.452039,VDD_IN,7135.744,,
1780555078.452039,VDD_CPU_GPU_CV,2479.68,,
1780555078.452039,VDD_SOC,1734.656,,
1780555078.452039,,,cpu-thermal,55.843
1780555078.452039,,,gpu-thermal,56.562
1780555078.452039,,,soc0-thermal,54.437
1780555078.452039,,,soc1-thermal,53.593
1780555078.452039,,,soc2-thermal,54.125
1780555078.452039,,,tj-thermal,56.562
1780555078.5584157,VDD_IN,7135.744,,
1780555078.5584157,VDD_CPU_GPU_CV,2479.68,,
1780555078.5584157,VDD_SOC,1734.656,,
1780555078.5584157,,,cpu-thermal,56.218
1780555078.5584157,,,gpu-thermal,56.437
1780555078.5584157,,,soc0-thermal,54.468
1780555078.5584157,,,soc1-thermal,53.593
1780555078.5584157,,,soc2-thermal,54.125
1780555078.5584157,,,tj-thermal,56.437
1780555078.664032,VDD_IN,7096.32,,
1780555078.664032,VDD_CPU_GPU_CV,2479.68,,
1780555078.664032,VDD_SOC,1734.656,,
1780555078.664032,,,cpu-thermal,55.812
1780555078.664032,,,gpu-thermal,56.843
1780555078.664032,,,soc0-thermal,54.25
1780555078.664032,,,soc1-thermal,53.781
1780555078.664032,,,soc2-thermal,54.125
1780555078.664032,,,tj-thermal,56.406
1780555078.7696903,VDD_IN,7135.744,,
1780555078.7696903,VDD_CPU_GPU_CV,2479.68,,
1780555078.7696903,VDD_SOC,1734.656,,
1780555078.7696903,,,cpu-thermal,56.031
1780555078.7696903,,,gpu-thermal,56.593
1780555078.7696903,,,soc0-thermal,54.437
1780555078.7696903,,,soc1-thermal,53.812
1780555078.7696903,,,soc2-thermal,54.187
1780555078.7696903,,,tj-thermal,56.375
1780555078.8757107,VDD_IN,7175.168,,
1780555078.8757107,VDD_CPU_GPU_CV,2519.04,,
1780555078.8757107,VDD_SOC,1734.656,,
1780555078.8757107,,,cpu-thermal,56.0
1780555078.8757107,,,gpu-thermal,56.562
1780555078.8757107,,,soc0-thermal,54.531
1780555078.8757107,,,soc1-thermal,53.593
1780555078.8757107,,,soc2-thermal,54.187
1780555078.8757107,,,tj-thermal,56.562
1780555078.9816015,VDD_IN,7214.592,,
1780555078.9816015,VDD_CPU_GPU_CV,2558.4,,
1780555078.9816015,VDD_SOC,1734.656,,
1780555078.9816015,,,cpu-thermal,56.218
1780555078.9816015,,,gpu-thermal,56.468
1780555078.9816015,,,soc0-thermal,54.406
1780555078.9816015,,,soc1-thermal,53.718
1780555078.9816015,,,soc2-thermal,54.125
1780555078.9816015,,,tj-thermal,56.468
1780555079.087183,VDD_IN,7214.592,,
1780555079.087183,VDD_CPU_GPU_CV,2558.4,,
1780555079.087183,VDD_SOC,1734.656,,
1780555079.087183,,,cpu-thermal,55.937
1780555079.087183,,,gpu-thermal,56.375
1780555079.087183,,,soc0-thermal,54.343
1780555079.087183,,,soc1-thermal,53.781
1780555079.087183,,,soc2-thermal,54.125
1780555079.087183,,,tj-thermal,56.375
1780555079.1930554,VDD_IN,7175.168,,
1780555079.1930554,VDD_CPU_GPU_CV,2519.04,,
1780555079.1930554,VDD_SOC,1734.656,,
1780555079.1930554,,,cpu-thermal,55.968
1780555079.1930554,,,gpu-thermal,56.437
1780555079.1930554,,,soc0-thermal,54.437
1780555079.1930554,,,soc1-thermal,53.937
1780555079.1930554,,,soc2-thermal,54.125
1780555079.1930554,,,tj-thermal,56.437
1780555079.2986882,VDD_IN,7175.168,,
1780555079.2986882,VDD_CPU_GPU_CV,2519.04,,
1780555079.2986882,VDD_SOC,1734.656,,
1780555079.2986882,,,cpu-thermal,56.0
1780555079.2986882,,,gpu-thermal,56.5
1780555079.2986882,,,soc0-thermal,54.343
1780555079.2986882,,,soc1-thermal,53.656
1780555079.2986882,,,soc2-thermal,54.156
1780555079.2986882,,,tj-thermal,56.656
1780555079.404974,VDD_IN,7135.744,,
1780555079.404974,VDD_CPU_GPU_CV,2519.04,,
1780555079.404974,VDD_SOC,1734.656,,
1780555079.404974,,,cpu-thermal,55.875
1780555079.404974,,,gpu-thermal,56.406
1780555079.404974,,,soc0-thermal,54.375
1780555079.404974,,,soc1-thermal,53.812
1780555079.404974,,,soc2-thermal,54.156
1780555079.404974,,,tj-thermal,56.531
1780555079.5108058,VDD_IN,7096.32,,
1780555079.5108058,VDD_CPU_GPU_CV,2479.68,,
1780555079.5108058,VDD_SOC,1734.656,,
1780555079.5108058,,,cpu-thermal,55.875
1780555079.5108058,,,gpu-thermal,56.906
1780555079.5108058,,,soc0-thermal,54.437
1780555079.5108058,,,soc1-thermal,53.843
1780555079.5108058,,,soc2-thermal,54.125
1780555079.5108058,,,tj-thermal,56.5
1780555079.6164498,VDD_IN,7096.32,,
1780555079.6164498,VDD_CPU_GPU_CV,2479.68,,
1780555079.6164498,VDD_SOC,1734.656,,
1780555079.6164498,,,cpu-thermal,56.031
1780555079.6164498,,,gpu-thermal,56.625
1780555079.6164498,,,soc0-thermal,54.531
1780555079.6164498,,,soc1-thermal,53.718
1780555079.6164498,,,soc2-thermal,54.25
1780555079.6164498,,,tj-thermal,56.5
1780555079.7231846,VDD_IN,7096.32,,
1780555079.7231846,VDD_CPU_GPU_CV,2479.68,,
1780555079.7231846,VDD_SOC,1734.656,,
1780555079.7231846,,,cpu-thermal,56.0
1780555079.7231846,,,gpu-thermal,56.593
1780555079.7231846,,,soc0-thermal,54.468
1780555079.7231846,,,soc1-thermal,53.781
1780555079.7231846,,,soc2-thermal,54.125
1780555079.7231846,,,tj-thermal,56.593
1780555079.8290799,VDD_IN,7135.744,,
1780555079.8290799,VDD_CPU_GPU_CV,2479.68,,
1780555079.8290799,VDD_SOC,1734.656,,
1780555079.8290799,,,cpu-thermal,55.718
1780555079.8290799,,,gpu-thermal,56.562
1780555079.8290799,,,soc0-thermal,54.468
1780555079.8290799,,,soc1-thermal,53.906
1780555079.8290799,,,soc2-thermal,54.125
1780555079.8290799,,,tj-thermal,56.562
1780555079.9353898,VDD_IN,7175.168,,
1780555079.9353898,VDD_CPU_GPU_CV,2519.04,,
1780555079.9353898,VDD_SOC,1734.656,,
1780555079.9353898,,,cpu-thermal,55.937
1780555079.9353898,,,gpu-thermal,56.562
1780555079.9353898,,,soc0-thermal,54.468
1780555079.9353898,,,soc1-thermal,53.718
1780555079.9353898,,,soc2-thermal,54.25
1780555079.9353898,,,tj-thermal,56.562
1780555080.0411563,VDD_IN,7214.592,,
1780555080.0411563,VDD_CPU_GPU_CV,2558.4,,
1780555080.0411563,VDD_SOC,1734.656,,
1780555080.0411563,,,cpu-thermal,55.906
1780555080.0411563,,,gpu-thermal,56.437
1780555080.0411563,,,soc0-thermal,54.406
1780555080.0411563,,,soc1-thermal,53.812
1780555080.0411563,,,soc2-thermal,54.156
1780555080.0411563,,,tj-thermal,56.437
1780555080.146795,VDD_IN,7214.592,,
1780555080.146795,VDD_CPU_GPU_CV,2519.04,,
1780555080.146795,VDD_SOC,1734.656,,
1780555080.146795,,,cpu-thermal,56.093
1780555080.146795,,,gpu-thermal,56.781
1780555080.146795,,,soc0-thermal,54.406
1780555080.146795,,,soc1-thermal,53.812
1780555080.146795,,,soc2-thermal,54.218
1780555080.146795,,,tj-thermal,56.781
1780555080.252685,VDD_IN,7175.168,,
1780555080.252685,VDD_CPU_GPU_CV,2519.04,,
1780555080.252685,VDD_SOC,1734.656,,
1780555080.252685,,,cpu-thermal,56.0
1780555080.252685,,,gpu-thermal,56.718
1780555080.252685,,,soc0-thermal,54.531
1780555080.252685,,,soc1-thermal,53.968
1780555080.252685,,,soc2-thermal,54.187
1780555080.252685,,,tj-thermal,56.718
1780555080.3590064,VDD_IN,7135.744,,
1780555080.3590064,VDD_CPU_GPU_CV,2519.04,,
1780555080.3590064,VDD_SOC,1734.656,,
1780555080.3590064,,,cpu-thermal,56.218
1780555080.3590064,,,gpu-thermal,56.593
1780555080.3590064,,,soc0-thermal,54.437
1780555080.3590064,,,soc1-thermal,53.812
1780555080.3590064,,,soc2-thermal,54.406
1780555080.3590064,,,tj-thermal,56.593
1780555080.465682,VDD_IN,7135.744,,
1780555080.465682,VDD_CPU_GPU_CV,2519.04,,
1780555080.465682,VDD_SOC,1731.84,,
1780555080.465682,,,cpu-thermal,56.312
1780555080.465682,,,gpu-thermal,56.562
1780555080.465682,,,soc0-thermal,54.468
1780555080.465682,,,soc1-thermal,53.812
1780555080.465682,,,soc2-thermal,54.25
1780555080.465682,,,tj-thermal,56.562
1780555080.571477,VDD_IN,7135.744,,
1780555080.571477,VDD_CPU_GPU_CV,2514.944,,
1780555080.571477,VDD_SOC,1731.84,,
1780555080.571477,,,cpu-thermal,56.031
1780555080.571477,,,gpu-thermal,56.625
1780555080.571477,,,soc0-thermal,54.562
1780555080.571477,,,soc1-thermal,53.968
1780555080.571477,,,soc2-thermal,54.343
1780555080.571477,,,tj-thermal,56.562
1780555080.6778605,VDD_IN,7135.744,,
1780555080.6778605,VDD_CPU_GPU_CV,2514.944,,
1780555080.6778605,VDD_SOC,1731.84,,
1780555080.6778605,,,cpu-thermal,56.093
1780555080.6778605,,,gpu-thermal,56.531
1780555080.6778605,,,soc0-thermal,54.593
1780555080.6778605,,,soc1-thermal,53.843
1780555080.6778605,,,soc2-thermal,54.437
1780555080.6778605,,,tj-thermal,56.875
1780555080.7835758,VDD_IN,7135.744,,
1780555080.7835758,VDD_CPU_GPU_CV,2514.944,,
1780555080.7835758,VDD_SOC,1731.84,,
1780555080.7835758,,,cpu-thermal,56.187
1780555080.7835758,,,gpu-thermal,56.5
1780555080.7835758,,,soc0-thermal,54.5
1780555080.7835758,,,soc1-thermal,53.75
1780555080.7835758,,,soc2-thermal,54.25
1780555080.7835758,,,tj-thermal,56.781
1780555080.8894749,VDD_IN,7175.168,,
1780555080.8894749,VDD_CPU_GPU_CV,2519.04,,
1780555080.8894749,VDD_SOC,1731.84,,
1780555080.8894749,,,cpu-thermal,56.0
1780555080.8894749,,,gpu-thermal,56.625
1780555080.8894749,,,soc0-thermal,54.593
1780555080.8894749,,,soc1-thermal,53.968
1780555080.8894749,,,soc2-thermal,54.343
1780555080.8894749,,,tj-thermal,56.625
1780555080.9953616,VDD_IN,7214.592,,
1780555080.9953616,VDD_CPU_GPU_CV,2558.4,,
1780555080.9953616,VDD_SOC,1734.656,,
1780555080.9953616,,,cpu-thermal,56.093
1780555080.9953616,,,gpu-thermal,56.968
1780555080.9953616,,,soc0-thermal,54.593
1780555080.9953616,,,soc1-thermal,54.062
1780555080.9953616,,,soc2-thermal,54.343
1780555080.9953616,,,tj-thermal,56.968
1780555081.100849,VDD_IN,7214.592,,
1780555081.100849,VDD_CPU_GPU_CV,2558.4,,
1780555081.100849,VDD_SOC,1734.656,,
1780555081.100849,,,cpu-thermal,56.187
1780555081.100849,,,gpu-thermal,56.781
1780555081.100849,,,soc0-thermal,54.625
1780555081.100849,,,soc1-thermal,53.906
1780555081.100849,,,soc2-thermal,54.25
1780555081.100849,,,tj-thermal,56.781
1780555081.2069426,VDD_IN,7175.168,,
1780555081.2069426,VDD_CPU_GPU_CV,2519.04,,
1780555081.2069426,VDD_SOC,1734.656,,
1780555081.2069426,,,cpu-thermal,55.937
1780555081.2069426,,,gpu-thermal,56.687
1780555081.2069426,,,soc0-thermal,54.562
1780555081.2069426,,,soc1-thermal,53.937
1780555081.2069426,,,soc2-thermal,54.312
1780555081.2069426,,,tj-thermal,56.687
1780555081.3125572,VDD_IN,7175.168,,
1780555081.3125572,VDD_CPU_GPU_CV,2519.04,,
1780555081.3125572,VDD_SOC,1734.656,,
1780555081.3125572,,,cpu-thermal,56.156
1780555081.3125572,,,gpu-thermal,56.906
1780555081.3125572,,,soc0-thermal,54.625
1780555081.3125572,,,soc1-thermal,54.0
1780555081.3125572,,,soc2-thermal,54.406
1780555081.3125572,,,tj-thermal,56.687
1780555081.4183,VDD_IN,7135.744,,
1780555081.4183,VDD_CPU_GPU_CV,2519.04,,
1780555081.4183,VDD_SOC,1734.656,,
1780555081.4183,,,cpu-thermal,56.437
1780555081.4183,,,gpu-thermal,56.781
1780555081.4183,,,soc0-thermal,54.656
1780555081.4183,,,soc1-thermal,53.937
1780555081.4183,,,soc2-thermal,54.5
1780555081.4183,,,tj-thermal,56.562
1780555081.5247545,VDD_IN,7135.744,,
1780555081.5247545,VDD_CPU_GPU_CV,2519.04,,
1780555081.5247545,VDD_SOC,1734.656,,
1780555081.5247545,,,cpu-thermal,56.062
1780555081.5247545,,,gpu-thermal,56.656
1780555081.5247545,,,soc0-thermal,54.531
1780555081.5247545,,,soc1-thermal,53.875
1780555081.5247545,,,soc2-thermal,54.312
1780555081.5247545,,,tj-thermal,56.937
1780555081.6305704,VDD_IN,7096.32,,
1780555081.6305704,VDD_CPU_GPU_CV,2479.68,,
1780555081.6305704,VDD_SOC,1734.656,,
1780555081.6305704,,,cpu-thermal,56.093
1780555081.6305704,,,gpu-thermal,56.593
1780555081.6305704,,,soc0-thermal,54.625
1780555081.6305704,,,soc1-thermal,54.062
1780555081.6305704,,,soc2-thermal,54.406
1780555081.6305704,,,tj-thermal,56.593
1780555081.7369738,VDD_IN,7135.744,,
1780555081.7369738,VDD_CPU_GPU_CV,2479.68,,
1780555081.7369738,VDD_SOC,1734.656,,
1780555081.7369738,,,cpu-thermal,56.281
1780555081.7369738,,,gpu-thermal,56.593
1780555081.7369738,,,soc0-thermal,54.593
1780555081.7369738,,,soc1-thermal,54.062
1780555081.7369738,,,soc2-thermal,54.437
1780555081.7369738,,,tj-thermal,56.593
1780555081.8428836,VDD_IN,7135.744,,
1780555081.8428836,VDD_CPU_GPU_CV,2519.04,,
1780555081.8428836,VDD_SOC,1734.656,,
1780555081.8428836,,,cpu-thermal,56.343
1780555081.8428836,,,gpu-thermal,57.062
1780555081.8428836,,,soc0-thermal,54.562
1780555081.8428836,,,soc1-thermal,53.937
1780555081.8428836,,,soc2-thermal,54.375
1780555081.8428836,,,tj-thermal,57.062
1780555081.9491587,VDD_IN,7214.592,,
1780555081.9491587,VDD_CPU_GPU_CV,2558.4,,
1780555081.9491587,VDD_SOC,1734.656,,
1780555081.9491587,,,cpu-thermal,56.093
1780555081.9491587,,,gpu-thermal,56.875
1780555081.9491587,,,soc0-thermal,54.562
1780555081.9491587,,,soc1-thermal,54.062
1780555081.9491587,,,soc2-thermal,54.343
1780555081.9491587,,,tj-thermal,56.875
1780555082.0547373,VDD_IN,7214.592,,
1780555082.0547373,VDD_CPU_GPU_CV,2558.4,,
1780555082.0547373,VDD_SOC,1734.656,,
1780555082.0547373,,,cpu-thermal,56.187
1780555082.0547373,,,gpu-thermal,56.75
1780555082.0547373,,,soc0-thermal,54.687
1780555082.0547373,,,soc1-thermal,54.125
1780555082.0547373,,,soc2-thermal,54.406
1780555082.0547373,,,tj-thermal,56.75
1780555082.1603117,VDD_IN,7175.168,,
1780555082.1603117,VDD_CPU_GPU_CV,2519.04,,
1780555082.1603117,VDD_SOC,1734.656,,
1780555082.1603117,,,cpu-thermal,56.312
1780555082.1603117,,,gpu-thermal,56.75
1780555082.1603117,,,soc0-thermal,54.718
1780555082.1603117,,,soc1-thermal,53.875
1780555082.1603117,,,soc2-thermal,54.468
1780555082.1603117,,,tj-thermal,56.75
1780555082.2659976,VDD_IN,7175.168,,
1780555082.2659976,VDD_CPU_GPU_CV,2519.04,,
1780555082.2659976,VDD_SOC,1734.656,,
1780555082.2659976,,,cpu-thermal,56.312
1780555082.2659976,,,gpu-thermal,56.843
1780555082.2659976,,,soc0-thermal,54.593
1780555082.2659976,,,soc1-thermal,54.062
1780555082.2659976,,,soc2-thermal,54.406
1780555082.2659976,,,tj-thermal,56.718
1780555082.371839,VDD_IN,7135.744,,
1780555082.371839,VDD_CPU_GPU_CV,2519.04,,
1780555082.371839,VDD_SOC,1734.656,,
1780555082.371839,,,cpu-thermal,56.156
1780555082.371839,,,gpu-thermal,56.812
1780555082.371839,,,soc0-thermal,54.656
1780555082.371839,,,soc1-thermal,54.0
1780555082.371839,,,soc2-thermal,54.468
1780555082.371839,,,tj-thermal,56.812
1780555082.4776793,VDD_IN,7096.32,,
1780555082.4776793,VDD_CPU_GPU_CV,2479.68,,
1780555082.4776793,VDD_SOC,1734.656,,
1780555082.4776793,,,cpu-thermal,56.218
1780555082.4776793,,,gpu-thermal,56.656
1780555082.4776793,,,soc0-thermal,54.687
1780555082.4776793,,,soc1-thermal,54.187
1780555082.4776793,,,soc2-thermal,54.5
1780555082.4776793,,,tj-thermal,56.656
1780555082.58319,VDD_IN,7096.32,,
1780555082.58319,VDD_CPU_GPU_CV,2479.68,,
1780555082.58319,VDD_SOC,1734.656,,
1780555082.58319,,,cpu-thermal,56.312
1780555082.58319,,,gpu-thermal,56.687
1780555082.58319,,,soc0-thermal,54.843
1780555082.58319,,,soc1-thermal,53.968
1780555082.58319,,,soc2-thermal,54.531
1780555082.58319,,,tj-thermal,56.687
1780555082.6888936,VDD_IN,7096.32,,
1780555082.6888936,VDD_CPU_GPU_CV,2479.68,,
1780555082.6888936,VDD_SOC,1734.656,,
1780555082.6888936,,,cpu-thermal,56.125
1780555082.6888936,,,gpu-thermal,57.031
1780555082.6888936,,,soc0-thermal,54.625
1780555082.6888936,,,soc1-thermal,54.031
1780555082.6888936,,,soc2-thermal,54.406
1780555082.6888936,,,tj-thermal,57.031
1780555082.7947829,VDD_IN,7096.32,,
1780555082.7947829,VDD_CPU_GPU_CV,2479.68,,
1780555082.7947829,VDD_SOC,1734.656,,
1780555082.7947829,,,cpu-thermal,56.25
1780555082.7947829,,,gpu-thermal,56.75
1780555082.7947829,,,soc0-thermal,54.593
1780555082.7947829,,,soc1-thermal,54.093
1780555082.7947829,,,soc2-thermal,54.5
1780555082.7947829,,,tj-thermal,57.031
1780555082.900346,VDD_IN,7135.744,,
1780555082.900346,VDD_CPU_GPU_CV,2519.04,,
1780555082.900346,VDD_SOC,1734.656,,
1780555082.900346,,,cpu-thermal,56.25
1780555082.900346,,,gpu-thermal,56.812
1780555082.900346,,,soc0-thermal,54.75
1780555082.900346,,,soc1-thermal,54.156
1780555082.900346,,,soc2-thermal,54.531
1780555082.900346,,,tj-thermal,56.812
1780555083.0057535,VDD_IN,7254.016,,
1780555083.0057535,VDD_CPU_GPU_CV,2558.4,,
1780555083.0057535,VDD_SOC,1774.08,,
1780555083.0057535,,,cpu-thermal,56.25
1780555083.0057535,,,gpu-thermal,57.125
1780555083.0057535,,,soc0-thermal,54.656
1780555083.0057535,,,soc1-thermal,54.0
1780555083.0057535,,,soc2-thermal,54.468
1780555083.0057535,,,tj-thermal,57.125
1780555083.1113474,VDD_IN,7214.592,,
1780555083.1113474,VDD_CPU_GPU_CV,2558.4,,
1780555083.1113474,VDD_SOC,1734.656,,
1780555083.1113474,,,cpu-thermal,56.25
1780555083.1113474,,,gpu-thermal,57.031
1780555083.1113474,,,soc0-thermal,54.656
1780555083.1113474,,,soc1-thermal,54.0
1780555083.1113474,,,soc2-thermal,54.5
1780555083.1113474,,,tj-thermal,57.031
1780555083.2169366,VDD_IN,7214.592,,
1780555083.2169366,VDD_CPU_GPU_CV,2554.24,,
1780555083.2169366,VDD_SOC,1734.656,,
1780555083.2169366,,,cpu-thermal,56.218
1780555083.2169366,,,gpu-thermal,56.937
1780555083.2169366,,,soc0-thermal,54.718
1780555083.2169366,,,soc1-thermal,54.187
1780555083.2169366,,,soc2-thermal,54.562
1780555083.2169366,,,tj-thermal,56.937
1780555083.3229206,VDD_IN,7175.168,,
1780555083.3229206,VDD_CPU_GPU_CV,2514.944,,
1780555083.3229206,VDD_SOC,1731.84,,
1780555083.3229206,,,cpu-thermal,56.593
1780555083.3229206,,,gpu-thermal,56.75
1780555083.3229206,,,soc0-thermal,54.843
1780555083.3229206,,,soc1-thermal,54.031
1780555083.3229206,,,soc2-thermal,54.625
1780555083.3229206,,,tj-thermal,56.75
1780555083.4289384,VDD_IN,7135.744,,
1780555083.4289384,VDD_CPU_GPU_CV,2514.944,,
1780555083.4289384,VDD_SOC,1731.84,,
1780555083.4289384,,,cpu-thermal,56.187
1780555083.4289384,,,gpu-thermal,56.937
1780555083.4289384,,,soc0-thermal,54.687
1780555083.4289384,,,soc1-thermal,54.062
1780555083.4289384,,,soc2-thermal,54.468
1780555083.4289384,,,tj-thermal,56.718
1780555083.5347579,VDD_IN,7135.744,,
1780555083.5347579,VDD_CPU_GPU_CV,2514.944,,
1780555083.5347579,VDD_SOC,1731.84,,
1780555083.5347579,,,cpu-thermal,56.218
1780555083.5347579,,,gpu-thermal,56.937
1780555083.5347579,,,soc0-thermal,54.75
1780555083.5347579,,,soc1-thermal,54.125
1780555083.5347579,,,soc2-thermal,54.625
1780555083.5347579,,,tj-thermal,56.718
1780555083.6408322,VDD_IN,7096.32,,
1780555083.6408322,VDD_CPU_GPU_CV,2475.648,,
1780555083.6408322,VDD_SOC,1731.84,,
1780555083.6408322,,,cpu-thermal,56.437
1780555083.6408322,,,gpu-thermal,56.75
1780555083.6408322,,,soc0-thermal,54.687
1780555083.6408322,,,soc1-thermal,54.156
1780555083.6408322,,,soc2-thermal,54.625
1780555083.6408322,,,tj-thermal,56.75
1780555083.746535,VDD_IN,7096.32,,
1780555083.746535,VDD_CPU_GPU_CV,2475.648,,
1780555083.746535,VDD_SOC,1731.84,,
1780555083.746535,,,cpu-thermal,56.468
1780555083.746535,,,gpu-thermal,56.687
1780555083.746535,,,soc0-thermal,54.75
1780555083.746535,,,soc1-thermal,54.125
1780555083.746535,,,soc2-thermal,54.5
1780555083.746535,,,tj-thermal,56.687
1780555083.8523293,VDD_IN,7135.744,,
1780555083.8523293,VDD_CPU_GPU_CV,2519.04,,
1780555083.8523293,VDD_SOC,1734.656,,
1780555083.8523293,,,cpu-thermal,56.156
1780555083.8523293,,,gpu-thermal,57.281
1780555083.8523293,,,soc0-thermal,54.843
1780555083.8523293,,,soc1-thermal,54.125
1780555083.8523293,,,soc2-thermal,54.593
1780555083.8523293,,,tj-thermal,57.281
1780555083.9587622,VDD_IN,7214.592,,
1780555083.9587622,VDD_CPU_GPU_CV,2558.4,,
1780555083.9587622,VDD_SOC,1774.08,,
1780555083.9587622,,,cpu-thermal,56.375
1780555083.9587622,,,gpu-thermal,57.125
1780555083.9587622,,,soc0-thermal,54.75
1780555083.9587622,,,soc1-thermal,54.25
1780555083.9587622,,,soc2-thermal,54.625
1780555083.9587622,,,tj-thermal,57.125
1780555084.0646203,VDD_IN,7214.592,,
1780555084.0646203,VDD_CPU_GPU_CV,2558.4,,
1780555084.0646203,VDD_SOC,1734.656,,
1780555084.0646203,,,cpu-thermal,56.468
1780555084.0646203,,,gpu-thermal,57.031
1780555084.0646203,,,soc0-thermal,54.687
1780555084.0646203,,,soc1-thermal,54.062
1780555084.0646203,,,soc2-thermal,54.718
1780555084.0646203,,,tj-thermal,57.031
1780555084.1705956,VDD_IN,7175.168,,
1780555084.1705956,VDD_CPU_GPU_CV,2519.04,,
1780555084.1705956,VDD_SOC,1734.656,,
1780555084.1705956,,,cpu-thermal,56.281
1780555084.1705956,,,gpu-thermal,56.968
1780555084.1705956,,,soc0-thermal,54.781
1780555084.1705956,,,soc1-thermal,54.187
1780555084.1705956,,,soc2-thermal,54.593
1780555084.1705956,,,tj-thermal,56.968
1780555084.276702,VDD_IN,7175.168,,
1780555084.276702,VDD_CPU_GPU_CV,2519.04,,
1780555084.276702,VDD_SOC,1734.656,,
1780555084.276702,,,cpu-thermal,56.312
1780555084.276702,,,gpu-thermal,57.031
1780555084.276702,,,soc0-thermal,54.843
1780555084.276702,,,soc1-thermal,54.187
1780555084.276702,,,soc2-thermal,54.656
1780555084.276702,,,tj-thermal,56.843
1780555084.3822672,VDD_IN,7135.744,,
1780555084.3822672,VDD_CPU_GPU_CV,2479.68,,
1780555084.3822672,VDD_SOC,1734.656,,
1780555084.3822672,,,cpu-thermal,56.406
1780555084.3822672,,,gpu-thermal,57.031
1780555084.3822672,,,soc0-thermal,54.906
1780555084.3822672,,,soc1-thermal,54.062
1780555084.3822672,,,soc2-thermal,54.687
1780555084.3822672,,,tj-thermal,56.781
1780555084.4880579,VDD_IN,7135.744,,
1780555084.4880579,VDD_CPU_GPU_CV,2479.68,,
1780555084.4880579,VDD_SOC,1734.656,,
1780555084.4880579,,,cpu-thermal,56.343
1780555084.4880579,,,gpu-thermal,56.875
1780555084.4880579,,,soc0-thermal,54.781
1780555084.4880579,,,soc1-thermal,54.25
1780555084.4880579,,,soc2-thermal,54.625
1780555084.4880579,,,tj-thermal,56.875
1780555084.5940115,VDD_IN,7135.744,,
1780555084.5940115,VDD_CPU_GPU_CV,2479.68,,
1780555084.5940115,VDD_SOC,1734.656,,
1780555084.5940115,,,cpu-thermal,56.312
1780555084.5940115,,,gpu-thermal,56.875
1780555084.5940115,,,soc0-thermal,54.812
1780555084.5940115,,,soc1-thermal,54.156
1780555084.5940115,,,soc2-thermal,54.625
1780555084.5940115,,,tj-thermal,56.875
1780555084.699731,VDD_IN,7096.32,,
1780555084.699731,VDD_CPU_GPU_CV,2479.68,,
1780555084.699731,VDD_SOC,1734.656,,
1780555084.699731,,,cpu-thermal,56.312
1780555084.699731,,,gpu-thermal,56.843
1780555084.699731,,,soc0-thermal,54.937
1780555084.699731,,,soc1-thermal,54.343
1780555084.699731,,,soc2-thermal,54.687
1780555084.699731,,,tj-thermal,56.843
1780555084.805331,VDD_IN,7135.744,,
1780555084.805331,VDD_CPU_GPU_CV,2479.68,,
1780555084.805331,VDD_SOC,1734.656,,
1780555084.805331,,,cpu-thermal,56.656
1780555084.805331,,,gpu-thermal,57.187
1780555084.805331,,,soc0-thermal,55.0
1780555084.805331,,,soc1-thermal,54.125
1780555084.805331,,,soc2-thermal,54.781
1780555084.805331,,,tj-thermal,57.187
1780555084.911019,VDD_IN,7175.168,,
1780555084.911019,VDD_CPU_GPU_CV,2519.04,,
1780555084.911019,VDD_SOC,1734.656,,
1780555084.911019,,,cpu-thermal,56.312
1780555084.911019,,,gpu-thermal,56.968
1780555084.911019,,,soc0-thermal,54.875
1780555084.911019,,,soc1-thermal,54.218
1780555084.911019,,,soc2-thermal,54.593
1780555084.911019,,,tj-thermal,57.062
1780555085.0167122,VDD_IN,7214.592,,
1780555085.0167122,VDD_CPU_GPU_CV,2558.4,,
1780555085.0167122,VDD_SOC,1774.08,,
1780555085.0167122,,,cpu-thermal,56.312
1780555085.0167122,,,gpu-thermal,56.968
1780555085.0167122,,,soc0-thermal,54.875
1780555085.0167122,,,soc1-thermal,54.343
1780555085.0167122,,,soc2-thermal,54.656
1780555085.0167122,,,tj-thermal,57.0
1780555085.1225512,VDD_IN,7175.168,,
1780555085.1225512,VDD_CPU_GPU_CV,2558.4,,
1780555085.1225512,VDD_SOC,1734.656,,
1780555085.1225512,,,cpu-thermal,56.562
1780555085.1225512,,,gpu-thermal,57.156
1780555085.1225512,,,soc0-thermal,54.968
1780555085.1225512,,,soc1-thermal,54.312
1780555085.1225512,,,soc2-thermal,54.687
1780555085.1225512,,,tj-thermal,57.156
1780555085.2282255,VDD_IN,7175.168,,
1780555085.2282255,VDD_CPU_GPU_CV,2519.04,,
1780555085.2282255,VDD_SOC,1734.656,,
1780555085.2282255,,,cpu-thermal,56.75
1780555085.2282255,,,gpu-thermal,57.031
1780555085.2282255,,,soc0-thermal,55.0
1780555085.2282255,,,soc1-thermal,54.156
1780555085.2282255,,,soc2-thermal,54.781
1780555085.2282255,,,tj-thermal,57.031
1780555085.3338742,VDD_IN,7135.744,,
1780555085.3338742,VDD_CPU_GPU_CV,2519.04,,
1780555085.3338742,VDD_SOC,1734.656,,
1780555085.3338742,,,cpu-thermal,56.25
1780555085.3338742,,,gpu-thermal,57.031
1780555085.3338742,,,soc0-thermal,54.906
1780555085.3338742,,,soc1-thermal,54.187
1780555085.3338742,,,soc2-thermal,54.687
1780555085.3338742,,,tj-thermal,57.031
1780555085.4398363,VDD_IN,7135.744,,
1780555085.4398363,VDD_CPU_GPU_CV,2519.04,,
1780555085.4398363,VDD_SOC,1734.656,,
1780555085.4398363,,,cpu-thermal,56.531
1780555085.4398363,,,gpu-thermal,56.937
1780555085.4398363,,,soc0-thermal,54.906
1780555085.4398363,,,soc1-thermal,54.281
1780555085.4398363,,,soc2-thermal,54.75
1780555085.4398363,,,tj-thermal,56.937
1780555085.5455234,VDD_IN,7135.744,,
1780555085.5455234,VDD_CPU_GPU_CV,2479.68,,
1780555085.5455234,VDD_SOC,1734.656,,
1780555085.5455234,,,cpu-thermal,56.593
1780555085.5455234,,,gpu-thermal,57.062
1780555085.5455234,,,soc0-thermal,54.906
1780555085.5455234,,,soc1-thermal,54.156
1780555085.5455234,,,soc2-thermal,54.843
1780555085.5455234,,,tj-thermal,56.843
1780555085.6510859,VDD_IN,7096.32,,
1780555085.6510859,VDD_CPU_GPU_CV,2479.68,,
1780555085.6510859,VDD_SOC,1734.656,,
1780555085.6510859,,,cpu-thermal,56.656
1780555085.6510859,,,gpu-thermal,57.031
1780555085.6510859,,,soc0-thermal,54.937
1780555085.6510859,,,soc1-thermal,54.281
1780555085.6510859,,,soc2-thermal,54.656
1780555085.6510859,,,tj-thermal,57.218
1780555085.757115,VDD_IN,7096.32,,
1780555085.757115,VDD_CPU_GPU_CV,2479.68,,
1780555085.757115,VDD_SOC,1734.656,,
1780555085.757115,,,cpu-thermal,56.468
1780555085.757115,,,gpu-thermal,56.906
1780555085.757115,,,soc0-thermal,54.968
1780555085.757115,,,soc1-thermal,54.25
1780555085.757115,,,soc2-thermal,54.781
1780555085.757115,,,tj-thermal,56.906
1780555085.8627355,VDD_IN,7175.168,,
1780555085.8627355,VDD_CPU_GPU_CV,2519.04,,
1780555085.8627355,VDD_SOC,1734.656,,
1780555085.8627355,,,cpu-thermal,56.5
1780555085.8627355,,,gpu-thermal,56.875
1780555085.8627355,,,soc0-thermal,54.937
1780555085.8627355,,,soc1-thermal,54.375
1780555085.8627355,,,soc2-thermal,54.718
1780555085.8627355,,,tj-thermal,56.875
1780555085.9681516,VDD_IN,7214.592,,
1780555085.9681516,VDD_CPU_GPU_CV,2558.4,,
1780555085.9681516,VDD_SOC,1774.08,,
1780555085.9681516,,,cpu-thermal,56.562
1780555085.9681516,,,gpu-thermal,57.343
1780555085.9681516,,,soc0-thermal,55.031
1780555085.9681516,,,soc1-thermal,54.187
1780555085.9681516,,,soc2-thermal,54.781
1780555085.9681516,,,tj-thermal,57.343
1780555086.07381,VDD_IN,7214.592,,
1780555086.07381,VDD_CPU_GPU_CV,2558.4,,
1780555086.07381,VDD_SOC,1774.08,,
1780555086.07381,,,cpu-thermal,56.656
1780555086.07381,,,gpu-thermal,57.031
1780555086.07381,,,soc0-thermal,54.937
1780555086.07381,,,soc1-thermal,54.25
1780555086.07381,,,soc2-thermal,54.75
1780555086.07381,,,tj-thermal,57.093
1780555086.1800566,VDD_IN,7175.168,,
1780555086.1800566,VDD_CPU_GPU_CV,2519.04,,
1780555086.1800566,VDD_SOC,1774.08,,
1780555086.1800566,,,cpu-thermal,56.468
1780555086.1800566,,,gpu-thermal,57.031
1780555086.1800566,,,soc0-thermal,54.937
1780555086.1800566,,,soc1-thermal,54.343
1780555086.1800566,,,soc2-thermal,54.781
1780555086.1800566,,,tj-thermal,57.093
1780555086.2856834,VDD_IN,7175.168,,
1780555086.2856834,VDD_CPU_GPU_CV,2519.04,,
1780555086.2856834,VDD_SOC,1734.656,,
1780555086.2856834,,,cpu-thermal,56.5
1780555086.2856834,,,gpu-thermal,57.312
1780555086.2856834,,,soc0-thermal,55.062
1780555086.2856834,,,soc1-thermal,54.218
1780555086.2856834,,,soc2-thermal,54.843
1780555086.2856834,,,tj-thermal,57.062
1780555086.3918898,VDD_IN,7135.744,,
1780555086.3918898,VDD_CPU_GPU_CV,2479.68,,
1780555086.3918898,VDD_SOC,1734.656,,
1780555086.3918898,,,cpu-thermal,56.562
1780555086.3918898,,,gpu-thermal,57.062
1780555086.3918898,,,soc0-thermal,54.937
1780555086.3918898,,,soc1-thermal,54.25
1780555086.3918898,,,soc2-thermal,54.781
1780555086.3918898,,,tj-thermal,57.062
1780555086.497519,VDD_IN,7135.744,,
1780555086.497519,VDD_CPU_GPU_CV,2479.68,,
1780555086.497519,VDD_SOC,1734.656,,
1780555086.497519,,,cpu-thermal,56.5
1780555086.497519,,,gpu-thermal,57.093
1780555086.497519,,,soc0-thermal,55.0
1780555086.497519,,,soc1-thermal,54.375
1780555086.497519,,,soc2-thermal,54.718
1780555086.497519,,,tj-thermal,57.093
1780555086.6031053,VDD_IN,7096.32,,
1780555086.6031053,VDD_CPU_GPU_CV,2479.68,,
1780555086.6031053,VDD_SOC,1734.656,,
1780555086.6031053,,,cpu-thermal,56.468
1780555086.6031053,,,gpu-thermal,57.031
1780555086.6031053,,,soc0-thermal,54.937
1780555086.6031053,,,soc1-thermal,54.406
1780555086.6031053,,,soc2-thermal,54.75
1780555086.6031053,,,tj-thermal,57.031
1780555086.709047,VDD_IN,7096.32,,
1780555086.709047,VDD_CPU_GPU_CV,2475.648,,
1780555086.709047,VDD_SOC,1734.656,,
1780555086.709047,,,cpu-thermal,56.843
1780555086.709047,,,gpu-thermal,57.0
1780555086.709047,,,soc0-thermal,55.062
1780555086.709047,,,soc1-thermal,54.218
1780555086.709047,,,soc2-thermal,54.781
1780555086.709047,,,tj-thermal,57.0
1780555086.8146667,VDD_IN,7135.744,,
1780555086.8146667,VDD_CPU_GPU_CV,2479.68,,
1780555086.8146667,VDD_SOC,1734.656,,
1780555086.8146667,,,cpu-thermal,56.468
1780555086.8146667,,,gpu-thermal,57.093
1780555086.8146667,,,soc0-thermal,54.937
1780555086.8146667,,,soc1-thermal,54.312
1780555086.8146667,,,soc2-thermal,54.718
1780555086.8146667,,,tj-thermal,57.468
1780555086.9202688,VDD_IN,7214.592,,
1780555086.9202688,VDD_CPU_GPU_CV,2519.04,,
1780555086.9202688,VDD_SOC,1734.656,,
1780555086.9202688,,,cpu-thermal,56.531
1780555086.9202688,,,gpu-thermal,57.062
1780555086.9202688,,,soc0-thermal,55.062
1780555086.9202688,,,soc1-thermal,54.5
1780555086.9202688,,,soc2-thermal,54.843
1780555086.9202688,,,tj-thermal,57.062
1780555087.0258625,VDD_IN,7254.016,,
1780555087.0258625,VDD_CPU_GPU_CV,2558.4,,
1780555087.0258625,VDD_SOC,1774.08,,
1780555087.0258625,,,cpu-thermal,56.5
1780555087.0258625,,,gpu-thermal,57.156
1780555087.0258625,,,soc0-thermal,55.125
1780555087.0258625,,,soc1-thermal,54.562
1780555087.0258625,,,soc2-thermal,54.968
1780555087.0258625,,,tj-thermal,57.156
1780555087.131587,VDD_IN,7214.592,,
1780555087.131587,VDD_CPU_GPU_CV,2558.4,,
1780555087.131587,VDD_SOC,1734.656,,
1780555087.131587,,,cpu-thermal,56.875
1780555087.131587,,,gpu-thermal,57.375
1780555087.131587,,,soc0-thermal,55.125
1780555087.131587,,,soc1-thermal,54.281
1780555087.131587,,,soc2-thermal,54.875
1780555087.131587,,,tj-thermal,57.375
1780555087.2371397,VDD_IN,7175.168,,
1780555087.2371397,VDD_CPU_GPU_CV,2519.04,,
1780555087.2371397,VDD_SOC,1731.84,,
1780555087.2371397,,,cpu-thermal,56.5
1780555087.2371397,,,gpu-thermal,57.312
1780555087.2371397,,,soc0-thermal,55.031
1780555087.2371397,,,soc1-thermal,54.375
1780555087.2371397,,,soc2-thermal,54.843
1780555087.2371397,,,tj-thermal,57.312
1780555087.343832,VDD_IN,7175.168,,
1780555087.343832,VDD_CPU_GPU_CV,2514.944,,
1780555087.343832,VDD_SOC,1731.84,,
1780555087.343832,,,cpu-thermal,56.625
1780555087.343832,,,gpu-thermal,57.125
1780555087.343832,,,soc0-thermal,55.062
1780555087.343832,,,soc1-thermal,54.406
1780555087.343832,,,soc2-thermal,54.968
1780555087.343832,,,tj-thermal,57.125
1780555087.4496968,VDD_IN,7135.744,,
1780555087.4496968,VDD_CPU_GPU_CV,2514.944,,
1780555087.4496968,VDD_SOC,1731.84,,
1780555087.4496968,,,cpu-thermal,56.781
1780555087.4496968,,,gpu-thermal,57.156
1780555087.4496968,,,soc0-thermal,55.093
1780555087.4496968,,,soc1-thermal,54.343
1780555087.4496968,,,soc2-thermal,55.031
1780555087.4496968,,,tj-thermal,57.156
1780555087.5561922,VDD_IN,7135.744,,
1780555087.5561922,VDD_CPU_GPU_CV,2514.944,,
1780555087.5561922,VDD_SOC,1731.84,,
1780555087.5561922,,,cpu-thermal,56.812
1780555087.5561922,,,gpu-thermal,57.031
1780555087.5561922,,,soc0-thermal,55.0
1780555087.5561922,,,soc1-thermal,54.375
1780555087.5561922,,,soc2-thermal,54.812
1780555087.5561922,,,tj-thermal,57.031
1780555087.6620238,VDD_IN,7135.744,,
1780555087.6620238,VDD_CPU_GPU_CV,2514.944,,
1780555087.6620238,VDD_SOC,1731.84,,
1780555087.6620238,,,cpu-thermal,56.562
1780555087.6620238,,,gpu-thermal,57.156
1780555087.6620238,,,soc0-thermal,55.093
1780555087.6620238,,,soc1-thermal,54.531
1780555087.6620238,,,soc2-thermal,54.937
1780555087.6620238,,,tj-thermal,57.5
1780555087.767741,VDD_IN,7135.744,,
1780555087.767741,VDD_CPU_GPU_CV,2475.648,,
1780555087.767741,VDD_SOC,1731.84,,
1780555087.767741,,,cpu-thermal,56.625
1780555087.767741,,,gpu-thermal,57.093
1780555087.767741,,,soc0-thermal,55.218
1780555087.767741,,,soc1-thermal,54.437
1780555087.767741,,,soc2-thermal,54.968
1780555087.767741,,,tj-thermal,57.093
1780555087.8734903,VDD_IN,7214.592,,
1780555087.8734903,VDD_CPU_GPU_CV,2519.04,,
1780555087.8734903,VDD_SOC,1731.84,,
1780555087.8734903,,,cpu-thermal,56.687
1780555087.8734903,,,gpu-thermal,57.093
1780555087.8734903,,,soc0-thermal,55.093
1780555087.8734903,,,soc1-thermal,54.281
1780555087.8734903,,,soc2-thermal,54.968
1780555087.8734903,,,tj-thermal,57.093
1780555087.9787922,VDD_IN,7254.016,,
1780555087.9787922,VDD_CPU_GPU_CV,2558.4,,
1780555087.9787922,VDD_SOC,1774.08,,
1780555087.9787922,,,cpu-thermal,56.468
1780555087.9787922,,,gpu-thermal,57.531
1780555087.9787922,,,soc0-thermal,55.062
1780555087.9787922,,,soc1-thermal,54.375
1780555087.9787922,,,soc2-thermal,54.843
1780555087.9787922,,,tj-thermal,57.531
1780555088.0844307,VDD_IN,7214.592,,
1780555088.0844307,VDD_CPU_GPU_CV,2558.4,,
1780555088.0844307,VDD_SOC,1774.08,,
1780555088.0844307,,,cpu-thermal,56.687
1780555088.0844307,,,gpu-thermal,57.343
1780555088.0844307,,,soc0-thermal,55.125
1780555088.0844307,,,soc1-thermal,54.531
1780555088.0844307,,,soc2-thermal,54.968
1780555088.0844307,,,tj-thermal,57.343
1780555088.1902635,VDD_IN,7214.592,,
1780555088.1902635,VDD_CPU_GPU_CV,2558.4,,
1780555088.1902635,VDD_SOC,1734.656,,
1780555088.1902635,,,cpu-thermal,56.656
1780555088.1902635,,,gpu-thermal,57.062
1780555088.1902635,,,soc0-thermal,55.125
1780555088.1902635,,,soc1-thermal,54.375
1780555088.1902635,,,soc2-thermal,54.968
1780555088.1902635,,,tj-thermal,57.25
1780555088.2960055,VDD_IN,7175.168,,
1780555088.2960055,VDD_CPU_GPU_CV,2519.04,,
1780555088.2960055,VDD_SOC,1734.656,,
1780555088.2960055,,,cpu-thermal,56.656
1780555088.2960055,,,gpu-thermal,57.468
1780555088.2960055,,,soc0-thermal,55.062
1780555088.2960055,,,soc1-thermal,54.406
1780555088.2960055,,,soc2-thermal,54.875
1780555088.2960055,,,tj-thermal,57.468
1780555088.4016423,VDD_IN,7135.744,,
1780555088.4016423,VDD_CPU_GPU_CV,2519.04,,
1780555088.4016423,VDD_SOC,1734.656,,
1780555088.4016423,,,cpu-thermal,56.593
1780555088.4016423,,,gpu-thermal,57.281
1780555088.4016423,,,soc0-thermal,55.062
1780555088.4016423,,,soc1-thermal,54.5
1780555088.4016423,,,soc2-thermal,55.0
1780555088.4016423,,,tj-thermal,57.281
1780555088.5074332,VDD_IN,7135.744,,
1780555088.5074332,VDD_CPU_GPU_CV,2519.04,,
1780555088.5074332,VDD_SOC,1734.656,,
1780555088.5074332,,,cpu-thermal,56.625
1780555088.5074332,,,gpu-thermal,57.25
1780555088.5074332,,,soc0-thermal,55.125
1780555088.5074332,,,soc1-thermal,54.562
1780555088.5074332,,,soc2-thermal,55.031
1780555088.5074332,,,tj-thermal,57.25
1780555088.6130996,VDD_IN,7135.744,,
1780555088.6130996,VDD_CPU_GPU_CV,2479.68,,
1780555088.6130996,VDD_SOC,1734.656,,
1780555088.6130996,,,cpu-thermal,56.968
1780555088.6130996,,,gpu-thermal,57.156
1780555088.6130996,,,soc0-thermal,55.281
1780555088.6130996,,,soc1-thermal,54.468
1780555088.6130996,,,soc2-thermal,55.093
1780555088.6130996,,,tj-thermal,57.156
1780555088.718675,VDD_IN,7135.744,,
1780555088.718675,VDD_CPU_GPU_CV,2479.68,,
1780555088.718675,VDD_SOC,1734.656,,
1780555088.718675,,,cpu-thermal,56.625
1780555088.718675,,,gpu-thermal,57.375
1780555088.718675,,,soc0-thermal,55.062
1780555088.718675,,,soc1-thermal,54.468
1780555088.718675,,,soc2-thermal,55.031
1780555088.718675,,,tj-thermal,57.125
1780555088.824584,VDD_IN,7135.744,,
1780555088.824584,VDD_CPU_GPU_CV,2519.04,,
1780555088.824584,VDD_SOC,1734.656,,
1780555088.824584,,,cpu-thermal,56.562
1780555088.824584,,,gpu-thermal,57.312
1780555088.824584,,,soc0-thermal,55.125
1780555088.824584,,,soc1-thermal,54.562
1780555088.824584,,,soc2-thermal,55.031
1780555088.824584,,,tj-thermal,57.562
1780555088.9308228,VDD_IN,7175.168,,
1780555088.9308228,VDD_CPU_GPU_CV,2558.4,,
1780555088.9308228,VDD_SOC,1734.656,,
1780555088.9308228,,,cpu-thermal,56.812
1780555088.9308228,,,gpu-thermal,57.312
1780555088.9308228,,,soc0-thermal,55.187
1780555088.9308228,,,soc1-thermal,54.593
1780555088.9308228,,,soc2-thermal,55.031
1780555088.9308228,,,tj-thermal,57.375
1780555089.0364106,VDD_IN,7214.592,,
1780555089.0364106,VDD_CPU_GPU_CV,2558.4,,
1780555089.0364106,VDD_SOC,1774.08,,
1780555089.0364106,,,cpu-thermal,56.968
1780555089.0364106,,,gpu-thermal,57.156
1780555089.0364106,,,soc0-thermal,55.156
1780555089.0364106,,,soc1-thermal,54.5
1780555089.0364106,,,soc2-thermal,54.968
1780555089.0364106,,,tj-thermal,57.343
1780555089.1432912,VDD_IN,7175.168,,
1780555089.1432912,VDD_CPU_GPU_CV,2519.04,,
1780555089.1432912,VDD_SOC,1734.656,,
1780555089.1432912,,,cpu-thermal,56.718
1780555089.1432912,,,gpu-thermal,57.531
1780555089.1432912,,,soc0-thermal,55.093
1780555089.1432912,,,soc1-thermal,54.562
1780555089.1432912,,,soc2-thermal,55.031
1780555089.1432912,,,tj-thermal,57.531
1780555089.249102,VDD_IN,7175.168,,
1780555089.249102,VDD_CPU_GPU_CV,2519.04,,
1780555089.249102,VDD_SOC,1734.656,,
1780555089.249102,,,cpu-thermal,56.812
1780555089.249102,,,gpu-thermal,57.406
1780555089.249102,,,soc0-thermal,55.281
1780555089.249102,,,soc1-thermal,54.718
1780555089.249102,,,soc2-thermal,55.062
1780555089.249102,,,tj-thermal,57.406
1780555089.3553843,VDD_IN,7135.744,,
1780555089.3553843,VDD_CPU_GPU_CV,2519.04,,
1780555089.3553843,VDD_SOC,1734.656,,
1780555089.3553843,,,cpu-thermal,56.843
1780555089.3553843,,,gpu-thermal,57.343
1780555089.3553843,,,soc0-thermal,55.187
1780555089.3553843,,,soc1-thermal,54.437
1780555089.3553843,,,soc2-thermal,55.093
1780555089.3553843,,,tj-thermal,57.343
1780555089.4614763,VDD_IN,7135.744,,
1780555089.4614763,VDD_CPU_GPU_CV,2519.04,,
1780555089.4614763,VDD_SOC,1734.656,,
1780555089.4614763,,,cpu-thermal,56.656
1780555089.4614763,,,gpu-thermal,57.312
1780555089.4614763,,,soc0-thermal,55.218
1780555089.4614763,,,soc1-thermal,54.5
1780555089.4614763,,,soc2-thermal,55.062
1780555089.4614763,,,tj-thermal,57.312
1780555089.5675762,VDD_IN,7096.32,,
1780555089.5675762,VDD_CPU_GPU_CV,2479.68,,
1780555089.5675762,VDD_SOC,1734.656,,
1780555089.5675762,,,cpu-thermal,56.781
1780555089.5675762,,,gpu-thermal,57.312
1780555089.5675762,,,soc0-thermal,55.25
1780555089.5675762,,,soc1-thermal,54.656
1780555089.5675762,,,soc2-thermal,55.093
1780555089.5675762,,,tj-thermal,57.312
1780555089.6737661,VDD_IN,7135.744,,
1780555089.6737661,VDD_CPU_GPU_CV,2479.68,,
1780555089.6737661,VDD_SOC,1731.84,,
1780555089.6737661,,,cpu-thermal,56.843
1780555089.6737661,,,gpu-thermal,57.656
1780555089.6737661,,,soc0-thermal,55.375
1780555089.6737661,,,soc1-thermal,54.5
1780555089.6737661,,,soc2-thermal,55.093
1780555089.6737661,,,tj-thermal,57.656
1780555089.7797732,VDD_IN,7096.32,,
1780555089.7797732,VDD_CPU_GPU_CV,2479.68,,
1780555089.7797732,VDD_SOC,1731.84,,
1780555089.7797732,,,cpu-thermal,56.656
1780555089.7797732,,,gpu-thermal,57.531
1780555089.7797732,,,soc0-thermal,55.218
1780555089.7797732,,,soc1-thermal,54.593
1780555089.7797732,,,soc2-thermal,55.031
1780555089.7797732,,,tj-thermal,57.531
1780555089.8860962,VDD_IN,7175.168,,
1780555089.8860962,VDD_CPU_GPU_CV,2519.04,,
1780555089.8860962,VDD_SOC,1734.656,,
1780555089.8860962,,,cpu-thermal,56.718
1780555089.8860962,,,gpu-thermal,57.468
1780555089.8860962,,,soc0-thermal,55.281
1780555089.8860962,,,soc1-thermal,54.656
1780555089.8860962,,,soc2-thermal,55.125
1780555089.8860962,,,tj-thermal,57.468
1780555089.992196,VDD_IN,7214.592,,
1780555089.992196,VDD_CPU_GPU_CV,2558.4,,
1780555089.992196,VDD_SOC,1774.08,,
1780555089.992196,,,cpu-thermal,56.968
1780555089.992196,,,gpu-thermal,57.437
1780555089.992196,,,soc0-thermal,55.312
1780555089.992196,,,soc1-thermal,54.531
1780555089.992196,,,soc2-thermal,55.093
1780555089.992196,,,tj-thermal,57.437
1780555090.0980165,VDD_IN,7175.168,,
1780555090.0980165,VDD_CPU_GPU_CV,2519.04,,
1780555090.0980165,VDD_SOC,1734.656,,
1780555090.0980165,,,cpu-thermal,56.687
1780555090.0980165,,,gpu-thermal,57.531
1780555090.0980165,,,soc0-thermal,55.187
1780555090.0980165,,,soc1-thermal,54.562
1780555090.0980165,,,soc2-thermal,55.093
1780555090.0980165,,,tj-thermal,57.25
1780555090.2035723,VDD_IN,7175.168,,
1780555090.2035723,VDD_CPU_GPU_CV,2519.04,,
1780555090.2035723,VDD_SOC,1734.656,,
1780555090.2035723,,,cpu-thermal,56.781
1780555090.2035723,,,gpu-thermal,57.5
1780555090.2035723,,,soc0-thermal,55.218
1780555090.2035723,,,soc1-thermal,54.593
1780555090.2035723,,,soc2-thermal,55.125
1780555090.2035723,,,tj-thermal,57.25
1780555090.3099349,VDD_IN,7135.744,,
1780555090.3099349,VDD_CPU_GPU_CV,2519.04,,
1780555090.3099349,VDD_SOC,1734.656,,
1780555090.3099349,,,cpu-thermal,56.812
1780555090.3099349,,,gpu-thermal,57.343
1780555090.3099349,,,soc0-thermal,55.25
1780555090.3099349,,,soc1-thermal,54.718
1780555090.3099349,,,soc2-thermal,55.156
1780555090.3099349,,,tj-thermal,57.593
1780555090.4160275,VDD_IN,7175.168,,
1780555090.4160275,VDD_CPU_GPU_CV,2519.04,,
1780555090.4160275,VDD_SOC,1734.656,,
1780555090.4160275,,,cpu-thermal,57.031
1780555090.4160275,,,gpu-thermal,57.343
1780555090.4160275,,,soc0-thermal,55.5
1780555090.4160275,,,soc1-thermal,54.593
1780555090.4160275,,,soc2-thermal,55.281
1780555090.4160275,,,tj-thermal,57.343
1780555090.521693,VDD_IN,7135.744,,
1780555090.521693,VDD_CPU_GPU_CV,2519.04,,
1780555090.521693,VDD_SOC,1734.656,,
1780555090.521693,,,cpu-thermal,57.187
1780555090.521693,,,gpu-thermal,57.218
1780555090.521693,,,soc0-thermal,55.312
1780555090.521693,,,soc1-thermal,54.625
1780555090.521693,,,soc2-thermal,55.125
1780555090.521693,,,tj-thermal,57.218
1780555090.6279519,VDD_IN,7135.744,,
1780555090.6279519,VDD_CPU_GPU_CV,2519.04,,
1780555090.6279519,VDD_SOC,1734.656,,
1780555090.6279519,,,cpu-thermal,56.812
1780555090.6279519,,,gpu-thermal,57.593
1780555090.6279519,,,soc0-thermal,55.25
1780555090.6279519,,,soc1-thermal,54.718
1780555090.6279519,,,soc2-thermal,55.187
1780555090.6279519,,,tj-thermal,57.593
1780555090.7341623,VDD_IN,7135.744,,
1780555090.7341623,VDD_CPU_GPU_CV,2514.944,,
1780555090.7341623,VDD_SOC,1731.84,,
1780555090.7341623,,,cpu-thermal,56.906
1780555090.7341623,,,gpu-thermal,57.531
1780555090.7341623,,,soc0-thermal,55.375
1780555090.7341623,,,soc1-thermal,54.562
1780555090.7341623,,,soc2-thermal,55.218
1780555090.7341623,,,tj-thermal,57.531
1780555090.8400333,VDD_IN,7175.168,,
1780555090.8400333,VDD_CPU_GPU_CV,2514.944,,
1780555090.8400333,VDD_SOC,1734.656,,
1780555090.8400333,,,cpu-thermal,56.968
1780555090.8400333,,,gpu-thermal,57.468
1780555090.8400333,,,soc0-thermal,55.218
1780555090.8400333,,,soc1-thermal,54.625
1780555090.8400333,,,soc2-thermal,55.156
1780555090.8400333,,,tj-thermal,57.468
1780555090.9460683,VDD_IN,7214.592,,
1780555090.9460683,VDD_CPU_GPU_CV,2558.4,,
1780555090.9460683,VDD_SOC,1774.08,,
1780555090.9460683,,,cpu-thermal,56.812
1780555090.9460683,,,gpu-thermal,57.437
1780555090.9460683,,,soc0-thermal,55.281
1780555090.9460683,,,soc1-thermal,54.718
1780555090.9460683,,,soc2-thermal,55.25
1780555090.9460683,,,tj-thermal,57.437
1780555091.0516224,VDD_IN,7254.016,,
1780555091.0516224,VDD_CPU_GPU_CV,2558.4,,
1780555091.0516224,VDD_SOC,1774.08,,
1780555091.0516224,,,cpu-thermal,56.843
1780555091.0516224,,,gpu-thermal,57.531
1780555091.0516224,,,soc0-thermal,55.375
1780555091.0516224,,,soc1-thermal,54.875
1780555091.0516224,,,soc2-thermal,55.156
1780555091.0516224,,,tj-thermal,57.375
1780555091.1578064,VDD_IN,7214.592,,
1780555091.1578064,VDD_CPU_GPU_CV,2558.4,,
1780555091.1578064,VDD_SOC,1734.656,,
1780555091.1578064,,,cpu-thermal,56.937
1780555091.1578064,,,gpu-thermal,57.468
1780555091.1578064,,,soc0-thermal,55.437
1780555091.1578064,,,soc1-thermal,54.562
1780555091.1578064,,,soc2-thermal,55.093
1780555091.1578064,,,tj-thermal,57.75
1780555091.2634742,VDD_IN,7175.168,,
1780555091.2634742,VDD_CPU_GPU_CV,2514.944,,
1780555091.2634742,VDD_SOC,1731.84,,
1780555091.2634742,,,cpu-thermal,56.812
1780555091.2634742,,,gpu-thermal,57.406
1780555091.2634742,,,soc0-thermal,55.281
1780555091.2634742,,,soc1-thermal,54.718
1780555091.2634742,,,soc2-thermal,55.187
1780555091.2634742,,,tj-thermal,57.406
1780555091.3694282,VDD_IN,7135.744,,
1780555091.3694282,VDD_CPU_GPU_CV,2514.944,,
1780555091.3694282,VDD_SOC,1731.84,,
1780555091.3694282,,,cpu-thermal,56.875
1780555091.3694282,,,gpu-thermal,57.375
1780555091.3694282,,,soc0-thermal,55.375
1780555091.3694282,,,soc1-thermal,54.75
1780555091.3694282,,,soc2-thermal,55.156
1780555091.3694282,,,tj-thermal,57.375
1780555091.4748752,VDD_IN,7135.744,,
1780555091.4748752,VDD_CPU_GPU_CV,2514.944,,
1780555091.4748752,VDD_SOC,1731.84,,
1780555091.4748752,,,cpu-thermal,56.937
1780555091.4748752,,,gpu-thermal,57.718
1780555091.4748752,,,soc0-thermal,55.375
1780555091.4748752,,,soc1-thermal,54.718
1780555091.4748752,,,soc2-thermal,55.375
1780555091.4748752,,,tj-thermal,57.718
1780555091.580474,VDD_IN,7135.744,,
1780555091.580474,VDD_CPU_GPU_CV,2475.648,,
1780555091.580474,VDD_SOC,1731.84,,
1780555091.580474,,,cpu-thermal,56.875
1780555091.580474,,,gpu-thermal,57.468
1780555091.580474,,,soc0-thermal,55.375
1780555091.580474,,,soc1-thermal,54.593
1780555091.580474,,,soc2-thermal,55.125
1780555091.580474,,,tj-thermal,57.468
1780555091.6863992,VDD_IN,7135.744,,
1780555091.6863992,VDD_CPU_GPU_CV,2475.648,,
1780555091.6863992,VDD_SOC,1731.84,,
1780555091.6863992,,,cpu-thermal,56.843
1780555091.6863992,,,gpu-thermal,57.312
1780555091.6863992,,,soc0-thermal,55.312
1780555091.6863992,,,soc1-thermal,54.75
1780555091.6863992,,,soc2-thermal,55.156
1780555091.6863992,,,tj-thermal,57.437
1780555091.791748,VDD_IN,7135.744,,
1780555091.791748,VDD_CPU_GPU_CV,2475.648,,
1780555091.791748,VDD_SOC,1731.84,,
1780555091.791748,,,cpu-thermal,56.875
1780555091.791748,,,gpu-thermal,57.718
1780555091.791748,,,soc0-thermal,55.375
1780555091.791748,,,soc1-thermal,54.812
1780555091.791748,,,soc2-thermal,55.281
1780555091.791748,,,tj-thermal,57.718
1780555091.896994,VDD_IN,7214.592,,
1780555091.896994,VDD_CPU_GPU_CV,2519.04,,
1780555091.896994,VDD_SOC,1734.656,,
1780555091.896994,,,cpu-thermal,57.062
1780555091.896994,,,gpu-thermal,57.625
1780555091.896994,,,soc0-thermal,55.5
1780555091.896994,,,soc1-thermal,54.593
1780555091.896994,,,soc2-thermal,55.343
1780555091.896994,,,tj-thermal,57.625
1780555092.0022967,VDD_IN,7254.016,,
1780555092.0022967,VDD_CPU_GPU_CV,2558.4,,
1780555092.0022967,VDD_SOC,1774.08,,
1780555092.0022967,,,cpu-thermal,57.156
1780555092.0022967,,,gpu-thermal,57.437
1780555092.0022967,,,soc0-thermal,55.437
1780555092.0022967,,,soc1-thermal,54.687
1780555092.0022967,,,soc2-thermal,55.218
1780555092.0022967,,,tj-thermal,57.562
1780555092.107587,VDD_IN,7214.592,,
1780555092.107587,VDD_CPU_GPU_CV,2514.944,,
1780555092.107587,VDD_SOC,1774.08,,
1780555092.107587,,,cpu-thermal,56.812
1780555092.107587,,,gpu-thermal,57.656
1780555092.107587,,,soc0-thermal,55.406
1780555092.107587,,,soc1-thermal,54.687
1780555092.107587,,,soc2-thermal,55.281
1780555092.107587,,,tj-thermal,57.656
1780555092.2127616,VDD_IN,7214.592,,
1780555092.2127616,VDD_CPU_GPU_CV,2514.944,,
1780555092.2127616,VDD_SOC,1771.2,,
1780555092.2127616,,,cpu-thermal,56.812
1780555092.2127616,,,gpu-thermal,57.531
1780555092.2127616,,,soc0-thermal,55.406
1780555092.2127616,,,soc1-thermal,54.843
1780555092.2127616,,,soc2-thermal,55.343
1780555092.2127616,,,tj-thermal,57.531
1780555092.318268,VDD_IN,7175.168,,
1780555092.318268,VDD_CPU_GPU_CV,2514.944,,
1780555092.318268,VDD_SOC,1731.84,,
1780555092.318268,,,cpu-thermal,57.187
1780555092.318268,,,gpu-thermal,57.531
1780555092.318268,,,soc0-thermal,55.593
1780555092.318268,,,soc1-thermal,54.687
1780555092.318268,,,soc2-thermal,55.406
1780555092.318268,,,tj-thermal,57.531
1780555092.4240515,VDD_IN,7135.744,,
1780555092.4240515,VDD_CPU_GPU_CV,2514.944,,
1780555092.4240515,VDD_SOC,1731.84,,
1780555092.4240515,,,cpu-thermal,57.187
1780555092.4240515,,,gpu-thermal,57.468
1780555092.4240515,,,soc0-thermal,55.343
1780555092.4240515,,,soc1-thermal,54.75
1780555092.4240515,,,soc2-thermal,55.281
1780555092.4240515,,,tj-thermal,57.468
1780555092.5297556,VDD_IN,7135.744,,
1780555092.5297556,VDD_CPU_GPU_CV,2475.648,,
1780555092.5297556,VDD_SOC,1731.84,,
1780555092.5297556,,,cpu-thermal,56.843
1780555092.5297556,,,gpu-thermal,57.562
1780555092.5297556,,,soc0-thermal,55.437
1780555092.5297556,,,soc1-thermal,54.75
1780555092.5297556,,,soc2-thermal,55.312
1780555092.5297556,,,tj-thermal,57.5
1780555092.635241,VDD_IN,7124.16,,
1780555092.635241,VDD_CPU_GPU_CV,2475.648,,
1780555092.635241,VDD_SOC,1731.84,,
1780555092.635241,,,cpu-thermal,57.031
1780555092.635241,,,gpu-thermal,57.5
1780555092.635241,,,soc0-thermal,55.531
1780555092.635241,,,soc1-thermal,54.937
1780555092.635241,,,soc2-thermal,55.312
1780555092.635241,,,tj-thermal,57.5
1780555092.7408206,VDD_IN,7084.8,,
1780555092.7408206,VDD_CPU_GPU_CV,2475.648,,
1780555092.7408206,VDD_SOC,1731.84,,
1780555092.7408206,,,cpu-thermal,57.125
1780555092.7408206,,,gpu-thermal,57.531
1780555092.7408206,,,soc0-thermal,55.562
1780555092.7408206,,,soc1-thermal,54.718
1780555092.7408206,,,soc2-thermal,55.406
1780555092.7408206,,,tj-thermal,57.531
1780555092.846313,VDD_IN,7135.744,,
1780555092.846313,VDD_CPU_GPU_CV,2514.944,,
1780555092.846313,VDD_SOC,1731.84,,
1780555092.846313,,,cpu-thermal,57.187
1780555092.846313,,,gpu-thermal,57.531
1780555092.846313,,,soc0-thermal,55.437
1780555092.846313,,,soc1-thermal,54.687
1780555092.846313,,,soc2-thermal,55.281
1780555092.846313,,,tj-thermal,57.531
1780555092.9515715,VDD_IN,7214.592,,
1780555092.9515715,VDD_CPU_GPU_CV,2554.24,,
1780555092.9515715,VDD_SOC,1774.08,,
1780555092.9515715,,,cpu-thermal,57.031
1780555092.9515715,,,gpu-thermal,57.593
1780555092.9515715,,,soc0-thermal,55.5
1780555092.9515715,,,soc1-thermal,54.843
1780555092.9515715,,,soc2-thermal,55.312
1780555092.9515715,,,tj-thermal,57.812
1780555093.0568578,VDD_IN,7214.592,,
1780555093.0568578,VDD_CPU_GPU_CV,2558.4,,
1780555093.0568578,VDD_SOC,1774.08,,
1780555093.0568578,,,cpu-thermal,57.0
1780555093.0568578,,,gpu-thermal,57.5
1780555093.0568578,,,soc0-thermal,55.531
1780555093.0568578,,,soc1-thermal,54.937
1780555093.0568578,,,soc2-thermal,55.406
1780555093.0568578,,,tj-thermal,57.5
1780555093.1621342,VDD_IN,7175.168,,
1780555093.1621342,VDD_CPU_GPU_CV,2514.944,,
1780555093.1621342,VDD_SOC,1734.656,,
1780555093.1621342,,,cpu-thermal,57.062
1780555093.1621342,,,gpu-thermal,57.5
1780555093.1621342,,,soc0-thermal,55.593
1780555093.1621342,,,soc1-thermal,54.656
1780555093.1621342,,,soc2-thermal,55.437
1780555093.1621342,,,tj-thermal,57.5
1780555093.2672844,VDD_IN,7175.168,,
1780555093.2672844,VDD_CPU_GPU_CV,2514.944,,
1780555093.2672844,VDD_SOC,1731.84,,
1780555093.2672844,,,cpu-thermal,57.281
1780555093.2672844,,,gpu-thermal,57.562
1780555093.2672844,,,soc0-thermal,55.468
1780555093.2672844,,,soc1-thermal,54.875
1780555093.2672844,,,soc2-thermal,55.281
1780555093.2672844,,,tj-thermal,57.781
1780555093.3726304,VDD_IN,7175.168,,
1780555093.3726304,VDD_CPU_GPU_CV,2514.944,,
1780555093.3726304,VDD_SOC,1731.84,,
1780555093.3726304,,,cpu-thermal,56.937
1780555093.3726304,,,gpu-thermal,57.5
1780555093.3726304,,,soc0-thermal,55.468
1780555093.3726304,,,soc1-thermal,54.937
1780555093.3726304,,,soc2-thermal,55.437
1780555093.3726304,,,tj-thermal,57.5
1780555093.4780679,VDD_IN,7175.168,,
1780555093.4780679,VDD_CPU_GPU_CV,2514.944,,
1780555093.4780679,VDD_SOC,1731.84,,
1780555093.4780679,,,cpu-thermal,57.093
1780555093.4780679,,,gpu-thermal,57.875
1780555093.4780679,,,soc0-thermal,55.593
1780555093.4780679,,,soc1-thermal,54.937
1780555093.4780679,,,soc2-thermal,55.375
1780555093.4780679,,,tj-thermal,57.875
1780555093.5833817,VDD_IN,7163.52,,
1780555093.5833817,VDD_CPU_GPU_CV,2514.944,,
1780555093.5833817,VDD_SOC,1731.84,,
1780555093.5833817,,,cpu-thermal,57.125
1780555093.5833817,,,gpu-thermal,57.718
1780555093.5833817,,,soc0-thermal,55.625
1780555093.5833817,,,soc1-thermal,54.812
1780555093.5833817,,,soc2-thermal,55.468
1780555093.5833817,,,tj-thermal,57.718
1780555093.6886413,VDD_IN,7163.52,,
1780555093.6886413,VDD_CPU_GPU_CV,2475.648,,
1780555093.6886413,VDD_SOC,1731.84,,
1780555093.6886413,,,cpu-thermal,57.281
1780555093.6886413,,,gpu-thermal,57.437
1780555093.6886413,,,soc0-thermal,55.406
1780555093.6886413,,,soc1-thermal,54.875
1780555093.6886413,,,soc2-thermal,55.437
1780555093.6886413,,,tj-thermal,57.625
1780555093.793961,VDD_IN,7163.52,,
1780555093.793961,VDD_CPU_GPU_CV,2514.944,,
1780555093.793961,VDD_SOC,1731.84,,
1780555093.793961,,,cpu-thermal,57.125
1780555093.793961,,,gpu-thermal,57.937
1780555093.793961,,,soc0-thermal,55.531
1780555093.793961,,,soc1-thermal,54.937
1780555093.793961,,,soc2-thermal,55.437
1780555093.793961,,,tj-thermal,57.937
1780555093.8997266,VDD_IN,7214.592,,
1780555093.8997266,VDD_CPU_GPU_CV,2514.944,,
1780555093.8997266,VDD_SOC,1771.2,,
1780555093.8997266,,,cpu-thermal,57.062
1780555093.8997266,,,gpu-thermal,57.843
1780555093.8997266,,,soc0-thermal,55.531
1780555093.8997266,,,soc1-thermal,54.906
1780555093.8997266,,,soc2-thermal,55.468
1780555093.8997266,,,tj-thermal,57.843
1780555094.0054138,VDD_IN,7254.016,,
1780555094.0054138,VDD_CPU_GPU_CV,2558.4,,
1780555094.0054138,VDD_SOC,1771.2,,
1780555094.0054138,,,cpu-thermal,57.031
1780555094.0054138,,,gpu-thermal,57.781
1780555094.0054138,,,soc0-thermal,55.593
1780555094.0054138,,,soc1-thermal,54.75
1780555094.0054138,,,soc2-thermal,55.5
1780555094.0054138,,,tj-thermal,57.781
1780555094.1115608,VDD_IN,7214.592,,
1780555094.1115608,VDD_CPU_GPU_CV,2554.24,,
1780555094.1115608,VDD_SOC,1771.2,,
1780555094.1115608,,,cpu-thermal,57.093
1780555094.1115608,,,gpu-thermal,57.625
1780555094.1115608,,,soc0-thermal,55.5
1780555094.1115608,,,soc1-thermal,54.937
1780555094.1115608,,,soc2-thermal,55.375
1780555094.1115608,,,tj-thermal,57.625
1780555094.2168024,VDD_IN,7214.592,,
1780555094.2168024,VDD_CPU_GPU_CV,2554.24,,
1780555094.2168024,VDD_SOC,1771.2,,
1780555094.2168024,,,cpu-thermal,57.093
1780555094.2168024,,,gpu-thermal,57.718
1780555094.2168024,,,soc0-thermal,55.531
1780555094.2168024,,,soc1-thermal,54.968
1780555094.2168024,,,soc2-thermal,55.312
1780555094.2168024,,,tj-thermal,57.531
1780555094.3221195,VDD_IN,7163.52,,
1780555094.3221195,VDD_CPU_GPU_CV,2514.944,,
1780555094.3221195,VDD_SOC,1771.2,,
1780555094.3221195,,,cpu-thermal,57.093
1780555094.3221195,,,gpu-thermal,57.656
1780555094.3221195,,,soc0-thermal,55.656
1780555094.3221195,,,soc1-thermal,55.0
1780555094.3221195,,,soc2-thermal,55.468
1780555094.3221195,,,tj-thermal,57.656
1780555094.4274044,VDD_IN,7163.52,,
1780555094.4274044,VDD_CPU_GPU_CV,2514.944,,
1780555094.4274044,VDD_SOC,1731.84,,
1780555094.4274044,,,cpu-thermal,57.125
1780555094.4274044,,,gpu-thermal,57.625
1780555094.4274044,,,soc0-thermal,55.531
1780555094.4274044,,,soc1-thermal,54.937
1780555094.4274044,,,soc2-thermal,55.531
1780555094.4274044,,,tj-thermal,57.625
1780555094.5329978,VDD_IN,7163.52,,
1780555094.5329978,VDD_CPU_GPU_CV,2514.944,,
1780555094.5329978,VDD_SOC,1731.84,,
1780555094.5329978,,,cpu-thermal,56.968
1780555094.5329978,,,gpu-thermal,57.656
1780555094.5329978,,,soc0-thermal,55.531
1780555094.5329978,,,soc1-thermal,55.0
1780555094.5329978,,,soc2-thermal,55.468
1780555094.5329978,,,tj-thermal,57.656
1780555094.6382666,VDD_IN,7124.16,,
1780555094.6382666,VDD_CPU_GPU_CV,2514.944,,
1780555094.6382666,VDD_SOC,1731.84,,
1780555094.6382666,,,cpu-thermal,57.156
1780555094.6382666,,,gpu-thermal,57.781
1780555094.6382666,,,soc0-thermal,55.625
1780555094.6382666,,,soc1-thermal,55.0
1780555094.6382666,,,soc2-thermal,55.437
1780555094.6382666,,,tj-thermal,58.125
1780555094.7436051,VDD_IN,7124.16,,
1780555094.7436051,VDD_CPU_GPU_CV,2514.944,,
1780555094.7436051,VDD_SOC,1731.84,,
1780555094.7436051,,,cpu-thermal,57.062
1780555094.7436051,,,gpu-thermal,57.625
1780555094.7436051,,,soc0-thermal,55.656
1780555094.7436051,,,soc1-thermal,55.031
1780555094.7436051,,,soc2-thermal,55.562
1780555094.7436051,,,tj-thermal,57.625
1780555094.8489356,VDD_IN,7175.168,,
1780555094.8489356,VDD_CPU_GPU_CV,2514.944,,
1780555094.8489356,VDD_SOC,1731.84,,
1780555094.8489356,,,cpu-thermal,57.093
1780555094.8489356,,,gpu-thermal,57.625
1780555094.8489356,,,soc0-thermal,55.562
1780555094.8489356,,,soc1-thermal,54.843
1780555094.8489356,,,soc2-thermal,55.656
1780555094.8489356,,,tj-thermal,57.625
1780555094.954456,VDD_IN,7214.592,,
1780555094.954456,VDD_CPU_GPU_CV,2554.24,,
1780555094.954456,VDD_SOC,1774.08,,
1780555094.954456,,,cpu-thermal,57.093
1780555094.954456,,,gpu-thermal,58.062
1780555094.954456,,,soc0-thermal,55.687
1780555094.954456,,,soc1-thermal,54.968
1780555094.954456,,,soc2-thermal,55.531
1780555094.954456,,,tj-thermal,58.062
1780555095.0601673,VDD_IN,7214.592,,
1780555095.0601673,VDD_CPU_GPU_CV,2554.24,,
1780555095.0601673,VDD_SOC,1774.08,,
1780555095.0601673,,,cpu-thermal,57.0
1780555095.0601673,,,gpu-thermal,57.75
1780555095.0601673,,,soc0-thermal,55.687
1780555095.0601673,,,soc1-thermal,55.0
1780555095.0601673,,,soc2-thermal,55.5
1780555095.0601673,,,tj-thermal,57.906
1780555095.165489,VDD_IN,7214.592,,
1780555095.165489,VDD_CPU_GPU_CV,2554.24,,
1780555095.165489,VDD_SOC,1771.2,,
1780555095.165489,,,cpu-thermal,57.437
1780555095.165489,,,gpu-thermal,57.656
1780555095.165489,,,soc0-thermal,55.781
1780555095.165489,,,soc1-thermal,55.187
1780555095.165489,,,soc2-thermal,55.562
1780555095.165489,,,tj-thermal,57.656
1780555095.2709308,VDD_IN,7175.168,,
1780555095.2709308,VDD_CPU_GPU_CV,2514.944,,
1780555095.2709308,VDD_SOC,1771.2,,
1780555095.2709308,,,cpu-thermal,57.531
1780555095.2709308,,,gpu-thermal,58.031
1780555095.2709308,,,soc0-thermal,55.75
1780555095.2709308,,,soc1-thermal,55.0
1780555095.2709308,,,soc2-thermal,55.593
1780555095.2709308,,,tj-thermal,58.031
1780555095.3763804,VDD_IN,7163.52,,
1780555095.3763804,VDD_CPU_GPU_CV,2514.944,,
1780555095.3763804,VDD_SOC,1771.2,,
1780555095.3763804,,,cpu-thermal,57.125
1780555095.3763804,,,gpu-thermal,57.875
1780555095.3763804,,,soc0-thermal,55.593
1780555095.3763804,,,soc1-thermal,55.0
1780555095.3763804,,,soc2-thermal,55.5
1780555095.3763804,,,tj-thermal,57.875
1780555095.4817982,VDD_IN,7163.52,,
1780555095.4817982,VDD_CPU_GPU_CV,2514.944,,
1780555095.4817982,VDD_SOC,1731.84,,
1780555095.4817982,,,cpu-thermal,57.156
1780555095.4817982,,,gpu-thermal,57.625
1780555095.4817982,,,soc0-thermal,55.656
1780555095.4817982,,,soc1-thermal,55.0
1780555095.4817982,,,soc2-thermal,55.531
1780555095.4817982,,,tj-thermal,57.75
1780555095.5875788,VDD_IN,7124.16,,
1780555095.5875788,VDD_CPU_GPU_CV,2514.944,,
1780555095.5875788,VDD_SOC,1731.84,,
1780555095.5875788,,,cpu-thermal,57.375
1780555095.5875788,,,gpu-thermal,58.0
1780555095.5875788,,,soc0-thermal,55.687
1780555095.5875788,,,soc1-thermal,54.937
1780555095.5875788,,,soc2-thermal,55.593
1780555095.5875788,,,tj-thermal,58.0
1780555095.693092,VDD_IN,7124.16,,
1780555095.693092,VDD_CPU_GPU_CV,2514.944,,
1780555095.693092,VDD_SOC,1731.84,,
1780555095.693092,,,cpu-thermal,57.468
1780555095.693092,,,gpu-thermal,57.812
1780555095.693092,,,soc0-thermal,55.593
1780555095.693092,,,soc1-thermal,55.0
1780555095.693092,,,soc2-thermal,55.625
1780555095.693092,,,tj-thermal,57.812
1780555095.7984934,VDD_IN,7096.32,,
1780555095.7984934,VDD_CPU_GPU_CV,2475.648,,
1780555095.7984934,VDD_SOC,1731.84,,
1780555095.7984934,,,cpu-thermal,57.218
1780555095.7984934,,,gpu-thermal,57.843
1780555095.7984934,,,soc0-thermal,55.656
1780555095.7984934,,,soc1-thermal,55.0
1780555095.7984934,,,soc2-thermal,55.593
1780555095.7984934,,,tj-thermal,57.843
1780555095.9042895,VDD_IN,7175.168,,
1780555095.9042895,VDD_CPU_GPU_CV,2514.944,,
1780555095.9042895,VDD_SOC,1731.84,,
1780555095.9042895,,,cpu-thermal,57.187
1780555095.9042895,,,gpu-thermal,57.812
1780555095.9042895,,,soc0-thermal,55.593
1780555095.9042895,,,soc1-thermal,55.062
1780555095.9042895,,,soc2-thermal,55.593
1780555095.9042895,,,tj-thermal,57.812
1780555096.0103116,VDD_IN,7214.592,,
1780555096.0103116,VDD_CPU_GPU_CV,2558.4,,
1780555096.0103116,VDD_SOC,1774.08,,
1780555096.0103116,,,cpu-thermal,57.281
1780555096.0103116,,,gpu-thermal,57.968
1780555096.0103116,,,soc0-thermal,55.812
1780555096.0103116,,,soc1-thermal,55.031
1780555096.0103116,,,soc2-thermal,55.593
1780555096.0103116,,,tj-thermal,57.718
1780555096.1157618,VDD_IN,7214.592,,
1780555096.1157618,VDD_CPU_GPU_CV,2519.04,,
1780555096.1157618,VDD_SOC,1774.08,,
1780555096.1157618,,,cpu-thermal,57.468
1780555096.1157618,,,gpu-thermal,57.812
1780555096.1157618,,,soc0-thermal,55.593
1780555096.1157618,,,soc1-thermal,55.0
1780555096.1157618,,,soc2-thermal,55.562
1780555096.1157618,,,tj-thermal,57.812
1780555096.2212772,VDD_IN,7175.168,,
1780555096.2212772,VDD_CPU_GPU_CV,2519.04,,
1780555096.2212772,VDD_SOC,1734.656,,
1780555096.2212772,,,cpu-thermal,57.25
1780555096.2212772,,,gpu-thermal,57.718
1780555096.2212772,,,soc0-thermal,55.718
1780555096.2212772,,,soc1-thermal,55.093
1780555096.2212772,,,soc2-thermal,55.625
1780555096.2212772,,,tj-thermal,57.718
1780555096.3273375,VDD_IN,7175.168,,
1780555096.3273375,VDD_CPU_GPU_CV,2514.944,,
1780555096.3273375,VDD_SOC,1734.656,,
1780555096.3273375,,,cpu-thermal,57.281
1780555096.3273375,,,gpu-thermal,57.781
1780555096.3273375,,,soc0-thermal,55.781
1780555096.3273375,,,soc1-thermal,55.187
1780555096.3273375,,,soc2-thermal,55.531
1780555096.3273375,,,tj-thermal,57.781
1780555096.4333124,VDD_IN,7135.744,,
1780555096.4333124,VDD_CPU_GPU_CV,2479.68,,
1780555096.4333124,VDD_SOC,1734.656,,
1780555096.4333124,,,cpu-thermal,57.406
1780555096.4333124,,,gpu-thermal,58.156
1780555096.4333124,,,soc0-thermal,55.687
1780555096.4333124,,,soc1-thermal,55.062
1780555096.4333124,,,soc2-thermal,55.625
1780555096.4333124,,,tj-thermal,58.156
1780555096.5397143,VDD_IN,7096.32,,
1780555096.5397143,VDD_CPU_GPU_CV,2479.68,,
1780555096.5397143,VDD_SOC,1734.656,,
1780555096.5397143,,,cpu-thermal,57.218
1780555096.5397143,,,gpu-thermal,57.968
1780555096.5397143,,,soc0-thermal,55.75
1780555096.5397143,,,soc1-thermal,55.156
1780555096.5397143,,,soc2-thermal,55.593
1780555096.5397143,,,tj-thermal,57.968
1780555096.6455808,VDD_IN,7096.32,,
1780555096.6455808,VDD_CPU_GPU_CV,2479.68,,
1780555096.6455808,VDD_SOC,1734.656,,
1780555096.6455808,,,cpu-thermal,57.281
1780555096.6455808,,,gpu-thermal,57.906
1780555096.6455808,,,soc0-thermal,55.781
1780555096.6455808,,,soc1-thermal,55.218
1780555096.6455808,,,soc2-thermal,55.593
1780555096.6455808,,,tj-thermal,57.906
1780555096.7515888,VDD_IN,7096.32,,
1780555096.7515888,VDD_CPU_GPU_CV,2479.68,,
1780555096.7515888,VDD_SOC,1734.656,,
1780555096.7515888,,,cpu-thermal,57.312
1780555096.7515888,,,gpu-thermal,57.75
1780555096.7515888,,,soc0-thermal,55.781
1780555096.7515888,,,soc1-thermal,55.031
1780555096.7515888,,,soc2-thermal,55.656
1780555096.7515888,,,tj-thermal,57.75
1780555096.8572533,VDD_IN,7175.168,,
1780555096.8572533,VDD_CPU_GPU_CV,2519.04,,
1780555096.8572533,VDD_SOC,1734.656,,
1780555096.8572533,,,cpu-thermal,57.312
1780555096.8572533,,,gpu-thermal,58.031
1780555096.8572533,,,soc0-thermal,55.656
1780555096.8572533,,,soc1-thermal,55.125
1780555096.8572533,,,soc2-thermal,55.562
1780555096.8572533,,,tj-thermal,57.906
1780555096.9631162,VDD_IN,7214.592,,
1780555096.9631162,VDD_CPU_GPU_CV,2558.4,,
1780555096.9631162,VDD_SOC,1774.08,,
1780555096.9631162,,,cpu-thermal,57.25
1780555096.9631162,,,gpu-thermal,58.0
1780555096.9631162,,,soc0-thermal,55.75
1780555096.9631162,,,soc1-thermal,55.156
1780555096.9631162,,,soc2-thermal,55.593
1780555096.9631162,,,tj-thermal,57.718
1780555097.0691214,VDD_IN,7214.592,,
1780555097.0691214,VDD_CPU_GPU_CV,2558.4,,
1780555097.0691214,VDD_SOC,1774.08,,
1780555097.0691214,,,cpu-thermal,57.593
1780555097.0691214,,,gpu-thermal,57.843
1780555097.0691214,,,soc0-thermal,55.843
1780555097.0691214,,,soc1-thermal,55.312
1780555097.0691214,,,soc2-thermal,55.625
1780555097.0691214,,,tj-thermal,58.031
1780555097.1757271,VDD_IN,7214.592,,
1780555097.1757271,VDD_CPU_GPU_CV,2519.04,,
1780555097.1757271,VDD_SOC,1734.656,,
1780555097.1757271,,,cpu-thermal,57.656
1780555097.1757271,,,gpu-thermal,57.812
1780555097.1757271,,,soc0-thermal,55.718
1780555097.1757271,,,soc1-thermal,55.062
1780555097.1757271,,,soc2-thermal,55.625
1780555097.1757271,,,tj-thermal,57.812
1780555097.2816005,VDD_IN,7175.168,,
1780555097.2816005,VDD_CPU_GPU_CV,2514.944,,
1780555097.2816005,VDD_SOC,1731.84,,
1780555097.2816005,,,cpu-thermal,57.25
1780555097.2816005,,,gpu-thermal,58.187
1780555097.2816005,,,soc0-thermal,55.781
1780555097.2816005,,,soc1-thermal,55.187
1780555097.2816005,,,soc2-thermal,55.593
1780555097.2816005,,,tj-thermal,58.187
1780555097.3871384,VDD_IN,7135.744,,
1780555097.3871384,VDD_CPU_GPU_CV,2514.944,,
1780555097.3871384,VDD_SOC,1731.84,,
1780555097.3871384,,,cpu-thermal,57.437
1780555097.3871384,,,gpu-thermal,58.062
1780555097.3871384,,,soc0-thermal,55.843
1780555097.3871384,,,soc1-thermal,55.25
1780555097.3871384,,,soc2-thermal,55.625
1780555097.3871384,,,tj-thermal,58.062
1780555097.4934776,VDD_IN,7135.744,,
1780555097.4934776,VDD_CPU_GPU_CV,2475.648,,
1780555097.4934776,VDD_SOC,1731.84,,
1780555097.4934776,,,cpu-thermal,57.5
1780555097.4934776,,,gpu-thermal,58.0
1780555097.4934776,,,soc0-thermal,55.937
1780555097.4934776,,,soc1-thermal,55.062
1780555097.4934776,,,soc2-thermal,55.593
1780555097.4934776,,,tj-thermal,58.0
1780555097.5995936,VDD_IN,7096.32,,
1780555097.5995936,VDD_CPU_GPU_CV,2475.648,,
1780555097.5995936,VDD_SOC,1731.84,,
1780555097.5995936,,,cpu-thermal,57.562
1780555097.5995936,,,gpu-thermal,57.937
1780555097.5995936,,,soc0-thermal,55.75
1780555097.5995936,,,soc1-thermal,55.156
1780555097.5995936,,,soc2-thermal,55.593
1780555097.5995936,,,tj-thermal,57.937
1780555097.7057467,VDD_IN,7096.32,,
1780555097.7057467,VDD_CPU_GPU_CV,2475.648,,
1780555097.7057467,VDD_SOC,1731.84,,
1780555097.7057467,,,cpu-thermal,57.406
1780555097.7057467,,,gpu-thermal,57.812
1780555097.7057467,,,soc0-thermal,55.843
1780555097.7057467,,,soc1-thermal,55.312
1780555097.7057467,,,soc2-thermal,55.625
1780555097.7057467,,,tj-thermal,57.812
1780555097.8114302,VDD_IN,7135.744,,
1780555097.8114302,VDD_CPU_GPU_CV,2514.944,,
1780555097.8114302,VDD_SOC,1731.84,,
1780555097.8114302,,,cpu-thermal,57.5
1780555097.8114302,,,gpu-thermal,58.0
1780555097.8114302,,,soc0-thermal,55.875
1780555097.8114302,,,soc1-thermal,55.093
1780555097.8114302,,,soc2-thermal,55.718
1780555097.8114302,,,tj-thermal,57.875
1780555097.9169974,VDD_IN,7214.592,,
1780555097.9169974,VDD_CPU_GPU_CV,2519.04,,
1780555097.9169974,VDD_SOC,1734.656,,
1780555097.9169974,,,cpu-thermal,57.5
1780555097.9169974,,,gpu-thermal,57.906
1780555097.9169974,,,soc0-thermal,55.75
1780555097.9169974,,,soc1-thermal,55.125
1780555097.9169974,,,soc2-thermal,55.656
1780555097.9169974,,,tj-thermal,58.156
1780555098.0228524,VDD_IN,7254.016,,
1780555098.0228524,VDD_CPU_GPU_CV,2558.4,,
1780555098.0228524,VDD_SOC,1774.08,,
1780555098.0228524,,,cpu-thermal,57.312
1780555098.0228524,,,gpu-thermal,57.875
1780555098.0228524,,,soc0-thermal,55.875
1780555098.0228524,,,soc1-thermal,55.281
1780555098.0228524,,,soc2-thermal,55.593
1780555098.0228524,,,tj-thermal,57.875
1780555098.1287255,VDD_IN,7214.592,,
1780555098.1287255,VDD_CPU_GPU_CV,2519.04,,
1780555098.1287255,VDD_SOC,1734.656,,
1780555098.1287255,,,cpu-thermal,57.406
1780555098.1287255,,,gpu-thermal,57.843
1780555098.1287255,,,soc0-thermal,55.875
1780555098.1287255,,,soc1-thermal,55.375
1780555098.1287255,,,soc2-thermal,55.718
1780555098.1287255,,,tj-thermal,57.843
1780555098.2343776,VDD_IN,7175.168,,
1780555098.2343776,VDD_CPU_GPU_CV,2519.04,,
1780555098.2343776,VDD_SOC,1734.656,,
1780555098.2343776,,,cpu-thermal,57.468
1780555098.2343776,,,gpu-thermal,58.156
1780555098.2343776,,,soc0-thermal,55.968
1780555098.2343776,,,soc1-thermal,55.125
1780555098.2343776,,,soc2-thermal,55.812
1780555098.2343776,,,tj-thermal,58.156
1780555098.339975,VDD_IN,7175.168,,
1780555098.339975,VDD_CPU_GPU_CV,2519.04,,
1780555098.339975,VDD_SOC,1731.84,,
1780555098.339975,,,cpu-thermal,57.281
1780555098.339975,,,gpu-thermal,58.031
1780555098.339975,,,soc0-thermal,55.843
1780555098.339975,,,soc1-thermal,55.187
1780555098.339975,,,soc2-thermal,55.75
1780555098.339975,,,tj-thermal,58.031
1780555098.4457693,VDD_IN,7175.168,,
1780555098.4457693,VDD_CPU_GPU_CV,2519.04,,
1780555098.4457693,VDD_SOC,1731.84,,
1780555098.4457693,,,cpu-thermal,57.375
1780555098.4457693,,,gpu-thermal,58.281
1780555098.4457693,,,soc0-thermal,55.812
1780555098.4457693,,,soc1-thermal,55.218
1780555098.4457693,,,soc2-thermal,55.75
1780555098.4457693,,,tj-thermal,57.875
1780555098.5516062,VDD_IN,7135.744,,
1780555098.5516062,VDD_CPU_GPU_CV,2479.68,,
1780555098.5516062,VDD_SOC,1731.84,,
1780555098.5516062,,,cpu-thermal,57.406
1780555098.5516062,,,gpu-thermal,58.187
1780555098.5516062,,,soc0-thermal,55.843
1780555098.5516062,,,soc1-thermal,55.093
1780555098.5516062,,,soc2-thermal,55.843
1780555098.5516062,,,tj-thermal,58.187
1780555098.6572528,VDD_IN,7135.744,,
1780555098.6572528,VDD_CPU_GPU_CV,2475.648,,
1780555098.6572528,VDD_SOC,1731.84,,
1780555098.6572528,,,cpu-thermal,57.781
1780555098.6572528,,,gpu-thermal,58.0
1780555098.6572528,,,soc0-thermal,55.843
1780555098.6572528,,,soc1-thermal,55.156
1780555098.6572528,,,soc2-thermal,55.781
1780555098.6572528,,,tj-thermal,58.0
1780555098.7633646,VDD_IN,7096.32,,
1780555098.7633646,VDD_CPU_GPU_CV,2475.648,,
1780555098.7633646,VDD_SOC,1731.84,,
1780555098.7633646,,,cpu-thermal,57.343
1780555098.7633646,,,gpu-thermal,58.0
1780555098.7633646,,,soc0-thermal,55.937
1780555098.7633646,,,soc1-thermal,55.375
1780555098.7633646,,,soc2-thermal,55.75
1780555098.7633646,,,tj-thermal,58.0
1780555098.8689733,VDD_IN,7175.168,,
1780555098.8689733,VDD_CPU_GPU_CV,2519.04,,
1780555098.8689733,VDD_SOC,1734.656,,
1780555098.8689733,,,cpu-thermal,57.437
1780555098.8689733,,,gpu-thermal,57.937
1780555098.8689733,,,soc0-thermal,55.875
1780555098.8689733,,,soc1-thermal,55.375
1780555098.8689733,,,soc2-thermal,55.843
1780555098.8689733,,,tj-thermal,57.937
1780555098.9744222,VDD_IN,7254.016,,
1780555098.9744222,VDD_CPU_GPU_CV,2558.4,,
1780555098.9744222,VDD_SOC,1774.08,,
1780555098.9744222,,,cpu-thermal,57.656
1780555098.9744222,,,gpu-thermal,58.187
1780555098.9744222,,,soc0-thermal,56.031
1780555098.9744222,,,soc1-thermal,55.218
1780555098.9744222,,,soc2-thermal,55.875
1780555098.9744222,,,tj-thermal,58.0
1780555099.0797746,VDD_IN,7214.592,,
1780555099.0797746,VDD_CPU_GPU_CV,2558.4,,
1780555099.0797746,VDD_SOC,1774.08,,
1780555099.0797746,,,cpu-thermal,57.781
1780555099.0797746,,,gpu-thermal,58.093
1780555099.0797746,,,soc0-thermal,55.843
1780555099.0797746,,,soc1-thermal,55.187
1780555099.0797746,,,soc2-thermal,55.656
1780555099.0797746,,,tj-thermal,58.218
1780555099.1859527,VDD_IN,7175.168,,
1780555099.1859527,VDD_CPU_GPU_CV,2519.04,,
1780555099.1859527,VDD_SOC,1774.08,,
1780555099.1859527,,,cpu-thermal,57.437
1780555099.1859527,,,gpu-thermal,58.031
1780555099.1859527,,,soc0-thermal,55.875
1780555099.1859527,,,soc1-thermal,55.312
1780555099.1859527,,,soc2-thermal,55.75
1780555099.1859527,,,tj-thermal,58.218
1780555099.292095,VDD_IN,7175.168,,
1780555099.292095,VDD_CPU_GPU_CV,2519.04,,
1780555099.292095,VDD_SOC,1734.656,,
1780555099.292095,,,cpu-thermal,57.531
1780555099.292095,,,gpu-thermal,57.968
1780555099.292095,,,soc0-thermal,55.875
1780555099.292095,,,soc1-thermal,55.468
1780555099.292095,,,soc2-thermal,55.843
1780555099.292095,,,tj-thermal,57.968
1780555099.3977573,VDD_IN,7135.744,,
1780555099.3977573,VDD_CPU_GPU_CV,2479.68,,
1780555099.3977573,VDD_SOC,1734.656,,
1780555099.3977573,,,cpu-thermal,57.75
1780555099.3977573,,,gpu-thermal,58.187
1780555099.3977573,,,soc0-thermal,56.062
1780555099.3977573,,,soc1-thermal,55.25
1780555099.3977573,,,soc2-thermal,55.781
1780555099.3977573,,,tj-thermal,58.187
1780555099.5033026,VDD_IN,7135.744,,
1780555099.5033026,VDD_CPU_GPU_CV,2479.68,,
1780555099.5033026,VDD_SOC,1734.656,,
1780555099.5033026,,,cpu-thermal,57.75
1780555099.5033026,,,gpu-thermal,58.093
1780555099.5033026,,,soc0-thermal,55.843
1780555099.5033026,,,soc1-thermal,55.25
1780555099.5033026,,,soc2-thermal,55.843
1780555099.5033026,,,tj-thermal,58.093
1780555099.609112,VDD_IN,7135.744,,
1780555099.609112,VDD_CPU_GPU_CV,2479.68,,
1780555099.609112,VDD_SOC,1734.656,,
1780555099.609112,,,cpu-thermal,57.531
1780555099.609112,,,gpu-thermal,58.156
1780555099.609112,,,soc0-thermal,55.968
1780555099.609112,,,soc1-thermal,55.437
1780555099.609112,,,soc2-thermal,55.781
1780555099.609112,,,tj-thermal,58.156
1780555099.7149427,VDD_IN,7096.32,,
1780555099.7149427,VDD_CPU_GPU_CV,2479.68,,
1780555099.7149427,VDD_SOC,1734.656,,
1780555099.7149427,,,cpu-thermal,57.593
1780555099.7149427,,,gpu-thermal,58.218
1780555099.7149427,,,soc0-thermal,56.062
1780555099.7149427,,,soc1-thermal,55.218
1780555099.7149427,,,soc2-thermal,55.906
1780555099.7149427,,,tj-thermal,58.093
1780555099.8205328,VDD_IN,7135.744,,
1780555099.8205328,VDD_CPU_GPU_CV,2519.04,,
1780555099.8205328,VDD_SOC,1734.656,,
1780555099.8205328,,,cpu-thermal,57.656
1780555099.8205328,,,gpu-thermal,58.156
1780555099.8205328,,,soc0-thermal,55.875
1780555099.8205328,,,soc1-thermal,55.343
1780555099.8205328,,,soc2-thermal,55.75
1780555099.8205328,,,tj-thermal,57.968
1780555099.9267797,VDD_IN,7175.168,,
1780555099.9267797,VDD_CPU_GPU_CV,2558.4,,
1780555099.9267797,VDD_SOC,1774.08,,
1780555099.9267797,,,cpu-thermal,57.531
1780555099.9267797,,,gpu-thermal,58.156
1780555099.9267797,,,soc0-thermal,56.031
1780555099.9267797,,,soc1-thermal,55.437
1780555099.9267797,,,soc2-thermal,55.781
1780555099.9267797,,,tj-thermal,58.406
1780555100.032798,VDD_IN,7214.592,,
1780555100.032798,VDD_CPU_GPU_CV,2558.4,,
1780555100.032798,VDD_SOC,1774.08,,
1780555100.032798,,,cpu-thermal,57.531
1780555100.032798,,,gpu-thermal,58.125
1780555100.032798,,,soc0-thermal,56.031
1780555100.032798,,,soc1-thermal,55.5
1780555100.032798,,,soc2-thermal,55.968
1780555100.032798,,,tj-thermal,58.125
1780555100.1383724,VDD_IN,7175.168,,
1780555100.1383724,VDD_CPU_GPU_CV,2519.04,,
1780555100.1383724,VDD_SOC,1734.656,,
1780555100.1383724,,,cpu-thermal,57.5
1780555100.1383724,,,gpu-thermal,57.968
1780555100.1383724,,,soc0-thermal,56.0
1780555100.1383724,,,soc1-thermal,55.281
1780555100.1383724,,,soc2-thermal,55.906
1780555100.1383724,,,tj-thermal,57.968
1780555100.2446563,VDD_IN,7175.168,,
1780555100.2446563,VDD_CPU_GPU_CV,2519.04,,
1780555100.2446563,VDD_SOC,1734.656,,
1780555100.2446563,,,cpu-thermal,57.625
1780555100.2446563,,,gpu-thermal,58.343
1780555100.2446563,,,soc0-thermal,55.968
1780555100.2446563,,,soc1-thermal,55.343
1780555100.2446563,,,soc2-thermal,55.875
1780555100.2446563,,,tj-thermal,58.343
1780555100.350854,VDD_IN,7135.744,,
1780555100.350854,VDD_CPU_GPU_CV,2514.944,,
1780555100.350854,VDD_SOC,1731.84,,
1780555100.350854,,,cpu-thermal,57.468
1780555100.350854,,,gpu-thermal,58.187
1780555100.350854,,,soc0-thermal,56.0
1780555100.350854,,,soc1-thermal,55.5
1780555100.350854,,,soc2-thermal,55.968
1780555100.350854,,,tj-thermal,58.187
1780555100.456998,VDD_IN,7135.744,,
1780555100.456998,VDD_CPU_GPU_CV,2514.944,,
1780555100.456998,VDD_SOC,1731.84,,
1780555100.456998,,,cpu-thermal,57.812
1780555100.456998,,,gpu-thermal,58.25
1780555100.456998,,,soc0-thermal,56.062
1780555100.456998,,,soc1-thermal,55.343
1780555100.456998,,,soc2-thermal,55.937
1780555100.456998,,,tj-thermal,58.25
1780555100.5629284,VDD_IN,7135.744,,
1780555100.5629284,VDD_CPU_GPU_CV,2514.944,,
1780555100.5629284,VDD_SOC,1734.656,,
1780555100.5629284,,,cpu-thermal,57.968
1780555100.5629284,,,gpu-thermal,58.156
1780555100.5629284,,,soc0-thermal,56.0
1780555100.5629284,,,soc1-thermal,55.437
1780555100.5629284,,,soc2-thermal,55.843
1780555100.5629284,,,tj-thermal,58.156
1780555100.669496,VDD_IN,7096.32,,
1780555100.669496,VDD_CPU_GPU_CV,2475.648,,
1780555100.669496,VDD_SOC,1731.84,,
1780555100.669496,,,cpu-thermal,57.75
1780555100.669496,,,gpu-thermal,58.0
1780555100.669496,,,soc0-thermal,56.031
1780555100.669496,,,soc1-thermal,55.5
1780555100.669496,,,soc2-thermal,55.875
1780555100.669496,,,tj-thermal,58.0
1780555100.7754412,VDD_IN,7096.32,,
1780555100.7754412,VDD_CPU_GPU_CV,2475.648,,
1780555100.7754412,VDD_SOC,1731.84,,
1780555100.7754412,,,cpu-thermal,57.718
1780555100.7754412,,,gpu-thermal,58.25
1780555100.7754412,,,soc0-thermal,56.125
1780555100.7754412,,,soc1-thermal,55.281
1780555100.7754412,,,soc2-thermal,56.0
1780555100.7754412,,,tj-thermal,58.437
1780555100.8816998,VDD_IN,7175.168,,
1780555100.8816998,VDD_CPU_GPU_CV,2519.04,,
1780555100.8816998,VDD_SOC,1734.656,,
1780555100.8816998,,,cpu-thermal,57.75
1780555100.8816998,,,gpu-thermal,58.187
1780555100.8816998,,,soc0-thermal,55.937
1780555100.8816998,,,soc1-thermal,55.312
1780555100.8816998,,,soc2-thermal,55.906
1780555100.8816998,,,tj-thermal,58.343
1780555100.987666,VDD_IN,7254.016,,
1780555100.987666,VDD_CPU_GPU_CV,2558.4,,
1780555100.987666,VDD_SOC,1774.08,,
1780555100.987666,,,cpu-thermal,57.562
1780555100.987666,,,gpu-thermal,58.187
1780555100.987666,,,soc0-thermal,56.031
1780555100.987666,,,soc1-thermal,55.406
1780555100.987666,,,soc2-thermal,55.906
1780555100.987666,,,tj-thermal,58.312
1780555101.0932767,VDD_IN,7214.592,,
1780555101.0932767,VDD_CPU_GPU_CV,2558.4,,
1780555101.0932767,VDD_SOC,1734.656,,
1780555101.0932767,,,cpu-thermal,57.625
1780555101.0932767,,,gpu-thermal,58.5
1780555101.0932767,,,soc0-thermal,56.093
1780555101.0932767,,,soc1-thermal,55.5
1780555101.0932767,,,soc2-thermal,55.968
1780555101.0932767,,,tj-thermal,58.5
1780555101.1991413,VDD_IN,7214.592,,
1780555101.1991413,VDD_CPU_GPU_CV,2519.04,,
1780555101.1991413,VDD_SOC,1731.84,,
1780555101.1991413,,,cpu-thermal,57.687
1780555101.1991413,,,gpu-thermal,58.312
1780555101.1991413,,,soc0-thermal,56.125
1780555101.1991413,,,soc1-thermal,55.312
1780555101.1991413,,,soc2-thermal,56.062
1780555101.1991413,,,tj-thermal,58.312
1780555101.3048184,VDD_IN,7175.168,,
1780555101.3048184,VDD_CPU_GPU_CV,2514.944,,
1780555101.3048184,VDD_SOC,1731.84,,
1780555101.3048184,,,cpu-thermal,57.593
1780555101.3048184,,,gpu-thermal,58.218
1780555101.3048184,,,soc0-thermal,56.062
1780555101.3048184,,,soc1-thermal,55.5
1780555101.3048184,,,soc2-thermal,56.0
1780555101.3048184,,,tj-thermal,58.218
1780555101.410792,VDD_IN,7175.168,,
1780555101.410792,VDD_CPU_GPU_CV,2514.944,,
1780555101.410792,VDD_SOC,1731.84,,
1780555101.410792,,,cpu-thermal,57.718
1780555101.410792,,,gpu-thermal,58.093
1780555101.410792,,,soc0-thermal,56.031
1780555101.410792,,,soc1-thermal,55.531
1780555101.410792,,,soc2-thermal,55.968
1780555101.410792,,,tj-thermal,58.093
1780555101.516342,VDD_IN,7135.744,,
1780555101.516342,VDD_CPU_GPU_CV,2475.648,,
1780555101.516342,VDD_SOC,1731.84,,
1780555101.516342,,,cpu-thermal,57.593
1780555101.516342,,,gpu-thermal,58.343
1780555101.516342,,,soc0-thermal,56.187
1780555101.516342,,,soc1-thermal,55.593
1780555101.516342,,,soc2-thermal,56.062
1780555101.516342,,,tj-thermal,58.125
1780555101.621882,VDD_IN,7135.744,,
1780555101.621882,VDD_CPU_GPU_CV,2475.648,,
1780555101.621882,VDD_SOC,1731.84,,
1780555101.621882,,,cpu-thermal,57.656
1780555101.621882,,,gpu-thermal,58.156
1780555101.621882,,,soc0-thermal,56.062
1780555101.621882,,,soc1-thermal,55.437
1780555101.621882,,,soc2-thermal,55.906
1780555101.621882,,,tj-thermal,58.093
1780555101.7278464,VDD_IN,7135.744,,
1780555101.7278464,VDD_CPU_GPU_CV,2475.648,,
1780555101.7278464,VDD_SOC,1731.84,,
1780555101.7278464,,,cpu-thermal,57.593
1780555101.7278464,,,gpu-thermal,58.281
1780555101.7278464,,,soc0-thermal,56.062
1780555101.7278464,,,soc1-thermal,55.468
1780555101.7278464,,,soc2-thermal,56.062
1780555101.7278464,,,tj-thermal,58.281
1780555101.8333914,VDD_IN,7175.168,,
1780555101.8333914,VDD_CPU_GPU_CV,2519.04,,
1780555101.8333914,VDD_SOC,1734.656,,
1780555101.8333914,,,cpu-thermal,57.656
1780555101.8333914,,,gpu-thermal,58.187
1780555101.8333914,,,soc0-thermal,56.062
1780555101.8333914,,,soc1-thermal,55.593
1780555101.8333914,,,soc2-thermal,56.031
1780555101.8333914,,,tj-thermal,58.187
1780555101.9394212,VDD_IN,7214.592,,
1780555101.9394212,VDD_CPU_GPU_CV,2519.04,,
1780555101.9394212,VDD_SOC,1774.08,,
1780555101.9394212,,,cpu-thermal,57.906
1780555101.9394212,,,gpu-thermal,58.593
1780555101.9394212,,,soc0-thermal,56.187
1780555101.9394212,,,soc1-thermal,55.437
1780555101.9394212,,,soc2-thermal,56.0
1780555101.9394212,,,tj-thermal,58.593
1780555102.0455303,VDD_IN,7254.016,,
1780555102.0455303,VDD_CPU_GPU_CV,2558.4,,
1780555102.0455303,VDD_SOC,1774.08,,
1780555102.0455303,,,cpu-thermal,57.625
1780555102.0455303,,,gpu-thermal,58.5
1780555102.0455303,,,soc0-thermal,56.062
1780555102.0455303,,,soc1-thermal,55.468
1780555102.0455303,,,soc2-thermal,56.062
1780555102.0455303,,,tj-thermal,58.5
1780555102.1513848,VDD_IN,7214.592,,
1780555102.1513848,VDD_CPU_GPU_CV,2519.04,,
1780555102.1513848,VDD_SOC,1734.656,,
1780555102.1513848,,,cpu-thermal,57.656
1780555102.1513848,,,gpu-thermal,58.281
1780555102.1513848,,,soc0-thermal,56.156
1780555102.1513848,,,soc1-thermal,55.468
1780555102.1513848,,,soc2-thermal,56.062
1780555102.1513848,,,tj-thermal,58.281
1780555102.2573617,VDD_IN,7214.592,,
1780555102.2573617,VDD_CPU_GPU_CV,2519.04,,
1780555102.2573617,VDD_SOC,1734.656,,
1780555102.2573617,,,cpu-thermal,57.812
1780555102.2573617,,,gpu-thermal,58.562
1780555102.2573617,,,soc0-thermal,56.187
1780555102.2573617,,,soc1-thermal,55.468
1780555102.2573617,,,soc2-thermal,56.031
1780555102.2573617,,,tj-thermal,58.25
1780555102.3631463,VDD_IN,7175.168,,
1780555102.3631463,VDD_CPU_GPU_CV,2519.04,,
1780555102.3631463,VDD_SOC,1734.656,,
1780555102.3631463,,,cpu-thermal,57.968
1780555102.3631463,,,gpu-thermal,58.437
1780555102.3631463,,,soc0-thermal,56.031
1780555102.3631463,,,soc1-thermal,55.468
1780555102.3631463,,,soc2-thermal,56.187
1780555102.3631463,,,tj-thermal,58.187
1780555102.4690206,VDD_IN,7175.168,,
1780555102.4690206,VDD_CPU_GPU_CV,2519.04,,
1780555102.4690206,VDD_SOC,1734.656,,
1780555102.4690206,,,cpu-thermal,58.093
1780555102.4690206,,,gpu-thermal,58.281
1780555102.4690206,,,soc0-thermal,56.125
1780555102.4690206,,,soc1-thermal,55.468
1780555102.4690206,,,soc2-thermal,56.156
1780555102.4690206,,,tj-thermal,58.281
1780555102.5745962,VDD_IN,7135.744,,
1780555102.5745962,VDD_CPU_GPU_CV,2519.04,,
1780555102.5745962,VDD_SOC,1734.656,,
1780555102.5745962,,,cpu-thermal,57.875
1780555102.5745962,,,gpu-thermal,58.25
1780555102.5745962,,,soc0-thermal,56.125
1780555102.5745962,,,soc1-thermal,55.593
1780555102.5745962,,,soc2-thermal,56.125
1780555102.5745962,,,tj-thermal,58.25
1780555102.680236,VDD_IN,7135.744,,
1780555102.680236,VDD_CPU_GPU_CV,2519.04,,
1780555102.680236,VDD_SOC,1734.656,,
1780555102.680236,,,cpu-thermal,57.875
1780555102.680236,,,gpu-thermal,58.187
1780555102.680236,,,soc0-thermal,56.343
1780555102.680236,,,soc1-thermal,55.5
1780555102.680236,,,soc2-thermal,56.187
1780555102.680236,,,tj-thermal,58.187
1780555102.7865617,VDD_IN,7135.744,,
1780555102.7865617,VDD_CPU_GPU_CV,2519.04,,
1780555102.7865617,VDD_SOC,1734.656,,
1780555102.7865617,,,cpu-thermal,57.968
1780555102.7865617,,,gpu-thermal,58.187
1780555102.7865617,,,soc0-thermal,56.093
1780555102.7865617,,,soc1-thermal,55.531
1780555102.7865617,,,soc2-thermal,56.125
1780555102.7865617,,,tj-thermal,58.187
1780555102.8922074,VDD_IN,7214.592,,
1780555102.8922074,VDD_CPU_GPU_CV,2558.4,,
1780555102.8922074,VDD_SOC,1774.08,,
1780555102.8922074,,,cpu-thermal,57.718
1780555102.8922074,,,gpu-thermal,58.343
1780555102.8922074,,,soc0-thermal,56.156
1780555102.8922074,,,soc1-thermal,55.531
1780555102.8922074,,,soc2-thermal,56.062
1780555102.8922074,,,tj-thermal,58.531
1780555102.9976315,VDD_IN,7254.016,,
1780555102.9976315,VDD_CPU_GPU_CV,2558.4,,
1780555102.9976315,VDD_SOC,1774.08,,
1780555102.9976315,,,cpu-thermal,57.843
1780555102.9976315,,,gpu-thermal,58.281
1780555102.9976315,,,soc0-thermal,56.187
1780555102.9976315,,,soc1-thermal,55.75
1780555102.9976315,,,soc2-thermal,56.093
1780555102.9976315,,,tj-thermal,58.531
1780555103.1032317,VDD_IN,7254.016,,
1780555103.1032317,VDD_CPU_GPU_CV,2558.4,,
1780555103.1032317,VDD_SOC,1774.08,,
1780555103.1032317,,,cpu-thermal,57.781
1780555103.1032317,,,gpu-thermal,58.656
1780555103.1032317,,,soc0-thermal,56.25
1780555103.1032317,,,soc1-thermal,55.5
1780555103.1032317,,,soc2-thermal,56.156
1780555103.1032317,,,tj-thermal,58.656
1780555103.208934,VDD_IN,7254.016,,
1780555103.208934,VDD_CPU_GPU_CV,2558.4,,
1780555103.208934,VDD_SOC,1774.08,,
1780555103.208934,,,cpu-thermal,57.781
1780555103.208934,,,gpu-thermal,58.562
1780555103.208934,,,soc0-thermal,56.125
1780555103.208934,,,soc1-thermal,55.625
1780555103.208934,,,soc2-thermal,56.125
1780555103.208934,,,tj-thermal,58.562
1780555103.31494,VDD_IN,7214.592,,
1780555103.31494,VDD_CPU_GPU_CV,2519.04,,
1780555103.31494,VDD_SOC,1734.656,,
1780555103.31494,,,cpu-thermal,57.781
1780555103.31494,,,gpu-thermal,58.375
1780555103.31494,,,soc0-thermal,56.312
1780555103.31494,,,soc1-thermal,55.656
1780555103.31494,,,soc2-thermal,56.218
1780555103.31494,,,tj-thermal,58.375
1780555103.420704,VDD_IN,7175.168,,
1780555103.420704,VDD_CPU_GPU_CV,2519.04,,
1780555103.420704,VDD_SOC,1734.656,,
1780555103.420704,,,cpu-thermal,57.812
1780555103.420704,,,gpu-thermal,58.281
1780555103.420704,,,soc0-thermal,56.25
1780555103.420704,,,soc1-thermal,55.5
1780555103.420704,,,soc2-thermal,56.187
1780555103.420704,,,tj-thermal,58.281
1780555103.5266957,VDD_IN,7175.168,,
1780555103.5266957,VDD_CPU_GPU_CV,2519.04,,
1780555103.5266957,VDD_SOC,1734.656,,
1780555103.5266957,,,cpu-thermal,57.781
1780555103.5266957,,,gpu-thermal,58.281
1780555103.5266957,,,soc0-thermal,56.187
1780555103.5266957,,,soc1-thermal,55.593
1780555103.5266957,,,soc2-thermal,56.093
1780555103.5266957,,,tj-thermal,58.281
1780555103.632541,VDD_IN,7175.168,,
1780555103.632541,VDD_CPU_GPU_CV,2519.04,,
1780555103.632541,VDD_SOC,1734.656,,
1780555103.632541,,,cpu-thermal,57.812
1780555103.632541,,,gpu-thermal,58.437
1780555103.632541,,,soc0-thermal,56.218
1780555103.632541,,,soc1-thermal,55.625
1780555103.632541,,,soc2-thermal,56.187
1780555103.632541,,,tj-thermal,58.187
1780555103.7380183,VDD_IN,7135.744,,
1780555103.7380183,VDD_CPU_GPU_CV,2479.68,,
1780555103.7380183,VDD_SOC,1734.656,,
1780555103.7380183,,,cpu-thermal,57.781
1780555103.7380183,,,gpu-thermal,58.343
1780555103.7380183,,,soc0-thermal,56.281
1780555103.7380183,,,soc1-thermal,55.75
1780555103.7380183,,,soc2-thermal,56.125
1780555103.7380183,,,tj-thermal,58.343
1780555103.843433,VDD_IN,7175.168,,
1780555103.843433,VDD_CPU_GPU_CV,2519.04,,
1780555103.843433,VDD_SOC,1734.656,,
1780555103.843433,,,cpu-thermal,58.156
1780555103.843433,,,gpu-thermal,58.375
1780555103.843433,,,soc0-thermal,56.406
1780555103.843433,,,soc1-thermal,55.593
1780555103.843433,,,soc2-thermal,56.187
1780555103.843433,,,tj-thermal,58.375
1780555103.9492528,VDD_IN,7214.592,,
1780555103.9492528,VDD_CPU_GPU_CV,2558.4,,
1780555103.9492528,VDD_SOC,1774.08,,
1780555103.9492528,,,cpu-thermal,57.718
1780555103.9492528,,,gpu-thermal,58.281
1780555103.9492528,,,soc0-thermal,56.25
1780555103.9492528,,,soc1-thermal,55.625
1780555103.9492528,,,soc2-thermal,56.062
1780555103.9492528,,,tj-thermal,58.281
1780555104.0553453,VDD_IN,7254.016,,
1780555104.0553453,VDD_CPU_GPU_CV,2558.4,,
1780555104.0553453,VDD_SOC,1774.08,,
1780555104.0553453,,,cpu-thermal,57.843
1780555104.0553453,,,gpu-thermal,58.687
1780555104.0553453,,,soc0-thermal,56.218
1780555104.0553453,,,soc1-thermal,55.687
1780555104.0553453,,,soc2-thermal,56.156
1780555104.0553453,,,tj-thermal,58.687
1780555104.1610632,VDD_IN,7214.592,,
1780555104.1610632,VDD_CPU_GPU_CV,2558.4,,
1780555104.1610632,VDD_SOC,1774.08,,
1780555104.1610632,,,cpu-thermal,57.906
1780555104.1610632,,,gpu-thermal,58.375
1780555104.1610632,,,soc0-thermal,56.312
1780555104.1610632,,,soc1-thermal,55.593
1780555104.1610632,,,soc2-thermal,56.218
1780555104.1610632,,,tj-thermal,58.5
1780555104.2667959,VDD_IN,7214.592,,
1780555104.2667959,VDD_CPU_GPU_CV,2519.04,,
1780555104.2667959,VDD_SOC,1774.08,,
1780555104.2667959,,,cpu-thermal,58.031
1780555104.2667959,,,gpu-thermal,58.718
1780555104.2667959,,,soc0-thermal,56.187
1780555104.2667959,,,soc1-thermal,55.625
1780555104.2667959,,,soc2-thermal,56.281
1780555104.2667959,,,tj-thermal,58.468
1780555104.3723536,VDD_IN,7214.592,,
1780555104.3723536,VDD_CPU_GPU_CV,2519.04,,
1780555104.3723536,VDD_SOC,1734.656,,
1780555104.3723536,,,cpu-thermal,58.25
1780555104.3723536,,,gpu-thermal,58.593
1780555104.3723536,,,soc0-thermal,56.343
1780555104.3723536,,,soc1-thermal,55.656
1780555104.3723536,,,soc2-thermal,56.187
1780555104.3723536,,,tj-thermal,58.593
1780555104.4780018,VDD_IN,7175.168,,
1780555104.4780018,VDD_CPU_GPU_CV,2519.04,,
1780555104.4780018,VDD_SOC,1734.656,,
1780555104.4780018,,,cpu-thermal,57.875
1780555104.4780018,,,gpu-thermal,58.5
1780555104.4780018,,,soc0-thermal,56.343
1780555104.4780018,,,soc1-thermal,55.718
1780555104.4780018,,,soc2-thermal,56.25
1780555104.4780018,,,tj-thermal,58.5
1780555104.5835876,VDD_IN,7175.168,,
1780555104.5835876,VDD_CPU_GPU_CV,2519.04,,
1780555104.5835876,VDD_SOC,1734.656,,
1780555104.5835876,,,cpu-thermal,57.937
1780555104.5835876,,,gpu-thermal,58.406
1780555104.5835876,,,soc0-thermal,56.406
1780555104.5835876,,,soc1-thermal,55.812
1780555104.5835876,,,soc2-thermal,56.312
1780555104.5835876,,,tj-thermal,58.406
1780555104.6890717,VDD_IN,7135.744,,
1780555104.6890717,VDD_CPU_GPU_CV,2479.68,,
1780555104.6890717,VDD_SOC,1734.656,,
1780555104.6890717,,,cpu-thermal,58.125
1780555104.6890717,,,gpu-thermal,58.593
1780555104.6890717,,,soc0-thermal,56.25
1780555104.6890717,,,soc1-thermal,55.625
1780555104.6890717,,,soc2-thermal,56.281
1780555104.6890717,,,tj-thermal,58.375
1780555104.7946095,VDD_IN,7135.744,,
1780555104.7946095,VDD_CPU_GPU_CV,2519.04,,
1780555104.7946095,VDD_SOC,1734.656,,
1780555104.7946095,,,cpu-thermal,57.906
1780555104.7946095,,,gpu-thermal,58.437
1780555104.7946095,,,soc0-thermal,56.312
1780555104.7946095,,,soc1-thermal,55.781
1780555104.7946095,,,soc2-thermal,56.25
1780555104.7946095,,,tj-thermal,58.437
1780555104.9001563,VDD_IN,7175.168,,
1780555104.9001563,VDD_CPU_GPU_CV,2519.04,,
1780555104.9001563,VDD_SOC,1774.08,,
1780555104.9001563,,,cpu-thermal,57.812
1780555104.9001563,,,gpu-thermal,58.437
1780555104.9001563,,,soc0-thermal,56.406
1780555104.9001563,,,soc1-thermal,55.687
1780555104.9001563,,,soc2-thermal,56.218
1780555104.9001563,,,tj-thermal,58.437
1780555105.005475,VDD_IN,7254.016,,
1780555105.005475,VDD_CPU_GPU_CV,2558.4,,
1780555105.005475,VDD_SOC,1774.08,,
1780555105.005475,,,cpu-thermal,57.968
1780555105.005475,,,gpu-thermal,58.5
1780555105.005475,,,soc0-thermal,56.375
1780555105.005475,,,soc1-thermal,55.687
1780555105.005475,,,soc2-thermal,56.312
1780555105.005475,,,tj-thermal,58.5
1780555105.1108148,VDD_IN,7214.592,,
1780555105.1108148,VDD_CPU_GPU_CV,2558.4,,
1780555105.1108148,VDD_SOC,1774.08,,
1780555105.1108148,,,cpu-thermal,58.0
1780555105.1108148,,,gpu-thermal,58.468
1780555105.1108148,,,soc0-thermal,56.281
1780555105.1108148,,,soc1-thermal,55.75
1780555105.1108148,,,soc2-thermal,56.281
1780555105.1108148,,,tj-thermal,58.437
1780555105.2166836,VDD_IN,7175.168,,
1780555105.2166836,VDD_CPU_GPU_CV,2519.04,,
1780555105.2166836,VDD_SOC,1774.08,,
1780555105.2166836,,,cpu-thermal,57.937
1780555105.2166836,,,gpu-thermal,58.375
1780555105.2166836,,,soc0-thermal,56.343
1780555105.2166836,,,soc1-thermal,55.75
1780555105.2166836,,,soc2-thermal,56.25
1780555105.2166836,,,tj-thermal,58.687
1780555105.3225882,VDD_IN,7175.168,,
1780555105.3225882,VDD_CPU_GPU_CV,2519.04,,
1780555105.3225882,VDD_SOC,1734.656,,
1780555105.3225882,,,cpu-thermal,58.0
1780555105.3225882,,,gpu-thermal,58.343
1780555105.3225882,,,soc0-thermal,56.375
1780555105.3225882,,,soc1-thermal,55.843
1780555105.3225882,,,soc2-thermal,56.312
1780555105.3225882,,,tj-thermal,58.343
1780555105.428545,VDD_IN,7135.744,,
1780555105.428545,VDD_CPU_GPU_CV,2519.04,,
1780555105.428545,VDD_SOC,1734.656,,
1780555105.428545,,,cpu-thermal,57.843
1780555105.428545,,,gpu-thermal,58.406
1780555105.428545,,,soc0-thermal,56.437
1780555105.428545,,,soc1-thermal,55.687
1780555105.428545,,,soc2-thermal,56.281
1780555105.428545,,,tj-thermal,58.406
1780555105.534185,VDD_IN,7135.744,,
1780555105.534185,VDD_CPU_GPU_CV,2479.68,,
1780555105.534185,VDD_SOC,1734.656,,
1780555105.534185,,,cpu-thermal,57.937
1780555105.534185,,,gpu-thermal,58.718
1780555105.534185,,,soc0-thermal,56.375
1780555105.534185,,,soc1-thermal,55.781
1780555105.534185,,,soc2-thermal,56.218
1780555105.534185,,,tj-thermal,58.718
1780555105.639863,VDD_IN,7135.744,,
1780555105.639863,VDD_CPU_GPU_CV,2479.68,,
1780555105.639863,VDD_SOC,1734.656,,
1780555105.639863,,,cpu-thermal,57.875
1780555105.639863,,,gpu-thermal,58.562
1780555105.639863,,,soc0-thermal,56.375
1780555105.639863,,,soc1-thermal,55.937
1780555105.639863,,,soc2-thermal,56.25
1780555105.639863,,,tj-thermal,58.562
1780555105.7461956,VDD_IN,7135.744,,
1780555105.7461956,VDD_CPU_GPU_CV,2479.68,,
1780555105.7461956,VDD_SOC,1734.656,,
1780555105.7461956,,,cpu-thermal,58.187
1780555105.7461956,,,gpu-thermal,58.468
1780555105.7461956,,,soc0-thermal,56.5
1780555105.7461956,,,soc1-thermal,55.687
1780555105.7461956,,,soc2-thermal,56.312
1780555105.7461956,,,tj-thermal,58.468
1780555105.852384,VDD_IN,7175.168,,
1780555105.852384,VDD_CPU_GPU_CV,2519.04,,
1780555105.852384,VDD_SOC,1734.656,,
1780555105.852384,,,cpu-thermal,57.843
1780555105.852384,,,gpu-thermal,58.468
1780555105.852384,,,soc0-thermal,56.437
1780555105.852384,,,soc1-thermal,55.687
1780555105.852384,,,soc2-thermal,56.281
1780555105.852384,,,tj-thermal,58.468
1780555105.958196,VDD_IN,7214.592,,
1780555105.958196,VDD_CPU_GPU_CV,2558.4,,
1780555105.958196,VDD_SOC,1774.08,,
1780555105.958196,,,cpu-thermal,57.781
1780555105.958196,,,gpu-thermal,58.656
1780555105.958196,,,soc0-thermal,56.437
1780555105.958196,,,soc1-thermal,55.718
1780555105.958196,,,soc2-thermal,56.312
1780555105.958196,,,tj-thermal,58.5
1780555106.0638676,VDD_IN,7214.592,,
1780555106.0638676,VDD_CPU_GPU_CV,2558.4,,
1780555106.0638676,VDD_SOC,1774.08,,
1780555106.0638676,,,cpu-thermal,58.031
1780555106.0638676,,,gpu-thermal,58.562
1780555106.0638676,,,soc0-thermal,56.5
1780555106.0638676,,,soc1-thermal,55.875
1780555106.0638676,,,soc2-thermal,56.375
1780555106.0638676,,,tj-thermal,58.718
1780555106.1700244,VDD_IN,7175.168,,
1780555106.1700244,VDD_CPU_GPU_CV,2519.04,,
1780555106.1700244,VDD_SOC,1774.08,,
1780555106.1700244,,,cpu-thermal,58.187
1780555106.1700244,,,gpu-thermal,58.437
1780555106.1700244,,,soc0-thermal,56.593
1780555106.1700244,,,soc1-thermal,55.718
1780555106.1700244,,,soc2-thermal,56.468
1780555106.1700244,,,tj-thermal,58.562
1780555106.276133,VDD_IN,7175.168,,
1780555106.276133,VDD_CPU_GPU_CV,2519.04,,
1780555106.276133,VDD_SOC,1774.08,,
1780555106.276133,,,cpu-thermal,58.375
1780555106.276133,,,gpu-thermal,58.468
1780555106.276133,,,soc0-thermal,56.437
1780555106.276133,,,soc1-thermal,55.781
1780555106.276133,,,soc2-thermal,56.343
1780555106.276133,,,tj-thermal,58.468
1780555106.38191,VDD_IN,7135.744,,
1780555106.38191,VDD_CPU_GPU_CV,2519.04,,
1780555106.38191,VDD_SOC,1734.656,,
1780555106.38191,,,cpu-thermal,58.062
1780555106.38191,,,gpu-thermal,58.781
1780555106.38191,,,soc0-thermal,56.437
1780555106.38191,,,soc1-thermal,55.812
1780555106.38191,,,soc2-thermal,56.406
1780555106.38191,,,tj-thermal,58.781
1780555106.4882767,VDD_IN,7135.744,,
1780555106.4882767,VDD_CPU_GPU_CV,2519.04,,
1780555106.4882767,VDD_SOC,1734.656,,
1780555106.4882767,,,cpu-thermal,58.125
1780555106.4882767,,,gpu-thermal,58.625
1780555106.4882767,,,soc0-thermal,56.468
1780555106.4882767,,,soc1-thermal,55.718
1780555106.4882767,,,soc2-thermal,56.406
1780555106.4882767,,,tj-thermal,58.625
1780555106.5938466,VDD_IN,7135.744,,
1780555106.5938466,VDD_CPU_GPU_CV,2475.648,,
1780555106.5938466,VDD_SOC,1734.656,,
1780555106.5938466,,,cpu-thermal,58.156
1780555106.5938466,,,gpu-thermal,58.562
1780555106.5938466,,,soc0-thermal,56.406
1780555106.5938466,,,soc1-thermal,55.875
1780555106.5938466,,,soc2-thermal,56.312
1780555106.5938466,,,tj-thermal,58.562
1780555106.6997917,VDD_IN,7135.744,,
1780555106.6997917,VDD_CPU_GPU_CV,2475.648,,
1780555106.6997917,VDD_SOC,1734.656,,
1780555106.6997917,,,cpu-thermal,57.968
1780555106.6997917,,,gpu-thermal,58.5
1780555106.6997917,,,soc0-thermal,56.437
1780555106.6997917,,,soc1-thermal,55.781
1780555106.6997917,,,soc2-thermal,56.406
1780555106.6997917,,,tj-thermal,58.5
1780555106.8057065,VDD_IN,7135.744,,
1780555106.8057065,VDD_CPU_GPU_CV,2514.944,,
1780555106.8057065,VDD_SOC,1734.656,,
1780555106.8057065,,,cpu-thermal,58.062
1780555106.8057065,,,gpu-thermal,58.656
1780555106.8057065,,,soc0-thermal,56.5
1780555106.8057065,,,soc1-thermal,55.906
1780555106.8057065,,,soc2-thermal,56.343
1780555106.8057065,,,tj-thermal,58.5
1780555106.9113228,VDD_IN,7175.168,,
1780555106.9113228,VDD_CPU_GPU_CV,2558.4,,
1780555106.9113228,VDD_SOC,1774.08,,
1780555106.9113228,,,cpu-thermal,58.062
1780555106.9113228,,,gpu-thermal,58.656
1780555106.9113228,,,soc0-thermal,56.531
1780555106.9113228,,,soc1-thermal,55.812
1780555106.9113228,,,soc2-thermal,56.375
1780555106.9113228,,,tj-thermal,58.656
1780555107.0167663,VDD_IN,7254.016,,
1780555107.0167663,VDD_CPU_GPU_CV,2558.4,,
1780555107.0167663,VDD_SOC,1774.08,,
1780555107.0167663,,,cpu-thermal,58.0
1780555107.0167663,,,gpu-thermal,58.562
1780555107.0167663,,,soc0-thermal,56.406
1780555107.0167663,,,soc1-thermal,55.843
1780555107.0167663,,,soc2-thermal,56.281
1780555107.0167663,,,tj-thermal,58.562
1780555107.122371,VDD_IN,7214.592,,
1780555107.122371,VDD_CPU_GPU_CV,2558.4,,
1780555107.122371,VDD_SOC,1774.08,,
1780555107.122371,,,cpu-thermal,58.031
1780555107.122371,,,gpu-thermal,58.5
1780555107.122371,,,soc0-thermal,56.5
1780555107.122371,,,soc1-thermal,55.843
1780555107.122371,,,soc2-thermal,56.437
1780555107.122371,,,tj-thermal,58.5
1780555107.228187,VDD_IN,7175.168,,
1780555107.228187,VDD_CPU_GPU_CV,2558.4,,
1780555107.228187,VDD_SOC,1774.08,,
1780555107.228187,,,cpu-thermal,58.125
1780555107.228187,,,gpu-thermal,58.843
1780555107.228187,,,soc0-thermal,56.5
1780555107.228187,,,soc1-thermal,55.812
1780555107.228187,,,soc2-thermal,56.468
1780555107.228187,,,tj-thermal,58.843
1780555107.3340704,VDD_IN,7135.744,,
1780555107.3340704,VDD_CPU_GPU_CV,2519.04,,
1780555107.3340704,VDD_SOC,1774.08,,
1780555107.3340704,,,cpu-thermal,57.937
1780555107.3340704,,,gpu-thermal,58.625
1780555107.3340704,,,soc0-thermal,56.5
1780555107.3340704,,,soc1-thermal,55.843
1780555107.3340704,,,soc2-thermal,56.406
1780555107.3340704,,,tj-thermal,58.625
1780555107.439722,VDD_IN,7135.744,,
1780555107.439722,VDD_CPU_GPU_CV,2519.04,,
1780555107.439722,VDD_SOC,1734.656,,
1780555107.439722,,,cpu-thermal,57.968
1780555107.439722,,,gpu-thermal,58.5
1780555107.439722,,,soc0-thermal,56.468
1780555107.439722,,,soc1-thermal,55.875
1780555107.439722,,,soc2-thermal,56.468
1780555107.439722,,,tj-thermal,58.593
1780555107.5458617,VDD_IN,7135.744,,
1780555107.5458617,VDD_CPU_GPU_CV,2519.04,,
1780555107.5458617,VDD_SOC,1734.656,,
1780555107.5458617,,,cpu-thermal,58.031
1780555107.5458617,,,gpu-thermal,58.718
1780555107.5458617,,,soc0-thermal,56.531
1780555107.5458617,,,soc1-thermal,56.031
1780555107.5458617,,,soc2-thermal,56.468
1780555107.5458617,,,tj-thermal,58.718
1780555107.651391,VDD_IN,7135.744,,
1780555107.651391,VDD_CPU_GPU_CV,2519.04,,
1780555107.651391,VDD_SOC,1734.656,,
1780555107.651391,,,cpu-thermal,58.281
1780555107.651391,,,gpu-thermal,58.687
1780555107.651391,,,soc0-thermal,56.656
1780555107.651391,,,soc1-thermal,55.843
1780555107.651391,,,soc2-thermal,56.562
1780555107.651391,,,tj-thermal,58.687
1780555107.7569203,VDD_IN,7096.32,,
1780555107.7569203,VDD_CPU_GPU_CV,2519.04,,
1780555107.7569203,VDD_SOC,1734.656,,
1780555107.7569203,,,cpu-thermal,57.968
1780555107.7569203,,,gpu-thermal,58.687
1780555107.7569203,,,soc0-thermal,56.531
1780555107.7569203,,,soc1-thermal,55.812
1780555107.7569203,,,soc2-thermal,56.468
1780555107.7569203,,,tj-thermal,58.687
1780555107.8627927,VDD_IN,7175.168,,
1780555107.8627927,VDD_CPU_GPU_CV,2519.04,,
1780555107.8627927,VDD_SOC,1734.656,,
1780555107.8627927,,,cpu-thermal,57.968
1780555107.8627927,,,gpu-thermal,58.656
1780555107.8627927,,,soc0-thermal,56.562
1780555107.8627927,,,soc1-thermal,56.0
1780555107.8627927,,,soc2-thermal,56.468
1780555107.8627927,,,tj-thermal,58.656
1780555107.9687004,VDD_IN,7214.592,,
1780555107.9687004,VDD_CPU_GPU_CV,2558.4,,
1780555107.9687004,VDD_SOC,1774.08,,
1780555107.9687004,,,cpu-thermal,58.25
1780555107.9687004,,,gpu-thermal,58.781
1780555107.9687004,,,soc0-thermal,56.625
1780555107.9687004,,,soc1-thermal,55.812
1780555107.9687004,,,soc2-thermal,56.5
1780555107.9687004,,,tj-thermal,58.656
1780555108.0741096,VDD_IN,7214.592,,
1780555108.0741096,VDD_CPU_GPU_CV,2558.4,,
1780555108.0741096,VDD_SOC,1774.08,,
1780555108.0741096,,,cpu-thermal,58.343
1780555108.0741096,,,gpu-thermal,58.593
1780555108.0741096,,,soc0-thermal,56.656
1780555108.0741096,,,soc1-thermal,55.875
1780555108.0741096,,,soc2-thermal,56.468
1780555108.0741096,,,tj-thermal,58.968
1780555108.1805413,VDD_IN,7214.592,,
1780555108.1805413,VDD_CPU_GPU_CV,2558.4,,
1780555108.1805413,VDD_SOC,1774.08,,
1780555108.1805413,,,cpu-thermal,58.093
1780555108.1805413,,,gpu-thermal,58.625
1780555108.1805413,,,soc0-thermal,56.562
1780555108.1805413,,,soc1-thermal,55.906
1780555108.1805413,,,soc2-thermal,56.562
1780555108.1805413,,,tj-thermal,58.781
1780555108.2862778,VDD_IN,7175.168,,
1780555108.2862778,VDD_CPU_GPU_CV,2519.04,,
1780555108.2862778,VDD_SOC,1734.656,,
1780555108.2862778,,,cpu-thermal,58.25
1780555108.2862778,,,gpu-thermal,58.562
1780555108.2862778,,,soc0-thermal,56.531
1780555108.2862778,,,soc1-thermal,56.062
1780555108.2862778,,,soc2-thermal,56.5
1780555108.2862778,,,tj-thermal,58.562
1780555108.3920135,VDD_IN,7175.168,,
1780555108.3920135,VDD_CPU_GPU_CV,2519.04,,
1780555108.3920135,VDD_SOC,1734.656,,
1780555108.3920135,,,cpu-thermal,58.187
1780555108.3920135,,,gpu-thermal,59.031
1780555108.3920135,,,soc0-thermal,56.718
1780555108.3920135,,,soc1-thermal,55.812
1780555108.3920135,,,soc2-thermal,56.562
1780555108.3920135,,,tj-thermal,59.031
1780555108.498454,VDD_IN,7135.744,,
1780555108.498454,VDD_CPU_GPU_CV,2519.04,,
1780555108.498454,VDD_SOC,1734.656,,
1780555108.498454,,,cpu-thermal,58.125
1780555108.498454,,,gpu-thermal,58.812
1780555108.498454,,,soc0-thermal,56.625
1780555108.498454,,,soc1-thermal,55.937
1780555108.498454,,,soc2-thermal,56.468
1780555108.498454,,,tj-thermal,58.812
1780555108.6041481,VDD_IN,7135.744,,
1780555108.6041481,VDD_CPU_GPU_CV,2519.04,,
1780555108.6041481,VDD_SOC,1734.656,,
1780555108.6041481,,,cpu-thermal,58.218
1780555108.6041481,,,gpu-thermal,58.718
1780555108.6041481,,,soc0-thermal,56.625
1780555108.6041481,,,soc1-thermal,56.0
1780555108.6041481,,,soc2-thermal,56.5
1780555108.6041481,,,tj-thermal,58.718
1780555108.7098684,VDD_IN,7135.744,,
1780555108.7098684,VDD_CPU_GPU_CV,2514.944,,
1780555108.7098684,VDD_SOC,1731.84,,
1780555108.7098684,,,cpu-thermal,58.218
1780555108.7098684,,,gpu-thermal,58.593
1780555108.7098684,,,soc0-thermal,56.562
1780555108.7098684,,,soc1-thermal,56.125
1780555108.7098684,,,soc2-thermal,56.562
1780555108.7098684,,,tj-thermal,58.593
1780555108.815676,VDD_IN,7175.168,,
1780555108.815676,VDD_CPU_GPU_CV,2519.04,,
1780555108.815676,VDD_SOC,1734.656,,
1780555108.815676,,,cpu-thermal,58.125
1780555108.815676,,,gpu-thermal,58.812
1780555108.815676,,,soc0-thermal,56.531
1780555108.815676,,,soc1-thermal,55.968
1780555108.815676,,,soc2-thermal,56.562
1780555108.815676,,,tj-thermal,58.625
1780555108.9217787,VDD_IN,7214.592,,
1780555108.9217787,VDD_CPU_GPU_CV,2558.4,,
1780555108.9217787,VDD_SOC,1774.08,,
1780555108.9217787,,,cpu-thermal,58.125
1780555108.9217787,,,gpu-thermal,58.812
1780555108.9217787,,,soc0-thermal,56.562
1780555108.9217787,,,soc1-thermal,56.0
1780555108.9217787,,,soc2-thermal,56.437
1780555108.9217787,,,tj-thermal,59.093
1780555109.0277157,VDD_IN,7254.016,,
1780555109.0277157,VDD_CPU_GPU_CV,2597.76,,
1780555109.0277157,VDD_SOC,1774.08,,
1780555109.0277157,,,cpu-thermal,58.156
1780555109.0277157,,,gpu-thermal,58.687
1780555109.0277157,,,soc0-thermal,56.625
1780555109.0277157,,,soc1-thermal,56.156
1780555109.0277157,,,soc2-thermal,56.593
1780555109.0277157,,,tj-thermal,58.906
1780555109.1338835,VDD_IN,7214.592,,
1780555109.1338835,VDD_CPU_GPU_CV,2558.4,,
1780555109.1338835,VDD_SOC,1774.08,,
1780555109.1338835,,,cpu-thermal,58.531
1780555109.1338835,,,gpu-thermal,58.593
1780555109.1338835,,,soc0-thermal,56.718
1780555109.1338835,,,soc1-thermal,55.937
1780555109.1338835,,,soc2-thermal,56.718
1780555109.1338835,,,tj-thermal,58.593
1780555109.239707,VDD_IN,7214.592,,
1780555109.239707,VDD_CPU_GPU_CV,2558.4,,
1780555109.239707,VDD_SOC,1734.656,,
1780555109.239707,,,cpu-thermal,58.062
1780555109.239707,,,gpu-thermal,59.0
1780555109.239707,,,soc0-thermal,56.562
1780555109.239707,,,soc1-thermal,56.0
1780555109.239707,,,soc2-thermal,56.531
1780555109.239707,,,tj-thermal,59.0
1780555109.3454485,VDD_IN,7214.592,,
1780555109.3454485,VDD_CPU_GPU_CV,2519.04,,
1780555109.3454485,VDD_SOC,1734.656,,
1780555109.3454485,,,cpu-thermal,58.093
1780555109.3454485,,,gpu-thermal,58.906
1780555109.3454485,,,soc0-thermal,56.625
1780555109.3454485,,,soc1-thermal,56.031
1780555109.3454485,,,soc2-thermal,56.593
1780555109.3454485,,,tj-thermal,58.906
1780555109.451242,VDD_IN,7175.168,,
1780555109.451242,VDD_CPU_GPU_CV,2519.04,,
1780555109.451242,VDD_SOC,1734.656,,
1780555109.451242,,,cpu-thermal,58.312
1780555109.451242,,,gpu-thermal,58.781
1780555109.451242,,,soc0-thermal,56.687
1780555109.451242,,,soc1-thermal,56.0
1780555109.451242,,,soc2-thermal,56.625
1780555109.451242,,,tj-thermal,58.781
1780555109.5568414,VDD_IN,7175.168,,
1780555109.5568414,VDD_CPU_GPU_CV,2519.04,,
1780555109.5568414,VDD_SOC,1734.656,,
1780555109.5568414,,,cpu-thermal,58.5
1780555109.5568414,,,gpu-thermal,58.968
1780555109.5568414,,,soc0-thermal,56.562
1780555109.5568414,,,soc1-thermal,55.937
1780555109.5568414,,,soc2-thermal,56.562
1780555109.5568414,,,tj-thermal,58.718
1780555109.6624243,VDD_IN,7175.168,,
1780555109.6624243,VDD_CPU_GPU_CV,2519.04,,
1780555109.6624243,VDD_SOC,1734.656,,
1780555109.6624243,,,cpu-thermal,58.625
1780555109.6624243,,,gpu-thermal,58.875
1780555109.6624243,,,soc0-thermal,56.531
1780555109.6624243,,,soc1-thermal,56.031
1780555109.6624243,,,soc2-thermal,56.593
1780555109.6624243,,,tj-thermal,58.656
1780555109.7681324,VDD_IN,7135.744,,
1780555109.7681324,VDD_CPU_GPU_CV,2519.04,,
1780555109.7681324,VDD_SOC,1734.656,,
1780555109.7681324,,,cpu-thermal,58.343
1780555109.7681324,,,gpu-thermal,58.718
1780555109.7681324,,,soc0-thermal,56.625
1780555109.7681324,,,soc1-thermal,56.0
1780555109.7681324,,,soc2-thermal,56.625
1780555109.7681324,,,tj-thermal,58.718
1780555109.8737054,VDD_IN,7175.168,,
1780555109.8737054,VDD_CPU_GPU_CV,2558.4,,
1780555109.8737054,VDD_SOC,1774.08,,
1780555109.8737054,,,cpu-thermal,58.312
1780555109.8737054,,,gpu-thermal,58.812
1780555109.8737054,,,soc0-thermal,56.75
1780555109.8737054,,,soc1-thermal,55.968
1780555109.8737054,,,soc2-thermal,56.656
1780555109.8737054,,,tj-thermal,58.812
1780555109.9792864,VDD_IN,7254.016,,
1780555109.9792864,VDD_CPU_GPU_CV,2597.76,,
1780555109.9792864,VDD_SOC,1774.08,,
1780555109.9792864,,,cpu-thermal,58.406
1780555109.9792864,,,gpu-thermal,58.812
1780555109.9792864,,,soc0-thermal,56.562
1780555109.9792864,,,soc1-thermal,55.968
1780555109.9792864,,,soc2-thermal,56.562
1780555109.9792864,,,tj-thermal,58.812
1780555110.0848403,VDD_IN,7214.592,,
1780555110.0848403,VDD_CPU_GPU_CV,2597.76,,
1780555110.0848403,VDD_SOC,1774.08,,
1780555110.0848403,,,cpu-thermal,58.187
1780555110.0848403,,,gpu-thermal,58.843
1780555110.0848403,,,soc0-thermal,56.625
1780555110.0848403,,,soc1-thermal,56.062
1780555110.0848403,,,soc2-thermal,56.656
1780555110.0848403,,,tj-thermal,59.093
1780555110.1905904,VDD_IN,7214.592,,
1780555110.1905904,VDD_CPU_GPU_CV,2558.4,,
1780555110.1905904,VDD_SOC,1774.08,,
1780555110.1905904,,,cpu-thermal,58.375
1780555110.1905904,,,gpu-thermal,58.812
1780555110.1905904,,,soc0-thermal,56.687
1780555110.1905904,,,soc1-thermal,56.187
1780555110.1905904,,,soc2-thermal,56.656
1780555110.1905904,,,tj-thermal,58.968
1780555110.296312,VDD_IN,7214.592,,
1780555110.296312,VDD_CPU_GPU_CV,2558.4,,
1780555110.296312,VDD_SOC,1774.08,,
1780555110.296312,,,cpu-thermal,58.281
1780555110.296312,,,gpu-thermal,58.75
1780555110.296312,,,soc0-thermal,56.906
1780555110.296312,,,soc1-thermal,56.0
1780555110.296312,,,soc2-thermal,56.593
1780555110.296312,,,tj-thermal,58.75
1780555110.402266,VDD_IN,7175.168,,
1780555110.402266,VDD_CPU_GPU_CV,2519.04,,
1780555110.402266,VDD_SOC,1734.656,,
1780555110.402266,,,cpu-thermal,58.25
1780555110.402266,,,gpu-thermal,59.093
1780555110.402266,,,soc0-thermal,56.718
1780555110.402266,,,soc1-thermal,56.062
1780555110.402266,,,soc2-thermal,56.593
1780555110.402266,,,tj-thermal,59.093
1780555110.5079882,VDD_IN,7175.168,,
1780555110.5079882,VDD_CPU_GPU_CV,2519.04,,
1780555110.5079882,VDD_SOC,1734.656,,
1780555110.5079882,,,cpu-thermal,58.25
1780555110.5079882,,,gpu-thermal,58.937
1780555110.5079882,,,soc0-thermal,56.718
1780555110.5079882,,,soc1-thermal,56.125
1780555110.5079882,,,soc2-thermal,56.625
1780555110.5079882,,,tj-thermal,58.937
1780555110.6142073,VDD_IN,7135.744,,
1780555110.6142073,VDD_CPU_GPU_CV,2519.04,,
1780555110.6142073,VDD_SOC,1734.656,,
1780555110.6142073,,,cpu-thermal,58.281
1780555110.6142073,,,gpu-thermal,58.75
1780555110.6142073,,,soc0-thermal,56.875
1780555110.6142073,,,soc1-thermal,56.25
1780555110.6142073,,,soc2-thermal,56.687
1780555110.6142073,,,tj-thermal,58.75
1780555110.7198482,VDD_IN,7135.744,,
1780555110.7198482,VDD_CPU_GPU_CV,2519.04,,
1780555110.7198482,VDD_SOC,1734.656,,
1780555110.7198482,,,cpu-thermal,58.25
1780555110.7198482,,,gpu-thermal,58.875
1780555110.7198482,,,soc0-thermal,56.687
1780555110.7198482,,,soc1-thermal,56.0
1780555110.7198482,,,soc2-thermal,56.625
1780555110.7198482,,,tj-thermal,58.875
1780555110.8256047,VDD_IN,7135.744,,
1780555110.8256047,VDD_CPU_GPU_CV,2519.04,,
1780555110.8256047,VDD_SOC,1734.656,,
1780555110.8256047,,,cpu-thermal,58.25
1780555110.8256047,,,gpu-thermal,58.968
1780555110.8256047,,,soc0-thermal,56.718
1780555110.8256047,,,soc1-thermal,56.125
1780555110.8256047,,,soc2-thermal,56.781
1780555110.8256047,,,tj-thermal,58.781
1780555110.931993,VDD_IN,7214.592,,
1780555110.931993,VDD_CPU_GPU_CV,2558.4,,
1780555110.931993,VDD_SOC,1774.08,,
1780555110.931993,,,cpu-thermal,58.25
1780555110.931993,,,gpu-thermal,59.0
1780555110.931993,,,soc0-thermal,56.75
1780555110.931993,,,soc1-thermal,56.093
1780555110.931993,,,soc2-thermal,56.687
1780555110.931993,,,tj-thermal,58.875
1780555111.0373268,VDD_IN,7214.592,,
1780555111.0373268,VDD_CPU_GPU_CV,2597.76,,
1780555111.0373268,VDD_SOC,1774.08,,
1780555111.0373268,,,cpu-thermal,58.656
1780555111.0373268,,,gpu-thermal,58.937
1780555111.0373268,,,soc0-thermal,56.843
1780555111.0373268,,,soc1-thermal,56.062
1780555111.0373268,,,soc2-thermal,56.781
1780555111.0373268,,,tj-thermal,58.937
1780555111.1433299,VDD_IN,7214.592,,
1780555111.1433299,VDD_CPU_GPU_CV,2558.4,,
1780555111.1433299,VDD_SOC,1774.08,,
1780555111.1433299,,,cpu-thermal,58.25
1780555111.1433299,,,gpu-thermal,58.781
1780555111.1433299,,,soc0-thermal,56.781
1780555111.1433299,,,soc1-thermal,56.125
1780555111.1433299,,,soc2-thermal,56.687
1780555111.1433299,,,tj-thermal,58.781
1780555111.2493768,VDD_IN,7175.168,,
1780555111.2493768,VDD_CPU_GPU_CV,2558.4,,
1780555111.2493768,VDD_SOC,1774.08,,
1780555111.2493768,,,cpu-thermal,58.25
1780555111.2493768,,,gpu-thermal,58.75
1780555111.2493768,,,soc0-thermal,56.718
1780555111.2493768,,,soc1-thermal,56.218
1780555111.2493768,,,soc2-thermal,56.75
1780555111.2493768,,,tj-thermal,58.75
1780555111.35528,VDD_IN,7175.168,,
1780555111.35528,VDD_CPU_GPU_CV,2519.04,,
1780555111.35528,VDD_SOC,1734.656,,
1780555111.35528,,,cpu-thermal,58.5
1780555111.35528,,,gpu-thermal,58.968
1780555111.35528,,,soc0-thermal,56.781
1780555111.35528,,,soc1-thermal,56.062
1780555111.35528,,,soc2-thermal,56.75
1780555111.35528,,,tj-thermal,58.968
1780555111.4613187,VDD_IN,7175.168,,
1780555111.4613187,VDD_CPU_GPU_CV,2519.04,,
1780555111.4613187,VDD_SOC,1734.656,,
1780555111.4613187,,,cpu-thermal,58.562
1780555111.4613187,,,gpu-thermal,58.968
1780555111.4613187,,,soc0-thermal,56.718
1780555111.4613187,,,soc1-thermal,56.0
1780555111.4613187,,,soc2-thermal,56.718
1780555111.4613187,,,tj-thermal,58.968
1780555111.5673444,VDD_IN,7175.168,,
1780555111.5673444,VDD_CPU_GPU_CV,2519.04,,
1780555111.5673444,VDD_SOC,1734.656,,
1780555111.5673444,,,cpu-thermal,58.406
1780555111.5673444,,,gpu-thermal,58.875
1780555111.5673444,,,soc0-thermal,56.718
1780555111.5673444,,,soc1-thermal,56.093
1780555111.5673444,,,soc2-thermal,56.812
1780555111.5673444,,,tj-thermal,58.875
1780555111.6735165,VDD_IN,7175.168,,
1780555111.6735165,VDD_CPU_GPU_CV,2519.04,,
1780555111.6735165,VDD_SOC,1734.656,,
1780555111.6735165,,,cpu-thermal,58.375
1780555111.6735165,,,gpu-thermal,59.031
1780555111.6735165,,,soc0-thermal,56.812
1780555111.6735165,,,soc1-thermal,56.312
1780555111.6735165,,,soc2-thermal,56.812
1780555111.6735165,,,tj-thermal,58.781
1780555111.7790468,VDD_IN,7135.744,,
1780555111.7790468,VDD_CPU_GPU_CV,2519.04,,
1780555111.7790468,VDD_SOC,1734.656,,
1780555111.7790468,,,cpu-thermal,58.437
1780555111.7790468,,,gpu-thermal,58.968
1780555111.7790468,,,soc0-thermal,56.75
1780555111.7790468,,,soc1-thermal,56.156
1780555111.7790468,,,soc2-thermal,56.781
1780555111.7790468,,,tj-thermal,58.781
1780555111.8847358,VDD_IN,7214.592,,
1780555111.8847358,VDD_CPU_GPU_CV,2558.4,,
1780555111.8847358,VDD_SOC,1734.656,,
1780555111.8847358,,,cpu-thermal,58.562
1780555111.8847358,,,gpu-thermal,58.937
1780555111.8847358,,,soc0-thermal,56.781
1780555111.8847358,,,soc1-thermal,56.125
1780555111.8847358,,,soc2-thermal,56.75
1780555111.8847358,,,tj-thermal,58.937
1780555111.9902835,VDD_IN,7254.016,,
1780555111.9902835,VDD_CPU_GPU_CV,2558.4,,
1780555111.9902835,VDD_SOC,1774.08,,
1780555111.9902835,,,cpu-thermal,58.437
1780555111.9902835,,,gpu-thermal,58.937
1780555111.9902835,,,soc0-thermal,56.906
1780555111.9902835,,,soc1-thermal,56.218
1780555111.9902835,,,soc2-thermal,56.781
1780555111.9902835,,,tj-thermal,58.937
1780555112.0965977,VDD_IN,7214.592,,
1780555112.0965977,VDD_CPU_GPU_CV,2558.4,,
1780555112.0965977,VDD_SOC,1774.08,,
1780555112.0965977,,,cpu-thermal,58.437
1780555112.0965977,,,gpu-thermal,58.843
1780555112.0965977,,,soc0-thermal,56.875
1780555112.0965977,,,soc1-thermal,56.031
1780555112.0965977,,,soc2-thermal,56.843
1780555112.0965977,,,tj-thermal,58.843
1780555112.2025905,VDD_IN,7175.168,,
1780555112.2025905,VDD_CPU_GPU_CV,2558.4,,
1780555112.2025905,VDD_SOC,1734.656,,
1780555112.2025905,,,cpu-thermal,58.375
1780555112.2025905,,,gpu-thermal,59.062
1780555112.2025905,,,soc0-thermal,56.781
1780555112.2025905,,,soc1-thermal,56.125
1780555112.2025905,,,soc2-thermal,56.812
1780555112.2025905,,,tj-thermal,59.062
1780555112.3084598,VDD_IN,7175.168,,
1780555112.3084598,VDD_CPU_GPU_CV,2519.04,,
1780555112.3084598,VDD_SOC,1734.656,,
1780555112.3084598,,,cpu-thermal,58.343
1780555112.3084598,,,gpu-thermal,58.937
1780555112.3084598,,,soc0-thermal,56.843
1780555112.3084598,,,soc1-thermal,56.125
1780555112.3084598,,,soc2-thermal,56.781
1780555112.3084598,,,tj-thermal,58.937
1780555112.4146528,VDD_IN,7175.168,,
1780555112.4146528,VDD_CPU_GPU_CV,2519.04,,
1780555112.4146528,VDD_SOC,1734.656,,
1780555112.4146528,,,cpu-thermal,58.406
1780555112.4146528,,,gpu-thermal,58.968
1780555112.4146528,,,soc0-thermal,56.937
1780555112.4146528,,,soc1-thermal,56.437
1780555112.4146528,,,soc2-thermal,56.75
1780555112.4146528,,,tj-thermal,58.968
1780555112.5204263,VDD_IN,7135.744,,
1780555112.5204263,VDD_CPU_GPU_CV,2519.04,,
1780555112.5204263,VDD_SOC,1734.656,,
1780555112.5204263,,,cpu-thermal,58.75
1780555112.5204263,,,gpu-thermal,59.125
1780555112.5204263,,,soc0-thermal,57.0
1780555112.5204263,,,soc1-thermal,56.062
1780555112.5204263,,,soc2-thermal,56.906
1780555112.5204263,,,tj-thermal,58.906
1780555112.6260662,VDD_IN,7135.744,,
1780555112.6260662,VDD_CPU_GPU_CV,2519.04,,
1780555112.6260662,VDD_SOC,1734.656,,
1780555112.6260662,,,cpu-thermal,58.312
1780555112.6260662,,,gpu-thermal,59.062
1780555112.6260662,,,soc0-thermal,56.906
1780555112.6260662,,,soc1-thermal,56.218
1780555112.6260662,,,soc2-thermal,56.812
1780555112.6260662,,,tj-thermal,58.843
1780555112.7324862,VDD_IN,7135.744,,
1780555112.7324862,VDD_CPU_GPU_CV,2479.68,,
1780555112.7324862,VDD_SOC,1734.656,,
1780555112.7324862,,,cpu-thermal,58.437
1780555112.7324862,,,gpu-thermal,58.937
1780555112.7324862,,,soc0-thermal,56.937
1780555112.7324862,,,soc1-thermal,56.343
1780555112.7324862,,,soc2-thermal,56.812
1780555112.7324862,,,tj-thermal,58.937
1780555112.8380036,VDD_IN,7175.168,,
1780555112.8380036,VDD_CPU_GPU_CV,2519.04,,
1780555112.8380036,VDD_SOC,1734.656,,
1780555112.8380036,,,cpu-thermal,58.593
1780555112.8380036,,,gpu-thermal,58.968
1780555112.8380036,,,soc0-thermal,57.0
1780555112.8380036,,,soc1-thermal,56.218
1780555112.8380036,,,soc2-thermal,56.843
1780555112.8380036,,,tj-thermal,58.968
1780555112.943898,VDD_IN,7214.592,,
1780555112.943898,VDD_CPU_GPU_CV,2558.4,,
1780555112.943898,VDD_SOC,1774.08,,
1780555112.943898,,,cpu-thermal,58.687
1780555112.943898,,,gpu-thermal,58.968
1780555112.943898,,,soc0-thermal,56.843
1780555112.943898,,,soc1-thermal,56.187
1780555112.943898,,,soc2-thermal,56.843
1780555112.943898,,,tj-thermal,58.968
1780555113.0502138,VDD_IN,7254.016,,
1780555113.0502138,VDD_CPU_GPU_CV,2558.4,,
1780555113.0502138,VDD_SOC,1774.08,,
1780555113.0502138,,,cpu-thermal,58.406
1780555113.0502138,,,gpu-thermal,59.312
1780555113.0502138,,,soc0-thermal,56.906
1780555113.0502138,,,soc1-thermal,56.312
1780555113.0502138,,,soc2-thermal,56.843
1780555113.0502138,,,tj-thermal,59.312
1780555113.1563144,VDD_IN,7214.592,,
1780555113.1563144,VDD_CPU_GPU_CV,2558.4,,
1780555113.1563144,VDD_SOC,1774.08,,
1780555113.1563144,,,cpu-thermal,58.468
1780555113.1563144,,,gpu-thermal,59.093
1780555113.1563144,,,soc0-thermal,56.937
1780555113.1563144,,,soc1-thermal,56.437
1780555113.1563144,,,soc2-thermal,56.906
1780555113.1563144,,,tj-thermal,59.093
1780555113.2621968,VDD_IN,7214.592,,
1780555113.2621968,VDD_CPU_GPU_CV,2519.04,,
1780555113.2621968,VDD_SOC,1774.08,,
1780555113.2621968,,,cpu-thermal,58.593
1780555113.2621968,,,gpu-thermal,58.968
1780555113.2621968,,,soc0-thermal,56.812
1780555113.2621968,,,soc1-thermal,56.218
1780555113.2621968,,,soc2-thermal,57.031
1780555113.2621968,,,tj-thermal,58.968
1780555113.3678815,VDD_IN,7175.168,,
1780555113.3678815,VDD_CPU_GPU_CV,2519.04,,
1780555113.3678815,VDD_SOC,1734.656,,
1780555113.3678815,,,cpu-thermal,58.406
1780555113.3678815,,,gpu-thermal,59.218
1780555113.3678815,,,soc0-thermal,56.875
1780555113.3678815,,,soc1-thermal,56.343
1780555113.3678815,,,soc2-thermal,56.875
1780555113.3678815,,,tj-thermal,58.968
1780555113.4738317,VDD_IN,7175.168,,
1780555113.4738317,VDD_CPU_GPU_CV,2519.04,,
1780555113.4738317,VDD_SOC,1734.656,,
1780555113.4738317,,,cpu-thermal,58.5
1780555113.4738317,,,gpu-thermal,59.156
1780555113.4738317,,,soc0-thermal,56.937
1780555113.4738317,,,soc1-thermal,56.25
1780555113.4738317,,,soc2-thermal,56.937
1780555113.4738317,,,tj-thermal,58.812
1780555113.5793633,VDD_IN,7135.744,,
1780555113.5793633,VDD_CPU_GPU_CV,2519.04,,
1780555113.5793633,VDD_SOC,1734.656,,
1780555113.5793633,,,cpu-thermal,58.625
1780555113.5793633,,,gpu-thermal,58.968
1780555113.5793633,,,soc0-thermal,57.0
1780555113.5793633,,,soc1-thermal,56.25
1780555113.5793633,,,soc2-thermal,57.0
1780555113.5793633,,,tj-thermal,58.968
1780555113.6849582,VDD_IN,7135.744,,
1780555113.6849582,VDD_CPU_GPU_CV,2479.68,,
1780555113.6849582,VDD_SOC,1734.656,,
1780555113.6849582,,,cpu-thermal,58.437
1780555113.6849582,,,gpu-thermal,58.968
1780555113.6849582,,,soc0-thermal,56.906
1780555113.6849582,,,soc1-thermal,56.312
1780555113.6849582,,,soc2-thermal,56.875
1780555113.6849582,,,tj-thermal,58.968
1780555113.7909038,VDD_IN,7175.168,,
1780555113.7909038,VDD_CPU_GPU_CV,2519.04,,
1780555113.7909038,VDD_SOC,1734.656,,
1780555113.7909038,,,cpu-thermal,58.5
1780555113.7909038,,,gpu-thermal,58.937
1780555113.7909038,,,soc0-thermal,56.906
1780555113.7909038,,,soc1-thermal,56.281
1780555113.7909038,,,soc2-thermal,56.781
1780555113.7909038,,,tj-thermal,58.937
1780555113.8965783,VDD_IN,7214.592,,
1780555113.8965783,VDD_CPU_GPU_CV,2519.04,,
1780555113.8965783,VDD_SOC,1774.08,,
1780555113.8965783,,,cpu-thermal,58.468
1780555113.8965783,,,gpu-thermal,59.125
1780555113.8965783,,,soc0-thermal,57.0
1780555113.8965783,,,soc1-thermal,56.406
1780555113.8965783,,,soc2-thermal,56.937
1780555113.8965783,,,tj-thermal,59.343
1780555114.0019894,VDD_IN,7254.016,,
1780555114.0019894,VDD_CPU_GPU_CV,2558.4,,
1780555114.0019894,VDD_SOC,1774.08,,
1780555114.0019894,,,cpu-thermal,58.562
1780555114.0019894,,,gpu-thermal,59.031
1780555114.0019894,,,soc0-thermal,57.031
1780555114.0019894,,,soc1-thermal,56.312
1780555114.0019894,,,soc2-thermal,56.937
1780555114.0019894,,,tj-thermal,59.312
1780555114.1075537,VDD_IN,7254.016,,
1780555114.1075537,VDD_CPU_GPU_CV,2558.4,,
1780555114.1075537,VDD_SOC,1774.08,,
1780555114.1075537,,,cpu-thermal,58.5
1780555114.1075537,,,gpu-thermal,59.0
1780555114.1075537,,,soc0-thermal,57.0
1780555114.1075537,,,soc1-thermal,56.375
1780555114.1075537,,,soc2-thermal,56.875
1780555114.1075537,,,tj-thermal,59.0
1780555114.2133768,VDD_IN,7214.592,,
1780555114.2133768,VDD_CPU_GPU_CV,2519.04,,
1780555114.2133768,VDD_SOC,1774.08,,
1780555114.2133768,,,cpu-thermal,58.437
1780555114.2133768,,,gpu-thermal,59.343
1780555114.2133768,,,soc0-thermal,56.968
1780555114.2133768,,,soc1-thermal,56.343
1780555114.2133768,,,soc2-thermal,56.906
1780555114.2133768,,,tj-thermal,59.343
1780555114.3194304,VDD_IN,7175.168,,
1780555114.3194304,VDD_CPU_GPU_CV,2519.04,,
1780555114.3194304,VDD_SOC,1734.656,,
1780555114.3194304,,,cpu-thermal,58.75
1780555114.3194304,,,gpu-thermal,59.218
1780555114.3194304,,,soc0-thermal,57.062
1780555114.3194304,,,soc1-thermal,56.5
1780555114.3194304,,,soc2-thermal,57.031
1780555114.3194304,,,tj-thermal,59.218
1780555114.4250288,VDD_IN,7175.168,,
1780555114.4250288,VDD_CPU_GPU_CV,2519.04,,
1780555114.4250288,VDD_SOC,1734.656,,
1780555114.4250288,,,cpu-thermal,58.812
1780555114.4250288,,,gpu-thermal,59.093
1780555114.4250288,,,soc0-thermal,57.125
1780555114.4250288,,,soc1-thermal,56.281
1780555114.4250288,,,soc2-thermal,56.906
1780555114.4250288,,,tj-thermal,59.093
1780555114.5307434,VDD_IN,7175.168,,
1780555114.5307434,VDD_CPU_GPU_CV,2519.04,,
1780555114.5307434,VDD_SOC,1734.656,,
1780555114.5307434,,,cpu-thermal,58.5
1780555114.5307434,,,gpu-thermal,59.312
1780555114.5307434,,,soc0-thermal,57.0
1780555114.5307434,,,soc1-thermal,56.406
1780555114.5307434,,,soc2-thermal,57.0
1780555114.5307434,,,tj-thermal,59.031
1780555114.6366107,VDD_IN,7175.168,,
1780555114.6366107,VDD_CPU_GPU_CV,2519.04,,
1780555114.6366107,VDD_SOC,1734.656,,
1780555114.6366107,,,cpu-thermal,58.468
1780555114.6366107,,,gpu-thermal,59.187
1780555114.6366107,,,soc0-thermal,57.0
1780555114.6366107,,,soc1-thermal,56.468
1780555114.6366107,,,soc2-thermal,57.031
1780555114.6366107,,,tj-thermal,58.968
1780555114.742217,VDD_IN,7135.744,,
1780555114.742217,VDD_CPU_GPU_CV,2479.68,,
1780555114.742217,VDD_SOC,1731.84,,
1780555114.742217,,,cpu-thermal,58.718
1780555114.742217,,,gpu-thermal,59.125
1780555114.742217,,,soc0-thermal,57.062
1780555114.742217,,,soc1-thermal,56.281
1780555114.742217,,,soc2-thermal,57.031
1780555114.742217,,,tj-thermal,59.125
1780555114.8478491,VDD_IN,7214.592,,
1780555114.8478491,VDD_CPU_GPU_CV,2519.04,,
1780555114.8478491,VDD_SOC,1734.656,,
1780555114.8478491,,,cpu-thermal,58.75
1780555114.8478491,,,gpu-thermal,59.125
1780555114.8478491,,,soc0-thermal,56.968
1780555114.8478491,,,soc1-thermal,56.343
1780555114.8478491,,,soc2-thermal,57.0
1780555114.8478491,,,tj-thermal,59.125
1780555114.9534242,VDD_IN,7254.016,,
1780555114.9534242,VDD_CPU_GPU_CV,2558.4,,
1780555114.9534242,VDD_SOC,1774.08,,
1780555114.9534242,,,cpu-thermal,58.562
1780555114.9534242,,,gpu-thermal,59.031
1780555114.9534242,,,soc0-thermal,57.0
1780555114.9534242,,,soc1-thermal,56.437
1780555114.9534242,,,soc2-thermal,57.0
1780555114.9534242,,,tj-thermal,59.031
1780555115.0592265,VDD_IN,7254.016,,
1780555115.0592265,VDD_CPU_GPU_CV,2558.4,,
1780555115.0592265,VDD_SOC,1774.08,,
1780555115.0592265,,,cpu-thermal,58.562
1780555115.0592265,,,gpu-thermal,59.125
1780555115.0592265,,,soc0-thermal,57.031
1780555115.0592265,,,soc1-thermal,56.5
1780555115.0592265,,,soc2-thermal,57.031
1780555115.0592265,,,tj-thermal,59.437
1780555115.164758,VDD_IN,7214.592,,
1780555115.164758,VDD_CPU_GPU_CV,2558.4,,
1780555115.164758,VDD_SOC,1771.2,,
1780555115.164758,,,cpu-thermal,58.656
1780555115.164758,,,gpu-thermal,59.031
1780555115.164758,,,soc0-thermal,57.156
1780555115.164758,,,soc1-thermal,56.281
1780555115.164758,,,soc2-thermal,57.062
1780555115.164758,,,tj-thermal,59.343
1780555115.2707474,VDD_IN,7175.168,,
1780555115.2707474,VDD_CPU_GPU_CV,2558.4,,
1780555115.2707474,VDD_SOC,1731.84,,
1780555115.2707474,,,cpu-thermal,58.75
1780555115.2707474,,,gpu-thermal,59.093
1780555115.2707474,,,soc0-thermal,56.968
1780555115.2707474,,,soc1-thermal,56.406
1780555115.2707474,,,soc2-thermal,56.968
1780555115.2707474,,,tj-thermal,59.093
1780555115.376429,VDD_IN,7135.744,,
1780555115.376429,VDD_CPU_GPU_CV,2519.04,,
1780555115.376429,VDD_SOC,1731.84,,
1780555115.376429,,,cpu-thermal,58.656
1780555115.376429,,,gpu-thermal,59.468
1780555115.376429,,,soc0-thermal,57.0
1780555115.376429,,,soc1-thermal,56.468
1780555115.376429,,,soc2-thermal,57.031
1780555115.376429,,,tj-thermal,59.468
1780555115.4825313,VDD_IN,7135.744,,
1780555115.4825313,VDD_CPU_GPU_CV,2519.04,,
1780555115.4825313,VDD_SOC,1734.656,,
1780555115.4825313,,,cpu-thermal,58.687
1780555115.4825313,,,gpu-thermal,59.218
1780555115.4825313,,,soc0-thermal,57.093
1780555115.4825313,,,soc1-thermal,56.375
1780555115.4825313,,,soc2-thermal,57.031
1780555115.4825313,,,tj-thermal,59.218
1780555115.5883842,VDD_IN,7135.744,,
1780555115.5883842,VDD_CPU_GPU_CV,2514.944,,
1780555115.5883842,VDD_SOC,1731.84,,
1780555115.5883842,,,cpu-thermal,58.687
1780555115.5883842,,,gpu-thermal,59.218
1780555115.5883842,,,soc0-thermal,57.25
1780555115.5883842,,,soc1-thermal,56.406
1780555115.5883842,,,soc2-thermal,57.031
1780555115.5883842,,,tj-thermal,59.218
1780555115.6939025,VDD_IN,7135.744,,
1780555115.6939025,VDD_CPU_GPU_CV,2514.944,,
1780555115.6939025,VDD_SOC,1731.84,,
1780555115.6939025,,,cpu-thermal,58.562
1780555115.6939025,,,gpu-thermal,59.125
1780555115.6939025,,,soc0-thermal,56.937
1780555115.6939025,,,soc1-thermal,56.468
1780555115.6939025,,,soc2-thermal,57.031
1780555115.6939025,,,tj-thermal,59.125
1780555115.7996278,VDD_IN,7096.32,,
1780555115.7996278,VDD_CPU_GPU_CV,2514.944,,
1780555115.7996278,VDD_SOC,1731.84,,
1780555115.7996278,,,cpu-thermal,58.625
1780555115.7996278,,,gpu-thermal,59.312
1780555115.7996278,,,soc0-thermal,57.156
1780555115.7996278,,,soc1-thermal,56.5
1780555115.7996278,,,soc2-thermal,57.031
1780555115.7996278,,,tj-thermal,59.187
1780555115.90559,VDD_IN,7214.592,,
1780555115.90559,VDD_CPU_GPU_CV,2558.4,,
1780555115.90559,VDD_SOC,1774.08,,
1780555115.90559,,,cpu-thermal,58.718
1780555115.90559,,,gpu-thermal,59.312
1780555115.90559,,,soc0-thermal,57.093
1780555115.90559,,,soc1-thermal,56.468
1780555115.90559,,,soc2-thermal,57.093
1780555115.90559,,,tj-thermal,59.562
1780555116.011262,VDD_IN,7254.016,,
1780555116.011262,VDD_CPU_GPU_CV,2597.76,,
1780555116.011262,VDD_SOC,1774.08,,
1780555116.011262,,,cpu-thermal,58.562
1780555116.011262,,,gpu-thermal,59.125
1780555116.011262,,,soc0-thermal,57.093
1780555116.011262,,,soc1-thermal,56.5
1780555116.011262,,,soc2-thermal,57.0
1780555116.011262,,,tj-thermal,59.125
1780555116.1168923,VDD_IN,7214.592,,
1780555116.1168923,VDD_CPU_GPU_CV,2558.4,,
1780555116.1168923,VDD_SOC,1774.08,,
1780555116.1168923,,,cpu-thermal,58.562
1780555116.1168923,,,gpu-thermal,59.062
1780555116.1168923,,,soc0-thermal,57.125
1780555116.1168923,,,soc1-thermal,56.5
1780555116.1168923,,,soc2-thermal,57.031
1780555116.1168923,,,tj-thermal,59.062
1780555116.2224898,VDD_IN,7214.592,,
1780555116.2224898,VDD_CPU_GPU_CV,2519.04,,
1780555116.2224898,VDD_SOC,1774.08,,
1780555116.2224898,,,cpu-thermal,58.687
1780555116.2224898,,,gpu-thermal,59.5
1780555116.2224898,,,soc0-thermal,57.125
1780555116.2224898,,,soc1-thermal,56.625
1780555116.2224898,,,soc2-thermal,57.156
1780555116.2224898,,,tj-thermal,59.5
1780555116.3280349,VDD_IN,7175.168,,
1780555116.3280349,VDD_CPU_GPU_CV,2519.04,,
1780555116.3280349,VDD_SOC,1774.08,,
1780555116.3280349,,,cpu-thermal,58.937
1780555116.3280349,,,gpu-thermal,59.187
1780555116.3280349,,,soc0-thermal,57.218
1780555116.3280349,,,soc1-thermal,56.5
1780555116.3280349,,,soc2-thermal,57.031
1780555116.3280349,,,tj-thermal,59.343
1780555116.4341521,VDD_IN,7175.168,,
1780555116.4341521,VDD_CPU_GPU_CV,2519.04,,
1780555116.4341521,VDD_SOC,1734.656,,
1780555116.4341521,,,cpu-thermal,58.625
1780555116.4341521,,,gpu-thermal,59.093
1780555116.4341521,,,soc0-thermal,57.062
1780555116.4341521,,,soc1-thermal,56.5
1780555116.4341521,,,soc2-thermal,57.031
1780555116.4341521,,,tj-thermal,59.281
1780555116.5397358,VDD_IN,7135.744,,
1780555116.5397358,VDD_CPU_GPU_CV,2519.04,,
1780555116.5397358,VDD_SOC,1734.656,,
1780555116.5397358,,,cpu-thermal,58.562
1780555116.5397358,,,gpu-thermal,59.406
1780555116.5397358,,,soc0-thermal,57.156
1780555116.5397358,,,soc1-thermal,56.562
1780555116.5397358,,,soc2-thermal,57.125
1780555116.5397358,,,tj-thermal,59.406
1780555116.6454706,VDD_IN,7135.744,,
1780555116.6454706,VDD_CPU_GPU_CV,2519.04,,
1780555116.6454706,VDD_SOC,1734.656,,
1780555116.6454706,,,cpu-thermal,58.843
1780555116.6454706,,,gpu-thermal,59.406
1780555116.6454706,,,soc0-thermal,57.187
1780555116.6454706,,,soc1-thermal,56.375
1780555116.6454706,,,soc2-thermal,57.125
1780555116.6454706,,,tj-thermal,59.406
1780555116.7512922,VDD_IN,7135.744,,
1780555116.7512922,VDD_CPU_GPU_CV,2479.68,,
1780555116.7512922,VDD_SOC,1734.656,,
1780555116.7512922,,,cpu-thermal,58.875
1780555116.7512922,,,gpu-thermal,59.281
1780555116.7512922,,,soc0-thermal,57.062
1780555116.7512922,,,soc1-thermal,56.5
1780555116.7512922,,,soc2-thermal,57.031
1780555116.7512922,,,tj-thermal,59.281
1780555116.856738,VDD_IN,7214.592,,
1780555116.856738,VDD_CPU_GPU_CV,2519.04,,
1780555116.856738,VDD_SOC,1734.656,,
1780555116.856738,,,cpu-thermal,58.593
1780555116.856738,,,gpu-thermal,59.312
1780555116.856738,,,soc0-thermal,57.031
1780555116.856738,,,soc1-thermal,56.531
1780555116.856738,,,soc2-thermal,57.031
1780555116.856738,,,tj-thermal,59.312
1780555116.9625742,VDD_IN,7254.016,,
1780555116.9625742,VDD_CPU_GPU_CV,2558.4,,
1780555116.9625742,VDD_SOC,1774.08,,
1780555116.9625742,,,cpu-thermal,58.718
1780555116.9625742,,,gpu-thermal,59.468
1780555116.9625742,,,soc0-thermal,57.093
1780555116.9625742,,,soc1-thermal,56.625
1780555116.9625742,,,soc2-thermal,57.125
1780555116.9625742,,,tj-thermal,59.25
1780555117.0686452,VDD_IN,7254.016,,
1780555117.0686452,VDD_CPU_GPU_CV,2558.4,,
1780555117.0686452,VDD_SOC,1774.08,,
1780555117.0686452,,,cpu-thermal,58.75
1780555117.0686452,,,gpu-thermal,59.375
1780555117.0686452,,,soc0-thermal,57.343
1780555117.0686452,,,soc1-thermal,56.5
1780555117.0686452,,,soc2-thermal,57.187
1780555117.0686452,,,tj-thermal,59.656
1780555117.1744537,VDD_IN,7214.592,,
1780555117.1744537,VDD_CPU_GPU_CV,2558.4,,
1780555117.1744537,VDD_SOC,1774.08,,
1780555117.1744537,,,cpu-thermal,58.812
1780555117.1744537,,,gpu-thermal,59.093
1780555117.1744537,,,soc0-thermal,57.187
1780555117.1744537,,,soc1-thermal,56.5
1780555117.1744537,,,soc2-thermal,57.156
1780555117.1744537,,,tj-thermal,59.406
1780555117.2804003,VDD_IN,7214.592,,
1780555117.2804003,VDD_CPU_GPU_CV,2558.4,,
1780555117.2804003,VDD_SOC,1734.656,,
1780555117.2804003,,,cpu-thermal,58.75
1780555117.2804003,,,gpu-thermal,59.187
1780555117.2804003,,,soc0-thermal,57.187
1780555117.2804003,,,soc1-thermal,56.531
1780555117.2804003,,,soc2-thermal,57.093
1780555117.2804003,,,tj-thermal,59.187
1780555117.3861783,VDD_IN,7175.168,,
1780555117.3861783,VDD_CPU_GPU_CV,2519.04,,
1780555117.3861783,VDD_SOC,1734.656,,
1780555117.3861783,,,cpu-thermal,58.75
1780555117.3861783,,,gpu-thermal,59.625
1780555117.3861783,,,soc0-thermal,57.218
1780555117.3861783,,,soc1-thermal,56.5
1780555117.3861783,,,soc2-thermal,57.125
1780555117.3861783,,,tj-thermal,59.625
1780555117.4920292,VDD_IN,7135.744,,
1780555117.4920292,VDD_CPU_GPU_CV,2519.04,,
1780555117.4920292,VDD_SOC,1734.656,,
1780555117.4920292,,,cpu-thermal,58.781
1780555117.4920292,,,gpu-thermal,59.468
1780555117.4920292,,,soc0-thermal,57.312
1780555117.4920292,,,soc1-thermal,56.468
1780555117.4920292,,,soc2-thermal,57.218
1780555117.4920292,,,tj-thermal,59.468
1780555117.5974405,VDD_IN,7135.744,,
1780555117.5974405,VDD_CPU_GPU_CV,2519.04,,
1780555117.5974405,VDD_SOC,1734.656,,
1780555117.5974405,,,cpu-thermal,58.687
1780555117.5974405,,,gpu-thermal,59.281
1780555117.5974405,,,soc0-thermal,57.156
1780555117.5974405,,,soc1-thermal,56.562
1780555117.5974405,,,soc2-thermal,57.093
1780555117.5974405,,,tj-thermal,59.281
1780555117.703229,VDD_IN,7135.744,,
1780555117.703229,VDD_CPU_GPU_CV,2514.944,,
1780555117.703229,VDD_SOC,1734.656,,
1780555117.703229,,,cpu-thermal,58.718
1780555117.703229,,,gpu-thermal,59.593
1780555117.703229,,,soc0-thermal,57.156
1780555117.703229,,,soc1-thermal,56.656
1780555117.703229,,,soc2-thermal,57.093
1780555117.703229,,,tj-thermal,59.281
1780555117.8091197,VDD_IN,7175.168,,
1780555117.8091197,VDD_CPU_GPU_CV,2519.04,,
1780555117.8091197,VDD_SOC,1734.656,,
1780555117.8091197,,,cpu-thermal,58.75
1780555117.8091197,,,gpu-thermal,59.406
1780555117.8091197,,,soc0-thermal,57.25
1780555117.8091197,,,soc1-thermal,56.5
1780555117.8091197,,,soc2-thermal,57.187
1780555117.8091197,,,tj-thermal,59.406
1780555117.914614,VDD_IN,7214.592,,
1780555117.914614,VDD_CPU_GPU_CV,2558.4,,
1780555117.914614,VDD_SOC,1774.08,,
1780555117.914614,,,cpu-thermal,58.687
1780555117.914614,,,gpu-thermal,59.406
1780555117.914614,,,soc0-thermal,57.218
1780555117.914614,,,soc1-thermal,56.562
1780555117.914614,,,soc2-thermal,57.031
1780555117.914614,,,tj-thermal,59.406
1780555118.0199757,VDD_IN,7293.44,,
1780555118.0199757,VDD_CPU_GPU_CV,2597.76,,
1780555118.0199757,VDD_SOC,1774.08,,
1780555118.0199757,,,cpu-thermal,58.687
1780555118.0199757,,,gpu-thermal,59.343
1780555118.0199757,,,soc0-thermal,57.187
1780555118.0199757,,,soc1-thermal,56.531
1780555118.0199757,,,soc2-thermal,57.093
1780555118.0199757,,,tj-thermal,59.343
1780555118.125485,VDD_IN,7254.016,,
1780555118.125485,VDD_CPU_GPU_CV,2558.4,,
1780555118.125485,VDD_SOC,1774.08,,
1780555118.125485,,,cpu-thermal,58.718
1780555118.125485,,,gpu-thermal,59.468
1780555118.125485,,,soc0-thermal,57.281
1780555118.125485,,,soc1-thermal,56.687
1780555118.125485,,,soc2-thermal,57.218
1780555118.125485,,,tj-thermal,59.218
1780555118.2310948,VDD_IN,7214.592,,
1780555118.2310948,VDD_CPU_GPU_CV,2558.4,,
1780555118.2310948,VDD_SOC,1774.08,,
1780555118.2310948,,,cpu-thermal,59.187
1780555118.2310948,,,gpu-thermal,59.375
1780555118.2310948,,,soc0-thermal,57.406
1780555118.2310948,,,soc1-thermal,56.562
1780555118.2310948,,,soc2-thermal,57.218
1780555118.2310948,,,tj-thermal,59.187
1780555118.337142,VDD_IN,7214.592,,
1780555118.337142,VDD_CPU_GPU_CV,2554.24,,
1780555118.337142,VDD_SOC,1771.2,,
1780555118.337142,,,cpu-thermal,58.718
1780555118.337142,,,gpu-thermal,59.312
1780555118.337142,,,soc0-thermal,57.187
1780555118.337142,,,soc1-thermal,56.625
1780555118.337142,,,soc2-thermal,57.156
1780555118.337142,,,tj-thermal,59.312
1780555118.4428744,VDD_IN,7175.168,,
1780555118.4428744,VDD_CPU_GPU_CV,2514.944,,
1780555118.4428744,VDD_SOC,1771.2,,
1780555118.4428744,,,cpu-thermal,58.75
1780555118.4428744,,,gpu-thermal,59.312
1780555118.4428744,,,soc0-thermal,57.187
1780555118.4428744,,,soc1-thermal,56.656
1780555118.4428744,,,soc2-thermal,57.093
1780555118.4428744,,,tj-thermal,59.312
1780555118.5486326,VDD_IN,7175.168,,
1780555118.5486326,VDD_CPU_GPU_CV,2514.944,,
1780555118.5486326,VDD_SOC,1731.84,,
1780555118.5486326,,,cpu-thermal,58.937
1780555118.5486326,,,gpu-thermal,59.687
1780555118.5486326,,,soc0-thermal,57.312
1780555118.5486326,,,soc1-thermal,56.812
1780555118.5486326,,,soc2-thermal,57.312
1780555118.5486326,,,tj-thermal,59.687
1780555118.654472,VDD_IN,7175.168,,
1780555118.654472,VDD_CPU_GPU_CV,2514.944,,
1780555118.654472,VDD_SOC,1731.84,,
1780555118.654472,,,cpu-thermal,59.125
1780555118.654472,,,gpu-thermal,59.468
1780555118.654472,,,soc0-thermal,57.281
1780555118.654472,,,soc1-thermal,56.593
1780555118.654472,,,soc2-thermal,57.218
1780555118.654472,,,tj-thermal,59.468
1780555118.76009,VDD_IN,7135.744,,
1780555118.76009,VDD_CPU_GPU_CV,2514.944,,
1780555118.76009,VDD_SOC,1731.84,,
1780555118.76009,,,cpu-thermal,58.75
1780555118.76009,,,gpu-thermal,59.218
1780555118.76009,,,soc0-thermal,57.25
1780555118.76009,,,soc1-thermal,56.593
1780555118.76009,,,soc2-thermal,57.156
1780555118.76009,,,tj-thermal,59.375
1780555118.865732,VDD_IN,7214.592,,
1780555118.865732,VDD_CPU_GPU_CV,2514.944,,
1780555118.865732,VDD_SOC,1771.2,,
1780555118.865732,,,cpu-thermal,58.875
1780555118.865732,,,gpu-thermal,59.687
1780555118.865732,,,soc0-thermal,57.218
1780555118.865732,,,soc1-thermal,56.562
1780555118.865732,,,soc2-thermal,57.218
1780555118.865732,,,tj-thermal,59.375
1780555118.9719055,VDD_IN,7254.016,,
1780555118.9719055,VDD_CPU_GPU_CV,2558.4,,
1780555118.9719055,VDD_SOC,1774.08,,
1780555118.9719055,,,cpu-thermal,58.968
1780555118.9719055,,,gpu-thermal,59.593
1780555118.9719055,,,soc0-thermal,57.312
1780555118.9719055,,,soc1-thermal,56.5
1780555118.9719055,,,soc2-thermal,57.343
1780555118.9719055,,,tj-thermal,59.343
1780555119.0777276,VDD_IN,7254.016,,
1780555119.0777276,VDD_CPU_GPU_CV,2558.4,,
1780555119.0777276,VDD_SOC,1774.08,,
1780555119.0777276,,,cpu-thermal,59.031
1780555119.0777276,,,gpu-thermal,59.437
1780555119.0777276,,,soc0-thermal,57.25
1780555119.0777276,,,soc1-thermal,56.687
1780555119.0777276,,,soc2-thermal,57.218
1780555119.0777276,,,tj-thermal,59.437
1780555119.1836863,VDD_IN,7214.592,,
1780555119.1836863,VDD_CPU_GPU_CV,2558.4,,
1780555119.1836863,VDD_SOC,1774.08,,
1780555119.1836863,,,cpu-thermal,58.812
1780555119.1836863,,,gpu-thermal,59.312
1780555119.1836863,,,soc0-thermal,57.25
1780555119.1836863,,,soc1-thermal,56.718
1780555119.1836863,,,soc2-thermal,57.281
1780555119.1836863,,,tj-thermal,59.312
1780555119.2894385,VDD_IN,7175.168,,
1780555119.2894385,VDD_CPU_GPU_CV,2519.04,,
1780555119.2894385,VDD_SOC,1774.08,,
1780555119.2894385,,,cpu-thermal,58.906
1780555119.2894385,,,gpu-thermal,59.343
1780555119.2894385,,,soc0-thermal,57.375
1780555119.2894385,,,soc1-thermal,56.656
1780555119.2894385,,,soc2-thermal,57.25
1780555119.2894385,,,tj-thermal,59.343
1780555119.3950534,VDD_IN,7175.168,,
1780555119.3950534,VDD_CPU_GPU_CV,2519.04,,
1780555119.3950534,VDD_SOC,1774.08,,
1780555119.3950534,,,cpu-thermal,59.0
1780555119.3950534,,,gpu-thermal,59.312
1780555119.3950534,,,soc0-thermal,57.406
1780555119.3950534,,,soc1-thermal,56.531
1780555119.3950534,,,soc2-thermal,57.343
1780555119.3950534,,,tj-thermal,59.312
1780555119.501156,VDD_IN,7135.744,,
1780555119.501156,VDD_CPU_GPU_CV,2514.944,,
1780555119.501156,VDD_SOC,1734.656,,
1780555119.501156,,,cpu-thermal,58.843
1780555119.501156,,,gpu-thermal,59.625
1780555119.501156,,,soc0-thermal,57.343
1780555119.501156,,,soc1-thermal,56.718
1780555119.501156,,,soc2-thermal,57.218
1780555119.501156,,,tj-thermal,59.625
1780555119.6069486,VDD_IN,7135.744,,
1780555119.6069486,VDD_CPU_GPU_CV,2479.68,,
1780555119.6069486,VDD_SOC,1734.656,,
1780555119.6069486,,,cpu-thermal,58.812
1780555119.6069486,,,gpu-thermal,59.375
1780555119.6069486,,,soc0-thermal,57.375
1780555119.6069486,,,soc1-thermal,56.781
1780555119.6069486,,,soc2-thermal,57.281
1780555119.6069486,,,tj-thermal,59.468
1780555119.7127123,VDD_IN,7135.744,,
1780555119.7127123,VDD_CPU_GPU_CV,2514.944,,
1780555119.7127123,VDD_SOC,1734.656,,
1780555119.7127123,,,cpu-thermal,58.875
1780555119.7127123,,,gpu-thermal,59.75
1780555119.7127123,,,soc0-thermal,57.468
1780555119.7127123,,,soc1-thermal,56.625
1780555119.7127123,,,soc2-thermal,57.437
1780555119.7127123,,,tj-thermal,59.343
1780555119.8190615,VDD_IN,7175.168,,
1780555119.8190615,VDD_CPU_GPU_CV,2514.944,,
1780555119.8190615,VDD_SOC,1734.656,,
1780555119.8190615,,,cpu-thermal,58.843
1780555119.8190615,,,gpu-thermal,59.656
1780555119.8190615,,,soc0-thermal,57.218
1780555119.8190615,,,soc1-thermal,56.656
1780555119.8190615,,,soc2-thermal,57.218
1780555119.8190615,,,tj-thermal,59.656
1780555119.9246066,VDD_IN,7254.016,,
1780555119.9246066,VDD_CPU_GPU_CV,2558.4,,
1780555119.9246066,VDD_SOC,1774.08,,
1780555119.9246066,,,cpu-thermal,58.781
1780555119.9246066,,,gpu-thermal,59.5
1780555119.9246066,,,soc0-thermal,57.343
1780555119.9246066,,,soc1-thermal,56.75
1780555119.9246066,,,soc2-thermal,57.25
1780555119.9246066,,,tj-thermal,59.5
1780555120.0303493,VDD_IN,7293.44,,
1780555120.0303493,VDD_CPU_GPU_CV,2558.4,,
1780555120.0303493,VDD_SOC,1774.08,,
1780555120.0303493,,,cpu-thermal,59.062
1780555120.0303493,,,gpu-thermal,59.468
1780555120.0303493,,,soc0-thermal,57.468
1780555120.0303493,,,soc1-thermal,56.875
1780555120.0303493,,,soc2-thermal,57.312
1780555120.0303493,,,tj-thermal,59.468
1780555120.1363378,VDD_IN,7254.016,,
1780555120.1363378,VDD_CPU_GPU_CV,2558.4,,
1780555120.1363378,VDD_SOC,1774.08,,
1780555120.1363378,,,cpu-thermal,59.187
1780555120.1363378,,,gpu-thermal,59.375
1780555120.1363378,,,soc0-thermal,57.281
1780555120.1363378,,,soc1-thermal,56.687
1780555120.1363378,,,soc2-thermal,57.25
1780555120.1363378,,,tj-thermal,59.375
1780555120.2425425,VDD_IN,7214.592,,
1780555120.2425425,VDD_CPU_GPU_CV,2558.4,,
1780555120.2425425,VDD_SOC,1774.08,,
1780555120.2425425,,,cpu-thermal,58.843
1780555120.2425425,,,gpu-thermal,59.437
1780555120.2425425,,,soc0-thermal,57.343
1780555120.2425425,,,soc1-thermal,56.718
1780555120.2425425,,,soc2-thermal,57.375
1780555120.2425425,,,tj-thermal,59.437
1780555120.3481693,VDD_IN,7175.168,,
1780555120.3481693,VDD_CPU_GPU_CV,2514.944,,
1780555120.3481693,VDD_SOC,1771.2,,
1780555120.3481693,,,cpu-thermal,58.906
1780555120.3481693,,,gpu-thermal,59.593
1780555120.3481693,,,soc0-thermal,57.375
1780555120.3481693,,,soc1-thermal,56.781
1780555120.3481693,,,soc2-thermal,57.281
1780555120.3481693,,,tj-thermal,59.593
1780555120.45427,VDD_IN,7175.168,,
1780555120.45427,VDD_CPU_GPU_CV,2514.944,,
1780555120.45427,VDD_SOC,1731.84,,
1780555120.45427,,,cpu-thermal,59.125
1780555120.45427,,,gpu-thermal,59.406
1780555120.45427,,,soc0-thermal,57.468
1780555120.45427,,,soc1-thermal,56.656
1780555120.45427,,,soc2-thermal,57.375
1780555120.45427,,,tj-thermal,59.593
1780555120.5603595,VDD_IN,7135.744,,
1780555120.5603595,VDD_CPU_GPU_CV,2514.944,,
1780555120.5603595,VDD_SOC,1731.84,,
1780555120.5603595,,,cpu-thermal,59.156
1780555120.5603595,,,gpu-thermal,59.375
1780555120.5603595,,,soc0-thermal,57.375
1780555120.5603595,,,soc1-thermal,56.75
1780555120.5603595,,,soc2-thermal,57.25
1780555120.5603595,,,tj-thermal,59.468
1780555120.6660147,VDD_IN,7135.744,,
1780555120.6660147,VDD_CPU_GPU_CV,2514.944,,
1780555120.6660147,VDD_SOC,1731.84,,
1780555120.6660147,,,cpu-thermal,59.0
1780555120.6660147,,,gpu-thermal,59.625
1780555120.6660147,,,soc0-thermal,57.312
1780555120.6660147,,,soc1-thermal,56.718
1780555120.6660147,,,soc2-thermal,57.281
1780555120.6660147,,,tj-thermal,59.625
1780555120.7719295,VDD_IN,7135.744,,
1780555120.7719295,VDD_CPU_GPU_CV,2475.648,,
1780555120.7719295,VDD_SOC,1731.84,,
1780555120.7719295,,,cpu-thermal,59.062
1780555120.7719295,,,gpu-thermal,59.593
1780555120.7719295,,,soc0-thermal,57.375
1780555120.7719295,,,soc1-thermal,56.875
1780555120.7719295,,,soc2-thermal,57.437
1780555120.7719295,,,tj-thermal,59.593
1780555120.8776379,VDD_IN,7214.592,,
1780555120.8776379,VDD_CPU_GPU_CV,2519.04,,
1780555120.8776379,VDD_SOC,1774.08,,
1780555120.8776379,,,cpu-thermal,58.968
1780555120.8776379,,,gpu-thermal,59.531
1780555120.8776379,,,soc0-thermal,57.375
1780555120.8776379,,,soc1-thermal,56.687
1780555120.8776379,,,soc2-thermal,57.375
1780555120.8776379,,,tj-thermal,59.531
1780555120.983105,VDD_IN,7254.016,,
1780555120.983105,VDD_CPU_GPU_CV,2558.4,,
1780555120.983105,VDD_SOC,1774.08,,
1780555120.983105,,,cpu-thermal,58.812
1780555120.983105,,,gpu-thermal,59.687
1780555120.983105,,,soc0-thermal,57.343
1780555120.983105,,,soc1-thermal,56.75
1780555120.983105,,,soc2-thermal,57.312
1780555120.983105,,,tj-thermal,59.531
1780555121.088455,VDD_IN,7254.016,,
1780555121.088455,VDD_CPU_GPU_CV,2558.4,,
1780555121.088455,VDD_SOC,1774.08,,
1780555121.088455,,,cpu-thermal,59.031
1780555121.088455,,,gpu-thermal,59.625
1780555121.088455,,,soc0-thermal,57.406
1780555121.088455,,,soc1-thermal,56.812
1780555121.088455,,,soc2-thermal,57.343
1780555121.088455,,,tj-thermal,59.437
1780555121.1942146,VDD_IN,7214.592,,
1780555121.1942146,VDD_CPU_GPU_CV,2558.4,,
1780555121.1942146,VDD_SOC,1774.08,,
1780555121.1942146,,,cpu-thermal,59.0
1780555121.1942146,,,gpu-thermal,59.5
1780555121.1942146,,,soc0-thermal,57.468
1780555121.1942146,,,soc1-thermal,56.656
1780555121.1942146,,,soc2-thermal,57.531
1780555121.1942146,,,tj-thermal,59.5
1780555121.2998536,VDD_IN,7214.592,,
1780555121.2998536,VDD_CPU_GPU_CV,2519.04,,
1780555121.2998536,VDD_SOC,1774.08,,
1780555121.2998536,,,cpu-thermal,59.0
1780555121.2998536,,,gpu-thermal,59.468
1780555121.2998536,,,soc0-thermal,57.343
1780555121.2998536,,,soc1-thermal,56.687
1780555121.2998536,,,soc2-thermal,57.406
1780555121.2998536,,,tj-thermal,59.468
1780555121.4057837,VDD_IN,7175.168,,
1780555121.4057837,VDD_CPU_GPU_CV,2519.04,,
1780555121.4057837,VDD_SOC,1734.656,,
1780555121.4057837,,,cpu-thermal,59.0
1780555121.4057837,,,gpu-thermal,59.406
1780555121.4057837,,,soc0-thermal,57.406
1780555121.4057837,,,soc1-thermal,56.812
1780555121.4057837,,,soc2-thermal,57.343
1780555121.4057837,,,tj-thermal,59.406
1780555121.5114415,VDD_IN,7175.168,,
1780555121.5114415,VDD_CPU_GPU_CV,2519.04,,
1780555121.5114415,VDD_SOC,1731.84,,
1780555121.5114415,,,cpu-thermal,58.968
1780555121.5114415,,,gpu-thermal,59.781
1780555121.5114415,,,soc0-thermal,57.406
1780555121.5114415,,,soc1-thermal,56.937
1780555121.5114415,,,soc2-thermal,57.375
1780555121.5114415,,,tj-thermal,59.781
1780555121.6170185,VDD_IN,7175.168,,
1780555121.6170185,VDD_CPU_GPU_CV,2514.944,,
1780555121.6170185,VDD_SOC,1731.84,,
1780555121.6170185,,,cpu-thermal,59.375
1780555121.6170185,,,gpu-thermal,59.468
1780555121.6170185,,,soc0-thermal,57.468
1780555121.6170185,,,soc1-thermal,56.812
1780555121.6170185,,,soc2-thermal,57.406
1780555121.6170185,,,tj-thermal,59.625
1780555121.7227454,VDD_IN,7135.744,,
1780555121.7227454,VDD_CPU_GPU_CV,2514.944,,
1780555121.7227454,VDD_SOC,1731.84,,
1780555121.7227454,,,cpu-thermal,59.0
1780555121.7227454,,,gpu-thermal,59.406
1780555121.7227454,,,soc0-thermal,57.375
1780555121.7227454,,,soc1-thermal,56.843
1780555121.7227454,,,soc2-thermal,57.375
1780555121.7227454,,,tj-thermal,59.406
1780555121.8284416,VDD_IN,7175.168,,
1780555121.8284416,VDD_CPU_GPU_CV,2514.944,,
1780555121.8284416,VDD_SOC,1731.84,,
1780555121.8284416,,,cpu-thermal,59.062
1780555121.8284416,,,gpu-thermal,59.843
1780555121.8284416,,,soc0-thermal,57.437
1780555121.8284416,,,soc1-thermal,56.875
1780555121.8284416,,,soc2-thermal,57.312
1780555121.8284416,,,tj-thermal,59.843
1780555121.934004,VDD_IN,7254.016,,
1780555121.934004,VDD_CPU_GPU_CV,2558.4,,
1780555121.934004,VDD_SOC,1774.08,,
1780555121.934004,,,cpu-thermal,59.031
1780555121.934004,,,gpu-thermal,59.718
1780555121.934004,,,soc0-thermal,57.468
1780555121.934004,,,soc1-thermal,56.968
1780555121.934004,,,soc2-thermal,57.5
1780555121.934004,,,tj-thermal,59.718
1780555122.0396428,VDD_IN,7254.016,,
1780555122.0396428,VDD_CPU_GPU_CV,2558.4,,
1780555122.0396428,VDD_SOC,1774.08,,
1780555122.0396428,,,cpu-thermal,59.281
1780555122.0396428,,,gpu-thermal,59.562
1780555122.0396428,,,soc0-thermal,57.562
1780555122.0396428,,,soc1-thermal,56.75
1780555122.0396428,,,soc2-thermal,57.5
1780555122.0396428,,,tj-thermal,59.562
1780555122.145628,VDD_IN,7214.592,,
1780555122.145628,VDD_CPU_GPU_CV,2519.04,,
1780555122.145628,VDD_SOC,1774.08,,
1780555122.145628,,,cpu-thermal,59.031
1780555122.145628,,,gpu-thermal,59.718
1780555122.145628,,,soc0-thermal,57.468
1780555122.145628,,,soc1-thermal,56.812
1780555122.145628,,,soc2-thermal,57.468
1780555122.145628,,,tj-thermal,59.468
1780555122.2514572,VDD_IN,7214.592,,
1780555122.2514572,VDD_CPU_GPU_CV,2514.944,,
1780555122.2514572,VDD_SOC,1771.2,,
1780555122.2514572,,,cpu-thermal,59.093
1780555122.2514572,,,gpu-thermal,59.687
1780555122.2514572,,,soc0-thermal,57.468
1780555122.2514572,,,soc1-thermal,56.968
1780555122.2514572,,,soc2-thermal,57.468
1780555122.2514572,,,tj-thermal,59.468
1780555122.357113,VDD_IN,7175.168,,
1780555122.357113,VDD_CPU_GPU_CV,2514.944,,
1780555122.357113,VDD_SOC,1771.2,,
1780555122.357113,,,cpu-thermal,59.218
1780555122.357113,,,gpu-thermal,59.562
1780555122.357113,,,soc0-thermal,57.531
1780555122.357113,,,soc1-thermal,56.781
1780555122.357113,,,soc2-thermal,57.5
1780555122.357113,,,tj-thermal,59.562
1780555122.4629314,VDD_IN,7175.168,,
1780555122.4629314,VDD_CPU_GPU_CV,2514.944,,
1780555122.4629314,VDD_SOC,1731.84,,
1780555122.4629314,,,cpu-thermal,59.312
1780555122.4629314,,,gpu-thermal,59.468
1780555122.4629314,,,soc0-thermal,57.468
1780555122.4629314,,,soc1-thermal,56.812
1780555122.4629314,,,soc2-thermal,57.437
1780555122.4629314,,,tj-thermal,59.468
1780555122.56958,VDD_IN,7175.168,,
1780555122.56958,VDD_CPU_GPU_CV,2514.944,,
1780555122.56958,VDD_SOC,1731.84,,
1780555122.56958,,,cpu-thermal,59.093
1780555122.56958,,,gpu-thermal,59.5
1780555122.56958,,,soc0-thermal,57.468
1780555122.56958,,,soc1-thermal,56.906
1780555122.56958,,,soc2-thermal,57.375
1780555122.56958,,,tj-thermal,59.5
1780555122.6753817,VDD_IN,7135.744,,
1780555122.6753817,VDD_CPU_GPU_CV,2475.648,,
1780555122.6753817,VDD_SOC,1731.84,,
1780555122.6753817,,,cpu-thermal,59.218
1780555122.6753817,,,gpu-thermal,59.843
1780555122.6753817,,,soc0-thermal,57.531
1780555122.6753817,,,soc1-thermal,56.812
1780555122.6753817,,,soc2-thermal,57.562
1780555122.6753817,,,tj-thermal,59.843
1780555122.7815573,VDD_IN,7135.744,,
1780555122.7815573,VDD_CPU_GPU_CV,2475.648,,
1780555122.7815573,VDD_SOC,1731.84,,
1780555122.7815573,,,cpu-thermal,59.218
1780555122.7815573,,,gpu-thermal,59.812
1780555122.7815573,,,soc0-thermal,57.375
1780555122.7815573,,,soc1-thermal,56.843
1780555122.7815573,,,soc2-thermal,57.468
1780555122.7815573,,,tj-thermal,59.812
1780555122.887165,VDD_IN,7214.592,,
1780555122.887165,VDD_CPU_GPU_CV,2554.24,,
1780555122.887165,VDD_SOC,1774.08,,
1780555122.887165,,,cpu-thermal,59.0
1780555122.887165,,,gpu-thermal,59.656
1780555122.887165,,,soc0-thermal,57.468
1780555122.887165,,,soc1-thermal,56.875
1780555122.887165,,,soc2-thermal,57.5
1780555122.887165,,,tj-thermal,59.656
1780555122.9925094,VDD_IN,7293.44,,
1780555122.9925094,VDD_CPU_GPU_CV,2558.4,,
1780555122.9925094,VDD_SOC,1774.08,,
1780555122.9925094,,,cpu-thermal,59.0
1780555122.9925094,,,gpu-thermal,59.781
1780555122.9925094,,,soc0-thermal,57.5
1780555122.9925094,,,soc1-thermal,56.937
1780555122.9925094,,,soc2-thermal,57.531
1780555122.9925094,,,tj-thermal,59.687
1780555123.0982134,VDD_IN,7254.016,,
1780555123.0982134,VDD_CPU_GPU_CV,2558.4,,
1780555123.0982134,VDD_SOC,1774.08,,
1780555123.0982134,,,cpu-thermal,59.125
1780555123.0982134,,,gpu-thermal,59.718
1780555123.0982134,,,soc0-thermal,57.562
1780555123.0982134,,,soc1-thermal,56.812
1780555123.0982134,,,soc2-thermal,57.562
1780555123.0982134,,,tj-thermal,59.718
1780555123.2040517,VDD_IN,7254.016,,
1780555123.2040517,VDD_CPU_GPU_CV,2558.4,,
1780555123.2040517,VDD_SOC,1774.08,,
1780555123.2040517,,,cpu-thermal,59.093
1780555123.2040517,,,gpu-thermal,59.625
1780555123.2040517,,,soc0-thermal,57.531
1780555123.2040517,,,soc1-thermal,56.843
1780555123.2040517,,,soc2-thermal,57.5
1780555123.2040517,,,tj-thermal,59.625
1780555123.3094523,VDD_IN,7254.016,,
1780555123.3094523,VDD_CPU_GPU_CV,2558.4,,
1780555123.3094523,VDD_SOC,1774.08,,
1780555123.3094523,,,cpu-thermal,59.093
1780555123.3094523,,,gpu-thermal,59.656
1780555123.3094523,,,soc0-thermal,57.437
1780555123.3094523,,,soc1-thermal,56.968
1780555123.3094523,,,soc2-thermal,57.5
1780555123.3094523,,,tj-thermal,59.656
1780555123.4149463,VDD_IN,7214.592,,
1780555123.4149463,VDD_CPU_GPU_CV,2514.944,,
1780555123.4149463,VDD_SOC,1771.2,,
1780555123.4149463,,,cpu-thermal,59.218
1780555123.4149463,,,gpu-thermal,59.75
1780555123.4149463,,,soc0-thermal,57.562
1780555123.4149463,,,soc1-thermal,57.0
1780555123.4149463,,,soc2-thermal,57.531
1780555123.4149463,,,tj-thermal,59.593
1780555123.5205243,VDD_IN,7175.168,,
1780555123.5205243,VDD_CPU_GPU_CV,2514.944,,
1780555123.5205243,VDD_SOC,1771.2,,
1780555123.5205243,,,cpu-thermal,59.218
1780555123.5205243,,,gpu-thermal,59.593
1780555123.5205243,,,soc0-thermal,57.625
1780555123.5205243,,,soc1-thermal,56.812
1780555123.5205243,,,soc2-thermal,57.625
1780555123.5205243,,,tj-thermal,59.937
1780555123.6260629,VDD_IN,7175.168,,
1780555123.6260629,VDD_CPU_GPU_CV,2514.944,,
1780555123.6260629,VDD_SOC,1731.84,,
1780555123.6260629,,,cpu-thermal,59.156
1780555123.6260629,,,gpu-thermal,59.593
1780555123.6260629,,,soc0-thermal,57.468
1780555123.6260629,,,soc1-thermal,56.937
1780555123.6260629,,,soc2-thermal,57.437
1780555123.6260629,,,tj-thermal,59.593
1780555123.732145,VDD_IN,7135.744,,
1780555123.732145,VDD_CPU_GPU_CV,2514.944,,
1780555123.732145,VDD_SOC,1731.84,,
1780555123.732145,,,cpu-thermal,59.125
1780555123.732145,,,gpu-thermal,59.562
1780555123.732145,,,soc0-thermal,57.562
1780555123.732145,,,soc1-thermal,56.937
1780555123.732145,,,soc2-thermal,57.5
1780555123.732145,,,tj-thermal,59.562
1780555123.8375957,VDD_IN,7175.168,,
1780555123.8375957,VDD_CPU_GPU_CV,2514.944,,
1780555123.8375957,VDD_SOC,1771.2,,
1780555123.8375957,,,cpu-thermal,59.125
1780555123.8375957,,,gpu-thermal,60.0
1780555123.8375957,,,soc0-thermal,57.625
1780555123.8375957,,,soc1-thermal,57.093
1780555123.8375957,,,soc2-thermal,57.562
1780555123.8375957,,,tj-thermal,60.0
1780555123.9429204,VDD_IN,7254.016,,
1780555123.9429204,VDD_CPU_GPU_CV,2554.24,,
1780555123.9429204,VDD_SOC,1774.08,,
1780555123.9429204,,,cpu-thermal,59.406
1780555123.9429204,,,gpu-thermal,59.687
1780555123.9429204,,,soc0-thermal,57.625
1780555123.9429204,,,soc1-thermal,56.906
1780555123.9429204,,,soc2-thermal,57.687
1780555123.9429204,,,tj-thermal,59.906
1780555124.0484898,VDD_IN,7293.44,,
1780555124.0484898,VDD_CPU_GPU_CV,2558.4,,
1780555124.0484898,VDD_SOC,1774.08,,
1780555124.0484898,,,cpu-thermal,59.031
1780555124.0484898,,,gpu-thermal,59.593
1780555124.0484898,,,soc0-thermal,57.593
1780555124.0484898,,,soc1-thermal,57.0
1780555124.0484898,,,soc2-thermal,57.656
1780555124.0484898,,,tj-thermal,59.75
1780555124.1542318,VDD_IN,7254.016,,
1780555124.1542318,VDD_CPU_GPU_CV,2558.4,,
1780555124.1542318,VDD_SOC,1774.08,,
1780555124.1542318,,,cpu-thermal,59.156
1780555124.1542318,,,gpu-thermal,59.937
1780555124.1542318,,,soc0-thermal,57.562
1780555124.1542318,,,soc1-thermal,57.0
1780555124.1542318,,,soc2-thermal,57.562
1780555124.1542318,,,tj-thermal,59.937
1780555124.2600513,VDD_IN,7254.016,,
1780555124.2600513,VDD_CPU_GPU_CV,2519.04,,
1780555124.2600513,VDD_SOC,1774.08,,
1780555124.2600513,,,cpu-thermal,59.312
1780555124.2600513,,,gpu-thermal,59.781
1780555124.2600513,,,soc0-thermal,57.687
1780555124.2600513,,,soc1-thermal,56.906
1780555124.2600513,,,soc2-thermal,57.687
1780555124.2600513,,,tj-thermal,59.781
1780555124.366338,VDD_IN,7254.016,,
1780555124.366338,VDD_CPU_GPU_CV,2519.04,,
1780555124.366338,VDD_SOC,1774.08,,
1780555124.366338,,,cpu-thermal,59.5
1780555124.366338,,,gpu-thermal,59.687
1780555124.366338,,,soc0-thermal,57.593
1780555124.366338,,,soc1-thermal,56.968
1780555124.366338,,,soc2-thermal,57.562
1780555124.366338,,,tj-thermal,59.687
1780555124.472403,VDD_IN,7214.592,,
1780555124.472403,VDD_CPU_GPU_CV,2519.04,,
1780555124.472403,VDD_SOC,1734.656,,
1780555124.472403,,,cpu-thermal,59.468
1780555124.472403,,,gpu-thermal,59.718
1780555124.472403,,,soc0-thermal,57.5
1780555124.472403,,,soc1-thermal,57.062
1780555124.472403,,,soc2-thermal,57.656
1780555124.472403,,,tj-thermal,59.718
1780555124.5784895,VDD_IN,7214.592,,
1780555124.5784895,VDD_CPU_GPU_CV,2519.04,,
1780555124.5784895,VDD_SOC,1734.656,,
1780555124.5784895,,,cpu-thermal,59.218
1780555124.5784895,,,gpu-thermal,59.656
1780555124.5784895,,,soc0-thermal,57.593
1780555124.5784895,,,soc1-thermal,57.187
1780555124.5784895,,,soc2-thermal,57.593
1780555124.5784895,,,tj-thermal,59.656
1780555124.6840746,VDD_IN,7175.168,,
1780555124.6840746,VDD_CPU_GPU_CV,2519.04,,
1780555124.6840746,VDD_SOC,1734.656,,
1780555124.6840746,,,cpu-thermal,59.25
1780555124.6840746,,,gpu-thermal,59.968
1780555124.6840746,,,soc0-thermal,57.593
1780555124.6840746,,,soc1-thermal,56.937
1780555124.6840746,,,soc2-thermal,57.75
1780555124.6840746,,,tj-thermal,59.968
1780555124.7898357,VDD_IN,7175.168,,
1780555124.7898357,VDD_CPU_GPU_CV,2514.944,,
1780555124.7898357,VDD_SOC,1734.656,,
1780555124.7898357,,,cpu-thermal,59.125
1780555124.7898357,,,gpu-thermal,59.625
1780555124.7898357,,,soc0-thermal,57.593
1780555124.7898357,,,soc1-thermal,56.968
1780555124.7898357,,,soc2-thermal,57.531
1780555124.7898357,,,tj-thermal,59.906
1780555124.895818,VDD_IN,7254.016,,
1780555124.895818,VDD_CPU_GPU_CV,2558.4,,
1780555124.895818,VDD_SOC,1774.08,,
1780555124.895818,,,cpu-thermal,59.156
1780555124.895818,,,gpu-thermal,59.687
1780555124.895818,,,soc0-thermal,57.687
1780555124.895818,,,soc1-thermal,56.968
1780555124.895818,,,soc2-thermal,57.656
1780555124.895818,,,tj-thermal,59.812
1780555125.0016303,VDD_IN,7293.44,,
1780555125.0016303,VDD_CPU_GPU_CV,2597.76,,
1780555125.0016303,VDD_SOC,1774.08,,
1780555125.0016303,,,cpu-thermal,59.187
1780555125.0016303,,,gpu-thermal,60.062
1780555125.0016303,,,soc0-thermal,57.781
1780555125.0016303,,,soc1-thermal,56.875
1780555125.0016303,,,soc2-thermal,57.687
1780555125.0016303,,,tj-thermal,60.062
1780555125.106986,VDD_IN,7254.016,,
1780555125.106986,VDD_CPU_GPU_CV,2558.4,,
1780555125.106986,VDD_SOC,1774.08,,
1780555125.106986,,,cpu-thermal,59.25
1780555125.106986,,,gpu-thermal,59.937
1780555125.106986,,,soc0-thermal,57.656
1780555125.106986,,,soc1-thermal,56.968
1780555125.106986,,,soc2-thermal,57.625
1780555125.106986,,,tj-thermal,59.937
1780555125.2125988,VDD_IN,7214.592,,
1780555125.2125988,VDD_CPU_GPU_CV,2558.4,,
1780555125.2125988,VDD_SOC,1774.08,,
1780555125.2125988,,,cpu-thermal,59.156
1780555125.2125988,,,gpu-thermal,59.781
1780555125.2125988,,,soc0-thermal,57.593
1780555125.2125988,,,soc1-thermal,57.0
1780555125.2125988,,,soc2-thermal,57.625
1780555125.2125988,,,tj-thermal,59.781
1780555125.3183653,VDD_IN,7214.592,,
1780555125.3183653,VDD_CPU_GPU_CV,2519.04,,
1780555125.3183653,VDD_SOC,1774.08,,
1780555125.3183653,,,cpu-thermal,59.25
1780555125.3183653,,,gpu-thermal,60.0
1780555125.3183653,,,soc0-thermal,57.562
1780555125.3183653,,,soc1-thermal,57.156
1780555125.3183653,,,soc2-thermal,57.75
1780555125.3183653,,,tj-thermal,59.812
1780555125.4239385,VDD_IN,7175.168,,
1780555125.4239385,VDD_CPU_GPU_CV,2519.04,,
1780555125.4239385,VDD_SOC,1734.656,,
1780555125.4239385,,,cpu-thermal,59.218
1780555125.4239385,,,gpu-thermal,59.843
1780555125.4239385,,,soc0-thermal,57.781
1780555125.4239385,,,soc1-thermal,56.937
1780555125.4239385,,,soc2-thermal,57.75
1780555125.4239385,,,tj-thermal,59.843
1780555125.5295043,VDD_IN,7175.168,,
1780555125.5295043,VDD_CPU_GPU_CV,2519.04,,
1780555125.5295043,VDD_SOC,1734.656,,
1780555125.5295043,,,cpu-thermal,59.187
1780555125.5295043,,,gpu-thermal,59.843
1780555125.5295043,,,soc0-thermal,57.593
1780555125.5295043,,,soc1-thermal,56.968
1780555125.5295043,,,soc2-thermal,57.656
1780555125.5295043,,,tj-thermal,59.843
1780555125.6349409,VDD_IN,7175.168,,
1780555125.6349409,VDD_CPU_GPU_CV,2519.04,,
1780555125.6349409,VDD_SOC,1734.656,,
1780555125.6349409,,,cpu-thermal,59.218
1780555125.6349409,,,gpu-thermal,59.75
1780555125.6349409,,,soc0-thermal,57.718
1780555125.6349409,,,soc1-thermal,57.062
1780555125.6349409,,,soc2-thermal,57.718
1780555125.6349409,,,tj-thermal,59.75
1780555125.7407258,VDD_IN,7175.168,,
1780555125.7407258,VDD_CPU_GPU_CV,2519.04,,
1780555125.7407258,VDD_SOC,1734.656,,
1780555125.7407258,,,cpu-thermal,59.25
1780555125.7407258,,,gpu-thermal,59.718
1780555125.7407258,,,soc0-thermal,57.656
1780555125.7407258,,,soc1-thermal,57.156
1780555125.7407258,,,soc2-thermal,57.718
1780555125.7407258,,,tj-thermal,59.718
1780555125.8462536,VDD_IN,7175.168,,
1780555125.8462536,VDD_CPU_GPU_CV,2519.04,,
1780555125.8462536,VDD_SOC,1774.08,,
1780555125.8462536,,,cpu-thermal,59.437
1780555125.8462536,,,gpu-thermal,59.906
1780555125.8462536,,,soc0-thermal,57.718
1780555125.8462536,,,soc1-thermal,56.968
1780555125.8462536,,,soc2-thermal,57.781
1780555125.8462536,,,tj-thermal,60.093
1780555125.9518616,VDD_IN,7254.016,,
1780555125.9518616,VDD_CPU_GPU_CV,2558.4,,
1780555125.9518616,VDD_SOC,1774.08,,
1780555125.9518616,,,cpu-thermal,59.218
1780555125.9518616,,,gpu-thermal,59.812
1780555125.9518616,,,soc0-thermal,57.718
1780555125.9518616,,,soc1-thermal,57.0
1780555125.9518616,,,soc2-thermal,57.656
1780555125.9518616,,,tj-thermal,59.812
1780555126.0574722,VDD_IN,7254.016,,
1780555126.0574722,VDD_CPU_GPU_CV,2597.76,,
1780555126.0574722,VDD_SOC,1774.08,,
1780555126.0574722,,,cpu-thermal,59.218
1780555126.0574722,,,gpu-thermal,59.75
1780555126.0574722,,,soc0-thermal,57.75
1780555126.0574722,,,soc1-thermal,57.093
1780555126.0574722,,,soc2-thermal,57.687
1780555126.0574722,,,tj-thermal,59.75
1780555126.1629174,VDD_IN,7214.592,,
1780555126.1629174,VDD_CPU_GPU_CV,2558.4,,
1780555126.1629174,VDD_SOC,1774.08,,
1780555126.1629174,,,cpu-thermal,59.5
1780555126.1629174,,,gpu-thermal,60.218
1780555126.1629174,,,soc0-thermal,57.781
1780555126.1629174,,,soc1-thermal,57.156
1780555126.1629174,,,soc2-thermal,57.687
1780555126.1629174,,,tj-thermal,60.218
1780555126.2686722,VDD_IN,7214.592,,
1780555126.2686722,VDD_CPU_GPU_CV,2554.24,,
1780555126.2686722,VDD_SOC,1771.2,,
1780555126.2686722,,,cpu-thermal,59.562
1780555126.2686722,,,gpu-thermal,59.968
1780555126.2686722,,,soc0-thermal,57.687
1780555126.2686722,,,soc1-thermal,57.0
1780555126.2686722,,,soc2-thermal,57.875
1780555126.2686722,,,tj-thermal,59.968
1780555126.3744981,VDD_IN,7163.52,,
1780555126.3744981,VDD_CPU_GPU_CV,2514.944,,
1780555126.3744981,VDD_SOC,1771.2,,
1780555126.3744981,,,cpu-thermal,59.5
1780555126.3744981,,,gpu-thermal,59.781
1780555126.3744981,,,soc0-thermal,57.718
1780555126.3744981,,,soc1-thermal,57.062
1780555126.3744981,,,soc2-thermal,57.625
1780555126.3744981,,,tj-thermal,59.906
1780555126.479989,VDD_IN,7163.52,,
1780555126.479989,VDD_CPU_GPU_CV,2514.944,,
1780555126.479989,VDD_SOC,1771.2,,
1780555126.479989,,,cpu-thermal,59.343
1780555126.479989,,,gpu-thermal,60.031
1780555126.479989,,,soc0-thermal,57.781
1780555126.479989,,,soc1-thermal,57.125
1780555126.479989,,,soc2-thermal,57.781
1780555126.479989,,,tj-thermal,60.031
1780555126.5855782,VDD_IN,7175.168,,
1780555126.5855782,VDD_CPU_GPU_CV,2514.944,,
1780555126.5855782,VDD_SOC,1771.2,,
1780555126.5855782,,,cpu-thermal,59.375
1780555126.5855782,,,gpu-thermal,59.968
1780555126.5855782,,,soc0-thermal,57.843
1780555126.5855782,,,soc1-thermal,56.968
1780555126.5855782,,,soc2-thermal,57.75
1780555126.5855782,,,tj-thermal,59.968
1780555126.6912122,VDD_IN,7124.16,,
1780555126.6912122,VDD_CPU_GPU_CV,2514.944,,
1780555126.6912122,VDD_SOC,1731.84,,
1780555126.6912122,,,cpu-thermal,59.406
1780555126.6912122,,,gpu-thermal,59.781
1780555126.6912122,,,soc0-thermal,57.718
1780555126.6912122,,,soc1-thermal,57.093
1780555126.6912122,,,soc2-thermal,57.812
1780555126.6912122,,,tj-thermal,59.781
1780555126.796913,VDD_IN,7124.16,,
1780555126.796913,VDD_CPU_GPU_CV,2514.944,,
1780555126.796913,VDD_SOC,1771.2,,
1780555126.796913,,,cpu-thermal,59.343
1780555126.796913,,,gpu-thermal,59.812
1780555126.796913,,,soc0-thermal,57.875
1780555126.796913,,,soc1-thermal,57.125
1780555126.796913,,,soc2-thermal,57.718
1780555126.796913,,,tj-thermal,59.812
1780555126.902496,VDD_IN,7214.592,,
1780555126.902496,VDD_CPU_GPU_CV,2554.24,,
1780555126.902496,VDD_SOC,1771.2,,
1780555126.902496,,,cpu-thermal,59.343
1780555126.902496,,,gpu-thermal,60.062
1780555126.902496,,,soc0-thermal,57.812
1780555126.902496,,,soc1-thermal,57.156
1780555126.902496,,,soc2-thermal,57.781
1780555126.902496,,,tj-thermal,59.843
1780555127.008314,VDD_IN,7254.016,,
1780555127.008314,VDD_CPU_GPU_CV,2597.76,,
1780555127.008314,VDD_SOC,1774.08,,
1780555127.008314,,,cpu-thermal,59.406
1780555127.008314,,,gpu-thermal,59.937
1780555127.008314,,,soc0-thermal,57.812
1780555127.008314,,,soc1-thermal,57.062
1780555127.008314,,,soc2-thermal,57.875
1780555127.008314,,,tj-thermal,59.937
1780555127.1138864,VDD_IN,7254.016,,
1780555127.1138864,VDD_CPU_GPU_CV,2554.24,,
1780555127.1138864,VDD_SOC,1774.08,,
1780555127.1138864,,,cpu-thermal,59.531
1780555127.1138864,,,gpu-thermal,59.906
1780555127.1138864,,,soc0-thermal,57.781
1780555127.1138864,,,soc1-thermal,57.125
1780555127.1138864,,,soc2-thermal,57.718
1780555127.1138864,,,tj-thermal,59.906
1780555127.2197518,VDD_IN,7214.592,,
1780555127.2197518,VDD_CPU_GPU_CV,2554.24,,
1780555127.2197518,VDD_SOC,1774.08,,
1780555127.2197518,,,cpu-thermal,59.343
1780555127.2197518,,,gpu-thermal,59.687
1780555127.2197518,,,soc0-thermal,57.781
1780555127.2197518,,,soc1-thermal,57.218
1780555127.2197518,,,soc2-thermal,57.812
1780555127.2197518,,,tj-thermal,59.687
1780555127.325445,VDD_IN,7214.592,,
1780555127.325445,VDD_CPU_GPU_CV,2554.24,,
1780555127.325445,VDD_SOC,1771.2,,
1780555127.325445,,,cpu-thermal,59.375
1780555127.325445,,,gpu-thermal,60.125
1780555127.325445,,,soc0-thermal,57.843
1780555127.325445,,,soc1-thermal,57.343
1780555127.325445,,,soc2-thermal,57.812
1780555127.325445,,,tj-thermal,60.125
1780555127.4309714,VDD_IN,7175.168,,
1780555127.4309714,VDD_CPU_GPU_CV,2514.944,,
1780555127.4309714,VDD_SOC,1771.2,,
1780555127.4309714,,,cpu-thermal,59.406
1780555127.4309714,,,gpu-thermal,59.843
1780555127.4309714,,,soc0-thermal,57.937
1780555127.4309714,,,soc1-thermal,57.093
1780555127.4309714,,,soc2-thermal,57.906
1780555127.4309714,,,tj-thermal,60.062
1780555127.5365305,VDD_IN,7175.168,,
1780555127.5365305,VDD_CPU_GPU_CV,2514.944,,
1780555127.5365305,VDD_SOC,1771.2,,
1780555127.5365305,,,cpu-thermal,59.281
1780555127.5365305,,,gpu-thermal,59.812
1780555127.5365305,,,soc0-thermal,57.781
1780555127.5365305,,,soc1-thermal,57.156
1780555127.5365305,,,soc2-thermal,57.812
1780555127.5365305,,,tj-thermal,59.906
1780555127.6422532,VDD_IN,7163.52,,
1780555127.6422532,VDD_CPU_GPU_CV,2514.944,,
1780555127.6422532,VDD_SOC,1731.84,,
1780555127.6422532,,,cpu-thermal,59.312
1780555127.6422532,,,gpu-thermal,60.187
1780555127.6422532,,,soc0-thermal,57.875
1780555127.6422532,,,soc1-thermal,57.25
1780555127.6422532,,,soc2-thermal,57.906
1780555127.6422532,,,tj-thermal,60.187
1780555127.7477067,VDD_IN,7124.16,,
1780555127.7477067,VDD_CPU_GPU_CV,2514.944,,
1780555127.7477067,VDD_SOC,1731.84,,
1780555127.7477067,,,cpu-thermal,59.343
1780555127.7477067,,,gpu-thermal,60.0
1780555127.7477067,,,soc0-thermal,57.843
1780555127.7477067,,,soc1-thermal,57.218
1780555127.7477067,,,soc2-thermal,57.875
1780555127.7477067,,,tj-thermal,60.0
1780555127.8534987,VDD_IN,7214.592,,
1780555127.8534987,VDD_CPU_GPU_CV,2514.944,,
1780555127.8534987,VDD_SOC,1771.2,,
1780555127.8534987,,,cpu-thermal,59.343
1780555127.8534987,,,gpu-thermal,60.0
1780555127.8534987,,,soc0-thermal,57.75
1780555127.8534987,,,soc1-thermal,57.156
1780555127.8534987,,,soc2-thermal,57.843
1780555127.8534987,,,tj-thermal,60.0
1780555127.959423,VDD_IN,7293.44,,
1780555127.959423,VDD_CPU_GPU_CV,2554.24,,
1780555127.959423,VDD_SOC,1771.2,,
1780555127.959423,,,cpu-thermal,59.406
1780555127.959423,,,gpu-thermal,60.218
1780555127.959423,,,soc0-thermal,57.843
1780555127.959423,,,soc1-thermal,57.312
1780555127.959423,,,soc2-thermal,57.937
1780555127.959423,,,tj-thermal,59.937
1780555128.0649438,VDD_IN,7332.864,,
1780555128.0649438,VDD_CPU_GPU_CV,2593.536,,
1780555128.0649438,VDD_SOC,1771.2,,
1780555128.0649438,,,cpu-thermal,59.375
1780555128.0649438,,,gpu-thermal,60.062
1780555128.0649438,,,soc0-thermal,57.781
1780555128.0649438,,,soc1-thermal,57.343
1780555128.0649438,,,soc2-thermal,57.843
1780555128.0649438,,,tj-thermal,59.937
1780555128.171013,VDD_IN,7254.016,,
1780555128.171013,VDD_CPU_GPU_CV,2597.76,,
1780555128.171013,VDD_SOC,1774.08,,
1780555128.171013,,,cpu-thermal,59.656
1780555128.171013,,,gpu-thermal,59.937
1780555128.171013,,,soc0-thermal,58.0
1780555128.171013,,,soc1-thermal,57.218
1780555128.171013,,,soc2-thermal,57.906
1780555128.171013,,,tj-thermal,59.937
1780555128.2766802,VDD_IN,7214.592,,
1780555128.2766802,VDD_CPU_GPU_CV,2597.76,,
1780555128.2766802,VDD_SOC,1774.08,,
1780555128.2766802,,,cpu-thermal,59.718
1780555128.2766802,,,gpu-thermal,59.968
1780555128.2766802,,,soc0-thermal,57.843
1780555128.2766802,,,soc1-thermal,57.187
1780555128.2766802,,,soc2-thermal,57.843
1780555128.2766802,,,tj-thermal,59.968
1780555128.3821278,VDD_IN,7214.592,,
1780555128.3821278,VDD_CPU_GPU_CV,2558.4,,
1780555128.3821278,VDD_SOC,1774.08,,
1780555128.3821278,,,cpu-thermal,59.375
1780555128.3821278,,,gpu-thermal,59.875
1780555128.3821278,,,soc0-thermal,57.812
1780555128.3821278,,,soc1-thermal,57.25
1780555128.3821278,,,soc2-thermal,57.906
1780555128.3821278,,,tj-thermal,59.875
1780555128.4880612,VDD_IN,7214.592,,
1780555128.4880612,VDD_CPU_GPU_CV,2554.24,,
1780555128.4880612,VDD_SOC,1771.2,,
1780555128.4880612,,,cpu-thermal,59.5
1780555128.4880612,,,gpu-thermal,60.281
1780555128.4880612,,,soc0-thermal,57.875
1780555128.4880612,,,soc1-thermal,57.406
1780555128.4880612,,,soc2-thermal,57.937
1780555128.4880612,,,tj-thermal,60.281
1780555128.5937095,VDD_IN,7214.592,,
1780555128.5937095,VDD_CPU_GPU_CV,2554.24,,
1780555128.5937095,VDD_SOC,1771.2,,
1780555128.5937095,,,cpu-thermal,59.625
1780555128.5937095,,,gpu-thermal,59.937
1780555128.5937095,,,soc0-thermal,57.968
1780555128.5937095,,,soc1-thermal,57.125
1780555128.5937095,,,soc2-thermal,57.906
1780555128.5937095,,,tj-thermal,60.093
1780555128.6992009,VDD_IN,7175.168,,
1780555128.6992009,VDD_CPU_GPU_CV,2554.24,,
1780555128.6992009,VDD_SOC,1771.2,,
1780555128.6992009,,,cpu-thermal,59.656
1780555128.6992009,,,gpu-thermal,59.906
1780555128.6992009,,,soc0-thermal,57.75
1780555128.6992009,,,soc1-thermal,57.187
1780555128.6992009,,,soc2-thermal,57.843
1780555128.6992009,,,tj-thermal,60.031
1780555128.805366,VDD_IN,7163.52,,
1780555128.805366,VDD_CPU_GPU_CV,2514.944,,
1780555128.805366,VDD_SOC,1771.2,,
1780555128.805366,,,cpu-thermal,59.5
1780555128.805366,,,gpu-thermal,60.187
1780555128.805366,,,soc0-thermal,57.875
1780555128.805366,,,soc1-thermal,57.343
1780555128.805366,,,soc2-thermal,57.906
1780555128.805366,,,tj-thermal,60.187
1780555128.9109619,VDD_IN,7254.016,,
1780555128.9109619,VDD_CPU_GPU_CV,2558.4,,
1780555128.9109619,VDD_SOC,1774.08,,
1780555128.9109619,,,cpu-thermal,59.468
1780555128.9109619,,,gpu-thermal,60.218
1780555128.9109619,,,soc0-thermal,57.968
1780555128.9109619,,,soc1-thermal,57.218
1780555128.9109619,,,soc2-thermal,57.906
1780555128.9109619,,,tj-thermal,60.218
1780555129.0170105,VDD_IN,7293.44,,
1780555129.0170105,VDD_CPU_GPU_CV,2597.76,,
1780555129.0170105,VDD_SOC,1774.08,,
1780555129.0170105,,,cpu-thermal,59.531
1780555129.0170105,,,gpu-thermal,60.125
1780555129.0170105,,,soc0-thermal,57.937
1780555129.0170105,,,soc1-thermal,57.312
1780555129.0170105,,,soc2-thermal,57.875
1780555129.0170105,,,tj-thermal,60.125
1780555129.1228197,VDD_IN,7254.016,,
1780555129.1228197,VDD_CPU_GPU_CV,2597.76,,
1780555129.1228197,VDD_SOC,1774.08,,
1780555129.1228197,,,cpu-thermal,59.437
1780555129.1228197,,,gpu-thermal,60.093
1780555129.1228197,,,soc0-thermal,57.968
1780555129.1228197,,,soc1-thermal,57.281
1780555129.1228197,,,soc2-thermal,57.906
1780555129.1228197,,,tj-thermal,60.093
1780555129.2293897,VDD_IN,7214.592,,
1780555129.2293897,VDD_CPU_GPU_CV,2558.4,,
1780555129.2293897,VDD_SOC,1771.2,,
1780555129.2293897,,,cpu-thermal,59.5
1780555129.2293897,,,gpu-thermal,59.937
1780555129.2293897,,,soc0-thermal,58.0
1780555129.2293897,,,soc1-thermal,57.468
1780555129.2293897,,,soc2-thermal,57.968
1780555129.2293897,,,tj-thermal,59.937
1780555129.3350651,VDD_IN,7214.592,,
1780555129.3350651,VDD_CPU_GPU_CV,2558.4,,
1780555129.3350651,VDD_SOC,1774.08,,
1780555129.3350651,,,cpu-thermal,59.406
1780555129.3350651,,,gpu-thermal,60.343
1780555129.3350651,,,soc0-thermal,57.906
1780555129.3350651,,,soc1-thermal,57.25
1780555129.3350651,,,soc2-thermal,57.968
1780555129.3350651,,,tj-thermal,60.343
1780555129.4409275,VDD_IN,7175.168,,
1780555129.4409275,VDD_CPU_GPU_CV,2514.944,,
1780555129.4409275,VDD_SOC,1771.2,,
1780555129.4409275,,,cpu-thermal,59.468
1780555129.4409275,,,gpu-thermal,60.0
1780555129.4409275,,,soc0-thermal,57.906
1780555129.4409275,,,soc1-thermal,57.281
1780555129.4409275,,,soc2-thermal,57.875
1780555129.4409275,,,tj-thermal,60.187
1780555129.5464325,VDD_IN,7175.168,,
1780555129.5464325,VDD_CPU_GPU_CV,2514.944,,
1780555129.5464325,VDD_SOC,1731.84,,
1780555129.5464325,,,cpu-thermal,59.468
1780555129.5464325,,,gpu-thermal,59.937
1780555129.5464325,,,soc0-thermal,57.968
1780555129.5464325,,,soc1-thermal,57.406
1780555129.5464325,,,soc2-thermal,57.937
1780555129.5464325,,,tj-thermal,59.937
1780555129.6518834,VDD_IN,7135.744,,
1780555129.6518834,VDD_CPU_GPU_CV,2514.944,,
1780555129.6518834,VDD_SOC,1731.84,,
1780555129.6518834,,,cpu-thermal,59.531
1780555129.6518834,,,gpu-thermal,60.375
1780555129.6518834,,,soc0-thermal,57.968
1780555129.6518834,,,soc1-thermal,57.312
1780555129.6518834,,,soc2-thermal,57.906
1780555129.6518834,,,tj-thermal,60.375
1780555129.7576828,VDD_IN,7135.744,,
1780555129.7576828,VDD_CPU_GPU_CV,2514.944,,
1780555129.7576828,VDD_SOC,1731.84,,
1780555129.7576828,,,cpu-thermal,59.406
1780555129.7576828,,,gpu-thermal,60.218
1780555129.7576828,,,soc0-thermal,58.062
1780555129.7576828,,,soc1-thermal,57.375
1780555129.7576828,,,soc2-thermal,57.968
1780555129.7576828,,,tj-thermal,60.218
1780555129.8636653,VDD_IN,7175.168,,
1780555129.8636653,VDD_CPU_GPU_CV,2554.24,,
1780555129.8636653,VDD_SOC,1774.08,,
1780555129.8636653,,,cpu-thermal,59.468
1780555129.8636653,,,gpu-thermal,60.093
1780555129.8636653,,,soc0-thermal,57.937
1780555129.8636653,,,soc1-thermal,57.312
1780555129.8636653,,,soc2-thermal,58.0
1780555129.8636653,,,tj-thermal,60.093
1780555129.9691796,VDD_IN,7254.016,,
1780555129.9691796,VDD_CPU_GPU_CV,2597.76,,
1780555129.9691796,VDD_SOC,1774.08,,
1780555129.9691796,,,cpu-thermal,59.468
1780555129.9691796,,,gpu-thermal,60.406
1780555129.9691796,,,soc0-thermal,57.968
1780555129.9691796,,,soc1-thermal,57.468
1780555129.9691796,,,soc2-thermal,57.937
1780555129.9691796,,,tj-thermal,60.062
1780555130.0745807,VDD_IN,7254.016,,
1780555130.0745807,VDD_CPU_GPU_CV,2597.76,,
1780555130.0745807,VDD_SOC,1774.08,,
1780555130.0745807,,,cpu-thermal,59.562
1780555130.0745807,,,gpu-thermal,60.25
1780555130.0745807,,,soc0-thermal,58.031
1780555130.0745807,,,soc1-thermal,57.312
1780555130.0745807,,,soc2-thermal,58.0
1780555130.0745807,,,tj-thermal,60.25
1780555130.180141,VDD_IN,7214.592,,
1780555130.180141,VDD_CPU_GPU_CV,2593.536,,
1780555130.180141,VDD_SOC,1774.08,,
1780555130.180141,,,cpu-thermal,59.781
1780555130.180141,,,gpu-thermal,60.125
1780555130.180141,,,soc0-thermal,57.937
1780555130.180141,,,soc1-thermal,57.312
1780555130.180141,,,soc2-thermal,57.937
1780555130.180141,,,tj-thermal,60.125
1780555130.285627,VDD_IN,7214.592,,
1780555130.285627,VDD_CPU_GPU_CV,2593.536,,
1780555130.285627,VDD_SOC,1771.2,,
1780555130.285627,,,cpu-thermal,59.468
1780555130.285627,,,gpu-thermal,60.0
1780555130.285627,,,soc0-thermal,58.062
1780555130.285627,,,soc1-thermal,57.375
1780555130.285627,,,soc2-thermal,58.0
1780555130.285627,,,tj-thermal,60.0
1780555130.391353,VDD_IN,7202.88,,
1780555130.391353,VDD_CPU_GPU_CV,2554.24,,
1780555130.391353,VDD_SOC,1771.2,,
1780555130.391353,,,cpu-thermal,59.593
1780555130.391353,,,gpu-thermal,59.937
1780555130.391353,,,soc0-thermal,58.031
1780555130.391353,,,soc1-thermal,57.468
1780555130.391353,,,soc2-thermal,58.0
1780555130.391353,,,tj-thermal,59.937
1780555130.4970663,VDD_IN,7163.52,,
1780555130.4970663,VDD_CPU_GPU_CV,2554.24,,
1780555130.4970663,VDD_SOC,1771.2,,
1780555130.4970663,,,cpu-thermal,59.687
1780555130.4970663,,,gpu-thermal,60.125
1780555130.4970663,,,soc0-thermal,58.062
1780555130.4970663,,,soc1-thermal,57.312
1780555130.4970663,,,soc2-thermal,58.0
1780555130.4970663,,,tj-thermal,60.437
1780555130.6026578,VDD_IN,7163.52,,
1780555130.6026578,VDD_CPU_GPU_CV,2514.944,,
1780555130.6026578,VDD_SOC,1731.84,,
1780555130.6026578,,,cpu-thermal,59.843
1780555130.6026578,,,gpu-thermal,60.0
1780555130.6026578,,,soc0-thermal,57.968
1780555130.6026578,,,soc1-thermal,57.437
1780555130.6026578,,,soc2-thermal,58.0
1780555130.6026578,,,tj-thermal,60.0
1780555130.708635,VDD_IN,7163.52,,
1780555130.708635,VDD_CPU_GPU_CV,2514.944,,
1780555130.708635,VDD_SOC,1731.84,,
1780555130.708635,,,cpu-thermal,59.593
1780555130.708635,,,gpu-thermal,59.968
1780555130.708635,,,soc0-thermal,58.0
1780555130.708635,,,soc1-thermal,57.5
1780555130.708635,,,soc2-thermal,58.0
1780555130.708635,,,tj-thermal,59.968
1780555130.8142042,VDD_IN,7163.52,,
1780555130.8142042,VDD_CPU_GPU_CV,2514.944,,
1780555130.8142042,VDD_SOC,1731.84,,
1780555130.8142042,,,cpu-thermal,59.593
1780555130.8142042,,,gpu-thermal,60.406
1780555130.8142042,,,soc0-thermal,58.031
1780555130.8142042,,,soc1-thermal,57.468
1780555130.8142042,,,soc2-thermal,58.0
1780555130.8142042,,,tj-thermal,60.406
1780555130.9199402,VDD_IN,7254.016,,
1780555130.9199402,VDD_CPU_GPU_CV,2554.24,,
1780555130.9199402,VDD_SOC,1771.2,,
1780555130.9199402,,,cpu-thermal,59.687
1780555130.9199402,,,gpu-thermal,60.312
1780555130.9199402,,,soc0-thermal,57.968
1780555130.9199402,,,soc1-thermal,57.312
1780555130.9199402,,,soc2-thermal,58.031
1780555130.9199402,,,tj-thermal,60.312
1780555131.0253558,VDD_IN,7254.016,,
1780555131.0253558,VDD_CPU_GPU_CV,2597.76,,
1780555131.0253558,VDD_SOC,1771.2,,
1780555131.0253558,,,cpu-thermal,59.468
1780555131.0253558,,,gpu-thermal,60.0
1780555131.0253558,,,soc0-thermal,58.031
1780555131.0253558,,,soc1-thermal,57.406
1780555131.0253558,,,soc2-thermal,58.031
1780555131.0253558,,,tj-thermal,60.156
1780555131.131085,VDD_IN,7254.016,,
1780555131.131085,VDD_CPU_GPU_CV,2554.24,,
1780555131.131085,VDD_SOC,1771.2,,
1780555131.131085,,,cpu-thermal,59.656
1780555131.131085,,,gpu-thermal,60.375
1780555131.131085,,,soc0-thermal,58.031
1780555131.131085,,,soc1-thermal,57.468
1780555131.131085,,,soc2-thermal,58.031
1780555131.131085,,,tj-thermal,60.375
1780555131.236777,VDD_IN,7214.592,,
1780555131.236777,VDD_CPU_GPU_CV,2554.24,,
1780555131.236777,VDD_SOC,1771.2,,
1780555131.236777,,,cpu-thermal,59.687
1780555131.236777,,,gpu-thermal,60.25
1780555131.236777,,,soc0-thermal,58.093
1780555131.236777,,,soc1-thermal,57.375
1780555131.236777,,,soc2-thermal,58.031
1780555131.236777,,,tj-thermal,60.25
1780555131.342661,VDD_IN,7214.592,,
1780555131.342661,VDD_CPU_GPU_CV,2514.944,,
1780555131.342661,VDD_SOC,1731.84,,
1780555131.342661,,,cpu-thermal,59.625
1780555131.342661,,,gpu-thermal,60.187
1780555131.342661,,,soc0-thermal,58.031
1780555131.342661,,,soc1-thermal,57.375
1780555131.342661,,,soc2-thermal,58.0
1780555131.342661,,,tj-thermal,60.187
1780555131.4482763,VDD_IN,7214.592,,
1780555131.4482763,VDD_CPU_GPU_CV,2514.944,,
1780555131.4482763,VDD_SOC,1731.84,,
1780555131.4482763,,,cpu-thermal,59.656
1780555131.4482763,,,gpu-thermal,60.125
1780555131.4482763,,,soc0-thermal,57.968
1780555131.4482763,,,soc1-thermal,57.406
1780555131.4482763,,,soc2-thermal,58.031
1780555131.4482763,,,tj-thermal,60.125
1780555131.553998,VDD_IN,7175.168,,
1780555131.553998,VDD_CPU_GPU_CV,2514.944,,
1780555131.553998,VDD_SOC,1731.84,,
1780555131.553998,,,cpu-thermal,59.656
1780555131.553998,,,gpu-thermal,60.093
1780555131.553998,,,soc0-thermal,58.125
1780555131.553998,,,soc1-thermal,57.468
1780555131.553998,,,soc2-thermal,58.125
1780555131.553998,,,tj-thermal,60.093
1780555131.659918,VDD_IN,7320.96,,
1780555131.659918,VDD_CPU_GPU_CV,2672.128,,
1780555131.659918,VDD_SOC,1731.84,,
1780555131.659918,,,cpu-thermal,59.906
1780555131.659918,,,gpu-thermal,59.937
1780555131.659918,,,soc0-thermal,58.187
1780555131.659918,,,soc1-thermal,57.375
1780555131.659918,,,soc2-thermal,58.031
1780555131.659918,,,tj-thermal,59.937
1780555131.7668624,VDD_IN,7675.2,,
1780555131.7668624,VDD_CPU_GPU_CV,2942.4,,
1780555131.7668624,VDD_SOC,1771.2,,
1780555131.7668624,,,cpu-thermal,60.062
1780555131.7668624,,,gpu-thermal,60.281
1780555131.7668624,,,soc0-thermal,58.093
1780555131.7668624,,,soc1-thermal,57.5
1780555131.7668624,,,soc2-thermal,58.218
1780555131.7668624,,,tj-thermal,60.281
1780555131.8773167,VDD_IN,8029.44,,
1780555131.8773167,VDD_CPU_GPU_CV,3177.792,,
1780555131.8773167,VDD_SOC,1807.616,,
1780555131.8773167,,,cpu-thermal,60.281
1780555131.8773167,,,gpu-thermal,60.218
1780555131.8773167,,,soc0-thermal,58.062
1780555131.8773167,,,soc1-thermal,57.406
1780555131.8773167,,,soc2-thermal,58.312
1780555131.8773167,,,tj-thermal,60.281
1780555131.9833252,VDD_IN,8108.16,,
1780555131.9833252,VDD_CPU_GPU_CV,3177.792,,
1780555131.9833252,VDD_SOC,1807.616,,
1780555131.9833252,,,cpu-thermal,60.093
1780555131.9833252,,,gpu-thermal,60.5
1780555131.9833252,,,soc0-thermal,58.093
1780555131.9833252,,,soc1-thermal,57.5
1780555131.9833252,,,soc2-thermal,58.062
1780555131.9833252,,,tj-thermal,60.5
1780555132.0897164,VDD_IN,7950.72,,
1780555132.0897164,VDD_CPU_GPU_CV,3060.096,,
1780555132.0897164,VDD_SOC,1810.56,,
1780555132.0897164,,,cpu-thermal,59.718
1780555132.0897164,,,gpu-thermal,60.375
1780555132.0897164,,,soc0-thermal,58.156
1780555132.0897164,,,soc1-thermal,57.531
1780555132.0897164,,,soc2-thermal,58.187
1780555132.0897164,,,tj-thermal,60.375
1780555132.195894,VDD_IN,7832.64,,
1780555132.195894,VDD_CPU_GPU_CV,2942.4,,
1780555132.195894,VDD_SOC,1810.56,,
1780555132.195894,,,cpu-thermal,59.718
1780555132.195894,,,gpu-thermal,60.218
1780555132.195894,,,soc0-thermal,58.218
1780555132.195894,,,soc1-thermal,57.468
1780555132.195894,,,soc2-thermal,58.125
1780555132.195894,,,tj-thermal,60.312
1780555132.3017268,VDD_IN,7753.92,,
1780555132.3017268,VDD_CPU_GPU_CV,2903.168,,
1780555132.3017268,VDD_SOC,1807.616,,
1780555132.3017268,,,cpu-thermal,59.812
1780555132.3017268,,,gpu-thermal,60.468
1780555132.3017268,,,soc0-thermal,58.125
1780555132.3017268,,,soc1-thermal,57.468
1780555132.3017268,,,soc2-thermal,58.125
1780555132.3017268,,,tj-thermal,60.156
1780555132.4086828,VDD_IN,7714.56,,
1780555132.4086828,VDD_CPU_GPU_CV,2863.936,,
1780555132.4086828,VDD_SOC,1810.56,,
1780555132.4086828,,,cpu-thermal,59.781
1780555132.4086828,,,gpu-thermal,60.375
1780555132.4086828,,,soc0-thermal,58.093
1780555132.4086828,,,soc1-thermal,57.593
1780555132.4086828,,,soc2-thermal,58.156
1780555132.4086828,,,tj-thermal,60.187
1780555132.5143144,VDD_IN,7635.84,,
1780555132.5143144,VDD_CPU_GPU_CV,2790.016,,
1780555132.5143144,VDD_SOC,1810.56,,
1780555132.5143144,,,cpu-thermal,59.718
1780555132.5143144,,,gpu-thermal,60.25
1780555132.5143144,,,soc0-thermal,58.156
1780555132.5143144,,,soc1-thermal,57.468
1780555132.5143144,,,soc2-thermal,58.187
1780555132.5143144,,,tj-thermal,60.25
1780555132.6201265,VDD_IN,7596.48,,
1780555132.6201265,VDD_CPU_GPU_CV,2790.016,,
1780555132.6201265,VDD_SOC,1810.56,,
1780555132.6201265,,,cpu-thermal,60.093
1780555132.6201265,,,gpu-thermal,60.25
1780555132.6201265,,,soc0-thermal,58.25
1780555132.6201265,,,soc1-thermal,57.468
1780555132.6201265,,,soc2-thermal,58.125
1780555132.6201265,,,tj-thermal,60.25
1780555132.7260852,VDD_IN,7596.48,,
1780555132.7260852,VDD_CPU_GPU_CV,2746.24,,
1780555132.7260852,VDD_SOC,1810.56,,
1780555132.7260852,,,cpu-thermal,59.781
1780555132.7260852,,,gpu-thermal,60.25
1780555132.7260852,,,soc0-thermal,58.093
1780555132.7260852,,,soc1-thermal,57.593
1780555132.7260852,,,soc2-thermal,58.156
1780555132.7260852,,,tj-thermal,60.25
1780555132.8320959,VDD_IN,7557.12,,
1780555132.8320959,VDD_CPU_GPU_CV,2750.72,,
1780555132.8320959,VDD_SOC,1810.56,,
1780555132.8320959,,,cpu-thermal,59.781
1780555132.8320959,,,gpu-thermal,60.593
1780555132.8320959,,,soc0-thermal,58.125
1780555132.8320959,,,soc1-thermal,57.656
1780555132.8320959,,,soc2-thermal,58.218
1780555132.8320959,,,tj-thermal,60.593
1780555132.93791,VDD_IN,7557.12,,
1780555132.93791,VDD_CPU_GPU_CV,2711.424,,
1780555132.93791,VDD_SOC,1810.56,,
1780555132.93791,,,cpu-thermal,59.843
1780555132.93791,,,gpu-thermal,60.5
1780555132.93791,,,soc0-thermal,58.343
1780555132.93791,,,soc1-thermal,57.531
1780555132.93791,,,soc2-thermal,58.25
1780555132.93791,,,tj-thermal,60.5
1780555133.0436928,VDD_IN,7557.12,,
1780555133.0436928,VDD_CPU_GPU_CV,2711.424,,
1780555133.0436928,VDD_SOC,1810.56,,
1780555133.0436928,,,cpu-thermal,60.031
1780555133.0436928,,,gpu-thermal,60.187
1780555133.0436928,,,soc0-thermal,58.125
1780555133.0436928,,,soc1-thermal,57.5
1780555133.0436928,,,soc2-thermal,58.187
1780555133.0436928,,,tj-thermal,60.375
1780555133.1492434,VDD_IN,7517.76,,
1780555133.1492434,VDD_CPU_GPU_CV,2711.424,,
1780555133.1492434,VDD_SOC,1810.56,,
1780555133.1492434,,,cpu-thermal,59.75
1780555133.1492434,,,gpu-thermal,60.656
1780555133.1492434,,,soc0-thermal,58.156
1780555133.1492434,,,soc1-thermal,57.562
1780555133.1492434,,,soc2-thermal,58.187
1780555133.1492434,,,tj-thermal,60.281
1780555133.2549944,VDD_IN,7517.76,,
1780555133.2549944,VDD_CPU_GPU_CV,2711.424,,
1780555133.2549944,VDD_SOC,1810.56,,
1780555133.2549944,,,cpu-thermal,59.781
1780555133.2549944,,,gpu-thermal,60.468
1780555133.2549944,,,soc0-thermal,58.218
1780555133.2549944,,,soc1-thermal,57.625
1780555133.2549944,,,soc2-thermal,58.25
1780555133.2549944,,,tj-thermal,60.468
1780555133.3606956,VDD_IN,7517.76,,
1780555133.3606956,VDD_CPU_GPU_CV,2711.424,,
1780555133.3606956,VDD_SOC,1810.56,,
1780555133.3606956,,,cpu-thermal,59.875
1780555133.3606956,,,gpu-thermal,60.375
1780555133.3606956,,,soc0-thermal,58.281
1780555133.3606956,,,soc1-thermal,57.468
1780555133.3606956,,,soc2-thermal,58.312
1780555133.3606956,,,tj-thermal,60.375
1780555133.4664388,VDD_IN,7478.4,,
1780555133.4664388,VDD_CPU_GPU_CV,2672.128,,
1780555133.4664388,VDD_SOC,1810.56,,
1780555133.4664388,,,cpu-thermal,59.937
1780555133.4664388,,,gpu-thermal,60.312
1780555133.4664388,,,soc0-thermal,58.125
1780555133.4664388,,,soc1-thermal,57.531
1780555133.4664388,,,soc2-thermal,58.312
1780555133.4664388,,,tj-thermal,60.312
1780555133.5721893,VDD_IN,7478.4,,
1780555133.5721893,VDD_CPU_GPU_CV,2672.128,,
1780555133.5721893,VDD_SOC,1810.56,,
1780555133.5721893,,,cpu-thermal,59.687
1780555133.5721893,,,gpu-thermal,60.312
1780555133.5721893,,,soc0-thermal,58.187
1780555133.5721893,,,soc1-thermal,57.562
1780555133.5721893,,,soc2-thermal,58.25
1780555133.5721893,,,tj-thermal,60.312
1780555133.6778967,VDD_IN,7478.4,,
1780555133.6778967,VDD_CPU_GPU_CV,2672.128,,
1780555133.6778967,VDD_SOC,1810.56,,
1780555133.6778967,,,cpu-thermal,59.812
1780555133.6778967,,,gpu-thermal,60.437
1780555133.6778967,,,soc0-thermal,58.25
1780555133.6778967,,,soc1-thermal,57.5
1780555133.6778967,,,soc2-thermal,58.25
1780555133.6778967,,,tj-thermal,60.312
1780555133.7834358,VDD_IN,7517.76,,
1780555133.7834358,VDD_CPU_GPU_CV,2672.128,,
1780555133.7834358,VDD_SOC,1810.56,,
1780555133.7834358,,,cpu-thermal,60.0
1780555133.7834358,,,gpu-thermal,60.375
1780555133.7834358,,,soc0-thermal,58.187
1780555133.7834358,,,soc1-thermal,57.468
1780555133.7834358,,,soc2-thermal,58.406
1780555133.7834358,,,tj-thermal,60.375
1780555133.8890932,VDD_IN,7517.76,,
1780555133.8890932,VDD_CPU_GPU_CV,2672.128,,
1780555133.8890932,VDD_SOC,1810.56,,
1780555133.8890932,,,cpu-thermal,59.75
1780555133.8890932,,,gpu-thermal,60.281
1780555133.8890932,,,soc0-thermal,58.25
1780555133.8890932,,,soc1-thermal,57.687
1780555133.8890932,,,soc2-thermal,58.218
1780555133.8890932,,,tj-thermal,60.281
1780555133.995083,VDD_IN,7478.4,,
1780555133.995083,VDD_CPU_GPU_CV,2711.424,,
1780555133.995083,VDD_SOC,1810.56,,
1780555133.995083,,,cpu-thermal,59.812
1780555133.995083,,,gpu-thermal,60.687
1780555133.995083,,,soc0-thermal,58.281
1780555133.995083,,,soc1-thermal,57.718
1780555133.995083,,,soc2-thermal,58.25
1780555133.995083,,,tj-thermal,60.687
1780555134.1012118,VDD_IN,7439.04,,
1780555134.1012118,VDD_CPU_GPU_CV,2672.128,,
1780555134.1012118,VDD_SOC,1810.56,,
1780555134.1012118,,,cpu-thermal,59.718
1780555134.1012118,,,gpu-thermal,60.406
1780555134.1012118,,,soc0-thermal,58.156
1780555134.1012118,,,soc1-thermal,57.531
1780555134.1012118,,,soc2-thermal,58.218
1780555134.1012118,,,tj-thermal,60.406
1780555134.208242,VDD_IN,7557.12,,
1780555134.208242,VDD_CPU_GPU_CV,2750.72,,
1780555134.208242,VDD_SOC,1810.56,,
1780555134.208242,,,cpu-thermal,59.875
1780555134.208242,,,gpu-thermal,60.437
1780555134.208242,,,soc0-thermal,58.156
1780555134.208242,,,soc1-thermal,57.593
1780555134.208242,,,soc2-thermal,58.281
1780555134.208242,,,tj-thermal,60.437
1780555134.3141239,VDD_IN,7439.04,,
1780555134.3141239,VDD_CPU_GPU_CV,2711.424,,
1780555134.3141239,VDD_SOC,1810.56,,
1780555134.3141239,,,cpu-thermal,59.812
1780555134.3141239,,,gpu-thermal,60.375
1780555134.3141239,,,soc0-thermal,58.25
1780555134.3141239,,,soc1-thermal,57.75
1780555134.3141239,,,soc2-thermal,58.406
1780555134.3141239,,,tj-thermal,60.375
1780555134.4203873,VDD_IN,7399.68,,
1780555134.4203873,VDD_CPU_GPU_CV,2672.128,,
1780555134.4203873,VDD_SOC,1810.56,,
1780555134.4203873,,,cpu-thermal,60.156
1780555134.4203873,,,gpu-thermal,60.281
1780555134.4203873,,,soc0-thermal,58.406
1780555134.4203873,,,soc1-thermal,57.593
1780555134.4203873,,,soc2-thermal,58.406
1780555134.4203873,,,tj-thermal,60.281
1780555134.5273228,VDD_IN,7439.04,,
1780555134.5273228,VDD_CPU_GPU_CV,2711.424,,
1780555134.5273228,VDD_SOC,1771.2,,
1780555134.5273228,,,cpu-thermal,60.343
1780555134.5273228,,,gpu-thermal,60.281
1780555134.5273228,,,soc0-thermal,58.187
1780555134.5273228,,,soc1-thermal,57.531
1780555134.5273228,,,soc2-thermal,58.281
1780555134.5273228,,,tj-thermal,60.281
1780555134.6333282,VDD_IN,7439.04,,
1780555134.6333282,VDD_CPU_GPU_CV,2672.128,,
1780555134.6333282,VDD_SOC,1771.2,,
1780555134.6333282,,,cpu-thermal,59.968
1780555134.6333282,,,gpu-thermal,60.625
1780555134.6333282,,,soc0-thermal,58.281
1780555134.6333282,,,soc1-thermal,57.625
1780555134.6333282,,,soc2-thermal,58.312
1780555134.6333282,,,tj-thermal,60.625
1780555134.7393296,VDD_IN,7399.68,,
1780555134.7393296,VDD_CPU_GPU_CV,2672.128,,
1780555134.7393296,VDD_SOC,1771.2,,
1780555134.7393296,,,cpu-thermal,59.968
1780555134.7393296,,,gpu-thermal,60.406
1780555134.7393296,,,soc0-thermal,58.375
1780555134.7393296,,,soc1-thermal,57.531
1780555134.7393296,,,soc2-thermal,58.343
1780555134.7393296,,,tj-thermal,60.406
1780555134.8452935,VDD_IN,7399.68,,
1780555134.8452935,VDD_CPU_GPU_CV,2672.128,,
1780555134.8452935,VDD_SOC,1771.2,,
1780555134.8452935,,,cpu-thermal,60.093
1780555134.8452935,,,gpu-thermal,60.437
1780555134.8452935,,,soc0-thermal,58.187
1780555134.8452935,,,soc1-thermal,57.562
1780555134.8452935,,,soc2-thermal,58.187
1780555134.8452935,,,tj-thermal,60.437
1780555134.951059,VDD_IN,7439.04,,
1780555134.951059,VDD_CPU_GPU_CV,2672.128,,
1780555134.951059,VDD_SOC,1771.2,,
1780555134.951059,,,cpu-thermal,59.937
1780555134.951059,,,gpu-thermal,60.593
1780555134.951059,,,soc0-thermal,58.312
1780555134.951059,,,soc1-thermal,57.656
1780555134.951059,,,soc2-thermal,58.343
1780555134.951059,,,tj-thermal,60.468
1780555135.057381,VDD_IN,7490.56,,
1780555135.057381,VDD_CPU_GPU_CV,2711.424,,
1780555135.057381,VDD_SOC,1810.56,,
1780555135.057381,,,cpu-thermal,60.0
1780555135.057381,,,gpu-thermal,60.437
1780555135.057381,,,soc0-thermal,58.343
1780555135.057381,,,soc1-thermal,57.75
1780555135.057381,,,soc2-thermal,58.468
1780555135.057381,,,tj-thermal,60.281
1780555135.1633434,VDD_IN,7478.4,,
1780555135.1633434,VDD_CPU_GPU_CV,2672.128,,
1780555135.1633434,VDD_SOC,1771.2,,
1780555135.1633434,,,cpu-thermal,60.062
1780555135.1633434,,,gpu-thermal,60.406
1780555135.1633434,,,soc0-thermal,58.312
1780555135.1633434,,,soc1-thermal,57.593
1780555135.1633434,,,soc2-thermal,58.281
1780555135.1633434,,,tj-thermal,60.656
1780555135.2693877,VDD_IN,7439.04,,
1780555135.2693877,VDD_CPU_GPU_CV,2632.832,,
1780555135.2693877,VDD_SOC,1771.2,,
1780555135.2693877,,,cpu-thermal,59.875
1780555135.2693877,,,gpu-thermal,60.312
1780555135.2693877,,,soc0-thermal,58.343
1780555135.2693877,,,soc1-thermal,57.687
1780555135.2693877,,,soc2-thermal,58.375
1780555135.2693877,,,tj-thermal,60.312
1780555135.3751733,VDD_IN,7360.32,,
1780555135.3751733,VDD_CPU_GPU_CV,2632.832,,
1780555135.3751733,VDD_SOC,1771.2,,
1780555135.3751733,,,cpu-thermal,59.906
1780555135.3751733,,,gpu-thermal,60.406
1780555135.3751733,,,soc0-thermal,58.343
1780555135.3751733,,,soc1-thermal,57.718
1780555135.3751733,,,soc2-thermal,58.375
1780555135.3751733,,,tj-thermal,60.406
1780555135.4811678,VDD_IN,7332.864,,
1780555135.4811678,VDD_CPU_GPU_CV,2593.536,,
1780555135.4811678,VDD_SOC,1771.2,,
1780555135.4811678,,,cpu-thermal,60.125
1780555135.4811678,,,gpu-thermal,60.656
1780555135.4811678,,,soc0-thermal,58.406
1780555135.4811678,,,soc1-thermal,57.593
1780555135.4811678,,,soc2-thermal,58.343
1780555135.4811678,,,tj-thermal,60.656
1780555135.5872512,VDD_IN,7293.44,,
1780555135.5872512,VDD_CPU_GPU_CV,2554.24,,
1780555135.5872512,VDD_SOC,1771.2,,
1780555135.5872512,,,cpu-thermal,59.781
1780555135.5872512,,,gpu-thermal,60.531
1780555135.5872512,,,soc0-thermal,58.406
1780555135.5872512,,,soc1-thermal,57.625
1780555135.5872512,,,soc2-thermal,58.281
1780555135.5872512,,,tj-thermal,60.531
1780555135.6928923,VDD_IN,7254.016,,
1780555135.6928923,VDD_CPU_GPU_CV,2514.944,,
1780555135.6928923,VDD_SOC,1771.2,,
1780555135.6928923,,,cpu-thermal,59.875
1780555135.6928923,,,gpu-thermal,60.437
1780555135.6928923,,,soc0-thermal,58.281
1780555135.6928923,,,soc1-thermal,57.687
1780555135.6928923,,,soc2-thermal,58.406
1780555135.6928923,,,tj-thermal,60.437
1780555135.7985506,VDD_IN,7254.016,,
1780555135.7985506,VDD_CPU_GPU_CV,2554.24,,
1780555135.7985506,VDD_SOC,1771.2,,
1780555135.7985506,,,cpu-thermal,60.062
1780555135.7985506,,,gpu-thermal,60.781
1780555135.7985506,,,soc0-thermal,58.375
1780555135.7985506,,,soc1-thermal,57.875
1780555135.7985506,,,soc2-thermal,58.5
1780555135.7985506,,,tj-thermal,60.437
1780555135.9045513,VDD_IN,7332.864,,
1780555135.9045513,VDD_CPU_GPU_CV,2554.24,,
1780555135.9045513,VDD_SOC,1774.08,,
1780555135.9045513,,,cpu-thermal,60.125
1780555135.9045513,,,gpu-thermal,60.531
1780555135.9045513,,,soc0-thermal,58.281
1780555135.9045513,,,soc1-thermal,57.656
1780555135.9045513,,,soc2-thermal,58.468
1780555135.9045513,,,tj-thermal,60.5
1780555136.0099568,VDD_IN,7332.864,,
1780555136.0099568,VDD_CPU_GPU_CV,2593.536,,
1780555136.0099568,VDD_SOC,1774.08,,
1780555136.0099568,,,cpu-thermal,59.812
1780555136.0099568,,,gpu-thermal,60.468
1780555136.0099568,,,soc0-thermal,58.375
1780555136.0099568,,,soc1-thermal,57.75
1780555136.0099568,,,soc2-thermal,58.406
1780555136.0099568,,,tj-thermal,60.468
1780555136.1154284,VDD_IN,7332.864,,
1780555136.1154284,VDD_CPU_GPU_CV,2593.536,,
1780555136.1154284,VDD_SOC,1771.2,,
1780555136.1154284,,,cpu-thermal,60.031
1780555136.1154284,,,gpu-thermal,60.437
1780555136.1154284,,,soc0-thermal,58.406
1780555136.1154284,,,soc1-thermal,57.875
1780555136.1154284,,,soc2-thermal,58.437
1780555136.1154284,,,tj-thermal,60.437
1780555136.2209444,VDD_IN,7293.44,,
1780555136.2209444,VDD_CPU_GPU_CV,2593.536,,
1780555136.2209444,VDD_SOC,1771.2,,
1780555136.2209444,,,cpu-thermal,60.156
1780555136.2209444,,,gpu-thermal,60.375
1780555136.2209444,,,soc0-thermal,58.437
1780555136.2209444,,,soc1-thermal,57.687
1780555136.2209444,,,soc2-thermal,58.468
1780555136.2209444,,,tj-thermal,60.375
1780555136.3268228,VDD_IN,7293.44,,
1780555136.3268228,VDD_CPU_GPU_CV,2554.24,,
1780555136.3268228,VDD_SOC,1771.2,,
1780555136.3268228,,,cpu-thermal,60.125
1780555136.3268228,,,gpu-thermal,60.718
1780555136.3268228,,,soc0-thermal,58.312
1780555136.3268228,,,soc1-thermal,57.656
1780555136.3268228,,,soc2-thermal,58.343
1780555136.3268228,,,tj-thermal,60.718
1780555136.4325895,VDD_IN,7281.6,,
1780555136.4325895,VDD_CPU_GPU_CV,2554.24,,
1780555136.4325895,VDD_SOC,1771.2,,
1780555136.4325895,,,cpu-thermal,59.968
1780555136.4325895,,,gpu-thermal,60.437
1780555136.4325895,,,soc0-thermal,58.25
1780555136.4325895,,,soc1-thermal,57.812
1780555136.4325895,,,soc2-thermal,58.5
1780555136.4325895,,,tj-thermal,60.593
1780555136.5382442,VDD_IN,7242.24,,
1780555136.5382442,VDD_CPU_GPU_CV,2554.24,,
1780555136.5382442,VDD_SOC,1771.2,,
1780555136.5382442,,,cpu-thermal,60.0
1780555136.5382442,,,gpu-thermal,60.437
1780555136.5382442,,,soc0-thermal,58.437
1780555136.5382442,,,soc1-thermal,57.875
1780555136.5382442,,,soc2-thermal,58.468
1780555136.5382442,,,tj-thermal,60.437
1780555136.6441035,VDD_IN,7242.24,,
1780555136.6441035,VDD_CPU_GPU_CV,2554.24,,
1780555136.6441035,VDD_SOC,1771.2,,
1780555136.6441035,,,cpu-thermal,60.062
1780555136.6441035,,,gpu-thermal,60.781
1780555136.6441035,,,soc0-thermal,58.437
1780555136.6441035,,,soc1-thermal,57.687
1780555136.6441035,,,soc2-thermal,58.562
1780555136.6441035,,,tj-thermal,60.781
1780555136.7495499,VDD_IN,7202.88,,
1780555136.7495499,VDD_CPU_GPU_CV,2554.24,,
1780555136.7495499,VDD_SOC,1771.2,,
1780555136.7495499,,,cpu-thermal,60.187
1780555136.7495499,,,gpu-thermal,60.531
1780555136.7495499,,,soc0-thermal,58.312
1780555136.7495499,,,soc1-thermal,57.781
1780555136.7495499,,,soc2-thermal,58.437
1780555136.7495499,,,tj-thermal,60.531
1780555136.855034,VDD_IN,7242.24,,
1780555136.855034,VDD_CPU_GPU_CV,2554.24,,
1780555136.855034,VDD_SOC,1771.2,,
1780555136.855034,,,cpu-thermal,60.0
1780555136.855034,,,gpu-thermal,60.375
1780555136.855034,,,soc0-thermal,58.437
1780555136.855034,,,soc1-thermal,57.843
1780555136.855034,,,soc2-thermal,58.406
1780555136.855034,,,tj-thermal,60.625
1780555136.9605474,VDD_IN,7332.864,,
1780555136.9605474,VDD_CPU_GPU_CV,2593.536,,
1780555136.9605474,VDD_SOC,1771.2,,
1780555136.9605474,,,cpu-thermal,60.0
1780555136.9605474,,,gpu-thermal,60.75
1780555136.9605474,,,soc0-thermal,58.437
1780555136.9605474,,,soc1-thermal,57.843
1780555136.9605474,,,soc2-thermal,58.5
1780555136.9605474,,,tj-thermal,60.75
1780555137.0658693,VDD_IN,7332.864,,
1780555137.0658693,VDD_CPU_GPU_CV,2593.536,,
1780555137.0658693,VDD_SOC,1771.2,,
1780555137.0658693,,,cpu-thermal,60.156
1780555137.0658693,,,gpu-thermal,60.656
1780555137.0658693,,,soc0-thermal,58.531
1780555137.0658693,,,soc1-thermal,57.75
1780555137.0658693,,,soc2-thermal,58.5
1780555137.0658693,,,tj-thermal,60.656
1780555137.1717134,VDD_IN,7281.6,,
1780555137.1717134,VDD_CPU_GPU_CV,2593.536,,
1780555137.1717134,VDD_SOC,1771.2,,
1780555137.1717134,,,cpu-thermal,59.875
1780555137.1717134,,,gpu-thermal,60.531
1780555137.1717134,,,soc0-thermal,58.375
1780555137.1717134,,,soc1-thermal,57.812
1780555137.1717134,,,soc2-thermal,58.343
1780555137.1717134,,,tj-thermal,60.531
1780555137.2778466,VDD_IN,7281.6,,
1780555137.2778466,VDD_CPU_GPU_CV,2554.24,,
1780555137.2778466,VDD_SOC,1771.2,,
1780555137.2778466,,,cpu-thermal,60.0
1780555137.2778466,,,gpu-thermal,60.562
1780555137.2778466,,,soc0-thermal,58.437
1780555137.2778466,,,soc1-thermal,57.906
1780555137.2778466,,,soc2-thermal,58.531
1780555137.2778466,,,tj-thermal,60.562
1780555137.3833501,VDD_IN,7242.24,,
1780555137.3833501,VDD_CPU_GPU_CV,2554.24,,
1780555137.3833501,VDD_SOC,1771.2,,
1780555137.3833501,,,cpu-thermal,60.0
1780555137.3833501,,,gpu-thermal,60.437
1780555137.3833501,,,soc0-thermal,58.5
1780555137.3833501,,,soc1-thermal,57.937
1780555137.3833501,,,soc2-thermal,58.5
1780555137.3833501,,,tj-thermal,60.437
1780555137.4889739,VDD_IN,7242.24,,
1780555137.4889739,VDD_CPU_GPU_CV,2554.24,,
1780555137.4889739,VDD_SOC,1771.2,,
1780555137.4889739,,,cpu-thermal,60.062
1780555137.4889739,,,gpu-thermal,60.562
1780555137.4889739,,,soc0-thermal,58.375
1780555137.4889739,,,soc1-thermal,57.781
1780555137.4889739,,,soc2-thermal,58.5
1780555137.4889739,,,tj-thermal,60.781
1780555137.594478,VDD_IN,7202.88,,
1780555137.594478,VDD_CPU_GPU_CV,2514.944,,
1780555137.594478,VDD_SOC,1771.2,,
1780555137.594478,,,cpu-thermal,59.937
1780555137.594478,,,gpu-thermal,60.468
1780555137.594478,,,soc0-thermal,58.375
1780555137.594478,,,soc1-thermal,57.781
1780555137.594478,,,soc2-thermal,58.5
1780555137.594478,,,tj-thermal,60.468
1780555137.7000349,VDD_IN,7202.88,,
1780555137.7000349,VDD_CPU_GPU_CV,2554.24,,
1780555137.7000349,VDD_SOC,1771.2,,
1780555137.7000349,,,cpu-thermal,60.031
1780555137.7000349,,,gpu-thermal,60.437
1780555137.7000349,,,soc0-thermal,58.437
1780555137.7000349,,,soc1-thermal,57.875
1780555137.7000349,,,soc2-thermal,58.5
1780555137.7000349,,,tj-thermal,60.437
1780555137.8054464,VDD_IN,7214.592,,
1780555137.8054464,VDD_CPU_GPU_CV,2554.24,,
1780555137.8054464,VDD_SOC,1771.2,,
1780555137.8054464,,,cpu-thermal,60.218
1780555137.8054464,,,gpu-thermal,60.875
1780555137.8054464,,,soc0-thermal,58.468
1780555137.8054464,,,soc1-thermal,57.812
1780555137.8054464,,,soc2-thermal,58.5
1780555137.8054464,,,tj-thermal,60.875
1780555137.9108078,VDD_IN,7254.016,,
1780555137.9108078,VDD_CPU_GPU_CV,2593.536,,
1780555137.9108078,VDD_SOC,1771.2,,
1780555137.9108078,,,cpu-thermal,60.281
1780555137.9108078,,,gpu-thermal,60.468
1780555137.9108078,,,soc0-thermal,58.531
1780555137.9108078,,,soc1-thermal,57.781
1780555137.9108078,,,soc2-thermal,58.468
1780555137.9108078,,,tj-thermal,60.593
1780555138.0162704,VDD_IN,7293.44,,
1780555138.0162704,VDD_CPU_GPU_CV,2593.536,,
1780555138.0162704,VDD_SOC,1771.2,,
1780555138.0162704,,,cpu-thermal,60.0
1780555138.0162704,,,gpu-thermal,60.562
1780555138.0162704,,,soc0-thermal,58.5
1780555138.0162704,,,soc1-thermal,57.875
1780555138.0162704,,,soc2-thermal,58.468
1780555138.0162704,,,tj-thermal,60.562
1780555138.1221426,VDD_IN,7293.44,,
1780555138.1221426,VDD_CPU_GPU_CV,2593.536,,
1780555138.1221426,VDD_SOC,1771.2,,
1780555138.1221426,,,cpu-thermal,59.968
1780555138.1221426,,,gpu-thermal,60.781
1780555138.1221426,,,soc0-thermal,58.468
1780555138.1221426,,,soc1-thermal,57.937
1780555138.1221426,,,soc2-thermal,58.562
1780555138.1221426,,,tj-thermal,60.781
1780555138.2276726,VDD_IN,7254.016,,
1780555138.2276726,VDD_CPU_GPU_CV,2554.24,,
1780555138.2276726,VDD_SOC,1771.2,,
1780555138.2276726,,,cpu-thermal,60.281
1780555138.2276726,,,gpu-thermal,60.656
1780555138.2276726,,,soc0-thermal,58.531
1780555138.2276726,,,soc1-thermal,57.843
1780555138.2276726,,,soc2-thermal,58.656
1780555138.2276726,,,tj-thermal,60.656
1780555138.3329954,VDD_IN,7254.016,,
1780555138.3329954,VDD_CPU_GPU_CV,2554.24,,
1780555138.3329954,VDD_SOC,1771.2,,
1780555138.3329954,,,cpu-thermal,60.375
1780555138.3329954,,,gpu-thermal,60.437
1780555138.3329954,,,soc0-thermal,58.437
1780555138.3329954,,,soc1-thermal,57.843
1780555138.3329954,,,soc2-thermal,58.625
1780555138.3329954,,,tj-thermal,60.531
1780555138.4385037,VDD_IN,7214.592,,
1780555138.4385037,VDD_CPU_GPU_CV,2514.944,,
1780555138.4385037,VDD_SOC,1771.2,,
1780555138.4385037,,,cpu-thermal,60.031
1780555138.4385037,,,gpu-thermal,60.812
1780555138.4385037,,,soc0-thermal,58.437
1780555138.4385037,,,soc1-thermal,57.906
1780555138.4385037,,,soc2-thermal,58.5
1780555138.4385037,,,tj-thermal,60.562
1780555138.544156,VDD_IN,7163.52,,
1780555138.544156,VDD_CPU_GPU_CV,2514.944,,
1780555138.544156,VDD_SOC,1771.2,,
1780555138.544156,,,cpu-thermal,60.187
1780555138.544156,,,gpu-thermal,60.687
1780555138.544156,,,soc0-thermal,58.468
1780555138.544156,,,soc1-thermal,57.906
1780555138.544156,,,soc2-thermal,58.625
1780555138.544156,,,tj-thermal,60.687
1780555138.6498265,VDD_IN,7163.52,,
1780555138.6498265,VDD_CPU_GPU_CV,2514.944,,
1780555138.6498265,VDD_SOC,1771.2,,
1780555138.6498265,,,cpu-thermal,60.281
1780555138.6498265,,,gpu-thermal,60.531
1780555138.6498265,,,soc0-thermal,58.562
1780555138.6498265,,,soc1-thermal,57.781
1780555138.6498265,,,soc2-thermal,58.531
1780555138.6498265,,,tj-thermal,60.531
1780555138.7554047,VDD_IN,7163.52,,
1780555138.7554047,VDD_CPU_GPU_CV,2514.944,,
1780555138.7554047,VDD_SOC,1731.84,,
1780555138.7554047,,,cpu-thermal,60.281
1780555138.7554047,,,gpu-thermal,60.562
1780555138.7554047,,,soc0-thermal,58.468
1780555138.7554047,,,soc1-thermal,57.875
1780555138.7554047,,,soc2-thermal,58.468
1780555138.7554047,,,tj-thermal,60.562
1780555138.8609815,VDD_IN,7214.592,,
1780555138.8609815,VDD_CPU_GPU_CV,2554.24,,
1780555138.8609815,VDD_SOC,1771.2,,
1780555138.8609815,,,cpu-thermal,60.093
1780555138.8609815,,,gpu-thermal,60.75
1780555138.8609815,,,soc0-thermal,58.468
1780555138.8609815,,,soc1-thermal,57.937
1780555138.8609815,,,soc2-thermal,58.625
1780555138.8609815,,,tj-thermal,60.531
1780555138.9663072,VDD_IN,7254.016,,
1780555138.9663072,VDD_CPU_GPU_CV,2593.536,,
1780555138.9663072,VDD_SOC,1771.2,,
1780555138.9663072,,,cpu-thermal,60.187
1780555138.9663072,,,gpu-thermal,60.687
1780555138.9663072,,,soc0-thermal,58.562
1780555138.9663072,,,soc1-thermal,57.968
1780555138.9663072,,,soc2-thermal,58.625
1780555138.9663072,,,tj-thermal,60.687
1780555139.0722024,VDD_IN,7293.44,,
1780555139.0722024,VDD_CPU_GPU_CV,2593.536,,
1780555139.0722024,VDD_SOC,1771.2,,
1780555139.0722024,,,cpu-thermal,60.187
1780555139.0722024,,,gpu-thermal,60.562
1780555139.0722024,,,soc0-thermal,58.468
1780555139.0722024,,,soc1-thermal,57.812
1780555139.0722024,,,soc2-thermal,58.687
1780555139.0722024,,,tj-thermal,60.562
1780555139.177727,VDD_IN,7254.016,,
1780555139.177727,VDD_CPU_GPU_CV,2593.536,,
1780555139.177727,VDD_SOC,1771.2,,
1780555139.177727,,,cpu-thermal,60.125
1780555139.177727,,,gpu-thermal,60.562
1780555139.177727,,,soc0-thermal,58.468
1780555139.177727,,,soc1-thermal,57.906
1780555139.177727,,,soc2-thermal,58.531
1780555139.177727,,,tj-thermal,60.562
1780555139.2842343,VDD_IN,7254.016,,
1780555139.2842343,VDD_CPU_GPU_CV,2554.24,,
1780555139.2842343,VDD_SOC,1771.2,,
1780555139.2842343,,,cpu-thermal,60.125
1780555139.2842343,,,gpu-thermal,60.843
1780555139.2842343,,,soc0-thermal,58.531
1780555139.2842343,,,soc1-thermal,58.031
1780555139.2842343,,,soc2-thermal,58.656
1780555139.2842343,,,tj-thermal,60.843
1780555139.3898823,VDD_IN,7242.24,,
1780555139.3898823,VDD_CPU_GPU_CV,2554.24,,
1780555139.3898823,VDD_SOC,1771.2,,
1780555139.3898823,,,cpu-thermal,60.093
1780555139.3898823,,,gpu-thermal,60.718
1780555139.3898823,,,soc0-thermal,58.625
1780555139.3898823,,,soc1-thermal,57.843
1780555139.3898823,,,soc2-thermal,58.656
1780555139.3898823,,,tj-thermal,60.718
1780555139.495561,VDD_IN,7202.88,,
1780555139.495561,VDD_CPU_GPU_CV,2554.24,,
1780555139.495561,VDD_SOC,1771.2,,
1780555139.495561,,,cpu-thermal,60.156
1780555139.495561,,,gpu-thermal,60.562
1780555139.495561,,,soc0-thermal,58.562
1780555139.495561,,,soc1-thermal,57.875
1780555139.495561,,,soc2-thermal,58.593
1780555139.495561,,,tj-thermal,60.625
1780555139.6012294,VDD_IN,7202.88,,
1780555139.6012294,VDD_CPU_GPU_CV,2514.944,,
1780555139.6012294,VDD_SOC,1771.2,,
1780555139.6012294,,,cpu-thermal,60.125
1780555139.6012294,,,gpu-thermal,60.906
1780555139.6012294,,,soc0-thermal,58.5
1780555139.6012294,,,soc1-thermal,57.937
1780555139.6012294,,,soc2-thermal,58.593
1780555139.6012294,,,tj-thermal,60.593
1780555139.7069504,VDD_IN,7163.52,,
1780555139.7069504,VDD_CPU_GPU_CV,2514.944,,
1780555139.7069504,VDD_SOC,1771.2,,
1780555139.7069504,,,cpu-thermal,60.187
1780555139.7069504,,,gpu-thermal,60.75
1780555139.7069504,,,soc0-thermal,58.593
1780555139.7069504,,,soc1-thermal,58.031
1780555139.7069504,,,soc2-thermal,58.531
1780555139.7069504,,,tj-thermal,60.75
1780555139.8125446,VDD_IN,7214.592,,
1780555139.8125446,VDD_CPU_GPU_CV,2514.944,,
1780555139.8125446,VDD_SOC,1771.2,,
1780555139.8125446,,,cpu-thermal,60.375
1780555139.8125446,,,gpu-thermal,60.718
1780555139.8125446,,,soc0-thermal,58.656
1780555139.8125446,,,soc1-thermal,57.875
1780555139.8125446,,,soc2-thermal,58.562
1780555139.8125446,,,tj-thermal,60.718
1780555139.9188921,VDD_IN,7254.016,,
1780555139.9188921,VDD_CPU_GPU_CV,2554.24,,
1780555139.9188921,VDD_SOC,1771.2,,
1780555139.9188921,,,cpu-thermal,60.187
1780555139.9188921,,,gpu-thermal,60.625
1780555139.9188921,,,soc0-thermal,58.562
1780555139.9188921,,,soc1-thermal,57.937
1780555139.9188921,,,soc2-thermal,58.593
1780555139.9188921,,,tj-thermal,60.625
1780555140.0242531,VDD_IN,7293.44,,
1780555140.0242531,VDD_CPU_GPU_CV,2593.536,,
1780555140.0242531,VDD_SOC,1771.2,,
1780555140.0242531,,,cpu-thermal,60.093
1780555140.0242531,,,gpu-thermal,60.562
1780555140.0242531,,,soc0-thermal,58.562
1780555140.0242531,,,soc1-thermal,58.0
1780555140.0242531,,,soc2-thermal,58.562
1780555140.0242531,,,tj-thermal,60.562
1780555140.1301816,VDD_IN,7293.44,,
1780555140.1301816,VDD_CPU_GPU_CV,2593.536,,
1780555140.1301816,VDD_SOC,1771.2,,
1780555140.1301816,,,cpu-thermal,60.375
1780555140.1301816,,,gpu-thermal,60.656
1780555140.1301816,,,soc0-thermal,58.562
1780555140.1301816,,,soc1-thermal,58.093
1780555140.1301816,,,soc2-thermal,58.531
1780555140.1301816,,,tj-thermal,61.031
1780555140.2366126,VDD_IN,7293.44,,
1780555140.2366126,VDD_CPU_GPU_CV,2593.536,,
1780555140.2366126,VDD_SOC,1771.2,,
1780555140.2366126,,,cpu-thermal,60.468
1780555140.2366126,,,gpu-thermal,60.843
1780555140.2366126,,,soc0-thermal,58.468
1780555140.2366126,,,soc1-thermal,57.968
1780555140.2366126,,,soc2-thermal,58.718
1780555140.2366126,,,tj-thermal,60.843
1780555140.3428583,VDD_IN,7293.44,,
1780555140.3428583,VDD_CPU_GPU_CV,2593.536,,
1780555140.3428583,VDD_SOC,1731.84,,
1780555140.3428583,,,cpu-thermal,60.093
1780555140.3428583,,,gpu-thermal,60.531
1780555140.3428583,,,soc0-thermal,58.562
1780555140.3428583,,,soc1-thermal,57.968
1780555140.3428583,,,soc2-thermal,58.625
1780555140.3428583,,,tj-thermal,60.718
1780555140.4487538,VDD_IN,7254.016,,
1780555140.4487538,VDD_CPU_GPU_CV,2593.536,,
1780555140.4487538,VDD_SOC,1731.84,,
1780555140.4487538,,,cpu-thermal,60.25
1780555140.4487538,,,gpu-thermal,60.906
1780555140.4487538,,,soc0-thermal,58.593
1780555140.4487538,,,soc1-thermal,58.125
1780555140.4487538,,,soc2-thermal,58.625
1780555140.4487538,,,tj-thermal,60.625
1780555140.5547512,VDD_IN,7254.016,,
1780555140.5547512,VDD_CPU_GPU_CV,2593.536,,
1780555140.5547512,VDD_SOC,1731.84,,
1780555140.5547512,,,cpu-thermal,60.312
1780555140.5547512,,,gpu-thermal,60.812
1780555140.5547512,,,soc0-thermal,58.562
1780555140.5547512,,,soc1-thermal,57.937
1780555140.5547512,,,soc2-thermal,58.625
1780555140.5547512,,,tj-thermal,60.593
1780555140.6613157,VDD_IN,7202.88,,
1780555140.6613157,VDD_CPU_GPU_CV,2593.536,,
1780555140.6613157,VDD_SOC,1731.84,,
1780555140.6613157,,,cpu-thermal,60.218
1780555140.6613157,,,gpu-thermal,60.656
1780555140.6613157,,,soc0-thermal,58.531
1780555140.6613157,,,soc1-thermal,57.968
1780555140.6613157,,,soc2-thermal,58.593
1780555140.6613157,,,tj-thermal,60.656
1780555140.766907,VDD_IN,7242.24,,
1780555140.766907,VDD_CPU_GPU_CV,2593.536,,
1780555140.766907,VDD_SOC,1731.84,,
1780555140.766907,,,cpu-thermal,60.281
1780555140.766907,,,gpu-thermal,60.656
1780555140.766907,,,soc0-thermal,58.593
1780555140.766907,,,soc1-thermal,58.0
1780555140.766907,,,soc2-thermal,58.656
1780555140.766907,,,tj-thermal,60.656
1780555140.872766,VDD_IN,7254.016,,
1780555140.872766,VDD_CPU_GPU_CV,2593.536,,
1780555140.872766,VDD_SOC,1771.2,,
1780555140.872766,,,cpu-thermal,60.281
1780555140.872766,,,gpu-thermal,60.593
1780555140.872766,,,soc0-thermal,58.656
1780555140.872766,,,soc1-thermal,57.937
1780555140.872766,,,soc2-thermal,58.687
1780555140.872766,,,tj-thermal,60.593
1780555140.9785883,VDD_IN,7293.44,,
1780555140.9785883,VDD_CPU_GPU_CV,2632.832,,
1780555140.9785883,VDD_SOC,1771.2,,
1780555140.9785883,,,cpu-thermal,60.187
1780555140.9785883,,,gpu-thermal,61.031
1780555140.9785883,,,soc0-thermal,58.468
1780555140.9785883,,,soc1-thermal,57.937
1780555140.9785883,,,soc2-thermal,58.531
1780555140.9785883,,,tj-thermal,61.031
1780555141.084906,VDD_IN,7293.44,,
1780555141.084906,VDD_CPU_GPU_CV,2632.832,,
1780555141.084906,VDD_SOC,1771.2,,
1780555141.084906,,,cpu-thermal,60.187
1780555141.084906,,,gpu-thermal,60.843
1780555141.084906,,,soc0-thermal,58.593
1780555141.084906,,,soc1-thermal,58.093
1780555141.084906,,,soc2-thermal,58.625
1780555141.084906,,,tj-thermal,60.843
1780555141.1909153,VDD_IN,7254.016,,
1780555141.1909153,VDD_CPU_GPU_CV,2593.536,,
1780555141.1909153,VDD_SOC,1771.2,,
1780555141.1909153,,,cpu-thermal,60.187
1780555141.1909153,,,gpu-thermal,60.781
1780555141.1909153,,,soc0-thermal,58.656
1780555141.1909153,,,soc1-thermal,57.968
1780555141.1909153,,,soc2-thermal,58.812
1780555141.1909153,,,tj-thermal,60.781
1780555141.2967398,VDD_IN,7254.016,,
1780555141.2967398,VDD_CPU_GPU_CV,2554.24,,
1780555141.2967398,VDD_SOC,1771.2,,
1780555141.2967398,,,cpu-thermal,60.187
1780555141.2967398,,,gpu-thermal,60.937
1780555141.2967398,,,soc0-thermal,58.562
1780555141.2967398,,,soc1-thermal,57.937
1780555141.2967398,,,soc2-thermal,58.625
1780555141.2967398,,,tj-thermal,60.75
1780555141.4023654,VDD_IN,7214.592,,
1780555141.4023654,VDD_CPU_GPU_CV,2554.24,,
1780555141.4023654,VDD_SOC,1771.2,,
1780555141.4023654,,,cpu-thermal,60.218
1780555141.4023654,,,gpu-thermal,60.843
1780555141.4023654,,,soc0-thermal,58.562
1780555141.4023654,,,soc1-thermal,57.968
1780555141.4023654,,,soc2-thermal,58.593
1780555141.4023654,,,tj-thermal,60.843
1780555141.5080292,VDD_IN,7175.168,,
1780555141.5080292,VDD_CPU_GPU_CV,2554.24,,
1780555141.5080292,VDD_SOC,1731.84,,
1780555141.5080292,,,cpu-thermal,60.218
1780555141.5080292,,,gpu-thermal,60.75
1780555141.5080292,,,soc0-thermal,58.656
1780555141.5080292,,,soc1-thermal,58.125
1780555141.5080292,,,soc2-thermal,58.718
1780555141.5080292,,,tj-thermal,60.75
1780555141.6137023,VDD_IN,7163.52,,
1780555141.6137023,VDD_CPU_GPU_CV,2514.944,,
1780555141.6137023,VDD_SOC,1731.84,,
1780555141.6137023,,,cpu-thermal,60.468
1780555141.6137023,,,gpu-thermal,60.656
1780555141.6137023,,,soc0-thermal,58.781
1780555141.6137023,,,soc1-thermal,57.968
1780555141.6137023,,,soc2-thermal,58.687
1780555141.6137023,,,tj-thermal,60.656
1780555141.719249,VDD_IN,7163.52,,
1780555141.719249,VDD_CPU_GPU_CV,2514.944,,
1780555141.719249,VDD_SOC,1731.84,,
1780555141.719249,,,cpu-thermal,60.562
1780555141.719249,,,gpu-thermal,60.656
1780555141.719249,,,soc0-thermal,58.625
1780555141.719249,,,soc1-thermal,58.0
1780555141.719249,,,soc2-thermal,58.656
1780555141.719249,,,tj-thermal,60.656
1780555141.8252609,VDD_IN,7175.168,,
1780555141.8252609,VDD_CPU_GPU_CV,2554.24,,
1780555141.8252609,VDD_SOC,1771.2,,
1780555141.8252609,,,cpu-thermal,60.187
1780555141.8252609,,,gpu-thermal,60.656
1780555141.8252609,,,soc0-thermal,58.687
1780555141.8252609,,,soc1-thermal,58.031
1780555141.8252609,,,soc2-thermal,58.687
1780555141.8252609,,,tj-thermal,60.656
1780555141.9314194,VDD_IN,7254.016,,
1780555141.9314194,VDD_CPU_GPU_CV,2558.4,,
1780555141.9314194,VDD_SOC,1771.2,,
1780555141.9314194,,,cpu-thermal,60.312
1780555141.9314194,,,gpu-thermal,60.75
1780555141.9314194,,,soc0-thermal,58.656
1780555141.9314194,,,soc1-thermal,58.0
1780555141.9314194,,,soc2-thermal,58.687
1780555141.9314194,,,tj-thermal,60.968
1780555142.03726,VDD_IN,7293.44,,
1780555142.03726,VDD_CPU_GPU_CV,2593.536,,
1780555142.03726,VDD_SOC,1771.2,,
1780555142.03726,,,cpu-thermal,60.406
1780555142.03726,,,gpu-thermal,60.625
1780555142.03726,,,soc0-thermal,58.843
1780555142.03726,,,soc1-thermal,57.937
1780555142.03726,,,soc2-thermal,58.781
1780555142.03726,,,tj-thermal,60.812
1780555142.1429968,VDD_IN,7254.016,,
1780555142.1429968,VDD_CPU_GPU_CV,2554.24,,
1780555142.1429968,VDD_SOC,1771.2,,
1780555142.1429968,,,cpu-thermal,60.531
1780555142.1429968,,,gpu-thermal,61.062
1780555142.1429968,,,soc0-thermal,58.656
1780555142.1429968,,,soc1-thermal,58.031
1780555142.1429968,,,soc2-thermal,58.687
1780555142.1429968,,,tj-thermal,61.062
1780555142.2486594,VDD_IN,7254.016,,
1780555142.2486594,VDD_CPU_GPU_CV,2554.24,,
1780555142.2486594,VDD_SOC,1771.2,,
1780555142.2486594,,,cpu-thermal,60.25
1780555142.2486594,,,gpu-thermal,60.968
1780555142.2486594,,,soc0-thermal,58.718
1780555142.2486594,,,soc1-thermal,58.156
1780555142.2486594,,,soc2-thermal,58.781
1780555142.2486594,,,tj-thermal,60.968
1780555142.3547828,VDD_IN,7281.6,,
1780555142.3547828,VDD_CPU_GPU_CV,2593.536,,
1780555142.3547828,VDD_SOC,1771.2,,
1780555142.3547828,,,cpu-thermal,60.343
1780555142.3547828,,,gpu-thermal,60.812
1780555142.3547828,,,soc0-thermal,58.812
1780555142.3547828,,,soc1-thermal,57.968
1780555142.3547828,,,soc2-thermal,58.781
1780555142.3547828,,,tj-thermal,60.812
1780555142.4609165,VDD_IN,7242.24,,
1780555142.4609165,VDD_CPU_GPU_CV,2554.24,,
1780555142.4609165,VDD_SOC,1771.2,,
1780555142.4609165,,,cpu-thermal,60.25
1780555142.4609165,,,gpu-thermal,60.781
1780555142.4609165,,,soc0-thermal,58.593
1780555142.4609165,,,soc1-thermal,57.968
1780555142.4609165,,,soc2-thermal,58.687
1780555142.4609165,,,tj-thermal,60.781
1780555142.5667837,VDD_IN,7202.88,,
1780555142.5667837,VDD_CPU_GPU_CV,2554.24,,
1780555142.5667837,VDD_SOC,1771.2,,
1780555142.5667837,,,cpu-thermal,60.187
1780555142.5667837,,,gpu-thermal,60.781
1780555142.5667837,,,soc0-thermal,58.593
1780555142.5667837,,,soc1-thermal,58.093
1780555142.5667837,,,soc2-thermal,58.812
1780555142.5667837,,,tj-thermal,60.781
1780555142.6726959,VDD_IN,7202.88,,
1780555142.6726959,VDD_CPU_GPU_CV,2514.944,,
1780555142.6726959,VDD_SOC,1771.2,,
1780555142.6726959,,,cpu-thermal,60.281
1780555142.6726959,,,gpu-thermal,60.625
1780555142.6726959,,,soc0-thermal,58.781
1780555142.6726959,,,soc1-thermal,58.187
1780555142.6726959,,,soc2-thermal,58.843
1780555142.6726959,,,tj-thermal,60.625
1780555142.7784898,VDD_IN,7163.52,,
1780555142.7784898,VDD_CPU_GPU_CV,2514.944,,
1780555142.7784898,VDD_SOC,1771.2,,
1780555142.7784898,,,cpu-thermal,60.25
1780555142.7784898,,,gpu-thermal,60.75
1780555142.7784898,,,soc0-thermal,58.593
1780555142.7784898,,,soc1-thermal,58.031
1780555142.7784898,,,soc2-thermal,58.812
1780555142.7784898,,,tj-thermal,60.937
1780555142.8841243,VDD_IN,7254.016,,
1780555142.8841243,VDD_CPU_GPU_CV,2554.24,,
1780555142.8841243,VDD_SOC,1771.2,,
1780555142.8841243,,,cpu-thermal,60.25
1780555142.8841243,,,gpu-thermal,60.718
1780555142.8841243,,,soc0-thermal,58.718
1780555142.8841243,,,soc1-thermal,58.062
1780555142.8841243,,,soc2-thermal,58.687
1780555142.8841243,,,tj-thermal,60.718
1780555142.9898293,VDD_IN,7293.44,,
1780555142.9898293,VDD_CPU_GPU_CV,2593.536,,
1780555142.9898293,VDD_SOC,1771.2,,
1780555142.9898293,,,cpu-thermal,60.25
1780555142.9898293,,,gpu-thermal,60.781
1780555142.9898293,,,soc0-thermal,58.718
1780555142.9898293,,,soc1-thermal,58.062
1780555142.9898293,,,soc2-thermal,58.656
1780555142.9898293,,,tj-thermal,60.781
1780555143.0954406,VDD_IN,7293.44,,
1780555143.0954406,VDD_CPU_GPU_CV,2593.536,,
1780555143.0954406,VDD_SOC,1771.2,,
1780555143.0954406,,,cpu-thermal,60.5
1780555143.0954406,,,gpu-thermal,61.0
1780555143.0954406,,,soc0-thermal,58.75
1780555143.0954406,,,soc1-thermal,58.031
1780555143.0954406,,,soc2-thermal,58.75
1780555143.0954406,,,tj-thermal,61.0
1780555143.2011335,VDD_IN,7293.44,,
1780555143.2011335,VDD_CPU_GPU_CV,2554.24,,
1780555143.2011335,VDD_SOC,1771.2,,
1780555143.2011335,,,cpu-thermal,60.156
1780555143.2011335,,,gpu-thermal,60.875
1780555143.2011335,,,soc0-thermal,58.656
1780555143.2011335,,,soc1-thermal,58.062
1780555143.2011335,,,soc2-thermal,58.718
1780555143.2011335,,,tj-thermal,60.875
1780555143.3069782,VDD_IN,7254.016,,
1780555143.3069782,VDD_CPU_GPU_CV,2554.24,,
1780555143.3069782,VDD_SOC,1771.2,,
1780555143.3069782,,,cpu-thermal,60.25
1780555143.3069782,,,gpu-thermal,60.812
1780555143.3069782,,,soc0-thermal,58.75
1780555143.3069782,,,soc1-thermal,58.093
1780555143.3069782,,,soc2-thermal,58.75
1780555143.3069782,,,tj-thermal,60.812
1780555143.4133217,VDD_IN,7214.592,,
1780555143.4133217,VDD_CPU_GPU_CV,2514.944,,
1780555143.4133217,VDD_SOC,1771.2,,
1780555143.4133217,,,cpu-thermal,60.437
1780555143.4133217,,,gpu-thermal,61.0
1780555143.4133217,,,soc0-thermal,58.781
1780555143.4133217,,,soc1-thermal,58.281
1780555143.4133217,,,soc2-thermal,58.781
1780555143.4133217,,,tj-thermal,60.843
1780555143.5189111,VDD_IN,7214.592,,
1780555143.5189111,VDD_CPU_GPU_CV,2514.944,,
1780555143.5189111,VDD_SOC,1771.2,,
1780555143.5189111,,,cpu-thermal,60.562
1780555143.5189111,,,gpu-thermal,60.906
1780555143.5189111,,,soc0-thermal,58.75
1780555143.5189111,,,soc1-thermal,58.0
1780555143.5189111,,,soc2-thermal,58.843
1780555143.5189111,,,tj-thermal,60.781
1780555143.6249044,VDD_IN,7202.88,,
1780555143.6249044,VDD_CPU_GPU_CV,2514.944,,
1780555143.6249044,VDD_SOC,1731.84,,
1780555143.6249044,,,cpu-thermal,60.656
1780555143.6249044,,,gpu-thermal,60.781
1780555143.6249044,,,soc0-thermal,58.75
1780555143.6249044,,,soc1-thermal,58.125
1780555143.6249044,,,soc2-thermal,58.625
1780555143.6249044,,,tj-thermal,60.781
1780555143.7307591,VDD_IN,7163.52,,
1780555143.7307591,VDD_CPU_GPU_CV,2514.944,,
1780555143.7307591,VDD_SOC,1731.84,,
1780555143.7307591,,,cpu-thermal,60.375
1780555143.7307591,,,gpu-thermal,60.781
1780555143.7307591,,,soc0-thermal,58.812
1780555143.7307591,,,soc1-thermal,58.093
1780555143.7307591,,,soc2-thermal,58.781
1780555143.7307591,,,tj-thermal,60.781
1780555143.8363025,VDD_IN,7214.592,,
1780555143.8363025,VDD_CPU_GPU_CV,2514.944,,
1780555143.8363025,VDD_SOC,1771.2,,
1780555143.8363025,,,cpu-thermal,60.406
1780555143.8363025,,,gpu-thermal,60.781
1780555143.8363025,,,soc0-thermal,58.812
1780555143.8363025,,,soc1-thermal,58.062
1780555143.8363025,,,soc2-thermal,58.843
1780555143.8363025,,,tj-thermal,60.781
1780555143.9419343,VDD_IN,7293.44,,
1780555143.9419343,VDD_CPU_GPU_CV,2554.24,,
1780555143.9419343,VDD_SOC,1771.2,,
1780555143.9419343,,,cpu-thermal,60.437
1780555143.9419343,,,gpu-thermal,61.156
1780555143.9419343,,,soc0-thermal,58.718
1780555143.9419343,,,soc1-thermal,58.093
1780555143.9419343,,,soc2-thermal,58.718
1780555143.9419343,,,tj-thermal,61.156
1780555144.0476682,VDD_IN,7293.44,,
1780555144.0476682,VDD_CPU_GPU_CV,2593.536,,
1780555144.0476682,VDD_SOC,1771.2,,
1780555144.0476682,,,cpu-thermal,60.375
1780555144.0476682,,,gpu-thermal,60.812
1780555144.0476682,,,soc0-thermal,58.843
1780555144.0476682,,,soc1-thermal,58.125
1780555144.0476682,,,soc2-thermal,58.718
1780555144.0476682,,,tj-thermal,60.906
1780555144.1532562,VDD_IN,7254.016,,
1780555144.1532562,VDD_CPU_GPU_CV,2554.24,,
1780555144.1532562,VDD_SOC,1771.2,,
1780555144.1532562,,,cpu-thermal,60.375
1780555144.1532562,,,gpu-thermal,60.781
1780555144.1532562,,,soc0-thermal,58.843
1780555144.1532562,,,soc1-thermal,58.281
1780555144.1532562,,,soc2-thermal,58.781
1780555144.1532562,,,tj-thermal,60.812
1780555144.2594419,VDD_IN,7254.016,,
1780555144.2594419,VDD_CPU_GPU_CV,2554.24,,
1780555144.2594419,VDD_SOC,1771.2,,
1780555144.2594419,,,cpu-thermal,60.5
1780555144.2594419,,,gpu-thermal,61.062
1780555144.2594419,,,soc0-thermal,58.906
1780555144.2594419,,,soc1-thermal,58.062
1780555144.2594419,,,soc2-thermal,58.875
1780555144.2594419,,,tj-thermal,61.062
1780555144.3649852,VDD_IN,7202.88,,
1780555144.3649852,VDD_CPU_GPU_CV,2554.24,,
1780555144.3649852,VDD_SOC,1771.2,,
1780555144.3649852,,,cpu-thermal,60.375
1780555144.3649852,,,gpu-thermal,60.906
1780555144.3649852,,,soc0-thermal,58.781
1780555144.3649852,,,soc1-thermal,58.187
1780555144.3649852,,,soc2-thermal,58.718
1780555144.3649852,,,tj-thermal,60.906
1780555144.4707837,VDD_IN,7163.52,,
1780555144.4707837,VDD_CPU_GPU_CV,2514.944,,
1780555144.4707837,VDD_SOC,1771.2,,
1780555144.4707837,,,cpu-thermal,60.343
1780555144.4707837,,,gpu-thermal,60.875
1780555144.4707837,,,soc0-thermal,58.781
1780555144.4707837,,,soc1-thermal,58.187
1780555144.4707837,,,soc2-thermal,58.843
1780555144.4707837,,,tj-thermal,60.875
1780555144.5771396,VDD_IN,7163.52,,
1780555144.5771396,VDD_CPU_GPU_CV,2514.944,,
1780555144.5771396,VDD_SOC,1731.84,,
1780555144.5771396,,,cpu-thermal,60.281
1780555144.5771396,,,gpu-thermal,60.812
1780555144.5771396,,,soc0-thermal,58.843
1780555144.5771396,,,soc1-thermal,58.343
1780555144.5771396,,,soc2-thermal,58.875
1780555144.5771396,,,tj-thermal,60.812
1780555144.6826801,VDD_IN,7163.52,,
1780555144.6826801,VDD_CPU_GPU_CV,2514.944,,
1780555144.6826801,VDD_SOC,1731.84,,
1780555144.6826801,,,cpu-thermal,60.312
1780555144.6826801,,,gpu-thermal,60.906
1780555144.6826801,,,soc0-thermal,58.812
1780555144.6826801,,,soc1-thermal,58.125
1780555144.6826801,,,soc2-thermal,58.718
1780555144.6826801,,,tj-thermal,60.812
1780555144.7888863,VDD_IN,7163.52,,
1780555144.7888863,VDD_CPU_GPU_CV,2514.944,,
1780555144.7888863,VDD_SOC,1731.84,,
1780555144.7888863,,,cpu-thermal,60.406
1780555144.7888863,,,gpu-thermal,60.906
1780555144.7888863,,,soc0-thermal,58.843
1780555144.7888863,,,soc1-thermal,58.25
1780555144.7888863,,,soc2-thermal,58.843
1780555144.7888863,,,tj-thermal,61.125
1780555144.8946989,VDD_IN,7254.016,,
1780555144.8946989,VDD_CPU_GPU_CV,2554.24,,
1780555144.8946989,VDD_SOC,1771.2,,
1780555144.8946989,,,cpu-thermal,60.375
1780555144.8946989,,,gpu-thermal,60.812
1780555144.8946989,,,soc0-thermal,58.875
1780555144.8946989,,,soc1-thermal,58.218
1780555144.8946989,,,soc2-thermal,58.843
1780555144.8946989,,,tj-thermal,60.812
1780555145.0000384,VDD_IN,7293.44,,
1780555145.0000384,VDD_CPU_GPU_CV,2597.76,,
1780555145.0000384,VDD_SOC,1771.2,,
1780555145.0000384,,,cpu-thermal,60.625
1780555145.0000384,,,gpu-thermal,60.843
1780555145.0000384,,,soc0-thermal,58.937
1780555145.0000384,,,soc1-thermal,58.218
1780555145.0000384,,,soc2-thermal,58.906
1780555145.0000384,,,tj-thermal,60.843
1780555145.1056662,VDD_IN,7293.44,,
1780555145.1056662,VDD_CPU_GPU_CV,2593.536,,
1780555145.1056662,VDD_SOC,1771.2,,
1780555145.1056662,,,cpu-thermal,60.375
1780555145.1056662,,,gpu-thermal,61.218
1780555145.1056662,,,soc0-thermal,58.781
1780555145.1056662,,,soc1-thermal,58.062
1780555145.1056662,,,soc2-thermal,58.843
1780555145.1056662,,,tj-thermal,61.218
1780555145.2118654,VDD_IN,7254.016,,
1780555145.2118654,VDD_CPU_GPU_CV,2554.24,,
1780555145.2118654,VDD_SOC,1771.2,,
1780555145.2118654,,,cpu-thermal,60.375
1780555145.2118654,,,gpu-thermal,61.093
1780555145.2118654,,,soc0-thermal,58.843
1780555145.2118654,,,soc1-thermal,58.281
1780555145.2118654,,,soc2-thermal,58.812
1780555145.2118654,,,tj-thermal,61.093
1780555145.317872,VDD_IN,7254.016,,
1780555145.317872,VDD_CPU_GPU_CV,2554.24,,
1780555145.317872,VDD_SOC,1771.2,,
1780555145.317872,,,cpu-thermal,60.562
1780555145.317872,,,gpu-thermal,60.937
1780555145.317872,,,soc0-thermal,58.937
1780555145.317872,,,soc1-thermal,58.187
1780555145.317872,,,soc2-thermal,58.906
1780555145.317872,,,tj-thermal,60.937
1780555145.4234316,VDD_IN,7214.592,,
1780555145.4234316,VDD_CPU_GPU_CV,2514.944,,
1780555145.4234316,VDD_SOC,1771.2,,
1780555145.4234316,,,cpu-thermal,60.625
1780555145.4234316,,,gpu-thermal,60.906
1780555145.4234316,,,soc0-thermal,58.843
1780555145.4234316,,,soc1-thermal,58.156
1780555145.4234316,,,soc2-thermal,58.843
1780555145.4234316,,,tj-thermal,60.906
1780555145.5301785,VDD_IN,7202.88,,
1780555145.5301785,VDD_CPU_GPU_CV,2514.944,,
1780555145.5301785,VDD_SOC,1771.2,,
1780555145.5301785,,,cpu-thermal,60.468
1780555145.5301785,,,gpu-thermal,60.875
1780555145.5301785,,,soc0-thermal,58.937
1780555145.5301785,,,soc1-thermal,58.25
1780555145.5301785,,,soc2-thermal,58.875
1780555145.5301785,,,tj-thermal,60.875
1780555145.6360037,VDD_IN,7163.52,,
1780555145.6360037,VDD_CPU_GPU_CV,2554.24,,
1780555145.6360037,VDD_SOC,1771.2,,
1780555145.6360037,,,cpu-thermal,60.531
1780555145.6360037,,,gpu-thermal,60.937
1780555145.6360037,,,soc0-thermal,58.906
1780555145.6360037,,,soc1-thermal,58.281
1780555145.6360037,,,soc2-thermal,58.968
1780555145.6360037,,,tj-thermal,61.281
1780555145.741898,VDD_IN,7163.52,,
1780555145.741898,VDD_CPU_GPU_CV,2514.944,,
1780555145.741898,VDD_SOC,1731.84,,
1780555145.741898,,,cpu-thermal,60.468
1780555145.741898,,,gpu-thermal,60.906
1780555145.741898,,,soc0-thermal,58.937
1780555145.741898,,,soc1-thermal,58.125
1780555145.741898,,,soc2-thermal,59.031
1780555145.741898,,,tj-thermal,61.125
1780555145.8476362,VDD_IN,7214.592,,
1780555145.8476362,VDD_CPU_GPU_CV,2554.24,,
1780555145.8476362,VDD_SOC,1771.2,,
1780555145.8476362,,,cpu-thermal,60.5
1780555145.8476362,,,gpu-thermal,60.937
1780555145.8476362,,,soc0-thermal,58.843
1780555145.8476362,,,soc1-thermal,58.187
1780555145.8476362,,,soc2-thermal,58.937
1780555145.8476362,,,tj-thermal,60.937
1780555145.9536262,VDD_IN,7293.44,,
1780555145.9536262,VDD_CPU_GPU_CV,2593.536,,
1780555145.9536262,VDD_SOC,1771.2,,
1780555145.9536262,,,cpu-thermal,60.375
1780555145.9536262,,,gpu-thermal,61.281
1780555145.9536262,,,soc0-thermal,58.937
1780555145.9536262,,,soc1-thermal,58.343
1780555145.9536262,,,soc2-thermal,58.968
1780555145.9536262,,,tj-thermal,61.281
1780555146.0591626,VDD_IN,7293.44,,
1780555146.0591626,VDD_CPU_GPU_CV,2593.536,,
1780555146.0591626,VDD_SOC,1774.08,,
1780555146.0591626,,,cpu-thermal,60.468
1780555146.0591626,,,gpu-thermal,61.125
1780555146.0591626,,,soc0-thermal,58.906
1780555146.0591626,,,soc1-thermal,58.437
1780555146.0591626,,,soc2-thermal,58.875
1780555146.0591626,,,tj-thermal,61.125
1780555146.1648757,VDD_IN,7254.016,,
1780555146.1648757,VDD_CPU_GPU_CV,2554.24,,
1780555146.1648757,VDD_SOC,1771.2,,
1780555146.1648757,,,cpu-thermal,60.468
1780555146.1648757,,,gpu-thermal,61.031
1780555146.1648757,,,soc0-thermal,59.0
1780555146.1648757,,,soc1-thermal,58.25
1780555146.1648757,,,soc2-thermal,59.0
1780555146.1648757,,,tj-thermal,61.031
1780555146.2706852,VDD_IN,7214.592,,
1780555146.2706852,VDD_CPU_GPU_CV,2554.24,,
1780555146.2706852,VDD_SOC,1771.2,,
1780555146.2706852,,,cpu-thermal,60.468
1780555146.2706852,,,gpu-thermal,61.25
1780555146.2706852,,,soc0-thermal,58.906
1780555146.2706852,,,soc1-thermal,58.281
1780555146.2706852,,,soc2-thermal,58.937
1780555146.2706852,,,tj-thermal,60.937
1780555146.376628,VDD_IN,7214.592,,
1780555146.376628,VDD_CPU_GPU_CV,2514.944,,
1780555146.376628,VDD_SOC,1771.2,,
1780555146.376628,,,cpu-thermal,60.468
1780555146.376628,,,gpu-thermal,61.156
1780555146.376628,,,soc0-thermal,59.0
1780555146.376628,,,soc1-thermal,58.375
1780555146.376628,,,soc2-thermal,58.968
1780555146.376628,,,tj-thermal,60.906
1780555146.4823196,VDD_IN,7163.52,,
1780555146.4823196,VDD_CPU_GPU_CV,2514.944,,
1780555146.4823196,VDD_SOC,1771.2,,
1780555146.4823196,,,cpu-thermal,60.718
1780555146.4823196,,,gpu-thermal,60.906
1780555146.4823196,,,soc0-thermal,59.0
1780555146.4823196,,,soc1-thermal,58.218
1780555146.4823196,,,soc2-thermal,59.031
1780555146.4823196,,,tj-thermal,60.906
1780555146.588341,VDD_IN,7163.52,,
1780555146.588341,VDD_CPU_GPU_CV,2514.944,,
1780555146.588341,VDD_SOC,1771.2,,
1780555146.588341,,,cpu-thermal,60.468
1780555146.588341,,,gpu-thermal,60.906
1780555146.588341,,,soc0-thermal,58.937
1780555146.588341,,,soc1-thermal,58.187
1780555146.588341,,,soc2-thermal,58.906
1780555146.588341,,,tj-thermal,60.906
1780555146.693944,VDD_IN,7163.52,,
1780555146.693944,VDD_CPU_GPU_CV,2514.944,,
1780555146.693944,VDD_SOC,1731.84,,
1780555146.693944,,,cpu-thermal,60.406
1780555146.693944,,,gpu-thermal,60.875
1780555146.693944,,,soc0-thermal,58.906
1780555146.693944,,,soc1-thermal,58.281
1780555146.693944,,,soc2-thermal,58.875
1780555146.693944,,,tj-thermal,60.875
1780555146.799715,VDD_IN,7163.52,,
1780555146.799715,VDD_CPU_GPU_CV,2514.944,,
1780555146.799715,VDD_SOC,1731.84,,
1780555146.799715,,,cpu-thermal,60.593
1780555146.799715,,,gpu-thermal,61.375
1780555146.799715,,,soc0-thermal,59.0
1780555146.799715,,,soc1-thermal,58.375
1780555146.799715,,,soc2-thermal,58.968
1780555146.799715,,,tj-thermal,61.375
1780555146.9052851,VDD_IN,7214.592,,
1780555146.9052851,VDD_CPU_GPU_CV,2554.24,,
1780555146.9052851,VDD_SOC,1771.2,,
1780555146.9052851,,,cpu-thermal,60.656
1780555146.9052851,,,gpu-thermal,61.0
1780555146.9052851,,,soc0-thermal,58.906
1780555146.9052851,,,soc1-thermal,58.25
1780555146.9052851,,,soc2-thermal,58.906
1780555146.9052851,,,tj-thermal,61.218
1780555147.010856,VDD_IN,7293.44,,
1780555147.010856,VDD_CPU_GPU_CV,2593.536,,
1780555147.010856,VDD_SOC,1771.2,,
1780555147.010856,,,cpu-thermal,60.406
1780555147.010856,,,gpu-thermal,60.937
1780555147.010856,,,soc0-thermal,58.906
1780555147.010856,,,soc1-thermal,58.343
1780555147.010856,,,soc2-thermal,58.937
1780555147.010856,,,tj-thermal,61.125
1780555147.116721,VDD_IN,7254.016,,
1780555147.116721,VDD_CPU_GPU_CV,2554.24,,
1780555147.116721,VDD_SOC,1771.2,,
1780555147.116721,,,cpu-thermal,60.531
1780555147.116721,,,gpu-thermal,61.25
1780555147.116721,,,soc0-thermal,58.937
1780555147.116721,,,soc1-thermal,58.312
1780555147.116721,,,soc2-thermal,58.875
1780555147.116721,,,tj-thermal,61.25
1780555147.2226534,VDD_IN,7214.592,,
1780555147.2226534,VDD_CPU_GPU_CV,2554.24,,
1780555147.2226534,VDD_SOC,1771.2,,
1780555147.2226534,,,cpu-thermal,60.625
1780555147.2226534,,,gpu-thermal,61.125
1780555147.2226534,,,soc0-thermal,59.0
1780555147.2226534,,,soc1-thermal,58.25
1780555147.2226534,,,soc2-thermal,58.968
1780555147.2226534,,,tj-thermal,61.125
1780555147.3283718,VDD_IN,7202.88,,
1780555147.3283718,VDD_CPU_GPU_CV,2514.944,,
1780555147.3283718,VDD_SOC,1771.2,,
1780555147.3283718,,,cpu-thermal,60.687
1780555147.3283718,,,gpu-thermal,61.062
1780555147.3283718,,,soc0-thermal,58.937
1780555147.3283718,,,soc1-thermal,58.218
1780555147.3283718,,,soc2-thermal,58.843
1780555147.3283718,,,tj-thermal,61.062
1780555147.4339945,VDD_IN,7202.88,,
1780555147.4339945,VDD_CPU_GPU_CV,2514.944,,
1780555147.4339945,VDD_SOC,1771.2,,
1780555147.4339945,,,cpu-thermal,60.5
1780555147.4339945,,,gpu-thermal,61.0
1780555147.4339945,,,soc0-thermal,58.875
1780555147.4339945,,,soc1-thermal,58.281
1780555147.4339945,,,soc2-thermal,58.968
1780555147.4339945,,,tj-thermal,61.0
1780555147.53967,VDD_IN,7202.88,,
1780555147.53967,VDD_CPU_GPU_CV,2514.944,,
1780555147.53967,VDD_SOC,1731.84,,
1780555147.53967,,,cpu-thermal,60.593
1780555147.53967,,,gpu-thermal,61.156
1780555147.53967,,,soc0-thermal,58.937
1780555147.53967,,,soc1-thermal,58.5
1780555147.53967,,,soc2-thermal,58.937
1780555147.53967,,,tj-thermal,60.968
1780555147.6453524,VDD_IN,7163.52,,
1780555147.6453524,VDD_CPU_GPU_CV,2514.944,,
1780555147.6453524,VDD_SOC,1771.2,,
1780555147.6453524,,,cpu-thermal,60.593
1780555147.6453524,,,gpu-thermal,61.093
1780555147.6453524,,,soc0-thermal,59.125
1780555147.6453524,,,soc1-thermal,58.343
1780555147.6453524,,,soc2-thermal,59.0
1780555147.6453524,,,tj-thermal,61.093
1780555147.7509105,VDD_IN,7124.16,,
1780555147.7509105,VDD_CPU_GPU_CV,2475.648,,
1780555147.7509105,VDD_SOC,1731.84,,
1780555147.7509105,,,cpu-thermal,60.687
1780555147.7509105,,,gpu-thermal,61.0
1780555147.7509105,,,soc0-thermal,58.968
1780555147.7509105,,,soc1-thermal,58.343
1780555147.7509105,,,soc2-thermal,58.937
1780555147.7509105,,,tj-thermal,61.0
1780555147.8564606,VDD_IN,7214.592,,
1780555147.8564606,VDD_CPU_GPU_CV,2514.944,,
1780555147.8564606,VDD_SOC,1771.2,,
1780555147.8564606,,,cpu-thermal,60.531
1780555147.8564606,,,gpu-thermal,60.968
1780555147.8564606,,,soc0-thermal,58.937
1780555147.8564606,,,soc1-thermal,58.437
1780555147.8564606,,,soc2-thermal,58.937
1780555147.8564606,,,tj-thermal,60.968
1780555147.9620197,VDD_IN,7254.016,,
1780555147.9620197,VDD_CPU_GPU_CV,2558.4,,
1780555147.9620197,VDD_SOC,1774.08,,
1780555147.9620197,,,cpu-thermal,60.562
1780555147.9620197,,,gpu-thermal,61.156
1780555147.9620197,,,soc0-thermal,58.968
1780555147.9620197,,,soc1-thermal,58.437
1780555147.9620197,,,soc2-thermal,59.0
1780555147.9620197,,,tj-thermal,61.406
1780555148.0676682,VDD_IN,7254.016,,
1780555148.0676682,VDD_CPU_GPU_CV,2597.76,,
1780555148.0676682,VDD_SOC,1774.08,,
1780555148.0676682,,,cpu-thermal,60.593
1780555148.0676682,,,gpu-thermal,61.062
1780555148.0676682,,,soc0-thermal,59.093
1780555148.0676682,,,soc1-thermal,58.406
1780555148.0676682,,,soc2-thermal,59.031
1780555148.0676682,,,tj-thermal,61.312
1780555148.173207,VDD_IN,7254.016,,
1780555148.173207,VDD_CPU_GPU_CV,2558.4,,
1780555148.173207,VDD_SOC,1771.2,,
1780555148.173207,,,cpu-thermal,60.531
1780555148.173207,,,gpu-thermal,61.0
1780555148.173207,,,soc0-thermal,58.937
1780555148.173207,,,soc1-thermal,58.437
1780555148.173207,,,soc2-thermal,59.0
1780555148.173207,,,tj-thermal,61.0
1780555148.2793553,VDD_IN,7214.592,,
1780555148.2793553,VDD_CPU_GPU_CV,2554.24,,
1780555148.2793553,VDD_SOC,1771.2,,
1780555148.2793553,,,cpu-thermal,60.531
1780555148.2793553,,,gpu-thermal,61.375
1780555148.2793553,,,soc0-thermal,58.968
1780555148.2793553,,,soc1-thermal,58.406
1780555148.2793553,,,soc2-thermal,58.968
1780555148.2793553,,,tj-thermal,61.375
1780555148.3849633,VDD_IN,7214.592,,
1780555148.3849633,VDD_CPU_GPU_CV,2514.944,,
1780555148.3849633,VDD_SOC,1771.2,,
1780555148.3849633,,,cpu-thermal,60.531
1780555148.3849633,,,gpu-thermal,61.25
1780555148.3849633,,,soc0-thermal,59.031
1780555148.3849633,,,soc1-thermal,58.281
1780555148.3849633,,,soc2-thermal,59.093
1780555148.3849633,,,tj-thermal,61.25
1780555148.49082,VDD_IN,7175.168,,
1780555148.49082,VDD_CPU_GPU_CV,2514.944,,
1780555148.49082,VDD_SOC,1771.2,,
1780555148.49082,,,cpu-thermal,60.531
1780555148.49082,,,gpu-thermal,61.093
1780555148.49082,,,soc0-thermal,58.937
1780555148.49082,,,soc1-thermal,58.343
1780555148.49082,,,soc2-thermal,58.968
1780555148.49082,,,tj-thermal,61.093
1780555148.5965579,VDD_IN,7175.168,,
1780555148.5965579,VDD_CPU_GPU_CV,2514.944,,
1780555148.5965579,VDD_SOC,1771.2,,
1780555148.5965579,,,cpu-thermal,60.468
1780555148.5965579,,,gpu-thermal,61.343
1780555148.5965579,,,soc0-thermal,59.0
1780555148.5965579,,,soc1-thermal,58.406
1780555148.5965579,,,soc2-thermal,59.0
1780555148.5965579,,,tj-thermal,61.125
1780555148.7019832,VDD_IN,7175.168,,
1780555148.7019832,VDD_CPU_GPU_CV,2514.944,,
1780555148.7019832,VDD_SOC,1771.2,,
1780555148.7019832,,,cpu-thermal,60.625
1780555148.7019832,,,gpu-thermal,61.187
1780555148.7019832,,,soc0-thermal,59.125
1780555148.7019832,,,soc1-thermal,58.437
1780555148.7019832,,,soc2-thermal,59.093
1780555148.7019832,,,tj-thermal,61.031
1780555148.8085823,VDD_IN,7175.168,,
1780555148.8085823,VDD_CPU_GPU_CV,2514.944,,
1780555148.8085823,VDD_SOC,1771.2,,
1780555148.8085823,,,cpu-thermal,60.718
1780555148.8085823,,,gpu-thermal,61.156
1780555148.8085823,,,soc0-thermal,59.093
1780555148.8085823,,,soc1-thermal,58.312
1780555148.8085823,,,soc2-thermal,59.062
1780555148.8085823,,,tj-thermal,61.062
1780555148.914317,VDD_IN,7214.592,,
1780555148.914317,VDD_CPU_GPU_CV,2558.4,,
1780555148.914317,VDD_SOC,1774.08,,
1780555148.914317,,,cpu-thermal,60.875
1780555148.914317,,,gpu-thermal,61.125
1780555148.914317,,,soc0-thermal,58.968
1780555148.914317,,,soc1-thermal,58.406
1780555148.914317,,,soc2-thermal,59.062
1780555148.914317,,,tj-thermal,61.125
1780555149.019795,VDD_IN,7293.44,,
1780555149.019795,VDD_CPU_GPU_CV,2597.76,,
1780555149.019795,VDD_SOC,1774.08,,
1780555149.019795,,,cpu-thermal,60.531
1780555149.019795,,,gpu-thermal,61.062
1780555149.019795,,,soc0-thermal,58.968
1780555149.019795,,,soc1-thermal,58.375
1780555149.019795,,,soc2-thermal,59.062
1780555149.019795,,,tj-thermal,61.062
1780555149.1253004,VDD_IN,7254.016,,
1780555149.1253004,VDD_CPU_GPU_CV,2554.24,,
1780555149.1253004,VDD_SOC,1774.08,,
1780555149.1253004,,,cpu-thermal,60.656
1780555149.1253004,,,gpu-thermal,61.406
1780555149.1253004,,,soc0-thermal,59.093
1780555149.1253004,,,soc1-thermal,58.375
1780555149.1253004,,,soc2-thermal,59.125
1780555149.1253004,,,tj-thermal,61.406
1780555149.2313917,VDD_IN,7254.016,,
1780555149.2313917,VDD_CPU_GPU_CV,2554.24,,
1780555149.2313917,VDD_SOC,1771.2,,
1780555149.2313917,,,cpu-thermal,60.75
1780555149.2313917,,,gpu-thermal,61.343
1780555149.2313917,,,soc0-thermal,59.218
1780555149.2313917,,,soc1-thermal,58.437
1780555149.2313917,,,soc2-thermal,58.968
1780555149.2313917,,,tj-thermal,61.343
1780555149.337185,VDD_IN,7214.592,,
1780555149.337185,VDD_CPU_GPU_CV,2554.24,,
1780555149.337185,VDD_SOC,1771.2,,
1780555149.337185,,,cpu-thermal,60.937
1780555149.337185,,,gpu-thermal,61.031
1780555149.337185,,,soc0-thermal,59.062
1780555149.337185,,,soc1-thermal,58.437
1780555149.337185,,,soc2-thermal,59.0
1780555149.337185,,,tj-thermal,61.093
1780555149.4429243,VDD_IN,7214.592,,
1780555149.4429243,VDD_CPU_GPU_CV,2554.24,,
1780555149.4429243,VDD_SOC,1771.2,,
1780555149.4429243,,,cpu-thermal,60.687
1780555149.4429243,,,gpu-thermal,61.406
1780555149.4429243,,,soc0-thermal,59.031
1780555149.4429243,,,soc1-thermal,58.5
1780555149.4429243,,,soc2-thermal,59.031
1780555149.4429243,,,tj-thermal,61.125
1780555149.5486238,VDD_IN,7175.168,,
1780555149.5486238,VDD_CPU_GPU_CV,2514.944,,
1780555149.5486238,VDD_SOC,1771.2,,
1780555149.5486238,,,cpu-thermal,60.781
1780555149.5486238,,,gpu-thermal,61.218
1780555149.5486238,,,soc0-thermal,59.125
1780555149.5486238,,,soc1-thermal,58.375
1780555149.5486238,,,soc2-thermal,59.093
1780555149.5486238,,,tj-thermal,61.218
1780555149.6541793,VDD_IN,7175.168,,
1780555149.6541793,VDD_CPU_GPU_CV,2514.944,,
1780555149.6541793,VDD_SOC,1771.2,,
1780555149.6541793,,,cpu-thermal,60.687
1780555149.6541793,,,gpu-thermal,61.25
1780555149.6541793,,,soc0-thermal,59.031
1780555149.6541793,,,soc1-thermal,58.437
1780555149.6541793,,,soc2-thermal,59.093
1780555149.6541793,,,tj-thermal,61.25
1780555149.7599475,VDD_IN,7175.168,,
1780555149.7599475,VDD_CPU_GPU_CV,2514.944,,
1780555149.7599475,VDD_SOC,1771.2,,
1780555149.7599475,,,cpu-thermal,60.687
1780555149.7599475,,,gpu-thermal,61.187
1780555149.7599475,,,soc0-thermal,59.093
1780555149.7599475,,,soc1-thermal,58.437
1780555149.7599475,,,soc2-thermal,59.062
1780555149.7599475,,,tj-thermal,61.187
1780555149.8656235,VDD_IN,7214.592,,
1780555149.8656235,VDD_CPU_GPU_CV,2554.24,,
1780555149.8656235,VDD_SOC,1774.08,,
1780555149.8656235,,,cpu-thermal,60.687
1780555149.8656235,,,gpu-thermal,61.375
1780555149.8656235,,,soc0-thermal,59.156
1780555149.8656235,,,soc1-thermal,58.562
1780555149.8656235,,,soc2-thermal,59.156
1780555149.8656235,,,tj-thermal,61.218
1780555149.9713318,VDD_IN,7293.44,,
1780555149.9713318,VDD_CPU_GPU_CV,2558.4,,
1780555149.9713318,VDD_SOC,1774.08,,
1780555149.9713318,,,cpu-thermal,60.687
1780555149.9713318,,,gpu-thermal,61.25
1780555149.9713318,,,soc0-thermal,59.187
1780555149.9713318,,,soc1-thermal,58.437
1780555149.9713318,,,soc2-thermal,59.218
1780555149.9713318,,,tj-thermal,61.156
1780555150.076978,VDD_IN,7293.44,,
1780555150.076978,VDD_CPU_GPU_CV,2554.24,,
1780555150.076978,VDD_SOC,1774.08,,
1780555150.076978,,,cpu-thermal,60.625
1780555150.076978,,,gpu-thermal,61.125
1780555150.076978,,,soc0-thermal,59.062
1780555150.076978,,,soc1-thermal,58.468
1780555150.076978,,,soc2-thermal,59.093
1780555150.076978,,,tj-thermal,61.125
1780555150.183072,VDD_IN,7254.016,,
1780555150.183072,VDD_CPU_GPU_CV,2554.24,,
1780555150.183072,VDD_SOC,1771.2,,
1780555150.183072,,,cpu-thermal,60.656
1780555150.183072,,,gpu-thermal,61.093
1780555150.183072,,,soc0-thermal,59.062
1780555150.183072,,,soc1-thermal,58.5
1780555150.183072,,,soc2-thermal,59.125
1780555150.183072,,,tj-thermal,61.093
1780555150.2893348,VDD_IN,7254.016,,
1780555150.2893348,VDD_CPU_GPU_CV,2554.24,,
1780555150.2893348,VDD_SOC,1771.2,,
1780555150.2893348,,,cpu-thermal,60.937
1780555150.2893348,,,gpu-thermal,61.093
1780555150.2893348,,,soc0-thermal,59.125
1780555150.2893348,,,soc1-thermal,58.437
1780555150.2893348,,,soc2-thermal,59.093
1780555150.2893348,,,tj-thermal,61.093
1780555150.395331,VDD_IN,7214.592,,
1780555150.395331,VDD_CPU_GPU_CV,2554.24,,
1780555150.395331,VDD_SOC,1771.2,,
1780555150.395331,,,cpu-thermal,60.687
1780555150.395331,,,gpu-thermal,61.312
1780555150.395331,,,soc0-thermal,59.031
1780555150.395331,,,soc1-thermal,58.468
1780555150.395331,,,soc2-thermal,59.125
1780555150.395331,,,tj-thermal,61.312
1780555150.5012681,VDD_IN,7175.168,,
1780555150.5012681,VDD_CPU_GPU_CV,2514.944,,
1780555150.5012681,VDD_SOC,1731.84,,
1780555150.5012681,,,cpu-thermal,60.656
1780555150.5012681,,,gpu-thermal,61.312
1780555150.5012681,,,soc0-thermal,59.062
1780555150.5012681,,,soc1-thermal,58.5
1780555150.5012681,,,soc2-thermal,59.125
1780555150.5012681,,,tj-thermal,61.312
1780555150.6068447,VDD_IN,7163.52,,
1780555150.6068447,VDD_CPU_GPU_CV,2514.944,,
1780555150.6068447,VDD_SOC,1731.84,,
1780555150.6068447,,,cpu-thermal,60.875
1780555150.6068447,,,gpu-thermal,61.218
1780555150.6068447,,,soc0-thermal,59.062
1780555150.6068447,,,soc1-thermal,58.593
1780555150.6068447,,,soc2-thermal,59.125
1780555150.6068447,,,tj-thermal,61.218
1780555150.7127726,VDD_IN,7163.52,,
1780555150.7127726,VDD_CPU_GPU_CV,2514.944,,
1780555150.7127726,VDD_SOC,1731.84,,
1780555150.7127726,,,cpu-thermal,60.843
1780555150.7127726,,,gpu-thermal,61.406
1780555150.7127726,,,soc0-thermal,59.156
1780555150.7127726,,,soc1-thermal,58.437
1780555150.7127726,,,soc2-thermal,59.156
1780555150.7127726,,,tj-thermal,61.187
1780555150.8183599,VDD_IN,7175.168,,
1780555150.8183599,VDD_CPU_GPU_CV,2554.24,,
1780555150.8183599,VDD_SOC,1771.2,,
1780555150.8183599,,,cpu-thermal,61.062
1780555150.8183599,,,gpu-thermal,61.406
1780555150.8183599,,,soc0-thermal,59.125
1780555150.8183599,,,soc1-thermal,58.5
1780555150.8183599,,,soc2-thermal,59.093
1780555150.8183599,,,tj-thermal,61.406
1780555150.9239984,VDD_IN,7254.016,,
1780555150.9239984,VDD_CPU_GPU_CV,2554.24,,
1780555150.9239984,VDD_SOC,1771.2,,
1780555150.9239984,,,cpu-thermal,60.593
1780555150.9239984,,,gpu-thermal,61.281
1780555150.9239984,,,soc0-thermal,59.125
1780555150.9239984,,,soc1-thermal,58.562
1780555150.9239984,,,soc2-thermal,59.125
1780555150.9239984,,,tj-thermal,61.281
1780555151.0294554,VDD_IN,7293.44,,
1780555151.0294554,VDD_CPU_GPU_CV,2597.76,,
1780555151.0294554,VDD_SOC,1774.08,,
1780555151.0294554,,,cpu-thermal,60.781
1780555151.0294554,,,gpu-thermal,61.187
1780555151.0294554,,,soc0-thermal,59.218
1780555151.0294554,,,soc1-thermal,58.406
1780555151.0294554,,,soc2-thermal,59.187
1780555151.0294554,,,tj-thermal,61.187
1780555151.1357143,VDD_IN,7254.016,,
1780555151.1357143,VDD_CPU_GPU_CV,2554.24,,
1780555151.1357143,VDD_SOC,1771.2,,
1780555151.1357143,,,cpu-thermal,60.843
1780555151.1357143,,,gpu-thermal,61.156
1780555151.1357143,,,soc0-thermal,59.187
1780555151.1357143,,,soc1-thermal,58.468
1780555151.1357143,,,soc2-thermal,59.093
1780555151.1357143,,,tj-thermal,61.156
1780555151.2418659,VDD_IN,7254.016,,
1780555151.2418659,VDD_CPU_GPU_CV,2554.24,,
1780555151.2418659,VDD_SOC,1771.2,,
1780555151.2418659,,,cpu-thermal,60.687
1780555151.2418659,,,gpu-thermal,61.406
1780555151.2418659,,,soc0-thermal,59.125
1780555151.2418659,,,soc1-thermal,58.531
1780555151.2418659,,,soc2-thermal,59.125
1780555151.2418659,,,tj-thermal,61.406
1780555151.348125,VDD_IN,7214.592,,
1780555151.348125,VDD_CPU_GPU_CV,2554.24,,
1780555151.348125,VDD_SOC,1771.2,,
1780555151.348125,,,cpu-thermal,60.75
1780555151.348125,,,gpu-thermal,61.406
1780555151.348125,,,soc0-thermal,59.187
1780555151.348125,,,soc1-thermal,58.5
1780555151.348125,,,soc2-thermal,59.218
1780555151.348125,,,tj-thermal,61.406
1780555151.4542105,VDD_IN,7214.592,,
1780555151.4542105,VDD_CPU_GPU_CV,2514.944,,
1780555151.4542105,VDD_SOC,1771.2,,
1780555151.4542105,,,cpu-thermal,60.843
1780555151.4542105,,,gpu-thermal,61.25
1780555151.4542105,,,soc0-thermal,59.281
1780555151.4542105,,,soc1-thermal,58.437
1780555151.4542105,,,soc2-thermal,59.281
1780555151.4542105,,,tj-thermal,61.25
1780555151.560011,VDD_IN,7214.592,,
1780555151.560011,VDD_CPU_GPU_CV,2514.944,,
1780555151.560011,VDD_SOC,1771.2,,
1780555151.560011,,,cpu-thermal,60.687
1780555151.560011,,,gpu-thermal,61.437
1780555151.560011,,,soc0-thermal,59.125
1780555151.560011,,,soc1-thermal,58.531
1780555151.560011,,,soc2-thermal,59.187
1780555151.560011,,,tj-thermal,61.156
1780555151.6659274,VDD_IN,7175.168,,
1780555151.6659274,VDD_CPU_GPU_CV,2514.944,,
1780555151.6659274,VDD_SOC,1731.84,,
1780555151.6659274,,,cpu-thermal,60.687
1780555151.6659274,,,gpu-thermal,61.343
1780555151.6659274,,,soc0-thermal,59.125
1780555151.6659274,,,soc1-thermal,58.687
1780555151.6659274,,,soc2-thermal,59.187
1780555151.6659274,,,tj-thermal,61.125
1780555151.7715936,VDD_IN,7175.168,,
1780555151.7715936,VDD_CPU_GPU_CV,2514.944,,
1780555151.7715936,VDD_SOC,1731.84,,
1780555151.7715936,,,cpu-thermal,60.781
1780555151.7715936,,,gpu-thermal,61.312
1780555151.7715936,,,soc0-thermal,59.218
1780555151.7715936,,,soc1-thermal,58.437
1780555151.7715936,,,soc2-thermal,59.312
1780555151.7715936,,,tj-thermal,61.312
1780555151.8772638,VDD_IN,7254.016,,
1780555151.8772638,VDD_CPU_GPU_CV,2554.24,,
1780555151.8772638,VDD_SOC,1771.2,,
1780555151.8772638,,,cpu-thermal,60.687
1780555151.8772638,,,gpu-thermal,61.218
1780555151.8772638,,,soc0-thermal,59.218
1780555151.8772638,,,soc1-thermal,58.5
1780555151.8772638,,,soc2-thermal,59.125
1780555151.8772638,,,tj-thermal,61.218
1780555151.9826515,VDD_IN,7293.44,,
1780555151.9826515,VDD_CPU_GPU_CV,2558.4,,
1780555151.9826515,VDD_SOC,1774.08,,
1780555151.9826515,,,cpu-thermal,60.687
1780555151.9826515,,,gpu-thermal,61.218
1780555151.9826515,,,soc0-thermal,59.156
1780555151.9826515,,,soc1-thermal,58.468
1780555151.9826515,,,soc2-thermal,59.187
1780555151.9826515,,,tj-thermal,61.218
1780555152.088648,VDD_IN,7254.016,,
1780555152.088648,VDD_CPU_GPU_CV,2593.536,,
1780555152.088648,VDD_SOC,1774.08,,
1780555152.088648,,,cpu-thermal,60.75
1780555152.088648,,,gpu-thermal,61.531
1780555152.088648,,,soc0-thermal,59.25
1780555152.088648,,,soc1-thermal,58.593
1780555152.088648,,,soc2-thermal,59.218
1780555152.088648,,,tj-thermal,61.531
1780555152.1942713,VDD_IN,7254.016,,
1780555152.1942713,VDD_CPU_GPU_CV,2554.24,,
1780555152.1942713,VDD_SOC,1771.2,,
1780555152.1942713,,,cpu-thermal,61.0
1780555152.1942713,,,gpu-thermal,61.312
1780555152.1942713,,,soc0-thermal,59.281
1780555152.1942713,,,soc1-thermal,58.531
1780555152.1942713,,,soc2-thermal,59.281
1780555152.1942713,,,tj-thermal,61.375
1780555152.300062,VDD_IN,7214.592,,
1780555152.300062,VDD_CPU_GPU_CV,2554.24,,
1780555152.300062,VDD_SOC,1771.2,,
1780555152.300062,,,cpu-thermal,60.687
1780555152.300062,,,gpu-thermal,61.156
1780555152.300062,,,soc0-thermal,59.156
1780555152.300062,,,soc1-thermal,58.562
1780555152.300062,,,soc2-thermal,59.187
1780555152.300062,,,tj-thermal,61.281
1780555152.4063327,VDD_IN,7214.592,,
1780555152.4063327,VDD_CPU_GPU_CV,2554.24,,
1780555152.4063327,VDD_SOC,1771.2,,
1780555152.4063327,,,cpu-thermal,60.718
1780555152.4063327,,,gpu-thermal,61.531
1780555152.4063327,,,soc0-thermal,59.312
1780555152.4063327,,,soc1-thermal,58.593
1780555152.4063327,,,soc2-thermal,59.218
1780555152.4063327,,,tj-thermal,61.312
1780555152.5127776,VDD_IN,7175.168,,
1780555152.5127776,VDD_CPU_GPU_CV,2554.24,,
1780555152.5127776,VDD_SOC,1771.2,,
1780555152.5127776,,,cpu-thermal,60.843
1780555152.5127776,,,gpu-thermal,61.406
1780555152.5127776,,,soc0-thermal,59.25
1780555152.5127776,,,soc1-thermal,58.5
1780555152.5127776,,,soc2-thermal,59.281
1780555152.5127776,,,tj-thermal,61.406
1780555152.618788,VDD_IN,7202.88,,
1780555152.618788,VDD_CPU_GPU_CV,2554.24,,
1780555152.618788,VDD_SOC,1771.2,,
1780555152.618788,,,cpu-thermal,61.062
1780555152.618788,,,gpu-thermal,61.375
1780555152.618788,,,soc0-thermal,59.156
1780555152.618788,,,soc1-thermal,58.531
1780555152.618788,,,soc2-thermal,59.218
1780555152.618788,,,tj-thermal,61.375
1780555152.7244399,VDD_IN,7214.592,,
1780555152.7244399,VDD_CPU_GPU_CV,2514.944,,
1780555152.7244399,VDD_SOC,1771.2,,
1780555152.7244399,,,cpu-thermal,60.781
1780555152.7244399,,,gpu-thermal,61.218
1780555152.7244399,,,soc0-thermal,59.156
1780555152.7244399,,,soc1-thermal,58.593
1780555152.7244399,,,soc2-thermal,59.25
1780555152.7244399,,,tj-thermal,61.218
1780555152.830351,VDD_IN,7214.592,,
1780555152.830351,VDD_CPU_GPU_CV,2554.24,,
1780555152.830351,VDD_SOC,1771.2,,
1780555152.830351,,,cpu-thermal,60.875
1780555152.830351,,,gpu-thermal,61.312
1780555152.830351,,,soc0-thermal,59.375
1780555152.830351,,,soc1-thermal,58.718
1780555152.830351,,,soc2-thermal,59.25
1780555152.830351,,,tj-thermal,61.312
1780555152.9364774,VDD_IN,7254.016,,
1780555152.9364774,VDD_CPU_GPU_CV,2554.24,,
1780555152.9364774,VDD_SOC,1771.2,,
1780555152.9364774,,,cpu-thermal,60.843
1780555152.9364774,,,gpu-thermal,61.656
1780555152.9364774,,,soc0-thermal,59.218
1780555152.9364774,,,soc1-thermal,58.5
1780555152.9364774,,,soc2-thermal,59.437
1780555152.9364774,,,tj-thermal,61.656
1780555153.041892,VDD_IN,7293.44,,
1780555153.041892,VDD_CPU_GPU_CV,2593.536,,
1780555153.041892,VDD_SOC,1774.08,,
1780555153.041892,,,cpu-thermal,60.75
1780555153.041892,,,gpu-thermal,61.375
1780555153.041892,,,soc0-thermal,59.25
1780555153.041892,,,soc1-thermal,58.656
1780555153.041892,,,soc2-thermal,59.25
1780555153.041892,,,tj-thermal,61.468
1780555153.147918,VDD_IN,7254.016,,
1780555153.147918,VDD_CPU_GPU_CV,2593.536,,
1780555153.147918,VDD_SOC,1771.2,,
1780555153.147918,,,cpu-thermal,60.843
1780555153.147918,,,gpu-thermal,61.218
1780555153.147918,,,soc0-thermal,59.25
1780555153.147918,,,soc1-thermal,58.687
1780555153.147918,,,soc2-thermal,59.281
1780555153.147918,,,tj-thermal,61.375
1780555153.253597,VDD_IN,7254.016,,
1780555153.253597,VDD_CPU_GPU_CV,2554.24,,
1780555153.253597,VDD_SOC,1771.2,,
1780555153.253597,,,cpu-thermal,60.75
1780555153.253597,,,gpu-thermal,61.562
1780555153.253597,,,soc0-thermal,59.406
1780555153.253597,,,soc1-thermal,58.531
1780555153.253597,,,soc2-thermal,59.437
1780555153.253597,,,tj-thermal,61.562
1780555153.3596802,VDD_IN,7214.592,,
1780555153.3596802,VDD_CPU_GPU_CV,2554.24,,
1780555153.3596802,VDD_SOC,1771.2,,
1780555153.3596802,,,cpu-thermal,60.875
1780555153.3596802,,,gpu-thermal,61.468
1780555153.3596802,,,soc0-thermal,59.187
1780555153.3596802,,,soc1-thermal,58.562
1780555153.3596802,,,soc2-thermal,59.218
1780555153.3596802,,,tj-thermal,61.468
1780555153.465624,VDD_IN,7175.168,,
1780555153.465624,VDD_CPU_GPU_CV,2514.944,,
1780555153.465624,VDD_SOC,1771.2,,
1780555153.465624,,,cpu-thermal,60.75
1780555153.465624,,,gpu-thermal,61.406
1780555153.465624,,,soc0-thermal,59.281
1780555153.465624,,,soc1-thermal,58.625
1780555153.465624,,,soc2-thermal,59.25
1780555153.465624,,,tj-thermal,61.406
1780555153.5712163,VDD_IN,7175.168,,
1780555153.5712163,VDD_CPU_GPU_CV,2514.944,,
1780555153.5712163,VDD_SOC,1771.2,,
1780555153.5712163,,,cpu-thermal,60.75
1780555153.5712163,,,gpu-thermal,61.343
1780555153.5712163,,,soc0-thermal,59.375
1780555153.5712163,,,soc1-thermal,58.812
1780555153.5712163,,,soc2-thermal,59.375
1780555153.5712163,,,tj-thermal,61.343
1780555153.6777797,VDD_IN,7175.168,,
1780555153.6777797,VDD_CPU_GPU_CV,2514.944,,
1780555153.6777797,VDD_SOC,1771.2,,
1780555153.6777797,,,cpu-thermal,61.187
1780555153.6777797,,,gpu-thermal,61.25
1780555153.6777797,,,soc0-thermal,59.375
1780555153.6777797,,,soc1-thermal,58.625
1780555153.6777797,,,soc2-thermal,59.406
1780555153.6777797,,,tj-thermal,61.25
1780555153.7841787,VDD_IN,7135.744,,
1780555153.7841787,VDD_CPU_GPU_CV,2514.944,,
1780555153.7841787,VDD_SOC,1771.2,,
1780555153.7841787,,,cpu-thermal,60.75
1780555153.7841787,,,gpu-thermal,61.718
1780555153.7841787,,,soc0-thermal,59.312
1780555153.7841787,,,soc1-thermal,58.562
1780555153.7841787,,,soc2-thermal,59.343
1780555153.7841787,,,tj-thermal,61.718
1780555153.8904967,VDD_IN,7214.592,,
1780555153.8904967,VDD_CPU_GPU_CV,2558.4,,
1780555153.8904967,VDD_SOC,1774.08,,
1780555153.8904967,,,cpu-thermal,60.906
1780555153.8904967,,,gpu-thermal,61.625
1780555153.8904967,,,soc0-thermal,59.281
1780555153.8904967,,,soc1-thermal,58.75
1780555153.8904967,,,soc2-thermal,59.312
1780555153.8904967,,,tj-thermal,61.625
1780555153.9964883,VDD_IN,7293.44,,
1780555153.9964883,VDD_CPU_GPU_CV,2597.76,,
1780555153.9964883,VDD_SOC,1774.08,,
1780555153.9964883,,,cpu-thermal,60.968
1780555153.9964883,,,gpu-thermal,61.5
1780555153.9964883,,,soc0-thermal,59.406
1780555153.9964883,,,soc1-thermal,58.562
1780555153.9964883,,,soc2-thermal,59.375
1780555153.9964883,,,tj-thermal,61.5
1780555154.1019025,VDD_IN,7254.016,,
1780555154.1019025,VDD_CPU_GPU_CV,2554.24,,
1780555154.1019025,VDD_SOC,1774.08,,
1780555154.1019025,,,cpu-thermal,61.125
1780555154.1019025,,,gpu-thermal,61.656
1780555154.1019025,,,soc0-thermal,59.187
1780555154.1019025,,,soc1-thermal,58.718
1780555154.1019025,,,soc2-thermal,59.312
1780555154.1019025,,,tj-thermal,61.343
1780555154.207782,VDD_IN,7254.016,,
1780555154.207782,VDD_CPU_GPU_CV,2554.24,,
1780555154.207782,VDD_SOC,1771.2,,
1780555154.207782,,,cpu-thermal,60.843
1780555154.207782,,,gpu-thermal,61.593
1780555154.207782,,,soc0-thermal,59.312
1780555154.207782,,,soc1-thermal,58.656
1780555154.207782,,,soc2-thermal,59.25
1780555154.207782,,,tj-thermal,61.375
1780555154.3142712,VDD_IN,7214.592,,
1780555154.3142712,VDD_CPU_GPU_CV,2554.24,,
1780555154.3142712,VDD_SOC,1771.2,,
1780555154.3142712,,,cpu-thermal,60.968
1780555154.3142712,,,gpu-thermal,61.406
1780555154.3142712,,,soc0-thermal,59.312
1780555154.3142712,,,soc1-thermal,58.687
1780555154.3142712,,,soc2-thermal,59.468
1780555154.3142712,,,tj-thermal,61.343
1780555154.4209697,VDD_IN,7214.592,,
1780555154.4209697,VDD_CPU_GPU_CV,2554.24,,
1780555154.4209697,VDD_SOC,1771.2,,
1780555154.4209697,,,cpu-thermal,60.843
1780555154.4209697,,,gpu-thermal,61.375
1780555154.4209697,,,soc0-thermal,59.218
1780555154.4209697,,,soc1-thermal,58.625
1780555154.4209697,,,soc2-thermal,59.406
1780555154.4209697,,,tj-thermal,61.562
1780555154.5272193,VDD_IN,7202.88,,
1780555154.5272193,VDD_CPU_GPU_CV,2554.24,,
1780555154.5272193,VDD_SOC,1771.2,,
1780555154.5272193,,,cpu-thermal,60.875
1780555154.5272193,,,gpu-thermal,61.406
1780555154.5272193,,,soc0-thermal,59.343
1780555154.5272193,,,soc1-thermal,58.656
1780555154.5272193,,,soc2-thermal,59.343
1780555154.5272193,,,tj-thermal,61.5
1780555154.6330438,VDD_IN,7163.52,,
1780555154.6330438,VDD_CPU_GPU_CV,2514.944,,
1780555154.6330438,VDD_SOC,1771.2,,
1780555154.6330438,,,cpu-thermal,60.968
1780555154.6330438,,,gpu-thermal,61.281
1780555154.6330438,,,soc0-thermal,59.343
1780555154.6330438,,,soc1-thermal,58.843
1780555154.6330438,,,soc2-thermal,59.375
1780555154.6330438,,,tj-thermal,61.281
1780555154.7386289,VDD_IN,7163.52,,
1780555154.7386289,VDD_CPU_GPU_CV,2514.944,,
1780555154.7386289,VDD_SOC,1771.2,,
1780555154.7386289,,,cpu-thermal,60.812
1780555154.7386289,,,gpu-thermal,61.562
1780555154.7386289,,,soc0-thermal,59.25
1780555154.7386289,,,soc1-thermal,58.75
1780555154.7386289,,,soc2-thermal,59.468
1780555154.7386289,,,tj-thermal,61.562
1780555154.8449483,VDD_IN,7214.592,,
1780555154.8449483,VDD_CPU_GPU_CV,2554.24,,
1780555154.8449483,VDD_SOC,1771.2,,
1780555154.8449483,,,cpu-thermal,60.875
1780555154.8449483,,,gpu-thermal,61.562
1780555154.8449483,,,soc0-thermal,59.375
1780555154.8449483,,,soc1-thermal,58.687
1780555154.8449483,,,soc2-thermal,59.375
1780555154.8449483,,,tj-thermal,61.562
1780555154.9504657,VDD_IN,7254.016,,
1780555154.9504657,VDD_CPU_GPU_CV,2597.76,,
1780555154.9504657,VDD_SOC,1774.08,,
1780555154.9504657,,,cpu-thermal,60.906
1780555154.9504657,,,gpu-thermal,61.468
1780555154.9504657,,,soc0-thermal,59.406
1780555154.9504657,,,soc1-thermal,58.718
1780555154.9504657,,,soc2-thermal,59.375
1780555154.9504657,,,tj-thermal,61.468
1780555155.0558531,VDD_IN,7254.016,,
1780555155.0558531,VDD_CPU_GPU_CV,2597.76,,
1780555155.0558531,VDD_SOC,1774.08,,
1780555155.0558531,,,cpu-thermal,61.187
1780555155.0558531,,,gpu-thermal,61.593
1780555155.0558531,,,soc0-thermal,59.437
1780555155.0558531,,,soc1-thermal,58.687
1780555155.0558531,,,soc2-thermal,59.468
1780555155.0558531,,,tj-thermal,61.406
1780555155.1621637,VDD_IN,7254.016,,
1780555155.1621637,VDD_CPU_GPU_CV,2593.536,,
1780555155.1621637,VDD_SOC,1774.08,,
1780555155.1621637,,,cpu-thermal,61.375
1780555155.1621637,,,gpu-thermal,61.562
1780555155.1621637,,,soc0-thermal,59.343
1780555155.1621637,,,soc1-thermal,58.718
1780555155.1621637,,,soc2-thermal,59.343
1780555155.1621637,,,tj-thermal,61.437
1780555155.2679791,VDD_IN,7254.016,,
1780555155.2679791,VDD_CPU_GPU_CV,2554.24,,
1780555155.2679791,VDD_SOC,1771.2,,
1780555155.2679791,,,cpu-thermal,60.875
1780555155.2679791,,,gpu-thermal,61.406
1780555155.2679791,,,soc0-thermal,59.312
1780555155.2679791,,,soc1-thermal,58.656
1780555155.2679791,,,soc2-thermal,59.437
1780555155.2679791,,,tj-thermal,61.687
1780555155.3740938,VDD_IN,7214.592,,
1780555155.3740938,VDD_CPU_GPU_CV,2554.24,,
1780555155.3740938,VDD_SOC,1771.2,,
1780555155.3740938,,,cpu-thermal,61.062
1780555155.3740938,,,gpu-thermal,61.406
1780555155.3740938,,,soc0-thermal,59.437
1780555155.3740938,,,soc1-thermal,58.625
1780555155.3740938,,,soc2-thermal,59.437
1780555155.3740938,,,tj-thermal,61.562
1780555155.4803271,VDD_IN,7214.592,,
1780555155.4803271,VDD_CPU_GPU_CV,2554.24,,
1780555155.4803271,VDD_SOC,1771.2,,
1780555155.4803271,,,cpu-thermal,61.093
1780555155.4803271,,,gpu-thermal,61.312
1780555155.4803271,,,soc0-thermal,59.406
1780555155.4803271,,,soc1-thermal,58.687
1780555155.4803271,,,soc2-thermal,59.375
1780555155.4803271,,,tj-thermal,61.312
1780555155.5862958,VDD_IN,7175.168,,
1780555155.5862958,VDD_CPU_GPU_CV,2554.24,,
1780555155.5862958,VDD_SOC,1771.2,,
1780555155.5862958,,,cpu-thermal,61.312
1780555155.5862958,,,gpu-thermal,61.718
1780555155.5862958,,,soc0-thermal,59.343
1780555155.5862958,,,soc1-thermal,58.718
1780555155.5862958,,,soc2-thermal,59.437
1780555155.5862958,,,tj-thermal,61.718
1780555155.6920102,VDD_IN,7135.744,,
1780555155.6920102,VDD_CPU_GPU_CV,2514.944,,
1780555155.6920102,VDD_SOC,1774.08,,
1780555155.6920102,,,cpu-thermal,60.968
1780555155.6920102,,,gpu-thermal,61.562
1780555155.6920102,,,soc0-thermal,59.406
1780555155.6920102,,,soc1-thermal,58.781
1780555155.6920102,,,soc2-thermal,59.468
1780555155.6920102,,,tj-thermal,61.562
1780555155.7978985,VDD_IN,7175.168,,
1780555155.7978985,VDD_CPU_GPU_CV,2514.944,,
1780555155.7978985,VDD_SOC,1771.2,,
1780555155.7978985,,,cpu-thermal,61.031
1780555155.7978985,,,gpu-thermal,61.562
1780555155.7978985,,,soc0-thermal,59.437
1780555155.7978985,,,soc1-thermal,58.718
1780555155.7978985,,,soc2-thermal,59.468
1780555155.7978985,,,tj-thermal,61.562
1780555155.9042053,VDD_IN,7214.592,,
1780555155.9042053,VDD_CPU_GPU_CV,2558.4,,
1780555155.9042053,VDD_SOC,1774.08,,
1780555155.9042053,,,cpu-thermal,60.875
1780555155.9042053,,,gpu-thermal,61.531
1780555155.9042053,,,soc0-thermal,59.343
1780555155.9042053,,,soc1-thermal,58.781
1780555155.9042053,,,soc2-thermal,59.468
1780555155.9042053,,,tj-thermal,61.531
1780555156.0096173,VDD_IN,7293.44,,
1780555156.0096173,VDD_CPU_GPU_CV,2597.76,,
1780555156.0096173,VDD_SOC,1774.08,,
1780555156.0096173,,,cpu-thermal,60.906
1780555156.0096173,,,gpu-thermal,61.625
1780555156.0096173,,,soc0-thermal,59.406
1780555156.0096173,,,soc1-thermal,58.75
1780555156.0096173,,,soc2-thermal,59.437
1780555156.0096173,,,tj-thermal,61.406
1780555156.1154895,VDD_IN,7254.016,,
1780555156.1154895,VDD_CPU_GPU_CV,2593.536,,
1780555156.1154895,VDD_SOC,1771.2,,
1780555156.1154895,,,cpu-thermal,61.031
1780555156.1154895,,,gpu-thermal,61.531
1780555156.1154895,,,soc0-thermal,59.406
1780555156.1154895,,,soc1-thermal,58.937
1780555156.1154895,,,soc2-thermal,59.5
1780555156.1154895,,,tj-thermal,61.531
1780555156.2210822,VDD_IN,7214.592,,
1780555156.2210822,VDD_CPU_GPU_CV,2554.24,,
1780555156.2210822,VDD_SOC,1771.2,,
1780555156.2210822,,,cpu-thermal,61.093
1780555156.2210822,,,gpu-thermal,61.468
1780555156.2210822,,,soc0-thermal,59.531
1780555156.2210822,,,soc1-thermal,58.75
1780555156.2210822,,,soc2-thermal,59.562
1780555156.2210822,,,tj-thermal,61.468
1780555156.3271832,VDD_IN,7214.592,,
1780555156.3271832,VDD_CPU_GPU_CV,2554.24,,
1780555156.3271832,VDD_SOC,1771.2,,
1780555156.3271832,,,cpu-thermal,60.875
1780555156.3271832,,,gpu-thermal,61.531
1780555156.3271832,,,soc0-thermal,59.406
1780555156.3271832,,,soc1-thermal,58.812
1780555156.3271832,,,soc2-thermal,59.437
1780555156.3271832,,,tj-thermal,61.531
1780555156.433052,VDD_IN,7202.88,,
1780555156.433052,VDD_CPU_GPU_CV,2554.24,,
1780555156.433052,VDD_SOC,1771.2,,
1780555156.433052,,,cpu-thermal,61.062
1780555156.433052,,,gpu-thermal,61.781
1780555156.433052,,,soc0-thermal,59.437
1780555156.433052,,,soc1-thermal,58.906
1780555156.433052,,,soc2-thermal,59.531
1780555156.433052,,,tj-thermal,61.781
1780555156.5387878,VDD_IN,7163.52,,
1780555156.5387878,VDD_CPU_GPU_CV,2554.24,,
1780555156.5387878,VDD_SOC,1771.2,,
1780555156.5387878,,,cpu-thermal,61.218
1780555156.5387878,,,gpu-thermal,61.593
1780555156.5387878,,,soc0-thermal,59.5
1780555156.5387878,,,soc1-thermal,58.656
1780555156.5387878,,,soc2-thermal,59.5
1780555156.5387878,,,tj-thermal,61.593
1780555156.6445775,VDD_IN,7163.52,,
1780555156.6445775,VDD_CPU_GPU_CV,2514.944,,
1780555156.6445775,VDD_SOC,1771.2,,
1780555156.6445775,,,cpu-thermal,60.906
1780555156.6445775,,,gpu-thermal,61.562
1780555156.6445775,,,soc0-thermal,59.406
1780555156.6445775,,,soc1-thermal,58.718
1780555156.6445775,,,soc2-thermal,59.468
1780555156.6445775,,,tj-thermal,61.562
1780555156.7506557,VDD_IN,7163.52,,
1780555156.7506557,VDD_CPU_GPU_CV,2514.944,,
1780555156.7506557,VDD_SOC,1731.84,,
1780555156.7506557,,,cpu-thermal,60.906
1780555156.7506557,,,gpu-thermal,61.781
1780555156.7506557,,,soc0-thermal,59.406
1780555156.7506557,,,soc1-thermal,58.812
1780555156.7506557,,,soc2-thermal,59.531
1780555156.7506557,,,tj-thermal,61.468
1780555156.8561678,VDD_IN,7214.592,,
1780555156.8561678,VDD_CPU_GPU_CV,2554.24,,
1780555156.8561678,VDD_SOC,1771.2,,
1780555156.8561678,,,cpu-thermal,61.093
1780555156.8561678,,,gpu-thermal,61.75
1780555156.8561678,,,soc0-thermal,59.468
1780555156.8561678,,,soc1-thermal,58.968
1780555156.8561678,,,soc2-thermal,59.5
1780555156.8561678,,,tj-thermal,61.75
1780555156.9618845,VDD_IN,7254.016,,
1780555156.9618845,VDD_CPU_GPU_CV,2597.76,,
1780555156.9618845,VDD_SOC,1774.08,,
1780555156.9618845,,,cpu-thermal,61.156
1780555156.9618845,,,gpu-thermal,61.562
1780555156.9618845,,,soc0-thermal,59.406
1780555156.9618845,,,soc1-thermal,58.718
1780555156.9618845,,,soc2-thermal,59.531
1780555156.9618845,,,tj-thermal,61.562
1780555157.0672405,VDD_IN,7293.44,,
1780555157.0672405,VDD_CPU_GPU_CV,2593.536,,
1780555157.0672405,VDD_SOC,1771.2,,
1780555157.0672405,,,cpu-thermal,61.343
1780555157.0672405,,,gpu-thermal,61.531
1780555157.0672405,,,soc0-thermal,59.375
1780555157.0672405,,,soc1-thermal,58.812
1780555157.0672405,,,soc2-thermal,59.562
1780555157.0672405,,,tj-thermal,61.531
1780555157.172841,VDD_IN,7254.016,,
1780555157.172841,VDD_CPU_GPU_CV,2593.536,,
1780555157.172841,VDD_SOC,1771.2,,
1780555157.172841,,,cpu-thermal,60.937
1780555157.172841,,,gpu-thermal,61.562
1780555157.172841,,,soc0-thermal,59.406
1780555157.172841,,,soc1-thermal,58.937
1780555157.172841,,,soc2-thermal,59.562
1780555157.172841,,,tj-thermal,61.562
1780555157.2793462,VDD_IN,7254.016,,
1780555157.2793462,VDD_CPU_GPU_CV,2554.24,,
1780555157.2793462,VDD_SOC,1771.2,,
1780555157.2793462,,,cpu-thermal,61.125
1780555157.2793462,,,gpu-thermal,61.875
1780555157.2793462,,,soc0-thermal,59.562
1780555157.2793462,,,soc1-thermal,58.843
1780555157.2793462,,,soc2-thermal,59.5
1780555157.2793462,,,tj-thermal,61.875
1780555157.3851635,VDD_IN,7214.592,,
1780555157.3851635,VDD_CPU_GPU_CV,2554.24,,
1780555157.3851635,VDD_SOC,1771.2,,
1780555157.3851635,,,cpu-thermal,61.156
1780555157.3851635,,,gpu-thermal,61.562
1780555157.3851635,,,soc0-thermal,59.437
1780555157.3851635,,,soc1-thermal,58.875
1780555157.3851635,,,soc2-thermal,59.468
1780555157.3851635,,,tj-thermal,61.656
1780555157.4907074,VDD_IN,7214.592,,
1780555157.4907074,VDD_CPU_GPU_CV,2554.24,,
1780555157.4907074,VDD_SOC,1771.2,,
1780555157.4907074,,,cpu-thermal,61.031
1780555157.4907074,,,gpu-thermal,61.468
1780555157.4907074,,,soc0-thermal,59.437
1780555157.4907074,,,soc1-thermal,58.875
1780555157.4907074,,,soc2-thermal,59.468
1780555157.4907074,,,tj-thermal,61.468
1780555157.596668,VDD_IN,7214.592,,
1780555157.596668,VDD_CPU_GPU_CV,2554.24,,
1780555157.596668,VDD_SOC,1771.2,,
1780555157.596668,,,cpu-thermal,61.125
1780555157.596668,,,gpu-thermal,61.875
1780555157.596668,,,soc0-thermal,59.531
1780555157.596668,,,soc1-thermal,58.968
1780555157.596668,,,soc2-thermal,59.593
1780555157.596668,,,tj-thermal,61.875
1780555157.7032251,VDD_IN,7163.52,,
1780555157.7032251,VDD_CPU_GPU_CV,2554.24,,
1780555157.7032251,VDD_SOC,1771.2,,
1780555157.7032251,,,cpu-thermal,61.125
1780555157.7032251,,,gpu-thermal,61.718
1780555157.7032251,,,soc0-thermal,59.625
1780555157.7032251,,,soc1-thermal,58.718
1780555157.7032251,,,soc2-thermal,59.593
1780555157.7032251,,,tj-thermal,61.718
1780555157.8088427,VDD_IN,7175.168,,
1780555157.8088427,VDD_CPU_GPU_CV,2554.24,,
1780555157.8088427,VDD_SOC,1771.2,,
1780555157.8088427,,,cpu-thermal,61.093
1780555157.8088427,,,gpu-thermal,61.593
1780555157.8088427,,,soc0-thermal,59.468
1780555157.8088427,,,soc1-thermal,58.812
1780555157.8088427,,,soc2-thermal,59.468
1780555157.8088427,,,tj-thermal,61.593
1780555157.9145145,VDD_IN,7214.592,,
1780555157.9145145,VDD_CPU_GPU_CV,2593.536,,
1780555157.9145145,VDD_SOC,1774.08,,
1780555157.9145145,,,cpu-thermal,61.093
1780555157.9145145,,,gpu-thermal,61.625
1780555157.9145145,,,soc0-thermal,59.437
1780555157.9145145,,,soc1-thermal,58.937
1780555157.9145145,,,soc2-thermal,59.625
1780555157.9145145,,,tj-thermal,61.625
1780555158.0198517,VDD_IN,7293.44,,
1780555158.0198517,VDD_CPU_GPU_CV,2593.536,,
1780555158.0198517,VDD_SOC,1774.08,,
1780555158.0198517,,,cpu-thermal,61.093
1780555158.0198517,,,gpu-thermal,61.687
1780555158.0198517,,,soc0-thermal,59.562
1780555158.0198517,,,soc1-thermal,59.031
1780555158.0198517,,,soc2-thermal,59.656
1780555158.0198517,,,tj-thermal,61.625
1780555158.1257274,VDD_IN,7254.016,,
1780555158.1257274,VDD_CPU_GPU_CV,2593.536,,
1780555158.1257274,VDD_SOC,1774.08,,
1780555158.1257274,,,cpu-thermal,61.062
1780555158.1257274,,,gpu-thermal,61.531
1780555158.1257274,,,soc0-thermal,59.437
1780555158.1257274,,,soc1-thermal,58.812
1780555158.1257274,,,soc2-thermal,59.593
1780555158.1257274,,,tj-thermal,61.468
1780555158.231731,VDD_IN,7254.016,,
1780555158.231731,VDD_CPU_GPU_CV,2554.24,,
1780555158.231731,VDD_SOC,1771.2,,
1780555158.231731,,,cpu-thermal,61.031
1780555158.231731,,,gpu-thermal,61.593
1780555158.231731,,,soc0-thermal,59.531
1780555158.231731,,,soc1-thermal,58.906
1780555158.231731,,,soc2-thermal,59.593
1780555158.231731,,,tj-thermal,61.593
1780555158.3376627,VDD_IN,7254.016,,
1780555158.3376627,VDD_CPU_GPU_CV,2554.24,,
1780555158.3376627,VDD_SOC,1771.2,,
1780555158.3376627,,,cpu-thermal,61.031
1780555158.3376627,,,gpu-thermal,61.562
1780555158.3376627,,,soc0-thermal,59.5
1780555158.3376627,,,soc1-thermal,58.937
1780555158.3376627,,,soc2-thermal,59.562
1780555158.3376627,,,tj-thermal,61.562
1780555158.443257,VDD_IN,7214.592,,
1780555158.443257,VDD_CPU_GPU_CV,2554.24,,
1780555158.443257,VDD_SOC,1771.2,,
1780555158.443257,,,cpu-thermal,61.343
1780555158.443257,,,gpu-thermal,61.968
1780555158.443257,,,soc0-thermal,59.625
1780555158.443257,,,soc1-thermal,58.812
1780555158.443257,,,soc2-thermal,59.656
1780555158.443257,,,tj-thermal,61.968
1780555158.549312,VDD_IN,7214.592,,
1780555158.549312,VDD_CPU_GPU_CV,2519.04,,
1780555158.549312,VDD_SOC,1771.2,,
1780555158.549312,,,cpu-thermal,61.093
1780555158.549312,,,gpu-thermal,61.75
1780555158.549312,,,soc0-thermal,59.468
1780555158.549312,,,soc1-thermal,58.906
1780555158.549312,,,soc2-thermal,59.593
1780555158.549312,,,tj-thermal,61.75
1780555158.654932,VDD_IN,7175.168,,
1780555158.654932,VDD_CPU_GPU_CV,2514.944,,
1780555158.654932,VDD_SOC,1771.2,,
1780555158.654932,,,cpu-thermal,61.031
1780555158.654932,,,gpu-thermal,61.531
1780555158.654932,,,soc0-thermal,59.531
1780555158.654932,,,soc1-thermal,58.906
1780555158.654932,,,soc2-thermal,59.562
1780555158.654932,,,tj-thermal,61.656
1780555158.7605762,VDD_IN,7175.168,,
1780555158.7605762,VDD_CPU_GPU_CV,2514.944,,
1780555158.7605762,VDD_SOC,1771.2,,
1780555158.7605762,,,cpu-thermal,61.218
1780555158.7605762,,,gpu-thermal,61.937
1780555158.7605762,,,soc0-thermal,59.593
1780555158.7605762,,,soc1-thermal,58.906
1780555158.7605762,,,soc2-thermal,59.593
1780555158.7605762,,,tj-thermal,61.625
1780555158.8668575,VDD_IN,7254.016,,
1780555158.8668575,VDD_CPU_GPU_CV,2558.4,,
1780555158.8668575,VDD_SOC,1771.2,,
1780555158.8668575,,,cpu-thermal,61.25
1780555158.8668575,,,gpu-thermal,61.75
1780555158.8668575,,,soc0-thermal,59.531
1780555158.8668575,,,soc1-thermal,58.906
1780555158.8668575,,,soc2-thermal,59.687
1780555158.8668575,,,tj-thermal,61.593
1780555158.9724033,VDD_IN,7293.44,,
1780555158.9724033,VDD_CPU_GPU_CV,2597.76,,
1780555158.9724033,VDD_SOC,1774.08,,
1780555158.9724033,,,cpu-thermal,61.531
1780555158.9724033,,,gpu-thermal,61.718
1780555158.9724033,,,soc0-thermal,59.437
1780555158.9724033,,,soc1-thermal,58.875
1780555158.9724033,,,soc2-thermal,59.656
1780555158.9724033,,,tj-thermal,61.718
1780555159.0779798,VDD_IN,7293.44,,
1780555159.0779798,VDD_CPU_GPU_CV,2593.536,,
1780555159.0779798,VDD_SOC,1774.08,,
1780555159.0779798,,,cpu-thermal,61.218
1780555159.0779798,,,gpu-thermal,61.656
1780555159.0779798,,,soc0-thermal,59.562
1780555159.0779798,,,soc1-thermal,58.937
1780555159.0779798,,,soc2-thermal,59.562
1780555159.0779798,,,tj-thermal,61.656
1780555159.18384,VDD_IN,7254.016,,
1780555159.18384,VDD_CPU_GPU_CV,2554.24,,
1780555159.18384,VDD_SOC,1771.2,,
1780555159.18384,,,cpu-thermal,61.187
1780555159.18384,,,gpu-thermal,61.593
1780555159.18384,,,soc0-thermal,59.75
1780555159.18384,,,soc1-thermal,58.906
1780555159.18384,,,soc2-thermal,59.625
1780555159.18384,,,tj-thermal,61.593
1780555159.2897525,VDD_IN,7254.016,,
1780555159.2897525,VDD_CPU_GPU_CV,2554.24,,
1780555159.2897525,VDD_SOC,1771.2,,
1780555159.2897525,,,cpu-thermal,61.437
1780555159.2897525,,,gpu-thermal,61.562
1780555159.2897525,,,soc0-thermal,59.531
1780555159.2897525,,,soc1-thermal,58.875
1780555159.2897525,,,soc2-thermal,59.593
1780555159.2897525,,,tj-thermal,61.562
1780555159.3961194,VDD_IN,7254.016,,
1780555159.3961194,VDD_CPU_GPU_CV,2554.24,,
1780555159.3961194,VDD_SOC,1771.2,,
1780555159.3961194,,,cpu-thermal,61.156
1780555159.3961194,,,gpu-thermal,61.781
1780555159.3961194,,,soc0-thermal,59.625
1780555159.3961194,,,soc1-thermal,59.0
1780555159.3961194,,,soc2-thermal,59.593
1780555159.3961194,,,tj-thermal,61.781
1780555159.5019262,VDD_IN,7202.88,,
1780555159.5019262,VDD_CPU_GPU_CV,2514.944,,
1780555159.5019262,VDD_SOC,1771.2,,
1780555159.5019262,,,cpu-thermal,61.218
1780555159.5019262,,,gpu-thermal,61.562
1780555159.5019262,,,soc0-thermal,59.593
1780555159.5019262,,,soc1-thermal,59.187
1780555159.5019262,,,soc2-thermal,59.656
1780555159.5019262,,,tj-thermal,61.781
1780555159.6079197,VDD_IN,7214.592,,
1780555159.6079197,VDD_CPU_GPU_CV,2514.944,,
1780555159.6079197,VDD_SOC,1771.2,,
1780555159.6079197,,,cpu-thermal,61.156
1780555159.6079197,,,gpu-thermal,62.031
1780555159.6079197,,,soc0-thermal,59.656
1780555159.6079197,,,soc1-thermal,58.906
1780555159.6079197,,,soc2-thermal,59.656
1780555159.6079197,,,tj-thermal,61.656
1780555159.713747,VDD_IN,7163.52,,
1780555159.713747,VDD_CPU_GPU_CV,2514.944,,
1780555159.713747,VDD_SOC,1771.2,,
1780555159.713747,,,cpu-thermal,61.156
1780555159.713747,,,gpu-thermal,61.843
1780555159.713747,,,soc0-thermal,59.656
1780555159.713747,,,soc1-thermal,59.0
1780555159.713747,,,soc2-thermal,59.656
1780555159.713747,,,tj-thermal,61.843
1780555159.8196704,VDD_IN,7202.88,,
1780555159.8196704,VDD_CPU_GPU_CV,2554.24,,
1780555159.8196704,VDD_SOC,1771.2,,
1780555159.8196704,,,cpu-thermal,61.156
1780555159.8196704,,,gpu-thermal,61.843
1780555159.8196704,,,soc0-thermal,59.625
1780555159.8196704,,,soc1-thermal,59.156
1780555159.8196704,,,soc2-thermal,59.75
1780555159.8196704,,,tj-thermal,61.843
1780555159.9254746,VDD_IN,7293.44,,
1780555159.9254746,VDD_CPU_GPU_CV,2554.24,,
1780555159.9254746,VDD_SOC,1771.2,,
1780555159.9254746,,,cpu-thermal,61.5
1780555159.9254746,,,gpu-thermal,61.718
1780555159.9254746,,,soc0-thermal,59.781
1780555159.9254746,,,soc1-thermal,58.906
1780555159.9254746,,,soc2-thermal,59.656
1780555159.9254746,,,tj-thermal,61.718
1780555160.0314302,VDD_IN,7332.864,,
1780555160.0314302,VDD_CPU_GPU_CV,2593.536,,
1780555160.0314302,VDD_SOC,1771.2,,
1780555160.0314302,,,cpu-thermal,61.125
1780555160.0314302,,,gpu-thermal,61.687
1780555160.0314302,,,soc0-thermal,59.687
1780555160.0314302,,,soc1-thermal,59.0
1780555160.0314302,,,soc2-thermal,59.718
1780555160.0314302,,,tj-thermal,61.687
1780555160.1375747,VDD_IN,7293.44,,
1780555160.1375747,VDD_CPU_GPU_CV,2554.24,,
1780555160.1375747,VDD_SOC,1771.2,,
1780555160.1375747,,,cpu-thermal,61.156
1780555160.1375747,,,gpu-thermal,61.593
1780555160.1375747,,,soc0-thermal,59.593
1780555160.1375747,,,soc1-thermal,58.968
1780555160.1375747,,,soc2-thermal,59.593
1780555160.1375747,,,tj-thermal,61.593
1780555160.243125,VDD_IN,7254.016,,
1780555160.243125,VDD_CPU_GPU_CV,2554.24,,
1780555160.243125,VDD_SOC,1771.2,,
1780555160.243125,,,cpu-thermal,61.343
1780555160.243125,,,gpu-thermal,61.875
1780555160.243125,,,soc0-thermal,59.812
1780555160.243125,,,soc1-thermal,59.093
1780555160.243125,,,soc2-thermal,59.687
1780555160.243125,,,tj-thermal,61.875
1780555160.3490598,VDD_IN,7254.016,,
1780555160.3490598,VDD_CPU_GPU_CV,2554.24,,
1780555160.3490598,VDD_SOC,1771.2,,
1780555160.3490598,,,cpu-thermal,61.468
1780555160.3490598,,,gpu-thermal,61.593
1780555160.3490598,,,soc0-thermal,59.531
1780555160.3490598,,,soc1-thermal,59.0
1780555160.3490598,,,soc2-thermal,59.718
1780555160.3490598,,,tj-thermal,61.812
1780555160.4552584,VDD_IN,7214.592,,
1780555160.4552584,VDD_CPU_GPU_CV,2554.24,,
1780555160.4552584,VDD_SOC,1771.2,,
1780555160.4552584,,,cpu-thermal,61.156
1780555160.4552584,,,gpu-thermal,61.656
1780555160.4552584,,,soc0-thermal,59.593
1780555160.4552584,,,soc1-thermal,59.0
1780555160.4552584,,,soc2-thermal,59.718
1780555160.4552584,,,tj-thermal,61.718
1780555160.5608778,VDD_IN,7214.592,,
1780555160.5608778,VDD_CPU_GPU_CV,2554.24,,
1780555160.5608778,VDD_SOC,1771.2,,
1780555160.5608778,,,cpu-thermal,61.343
1780555160.5608778,,,gpu-thermal,61.906
1780555160.5608778,,,soc0-thermal,59.656
1780555160.5608778,,,soc1-thermal,59.125
1780555160.5608778,,,soc2-thermal,59.75
1780555160.5608778,,,tj-thermal,61.906
1780555160.666832,VDD_IN,7175.168,,
1780555160.666832,VDD_CPU_GPU_CV,2514.944,,
1780555160.666832,VDD_SOC,1771.2,,
1780555160.666832,,,cpu-thermal,61.343
1780555160.666832,,,gpu-thermal,61.812
1780555160.666832,,,soc0-thermal,59.75
1780555160.666832,,,soc1-thermal,58.906
1780555160.666832,,,soc2-thermal,59.812
1780555160.666832,,,tj-thermal,61.812
1780555160.7724192,VDD_IN,7175.168,,
1780555160.7724192,VDD_CPU_GPU_CV,2514.944,,
1780555160.7724192,VDD_SOC,1731.84,,
1780555160.7724192,,,cpu-thermal,61.437
1780555160.7724192,,,gpu-thermal,61.781
1780555160.7724192,,,soc0-thermal,59.593
1780555160.7724192,,,soc1-thermal,59.0
1780555160.7724192,,,soc2-thermal,59.718
1780555160.7724192,,,tj-thermal,61.781
1780555160.878186,VDD_IN,7254.016,,
1780555160.878186,VDD_CPU_GPU_CV,2558.4,,
1780555160.878186,VDD_SOC,1774.08,,
1780555160.878186,,,cpu-thermal,61.25
1780555160.878186,,,gpu-thermal,61.75
1780555160.878186,,,soc0-thermal,59.718
1780555160.878186,,,soc1-thermal,59.0
1780555160.878186,,,soc2-thermal,59.656
1780555160.878186,,,tj-thermal,61.75
1780555160.9838932,VDD_IN,7293.44,,
1780555160.9838932,VDD_CPU_GPU_CV,2597.76,,
1780555160.9838932,VDD_SOC,1774.08,,
1780555160.9838932,,,cpu-thermal,61.281
1780555160.9838932,,,gpu-thermal,61.843
1780555160.9838932,,,soc0-thermal,59.75
1780555160.9838932,,,soc1-thermal,59.156
1780555160.9838932,,,soc2-thermal,59.718
1780555160.9838932,,,tj-thermal,61.656
1780555161.0896955,VDD_IN,7293.44,,
1780555161.0896955,VDD_CPU_GPU_CV,2597.76,,
1780555161.0896955,VDD_SOC,1774.08,,
1780555161.0896955,,,cpu-thermal,61.281
1780555161.0896955,,,gpu-thermal,61.781
1780555161.0896955,,,soc0-thermal,59.781
1780555161.0896955,,,soc1-thermal,58.937
1780555161.0896955,,,soc2-thermal,59.625
1780555161.0896955,,,tj-thermal,62.062
1780555161.1958787,VDD_IN,7293.44,,
1780555161.1958787,VDD_CPU_GPU_CV,2593.536,,
1780555161.1958787,VDD_SOC,1771.2,,
1780555161.1958787,,,cpu-thermal,61.25
1780555161.1958787,,,gpu-thermal,61.781
1780555161.1958787,,,soc0-thermal,59.718
1780555161.1958787,,,soc1-thermal,59.125
1780555161.1958787,,,soc2-thermal,59.718
1780555161.1958787,,,tj-thermal,61.875
1780555161.3018315,VDD_IN,7242.24,,
1780555161.3018315,VDD_CPU_GPU_CV,2554.24,,
1780555161.3018315,VDD_SOC,1771.2,,
1780555161.3018315,,,cpu-thermal,61.312
1780555161.3018315,,,gpu-thermal,61.687
1780555161.3018315,,,soc0-thermal,59.75
1780555161.3018315,,,soc1-thermal,59.156
1780555161.3018315,,,soc2-thermal,59.718
1780555161.3018315,,,tj-thermal,61.687
1780555161.4074416,VDD_IN,7202.88,,
1780555161.4074416,VDD_CPU_GPU_CV,2554.24,,
1780555161.4074416,VDD_SOC,1771.2,,
1780555161.4074416,,,cpu-thermal,61.312
1780555161.4074416,,,gpu-thermal,61.968
1780555161.4074416,,,soc0-thermal,59.906
1780555161.4074416,,,soc1-thermal,59.0
1780555161.4074416,,,soc2-thermal,59.781
1780555161.4074416,,,tj-thermal,61.968
1780555161.5141888,VDD_IN,7202.88,,
1780555161.5141888,VDD_CPU_GPU_CV,2554.24,,
1780555161.5141888,VDD_SOC,1771.2,,
1780555161.5141888,,,cpu-thermal,61.187
1780555161.5141888,,,gpu-thermal,61.875
1780555161.5141888,,,soc0-thermal,59.718
1780555161.5141888,,,soc1-thermal,59.031
1780555161.5141888,,,soc2-thermal,59.75
1780555161.5141888,,,tj-thermal,61.875
1780555161.620124,VDD_IN,7163.52,,
1780555161.620124,VDD_CPU_GPU_CV,2554.24,,
1780555161.620124,VDD_SOC,1771.2,,
1780555161.620124,,,cpu-thermal,61.218
1780555161.620124,,,gpu-thermal,61.843
1780555161.620124,,,soc0-thermal,59.718
1780555161.620124,,,soc1-thermal,59.093
1780555161.620124,,,soc2-thermal,59.75
1780555161.620124,,,tj-thermal,61.843
1780555161.726239,VDD_IN,7175.168,,
1780555161.726239,VDD_CPU_GPU_CV,2554.24,,
1780555161.726239,VDD_SOC,1771.2,,
1780555161.726239,,,cpu-thermal,61.437
1780555161.726239,,,gpu-thermal,61.812
1780555161.726239,,,soc0-thermal,59.781
1780555161.726239,,,soc1-thermal,59.218
1780555161.726239,,,soc2-thermal,59.843
1780555161.726239,,,tj-thermal,61.812
1780555161.8321712,VDD_IN,7214.592,,
1780555161.8321712,VDD_CPU_GPU_CV,2554.24,,
1780555161.8321712,VDD_SOC,1771.2,,
1780555161.8321712,,,cpu-thermal,61.562
1780555161.8321712,,,gpu-thermal,61.781
1780555161.8321712,,,soc0-thermal,59.718
1780555161.8321712,,,soc1-thermal,59.093
1780555161.8321712,,,soc2-thermal,59.687
1780555161.8321712,,,tj-thermal,61.781
1780555161.937851,VDD_IN,7293.44,,
1780555161.937851,VDD_CPU_GPU_CV,2597.76,,
1780555161.937851,VDD_SOC,1774.08,,
1780555161.937851,,,cpu-thermal,61.218
1780555161.937851,,,gpu-thermal,61.937
1780555161.937851,,,soc0-thermal,59.687
1780555161.937851,,,soc1-thermal,59.093
1780555161.937851,,,soc2-thermal,59.687
1780555161.937851,,,tj-thermal,62.156
1780555162.0434332,VDD_IN,7293.44,,
1780555162.0434332,VDD_CPU_GPU_CV,2597.76,,
1780555162.0434332,VDD_SOC,1774.08,,
1780555162.0434332,,,cpu-thermal,61.343
1780555162.0434332,,,gpu-thermal,61.875
1780555162.0434332,,,soc0-thermal,59.812
1780555162.0434332,,,soc1-thermal,59.156
1780555162.0434332,,,soc2-thermal,59.75
1780555162.0434332,,,tj-thermal,61.968
1780555162.1495245,VDD_IN,7293.44,,
1780555162.1495245,VDD_CPU_GPU_CV,2593.536,,
1780555162.1495245,VDD_SOC,1774.08,,
1780555162.1495245,,,cpu-thermal,61.5
1780555162.1495245,,,gpu-thermal,61.687
1780555162.1495245,,,soc0-thermal,59.875
1780555162.1495245,,,soc1-thermal,59.0
1780555162.1495245,,,soc2-thermal,59.875
1780555162.1495245,,,tj-thermal,61.687
1780555162.2552047,VDD_IN,7254.016,,
1780555162.2552047,VDD_CPU_GPU_CV,2593.536,,
1780555162.2552047,VDD_SOC,1771.2,,
1780555162.2552047,,,cpu-thermal,61.562
1780555162.2552047,,,gpu-thermal,62.125
1780555162.2552047,,,soc0-thermal,59.75
1780555162.2552047,,,soc1-thermal,59.125
1780555162.2552047,,,soc2-thermal,59.718
1780555162.2552047,,,tj-thermal,62.125
1780555162.3614557,VDD_IN,7254.016,,
1780555162.3614557,VDD_CPU_GPU_CV,2554.24,,
1780555162.3614557,VDD_SOC,1771.2,,
1780555162.3614557,,,cpu-thermal,61.343
1780555162.3614557,,,gpu-thermal,61.937
1780555162.3614557,,,soc0-thermal,59.812
1780555162.3614557,,,soc1-thermal,59.187
1780555162.3614557,,,soc2-thermal,59.75
1780555162.3614557,,,tj-thermal,61.937
1780555162.4676743,VDD_IN,7214.592,,
1780555162.4676743,VDD_CPU_GPU_CV,2554.24,,
1780555162.4676743,VDD_SOC,1771.2,,
1780555162.4676743,,,cpu-thermal,61.437
1780555162.4676743,,,gpu-thermal,61.875
1780555162.4676743,,,soc0-thermal,59.843
1780555162.4676743,,,soc1-thermal,59.093
1780555162.4676743,,,soc2-thermal,59.812
1780555162.4676743,,,tj-thermal,61.875
1780555162.5732632,VDD_IN,7214.592,,
1780555162.5732632,VDD_CPU_GPU_CV,2514.944,,
1780555162.5732632,VDD_SOC,1771.2,,
1780555162.5732632,,,cpu-thermal,61.468
1780555162.5732632,,,gpu-thermal,61.781
1780555162.5732632,,,soc0-thermal,59.656
1780555162.5732632,,,soc1-thermal,59.125
1780555162.5732632,,,soc2-thermal,59.812
1780555162.5732632,,,tj-thermal,61.781
1780555162.679135,VDD_IN,7175.168,,
1780555162.679135,VDD_CPU_GPU_CV,2514.944,,
1780555162.679135,VDD_SOC,1771.2,,
1780555162.679135,,,cpu-thermal,61.312
1780555162.679135,,,gpu-thermal,61.75
1780555162.679135,,,soc0-thermal,59.718
1780555162.679135,,,soc1-thermal,59.125
1780555162.679135,,,soc2-thermal,59.781
1780555162.679135,,,tj-thermal,61.75
1780555162.7849123,VDD_IN,7175.168,,
1780555162.7849123,VDD_CPU_GPU_CV,2514.944,,
1780555162.7849123,VDD_SOC,1774.08,,
1780555162.7849123,,,cpu-thermal,61.312
1780555162.7849123,,,gpu-thermal,61.812
1780555162.7849123,,,soc0-thermal,59.906
1780555162.7849123,,,soc1-thermal,59.25
1780555162.7849123,,,soc2-thermal,59.843
1780555162.7849123,,,tj-thermal,62.218
1780555162.891039,VDD_IN,7254.016,,
1780555162.891039,VDD_CPU_GPU_CV,2558.4,,
1780555162.891039,VDD_SOC,1774.08,,
1780555162.891039,,,cpu-thermal,61.375
1780555162.891039,,,gpu-thermal,61.812
1780555162.891039,,,soc0-thermal,59.75
1780555162.891039,,,soc1-thermal,59.062
1780555162.891039,,,soc2-thermal,59.875
1780555162.891039,,,tj-thermal,61.937
1780555162.9968507,VDD_IN,7293.44,,
1780555162.9968507,VDD_CPU_GPU_CV,2597.76,,
1780555162.9968507,VDD_SOC,1774.08,,
1780555162.9968507,,,cpu-thermal,61.281
1780555162.9968507,,,gpu-thermal,61.781
1780555162.9968507,,,soc0-thermal,59.781
1780555162.9968507,,,soc1-thermal,59.187
1780555162.9968507,,,soc2-thermal,59.843
1780555162.9968507,,,tj-thermal,61.781
1780555163.1025553,VDD_IN,7293.44,,
1780555163.1025553,VDD_CPU_GPU_CV,2597.76,,
1780555163.1025553,VDD_SOC,1774.08,,
1780555163.1025553,,,cpu-thermal,61.25
1780555163.1025553,,,gpu-thermal,62.187
1780555163.1025553,,,soc0-thermal,59.875
1780555163.1025553,,,soc1-thermal,59.187
1780555163.1025553,,,soc2-thermal,59.75
1780555163.1025553,,,tj-thermal,62.187
1780555163.2085457,VDD_IN,7254.016,,
1780555163.2085457,VDD_CPU_GPU_CV,2554.24,,
1780555163.2085457,VDD_SOC,1774.08,,
1780555163.2085457,,,cpu-thermal,61.656
1780555163.2085457,,,gpu-thermal,61.937
1780555163.2085457,,,soc0-thermal,59.906
1780555163.2085457,,,soc1-thermal,59.093
1780555163.2085457,,,soc2-thermal,59.937
1780555163.2085457,,,tj-thermal,61.937
1780555163.3143067,VDD_IN,7254.016,,
1780555163.3143067,VDD_CPU_GPU_CV,2554.24,,
1780555163.3143067,VDD_SOC,1771.2,,
1780555163.3143067,,,cpu-thermal,61.656
1780555163.3143067,,,gpu-thermal,61.937
1780555163.3143067,,,soc0-thermal,59.687
1780555163.3143067,,,soc1-thermal,59.093
1780555163.3143067,,,soc2-thermal,59.875
1780555163.3143067,,,tj-thermal,61.937
1780555163.4205668,VDD_IN,7214.592,,
1780555163.4205668,VDD_CPU_GPU_CV,2514.944,,
1780555163.4205668,VDD_SOC,1771.2,,
1780555163.4205668,,,cpu-thermal,61.406
1780555163.4205668,,,gpu-thermal,61.875
1780555163.4205668,,,soc0-thermal,59.843
1780555163.4205668,,,soc1-thermal,59.187
1780555163.4205668,,,soc2-thermal,59.906
1780555163.4205668,,,tj-thermal,61.875
1780555163.526143,VDD_IN,7214.592,,
1780555163.526143,VDD_CPU_GPU_CV,2514.944,,
1780555163.526143,VDD_SOC,1771.2,,
1780555163.526143,,,cpu-thermal,61.437
1780555163.526143,,,gpu-thermal,62.031
1780555163.526143,,,soc0-thermal,59.906
1780555163.526143,,,soc1-thermal,59.031
1780555163.526143,,,soc2-thermal,59.875
1780555163.526143,,,tj-thermal,61.781
1780555163.632996,VDD_IN,7214.592,,
1780555163.632996,VDD_CPU_GPU_CV,2514.944,,
1780555163.632996,VDD_SOC,1771.2,,
1780555163.632996,,,cpu-thermal,61.593
1780555163.632996,,,gpu-thermal,61.781
1780555163.632996,,,soc0-thermal,59.937
1780555163.632996,,,soc1-thermal,59.093
1780555163.632996,,,soc2-thermal,59.937
1780555163.632996,,,tj-thermal,61.781
1780555163.7385805,VDD_IN,7214.592,,
1780555163.7385805,VDD_CPU_GPU_CV,2514.944,,
1780555163.7385805,VDD_SOC,1771.2,,
1780555163.7385805,,,cpu-thermal,61.656
1780555163.7385805,,,gpu-thermal,61.937
1780555163.7385805,,,soc0-thermal,59.843
1780555163.7385805,,,soc1-thermal,59.218
1780555163.7385805,,,soc2-thermal,59.875
1780555163.7385805,,,tj-thermal,62.125
1780555163.844366,VDD_IN,7254.016,,
1780555163.844366,VDD_CPU_GPU_CV,2554.24,,
1780555163.844366,VDD_SOC,1771.2,,
1780555163.844366,,,cpu-thermal,61.343
1780555163.844366,,,gpu-thermal,61.875
1780555163.844366,,,soc0-thermal,59.843
1780555163.844366,,,soc1-thermal,59.312
1780555163.844366,,,soc2-thermal,59.875
1780555163.844366,,,tj-thermal,61.875
1780555163.950083,VDD_IN,7332.864,,
1780555163.950083,VDD_CPU_GPU_CV,2597.76,,
1780555163.950083,VDD_SOC,1774.08,,
1780555163.950083,,,cpu-thermal,61.406
1780555163.950083,,,gpu-thermal,61.843
1780555163.950083,,,soc0-thermal,59.906
1780555163.950083,,,soc1-thermal,59.343
1780555163.950083,,,soc2-thermal,59.937
1780555163.950083,,,tj-thermal,61.843
1780555164.0554388,VDD_IN,7332.864,,
1780555164.0554388,VDD_CPU_GPU_CV,2597.76,,
1780555164.0554388,VDD_SOC,1771.2,,
1780555164.0554388,,,cpu-thermal,61.531
1780555164.0554388,,,gpu-thermal,62.125
1780555164.0554388,,,soc0-thermal,59.812
1780555164.0554388,,,soc1-thermal,59.218
1780555164.0554388,,,soc2-thermal,59.843
1780555164.0554388,,,tj-thermal,62.125
1780555164.1608963,VDD_IN,7332.864,,
1780555164.1608963,VDD_CPU_GPU_CV,2593.536,,
1780555164.1608963,VDD_SOC,1771.2,,
1780555164.1608963,,,cpu-thermal,61.406
1780555164.1608963,,,gpu-thermal,62.031
1780555164.1608963,,,soc0-thermal,59.843
1780555164.1608963,,,soc1-thermal,59.187
1780555164.1608963,,,soc2-thermal,59.812
1780555164.1608963,,,tj-thermal,62.031
1780555164.2668602,VDD_IN,7293.44,,
1780555164.2668602,VDD_CPU_GPU_CV,2593.536,,
1780555164.2668602,VDD_SOC,1771.2,,
1780555164.2668602,,,cpu-thermal,61.468
1780555164.2668602,,,gpu-thermal,62.25
1780555164.2668602,,,soc0-thermal,59.906
1780555164.2668602,,,soc1-thermal,59.343
1780555164.2668602,,,soc2-thermal,59.937
1780555164.2668602,,,tj-thermal,61.875
1780555164.3729386,VDD_IN,7293.44,,
1780555164.3729386,VDD_CPU_GPU_CV,2554.24,,
1780555164.3729386,VDD_SOC,1771.2,,
1780555164.3729386,,,cpu-thermal,61.437
1780555164.3729386,,,gpu-thermal,62.125
1780555164.3729386,,,soc0-thermal,59.937
1780555164.3729386,,,soc1-thermal,59.218
1780555164.3729386,,,soc2-thermal,59.937
1780555164.3729386,,,tj-thermal,61.906
1780555164.4785676,VDD_IN,7254.016,,
1780555164.4785676,VDD_CPU_GPU_CV,2554.24,,
1780555164.4785676,VDD_SOC,1771.2,,
1780555164.4785676,,,cpu-thermal,61.406
1780555164.4785676,,,gpu-thermal,61.968
1780555164.4785676,,,soc0-thermal,59.812
1780555164.4785676,,,soc1-thermal,59.218
1780555164.4785676,,,soc2-thermal,59.937
1780555164.4785676,,,tj-thermal,61.968
1780555164.584287,VDD_IN,7214.592,,
1780555164.584287,VDD_CPU_GPU_CV,2554.24,,
1780555164.584287,VDD_SOC,1771.2,,
1780555164.584287,,,cpu-thermal,61.406
1780555164.584287,,,gpu-thermal,61.875
1780555164.584287,,,soc0-thermal,59.875
1780555164.584287,,,soc1-thermal,59.25
1780555164.584287,,,soc2-thermal,59.875
1780555164.584287,,,tj-thermal,61.875
1780555164.6902435,VDD_IN,7214.592,,
1780555164.6902435,VDD_CPU_GPU_CV,2554.24,,
1780555164.6902435,VDD_SOC,1771.2,,
1780555164.6902435,,,cpu-thermal,61.5
1780555164.6902435,,,gpu-thermal,61.843
1780555164.6902435,,,soc0-thermal,59.937
1780555164.6902435,,,soc1-thermal,59.343
1780555164.6902435,,,soc2-thermal,59.937
1780555164.6902435,,,tj-thermal,61.843
1780555164.7959745,VDD_IN,7214.592,,
1780555164.7959745,VDD_CPU_GPU_CV,2554.24,,
1780555164.7959745,VDD_SOC,1771.2,,
1780555164.7959745,,,cpu-thermal,61.375
1780555164.7959745,,,gpu-thermal,61.843
1780555164.7959745,,,soc0-thermal,59.875
1780555164.7959745,,,soc1-thermal,59.25
1780555164.7959745,,,soc2-thermal,60.0
1780555164.7959745,,,tj-thermal,61.843
1780555164.9014468,VDD_IN,7254.016,,
1780555164.9014468,VDD_CPU_GPU_CV,2558.4,,
1780555164.9014468,VDD_SOC,1774.08,,
1780555164.9014468,,,cpu-thermal,61.406
1780555164.9014468,,,gpu-thermal,61.968
1780555164.9014468,,,soc0-thermal,59.875
1780555164.9014468,,,soc1-thermal,59.281
1780555164.9014468,,,soc2-thermal,59.937
1780555164.9014468,,,tj-thermal,62.093
1780555165.0069306,VDD_IN,7332.864,,
1780555165.0069306,VDD_CPU_GPU_CV,2597.76,,
1780555165.0069306,VDD_SOC,1774.08,,
1780555165.0069306,,,cpu-thermal,61.312
1780555165.0069306,,,gpu-thermal,62.0
1780555165.0069306,,,soc0-thermal,59.875
1780555165.0069306,,,soc1-thermal,59.187
1780555165.0069306,,,soc2-thermal,59.875
1780555165.0069306,,,tj-thermal,62.0
1780555165.1122925,VDD_IN,7332.864,,
1780555165.1122925,VDD_CPU_GPU_CV,2597.76,,
1780555165.1122925,VDD_SOC,1774.08,,
1780555165.1122925,,,cpu-thermal,61.593
1780555165.1122925,,,gpu-thermal,61.843
1780555165.1122925,,,soc0-thermal,59.906
1780555165.1122925,,,soc1-thermal,59.125
1780555165.1122925,,,soc2-thermal,60.0
1780555165.1122925,,,tj-thermal,61.843
1780555165.2184536,VDD_IN,7293.44,,
1780555165.2184536,VDD_CPU_GPU_CV,2558.4,,
1780555165.2184536,VDD_SOC,1774.08,,
1780555165.2184536,,,cpu-thermal,61.843
1780555165.2184536,,,gpu-thermal,62.125
1780555165.2184536,,,soc0-thermal,59.906
1780555165.2184536,,,soc1-thermal,59.218
1780555165.2184536,,,soc2-thermal,59.937
1780555165.2184536,,,tj-thermal,62.125
1780555165.324374,VDD_IN,7293.44,,
1780555165.324374,VDD_CPU_GPU_CV,2558.4,,
1780555165.324374,VDD_SOC,1774.08,,
1780555165.324374,,,cpu-thermal,61.406
1780555165.324374,,,gpu-thermal,62.031
1780555165.324374,,,soc0-thermal,59.937
1780555165.324374,,,soc1-thermal,59.312
1780555165.324374,,,soc2-thermal,59.968
1780555165.324374,,,tj-thermal,62.031
1780555165.4299998,VDD_IN,7254.016,,
1780555165.4299998,VDD_CPU_GPU_CV,2558.4,,
1780555165.4299998,VDD_SOC,1774.08,,
1780555165.4299998,,,cpu-thermal,61.625
1780555165.4299998,,,gpu-thermal,62.343
1780555165.4299998,,,soc0-thermal,59.937
1780555165.4299998,,,soc1-thermal,59.375
1780555165.4299998,,,soc2-thermal,59.968
1780555165.4299998,,,tj-thermal,62.031
1780555165.5357332,VDD_IN,7214.592,,
1780555165.5357332,VDD_CPU_GPU_CV,2558.4,,
1780555165.5357332,VDD_SOC,1771.2,,
1780555165.5357332,,,cpu-thermal,61.562
1780555165.5357332,,,gpu-thermal,62.062
1780555165.5357332,,,soc0-thermal,60.062
1780555165.5357332,,,soc1-thermal,59.187
1780555165.5357332,,,soc2-thermal,60.0
1780555165.5357332,,,tj-thermal,61.937
1780555165.6413636,VDD_IN,7214.592,,
1780555165.6413636,VDD_CPU_GPU_CV,2519.04,,
1780555165.6413636,VDD_SOC,1774.08,,
1780555165.6413636,,,cpu-thermal,61.781
1780555165.6413636,,,gpu-thermal,62.0
1780555165.6413636,,,soc0-thermal,59.968
1780555165.6413636,,,soc1-thermal,59.312
1780555165.6413636,,,soc2-thermal,59.968
1780555165.6413636,,,tj-thermal,62.0
1780555165.7469666,VDD_IN,7214.592,,
1780555165.7469666,VDD_CPU_GPU_CV,2519.04,,
1780555165.7469666,VDD_SOC,1774.08,,
1780555165.7469666,,,cpu-thermal,61.562
1780555165.7469666,,,gpu-thermal,62.0
1780555165.7469666,,,soc0-thermal,59.937
1780555165.7469666,,,soc1-thermal,59.312
1780555165.7469666,,,soc2-thermal,59.968
1780555165.7469666,,,tj-thermal,62.0
1780555165.85318,VDD_IN,7254.016,,
1780555165.85318,VDD_CPU_GPU_CV,2558.4,,
1780555165.85318,VDD_SOC,1774.08,,
1780555165.85318,,,cpu-thermal,61.562
1780555165.85318,,,gpu-thermal,61.937
1780555165.85318,,,soc0-thermal,60.031
1780555165.85318,,,soc1-thermal,59.406
1780555165.85318,,,soc2-thermal,60.0
1780555165.85318,,,tj-thermal,61.937
1780555165.958802,VDD_IN,7293.44,,
1780555165.958802,VDD_CPU_GPU_CV,2558.4,,
1780555165.958802,VDD_SOC,1774.08,,
1780555165.958802,,,cpu-thermal,61.625
1780555165.958802,,,gpu-thermal,61.968
1780555165.958802,,,soc0-thermal,59.906
1780555165.958802,,,soc1-thermal,59.343
1780555165.958802,,,soc2-thermal,60.0
1780555165.958802,,,tj-thermal,61.968
1780555166.0644197,VDD_IN,7293.44,,
1780555166.0644197,VDD_CPU_GPU_CV,2597.76,,
1780555166.0644197,VDD_SOC,1774.08,,
1780555166.0644197,,,cpu-thermal,61.531
1780555166.0644197,,,gpu-thermal,61.968
1780555166.0644197,,,soc0-thermal,59.968
1780555166.0644197,,,soc1-thermal,59.312
1780555166.0644197,,,soc2-thermal,59.937
1780555166.0644197,,,tj-thermal,62.187
1780555166.1701152,VDD_IN,7293.44,,
1780555166.1701152,VDD_CPU_GPU_CV,2558.4,,
1780555166.1701152,VDD_SOC,1774.08,,
1780555166.1701152,,,cpu-thermal,61.562
1780555166.1701152,,,gpu-thermal,61.906
1780555166.1701152,,,soc0-thermal,59.968
1780555166.1701152,,,soc1-thermal,59.406
1780555166.1701152,,,soc2-thermal,59.968
1780555166.1701152,,,tj-thermal,62.093
1780555166.276162,VDD_IN,7293.44,,
1780555166.276162,VDD_CPU_GPU_CV,2554.24,,
1780555166.276162,VDD_SOC,1774.08,,
1780555166.276162,,,cpu-thermal,61.625
1780555166.276162,,,gpu-thermal,61.937
1780555166.276162,,,soc0-thermal,60.062
1780555166.276162,,,soc1-thermal,59.187
1780555166.276162,,,soc2-thermal,60.0
1780555166.276162,,,tj-thermal,61.937
1780555166.3818798,VDD_IN,7254.016,,
1780555166.3818798,VDD_CPU_GPU_CV,2554.24,,
1780555166.3818798,VDD_SOC,1774.08,,
1780555166.3818798,,,cpu-thermal,61.468
1780555166.3818798,,,gpu-thermal,62.312
1780555166.3818798,,,soc0-thermal,59.937
1780555166.3818798,,,soc1-thermal,59.343
1780555166.3818798,,,soc2-thermal,59.937
1780555166.3818798,,,tj-thermal,62.312
1780555166.4874663,VDD_IN,7254.016,,
1780555166.4874663,VDD_CPU_GPU_CV,2514.944,,
1780555166.4874663,VDD_SOC,1774.08,,
1780555166.4874663,,,cpu-thermal,61.5
1780555166.4874663,,,gpu-thermal,62.062
1780555166.4874663,,,soc0-thermal,59.937
1780555166.4874663,,,soc1-thermal,59.343
1780555166.4874663,,,soc2-thermal,59.937
1780555166.4874663,,,tj-thermal,62.062
1780555166.5930514,VDD_IN,7214.592,,
1780555166.5930514,VDD_CPU_GPU_CV,2514.944,,
1780555166.5930514,VDD_SOC,1771.2,,
1780555166.5930514,,,cpu-thermal,61.531
1780555166.5930514,,,gpu-thermal,62.031
1780555166.5930514,,,soc0-thermal,60.031
1780555166.5930514,,,soc1-thermal,59.468
1780555166.5930514,,,soc2-thermal,60.031
1780555166.5930514,,,tj-thermal,62.031
1780555166.6989093,VDD_IN,7175.168,,
1780555166.6989093,VDD_CPU_GPU_CV,2554.24,,
1780555166.6989093,VDD_SOC,1771.2,,
1780555166.6989093,,,cpu-thermal,61.406
1780555166.6989093,,,gpu-thermal,62.187
1780555166.6989093,,,soc0-thermal,59.906
1780555166.6989093,,,soc1-thermal,59.312
1780555166.6989093,,,soc2-thermal,60.093
1780555166.6989093,,,tj-thermal,61.968
1780555166.8043244,VDD_IN,7175.168,,
1780555166.8043244,VDD_CPU_GPU_CV,2554.24,,
1780555166.8043244,VDD_SOC,1774.08,,
1780555166.8043244,,,cpu-thermal,61.562
1780555166.8043244,,,gpu-thermal,62.125
1780555166.8043244,,,soc0-thermal,60.0
1780555166.8043244,,,soc1-thermal,59.343
1780555166.8043244,,,soc2-thermal,60.062
1780555166.8043244,,,tj-thermal,62.125
1780555166.9100628,VDD_IN,7254.016,,
1780555166.9100628,VDD_CPU_GPU_CV,2558.4,,
1780555166.9100628,VDD_SOC,1774.08,,
1780555166.9100628,,,cpu-thermal,61.5
1780555166.9100628,,,gpu-thermal,62.156
1780555166.9100628,,,soc0-thermal,59.968
1780555166.9100628,,,soc1-thermal,59.406
1780555166.9100628,,,soc2-thermal,59.937
1780555166.9100628,,,tj-thermal,62.156
1780555167.0160453,VDD_IN,7293.44,,
1780555167.0160453,VDD_CPU_GPU_CV,2597.76,,
1780555167.0160453,VDD_SOC,1774.08,,
1780555167.0160453,,,cpu-thermal,61.75
1780555167.0160453,,,gpu-thermal,62.062
1780555167.0160453,,,soc0-thermal,60.062
1780555167.0160453,,,soc1-thermal,59.25
1780555167.0160453,,,soc2-thermal,60.093
1780555167.0160453,,,tj-thermal,62.062
1780555167.1217575,VDD_IN,7254.016,,
1780555167.1217575,VDD_CPU_GPU_CV,2597.76,,
1780555167.1217575,VDD_SOC,1774.08,,
1780555167.1217575,,,cpu-thermal,61.843
1780555167.1217575,,,gpu-thermal,62.031
1780555167.1217575,,,soc0-thermal,59.937
1780555167.1217575,,,soc1-thermal,59.375
1780555167.1217575,,,soc2-thermal,60.031
1780555167.1217575,,,tj-thermal,62.031
1780555167.2277532,VDD_IN,7214.592,,
1780555167.2277532,VDD_CPU_GPU_CV,2554.24,,
1780555167.2277532,VDD_SOC,1774.08,,
1780555167.2277532,,,cpu-thermal,61.531
1780555167.2277532,,,gpu-thermal,62.375
1780555167.2277532,,,soc0-thermal,60.0
1780555167.2277532,,,soc1-thermal,59.406
1780555167.2277532,,,soc2-thermal,60.0
1780555167.2277532,,,tj-thermal,62.375
1780555167.3337033,VDD_IN,7214.592,,
1780555167.3337033,VDD_CPU_GPU_CV,2554.24,,
1780555167.3337033,VDD_SOC,1771.2,,
1780555167.3337033,,,cpu-thermal,61.656
1780555167.3337033,,,gpu-thermal,62.187
1780555167.3337033,,,soc0-thermal,60.0
1780555167.3337033,,,soc1-thermal,59.406
1780555167.3337033,,,soc2-thermal,60.062
1780555167.3337033,,,tj-thermal,62.187
1780555167.4400213,VDD_IN,7214.592,,
1780555167.4400213,VDD_CPU_GPU_CV,2514.944,,
1780555167.4400213,VDD_SOC,1771.2,,
1780555167.4400213,,,cpu-thermal,61.781
1780555167.4400213,,,gpu-thermal,61.968
1780555167.4400213,,,soc0-thermal,60.031
1780555167.4400213,,,soc1-thermal,59.312
1780555167.4400213,,,soc2-thermal,60.156
1780555167.4400213,,,tj-thermal,62.031
1780555167.5458224,VDD_IN,7175.168,,
1780555167.5458224,VDD_CPU_GPU_CV,2514.944,,
1780555167.5458224,VDD_SOC,1771.2,,
1780555167.5458224,,,cpu-thermal,61.906
1780555167.5458224,,,gpu-thermal,62.343
1780555167.5458224,,,soc0-thermal,59.968
1780555167.5458224,,,soc1-thermal,59.437
1780555167.5458224,,,soc2-thermal,59.968
1780555167.5458224,,,tj-thermal,62.062
1780555167.6517434,VDD_IN,7175.168,,
1780555167.6517434,VDD_CPU_GPU_CV,2514.944,,
1780555167.6517434,VDD_SOC,1771.2,,
1780555167.6517434,,,cpu-thermal,61.656
1780555167.6517434,,,gpu-thermal,62.187
1780555167.6517434,,,soc0-thermal,60.031
1780555167.6517434,,,soc1-thermal,59.406
1780555167.6517434,,,soc2-thermal,60.031
1780555167.6517434,,,tj-thermal,62.0
1780555167.7578347,VDD_IN,7175.168,,
1780555167.7578347,VDD_CPU_GPU_CV,2514.944,,
1780555167.7578347,VDD_SOC,1771.2,,
1780555167.7578347,,,cpu-thermal,61.656
1780555167.7578347,,,gpu-thermal,62.156
1780555167.7578347,,,soc0-thermal,60.093
1780555167.7578347,,,soc1-thermal,59.281
1780555167.7578347,,,soc2-thermal,60.125
1780555167.7578347,,,tj-thermal,62.156
1780555167.8635092,VDD_IN,7254.016,,
1780555167.8635092,VDD_CPU_GPU_CV,2554.24,,
1780555167.8635092,VDD_SOC,1771.2,,
1780555167.8635092,,,cpu-thermal,61.625
1780555167.8635092,,,gpu-thermal,62.156
1780555167.8635092,,,soc0-thermal,59.968
1780555167.8635092,,,soc1-thermal,59.406
1780555167.8635092,,,soc2-thermal,60.093
1780555167.8635092,,,tj-thermal,62.156
1780555167.9690588,VDD_IN,7293.44,,
1780555167.9690588,VDD_CPU_GPU_CV,2597.76,,
1780555167.9690588,VDD_SOC,1774.08,,
1780555167.9690588,,,cpu-thermal,61.625
1780555167.9690588,,,gpu-thermal,62.093
1780555167.9690588,,,soc0-thermal,60.031
1780555167.9690588,,,soc1-thermal,59.468
1780555167.9690588,,,soc2-thermal,60.062
1780555167.9690588,,,tj-thermal,62.093
1780555168.0749347,VDD_IN,7293.44,,
1780555168.0749347,VDD_CPU_GPU_CV,2597.76,,
1780555168.0749347,VDD_SOC,1774.08,,
1780555168.0749347,,,cpu-thermal,61.656
1780555168.0749347,,,gpu-thermal,62.406
1780555168.0749347,,,soc0-thermal,60.062
1780555168.0749347,,,soc1-thermal,59.531
1780555168.0749347,,,soc2-thermal,60.031
1780555168.0749347,,,tj-thermal,62.406
1780555168.1806211,VDD_IN,7254.016,,
1780555168.1806211,VDD_CPU_GPU_CV,2597.76,,
1780555168.1806211,VDD_SOC,1774.08,,
1780555168.1806211,,,cpu-thermal,61.718
1780555168.1806211,,,gpu-thermal,62.062
1780555168.1806211,,,soc0-thermal,60.156
1780555168.1806211,,,soc1-thermal,59.406
1780555168.1806211,,,soc2-thermal,60.125
1780555168.1806211,,,tj-thermal,62.25
1780555168.2865229,VDD_IN,7254.016,,
1780555168.2865229,VDD_CPU_GPU_CV,2558.4,,
1780555168.2865229,VDD_SOC,1774.08,,
1780555168.2865229,,,cpu-thermal,61.656
1780555168.2865229,,,gpu-thermal,62.031
1780555168.2865229,,,soc0-thermal,60.062
1780555168.2865229,,,soc1-thermal,59.437
1780555168.2865229,,,soc2-thermal,60.031
1780555168.2865229,,,tj-thermal,62.031
1780555168.3921933,VDD_IN,7214.592,,
1780555168.3921933,VDD_CPU_GPU_CV,2558.4,,
1780555168.3921933,VDD_SOC,1774.08,,
1780555168.3921933,,,cpu-thermal,61.593
1780555168.3921933,,,gpu-thermal,62.406
1780555168.3921933,,,soc0-thermal,60.031
1780555168.3921933,,,soc1-thermal,59.562
1780555168.3921933,,,soc2-thermal,60.093
1780555168.3921933,,,tj-thermal,62.406
1780555168.4978871,VDD_IN,7214.592,,
1780555168.4978871,VDD_CPU_GPU_CV,2558.4,,
1780555168.4978871,VDD_SOC,1774.08,,
1780555168.4978871,,,cpu-thermal,61.625
1780555168.4978871,,,gpu-thermal,62.312
1780555168.4978871,,,soc0-thermal,60.062
1780555168.4978871,,,soc1-thermal,59.406
1780555168.4978871,,,soc2-thermal,60.031
1780555168.4978871,,,tj-thermal,62.312
1780555168.6038296,VDD_IN,7175.168,,
1780555168.6038296,VDD_CPU_GPU_CV,2519.04,,
1780555168.6038296,VDD_SOC,1774.08,,
1780555168.6038296,,,cpu-thermal,61.593
1780555168.6038296,,,gpu-thermal,62.187
1780555168.6038296,,,soc0-thermal,60.187
1780555168.6038296,,,soc1-thermal,59.406
1780555168.6038296,,,soc2-thermal,60.062
1780555168.6038296,,,tj-thermal,62.187
1780555168.709464,VDD_IN,7175.168,,
1780555168.709464,VDD_CPU_GPU_CV,2519.04,,
1780555168.709464,VDD_SOC,1774.08,,
1780555168.709464,,,cpu-thermal,61.656
1780555168.709464,,,gpu-thermal,62.125
1780555168.709464,,,soc0-thermal,60.062
1780555168.709464,,,soc1-thermal,59.5
1780555168.709464,,,soc2-thermal,60.125
1780555168.709464,,,tj-thermal,62.125
1780555168.8156955,VDD_IN,7175.168,,
1780555168.8156955,VDD_CPU_GPU_CV,2558.4,,
1780555168.8156955,VDD_SOC,1774.08,,
1780555168.8156955,,,cpu-thermal,61.593
1780555168.8156955,,,gpu-thermal,62.281
1780555168.8156955,,,soc0-thermal,60.156
1780555168.8156955,,,soc1-thermal,59.562
1780555168.8156955,,,soc2-thermal,60.031
1780555168.8156955,,,tj-thermal,62.156
1780555168.9218245,VDD_IN,7214.592,,
1780555168.9218245,VDD_CPU_GPU_CV,2558.4,,
1780555168.9218245,VDD_SOC,1774.08,,
1780555168.9218245,,,cpu-thermal,61.812
1780555168.9218245,,,gpu-thermal,62.281
1780555168.9218245,,,soc0-thermal,60.187
1780555168.9218245,,,soc1-thermal,59.406
1780555168.9218245,,,soc2-thermal,60.125
1780555168.9218245,,,tj-thermal,62.5
1780555169.0278802,VDD_IN,7293.44,,
1780555169.0278802,VDD_CPU_GPU_CV,2597.76,,
1780555169.0278802,VDD_SOC,1774.08,,
1780555169.0278802,,,cpu-thermal,62.0
1780555169.0278802,,,gpu-thermal,62.187
1780555169.0278802,,,soc0-thermal,60.062
1780555169.0278802,,,soc1-thermal,59.468
1780555169.0278802,,,soc2-thermal,60.125
1780555169.0278802,,,tj-thermal,62.375
1780555169.1337445,VDD_IN,7254.016,,
1780555169.1337445,VDD_CPU_GPU_CV,2597.76,,
1780555169.1337445,VDD_SOC,1774.08,,
1780555169.1337445,,,cpu-thermal,61.687
1780555169.1337445,,,gpu-thermal,62.156
1780555169.1337445,,,soc0-thermal,60.093
1780555169.1337445,,,soc1-thermal,59.531
1780555169.1337445,,,soc2-thermal,60.062
1780555169.1337445,,,tj-thermal,62.156
1780555169.2392986,VDD_IN,7214.592,,
1780555169.2392986,VDD_CPU_GPU_CV,2558.4,,
1780555169.2392986,VDD_SOC,1774.08,,
1780555169.2392986,,,cpu-thermal,61.843
1780555169.2392986,,,gpu-thermal,62.375
1780555169.2392986,,,soc0-thermal,60.218
1780555169.2392986,,,soc1-thermal,59.625
1780555169.2392986,,,soc2-thermal,60.218
1780555169.2392986,,,tj-thermal,62.375
1780555169.3452024,VDD_IN,7214.592,,
1780555169.3452024,VDD_CPU_GPU_CV,2558.4,,
1780555169.3452024,VDD_SOC,1774.08,,
1780555169.3452024,,,cpu-thermal,61.781
1780555169.3452024,,,gpu-thermal,62.312
1780555169.3452024,,,soc0-thermal,60.093
1780555169.3452024,,,soc1-thermal,59.437
1780555169.3452024,,,soc2-thermal,60.062
1780555169.3452024,,,tj-thermal,62.312
1780555169.451423,VDD_IN,7214.592,,
1780555169.451423,VDD_CPU_GPU_CV,2519.04,,
1780555169.451423,VDD_SOC,1774.08,,
1780555169.451423,,,cpu-thermal,61.687
1780555169.451423,,,gpu-thermal,62.187
1780555169.451423,,,soc0-thermal,60.156
1780555169.451423,,,soc1-thermal,59.406
1780555169.451423,,,soc2-thermal,60.125
1780555169.451423,,,tj-thermal,62.187
1780555169.5571427,VDD_IN,7175.168,,
1780555169.5571427,VDD_CPU_GPU_CV,2519.04,,
1780555169.5571427,VDD_SOC,1774.08,,
1780555169.5571427,,,cpu-thermal,61.656
1780555169.5571427,,,gpu-thermal,62.156
1780555169.5571427,,,soc0-thermal,60.187
1780555169.5571427,,,soc1-thermal,59.562
1780555169.5571427,,,soc2-thermal,60.062
1780555169.5571427,,,tj-thermal,62.156
1780555169.6632814,VDD_IN,7175.168,,
1780555169.6632814,VDD_CPU_GPU_CV,2519.04,,
1780555169.6632814,VDD_SOC,1774.08,,
1780555169.6632814,,,cpu-thermal,61.687
1780555169.6632814,,,gpu-thermal,62.093
1780555169.6632814,,,soc0-thermal,60.218
1780555169.6632814,,,soc1-thermal,59.406
1780555169.6632814,,,soc2-thermal,60.187
1780555169.6632814,,,tj-thermal,62.093
1780555169.769359,VDD_IN,7175.168,,
1780555169.769359,VDD_CPU_GPU_CV,2519.04,,
1780555169.769359,VDD_SOC,1774.08,,
1780555169.769359,,,cpu-thermal,61.656
1780555169.769359,,,gpu-thermal,62.25
1780555169.769359,,,soc0-thermal,60.093
1780555169.769359,,,soc1-thermal,59.531
1780555169.769359,,,soc2-thermal,60.125
1780555169.769359,,,tj-thermal,62.156
1780555169.8753796,VDD_IN,7214.592,,
1780555169.8753796,VDD_CPU_GPU_CV,2558.4,,
1780555169.8753796,VDD_SOC,1774.08,,
1780555169.8753796,,,cpu-thermal,61.656
1780555169.8753796,,,gpu-thermal,62.187
1780555169.8753796,,,soc0-thermal,60.062
1780555169.8753796,,,soc1-thermal,59.625
1780555169.8753796,,,soc2-thermal,60.125
1780555169.8753796,,,tj-thermal,62.406
1780555169.9810438,VDD_IN,7293.44,,
1780555169.9810438,VDD_CPU_GPU_CV,2597.76,,
1780555169.9810438,VDD_SOC,1774.08,,
1780555169.9810438,,,cpu-thermal,61.656
1780555169.9810438,,,gpu-thermal,62.218
1780555169.9810438,,,soc0-thermal,60.187
1780555169.9810438,,,soc1-thermal,59.406
1780555169.9810438,,,soc2-thermal,60.218
1780555169.9810438,,,tj-thermal,62.218
1780555170.0864296,VDD_IN,7293.44,,
1780555170.0864296,VDD_CPU_GPU_CV,2597.76,,
1780555170.0864296,VDD_SOC,1774.08,,
1780555170.0864296,,,cpu-thermal,61.718
1780555170.0864296,,,gpu-thermal,62.562
1780555170.0864296,,,soc0-thermal,60.093
1780555170.0864296,,,soc1-thermal,59.437
1780555170.0864296,,,soc2-thermal,60.093
1780555170.0864296,,,tj-thermal,62.562
1780555170.1922843,VDD_IN,7293.44,,
1780555170.1922843,VDD_CPU_GPU_CV,2597.76,,
1780555170.1922843,VDD_SOC,1774.08,,
1780555170.1922843,,,cpu-thermal,61.687
1780555170.1922843,,,gpu-thermal,62.406
1780555170.1922843,,,soc0-thermal,60.156
1780555170.1922843,,,soc1-thermal,59.468
1780555170.1922843,,,soc2-thermal,60.156
1780555170.1922843,,,tj-thermal,62.406
1780555170.2979317,VDD_IN,7254.016,,
1780555170.2979317,VDD_CPU_GPU_CV,2597.76,,
1780555170.2979317,VDD_SOC,1774.08,,
1780555170.2979317,,,cpu-thermal,61.75
1780555170.2979317,,,gpu-thermal,62.375
1780555170.2979317,,,soc0-thermal,60.218
1780555170.2979317,,,soc1-thermal,59.625
1780555170.2979317,,,soc2-thermal,60.281
1780555170.2979317,,,tj-thermal,62.375
1780555170.4040167,VDD_IN,7254.016,,
1780555170.4040167,VDD_CPU_GPU_CV,2558.4,,
1780555170.4040167,VDD_SOC,1774.08,,
1780555170.4040167,,,cpu-thermal,61.968
1780555170.4040167,,,gpu-thermal,62.468
1780555170.4040167,,,soc0-thermal,60.218
1780555170.4040167,,,soc1-thermal,59.531
1780555170.4040167,,,soc2-thermal,60.312
1780555170.4040167,,,tj-thermal,62.187
1780555170.5096517,VDD_IN,7214.592,,
1780555170.5096517,VDD_CPU_GPU_CV,2558.4,,
1780555170.5096517,VDD_SOC,1774.08,,
1780555170.5096517,,,cpu-thermal,61.625
1780555170.5096517,,,gpu-thermal,62.343
1780555170.5096517,,,soc0-thermal,60.156
1780555170.5096517,,,soc1-thermal,59.531
1780555170.5096517,,,soc2-thermal,60.093
1780555170.5096517,,,tj-thermal,62.218
1780555170.615442,VDD_IN,7214.592,,
1780555170.615442,VDD_CPU_GPU_CV,2558.4,,
1780555170.615442,VDD_SOC,1774.08,,
1780555170.615442,,,cpu-thermal,61.656
1780555170.615442,,,gpu-thermal,62.25
1780555170.615442,,,soc0-thermal,60.218
1780555170.615442,,,soc1-thermal,59.656
1780555170.615442,,,soc2-thermal,60.218
1780555170.615442,,,tj-thermal,62.25
1780555170.7212582,VDD_IN,7175.168,,
1780555170.7212582,VDD_CPU_GPU_CV,2519.04,,
1780555170.7212582,VDD_SOC,1774.08,,
1780555170.7212582,,,cpu-thermal,61.875
1780555170.7212582,,,gpu-thermal,62.218
1780555170.7212582,,,soc0-thermal,60.187
1780555170.7212582,,,soc1-thermal,59.437
1780555170.7212582,,,soc2-thermal,60.25
1780555170.7212582,,,tj-thermal,62.218
1780555170.826929,VDD_IN,7214.592,,
1780555170.826929,VDD_CPU_GPU_CV,2558.4,,
1780555170.826929,VDD_SOC,1774.08,,
1780555170.826929,,,cpu-thermal,61.968
1780555170.826929,,,gpu-thermal,62.218
1780555170.826929,,,soc0-thermal,60.312
1780555170.826929,,,soc1-thermal,59.468
1780555170.826929,,,soc2-thermal,60.281
1780555170.826929,,,tj-thermal,62.218
1780555170.93241,VDD_IN,7293.44,,
1780555170.93241,VDD_CPU_GPU_CV,2597.76,,
1780555170.93241,VDD_SOC,1774.08,,
1780555170.93241,,,cpu-thermal,61.937
1780555170.93241,,,gpu-thermal,62.312
1780555170.93241,,,soc0-thermal,60.187
1780555170.93241,,,soc1-thermal,59.562
1780555170.93241,,,soc2-thermal,60.156
1780555170.93241,,,tj-thermal,62.187
1780555171.037844,VDD_IN,7332.864,,
1780555171.037844,VDD_CPU_GPU_CV,2597.76,,
1780555171.037844,VDD_SOC,1774.08,,
1780555171.037844,,,cpu-thermal,61.812
1780555171.037844,,,gpu-thermal,62.218
1780555171.037844,,,soc0-thermal,60.218
1780555171.037844,,,soc1-thermal,59.593
1780555171.037844,,,soc2-thermal,60.25
1780555171.037844,,,tj-thermal,62.218
1780555171.1433778,VDD_IN,7293.44,,
1780555171.1433778,VDD_CPU_GPU_CV,2597.76,,
1780555171.1433778,VDD_SOC,1774.08,,
1780555171.1433778,,,cpu-thermal,61.781
1780555171.1433778,,,gpu-thermal,62.187
1780555171.1433778,,,soc0-thermal,60.281
1780555171.1433778,,,soc1-thermal,59.718
1780555171.1433778,,,soc2-thermal,60.25
1780555171.1433778,,,tj-thermal,62.187
1780555171.2491736,VDD_IN,7293.44,,
1780555171.2491736,VDD_CPU_GPU_CV,2597.76,,
1780555171.2491736,VDD_SOC,1774.08,,
1780555171.2491736,,,cpu-thermal,61.875
1780555171.2491736,,,gpu-thermal,62.625
1780555171.2491736,,,soc0-thermal,60.156
1780555171.2491736,,,soc1-thermal,59.531
1780555171.2491736,,,soc2-thermal,60.218
1780555171.2491736,,,tj-thermal,62.625
1780555171.3554392,VDD_IN,7254.016,,
1780555171.3554392,VDD_CPU_GPU_CV,2558.4,,
1780555171.3554392,VDD_SOC,1774.08,,
1780555171.3554392,,,cpu-thermal,61.781
1780555171.3554392,,,gpu-thermal,62.406
1780555171.3554392,,,soc0-thermal,60.187
1780555171.3554392,,,soc1-thermal,59.562
1780555171.3554392,,,soc2-thermal,60.156
1780555171.3554392,,,tj-thermal,62.406
1780555171.461105,VDD_IN,7254.016,,
1780555171.461105,VDD_CPU_GPU_CV,2558.4,,
1780555171.461105,VDD_SOC,1774.08,,
1780555171.461105,,,cpu-thermal,61.812
1780555171.461105,,,gpu-thermal,62.375
1780555171.461105,,,soc0-thermal,60.218
1780555171.461105,,,soc1-thermal,59.687
1780555171.461105,,,soc2-thermal,60.281
1780555171.461105,,,tj-thermal,62.375
1780555171.567854,VDD_IN,7214.592,,
1780555171.567854,VDD_CPU_GPU_CV,2558.4,,
1780555171.567854,VDD_SOC,1774.08,,
1780555171.567854,,,cpu-thermal,61.781
1780555171.567854,,,gpu-thermal,62.25
1780555171.567854,,,soc0-thermal,60.281
1780555171.567854,,,soc1-thermal,59.468
1780555171.567854,,,soc2-thermal,60.25
1780555171.567854,,,tj-thermal,62.25
1780555171.6734486,VDD_IN,7214.592,,
1780555171.6734486,VDD_CPU_GPU_CV,2519.04,,
1780555171.6734486,VDD_SOC,1774.08,,
1780555171.6734486,,,cpu-thermal,61.812
1780555171.6734486,,,gpu-thermal,62.187
1780555171.6734486,,,soc0-thermal,60.156
1780555171.6734486,,,soc1-thermal,59.625
1780555171.6734486,,,soc2-thermal,60.281
1780555171.6734486,,,tj-thermal,62.187
1780555171.7791567,VDD_IN,7214.592,,
1780555171.7791567,VDD_CPU_GPU_CV,2519.04,,
1780555171.7791567,VDD_SOC,1774.08,,
1780555171.7791567,,,cpu-thermal,61.781
1780555171.7791567,,,gpu-thermal,62.375
1780555171.7791567,,,soc0-thermal,60.156
1780555171.7791567,,,soc1-thermal,59.656
1780555171.7791567,,,soc2-thermal,60.25
1780555171.7791567,,,tj-thermal,62.093
1780555171.8850238,VDD_IN,7254.016,,
1780555171.8850238,VDD_CPU_GPU_CV,2558.4,,
1780555171.8850238,VDD_SOC,1774.08,,
1780555171.8850238,,,cpu-thermal,61.843
1780555171.8850238,,,gpu-thermal,62.343
1780555171.8850238,,,soc0-thermal,60.25
1780555171.8850238,,,soc1-thermal,59.562
1780555171.8850238,,,soc2-thermal,60.281
1780555171.8850238,,,tj-thermal,62.343
1780555171.9906006,VDD_IN,7293.44,,
1780555171.9906006,VDD_CPU_GPU_CV,2597.76,,
1780555171.9906006,VDD_SOC,1774.08,,
1780555171.9906006,,,cpu-thermal,61.687
1780555171.9906006,,,gpu-thermal,62.343
1780555171.9906006,,,soc0-thermal,60.156
1780555171.9906006,,,soc1-thermal,59.562
1780555171.9906006,,,soc2-thermal,60.218
1780555171.9906006,,,tj-thermal,62.343
1780555172.096151,VDD_IN,7293.44,,
1780555172.096151,VDD_CPU_GPU_CV,2597.76,,
1780555172.096151,VDD_SOC,1774.08,,
1780555172.096151,,,cpu-thermal,61.687
1780555172.096151,,,gpu-thermal,62.312
1780555172.096151,,,soc0-thermal,60.218
1780555172.096151,,,soc1-thermal,59.593
1780555172.096151,,,soc2-thermal,60.25
1780555172.096151,,,tj-thermal,62.312
1780555172.2021537,VDD_IN,7293.44,,
1780555172.2021537,VDD_CPU_GPU_CV,2597.76,,
1780555172.2021537,VDD_SOC,1774.08,,
1780555172.2021537,,,cpu-thermal,61.781
1780555172.2021537,,,gpu-thermal,62.5
1780555172.2021537,,,soc0-thermal,60.281
1780555172.2021537,,,soc1-thermal,59.656
1780555172.2021537,,,soc2-thermal,60.312
1780555172.2021537,,,tj-thermal,62.5
1780555172.3082051,VDD_IN,7254.016,,
1780555172.3082051,VDD_CPU_GPU_CV,2558.4,,
1780555172.3082051,VDD_SOC,1774.08,,
1780555172.3082051,,,cpu-thermal,61.968
1780555172.3082051,,,gpu-thermal,62.406
1780555172.3082051,,,soc0-thermal,60.312
1780555172.3082051,,,soc1-thermal,59.562
1780555172.3082051,,,soc2-thermal,60.375
1780555172.3082051,,,tj-thermal,62.406
1780555172.414094,VDD_IN,7254.016,,
1780555172.414094,VDD_CPU_GPU_CV,2558.4,,
1780555172.414094,VDD_SOC,1774.08,,
1780555172.414094,,,cpu-thermal,62.25
1780555172.414094,,,gpu-thermal,62.343
1780555172.414094,,,soc0-thermal,60.218
1780555172.414094,,,soc1-thermal,59.625
1780555172.414094,,,soc2-thermal,60.25
1780555172.414094,,,tj-thermal,62.343
1780555172.5201128,VDD_IN,7254.016,,
1780555172.5201128,VDD_CPU_GPU_CV,2558.4,,
1780555172.5201128,VDD_SOC,1774.08,,
1780555172.5201128,,,cpu-thermal,61.781
1780555172.5201128,,,gpu-thermal,62.562
1780555172.5201128,,,soc0-thermal,60.25
1780555172.5201128,,,soc1-thermal,59.75
1780555172.5201128,,,soc2-thermal,60.312
1780555172.5201128,,,tj-thermal,62.312
1780555172.6263292,VDD_IN,7214.592,,
1780555172.6263292,VDD_CPU_GPU_CV,2519.04,,
1780555172.6263292,VDD_SOC,1774.08,,
1780555172.6263292,,,cpu-thermal,61.875
1780555172.6263292,,,gpu-thermal,62.437
1780555172.6263292,,,soc0-thermal,60.25
1780555172.6263292,,,soc1-thermal,59.562
1780555172.6263292,,,soc2-thermal,60.468
1780555172.6263292,,,tj-thermal,62.343
1780555172.731983,VDD_IN,7214.592,,
1780555172.731983,VDD_CPU_GPU_CV,2519.04,,
1780555172.731983,VDD_SOC,1774.08,,
1780555172.731983,,,cpu-thermal,62.031
1780555172.731983,,,gpu-thermal,62.312
1780555172.731983,,,soc0-thermal,60.187
1780555172.731983,,,soc1-thermal,59.562
1780555172.731983,,,soc2-thermal,60.343
1780555172.731983,,,tj-thermal,62.312
1780555172.8378022,VDD_IN,7254.016,,
1780555172.8378022,VDD_CPU_GPU_CV,2558.4,,
1780555172.8378022,VDD_SOC,1774.08,,
1780555172.8378022,,,cpu-thermal,61.781
1780555172.8378022,,,gpu-thermal,62.375
1780555172.8378022,,,soc0-thermal,60.25
1780555172.8378022,,,soc1-thermal,59.625
1780555172.8378022,,,soc2-thermal,60.312
1780555172.8378022,,,tj-thermal,62.375
1780555172.9440324,VDD_IN,7293.44,,
1780555172.9440324,VDD_CPU_GPU_CV,2558.4,,
1780555172.9440324,VDD_SOC,1774.08,,
1780555172.9440324,,,cpu-thermal,61.812
1780555172.9440324,,,gpu-thermal,62.343
1780555172.9440324,,,soc0-thermal,60.281
1780555172.9440324,,,soc1-thermal,59.75
1780555172.9440324,,,soc2-thermal,60.375
1780555172.9440324,,,tj-thermal,62.343
1780555173.049676,VDD_IN,7332.864,,
1780555173.049676,VDD_CPU_GPU_CV,2597.76,,
1780555173.049676,VDD_SOC,1774.08,,
1780555173.049676,,,cpu-thermal,61.906
1780555173.049676,,,gpu-thermal,62.625
1780555173.049676,,,soc0-thermal,60.375
1780555173.049676,,,soc1-thermal,59.625
1780555173.049676,,,soc2-thermal,60.437
1780555173.049676,,,tj-thermal,62.625
1780555173.1556144,VDD_IN,7293.44,,
1780555173.1556144,VDD_CPU_GPU_CV,2558.4,,
1780555173.1556144,VDD_SOC,1774.08,,
1780555173.1556144,,,cpu-thermal,61.75
1780555173.1556144,,,gpu-thermal,62.406
1780555173.1556144,,,soc0-thermal,60.25
1780555173.1556144,,,soc1-thermal,59.687
1780555173.1556144,,,soc2-thermal,60.218
1780555173.1556144,,,tj-thermal,62.406
1780555173.2615356,VDD_IN,7332.864,,
1780555173.2615356,VDD_CPU_GPU_CV,2593.536,,
1780555173.2615356,VDD_SOC,1774.08,,
1780555173.2615356,,,cpu-thermal,61.843
1780555173.2615356,,,gpu-thermal,62.312
1780555173.2615356,,,soc0-thermal,60.312
1780555173.2615356,,,soc1-thermal,59.656
1780555173.2615356,,,soc2-thermal,60.281
1780555173.2615356,,,tj-thermal,62.375
1780555173.3673465,VDD_IN,7293.44,,
1780555173.3673465,VDD_CPU_GPU_CV,2597.76,,
1780555173.3673465,VDD_SOC,1774.08,,
1780555173.3673465,,,cpu-thermal,61.843
1780555173.3673465,,,gpu-thermal,62.531
1780555173.3673465,,,soc0-thermal,60.406
1780555173.3673465,,,soc1-thermal,59.812
1780555173.3673465,,,soc2-thermal,60.437
1780555173.3673465,,,tj-thermal,62.375
1780555173.4729488,VDD_IN,7254.016,,
1780555173.4729488,VDD_CPU_GPU_CV,2558.4,,
1780555173.4729488,VDD_SOC,1774.08,,
1780555173.4729488,,,cpu-thermal,61.843
1780555173.4729488,,,gpu-thermal,62.406
1780555173.4729488,,,soc0-thermal,60.218
1780555173.4729488,,,soc1-thermal,59.593
1780555173.4729488,,,soc2-thermal,60.312
1780555173.4729488,,,tj-thermal,62.406
1780555173.5785818,VDD_IN,7254.016,,
1780555173.5785818,VDD_CPU_GPU_CV,2558.4,,
1780555173.5785818,VDD_SOC,1774.08,,
1780555173.5785818,,,cpu-thermal,61.812
1780555173.5785818,,,gpu-thermal,62.375
1780555173.5785818,,,soc0-thermal,60.312
1780555173.5785818,,,soc1-thermal,59.781
1780555173.5785818,,,soc2-thermal,60.406
1780555173.5785818,,,tj-thermal,62.375
1780555173.684957,VDD_IN,7214.592,,
1780555173.684957,VDD_CPU_GPU_CV,2558.4,,
1780555173.684957,VDD_SOC,1774.08,,
1780555173.684957,,,cpu-thermal,61.906
1780555173.684957,,,gpu-thermal,62.312
1780555173.684957,,,soc0-thermal,60.312
1780555173.684957,,,soc1-thermal,59.781
1780555173.684957,,,soc2-thermal,60.406
1780555173.684957,,,tj-thermal,62.312
1780555173.7905731,VDD_IN,7214.592,,
1780555173.7905731,VDD_CPU_GPU_CV,2519.04,,
1780555173.7905731,VDD_SOC,1774.08,,
1780555173.7905731,,,cpu-thermal,62.187
1780555173.7905731,,,gpu-thermal,62.375
1780555173.7905731,,,soc0-thermal,60.375
1780555173.7905731,,,soc1-thermal,59.625
1780555173.7905731,,,soc2-thermal,60.468
1780555173.7905731,,,tj-thermal,62.375
1780555173.896061,VDD_IN,7293.44,,
1780555173.896061,VDD_CPU_GPU_CV,2558.4,,
1780555173.896061,VDD_SOC,1774.08,,
1780555173.896061,,,cpu-thermal,61.781
1780555173.896061,,,gpu-thermal,62.468
1780555173.896061,,,soc0-thermal,60.281
1780555173.896061,,,soc1-thermal,59.625
1780555173.896061,,,soc2-thermal,60.343
1780555173.896061,,,tj-thermal,62.625
1780555174.0017076,VDD_IN,7332.864,,
1780555174.0017076,VDD_CPU_GPU_CV,2597.76,,
1780555174.0017076,VDD_SOC,1774.08,,
1780555174.0017076,,,cpu-thermal,61.75
1780555174.0017076,,,gpu-thermal,62.406
1780555174.0017076,,,soc0-thermal,60.375
1780555174.0017076,,,soc1-thermal,59.75
1780555174.0017076,,,soc2-thermal,60.437
1780555174.0017076,,,tj-thermal,62.406
1780555174.107244,VDD_IN,7293.44,,
1780555174.107244,VDD_CPU_GPU_CV,2597.76,,
1780555174.107244,VDD_SOC,1774.08,,
1780555174.107244,,,cpu-thermal,62.156
1780555174.107244,,,gpu-thermal,62.375
1780555174.107244,,,soc0-thermal,60.312
1780555174.107244,,,soc1-thermal,59.781
1780555174.107244,,,soc2-thermal,60.343
1780555174.107244,,,tj-thermal,62.375
1780555174.2128754,VDD_IN,7293.44,,
1780555174.2128754,VDD_CPU_GPU_CV,2597.76,,
1780555174.2128754,VDD_SOC,1774.08,,
1780555174.2128754,,,cpu-thermal,62.125
1780555174.2128754,,,gpu-thermal,62.687
1780555174.2128754,,,soc0-thermal,60.343
1780555174.2128754,,,soc1-thermal,59.656
1780555174.2128754,,,soc2-thermal,60.312
1780555174.2128754,,,tj-thermal,62.687
1780555174.3192968,VDD_IN,7254.016,,
1780555174.3192968,VDD_CPU_GPU_CV,2558.4,,
1780555174.3192968,VDD_SOC,1774.08,,
1780555174.3192968,,,cpu-thermal,62.25
1780555174.3192968,,,gpu-thermal,62.5
1780555174.3192968,,,soc0-thermal,60.25
1780555174.3192968,,,soc1-thermal,59.687
1780555174.3192968,,,soc2-thermal,60.406
1780555174.3192968,,,tj-thermal,62.5
1780555174.4250395,VDD_IN,7214.592,,
1780555174.4250395,VDD_CPU_GPU_CV,2558.4,,
1780555174.4250395,VDD_SOC,1774.08,,
1780555174.4250395,,,cpu-thermal,62.0
1780555174.4250395,,,gpu-thermal,62.468
1780555174.4250395,,,soc0-thermal,60.375
1780555174.4250395,,,soc1-thermal,59.843
1780555174.4250395,,,soc2-thermal,60.406
1780555174.4250395,,,tj-thermal,62.468
1780555174.5314415,VDD_IN,7214.592,,
1780555174.5314415,VDD_CPU_GPU_CV,2558.4,,
1780555174.5314415,VDD_SOC,1774.08,,
1780555174.5314415,,,cpu-thermal,62.062
1780555174.5314415,,,gpu-thermal,62.375
1780555174.5314415,,,soc0-thermal,60.437
1780555174.5314415,,,soc1-thermal,59.687
1780555174.5314415,,,soc2-thermal,60.437
1780555174.5314415,,,tj-thermal,62.375
1780555174.6373112,VDD_IN,7214.592,,
1780555174.6373112,VDD_CPU_GPU_CV,2558.4,,
1780555174.6373112,VDD_SOC,1774.08,,
1780555174.6373112,,,cpu-thermal,62.125
1780555174.6373112,,,gpu-thermal,62.375
1780555174.6373112,,,soc0-thermal,60.281
1780555174.6373112,,,soc1-thermal,59.687
1780555174.6373112,,,soc2-thermal,60.406
1780555174.6373112,,,tj-thermal,62.375
1780555174.7434413,VDD_IN,7175.168,,
1780555174.7434413,VDD_CPU_GPU_CV,2519.04,,
1780555174.7434413,VDD_SOC,1774.08,,
1780555174.7434413,,,cpu-thermal,62.062
1780555174.7434413,,,gpu-thermal,62.406
1780555174.7434413,,,soc0-thermal,60.468
1780555174.7434413,,,soc1-thermal,59.843
1780555174.7434413,,,soc2-thermal,60.468
1780555174.7434413,,,tj-thermal,62.718
1780555174.8491783,VDD_IN,7254.016,,
1780555174.8491783,VDD_CPU_GPU_CV,2558.4,,
1780555174.8491783,VDD_SOC,1774.08,,
1780555174.8491783,,,cpu-thermal,62.0
1780555174.8491783,,,gpu-thermal,62.468
1780555174.8491783,,,soc0-thermal,60.406
1780555174.8491783,,,soc1-thermal,59.625
1780555174.8491783,,,soc2-thermal,60.468
1780555174.8491783,,,tj-thermal,62.593
1780555174.9548042,VDD_IN,7293.44,,
1780555174.9548042,VDD_CPU_GPU_CV,2597.76,,
1780555174.9548042,VDD_SOC,1774.08,,
1780555174.9548042,,,cpu-thermal,62.031
1780555174.9548042,,,gpu-thermal,62.406
1780555174.9548042,,,soc0-thermal,60.5
1780555174.9548042,,,soc1-thermal,59.687
1780555174.9548042,,,soc2-thermal,60.531
1780555174.9548042,,,tj-thermal,62.406
1780555175.0602446,VDD_IN,7332.864,,
1780555175.0602446,VDD_CPU_GPU_CV,2597.76,,
1780555175.0602446,VDD_SOC,1774.08,,
1780555175.0602446,,,cpu-thermal,61.843
1780555175.0602446,,,gpu-thermal,62.718
1780555175.0602446,,,soc0-thermal,60.343
1780555175.0602446,,,soc1-thermal,59.781
1780555175.0602446,,,soc2-thermal,60.406
1780555175.0602446,,,tj-thermal,62.718
1780555175.1658766,VDD_IN,7293.44,,
1780555175.1658766,VDD_CPU_GPU_CV,2558.4,,
1780555175.1658766,VDD_SOC,1774.08,,
1780555175.1658766,,,cpu-thermal,61.875
1780555175.1658766,,,gpu-thermal,62.656
1780555175.1658766,,,soc0-thermal,60.437
1780555175.1658766,,,soc1-thermal,59.843
1780555175.1658766,,,soc2-thermal,60.437
1780555175.1658766,,,tj-thermal,62.656
1780555175.2720068,VDD_IN,7254.016,,
1780555175.2720068,VDD_CPU_GPU_CV,2558.4,,
1780555175.2720068,VDD_SOC,1774.08,,
1780555175.2720068,,,cpu-thermal,62.281
1780555175.2720068,,,gpu-thermal,62.5
1780555175.2720068,,,soc0-thermal,60.468
1780555175.2720068,,,soc1-thermal,59.687
1780555175.2720068,,,soc2-thermal,60.5
1780555175.2720068,,,tj-thermal,62.5
1780555175.3779247,VDD_IN,7214.592,,
1780555175.3779247,VDD_CPU_GPU_CV,2558.4,,
1780555175.3779247,VDD_SOC,1774.08,,
1780555175.3779247,,,cpu-thermal,61.968
1780555175.3779247,,,gpu-thermal,62.718
1780555175.3779247,,,soc0-thermal,60.406
1780555175.3779247,,,soc1-thermal,59.687
1780555175.3779247,,,soc2-thermal,60.343
1780555175.3779247,,,tj-thermal,62.406
1780555175.4838781,VDD_IN,7214.592,,
1780555175.4838781,VDD_CPU_GPU_CV,2558.4,,
1780555175.4838781,VDD_SOC,1774.08,,
1780555175.4838781,,,cpu-thermal,61.937
1780555175.4838781,,,gpu-thermal,62.562
1780555175.4838781,,,soc0-thermal,60.375
1780555175.4838781,,,soc1-thermal,59.843
1780555175.4838781,,,soc2-thermal,60.437
1780555175.4838781,,,tj-thermal,62.406
1780555175.5897322,VDD_IN,7214.592,,
1780555175.5897322,VDD_CPU_GPU_CV,2519.04,,
1780555175.5897322,VDD_SOC,1774.08,,
1780555175.5897322,,,cpu-thermal,62.062
1780555175.5897322,,,gpu-thermal,62.437
1780555175.5897322,,,soc0-thermal,60.437
1780555175.5897322,,,soc1-thermal,59.875
1780555175.5897322,,,soc2-thermal,60.437
1780555175.5897322,,,tj-thermal,62.437
1780555175.6952837,VDD_IN,7175.168,,
1780555175.6952837,VDD_CPU_GPU_CV,2519.04,,
1780555175.6952837,VDD_SOC,1774.08,,
1780555175.6952837,,,cpu-thermal,62.125
1780555175.6952837,,,gpu-thermal,62.437
1780555175.6952837,,,soc0-thermal,60.406
1780555175.6952837,,,soc1-thermal,59.687
1780555175.6952837,,,soc2-thermal,60.468
1780555175.6952837,,,tj-thermal,62.437
1780555175.8011222,VDD_IN,7214.592,,
1780555175.8011222,VDD_CPU_GPU_CV,2519.04,,
1780555175.8011222,VDD_SOC,1774.08,,
1780555175.8011222,,,cpu-thermal,61.875
1780555175.8011222,,,gpu-thermal,62.437
1780555175.8011222,,,soc0-thermal,60.468
1780555175.8011222,,,soc1-thermal,59.812
1780555175.8011222,,,soc2-thermal,60.5
1780555175.8011222,,,tj-thermal,62.437
1780555175.9068754,VDD_IN,7254.016,,
1780555175.9068754,VDD_CPU_GPU_CV,2558.4,,
1780555175.9068754,VDD_SOC,1774.08,,
1780555175.9068754,,,cpu-thermal,62.0
1780555175.9068754,,,gpu-thermal,62.875
1780555175.9068754,,,soc0-thermal,60.437
1780555175.9068754,,,soc1-thermal,59.843
1780555175.9068754,,,soc2-thermal,60.468
1780555175.9068754,,,tj-thermal,62.875
1780555176.0130649,VDD_IN,7293.44,,
1780555176.0130649,VDD_CPU_GPU_CV,2597.76,,
1780555176.0130649,VDD_SOC,1774.08,,
1780555176.0130649,,,cpu-thermal,62.125
1780555176.0130649,,,gpu-thermal,62.687
1780555176.0130649,,,soc0-thermal,60.531
1780555176.0130649,,,soc1-thermal,59.718
1780555176.0130649,,,soc2-thermal,60.625
1780555176.0130649,,,tj-thermal,62.687
1780555176.1189125,VDD_IN,7293.44,,
1780555176.1189125,VDD_CPU_GPU_CV,2597.76,,
1780555176.1189125,VDD_SOC,1774.08,,
1780555176.1189125,,,cpu-thermal,62.125
1780555176.1189125,,,gpu-thermal,62.437
1780555176.1189125,,,soc0-thermal,60.375
1780555176.1189125,,,soc1-thermal,59.75
1780555176.1189125,,,soc2-thermal,60.531
1780555176.1189125,,,tj-thermal,62.5
1780555176.2244792,VDD_IN,7293.44,,
1780555176.2244792,VDD_CPU_GPU_CV,2597.76,,
1780555176.2244792,VDD_SOC,1774.08,,
1780555176.2244792,,,cpu-thermal,62.062
1780555176.2244792,,,gpu-thermal,62.75
1780555176.2244792,,,soc0-thermal,60.468
1780555176.2244792,,,soc1-thermal,59.875
1780555176.2244792,,,soc2-thermal,60.437
1780555176.2244792,,,tj-thermal,62.75
1780555176.3300934,VDD_IN,7254.016,,
1780555176.3300934,VDD_CPU_GPU_CV,2558.4,,
1780555176.3300934,VDD_SOC,1774.08,,
1780555176.3300934,,,cpu-thermal,62.062
1780555176.3300934,,,gpu-thermal,62.656
1780555176.3300934,,,soc0-thermal,60.531
1780555176.3300934,,,soc1-thermal,59.875
1780555176.3300934,,,soc2-thermal,60.5
1780555176.3300934,,,tj-thermal,62.656
1780555176.4363961,VDD_IN,7254.016,,
1780555176.4363961,VDD_CPU_GPU_CV,2558.4,,
1780555176.4363961,VDD_SOC,1774.08,,
1780555176.4363961,,,cpu-thermal,62.125
1780555176.4363961,,,gpu-thermal,62.562
1780555176.4363961,,,soc0-thermal,60.562
1780555176.4363961,,,soc1-thermal,59.781
1780555176.4363961,,,soc2-thermal,60.531
1780555176.4363961,,,tj-thermal,62.562
1780555176.5419843,VDD_IN,7214.592,,
1780555176.5419843,VDD_CPU_GPU_CV,2519.04,,
1780555176.5419843,VDD_SOC,1774.08,,
1780555176.5419843,,,cpu-thermal,61.937
1780555176.5419843,,,gpu-thermal,62.406
1780555176.5419843,,,soc0-thermal,60.375
1780555176.5419843,,,soc1-thermal,59.843
1780555176.5419843,,,soc2-thermal,60.437
1780555176.5419843,,,tj-thermal,62.406
1780555176.6476383,VDD_IN,7214.592,,
1780555176.6476383,VDD_CPU_GPU_CV,2519.04,,
1780555176.6476383,VDD_SOC,1774.08,,
1780555176.6476383,,,cpu-thermal,62.031
1780555176.6476383,,,gpu-thermal,62.406
1780555176.6476383,,,soc0-thermal,60.468
1780555176.6476383,,,soc1-thermal,59.875
1780555176.6476383,,,soc2-thermal,60.562
1780555176.6476383,,,tj-thermal,62.406
1780555176.75386,VDD_IN,7214.592,,
1780555176.75386,VDD_CPU_GPU_CV,2519.04,,
1780555176.75386,VDD_SOC,1774.08,,
1780555176.75386,,,cpu-thermal,62.031
1780555176.75386,,,gpu-thermal,62.468
1780555176.75386,,,soc0-thermal,60.5
1780555176.75386,,,soc1-thermal,60.0
1780555176.75386,,,soc2-thermal,60.593
1780555176.75386,,,tj-thermal,62.468
1780555176.8595936,VDD_IN,7254.016,,
1780555176.8595936,VDD_CPU_GPU_CV,2558.4,,
1780555176.8595936,VDD_SOC,1774.08,,
1780555176.8595936,,,cpu-thermal,62.093
1780555176.8595936,,,gpu-thermal,62.531
1780555176.8595936,,,soc0-thermal,60.437
1780555176.8595936,,,soc1-thermal,59.781
1780555176.8595936,,,soc2-thermal,60.531
1780555176.8595936,,,tj-thermal,62.781
1780555176.965191,VDD_IN,7293.44,,
1780555176.965191,VDD_CPU_GPU_CV,2597.76,,
1780555176.965191,VDD_SOC,1774.08,,
1780555176.965191,,,cpu-thermal,61.968
1780555176.965191,,,gpu-thermal,62.468
1780555176.965191,,,soc0-thermal,60.5
1780555176.965191,,,soc1-thermal,59.875
1780555176.965191,,,soc2-thermal,60.531
1780555176.965191,,,tj-thermal,62.468
1780555177.0709636,VDD_IN,7332.864,,
1780555177.0709636,VDD_CPU_GPU_CV,2597.76,,
1780555177.0709636,VDD_SOC,1774.08,,
1780555177.0709636,,,cpu-thermal,62.093
1780555177.0709636,,,gpu-thermal,62.812
1780555177.0709636,,,soc0-thermal,60.437
1780555177.0709636,,,soc1-thermal,60.0
1780555177.0709636,,,soc2-thermal,60.562
1780555177.0709636,,,tj-thermal,62.812
1780555177.176533,VDD_IN,7293.44,,
1780555177.176533,VDD_CPU_GPU_CV,2597.76,,
1780555177.176533,VDD_SOC,1774.08,,
1780555177.176533,,,cpu-thermal,62.343
1780555177.176533,,,gpu-thermal,62.75
1780555177.176533,,,soc0-thermal,60.625
1780555177.176533,,,soc1-thermal,59.812
1780555177.176533,,,soc2-thermal,60.656
1780555177.176533,,,tj-thermal,62.75
1780555177.282785,VDD_IN,7293.44,,
1780555177.282785,VDD_CPU_GPU_CV,2597.76,,
1780555177.282785,VDD_SOC,1774.08,,
1780555177.282785,,,cpu-thermal,62.0
1780555177.282785,,,gpu-thermal,62.625
1780555177.282785,,,soc0-thermal,60.5
1780555177.282785,,,soc1-thermal,59.843
1780555177.282785,,,soc2-thermal,60.531
1780555177.282785,,,tj-thermal,62.625
1780555177.388847,VDD_IN,7293.44,,
1780555177.388847,VDD_CPU_GPU_CV,2558.4,,
1780555177.388847,VDD_SOC,1774.08,,
1780555177.388847,,,cpu-thermal,62.093
1780555177.388847,,,gpu-thermal,62.562
1780555177.388847,,,soc0-thermal,60.5
1780555177.388847,,,soc1-thermal,59.875
1780555177.388847,,,soc2-thermal,60.562
1780555177.388847,,,tj-thermal,62.562
1780555177.4951303,VDD_IN,7254.016,,
1780555177.4951303,VDD_CPU_GPU_CV,2558.4,,
1780555177.4951303,VDD_SOC,1774.08,,
1780555177.4951303,,,cpu-thermal,62.187
1780555177.4951303,,,gpu-thermal,62.468
1780555177.4951303,,,soc0-thermal,60.531
1780555177.4951303,,,soc1-thermal,59.781
1780555177.4951303,,,soc2-thermal,60.593
1780555177.4951303,,,tj-thermal,62.468
1780555177.600878,VDD_IN,7254.016,,
1780555177.600878,VDD_CPU_GPU_CV,2558.4,,
1780555177.600878,VDD_SOC,1774.08,,
1780555177.600878,,,cpu-thermal,62.343
1780555177.600878,,,gpu-thermal,62.625
1780555177.600878,,,soc0-thermal,60.437
1780555177.600878,,,soc1-thermal,59.875
1780555177.600878,,,soc2-thermal,60.562
1780555177.600878,,,tj-thermal,62.531
1780555177.7068455,VDD_IN,7214.592,,
1780555177.7068455,VDD_CPU_GPU_CV,2519.04,,
1780555177.7068455,VDD_SOC,1774.08,,
1780555177.7068455,,,cpu-thermal,62.093
1780555177.7068455,,,gpu-thermal,62.593
1780555177.7068455,,,soc0-thermal,60.593
1780555177.7068455,,,soc1-thermal,59.875
1780555177.7068455,,,soc2-thermal,60.562
1780555177.7068455,,,tj-thermal,62.781
1780555177.8126578,VDD_IN,7214.592,,
1780555177.8126578,VDD_CPU_GPU_CV,2558.4,,
1780555177.8126578,VDD_SOC,1774.08,,
1780555177.8126578,,,cpu-thermal,62.093
1780555177.8126578,,,gpu-thermal,62.531
1780555177.8126578,,,soc0-thermal,60.562
1780555177.8126578,,,soc1-thermal,60.062
1780555177.8126578,,,soc2-thermal,60.562
1780555177.8126578,,,tj-thermal,62.531
1780555177.9183533,VDD_IN,7293.44,,
1780555177.9183533,VDD_CPU_GPU_CV,2558.4,,
1780555177.9183533,VDD_SOC,1774.08,,
1780555177.9183533,,,cpu-thermal,62.156
1780555177.9183533,,,gpu-thermal,62.531
1780555177.9183533,,,soc0-thermal,60.625
1780555177.9183533,,,soc1-thermal,59.812
1780555177.9183533,,,soc2-thermal,60.625
1780555177.9183533,,,tj-thermal,62.531
1780555178.0237064,VDD_IN,7332.864,,
1780555178.0237064,VDD_CPU_GPU_CV,2597.76,,
1780555178.0237064,VDD_SOC,1774.08,,
1780555178.0237064,,,cpu-thermal,62.218
1780555178.0237064,,,gpu-thermal,62.843
1780555178.0237064,,,soc0-thermal,60.562
1780555178.0237064,,,soc1-thermal,59.906
1780555178.0237064,,,soc2-thermal,60.593
1780555178.0237064,,,tj-thermal,62.843
1780555178.1301382,VDD_IN,7293.44,,
1780555178.1301382,VDD_CPU_GPU_CV,2597.76,,
1780555178.1301382,VDD_SOC,1774.08,,
1780555178.1301382,,,cpu-thermal,62.125
1780555178.1301382,,,gpu-thermal,62.718
1780555178.1301382,,,soc0-thermal,60.531
1780555178.1301382,,,soc1-thermal,59.906
1780555178.1301382,,,soc2-thermal,60.562
1780555178.1301382,,,tj-thermal,62.718
1780555178.2366254,VDD_IN,7293.44,,
1780555178.2366254,VDD_CPU_GPU_CV,2597.76,,
1780555178.2366254,VDD_SOC,1774.08,,
1780555178.2366254,,,cpu-thermal,62.156
1780555178.2366254,,,gpu-thermal,62.656
1780555178.2366254,,,soc0-thermal,60.562
1780555178.2366254,,,soc1-thermal,59.843
1780555178.2366254,,,soc2-thermal,60.593
1780555178.2366254,,,tj-thermal,62.656
1780555178.3422203,VDD_IN,7254.016,,
1780555178.3422203,VDD_CPU_GPU_CV,2558.4,,
1780555178.3422203,VDD_SOC,1774.08,,
1780555178.3422203,,,cpu-thermal,62.125
1780555178.3422203,,,gpu-thermal,62.75
1780555178.3422203,,,soc0-thermal,60.5
1780555178.3422203,,,soc1-thermal,59.875
1780555178.3422203,,,soc2-thermal,60.593
1780555178.3422203,,,tj-thermal,62.531
1780555178.4478397,VDD_IN,7214.592,,
1780555178.4478397,VDD_CPU_GPU_CV,2558.4,,
1780555178.4478397,VDD_SOC,1774.08,,
1780555178.4478397,,,cpu-thermal,62.062
1780555178.4478397,,,gpu-thermal,62.75
1780555178.4478397,,,soc0-thermal,60.5
1780555178.4478397,,,soc1-thermal,60.0
1780555178.4478397,,,soc2-thermal,60.625
1780555178.4478397,,,tj-thermal,62.468
1780555178.554489,VDD_IN,7214.592,,
1780555178.554489,VDD_CPU_GPU_CV,2558.4,,
1780555178.554489,VDD_SOC,1774.08,,
1780555178.554489,,,cpu-thermal,62.125
1780555178.554489,,,gpu-thermal,62.625
1780555178.554489,,,soc0-thermal,60.687
1780555178.554489,,,soc1-thermal,59.875
1780555178.554489,,,soc2-thermal,60.593
1780555178.554489,,,tj-thermal,62.906
1780555178.660692,VDD_IN,7175.168,,
1780555178.660692,VDD_CPU_GPU_CV,2558.4,,
1780555178.660692,VDD_SOC,1774.08,,
1780555178.660692,,,cpu-thermal,62.437
1780555178.660692,,,gpu-thermal,62.562
1780555178.660692,,,soc0-thermal,60.531
1780555178.660692,,,soc1-thermal,59.875
1780555178.660692,,,soc2-thermal,60.531
1780555178.660692,,,tj-thermal,62.75
1780555178.7670305,VDD_IN,7175.168,,
1780555178.7670305,VDD_CPU_GPU_CV,2558.4,,
1780555178.7670305,VDD_SOC,1774.08,,
1780555178.7670305,,,cpu-thermal,62.031
1780555178.7670305,,,gpu-thermal,62.593
1780555178.7670305,,,soc0-thermal,60.593
1780555178.7670305,,,soc1-thermal,59.906
1780555178.7670305,,,soc2-thermal,60.562
1780555178.7670305,,,tj-thermal,62.687
1780555178.8733194,VDD_IN,7254.016,,
1780555178.8733194,VDD_CPU_GPU_CV,2558.4,,
1780555178.8733194,VDD_SOC,1774.08,,
1780555178.8733194,,,cpu-thermal,62.125
1780555178.8733194,,,gpu-thermal,62.875
1780555178.8733194,,,soc0-thermal,60.593
1780555178.8733194,,,soc1-thermal,60.0
1780555178.8733194,,,soc2-thermal,60.687
1780555178.8733194,,,tj-thermal,62.656
1780555178.9794192,VDD_IN,7293.44,,
1780555178.9794192,VDD_CPU_GPU_CV,2597.76,,
1780555178.9794192,VDD_SOC,1774.08,,
1780555178.9794192,,,cpu-thermal,62.343
1780555178.9794192,,,gpu-thermal,62.75
1780555178.9794192,,,soc0-thermal,60.718
1780555178.9794192,,,soc1-thermal,59.906
1780555178.9794192,,,soc2-thermal,60.656
1780555178.9794192,,,tj-thermal,62.531
1780555179.0855713,VDD_IN,7293.44,,
1780555179.0855713,VDD_CPU_GPU_CV,2597.76,,
1780555179.0855713,VDD_SOC,1774.08,,
1780555179.0855713,,,cpu-thermal,62.375
1780555179.0855713,,,gpu-thermal,62.625
1780555179.0855713,,,soc0-thermal,60.468
1780555179.0855713,,,soc1-thermal,59.968
1780555179.0855713,,,soc2-thermal,60.625
1780555179.0855713,,,tj-thermal,62.625
1780555179.1915827,VDD_IN,7254.016,,
1780555179.1915827,VDD_CPU_GPU_CV,2558.4,,
1780555179.1915827,VDD_SOC,1774.08,,
1780555179.1915827,,,cpu-thermal,62.125
1780555179.1915827,,,gpu-thermal,62.593
1780555179.1915827,,,soc0-thermal,60.593
1780555179.1915827,,,soc1-thermal,60.031
1780555179.1915827,,,soc2-thermal,60.625
1780555179.1915827,,,tj-thermal,62.593
1780555179.29722,VDD_IN,7254.016,,
1780555179.29722,VDD_CPU_GPU_CV,2558.4,,
1780555179.29722,VDD_SOC,1774.08,,
1780555179.29722,,,cpu-thermal,62.218
1780555179.29722,,,gpu-thermal,62.593
1780555179.29722,,,soc0-thermal,60.687
1780555179.29722,,,soc1-thermal,59.843
1780555179.29722,,,soc2-thermal,60.75
1780555179.29722,,,tj-thermal,62.593
1780555179.4037056,VDD_IN,7214.592,,
1780555179.4037056,VDD_CPU_GPU_CV,2558.4,,
1780555179.4037056,VDD_SOC,1774.08,,
1780555179.4037056,,,cpu-thermal,62.218
1780555179.4037056,,,gpu-thermal,62.937
1780555179.4037056,,,soc0-thermal,60.531
1780555179.4037056,,,soc1-thermal,59.875
1780555179.4037056,,,soc2-thermal,60.656
1780555179.4037056,,,tj-thermal,62.937
1780555179.5092828,VDD_IN,7214.592,,
1780555179.5092828,VDD_CPU_GPU_CV,2558.4,,
1780555179.5092828,VDD_SOC,1774.08,,
1780555179.5092828,,,cpu-thermal,62.218
1780555179.5092828,,,gpu-thermal,62.781
1780555179.5092828,,,soc0-thermal,60.531
1780555179.5092828,,,soc1-thermal,59.937
1780555179.5092828,,,soc2-thermal,60.625
1780555179.5092828,,,tj-thermal,62.781
1780555179.6148858,VDD_IN,7175.168,,
1780555179.6148858,VDD_CPU_GPU_CV,2519.04,,
1780555179.6148858,VDD_SOC,1774.08,,
1780555179.6148858,,,cpu-thermal,62.25
1780555179.6148858,,,gpu-thermal,62.5
1780555179.6148858,,,soc0-thermal,60.718
1780555179.6148858,,,soc1-thermal,60.062
1780555179.6148858,,,soc2-thermal,60.625
1780555179.6148858,,,tj-thermal,62.718
1780555179.721164,VDD_IN,7214.592,,
1780555179.721164,VDD_CPU_GPU_CV,2519.04,,
1780555179.721164,VDD_SOC,1774.08,,
1780555179.721164,,,cpu-thermal,62.125
1780555179.721164,,,gpu-thermal,62.968
1780555179.721164,,,soc0-thermal,60.593
1780555179.721164,,,soc1-thermal,59.968
1780555179.721164,,,soc2-thermal,60.656
1780555179.721164,,,tj-thermal,62.687
1780555179.8268833,VDD_IN,7214.592,,
1780555179.8268833,VDD_CPU_GPU_CV,2558.4,,
1780555179.8268833,VDD_SOC,1774.08,,
1780555179.8268833,,,cpu-thermal,62.125
1780555179.8268833,,,gpu-thermal,62.843
1780555179.8268833,,,soc0-thermal,60.687
1780555179.8268833,,,soc1-thermal,60.0
1780555179.8268833,,,soc2-thermal,60.593
1780555179.8268833,,,tj-thermal,62.843
1780555179.9324112,VDD_IN,7293.44,,
1780555179.9324112,VDD_CPU_GPU_CV,2558.4,,
1780555179.9324112,VDD_SOC,1774.08,,
1780555179.9324112,,,cpu-thermal,62.187
1780555179.9324112,,,gpu-thermal,62.687
1780555179.9324112,,,soc0-thermal,60.718
1780555179.9324112,,,soc1-thermal,60.125
1780555179.9324112,,,soc2-thermal,60.718
1780555179.9324112,,,tj-thermal,62.687
1780555180.0380557,VDD_IN,7293.44,,
1780555180.0380557,VDD_CPU_GPU_CV,2597.76,,
1780555180.0380557,VDD_SOC,1774.08,,
1780555180.0380557,,,cpu-thermal,62.125
1780555180.0380557,,,gpu-thermal,62.75
1780555180.0380557,,,soc0-thermal,60.812
1780555180.0380557,,,soc1-thermal,59.937
1780555180.0380557,,,soc2-thermal,60.687
1780555180.0380557,,,tj-thermal,62.75
1780555180.1443105,VDD_IN,7254.016,,
1780555180.1443105,VDD_CPU_GPU_CV,2558.4,,
1780555180.1443105,VDD_SOC,1774.08,,
1780555180.1443105,,,cpu-thermal,62.125
1780555180.1443105,,,gpu-thermal,62.531
1780555180.1443105,,,soc0-thermal,60.562
1780555180.1443105,,,soc1-thermal,59.906
1780555180.1443105,,,soc2-thermal,60.656
1780555180.1443105,,,tj-thermal,62.531
1780555180.250656,VDD_IN,7254.016,,
1780555180.250656,VDD_CPU_GPU_CV,2558.4,,
1780555180.250656,VDD_SOC,1774.08,,
1780555180.250656,,,cpu-thermal,62.125
1780555180.250656,,,gpu-thermal,63.031
1780555180.250656,,,soc0-thermal,60.656
1780555180.250656,,,soc1-thermal,60.062
1780555180.250656,,,soc2-thermal,60.687
1780555180.250656,,,tj-thermal,63.031
1780555180.356751,VDD_IN,7214.592,,
1780555180.356751,VDD_CPU_GPU_CV,2558.4,,
1780555180.356751,VDD_SOC,1774.08,,
1780555180.356751,,,cpu-thermal,62.25
1780555180.356751,,,gpu-thermal,62.875
1780555180.356751,,,soc0-thermal,60.687
1780555180.356751,,,soc1-thermal,59.875
1780555180.356751,,,soc2-thermal,60.718
1780555180.356751,,,tj-thermal,62.875
1780555180.463127,VDD_IN,7214.592,,
1780555180.463127,VDD_CPU_GPU_CV,2558.4,,
1780555180.463127,VDD_SOC,1774.08,,
1780555180.463127,,,cpu-thermal,62.375
1780555180.463127,,,gpu-thermal,62.75
1780555180.463127,,,soc0-thermal,60.625
1780555180.463127,,,soc1-thermal,59.968
1780555180.463127,,,soc2-thermal,60.687
1780555180.463127,,,tj-thermal,62.75
1780555180.5686703,VDD_IN,7214.592,,
1780555180.5686703,VDD_CPU_GPU_CV,2519.04,,
1780555180.5686703,VDD_SOC,1774.08,,
1780555180.5686703,,,cpu-thermal,62.625
1780555180.5686703,,,gpu-thermal,62.937
1780555180.5686703,,,soc0-thermal,60.562
1780555180.5686703,,,soc1-thermal,60.0
1780555180.5686703,,,soc2-thermal,60.625
1780555180.5686703,,,tj-thermal,62.75
1780555180.6747975,VDD_IN,7175.168,,
1780555180.6747975,VDD_CPU_GPU_CV,2519.04,,
1780555180.6747975,VDD_SOC,1774.08,,
1780555180.6747975,,,cpu-thermal,62.312
1780555180.6747975,,,gpu-thermal,62.906
1780555180.6747975,,,soc0-thermal,60.593
1780555180.6747975,,,soc1-thermal,60.093
1780555180.6747975,,,soc2-thermal,60.625
1780555180.6747975,,,tj-thermal,62.625
1780555180.7805293,VDD_IN,7175.168,,
1780555180.7805293,VDD_CPU_GPU_CV,2519.04,,
1780555180.7805293,VDD_SOC,1774.08,,
1780555180.7805293,,,cpu-thermal,62.343
1780555180.7805293,,,gpu-thermal,62.781
1780555180.7805293,,,soc0-thermal,60.75
1780555180.7805293,,,soc1-thermal,60.0
1780555180.7805293,,,soc2-thermal,60.781
1780555180.7805293,,,tj-thermal,62.781
1780555180.886256,VDD_IN,7254.016,,
1780555180.886256,VDD_CPU_GPU_CV,2558.4,,
1780555180.886256,VDD_SOC,1774.08,,
1780555180.886256,,,cpu-thermal,62.343
1780555180.886256,,,gpu-thermal,62.718
1780555180.886256,,,soc0-thermal,60.718
1780555180.886256,,,soc1-thermal,60.0
1780555180.886256,,,soc2-thermal,60.625
1780555180.886256,,,tj-thermal,62.718
1780555180.991901,VDD_IN,7332.864,,
1780555180.991901,VDD_CPU_GPU_CV,2597.76,,
1780555180.991901,VDD_SOC,1774.08,,
1780555180.991901,,,cpu-thermal,62.156
1780555180.991901,,,gpu-thermal,62.718
1780555180.991901,,,soc0-thermal,60.718
1780555180.991901,,,soc1-thermal,60.062
1780555180.991901,,,soc2-thermal,60.75
1780555180.991901,,,tj-thermal,62.718
1780555181.0976007,VDD_IN,7293.44,,
1780555181.0976007,VDD_CPU_GPU_CV,2597.76,,
1780555181.0976007,VDD_SOC,1774.08,,
1780555181.0976007,,,cpu-thermal,62.281
1780555181.0976007,,,gpu-thermal,62.656
1780555181.0976007,,,soc0-thermal,60.75
1780555181.0976007,,,soc1-thermal,60.156
1780555181.0976007,,,soc2-thermal,60.718
1780555181.0976007,,,tj-thermal,62.656
1780555181.203693,VDD_IN,7254.016,,
1780555181.203693,VDD_CPU_GPU_CV,2597.76,,
1780555181.203693,VDD_SOC,1774.08,,
1780555181.203693,,,cpu-thermal,62.375
1780555181.203693,,,gpu-thermal,62.875
1780555181.203693,,,soc0-thermal,60.843
1780555181.203693,,,soc1-thermal,59.968
1780555181.203693,,,soc2-thermal,60.687
1780555181.203693,,,tj-thermal,62.875
1780555181.309387,VDD_IN,7254.016,,
1780555181.309387,VDD_CPU_GPU_CV,2558.4,,
1780555181.309387,VDD_SOC,1774.08,,
1780555181.309387,,,cpu-thermal,62.187
1780555181.309387,,,gpu-thermal,62.687
1780555181.309387,,,soc0-thermal,60.687
1780555181.309387,,,soc1-thermal,60.062
1780555181.309387,,,soc2-thermal,60.75
1780555181.309387,,,tj-thermal,62.843
1780555181.4149477,VDD_IN,7254.016,,
1780555181.4149477,VDD_CPU_GPU_CV,2558.4,,
1780555181.4149477,VDD_SOC,1774.08,,
1780555181.4149477,,,cpu-thermal,62.218
1780555181.4149477,,,gpu-thermal,63.093
1780555181.4149477,,,soc0-thermal,60.718
1780555181.4149477,,,soc1-thermal,60.156
1780555181.4149477,,,soc2-thermal,60.781
1780555181.4149477,,,tj-thermal,63.093
1780555181.5209334,VDD_IN,7214.592,,
1780555181.5209334,VDD_CPU_GPU_CV,2558.4,,
1780555181.5209334,VDD_SOC,1774.08,,
1780555181.5209334,,,cpu-thermal,62.343
1780555181.5209334,,,gpu-thermal,62.968
1780555181.5209334,,,soc0-thermal,60.75
1780555181.5209334,,,soc1-thermal,60.0
1780555181.5209334,,,soc2-thermal,60.75
1780555181.5209334,,,tj-thermal,62.968
1780555181.6265442,VDD_IN,7214.592,,
1780555181.6265442,VDD_CPU_GPU_CV,2558.4,,
1780555181.6265442,VDD_SOC,1774.08,,
1780555181.6265442,,,cpu-thermal,62.218
1780555181.6265442,,,gpu-thermal,62.812
1780555181.6265442,,,soc0-thermal,60.718
1780555181.6265442,,,soc1-thermal,59.968
1780555181.6265442,,,soc2-thermal,60.75
1780555181.6265442,,,tj-thermal,62.812
1780555181.7321448,VDD_IN,7175.168,,
1780555181.7321448,VDD_CPU_GPU_CV,2558.4,,
1780555181.7321448,VDD_SOC,1774.08,,
1780555181.7321448,,,cpu-thermal,62.281
1780555181.7321448,,,gpu-thermal,62.781
1780555181.7321448,,,soc0-thermal,60.718
1780555181.7321448,,,soc1-thermal,60.218
1780555181.7321448,,,soc2-thermal,60.781
1780555181.7321448,,,tj-thermal,62.781
1780555181.8386173,VDD_IN,7214.592,,
1780555181.8386173,VDD_CPU_GPU_CV,2558.4,,
1780555181.8386173,VDD_SOC,1774.08,,
1780555181.8386173,,,cpu-thermal,62.406
1780555181.8386173,,,gpu-thermal,62.781
1780555181.8386173,,,soc0-thermal,60.843
1780555181.8386173,,,soc1-thermal,60.218
1780555181.8386173,,,soc2-thermal,60.812
1780555181.8386173,,,tj-thermal,62.781
1780555181.944225,VDD_IN,7293.44,,
1780555181.944225,VDD_CPU_GPU_CV,2597.76,,
1780555181.944225,VDD_SOC,1774.08,,
1780555181.944225,,,cpu-thermal,62.531
1780555181.944225,,,gpu-thermal,62.968
1780555181.944225,,,soc0-thermal,60.843
1780555181.944225,,,soc1-thermal,60.031
1780555181.944225,,,soc2-thermal,60.812
1780555181.944225,,,tj-thermal,62.812
1780555182.0495663,VDD_IN,7332.864,,
1780555182.0495663,VDD_CPU_GPU_CV,2637.12,,
1780555182.0495663,VDD_SOC,1774.08,,
1780555182.0495663,,,cpu-thermal,62.218
1780555182.0495663,,,gpu-thermal,62.75
1780555182.0495663,,,soc0-thermal,60.625
1780555182.0495663,,,soc1-thermal,60.093
1780555182.0495663,,,soc2-thermal,60.75
1780555182.0495663,,,tj-thermal,62.75
1780555182.1556447,VDD_IN,7293.44,,
1780555182.1556447,VDD_CPU_GPU_CV,2597.76,,
1780555182.1556447,VDD_SOC,1774.08,,
1780555182.1556447,,,cpu-thermal,62.187
1780555182.1556447,,,gpu-thermal,62.75
1780555182.1556447,,,soc0-thermal,60.687
1780555182.1556447,,,soc1-thermal,60.125
1780555182.1556447,,,soc2-thermal,60.75
1780555182.1556447,,,tj-thermal,62.75
1780555182.2610962,VDD_IN,7293.44,,
1780555182.2610962,VDD_CPU_GPU_CV,2558.4,,
1780555182.2610962,VDD_SOC,1774.08,,
1780555182.2610962,,,cpu-thermal,62.468
1780555182.2610962,,,gpu-thermal,62.687
1780555182.2610962,,,soc0-thermal,60.781
1780555182.2610962,,,soc1-thermal,60.0
1780555182.2610962,,,soc2-thermal,60.875
1780555182.2610962,,,tj-thermal,62.687
1780555182.367022,VDD_IN,7254.016,,
1780555182.367022,VDD_CPU_GPU_CV,2558.4,,
1780555182.367022,VDD_SOC,1774.08,,
1780555182.367022,,,cpu-thermal,62.5
1780555182.367022,,,gpu-thermal,63.0
1780555182.367022,,,soc0-thermal,60.656
1780555182.367022,,,soc1-thermal,60.0
1780555182.367022,,,soc2-thermal,60.656
1780555182.367022,,,tj-thermal,63.0
1780555182.4731483,VDD_IN,7254.016,,
1780555182.4731483,VDD_CPU_GPU_CV,2558.4,,
1780555182.4731483,VDD_SOC,1774.08,,
1780555182.4731483,,,cpu-thermal,62.625
1780555182.4731483,,,gpu-thermal,62.843
1780555182.4731483,,,soc0-thermal,60.687
1780555182.4731483,,,soc1-thermal,60.062
1780555182.4731483,,,soc2-thermal,60.75
1780555182.4731483,,,tj-thermal,62.843
1780555182.5789673,VDD_IN,7214.592,,
1780555182.5789673,VDD_CPU_GPU_CV,2558.4,,
1780555182.5789673,VDD_SOC,1774.08,,
1780555182.5789673,,,cpu-thermal,62.406
1780555182.5789673,,,gpu-thermal,62.687
1780555182.5789673,,,soc0-thermal,60.781
1780555182.5789673,,,soc1-thermal,60.218
1780555182.5789673,,,soc2-thermal,60.75
1780555182.5789673,,,tj-thermal,62.781
1780555182.6851046,VDD_IN,7214.592,,
1780555182.6851046,VDD_CPU_GPU_CV,2558.4,,
1780555182.6851046,VDD_SOC,1774.08,,
1780555182.6851046,,,cpu-thermal,62.312
1780555182.6851046,,,gpu-thermal,62.968
1780555182.6851046,,,soc0-thermal,60.875
1780555182.6851046,,,soc1-thermal,60.125
1780555182.6851046,,,soc2-thermal,60.812
1780555182.6851046,,,tj-thermal,62.718
1780555182.7910955,VDD_IN,7175.168,,
1780555182.7910955,VDD_CPU_GPU_CV,2519.04,,
1780555182.7910955,VDD_SOC,1774.08,,
1780555182.7910955,,,cpu-thermal,62.343
1780555182.7910955,,,gpu-thermal,63.0
1780555182.7910955,,,soc0-thermal,60.718
1780555182.7910955,,,soc1-thermal,60.062
1780555182.7910955,,,soc2-thermal,60.718
1780555182.7910955,,,tj-thermal,62.781
1780555182.8975081,VDD_IN,7254.016,,
1780555182.8975081,VDD_CPU_GPU_CV,2558.4,,
1780555182.8975081,VDD_SOC,1774.08,,
1780555182.8975081,,,cpu-thermal,62.343
1780555182.8975081,,,gpu-thermal,62.843
1780555182.8975081,,,soc0-thermal,60.843
1780555182.8975081,,,soc1-thermal,60.187
1780555182.8975081,,,soc2-thermal,60.781
1780555182.8975081,,,tj-thermal,63.156
1780555183.0032845,VDD_IN,7332.864,,
1780555183.0032845,VDD_CPU_GPU_CV,2597.76,,
1780555183.0032845,VDD_SOC,1774.08,,
1780555183.0032845,,,cpu-thermal,62.343
1780555183.0032845,,,gpu-thermal,62.75
1780555183.0032845,,,soc0-thermal,60.812
1780555183.0032845,,,soc1-thermal,60.312
1780555183.0032845,,,soc2-thermal,60.843
1780555183.0032845,,,tj-thermal,62.75
1780555183.108699,VDD_IN,7293.44,,
1780555183.108699,VDD_CPU_GPU_CV,2597.76,,
1780555183.108699,VDD_SOC,1774.08,,
1780555183.108699,,,cpu-thermal,62.343
1780555183.108699,,,gpu-thermal,62.75
1780555183.108699,,,soc0-thermal,60.781
1780555183.108699,,,soc1-thermal,60.062
1780555183.108699,,,soc2-thermal,60.781
1780555183.108699,,,tj-thermal,62.75
1780555183.2142975,VDD_IN,7293.44,,
1780555183.2142975,VDD_CPU_GPU_CV,2558.4,,
1780555183.2142975,VDD_SOC,1774.08,,
1780555183.2142975,,,cpu-thermal,62.218
1780555183.2142975,,,gpu-thermal,63.062
1780555183.2142975,,,soc0-thermal,60.781
1780555183.2142975,,,soc1-thermal,60.093
1780555183.2142975,,,soc2-thermal,60.781
1780555183.2142975,,,tj-thermal,63.062
1780555183.319777,VDD_IN,7293.44,,
1780555183.319777,VDD_CPU_GPU_CV,2558.4,,
1780555183.319777,VDD_SOC,1774.08,,
1780555183.319777,,,cpu-thermal,62.312
1780555183.319777,,,gpu-thermal,62.843
1780555183.319777,,,soc0-thermal,60.875
1780555183.319777,,,soc1-thermal,60.218
1780555183.319777,,,soc2-thermal,60.906
1780555183.319777,,,tj-thermal,62.906
1780555183.4255342,VDD_IN,7254.016,,
1780555183.4255342,VDD_CPU_GPU_CV,2558.4,,
1780555183.4255342,VDD_SOC,1774.08,,
1780555183.4255342,,,cpu-thermal,62.656
1780555183.4255342,,,gpu-thermal,62.687
1780555183.4255342,,,soc0-thermal,60.906
1780555183.4255342,,,soc1-thermal,60.031
1780555183.4255342,,,soc2-thermal,60.906
1780555183.4255342,,,tj-thermal,62.687
1780555183.5311775,VDD_IN,7214.592,,
1780555183.5311775,VDD_CPU_GPU_CV,2558.4,,
1780555183.5311775,VDD_SOC,1774.08,,
1780555183.5311775,,,cpu-thermal,62.281
1780555183.5311775,,,gpu-thermal,63.0
1780555183.5311775,,,soc0-thermal,60.75
1780555183.5311775,,,soc1-thermal,60.093
1780555183.5311775,,,soc2-thermal,60.781
1780555183.5311775,,,tj-thermal,63.0
1780555183.6366942,VDD_IN,7214.592,,
1780555183.6366942,VDD_CPU_GPU_CV,2558.4,,
1780555183.6366942,VDD_SOC,1774.08,,
1780555183.6366942,,,cpu-thermal,62.281
1780555183.6366942,,,gpu-thermal,63.0
1780555183.6366942,,,soc0-thermal,60.875
1780555183.6366942,,,soc1-thermal,60.187
1780555183.6366942,,,soc2-thermal,60.781
1780555183.6366942,,,tj-thermal,63.0
1780555183.7422101,VDD_IN,7214.592,,
1780555183.7422101,VDD_CPU_GPU_CV,2558.4,,
1780555183.7422101,VDD_SOC,1774.08,,
1780555183.7422101,,,cpu-thermal,62.343
1780555183.7422101,,,gpu-thermal,62.875
1780555183.7422101,,,soc0-thermal,60.875
1780555183.7422101,,,soc1-thermal,60.281
1780555183.7422101,,,soc2-thermal,60.812
1780555183.7422101,,,tj-thermal,62.875
1780555183.8481164,VDD_IN,7254.016,,
1780555183.8481164,VDD_CPU_GPU_CV,2558.4,,
1780555183.8481164,VDD_SOC,1774.08,,
1780555183.8481164,,,cpu-thermal,62.562
1780555183.8481164,,,gpu-thermal,63.062
1780555183.8481164,,,soc0-thermal,60.75
1780555183.8481164,,,soc1-thermal,60.125
1780555183.8481164,,,soc2-thermal,60.843
1780555183.8481164,,,tj-thermal,62.812
1780555183.9537575,VDD_IN,7293.44,,
1780555183.9537575,VDD_CPU_GPU_CV,2597.76,,
1780555183.9537575,VDD_SOC,1774.08,,
1780555183.9537575,,,cpu-thermal,62.312
1780555183.9537575,,,gpu-thermal,63.031
1780555183.9537575,,,soc0-thermal,60.812
1780555183.9537575,,,soc1-thermal,60.218
1780555183.9537575,,,soc2-thermal,60.781
1780555183.9537575,,,tj-thermal,63.031
1780555184.0591908,VDD_IN,7293.44,,
1780555184.0591908,VDD_CPU_GPU_CV,2597.76,,
1780555184.0591908,VDD_SOC,1774.08,,
1780555184.0591908,,,cpu-thermal,62.343
1780555184.0591908,,,gpu-thermal,62.843
1780555184.0591908,,,soc0-thermal,60.875
1780555184.0591908,,,soc1-thermal,60.25
1780555184.0591908,,,soc2-thermal,60.875
1780555184.0591908,,,tj-thermal,62.843
1780555184.1648333,VDD_IN,7254.016,,
1780555184.1648333,VDD_CPU_GPU_CV,2597.76,,
1780555184.1648333,VDD_SOC,1774.08,,
1780555184.1648333,,,cpu-thermal,62.468
1780555184.1648333,,,gpu-thermal,62.843
1780555184.1648333,,,soc0-thermal,60.875
1780555184.1648333,,,soc1-thermal,60.093
1780555184.1648333,,,soc2-thermal,60.906
1780555184.1648333,,,tj-thermal,62.843
1780555184.2705011,VDD_IN,7293.44,,
1780555184.2705011,VDD_CPU_GPU_CV,2558.4,,
1780555184.2705011,VDD_SOC,1774.08,,
1780555184.2705011,,,cpu-thermal,62.562
1780555184.2705011,,,gpu-thermal,62.843
1780555184.2705011,,,soc0-thermal,60.906
1780555184.2705011,,,soc1-thermal,60.187
1780555184.2705011,,,soc2-thermal,60.906
1780555184.2705011,,,tj-thermal,62.843
1780555184.3762023,VDD_IN,7254.016,,
1780555184.3762023,VDD_CPU_GPU_CV,2558.4,,
1780555184.3762023,VDD_SOC,1774.08,,
1780555184.3762023,,,cpu-thermal,62.625
1780555184.3762023,,,gpu-thermal,62.937
1780555184.3762023,,,soc0-thermal,60.875
1780555184.3762023,,,soc1-thermal,60.125
1780555184.3762023,,,soc2-thermal,60.781
1780555184.3762023,,,tj-thermal,63.156
1780555184.4819367,VDD_IN,7214.592,,
1780555184.4819367,VDD_CPU_GPU_CV,2558.4,,
1780555184.4819367,VDD_SOC,1774.08,,
1780555184.4819367,,,cpu-thermal,62.468
1780555184.4819367,,,gpu-thermal,62.843
1780555184.4819367,,,soc0-thermal,60.843
1780555184.4819367,,,soc1-thermal,60.375
1780555184.4819367,,,soc2-thermal,60.906
1780555184.4819367,,,tj-thermal,63.125
1780555184.587753,VDD_IN,7214.592,,
1780555184.587753,VDD_CPU_GPU_CV,2519.04,,
1780555184.587753,VDD_SOC,1774.08,,
1780555184.587753,,,cpu-thermal,62.5
1780555184.587753,,,gpu-thermal,62.781
1780555184.587753,,,soc0-thermal,60.906
1780555184.587753,,,soc1-thermal,60.156
1780555184.587753,,,soc2-thermal,60.906
1780555184.587753,,,tj-thermal,62.781
1780555184.693437,VDD_IN,7175.168,,
1780555184.693437,VDD_CPU_GPU_CV,2519.04,,
1780555184.693437,VDD_SOC,1774.08,,
1780555184.693437,,,cpu-thermal,62.625
1780555184.693437,,,gpu-thermal,63.125
1780555184.693437,,,soc0-thermal,60.812
1780555184.693437,,,soc1-thermal,60.187
1780555184.693437,,,soc2-thermal,60.875
1780555184.693437,,,tj-thermal,63.125
1780555184.7990522,VDD_IN,7214.592,,
1780555184.7990522,VDD_CPU_GPU_CV,2519.04,,
1780555184.7990522,VDD_SOC,1774.08,,
1780555184.7990522,,,cpu-thermal,62.406
1780555184.7990522,,,gpu-thermal,63.062
1780555184.7990522,,,soc0-thermal,60.843
1780555184.7990522,,,soc1-thermal,60.312
1780555184.7990522,,,soc2-thermal,60.875
1780555184.7990522,,,tj-thermal,63.062
1780555184.9047437,VDD_IN,7254.016,,
1780555184.9047437,VDD_CPU_GPU_CV,2558.4,,
1780555184.9047437,VDD_SOC,1774.08,,
1780555184.9047437,,,cpu-thermal,62.406
1780555184.9047437,,,gpu-thermal,62.843
1780555184.9047437,,,soc0-thermal,60.843
1780555184.9047437,,,soc1-thermal,60.281
1780555184.9047437,,,soc2-thermal,60.843
1780555184.9047437,,,tj-thermal,62.937
1780555185.01023,VDD_IN,7332.864,,
1780555185.01023,VDD_CPU_GPU_CV,2597.76,,
1780555185.01023,VDD_SOC,1774.08,,
1780555185.01023,,,cpu-thermal,62.562
1780555185.01023,,,gpu-thermal,63.093
1780555185.01023,,,soc0-thermal,60.906
1780555185.01023,,,soc1-thermal,60.25
1780555185.01023,,,soc2-thermal,60.906
1780555185.01023,,,tj-thermal,62.968
1780555185.116272,VDD_IN,7254.016,,
1780555185.116272,VDD_CPU_GPU_CV,2597.76,,
1780555185.116272,VDD_SOC,1774.08,,
1780555185.116272,,,cpu-thermal,62.343
1780555185.116272,,,gpu-thermal,63.0
1780555185.116272,,,soc0-thermal,60.812
1780555185.116272,,,soc1-thermal,60.281
1780555185.116272,,,soc2-thermal,60.906
1780555185.116272,,,tj-thermal,63.0
1780555185.2221105,VDD_IN,7254.016,,
1780555185.2221105,VDD_CPU_GPU_CV,2597.76,,
1780555185.2221105,VDD_SOC,1774.08,,
1780555185.2221105,,,cpu-thermal,62.437
1780555185.2221105,,,gpu-thermal,62.968
1780555185.2221105,,,soc0-thermal,60.843
1780555185.2221105,,,soc1-thermal,60.281
1780555185.2221105,,,soc2-thermal,60.906
1780555185.2221105,,,tj-thermal,62.968
1780555185.3278623,VDD_IN,7254.016,,
1780555185.3278623,VDD_CPU_GPU_CV,2558.4,,
1780555185.3278623,VDD_SOC,1774.08,,
1780555185.3278623,,,cpu-thermal,62.468
1780555185.3278623,,,gpu-thermal,62.843
1780555185.3278623,,,soc0-thermal,60.937
1780555185.3278623,,,soc1-thermal,60.218
1780555185.3278623,,,soc2-thermal,60.906
1780555185.3278623,,,tj-thermal,62.843
1780555185.4333775,VDD_IN,7214.592,,
1780555185.4333775,VDD_CPU_GPU_CV,2558.4,,
1780555185.4333775,VDD_SOC,1774.08,,
1780555185.4333775,,,cpu-thermal,62.468
1780555185.4333775,,,gpu-thermal,62.843
1780555185.4333775,,,soc0-thermal,60.812
1780555185.4333775,,,soc1-thermal,60.156
1780555185.4333775,,,soc2-thermal,60.937
1780555185.4333775,,,tj-thermal,62.843
1780555185.5399911,VDD_IN,7214.592,,
1780555185.5399911,VDD_CPU_GPU_CV,2558.4,,
1780555185.5399911,VDD_SOC,1774.08,,
1780555185.5399911,,,cpu-thermal,62.437
1780555185.5399911,,,gpu-thermal,63.25
1780555185.5399911,,,soc0-thermal,60.906
1780555185.5399911,,,soc1-thermal,60.218
1780555185.5399911,,,soc2-thermal,60.906
1780555185.5399911,,,tj-thermal,63.25
1780555185.6455595,VDD_IN,7214.592,,
1780555185.6455595,VDD_CPU_GPU_CV,2558.4,,
1780555185.6455595,VDD_SOC,1774.08,,
1780555185.6455595,,,cpu-thermal,62.437
1780555185.6455595,,,gpu-thermal,62.937
1780555185.6455595,,,soc0-thermal,60.875
1780555185.6455595,,,soc1-thermal,60.375
1780555185.6455595,,,soc2-thermal,60.968
1780555185.6455595,,,tj-thermal,63.031
1780555185.7513046,VDD_IN,7214.592,,
1780555185.7513046,VDD_CPU_GPU_CV,2558.4,,
1780555185.7513046,VDD_SOC,1774.08,,
1780555185.7513046,,,cpu-thermal,62.718
1780555185.7513046,,,gpu-thermal,62.843
1780555185.7513046,,,soc0-thermal,60.875
1780555185.7513046,,,soc1-thermal,60.156
1780555185.7513046,,,soc2-thermal,60.937
1780555185.7513046,,,tj-thermal,63.0
1780555185.857531,VDD_IN,7254.016,,
1780555185.857531,VDD_CPU_GPU_CV,2558.4,,
1780555185.857531,VDD_SOC,1774.08,,
1780555185.857531,,,cpu-thermal,62.343
1780555185.857531,,,gpu-thermal,63.281
1780555185.857531,,,soc0-thermal,60.875
1780555185.857531,,,soc1-thermal,60.25
1780555185.857531,,,soc2-thermal,60.937
1780555185.857531,,,tj-thermal,63.281
1780555185.9631052,VDD_IN,7332.864,,
1780555185.9631052,VDD_CPU_GPU_CV,2597.76,,
1780555185.9631052,VDD_SOC,1774.08,,
1780555185.9631052,,,cpu-thermal,62.375
1780555185.9631052,,,gpu-thermal,63.125
1780555185.9631052,,,soc0-thermal,60.937
1780555185.9631052,,,soc1-thermal,60.437
1780555185.9631052,,,soc2-thermal,60.906
1780555185.9631052,,,tj-thermal,63.125
1780555186.06847,VDD_IN,7332.864,,
1780555186.06847,VDD_CPU_GPU_CV,2597.76,,
1780555186.06847,VDD_SOC,1774.08,,
1780555186.06847,,,cpu-thermal,62.593
1780555186.06847,,,gpu-thermal,63.031
1780555186.06847,,,soc0-thermal,60.968
1780555186.06847,,,soc1-thermal,60.156
1780555186.06847,,,soc2-thermal,60.937
1780555186.06847,,,tj-thermal,63.031
1780555186.1744547,VDD_IN,7293.44,,
1780555186.1744547,VDD_CPU_GPU_CV,2558.4,,
1780555186.1744547,VDD_SOC,1774.08,,
1780555186.1744547,,,cpu-thermal,62.687
1780555186.1744547,,,gpu-thermal,62.937
1780555186.1744547,,,soc0-thermal,60.968
1780555186.1744547,,,soc1-thermal,60.312
1780555186.1744547,,,soc2-thermal,60.906
1780555186.1744547,,,tj-thermal,62.937
1780555186.2804906,VDD_IN,7254.016,,
1780555186.2804906,VDD_CPU_GPU_CV,2558.4,,
1780555186.2804906,VDD_SOC,1774.08,,
1780555186.2804906,,,cpu-thermal,62.5
1780555186.2804906,,,gpu-thermal,63.0
1780555186.2804906,,,soc0-thermal,60.937
1780555186.2804906,,,soc1-thermal,60.218
1780555186.2804906,,,soc2-thermal,60.875
1780555186.2804906,,,tj-thermal,63.0
1780555186.3867512,VDD_IN,7293.44,,
1780555186.3867512,VDD_CPU_GPU_CV,2558.4,,
1780555186.3867512,VDD_SOC,1774.08,,
1780555186.3867512,,,cpu-thermal,62.531
1780555186.3867512,,,gpu-thermal,63.312
1780555186.3867512,,,soc0-thermal,60.875
1780555186.3867512,,,soc1-thermal,60.343
1780555186.3867512,,,soc2-thermal,60.937
1780555186.3867512,,,tj-thermal,63.312
1780555186.4928076,VDD_IN,7254.016,,
1780555186.4928076,VDD_CPU_GPU_CV,2558.4,,
1780555186.4928076,VDD_SOC,1774.08,,
1780555186.4928076,,,cpu-thermal,62.625
1780555186.4928076,,,gpu-thermal,62.968
1780555186.4928076,,,soc0-thermal,61.062
1780555186.4928076,,,soc1-thermal,60.187
1780555186.4928076,,,soc2-thermal,60.968
1780555186.4928076,,,tj-thermal,63.187
1780555186.5987785,VDD_IN,7214.592,,
1780555186.5987785,VDD_CPU_GPU_CV,2554.24,,
1780555186.5987785,VDD_SOC,1774.08,,
1780555186.5987785,,,cpu-thermal,62.531
1780555186.5987785,,,gpu-thermal,62.843
1780555186.5987785,,,soc0-thermal,60.875
1780555186.5987785,,,soc1-thermal,60.25
1780555186.5987785,,,soc2-thermal,60.906
1780555186.5987785,,,tj-thermal,63.0
1780555186.7045302,VDD_IN,7214.592,,
1780555186.7045302,VDD_CPU_GPU_CV,2519.04,,
1780555186.7045302,VDD_SOC,1774.08,,
1780555186.7045302,,,cpu-thermal,62.562
1780555186.7045302,,,gpu-thermal,63.343
1780555186.7045302,,,soc0-thermal,60.906
1780555186.7045302,,,soc1-thermal,60.375
1780555186.7045302,,,soc2-thermal,60.906
1780555186.7045302,,,tj-thermal,63.343
1780555186.810507,VDD_IN,7214.592,,
1780555186.810507,VDD_CPU_GPU_CV,2558.4,,
1780555186.810507,VDD_SOC,1774.08,,
1780555186.810507,,,cpu-thermal,62.468
1780555186.810507,,,gpu-thermal,63.218
1780555186.810507,,,soc0-thermal,60.968
1780555186.810507,,,soc1-thermal,60.25
1780555186.810507,,,soc2-thermal,60.968
1780555186.810507,,,tj-thermal,63.218
1780555186.9166255,VDD_IN,7293.44,,
1780555186.9166255,VDD_CPU_GPU_CV,2597.76,,
1780555186.9166255,VDD_SOC,1774.08,,
1780555186.9166255,,,cpu-thermal,62.468
1780555186.9166255,,,gpu-thermal,63.156
1780555186.9166255,,,soc0-thermal,60.812
1780555186.9166255,,,soc1-thermal,60.312
1780555186.9166255,,,soc2-thermal,61.0
1780555186.9166255,,,tj-thermal,63.156
1780555187.0221982,VDD_IN,7332.864,,
1780555187.0221982,VDD_CPU_GPU_CV,2597.76,,
1780555187.0221982,VDD_SOC,1774.08,,
1780555187.0221982,,,cpu-thermal,62.468
1780555187.0221982,,,gpu-thermal,63.062
1780555187.0221982,,,soc0-thermal,60.937
1780555187.0221982,,,soc1-thermal,60.375
1780555187.0221982,,,soc2-thermal,60.937
1780555187.0221982,,,tj-thermal,63.062
1780555187.1277845,VDD_IN,7293.44,,
1780555187.1277845,VDD_CPU_GPU_CV,2597.76,,
1780555187.1277845,VDD_SOC,1774.08,,
1780555187.1277845,,,cpu-thermal,62.5
1780555187.1277845,,,gpu-thermal,63.125
1780555187.1277845,,,soc0-thermal,60.968
1780555187.1277845,,,soc1-thermal,60.406
1780555187.1277845,,,soc2-thermal,60.968
1780555187.1277845,,,tj-thermal,63.0
1780555187.2333558,VDD_IN,7254.016,,
1780555187.2333558,VDD_CPU_GPU_CV,2558.4,,
1780555187.2333558,VDD_SOC,1774.08,,
1780555187.2333558,,,cpu-thermal,62.781
1780555187.2333558,,,gpu-thermal,63.093
1780555187.2333558,,,soc0-thermal,60.968
1780555187.2333558,,,soc1-thermal,60.281
1780555187.2333558,,,soc2-thermal,61.062
1780555187.2333558,,,tj-thermal,63.375
1780555187.3392425,VDD_IN,7254.016,,
1780555187.3392425,VDD_CPU_GPU_CV,2558.4,,
1780555187.3392425,VDD_SOC,1774.08,,
1780555187.3392425,,,cpu-thermal,62.437
1780555187.3392425,,,gpu-thermal,62.968
1780555187.3392425,,,soc0-thermal,60.968
1780555187.3392425,,,soc1-thermal,60.375
1780555187.3392425,,,soc2-thermal,60.968
1780555187.3392425,,,tj-thermal,62.968
1780555187.4451587,VDD_IN,7214.592,,
1780555187.4451587,VDD_CPU_GPU_CV,2558.4,,
1780555187.4451587,VDD_SOC,1774.08,,
1780555187.4451587,,,cpu-thermal,62.468
1780555187.4451587,,,gpu-thermal,62.937
1780555187.4451587,,,soc0-thermal,60.937
1780555187.4451587,,,soc1-thermal,60.343
1780555187.4451587,,,soc2-thermal,60.968
1780555187.4451587,,,tj-thermal,62.937
1780555187.5507517,VDD_IN,7214.592,,
1780555187.5507517,VDD_CPU_GPU_CV,2558.4,,
1780555187.5507517,VDD_SOC,1774.08,,
1780555187.5507517,,,cpu-thermal,62.687
1780555187.5507517,,,gpu-thermal,63.375
1780555187.5507517,,,soc0-thermal,61.0
1780555187.5507517,,,soc1-thermal,60.343
1780555187.5507517,,,soc2-thermal,61.062
1780555187.5507517,,,tj-thermal,63.375
1780555187.65756,VDD_IN,7214.592,,
1780555187.65756,VDD_CPU_GPU_CV,2558.4,,
1780555187.65756,VDD_SOC,1774.08,,
1780555187.65756,,,cpu-thermal,62.812
1780555187.65756,,,gpu-thermal,63.25
1780555187.65756,,,soc0-thermal,60.937
1780555187.65756,,,soc1-thermal,60.312
1780555187.65756,,,soc2-thermal,61.0
1780555187.65756,,,tj-thermal,63.25
1780555187.763371,VDD_IN,7175.168,,
1780555187.763371,VDD_CPU_GPU_CV,2558.4,,
1780555187.763371,VDD_SOC,1774.08,,
1780555187.763371,,,cpu-thermal,62.843
1780555187.763371,,,gpu-thermal,63.125
1780555187.763371,,,soc0-thermal,60.906
1780555187.763371,,,soc1-thermal,60.375
1780555187.763371,,,soc2-thermal,61.031
1780555187.763371,,,tj-thermal,63.125
1780555187.8693311,VDD_IN,7254.016,,
1780555187.8693311,VDD_CPU_GPU_CV,2558.4,,
1780555187.8693311,VDD_SOC,1774.08,,
1780555187.8693311,,,cpu-thermal,62.468
1780555187.8693311,,,gpu-thermal,63.093
1780555187.8693311,,,soc0-thermal,61.0
1780555187.8693311,,,soc1-thermal,60.468
1780555187.8693311,,,soc2-thermal,60.968
1780555187.8693311,,,tj-thermal,63.093
1780555187.97557,VDD_IN,7332.864,,
1780555187.97557,VDD_CPU_GPU_CV,2597.76,,
1780555187.97557,VDD_SOC,1774.08,,
1780555187.97557,,,cpu-thermal,62.687
1780555187.97557,,,gpu-thermal,63.031
1780555187.97557,,,soc0-thermal,60.906
1780555187.97557,,,soc1-thermal,60.25
1780555187.97557,,,soc2-thermal,61.187
1780555187.97557,,,tj-thermal,63.031
1780555188.0812466,VDD_IN,7332.864,,
1780555188.0812466,VDD_CPU_GPU_CV,2597.76,,
1780555188.0812466,VDD_SOC,1774.08,,
1780555188.0812466,,,cpu-thermal,62.5
1780555188.0812466,,,gpu-thermal,63.062
1780555188.0812466,,,soc0-thermal,60.937
1780555188.0812466,,,soc1-thermal,60.343
1780555188.0812466,,,soc2-thermal,60.937
1780555188.0812466,,,tj-thermal,62.968
1780555188.1874282,VDD_IN,7293.44,,
1780555188.1874282,VDD_CPU_GPU_CV,2558.4,,
1780555188.1874282,VDD_SOC,1774.08,,
1780555188.1874282,,,cpu-thermal,62.625
1780555188.1874282,,,gpu-thermal,63.093
1780555188.1874282,,,soc0-thermal,60.937
1780555188.1874282,,,soc1-thermal,60.406
1780555188.1874282,,,soc2-thermal,61.093
1780555188.1874282,,,tj-thermal,63.312
1780555188.2934005,VDD_IN,7293.44,,
1780555188.2934005,VDD_CPU_GPU_CV,2554.24,,
1780555188.2934005,VDD_SOC,1771.2,,
1780555188.2934005,,,cpu-thermal,62.625
1780555188.2934005,,,gpu-thermal,62.968
1780555188.2934005,,,soc0-thermal,61.062
1780555188.2934005,,,soc1-thermal,60.343
1780555188.2934005,,,soc2-thermal,61.062
1780555188.2934005,,,tj-thermal,63.156
1780555188.3994322,VDD_IN,7254.016,,
1780555188.3994322,VDD_CPU_GPU_CV,2554.24,,
1780555188.3994322,VDD_SOC,1771.2,,
1780555188.3994322,,,cpu-thermal,62.5
1780555188.3994322,,,gpu-thermal,62.968
1780555188.3994322,,,soc0-thermal,60.937
1780555188.3994322,,,soc1-thermal,60.375
1780555188.3994322,,,soc2-thermal,61.062
1780555188.3994322,,,tj-thermal,62.968
1780555188.5051866,VDD_IN,7214.592,,
1780555188.5051866,VDD_CPU_GPU_CV,2554.24,,
1780555188.5051866,VDD_SOC,1771.2,,
1780555188.5051866,,,cpu-thermal,62.562
1780555188.5051866,,,gpu-thermal,63.25
1780555188.5051866,,,soc0-thermal,60.968
1780555188.5051866,,,soc1-thermal,60.375
1780555188.5051866,,,soc2-thermal,61.062
1780555188.5051866,,,tj-thermal,63.25
1780555188.610859,VDD_IN,7214.592,,
1780555188.610859,VDD_CPU_GPU_CV,2554.24,,
1780555188.610859,VDD_SOC,1771.2,,
1780555188.610859,,,cpu-thermal,62.656
1780555188.610859,,,gpu-thermal,63.156
1780555188.610859,,,soc0-thermal,61.093
1780555188.610859,,,soc1-thermal,60.343
1780555188.610859,,,soc2-thermal,61.093
1780555188.610859,,,tj-thermal,63.156
1780555188.7167363,VDD_IN,7214.592,,
1780555188.7167363,VDD_CPU_GPU_CV,2554.24,,
1780555188.7167363,VDD_SOC,1771.2,,
1780555188.7167363,,,cpu-thermal,62.843
1780555188.7167363,,,gpu-thermal,63.062
1780555188.7167363,,,soc0-thermal,61.156
1780555188.7167363,,,soc1-thermal,60.343
1780555188.7167363,,,soc2-thermal,61.062
1780555188.7167363,,,tj-thermal,63.062
1780555188.8223815,VDD_IN,7214.592,,
1780555188.8223815,VDD_CPU_GPU_CV,2554.24,,
1780555188.8223815,VDD_SOC,1771.2,,
1780555188.8223815,,,cpu-thermal,62.5
1780555188.8223815,,,gpu-thermal,63.312
1780555188.8223815,,,soc0-thermal,61.0
1780555188.8223815,,,soc1-thermal,60.343
1780555188.8223815,,,soc2-thermal,61.031
1780555188.8223815,,,tj-thermal,63.062
1780555188.9279256,VDD_IN,7293.44,,
1780555188.9279256,VDD_CPU_GPU_CV,2597.76,,
1780555188.9279256,VDD_SOC,1771.2,,
1780555188.9279256,,,cpu-thermal,62.625
1780555188.9279256,,,gpu-thermal,63.312
1780555188.9279256,,,soc0-thermal,60.937
1780555188.9279256,,,soc1-thermal,60.406
1780555188.9279256,,,soc2-thermal,61.093
1780555188.9279256,,,tj-thermal,63.312
1780555189.0335298,VDD_IN,7293.44,,
1780555189.0335298,VDD_CPU_GPU_CV,2597.76,,
1780555189.0335298,VDD_SOC,1771.2,,
1780555189.0335298,,,cpu-thermal,62.75
1780555189.0335298,,,gpu-thermal,63.125
1780555189.0335298,,,soc0-thermal,61.062
1780555189.0335298,,,soc1-thermal,60.562
1780555189.0335298,,,soc2-thermal,61.093
1780555189.0335298,,,tj-thermal,63.125
1780555189.139849,VDD_IN,7293.44,,
1780555189.139849,VDD_CPU_GPU_CV,2593.536,,
1780555189.139849,VDD_SOC,1771.2,,
1780555189.139849,,,cpu-thermal,62.843
1780555189.139849,,,gpu-thermal,63.093
1780555189.139849,,,soc0-thermal,60.968
1780555189.139849,,,soc1-thermal,60.343
1780555189.139849,,,soc2-thermal,61.031
1780555189.139849,,,tj-thermal,63.093
1780555189.2454357,VDD_IN,7293.44,,
1780555189.2454357,VDD_CPU_GPU_CV,2593.536,,
1780555189.2454357,VDD_SOC,1771.2,,
1780555189.2454357,,,cpu-thermal,62.531
1780555189.2454357,,,gpu-thermal,63.0
1780555189.2454357,,,soc0-thermal,61.0
1780555189.2454357,,,soc1-thermal,60.375
1780555189.2454357,,,soc2-thermal,61.031
1780555189.2454357,,,tj-thermal,63.0
1780555189.3509288,VDD_IN,7254.016,,
1780555189.3509288,VDD_CPU_GPU_CV,2558.4,,
1780555189.3509288,VDD_SOC,1774.08,,
1780555189.3509288,,,cpu-thermal,62.718
1780555189.3509288,,,gpu-thermal,63.375
1780555189.3509288,,,soc0-thermal,61.031
1780555189.3509288,,,soc1-thermal,60.562
1780555189.3509288,,,soc2-thermal,61.093
1780555189.3509288,,,tj-thermal,63.375
1780555189.456522,VDD_IN,7254.016,,
1780555189.456522,VDD_CPU_GPU_CV,2558.4,,
1780555189.456522,VDD_SOC,1774.08,,
1780555189.456522,,,cpu-thermal,62.781
1780555189.456522,,,gpu-thermal,63.125
1780555189.456522,,,soc0-thermal,61.218
1780555189.456522,,,soc1-thermal,60.281
1780555189.456522,,,soc2-thermal,61.093
1780555189.456522,,,tj-thermal,63.187
1780555189.5620751,VDD_IN,7214.592,,
1780555189.5620751,VDD_CPU_GPU_CV,2558.4,,
1780555189.5620751,VDD_SOC,1774.08,,
1780555189.5620751,,,cpu-thermal,62.843
1780555189.5620751,,,gpu-thermal,62.968
1780555189.5620751,,,soc0-thermal,61.093
1780555189.5620751,,,soc1-thermal,60.375
1780555189.5620751,,,soc2-thermal,61.156
1780555189.5620751,,,tj-thermal,62.968
1780555189.6676917,VDD_IN,7214.592,,
1780555189.6676917,VDD_CPU_GPU_CV,2558.4,,
1780555189.6676917,VDD_SOC,1774.08,,
1780555189.6676917,,,cpu-thermal,62.718
1780555189.6676917,,,gpu-thermal,63.343
1780555189.6676917,,,soc0-thermal,61.031
1780555189.6676917,,,soc1-thermal,60.468
1780555189.6676917,,,soc2-thermal,61.062
1780555189.6676917,,,tj-thermal,63.343
1780555189.7734385,VDD_IN,7214.592,,
1780555189.7734385,VDD_CPU_GPU_CV,2558.4,,
1780555189.7734385,VDD_SOC,1774.08,,
1780555189.7734385,,,cpu-thermal,62.75
1780555189.7734385,,,gpu-thermal,63.281
1780555189.7734385,,,soc0-thermal,61.218
1780555189.7734385,,,soc1-thermal,60.5
1780555189.7734385,,,soc2-thermal,61.156
1780555189.7734385,,,tj-thermal,63.281
1780555189.8793504,VDD_IN,7254.016,,
1780555189.8793504,VDD_CPU_GPU_CV,2558.4,,
1780555189.8793504,VDD_SOC,1774.08,,
1780555189.8793504,,,cpu-thermal,62.687
1780555189.8793504,,,gpu-thermal,63.25
1780555189.8793504,,,soc0-thermal,61.062
1780555189.8793504,,,soc1-thermal,60.343
1780555189.8793504,,,soc2-thermal,61.187
1780555189.8793504,,,tj-thermal,63.25
1780555189.9851909,VDD_IN,7332.864,,
1780555189.9851909,VDD_CPU_GPU_CV,2597.76,,
1780555189.9851909,VDD_SOC,1774.08,,
1780555189.9851909,,,cpu-thermal,62.625
1780555189.9851909,,,gpu-thermal,63.468
1780555189.9851909,,,soc0-thermal,61.062
1780555189.9851909,,,soc1-thermal,60.437
1780555189.9851909,,,soc2-thermal,61.062
1780555189.9851909,,,tj-thermal,63.156
1780555190.0909789,VDD_IN,7332.864,,
1780555190.0909789,VDD_CPU_GPU_CV,2597.76,,
1780555190.0909789,VDD_SOC,1774.08,,
1780555190.0909789,,,cpu-thermal,62.625
1780555190.0909789,,,gpu-thermal,63.25
1780555190.0909789,,,soc0-thermal,61.062
1780555190.0909789,,,soc1-thermal,60.468
1780555190.0909789,,,soc2-thermal,61.062
1780555190.0909789,,,tj-thermal,63.031
1780555190.1965117,VDD_IN,7293.44,,
1780555190.1965117,VDD_CPU_GPU_CV,2593.536,,
1780555190.1965117,VDD_SOC,1771.2,,
1780555190.1965117,,,cpu-thermal,62.75
1780555190.1965117,,,gpu-thermal,63.187
1780555190.1965117,,,soc0-thermal,61.218
1780555190.1965117,,,soc1-thermal,60.375
1780555190.1965117,,,soc2-thermal,61.156
1780555190.1965117,,,tj-thermal,63.187
1780555190.3021035,VDD_IN,7293.44,,
1780555190.3021035,VDD_CPU_GPU_CV,2593.536,,
1780555190.3021035,VDD_SOC,1771.2,,
1780555190.3021035,,,cpu-thermal,62.625
1780555190.3021035,,,gpu-thermal,63.125
1780555190.3021035,,,soc0-thermal,61.062
1780555190.3021035,,,soc1-thermal,60.406
1780555190.3021035,,,soc2-thermal,61.187
1780555190.3021035,,,tj-thermal,63.125
1780555190.4086943,VDD_IN,7242.24,,
1780555190.4086943,VDD_CPU_GPU_CV,2593.536,,
1780555190.4086943,VDD_SOC,1771.2,,
1780555190.4086943,,,cpu-thermal,62.625
1780555190.4086943,,,gpu-thermal,63.031
1780555190.4086943,,,soc0-thermal,61.062
1780555190.4086943,,,soc1-thermal,60.468
1780555190.4086943,,,soc2-thermal,61.156
1780555190.4086943,,,tj-thermal,63.031
1780555190.51427,VDD_IN,7242.24,,
1780555190.51427,VDD_CPU_GPU_CV,2554.24,,
1780555190.51427,VDD_SOC,1771.2,,
1780555190.51427,,,cpu-thermal,62.625
1780555190.51427,,,gpu-thermal,63.437
1780555190.51427,,,soc0-thermal,61.187
1780555190.51427,,,soc1-thermal,60.5
1780555190.51427,,,soc2-thermal,61.25
1780555190.51427,,,tj-thermal,63.437
1780555190.6202219,VDD_IN,7242.24,,
1780555190.6202219,VDD_CPU_GPU_CV,2554.24,,
1780555190.6202219,VDD_SOC,1771.2,,
1780555190.6202219,,,cpu-thermal,63.0
1780555190.6202219,,,gpu-thermal,63.281
1780555190.6202219,,,soc0-thermal,61.25
1780555190.6202219,,,soc1-thermal,60.437
1780555190.6202219,,,soc2-thermal,61.218
1780555190.6202219,,,tj-thermal,63.281
1780555190.7262385,VDD_IN,7242.24,,
1780555190.7262385,VDD_CPU_GPU_CV,2554.24,,
1780555190.7262385,VDD_SOC,1771.2,,
1780555190.7262385,,,cpu-thermal,62.656
1780555190.7262385,,,gpu-thermal,63.125
1780555190.7262385,,,soc0-thermal,61.093
1780555190.7262385,,,soc1-thermal,60.468
1780555190.7262385,,,soc2-thermal,61.125
1780555190.7262385,,,tj-thermal,63.25
1780555190.8319397,VDD_IN,7242.24,,
1780555190.8319397,VDD_CPU_GPU_CV,2554.24,,
1780555190.8319397,VDD_SOC,1771.2,,
1780555190.8319397,,,cpu-thermal,62.718
1780555190.8319397,,,gpu-thermal,63.406
1780555190.8319397,,,soc0-thermal,61.062
1780555190.8319397,,,soc1-thermal,60.5
1780555190.8319397,,,soc2-thermal,61.218
1780555190.8319397,,,tj-thermal,63.218
1780555190.9376833,VDD_IN,7332.864,,
1780555190.9376833,VDD_CPU_GPU_CV,2593.536,,
1780555190.9376833,VDD_SOC,1771.2,,
1780555190.9376833,,,cpu-thermal,62.875
1780555190.9376833,,,gpu-thermal,63.343
1780555190.9376833,,,soc0-thermal,61.093
1780555190.9376833,,,soc1-thermal,60.406
1780555190.9376833,,,soc2-thermal,61.156
1780555190.9376833,,,tj-thermal,63.343
1780555191.0437164,VDD_IN,7293.44,,
1780555191.0437164,VDD_CPU_GPU_CV,2593.536,,
1780555191.0437164,VDD_SOC,1771.2,,
1780555191.0437164,,,cpu-thermal,62.968
1780555191.0437164,,,gpu-thermal,63.343
1780555191.0437164,,,soc0-thermal,61.093
1780555191.0437164,,,soc1-thermal,60.531
1780555191.0437164,,,soc2-thermal,61.156
1780555191.0437164,,,tj-thermal,63.343
1780555191.149771,VDD_IN,7293.44,,
1780555191.149771,VDD_CPU_GPU_CV,2593.536,,
1780555191.149771,VDD_SOC,1771.2,,
1780555191.149771,,,cpu-thermal,62.656
1780555191.149771,,,gpu-thermal,63.25
1780555191.149771,,,soc0-thermal,61.156
1780555191.149771,,,soc1-thermal,60.531
1780555191.149771,,,soc2-thermal,61.156
1780555191.149771,,,tj-thermal,63.25
1780555191.2555497,VDD_IN,7281.6,,
1780555191.2555497,VDD_CPU_GPU_CV,2593.536,,
1780555191.2555497,VDD_SOC,1771.2,,
1780555191.2555497,,,cpu-thermal,62.906
1780555191.2555497,,,gpu-thermal,63.218
1780555191.2555497,,,soc0-thermal,61.125
1780555191.2555497,,,soc1-thermal,60.656
1780555191.2555497,,,soc2-thermal,61.156
1780555191.2555497,,,tj-thermal,63.218
1780555191.3614259,VDD_IN,7242.24,,
1780555191.3614259,VDD_CPU_GPU_CV,2554.24,,
1780555191.3614259,VDD_SOC,1771.2,,
1780555191.3614259,,,cpu-thermal,62.875
1780555191.3614259,,,gpu-thermal,63.468
1780555191.3614259,,,soc0-thermal,61.25
1780555191.3614259,,,soc1-thermal,60.375
1780555191.3614259,,,soc2-thermal,61.312
1780555191.3614259,,,tj-thermal,63.468
1780555191.4672763,VDD_IN,7242.24,,
1780555191.4672763,VDD_CPU_GPU_CV,2554.24,,
1780555191.4672763,VDD_SOC,1771.2,,
1780555191.4672763,,,cpu-thermal,63.031
1780555191.4672763,,,gpu-thermal,63.343
1780555191.4672763,,,soc0-thermal,61.093
1780555191.4672763,,,soc1-thermal,60.468
1780555191.4672763,,,soc2-thermal,61.156
1780555191.4672763,,,tj-thermal,63.343
1780555191.5731497,VDD_IN,7242.24,,
1780555191.5731497,VDD_CPU_GPU_CV,2554.24,,
1780555191.5731497,VDD_SOC,1771.2,,
1780555191.5731497,,,cpu-thermal,62.75
1780555191.5731497,,,gpu-thermal,63.125
1780555191.5731497,,,soc0-thermal,61.218
1780555191.5731497,,,soc1-thermal,60.656
1780555191.5731497,,,soc2-thermal,61.218
1780555191.5731497,,,tj-thermal,63.343
1780555191.6793664,VDD_IN,7242.24,,
1780555191.6793664,VDD_CPU_GPU_CV,2554.24,,
1780555191.6793664,VDD_SOC,1771.2,,
1780555191.6793664,,,cpu-thermal,62.812
1780555191.6793664,,,gpu-thermal,63.5
1780555191.6793664,,,soc0-thermal,61.312
1780555191.6793664,,,soc1-thermal,60.468
1780555191.6793664,,,soc2-thermal,61.281
1780555191.6793664,,,tj-thermal,63.156
1780555191.785011,VDD_IN,7202.88,,
1780555191.785011,VDD_CPU_GPU_CV,2554.24,,
1780555191.785011,VDD_SOC,1771.2,,
1780555191.785011,,,cpu-thermal,62.687
1780555191.785011,,,gpu-thermal,63.375
1780555191.785011,,,soc0-thermal,61.156
1780555191.785011,,,soc1-thermal,60.468
1780555191.785011,,,soc2-thermal,61.25
1780555191.785011,,,tj-thermal,63.375
1780555191.8907378,VDD_IN,7281.6,,
1780555191.8907378,VDD_CPU_GPU_CV,2593.536,,
1780555191.8907378,VDD_SOC,1771.2,,
1780555191.8907378,,,cpu-thermal,62.718
1780555191.8907378,,,gpu-thermal,63.312
1780555191.8907378,,,soc0-thermal,61.218
1780555191.8907378,,,soc1-thermal,60.5
1780555191.8907378,,,soc2-thermal,61.187
1780555191.8907378,,,tj-thermal,63.312
1780555191.9962614,VDD_IN,7332.864,,
1780555191.9962614,VDD_CPU_GPU_CV,2593.536,,
1780555191.9962614,VDD_SOC,1810.56,,
1780555191.9962614,,,cpu-thermal,62.781
1780555191.9962614,,,gpu-thermal,63.343
1780555191.9962614,,,soc0-thermal,61.156
1780555191.9962614,,,soc1-thermal,60.687
1780555191.9962614,,,soc2-thermal,61.187
1780555191.9962614,,,tj-thermal,63.343
1780555192.1019566,VDD_IN,7293.44,,
1780555192.1019566,VDD_CPU_GPU_CV,2593.536,,
1780555192.1019566,VDD_SOC,1771.2,,
1780555192.1019566,,,cpu-thermal,62.718
1780555192.1019566,,,gpu-thermal,63.218
1780555192.1019566,,,soc0-thermal,61.343
1780555192.1019566,,,soc1-thermal,60.5
1780555192.1019566,,,soc2-thermal,61.343
1780555192.1019566,,,tj-thermal,63.218
1780555192.208062,VDD_IN,7281.6,,
1780555192.208062,VDD_CPU_GPU_CV,2593.536,,
1780555192.208062,VDD_SOC,1771.2,,
1780555192.208062,,,cpu-thermal,62.718
1780555192.208062,,,gpu-thermal,63.312
1780555192.208062,,,soc0-thermal,61.218
1780555192.208062,,,soc1-thermal,60.531
1780555192.208062,,,soc2-thermal,61.25
1780555192.208062,,,tj-thermal,63.531
1780555192.314497,VDD_IN,7202.88,,
1780555192.314497,VDD_CPU_GPU_CV,2554.24,,
1780555192.314497,VDD_SOC,1771.2,,
1780555192.314497,,,cpu-thermal,62.718
1780555192.314497,,,gpu-thermal,63.312
1780555192.314497,,,soc0-thermal,61.25
1780555192.314497,,,soc1-thermal,60.562
1780555192.314497,,,soc2-thermal,61.218
1780555192.314497,,,tj-thermal,63.406
1780555192.4201384,VDD_IN,7202.88,,
1780555192.4201384,VDD_CPU_GPU_CV,2554.24,,
1780555192.4201384,VDD_SOC,1771.2,,
1780555192.4201384,,,cpu-thermal,63.0
1780555192.4201384,,,gpu-thermal,63.312
1780555192.4201384,,,soc0-thermal,61.312
1780555192.4201384,,,soc1-thermal,60.468
1780555192.4201384,,,soc2-thermal,61.312
1780555192.4201384,,,tj-thermal,63.343
1780555192.5268235,VDD_IN,7202.88,,
1780555192.5268235,VDD_CPU_GPU_CV,2554.24,,
1780555192.5268235,VDD_SOC,1771.2,,
1780555192.5268235,,,cpu-thermal,63.062
1780555192.5268235,,,gpu-thermal,63.531
1780555192.5268235,,,soc0-thermal,61.218
1780555192.5268235,,,soc1-thermal,60.5
1780555192.5268235,,,soc2-thermal,61.218
1780555192.5268235,,,tj-thermal,63.343
1780555192.6327028,VDD_IN,7202.88,,
1780555192.6327028,VDD_CPU_GPU_CV,2554.24,,
1780555192.6327028,VDD_SOC,1771.2,,
1780555192.6327028,,,cpu-thermal,62.75
1780555192.6327028,,,gpu-thermal,63.406
1780555192.6327028,,,soc0-thermal,61.187
1780555192.6327028,,,soc1-thermal,60.593
1780555192.6327028,,,soc2-thermal,61.187
1780555192.6327028,,,tj-thermal,63.25
1780555192.7389846,VDD_IN,7202.88,,
1780555192.7389846,VDD_CPU_GPU_CV,2554.24,,
1780555192.7389846,VDD_SOC,1771.2,,
1780555192.7389846,,,cpu-thermal,62.906
1780555192.7389846,,,gpu-thermal,63.343
1780555192.7389846,,,soc0-thermal,61.312
1780555192.7389846,,,soc1-thermal,60.75
1780555192.7389846,,,soc2-thermal,61.343
1780555192.7389846,,,tj-thermal,63.343
1780555192.8449836,VDD_IN,7281.6,,
1780555192.8449836,VDD_CPU_GPU_CV,2593.536,,
1780555192.8449836,VDD_SOC,1771.2,,
1780555192.8449836,,,cpu-thermal,62.937
1780555192.8449836,,,gpu-thermal,63.343
1780555192.8449836,,,soc0-thermal,61.125
1780555192.8449836,,,soc1-thermal,60.5
1780555192.8449836,,,soc2-thermal,61.281
1780555192.8449836,,,tj-thermal,63.343
1780555192.950485,VDD_IN,7320.96,,
1780555192.950485,VDD_CPU_GPU_CV,2593.536,,
1780555192.950485,VDD_SOC,1771.2,,
1780555192.950485,,,cpu-thermal,63.0
1780555192.950485,,,gpu-thermal,63.343
1780555192.950485,,,soc0-thermal,61.187
1780555192.950485,,,soc1-thermal,60.625
1780555192.950485,,,soc2-thermal,61.218
1780555192.950485,,,tj-thermal,63.343
1780555193.0564873,VDD_IN,7332.864,,
1780555193.0564873,VDD_CPU_GPU_CV,2632.832,,
1780555193.0564873,VDD_SOC,1771.2,,
1780555193.0564873,,,cpu-thermal,62.875
1780555193.0564873,,,gpu-thermal,63.625
1780555193.0564873,,,soc0-thermal,61.218
1780555193.0564873,,,soc1-thermal,60.718
1780555193.0564873,,,soc2-thermal,61.281
1780555193.0564873,,,tj-thermal,63.625
1780555193.1621566,VDD_IN,7281.6,,
1780555193.1621566,VDD_CPU_GPU_CV,2593.536,,
1780555193.1621566,VDD_SOC,1771.2,,
1780555193.1621566,,,cpu-thermal,62.843
1780555193.1621566,,,gpu-thermal,63.375
1780555193.1621566,,,soc0-thermal,61.343
1780555193.1621566,,,soc1-thermal,60.562
1780555193.1621566,,,soc2-thermal,61.375
1780555193.1621566,,,tj-thermal,63.375
1780555193.2678618,VDD_IN,7281.6,,
1780555193.2678618,VDD_CPU_GPU_CV,2593.536,,
1780555193.2678618,VDD_SOC,1771.2,,
1780555193.2678618,,,cpu-thermal,63.0
1780555193.2678618,,,gpu-thermal,63.25
1780555193.2678618,,,soc0-thermal,61.218
1780555193.2678618,,,soc1-thermal,60.593
1780555193.2678618,,,soc2-thermal,61.25
1780555193.2678618,,,tj-thermal,63.437
1780555193.3734007,VDD_IN,7281.6,,
1780555193.3734007,VDD_CPU_GPU_CV,2593.536,,
1780555193.3734007,VDD_SOC,1771.2,,
1780555193.3734007,,,cpu-thermal,62.875
1780555193.3734007,,,gpu-thermal,63.625
1780555193.3734007,,,soc0-thermal,61.281
1780555193.3734007,,,soc1-thermal,60.718
1780555193.3734007,,,soc2-thermal,61.343
1780555193.3734007,,,tj-thermal,63.625
1780555193.47944,VDD_IN,7242.24,,
1780555193.47944,VDD_CPU_GPU_CV,2554.24,,
1780555193.47944,VDD_SOC,1771.2,,
1780555193.47944,,,cpu-thermal,62.875
1780555193.47944,,,gpu-thermal,63.5
1780555193.47944,,,soc0-thermal,61.437
1780555193.47944,,,soc1-thermal,60.656
1780555193.47944,,,soc2-thermal,61.25
1780555193.47944,,,tj-thermal,63.5
1780555193.58505,VDD_IN,7242.24,,
1780555193.58505,VDD_CPU_GPU_CV,2554.24,,
1780555193.58505,VDD_SOC,1771.2,,
1780555193.58505,,,cpu-thermal,62.843
1780555193.58505,,,gpu-thermal,63.343
1780555193.58505,,,soc0-thermal,61.187
1780555193.58505,,,soc1-thermal,60.531
1780555193.58505,,,soc2-thermal,61.406
1780555193.58505,,,tj-thermal,63.343
1780555193.690732,VDD_IN,7242.24,,
1780555193.690732,VDD_CPU_GPU_CV,2554.24,,
1780555193.690732,VDD_SOC,1771.2,,
1780555193.690732,,,cpu-thermal,62.843
1780555193.690732,,,gpu-thermal,63.343
1780555193.690732,,,soc0-thermal,61.218
1780555193.690732,,,soc1-thermal,60.5
1780555193.690732,,,soc2-thermal,61.375
1780555193.690732,,,tj-thermal,63.343
1780555193.7965264,VDD_IN,7242.24,,
1780555193.7965264,VDD_CPU_GPU_CV,2554.24,,
1780555193.7965264,VDD_SOC,1771.2,,
1780555193.7965264,,,cpu-thermal,62.875
1780555193.7965264,,,gpu-thermal,63.531
1780555193.7965264,,,soc0-thermal,61.312
1780555193.7965264,,,soc1-thermal,60.718
1780555193.7965264,,,soc2-thermal,61.25
1780555193.7965264,,,tj-thermal,63.343
1780555193.9028714,VDD_IN,7293.44,,
1780555193.9028714,VDD_CPU_GPU_CV,2593.536,,
1780555193.9028714,VDD_SOC,1771.2,,
1780555193.9028714,,,cpu-thermal,63.093
1780555193.9028714,,,gpu-thermal,63.312
1780555193.9028714,,,soc0-thermal,61.343
1780555193.9028714,,,soc1-thermal,60.562
1780555193.9028714,,,soc2-thermal,61.281
1780555193.9028714,,,tj-thermal,63.312
1780555194.0088954,VDD_IN,7332.864,,
1780555194.0088954,VDD_CPU_GPU_CV,2632.832,,
1780555194.0088954,VDD_SOC,1771.2,,
1780555194.0088954,,,cpu-thermal,63.156
1780555194.0088954,,,gpu-thermal,63.375
1780555194.0088954,,,soc0-thermal,61.281
1780555194.0088954,,,soc1-thermal,60.593
1780555194.0088954,,,soc2-thermal,61.312
1780555194.0088954,,,tj-thermal,63.531
1780555194.1145203,VDD_IN,7293.44,,
1780555194.1145203,VDD_CPU_GPU_CV,2593.536,,
1780555194.1145203,VDD_SOC,1771.2,,
1780555194.1145203,,,cpu-thermal,62.812
1780555194.1145203,,,gpu-thermal,63.343
1780555194.1145203,,,soc0-thermal,61.25
1780555194.1145203,,,soc1-thermal,60.687
1780555194.1145203,,,soc2-thermal,61.312
1780555194.1145203,,,tj-thermal,63.343
1780555194.2202113,VDD_IN,7293.44,,
1780555194.2202113,VDD_CPU_GPU_CV,2593.536,,
1780555194.2202113,VDD_SOC,1771.2,,
1780555194.2202113,,,cpu-thermal,63.125
1780555194.2202113,,,gpu-thermal,63.343
1780555194.2202113,,,soc0-thermal,61.343
1780555194.2202113,,,soc1-thermal,60.687
1780555194.2202113,,,soc2-thermal,61.406
1780555194.2202113,,,tj-thermal,63.343
1780555194.3261828,VDD_IN,7281.6,,
1780555194.3261828,VDD_CPU_GPU_CV,2593.536,,
1780555194.3261828,VDD_SOC,1771.2,,
1780555194.3261828,,,cpu-thermal,63.093
1780555194.3261828,,,gpu-thermal,63.5
1780555194.3261828,,,soc0-thermal,61.437
1780555194.3261828,,,soc1-thermal,60.562
1780555194.3261828,,,soc2-thermal,61.5
1780555194.3261828,,,tj-thermal,63.5
1780555194.431995,VDD_IN,7281.6,,
1780555194.431995,VDD_CPU_GPU_CV,2593.536,,
1780555194.431995,VDD_SOC,1771.2,,
1780555194.431995,,,cpu-thermal,63.156
1780555194.431995,,,gpu-thermal,63.468
1780555194.431995,,,soc0-thermal,61.312
1780555194.431995,,,soc1-thermal,60.625
1780555194.431995,,,soc2-thermal,61.375
1780555194.431995,,,tj-thermal,63.468
1780555194.5377927,VDD_IN,7242.24,,
1780555194.5377927,VDD_CPU_GPU_CV,2554.24,,
1780555194.5377927,VDD_SOC,1771.2,,
1780555194.5377927,,,cpu-thermal,62.906
1780555194.5377927,,,gpu-thermal,63.343
1780555194.5377927,,,soc0-thermal,61.25
1780555194.5377927,,,soc1-thermal,60.781
1780555194.5377927,,,soc2-thermal,61.406
1780555194.5377927,,,tj-thermal,63.343
1780555194.6442275,VDD_IN,7242.24,,
1780555194.6442275,VDD_CPU_GPU_CV,2554.24,,
1780555194.6442275,VDD_SOC,1771.2,,
1780555194.6442275,,,cpu-thermal,63.031
1780555194.6442275,,,gpu-thermal,63.562
1780555194.6442275,,,soc0-thermal,61.437
1780555194.6442275,,,soc1-thermal,60.625
1780555194.6442275,,,soc2-thermal,61.5
1780555194.6442275,,,tj-thermal,63.343
1780555194.7499099,VDD_IN,7202.88,,
1780555194.7499099,VDD_CPU_GPU_CV,2554.24,,
1780555194.7499099,VDD_SOC,1771.2,,
1780555194.7499099,,,cpu-thermal,63.125
1780555194.7499099,,,gpu-thermal,63.406
1780555194.7499099,,,soc0-thermal,61.218
1780555194.7499099,,,soc1-thermal,60.687
1780555194.7499099,,,soc2-thermal,61.312
1780555194.7499099,,,tj-thermal,63.312
1780555194.8562305,VDD_IN,7281.6,,
1780555194.8562305,VDD_CPU_GPU_CV,2593.536,,
1780555194.8562305,VDD_SOC,1771.2,,
1780555194.8562305,,,cpu-thermal,62.968
1780555194.8562305,,,gpu-thermal,63.375
1780555194.8562305,,,soc0-thermal,61.343
1780555194.8562305,,,soc1-thermal,60.625
1780555194.8562305,,,soc2-thermal,61.312
1780555194.8562305,,,tj-thermal,63.656
1780555194.9622152,VDD_IN,7332.864,,
1780555194.9622152,VDD_CPU_GPU_CV,2593.536,,
1780555194.9622152,VDD_SOC,1771.2,,
1780555194.9622152,,,cpu-thermal,62.968
1780555194.9622152,,,gpu-thermal,63.375
1780555194.9622152,,,soc0-thermal,61.375
1780555194.9622152,,,soc1-thermal,60.812
1780555194.9622152,,,soc2-thermal,61.406
1780555194.9622152,,,tj-thermal,63.375
1780555195.0676188,VDD_IN,7332.864,,
1780555195.0676188,VDD_CPU_GPU_CV,2593.536,,
1780555195.0676188,VDD_SOC,1771.2,,
1780555195.0676188,,,cpu-thermal,63.0
1780555195.0676188,,,gpu-thermal,63.343
1780555195.0676188,,,soc0-thermal,61.437
1780555195.0676188,,,soc1-thermal,60.625
1780555195.0676188,,,soc2-thermal,61.5
1780555195.0676188,,,tj-thermal,63.343
1780555195.1732974,VDD_IN,7281.6,,
1780555195.1732974,VDD_CPU_GPU_CV,2593.536,,
1780555195.1732974,VDD_SOC,1771.2,,
1780555195.1732974,,,cpu-thermal,62.906
1780555195.1732974,,,gpu-thermal,63.625
1780555195.1732974,,,soc0-thermal,61.281
1780555195.1732974,,,soc1-thermal,60.625
1780555195.1732974,,,soc2-thermal,61.437
1780555195.1732974,,,tj-thermal,63.625
1780555195.2789266,VDD_IN,7281.6,,
1780555195.2789266,VDD_CPU_GPU_CV,2593.536,,
1780555195.2789266,VDD_SOC,1771.2,,
1780555195.2789266,,,cpu-thermal,62.906
1780555195.2789266,,,gpu-thermal,63.468
1780555195.2789266,,,soc0-thermal,61.312
1780555195.2789266,,,soc1-thermal,60.75
1780555195.2789266,,,soc2-thermal,61.343
1780555195.2789266,,,tj-thermal,63.468
1780555195.3845527,VDD_IN,7281.6,,
1780555195.3845527,VDD_CPU_GPU_CV,2593.536,,
1780555195.3845527,VDD_SOC,1771.2,,
1780555195.3845527,,,cpu-thermal,62.937
1780555195.3845527,,,gpu-thermal,63.312
1780555195.3845527,,,soc0-thermal,61.375
1780555195.3845527,,,soc1-thermal,60.625
1780555195.3845527,,,soc2-thermal,61.437
1780555195.3845527,,,tj-thermal,63.437
1780555195.4907212,VDD_IN,7242.24,,
1780555195.4907212,VDD_CPU_GPU_CV,2554.24,,
1780555195.4907212,VDD_SOC,1771.2,,
1780555195.4907212,,,cpu-thermal,62.937
1780555195.4907212,,,gpu-thermal,63.625
1780555195.4907212,,,soc0-thermal,61.25
1780555195.4907212,,,soc1-thermal,60.625
1780555195.4907212,,,soc2-thermal,61.406
1780555195.4907212,,,tj-thermal,63.375
1780555195.5967977,VDD_IN,7242.24,,
1780555195.5967977,VDD_CPU_GPU_CV,2554.24,,
1780555195.5967977,VDD_SOC,1771.2,,
1780555195.5967977,,,cpu-thermal,62.875
1780555195.5967977,,,gpu-thermal,63.468
1780555195.5967977,,,soc0-thermal,61.343
1780555195.5967977,,,soc1-thermal,60.781
1780555195.5967977,,,soc2-thermal,61.406
1780555195.5967977,,,tj-thermal,63.343
1780555195.702581,VDD_IN,7202.88,,
1780555195.702581,VDD_CPU_GPU_CV,2554.24,,
1780555195.702581,VDD_SOC,1771.2,,
1780555195.702581,,,cpu-thermal,63.093
1780555195.702581,,,gpu-thermal,63.468
1780555195.702581,,,soc0-thermal,61.437
1780555195.702581,,,soc1-thermal,60.812
1780555195.702581,,,soc2-thermal,61.406
1780555195.702581,,,tj-thermal,63.468
1780555195.8085961,VDD_IN,7242.24,,
1780555195.8085961,VDD_CPU_GPU_CV,2554.24,,
1780555195.8085961,VDD_SOC,1771.2,,
1780555195.8085961,,,cpu-thermal,63.125
1780555195.8085961,,,gpu-thermal,63.343
1780555195.8085961,,,soc0-thermal,61.281
1780555195.8085961,,,soc1-thermal,60.656
1780555195.8085961,,,soc2-thermal,61.468
1780555195.8085961,,,tj-thermal,63.343
1780555195.9143257,VDD_IN,7293.44,,
1780555195.9143257,VDD_CPU_GPU_CV,2593.536,,
1780555195.9143257,VDD_SOC,1771.2,,
1780555195.9143257,,,cpu-thermal,63.25
1780555195.9143257,,,gpu-thermal,63.437
1780555195.9143257,,,soc0-thermal,61.312
1780555195.9143257,,,soc1-thermal,60.718
1780555195.9143257,,,soc2-thermal,61.375
1780555195.9143257,,,tj-thermal,63.437
1780555196.0202742,VDD_IN,7332.864,,
1780555196.0202742,VDD_CPU_GPU_CV,2632.832,,
1780555196.0202742,VDD_SOC,1771.2,,
1780555196.0202742,,,cpu-thermal,63.062
1780555196.0202742,,,gpu-thermal,63.718
1780555196.0202742,,,soc0-thermal,61.343
1780555196.0202742,,,soc1-thermal,60.687
1780555196.0202742,,,soc2-thermal,61.406
1780555196.0202742,,,tj-thermal,63.718
1780555196.125894,VDD_IN,7332.864,,
1780555196.125894,VDD_CPU_GPU_CV,2593.536,,
1780555196.125894,VDD_SOC,1771.2,,
1780555196.125894,,,cpu-thermal,63.093
1780555196.125894,,,gpu-thermal,63.375
1780555196.125894,,,soc0-thermal,61.5
1780555196.125894,,,soc1-thermal,60.625
1780555196.125894,,,soc2-thermal,61.437
1780555196.125894,,,tj-thermal,63.562
1780555196.231424,VDD_IN,7281.6,,
1780555196.231424,VDD_CPU_GPU_CV,2593.536,,
1780555196.231424,VDD_SOC,1771.2,,
1780555196.231424,,,cpu-thermal,63.125
1780555196.231424,,,gpu-thermal,63.406
1780555196.231424,,,soc0-thermal,61.531
1780555196.231424,,,soc1-thermal,60.781
1780555196.231424,,,soc2-thermal,61.437
1780555196.231424,,,tj-thermal,63.406
1780555196.3370314,VDD_IN,7281.6,,
1780555196.3370314,VDD_CPU_GPU_CV,2593.536,,
1780555196.3370314,VDD_SOC,1771.2,,
1780555196.3370314,,,cpu-thermal,63.187
1780555196.3370314,,,gpu-thermal,63.687
1780555196.3370314,,,soc0-thermal,61.406
1780555196.3370314,,,soc1-thermal,60.75
1780555196.3370314,,,soc2-thermal,61.375
1780555196.3370314,,,tj-thermal,63.687
1780555196.4431143,VDD_IN,7242.24,,
1780555196.4431143,VDD_CPU_GPU_CV,2593.536,,
1780555196.4431143,VDD_SOC,1771.2,,
1780555196.4431143,,,cpu-thermal,63.031
1780555196.4431143,,,gpu-thermal,63.625
1780555196.4431143,,,soc0-thermal,61.375
1780555196.4431143,,,soc1-thermal,60.843
1780555196.4431143,,,soc2-thermal,61.468
1780555196.4431143,,,tj-thermal,63.625
1780555196.548488,VDD_IN,7242.24,,
1780555196.548488,VDD_CPU_GPU_CV,2554.24,,
1780555196.548488,VDD_SOC,1771.2,,
1780555196.548488,,,cpu-thermal,63.062
1780555196.548488,,,gpu-thermal,63.5
1780555196.548488,,,soc0-thermal,61.437
1780555196.548488,,,soc1-thermal,60.687
1780555196.548488,,,soc2-thermal,61.406
1780555196.548488,,,tj-thermal,63.5
1780555196.6539414,VDD_IN,7202.88,,
1780555196.6539414,VDD_CPU_GPU_CV,2554.24,,
1780555196.6539414,VDD_SOC,1771.2,,
1780555196.6539414,,,cpu-thermal,63.187
1780555196.6539414,,,gpu-thermal,63.625
1780555196.6539414,,,soc0-thermal,61.375
1780555196.6539414,,,soc1-thermal,60.75
1780555196.6539414,,,soc2-thermal,61.437
1780555196.6539414,,,tj-thermal,63.468
1780555196.760288,VDD_IN,7202.88,,
1780555196.760288,VDD_CPU_GPU_CV,2554.24,,
1780555196.760288,VDD_SOC,1771.2,,
1780555196.760288,,,cpu-thermal,63.0
1780555196.760288,,,gpu-thermal,63.531
1780555196.760288,,,soc0-thermal,61.343
1780555196.760288,,,soc1-thermal,60.718
1780555196.760288,,,soc2-thermal,61.406
1780555196.760288,,,tj-thermal,63.406
1780555196.8661733,VDD_IN,7242.24,,
1780555196.8661733,VDD_CPU_GPU_CV,2593.536,,
1780555196.8661733,VDD_SOC,1771.2,,
1780555196.8661733,,,cpu-thermal,63.031
1780555196.8661733,,,gpu-thermal,63.531
1780555196.8661733,,,soc0-thermal,61.5
1780555196.8661733,,,soc1-thermal,60.906
1780555196.8661733,,,soc2-thermal,61.468
1780555196.8661733,,,tj-thermal,63.531
1780555196.971606,VDD_IN,7372.288,,
1780555196.971606,VDD_CPU_GPU_CV,2632.832,,
1780555196.971606,VDD_SOC,1771.2,,
1780555196.971606,,,cpu-thermal,63.093
1780555196.971606,,,gpu-thermal,63.437
1780555196.971606,,,soc0-thermal,61.531
1780555196.971606,,,soc1-thermal,60.718
1780555196.971606,,,soc2-thermal,61.593
1780555196.971606,,,tj-thermal,63.437
1780555197.0771468,VDD_IN,7320.96,,
1780555197.0771468,VDD_CPU_GPU_CV,2632.832,,
1780555197.0771468,VDD_SOC,1771.2,,
1780555197.0771468,,,cpu-thermal,63.0
1780555197.0771468,,,gpu-thermal,63.437
1780555197.0771468,,,soc0-thermal,61.375
1780555197.0771468,,,soc1-thermal,60.75
1780555197.0771468,,,soc2-thermal,61.5
1780555197.0771468,,,tj-thermal,63.437
1780555197.1825502,VDD_IN,7320.96,,
1780555197.1825502,VDD_CPU_GPU_CV,2593.536,,
1780555197.1825502,VDD_SOC,1771.2,,
1780555197.1825502,,,cpu-thermal,63.093
1780555197.1825502,,,gpu-thermal,63.812
1780555197.1825502,,,soc0-thermal,61.468
1780555197.1825502,,,soc1-thermal,60.843
1780555197.1825502,,,soc2-thermal,61.5
1780555197.1825502,,,tj-thermal,63.812
1780555197.2882302,VDD_IN,7281.6,,
1780555197.2882302,VDD_CPU_GPU_CV,2593.536,,
1780555197.2882302,VDD_SOC,1771.2,,
1780555197.2882302,,,cpu-thermal,63.093
1780555197.2882302,,,gpu-thermal,63.437
1780555197.2882302,,,soc0-thermal,61.406
1780555197.2882302,,,soc1-thermal,60.781
1780555197.2882302,,,soc2-thermal,61.531
1780555197.2882302,,,tj-thermal,63.625
1780555197.3946247,VDD_IN,7281.6,,
1780555197.3946247,VDD_CPU_GPU_CV,2593.536,,
1780555197.3946247,VDD_SOC,1771.2,,
1780555197.3946247,,,cpu-thermal,63.031
1780555197.3946247,,,gpu-thermal,63.437
1780555197.3946247,,,soc0-thermal,61.312
1780555197.3946247,,,soc1-thermal,60.718
1780555197.3946247,,,soc2-thermal,61.468
1780555197.3946247,,,tj-thermal,63.593
1780555197.5002851,VDD_IN,7281.6,,
1780555197.5002851,VDD_CPU_GPU_CV,2593.536,,
1780555197.5002851,VDD_SOC,1771.2,,
1780555197.5002851,,,cpu-thermal,63.062
1780555197.5002851,,,gpu-thermal,63.781
1780555197.5002851,,,soc0-thermal,61.437
1780555197.5002851,,,soc1-thermal,60.718
1780555197.5002851,,,soc2-thermal,61.468
1780555197.5002851,,,tj-thermal,63.468
1780555197.6064444,VDD_IN,7281.6,,
1780555197.6064444,VDD_CPU_GPU_CV,2593.536,,
1780555197.6064444,VDD_SOC,1771.2,,
1780555197.6064444,,,cpu-thermal,63.218
1780555197.6064444,,,gpu-thermal,63.718
1780555197.6064444,,,soc0-thermal,61.468
1780555197.6064444,,,soc1-thermal,60.843
1780555197.6064444,,,soc2-thermal,61.593
1780555197.6064444,,,tj-thermal,63.718
1780555197.7125704,VDD_IN,7242.24,,
1780555197.7125704,VDD_CPU_GPU_CV,2554.24,,
1780555197.7125704,VDD_SOC,1771.2,,
1780555197.7125704,,,cpu-thermal,63.25
1780555197.7125704,,,gpu-thermal,63.593
1780555197.7125704,,,soc0-thermal,61.437
1780555197.7125704,,,soc1-thermal,60.781
1780555197.7125704,,,soc2-thermal,61.625
1780555197.7125704,,,tj-thermal,63.593
1780555197.8184862,VDD_IN,7281.6,,
1780555197.8184862,VDD_CPU_GPU_CV,2554.24,,
1780555197.8184862,VDD_SOC,1771.2,,
1780555197.8184862,,,cpu-thermal,63.343
1780555197.8184862,,,gpu-thermal,63.531
1780555197.8184862,,,soc0-thermal,61.468
1780555197.8184862,,,soc1-thermal,60.812
1780555197.8184862,,,soc2-thermal,61.468
1780555197.8184862,,,tj-thermal,63.531
1780555197.9250965,VDD_IN,7332.864,,
1780555197.9250965,VDD_CPU_GPU_CV,2593.536,,
1780555197.9250965,VDD_SOC,1771.2,,
1780555197.9250965,,,cpu-thermal,63.093
1780555197.9250965,,,gpu-thermal,63.562
1780555197.9250965,,,soc0-thermal,61.437
1780555197.9250965,,,soc1-thermal,61.0
1780555197.9250965,,,soc2-thermal,61.437
1780555197.9250965,,,tj-thermal,63.562
1780555198.0309565,VDD_IN,7332.864,,
1780555198.0309565,VDD_CPU_GPU_CV,2632.832,,
1780555198.0309565,VDD_SOC,1771.2,,
1780555198.0309565,,,cpu-thermal,63.093
1780555198.0309565,,,gpu-thermal,63.812
1780555198.0309565,,,soc0-thermal,61.5
1780555198.0309565,,,soc1-thermal,60.75
1780555198.0309565,,,soc2-thermal,61.531
1780555198.0309565,,,tj-thermal,63.812
1780555198.1365182,VDD_IN,7320.96,,
1780555198.1365182,VDD_CPU_GPU_CV,2593.536,,
1780555198.1365182,VDD_SOC,1771.2,,
1780555198.1365182,,,cpu-thermal,63.187
1780555198.1365182,,,gpu-thermal,63.687
1780555198.1365182,,,soc0-thermal,61.375
1780555198.1365182,,,soc1-thermal,60.843
1780555198.1365182,,,soc2-thermal,61.437
1780555198.1365182,,,tj-thermal,63.687
1780555198.2429163,VDD_IN,7320.96,,
1780555198.2429163,VDD_CPU_GPU_CV,2593.536,,
1780555198.2429163,VDD_SOC,1771.2,,
1780555198.2429163,,,cpu-thermal,63.187
1780555198.2429163,,,gpu-thermal,63.656
1780555198.2429163,,,soc0-thermal,61.531
1780555198.2429163,,,soc1-thermal,60.843
1780555198.2429163,,,soc2-thermal,61.5
1780555198.2429163,,,tj-thermal,63.656
1780555198.3484309,VDD_IN,7320.96,,
1780555198.3484309,VDD_CPU_GPU_CV,2593.536,,
1780555198.3484309,VDD_SOC,1771.2,,
1780555198.3484309,,,cpu-thermal,63.093
1780555198.3484309,,,gpu-thermal,63.781
1780555198.3484309,,,soc0-thermal,61.531
1780555198.3484309,,,soc1-thermal,61.0
1780555198.3484309,,,soc2-thermal,61.625
1780555198.3484309,,,tj-thermal,63.593
1780555198.454562,VDD_IN,7281.6,,
1780555198.454562,VDD_CPU_GPU_CV,2593.536,,
1780555198.454562,VDD_SOC,1771.2,,
1780555198.454562,,,cpu-thermal,63.062
1780555198.454562,,,gpu-thermal,63.656
1780555198.454562,,,soc0-thermal,61.406
1780555198.454562,,,soc1-thermal,60.75
1780555198.454562,,,soc2-thermal,61.5
1780555198.454562,,,tj-thermal,63.468
1780555198.5608068,VDD_IN,7281.6,,
1780555198.5608068,VDD_CPU_GPU_CV,2593.536,,
1780555198.5608068,VDD_SOC,1771.2,,
1780555198.5608068,,,cpu-thermal,63.125
1780555198.5608068,,,gpu-thermal,63.593
1780555198.5608068,,,soc0-thermal,61.562
1780555198.5608068,,,soc1-thermal,60.843
1780555198.5608068,,,soc2-thermal,61.5
1780555198.5608068,,,tj-thermal,63.593
1780555198.666271,VDD_IN,7281.6,,
1780555198.666271,VDD_CPU_GPU_CV,2593.536,,
1780555198.666271,VDD_SOC,1771.2,,
1780555198.666271,,,cpu-thermal,63.187
1780555198.666271,,,gpu-thermal,63.562
1780555198.666271,,,soc0-thermal,61.468
1780555198.666271,,,soc1-thermal,60.937
1780555198.666271,,,soc2-thermal,61.625
1780555198.666271,,,tj-thermal,63.562
1780555198.7724981,VDD_IN,7281.6,,
1780555198.7724981,VDD_CPU_GPU_CV,2593.536,,
1780555198.7724981,VDD_SOC,1771.2,,
1780555198.7724981,,,cpu-thermal,63.406
1780555198.7724981,,,gpu-thermal,63.562
1780555198.7724981,,,soc0-thermal,61.687
1780555198.7724981,,,soc1-thermal,60.781
1780555198.7724981,,,soc2-thermal,61.656
1780555198.7724981,,,tj-thermal,63.562
1780555198.8782244,VDD_IN,7320.96,,
1780555198.8782244,VDD_CPU_GPU_CV,2632.832,,
1780555198.8782244,VDD_SOC,1771.2,,
1780555198.8782244,,,cpu-thermal,63.093
1780555198.8782244,,,gpu-thermal,63.906
1780555198.8782244,,,soc0-thermal,61.531
1780555198.8782244,,,soc1-thermal,60.75
1780555198.8782244,,,soc2-thermal,61.531
1780555198.8782244,,,tj-thermal,63.906
1780555198.9835923,VDD_IN,7372.288,,
1780555198.9835923,VDD_CPU_GPU_CV,2632.832,,
1780555198.9835923,VDD_SOC,1771.2,,
1780555198.9835923,,,cpu-thermal,63.031
1780555198.9835923,,,gpu-thermal,63.625
1780555198.9835923,,,soc0-thermal,61.562
1780555198.9835923,,,soc1-thermal,60.843
1780555198.9835923,,,soc2-thermal,61.531
1780555198.9835923,,,tj-thermal,63.843
1780555199.0890398,VDD_IN,7320.96,,
1780555199.0890398,VDD_CPU_GPU_CV,2632.832,,
1780555199.0890398,VDD_SOC,1771.2,,
1780555199.0890398,,,cpu-thermal,63.062
1780555199.0890398,,,gpu-thermal,63.531
1780555199.0890398,,,soc0-thermal,61.593
1780555199.0890398,,,soc1-thermal,60.937
1780555199.0890398,,,soc2-thermal,61.531
1780555199.0890398,,,tj-thermal,63.781
1780555199.194827,VDD_IN,7320.96,,
1780555199.194827,VDD_CPU_GPU_CV,2593.536,,
1780555199.194827,VDD_SOC,1771.2,,
1780555199.194827,,,cpu-thermal,63.406
1780555199.194827,,,gpu-thermal,63.843
1780555199.194827,,,soc0-thermal,61.656
1780555199.194827,,,soc1-thermal,60.812
1780555199.194827,,,soc2-thermal,61.625
1780555199.194827,,,tj-thermal,63.843
1780555199.3005447,VDD_IN,7281.6,,
1780555199.3005447,VDD_CPU_GPU_CV,2593.536,,
1780555199.3005447,VDD_SOC,1771.2,,
1780555199.3005447,,,cpu-thermal,63.031
1780555199.3005447,,,gpu-thermal,63.75
1780555199.3005447,,,soc0-thermal,61.531
1780555199.3005447,,,soc1-thermal,60.812
1780555199.3005447,,,soc2-thermal,61.562
1780555199.3005447,,,tj-thermal,63.75
1780555199.4063153,VDD_IN,7281.6,,
1780555199.4063153,VDD_CPU_GPU_CV,2593.536,,
1780555199.4063153,VDD_SOC,1771.2,,
1780555199.4063153,,,cpu-thermal,63.156
1780555199.4063153,,,gpu-thermal,63.718
1780555199.4063153,,,soc0-thermal,61.656
1780555199.4063153,,,soc1-thermal,60.937
1780555199.4063153,,,soc2-thermal,61.562
1780555199.4063153,,,tj-thermal,63.718
1780555199.5122178,VDD_IN,7281.6,,
1780555199.5122178,VDD_CPU_GPU_CV,2593.536,,
1780555199.5122178,VDD_SOC,1771.2,,
1780555199.5122178,,,cpu-thermal,63.25
1780555199.5122178,,,gpu-thermal,63.593
1780555199.5122178,,,soc0-thermal,61.625
1780555199.5122178,,,soc1-thermal,60.875
1780555199.5122178,,,soc2-thermal,61.75
1780555199.5122178,,,tj-thermal,63.593
1780555199.6185486,VDD_IN,7281.6,,
1780555199.6185486,VDD_CPU_GPU_CV,2554.24,,
1780555199.6185486,VDD_SOC,1771.2,,
1780555199.6185486,,,cpu-thermal,63.218
1780555199.6185486,,,gpu-thermal,63.562
1780555199.6185486,,,soc0-thermal,61.5
1780555199.6185486,,,soc1-thermal,60.843
1780555199.6185486,,,soc2-thermal,61.531
1780555199.6185486,,,tj-thermal,63.562
1780555199.72451,VDD_IN,7281.6,,
1780555199.72451,VDD_CPU_GPU_CV,2593.536,,
1780555199.72451,VDD_SOC,1771.2,,
1780555199.72451,,,cpu-thermal,63.187
1780555199.72451,,,gpu-thermal,63.5
1780555199.72451,,,soc0-thermal,61.562
1780555199.72451,,,soc1-thermal,60.875
1780555199.72451,,,soc2-thermal,61.531
1780555199.72451,,,tj-thermal,63.5
1780555199.8304965,VDD_IN,7281.6,,
1780555199.8304965,VDD_CPU_GPU_CV,2593.536,,
1780555199.8304965,VDD_SOC,1771.2,,
1780555199.8304965,,,cpu-thermal,63.187
1780555199.8304965,,,gpu-thermal,63.625
1780555199.8304965,,,soc0-thermal,61.625
1780555199.8304965,,,soc1-thermal,60.968
1780555199.8304965,,,soc2-thermal,61.687
1780555199.8304965,,,tj-thermal,63.812
1780555199.9366539,VDD_IN,7332.864,,
1780555199.9366539,VDD_CPU_GPU_CV,2593.536,,
1780555199.9366539,VDD_SOC,1771.2,,
1780555199.9366539,,,cpu-thermal,63.156
1780555199.9366539,,,gpu-thermal,63.625
1780555199.9366539,,,soc0-thermal,61.593
1780555199.9366539,,,soc1-thermal,60.843
1780555199.9366539,,,soc2-thermal,61.625
1780555199.9366539,,,tj-thermal,63.656
1780555200.0422986,VDD_IN,7372.288,,
1780555200.0422986,VDD_CPU_GPU_CV,2593.536,,
1780555200.0422986,VDD_SOC,1771.2,,
1780555200.0422986,,,cpu-thermal,63.187
1780555200.0422986,,,gpu-thermal,63.5
1780555200.0422986,,,soc0-thermal,61.5
1780555200.0422986,,,soc1-thermal,60.937
1780555200.0422986,,,soc2-thermal,61.531
1780555200.0422986,,,tj-thermal,63.5
1780555200.1479032,VDD_IN,7332.864,,
1780555200.1479032,VDD_CPU_GPU_CV,2593.536,,
1780555200.1479032,VDD_SOC,1771.2,,
1780555200.1479032,,,cpu-thermal,63.125
1780555200.1479032,,,gpu-thermal,63.843
1780555200.1479032,,,soc0-thermal,61.625
1780555200.1479032,,,soc1-thermal,60.968
1780555200.1479032,,,soc2-thermal,61.562
1780555200.1479032,,,tj-thermal,63.843
1780555200.2536948,VDD_IN,7293.44,,
1780555200.2536948,VDD_CPU_GPU_CV,2554.24,,
1780555200.2536948,VDD_SOC,1771.2,,
1780555200.2536948,,,cpu-thermal,63.218
1780555200.2536948,,,gpu-thermal,63.718
1780555200.2536948,,,soc0-thermal,61.656
1780555200.2536948,,,soc1-thermal,60.843
1780555200.2536948,,,soc2-thermal,61.656
1780555200.2536948,,,tj-thermal,63.718
1780555200.3597486,VDD_IN,7281.6,,
1780555200.3597486,VDD_CPU_GPU_CV,2554.24,,
1780555200.3597486,VDD_SOC,1771.2,,
1780555200.3597486,,,cpu-thermal,63.125
1780555200.3597486,,,gpu-thermal,63.562
1780555200.3597486,,,soc0-thermal,61.562
1780555200.3597486,,,soc1-thermal,60.937
1780555200.3597486,,,soc2-thermal,61.593
1780555200.3597486,,,tj-thermal,63.562
1780555200.4654183,VDD_IN,7242.24,,
1780555200.4654183,VDD_CPU_GPU_CV,2554.24,,
1780555200.4654183,VDD_SOC,1771.2,,
1780555200.4654183,,,cpu-thermal,63.093
1780555200.4654183,,,gpu-thermal,63.812
1780555200.4654183,,,soc0-thermal,61.593
1780555200.4654183,,,soc1-thermal,60.906
1780555200.4654183,,,soc2-thermal,61.625
1780555200.4654183,,,tj-thermal,63.625
1780555200.5714371,VDD_IN,7202.88,,
1780555200.5714371,VDD_CPU_GPU_CV,2554.24,,
1780555200.5714371,VDD_SOC,1771.2,,
1780555200.5714371,,,cpu-thermal,63.125
1780555200.5714371,,,gpu-thermal,63.687
1780555200.5714371,,,soc0-thermal,61.625
1780555200.5714371,,,soc1-thermal,61.062
1780555200.5714371,,,soc2-thermal,61.718
1780555200.5714371,,,tj-thermal,63.562
1780555200.6778214,VDD_IN,7202.88,,
1780555200.6778214,VDD_CPU_GPU_CV,2514.944,,
1780555200.6778214,VDD_SOC,1771.2,,
1780555200.6778214,,,cpu-thermal,63.375
1780555200.6778214,,,gpu-thermal,63.625
1780555200.6778214,,,soc0-thermal,61.687
1780555200.6778214,,,soc1-thermal,60.968
1780555200.6778214,,,soc2-thermal,61.718
1780555200.6778214,,,tj-thermal,63.843
1780555200.7834344,VDD_IN,7163.52,,
1780555200.7834344,VDD_CPU_GPU_CV,2514.944,,
1780555200.7834344,VDD_SOC,1771.2,,
1780555200.7834344,,,cpu-thermal,63.125
1780555200.7834344,,,gpu-thermal,63.625
1780555200.7834344,,,soc0-thermal,61.656
1780555200.7834344,,,soc1-thermal,60.937
1780555200.7834344,,,soc2-thermal,61.593
1780555200.7834344,,,tj-thermal,63.625
1780555200.88899,VDD_IN,7254.016,,
1780555200.88899,VDD_CPU_GPU_CV,2554.24,,
1780555200.88899,VDD_SOC,1771.2,,
1780555200.88899,,,cpu-thermal,63.093
1780555200.88899,,,gpu-thermal,63.625
1780555200.88899,,,soc0-thermal,61.531
1780555200.88899,,,soc1-thermal,61.031
1780555200.88899,,,soc2-thermal,61.656
1780555200.88899,,,tj-thermal,63.625
1780555200.9945643,VDD_IN,7332.864,,
1780555200.9945643,VDD_CPU_GPU_CV,2593.536,,
1780555200.9945643,VDD_SOC,1771.2,,
1780555200.9945643,,,cpu-thermal,63.281
1780555200.9945643,,,gpu-thermal,63.875
1780555200.9945643,,,soc0-thermal,61.718
1780555200.9945643,,,soc1-thermal,61.093
1780555200.9945643,,,soc2-thermal,61.687
1780555200.9945643,,,tj-thermal,63.875
1780555201.0999496,VDD_IN,7293.44,,
1780555201.0999496,VDD_CPU_GPU_CV,2593.536,,
1780555201.0999496,VDD_SOC,1771.2,,
1780555201.0999496,,,cpu-thermal,63.406
1780555201.0999496,,,gpu-thermal,63.625
1780555201.0999496,,,soc0-thermal,61.562
1780555201.0999496,,,soc1-thermal,60.875
1780555201.0999496,,,soc2-thermal,61.718
1780555201.0999496,,,tj-thermal,63.812
1780555201.2055018,VDD_IN,7293.44,,
1780555201.2055018,VDD_CPU_GPU_CV,2593.536,,
1780555201.2055018,VDD_SOC,1771.2,,
1780555201.2055018,,,cpu-thermal,63.093
1780555201.2055018,,,gpu-thermal,63.593
1780555201.2055018,,,soc0-thermal,61.625
1780555201.2055018,,,soc1-thermal,60.968
1780555201.2055018,,,soc2-thermal,61.625
1780555201.2055018,,,tj-thermal,63.718
1780555201.3112626,VDD_IN,7242.24,,
1780555201.3112626,VDD_CPU_GPU_CV,2593.536,,
1780555201.3112626,VDD_SOC,1771.2,,
1780555201.3112626,,,cpu-thermal,63.156
1780555201.3112626,,,gpu-thermal,63.812
1780555201.3112626,,,soc0-thermal,61.593
1780555201.3112626,,,soc1-thermal,61.0
1780555201.3112626,,,soc2-thermal,61.625
1780555201.3112626,,,tj-thermal,63.812
1780555201.4166634,VDD_IN,7242.24,,
1780555201.4166634,VDD_CPU_GPU_CV,2593.536,,
1780555201.4166634,VDD_SOC,1771.2,,
1780555201.4166634,,,cpu-thermal,63.312
1780555201.4166634,,,gpu-thermal,63.75
1780555201.4166634,,,soc0-thermal,61.75
1780555201.4166634,,,soc1-thermal,60.906
1780555201.4166634,,,soc2-thermal,61.75
1780555201.4166634,,,tj-thermal,63.75
1780555201.5222247,VDD_IN,7242.24,,
1780555201.5222247,VDD_CPU_GPU_CV,2593.536,,
1780555201.5222247,VDD_SOC,1771.2,,
1780555201.5222247,,,cpu-thermal,63.281
1780555201.5222247,,,gpu-thermal,63.718
1780555201.5222247,,,soc0-thermal,61.625
1780555201.5222247,,,soc1-thermal,60.968
1780555201.5222247,,,soc2-thermal,61.687
1780555201.5222247,,,tj-thermal,63.718
1780555201.628419,VDD_IN,7202.88,,
1780555201.628419,VDD_CPU_GPU_CV,2593.536,,
1780555201.628419,VDD_SOC,1771.2,,
1780555201.628419,,,cpu-thermal,63.25
1780555201.628419,,,gpu-thermal,63.593
1780555201.628419,,,soc0-thermal,61.687
1780555201.628419,,,soc1-thermal,61.0
1780555201.628419,,,soc2-thermal,61.687
1780555201.628419,,,tj-thermal,63.593
1780555201.7341168,VDD_IN,7242.24,,
1780555201.7341168,VDD_CPU_GPU_CV,2554.24,,
1780555201.7341168,VDD_SOC,1771.2,,
1780555201.7341168,,,cpu-thermal,63.25
1780555201.7341168,,,gpu-thermal,63.812
1780555201.7341168,,,soc0-thermal,61.687
1780555201.7341168,,,soc1-thermal,61.031
1780555201.7341168,,,soc2-thermal,61.75
1780555201.7341168,,,tj-thermal,63.593
1780555201.8398497,VDD_IN,7242.24,,
1780555201.8398497,VDD_CPU_GPU_CV,2593.536,,
1780555201.8398497,VDD_SOC,1771.2,,
1780555201.8398497,,,cpu-thermal,63.25
1780555201.8398497,,,gpu-thermal,63.812
1780555201.8398497,,,soc0-thermal,61.75
1780555201.8398497,,,soc1-thermal,61.0
1780555201.8398497,,,soc2-thermal,61.781
1780555201.8398497,,,tj-thermal,63.812
1780555201.9453597,VDD_IN,7332.864,,
1780555201.9453597,VDD_CPU_GPU_CV,2632.832,,
1780555201.9453597,VDD_SOC,1771.2,,
1780555201.9453597,,,cpu-thermal,63.187
1780555201.9453597,,,gpu-thermal,63.687
1780555201.9453597,,,soc0-thermal,61.687
1780555201.9453597,,,soc1-thermal,60.968
1780555201.9453597,,,soc2-thermal,61.687
1780555201.9453597,,,tj-thermal,63.687
1780555202.0510223,VDD_IN,7372.288,,
1780555202.0510223,VDD_CPU_GPU_CV,2593.536,,
1780555202.0510223,VDD_SOC,1771.2,,
1780555202.0510223,,,cpu-thermal,63.25
1780555202.0510223,,,gpu-thermal,63.562
1780555202.0510223,,,soc0-thermal,61.687
1780555202.0510223,,,soc1-thermal,61.062
1780555202.0510223,,,soc2-thermal,61.687
1780555202.0510223,,,tj-thermal,63.562
1780555202.1565914,VDD_IN,7320.96,,
1780555202.1565914,VDD_CPU_GPU_CV,2593.536,,
1780555202.1565914,VDD_SOC,1771.2,,
1780555202.1565914,,,cpu-thermal,63.218
1780555202.1565914,,,gpu-thermal,63.937
1780555202.1565914,,,soc0-thermal,61.75
1780555202.1565914,,,soc1-thermal,61.125
1780555202.1565914,,,soc2-thermal,61.718
1780555202.1565914,,,tj-thermal,63.937
1780555202.2630203,VDD_IN,7320.96,,
1780555202.2630203,VDD_CPU_GPU_CV,2593.536,,
1780555202.2630203,VDD_SOC,1771.2,,
1780555202.2630203,,,cpu-thermal,63.187
1780555202.2630203,,,gpu-thermal,63.812
1780555202.2630203,,,soc0-thermal,61.593
1780555202.2630203,,,soc1-thermal,60.968
1780555202.2630203,,,soc2-thermal,61.718
1780555202.2630203,,,tj-thermal,63.812
1780555202.3689618,VDD_IN,7320.96,,
1780555202.3689618,VDD_CPU_GPU_CV,2593.536,,
1780555202.3689618,VDD_SOC,1771.2,,
1780555202.3689618,,,cpu-thermal,63.156
1780555202.3689618,,,gpu-thermal,63.625
1780555202.3689618,,,soc0-thermal,61.593
1780555202.3689618,,,soc1-thermal,61.093
1780555202.3689618,,,soc2-thermal,61.687
1780555202.3689618,,,tj-thermal,63.687
1780555202.4750142,VDD_IN,7281.6,,
1780555202.4750142,VDD_CPU_GPU_CV,2593.536,,
1780555202.4750142,VDD_SOC,1771.2,,
1780555202.4750142,,,cpu-thermal,63.25
1780555202.4750142,,,gpu-thermal,63.906
1780555202.4750142,,,soc0-thermal,61.687
1780555202.4750142,,,soc1-thermal,61.218
1780555202.4750142,,,soc2-thermal,61.75
1780555202.4750142,,,tj-thermal,63.718
1780555202.581037,VDD_IN,7242.24,,
1780555202.581037,VDD_CPU_GPU_CV,2593.536,,
1780555202.581037,VDD_SOC,1771.2,,
1780555202.581037,,,cpu-thermal,63.468
1780555202.581037,,,gpu-thermal,63.843
1780555202.581037,,,soc0-thermal,61.656
1780555202.581037,,,soc1-thermal,60.937
1780555202.581037,,,soc2-thermal,61.781
1780555202.581037,,,tj-thermal,63.656
1780555202.6868062,VDD_IN,7242.24,,
1780555202.6868062,VDD_CPU_GPU_CV,2554.24,,
1780555202.6868062,VDD_SOC,1771.2,,
1780555202.6868062,,,cpu-thermal,63.187
1780555202.6868062,,,gpu-thermal,63.75
1780555202.6868062,,,soc0-thermal,61.687
1780555202.6868062,,,soc1-thermal,61.0
1780555202.6868062,,,soc2-thermal,61.593
1780555202.6868062,,,tj-thermal,63.75
1780555202.7924738,VDD_IN,7242.24,,
1780555202.7924738,VDD_CPU_GPU_CV,2593.536,,
1780555202.7924738,VDD_SOC,1771.2,,
1780555202.7924738,,,cpu-thermal,63.187
1780555202.7924738,,,gpu-thermal,63.75
1780555202.7924738,,,soc0-thermal,61.718
1780555202.7924738,,,soc1-thermal,61.125
1780555202.7924738,,,soc2-thermal,61.781
1780555202.7924738,,,tj-thermal,63.75
1780555202.898204,VDD_IN,7320.96,,
1780555202.898204,VDD_CPU_GPU_CV,2593.536,,
1780555202.898204,VDD_SOC,1771.2,,
1780555202.898204,,,cpu-thermal,63.343
1780555202.898204,,,gpu-thermal,63.781
1780555202.898204,,,soc0-thermal,61.781
1780555202.898204,,,soc1-thermal,61.156
1780555202.898204,,,soc2-thermal,61.718
1780555202.898204,,,tj-thermal,63.781
1780555203.0036814,VDD_IN,7372.288,,
1780555203.0036814,VDD_CPU_GPU_CV,2632.832,,
1780555203.0036814,VDD_SOC,1771.2,,
1780555203.0036814,,,cpu-thermal,63.5
1780555203.0036814,,,gpu-thermal,63.812
1780555203.0036814,,,soc0-thermal,61.656
1780555203.0036814,,,soc1-thermal,60.968
1780555203.0036814,,,soc2-thermal,61.781
1780555203.0036814,,,tj-thermal,64.125
1780555203.109198,VDD_IN,7320.96,,
1780555203.109198,VDD_CPU_GPU_CV,2632.832,,
1780555203.109198,VDD_SOC,1771.2,,
1780555203.109198,,,cpu-thermal,63.187
1780555203.109198,,,gpu-thermal,63.75
1780555203.109198,,,soc0-thermal,61.687
1780555203.109198,,,soc1-thermal,60.906
1780555203.109198,,,soc2-thermal,61.718
1780555203.109198,,,tj-thermal,63.906
1780555203.214966,VDD_IN,7360.32,,
1780555203.214966,VDD_CPU_GPU_CV,2632.832,,
1780555203.214966,VDD_SOC,1771.2,,
1780555203.214966,,,cpu-thermal,63.343
1780555203.214966,,,gpu-thermal,63.687
1780555203.214966,,,soc0-thermal,61.687
1780555203.214966,,,soc1-thermal,61.125
1780555203.214966,,,soc2-thermal,61.843
1780555203.214966,,,tj-thermal,63.687
1780555203.3209093,VDD_IN,7320.96,,
1780555203.3209093,VDD_CPU_GPU_CV,2593.536,,
1780555203.3209093,VDD_SOC,1771.2,,
1780555203.3209093,,,cpu-thermal,63.375
1780555203.3209093,,,gpu-thermal,64.0
1780555203.3209093,,,soc0-thermal,61.812
1780555203.3209093,,,soc1-thermal,60.906
1780555203.3209093,,,soc2-thermal,61.812
1780555203.3209093,,,tj-thermal,64.0
1780555203.4266684,VDD_IN,7281.6,,
1780555203.4266684,VDD_CPU_GPU_CV,2593.536,,
1780555203.4266684,VDD_SOC,1771.2,,
1780555203.4266684,,,cpu-thermal,63.468
1780555203.4266684,,,gpu-thermal,63.875
1780555203.4266684,,,soc0-thermal,61.718
1780555203.4266684,,,soc1-thermal,61.031
1780555203.4266684,,,soc2-thermal,61.75
1780555203.4266684,,,tj-thermal,63.875
1780555203.5325823,VDD_IN,7281.6,,
1780555203.5325823,VDD_CPU_GPU_CV,2593.536,,
1780555203.5325823,VDD_SOC,1771.2,,
1780555203.5325823,,,cpu-thermal,63.281
1780555203.5325823,,,gpu-thermal,63.812
1780555203.5325823,,,soc0-thermal,61.75
1780555203.5325823,,,soc1-thermal,61.031
1780555203.5325823,,,soc2-thermal,61.781
1780555203.5325823,,,tj-thermal,63.812
1780555203.638237,VDD_IN,7281.6,,
1780555203.638237,VDD_CPU_GPU_CV,2593.536,,
1780555203.638237,VDD_SOC,1771.2,,
1780555203.638237,,,cpu-thermal,63.343
1780555203.638237,,,gpu-thermal,64.0
1780555203.638237,,,soc0-thermal,61.781
1780555203.638237,,,soc1-thermal,61.156
1780555203.638237,,,soc2-thermal,61.843
1780555203.638237,,,tj-thermal,63.781
1780555203.7438638,VDD_IN,7281.6,,
1780555203.7438638,VDD_CPU_GPU_CV,2593.536,,
1780555203.7438638,VDD_SOC,1771.2,,
1780555203.7438638,,,cpu-thermal,63.312
1780555203.7438638,,,gpu-thermal,63.875
1780555203.7438638,,,soc0-thermal,61.875
1780555203.7438638,,,soc1-thermal,61.031
1780555203.7438638,,,soc2-thermal,61.875
1780555203.7438638,,,tj-thermal,63.875
1780555203.8494906,VDD_IN,7320.96,,
1780555203.8494906,VDD_CPU_GPU_CV,2632.832,,
1780555203.8494906,VDD_SOC,1771.2,,
1780555203.8494906,,,cpu-thermal,63.281
1780555203.8494906,,,gpu-thermal,63.937
1780555203.8494906,,,soc0-thermal,61.75
1780555203.8494906,,,soc1-thermal,61.093
1780555203.8494906,,,soc2-thermal,61.718
1780555203.8494906,,,tj-thermal,63.937
1780555203.9552805,VDD_IN,7360.32,,
1780555203.9552805,VDD_CPU_GPU_CV,2632.832,,
1780555203.9552805,VDD_SOC,1771.2,,
1780555203.9552805,,,cpu-thermal,63.281
1780555203.9552805,,,gpu-thermal,63.843
1780555203.9552805,,,soc0-thermal,61.812
1780555203.9552805,,,soc1-thermal,61.187
1780555203.9552805,,,soc2-thermal,61.781
1780555203.9552805,,,tj-thermal,63.843
1780555204.0615783,VDD_IN,7320.96,,
1780555204.0615783,VDD_CPU_GPU_CV,2632.832,,
1780555204.0615783,VDD_SOC,1771.2,,
1780555204.0615783,,,cpu-thermal,63.281
1780555204.0615783,,,gpu-thermal,63.718
1780555204.0615783,,,soc0-thermal,61.843
1780555204.0615783,,,soc1-thermal,61.25
1780555204.0615783,,,soc2-thermal,61.812
1780555204.0615783,,,tj-thermal,63.718
1780555204.1670313,VDD_IN,7320.96,,
1780555204.1670313,VDD_CPU_GPU_CV,2632.832,,
1780555204.1670313,VDD_SOC,1771.2,,
1780555204.1670313,,,cpu-thermal,63.218
1780555204.1670313,,,gpu-thermal,64.031
1780555204.1670313,,,soc0-thermal,61.687
1780555204.1670313,,,soc1-thermal,61.0
1780555204.1670313,,,soc2-thermal,61.843
1780555204.1670313,,,tj-thermal,64.031
1780555204.272698,VDD_IN,7281.6,,
1780555204.272698,VDD_CPU_GPU_CV,2632.832,,
1780555204.272698,VDD_SOC,1771.2,,
1780555204.272698,,,cpu-thermal,63.25
1780555204.272698,,,gpu-thermal,63.781
1780555204.272698,,,soc0-thermal,61.75
1780555204.272698,,,soc1-thermal,61.031
1780555204.272698,,,soc2-thermal,61.781
1780555204.272698,,,tj-thermal,63.968
1780555204.379235,VDD_IN,7281.6,,
1780555204.379235,VDD_CPU_GPU_CV,2632.832,,
1780555204.379235,VDD_SOC,1771.2,,
1780555204.379235,,,cpu-thermal,63.312
1780555204.379235,,,gpu-thermal,63.875
1780555204.379235,,,soc0-thermal,61.843
1780555204.379235,,,soc1-thermal,61.218
1780555204.379235,,,soc2-thermal,61.875
1780555204.379235,,,tj-thermal,63.875
1780555204.4852216,VDD_IN,7281.6,,
1780555204.4852216,VDD_CPU_GPU_CV,2593.536,,
1780555204.4852216,VDD_SOC,1771.2,,
1780555204.4852216,,,cpu-thermal,63.531
1780555204.4852216,,,gpu-thermal,64.093
1780555204.4852216,,,soc0-thermal,61.687
1780555204.4852216,,,soc1-thermal,61.093
1780555204.4852216,,,soc2-thermal,61.906
1780555204.4852216,,,tj-thermal,63.812
1780555204.591433,VDD_IN,7242.24,,
1780555204.591433,VDD_CPU_GPU_CV,2593.536,,
1780555204.591433,VDD_SOC,1771.2,,
1780555204.591433,,,cpu-thermal,63.281
1780555204.591433,,,gpu-thermal,63.937
1780555204.591433,,,soc0-thermal,61.812
1780555204.591433,,,soc1-thermal,61.062
1780555204.591433,,,soc2-thermal,61.843
1780555204.591433,,,tj-thermal,63.781
1780555204.6975,VDD_IN,7242.24,,
1780555204.6975,VDD_CPU_GPU_CV,2632.832,,
1780555204.6975,VDD_SOC,1771.2,,
1780555204.6975,,,cpu-thermal,63.343
1780555204.6975,,,gpu-thermal,63.875
1780555204.6975,,,soc0-thermal,61.781
1780555204.6975,,,soc1-thermal,61.125
1780555204.6975,,,soc2-thermal,61.875
1780555204.6975,,,tj-thermal,64.156
1780555204.8034337,VDD_IN,7242.24,,
1780555204.8034337,VDD_CPU_GPU_CV,2632.832,,
1780555204.8034337,VDD_SOC,1771.2,,
1780555204.8034337,,,cpu-thermal,63.437
1780555204.8034337,,,gpu-thermal,63.812
1780555204.8034337,,,soc0-thermal,61.843
1780555204.8034337,,,soc1-thermal,61.031
1780555204.8034337,,,soc2-thermal,61.875
1780555204.8034337,,,tj-thermal,63.812
1780555204.9094102,VDD_IN,7281.6,,
1780555204.9094102,VDD_CPU_GPU_CV,2632.832,,
1780555204.9094102,VDD_SOC,1771.2,,
1780555204.9094102,,,cpu-thermal,63.437
1780555204.9094102,,,gpu-thermal,63.812
1780555204.9094102,,,soc0-thermal,61.75
1780555204.9094102,,,soc1-thermal,61.093
1780555204.9094102,,,soc2-thermal,61.812
1780555204.9094102,,,tj-thermal,63.812
1780555205.0148132,VDD_IN,7360.32,,
1780555205.0148132,VDD_CPU_GPU_CV,2632.832,,
1780555205.0148132,VDD_SOC,1771.2,,
1780555205.0148132,,,cpu-thermal,63.375
1780555205.0148132,,,gpu-thermal,64.218
1780555205.0148132,,,soc0-thermal,61.843
1780555205.0148132,,,soc1-thermal,61.125
1780555205.0148132,,,soc2-thermal,61.812
1780555205.0148132,,,tj-thermal,64.218
1780555205.1206381,VDD_IN,7320.96,,
1780555205.1206381,VDD_CPU_GPU_CV,2632.832,,
1780555205.1206381,VDD_SOC,1771.2,,
1780555205.1206381,,,cpu-thermal,63.5
1780555205.1206381,,,gpu-thermal,63.968
1780555205.1206381,,,soc0-thermal,61.875
1780555205.1206381,,,soc1-thermal,61.218
1780555205.1206381,,,soc2-thermal,61.906
1780555205.1206381,,,tj-thermal,63.968
1780555205.2264287,VDD_IN,7320.96,,
1780555205.2264287,VDD_CPU_GPU_CV,2632.832,,
1780555205.2264287,VDD_SOC,1771.2,,
1780555205.2264287,,,cpu-thermal,63.5
1780555205.2264287,,,gpu-thermal,63.906
1780555205.2264287,,,soc0-thermal,61.781
1780555205.2264287,,,soc1-thermal,61.125
1780555205.2264287,,,soc2-thermal,61.937
1780555205.2264287,,,tj-thermal,63.906
1780555205.3325393,VDD_IN,7320.96,,
1780555205.3325393,VDD_CPU_GPU_CV,2632.832,,
1780555205.3325393,VDD_SOC,1771.2,,
1780555205.3325393,,,cpu-thermal,63.343
1780555205.3325393,,,gpu-thermal,64.125
1780555205.3325393,,,soc0-thermal,61.718
1780555205.3325393,,,soc1-thermal,61.093
1780555205.3325393,,,soc2-thermal,61.812
1780555205.3325393,,,tj-thermal,63.906
1780555205.4383242,VDD_IN,7281.6,,
1780555205.4383242,VDD_CPU_GPU_CV,2632.832,,
1780555205.4383242,VDD_SOC,1771.2,,
1780555205.4383242,,,cpu-thermal,63.343
1780555205.4383242,,,gpu-thermal,63.906
1780555205.4383242,,,soc0-thermal,61.781
1780555205.4383242,,,soc1-thermal,61.218
1780555205.4383242,,,soc2-thermal,61.843
1780555205.4383242,,,tj-thermal,63.906
1780555205.5439487,VDD_IN,7281.6,,
1780555205.5439487,VDD_CPU_GPU_CV,2632.832,,
1780555205.5439487,VDD_SOC,1771.2,,
1780555205.5439487,,,cpu-thermal,63.406
1780555205.5439487,,,gpu-thermal,63.937
1780555205.5439487,,,soc0-thermal,61.843
1780555205.5439487,,,soc1-thermal,61.062
1780555205.5439487,,,soc2-thermal,61.937
1780555205.5439487,,,tj-thermal,63.937
1780555205.6496966,VDD_IN,7281.6,,
1780555205.6496966,VDD_CPU_GPU_CV,2632.832,,
1780555205.6496966,VDD_SOC,1771.2,,
1780555205.6496966,,,cpu-thermal,63.281
1780555205.6496966,,,gpu-thermal,63.875
1780555205.6496966,,,soc0-thermal,61.781
1780555205.6496966,,,soc1-thermal,61.062
1780555205.6496966,,,soc2-thermal,61.875
1780555205.6496966,,,tj-thermal,63.875
1780555205.7554307,VDD_IN,7281.6,,
1780555205.7554307,VDD_CPU_GPU_CV,2593.536,,
1780555205.7554307,VDD_SOC,1771.2,,
1780555205.7554307,,,cpu-thermal,63.406
1780555205.7554307,,,gpu-thermal,63.812
1780555205.7554307,,,soc0-thermal,61.75
1780555205.7554307,,,soc1-thermal,61.156
1780555205.7554307,,,soc2-thermal,61.843
1780555205.7554307,,,tj-thermal,63.812
1780555205.861825,VDD_IN,7320.96,,
1780555205.861825,VDD_CPU_GPU_CV,2632.832,,
1780555205.861825,VDD_SOC,1771.2,,
1780555205.861825,,,cpu-thermal,63.312
1780555205.861825,,,gpu-thermal,64.25
1780555205.861825,,,soc0-thermal,61.843
1780555205.861825,,,soc1-thermal,61.125
1780555205.861825,,,soc2-thermal,61.843
1780555205.861825,,,tj-thermal,64.25
1780555205.9673033,VDD_IN,7360.32,,
1780555205.9673033,VDD_CPU_GPU_CV,2632.832,,
1780555205.9673033,VDD_SOC,1771.2,,
1780555205.9673033,,,cpu-thermal,63.718
1780555205.9673033,,,gpu-thermal,63.937
1780555205.9673033,,,soc0-thermal,61.843
1780555205.9673033,,,soc1-thermal,61.156
1780555205.9673033,,,soc2-thermal,61.875
1780555205.9673033,,,tj-thermal,64.031
1780555206.073191,VDD_IN,7360.32,,
1780555206.073191,VDD_CPU_GPU_CV,2632.832,,
1780555206.073191,VDD_SOC,1771.2,,
1780555206.073191,,,cpu-thermal,63.25
1780555206.073191,,,gpu-thermal,63.812
1780555206.073191,,,soc0-thermal,61.781
1780555206.073191,,,soc1-thermal,61.218
1780555206.073191,,,soc2-thermal,61.843
1780555206.073191,,,tj-thermal,63.968
1780555206.1798959,VDD_IN,7320.96,,
1780555206.1798959,VDD_CPU_GPU_CV,2632.832,,
1780555206.1798959,VDD_SOC,1771.2,,
1780555206.1798959,,,cpu-thermal,63.406
1780555206.1798959,,,gpu-thermal,64.093
1780555206.1798959,,,soc0-thermal,61.812
1780555206.1798959,,,soc1-thermal,61.281
1780555206.1798959,,,soc2-thermal,61.937
1780555206.1798959,,,tj-thermal,63.812
1780555206.2853906,VDD_IN,7320.96,,
1780555206.2853906,VDD_CPU_GPU_CV,2632.832,,
1780555206.2853906,VDD_SOC,1771.2,,
1780555206.2853906,,,cpu-thermal,63.593
1780555206.2853906,,,gpu-thermal,63.968
1780555206.2853906,,,soc0-thermal,61.875
1780555206.2853906,,,soc1-thermal,61.125
1780555206.2853906,,,soc2-thermal,61.906
1780555206.2853906,,,tj-thermal,63.968
1780555206.3911078,VDD_IN,7320.96,,
1780555206.3911078,VDD_CPU_GPU_CV,2632.832,,
1780555206.3911078,VDD_SOC,1771.2,,
1780555206.3911078,,,cpu-thermal,63.625
1780555206.3911078,,,gpu-thermal,64.0
1780555206.3911078,,,soc0-thermal,61.812
1780555206.3911078,,,soc1-thermal,61.125
1780555206.3911078,,,soc2-thermal,61.843
1780555206.3911078,,,tj-thermal,64.0
1780555206.497687,VDD_IN,7281.6,,
1780555206.497687,VDD_CPU_GPU_CV,2593.536,,
1780555206.497687,VDD_SOC,1771.2,,
1780555206.497687,,,cpu-thermal,63.406
1780555206.497687,,,gpu-thermal,63.875
1780555206.497687,,,soc0-thermal,61.75
1780555206.497687,,,soc1-thermal,61.187
1780555206.497687,,,soc2-thermal,61.906
1780555206.497687,,,tj-thermal,63.875
1780555206.6032772,VDD_IN,7281.6,,
1780555206.6032772,VDD_CPU_GPU_CV,2593.536,,
1780555206.6032772,VDD_SOC,1771.2,,
1780555206.6032772,,,cpu-thermal,63.562
1780555206.6032772,,,gpu-thermal,63.875
1780555206.6032772,,,soc0-thermal,61.906
1780555206.6032772,,,soc1-thermal,61.343
1780555206.6032772,,,soc2-thermal,61.843
1780555206.6032772,,,tj-thermal,63.875
1780555206.7088377,VDD_IN,7281.6,,
1780555206.7088377,VDD_CPU_GPU_CV,2593.536,,
1780555206.7088377,VDD_SOC,1771.2,,
1780555206.7088377,,,cpu-thermal,63.531
1780555206.7088377,,,gpu-thermal,63.812
1780555206.7088377,,,soc0-thermal,61.781
1780555206.7088377,,,soc1-thermal,61.125
1780555206.7088377,,,soc2-thermal,61.906
1780555206.7088377,,,tj-thermal,63.812
1780555206.814755,VDD_IN,7281.6,,
1780555206.814755,VDD_CPU_GPU_CV,2593.536,,
1780555206.814755,VDD_SOC,1771.2,,
1780555206.814755,,,cpu-thermal,63.375
1780555206.814755,,,gpu-thermal,64.0
1780555206.814755,,,soc0-thermal,61.75
1780555206.814755,,,soc1-thermal,61.156
1780555206.814755,,,soc2-thermal,61.812
1780555206.814755,,,tj-thermal,64.093
1780555206.920314,VDD_IN,7360.32,,
1780555206.920314,VDD_CPU_GPU_CV,2632.832,,
1780555206.920314,VDD_SOC,1771.2,,
1780555206.920314,,,cpu-thermal,63.406
1780555206.920314,,,gpu-thermal,63.906
1780555206.920314,,,soc0-thermal,61.812
1780555206.920314,,,soc1-thermal,61.281
1780555206.920314,,,soc2-thermal,61.906
1780555206.920314,,,tj-thermal,63.906
1780555207.0257533,VDD_IN,7360.32,,
1780555207.0257533,VDD_CPU_GPU_CV,2632.832,,
1780555207.0257533,VDD_SOC,1810.56,,
1780555207.0257533,,,cpu-thermal,63.468
1780555207.0257533,,,gpu-thermal,63.906
1780555207.0257533,,,soc0-thermal,61.843
1780555207.0257533,,,soc1-thermal,61.062
1780555207.0257533,,,soc2-thermal,61.937
1780555207.0257533,,,tj-thermal,63.906
1780555207.1314225,VDD_IN,7360.32,,
1780555207.1314225,VDD_CPU_GPU_CV,2632.832,,
1780555207.1314225,VDD_SOC,1771.2,,
1780555207.1314225,,,cpu-thermal,63.562
1780555207.1314225,,,gpu-thermal,64.156
1780555207.1314225,,,soc0-thermal,61.718
1780555207.1314225,,,soc1-thermal,61.187
1780555207.1314225,,,soc2-thermal,61.906
1780555207.1314225,,,tj-thermal,64.156
1780555207.2370863,VDD_IN,7320.96,,
1780555207.2370863,VDD_CPU_GPU_CV,2632.832,,
1780555207.2370863,VDD_SOC,1771.2,,
1780555207.2370863,,,cpu-thermal,63.437
1780555207.2370863,,,gpu-thermal,64.093
1780555207.2370863,,,soc0-thermal,61.843
1780555207.2370863,,,soc1-thermal,61.187
1780555207.2370863,,,soc2-thermal,61.843
1780555207.2370863,,,tj-thermal,64.093
1780555207.3433473,VDD_IN,7320.96,,
1780555207.3433473,VDD_CPU_GPU_CV,2632.832,,
1780555207.3433473,VDD_SOC,1771.2,,
1780555207.3433473,,,cpu-thermal,63.406
1780555207.3433473,,,gpu-thermal,63.875
1780555207.3433473,,,soc0-thermal,61.937
1780555207.3433473,,,soc1-thermal,61.25
1780555207.3433473,,,soc2-thermal,61.906
1780555207.3433473,,,tj-thermal,63.875
1780555207.4494922,VDD_IN,7281.6,,
1780555207.4494922,VDD_CPU_GPU_CV,2593.536,,
1780555207.4494922,VDD_SOC,1771.2,,
1780555207.4494922,,,cpu-thermal,63.468
1780555207.4494922,,,gpu-thermal,64.031
1780555207.4494922,,,soc0-thermal,62.0
1780555207.4494922,,,soc1-thermal,61.218
1780555207.4494922,,,soc2-thermal,62.0
1780555207.4494922,,,tj-thermal,63.906
1780555207.5556242,VDD_IN,7281.6,,
1780555207.5556242,VDD_CPU_GPU_CV,2593.536,,
1780555207.5556242,VDD_SOC,1771.2,,
1780555207.5556242,,,cpu-thermal,63.375
1780555207.5556242,,,gpu-thermal,63.968
1780555207.5556242,,,soc0-thermal,61.781
1780555207.5556242,,,soc1-thermal,61.156
1780555207.5556242,,,soc2-thermal,61.875
1780555207.5556242,,,tj-thermal,63.906
1780555207.6620474,VDD_IN,7281.6,,
1780555207.6620474,VDD_CPU_GPU_CV,2554.24,,
1780555207.6620474,VDD_SOC,1771.2,,
1780555207.6620474,,,cpu-thermal,63.562
1780555207.6620474,,,gpu-thermal,63.906
1780555207.6620474,,,soc0-thermal,61.875
1780555207.6620474,,,soc1-thermal,61.312
1780555207.6620474,,,soc2-thermal,62.031
1780555207.6620474,,,tj-thermal,64.125
1780555207.7678235,VDD_IN,7281.6,,
1780555207.7678235,VDD_CPU_GPU_CV,2554.24,,
1780555207.7678235,VDD_SOC,1771.2,,
1780555207.7678235,,,cpu-thermal,63.687
1780555207.7678235,,,gpu-thermal,63.906
1780555207.7678235,,,soc0-thermal,61.968
1780555207.7678235,,,soc1-thermal,61.125
1780555207.7678235,,,soc2-thermal,61.875
1780555207.7678235,,,tj-thermal,64.0
1780555207.8737707,VDD_IN,7320.96,,
1780555207.8737707,VDD_CPU_GPU_CV,2593.536,,
1780555207.8737707,VDD_SOC,1771.2,,
1780555207.8737707,,,cpu-thermal,63.812
1780555207.8737707,,,gpu-thermal,63.875
1780555207.8737707,,,soc0-thermal,61.843
1780555207.8737707,,,soc1-thermal,61.187
1780555207.8737707,,,soc2-thermal,61.875
1780555207.8737707,,,tj-thermal,63.875
1780555207.9797122,VDD_IN,7360.32,,
1780555207.9797122,VDD_CPU_GPU_CV,2632.832,,
1780555207.9797122,VDD_SOC,1771.2,,
1780555207.9797122,,,cpu-thermal,63.281
1780555207.9797122,,,gpu-thermal,64.093
1780555207.9797122,,,soc0-thermal,61.843
1780555207.9797122,,,soc1-thermal,61.218
1780555207.9797122,,,soc2-thermal,61.937
1780555207.9797122,,,tj-thermal,64.093
1780555208.0854764,VDD_IN,7360.32,,
1780555208.0854764,VDD_CPU_GPU_CV,2632.832,,
1780555208.0854764,VDD_SOC,1771.2,,
1780555208.0854764,,,cpu-thermal,63.593
1780555208.0854764,,,gpu-thermal,64.031
1780555208.0854764,,,soc0-thermal,61.843
1780555208.0854764,,,soc1-thermal,61.312
1780555208.0854764,,,soc2-thermal,62.0
1780555208.0854764,,,tj-thermal,64.031
1780555208.1912086,VDD_IN,7320.96,,
1780555208.1912086,VDD_CPU_GPU_CV,2593.536,,
1780555208.1912086,VDD_SOC,1771.2,,
1780555208.1912086,,,cpu-thermal,63.687
1780555208.1912086,,,gpu-thermal,64.0
1780555208.1912086,,,soc0-thermal,62.0
1780555208.1912086,,,soc1-thermal,61.187
1780555208.1912086,,,soc2-thermal,61.937
1780555208.1912086,,,tj-thermal,64.0
1780555208.297175,VDD_IN,7281.6,,
1780555208.297175,VDD_CPU_GPU_CV,2593.536,,
1780555208.297175,VDD_SOC,1771.2,,
1780555208.297175,,,cpu-thermal,63.687
1780555208.297175,,,gpu-thermal,64.187
1780555208.297175,,,soc0-thermal,61.843
1780555208.297175,,,soc1-thermal,61.312
1780555208.297175,,,soc2-thermal,62.0
1780555208.297175,,,tj-thermal,63.875
1780555208.4028559,VDD_IN,7281.6,,
1780555208.4028559,VDD_CPU_GPU_CV,2593.536,,
1780555208.4028559,VDD_SOC,1771.2,,
1780555208.4028559,,,cpu-thermal,63.562
1780555208.4028559,,,gpu-thermal,63.968
1780555208.4028559,,,soc0-thermal,61.843
1780555208.4028559,,,soc1-thermal,61.281
1780555208.4028559,,,soc2-thermal,62.062
1780555208.4028559,,,tj-thermal,63.875
1780555208.5084608,VDD_IN,7242.24,,
1780555208.5084608,VDD_CPU_GPU_CV,2593.536,,
1780555208.5084608,VDD_SOC,1768.32,,
1780555208.5084608,,,cpu-thermal,63.437
1780555208.5084608,,,gpu-thermal,63.968
1780555208.5084608,,,soc0-thermal,61.875
1780555208.5084608,,,soc1-thermal,61.187
1780555208.5084608,,,soc2-thermal,61.937
1780555208.5084608,,,tj-thermal,63.968
1780555208.6145387,VDD_IN,7242.24,,
1780555208.6145387,VDD_CPU_GPU_CV,2589.312,,
1780555208.6145387,VDD_SOC,1768.32,,
1780555208.6145387,,,cpu-thermal,63.625
1780555208.6145387,,,gpu-thermal,63.843
1780555208.6145387,,,soc0-thermal,61.781
1780555208.6145387,,,soc1-thermal,61.187
1780555208.6145387,,,soc2-thermal,61.875
1780555208.6145387,,,tj-thermal,63.843
1780555208.720113,VDD_IN,7242.24,,
1780555208.720113,VDD_CPU_GPU_CV,2589.312,,
1780555208.720113,VDD_SOC,1768.32,,
1780555208.720113,,,cpu-thermal,63.5
1780555208.720113,,,gpu-thermal,63.843
1780555208.720113,,,soc0-thermal,61.875
1780555208.720113,,,soc1-thermal,61.281
1780555208.720113,,,soc2-thermal,61.906
1780555208.720113,,,tj-thermal,63.843
1780555208.8257952,VDD_IN,7281.6,,
1780555208.8257952,VDD_CPU_GPU_CV,2593.536,,
1780555208.8257952,VDD_SOC,1771.2,,
1780555208.8257952,,,cpu-thermal,63.468
1780555208.8257952,,,gpu-thermal,64.312
1780555208.8257952,,,soc0-thermal,61.937
1780555208.8257952,,,soc1-thermal,61.312
1780555208.8257952,,,soc2-thermal,61.968
1780555208.8257952,,,tj-thermal,64.312
1780555208.9316669,VDD_IN,7320.96,,
1780555208.9316669,VDD_CPU_GPU_CV,2632.832,,
1780555208.9316669,VDD_SOC,1771.2,,
1780555208.9316669,,,cpu-thermal,63.5
1780555208.9316669,,,gpu-thermal,63.968
1780555208.9316669,,,soc0-thermal,61.968
1780555208.9316669,,,soc1-thermal,61.218
1780555208.9316669,,,soc2-thermal,62.031
1780555208.9316669,,,tj-thermal,64.156
1780555209.0373201,VDD_IN,7320.96,,
1780555209.0373201,VDD_CPU_GPU_CV,2632.832,,
1780555209.0373201,VDD_SOC,1771.2,,
1780555209.0373201,,,cpu-thermal,63.437
1780555209.0373201,,,gpu-thermal,63.875
1780555209.0373201,,,soc0-thermal,61.812
1780555209.0373201,,,soc1-thermal,61.218
1780555209.0373201,,,soc2-thermal,61.906
1780555209.0373201,,,tj-thermal,64.062
1780555209.1433272,VDD_IN,7320.96,,
1780555209.1433272,VDD_CPU_GPU_CV,2632.832,,
1780555209.1433272,VDD_SOC,1771.2,,
1780555209.1433272,,,cpu-thermal,63.562
1780555209.1433272,,,gpu-thermal,64.218
1780555209.1433272,,,soc0-thermal,61.843
1780555209.1433272,,,soc1-thermal,61.312
1780555209.1433272,,,soc2-thermal,61.875
1780555209.1433272,,,tj-thermal,63.937
1780555209.249341,VDD_IN,7320.96,,
1780555209.249341,VDD_CPU_GPU_CV,2632.832,,
1780555209.249341,VDD_SOC,1771.2,,
1780555209.249341,,,cpu-thermal,63.5
1780555209.249341,,,gpu-thermal,64.062
1780555209.249341,,,soc0-thermal,61.906
1780555209.249341,,,soc1-thermal,61.218
1780555209.249341,,,soc2-thermal,62.031
1780555209.249341,,,tj-thermal,64.062
1780555209.3548853,VDD_IN,7281.6,,
1780555209.3548853,VDD_CPU_GPU_CV,2593.536,,
1780555209.3548853,VDD_SOC,1771.2,,
1780555209.3548853,,,cpu-thermal,63.437
1780555209.3548853,,,gpu-thermal,63.968
1780555209.3548853,,,soc0-thermal,61.843
1780555209.3548853,,,soc1-thermal,61.25
1780555209.3548853,,,soc2-thermal,61.906
1780555209.3548853,,,tj-thermal,63.968
1780555209.4610603,VDD_IN,7281.6,,
1780555209.4610603,VDD_CPU_GPU_CV,2632.832,,
1780555209.4610603,VDD_SOC,1771.2,,
1780555209.4610603,,,cpu-thermal,63.5
1780555209.4610603,,,gpu-thermal,63.937
1780555209.4610603,,,soc0-thermal,61.843
1780555209.4610603,,,soc1-thermal,61.343
1780555209.4610603,,,soc2-thermal,62.031
1780555209.4610603,,,tj-thermal,63.937
1780555209.566782,VDD_IN,7281.6,,
1780555209.566782,VDD_CPU_GPU_CV,2593.536,,
1780555209.566782,VDD_SOC,1771.2,,
1780555209.566782,,,cpu-thermal,63.625
1780555209.566782,,,gpu-thermal,63.906
1780555209.566782,,,soc0-thermal,61.875
1780555209.566782,,,soc1-thermal,61.343
1780555209.566782,,,soc2-thermal,61.906
1780555209.566782,,,tj-thermal,63.906
1780555209.6729963,VDD_IN,7242.24,,
1780555209.6729963,VDD_CPU_GPU_CV,2593.536,,
1780555209.6729963,VDD_SOC,1771.2,,
1780555209.6729963,,,cpu-thermal,63.781
1780555209.6729963,,,gpu-thermal,64.281
1780555209.6729963,,,soc0-thermal,62.031
1780555209.6729963,,,soc1-thermal,61.25
1780555209.6729963,,,soc2-thermal,61.937
1780555209.6729963,,,tj-thermal,64.281
1780555209.7786853,VDD_IN,7242.24,,
1780555209.7786853,VDD_CPU_GPU_CV,2593.536,,
1780555209.7786853,VDD_SOC,1771.2,,
1780555209.7786853,,,cpu-thermal,63.906
1780555209.7786853,,,gpu-thermal,63.937
1780555209.7786853,,,soc0-thermal,61.843
1780555209.7786853,,,soc1-thermal,61.281
1780555209.7786853,,,soc2-thermal,61.968
1780555209.7786853,,,tj-thermal,64.281
1780555209.8842661,VDD_IN,7281.6,,
1780555209.8842661,VDD_CPU_GPU_CV,2632.832,,
1780555209.8842661,VDD_SOC,1771.2,,
1780555209.8842661,,,cpu-thermal,63.531
1780555209.8842661,,,gpu-thermal,64.0
1780555209.8842661,,,soc0-thermal,61.968
1780555209.8842661,,,soc1-thermal,61.281
1780555209.8842661,,,soc2-thermal,62.0
1780555209.8842661,,,tj-thermal,64.0
1780555209.9896271,VDD_IN,7360.32,,
1780555209.9896271,VDD_CPU_GPU_CV,2632.832,,
1780555209.9896271,VDD_SOC,1771.2,,
1780555209.9896271,,,cpu-thermal,63.593
1780555209.9896271,,,gpu-thermal,64.343
1780555209.9896271,,,soc0-thermal,61.968
1780555209.9896271,,,soc1-thermal,61.343
1780555209.9896271,,,soc2-thermal,62.0
1780555209.9896271,,,tj-thermal,64.343
1780555210.0956619,VDD_IN,7320.96,,
1780555210.0956619,VDD_CPU_GPU_CV,2632.832,,
1780555210.0956619,VDD_SOC,1771.2,,
1780555210.0956619,,,cpu-thermal,63.687
1780555210.0956619,,,gpu-thermal,64.093
1780555210.0956619,,,soc0-thermal,61.875
1780555210.0956619,,,soc1-thermal,61.218
1780555210.0956619,,,soc2-thermal,61.906
1780555210.0956619,,,tj-thermal,64.093
1780555210.2015605,VDD_IN,7320.96,,
1780555210.2015605,VDD_CPU_GPU_CV,2632.832,,
1780555210.2015605,VDD_SOC,1771.2,,
1780555210.2015605,,,cpu-thermal,63.562
1780555210.2015605,,,gpu-thermal,64.093
1780555210.2015605,,,soc0-thermal,61.875
1780555210.2015605,,,soc1-thermal,61.25
1780555210.2015605,,,soc2-thermal,61.875
1780555210.2015605,,,tj-thermal,64.093
1780555210.3071482,VDD_IN,7320.96,,
1780555210.3071482,VDD_CPU_GPU_CV,2632.832,,
1780555210.3071482,VDD_SOC,1771.2,,
1780555210.3071482,,,cpu-thermal,63.625
1780555210.3071482,,,gpu-thermal,64.312
1780555210.3071482,,,soc0-thermal,61.937
1780555210.3071482,,,soc1-thermal,61.375
1780555210.3071482,,,soc2-thermal,62.031
1780555210.3071482,,,tj-thermal,63.937
1780555210.413583,VDD_IN,7320.96,,
1780555210.413583,VDD_CPU_GPU_CV,2632.832,,
1780555210.413583,VDD_SOC,1771.2,,
1780555210.413583,,,cpu-thermal,63.718
1780555210.413583,,,gpu-thermal,64.187
1780555210.413583,,,soc0-thermal,61.968
1780555210.413583,,,soc1-thermal,61.343
1780555210.413583,,,soc2-thermal,62.093
1780555210.413583,,,tj-thermal,63.937
1780555210.5193193,VDD_IN,7320.96,,
1780555210.5193193,VDD_CPU_GPU_CV,2593.536,,
1780555210.5193193,VDD_SOC,1771.2,,
1780555210.5193193,,,cpu-thermal,63.5
1780555210.5193193,,,gpu-thermal,64.062
1780555210.5193193,,,soc0-thermal,61.968
1780555210.5193193,,,soc1-thermal,61.312
1780555210.5193193,,,soc2-thermal,62.0
1780555210.5193193,,,tj-thermal,64.375
1780555210.6251407,VDD_IN,7320.96,,
1780555210.6251407,VDD_CPU_GPU_CV,2593.536,,
1780555210.6251407,VDD_SOC,1771.2,,
1780555210.6251407,,,cpu-thermal,63.562
1780555210.6251407,,,gpu-thermal,64.062
1780555210.6251407,,,soc0-thermal,61.937
1780555210.6251407,,,soc1-thermal,61.437
1780555210.6251407,,,soc2-thermal,61.968
1780555210.6251407,,,tj-thermal,64.218
1780555210.7313585,VDD_IN,7281.6,,
1780555210.7313585,VDD_CPU_GPU_CV,2554.24,,
1780555210.7313585,VDD_SOC,1771.2,,
1780555210.7313585,,,cpu-thermal,63.593
1780555210.7313585,,,gpu-thermal,64.062
1780555210.7313585,,,soc0-thermal,62.0
1780555210.7313585,,,soc1-thermal,61.281
1780555210.7313585,,,soc2-thermal,62.0
1780555210.7313585,,,tj-thermal,64.062
1780555210.837136,VDD_IN,7293.44,,
1780555210.837136,VDD_CPU_GPU_CV,2593.536,,
1780555210.837136,VDD_SOC,1771.2,,
1780555210.837136,,,cpu-thermal,63.437
1780555210.837136,,,gpu-thermal,64.343
1780555210.837136,,,soc0-thermal,61.875
1780555210.837136,,,soc1-thermal,61.281
1780555210.837136,,,soc2-thermal,61.937
1780555210.837136,,,tj-thermal,64.343
1780555210.9432514,VDD_IN,7332.864,,
1780555210.9432514,VDD_CPU_GPU_CV,2593.536,,
1780555210.9432514,VDD_SOC,1771.2,,
1780555210.9432514,,,cpu-thermal,63.468
1780555210.9432514,,,gpu-thermal,64.218
1780555210.9432514,,,soc0-thermal,61.906
1780555210.9432514,,,soc1-thermal,61.312
1780555210.9432514,,,soc2-thermal,62.031
1780555210.9432514,,,tj-thermal,64.218
1780555211.0486395,VDD_IN,7372.288,,
1780555211.0486395,VDD_CPU_GPU_CV,2593.536,,
1780555211.0486395,VDD_SOC,1810.56,,
1780555211.0486395,,,cpu-thermal,63.437
1780555211.0486395,,,gpu-thermal,64.156
1780555211.0486395,,,soc0-thermal,61.906
1780555211.0486395,,,soc1-thermal,61.406
1780555211.0486395,,,soc2-thermal,61.906
1780555211.0486395,,,tj-thermal,64.156
1780555211.154259,VDD_IN,7320.96,,
1780555211.154259,VDD_CPU_GPU_CV,2593.536,,
1780555211.154259,VDD_SOC,1771.2,,
1780555211.154259,,,cpu-thermal,63.875
1780555211.154259,,,gpu-thermal,64.343
1780555211.154259,,,soc0-thermal,62.125
1780555211.154259,,,soc1-thermal,61.25
1780555211.154259,,,soc2-thermal,62.062
1780555211.154259,,,tj-thermal,64.093
1780555211.260193,VDD_IN,7281.6,,
1780555211.260193,VDD_CPU_GPU_CV,2593.536,,
1780555211.260193,VDD_SOC,1771.2,,
1780555211.260193,,,cpu-thermal,63.875
1780555211.260193,,,gpu-thermal,64.25
1780555211.260193,,,soc0-thermal,61.968
1780555211.260193,,,soc1-thermal,61.343
1780555211.260193,,,soc2-thermal,62.062
1780555211.260193,,,tj-thermal,64.062
1780555211.366916,VDD_IN,7281.6,,
1780555211.366916,VDD_CPU_GPU_CV,2593.536,,
1780555211.366916,VDD_SOC,1771.2,,
1780555211.366916,,,cpu-thermal,63.625
1780555211.366916,,,gpu-thermal,64.156
1780555211.366916,,,soc0-thermal,61.968
1780555211.366916,,,soc1-thermal,61.375
1780555211.366916,,,soc2-thermal,62.0
1780555211.366916,,,tj-thermal,63.937
1780555211.472589,VDD_IN,7281.6,,
1780555211.472589,VDD_CPU_GPU_CV,2593.536,,
1780555211.472589,VDD_SOC,1771.2,,
1780555211.472589,,,cpu-thermal,63.656
1780555211.472589,,,gpu-thermal,64.125
1780555211.472589,,,soc0-thermal,62.062
1780555211.472589,,,soc1-thermal,61.312
1780555211.472589,,,soc2-thermal,62.062
1780555211.472589,,,tj-thermal,64.125
1780555211.5785697,VDD_IN,7281.6,,
1780555211.5785697,VDD_CPU_GPU_CV,2593.536,,
1780555211.5785697,VDD_SOC,1771.2,,
1780555211.5785697,,,cpu-thermal,63.75
1780555211.5785697,,,gpu-thermal,64.062
1780555211.5785697,,,soc0-thermal,62.031
1780555211.5785697,,,soc1-thermal,61.312
1780555211.5785697,,,soc2-thermal,62.0
1780555211.5785697,,,tj-thermal,64.062
1780555211.684631,VDD_IN,7281.6,,
1780555211.684631,VDD_CPU_GPU_CV,2593.536,,
1780555211.684631,VDD_SOC,1771.2,,
1780555211.684631,,,cpu-thermal,63.625
1780555211.684631,,,gpu-thermal,64.375
1780555211.684631,,,soc0-thermal,62.0
1780555211.684631,,,soc1-thermal,61.437
1780555211.684631,,,soc2-thermal,62.0
1780555211.684631,,,tj-thermal,64.375
1780555211.7907088,VDD_IN,7242.24,,
1780555211.7907088,VDD_CPU_GPU_CV,2593.536,,
1780555211.7907088,VDD_SOC,1771.2,,
1780555211.7907088,,,cpu-thermal,63.562
1780555211.7907088,,,gpu-thermal,64.187
1780555211.7907088,,,soc0-thermal,62.0
1780555211.7907088,,,soc1-thermal,61.343
1780555211.7907088,,,soc2-thermal,62.031
1780555211.7907088,,,tj-thermal,64.187
1780555211.8967054,VDD_IN,7281.6,,
1780555211.8967054,VDD_CPU_GPU_CV,2632.832,,
1780555211.8967054,VDD_SOC,1771.2,,
1780555211.8967054,,,cpu-thermal,63.625
1780555211.8967054,,,gpu-thermal,64.25
1780555211.8967054,,,soc0-thermal,62.093
1780555211.8967054,,,soc1-thermal,61.343
1780555211.8967054,,,soc2-thermal,62.062
1780555211.8967054,,,tj-thermal,64.25
1780555212.0027227,VDD_IN,7360.32,,
1780555212.0027227,VDD_CPU_GPU_CV,2632.832,,
1780555212.0027227,VDD_SOC,1771.2,,
1780555212.0027227,,,cpu-thermal,63.593
1780555212.0027227,,,gpu-thermal,64.187
1780555212.0027227,,,soc0-thermal,61.906
1780555212.0027227,,,soc1-thermal,61.312
1780555212.0027227,,,soc2-thermal,61.968
1780555212.0027227,,,tj-thermal,64.187
1780555212.1082563,VDD_IN,7320.96,,
1780555212.1082563,VDD_CPU_GPU_CV,2632.832,,
1780555212.1082563,VDD_SOC,1771.2,,
1780555212.1082563,,,cpu-thermal,63.593
1780555212.1082563,,,gpu-thermal,64.312
1780555212.1082563,,,soc0-thermal,62.031
1780555212.1082563,,,soc1-thermal,61.5
1780555212.1082563,,,soc2-thermal,62.062
1780555212.1082563,,,tj-thermal,64.093
1780555212.2143595,VDD_IN,7320.96,,
1780555212.2143595,VDD_CPU_GPU_CV,2632.832,,
1780555212.2143595,VDD_SOC,1771.2,,
1780555212.2143595,,,cpu-thermal,63.718
1780555212.2143595,,,gpu-thermal,64.093
1780555212.2143595,,,soc0-thermal,62.062
1780555212.2143595,,,soc1-thermal,61.531
1780555212.2143595,,,soc2-thermal,62.062
1780555212.2143595,,,tj-thermal,64.0
1780555212.3198886,VDD_IN,7320.96,,
1780555212.3198886,VDD_CPU_GPU_CV,2632.832,,
1780555212.3198886,VDD_SOC,1771.2,,
1780555212.3198886,,,cpu-thermal,63.656
1780555212.3198886,,,gpu-thermal,64.062
1780555212.3198886,,,soc0-thermal,61.937
1780555212.3198886,,,soc1-thermal,61.343
1780555212.3198886,,,soc2-thermal,61.968
1780555212.3198886,,,tj-thermal,64.062
1780555212.4254477,VDD_IN,7320.96,,
1780555212.4254477,VDD_CPU_GPU_CV,2632.832,,
1780555212.4254477,VDD_SOC,1771.2,,
1780555212.4254477,,,cpu-thermal,63.656
1780555212.4254477,,,gpu-thermal,64.062
1780555212.4254477,,,soc0-thermal,61.968
1780555212.4254477,,,soc1-thermal,61.406
1780555212.4254477,,,soc2-thermal,62.093
1780555212.4254477,,,tj-thermal,64.062
1780555212.531792,VDD_IN,7281.6,,
1780555212.531792,VDD_CPU_GPU_CV,2632.832,,
1780555212.531792,VDD_SOC,1771.2,,
1780555212.531792,,,cpu-thermal,63.625
1780555212.531792,,,gpu-thermal,64.156
1780555212.531792,,,soc0-thermal,62.0
1780555212.531792,,,soc1-thermal,61.531
1780555212.531792,,,soc2-thermal,62.156
1780555212.531792,,,tj-thermal,64.156
1780555212.6372263,VDD_IN,7281.6,,
1780555212.6372263,VDD_CPU_GPU_CV,2632.832,,
1780555212.6372263,VDD_SOC,1771.2,,
1780555212.6372263,,,cpu-thermal,64.0
1780555212.6372263,,,gpu-thermal,64.343
1780555212.6372263,,,soc0-thermal,62.156
1780555212.6372263,,,soc1-thermal,61.312
1780555212.6372263,,,soc2-thermal,62.187
1780555212.6372263,,,tj-thermal,64.343
1780555212.7427711,VDD_IN,7281.6,,
1780555212.7427711,VDD_CPU_GPU_CV,2593.536,,
1780555212.7427711,VDD_SOC,1771.2,,
1780555212.7427711,,,cpu-thermal,63.593
1780555212.7427711,,,gpu-thermal,64.0
1780555212.7427711,,,soc0-thermal,61.906
1780555212.7427711,,,soc1-thermal,61.375
1780555212.7427711,,,soc2-thermal,62.093
1780555212.7427711,,,tj-thermal,64.218
1780555212.84923,VDD_IN,7320.96,,
1780555212.84923,VDD_CPU_GPU_CV,2632.832,,
1780555212.84923,VDD_SOC,1771.2,,
1780555212.84923,,,cpu-thermal,63.5
1780555212.84923,,,gpu-thermal,64.093
1780555212.84923,,,soc0-thermal,62.0
1780555212.84923,,,soc1-thermal,61.437
1780555212.84923,,,soc2-thermal,62.031
1780555212.84923,,,tj-thermal,64.125
1780555212.9550133,VDD_IN,7360.32,,
1780555212.9550133,VDD_CPU_GPU_CV,2632.832,,
1780555212.9550133,VDD_SOC,1771.2,,
1780555212.9550133,,,cpu-thermal,63.75
1780555212.9550133,,,gpu-thermal,64.343
1780555212.9550133,,,soc0-thermal,62.125
1780555212.9550133,,,soc1-thermal,61.343
1780555212.9550133,,,soc2-thermal,62.187
1780555212.9550133,,,tj-thermal,64.343
1780555213.0604572,VDD_IN,7360.32,,
1780555213.0604572,VDD_CPU_GPU_CV,2672.128,,
1780555213.0604572,VDD_SOC,1771.2,,
1780555213.0604572,,,cpu-thermal,63.875
1780555213.0604572,,,gpu-thermal,64.281
1780555213.0604572,,,soc0-thermal,62.0
1780555213.0604572,,,soc1-thermal,61.343
1780555213.0604572,,,soc2-thermal,62.031
1780555213.0604572,,,tj-thermal,64.281
1780555213.1669269,VDD_IN,7360.32,,
1780555213.1669269,VDD_CPU_GPU_CV,2632.832,,
1780555213.1669269,VDD_SOC,1771.2,,
1780555213.1669269,,,cpu-thermal,63.968
1780555213.1669269,,,gpu-thermal,64.156
1780555213.1669269,,,soc0-thermal,62.062
1780555213.1669269,,,soc1-thermal,61.406
1780555213.1669269,,,soc2-thermal,62.093
1780555213.1669269,,,tj-thermal,64.156
1780555213.272686,VDD_IN,7320.96,,
1780555213.272686,VDD_CPU_GPU_CV,2632.832,,
1780555213.272686,VDD_SOC,1771.2,,
1780555213.272686,,,cpu-thermal,63.687
1780555213.272686,,,gpu-thermal,64.093
1780555213.272686,,,soc0-thermal,62.125
1780555213.272686,,,soc1-thermal,61.5
1780555213.272686,,,soc2-thermal,62.093
1780555213.272686,,,tj-thermal,64.093
1780555213.3786902,VDD_IN,7320.96,,
1780555213.3786902,VDD_CPU_GPU_CV,2632.832,,
1780555213.3786902,VDD_SOC,1771.2,,
1780555213.3786902,,,cpu-thermal,63.75
1780555213.3786902,,,gpu-thermal,64.062
1780555213.3786902,,,soc0-thermal,61.968
1780555213.3786902,,,soc1-thermal,61.437
1780555213.3786902,,,soc2-thermal,62.156
1780555213.3786902,,,tj-thermal,64.062
1780555213.484622,VDD_IN,7281.6,,
1780555213.484622,VDD_CPU_GPU_CV,2632.832,,
1780555213.484622,VDD_SOC,1771.2,,
1780555213.484622,,,cpu-thermal,63.625
1780555213.484622,,,gpu-thermal,64.343
1780555213.484622,,,soc0-thermal,61.968
1780555213.484622,,,soc1-thermal,61.375
1780555213.484622,,,soc2-thermal,62.156
1780555213.484622,,,tj-thermal,64.343
1780555213.5908704,VDD_IN,7360.32,,
1780555213.5908704,VDD_CPU_GPU_CV,2672.128,,
1780555213.5908704,VDD_SOC,1771.2,,
1780555213.5908704,,,cpu-thermal,63.812
1780555213.5908704,,,gpu-thermal,64.25
1780555213.5908704,,,soc0-thermal,62.156
1780555213.5908704,,,soc1-thermal,61.531
1780555213.5908704,,,soc2-thermal,62.093
1780555213.5908704,,,tj-thermal,64.25
1780555213.6971745,VDD_IN,7399.68,,
1780555213.6971745,VDD_CPU_GPU_CV,2667.776,,
1780555213.6971745,VDD_SOC,1768.32,,
1780555213.6971745,,,cpu-thermal,63.781
1780555213.6971745,,,gpu-thermal,64.187
1780555213.6971745,,,soc0-thermal,62.156
1780555213.6971745,,,soc1-thermal,61.375
1780555213.6971745,,,soc2-thermal,62.281
1780555213.6971745,,,tj-thermal,64.187
1780555213.802967,VDD_IN,7360.32,,
1780555213.802967,VDD_CPU_GPU_CV,2672.128,,
1780555213.802967,VDD_SOC,1771.2,,
1780555213.802967,,,cpu-thermal,63.625
1780555213.802967,,,gpu-thermal,64.312
1780555213.802967,,,soc0-thermal,62.031
1780555213.802967,,,soc1-thermal,61.406
1780555213.802967,,,soc2-thermal,62.062
1780555213.802967,,,tj-thermal,64.187
1780555213.908978,VDD_IN,7439.04,,
1780555213.908978,VDD_CPU_GPU_CV,2672.128,,
1780555213.908978,VDD_SOC,1771.2,,
1780555213.908978,,,cpu-thermal,63.593
1780555213.908978,,,gpu-thermal,64.312
1780555213.908978,,,soc0-thermal,62.093
1780555213.908978,,,soc1-thermal,61.468
1780555213.908978,,,soc2-thermal,62.125
1780555213.908978,,,tj-thermal,64.093
1780555214.0150168,VDD_IN,7439.04,,
1780555214.0150168,VDD_CPU_GPU_CV,2672.128,,
1780555214.0150168,VDD_SOC,1771.2,,
1780555214.0150168,,,cpu-thermal,63.562
1780555214.0150168,,,gpu-thermal,64.156
1780555214.0150168,,,soc0-thermal,62.187
1780555214.0150168,,,soc1-thermal,61.593
1780555214.0150168,,,soc2-thermal,62.187
1780555214.0150168,,,tj-thermal,64.156
1780555214.1205678,VDD_IN,7399.68,,
1780555214.1205678,VDD_CPU_GPU_CV,2672.128,,
1780555214.1205678,VDD_SOC,1771.2,,
1780555214.1205678,,,cpu-thermal,64.0
1780555214.1205678,,,gpu-thermal,64.062
1780555214.1205678,,,soc0-thermal,62.281
1780555214.1205678,,,soc1-thermal,61.468
1780555214.1205678,,,soc2-thermal,62.218
1780555214.1205678,,,tj-thermal,64.062
1780555214.2262425,VDD_IN,7399.68,,
1780555214.2262425,VDD_CPU_GPU_CV,2672.128,,
1780555214.2262425,VDD_SOC,1771.2,,
1780555214.2262425,,,cpu-thermal,63.593
1780555214.2262425,,,gpu-thermal,64.25
1780555214.2262425,,,soc0-thermal,62.062
1780555214.2262425,,,soc1-thermal,61.406
1780555214.2262425,,,soc2-thermal,62.218
1780555214.2262425,,,tj-thermal,64.25
1780555214.3331046,VDD_IN,7360.32,,
1780555214.3331046,VDD_CPU_GPU_CV,2632.832,,
1780555214.3331046,VDD_SOC,1771.2,,
1780555214.3331046,,,cpu-thermal,63.687
1780555214.3331046,,,gpu-thermal,64.468
1780555214.3331046,,,soc0-thermal,62.156
1780555214.3331046,,,soc1-thermal,61.468
1780555214.3331046,,,soc2-thermal,62.218
1780555214.3331046,,,tj-thermal,64.468
1780555214.4391305,VDD_IN,7360.32,,
1780555214.4391305,VDD_CPU_GPU_CV,2632.832,,
1780555214.4391305,VDD_SOC,1771.2,,
1780555214.4391305,,,cpu-thermal,63.875
1780555214.4391305,,,gpu-thermal,64.343
1780555214.4391305,,,soc0-thermal,62.218
1780555214.4391305,,,soc1-thermal,61.375
1780555214.4391305,,,soc2-thermal,62.343
1780555214.4391305,,,tj-thermal,64.343
1780555214.544961,VDD_IN,7320.96,,
1780555214.544961,VDD_CPU_GPU_CV,2632.832,,
1780555214.544961,VDD_SOC,1771.2,,
1780555214.544961,,,cpu-thermal,64.031
1780555214.544961,,,gpu-thermal,64.281
1780555214.544961,,,soc0-thermal,62.062
1780555214.544961,,,soc1-thermal,61.5
1780555214.544961,,,soc2-thermal,62.187
1780555214.544961,,,tj-thermal,64.281
1780555214.6513112,VDD_IN,7320.96,,
1780555214.6513112,VDD_CPU_GPU_CV,2632.832,,
1780555214.6513112,VDD_SOC,1771.2,,
1780555214.6513112,,,cpu-thermal,63.781
1780555214.6513112,,,gpu-thermal,64.187
1780555214.6513112,,,soc0-thermal,62.125
1780555214.6513112,,,soc1-thermal,61.531
1780555214.6513112,,,soc2-thermal,62.281
1780555214.6513112,,,tj-thermal,64.187
1780555214.7573495,VDD_IN,7281.6,,
1780555214.7573495,VDD_CPU_GPU_CV,2632.832,,
1780555214.7573495,VDD_SOC,1771.2,,
1780555214.7573495,,,cpu-thermal,63.718
1780555214.7573495,,,gpu-thermal,64.125
1780555214.7573495,,,soc0-thermal,62.187
1780555214.7573495,,,soc1-thermal,61.406
1780555214.7573495,,,soc2-thermal,62.312
1780555214.7573495,,,tj-thermal,64.125
1780555214.8632286,VDD_IN,7360.32,,
1780555214.8632286,VDD_CPU_GPU_CV,2632.832,,
1780555214.8632286,VDD_SOC,1771.2,,
1780555214.8632286,,,cpu-thermal,63.781
1780555214.8632286,,,gpu-thermal,64.312
1780555214.8632286,,,soc0-thermal,62.0
1780555214.8632286,,,soc1-thermal,61.468
1780555214.8632286,,,soc2-thermal,62.187
1780555214.8632286,,,tj-thermal,64.218
1780555214.9687693,VDD_IN,7399.68,,
1780555214.9687693,VDD_CPU_GPU_CV,2672.128,,
1780555214.9687693,VDD_SOC,1771.2,,
1780555214.9687693,,,cpu-thermal,63.625
1780555214.9687693,,,gpu-thermal,64.281
1780555214.9687693,,,soc0-thermal,62.031
1780555214.9687693,,,soc1-thermal,61.5
1780555214.9687693,,,soc2-thermal,62.156
1780555214.9687693,,,tj-thermal,64.281
1780555215.0745888,VDD_IN,7399.68,,
1780555215.0745888,VDD_CPU_GPU_CV,2672.128,,
1780555215.0745888,VDD_SOC,1771.2,,
1780555215.0745888,,,cpu-thermal,63.718
1780555215.0745888,,,gpu-thermal,64.156
1780555215.0745888,,,soc0-thermal,62.156
1780555215.0745888,,,soc1-thermal,61.562
1780555215.0745888,,,soc2-thermal,62.218
1780555215.0745888,,,tj-thermal,64.156
1780555215.1803904,VDD_IN,7360.32,,
1780555215.1803904,VDD_CPU_GPU_CV,2672.128,,
1780555215.1803904,VDD_SOC,1771.2,,
1780555215.1803904,,,cpu-thermal,63.687
1780555215.1803904,,,gpu-thermal,64.562
1780555215.1803904,,,soc0-thermal,62.281
1780555215.1803904,,,soc1-thermal,61.468
1780555215.1803904,,,soc2-thermal,62.25
1780555215.1803904,,,tj-thermal,64.562
1780555215.2862666,VDD_IN,7360.32,,
1780555215.2862666,VDD_CPU_GPU_CV,2632.832,,
1780555215.2862666,VDD_SOC,1771.2,,
1780555215.2862666,,,cpu-thermal,63.687
1780555215.2862666,,,gpu-thermal,64.375
1780555215.2862666,,,soc0-thermal,62.125
1780555215.2862666,,,soc1-thermal,61.437
1780555215.2862666,,,soc2-thermal,62.218
1780555215.2862666,,,tj-thermal,64.375
1780555215.3919177,VDD_IN,7320.96,,
1780555215.3919177,VDD_CPU_GPU_CV,2632.832,,
1780555215.3919177,VDD_SOC,1771.2,,
1780555215.3919177,,,cpu-thermal,63.718
1780555215.3919177,,,gpu-thermal,64.312
1780555215.3919177,,,soc0-thermal,62.093
1780555215.3919177,,,soc1-thermal,61.562
1780555215.3919177,,,soc2-thermal,62.281
1780555215.3919177,,,tj-thermal,64.312
1780555215.497646,VDD_IN,7320.96,,
1780555215.497646,VDD_CPU_GPU_CV,2632.832,,
1780555215.497646,VDD_SOC,1771.2,,
1780555215.497646,,,cpu-thermal,63.812
1780555215.497646,,,gpu-thermal,64.593
1780555215.497646,,,soc0-thermal,62.156
1780555215.497646,,,soc1-thermal,61.468
1780555215.497646,,,soc2-thermal,62.281
1780555215.497646,,,tj-thermal,64.25
1780555215.6031764,VDD_IN,7281.6,,
1780555215.6031764,VDD_CPU_GPU_CV,2632.832,,
1780555215.6031764,VDD_SOC,1771.2,,
1780555215.6031764,,,cpu-thermal,64.062
1780555215.6031764,,,gpu-thermal,64.312
1780555215.6031764,,,soc0-thermal,62.343
1780555215.6031764,,,soc1-thermal,61.468
1780555215.6031764,,,soc2-thermal,62.218
1780555215.6031764,,,tj-thermal,64.312
1780555215.7089431,VDD_IN,7281.6,,
1780555215.7089431,VDD_CPU_GPU_CV,2632.832,,
1780555215.7089431,VDD_SOC,1771.2,,
1780555215.7089431,,,cpu-thermal,63.656
1780555215.7089431,,,gpu-thermal,64.281
1780555215.7089431,,,soc0-thermal,62.156
1780555215.7089431,,,soc1-thermal,61.562
1780555215.7089431,,,soc2-thermal,62.187
1780555215.7089431,,,tj-thermal,64.156
1780555215.8159196,VDD_IN,7281.6,,
1780555215.8159196,VDD_CPU_GPU_CV,2632.832,,
1780555215.8159196,VDD_SOC,1771.2,,
1780555215.8159196,,,cpu-thermal,63.812
1780555215.8159196,,,gpu-thermal,64.312
1780555215.8159196,,,soc0-thermal,62.218
1780555215.8159196,,,soc1-thermal,61.562
1780555215.8159196,,,soc2-thermal,62.281
1780555215.8159196,,,tj-thermal,64.312
1780555215.9217017,VDD_IN,7360.32,,
1780555215.9217017,VDD_CPU_GPU_CV,2632.832,,
1780555215.9217017,VDD_SOC,1771.2,,
1780555215.9217017,,,cpu-thermal,63.937
1780555215.9217017,,,gpu-thermal,64.281
1780555215.9217017,,,soc0-thermal,62.312
1780555215.9217017,,,soc1-thermal,61.5
1780555215.9217017,,,soc2-thermal,62.281
1780555215.9217017,,,tj-thermal,64.281
1780555216.0271559,VDD_IN,7360.32,,
1780555216.0271559,VDD_CPU_GPU_CV,2672.128,,
1780555216.0271559,VDD_SOC,1810.56,,
1780555216.0271559,,,cpu-thermal,64.062
1780555216.0271559,,,gpu-thermal,64.281
1780555216.0271559,,,soc0-thermal,62.125
1780555216.0271559,,,soc1-thermal,61.468
1780555216.0271559,,,soc2-thermal,62.25
1780555216.0271559,,,tj-thermal,64.281
1780555216.1337328,VDD_IN,7360.32,,
1780555216.1337328,VDD_CPU_GPU_CV,2632.832,,
1780555216.1337328,VDD_SOC,1771.2,,
1780555216.1337328,,,cpu-thermal,63.75
1780555216.1337328,,,gpu-thermal,64.437
1780555216.1337328,,,soc0-thermal,62.156
1780555216.1337328,,,soc1-thermal,61.5
1780555216.1337328,,,soc2-thermal,62.312
1780555216.1337328,,,tj-thermal,64.437
1780555216.2391508,VDD_IN,7360.32,,
1780555216.2391508,VDD_CPU_GPU_CV,2632.832,,
1780555216.2391508,VDD_SOC,1771.2,,
1780555216.2391508,,,cpu-thermal,63.875
1780555216.2391508,,,gpu-thermal,64.312
1780555216.2391508,,,soc0-thermal,62.218
1780555216.2391508,,,soc1-thermal,61.656
1780555216.2391508,,,soc2-thermal,62.281
1780555216.2391508,,,tj-thermal,64.437
1780555216.3450193,VDD_IN,7320.96,,
1780555216.3450193,VDD_CPU_GPU_CV,2632.832,,
1780555216.3450193,VDD_SOC,1771.2,,
1780555216.3450193,,,cpu-thermal,63.968
1780555216.3450193,,,gpu-thermal,64.593
1780555216.3450193,,,soc0-thermal,62.187
1780555216.3450193,,,soc1-thermal,61.468
1780555216.3450193,,,soc2-thermal,62.281
1780555216.3450193,,,tj-thermal,64.25
1780555216.451276,VDD_IN,7320.96,,
1780555216.451276,VDD_CPU_GPU_CV,2632.832,,
1780555216.451276,VDD_SOC,1771.2,,
1780555216.451276,,,cpu-thermal,63.781
1780555216.451276,,,gpu-thermal,64.468
1780555216.451276,,,soc0-thermal,62.187
1780555216.451276,,,soc1-thermal,61.5
1780555216.451276,,,soc2-thermal,62.187
1780555216.451276,,,tj-thermal,64.281
1780555216.5573006,VDD_IN,7281.6,,
1780555216.5573006,VDD_CPU_GPU_CV,2632.832,,
1780555216.5573006,VDD_SOC,1771.2,,
1780555216.5573006,,,cpu-thermal,63.75
1780555216.5573006,,,gpu-thermal,64.312
1780555216.5573006,,,soc0-thermal,62.187
1780555216.5573006,,,soc1-thermal,61.656
1780555216.5573006,,,soc2-thermal,62.281
1780555216.5573006,,,tj-thermal,64.187
1780555216.6634374,VDD_IN,7320.96,,
1780555216.6634374,VDD_CPU_GPU_CV,2632.832,,
1780555216.6634374,VDD_SOC,1771.2,,
1780555216.6634374,,,cpu-thermal,63.906
1780555216.6634374,,,gpu-thermal,64.343
1780555216.6634374,,,soc0-thermal,62.25
1780555216.6634374,,,soc1-thermal,61.468
1780555216.6634374,,,soc2-thermal,62.375
1780555216.6634374,,,tj-thermal,64.343
1780555216.7693164,VDD_IN,7281.6,,
1780555216.7693164,VDD_CPU_GPU_CV,2593.536,,
1780555216.7693164,VDD_SOC,1768.32,,
1780555216.7693164,,,cpu-thermal,63.781
1780555216.7693164,,,gpu-thermal,64.312
1780555216.7693164,,,soc0-thermal,62.25
1780555216.7693164,,,soc1-thermal,61.531
1780555216.7693164,,,soc2-thermal,62.187
1780555216.7693164,,,tj-thermal,64.312
1780555216.875537,VDD_IN,7320.96,,
1780555216.875537,VDD_CPU_GPU_CV,2632.832,,
1780555216.875537,VDD_SOC,1771.2,,
1780555216.875537,,,cpu-thermal,63.75
1780555216.875537,,,gpu-thermal,64.281
1780555216.875537,,,soc0-thermal,62.187
1780555216.875537,,,soc1-thermal,61.625
1780555216.875537,,,soc2-thermal,62.25
1780555216.875537,,,tj-thermal,64.281
1780555216.981717,VDD_IN,7360.32,,
1780555216.981717,VDD_CPU_GPU_CV,2672.128,,
1780555216.981717,VDD_SOC,1771.2,,
1780555216.981717,,,cpu-thermal,64.062
1780555216.981717,,,gpu-thermal,64.593
1780555216.981717,,,soc0-thermal,62.343
1780555216.981717,,,soc1-thermal,61.5
1780555216.981717,,,soc2-thermal,62.281
1780555216.981717,,,tj-thermal,64.593
1780555217.087191,VDD_IN,7360.32,,
1780555217.087191,VDD_CPU_GPU_CV,2632.832,,
1780555217.087191,VDD_SOC,1771.2,,
1780555217.087191,,,cpu-thermal,63.781
1780555217.087191,,,gpu-thermal,64.437
1780555217.087191,,,soc0-thermal,62.125
1780555217.087191,,,soc1-thermal,61.531
1780555217.087191,,,soc2-thermal,62.343
1780555217.087191,,,tj-thermal,64.437
1780555217.193354,VDD_IN,7360.32,,
1780555217.193354,VDD_CPU_GPU_CV,2632.832,,
1780555217.193354,VDD_SOC,1771.2,,
1780555217.193354,,,cpu-thermal,63.781
1780555217.193354,,,gpu-thermal,64.312
1780555217.193354,,,soc0-thermal,62.187
1780555217.193354,,,soc1-thermal,61.687
1780555217.193354,,,soc2-thermal,62.375
1780555217.193354,,,tj-thermal,64.312
1780555217.2991266,VDD_IN,7360.32,,
1780555217.2991266,VDD_CPU_GPU_CV,2632.832,,
1780555217.2991266,VDD_SOC,1771.2,,
1780555217.2991266,,,cpu-thermal,63.937
1780555217.2991266,,,gpu-thermal,64.562
1780555217.2991266,,,soc0-thermal,62.312
1780555217.2991266,,,soc1-thermal,61.656
1780555217.2991266,,,soc2-thermal,62.343
1780555217.2991266,,,tj-thermal,64.281
1780555217.404595,VDD_IN,7360.32,,
1780555217.404595,VDD_CPU_GPU_CV,2589.312,,
1780555217.404595,VDD_SOC,1771.2,,
1780555217.404595,,,cpu-thermal,63.968
1780555217.404595,,,gpu-thermal,64.468
1780555217.404595,,,soc0-thermal,62.187
1780555217.404595,,,soc1-thermal,61.468
1780555217.404595,,,soc2-thermal,62.375
1780555217.404595,,,tj-thermal,64.468
1780555217.5103405,VDD_IN,7360.32,,
1780555217.5103405,VDD_CPU_GPU_CV,2589.312,,
1780555217.5103405,VDD_SOC,1768.32,,
1780555217.5103405,,,cpu-thermal,64.125
1780555217.5103405,,,gpu-thermal,64.375
1780555217.5103405,,,soc0-thermal,62.125
1780555217.5103405,,,soc1-thermal,61.562
1780555217.5103405,,,soc2-thermal,62.375
1780555217.5103405,,,tj-thermal,64.375
1780555217.6158044,VDD_IN,7320.96,,
1780555217.6158044,VDD_CPU_GPU_CV,2628.544,,
1780555217.6158044,VDD_SOC,1768.32,,
1780555217.6158044,,,cpu-thermal,63.812
1780555217.6158044,,,gpu-thermal,64.312
1780555217.6158044,,,soc0-thermal,62.25
1780555217.6158044,,,soc1-thermal,61.625
1780555217.6158044,,,soc2-thermal,62.281
1780555217.6158044,,,tj-thermal,64.312
1780555217.72119,VDD_IN,7281.6,,
1780555217.72119,VDD_CPU_GPU_CV,2628.544,,
1780555217.72119,VDD_SOC,1768.32,,
1780555217.72119,,,cpu-thermal,63.906
1780555217.72119,,,gpu-thermal,64.187
1780555217.72119,,,soc0-thermal,62.312
1780555217.72119,,,soc1-thermal,61.5
1780555217.72119,,,soc2-thermal,62.375
1780555217.72119,,,tj-thermal,64.187
1780555217.8268366,VDD_IN,7281.6,,
1780555217.8268366,VDD_CPU_GPU_CV,2632.832,,
1780555217.8268366,VDD_SOC,1771.2,,
1780555217.8268366,,,cpu-thermal,64.031
1780555217.8268366,,,gpu-thermal,64.343
1780555217.8268366,,,soc0-thermal,62.375
1780555217.8268366,,,soc1-thermal,61.531
1780555217.8268366,,,soc2-thermal,62.343
1780555217.8268366,,,tj-thermal,64.593
1780555217.9325957,VDD_IN,7360.32,,
1780555217.9325957,VDD_CPU_GPU_CV,2632.832,,
1780555217.9325957,VDD_SOC,1771.2,,
1780555217.9325957,,,cpu-thermal,64.062
1780555217.9325957,,,gpu-thermal,64.343
1780555217.9325957,,,soc0-thermal,62.343
1780555217.9325957,,,soc1-thermal,61.625
1780555217.9325957,,,soc2-thermal,62.343
1780555217.9325957,,,tj-thermal,64.343
1780555218.037917,VDD_IN,7360.32,,
1780555218.037917,VDD_CPU_GPU_CV,2632.832,,
1780555218.037917,VDD_SOC,1810.56,,
1780555218.037917,,,cpu-thermal,63.781
1780555218.037917,,,gpu-thermal,64.218
1780555218.037917,,,soc0-thermal,62.281
1780555218.037917,,,soc1-thermal,61.531
1780555218.037917,,,soc2-thermal,62.375
1780555218.037917,,,tj-thermal,64.218
1780555218.143338,VDD_IN,7320.96,,
1780555218.143338,VDD_CPU_GPU_CV,2632.832,,
1780555218.143338,VDD_SOC,1771.2,,
1780555218.143338,,,cpu-thermal,63.875
1780555218.143338,,,gpu-thermal,64.593
1780555218.143338,,,soc0-thermal,62.281
1780555218.143338,,,soc1-thermal,61.718
1780555218.143338,,,soc2-thermal,62.375
1780555218.143338,,,tj-thermal,64.593
1780555218.2493236,VDD_IN,7360.32,,
1780555218.2493236,VDD_CPU_GPU_CV,2672.128,,
1780555218.2493236,VDD_SOC,1771.2,,
1780555218.2493236,,,cpu-thermal,64.062
1780555218.2493236,,,gpu-thermal,64.312
1780555218.2493236,,,soc0-thermal,62.218
1780555218.2493236,,,soc1-thermal,61.5
1780555218.2493236,,,soc2-thermal,62.343
1780555218.2493236,,,tj-thermal,64.406
1780555218.3548696,VDD_IN,7320.96,,
1780555218.3548696,VDD_CPU_GPU_CV,2632.832,,
1780555218.3548696,VDD_SOC,1771.2,,
1780555218.3548696,,,cpu-thermal,63.75
1780555218.3548696,,,gpu-thermal,64.218
1780555218.3548696,,,soc0-thermal,62.187
1780555218.3548696,,,soc1-thermal,61.625
1780555218.3548696,,,soc2-thermal,62.312
1780555218.3548696,,,tj-thermal,64.218
1780555218.4603813,VDD_IN,7281.6,,
1780555218.4603813,VDD_CPU_GPU_CV,2632.832,,
1780555218.4603813,VDD_SOC,1771.2,,
1780555218.4603813,,,cpu-thermal,63.968
1780555218.4603813,,,gpu-thermal,64.593
1780555218.4603813,,,soc0-thermal,62.25
1780555218.4603813,,,soc1-thermal,61.656
1780555218.4603813,,,soc2-thermal,62.375
1780555218.4603813,,,tj-thermal,64.593
