t,rail,mW,zone,C
1780559541.1685872,VDD_IN,5277.44,,
1780559541.1685872,VDD_CPU_GPU_CV,1109.248,,
1780559541.1685872,VDD_SOC,1505.408,,
1780559541.1685872,,,cpu-thermal,49.937
1780559541.1685872,,,gpu-thermal,49.906
1780559541.1685872,,,soc0-thermal,48.437
1780559541.1685872,,,soc1-thermal,47.718
1780559541.1685872,,,soc2-thermal,47.875
1780559541.1685872,,,tj-thermal,49.937
1780559541.274848,VDD_IN,5150.08,,
1780559541.274848,VDD_CPU_GPU_CV,1069.632,,
1780559541.274848,VDD_SOC,1505.408,,
1780559541.274848,,,cpu-thermal,49.781
1780559541.274848,,,gpu-thermal,49.875
1780559541.274848,,,soc0-thermal,48.312
1780559541.274848,,,soc1-thermal,47.875
1780559541.274848,,,soc2-thermal,47.937
1780559541.274848,,,tj-thermal,49.875
1780559541.380985,VDD_IN,4968.0,,
1780559541.380985,VDD_CPU_GPU_CV,992.0,,
1780559541.380985,VDD_SOC,1468.16,,
1780559541.380985,,,cpu-thermal,49.5
1780559541.380985,,,gpu-thermal,50.187
1780559541.380985,,,soc0-thermal,48.281
1780559541.380985,,,soc1-thermal,48.031
1780559541.380985,,,soc2-thermal,47.812
1780559541.380985,,,tj-thermal,50.187
1780559541.487027,VDD_IN,4888.512,,
1780559541.487027,VDD_CPU_GPU_CV,953.856,,
1780559541.487027,VDD_SOC,1470.528,,
1780559541.487027,,,cpu-thermal,49.531
1780559541.487027,,,gpu-thermal,50.0
1780559541.487027,,,soc0-thermal,48.406
1780559541.487027,,,soc1-thermal,47.75
1780559541.487027,,,soc2-thermal,47.937
1780559541.487027,,,tj-thermal,50.0
1780559541.5930467,VDD_IN,4848.768,,
1780559541.5930467,VDD_CPU_GPU_CV,953.856,,
1780559541.5930467,VDD_SOC,1470.528,,
1780559541.5930467,,,cpu-thermal,49.625
1780559541.5930467,,,gpu-thermal,49.937
1780559541.5930467,,,soc0-thermal,48.25
1780559541.5930467,,,soc1-thermal,47.812
1780559541.5930467,,,soc2-thermal,47.968
1780559541.5930467,,,tj-thermal,49.937
1780559541.699302,VDD_IN,4856.576,,
1780559541.699302,VDD_CPU_GPU_CV,953.856,,
1780559541.699302,VDD_SOC,1470.528,,
1780559541.699302,,,cpu-thermal,49.531
1780559541.699302,,,gpu-thermal,49.906
1780559541.699302,,,soc0-thermal,48.25
1780559541.699302,,,soc1-thermal,47.968
1780559541.699302,,,soc2-thermal,47.906
1780559541.699302,,,tj-thermal,49.906
1780559541.8058374,VDD_IN,4816.768,,
1780559541.8058374,VDD_CPU_GPU_CV,953.856,,
1780559541.8058374,VDD_SOC,1472.896,,
1780559541.8058374,,,cpu-thermal,49.593
1780559541.8058374,,,gpu-thermal,50.031
1780559541.8058374,,,soc0-thermal,48.406
1780559541.8058374,,,soc1-thermal,47.781
1780559541.8058374,,,soc2-thermal,47.875
1780559541.8058374,,,tj-thermal,49.843
1780559541.9119236,VDD_IN,4816.768,,
1780559541.9119236,VDD_CPU_GPU_CV,953.856,,
1780559541.9119236,VDD_SOC,1472.896,,
1780559541.9119236,,,cpu-thermal,49.531
1780559541.9119236,,,gpu-thermal,49.906
1780559541.9119236,,,soc0-thermal,48.187
1780559541.9119236,,,soc1-thermal,47.781
1780559541.9119236,,,soc2-thermal,47.906
1780559541.9119236,,,tj-thermal,50.25
1780559542.0179787,VDD_IN,4816.768,,
1780559542.0179787,VDD_CPU_GPU_CV,993.6,,
1780559542.0179787,VDD_SOC,1472.896,,
1780559542.0179787,,,cpu-thermal,49.781
1780559542.0179787,,,gpu-thermal,49.937
1780559542.0179787,,,soc0-thermal,48.25
1780559542.0179787,,,soc1-thermal,47.875
1780559542.0179787,,,soc2-thermal,47.875
1780559542.0179787,,,tj-thermal,50.187
1780559542.1239974,VDD_IN,4816.768,,
1780559542.1239974,VDD_CPU_GPU_CV,993.6,,
1780559542.1239974,VDD_SOC,1472.896,,
1780559542.1239974,,,cpu-thermal,49.937
1780559542.1239974,,,gpu-thermal,49.812
1780559542.1239974,,,soc0-thermal,48.218
1780559542.1239974,,,soc1-thermal,47.968
1780559542.1239974,,,soc2-thermal,47.812
1780559542.1239974,,,tj-thermal,49.937
1780559542.230051,VDD_IN,4816.768,,
1780559542.230051,VDD_CPU_GPU_CV,995.2,,
1780559542.230051,VDD_SOC,1472.896,,
1780559542.230051,,,cpu-thermal,49.562
1780559542.230051,,,gpu-thermal,50.125
1780559542.230051,,,soc0-thermal,48.156
1780559542.230051,,,soc1-thermal,47.781
1780559542.230051,,,soc2-thermal,47.781
1780559542.230051,,,tj-thermal,50.125
1780559542.3361697,VDD_IN,4744.768,,
1780559542.3361697,VDD_CPU_GPU_CV,955.392,,
1780559542.3361697,VDD_SOC,1472.896,,
1780559542.3361697,,,cpu-thermal,49.531
1780559542.3361697,,,gpu-thermal,50.0
1780559542.3361697,,,soc0-thermal,48.187
1780559542.3361697,,,soc1-thermal,47.75
1780559542.3361697,,,soc2-thermal,47.937
1780559542.3361697,,,tj-thermal,50.0
1780559542.4422364,VDD_IN,4665.024,,
1780559542.4422364,VDD_CPU_GPU_CV,875.776,,
1780559542.4422364,VDD_SOC,1435.392,,
1780559542.4422364,,,cpu-thermal,49.656
1780559542.4422364,,,gpu-thermal,49.843
1780559542.4422364,,,soc0-thermal,48.25
1780559542.4422364,,,soc1-thermal,47.875
1780559542.4422364,,,soc2-thermal,47.812
1780559542.4422364,,,tj-thermal,49.843
1780559542.548026,VDD_IN,4665.024,,
1780559542.548026,VDD_CPU_GPU_CV,915.584,,
1780559542.548026,VDD_SOC,1435.392,,
1780559542.548026,,,cpu-thermal,49.468
1780559542.548026,,,gpu-thermal,49.843
1780559542.548026,,,soc0-thermal,48.187
1780559542.548026,,,soc1-thermal,47.718
1780559542.548026,,,soc2-thermal,47.812
1780559542.548026,,,tj-thermal,49.843
1780559542.6544683,VDD_IN,4704.896,,
1780559542.6544683,VDD_CPU_GPU_CV,915.584,,
1780559542.6544683,VDD_SOC,1435.392,,
1780559542.6544683,,,cpu-thermal,49.593
1780559542.6544683,,,gpu-thermal,49.781
1780559542.6544683,,,soc0-thermal,48.125
1780559542.6544683,,,soc1-thermal,47.718
1780559542.6544683,,,soc2-thermal,47.812
1780559542.6544683,,,tj-thermal,49.781
1780559542.7606962,VDD_IN,4704.896,,
1780559542.7606962,VDD_CPU_GPU_CV,915.584,,
1780559542.7606962,VDD_SOC,1435.392,,
1780559542.7606962,,,cpu-thermal,49.468
1780559542.7606962,,,gpu-thermal,50.187
1780559542.7606962,,,soc0-thermal,48.125
1780559542.7606962,,,soc1-thermal,47.781
1780559542.7606962,,,soc2-thermal,47.75
1780559542.7606962,,,tj-thermal,50.187
1780559542.8673549,VDD_IN,4744.768,,
1780559542.8673549,VDD_CPU_GPU_CV,955.392,,
1780559542.8673549,VDD_SOC,1435.392,,
1780559542.8673549,,,cpu-thermal,49.437
1780559542.8673549,,,gpu-thermal,49.937
1780559542.8673549,,,soc0-thermal,48.218
1780559542.8673549,,,soc1-thermal,47.625
1780559542.8673549,,,soc2-thermal,47.781
1780559542.8673549,,,tj-thermal,49.937
1780559542.9736705,VDD_IN,4784.64,,
1780559542.9736705,VDD_CPU_GPU_CV,955.392,,
1780559542.9736705,VDD_SOC,1472.896,,
1780559542.9736705,,,cpu-thermal,49.531
1780559542.9736705,,,gpu-thermal,49.843
1780559542.9736705,,,soc0-thermal,48.125
1780559542.9736705,,,soc1-thermal,47.75
1780559542.9736705,,,soc2-thermal,47.812
1780559542.9736705,,,tj-thermal,49.843
1780559543.0799537,VDD_IN,4784.64,,
1780559543.0799537,VDD_CPU_GPU_CV,955.392,,
1780559543.0799537,VDD_SOC,1472.896,,
1780559543.0799537,,,cpu-thermal,49.718
1780559543.0799537,,,gpu-thermal,49.812
1780559543.0799537,,,soc0-thermal,48.125
1780559543.0799537,,,soc1-thermal,47.812
1780559543.0799537,,,soc2-thermal,47.687
1780559543.0799537,,,tj-thermal,49.812
1780559543.1864004,VDD_IN,4744.768,,
1780559543.1864004,VDD_CPU_GPU_CV,955.392,,
1780559543.1864004,VDD_SOC,1472.896,,
1780559543.1864004,,,cpu-thermal,49.406
1780559543.1864004,,,gpu-thermal,49.781
1780559543.1864004,,,soc0-thermal,48.25
1780559543.1864004,,,soc1-thermal,47.562
1780559543.1864004,,,soc2-thermal,47.718
1780559543.1864004,,,tj-thermal,49.781
1780559543.2925448,VDD_IN,4704.896,,
1780559543.2925448,VDD_CPU_GPU_CV,915.584,,
1780559543.2925448,VDD_SOC,1435.392,,
1780559543.2925448,,,cpu-thermal,49.531
1780559543.2925448,,,gpu-thermal,49.75
1780559543.2925448,,,soc0-thermal,48.062
1780559543.2925448,,,soc1-thermal,47.687
1780559543.2925448,,,soc2-thermal,47.718
1780559543.2925448,,,tj-thermal,49.75
1780559543.3986356,VDD_IN,4665.024,,
1780559543.3986356,VDD_CPU_GPU_CV,877.184,,
1780559543.3986356,VDD_SOC,1435.392,,
1780559543.3986356,,,cpu-thermal,49.5
1780559543.3986356,,,gpu-thermal,50.062
1780559543.3986356,,,soc0-thermal,48.156
1780559543.3986356,,,soc1-thermal,47.687
1780559543.3986356,,,soc2-thermal,47.718
1780559543.3986356,,,tj-thermal,50.062
1780559543.50457,VDD_IN,4665.024,,
1780559543.50457,VDD_CPU_GPU_CV,877.184,,
1780559543.50457,VDD_SOC,1435.392,,
1780559543.50457,,,cpu-thermal,49.718
1780559543.50457,,,gpu-thermal,49.75
1780559543.50457,,,soc0-thermal,48.093
1780559543.50457,,,soc1-thermal,47.531
1780559543.50457,,,soc2-thermal,47.718
1780559543.50457,,,tj-thermal,49.906
1780559543.6106613,VDD_IN,4665.024,,
1780559543.6106613,VDD_CPU_GPU_CV,877.184,,
1780559543.6106613,VDD_SOC,1435.392,,
1780559543.6106613,,,cpu-thermal,49.406
1780559543.6106613,,,gpu-thermal,50.125
1780559543.6106613,,,soc0-thermal,48.093
1780559543.6106613,,,soc1-thermal,47.531
1780559543.6106613,,,soc2-thermal,47.656
1780559543.6106613,,,tj-thermal,49.75
1780559543.7168562,VDD_IN,4704.896,,
1780559543.7168562,VDD_CPU_GPU_CV,917.056,,
1780559543.7168562,VDD_SOC,1435.392,,
1780559543.7168562,,,cpu-thermal,49.437
1780559543.7168562,,,gpu-thermal,49.906
1780559543.7168562,,,soc0-thermal,48.0
1780559543.7168562,,,soc1-thermal,47.625
1780559543.7168562,,,soc2-thermal,47.75
1780559543.7168562,,,tj-thermal,49.687
1780559543.8230374,VDD_IN,4704.896,,
1780559543.8230374,VDD_CPU_GPU_CV,917.056,,
1780559543.8230374,VDD_SOC,1435.392,,
1780559543.8230374,,,cpu-thermal,49.406
1780559543.8230374,,,gpu-thermal,49.781
1780559543.8230374,,,soc0-thermal,48.093
1780559543.8230374,,,soc1-thermal,47.75
1780559543.8230374,,,soc2-thermal,47.687
1780559543.8230374,,,tj-thermal,49.75
1780559543.9293017,VDD_IN,4712.448,,
1780559543.9293017,VDD_CPU_GPU_CV,917.056,,
1780559543.9293017,VDD_SOC,1435.392,,
1780559543.9293017,,,cpu-thermal,49.468
1780559543.9293017,,,gpu-thermal,49.687
1780559543.9293017,,,soc0-thermal,48.187
1780559543.9293017,,,soc1-thermal,47.562
1780559543.9293017,,,soc2-thermal,47.687
1780559543.9293017,,,tj-thermal,50.031
1780559544.0356596,VDD_IN,4744.768,,
1780559544.0356596,VDD_CPU_GPU_CV,956.928,,
1780559544.0356596,VDD_SOC,1435.392,,
1780559544.0356596,,,cpu-thermal,49.375
1780559544.0356596,,,gpu-thermal,49.75
1780559544.0356596,,,soc0-thermal,48.031
1780559544.0356596,,,soc1-thermal,47.562
1780559544.0356596,,,soc2-thermal,47.75
1780559544.0356596,,,tj-thermal,49.843
1780559544.1418266,VDD_IN,4744.768,,
1780559544.1418266,VDD_CPU_GPU_CV,956.928,,
1780559544.1418266,VDD_SOC,1435.392,,
1780559544.1418266,,,cpu-thermal,49.281
1780559544.1418266,,,gpu-thermal,49.625
1780559544.1418266,,,soc0-thermal,48.031
1780559544.1418266,,,soc1-thermal,47.656
1780559544.1418266,,,soc2-thermal,47.687
1780559544.1418266,,,tj-thermal,49.718
1780559544.2482038,VDD_IN,4752.384,,
1780559544.2482038,VDD_CPU_GPU_CV,956.928,,
1780559544.2482038,VDD_SOC,1435.392,,
1780559544.2482038,,,cpu-thermal,49.281
1780559544.2482038,,,gpu-thermal,49.968
1780559544.2482038,,,soc0-thermal,48.156
1780559544.2482038,,,soc1-thermal,47.5
1780559544.2482038,,,soc2-thermal,47.593
1780559544.2482038,,,tj-thermal,49.968
1780559544.3543506,VDD_IN,4672.512,,
1780559544.3543506,VDD_CPU_GPU_CV,877.184,,
1780559544.3543506,VDD_SOC,1437.696,,
1780559544.3543506,,,cpu-thermal,49.406
1780559544.3543506,,,gpu-thermal,49.75
1780559544.3543506,,,soc0-thermal,48.0
1780559544.3543506,,,soc1-thermal,47.625
1780559544.3543506,,,soc2-thermal,47.562
1780559544.3543506,,,tj-thermal,49.75
1780559544.4600594,VDD_IN,4592.64,,
1780559544.4600594,VDD_CPU_GPU_CV,837.312,,
1780559544.4600594,VDD_SOC,1437.696,,
1780559544.4600594,,,cpu-thermal,49.531
1780559544.4600594,,,gpu-thermal,49.687
1780559544.4600594,,,soc0-thermal,48.062
1780559544.4600594,,,soc1-thermal,47.593
1780559544.4600594,,,soc2-thermal,47.687
1780559544.4600594,,,tj-thermal,49.687
1780559544.5658717,VDD_IN,4632.576,,
1780559544.5658717,VDD_CPU_GPU_CV,877.184,,
1780559544.5658717,VDD_SOC,1437.696,,
1780559544.5658717,,,cpu-thermal,49.718
1780559544.5658717,,,gpu-thermal,49.656
1780559544.5658717,,,soc0-thermal,48.093
1780559544.5658717,,,soc1-thermal,47.75
1780559544.5658717,,,soc2-thermal,47.593
1780559544.5658717,,,tj-thermal,49.718
1780559544.6719856,VDD_IN,4712.448,,
1780559544.6719856,VDD_CPU_GPU_CV,917.056,,
1780559544.6719856,VDD_SOC,1437.696,,
1780559544.6719856,,,cpu-thermal,49.437
1780559544.6719856,,,gpu-thermal,49.625
1780559544.6719856,,,soc0-thermal,47.937
1780559544.6719856,,,soc1-thermal,47.531
1780559544.6719856,,,soc2-thermal,47.625
1780559544.6719856,,,tj-thermal,49.625
1780559544.77808,VDD_IN,4712.448,,
1780559544.77808,VDD_CPU_GPU_CV,917.056,,
1780559544.77808,VDD_SOC,1435.392,,
1780559544.77808,,,cpu-thermal,49.437
1780559544.77808,,,gpu-thermal,50.062
1780559544.77808,,,soc0-thermal,47.843
1780559544.77808,,,soc1-thermal,47.531
1780559544.77808,,,soc2-thermal,47.593
1780559544.77808,,,tj-thermal,50.062
1780559544.884209,VDD_IN,4712.448,,
1780559544.884209,VDD_CPU_GPU_CV,917.056,,
1780559544.884209,VDD_SOC,1435.392,,
1780559544.884209,,,cpu-thermal,49.5
1780559544.884209,,,gpu-thermal,49.843
1780559544.884209,,,soc0-thermal,47.968
1780559544.884209,,,soc1-thermal,47.656
1780559544.884209,,,soc2-thermal,47.593
1780559544.884209,,,tj-thermal,49.843
1780559544.9903781,VDD_IN,4752.384,,
1780559544.9903781,VDD_CPU_GPU_CV,956.928,,
1780559544.9903781,VDD_SOC,1435.392,,
1780559544.9903781,,,cpu-thermal,49.25
1780559544.9903781,,,gpu-thermal,49.562
1780559544.9903781,,,soc0-thermal,47.937
1780559544.9903781,,,soc1-thermal,47.437
1780559544.9903781,,,soc2-thermal,47.5
1780559544.9903781,,,tj-thermal,49.718
1780559545.0966258,VDD_IN,4752.384,,
1780559545.0966258,VDD_CPU_GPU_CV,956.928,,
1780559545.0966258,VDD_SOC,1435.392,,
1780559545.0966258,,,cpu-thermal,49.406
1780559545.0966258,,,gpu-thermal,49.937
1780559545.0966258,,,soc0-thermal,47.906
1780559545.0966258,,,soc1-thermal,47.468
1780559545.0966258,,,soc2-thermal,47.562
1780559545.0966258,,,tj-thermal,49.656
1780559545.2030654,VDD_IN,4744.768,,
1780559545.2030654,VDD_CPU_GPU_CV,956.928,,
1780559545.2030654,VDD_SOC,1435.392,,
1780559545.2030654,,,cpu-thermal,49.281
1780559545.2030654,,,gpu-thermal,49.75
1780559545.2030654,,,soc0-thermal,47.906
1780559545.2030654,,,soc1-thermal,47.687
1780559545.2030654,,,soc2-thermal,47.437
1780559545.2030654,,,tj-thermal,49.562
1780559545.3092592,VDD_IN,4712.448,,
1780559545.3092592,VDD_CPU_GPU_CV,956.928,,
1780559545.3092592,VDD_SOC,1437.696,,
1780559545.3092592,,,cpu-thermal,49.187
1780559545.3092592,,,gpu-thermal,49.593
1780559545.3092592,,,soc0-thermal,48.062
1780559545.3092592,,,soc1-thermal,47.406
1780559545.3092592,,,soc2-thermal,47.468
1780559545.3092592,,,tj-thermal,49.406
1780559545.4153893,VDD_IN,4672.512,,
1780559545.4153893,VDD_CPU_GPU_CV,877.184,,
1780559545.4153893,VDD_SOC,1437.696,,
1780559545.4153893,,,cpu-thermal,49.218
1780559545.4153893,,,gpu-thermal,49.593
1780559545.4153893,,,soc0-thermal,47.843
1780559545.4153893,,,soc1-thermal,47.406
1780559545.4153893,,,soc2-thermal,47.562
1780559545.4153893,,,tj-thermal,49.843
1780559545.521351,VDD_IN,4672.512,,
1780559545.521351,VDD_CPU_GPU_CV,877.184,,
1780559545.521351,VDD_SOC,1437.696,,
1780559545.521351,,,cpu-thermal,49.531
1780559545.521351,,,gpu-thermal,49.531
1780559545.521351,,,soc0-thermal,47.875
1780559545.521351,,,soc1-thermal,47.562
1780559545.521351,,,soc2-thermal,47.468
1780559545.521351,,,tj-thermal,49.531
1780559545.627535,VDD_IN,4672.512,,
1780559545.627535,VDD_CPU_GPU_CV,917.056,,
1780559545.627535,VDD_SOC,1437.696,,
1780559545.627535,,,cpu-thermal,49.156
1780559545.627535,,,gpu-thermal,49.968
1780559545.627535,,,soc0-thermal,48.062
1780559545.627535,,,soc1-thermal,47.343
1780559545.627535,,,soc2-thermal,47.531
1780559545.627535,,,tj-thermal,49.531
1780559545.7340167,VDD_IN,4712.448,,
1780559545.7340167,VDD_CPU_GPU_CV,917.056,,
1780559545.7340167,VDD_SOC,1435.392,,
1780559545.7340167,,,cpu-thermal,49.312
1780559545.7340167,,,gpu-thermal,49.781
1780559545.7340167,,,soc0-thermal,47.843
1780559545.7340167,,,soc1-thermal,47.312
1780559545.7340167,,,soc2-thermal,47.5
1780559545.7340167,,,tj-thermal,49.781
1780559545.8400986,VDD_IN,4712.448,,
1780559545.8400986,VDD_CPU_GPU_CV,917.056,,
1780559545.8400986,VDD_SOC,1437.696,,
1780559545.8400986,,,cpu-thermal,49.312
1780559545.8400986,,,gpu-thermal,49.656
1780559545.8400986,,,soc0-thermal,47.812
1780559545.8400986,,,soc1-thermal,47.5
1780559545.8400986,,,soc2-thermal,47.593
1780559545.8400986,,,tj-thermal,49.656
1780559545.9461634,VDD_IN,4752.384,,
1780559545.9461634,VDD_CPU_GPU_CV,956.928,,
1780559545.9461634,VDD_SOC,1435.392,,
1780559545.9461634,,,cpu-thermal,49.531
1780559545.9461634,,,gpu-thermal,49.593
1780559545.9461634,,,soc0-thermal,47.937
1780559545.9461634,,,soc1-thermal,47.312
1780559545.9461634,,,soc2-thermal,47.406
1780559545.9461634,,,tj-thermal,49.593
1780559546.0525513,VDD_IN,4784.64,,
1780559546.0525513,VDD_CPU_GPU_CV,956.928,,
1780559546.0525513,VDD_SOC,1435.392,,
1780559546.0525513,,,cpu-thermal,49.281
1780559546.0525513,,,gpu-thermal,49.531
1780559546.0525513,,,soc0-thermal,47.875
1780559546.0525513,,,soc1-thermal,47.406
1780559546.0525513,,,soc2-thermal,47.531
1780559546.0525513,,,tj-thermal,49.531
1780559546.158911,VDD_IN,4744.768,,
1780559546.158911,VDD_CPU_GPU_CV,956.928,,
1780559546.158911,VDD_SOC,1435.392,,
1780559546.158911,,,cpu-thermal,49.156
1780559546.158911,,,gpu-thermal,49.468
1780559546.158911,,,soc0-thermal,47.843
1780559546.158911,,,soc1-thermal,47.406
1780559546.158911,,,soc2-thermal,47.5
1780559546.158911,,,tj-thermal,49.468
1780559546.265244,VDD_IN,4752.384,,
1780559546.265244,VDD_CPU_GPU_CV,956.928,,
1780559546.265244,VDD_SOC,1435.392,,
1780559546.265244,,,cpu-thermal,49.156
1780559546.265244,,,gpu-thermal,49.75
1780559546.265244,,,soc0-thermal,47.875
1780559546.265244,,,soc1-thermal,47.343
1780559546.265244,,,soc2-thermal,47.406
1780559546.265244,,,tj-thermal,49.75
1780559546.371379,VDD_IN,4672.512,,
1780559546.371379,VDD_CPU_GPU_CV,877.184,,
1780559546.371379,VDD_SOC,1437.696,,
1780559546.371379,,,cpu-thermal,49.156
1780559546.371379,,,gpu-thermal,49.625
1780559546.371379,,,soc0-thermal,47.968
1780559546.371379,,,soc1-thermal,47.406
1780559546.371379,,,soc2-thermal,47.343
1780559546.371379,,,tj-thermal,49.625
1780559546.4771686,VDD_IN,4632.576,,
1780559546.4771686,VDD_CPU_GPU_CV,877.184,,
1780559546.4771686,VDD_SOC,1437.696,,
1780559546.4771686,,,cpu-thermal,49.187
1780559546.4771686,,,gpu-thermal,49.531
1780559546.4771686,,,soc0-thermal,47.875
1780559546.4771686,,,soc1-thermal,47.343
1780559546.4771686,,,soc2-thermal,47.468
1780559546.4771686,,,tj-thermal,49.531
1780559546.583858,VDD_IN,4672.512,,
1780559546.583858,VDD_CPU_GPU_CV,877.184,,
1780559546.583858,VDD_SOC,1437.696,,
1780559546.583858,,,cpu-thermal,49.125
1780559546.583858,,,gpu-thermal,49.5
1780559546.583858,,,soc0-thermal,47.843
1780559546.583858,,,soc1-thermal,47.531
1780559546.583858,,,soc2-thermal,47.406
1780559546.583858,,,tj-thermal,49.5
1780559546.6900368,VDD_IN,4672.512,,
1780559546.6900368,VDD_CPU_GPU_CV,877.184,,
1780559546.6900368,VDD_SOC,1435.392,,
1780559546.6900368,,,cpu-thermal,49.156
1780559546.6900368,,,gpu-thermal,49.406
1780559546.6900368,,,soc0-thermal,47.968
1780559546.6900368,,,soc1-thermal,47.312
1780559546.6900368,,,soc2-thermal,47.406
1780559546.6900368,,,tj-thermal,49.406
1780559546.7962053,VDD_IN,4672.512,,
1780559546.7962053,VDD_CPU_GPU_CV,917.056,,
1780559546.7962053,VDD_SOC,1435.392,,
1780559546.7962053,,,cpu-thermal,49.343
1780559546.7962053,,,gpu-thermal,49.875
1780559546.7962053,,,soc0-thermal,47.781
1780559546.7962053,,,soc1-thermal,47.406
1780559546.7962053,,,soc2-thermal,47.406
1780559546.7962053,,,tj-thermal,49.875
1780559546.9026134,VDD_IN,4665.024,,
1780559546.9026134,VDD_CPU_GPU_CV,917.056,,
1780559546.9026134,VDD_SOC,1435.392,,
1780559546.9026134,,,cpu-thermal,49.468
1780559546.9026134,,,gpu-thermal,49.687
1780559546.9026134,,,soc0-thermal,47.75
1780559546.9026134,,,soc1-thermal,47.437
1780559546.9026134,,,soc2-thermal,47.375
1780559546.9026134,,,tj-thermal,49.687
1780559547.0088415,VDD_IN,4704.896,,
1780559547.0088415,VDD_CPU_GPU_CV,917.056,,
1780559547.0088415,VDD_SOC,1435.392,,
1780559547.0088415,,,cpu-thermal,49.187
1780559547.0088415,,,gpu-thermal,49.5
1780559547.0088415,,,soc0-thermal,47.906
1780559547.0088415,,,soc1-thermal,47.281
1780559547.0088415,,,soc2-thermal,47.406
1780559547.0088415,,,tj-thermal,49.5
1780559547.1155617,VDD_IN,4704.896,,
1780559547.1155617,VDD_CPU_GPU_CV,917.056,,
1780559547.1155617,VDD_SOC,1435.392,,
1780559547.1155617,,,cpu-thermal,49.218
1780559547.1155617,,,gpu-thermal,49.468
1780559547.1155617,,,soc0-thermal,47.843
1780559547.1155617,,,soc1-thermal,47.281
1780559547.1155617,,,soc2-thermal,47.437
1780559547.1155617,,,tj-thermal,49.468
1780559547.2220273,VDD_IN,4704.896,,
1780559547.2220273,VDD_CPU_GPU_CV,917.056,,
1780559547.2220273,VDD_SOC,1435.392,,
1780559547.2220273,,,cpu-thermal,49.187
1780559547.2220273,,,gpu-thermal,49.343
1780559547.2220273,,,soc0-thermal,47.781
1780559547.2220273,,,soc1-thermal,47.437
1780559547.2220273,,,soc2-thermal,47.375
1780559547.2220273,,,tj-thermal,49.343
1780559547.3285031,VDD_IN,4632.576,,
1780559547.3285031,VDD_CPU_GPU_CV,877.184,,
1780559547.3285031,VDD_SOC,1435.392,,
1780559547.3285031,,,cpu-thermal,49.062
1780559547.3285031,,,gpu-thermal,49.281
1780559547.3285031,,,soc0-thermal,47.875
1780559547.3285031,,,soc1-thermal,47.281
1780559547.3285031,,,soc2-thermal,47.375
1780559547.3285031,,,tj-thermal,49.281
1780559547.4347503,VDD_IN,4592.64,,
1780559547.4347503,VDD_CPU_GPU_CV,837.312,,
1780559547.4347503,VDD_SOC,1437.696,,
1780559547.4347503,,,cpu-thermal,49.062
1780559547.4347503,,,gpu-thermal,49.656
1780559547.4347503,,,soc0-thermal,47.781
1780559547.4347503,,,soc1-thermal,47.281
1780559547.4347503,,,soc2-thermal,47.437
1780559547.4347503,,,tj-thermal,49.656
1780559547.540686,VDD_IN,4632.576,,
1780559547.540686,VDD_CPU_GPU_CV,877.184,,
1780559547.540686,VDD_SOC,1437.696,,
1780559547.540686,,,cpu-thermal,49.0
1780559547.540686,,,gpu-thermal,49.406
1780559547.540686,,,soc0-thermal,47.781
1780559547.540686,,,soc1-thermal,47.312
1780559547.540686,,,soc2-thermal,47.468
1780559547.540686,,,tj-thermal,49.593
1780559547.6468844,VDD_IN,4672.512,,
1780559547.6468844,VDD_CPU_GPU_CV,877.184,,
1780559547.6468844,VDD_SOC,1437.696,,
1780559547.6468844,,,cpu-thermal,49.031
1780559547.6468844,,,gpu-thermal,49.437
1780559547.6468844,,,soc0-thermal,47.843
1780559547.6468844,,,soc1-thermal,47.281
1780559547.6468844,,,soc2-thermal,47.343
1780559547.6468844,,,tj-thermal,49.437
1780559547.7537954,VDD_IN,4672.512,,
1780559547.7537954,VDD_CPU_GPU_CV,917.056,,
1780559547.7537954,VDD_SOC,1435.392,,
1780559547.7537954,,,cpu-thermal,49.125
1780559547.7537954,,,gpu-thermal,49.312
1780559547.7537954,,,soc0-thermal,47.781
1780559547.7537954,,,soc1-thermal,47.312
1780559547.7537954,,,soc2-thermal,47.343
1780559547.7537954,,,tj-thermal,49.312
1780559547.8599846,VDD_IN,4712.448,,
1780559547.8599846,VDD_CPU_GPU_CV,917.056,,
1780559547.8599846,VDD_SOC,1435.392,,
1780559547.8599846,,,cpu-thermal,49.343
1780559547.8599846,,,gpu-thermal,49.281
1780559547.8599846,,,soc0-thermal,47.812
1780559547.8599846,,,soc1-thermal,47.312
1780559547.8599846,,,soc2-thermal,47.343
1780559547.8599846,,,tj-thermal,49.343
1780559547.9665751,VDD_IN,4712.448,,
1780559547.9665751,VDD_CPU_GPU_CV,917.056,,
1780559547.9665751,VDD_SOC,1435.392,,
1780559547.9665751,,,cpu-thermal,49.531
1780559547.9665751,,,gpu-thermal,49.75
1780559547.9665751,,,soc0-thermal,47.781
1780559547.9665751,,,soc1-thermal,47.25
1780559547.9665751,,,soc2-thermal,47.343
1780559547.9665751,,,tj-thermal,49.75
1780559548.0730429,VDD_IN,4744.768,,
1780559548.0730429,VDD_CPU_GPU_CV,956.928,,
1780559548.0730429,VDD_SOC,1435.392,,
1780559548.0730429,,,cpu-thermal,49.125
1780559548.0730429,,,gpu-thermal,49.5
1780559548.0730429,,,soc0-thermal,47.75
1780559548.0730429,,,soc1-thermal,47.281
1780559548.0730429,,,soc2-thermal,47.343
1780559548.0730429,,,tj-thermal,49.5
1780559548.1791842,VDD_IN,4752.384,,
1780559548.1791842,VDD_CPU_GPU_CV,956.928,,
1780559548.1791842,VDD_SOC,1435.392,,
1780559548.1791842,,,cpu-thermal,49.156
1780559548.1791842,,,gpu-thermal,49.437
1780559548.1791842,,,soc0-thermal,47.781
1780559548.1791842,,,soc1-thermal,47.281
1780559548.1791842,,,soc2-thermal,47.375
1780559548.1791842,,,tj-thermal,49.437
1780559548.285942,VDD_IN,4744.768,,
1780559548.285942,VDD_CPU_GPU_CV,956.928,,
1780559548.285942,VDD_SOC,1435.392,,
1780559548.285942,,,cpu-thermal,49.062
1780559548.285942,,,gpu-thermal,49.375
1780559548.285942,,,soc0-thermal,47.843
1780559548.285942,,,soc1-thermal,47.281
1780559548.285942,,,soc2-thermal,47.343
1780559548.285942,,,tj-thermal,49.375
1780559548.3921835,VDD_IN,4672.512,,
1780559548.3921835,VDD_CPU_GPU_CV,877.184,,
1780559548.3921835,VDD_SOC,1435.392,,
1780559548.3921835,,,cpu-thermal,49.031
1780559548.3921835,,,gpu-thermal,49.5
1780559548.3921835,,,soc0-thermal,47.718
1780559548.3921835,,,soc1-thermal,47.25
1780559548.3921835,,,soc2-thermal,47.343
1780559548.3921835,,,tj-thermal,49.375
1780559548.4980326,VDD_IN,4672.512,,
1780559548.4980326,VDD_CPU_GPU_CV,877.184,,
1780559548.4980326,VDD_SOC,1435.392,,
1780559548.4980326,,,cpu-thermal,49.031
1780559548.4980326,,,gpu-thermal,49.343
1780559548.4980326,,,soc0-thermal,47.718
1780559548.4980326,,,soc1-thermal,47.312
1780559548.4980326,,,soc2-thermal,47.375
1780559548.4980326,,,tj-thermal,49.75
1780559548.6045063,VDD_IN,4712.448,,
1780559548.6045063,VDD_CPU_GPU_CV,917.056,,
1780559548.6045063,VDD_SOC,1435.392,,
1780559548.6045063,,,cpu-thermal,49.062
1780559548.6045063,,,gpu-thermal,49.312
1780559548.6045063,,,soc0-thermal,47.843
1780559548.6045063,,,soc1-thermal,47.343
1780559548.6045063,,,soc2-thermal,47.343
1780559548.6045063,,,tj-thermal,49.562
1780559548.7108781,VDD_IN,4712.448,,
1780559548.7108781,VDD_CPU_GPU_CV,917.056,,
1780559548.7108781,VDD_SOC,1435.392,,
1780559548.7108781,,,cpu-thermal,49.093
1780559548.7108781,,,gpu-thermal,49.343
1780559548.7108781,,,soc0-thermal,47.718
1780559548.7108781,,,soc1-thermal,47.125
1780559548.7108781,,,soc2-thermal,47.343
1780559548.7108781,,,tj-thermal,49.531
1780559548.8174503,VDD_IN,4712.448,,
1780559548.8174503,VDD_CPU_GPU_CV,956.928,,
1780559548.8174503,VDD_SOC,1435.392,,
1780559548.8174503,,,cpu-thermal,49.218
1780559548.8174503,,,gpu-thermal,49.687
1780559548.8174503,,,soc0-thermal,47.718
1780559548.8174503,,,soc1-thermal,47.281
1780559548.8174503,,,soc2-thermal,47.375
1780559548.8174503,,,tj-thermal,49.406
1780559548.92359,VDD_IN,4752.384,,
1780559548.92359,VDD_CPU_GPU_CV,956.928,,
1780559548.92359,VDD_SOC,1435.392,,
1780559548.92359,,,cpu-thermal,49.312
1780559548.92359,,,gpu-thermal,49.593
1780559548.92359,,,soc0-thermal,47.781
1780559548.92359,,,soc1-thermal,47.406
1780559548.92359,,,soc2-thermal,47.312
1780559548.92359,,,tj-thermal,49.343
1780559549.029585,VDD_IN,4752.384,,
1780559549.029585,VDD_CPU_GPU_CV,956.928,,
1780559549.029585,VDD_SOC,1435.392,,
1780559549.029585,,,cpu-thermal,49.031
1780559549.029585,,,gpu-thermal,49.406
1780559549.029585,,,soc0-thermal,47.875
1780559549.029585,,,soc1-thermal,47.281
1780559549.029585,,,soc2-thermal,47.375
1780559549.029585,,,tj-thermal,49.343
1780559549.1359937,VDD_IN,4784.64,,
1780559549.1359937,VDD_CPU_GPU_CV,956.928,,
1780559549.1359937,VDD_SOC,1475.264,,
1780559549.1359937,,,cpu-thermal,49.218
1780559549.1359937,,,gpu-thermal,49.406
1780559549.1359937,,,soc0-thermal,47.718
1780559549.1359937,,,soc1-thermal,47.218
1780559549.1359937,,,soc2-thermal,47.343
1780559549.1359937,,,tj-thermal,49.687
1780559549.2421865,VDD_IN,4784.64,,
1780559549.2421865,VDD_CPU_GPU_CV,996.8,,
1780559549.2421865,VDD_SOC,1435.392,,
1780559549.2421865,,,cpu-thermal,49.218
1780559549.2421865,,,gpu-thermal,49.281
1780559549.2421865,,,soc0-thermal,47.781
1780559549.2421865,,,soc1-thermal,47.312
1780559549.2421865,,,soc2-thermal,47.343
1780559549.2421865,,,tj-thermal,49.437
1780559549.3483365,VDD_IN,4672.512,,
1780559549.3483365,VDD_CPU_GPU_CV,917.056,,
1780559549.3483365,VDD_SOC,1435.392,,
1780559549.3483365,,,cpu-thermal,49.0
1780559549.3483365,,,gpu-thermal,49.187
1780559549.3483365,,,soc0-thermal,47.781
1780559549.3483365,,,soc1-thermal,47.5
1780559549.3483365,,,soc2-thermal,47.312
1780559549.3483365,,,tj-thermal,49.187
1780559549.454038,VDD_IN,4632.576,,
1780559549.454038,VDD_CPU_GPU_CV,877.184,,
1780559549.454038,VDD_SOC,1437.696,,
1780559549.454038,,,cpu-thermal,49.031
1780559549.454038,,,gpu-thermal,49.562
1780559549.454038,,,soc0-thermal,47.656
1780559549.454038,,,soc1-thermal,47.218
1780559549.454038,,,soc2-thermal,47.25
1780559549.454038,,,tj-thermal,49.562
1780559549.5597293,VDD_IN,4672.512,,
1780559549.5597293,VDD_CPU_GPU_CV,917.056,,
1780559549.5597293,VDD_SOC,1437.696,,
1780559549.5597293,,,cpu-thermal,49.093
1780559549.5597293,,,gpu-thermal,49.437
1780559549.5597293,,,soc0-thermal,47.593
1780559549.5597293,,,soc1-thermal,47.281
1780559549.5597293,,,soc2-thermal,47.281
1780559549.5597293,,,tj-thermal,49.437
1780559549.665883,VDD_IN,4712.448,,
1780559549.665883,VDD_CPU_GPU_CV,917.056,,
1780559549.665883,VDD_SOC,1435.392,,
1780559549.665883,,,cpu-thermal,49.031
1780559549.665883,,,gpu-thermal,49.281
1780559549.665883,,,soc0-thermal,47.75
1780559549.665883,,,soc1-thermal,47.406
1780559549.665883,,,soc2-thermal,47.25
1780559549.665883,,,tj-thermal,49.281
1780559549.7718954,VDD_IN,4712.448,,
1780559549.7718954,VDD_CPU_GPU_CV,917.056,,
1780559549.7718954,VDD_SOC,1435.392,,
1780559549.7718954,,,cpu-thermal,49.0
1780559549.7718954,,,gpu-thermal,49.25
1780559549.7718954,,,soc0-thermal,47.843
1780559549.7718954,,,soc1-thermal,47.218
1780559549.7718954,,,soc2-thermal,47.343
1780559549.7718954,,,tj-thermal,49.25
1780559549.878066,VDD_IN,4712.448,,
1780559549.878066,VDD_CPU_GPU_CV,917.056,,
1780559549.878066,VDD_SOC,1435.392,,
1780559549.878066,,,cpu-thermal,49.031
1780559549.878066,,,gpu-thermal,49.312
1780559549.878066,,,soc0-thermal,47.687
1780559549.878066,,,soc1-thermal,47.187
1780559549.878066,,,soc2-thermal,47.343
1780559549.878066,,,tj-thermal,49.312
1780559549.9844034,VDD_IN,4712.448,,
1780559549.9844034,VDD_CPU_GPU_CV,956.928,,
1780559549.9844034,VDD_SOC,1435.392,,
1780559549.9844034,,,cpu-thermal,49.0
1780559549.9844034,,,gpu-thermal,49.656
1780559549.9844034,,,soc0-thermal,47.687
1780559549.9844034,,,soc1-thermal,47.343
1780559549.9844034,,,soc2-thermal,47.312
1780559549.9844034,,,tj-thermal,49.656
1780559550.0907245,VDD_IN,4752.384,,
1780559550.0907245,VDD_CPU_GPU_CV,956.928,,
1780559550.0907245,VDD_SOC,1435.392,,
1780559550.0907245,,,cpu-thermal,48.968
1780559550.0907245,,,gpu-thermal,49.343
1780559550.0907245,,,soc0-thermal,47.781
1780559550.0907245,,,soc1-thermal,47.125
1780559550.0907245,,,soc2-thermal,47.343
1780559550.0907245,,,tj-thermal,49.531
1780559550.1968603,VDD_IN,4752.384,,
1780559550.1968603,VDD_CPU_GPU_CV,956.928,,
1780559550.1968603,VDD_SOC,1435.392,,
1780559550.1968603,,,cpu-thermal,49.125
1780559550.1968603,,,gpu-thermal,49.25
1780559550.1968603,,,soc0-thermal,47.656
1780559550.1968603,,,soc1-thermal,47.281
1780559550.1968603,,,soc2-thermal,47.343
1780559550.1968603,,,tj-thermal,49.437
1780559550.3032594,VDD_IN,4712.448,,
1780559550.3032594,VDD_CPU_GPU_CV,917.056,,
1780559550.3032594,VDD_SOC,1437.696,,
1780559550.3032594,,,cpu-thermal,49.187
1780559550.3032594,,,gpu-thermal,49.562
1780559550.3032594,,,soc0-thermal,47.718
1780559550.3032594,,,soc1-thermal,47.281
1780559550.3032594,,,soc2-thermal,47.25
1780559550.3032594,,,tj-thermal,49.218
1780559550.4094753,VDD_IN,4632.576,,
1780559550.4094753,VDD_CPU_GPU_CV,877.184,,
1780559550.4094753,VDD_SOC,1437.696,,
1780559550.4094753,,,cpu-thermal,49.312
1780559550.4094753,,,gpu-thermal,49.437
1780559550.4094753,,,soc0-thermal,47.781
1780559550.4094753,,,soc1-thermal,47.125
1780559550.4094753,,,soc2-thermal,47.281
1780559550.4094753,,,tj-thermal,49.125
1780559550.5154226,VDD_IN,4672.512,,
1780559550.5154226,VDD_CPU_GPU_CV,877.184,,
1780559550.5154226,VDD_SOC,1437.696,,
1780559550.5154226,,,cpu-thermal,48.968
1780559550.5154226,,,gpu-thermal,49.312
1780559550.5154226,,,soc0-thermal,47.625
1780559550.5154226,,,soc1-thermal,47.218
1780559550.5154226,,,soc2-thermal,47.218
1780559550.5154226,,,tj-thermal,49.718
1780559550.6218755,VDD_IN,4672.512,,
1780559550.6218755,VDD_CPU_GPU_CV,917.056,,
1780559550.6218755,VDD_SOC,1437.696,,
1780559550.6218755,,,cpu-thermal,49.062
1780559550.6218755,,,gpu-thermal,49.218
1780559550.6218755,,,soc0-thermal,47.687
1780559550.6218755,,,soc1-thermal,47.25
1780559550.6218755,,,soc2-thermal,47.343
1780559550.6218755,,,tj-thermal,49.468
1780559550.7279675,VDD_IN,4712.448,,
1780559550.7279675,VDD_CPU_GPU_CV,917.056,,
1780559550.7279675,VDD_SOC,1435.392,,
1780559550.7279675,,,cpu-thermal,48.968
1780559550.7279675,,,gpu-thermal,49.25
1780559550.7279675,,,soc0-thermal,47.75
1780559550.7279675,,,soc1-thermal,47.156
1780559550.7279675,,,soc2-thermal,47.281
1780559550.7279675,,,tj-thermal,49.437
1780559550.8345056,VDD_IN,4712.448,,
1780559550.8345056,VDD_CPU_GPU_CV,956.928,,
1780559550.8345056,VDD_SOC,1435.392,,
1780559550.8345056,,,cpu-thermal,49.031
1780559550.8345056,,,gpu-thermal,49.656
1780559550.8345056,,,soc0-thermal,47.562
1780559550.8345056,,,soc1-thermal,47.25
1780559550.8345056,,,soc2-thermal,47.312
1780559550.8345056,,,tj-thermal,49.281
1780559550.9408028,VDD_IN,4752.384,,
1780559550.9408028,VDD_CPU_GPU_CV,956.928,,
1780559550.9408028,VDD_SOC,1435.392,,
1780559550.9408028,,,cpu-thermal,48.937
1780559550.9408028,,,gpu-thermal,49.468
1780559550.9408028,,,soc0-thermal,47.687
1780559550.9408028,,,soc1-thermal,47.156
1780559550.9408028,,,soc2-thermal,47.187
1780559550.9408028,,,tj-thermal,49.468
1780559551.0468214,VDD_IN,4752.384,,
1780559551.0468214,VDD_CPU_GPU_CV,956.928,,
1780559551.0468214,VDD_SOC,1435.392,,
1780559551.0468214,,,cpu-thermal,49.0
1780559551.0468214,,,gpu-thermal,49.343
1780559551.0468214,,,soc0-thermal,47.656
1780559551.0468214,,,soc1-thermal,47.281
1780559551.0468214,,,soc2-thermal,47.25
1780559551.0468214,,,tj-thermal,49.343
1780559551.1534085,VDD_IN,4784.64,,
1780559551.1534085,VDD_CPU_GPU_CV,996.8,,
1780559551.1534085,VDD_SOC,1435.392,,
1780559551.1534085,,,cpu-thermal,48.875
1780559551.1534085,,,gpu-thermal,49.281
1780559551.1534085,,,soc0-thermal,47.625
1780559551.1534085,,,soc1-thermal,47.093
1780559551.1534085,,,soc2-thermal,47.25
1780559551.1534085,,,tj-thermal,49.281
1780559551.2596288,VDD_IN,5214.848,,
1780559551.2596288,VDD_CPU_GPU_CV,1351.296,,
1780559551.2596288,VDD_SOC,1470.528,,
1780559551.2596288,,,cpu-thermal,49.656
1780559551.2596288,,,gpu-thermal,49.218
1780559551.2596288,,,soc0-thermal,47.75
1780559551.2596288,,,soc1-thermal,47.281
1780559551.2596288,,,soc2-thermal,47.343
1780559551.2596288,,,tj-thermal,49.656
1780559551.366361,VDD_IN,5674.24,,
1780559551.366361,VDD_CPU_GPU_CV,1743.104,,
1780559551.366361,VDD_SOC,1468.16,,
1780559551.366361,,,cpu-thermal,50.0
1780559551.366361,,,gpu-thermal,49.25
1780559551.366361,,,soc0-thermal,47.718
1780559551.366361,,,soc1-thermal,47.281
1780559551.366361,,,soc2-thermal,47.343
1780559551.366361,,,tj-thermal,49.625
1780559551.4731886,VDD_IN,6011.904,,
1780559551.4731886,VDD_CPU_GPU_CV,2053.376,,
1780559551.4731886,VDD_SOC,1502.976,,
1780559551.4731886,,,cpu-thermal,49.843
1780559551.4731886,,,gpu-thermal,49.312
1780559551.4731886,,,soc0-thermal,47.625
1780559551.4731886,,,soc1-thermal,47.125
1780559551.4731886,,,soc2-thermal,47.406
1780559551.4731886,,,tj-thermal,49.843
1780559551.5805876,VDD_IN,6278.592,,
1780559551.5805876,VDD_CPU_GPU_CV,2286.592,,
1780559551.5805876,VDD_SOC,1500.544,,
1780559551.5805876,,,cpu-thermal,49.906
1780559551.5805876,,,gpu-thermal,49.25
1780559551.5805876,,,soc0-thermal,47.625
1780559551.5805876,,,soc1-thermal,47.25
1780559551.5805876,,,soc2-thermal,47.468
1780559551.5805876,,,tj-thermal,49.625
1780559551.688732,VDD_IN,6515.52,,
1780559551.688732,VDD_CPU_GPU_CV,2479.68,,
1780559551.688732,VDD_SOC,1537.536,,
1780559551.688732,,,cpu-thermal,49.718
1780559551.688732,,,gpu-thermal,49.75
1780559551.688732,,,soc0-thermal,47.531
1780559551.688732,,,soc1-thermal,47.218
1780559551.688732,,,soc2-thermal,47.468
1780559551.688732,,,tj-thermal,49.718
1780559551.7960403,VDD_IN,6662.656,,
1780559551.7960403,VDD_CPU_GPU_CV,2597.76,,
1780559551.7960403,VDD_SOC,1537.536,,
1780559551.7960403,,,cpu-thermal,50.0
1780559551.7960403,,,gpu-thermal,49.343
1780559551.7960403,,,soc0-thermal,47.593
1780559551.7960403,,,soc1-thermal,47.25
1780559551.7960403,,,soc2-thermal,47.687
1780559551.7960403,,,tj-thermal,50.0
1780559551.9048967,VDD_IN,6809.28,,
1780559551.9048967,VDD_CPU_GPU_CV,2711.424,,
1780559551.9048967,VDD_SOC,1535.04,,
1780559551.9048967,,,cpu-thermal,50.187
1780559551.9048967,,,gpu-thermal,49.25
1780559551.9048967,,,soc0-thermal,47.75
1780559551.9048967,,,soc1-thermal,47.093
1780559551.9048967,,,soc2-thermal,47.5
1780559551.9048967,,,tj-thermal,49.812
1780559552.0118055,VDD_IN,6888.0,,
1780559552.0118055,VDD_CPU_GPU_CV,2790.016,,
1780559552.0118055,VDD_SOC,1535.04,,
1780559552.0118055,,,cpu-thermal,49.875
1780559552.0118055,,,gpu-thermal,49.75
1780559552.0118055,,,soc0-thermal,47.625
1780559552.0118055,,,soc1-thermal,47.187
1780559552.0118055,,,soc2-thermal,47.687
1780559552.0118055,,,tj-thermal,49.875
1780559552.120713,VDD_IN,7006.08,,
1780559552.120713,VDD_CPU_GPU_CV,2863.936,,
1780559552.120713,VDD_SOC,1532.544,,
1780559552.120713,,,cpu-thermal,49.843
1780559552.120713,,,gpu-thermal,49.375
1780559552.120713,,,soc0-thermal,47.718
1780559552.120713,,,soc1-thermal,47.437
1780559552.120713,,,soc2-thermal,47.531
1780559552.120713,,,tj-thermal,49.843
1780559552.2274933,VDD_IN,7033.984,,
1780559552.2274933,VDD_CPU_GPU_CV,2903.168,,
1780559552.2274933,VDD_SOC,1532.544,,
1780559552.2274933,,,cpu-thermal,50.0
1780559552.2274933,,,gpu-thermal,49.843
1780559552.2274933,,,soc0-thermal,47.656
1780559552.2274933,,,soc1-thermal,47.125
1780559552.2274933,,,soc2-thermal,47.656
1780559552.2274933,,,tj-thermal,50.0
1780559552.334515,VDD_IN,7073.28,,
1780559552.334515,VDD_CPU_GPU_CV,2942.4,,
1780559552.334515,VDD_SOC,1532.544,,
1780559552.334515,,,cpu-thermal,50.156
1780559552.334515,,,gpu-thermal,49.687
1780559552.334515,,,soc0-thermal,47.718
1780559552.334515,,,soc1-thermal,47.312
1780559552.334515,,,soc2-thermal,47.531
1780559552.334515,,,tj-thermal,50.156
1780559552.4412165,VDD_IN,7073.28,,
1780559552.4412165,VDD_CPU_GPU_CV,2981.632,,
1780559552.4412165,VDD_SOC,1532.544,,
1780559552.4412165,,,cpu-thermal,49.781
1780559552.4412165,,,gpu-thermal,49.593
1780559552.4412165,,,soc0-thermal,47.75
1780559552.4412165,,,soc1-thermal,47.375
1780559552.4412165,,,soc2-thermal,47.625
1780559552.4412165,,,tj-thermal,49.781
1780559552.547718,VDD_IN,7151.872,,
1780559552.547718,VDD_CPU_GPU_CV,2981.632,,
1780559552.547718,VDD_SOC,1532.544,,
1780559552.547718,,,cpu-thermal,50.031
1780559552.547718,,,gpu-thermal,49.562
1780559552.547718,,,soc0-thermal,47.625
1780559552.547718,,,soc1-thermal,47.25
1780559552.547718,,,soc2-thermal,47.593
1780559552.547718,,,tj-thermal,50.031
1780559552.6546366,VDD_IN,7151.872,,
1780559552.6546366,VDD_CPU_GPU_CV,3015.936,,
1780559552.6546366,VDD_SOC,1532.544,,
1780559552.6546366,,,cpu-thermal,50.125
1780559552.6546366,,,gpu-thermal,49.468
1780559552.6546366,,,soc0-thermal,47.687
1780559552.6546366,,,soc1-thermal,47.312
1780559552.6546366,,,soc2-thermal,47.781
1780559552.6546366,,,tj-thermal,50.125
1780559552.761665,VDD_IN,7151.872,,
1780559552.761665,VDD_CPU_GPU_CV,3015.936,,
1780559552.761665,VDD_SOC,1532.544,,
1780559552.761665,,,cpu-thermal,49.906
1780559552.761665,,,gpu-thermal,49.343
1780559552.761665,,,soc0-thermal,47.75
1780559552.761665,,,soc1-thermal,47.406
1780559552.761665,,,soc2-thermal,47.593
1780559552.761665,,,tj-thermal,49.906
1780559552.8680587,VDD_IN,7151.872,,
1780559552.8680587,VDD_CPU_GPU_CV,3015.936,,
1780559552.8680587,VDD_SOC,1532.544,,
1780559552.8680587,,,cpu-thermal,50.0
1780559552.8680587,,,gpu-thermal,49.812
1780559552.8680587,,,soc0-thermal,47.625
1780559552.8680587,,,soc1-thermal,47.25
1780559552.8680587,,,soc2-thermal,47.656
1780559552.8680587,,,tj-thermal,50.0
1780559552.9756284,VDD_IN,7230.464,,
1780559552.9756284,VDD_CPU_GPU_CV,3055.104,,
1780559552.9756284,VDD_SOC,1532.544,,
1780559552.9756284,,,cpu-thermal,49.875
1780559552.9756284,,,gpu-thermal,49.5
1780559552.9756284,,,soc0-thermal,47.75
1780559552.9756284,,,soc1-thermal,47.312
1780559552.9756284,,,soc2-thermal,47.812
1780559552.9756284,,,tj-thermal,49.875
1780559553.0820322,VDD_IN,7230.464,,
1780559553.0820322,VDD_CPU_GPU_CV,3055.104,,
1780559553.0820322,VDD_SOC,1571.84,,
1780559553.0820322,,,cpu-thermal,49.937
1780559553.0820322,,,gpu-thermal,49.937
1780559553.0820322,,,soc0-thermal,47.75
1780559553.0820322,,,soc1-thermal,47.187
1780559553.0820322,,,soc2-thermal,47.656
1780559553.0820322,,,tj-thermal,49.937
1780559553.1893392,VDD_IN,7230.464,,
1780559553.1893392,VDD_CPU_GPU_CV,3055.104,,
1780559553.1893392,VDD_SOC,1530.048,,
1780559553.1893392,,,cpu-thermal,50.156
1780559553.1893392,,,gpu-thermal,49.781
1780559553.1893392,,,soc0-thermal,47.75
1780559553.1893392,,,soc1-thermal,47.25
1780559553.1893392,,,soc2-thermal,47.718
1780559553.1893392,,,tj-thermal,50.156
1780559553.296208,VDD_IN,7230.464,,
1780559553.296208,VDD_CPU_GPU_CV,3055.104,,
1780559553.296208,VDD_SOC,1530.048,,
1780559553.296208,,,cpu-thermal,50.187
1780559553.296208,,,gpu-thermal,49.656
1780559553.296208,,,soc0-thermal,47.656
1780559553.296208,,,soc1-thermal,47.312
1780559553.296208,,,soc2-thermal,47.75
1780559553.296208,,,tj-thermal,50.187
1780559553.4030452,VDD_IN,7230.464,,
1780559553.4030452,VDD_CPU_GPU_CV,3055.104,,
1780559553.4030452,VDD_SOC,1530.048,,
1780559553.4030452,,,cpu-thermal,50.031
1780559553.4030452,,,gpu-thermal,49.562
1780559553.4030452,,,soc0-thermal,47.75
1780559553.4030452,,,soc1-thermal,47.25
1780559553.4030452,,,soc2-thermal,47.687
1780559553.4030452,,,tj-thermal,50.031
1780559553.510001,VDD_IN,7191.168,,
1780559553.510001,VDD_CPU_GPU_CV,3055.104,,
1780559553.510001,VDD_SOC,1530.048,,
1780559553.510001,,,cpu-thermal,50.156
1780559553.510001,,,gpu-thermal,49.531
1780559553.510001,,,soc0-thermal,47.687
1780559553.510001,,,soc1-thermal,47.343
1780559553.510001,,,soc2-thermal,47.812
1780559553.510001,,,tj-thermal,50.156
1780559553.6170764,VDD_IN,7230.464,,
1780559553.6170764,VDD_CPU_GPU_CV,3055.104,,
1780559553.6170764,VDD_SOC,1530.048,,
1780559553.6170764,,,cpu-thermal,50.0
1780559553.6170764,,,gpu-thermal,49.5
1780559553.6170764,,,soc0-thermal,47.718
1780559553.6170764,,,soc1-thermal,47.468
1780559553.6170764,,,soc2-thermal,47.718
1780559553.6170764,,,tj-thermal,50.0
1780559553.7254715,VDD_IN,7230.464,,
1780559553.7254715,VDD_CPU_GPU_CV,3055.104,,
1780559553.7254715,VDD_SOC,1530.048,,
1780559553.7254715,,,cpu-thermal,50.0
1780559553.7254715,,,gpu-thermal,49.625
1780559553.7254715,,,soc0-thermal,47.656
1780559553.7254715,,,soc1-thermal,47.281
1780559553.7254715,,,soc2-thermal,47.718
1780559553.7254715,,,tj-thermal,50.156
1780559553.8319876,VDD_IN,7230.464,,
1780559553.8319876,VDD_CPU_GPU_CV,3055.104,,
1780559553.8319876,VDD_SOC,1530.048,,
1780559553.8319876,,,cpu-thermal,50.25
1780559553.8319876,,,gpu-thermal,49.5
1780559553.8319876,,,soc0-thermal,47.75
1780559553.8319876,,,soc1-thermal,47.343
1780559553.8319876,,,soc2-thermal,47.781
1780559553.8319876,,,tj-thermal,50.25
1780559553.9394176,VDD_IN,7269.76,,
1780559553.9394176,VDD_CPU_GPU_CV,3094.272,,
1780559553.9394176,VDD_SOC,1569.28,,
1780559553.9394176,,,cpu-thermal,50.468
1780559553.9394176,,,gpu-thermal,49.937
1780559553.9394176,,,soc0-thermal,47.875
1780559553.9394176,,,soc1-thermal,47.281
1780559553.9394176,,,soc2-thermal,47.625
1780559553.9394176,,,tj-thermal,50.125
1780559554.047012,VDD_IN,7230.464,,
1780559554.047012,VDD_CPU_GPU_CV,3055.104,,
1780559554.047012,VDD_SOC,1530.048,,
1780559554.047012,,,cpu-thermal,50.062
1780559554.047012,,,gpu-thermal,49.812
1780559554.047012,,,soc0-thermal,47.687
1780559554.047012,,,soc1-thermal,47.281
1780559554.047012,,,soc2-thermal,47.781
1780559554.047012,,,tj-thermal,50.062
1780559554.155252,VDD_IN,7230.464,,
1780559554.155252,VDD_CPU_GPU_CV,3055.104,,
1780559554.155252,VDD_SOC,1569.28,,
1780559554.155252,,,cpu-thermal,50.062
1780559554.155252,,,gpu-thermal,49.468
1780559554.155252,,,soc0-thermal,47.812
1780559554.155252,,,soc1-thermal,47.468
1780559554.155252,,,soc2-thermal,47.75
1780559554.155252,,,tj-thermal,50.062
1780559554.2622557,VDD_IN,7230.464,,
1780559554.2622557,VDD_CPU_GPU_CV,3055.104,,
1780559554.2622557,VDD_SOC,1530.048,,
1780559554.2622557,,,cpu-thermal,50.0
1780559554.2622557,,,gpu-thermal,49.75
1780559554.2622557,,,soc0-thermal,47.75
1780559554.2622557,,,soc1-thermal,47.281
1780559554.2622557,,,soc2-thermal,47.687
1780559554.2622557,,,tj-thermal,50.0
1780559554.368957,VDD_IN,7230.464,,
1780559554.368957,VDD_CPU_GPU_CV,3094.272,,
1780559554.368957,VDD_SOC,1530.048,,
1780559554.368957,,,cpu-thermal,50.312
1780559554.368957,,,gpu-thermal,49.687
1780559554.368957,,,soc0-thermal,47.656
1780559554.368957,,,soc1-thermal,47.312
1780559554.368957,,,soc2-thermal,47.812
1780559554.368957,,,tj-thermal,50.312
1780559554.475459,VDD_IN,7230.464,,
1780559554.475459,VDD_CPU_GPU_CV,3094.272,,
1780559554.475459,VDD_SOC,1530.048,,
1780559554.475459,,,cpu-thermal,50.0
1780559554.475459,,,gpu-thermal,49.687
1780559554.475459,,,soc0-thermal,47.75
1780559554.475459,,,soc1-thermal,47.406
1780559554.475459,,,soc2-thermal,47.781
1780559554.475459,,,tj-thermal,50.0
1780559554.5823636,VDD_IN,7230.464,,
1780559554.5823636,VDD_CPU_GPU_CV,3055.104,,
1780559554.5823636,VDD_SOC,1530.048,,
1780559554.5823636,,,cpu-thermal,50.031
1780559554.5823636,,,gpu-thermal,49.593
1780559554.5823636,,,soc0-thermal,47.718
1780559554.5823636,,,soc1-thermal,47.281
1780559554.5823636,,,soc2-thermal,47.812
1780559554.5823636,,,tj-thermal,50.031
1780559554.689974,VDD_IN,7230.464,,
1780559554.689974,VDD_CPU_GPU_CV,3055.104,,
1780559554.689974,VDD_SOC,1530.048,,
1780559554.689974,,,cpu-thermal,50.156
1780559554.689974,,,gpu-thermal,49.75
1780559554.689974,,,soc0-thermal,47.781
1780559554.689974,,,soc1-thermal,47.343
1780559554.689974,,,soc2-thermal,47.781
1780559554.689974,,,tj-thermal,50.156
1780559554.796939,VDD_IN,7230.464,,
1780559554.796939,VDD_CPU_GPU_CV,3055.104,,
1780559554.796939,VDD_SOC,1530.048,,
1780559554.796939,,,cpu-thermal,50.031
1780559554.796939,,,gpu-thermal,49.656
1780559554.796939,,,soc0-thermal,47.812
1780559554.796939,,,soc1-thermal,47.281
1780559554.796939,,,soc2-thermal,47.718
1780559554.796939,,,tj-thermal,50.031
1780559554.9040644,VDD_IN,7230.464,,
1780559554.9040644,VDD_CPU_GPU_CV,3055.104,,
1780559554.9040644,VDD_SOC,1530.048,,
1780559554.9040644,,,cpu-thermal,50.093
1780559554.9040644,,,gpu-thermal,49.593
1780559554.9040644,,,soc0-thermal,47.781
1780559554.9040644,,,soc1-thermal,47.281
1780559554.9040644,,,soc2-thermal,47.875
1780559554.9040644,,,tj-thermal,50.343
1780559555.0127304,VDD_IN,7230.464,,
1780559555.0127304,VDD_CPU_GPU_CV,3055.104,,
1780559555.0127304,VDD_SOC,1530.048,,
1780559555.0127304,,,cpu-thermal,50.0
1780559555.0127304,,,gpu-thermal,49.531
1780559555.0127304,,,soc0-thermal,47.75
1780559555.0127304,,,soc1-thermal,47.531
1780559555.0127304,,,soc2-thermal,47.812
1780559555.0127304,,,tj-thermal,50.0
1780559555.1202428,VDD_IN,7230.464,,
1780559555.1202428,VDD_CPU_GPU_CV,3055.104,,
1780559555.1202428,VDD_SOC,1530.048,,
1780559555.1202428,,,cpu-thermal,50.156
1780559555.1202428,,,gpu-thermal,49.656
1780559555.1202428,,,soc0-thermal,47.687
1780559555.1202428,,,soc1-thermal,47.312
1780559555.1202428,,,soc2-thermal,47.875
1780559555.1202428,,,tj-thermal,50.156
1780559555.228474,VDD_IN,7230.464,,
1780559555.228474,VDD_CPU_GPU_CV,3055.104,,
1780559555.228474,VDD_SOC,1530.048,,
1780559555.228474,,,cpu-thermal,50.312
1780559555.228474,,,gpu-thermal,49.593
1780559555.228474,,,soc0-thermal,47.687
1780559555.228474,,,soc1-thermal,47.437
1780559555.228474,,,soc2-thermal,47.781
1780559555.228474,,,tj-thermal,50.312
1780559555.3352907,VDD_IN,7191.168,,
1780559555.3352907,VDD_CPU_GPU_CV,3055.104,,
1780559555.3352907,VDD_SOC,1530.048,,
1780559555.3352907,,,cpu-thermal,50.093
1780559555.3352907,,,gpu-thermal,49.968
1780559555.3352907,,,soc0-thermal,47.781
1780559555.3352907,,,soc1-thermal,47.281
1780559555.3352907,,,soc2-thermal,47.812
1780559555.3352907,,,tj-thermal,50.093
1780559555.4421391,VDD_IN,7191.168,,
1780559555.4421391,VDD_CPU_GPU_CV,3055.104,,
1780559555.4421391,VDD_SOC,1530.048,,
1780559555.4421391,,,cpu-thermal,50.093
1780559555.4421391,,,gpu-thermal,49.781
1780559555.4421391,,,soc0-thermal,47.687
1780559555.4421391,,,soc1-thermal,47.281
1780559555.4421391,,,soc2-thermal,47.781
1780559555.4421391,,,tj-thermal,50.093
1780559555.548591,VDD_IN,7230.464,,
1780559555.548591,VDD_CPU_GPU_CV,3055.104,,
1780559555.548591,VDD_SOC,1530.048,,
1780559555.548591,,,cpu-thermal,50.0
1780559555.548591,,,gpu-thermal,49.593
1780559555.548591,,,soc0-thermal,47.781
1780559555.548591,,,soc1-thermal,47.5
1780559555.548591,,,soc2-thermal,47.812
1780559555.548591,,,tj-thermal,50.0
1780559555.6591182,VDD_IN,7191.168,,
1780559555.6591182,VDD_CPU_GPU_CV,3055.104,,
1780559555.6591182,VDD_SOC,1530.048,,
1780559555.6591182,,,cpu-thermal,50.156
1780559555.6591182,,,gpu-thermal,49.875
1780559555.6591182,,,soc0-thermal,47.75
1780559555.6591182,,,soc1-thermal,47.281
1780559555.6591182,,,soc2-thermal,47.843
1780559555.6591182,,,tj-thermal,50.156
1780559555.766284,VDD_IN,7230.464,,
1780559555.766284,VDD_CPU_GPU_CV,3055.104,,
1780559555.766284,VDD_SOC,1530.048,,
1780559555.766284,,,cpu-thermal,50.25
1780559555.766284,,,gpu-thermal,49.593
1780559555.766284,,,soc0-thermal,47.75
1780559555.766284,,,soc1-thermal,47.5
1780559555.766284,,,soc2-thermal,47.812
1780559555.766284,,,tj-thermal,50.0
1780559555.8743427,VDD_IN,7191.168,,
1780559555.8743427,VDD_CPU_GPU_CV,3055.104,,
1780559555.8743427,VDD_SOC,1530.048,,
1780559555.8743427,,,cpu-thermal,50.093
1780559555.8743427,,,gpu-thermal,50.031
1780559555.8743427,,,soc0-thermal,47.875
1780559555.8743427,,,soc1-thermal,47.312
1780559555.8743427,,,soc2-thermal,47.812
1780559555.8743427,,,tj-thermal,50.093
1780559555.9814181,VDD_IN,7269.76,,
1780559555.9814181,VDD_CPU_GPU_CV,3094.272,,
1780559555.9814181,VDD_SOC,1530.048,,
1780559555.9814181,,,cpu-thermal,50.093
1780559555.9814181,,,gpu-thermal,49.906
1780559555.9814181,,,soc0-thermal,47.781
1780559555.9814181,,,soc1-thermal,47.343
1780559555.9814181,,,soc2-thermal,47.812
1780559555.9814181,,,tj-thermal,50.375
1780559556.0881312,VDD_IN,7230.464,,
1780559556.0881312,VDD_CPU_GPU_CV,3055.104,,
1780559556.0881312,VDD_SOC,1530.048,,
1780559556.0881312,,,cpu-thermal,50.062
1780559556.0881312,,,gpu-thermal,49.562
1780559556.0881312,,,soc0-thermal,47.843
1780559556.0881312,,,soc1-thermal,47.281
1780559556.0881312,,,soc2-thermal,47.812
1780559556.0881312,,,tj-thermal,50.062
1780559556.1961992,VDD_IN,7230.464,,
1780559556.1961992,VDD_CPU_GPU_CV,3055.104,,
1780559556.1961992,VDD_SOC,1530.048,,
1780559556.1961992,,,cpu-thermal,50.125
1780559556.1961992,,,gpu-thermal,49.937
1780559556.1961992,,,soc0-thermal,47.781
1780559556.1961992,,,soc1-thermal,47.281
1780559556.1961992,,,soc2-thermal,47.812
1780559556.1961992,,,tj-thermal,50.125
1780559556.3027856,VDD_IN,7230.464,,
1780559556.3027856,VDD_CPU_GPU_CV,3055.104,,
1780559556.3027856,VDD_SOC,1530.048,,
1780559556.3027856,,,cpu-thermal,50.375
1780559556.3027856,,,gpu-thermal,49.781
1780559556.3027856,,,soc0-thermal,47.687
1780559556.3027856,,,soc1-thermal,47.437
1780559556.3027856,,,soc2-thermal,47.906
1780559556.3027856,,,tj-thermal,50.375
1780559556.4096348,VDD_IN,7191.168,,
1780559556.4096348,VDD_CPU_GPU_CV,3055.104,,
1780559556.4096348,VDD_SOC,1530.048,,
1780559556.4096348,,,cpu-thermal,50.468
1780559556.4096348,,,gpu-thermal,49.75
1780559556.4096348,,,soc0-thermal,47.875
1780559556.4096348,,,soc1-thermal,47.593
1780559556.4096348,,,soc2-thermal,47.812
1780559556.4096348,,,tj-thermal,50.0
1780559556.5162396,VDD_IN,7230.464,,
1780559556.5162396,VDD_CPU_GPU_CV,3055.104,,
1780559556.5162396,VDD_SOC,1530.048,,
1780559556.5162396,,,cpu-thermal,50.218
1780559556.5162396,,,gpu-thermal,49.656
1780559556.5162396,,,soc0-thermal,47.656
1780559556.5162396,,,soc1-thermal,47.281
1780559556.5162396,,,soc2-thermal,47.875
1780559556.5162396,,,tj-thermal,50.218
1780559556.6234224,VDD_IN,7218.688,,
1780559556.6234224,VDD_CPU_GPU_CV,3055.104,,
1780559556.6234224,VDD_SOC,1530.048,,
1780559556.6234224,,,cpu-thermal,50.062
1780559556.6234224,,,gpu-thermal,49.625
1780559556.6234224,,,soc0-thermal,47.781
1780559556.6234224,,,soc1-thermal,47.437
1780559556.6234224,,,soc2-thermal,47.843
1780559556.6234224,,,tj-thermal,50.062
1780559556.7305706,VDD_IN,7230.464,,
1780559556.7305706,VDD_CPU_GPU_CV,3055.104,,
1780559556.7305706,VDD_SOC,1530.048,,
1780559556.7305706,,,cpu-thermal,50.031
1780559556.7305706,,,gpu-thermal,50.093
1780559556.7305706,,,soc0-thermal,47.812
1780559556.7305706,,,soc1-thermal,47.343
1780559556.7305706,,,soc2-thermal,47.812
1780559556.7305706,,,tj-thermal,50.031
1780559556.8371072,VDD_IN,7230.464,,
1780559556.8371072,VDD_CPU_GPU_CV,3055.104,,
1780559556.8371072,VDD_SOC,1530.048,,
1780559556.8371072,,,cpu-thermal,50.25
1780559556.8371072,,,gpu-thermal,49.781
1780559556.8371072,,,soc0-thermal,47.781
1780559556.8371072,,,soc1-thermal,47.343
1780559556.8371072,,,soc2-thermal,47.843
1780559556.8371072,,,tj-thermal,50.25
1780559556.9443445,VDD_IN,7218.688,,
1780559556.9443445,VDD_CPU_GPU_CV,3055.104,,
1780559556.9443445,VDD_SOC,1530.048,,
1780559556.9443445,,,cpu-thermal,50.343
1780559556.9443445,,,gpu-thermal,49.843
1780559556.9443445,,,soc0-thermal,47.781
1780559556.9443445,,,soc1-thermal,47.531
1780559556.9443445,,,soc2-thermal,47.843
1780559556.9443445,,,tj-thermal,50.343
1780559557.0508199,VDD_IN,7257.92,,
1780559557.0508199,VDD_CPU_GPU_CV,3094.272,,
1780559557.0508199,VDD_SOC,1569.28,,
1780559557.0508199,,,cpu-thermal,50.0
1780559557.0508199,,,gpu-thermal,49.968
1780559557.0508199,,,soc0-thermal,47.906
1780559557.0508199,,,soc1-thermal,47.343
1780559557.0508199,,,soc2-thermal,47.781
1780559557.0508199,,,tj-thermal,50.187
1780559557.1576438,VDD_IN,7218.688,,
1780559557.1576438,VDD_CPU_GPU_CV,3094.272,,
1780559557.1576438,VDD_SOC,1530.048,,
1780559557.1576438,,,cpu-thermal,50.218
1780559557.1576438,,,gpu-thermal,49.843
1780559557.1576438,,,soc0-thermal,47.781
1780559557.1576438,,,soc1-thermal,47.343
1780559557.1576438,,,soc2-thermal,47.875
1780559557.1576438,,,tj-thermal,50.218
1780559557.264397,VDD_IN,7218.688,,
1780559557.264397,VDD_CPU_GPU_CV,3094.272,,
1780559557.264397,VDD_SOC,1530.048,,
1780559557.264397,,,cpu-thermal,50.25
1780559557.264397,,,gpu-thermal,49.75
1780559557.264397,,,soc0-thermal,47.781
1780559557.264397,,,soc1-thermal,47.375
1780559557.264397,,,soc2-thermal,47.75
1780559557.264397,,,tj-thermal,50.093
1780559557.3710387,VDD_IN,7218.688,,
1780559557.3710387,VDD_CPU_GPU_CV,3094.272,,
1780559557.3710387,VDD_SOC,1569.28,,
1780559557.3710387,,,cpu-thermal,50.125
1780559557.3710387,,,gpu-thermal,49.656
1780559557.3710387,,,soc0-thermal,47.906
1780559557.3710387,,,soc1-thermal,47.343
1780559557.3710387,,,soc2-thermal,47.812
1780559557.3710387,,,tj-thermal,50.125
1780559557.4775796,VDD_IN,7230.464,,
1780559557.4775796,VDD_CPU_GPU_CV,3055.104,,
1780559557.4775796,VDD_SOC,1530.048,,
1780559557.4775796,,,cpu-thermal,50.093
1780559557.4775796,,,gpu-thermal,49.593
1780559557.4775796,,,soc0-thermal,47.718
1780559557.4775796,,,soc1-thermal,47.437
1780559557.4775796,,,soc2-thermal,47.875
1780559557.4775796,,,tj-thermal,50.5
1780559557.5845816,VDD_IN,7230.464,,
1780559557.5845816,VDD_CPU_GPU_CV,3055.104,,
1780559557.5845816,VDD_SOC,1530.048,,
1780559557.5845816,,,cpu-thermal,50.093
1780559557.5845816,,,gpu-thermal,50.062
1780559557.5845816,,,soc0-thermal,47.812
1780559557.5845816,,,soc1-thermal,47.5
1780559557.5845816,,,soc2-thermal,47.812
1780559557.5845816,,,tj-thermal,50.093
1780559557.6923068,VDD_IN,7230.464,,
1780559557.6923068,VDD_CPU_GPU_CV,3094.272,,
1780559557.6923068,VDD_SOC,1569.28,,
1780559557.6923068,,,cpu-thermal,50.218
1780559557.6923068,,,gpu-thermal,49.906
1780559557.6923068,,,soc0-thermal,47.75
1780559557.6923068,,,soc1-thermal,47.343
1780559557.6923068,,,soc2-thermal,47.906
1780559557.6923068,,,tj-thermal,50.218
1780559557.800039,VDD_IN,7230.464,,
1780559557.800039,VDD_CPU_GPU_CV,3055.104,,
1780559557.800039,VDD_SOC,1530.048,,
1780559557.800039,,,cpu-thermal,50.312
1780559557.800039,,,gpu-thermal,49.625
1780559557.800039,,,soc0-thermal,47.875
1780559557.800039,,,soc1-thermal,47.5
1780559557.800039,,,soc2-thermal,47.843
1780559557.800039,,,tj-thermal,50.312
1780559557.907766,VDD_IN,7230.464,,
1780559557.907766,VDD_CPU_GPU_CV,3055.104,,
1780559557.907766,VDD_SOC,1530.048,,
1780559557.907766,,,cpu-thermal,50.156
1780559557.907766,,,gpu-thermal,50.0
1780559557.907766,,,soc0-thermal,47.906
1780559557.907766,,,soc1-thermal,47.343
1780559557.907766,,,soc2-thermal,47.812
1780559557.907766,,,tj-thermal,50.156
1780559558.0154474,VDD_IN,7230.464,,
1780559558.0154474,VDD_CPU_GPU_CV,3094.272,,
1780559558.0154474,VDD_SOC,1530.048,,
1780559558.0154474,,,cpu-thermal,50.156
1780559558.0154474,,,gpu-thermal,49.781
1780559558.0154474,,,soc0-thermal,47.75
1780559558.0154474,,,soc1-thermal,47.437
1780559558.0154474,,,soc2-thermal,47.906
1780559558.0154474,,,tj-thermal,50.5
1780559558.1224706,VDD_IN,7230.464,,
1780559558.1224706,VDD_CPU_GPU_CV,3055.104,,
1780559558.1224706,VDD_SOC,1569.28,,
1780559558.1224706,,,cpu-thermal,50.093
1780559558.1224706,,,gpu-thermal,50.187
1780559558.1224706,,,soc0-thermal,47.843
1780559558.1224706,,,soc1-thermal,47.562
1780559558.1224706,,,soc2-thermal,47.843
1780559558.1224706,,,tj-thermal,50.187
1780559558.2298968,VDD_IN,7230.464,,
1780559558.2298968,VDD_CPU_GPU_CV,3055.104,,
1780559558.2298968,VDD_SOC,1530.048,,
1780559558.2298968,,,cpu-thermal,50.093
1780559558.2298968,,,gpu-thermal,49.937
1780559558.2298968,,,soc0-thermal,47.937
1780559558.2298968,,,soc1-thermal,47.468
1780559558.2298968,,,soc2-thermal,47.812
1780559558.2298968,,,tj-thermal,50.187
1780559558.336552,VDD_IN,7191.168,,
1780559558.336552,VDD_CPU_GPU_CV,3055.104,,
1780559558.336552,VDD_SOC,1530.048,,
1780559558.336552,,,cpu-thermal,50.468
1780559558.336552,,,gpu-thermal,49.875
1780559558.336552,,,soc0-thermal,47.812
1780559558.336552,,,soc1-thermal,47.531
1780559558.336552,,,soc2-thermal,47.875
1780559558.336552,,,tj-thermal,50.468
1780559558.4432552,VDD_IN,7230.464,,
1780559558.4432552,VDD_CPU_GPU_CV,3055.104,,
1780559558.4432552,VDD_SOC,1530.048,,
1780559558.4432552,,,cpu-thermal,50.562
1780559558.4432552,,,gpu-thermal,49.75
1780559558.4432552,,,soc0-thermal,47.906
1780559558.4432552,,,soc1-thermal,47.562
1780559558.4432552,,,soc2-thermal,47.937
1780559558.4432552,,,tj-thermal,50.218
1780559558.5497706,VDD_IN,7230.464,,
1780559558.5497706,VDD_CPU_GPU_CV,3055.104,,
1780559558.5497706,VDD_SOC,1530.048,,
1780559558.5497706,,,cpu-thermal,50.25
1780559558.5497706,,,gpu-thermal,49.718
1780559558.5497706,,,soc0-thermal,47.968
1780559558.5497706,,,soc1-thermal,47.468
1780559558.5497706,,,soc2-thermal,47.843
1780559558.5497706,,,tj-thermal,50.25
1780559558.656832,VDD_IN,7230.464,,
1780559558.656832,VDD_CPU_GPU_CV,3055.104,,
1780559558.656832,VDD_SOC,1530.048,,
1780559558.656832,,,cpu-thermal,50.281
1780559558.656832,,,gpu-thermal,49.75
1780559558.656832,,,soc0-thermal,47.937
1780559558.656832,,,soc1-thermal,47.656
1780559558.656832,,,soc2-thermal,47.843
1780559558.656832,,,tj-thermal,50.156
1780559558.7648041,VDD_IN,7230.464,,
1780559558.7648041,VDD_CPU_GPU_CV,3094.272,,
1780559558.7648041,VDD_SOC,1569.28,,
1780559558.7648041,,,cpu-thermal,50.25
1780559558.7648041,,,gpu-thermal,50.0
1780559558.7648041,,,soc0-thermal,48.0
1780559558.7648041,,,soc1-thermal,47.593
1780559558.7648041,,,soc2-thermal,47.937
1780559558.7648041,,,tj-thermal,50.25
1780559558.8713322,VDD_IN,7230.464,,
1780559558.8713322,VDD_CPU_GPU_CV,3055.104,,
1780559558.8713322,VDD_SOC,1530.048,,
1780559558.8713322,,,cpu-thermal,50.468
1780559558.8713322,,,gpu-thermal,49.75
1780559558.8713322,,,soc0-thermal,47.875
1780559558.8713322,,,soc1-thermal,47.468
1780559558.8713322,,,soc2-thermal,47.906
1780559558.8713322,,,tj-thermal,50.468
1780559558.9793558,VDD_IN,7230.464,,
1780559558.9793558,VDD_CPU_GPU_CV,3055.104,,
1780559558.9793558,VDD_SOC,1530.048,,
1780559558.9793558,,,cpu-thermal,50.5
1780559558.9793558,,,gpu-thermal,50.25
1780559558.9793558,,,soc0-thermal,47.937
1780559558.9793558,,,soc1-thermal,47.656
1780559558.9793558,,,soc2-thermal,47.906
1780559558.9793558,,,tj-thermal,50.5
1780559559.086029,VDD_IN,7230.464,,
1780559559.086029,VDD_CPU_GPU_CV,3055.104,,
1780559559.086029,VDD_SOC,1569.28,,
1780559559.086029,,,cpu-thermal,50.25
1780559559.086029,,,gpu-thermal,50.031
1780559559.086029,,,soc0-thermal,48.093
1780559559.086029,,,soc1-thermal,47.5
1780559559.086029,,,soc2-thermal,47.906
1780559559.086029,,,tj-thermal,50.25
1780559559.1934845,VDD_IN,7230.464,,
1780559559.1934845,VDD_CPU_GPU_CV,3094.272,,
1780559559.1934845,VDD_SOC,1569.28,,
1780559559.1934845,,,cpu-thermal,50.343
1780559559.1934845,,,gpu-thermal,49.906
1780559559.1934845,,,soc0-thermal,47.906
1780559559.1934845,,,soc1-thermal,47.593
1780559559.1934845,,,soc2-thermal,47.968
1780559559.1934845,,,tj-thermal,50.343
1780559559.2999432,VDD_IN,7230.464,,
1780559559.2999432,VDD_CPU_GPU_CV,3094.272,,
1780559559.2999432,VDD_SOC,1569.28,,
1780559559.2999432,,,cpu-thermal,50.343
1780559559.2999432,,,gpu-thermal,49.875
1780559559.2999432,,,soc0-thermal,47.968
1780559559.2999432,,,soc1-thermal,47.75
1780559559.2999432,,,soc2-thermal,47.968
1780559559.2999432,,,tj-thermal,50.343
1780559559.4065156,VDD_IN,7218.688,,
1780559559.4065156,VDD_CPU_GPU_CV,3055.104,,
1780559559.4065156,VDD_SOC,1530.048,,
1780559559.4065156,,,cpu-thermal,50.281
1780559559.4065156,,,gpu-thermal,49.781
1780559559.4065156,,,soc0-thermal,48.093
1780559559.4065156,,,soc1-thermal,47.5
1780559559.4065156,,,soc2-thermal,47.906
1780559559.4065156,,,tj-thermal,50.281
1780559559.5130563,VDD_IN,7218.688,,
1780559559.5130563,VDD_CPU_GPU_CV,3094.272,,
1780559559.5130563,VDD_SOC,1530.048,,
1780559559.5130563,,,cpu-thermal,50.312
1780559559.5130563,,,gpu-thermal,49.812
1780559559.5130563,,,soc0-thermal,47.968
1780559559.5130563,,,soc1-thermal,47.656
1780559559.5130563,,,soc2-thermal,47.937
1780559559.5130563,,,tj-thermal,50.625
1780559559.6196785,VDD_IN,7230.464,,
1780559559.6196785,VDD_CPU_GPU_CV,3055.104,,
1780559559.6196785,VDD_SOC,1530.048,,
1780559559.6196785,,,cpu-thermal,50.281
1780559559.6196785,,,gpu-thermal,50.156
1780559559.6196785,,,soc0-thermal,47.968
1780559559.6196785,,,soc1-thermal,47.656
1780559559.6196785,,,soc2-thermal,47.937
1780559559.6196785,,,tj-thermal,50.281
1780559559.726977,VDD_IN,7230.464,,
1780559559.726977,VDD_CPU_GPU_CV,3094.272,,
1780559559.726977,VDD_SOC,1530.048,,
1780559559.726977,,,cpu-thermal,50.281
1780559559.726977,,,gpu-thermal,49.812
1780559559.726977,,,soc0-thermal,47.968
1780559559.726977,,,soc1-thermal,47.593
1780559559.726977,,,soc2-thermal,48.0
1780559559.726977,,,tj-thermal,50.437
1780559559.8337028,VDD_IN,7269.76,,
1780559559.8337028,VDD_CPU_GPU_CV,3094.272,,
1780559559.8337028,VDD_SOC,1569.28,,
1780559559.8337028,,,cpu-thermal,50.5
1780559559.8337028,,,gpu-thermal,50.25
1780559559.8337028,,,soc0-thermal,47.906
1780559559.8337028,,,soc1-thermal,47.625
1780559559.8337028,,,soc2-thermal,48.062
1780559559.8337028,,,tj-thermal,50.5
1780559559.9405575,VDD_IN,7230.464,,
1780559559.9405575,VDD_CPU_GPU_CV,3055.104,,
1780559559.9405575,VDD_SOC,1530.048,,
1780559559.9405575,,,cpu-thermal,50.593
1780559559.9405575,,,gpu-thermal,50.062
1780559559.9405575,,,soc0-thermal,48.062
1780559559.9405575,,,soc1-thermal,47.781
1780559559.9405575,,,soc2-thermal,48.0
1780559559.9405575,,,tj-thermal,50.312
1780559560.0472066,VDD_IN,7269.76,,
1780559560.0472066,VDD_CPU_GPU_CV,3094.272,,
1780559560.0472066,VDD_SOC,1569.28,,
1780559560.0472066,,,cpu-thermal,50.375
1780559560.0472066,,,gpu-thermal,50.0
1780559560.0472066,,,soc0-thermal,48.0
1780559560.0472066,,,soc1-thermal,47.562
1780559560.0472066,,,soc2-thermal,48.093
1780559560.0472066,,,tj-thermal,50.375
1780559560.1536767,VDD_IN,7269.76,,
1780559560.1536767,VDD_CPU_GPU_CV,3094.272,,
1780559560.1536767,VDD_SOC,1569.28,,
1780559560.1536767,,,cpu-thermal,50.437
1780559560.1536767,,,gpu-thermal,49.906
1780559560.1536767,,,soc0-thermal,48.093
1780559560.1536767,,,soc1-thermal,47.718
1780559560.1536767,,,soc2-thermal,48.156
1780559560.1536767,,,tj-thermal,50.218
1780559560.2614138,VDD_IN,7230.464,,
1780559560.2614138,VDD_CPU_GPU_CV,3094.272,,
1780559560.2614138,VDD_SOC,1530.048,,
1780559560.2614138,,,cpu-thermal,50.312
1780559560.2614138,,,gpu-thermal,49.843
1780559560.2614138,,,soc0-thermal,48.031
1780559560.2614138,,,soc1-thermal,47.812
1780559560.2614138,,,soc2-thermal,48.031
1780559560.2614138,,,tj-thermal,50.312
1780559560.36788,VDD_IN,7218.688,,
1780559560.36788,VDD_CPU_GPU_CV,3094.272,,
1780559560.36788,VDD_SOC,1530.048,,
1780559560.36788,,,cpu-thermal,50.375
1780559560.36788,,,gpu-thermal,49.875
1780559560.36788,,,soc0-thermal,48.0
1780559560.36788,,,soc1-thermal,47.687
1780559560.36788,,,soc2-thermal,48.031
1780559560.36788,,,tj-thermal,50.625
1780559560.4744246,VDD_IN,7218.688,,
1780559560.4744246,VDD_CPU_GPU_CV,3094.272,,
1780559560.4744246,VDD_SOC,1569.28,,
1780559560.4744246,,,cpu-thermal,50.656
1780559560.4744246,,,gpu-thermal,50.187
1780559560.4744246,,,soc0-thermal,48.062
1780559560.4744246,,,soc1-thermal,47.75
1780559560.4744246,,,soc2-thermal,48.156
1780559560.4744246,,,tj-thermal,50.656
1780559560.581539,VDD_IN,7218.688,,
1780559560.581539,VDD_CPU_GPU_CV,3094.272,,
1780559560.581539,VDD_SOC,1530.048,,
1780559560.581539,,,cpu-thermal,50.343
1780559560.581539,,,gpu-thermal,50.062
1780559560.581539,,,soc0-thermal,48.187
1780559560.581539,,,soc1-thermal,47.656
1780559560.581539,,,soc2-thermal,48.093
1780559560.581539,,,tj-thermal,50.5
1780559560.6881042,VDD_IN,7257.92,,
1780559560.6881042,VDD_CPU_GPU_CV,3094.272,,
1780559560.6881042,VDD_SOC,1569.28,,
1780559560.6881042,,,cpu-thermal,50.531
1780559560.6881042,,,gpu-thermal,50.0
1780559560.6881042,,,soc0-thermal,48.062
1780559560.6881042,,,soc1-thermal,47.75
1780559560.6881042,,,soc2-thermal,48.156
1780559560.6881042,,,tj-thermal,50.531
1780559560.7953842,VDD_IN,7218.688,,
1780559560.7953842,VDD_CPU_GPU_CV,3094.272,,
1780559560.7953842,VDD_SOC,1530.048,,
1780559560.7953842,,,cpu-thermal,50.656
1780559560.7953842,,,gpu-thermal,50.218
1780559560.7953842,,,soc0-thermal,48.062
1780559560.7953842,,,soc1-thermal,47.75
1780559560.7953842,,,soc2-thermal,48.093
1780559560.7953842,,,tj-thermal,50.406
1780559560.901864,VDD_IN,7230.464,,
1780559560.901864,VDD_CPU_GPU_CV,3094.272,,
1780559560.901864,VDD_SOC,1569.28,,
1780559560.901864,,,cpu-thermal,50.406
1780559560.901864,,,gpu-thermal,50.156
1780559560.901864,,,soc0-thermal,48.156
1780559560.901864,,,soc1-thermal,47.718
1780559560.901864,,,soc2-thermal,48.125
1780559560.901864,,,tj-thermal,50.406
1780559561.0088952,VDD_IN,7230.464,,
1780559561.0088952,VDD_CPU_GPU_CV,3055.104,,
1780559561.0088952,VDD_SOC,1530.048,,
1780559561.0088952,,,cpu-thermal,50.5
1780559561.0088952,,,gpu-thermal,50.031
1780559561.0088952,,,soc0-thermal,48.031
1780559561.0088952,,,soc1-thermal,47.75
1780559561.0088952,,,soc2-thermal,48.156
1780559561.0088952,,,tj-thermal,50.75
1780559561.1157556,VDD_IN,7269.76,,
1780559561.1157556,VDD_CPU_GPU_CV,3094.272,,
1780559561.1157556,VDD_SOC,1569.28,,
1780559561.1157556,,,cpu-thermal,50.437
1780559561.1157556,,,gpu-thermal,50.0
1780559561.1157556,,,soc0-thermal,48.187
1780559561.1157556,,,soc1-thermal,47.875
1780559561.1157556,,,soc2-thermal,48.156
1780559561.1157556,,,tj-thermal,50.437
1780559561.2223978,VDD_IN,7230.464,,
1780559561.2223978,VDD_CPU_GPU_CV,3094.272,,
1780559561.2223978,VDD_SOC,1569.28,,
1780559561.2223978,,,cpu-thermal,50.437
1780559561.2223978,,,gpu-thermal,49.906
1780559561.2223978,,,soc0-thermal,48.25
1780559561.2223978,,,soc1-thermal,47.75
1780559561.2223978,,,soc2-thermal,48.125
1780559561.2223978,,,tj-thermal,50.562
1780559561.3301854,VDD_IN,7218.688,,
1780559561.3301854,VDD_CPU_GPU_CV,3055.104,,
1780559561.3301854,VDD_SOC,1530.048,,
1780559561.3301854,,,cpu-thermal,50.718
1780559561.3301854,,,gpu-thermal,50.312
1780559561.3301854,,,soc0-thermal,48.093
1780559561.3301854,,,soc1-thermal,47.75
1780559561.3301854,,,soc2-thermal,48.25
1780559561.3301854,,,tj-thermal,50.718
1780559561.4367917,VDD_IN,7218.688,,
1780559561.4367917,VDD_CPU_GPU_CV,3094.272,,
1780559561.4367917,VDD_SOC,1530.048,,
1780559561.4367917,,,cpu-thermal,50.843
1780559561.4367917,,,gpu-thermal,50.156
1780559561.4367917,,,soc0-thermal,48.25
1780559561.4367917,,,soc1-thermal,47.843
1780559561.4367917,,,soc2-thermal,48.062
1780559561.4367917,,,tj-thermal,50.468
1780559561.5433865,VDD_IN,7257.92,,
1780559561.5433865,VDD_CPU_GPU_CV,3094.272,,
1780559561.5433865,VDD_SOC,1569.28,,
1780559561.5433865,,,cpu-thermal,50.562
1780559561.5433865,,,gpu-thermal,50.343
1780559561.5433865,,,soc0-thermal,48.156
1780559561.5433865,,,soc1-thermal,47.781
1780559561.5433865,,,soc2-thermal,48.156
1780559561.5433865,,,tj-thermal,50.562
1780559561.650928,VDD_IN,7218.688,,
1780559561.650928,VDD_CPU_GPU_CV,3055.104,,
1780559561.650928,VDD_SOC,1530.048,,
1780559561.650928,,,cpu-thermal,50.468
1780559561.650928,,,gpu-thermal,50.218
1780559561.650928,,,soc0-thermal,48.187
1780559561.650928,,,soc1-thermal,47.875
1780559561.650928,,,soc2-thermal,48.25
1780559561.650928,,,tj-thermal,50.5
1780559561.759788,VDD_IN,7257.92,,
1780559561.759788,VDD_CPU_GPU_CV,3094.272,,
1780559561.759788,VDD_SOC,1569.28,,
1780559561.759788,,,cpu-thermal,50.5
1780559561.759788,,,gpu-thermal,50.187
1780559561.759788,,,soc0-thermal,48.281
1780559561.759788,,,soc1-thermal,47.75
1780559561.759788,,,soc2-thermal,48.156
1780559561.759788,,,tj-thermal,50.5
1780559561.867381,VDD_IN,7218.688,,
1780559561.867381,VDD_CPU_GPU_CV,3055.104,,
1780559561.867381,VDD_SOC,1530.048,,
1780559561.867381,,,cpu-thermal,50.75
1780559561.867381,,,gpu-thermal,50.25
1780559561.867381,,,soc0-thermal,48.125
1780559561.867381,,,soc1-thermal,47.875
1780559561.867381,,,soc2-thermal,48.187
1780559561.867381,,,tj-thermal,50.75
1780559561.974414,VDD_IN,7218.688,,
1780559561.974414,VDD_CPU_GPU_CV,3055.104,,
1780559561.974414,VDD_SOC,1530.048,,
1780559561.974414,,,cpu-thermal,50.906
1780559561.974414,,,gpu-thermal,50.25
1780559561.974414,,,soc0-thermal,48.312
1780559561.974414,,,soc1-thermal,47.75
1780559561.974414,,,soc2-thermal,48.218
1780559561.974414,,,tj-thermal,50.625
1780559562.0823028,VDD_IN,7269.76,,
1780559562.0823028,VDD_CPU_GPU_CV,3094.272,,
1780559562.0823028,VDD_SOC,1530.048,,
1780559562.0823028,,,cpu-thermal,50.5
1780559562.0823028,,,gpu-thermal,50.187
1780559562.0823028,,,soc0-thermal,48.25
1780559562.0823028,,,soc1-thermal,47.906
1780559562.0823028,,,soc2-thermal,48.25
1780559562.0823028,,,tj-thermal,50.5
1780559562.188762,VDD_IN,7269.76,,
1780559562.188762,VDD_CPU_GPU_CV,3094.272,,
1780559562.188762,VDD_SOC,1569.28,,
1780559562.188762,,,cpu-thermal,50.531
1780559562.188762,,,gpu-thermal,50.406
1780559562.188762,,,soc0-thermal,48.25
1780559562.188762,,,soc1-thermal,47.906
1780559562.188762,,,soc2-thermal,48.187
1780559562.188762,,,tj-thermal,50.531
1780559562.2972214,VDD_IN,7218.688,,
1780559562.2972214,VDD_CPU_GPU_CV,3055.104,,
1780559562.2972214,VDD_SOC,1569.28,,
1780559562.2972214,,,cpu-thermal,50.625
1780559562.2972214,,,gpu-thermal,50.25
1780559562.2972214,,,soc0-thermal,48.343
1780559562.2972214,,,soc1-thermal,47.875
1780559562.2972214,,,soc2-thermal,48.218
1780559562.2972214,,,tj-thermal,50.625
1780559562.4041638,VDD_IN,7179.456,,
1780559562.4041638,VDD_CPU_GPU_CV,3055.104,,
1780559562.4041638,VDD_SOC,1530.048,,
1780559562.4041638,,,cpu-thermal,50.875
1780559562.4041638,,,gpu-thermal,50.093
1780559562.4041638,,,soc0-thermal,48.25
1780559562.4041638,,,soc1-thermal,47.875
1780559562.4041638,,,soc2-thermal,48.25
1780559562.4041638,,,tj-thermal,50.875
1780559562.5108607,VDD_IN,7218.688,,
1780559562.5108607,VDD_CPU_GPU_CV,3094.272,,
1780559562.5108607,VDD_SOC,1530.048,,
1780559562.5108607,,,cpu-thermal,50.968
1780559562.5108607,,,gpu-thermal,50.156
1780559562.5108607,,,soc0-thermal,48.281
1780559562.5108607,,,soc1-thermal,47.937
1780559562.5108607,,,soc2-thermal,48.312
1780559562.5108607,,,tj-thermal,50.968
1780559562.617817,VDD_IN,7218.688,,
1780559562.617817,VDD_CPU_GPU_CV,3055.104,,
1780559562.617817,VDD_SOC,1530.048,,
1780559562.617817,,,cpu-thermal,50.718
1780559562.617817,,,gpu-thermal,50.125
1780559562.617817,,,soc0-thermal,48.375
1780559562.617817,,,soc1-thermal,47.875
1780559562.617817,,,soc2-thermal,48.281
1780559562.617817,,,tj-thermal,50.718
1780559562.7253158,VDD_IN,7218.688,,
1780559562.7253158,VDD_CPU_GPU_CV,3055.104,,
1780559562.7253158,VDD_SOC,1530.048,,
1780559562.7253158,,,cpu-thermal,50.75
1780559562.7253158,,,gpu-thermal,50.156
1780559562.7253158,,,soc0-thermal,48.312
1780559562.7253158,,,soc1-thermal,48.031
1780559562.7253158,,,soc2-thermal,48.375
1780559562.7253158,,,tj-thermal,50.562
1780559562.8337736,VDD_IN,7218.688,,
1780559562.8337736,VDD_CPU_GPU_CV,3055.104,,
1780559562.8337736,VDD_SOC,1569.28,,
1780559562.8337736,,,cpu-thermal,50.75
1780559562.8337736,,,gpu-thermal,50.156
1780559562.8337736,,,soc0-thermal,48.406
1780559562.8337736,,,soc1-thermal,47.843
1780559562.8337736,,,soc2-thermal,48.343
1780559562.8337736,,,tj-thermal,50.75
1780559562.940807,VDD_IN,7218.688,,
1780559562.940807,VDD_CPU_GPU_CV,3055.104,,
1780559562.940807,VDD_SOC,1530.048,,
1780559562.940807,,,cpu-thermal,50.656
1780559562.940807,,,gpu-thermal,50.531
1780559562.940807,,,soc0-thermal,48.312
1780559562.940807,,,soc1-thermal,47.968
1780559562.940807,,,soc2-thermal,48.343
1780559562.940807,,,tj-thermal,50.875
1780559563.0474305,VDD_IN,7179.456,,
1780559563.0474305,VDD_CPU_GPU_CV,3055.104,,
1780559563.0474305,VDD_SOC,1530.048,,
1780559563.0474305,,,cpu-thermal,50.968
1780559563.0474305,,,gpu-thermal,50.375
1780559563.0474305,,,soc0-thermal,48.375
1780559563.0474305,,,soc1-thermal,47.968
1780559563.0474305,,,soc2-thermal,48.375
1780559563.0474305,,,tj-thermal,50.968
1780559563.1540954,VDD_IN,7297.152,,
1780559563.1540954,VDD_CPU_GPU_CV,3055.104,,
1780559563.1540954,VDD_SOC,1569.28,,
1780559563.1540954,,,cpu-thermal,50.75
1780559563.1540954,,,gpu-thermal,50.375
1780559563.1540954,,,soc0-thermal,48.531
1780559563.1540954,,,soc1-thermal,47.906
1780559563.1540954,,,soc2-thermal,48.312
1780559563.1540954,,,tj-thermal,50.75
1780559563.2624097,VDD_IN,7336.384,,
1780559563.2624097,VDD_CPU_GPU_CV,3094.272,,
1780559563.2624097,VDD_SOC,1569.28,,
1780559563.2624097,,,cpu-thermal,50.843
1780559563.2624097,,,gpu-thermal,50.562
1780559563.2624097,,,soc0-thermal,48.343
1780559563.2624097,,,soc1-thermal,48.062
1780559563.2624097,,,soc2-thermal,48.406
1780559563.2624097,,,tj-thermal,50.656
1780559563.371822,VDD_IN,7375.616,,
1780559563.371822,VDD_CPU_GPU_CV,3094.272,,
1780559563.371822,VDD_SOC,1569.28,,
1780559563.371822,,,cpu-thermal,50.75
1780559563.371822,,,gpu-thermal,50.531
1780559563.371822,,,soc0-thermal,48.437
1780559563.371822,,,soc1-thermal,47.875
1780559563.371822,,,soc2-thermal,48.312
1780559563.371822,,,tj-thermal,50.937
1780559563.48167,VDD_IN,7414.848,,
1780559563.48167,VDD_CPU_GPU_CV,3133.44,,
1780559563.48167,VDD_SOC,1569.28,,
1780559563.48167,,,cpu-thermal,50.906
1780559563.48167,,,gpu-thermal,50.718
1780559563.48167,,,soc0-thermal,48.375
1780559563.48167,,,soc1-thermal,48.031
1780559563.48167,,,soc2-thermal,48.468
1780559563.48167,,,tj-thermal,50.906
1780559563.588712,VDD_IN,7414.848,,
1780559563.588712,VDD_CPU_GPU_CV,3133.44,,
1780559563.588712,VDD_SOC,1608.512,,
1780559563.588712,,,cpu-thermal,51.0
1780559563.588712,,,gpu-thermal,50.312
1780559563.588712,,,soc0-thermal,48.531
1780559563.588712,,,soc1-thermal,47.937
1780559563.588712,,,soc2-thermal,48.375
1780559563.588712,,,tj-thermal,50.843
1780559563.6971183,VDD_IN,7466.24,,
1780559563.6971183,VDD_CPU_GPU_CV,3172.608,,
1780559563.6971183,VDD_SOC,1608.512,,
1780559563.6971183,,,cpu-thermal,50.781
1780559563.6971183,,,gpu-thermal,50.281
1780559563.6971183,,,soc0-thermal,48.406
1780559563.6971183,,,soc1-thermal,48.031
1780559563.6971183,,,soc2-thermal,48.406
1780559563.6971183,,,tj-thermal,50.781
1780559563.8039734,VDD_IN,7466.24,,
1780559563.8039734,VDD_CPU_GPU_CV,3172.608,,
1780559563.8039734,VDD_SOC,1608.512,,
1780559563.8039734,,,cpu-thermal,50.781
1780559563.8039734,,,gpu-thermal,50.625
1780559563.8039734,,,soc0-thermal,48.562
1780559563.8039734,,,soc1-thermal,48.218
1780559563.8039734,,,soc2-thermal,48.437
1780559563.8039734,,,tj-thermal,50.781
1780559563.9137955,VDD_IN,7466.24,,
1780559563.9137955,VDD_CPU_GPU_CV,3172.608,,
1780559563.9137955,VDD_SOC,1608.512,,
1780559563.9137955,,,cpu-thermal,50.875
1780559563.9137955,,,gpu-thermal,50.312
1780559563.9137955,,,soc0-thermal,48.5
1780559563.9137955,,,soc1-thermal,48.093
1780559563.9137955,,,soc2-thermal,48.5
1780559563.9137955,,,tj-thermal,50.968
1780559564.0204837,VDD_IN,7505.536,,
1780559564.0204837,VDD_CPU_GPU_CV,3172.608,,
1780559564.0204837,VDD_SOC,1608.512,,
1780559564.0204837,,,cpu-thermal,50.968
1780559564.0204837,,,gpu-thermal,50.468
1780559564.0204837,,,soc0-thermal,48.5
1780559564.0204837,,,soc1-thermal,48.25
1780559564.0204837,,,soc2-thermal,48.468
1780559564.0204837,,,tj-thermal,50.75
1780559564.1311483,VDD_IN,7505.536,,
1780559564.1311483,VDD_CPU_GPU_CV,3172.608,,
1780559564.1311483,VDD_SOC,1608.512,,
1780559564.1311483,,,cpu-thermal,50.968
1780559564.1311483,,,gpu-thermal,50.375
1780559564.1311483,,,soc0-thermal,48.531
1780559564.1311483,,,soc1-thermal,48.0
1780559564.1311483,,,soc2-thermal,48.531
1780559564.1311483,,,tj-thermal,50.968
1780559564.2376702,VDD_IN,7505.536,,
1780559564.2376702,VDD_CPU_GPU_CV,3172.608,,
1780559564.2376702,VDD_SOC,1608.512,,
1780559564.2376702,,,cpu-thermal,50.906
1780559564.2376702,,,gpu-thermal,50.375
1780559564.2376702,,,soc0-thermal,48.468
1780559564.2376702,,,soc1-thermal,48.218
1780559564.2376702,,,soc2-thermal,48.437
1780559564.2376702,,,tj-thermal,50.906
1780559564.3467429,VDD_IN,7505.536,,
1780559564.3467429,VDD_CPU_GPU_CV,3211.776,,
1780559564.3467429,VDD_SOC,1608.512,,
1780559564.3467429,,,cpu-thermal,50.812
1780559564.3467429,,,gpu-thermal,50.375
1780559564.3467429,,,soc0-thermal,48.625
1780559564.3467429,,,soc1-thermal,48.062
1780559564.3467429,,,soc2-thermal,48.5
1780559564.3467429,,,tj-thermal,50.812
1780559564.4536784,VDD_IN,7466.24,,
1780559564.4536784,VDD_CPU_GPU_CV,3211.776,,
1780559564.4536784,VDD_SOC,1608.512,,
1780559564.4536784,,,cpu-thermal,51.093
1780559564.4536784,,,gpu-thermal,50.375
1780559564.4536784,,,soc0-thermal,48.531
1780559564.4536784,,,soc1-thermal,48.125
1780559564.4536784,,,soc2-thermal,48.531
1780559564.4536784,,,tj-thermal,51.093
1780559564.561603,VDD_IN,7466.24,,
1780559564.561603,VDD_CPU_GPU_CV,3211.776,,
1780559564.561603,VDD_SOC,1608.512,,
1780559564.561603,,,cpu-thermal,51.125
1780559564.561603,,,gpu-thermal,50.281
1780559564.561603,,,soc0-thermal,48.593
1780559564.561603,,,soc1-thermal,48.281
1780559564.561603,,,soc2-thermal,48.468
1780559564.561603,,,tj-thermal,50.906
1780559564.6690166,VDD_IN,7466.24,,
1780559564.6690166,VDD_CPU_GPU_CV,3172.608,,
1780559564.6690166,VDD_SOC,1608.512,,
1780559564.6690166,,,cpu-thermal,50.937
1780559564.6690166,,,gpu-thermal,50.687
1780559564.6690166,,,soc0-thermal,48.562
1780559564.6690166,,,soc1-thermal,48.062
1780559564.6690166,,,soc2-thermal,48.593
1780559564.6690166,,,tj-thermal,50.937
1780559564.7766678,VDD_IN,7505.536,,
1780559564.7766678,VDD_CPU_GPU_CV,3211.776,,
1780559564.7766678,VDD_SOC,1608.512,,
1780559564.7766678,,,cpu-thermal,50.812
1780559564.7766678,,,gpu-thermal,50.5
1780559564.7766678,,,soc0-thermal,48.562
1780559564.7766678,,,soc1-thermal,48.312
1780559564.7766678,,,soc2-thermal,48.531
1780559564.7766678,,,tj-thermal,50.812
1780559564.8843732,VDD_IN,7505.536,,
1780559564.8843732,VDD_CPU_GPU_CV,3172.608,,
1780559564.8843732,VDD_SOC,1608.512,,
1780559564.8843732,,,cpu-thermal,50.937
1780559564.8843732,,,gpu-thermal,50.781
1780559564.8843732,,,soc0-thermal,48.656
1780559564.8843732,,,soc1-thermal,48.125
1780559564.8843732,,,soc2-thermal,48.531
1780559564.8843732,,,tj-thermal,51.093
1780559564.992606,VDD_IN,7505.536,,
1780559564.992606,VDD_CPU_GPU_CV,3172.608,,
1780559564.992606,VDD_SOC,1608.512,,
1780559564.992606,,,cpu-thermal,51.156
1780559564.992606,,,gpu-thermal,50.468
1780559564.992606,,,soc0-thermal,48.625
1780559564.992606,,,soc1-thermal,48.187
1780559564.992606,,,soc2-thermal,48.656
1780559564.992606,,,tj-thermal,51.156
1780559565.0996315,VDD_IN,7505.536,,
1780559565.0996315,VDD_CPU_GPU_CV,3172.608,,
1780559565.0996315,VDD_SOC,1608.512,,
1780559565.0996315,,,cpu-thermal,51.281
1780559565.0996315,,,gpu-thermal,50.468
1780559565.0996315,,,soc0-thermal,48.562
1780559565.0996315,,,soc1-thermal,48.062
1780559565.0996315,,,soc2-thermal,48.531
1780559565.0996315,,,tj-thermal,50.968
1780559565.2061598,VDD_IN,7505.536,,
1780559565.2061598,VDD_CPU_GPU_CV,3172.608,,
1780559565.2061598,VDD_SOC,1608.512,,
1780559565.2061598,,,cpu-thermal,51.0
1780559565.2061598,,,gpu-thermal,50.781
1780559565.2061598,,,soc0-thermal,48.625
1780559565.2061598,,,soc1-thermal,48.218
1780559565.2061598,,,soc2-thermal,48.687
1780559565.2061598,,,tj-thermal,51.0
1780559565.3133037,VDD_IN,7505.536,,
1780559565.3133037,VDD_CPU_GPU_CV,3211.776,,
1780559565.3133037,VDD_SOC,1608.512,,
1780559565.3133037,,,cpu-thermal,51.062
1780559565.3133037,,,gpu-thermal,50.687
1780559565.3133037,,,soc0-thermal,48.656
1780559565.3133037,,,soc1-thermal,48.25
1780559565.3133037,,,soc2-thermal,48.687
1780559565.3133037,,,tj-thermal,50.968
1780559565.4198034,VDD_IN,7466.24,,
1780559565.4198034,VDD_CPU_GPU_CV,3211.776,,
1780559565.4198034,VDD_SOC,1608.512,,
1780559565.4198034,,,cpu-thermal,50.968
1780559565.4198034,,,gpu-thermal,50.656
1780559565.4198034,,,soc0-thermal,48.656
1780559565.4198034,,,soc1-thermal,48.406
1780559565.4198034,,,soc2-thermal,48.593
1780559565.4198034,,,tj-thermal,50.968
1780559565.5265918,VDD_IN,7505.536,,
1780559565.5265918,VDD_CPU_GPU_CV,3211.776,,
1780559565.5265918,VDD_SOC,1608.512,,
1780559565.5265918,,,cpu-thermal,50.968
1780559565.5265918,,,gpu-thermal,50.562
1780559565.5265918,,,soc0-thermal,48.593
1780559565.5265918,,,soc1-thermal,48.25
1780559565.5265918,,,soc2-thermal,48.656
1780559565.5265918,,,tj-thermal,51.25
1780559565.633373,VDD_IN,7505.536,,
1780559565.633373,VDD_CPU_GPU_CV,3211.776,,
1780559565.633373,VDD_SOC,1608.512,,
1780559565.633373,,,cpu-thermal,51.343
1780559565.633373,,,gpu-thermal,50.5
1780559565.633373,,,soc0-thermal,48.687
1780559565.633373,,,soc1-thermal,48.343
1780559565.633373,,,soc2-thermal,48.781
1780559565.633373,,,tj-thermal,51.343
1780559565.7398045,VDD_IN,7505.536,,
1780559565.7398045,VDD_CPU_GPU_CV,3211.776,,
1780559565.7398045,VDD_SOC,1608.512,,
1780559565.7398045,,,cpu-thermal,51.031
1780559565.7398045,,,gpu-thermal,50.875
1780559565.7398045,,,soc0-thermal,48.75
1780559565.7398045,,,soc1-thermal,48.531
1780559565.7398045,,,soc2-thermal,48.562
1780559565.7398045,,,tj-thermal,51.062
1780559565.8472881,VDD_IN,7505.536,,
1780559565.8472881,VDD_CPU_GPU_CV,3211.776,,
1780559565.8472881,VDD_SOC,1608.512,,
1780559565.8472881,,,cpu-thermal,51.25
1780559565.8472881,,,gpu-thermal,50.75
1780559565.8472881,,,soc0-thermal,48.687
1780559565.8472881,,,soc1-thermal,48.312
1780559565.8472881,,,soc2-thermal,48.75
1780559565.8472881,,,tj-thermal,51.25
1780559565.9538658,VDD_IN,7505.536,,
1780559565.9538658,VDD_CPU_GPU_CV,3172.608,,
1780559565.9538658,VDD_SOC,1608.512,,
1780559565.9538658,,,cpu-thermal,51.218
1780559565.9538658,,,gpu-thermal,50.687
1780559565.9538658,,,soc0-thermal,48.687
1780559565.9538658,,,soc1-thermal,48.375
1780559565.9538658,,,soc2-thermal,48.687
1780559565.9538658,,,tj-thermal,51.218
1780559566.060997,VDD_IN,7466.24,,
1780559566.060997,VDD_CPU_GPU_CV,3172.608,,
1780559566.060997,VDD_SOC,1608.512,,
1780559566.060997,,,cpu-thermal,51.062
1780559566.060997,,,gpu-thermal,50.906
1780559566.060997,,,soc0-thermal,48.812
1780559566.060997,,,soc1-thermal,48.25
1780559566.060997,,,soc2-thermal,48.781
1780559566.060997,,,tj-thermal,51.062
1780559566.1679509,VDD_IN,7466.24,,
1780559566.1679509,VDD_CPU_GPU_CV,3172.608,,
1780559566.1679509,VDD_SOC,1608.512,,
1780559566.1679509,,,cpu-thermal,51.093
1780559566.1679509,,,gpu-thermal,50.812
1780559566.1679509,,,soc0-thermal,48.687
1780559566.1679509,,,soc1-thermal,48.375
1780559566.1679509,,,soc2-thermal,48.75
1780559566.1679509,,,tj-thermal,51.093
1780559566.2744603,VDD_IN,7466.24,,
1780559566.2744603,VDD_CPU_GPU_CV,3172.608,,
1780559566.2744603,VDD_SOC,1608.512,,
1780559566.2744603,,,cpu-thermal,51.031
1780559566.2744603,,,gpu-thermal,50.656
1780559566.2744603,,,soc0-thermal,48.781
1780559566.2744603,,,soc1-thermal,48.468
1780559566.2744603,,,soc2-thermal,48.718
1780559566.2744603,,,tj-thermal,51.031
1780559566.381014,VDD_IN,7466.24,,
1780559566.381014,VDD_CPU_GPU_CV,3172.608,,
1780559566.381014,VDD_SOC,1608.512,,
1780559566.381014,,,cpu-thermal,51.187
1780559566.381014,,,gpu-thermal,50.625
1780559566.381014,,,soc0-thermal,48.781
1780559566.381014,,,soc1-thermal,48.281
1780559566.381014,,,soc2-thermal,48.781
1780559566.381014,,,tj-thermal,51.187
1780559566.4876091,VDD_IN,7426.944,,
1780559566.4876091,VDD_CPU_GPU_CV,3172.608,,
1780559566.4876091,VDD_SOC,1569.28,,
1780559566.4876091,,,cpu-thermal,51.375
1780559566.4876091,,,gpu-thermal,50.625
1780559566.4876091,,,soc0-thermal,48.718
1780559566.4876091,,,soc1-thermal,48.375
1780559566.4876091,,,soc2-thermal,48.843
1780559566.4876091,,,tj-thermal,51.375
1780559566.594768,VDD_IN,7466.24,,
1780559566.594768,VDD_CPU_GPU_CV,3172.608,,
1780559566.594768,VDD_SOC,1608.512,,
1780559566.594768,,,cpu-thermal,51.468
1780559566.594768,,,gpu-thermal,51.031
1780559566.594768,,,soc0-thermal,48.781
1780559566.594768,,,soc1-thermal,48.437
1780559566.594768,,,soc2-thermal,48.687
1780559566.594768,,,tj-thermal,51.468
1780559566.701549,VDD_IN,7466.24,,
1780559566.701549,VDD_CPU_GPU_CV,3172.608,,
1780559566.701549,VDD_SOC,1608.512,,
1780559566.701549,,,cpu-thermal,51.218
1780559566.701549,,,gpu-thermal,50.812
1780559566.701549,,,soc0-thermal,48.906
1780559566.701549,,,soc1-thermal,48.281
1780559566.701549,,,soc2-thermal,48.781
1780559566.701549,,,tj-thermal,51.218
1780559566.808388,VDD_IN,7505.536,,
1780559566.808388,VDD_CPU_GPU_CV,3172.608,,
1780559566.808388,VDD_SOC,1608.512,,
1780559566.808388,,,cpu-thermal,51.25
1780559566.808388,,,gpu-thermal,50.875
1780559566.808388,,,soc0-thermal,48.812
1780559566.808388,,,soc1-thermal,48.343
1780559566.808388,,,soc2-thermal,48.812
1780559566.808388,,,tj-thermal,51.25
1780559566.9148529,VDD_IN,7466.24,,
1780559566.9148529,VDD_CPU_GPU_CV,3172.608,,
1780559566.9148529,VDD_SOC,1608.512,,
1780559566.9148529,,,cpu-thermal,51.125
1780559566.9148529,,,gpu-thermal,50.718
1780559566.9148529,,,soc0-thermal,48.875
1780559566.9148529,,,soc1-thermal,48.437
1780559566.9148529,,,soc2-thermal,48.781
1780559566.9148529,,,tj-thermal,51.125
1780559567.0214174,VDD_IN,7466.24,,
1780559567.0214174,VDD_CPU_GPU_CV,3172.608,,
1780559567.0214174,VDD_SOC,1569.28,,
1780559567.0214174,,,cpu-thermal,51.156
1780559567.0214174,,,gpu-thermal,50.656
1780559567.0214174,,,soc0-thermal,48.937
1780559567.0214174,,,soc1-thermal,48.375
1780559567.0214174,,,soc2-thermal,48.843
1780559567.0214174,,,tj-thermal,51.156
1780559567.1286383,VDD_IN,7466.24,,
1780559567.1286383,VDD_CPU_GPU_CV,3172.608,,
1780559567.1286383,VDD_SOC,1608.512,,
1780559567.1286383,,,cpu-thermal,51.562
1780559567.1286383,,,gpu-thermal,51.218
1780559567.1286383,,,soc0-thermal,48.75
1780559567.1286383,,,soc1-thermal,48.5
1780559567.1286383,,,soc2-thermal,48.843
1780559567.1286383,,,tj-thermal,51.562
1780559567.2355072,VDD_IN,7426.944,,
1780559567.2355072,VDD_CPU_GPU_CV,3172.608,,
1780559567.2355072,VDD_SOC,1608.512,,
1780559567.2355072,,,cpu-thermal,51.187
1780559567.2355072,,,gpu-thermal,50.812
1780559567.2355072,,,soc0-thermal,48.906
1780559567.2355072,,,soc1-thermal,48.656
1780559567.2355072,,,soc2-thermal,48.843
1780559567.2355072,,,tj-thermal,51.187
1780559567.3422353,VDD_IN,7426.944,,
1780559567.3422353,VDD_CPU_GPU_CV,3172.608,,
1780559567.3422353,VDD_SOC,1569.28,,
1780559567.3422353,,,cpu-thermal,51.218
1780559567.3422353,,,gpu-thermal,50.687
1780559567.3422353,,,soc0-thermal,48.937
1780559567.3422353,,,soc1-thermal,48.375
1780559567.3422353,,,soc2-thermal,48.812
1780559567.3422353,,,tj-thermal,51.343
1780559567.4488401,VDD_IN,7426.944,,
1780559567.4488401,VDD_CPU_GPU_CV,3172.608,,
1780559567.4488401,VDD_SOC,1569.28,,
1780559567.4488401,,,cpu-thermal,51.375
1780559567.4488401,,,gpu-thermal,51.093
1780559567.4488401,,,soc0-thermal,48.781
1780559567.4488401,,,soc1-thermal,48.5
1780559567.4488401,,,soc2-thermal,48.906
1780559567.4488401,,,tj-thermal,51.375
1780559567.55551,VDD_IN,7426.944,,
1780559567.55551,VDD_CPU_GPU_CV,3172.608,,
1780559567.55551,VDD_SOC,1569.28,,
1780559567.55551,,,cpu-thermal,51.531
1780559567.55551,,,gpu-thermal,51.031
1780559567.55551,,,soc0-thermal,48.968
1780559567.55551,,,soc1-thermal,48.656
1780559567.55551,,,soc2-thermal,48.843
1780559567.55551,,,tj-thermal,51.343
1780559567.6625192,VDD_IN,7426.944,,
1780559567.6625192,VDD_CPU_GPU_CV,3172.608,,
1780559567.6625192,VDD_SOC,1569.28,,
1780559567.6625192,,,cpu-thermal,51.343
1780559567.6625192,,,gpu-thermal,50.812
1780559567.6625192,,,soc0-thermal,48.812
1780559567.6625192,,,soc1-thermal,48.437
1780559567.6625192,,,soc2-thermal,48.875
1780559567.6625192,,,tj-thermal,51.343
1780559567.7689269,VDD_IN,7426.944,,
1780559567.7689269,VDD_CPU_GPU_CV,3133.44,,
1780559567.7689269,VDD_SOC,1569.28,,
1780559567.7689269,,,cpu-thermal,51.312
1780559567.7689269,,,gpu-thermal,50.812
1780559567.7689269,,,soc0-thermal,48.937
1780559567.7689269,,,soc1-thermal,48.625
1780559567.7689269,,,soc2-thermal,49.0
1780559567.7689269,,,tj-thermal,51.312
1780559567.8754334,VDD_IN,7387.648,,
1780559567.8754334,VDD_CPU_GPU_CV,3133.44,,
1780559567.8754334,VDD_SOC,1569.28,,
1780559567.8754334,,,cpu-thermal,51.25
1780559567.8754334,,,gpu-thermal,50.718
1780559567.8754334,,,soc0-thermal,48.968
1780559567.8754334,,,soc1-thermal,48.781
1780559567.8754334,,,soc2-thermal,48.875
1780559567.8754334,,,tj-thermal,51.25
1780559567.9820962,VDD_IN,7387.648,,
1780559567.9820962,VDD_CPU_GPU_CV,3133.44,,
1780559567.9820962,VDD_SOC,1569.28,,
1780559567.9820962,,,cpu-thermal,51.218
1780559567.9820962,,,gpu-thermal,51.218
1780559567.9820962,,,soc0-thermal,48.843
1780559567.9820962,,,soc1-thermal,48.406
1780559567.9820962,,,soc2-thermal,48.937
1780559567.9820962,,,tj-thermal,51.218
1780559568.088537,VDD_IN,7387.648,,
1780559568.088537,VDD_CPU_GPU_CV,3133.44,,
1780559568.088537,VDD_SOC,1569.28,,
1780559568.088537,,,cpu-thermal,51.562
1780559568.088537,,,gpu-thermal,51.0
1780559568.088537,,,soc0-thermal,48.875
1780559568.088537,,,soc1-thermal,48.593
1780559568.088537,,,soc2-thermal,49.031
1780559568.088537,,,tj-thermal,51.562
1780559568.195765,VDD_IN,7426.944,,
1780559568.195765,VDD_CPU_GPU_CV,3172.608,,
1780559568.195765,VDD_SOC,1608.512,,
1780559568.195765,,,cpu-thermal,51.281
1780559568.195765,,,gpu-thermal,50.937
1780559568.195765,,,soc0-thermal,49.0
1780559568.195765,,,soc1-thermal,48.718
1780559568.195765,,,soc2-thermal,48.937
1780559568.195765,,,tj-thermal,51.281
1780559568.302458,VDD_IN,7426.944,,
1780559568.302458,VDD_CPU_GPU_CV,3172.608,,
1780559568.302458,VDD_SOC,1569.28,,
1780559568.302458,,,cpu-thermal,51.406
1780559568.302458,,,gpu-thermal,50.937
1780559568.302458,,,soc0-thermal,48.937
1780559568.302458,,,soc1-thermal,48.562
1780559568.302458,,,soc2-thermal,48.906
1780559568.302458,,,tj-thermal,51.406
1780559568.409256,VDD_IN,7387.648,,
1780559568.409256,VDD_CPU_GPU_CV,3172.608,,
1780559568.409256,VDD_SOC,1569.28,,
1780559568.409256,,,cpu-thermal,51.562
1780559568.409256,,,gpu-thermal,50.812
1780559568.409256,,,soc0-thermal,48.937
1780559568.409256,,,soc1-thermal,48.562
1780559568.409256,,,soc2-thermal,49.0
1780559568.409256,,,tj-thermal,51.562
1780559568.5156393,VDD_IN,7426.944,,
1780559568.5156393,VDD_CPU_GPU_CV,3172.608,,
1780559568.5156393,VDD_SOC,1569.28,,
1780559568.5156393,,,cpu-thermal,51.375
1780559568.5156393,,,gpu-thermal,50.75
1780559568.5156393,,,soc0-thermal,49.093
1780559568.5156393,,,soc1-thermal,48.75
1780559568.5156393,,,soc2-thermal,48.968
1780559568.5156393,,,tj-thermal,51.375
1780559568.6219506,VDD_IN,7387.648,,
1780559568.6219506,VDD_CPU_GPU_CV,3172.608,,
1780559568.6219506,VDD_SOC,1569.28,,
1780559568.6219506,,,cpu-thermal,51.468
1780559568.6219506,,,gpu-thermal,50.843
1780559568.6219506,,,soc0-thermal,49.031
1780559568.6219506,,,soc1-thermal,48.687
1780559568.6219506,,,soc2-thermal,48.968
1780559568.6219506,,,tj-thermal,51.656
1780559568.730841,VDD_IN,7426.944,,
1780559568.730841,VDD_CPU_GPU_CV,3172.608,,
1780559568.730841,VDD_SOC,1569.28,,
1780559568.730841,,,cpu-thermal,51.25
1780559568.730841,,,gpu-thermal,50.843
1780559568.730841,,,soc0-thermal,49.0
1780559568.730841,,,soc1-thermal,48.687
1780559568.730841,,,soc2-thermal,49.0
1780559568.730841,,,tj-thermal,51.25
1780559568.8375547,VDD_IN,7426.944,,
1780559568.8375547,VDD_CPU_GPU_CV,3172.608,,
1780559568.8375547,VDD_SOC,1569.28,,
1780559568.8375547,,,cpu-thermal,51.375
1780559568.8375547,,,gpu-thermal,51.312
1780559568.8375547,,,soc0-thermal,49.218
1780559568.8375547,,,soc1-thermal,48.593
1780559568.8375547,,,soc2-thermal,49.0
1780559568.8375547,,,tj-thermal,51.468
1780559568.9455233,VDD_IN,7454.08,,
1780559568.9455233,VDD_CPU_GPU_CV,3172.608,,
1780559568.9455233,VDD_SOC,1569.28,,
1780559568.9455233,,,cpu-thermal,51.531
1780559568.9455233,,,gpu-thermal,51.156
1780559568.9455233,,,soc0-thermal,49.031
1780559568.9455233,,,soc1-thermal,48.656
1780559568.9455233,,,soc2-thermal,49.031
1780559568.9455233,,,tj-thermal,51.531
1780559569.0519998,VDD_IN,7414.848,,
1780559569.0519998,VDD_CPU_GPU_CV,3172.608,,
1780559569.0519998,VDD_SOC,1569.28,,
1780559569.0519998,,,cpu-thermal,51.687
1780559569.0519998,,,gpu-thermal,51.062
1780559569.0519998,,,soc0-thermal,49.187
1780559569.0519998,,,soc1-thermal,48.75
1780559569.0519998,,,soc2-thermal,48.968
1780559569.0519998,,,tj-thermal,51.406
1780559569.158778,VDD_IN,7454.08,,
1780559569.158778,VDD_CPU_GPU_CV,3172.608,,
1780559569.158778,VDD_SOC,1608.512,,
1780559569.158778,,,cpu-thermal,51.468
1780559569.158778,,,gpu-thermal,51.218
1780559569.158778,,,soc0-thermal,49.093
1780559569.158778,,,soc1-thermal,48.718
1780559569.158778,,,soc2-thermal,49.031
1780559569.158778,,,tj-thermal,51.468
1780559569.267073,VDD_IN,7414.848,,
1780559569.267073,VDD_CPU_GPU_CV,3172.608,,
1780559569.267073,VDD_SOC,1569.28,,
1780559569.267073,,,cpu-thermal,51.5
1780559569.267073,,,gpu-thermal,51.125
1780559569.267073,,,soc0-thermal,49.093
1780559569.267073,,,soc1-thermal,48.656
1780559569.267073,,,soc2-thermal,49.062
1780559569.267073,,,tj-thermal,51.5
1780559569.373703,VDD_IN,7414.848,,
1780559569.373703,VDD_CPU_GPU_CV,3172.608,,
1780559569.373703,VDD_SOC,1569.28,,
1780559569.373703,,,cpu-thermal,51.437
1780559569.373703,,,gpu-thermal,51.062
1780559569.373703,,,soc0-thermal,49.281
1780559569.373703,,,soc1-thermal,48.656
1780559569.373703,,,soc2-thermal,49.0
1780559569.373703,,,tj-thermal,51.437
1780559569.4817214,VDD_IN,7375.616,,
1780559569.4817214,VDD_CPU_GPU_CV,3133.44,,
1780559569.4817214,VDD_SOC,1569.28,,
1780559569.4817214,,,cpu-thermal,51.656
1780559569.4817214,,,gpu-thermal,50.968
1780559569.4817214,,,soc0-thermal,49.093
1780559569.4817214,,,soc1-thermal,48.75
1780559569.4817214,,,soc2-thermal,49.125
1780559569.4817214,,,tj-thermal,51.656
1780559569.5882313,VDD_IN,7375.616,,
1780559569.5882313,VDD_CPU_GPU_CV,3133.44,,
1780559569.5882313,VDD_SOC,1569.28,,
1780559569.5882313,,,cpu-thermal,51.781
1780559569.5882313,,,gpu-thermal,51.156
1780559569.5882313,,,soc0-thermal,49.093
1780559569.5882313,,,soc1-thermal,48.812
1780559569.5882313,,,soc2-thermal,49.031
1780559569.5882313,,,tj-thermal,51.468
1780559569.6972053,VDD_IN,7414.848,,
1780559569.6972053,VDD_CPU_GPU_CV,3172.608,,
1780559569.6972053,VDD_SOC,1569.28,,
1780559569.6972053,,,cpu-thermal,51.562
1780559569.6972053,,,gpu-thermal,51.031
1780559569.6972053,,,soc0-thermal,49.0
1780559569.6972053,,,soc1-thermal,48.718
1780559569.6972053,,,soc2-thermal,49.125
1780559569.6972053,,,tj-thermal,51.562
1780559569.8038843,VDD_IN,7414.848,,
1780559569.8038843,VDD_CPU_GPU_CV,3172.608,,
1780559569.8038843,VDD_SOC,1569.28,,
1780559569.8038843,,,cpu-thermal,51.593
1780559569.8038843,,,gpu-thermal,51.0
1780559569.8038843,,,soc0-thermal,49.125
1780559569.8038843,,,soc1-thermal,48.781
1780559569.8038843,,,soc2-thermal,49.218
1780559569.8038843,,,tj-thermal,51.468
1780559569.9116867,VDD_IN,7414.848,,
1780559569.9116867,VDD_CPU_GPU_CV,3172.608,,
1780559569.9116867,VDD_SOC,1569.28,,
1780559569.9116867,,,cpu-thermal,51.468
1780559569.9116867,,,gpu-thermal,51.125
1780559569.9116867,,,soc0-thermal,49.312
1780559569.9116867,,,soc1-thermal,48.718
1780559569.9116867,,,soc2-thermal,49.187
1780559569.9116867,,,tj-thermal,51.468
1780559570.0199225,VDD_IN,7414.848,,
1780559570.0199225,VDD_CPU_GPU_CV,3172.608,,
1780559570.0199225,VDD_SOC,1569.28,,
1780559570.0199225,,,cpu-thermal,51.781
1780559570.0199225,,,gpu-thermal,51.156
1780559570.0199225,,,soc0-thermal,49.156
1780559570.0199225,,,soc1-thermal,48.781
1780559570.0199225,,,soc2-thermal,49.093
1780559570.0199225,,,tj-thermal,51.781
1780559570.1267917,VDD_IN,7414.848,,
1780559570.1267917,VDD_CPU_GPU_CV,3172.608,,
1780559570.1267917,VDD_SOC,1569.28,,
1780559570.1267917,,,cpu-thermal,51.906
1780559570.1267917,,,gpu-thermal,51.156
1780559570.1267917,,,soc0-thermal,49.187
1780559570.1267917,,,soc1-thermal,48.906
1780559570.1267917,,,soc2-thermal,49.062
1780559570.1267917,,,tj-thermal,51.906
1780559570.2335706,VDD_IN,7414.848,,
1780559570.2335706,VDD_CPU_GPU_CV,3172.608,,
1780559570.2335706,VDD_SOC,1608.512,,
1780559570.2335706,,,cpu-thermal,51.562
1780559570.2335706,,,gpu-thermal,51.406
1780559570.2335706,,,soc0-thermal,49.281
1780559570.2335706,,,soc1-thermal,48.812
1780559570.2335706,,,soc2-thermal,49.093
1780559570.2335706,,,tj-thermal,51.562
1780559570.3399756,VDD_IN,7375.616,,
1780559570.3399756,VDD_CPU_GPU_CV,3133.44,,
1780559570.3399756,VDD_SOC,1569.28,,
1780559570.3399756,,,cpu-thermal,51.718
1780559570.3399756,,,gpu-thermal,51.281
1780559570.3399756,,,soc0-thermal,49.218
1780559570.3399756,,,soc1-thermal,48.781
1780559570.3399756,,,soc2-thermal,49.187
1780559570.3399756,,,tj-thermal,51.718
1780559570.446731,VDD_IN,7336.384,,
1780559570.446731,VDD_CPU_GPU_CV,3133.44,,
1780559570.446731,VDD_SOC,1569.28,,
1780559570.446731,,,cpu-thermal,51.562
1780559570.446731,,,gpu-thermal,51.187
1780559570.446731,,,soc0-thermal,49.25
1780559570.446731,,,soc1-thermal,48.843
1780559570.446731,,,soc2-thermal,49.218
1780559570.446731,,,tj-thermal,51.562
1780559570.5533254,VDD_IN,7375.616,,
1780559570.5533254,VDD_CPU_GPU_CV,3133.44,,
1780559570.5533254,VDD_SOC,1569.28,,
1780559570.5533254,,,cpu-thermal,51.593
1780559570.5533254,,,gpu-thermal,51.156
1780559570.5533254,,,soc0-thermal,49.375
1780559570.5533254,,,soc1-thermal,48.781
1780559570.5533254,,,soc2-thermal,49.218
1780559570.5533254,,,tj-thermal,51.593
1780559570.6606345,VDD_IN,7375.616,,
1780559570.6606345,VDD_CPU_GPU_CV,3133.44,,
1780559570.6606345,VDD_SOC,1569.28,,
1780559570.6606345,,,cpu-thermal,52.031
1780559570.6606345,,,gpu-thermal,51.218
1780559570.6606345,,,soc0-thermal,49.187
1780559570.6606345,,,soc1-thermal,48.812
1780559570.6606345,,,soc2-thermal,49.25
1780559570.6606345,,,tj-thermal,52.031
1780559570.7673247,VDD_IN,7375.616,,
1780559570.7673247,VDD_CPU_GPU_CV,3133.44,,
1780559570.7673247,VDD_SOC,1569.28,,
1780559570.7673247,,,cpu-thermal,51.5
1780559570.7673247,,,gpu-thermal,51.25
1780559570.7673247,,,soc0-thermal,49.281
1780559570.7673247,,,soc1-thermal,49.062
1780559570.7673247,,,soc2-thermal,49.218
1780559570.7673247,,,tj-thermal,51.5
1780559570.8737972,VDD_IN,7297.152,,
1780559570.8737972,VDD_CPU_GPU_CV,3094.272,,
1780559570.8737972,VDD_SOC,1569.28,,
1780559570.8737972,,,cpu-thermal,51.718
1780559570.8737972,,,gpu-thermal,51.187
1780559570.8737972,,,soc0-thermal,49.187
1780559570.8737972,,,soc1-thermal,48.843
1780559570.8737972,,,soc2-thermal,49.25
1780559570.8737972,,,tj-thermal,51.718
1780559570.9815388,VDD_IN,7336.384,,
1780559570.9815388,VDD_CPU_GPU_CV,3133.44,,
1780559570.9815388,VDD_SOC,1569.28,,
1780559570.9815388,,,cpu-thermal,51.843
1780559570.9815388,,,gpu-thermal,51.062
1780559570.9815388,,,soc0-thermal,49.343
1780559570.9815388,,,soc1-thermal,48.875
1780559570.9815388,,,soc2-thermal,49.25
1780559570.9815388,,,tj-thermal,51.843
1780559571.0882413,VDD_IN,7336.384,,
1780559571.0882413,VDD_CPU_GPU_CV,3133.44,,
1780559571.0882413,VDD_SOC,1569.28,,
1780559571.0882413,,,cpu-thermal,51.656
1780559571.0882413,,,gpu-thermal,51.562
1780559571.0882413,,,soc0-thermal,49.343
1780559571.0882413,,,soc1-thermal,49.125
1780559571.0882413,,,soc2-thermal,49.25
1780559571.0882413,,,tj-thermal,51.656
1780559571.1949844,VDD_IN,7336.384,,
1780559571.1949844,VDD_CPU_GPU_CV,3133.44,,
1780559571.1949844,VDD_SOC,1569.28,,
1780559571.1949844,,,cpu-thermal,51.687
1780559571.1949844,,,gpu-thermal,51.406
1780559571.1949844,,,soc0-thermal,49.281
1780559571.1949844,,,soc1-thermal,48.843
1780559571.1949844,,,soc2-thermal,49.218
1780559571.1949844,,,tj-thermal,51.687
1780559571.301994,VDD_IN,7336.384,,
1780559571.301994,VDD_CPU_GPU_CV,3133.44,,
1780559571.301994,VDD_SOC,1569.28,,
1780559571.301994,,,cpu-thermal,51.718
1780559571.301994,,,gpu-thermal,51.281
1780559571.301994,,,soc0-thermal,49.281
1780559571.301994,,,soc1-thermal,49.062
1780559571.301994,,,soc2-thermal,49.156
1780559571.301994,,,tj-thermal,51.718
1780559571.4095027,VDD_IN,7297.152,,
1780559571.4095027,VDD_CPU_GPU_CV,3133.44,,
1780559571.4095027,VDD_SOC,1569.28,,
1780559571.4095027,,,cpu-thermal,51.656
1780559571.4095027,,,gpu-thermal,51.406
1780559571.4095027,,,soc0-thermal,49.468
1780559571.4095027,,,soc1-thermal,48.812
1780559571.4095027,,,soc2-thermal,49.25
1780559571.4095027,,,tj-thermal,51.656
1780559571.5161138,VDD_IN,7297.152,,
1780559571.5161138,VDD_CPU_GPU_CV,3133.44,,
1780559571.5161138,VDD_SOC,1569.28,,
1780559571.5161138,,,cpu-thermal,51.937
1780559571.5161138,,,gpu-thermal,51.281
1780559571.5161138,,,soc0-thermal,49.25
1780559571.5161138,,,soc1-thermal,48.875
1780559571.5161138,,,soc2-thermal,49.312
1780559571.5161138,,,tj-thermal,51.937
1780559571.6295326,VDD_IN,7336.384,,
1780559571.6295326,VDD_CPU_GPU_CV,3133.44,,
1780559571.6295326,VDD_SOC,1569.28,,
1780559571.6295326,,,cpu-thermal,51.75
1780559571.6295326,,,gpu-thermal,51.656
1780559571.6295326,,,soc0-thermal,49.437
1780559571.6295326,,,soc1-thermal,48.875
1780559571.6295326,,,soc2-thermal,49.312
1780559571.6295326,,,tj-thermal,51.75
1780559571.736209,VDD_IN,7297.152,,
1780559571.736209,VDD_CPU_GPU_CV,3133.44,,
1780559571.736209,VDD_SOC,1569.28,,
1780559571.736209,,,cpu-thermal,52.093
1780559571.736209,,,gpu-thermal,51.437
1780559571.736209,,,soc0-thermal,49.406
1780559571.736209,,,soc1-thermal,48.937
1780559571.736209,,,soc2-thermal,49.375
1780559571.736209,,,tj-thermal,52.093
1780559571.842635,VDD_IN,7336.384,,
1780559571.842635,VDD_CPU_GPU_CV,3133.44,,
1780559571.842635,VDD_SOC,1569.28,,
1780559571.842635,,,cpu-thermal,51.656
1780559571.842635,,,gpu-thermal,51.312
1780559571.842635,,,soc0-thermal,49.375
1780559571.842635,,,soc1-thermal,48.875
1780559571.842635,,,soc2-thermal,49.281
1780559571.842635,,,tj-thermal,51.656
1780559571.9494205,VDD_IN,7297.152,,
1780559571.9494205,VDD_CPU_GPU_CV,3133.44,,
1780559571.9494205,VDD_SOC,1569.28,,
1780559571.9494205,,,cpu-thermal,51.781
1780559571.9494205,,,gpu-thermal,51.625
1780559571.9494205,,,soc0-thermal,49.375
1780559571.9494205,,,soc1-thermal,48.968
1780559571.9494205,,,soc2-thermal,49.406
1780559571.9494205,,,tj-thermal,51.843
1780559572.0558689,VDD_IN,7336.384,,
1780559572.0558689,VDD_CPU_GPU_CV,3133.44,,
1780559572.0558689,VDD_SOC,1569.28,,
1780559572.0558689,,,cpu-thermal,51.937
1780559572.0558689,,,gpu-thermal,51.437
1780559572.0558689,,,soc0-thermal,49.281
1780559572.0558689,,,soc1-thermal,48.968
1780559572.0558689,,,soc2-thermal,49.375
1780559572.0558689,,,tj-thermal,51.937
1780559572.1625853,VDD_IN,7297.152,,
1780559572.1625853,VDD_CPU_GPU_CV,3133.44,,
1780559572.1625853,VDD_SOC,1569.28,,
1780559572.1625853,,,cpu-thermal,52.062
1780559572.1625853,,,gpu-thermal,51.343
1780559572.1625853,,,soc0-thermal,49.406
1780559572.1625853,,,soc1-thermal,48.906
1780559572.1625853,,,soc2-thermal,49.406
1780559572.1625853,,,tj-thermal,51.812
1780559572.2693403,VDD_IN,7297.152,,
1780559572.2693403,VDD_CPU_GPU_CV,3133.44,,
1780559572.2693403,VDD_SOC,1569.28,,
1780559572.2693403,,,cpu-thermal,51.906
1780559572.2693403,,,gpu-thermal,51.25
1780559572.2693403,,,soc0-thermal,49.281
1780559572.2693403,,,soc1-thermal,48.875
1780559572.2693403,,,soc2-thermal,49.5
1780559572.2693403,,,tj-thermal,51.906
1780559572.375707,VDD_IN,7309.056,,
1780559572.375707,VDD_CPU_GPU_CV,3094.272,,
1780559572.375707,VDD_SOC,1569.28,,
1780559572.375707,,,cpu-thermal,51.937
1780559572.375707,,,gpu-thermal,51.218
1780559572.375707,,,soc0-thermal,49.312
1780559572.375707,,,soc1-thermal,49.031
1780559572.375707,,,soc2-thermal,49.437
1780559572.375707,,,tj-thermal,51.937
1780559572.4821153,VDD_IN,7257.92,,
1780559572.4821153,VDD_CPU_GPU_CV,3094.272,,
1780559572.4821153,VDD_SOC,1569.28,,
1780559572.4821153,,,cpu-thermal,51.812
1780559572.4821153,,,gpu-thermal,51.625
1780559572.4821153,,,soc0-thermal,49.531
1780559572.4821153,,,soc1-thermal,49.218
1780559572.4821153,,,soc2-thermal,49.437
1780559572.4821153,,,tj-thermal,51.812
1780559572.588614,VDD_IN,7257.92,,
1780559572.588614,VDD_CPU_GPU_CV,3094.272,,
1780559572.588614,VDD_SOC,1530.048,,
1780559572.588614,,,cpu-thermal,51.812
1780559572.588614,,,gpu-thermal,51.468
1780559572.588614,,,soc0-thermal,49.343
1780559572.588614,,,soc1-thermal,49.0
1780559572.588614,,,soc2-thermal,49.468
1780559572.588614,,,tj-thermal,51.812
1780559572.6956198,VDD_IN,7269.76,,
1780559572.6956198,VDD_CPU_GPU_CV,3094.272,,
1780559572.6956198,VDD_SOC,1569.28,,
1780559572.6956198,,,cpu-thermal,52.187
1780559572.6956198,,,gpu-thermal,51.406
1780559572.6956198,,,soc0-thermal,49.406
1780559572.6956198,,,soc1-thermal,49.093
1780559572.6956198,,,soc2-thermal,49.5
1780559572.6956198,,,tj-thermal,52.187
1780559572.8031754,VDD_IN,7218.688,,
1780559572.8031754,VDD_CPU_GPU_CV,3094.272,,
1780559572.8031754,VDD_SOC,1530.048,,
1780559572.8031754,,,cpu-thermal,51.812
1780559572.8031754,,,gpu-thermal,51.312
1780559572.8031754,,,soc0-thermal,49.562
1780559572.8031754,,,soc1-thermal,49.218
1780559572.8031754,,,soc2-thermal,49.468
1780559572.8031754,,,tj-thermal,51.812
1780559572.9100406,VDD_IN,7257.92,,
1780559572.9100406,VDD_CPU_GPU_CV,3094.272,,
1780559572.9100406,VDD_SOC,1569.28,,
1780559572.9100406,,,cpu-thermal,51.937
1780559572.9100406,,,gpu-thermal,51.281
1780559572.9100406,,,soc0-thermal,49.437
1780559572.9100406,,,soc1-thermal,49.093
1780559572.9100406,,,soc2-thermal,49.468
1780559572.9100406,,,tj-thermal,51.937
1780559573.017243,VDD_IN,7218.688,,
1780559573.017243,VDD_CPU_GPU_CV,3094.272,,
1780559573.017243,VDD_SOC,1530.048,,
1780559573.017243,,,cpu-thermal,52.031
1780559573.017243,,,gpu-thermal,51.187
1780559573.017243,,,soc0-thermal,49.468
1780559573.017243,,,soc1-thermal,49.125
1780559573.017243,,,soc2-thermal,49.437
1780559573.017243,,,tj-thermal,52.031
1780559573.12373,VDD_IN,7218.688,,
1780559573.12373,VDD_CPU_GPU_CV,3055.104,,
1780559573.12373,VDD_SOC,1530.048,,
1780559573.12373,,,cpu-thermal,51.906
1780559573.12373,,,gpu-thermal,51.531
1780559573.12373,,,soc0-thermal,49.593
1780559573.12373,,,soc1-thermal,49.031
1780559573.12373,,,soc2-thermal,49.468
1780559573.12373,,,tj-thermal,51.906
1780559573.2301931,VDD_IN,7179.456,,
1780559573.2301931,VDD_CPU_GPU_CV,3015.936,,
1780559573.2301931,VDD_SOC,1530.048,,
1780559573.2301931,,,cpu-thermal,51.937
1780559573.2301931,,,gpu-thermal,51.593
1780559573.2301931,,,soc0-thermal,49.406
1780559573.2301931,,,soc1-thermal,49.093
1780559573.2301931,,,soc2-thermal,49.531
1780559573.2301931,,,tj-thermal,51.937
1780559573.3365157,VDD_IN,7140.224,,
1780559573.3365157,VDD_CPU_GPU_CV,2976.768,,
1780559573.3365157,VDD_SOC,1530.048,,
1780559573.3365157,,,cpu-thermal,51.812
1780559573.3365157,,,gpu-thermal,51.406
1780559573.3365157,,,soc0-thermal,49.562
1780559573.3365157,,,soc1-thermal,49.125
1780559573.3365157,,,soc2-thermal,49.687
1780559573.3365157,,,tj-thermal,51.812
1780559573.442854,VDD_IN,7100.992,,
1780559573.442854,VDD_CPU_GPU_CV,2976.768,,
1780559573.442854,VDD_SOC,1530.048,,
1780559573.442854,,,cpu-thermal,51.875
1780559573.442854,,,gpu-thermal,51.343
1780559573.442854,,,soc0-thermal,49.593
1780559573.442854,,,soc1-thermal,49.093
1780559573.442854,,,soc2-thermal,49.437
1780559573.442854,,,tj-thermal,51.875
1780559573.5494032,VDD_IN,7100.992,,
1780559573.5494032,VDD_CPU_GPU_CV,2976.768,,
1780559573.5494032,VDD_SOC,1530.048,,
1780559573.5494032,,,cpu-thermal,51.937
1780559573.5494032,,,gpu-thermal,51.5
1780559573.5494032,,,soc0-thermal,49.5
1780559573.5494032,,,soc1-thermal,49.125
1780559573.5494032,,,soc2-thermal,49.531
1780559573.5494032,,,tj-thermal,52.031
1780559573.656595,VDD_IN,7100.992,,
1780559573.656595,VDD_CPU_GPU_CV,2937.6,,
1780559573.656595,VDD_SOC,1530.048,,
1780559573.656595,,,cpu-thermal,52.25
1780559573.656595,,,gpu-thermal,51.468
1780559573.656595,,,soc0-thermal,49.562
1780559573.656595,,,soc1-thermal,49.156
1780559573.656595,,,soc2-thermal,49.5
1780559573.656595,,,tj-thermal,52.25
1780559573.7632673,VDD_IN,7022.528,,
1780559573.7632673,VDD_CPU_GPU_CV,2937.6,,
1780559573.7632673,VDD_SOC,1530.048,,
1780559573.7632673,,,cpu-thermal,51.906
1780559573.7632673,,,gpu-thermal,51.437
1780559573.7632673,,,soc0-thermal,49.687
1780559573.7632673,,,soc1-thermal,49.031
1780559573.7632673,,,soc2-thermal,49.468
1780559573.7632673,,,tj-thermal,51.937
1780559573.8716886,VDD_IN,7022.528,,
1780559573.8716886,VDD_CPU_GPU_CV,2976.768,,
1780559573.8716886,VDD_SOC,1530.048,,
1780559573.8716886,,,cpu-thermal,52.093
1780559573.8716886,,,gpu-thermal,51.312
1780559573.8716886,,,soc0-thermal,49.437
1780559573.8716886,,,soc1-thermal,49.218
1780559573.8716886,,,soc2-thermal,49.562
1780559573.8716886,,,tj-thermal,52.093
1780559573.978184,VDD_IN,6983.296,,
1780559573.978184,VDD_CPU_GPU_CV,2976.768,,
1780559573.978184,VDD_SOC,1530.048,,
1780559573.978184,,,cpu-thermal,51.968
1780559573.978184,,,gpu-thermal,51.687
1780559573.978184,,,soc0-thermal,49.593
1780559573.978184,,,soc1-thermal,49.25
1780559573.978184,,,soc2-thermal,49.5
1780559573.978184,,,tj-thermal,51.968
1780559574.0845952,VDD_IN,6944.064,,
1780559574.0845952,VDD_CPU_GPU_CV,2976.768,,
1780559574.0845952,VDD_SOC,1530.048,,
1780559574.0845952,,,cpu-thermal,51.968
1780559574.0845952,,,gpu-thermal,51.656
1780559574.0845952,,,soc0-thermal,49.656
1780559574.0845952,,,soc1-thermal,49.156
1780559574.0845952,,,soc2-thermal,49.562
1780559574.0845952,,,tj-thermal,51.968
1780559574.1911097,VDD_IN,6904.832,,
1780559574.1911097,VDD_CPU_GPU_CV,2976.768,,
1780559574.1911097,VDD_SOC,1490.816,,
1780559574.1911097,,,cpu-thermal,52.031
1780559574.1911097,,,gpu-thermal,51.5
1780559574.1911097,,,soc0-thermal,49.562
1780559574.1911097,,,soc1-thermal,49.218
1780559574.1911097,,,soc2-thermal,49.687
1780559574.1911097,,,tj-thermal,52.343
1780559574.2978094,VDD_IN,6904.832,,
1780559574.2978094,VDD_CPU_GPU_CV,3015.936,,
1780559574.2978094,VDD_SOC,1490.816,,
1780559574.2978094,,,cpu-thermal,51.968
1780559574.2978094,,,gpu-thermal,51.406
1780559574.2978094,,,soc0-thermal,49.531
1780559574.2978094,,,soc1-thermal,49.25
1780559574.2978094,,,soc2-thermal,49.531
1780559574.2978094,,,tj-thermal,51.968
1780559574.4043787,VDD_IN,6904.832,,
1780559574.4043787,VDD_CPU_GPU_CV,3015.936,,
1780559574.4043787,VDD_SOC,1490.816,,
1780559574.4043787,,,cpu-thermal,51.937
1780559574.4043787,,,gpu-thermal,51.406
1780559574.4043787,,,soc0-thermal,49.625
1780559574.4043787,,,soc1-thermal,49.156
1780559574.4043787,,,soc2-thermal,49.531
1780559574.4043787,,,tj-thermal,52.093
1780559574.5108106,VDD_IN,6904.832,,
1780559574.5108106,VDD_CPU_GPU_CV,3015.936,,
1780559574.5108106,VDD_SOC,1490.816,,
1780559574.5108106,,,cpu-thermal,52.218
1780559574.5108106,,,gpu-thermal,51.812
1780559574.5108106,,,soc0-thermal,49.562
1780559574.5108106,,,soc1-thermal,49.218
1780559574.5108106,,,soc2-thermal,49.687
1780559574.5108106,,,tj-thermal,52.218
1780559574.6172612,VDD_IN,6865.6,,
1780559574.6172612,VDD_CPU_GPU_CV,3015.936,,
1780559574.6172612,VDD_SOC,1490.816,,
1780559574.6172612,,,cpu-thermal,52.375
1780559574.6172612,,,gpu-thermal,51.593
1780559574.6172612,,,soc0-thermal,49.656
1780559574.6172612,,,soc1-thermal,49.312
1780559574.6172612,,,soc2-thermal,49.531
1780559574.6172612,,,tj-thermal,52.375
1780559574.7238624,VDD_IN,6865.6,,
1780559574.7238624,VDD_CPU_GPU_CV,3015.936,,
1780559574.7238624,VDD_SOC,1490.816,,
1780559574.7238624,,,cpu-thermal,52.093
1780559574.7238624,,,gpu-thermal,51.406
1780559574.7238624,,,soc0-thermal,49.687
1780559574.7238624,,,soc1-thermal,49.218
1780559574.7238624,,,soc2-thermal,49.593
1780559574.7238624,,,tj-thermal,52.093
1780559574.8307292,VDD_IN,6865.6,,
1780559574.8307292,VDD_CPU_GPU_CV,3015.936,,
1780559574.8307292,VDD_SOC,1490.816,,
1780559574.8307292,,,cpu-thermal,52.125
1780559574.8307292,,,gpu-thermal,51.718
1780559574.8307292,,,soc0-thermal,49.531
1780559574.8307292,,,soc1-thermal,49.218
1780559574.8307292,,,soc2-thermal,49.687
1780559574.8307292,,,tj-thermal,52.125
1780559574.9370997,VDD_IN,6865.6,,
1780559574.9370997,VDD_CPU_GPU_CV,3015.936,,
1780559574.9370997,VDD_SOC,1490.816,,
1780559574.9370997,,,cpu-thermal,52.062
1780559574.9370997,,,gpu-thermal,51.75
1780559574.9370997,,,soc0-thermal,49.718
1780559574.9370997,,,soc1-thermal,49.281
1780559574.9370997,,,soc2-thermal,49.562
1780559574.9370997,,,tj-thermal,52.062
1780559575.044141,VDD_IN,6865.6,,
1780559575.044141,VDD_CPU_GPU_CV,3015.936,,
1780559575.044141,VDD_SOC,1490.816,,
1780559575.044141,,,cpu-thermal,52.125
1780559575.044141,,,gpu-thermal,51.531
1780559575.044141,,,soc0-thermal,49.625
1780559575.044141,,,soc1-thermal,49.218
1780559575.044141,,,soc2-thermal,49.625
1780559575.044141,,,tj-thermal,52.125
1780559575.1508863,VDD_IN,6865.6,,
1780559575.1508863,VDD_CPU_GPU_CV,3015.936,,
1780559575.1508863,VDD_SOC,1490.816,,
1780559575.1508863,,,cpu-thermal,52.437
1780559575.1508863,,,gpu-thermal,51.531
1780559575.1508863,,,soc0-thermal,49.625
1780559575.1508863,,,soc1-thermal,49.343
1780559575.1508863,,,soc2-thermal,49.625
1780559575.1508863,,,tj-thermal,52.437
1780559575.2576551,VDD_IN,6826.368,,
1780559575.2576551,VDD_CPU_GPU_CV,3015.936,,
1780559575.2576551,VDD_SOC,1490.816,,
1780559575.2576551,,,cpu-thermal,52.062
1780559575.2576551,,,gpu-thermal,51.531
1780559575.2576551,,,soc0-thermal,49.687
1780559575.2576551,,,soc1-thermal,49.406
1780559575.2576551,,,soc2-thermal,49.625
1780559575.2576551,,,tj-thermal,52.062
1780559575.3646517,VDD_IN,6826.368,,
1780559575.3646517,VDD_CPU_GPU_CV,3015.936,,
1780559575.3646517,VDD_SOC,1490.816,,
1780559575.3646517,,,cpu-thermal,52.218
1780559575.3646517,,,gpu-thermal,51.812
1780559575.3646517,,,soc0-thermal,49.562
1780559575.3646517,,,soc1-thermal,49.25
1780559575.3646517,,,soc2-thermal,49.656
1780559575.3646517,,,tj-thermal,52.218
1780559575.4711652,VDD_IN,6826.368,,
1780559575.4711652,VDD_CPU_GPU_CV,3055.104,,
1780559575.4711652,VDD_SOC,1490.816,,
1780559575.4711652,,,cpu-thermal,52.343
1780559575.4711652,,,gpu-thermal,51.687
1780559575.4711652,,,soc0-thermal,49.593
1780559575.4711652,,,soc1-thermal,49.312
1780559575.4711652,,,soc2-thermal,49.75
1780559575.4711652,,,tj-thermal,52.343
1780559575.5780394,VDD_IN,6826.368,,
1780559575.5780394,VDD_CPU_GPU_CV,3055.104,,
1780559575.5780394,VDD_SOC,1490.816,,
1780559575.5780394,,,cpu-thermal,52.125
1780559575.5780394,,,gpu-thermal,51.687
1780559575.5780394,,,soc0-thermal,49.687
1780559575.5780394,,,soc1-thermal,49.437
1780559575.5780394,,,soc2-thermal,49.687
1780559575.5780394,,,tj-thermal,52.125
1780559575.6847966,VDD_IN,6826.368,,
1780559575.6847966,VDD_CPU_GPU_CV,3015.936,,
1780559575.6847966,VDD_SOC,1490.816,,
1780559575.6847966,,,cpu-thermal,52.156
1780559575.6847966,,,gpu-thermal,51.593
1780559575.6847966,,,soc0-thermal,49.562
1780559575.6847966,,,soc1-thermal,49.312
1780559575.6847966,,,soc2-thermal,49.625
1780559575.6847966,,,tj-thermal,52.156
1780559575.7914202,VDD_IN,6826.368,,
1780559575.7914202,VDD_CPU_GPU_CV,3015.936,,
1780559575.7914202,VDD_SOC,1490.816,,
1780559575.7914202,,,cpu-thermal,52.093
1780559575.7914202,,,gpu-thermal,51.687
1780559575.7914202,,,soc0-thermal,49.718
1780559575.7914202,,,soc1-thermal,49.437
1780559575.7914202,,,soc2-thermal,49.656
1780559575.7914202,,,tj-thermal,52.093
1780559575.8995106,VDD_IN,6826.368,,
1780559575.8995106,VDD_CPU_GPU_CV,3015.936,,
1780559575.8995106,VDD_SOC,1490.816,,
1780559575.8995106,,,cpu-thermal,52.25
1780559575.8995106,,,gpu-thermal,51.593
1780559575.8995106,,,soc0-thermal,49.718
1780559575.8995106,,,soc1-thermal,49.281
1780559575.8995106,,,soc2-thermal,49.75
1780559575.8995106,,,tj-thermal,52.25
1780559576.005854,VDD_IN,6865.6,,
1780559576.005854,VDD_CPU_GPU_CV,3015.936,,
1780559576.005854,VDD_SOC,1490.816,,
1780559576.005854,,,cpu-thermal,52.343
1780559576.005854,,,gpu-thermal,51.562
1780559576.005854,,,soc0-thermal,49.593
1780559576.005854,,,soc1-thermal,49.437
1780559576.005854,,,soc2-thermal,49.75
1780559576.005854,,,tj-thermal,52.343
1780559576.1136308,VDD_IN,6826.368,,
1780559576.1136308,VDD_CPU_GPU_CV,3015.936,,
1780559576.1136308,VDD_SOC,1490.816,,
1780559576.1136308,,,cpu-thermal,52.437
1780559576.1136308,,,gpu-thermal,51.437
1780559576.1136308,,,soc0-thermal,49.718
1780559576.1136308,,,soc1-thermal,49.406
1780559576.1136308,,,soc2-thermal,49.75
1780559576.1136308,,,tj-thermal,52.437
1780559576.2202282,VDD_IN,6826.368,,
1780559576.2202282,VDD_CPU_GPU_CV,3015.936,,
1780559576.2202282,VDD_SOC,1490.816,,
1780559576.2202282,,,cpu-thermal,52.218
1780559576.2202282,,,gpu-thermal,51.906
1780559576.2202282,,,soc0-thermal,49.625
1780559576.2202282,,,soc1-thermal,49.281
1780559576.2202282,,,soc2-thermal,49.781
1780559576.2202282,,,tj-thermal,52.218
1780559576.3285515,VDD_IN,6826.368,,
1780559576.3285515,VDD_CPU_GPU_CV,3015.936,,
1780559576.3285515,VDD_SOC,1490.816,,
1780559576.3285515,,,cpu-thermal,52.343
1780559576.3285515,,,gpu-thermal,51.562
1780559576.3285515,,,soc0-thermal,49.656
1780559576.3285515,,,soc1-thermal,49.406
1780559576.3285515,,,soc2-thermal,49.781
1780559576.3285515,,,tj-thermal,52.062
1780559576.4351127,VDD_IN,6865.6,,
1780559576.4351127,VDD_CPU_GPU_CV,3015.936,,
1780559576.4351127,VDD_SOC,1490.816,,
1780559576.4351127,,,cpu-thermal,52.281
1780559576.4351127,,,gpu-thermal,51.593
1780559576.4351127,,,soc0-thermal,49.781
1780559576.4351127,,,soc1-thermal,49.593
1780559576.4351127,,,soc2-thermal,49.812
1780559576.4351127,,,tj-thermal,52.281
1780559576.5418987,VDD_IN,6826.368,,
1780559576.5418987,VDD_CPU_GPU_CV,3015.936,,
1780559576.5418987,VDD_SOC,1490.816,,
1780559576.5418987,,,cpu-thermal,52.468
1780559576.5418987,,,gpu-thermal,51.906
1780559576.5418987,,,soc0-thermal,49.687
1780559576.5418987,,,soc1-thermal,49.375
1780559576.5418987,,,soc2-thermal,49.75
1780559576.5418987,,,tj-thermal,52.468
1780559576.6500359,VDD_IN,6826.368,,
1780559576.6500359,VDD_CPU_GPU_CV,3015.936,,
1780559576.6500359,VDD_SOC,1490.816,,
1780559576.6500359,,,cpu-thermal,52.437
1780559576.6500359,,,gpu-thermal,51.812
1780559576.6500359,,,soc0-thermal,49.718
1780559576.6500359,,,soc1-thermal,49.531
1780559576.6500359,,,soc2-thermal,49.75
1780559576.6500359,,,tj-thermal,52.437
1780559576.7567687,VDD_IN,6826.368,,
1780559576.7567687,VDD_CPU_GPU_CV,3015.936,,
1780559576.7567687,VDD_SOC,1490.816,,
1780559576.7567687,,,cpu-thermal,52.281
1780559576.7567687,,,gpu-thermal,52.0
1780559576.7567687,,,soc0-thermal,49.875
1780559576.7567687,,,soc1-thermal,49.5
1780559576.7567687,,,soc2-thermal,49.75
1780559576.7567687,,,tj-thermal,52.281
1780559576.8647888,VDD_IN,6787.136,,
1780559576.8647888,VDD_CPU_GPU_CV,2976.768,,
1780559576.8647888,VDD_SOC,1490.816,,
1780559576.8647888,,,cpu-thermal,52.375
1780559576.8647888,,,gpu-thermal,51.875
1780559576.8647888,,,soc0-thermal,49.75
1780559576.8647888,,,soc1-thermal,49.406
1780559576.8647888,,,soc2-thermal,49.812
1780559576.8647888,,,tj-thermal,52.375
1780559576.971856,VDD_IN,6787.136,,
1780559576.971856,VDD_CPU_GPU_CV,2976.768,,
1780559576.971856,VDD_SOC,1490.816,,
1780559576.971856,,,cpu-thermal,52.218
1780559576.971856,,,gpu-thermal,51.718
1780559576.971856,,,soc0-thermal,49.75
1780559576.971856,,,soc1-thermal,49.562
1780559576.971856,,,soc2-thermal,49.781
1780559576.971856,,,tj-thermal,52.218
1780559577.0792742,VDD_IN,6747.904,,
1780559577.0792742,VDD_CPU_GPU_CV,2937.6,,
1780559577.0792742,VDD_SOC,1490.816,,
1780559577.0792742,,,cpu-thermal,52.218
1780559577.0792742,,,gpu-thermal,51.687
1780559577.0792742,,,soc0-thermal,49.875
1780559577.0792742,,,soc1-thermal,49.406
1780559577.0792742,,,soc2-thermal,49.906
1780559577.0792742,,,tj-thermal,52.218
1780559577.186132,VDD_IN,6747.904,,
1780559577.186132,VDD_CPU_GPU_CV,2976.768,,
1780559577.186132,VDD_SOC,1490.816,,
1780559577.186132,,,cpu-thermal,52.687
1780559577.186132,,,gpu-thermal,51.687
1780559577.186132,,,soc0-thermal,49.812
1780559577.186132,,,soc1-thermal,49.593
1780559577.186132,,,soc2-thermal,49.906
1780559577.186132,,,tj-thermal,52.687
1780559577.2939796,VDD_IN,6747.904,,
1780559577.2939796,VDD_CPU_GPU_CV,2937.6,,
1780559577.2939796,VDD_SOC,1490.816,,
1780559577.2939796,,,cpu-thermal,52.187
1780559577.2939796,,,gpu-thermal,51.718
1780559577.2939796,,,soc0-thermal,49.843
1780559577.2939796,,,soc1-thermal,49.406
1780559577.2939796,,,soc2-thermal,49.75
1780559577.2939796,,,tj-thermal,52.343
1780559577.4005027,VDD_IN,6787.136,,
1780559577.4005027,VDD_CPU_GPU_CV,2976.768,,
1780559577.4005027,VDD_SOC,1490.816,,
1780559577.4005027,,,cpu-thermal,52.437
1780559577.4005027,,,gpu-thermal,51.687
1780559577.4005027,,,soc0-thermal,49.75
1780559577.4005027,,,soc1-thermal,49.468
1780559577.4005027,,,soc2-thermal,49.843
1780559577.4005027,,,tj-thermal,52.437
1780559577.5069036,VDD_IN,6787.136,,
1780559577.5069036,VDD_CPU_GPU_CV,2976.768,,
1780559577.5069036,VDD_SOC,1490.816,,
1780559577.5069036,,,cpu-thermal,52.5
1780559577.5069036,,,gpu-thermal,51.687
1780559577.5069036,,,soc0-thermal,49.781
1780559577.5069036,,,soc1-thermal,49.562
1780559577.5069036,,,soc2-thermal,49.937
1780559577.5069036,,,tj-thermal,52.5
1780559577.6141725,VDD_IN,6787.136,,
1780559577.6141725,VDD_CPU_GPU_CV,2976.768,,
1780559577.6141725,VDD_SOC,1490.816,,
1780559577.6141725,,,cpu-thermal,52.312
1780559577.6141725,,,gpu-thermal,52.093
1780559577.6141725,,,soc0-thermal,49.906
1780559577.6141725,,,soc1-thermal,49.468
1780559577.6141725,,,soc2-thermal,49.812
1780559577.6141725,,,tj-thermal,52.312
1780559577.720699,VDD_IN,6787.136,,
1780559577.720699,VDD_CPU_GPU_CV,2976.768,,
1780559577.720699,VDD_SOC,1490.816,,
1780559577.720699,,,cpu-thermal,52.343
1780559577.720699,,,gpu-thermal,51.875
1780559577.720699,,,soc0-thermal,49.75
1780559577.720699,,,soc1-thermal,49.531
1780559577.720699,,,soc2-thermal,49.75
1780559577.720699,,,tj-thermal,52.343
1780559577.827177,VDD_IN,6787.136,,
1780559577.827177,VDD_CPU_GPU_CV,2976.768,,
1780559577.827177,VDD_SOC,1490.816,,
1780559577.827177,,,cpu-thermal,52.281
1780559577.827177,,,gpu-thermal,51.843
1780559577.827177,,,soc0-thermal,49.843
1780559577.827177,,,soc1-thermal,49.593
1780559577.827177,,,soc2-thermal,49.812
1780559577.827177,,,tj-thermal,52.281
1780559577.9338813,VDD_IN,6787.136,,
1780559577.9338813,VDD_CPU_GPU_CV,2976.768,,
1780559577.9338813,VDD_SOC,1490.816,,
1780559577.9338813,,,cpu-thermal,52.312
1780559577.9338813,,,gpu-thermal,51.781
1780559577.9338813,,,soc0-thermal,49.906
1780559577.9338813,,,soc1-thermal,49.468
1780559577.9338813,,,soc2-thermal,49.781
1780559577.9338813,,,tj-thermal,52.312
1780559578.0403771,VDD_IN,6826.368,,
1780559578.0403771,VDD_CPU_GPU_CV,3015.936,,
1780559578.0403771,VDD_SOC,1490.816,,
1780559578.0403771,,,cpu-thermal,52.312
1780559578.0403771,,,gpu-thermal,51.718
1780559578.0403771,,,soc0-thermal,49.781
1780559578.0403771,,,soc1-thermal,49.593
1780559578.0403771,,,soc2-thermal,49.875
1780559578.0403771,,,tj-thermal,52.531
1780559578.1467237,VDD_IN,6826.368,,
1780559578.1467237,VDD_CPU_GPU_CV,3015.936,,
1780559578.1467237,VDD_SOC,1490.816,,
1780559578.1467237,,,cpu-thermal,52.656
1780559578.1467237,,,gpu-thermal,52.218
1780559578.1467237,,,soc0-thermal,49.843
1780559578.1467237,,,soc1-thermal,49.593
1780559578.1467237,,,soc2-thermal,49.968
1780559578.1467237,,,tj-thermal,52.656
1780559578.2532787,VDD_IN,6787.136,,
1780559578.2532787,VDD_CPU_GPU_CV,3015.936,,
1780559578.2532787,VDD_SOC,1490.816,,
1780559578.2532787,,,cpu-thermal,52.812
1780559578.2532787,,,gpu-thermal,52.0
1780559578.2532787,,,soc0-thermal,49.937
1780559578.2532787,,,soc1-thermal,49.5
1780559578.2532787,,,soc2-thermal,49.875
1780559578.2532787,,,tj-thermal,52.437
1780559578.359867,VDD_IN,6826.368,,
1780559578.359867,VDD_CPU_GPU_CV,3015.936,,
1780559578.359867,VDD_SOC,1490.816,,
1780559578.359867,,,cpu-thermal,52.468
1780559578.359867,,,gpu-thermal,51.906
1780559578.359867,,,soc0-thermal,49.812
1780559578.359867,,,soc1-thermal,49.531
1780559578.359867,,,soc2-thermal,49.968
1780559578.359867,,,tj-thermal,52.468
1780559578.466428,VDD_IN,6826.368,,
1780559578.466428,VDD_CPU_GPU_CV,3015.936,,
1780559578.466428,VDD_SOC,1490.816,,
1780559578.466428,,,cpu-thermal,52.5
1780559578.466428,,,gpu-thermal,51.843
1780559578.466428,,,soc0-thermal,49.906
1780559578.466428,,,soc1-thermal,49.656
1780559578.466428,,,soc2-thermal,50.093
1780559578.466428,,,tj-thermal,52.5
1780559578.572879,VDD_IN,6826.368,,
1780559578.572879,VDD_CPU_GPU_CV,3015.936,,
1780559578.572879,VDD_SOC,1490.816,,
1780559578.572879,,,cpu-thermal,52.406
1780559578.572879,,,gpu-thermal,51.781
1780559578.572879,,,soc0-thermal,49.968
1780559578.572879,,,soc1-thermal,49.5
1780559578.572879,,,soc2-thermal,49.937
1780559578.572879,,,tj-thermal,52.406
1780559578.6792939,VDD_IN,6826.368,,
1780559578.6792939,VDD_CPU_GPU_CV,3015.936,,
1780559578.6792939,VDD_SOC,1490.816,,
1780559578.6792939,,,cpu-thermal,52.437
1780559578.6792939,,,gpu-thermal,51.781
1780559578.6792939,,,soc0-thermal,49.906
1780559578.6792939,,,soc1-thermal,49.593
1780559578.6792939,,,soc2-thermal,50.0
1780559578.6792939,,,tj-thermal,52.437
1780559578.7857103,VDD_IN,6826.368,,
1780559578.7857103,VDD_CPU_GPU_CV,3015.936,,
1780559578.7857103,VDD_SOC,1490.816,,
1780559578.7857103,,,cpu-thermal,52.375
1780559578.7857103,,,gpu-thermal,52.125
1780559578.7857103,,,soc0-thermal,49.906
1780559578.7857103,,,soc1-thermal,49.687
1780559578.7857103,,,soc2-thermal,50.062
1780559578.7857103,,,tj-thermal,52.375
1780559578.8920882,VDD_IN,6787.136,,
1780559578.8920882,VDD_CPU_GPU_CV,3015.936,,
1780559578.8920882,VDD_SOC,1490.816,,
1780559578.8920882,,,cpu-thermal,52.437
1780559578.8920882,,,gpu-thermal,52.0
1780559578.8920882,,,soc0-thermal,50.031
1780559578.8920882,,,soc1-thermal,49.593
1780559578.8920882,,,soc2-thermal,49.968
1780559578.8920882,,,tj-thermal,52.437
1780559578.9985285,VDD_IN,6787.136,,
1780559578.9985285,VDD_CPU_GPU_CV,3015.936,,
1780559578.9985285,VDD_SOC,1490.816,,
1780559578.9985285,,,cpu-thermal,52.406
1780559578.9985285,,,gpu-thermal,51.968
1780559578.9985285,,,soc0-thermal,49.906
1780559578.9985285,,,soc1-thermal,49.687
1780559578.9985285,,,soc2-thermal,50.0
1780559578.9985285,,,tj-thermal,52.593
1780559579.1050265,VDD_IN,6826.368,,
1780559579.1050265,VDD_CPU_GPU_CV,3015.936,,
1780559579.1050265,VDD_SOC,1490.816,,
1780559579.1050265,,,cpu-thermal,52.875
1780559579.1050265,,,gpu-thermal,51.781
1780559579.1050265,,,soc0-thermal,49.937
1780559579.1050265,,,soc1-thermal,49.687
1780559579.1050265,,,soc2-thermal,49.968
1780559579.1050265,,,tj-thermal,52.875
1780559579.2114363,VDD_IN,6787.136,,
1780559579.2114363,VDD_CPU_GPU_CV,3015.936,,
1780559579.2114363,VDD_SOC,1490.816,,
1780559579.2114363,,,cpu-thermal,52.843
1780559579.2114363,,,gpu-thermal,51.906
1780559579.2114363,,,soc0-thermal,49.968
1780559579.2114363,,,soc1-thermal,49.875
1780559579.2114363,,,soc2-thermal,50.031
1780559579.2114363,,,tj-thermal,52.843
1780559579.317818,VDD_IN,6826.368,,
1780559579.317818,VDD_CPU_GPU_CV,3015.936,,
1780559579.317818,VDD_SOC,1490.816,,
1780559579.317818,,,cpu-thermal,52.531
1780559579.317818,,,gpu-thermal,52.187
1780559579.317818,,,soc0-thermal,49.937
1780559579.317818,,,soc1-thermal,49.687
1780559579.317818,,,soc2-thermal,49.968
1780559579.317818,,,tj-thermal,52.531
1780559579.4243393,VDD_IN,6826.368,,
1780559579.4243393,VDD_CPU_GPU_CV,3015.936,,
1780559579.4243393,VDD_SOC,1490.816,,
1780559579.4243393,,,cpu-thermal,52.656
1780559579.4243393,,,gpu-thermal,52.093
1780559579.4243393,,,soc0-thermal,49.968
1780559579.4243393,,,soc1-thermal,49.75
1780559579.4243393,,,soc2-thermal,50.156
1780559579.4243393,,,tj-thermal,52.656
1780559579.5307114,VDD_IN,6826.368,,
1780559579.5307114,VDD_CPU_GPU_CV,3015.936,,
1780559579.5307114,VDD_SOC,1490.816,,
1780559579.5307114,,,cpu-thermal,52.562
1780559579.5307114,,,gpu-thermal,51.968
1780559579.5307114,,,soc0-thermal,50.0
1780559579.5307114,,,soc1-thermal,49.812
1780559579.5307114,,,soc2-thermal,50.0
1780559579.5307114,,,tj-thermal,52.562
1780559579.63706,VDD_IN,6826.368,,
1780559579.63706,VDD_CPU_GPU_CV,3015.936,,
1780559579.63706,VDD_SOC,1490.816,,
1780559579.63706,,,cpu-thermal,52.531
1780559579.63706,,,gpu-thermal,51.968
1780559579.63706,,,soc0-thermal,50.218
1780559579.63706,,,soc1-thermal,49.687
1780559579.63706,,,soc2-thermal,50.125
1780559579.63706,,,tj-thermal,52.531
1780559579.74355,VDD_IN,6826.368,,
1780559579.74355,VDD_CPU_GPU_CV,3015.936,,
1780559579.74355,VDD_SOC,1490.816,,
1780559579.74355,,,cpu-thermal,52.562
1780559579.74355,,,gpu-thermal,51.937
1780559579.74355,,,soc0-thermal,50.062
1780559579.74355,,,soc1-thermal,49.781
1780559579.74355,,,soc2-thermal,50.156
1780559579.74355,,,tj-thermal,52.937
1780559579.8500319,VDD_IN,6826.368,,
1780559579.8500319,VDD_CPU_GPU_CV,3015.936,,
1780559579.8500319,VDD_SOC,1490.816,,
1780559579.8500319,,,cpu-thermal,52.5
1780559579.8500319,,,gpu-thermal,51.781
1780559579.8500319,,,soc0-thermal,50.0
1780559579.8500319,,,soc1-thermal,49.875
1780559579.8500319,,,soc2-thermal,50.093
1780559579.8500319,,,tj-thermal,52.5
1780559579.9563773,VDD_IN,6787.136,,
1780559579.9563773,VDD_CPU_GPU_CV,2976.768,,
1780559579.9563773,VDD_SOC,1490.816,,
1780559579.9563773,,,cpu-thermal,52.468
1780559579.9563773,,,gpu-thermal,52.187
1780559579.9563773,,,soc0-thermal,50.187
1780559579.9563773,,,soc1-thermal,49.718
1780559579.9563773,,,soc2-thermal,50.031
1780559579.9563773,,,tj-thermal,52.656
1780559580.062936,VDD_IN,6787.136,,
1780559580.062936,VDD_CPU_GPU_CV,2976.768,,
1780559580.062936,VDD_SOC,1490.816,,
1780559580.062936,,,cpu-thermal,52.812
1780559580.062936,,,gpu-thermal,52.062
1780559580.062936,,,soc0-thermal,49.968
1780559580.062936,,,soc1-thermal,49.781
1780559580.062936,,,soc2-thermal,50.187
1780559580.062936,,,tj-thermal,52.812
1780559580.1695826,VDD_IN,6787.136,,
1780559580.1695826,VDD_CPU_GPU_CV,2976.768,,
1780559580.1695826,VDD_SOC,1490.816,,
1780559580.1695826,,,cpu-thermal,52.937
1780559580.1695826,,,gpu-thermal,52.031
1780559580.1695826,,,soc0-thermal,50.031
1780559580.1695826,,,soc1-thermal,49.906
1780559580.1695826,,,soc2-thermal,50.0
1780559580.1695826,,,tj-thermal,52.937
1780559580.2757888,VDD_IN,6787.136,,
1780559580.2757888,VDD_CPU_GPU_CV,2976.768,,
1780559580.2757888,VDD_SOC,1490.816,,
1780559580.2757888,,,cpu-thermal,52.593
1780559580.2757888,,,gpu-thermal,51.968
1780559580.2757888,,,soc0-thermal,50.218
1780559580.2757888,,,soc1-thermal,49.656
1780559580.2757888,,,soc2-thermal,50.125
1780559580.2757888,,,tj-thermal,52.593
1780559580.3822627,VDD_IN,6787.136,,
1780559580.3822627,VDD_CPU_GPU_CV,2976.768,,
1780559580.3822627,VDD_SOC,1490.816,,
1780559580.3822627,,,cpu-thermal,52.687
1780559580.3822627,,,gpu-thermal,51.968
1780559580.3822627,,,soc0-thermal,50.062
1780559580.3822627,,,soc1-thermal,49.843
1780559580.3822627,,,soc2-thermal,50.187
1780559580.3822627,,,tj-thermal,52.687
1780559580.4888773,VDD_IN,6787.136,,
1780559580.4888773,VDD_CPU_GPU_CV,2976.768,,
1780559580.4888773,VDD_SOC,1490.816,,
1780559580.4888773,,,cpu-thermal,52.531
1780559580.4888773,,,gpu-thermal,52.343
1780559580.4888773,,,soc0-thermal,50.062
1780559580.4888773,,,soc1-thermal,49.937
1780559580.4888773,,,soc2-thermal,50.093
1780559580.4888773,,,tj-thermal,52.531
1780559580.5953023,VDD_IN,6787.136,,
1780559580.5953023,VDD_CPU_GPU_CV,2976.768,,
1780559580.5953023,VDD_SOC,1490.816,,
1780559580.5953023,,,cpu-thermal,52.625
1780559580.5953023,,,gpu-thermal,52.218
1780559580.5953023,,,soc0-thermal,50.218
1780559580.5953023,,,soc1-thermal,49.656
1780559580.5953023,,,soc2-thermal,50.125
1780559580.5953023,,,tj-thermal,52.625
1780559580.702108,VDD_IN,6747.904,,
1780559580.702108,VDD_CPU_GPU_CV,2976.768,,
1780559580.702108,VDD_SOC,1490.816,,
1780559580.702108,,,cpu-thermal,52.562
1780559580.702108,,,gpu-thermal,52.093
1780559580.702108,,,soc0-thermal,50.062
1780559580.702108,,,soc1-thermal,49.812
1780559580.702108,,,soc2-thermal,50.218
1780559580.702108,,,tj-thermal,52.968
1780559580.8086703,VDD_IN,6787.136,,
1780559580.8086703,VDD_CPU_GPU_CV,2976.768,,
1780559580.8086703,VDD_SOC,1490.816,,
1780559580.8086703,,,cpu-thermal,52.5
1780559580.8086703,,,gpu-thermal,52.312
1780559580.8086703,,,soc0-thermal,50.156
1780559580.8086703,,,soc1-thermal,49.718
1780559580.8086703,,,soc2-thermal,50.125
1780559580.8086703,,,tj-thermal,52.5
1780559580.9164767,VDD_IN,6787.136,,
1780559580.9164767,VDD_CPU_GPU_CV,2976.768,,
1780559580.9164767,VDD_SOC,1490.816,,
1780559580.9164767,,,cpu-thermal,52.781
1780559580.9164767,,,gpu-thermal,52.187
1780559580.9164767,,,soc0-thermal,50.125
1780559580.9164767,,,soc1-thermal,49.781
1780559580.9164767,,,soc2-thermal,50.25
1780559580.9164767,,,tj-thermal,52.781
1780559581.02328,VDD_IN,6747.904,,
1780559581.02328,VDD_CPU_GPU_CV,2937.6,,
1780559581.02328,VDD_SOC,1490.816,,
1780559581.02328,,,cpu-thermal,52.781
1780559581.02328,,,gpu-thermal,52.062
1780559581.02328,,,soc0-thermal,50.125
1780559581.02328,,,soc1-thermal,49.937
1780559581.02328,,,soc2-thermal,50.187
1780559581.02328,,,tj-thermal,52.781
1780559581.1308477,VDD_IN,6747.904,,
1780559581.1308477,VDD_CPU_GPU_CV,2937.6,,
1780559581.1308477,VDD_SOC,1490.816,,
1780559581.1308477,,,cpu-thermal,52.625
1780559581.1308477,,,gpu-thermal,52.031
1780559581.1308477,,,soc0-thermal,50.25
1780559581.1308477,,,soc1-thermal,50.187
1780559581.1308477,,,soc2-thermal,50.125
1780559581.1308477,,,tj-thermal,52.625
1780559581.237291,VDD_IN,6747.904,,
1780559581.237291,VDD_CPU_GPU_CV,2937.6,,
1780559581.237291,VDD_SOC,1490.816,,
1780559581.237291,,,cpu-thermal,52.75
1780559581.237291,,,gpu-thermal,52.0
1780559581.237291,,,soc0-thermal,50.093
1780559581.237291,,,soc1-thermal,49.812
1780559581.237291,,,soc2-thermal,50.25
1780559581.237291,,,tj-thermal,52.75
1780559581.3445592,VDD_IN,6747.904,,
1780559581.3445592,VDD_CPU_GPU_CV,2976.768,,
1780559581.3445592,VDD_SOC,1490.816,,
1780559581.3445592,,,cpu-thermal,52.562
1780559581.3445592,,,gpu-thermal,52.437
1780559581.3445592,,,soc0-thermal,50.156
1780559581.3445592,,,soc1-thermal,50.0
1780559581.3445592,,,soc2-thermal,50.25
1780559581.3445592,,,tj-thermal,52.562
1780559581.4510796,VDD_IN,6747.904,,
1780559581.4510796,VDD_CPU_GPU_CV,2976.768,,
1780559581.4510796,VDD_SOC,1490.816,,
1780559581.4510796,,,cpu-thermal,52.718
1780559581.4510796,,,gpu-thermal,52.281
1780559581.4510796,,,soc0-thermal,50.25
1780559581.4510796,,,soc1-thermal,49.812
1780559581.4510796,,,soc2-thermal,50.25
1780559581.4510796,,,tj-thermal,52.718
1780559581.5581234,VDD_IN,6787.136,,
1780559581.5581234,VDD_CPU_GPU_CV,2976.768,,
1780559581.5581234,VDD_SOC,1490.816,,
1780559581.5581234,,,cpu-thermal,52.937
1780559581.5581234,,,gpu-thermal,52.218
1780559581.5581234,,,soc0-thermal,50.187
1780559581.5581234,,,soc1-thermal,49.937
1780559581.5581234,,,soc2-thermal,50.281
1780559581.5581234,,,tj-thermal,52.937
1780559581.6651623,VDD_IN,6747.904,,
1780559581.6651623,VDD_CPU_GPU_CV,2976.768,,
1780559581.6651623,VDD_SOC,1490.816,,
1780559581.6651623,,,cpu-thermal,53.0
1780559581.6651623,,,gpu-thermal,52.312
1780559581.6651623,,,soc0-thermal,50.218
1780559581.6651623,,,soc1-thermal,50.0
1780559581.6651623,,,soc2-thermal,50.218
1780559581.6651623,,,tj-thermal,53.0
1780559581.771723,VDD_IN,6747.904,,
1780559581.771723,VDD_CPU_GPU_CV,2976.768,,
1780559581.771723,VDD_SOC,1490.816,,
1780559581.771723,,,cpu-thermal,52.843
1780559581.771723,,,gpu-thermal,52.187
1780559581.771723,,,soc0-thermal,50.375
1780559581.771723,,,soc1-thermal,49.875
1780559581.771723,,,soc2-thermal,50.25
1780559581.771723,,,tj-thermal,52.843
1780559581.879945,VDD_IN,6787.136,,
1780559581.879945,VDD_CPU_GPU_CV,2976.768,,
1780559581.879945,VDD_SOC,1490.816,,
1780559581.879945,,,cpu-thermal,52.906
1780559581.879945,,,gpu-thermal,52.187
1780559581.879945,,,soc0-thermal,50.187
1780559581.879945,,,soc1-thermal,49.937
1780559581.879945,,,soc2-thermal,50.281
1780559581.879945,,,tj-thermal,52.906
1780559581.9863672,VDD_IN,6747.904,,
1780559581.9863672,VDD_CPU_GPU_CV,2976.768,,
1780559581.9863672,VDD_SOC,1490.816,,
1780559581.9863672,,,cpu-thermal,52.687
1780559581.9863672,,,gpu-thermal,52.125
1780559581.9863672,,,soc0-thermal,50.281
1780559581.9863672,,,soc1-thermal,49.906
1780559581.9863672,,,soc2-thermal,50.25
1780559581.9863672,,,tj-thermal,52.687
1780559582.09322,VDD_IN,6747.904,,
1780559582.09322,VDD_CPU_GPU_CV,2937.6,,
1780559582.09322,VDD_SOC,1490.816,,
1780559582.09322,,,cpu-thermal,52.687
1780559582.09322,,,gpu-thermal,52.218
1780559582.09322,,,soc0-thermal,50.218
1780559582.09322,,,soc1-thermal,49.937
1780559582.09322,,,soc2-thermal,50.281
1780559582.09322,,,tj-thermal,53.0
1780559582.2012653,VDD_IN,6747.904,,
1780559582.2012653,VDD_CPU_GPU_CV,2937.6,,
1780559582.2012653,VDD_SOC,1490.816,,
1780559582.2012653,,,cpu-thermal,53.125
1780559582.2012653,,,gpu-thermal,52.125
1780559582.2012653,,,soc0-thermal,50.25
1780559582.2012653,,,soc1-thermal,49.937
1780559582.2012653,,,soc2-thermal,50.25
1780559582.2012653,,,tj-thermal,53.125
1780559582.307739,VDD_IN,6747.904,,
1780559582.307739,VDD_CPU_GPU_CV,2976.768,,
1780559582.307739,VDD_SOC,1490.816,,
1780559582.307739,,,cpu-thermal,52.656
1780559582.307739,,,gpu-thermal,52.125
1780559582.307739,,,soc0-thermal,50.343
1780559582.307739,,,soc1-thermal,50.187
1780559582.307739,,,soc2-thermal,50.312
1780559582.307739,,,tj-thermal,52.656
1780559582.4144747,VDD_IN,6747.904,,
1780559582.4144747,VDD_CPU_GPU_CV,2976.768,,
1780559582.4144747,VDD_SOC,1490.816,,
1780559582.4144747,,,cpu-thermal,52.875
1780559582.4144747,,,gpu-thermal,52.531
1780559582.4144747,,,soc0-thermal,50.281
1780559582.4144747,,,soc1-thermal,50.0
1780559582.4144747,,,soc2-thermal,50.25
1780559582.4144747,,,tj-thermal,52.875
1780559582.5210352,VDD_IN,6787.136,,
1780559582.5210352,VDD_CPU_GPU_CV,2976.768,,
1780559582.5210352,VDD_SOC,1490.816,,
1780559582.5210352,,,cpu-thermal,52.937
1780559582.5210352,,,gpu-thermal,52.343
1780559582.5210352,,,soc0-thermal,50.25
1780559582.5210352,,,soc1-thermal,50.031
1780559582.5210352,,,soc2-thermal,50.375
1780559582.5210352,,,tj-thermal,52.937
1780559582.6274018,VDD_IN,6787.136,,
1780559582.6274018,VDD_CPU_GPU_CV,2976.768,,
1780559582.6274018,VDD_SOC,1490.816,,
1780559582.6274018,,,cpu-thermal,52.843
1780559582.6274018,,,gpu-thermal,52.343
1780559582.6274018,,,soc0-thermal,50.375
1780559582.6274018,,,soc1-thermal,50.25
1780559582.6274018,,,soc2-thermal,50.312
1780559582.6274018,,,tj-thermal,52.843
1780559582.733763,VDD_IN,6747.904,,
1780559582.733763,VDD_CPU_GPU_CV,2976.768,,
1780559582.733763,VDD_SOC,1490.816,,
1780559582.733763,,,cpu-thermal,52.937
1780559582.733763,,,gpu-thermal,52.187
1780559582.733763,,,soc0-thermal,50.218
1780559582.733763,,,soc1-thermal,49.937
1780559582.733763,,,soc2-thermal,50.312
1780559582.733763,,,tj-thermal,52.937
1780559582.840214,VDD_IN,6787.136,,
1780559582.840214,VDD_CPU_GPU_CV,2976.768,,
1780559582.840214,VDD_SOC,1490.816,,
1780559582.840214,,,cpu-thermal,52.906
1780559582.840214,,,gpu-thermal,52.187
1780559582.840214,,,soc0-thermal,50.343
1780559582.840214,,,soc1-thermal,50.062
1780559582.840214,,,soc2-thermal,50.343
1780559582.840214,,,tj-thermal,52.843
1780559582.9467134,VDD_IN,6787.136,,
1780559582.9467134,VDD_CPU_GPU_CV,2976.768,,
1780559582.9467134,VDD_SOC,1490.816,,
1780559582.9467134,,,cpu-thermal,52.875
1780559582.9467134,,,gpu-thermal,52.187
1780559582.9467134,,,soc0-thermal,50.312
1780559582.9467134,,,soc1-thermal,50.218
1780559582.9467134,,,soc2-thermal,50.312
1780559582.9467134,,,tj-thermal,52.875
1780559583.0527222,VDD_IN,6747.904,,
1780559583.0527222,VDD_CPU_GPU_CV,2976.768,,
1780559583.0527222,VDD_SOC,1490.816,,
1780559583.0527222,,,cpu-thermal,52.843
1780559583.0527222,,,gpu-thermal,52.593
1780559583.0527222,,,soc0-thermal,50.437
1780559583.0527222,,,soc1-thermal,50.0
1780559583.0527222,,,soc2-thermal,50.437
1780559583.0527222,,,tj-thermal,52.843
1780559583.158869,VDD_IN,6787.136,,
1780559583.158869,VDD_CPU_GPU_CV,2976.768,,
1780559583.158869,VDD_SOC,1490.816,,
1780559583.158869,,,cpu-thermal,53.156
1780559583.158869,,,gpu-thermal,52.437
1780559583.158869,,,soc0-thermal,50.281
1780559583.158869,,,soc1-thermal,50.062
1780559583.158869,,,soc2-thermal,50.437
1780559583.158869,,,tj-thermal,53.156
1780559583.2652447,VDD_IN,6787.136,,
1780559583.2652447,VDD_CPU_GPU_CV,2976.768,,
1780559583.2652447,VDD_SOC,1490.816,,
1780559583.2652447,,,cpu-thermal,52.875
1780559583.2652447,,,gpu-thermal,52.312
1780559583.2652447,,,soc0-thermal,50.343
1780559583.2652447,,,soc1-thermal,50.218
1780559583.2652447,,,soc2-thermal,50.375
1780559583.2652447,,,tj-thermal,52.875
1780559583.3714387,VDD_IN,6787.136,,
1780559583.3714387,VDD_CPU_GPU_CV,2976.768,,
1780559583.3714387,VDD_SOC,1490.816,,
1780559583.3714387,,,cpu-thermal,52.875
1780559583.3714387,,,gpu-thermal,52.5
1780559583.3714387,,,soc0-thermal,50.437
1780559583.3714387,,,soc1-thermal,50.031
1780559583.3714387,,,soc2-thermal,50.5
1780559583.3714387,,,tj-thermal,52.968
1780559583.4776232,VDD_IN,6787.136,,
1780559583.4776232,VDD_CPU_GPU_CV,2976.768,,
1780559583.4776232,VDD_SOC,1490.816,,
1780559583.4776232,,,cpu-thermal,53.062
1780559583.4776232,,,gpu-thermal,52.218
1780559583.4776232,,,soc0-thermal,50.343
1780559583.4776232,,,soc1-thermal,50.093
1780559583.4776232,,,soc2-thermal,50.468
1780559583.4776232,,,tj-thermal,53.062
1780559583.5845726,VDD_IN,6787.136,,
1780559583.5845726,VDD_CPU_GPU_CV,2976.768,,
1780559583.5845726,VDD_SOC,1490.816,,
1780559583.5845726,,,cpu-thermal,53.156
1780559583.5845726,,,gpu-thermal,52.687
1780559583.5845726,,,soc0-thermal,50.375
1780559583.5845726,,,soc1-thermal,50.25
1780559583.5845726,,,soc2-thermal,50.312
1780559583.5845726,,,tj-thermal,52.937
1780559583.6910503,VDD_IN,6787.136,,
1780559583.6910503,VDD_CPU_GPU_CV,2976.768,,
1780559583.6910503,VDD_SOC,1490.816,,
1780559583.6910503,,,cpu-thermal,53.0
1780559583.6910503,,,gpu-thermal,52.375
1780559583.6910503,,,soc0-thermal,50.343
1780559583.6910503,,,soc1-thermal,50.093
1780559583.6910503,,,soc2-thermal,50.406
1780559583.6910503,,,tj-thermal,53.0
1780559583.7986052,VDD_IN,6747.904,,
1780559583.7986052,VDD_CPU_GPU_CV,2976.768,,
1780559583.7986052,VDD_SOC,1490.816,,
1780559583.7986052,,,cpu-thermal,52.937
1780559583.7986052,,,gpu-thermal,52.437
1780559583.7986052,,,soc0-thermal,50.375
1780559583.7986052,,,soc1-thermal,50.125
1780559583.7986052,,,soc2-thermal,50.531
1780559583.7986052,,,tj-thermal,52.843
1780559583.9052317,VDD_IN,6787.136,,
1780559583.9052317,VDD_CPU_GPU_CV,2976.768,,
1780559583.9052317,VDD_SOC,1490.816,,
1780559583.9052317,,,cpu-thermal,52.937
1780559583.9052317,,,gpu-thermal,52.281
1780559583.9052317,,,soc0-thermal,50.5
1780559583.9052317,,,soc1-thermal,50.218
1780559583.9052317,,,soc2-thermal,50.5
1780559583.9052317,,,tj-thermal,52.937
1780559584.0131931,VDD_IN,6787.136,,
1780559584.0131931,VDD_CPU_GPU_CV,2976.768,,
1780559584.0131931,VDD_SOC,1490.816,,
1780559584.0131931,,,cpu-thermal,52.906
1780559584.0131931,,,gpu-thermal,52.281
1780559584.0131931,,,soc0-thermal,50.437
1780559584.0131931,,,soc1-thermal,50.125
1780559584.0131931,,,soc2-thermal,50.625
1780559584.0131931,,,tj-thermal,53.093
1780559584.1198916,VDD_IN,6747.904,,
1780559584.1198916,VDD_CPU_GPU_CV,2937.6,,
1780559584.1198916,VDD_SOC,1490.816,,
1780559584.1198916,,,cpu-thermal,53.218
1780559584.1198916,,,gpu-thermal,52.343
1780559584.1198916,,,soc0-thermal,50.406
1780559584.1198916,,,soc1-thermal,50.187
1780559584.1198916,,,soc2-thermal,50.437
1780559584.1198916,,,tj-thermal,53.218
1780559584.2269742,VDD_IN,6787.136,,
1780559584.2269742,VDD_CPU_GPU_CV,2937.6,,
1780559584.2269742,VDD_SOC,1490.816,,
1780559584.2269742,,,cpu-thermal,53.0
1780559584.2269742,,,gpu-thermal,52.375
1780559584.2269742,,,soc0-thermal,50.531
1780559584.2269742,,,soc1-thermal,50.125
1780559584.2269742,,,soc2-thermal,50.625
1780559584.2269742,,,tj-thermal,53.0
1780559584.3348708,VDD_IN,6787.136,,
1780559584.3348708,VDD_CPU_GPU_CV,2976.768,,
1780559584.3348708,VDD_SOC,1490.816,,
1780559584.3348708,,,cpu-thermal,53.093
1780559584.3348708,,,gpu-thermal,52.25
1780559584.3348708,,,soc0-thermal,50.437
1780559584.3348708,,,soc1-thermal,50.187
1780559584.3348708,,,soc2-thermal,50.531
1780559584.3348708,,,tj-thermal,53.093
1780559584.4413028,VDD_IN,6787.136,,
1780559584.4413028,VDD_CPU_GPU_CV,2976.768,,
1780559584.4413028,VDD_SOC,1490.816,,
1780559584.4413028,,,cpu-thermal,52.937
1780559584.4413028,,,gpu-thermal,52.687
1780559584.4413028,,,soc0-thermal,50.437
1780559584.4413028,,,soc1-thermal,50.187
1780559584.4413028,,,soc2-thermal,50.5
1780559584.4413028,,,tj-thermal,52.937
1780559584.5483994,VDD_IN,6787.136,,
1780559584.5483994,VDD_CPU_GPU_CV,2976.768,,
1780559584.5483994,VDD_SOC,1490.816,,
1780559584.5483994,,,cpu-thermal,52.937
1780559584.5483994,,,gpu-thermal,52.562
1780559584.5483994,,,soc0-thermal,50.531
1780559584.5483994,,,soc1-thermal,50.156
1780559584.5483994,,,soc2-thermal,50.593
1780559584.5483994,,,tj-thermal,52.937
1780559584.6549225,VDD_IN,6787.136,,
1780559584.6549225,VDD_CPU_GPU_CV,2976.768,,
1780559584.6549225,VDD_SOC,1490.816,,
1780559584.6549225,,,cpu-thermal,53.312
1780559584.6549225,,,gpu-thermal,52.468
1780559584.6549225,,,soc0-thermal,50.5
1780559584.6549225,,,soc1-thermal,50.218
1780559584.6549225,,,soc2-thermal,50.562
1780559584.6549225,,,tj-thermal,53.312
1780559584.7631567,VDD_IN,6747.904,,
1780559584.7631567,VDD_CPU_GPU_CV,2976.768,,
1780559584.7631567,VDD_SOC,1490.816,,
1780559584.7631567,,,cpu-thermal,52.875
1780559584.7631567,,,gpu-thermal,52.656
1780559584.7631567,,,soc0-thermal,50.562
1780559584.7631567,,,soc1-thermal,50.343
1780559584.7631567,,,soc2-thermal,50.5
1780559584.7631567,,,tj-thermal,52.875
1780559584.8699043,VDD_IN,6747.904,,
1780559584.8699043,VDD_CPU_GPU_CV,2937.6,,
1780559584.8699043,VDD_SOC,1490.816,,
1780559584.8699043,,,cpu-thermal,53.062
1780559584.8699043,,,gpu-thermal,52.531
1780559584.8699043,,,soc0-thermal,50.437
1780559584.8699043,,,soc1-thermal,50.156
1780559584.8699043,,,soc2-thermal,50.625
1780559584.8699043,,,tj-thermal,53.062
1780559584.976889,VDD_IN,6787.136,,
1780559584.976889,VDD_CPU_GPU_CV,2937.6,,
1780559584.976889,VDD_SOC,1490.816,,
1780559584.976889,,,cpu-thermal,53.093
1780559584.976889,,,gpu-thermal,52.5
1780559584.976889,,,soc0-thermal,50.531
1780559584.976889,,,soc1-thermal,50.343
1780559584.976889,,,soc2-thermal,50.5
1780559584.976889,,,tj-thermal,52.937
1780559585.0845957,VDD_IN,6747.904,,
1780559585.0845957,VDD_CPU_GPU_CV,2937.6,,
1780559585.0845957,VDD_SOC,1490.816,,
1780559585.0845957,,,cpu-thermal,53.093
1780559585.0845957,,,gpu-thermal,52.343
1780559585.0845957,,,soc0-thermal,50.625
1780559585.0845957,,,soc1-thermal,50.125
1780559585.0845957,,,soc2-thermal,50.562
1780559585.0845957,,,tj-thermal,53.093
1780559585.1911159,VDD_IN,6747.904,,
1780559585.1911159,VDD_CPU_GPU_CV,2937.6,,
1780559585.1911159,VDD_SOC,1490.816,,
1780559585.1911159,,,cpu-thermal,53.031
1780559585.1911159,,,gpu-thermal,52.406
1780559585.1911159,,,soc0-thermal,50.468
1780559585.1911159,,,soc1-thermal,50.281
1780559585.1911159,,,soc2-thermal,50.625
1780559585.1911159,,,tj-thermal,53.406
1780559585.298823,VDD_IN,6787.136,,
1780559585.298823,VDD_CPU_GPU_CV,2976.768,,
1780559585.298823,VDD_SOC,1490.816,,
1780559585.298823,,,cpu-thermal,52.937
1780559585.298823,,,gpu-thermal,52.437
1780559585.298823,,,soc0-thermal,50.5
1780559585.298823,,,soc1-thermal,50.312
1780559585.298823,,,soc2-thermal,50.562
1780559585.298823,,,tj-thermal,52.937
1780559585.4053469,VDD_IN,6787.136,,
1780559585.4053469,VDD_CPU_GPU_CV,2976.768,,
1780559585.4053469,VDD_SOC,1490.816,,
1780559585.4053469,,,cpu-thermal,52.968
1780559585.4053469,,,gpu-thermal,52.406
1780559585.4053469,,,soc0-thermal,50.625
1780559585.4053469,,,soc1-thermal,50.187
1780559585.4053469,,,soc2-thermal,50.531
1780559585.4053469,,,tj-thermal,53.218
1780559585.5118418,VDD_IN,6787.136,,
1780559585.5118418,VDD_CPU_GPU_CV,2976.768,,
1780559585.5118418,VDD_SOC,1490.816,,
1780559585.5118418,,,cpu-thermal,53.218
1780559585.5118418,,,gpu-thermal,52.312
1780559585.5118418,,,soc0-thermal,50.468
1780559585.5118418,,,soc1-thermal,50.281
1780559585.5118418,,,soc2-thermal,50.656
1780559585.5118418,,,tj-thermal,53.218
1780559585.618364,VDD_IN,6787.136,,
1780559585.618364,VDD_CPU_GPU_CV,2976.768,,
1780559585.618364,VDD_SOC,1490.816,,
1780559585.618364,,,cpu-thermal,53.406
1780559585.618364,,,gpu-thermal,52.687
1780559585.618364,,,soc0-thermal,50.562
1780559585.618364,,,soc1-thermal,50.406
1780559585.618364,,,soc2-thermal,50.656
1780559585.618364,,,tj-thermal,53.406
1780559585.7249346,VDD_IN,6787.136,,
1780559585.7249346,VDD_CPU_GPU_CV,2976.768,,
1780559585.7249346,VDD_SOC,1490.816,,
1780559585.7249346,,,cpu-thermal,53.218
1780559585.7249346,,,gpu-thermal,52.593
1780559585.7249346,,,soc0-thermal,50.656
1780559585.7249346,,,soc1-thermal,50.218
1780559585.7249346,,,soc2-thermal,50.593
1780559585.7249346,,,tj-thermal,53.218
1780559585.8313518,VDD_IN,6787.136,,
1780559585.8313518,VDD_CPU_GPU_CV,2976.768,,
1780559585.8313518,VDD_SOC,1490.816,,
1780559585.8313518,,,cpu-thermal,53.218
1780559585.8313518,,,gpu-thermal,52.531
1780559585.8313518,,,soc0-thermal,50.5
1780559585.8313518,,,soc1-thermal,50.281
1780559585.8313518,,,soc2-thermal,50.718
1780559585.8313518,,,tj-thermal,53.218
1780559585.9381146,VDD_IN,6787.136,,
1780559585.9381146,VDD_CPU_GPU_CV,2976.768,,
1780559585.9381146,VDD_SOC,1490.816,,
1780559585.9381146,,,cpu-thermal,53.0
1780559585.9381146,,,gpu-thermal,52.468
1780559585.9381146,,,soc0-thermal,50.593
1780559585.9381146,,,soc1-thermal,50.375
1780559585.9381146,,,soc2-thermal,50.656
1780559585.9381146,,,tj-thermal,53.0
1780559586.0445323,VDD_IN,6747.904,,
1780559586.0445323,VDD_CPU_GPU_CV,2937.6,,
1780559586.0445323,VDD_SOC,1490.816,,
1780559586.0445323,,,cpu-thermal,53.125
1780559586.0445323,,,gpu-thermal,52.468
1780559586.0445323,,,soc0-thermal,50.75
1780559586.0445323,,,soc1-thermal,50.281
1780559586.0445323,,,soc2-thermal,50.562
1780559586.0445323,,,tj-thermal,53.125
1780559586.1516287,VDD_IN,6747.904,,
1780559586.1516287,VDD_CPU_GPU_CV,2898.432,,
1780559586.1516287,VDD_SOC,1490.816,,
1780559586.1516287,,,cpu-thermal,53.375
1780559586.1516287,,,gpu-thermal,52.781
1780559586.1516287,,,soc0-thermal,50.625
1780559586.1516287,,,soc1-thermal,50.25
1780559586.1516287,,,soc2-thermal,50.718
1780559586.1516287,,,tj-thermal,53.375
1780559586.2580788,VDD_IN,6708.672,,
1780559586.2580788,VDD_CPU_GPU_CV,2859.264,,
1780559586.2580788,VDD_SOC,1490.816,,
1780559586.2580788,,,cpu-thermal,52.968
1780559586.2580788,,,gpu-thermal,52.687
1780559586.2580788,,,soc0-thermal,50.687
1780559586.2580788,,,soc1-thermal,50.406
1780559586.2580788,,,soc2-thermal,50.656
1780559586.2580788,,,tj-thermal,52.968
1780559586.365407,VDD_IN,6669.44,,
1780559586.365407,VDD_CPU_GPU_CV,2820.096,,
1780559586.365407,VDD_SOC,1490.816,,
1780559586.365407,,,cpu-thermal,53.093
1780559586.365407,,,gpu-thermal,52.593
1780559586.365407,,,soc0-thermal,50.593
1780559586.365407,,,soc1-thermal,50.281
1780559586.365407,,,soc2-thermal,50.687
1780559586.365407,,,tj-thermal,53.093
1780559586.472671,VDD_IN,6630.208,,
1780559586.472671,VDD_CPU_GPU_CV,2820.096,,
1780559586.472671,VDD_SOC,1490.816,,
1780559586.472671,,,cpu-thermal,53.218
1780559586.472671,,,gpu-thermal,52.406
1780559586.472671,,,soc0-thermal,50.593
1780559586.472671,,,soc1-thermal,50.406
1780559586.472671,,,soc2-thermal,50.75
1780559586.472671,,,tj-thermal,53.218
1780559586.5789583,VDD_IN,6590.976,,
1780559586.5789583,VDD_CPU_GPU_CV,2776.384,,
1780559586.5789583,VDD_SOC,1490.816,,
1780559586.5789583,,,cpu-thermal,53.375
1780559586.5789583,,,gpu-thermal,52.468
1780559586.5789583,,,soc0-thermal,50.687
1780559586.5789583,,,soc1-thermal,50.5
1780559586.5789583,,,soc2-thermal,50.718
1780559586.5789583,,,tj-thermal,53.0
1780559586.685842,VDD_IN,6630.208,,
1780559586.685842,VDD_CPU_GPU_CV,2776.384,,
1780559586.685842,VDD_SOC,1490.816,,
1780559586.685842,,,cpu-thermal,53.093
1780559586.685842,,,gpu-thermal,52.593
1780559586.685842,,,soc0-thermal,50.625
1780559586.685842,,,soc1-thermal,50.312
1780559586.685842,,,soc2-thermal,50.687
1780559586.685842,,,tj-thermal,53.093
1780559586.800218,VDD_IN,6630.208,,
1780559586.800218,VDD_CPU_GPU_CV,2776.384,,
1780559586.800218,VDD_SOC,1490.816,,
1780559586.800218,,,cpu-thermal,53.187
1780559586.800218,,,gpu-thermal,52.781
1780559586.800218,,,soc0-thermal,50.781
1780559586.800218,,,soc1-thermal,50.281
1780559586.800218,,,soc2-thermal,50.718
1780559586.800218,,,tj-thermal,53.187
1780559586.9071124,VDD_IN,6630.208,,
1780559586.9071124,VDD_CPU_GPU_CV,2776.384,,
1780559586.9071124,VDD_SOC,1490.816,,
1780559586.9071124,,,cpu-thermal,53.062
1780559586.9071124,,,gpu-thermal,52.5
1780559586.9071124,,,soc0-thermal,50.656
1780559586.9071124,,,soc1-thermal,50.406
1780559586.9071124,,,soc2-thermal,50.718
1780559586.9071124,,,tj-thermal,53.062
1780559587.0140035,VDD_IN,6669.44,,
1780559587.0140035,VDD_CPU_GPU_CV,2820.096,,
1780559587.0140035,VDD_SOC,1490.816,,
1780559587.0140035,,,cpu-thermal,53.093
1780559587.0140035,,,gpu-thermal,52.781
1780559587.0140035,,,soc0-thermal,50.687
1780559587.0140035,,,soc1-thermal,50.5
1780559587.0140035,,,soc2-thermal,50.718
1780559587.0140035,,,tj-thermal,53.093
1780559587.1204574,VDD_IN,6630.208,,
1780559587.1204574,VDD_CPU_GPU_CV,2815.488,,
1780559587.1204574,VDD_SOC,1490.816,,
1780559587.1204574,,,cpu-thermal,53.062
1780559587.1204574,,,gpu-thermal,52.687
1780559587.1204574,,,soc0-thermal,50.75
1780559587.1204574,,,soc1-thermal,50.312
1780559587.1204574,,,soc2-thermal,50.718
1780559587.1204574,,,tj-thermal,53.062
1780559587.227563,VDD_IN,6669.44,,
1780559587.227563,VDD_CPU_GPU_CV,2854.592,,
1780559587.227563,VDD_SOC,1490.816,,
1780559587.227563,,,cpu-thermal,53.5
1780559587.227563,,,gpu-thermal,52.687
1780559587.227563,,,soc0-thermal,50.687
1780559587.227563,,,soc1-thermal,50.406
1780559587.227563,,,soc2-thermal,50.781
1780559587.227563,,,tj-thermal,53.5
1780559587.3341112,VDD_IN,6708.672,,
1780559587.3341112,VDD_CPU_GPU_CV,2893.696,,
1780559587.3341112,VDD_SOC,1490.816,,
1780559587.3341112,,,cpu-thermal,53.25
1780559587.3341112,,,gpu-thermal,52.531
1780559587.3341112,,,soc0-thermal,50.718
1780559587.3341112,,,soc1-thermal,50.562
1780559587.3341112,,,soc2-thermal,50.75
1780559587.3341112,,,tj-thermal,53.25
1780559587.4406948,VDD_IN,6708.672,,
1780559587.4406948,VDD_CPU_GPU_CV,2898.432,,
1780559587.4406948,VDD_SOC,1490.816,,
1780559587.4406948,,,cpu-thermal,53.093
1780559587.4406948,,,gpu-thermal,52.593
1780559587.4406948,,,soc0-thermal,50.843
1780559587.4406948,,,soc1-thermal,50.343
1780559587.4406948,,,soc2-thermal,50.75
1780559587.4406948,,,tj-thermal,53.343
1780559587.5471356,VDD_IN,6708.672,,
1780559587.5471356,VDD_CPU_GPU_CV,2898.432,,
1780559587.5471356,VDD_SOC,1490.816,,
1780559587.5471356,,,cpu-thermal,53.437
1780559587.5471356,,,gpu-thermal,52.875
1780559587.5471356,,,soc0-thermal,50.718
1780559587.5471356,,,soc1-thermal,50.468
1780559587.5471356,,,soc2-thermal,50.718
1780559587.5471356,,,tj-thermal,53.437
1780559587.6534996,VDD_IN,6708.672,,
1780559587.6534996,VDD_CPU_GPU_CV,2893.696,,
1780559587.6534996,VDD_SOC,1490.816,,
1780559587.6534996,,,cpu-thermal,53.5
1780559587.6534996,,,gpu-thermal,52.718
1780559587.6534996,,,soc0-thermal,50.812
1780559587.6534996,,,soc1-thermal,50.562
1780559587.6534996,,,soc2-thermal,50.75
1780559587.6534996,,,tj-thermal,53.5
1780559587.7599595,VDD_IN,6708.672,,
1780559587.7599595,VDD_CPU_GPU_CV,2893.696,,
1780559587.7599595,VDD_SOC,1490.816,,
1780559587.7599595,,,cpu-thermal,53.187
1780559587.7599595,,,gpu-thermal,52.75
1780559587.7599595,,,soc0-thermal,50.875
1780559587.7599595,,,soc1-thermal,50.375
1780559587.7599595,,,soc2-thermal,50.781
1780559587.7599595,,,tj-thermal,53.187
1780559587.8666718,VDD_IN,6708.672,,
1780559587.8666718,VDD_CPU_GPU_CV,2932.8,,
1780559587.8666718,VDD_SOC,1490.816,,
1780559587.8666718,,,cpu-thermal,53.406
1780559587.8666718,,,gpu-thermal,52.687
1780559587.8666718,,,soc0-thermal,50.718
1780559587.8666718,,,soc1-thermal,50.5
1780559587.8666718,,,soc2-thermal,50.843
1780559587.8666718,,,tj-thermal,53.406
1780559587.973147,VDD_IN,6708.672,,
1780559587.973147,VDD_CPU_GPU_CV,2937.6,,
1780559587.973147,VDD_SOC,1490.816,,
1780559587.973147,,,cpu-thermal,53.218
1780559587.973147,,,gpu-thermal,52.562
1780559587.973147,,,soc0-thermal,50.781
1780559587.973147,,,soc1-thermal,50.5
1780559587.973147,,,soc2-thermal,50.718
1780559587.973147,,,tj-thermal,53.218
1780559588.079737,VDD_IN,6708.672,,
1780559588.079737,VDD_CPU_GPU_CV,2937.6,,
1780559588.079737,VDD_SOC,1490.816,,
1780559588.079737,,,cpu-thermal,53.343
1780559588.079737,,,gpu-thermal,52.562
1780559588.079737,,,soc0-thermal,50.968
1780559588.079737,,,soc1-thermal,50.437
1780559588.079737,,,soc2-thermal,50.812
1780559588.079737,,,tj-thermal,53.343
1780559588.1861618,VDD_IN,6708.672,,
1780559588.1861618,VDD_CPU_GPU_CV,2937.6,,
1780559588.1861618,VDD_SOC,1490.816,,
1780559588.1861618,,,cpu-thermal,53.312
1780559588.1861618,,,gpu-thermal,52.875
1780559588.1861618,,,soc0-thermal,50.75
1780559588.1861618,,,soc1-thermal,50.437
1780559588.1861618,,,soc2-thermal,50.812
1780559588.1861618,,,tj-thermal,53.625
1780559588.292675,VDD_IN,6708.672,,
1780559588.292675,VDD_CPU_GPU_CV,2937.6,,
1780559588.292675,VDD_SOC,1490.816,,
1780559588.292675,,,cpu-thermal,53.281
1780559588.292675,,,gpu-thermal,52.781
1780559588.292675,,,soc0-thermal,50.843
1780559588.292675,,,soc1-thermal,50.531
1780559588.292675,,,soc2-thermal,50.843
1780559588.292675,,,tj-thermal,53.281
1780559588.3992095,VDD_IN,6747.904,,
1780559588.3992095,VDD_CPU_GPU_CV,2976.768,,
1780559588.3992095,VDD_SOC,1490.816,,
1780559588.3992095,,,cpu-thermal,53.281
1780559588.3992095,,,gpu-thermal,52.781
1780559588.3992095,,,soc0-thermal,50.937
1780559588.3992095,,,soc1-thermal,50.468
1780559588.3992095,,,soc2-thermal,50.843
1780559588.3992095,,,tj-thermal,53.375
1780559588.5057833,VDD_IN,6787.136,,
1780559588.5057833,VDD_CPU_GPU_CV,2976.768,,
1780559588.5057833,VDD_SOC,1490.816,,
1780559588.5057833,,,cpu-thermal,53.562
1780559588.5057833,,,gpu-thermal,52.656
1780559588.5057833,,,soc0-thermal,50.687
1780559588.5057833,,,soc1-thermal,50.468
1780559588.5057833,,,soc2-thermal,50.843
1780559588.5057833,,,tj-thermal,53.562
1780559588.6123788,VDD_IN,6747.904,,
1780559588.6123788,VDD_CPU_GPU_CV,2976.768,,
1780559588.6123788,VDD_SOC,1490.816,,
1780559588.6123788,,,cpu-thermal,53.531
1780559588.6123788,,,gpu-thermal,52.656
1780559588.6123788,,,soc0-thermal,50.812
1780559588.6123788,,,soc1-thermal,50.687
1780559588.6123788,,,soc2-thermal,50.843
1780559588.6123788,,,tj-thermal,53.531
1780559588.7189264,VDD_IN,6747.904,,
1780559588.7189264,VDD_CPU_GPU_CV,2976.768,,
1780559588.7189264,VDD_SOC,1490.816,,
1780559588.7189264,,,cpu-thermal,53.375
1780559588.7189264,,,gpu-thermal,53.031
1780559588.7189264,,,soc0-thermal,50.937
1780559588.7189264,,,soc1-thermal,50.437
1780559588.7189264,,,soc2-thermal,50.875
1780559588.7189264,,,tj-thermal,53.375
1780559588.8253884,VDD_IN,6747.904,,
1780559588.8253884,VDD_CPU_GPU_CV,2976.768,,
1780559588.8253884,VDD_SOC,1490.816,,
1780559588.8253884,,,cpu-thermal,53.437
1780559588.8253884,,,gpu-thermal,52.875
1780559588.8253884,,,soc0-thermal,50.843
1780559588.8253884,,,soc1-thermal,50.5
1780559588.8253884,,,soc2-thermal,50.937
1780559588.8253884,,,tj-thermal,53.437
1780559588.9320354,VDD_IN,6747.904,,
1780559588.9320354,VDD_CPU_GPU_CV,2937.6,,
1780559588.9320354,VDD_SOC,1490.816,,
1780559588.9320354,,,cpu-thermal,53.343
1780559588.9320354,,,gpu-thermal,52.812
1780559588.9320354,,,soc0-thermal,50.843
1780559588.9320354,,,soc1-thermal,50.718
1780559588.9320354,,,soc2-thermal,50.875
1780559588.9320354,,,tj-thermal,53.343
1780559589.0388098,VDD_IN,6747.904,,
1780559589.0388098,VDD_CPU_GPU_CV,2976.768,,
1780559589.0388098,VDD_SOC,1490.816,,
1780559589.0388098,,,cpu-thermal,53.406
1780559589.0388098,,,gpu-thermal,52.75
1780559589.0388098,,,soc0-thermal,50.937
1780559589.0388098,,,soc1-thermal,50.5
1780559589.0388098,,,soc2-thermal,50.937
1780559589.0388098,,,tj-thermal,53.406
1780559589.145274,VDD_IN,6747.904,,
1780559589.145274,VDD_CPU_GPU_CV,2976.768,,
1780559589.145274,VDD_SOC,1490.816,,
1780559589.145274,,,cpu-thermal,53.75
1780559589.145274,,,gpu-thermal,52.718
1780559589.145274,,,soc0-thermal,50.906
1780559589.145274,,,soc1-thermal,50.468
1780559589.145274,,,soc2-thermal,51.0
1780559589.145274,,,tj-thermal,53.75
1780559589.2518606,VDD_IN,6747.904,,
1780559589.2518606,VDD_CPU_GPU_CV,2976.768,,
1780559589.2518606,VDD_SOC,1490.816,,
1780559589.2518606,,,cpu-thermal,53.812
1780559589.2518606,,,gpu-thermal,53.093
1780559589.2518606,,,soc0-thermal,50.937
1780559589.2518606,,,soc1-thermal,50.718
1780559589.2518606,,,soc2-thermal,50.875
1780559589.2518606,,,tj-thermal,53.812
1780559589.3583384,VDD_IN,6787.136,,
1780559589.3583384,VDD_CPU_GPU_CV,2976.768,,
1780559589.3583384,VDD_SOC,1490.816,,
1780559589.3583384,,,cpu-thermal,53.406
1780559589.3583384,,,gpu-thermal,52.968
1780559589.3583384,,,soc0-thermal,50.875
1780559589.3583384,,,soc1-thermal,50.531
1780559589.3583384,,,soc2-thermal,50.906
1780559589.3583384,,,tj-thermal,53.531
1780559589.4649208,VDD_IN,6787.136,,
1780559589.4649208,VDD_CPU_GPU_CV,2976.768,,
1780559589.4649208,VDD_SOC,1490.816,,
1780559589.4649208,,,cpu-thermal,53.625
1780559589.4649208,,,gpu-thermal,52.843
1780559589.4649208,,,soc0-thermal,50.906
1780559589.4649208,,,soc1-thermal,50.625
1780559589.4649208,,,soc2-thermal,50.906
1780559589.4649208,,,tj-thermal,53.625
1780559589.571276,VDD_IN,6787.136,,
1780559589.571276,VDD_CPU_GPU_CV,2976.768,,
1780559589.571276,VDD_SOC,1490.816,,
1780559589.571276,,,cpu-thermal,53.625
1780559589.571276,,,gpu-thermal,53.125
1780559589.571276,,,soc0-thermal,50.937
1780559589.571276,,,soc1-thermal,50.656
1780559589.571276,,,soc2-thermal,50.906
1780559589.571276,,,tj-thermal,53.406
1780559589.6777465,VDD_IN,6787.136,,
1780559589.6777465,VDD_CPU_GPU_CV,2976.768,,
1780559589.6777465,VDD_SOC,1490.816,,
1780559589.6777465,,,cpu-thermal,53.437
1780559589.6777465,,,gpu-thermal,53.0
1780559589.6777465,,,soc0-thermal,51.0
1780559589.6777465,,,soc1-thermal,50.531
1780559589.6777465,,,soc2-thermal,50.968
1780559589.6777465,,,tj-thermal,53.437
1780559589.7841876,VDD_IN,6787.136,,
1780559589.7841876,VDD_CPU_GPU_CV,2976.768,,
1780559589.7841876,VDD_SOC,1490.816,,
1780559589.7841876,,,cpu-thermal,53.468
1780559589.7841876,,,gpu-thermal,52.75
1780559589.7841876,,,soc0-thermal,50.906
1780559589.7841876,,,soc1-thermal,50.593
1780559589.7841876,,,soc2-thermal,51.031
1780559589.7841876,,,tj-thermal,53.468
1780559589.8905432,VDD_IN,6787.136,,
1780559589.8905432,VDD_CPU_GPU_CV,2976.768,,
1780559589.8905432,VDD_SOC,1490.816,,
1780559589.8905432,,,cpu-thermal,53.406
1780559589.8905432,,,gpu-thermal,52.781
1780559589.8905432,,,soc0-thermal,51.031
1780559589.8905432,,,soc1-thermal,50.75
1780559589.8905432,,,soc2-thermal,50.906
1780559589.8905432,,,tj-thermal,53.406
1780559589.9970026,VDD_IN,6787.136,,
1780559589.9970026,VDD_CPU_GPU_CV,2976.768,,
1780559589.9970026,VDD_SOC,1490.816,,
1780559589.9970026,,,cpu-thermal,53.468
1780559589.9970026,,,gpu-thermal,52.781
1780559589.9970026,,,soc0-thermal,51.062
1780559589.9970026,,,soc1-thermal,50.625
1780559589.9970026,,,soc2-thermal,51.062
1780559589.9970026,,,tj-thermal,53.468
1780559590.1036682,VDD_IN,6787.136,,
1780559590.1036682,VDD_CPU_GPU_CV,2976.768,,
1780559590.1036682,VDD_SOC,1490.816,,
1780559590.1036682,,,cpu-thermal,53.562
1780559590.1036682,,,gpu-thermal,53.218
1780559590.1036682,,,soc0-thermal,50.875
1780559590.1036682,,,soc1-thermal,50.656
1780559590.1036682,,,soc2-thermal,51.062
1780559590.1036682,,,tj-thermal,53.656
1780559590.2100751,VDD_IN,6787.136,,
1780559590.2100751,VDD_CPU_GPU_CV,2976.768,,
1780559590.2100751,VDD_SOC,1490.816,,
1780559590.2100751,,,cpu-thermal,53.875
1780559590.2100751,,,gpu-thermal,53.0
1780559590.2100751,,,soc0-thermal,51.0
1780559590.2100751,,,soc1-thermal,50.781
1780559590.2100751,,,soc2-thermal,50.906
1780559590.2100751,,,tj-thermal,53.875
1780559590.3169796,VDD_IN,6787.136,,
1780559590.3169796,VDD_CPU_GPU_CV,2976.768,,
1780559590.3169796,VDD_SOC,1490.816,,
1780559590.3169796,,,cpu-thermal,53.406
1780559590.3169796,,,gpu-thermal,52.968
1780559590.3169796,,,soc0-thermal,51.031
1780559590.3169796,,,soc1-thermal,50.687
1780559590.3169796,,,soc2-thermal,51.062
1780559590.3169796,,,tj-thermal,53.562
1780559590.4235747,VDD_IN,6826.368,,
1780559590.4235747,VDD_CPU_GPU_CV,3015.936,,
1780559590.4235747,VDD_SOC,1490.816,,
1780559590.4235747,,,cpu-thermal,53.687
1780559590.4235747,,,gpu-thermal,52.937
1780559590.4235747,,,soc0-thermal,51.0
1780559590.4235747,,,soc1-thermal,50.718
1780559590.4235747,,,soc2-thermal,51.093
1780559590.4235747,,,tj-thermal,53.687
1780559590.5300763,VDD_IN,6826.368,,
1780559590.5300763,VDD_CPU_GPU_CV,2976.768,,
1780559590.5300763,VDD_SOC,1490.816,,
1780559590.5300763,,,cpu-thermal,53.781
1780559590.5300763,,,gpu-thermal,52.812
1780559590.5300763,,,soc0-thermal,51.031
1780559590.5300763,,,soc1-thermal,50.875
1780559590.5300763,,,soc2-thermal,50.968
1780559590.5300763,,,tj-thermal,53.5
1780559590.6365364,VDD_IN,6787.136,,
1780559590.6365364,VDD_CPU_GPU_CV,2976.768,,
1780559590.6365364,VDD_SOC,1490.816,,
1780559590.6365364,,,cpu-thermal,53.562
1780559590.6365364,,,gpu-thermal,52.812
1780559590.6365364,,,soc0-thermal,51.093
1780559590.6365364,,,soc1-thermal,50.656
1780559590.6365364,,,soc2-thermal,51.125
1780559590.6365364,,,tj-thermal,53.562
1780559590.7430613,VDD_IN,6787.136,,
1780559590.7430613,VDD_CPU_GPU_CV,2976.768,,
1780559590.7430613,VDD_SOC,1490.816,,
1780559590.7430613,,,cpu-thermal,53.593
1780559590.7430613,,,gpu-thermal,53.156
1780559590.7430613,,,soc0-thermal,50.968
1780559590.7430613,,,soc1-thermal,50.656
1780559590.7430613,,,soc2-thermal,51.125
1780559590.7430613,,,tj-thermal,53.593
1780559590.8495784,VDD_IN,6826.368,,
1780559590.8495784,VDD_CPU_GPU_CV,2976.768,,
1780559590.8495784,VDD_SOC,1490.816,,
1780559590.8495784,,,cpu-thermal,53.5
1780559590.8495784,,,gpu-thermal,53.031
1780559590.8495784,,,soc0-thermal,51.0
1780559590.8495784,,,soc1-thermal,50.781
1780559590.8495784,,,soc2-thermal,51.0
1780559590.8495784,,,tj-thermal,53.5
1780559590.955898,VDD_IN,6787.136,,
1780559590.955898,VDD_CPU_GPU_CV,2976.768,,
1780559590.955898,VDD_SOC,1490.816,,
1780559590.955898,,,cpu-thermal,53.562
1780559590.955898,,,gpu-thermal,52.937
1780559590.955898,,,soc0-thermal,51.125
1780559590.955898,,,soc1-thermal,50.687
1780559590.955898,,,soc2-thermal,51.062
1780559590.955898,,,tj-thermal,53.562
1780559591.0624204,VDD_IN,6787.136,,
1780559591.0624204,VDD_CPU_GPU_CV,2976.768,,
1780559591.0624204,VDD_SOC,1490.816,,
1780559591.0624204,,,cpu-thermal,53.593
1780559591.0624204,,,gpu-thermal,52.843
1780559591.0624204,,,soc0-thermal,51.031
1780559591.0624204,,,soc1-thermal,50.687
1780559591.0624204,,,soc2-thermal,51.156
1780559591.0624204,,,tj-thermal,53.781
1780559591.168974,VDD_IN,6787.136,,
1780559591.168974,VDD_CPU_GPU_CV,2976.768,,
1780559591.168974,VDD_SOC,1490.816,,
1780559591.168974,,,cpu-thermal,53.906
1780559591.168974,,,gpu-thermal,52.906
1780559591.168974,,,soc0-thermal,51.062
1780559591.168974,,,soc1-thermal,50.812
1780559591.168974,,,soc2-thermal,51.062
1780559591.168974,,,tj-thermal,53.906
1780559591.2753887,VDD_IN,6787.136,,
1780559591.2753887,VDD_CPU_GPU_CV,2976.768,,
1780559591.2753887,VDD_SOC,1490.816,,
1780559591.2753887,,,cpu-thermal,53.531
1780559591.2753887,,,gpu-thermal,53.187
1780559591.2753887,,,soc0-thermal,51.187
1780559591.2753887,,,soc1-thermal,50.75
1780559591.2753887,,,soc2-thermal,51.031
1780559591.2753887,,,tj-thermal,53.687
1780559591.3820047,VDD_IN,6787.136,,
1780559591.3820047,VDD_CPU_GPU_CV,2976.768,,
1780559591.3820047,VDD_SOC,1490.816,,
1780559591.3820047,,,cpu-thermal,53.687
1780559591.3820047,,,gpu-thermal,53.125
1780559591.3820047,,,soc0-thermal,51.031
1780559591.3820047,,,soc1-thermal,50.75
1780559591.3820047,,,soc2-thermal,51.156
1780559591.3820047,,,tj-thermal,53.687
1780559591.488578,VDD_IN,6787.136,,
1780559591.488578,VDD_CPU_GPU_CV,3015.936,,
1780559591.488578,VDD_SOC,1490.816,,
1780559591.488578,,,cpu-thermal,53.812
1780559591.488578,,,gpu-thermal,53.0
1780559591.488578,,,soc0-thermal,51.156
1780559591.488578,,,soc1-thermal,50.843
1780559591.488578,,,soc2-thermal,51.093
1780559591.488578,,,tj-thermal,53.812
1780559591.594947,VDD_IN,6826.368,,
1780559591.594947,VDD_CPU_GPU_CV,2976.768,,
1780559591.594947,VDD_SOC,1490.816,,
1780559591.594947,,,cpu-thermal,53.625
1780559591.594947,,,gpu-thermal,53.0
1780559591.594947,,,soc0-thermal,51.125
1780559591.594947,,,soc1-thermal,50.718
1780559591.594947,,,soc2-thermal,51.062
1780559591.594947,,,tj-thermal,53.625
1780559591.7013369,VDD_IN,6787.136,,
1780559591.7013369,VDD_CPU_GPU_CV,2976.768,,
1780559591.7013369,VDD_SOC,1490.816,,
1780559591.7013369,,,cpu-thermal,53.781
1780559591.7013369,,,gpu-thermal,52.906
1780559591.7013369,,,soc0-thermal,51.062
1780559591.7013369,,,soc1-thermal,50.875
1780559591.7013369,,,soc2-thermal,51.187
1780559591.7013369,,,tj-thermal,53.781
1780559591.807814,VDD_IN,6787.136,,
1780559591.807814,VDD_CPU_GPU_CV,2976.768,,
1780559591.807814,VDD_SOC,1490.816,,
1780559591.807814,,,cpu-thermal,53.562
1780559591.807814,,,gpu-thermal,53.406
1780559591.807814,,,soc0-thermal,51.125
1780559591.807814,,,soc1-thermal,50.875
1780559591.807814,,,soc2-thermal,51.218
1780559591.807814,,,tj-thermal,53.562
1780559591.9142861,VDD_IN,6826.368,,
1780559591.9142861,VDD_CPU_GPU_CV,2976.768,,
1780559591.9142861,VDD_SOC,1490.816,,
1780559591.9142861,,,cpu-thermal,53.593
1780559591.9142861,,,gpu-thermal,53.25
1780559591.9142861,,,soc0-thermal,51.187
1780559591.9142861,,,soc1-thermal,50.718
1780559591.9142861,,,soc2-thermal,51.187
1780559591.9142861,,,tj-thermal,53.593
1780559592.0210757,VDD_IN,6787.136,,
1780559592.0210757,VDD_CPU_GPU_CV,2976.768,,
1780559592.0210757,VDD_SOC,1490.816,,
1780559592.0210757,,,cpu-thermal,53.656
1780559592.0210757,,,gpu-thermal,53.031
1780559592.0210757,,,soc0-thermal,51.062
1780559592.0210757,,,soc1-thermal,50.875
1780559592.0210757,,,soc2-thermal,51.218
1780559592.0210757,,,tj-thermal,53.781
1780559592.127552,VDD_IN,6787.136,,
1780559592.127552,VDD_CPU_GPU_CV,2976.768,,
1780559592.127552,VDD_SOC,1490.816,,
1780559592.127552,,,cpu-thermal,53.906
1780559592.127552,,,gpu-thermal,53.031
1780559592.127552,,,soc0-thermal,51.125
1780559592.127552,,,soc1-thermal,50.875
1780559592.127552,,,soc2-thermal,51.031
1780559592.127552,,,tj-thermal,53.906
1780559592.2341833,VDD_IN,6826.368,,
1780559592.2341833,VDD_CPU_GPU_CV,2976.768,,
1780559592.2341833,VDD_SOC,1490.816,,
1780559592.2341833,,,cpu-thermal,53.656
1780559592.2341833,,,gpu-thermal,53.0
1780559592.2341833,,,soc0-thermal,51.187
1780559592.2341833,,,soc1-thermal,50.843
1780559592.2341833,,,soc2-thermal,51.156
1780559592.2341833,,,tj-thermal,53.812
1780559592.3408773,VDD_IN,6787.136,,
1780559592.3408773,VDD_CPU_GPU_CV,2976.768,,
1780559592.3408773,VDD_SOC,1490.816,,
1780559592.3408773,,,cpu-thermal,53.812
1780559592.3408773,,,gpu-thermal,52.968
1780559592.3408773,,,soc0-thermal,51.093
1780559592.3408773,,,soc1-thermal,50.937
1780559592.3408773,,,soc2-thermal,51.281
1780559592.3408773,,,tj-thermal,53.812
1780559592.4474905,VDD_IN,6787.136,,
1780559592.4474905,VDD_CPU_GPU_CV,2976.768,,
1780559592.4474905,VDD_SOC,1490.816,,
1780559592.4474905,,,cpu-thermal,53.875
1780559592.4474905,,,gpu-thermal,53.281
1780559592.4474905,,,soc0-thermal,51.187
1780559592.4474905,,,soc1-thermal,50.875
1780559592.4474905,,,soc2-thermal,51.25
1780559592.4474905,,,tj-thermal,53.625
1780559592.5539868,VDD_IN,6826.368,,
1780559592.5539868,VDD_CPU_GPU_CV,2976.768,,
1780559592.5539868,VDD_SOC,1490.816,,
1780559592.5539868,,,cpu-thermal,53.718
1780559592.5539868,,,gpu-thermal,53.156
1780559592.5539868,,,soc0-thermal,51.218
1780559592.5539868,,,soc1-thermal,50.843
1780559592.5539868,,,soc2-thermal,51.187
1780559592.5539868,,,tj-thermal,53.718
1780559592.66048,VDD_IN,6787.136,,
1780559592.66048,VDD_CPU_GPU_CV,2976.768,,
1780559592.66048,VDD_SOC,1490.816,,
1780559592.66048,,,cpu-thermal,53.781
1780559592.66048,,,gpu-thermal,53.156
1780559592.66048,,,soc0-thermal,51.156
1780559592.66048,,,soc1-thermal,50.906
1780559592.66048,,,soc2-thermal,51.218
1780559592.66048,,,tj-thermal,53.781
1780559592.7670422,VDD_IN,6787.136,,
1780559592.7670422,VDD_CPU_GPU_CV,2976.768,,
1780559592.7670422,VDD_SOC,1490.816,,
1780559592.7670422,,,cpu-thermal,53.718
1780559592.7670422,,,gpu-thermal,53.062
1780559592.7670422,,,soc0-thermal,51.156
1780559592.7670422,,,soc1-thermal,50.937
1780559592.7670422,,,soc2-thermal,51.187
1780559592.7670422,,,tj-thermal,53.718
1780559592.873925,VDD_IN,6787.136,,
1780559592.873925,VDD_CPU_GPU_CV,2976.768,,
1780559592.873925,VDD_SOC,1490.816,,
1780559592.873925,,,cpu-thermal,53.781
1780559592.873925,,,gpu-thermal,52.906
1780559592.873925,,,soc0-thermal,51.218
1780559592.873925,,,soc1-thermal,50.812
1780559592.873925,,,soc2-thermal,51.25
1780559592.873925,,,tj-thermal,53.781
1780559592.9804275,VDD_IN,6787.136,,
1780559592.9804275,VDD_CPU_GPU_CV,2976.768,,
1780559592.9804275,VDD_SOC,1490.816,,
1780559592.9804275,,,cpu-thermal,53.968
1780559592.9804275,,,gpu-thermal,53.437
1780559592.9804275,,,soc0-thermal,51.156
1780559592.9804275,,,soc1-thermal,50.843
1780559592.9804275,,,soc2-thermal,51.25
1780559592.9804275,,,tj-thermal,53.968
1780559593.0869865,VDD_IN,6787.136,,
1780559593.0869865,VDD_CPU_GPU_CV,2976.768,,
1780559593.0869865,VDD_SOC,1490.816,,
1780559593.0869865,,,cpu-thermal,54.031
1780559593.0869865,,,gpu-thermal,53.031
1780559593.0869865,,,soc0-thermal,51.218
1780559593.0869865,,,soc1-thermal,51.0
1780559593.0869865,,,soc2-thermal,51.25
1780559593.0869865,,,tj-thermal,54.031
1780559593.1935825,VDD_IN,6787.136,,
1780559593.1935825,VDD_CPU_GPU_CV,2976.768,,
1780559593.1935825,VDD_SOC,1490.816,,
1780559593.1935825,,,cpu-thermal,54.218
1780559593.1935825,,,gpu-thermal,53.031
1780559593.1935825,,,soc0-thermal,51.312
1780559593.1935825,,,soc1-thermal,50.937
1780559593.1935825,,,soc2-thermal,51.25
1780559593.1935825,,,tj-thermal,53.843
1780559593.3000557,VDD_IN,6787.136,,
1780559593.3000557,VDD_CPU_GPU_CV,2976.768,,
1780559593.3000557,VDD_SOC,1490.816,,
1780559593.3000557,,,cpu-thermal,53.906
1780559593.3000557,,,gpu-thermal,53.406
1780559593.3000557,,,soc0-thermal,51.187
1780559593.3000557,,,soc1-thermal,50.906
1780559593.3000557,,,soc2-thermal,51.25
1780559593.3000557,,,tj-thermal,53.906
1780559593.4067533,VDD_IN,6787.136,,
1780559593.4067533,VDD_CPU_GPU_CV,2976.768,,
1780559593.4067533,VDD_SOC,1490.816,,
1780559593.4067533,,,cpu-thermal,53.906
1780559593.4067533,,,gpu-thermal,53.25
1780559593.4067533,,,soc0-thermal,51.218
1780559593.4067533,,,soc1-thermal,51.156
1780559593.4067533,,,soc2-thermal,51.375
1780559593.4067533,,,tj-thermal,53.718
1780559593.5132504,VDD_IN,6787.136,,
1780559593.5132504,VDD_CPU_GPU_CV,2976.768,,
1780559593.5132504,VDD_SOC,1490.816,,
1780559593.5132504,,,cpu-thermal,53.781
1780559593.5132504,,,gpu-thermal,53.187
1780559593.5132504,,,soc0-thermal,51.437
1780559593.5132504,,,soc1-thermal,50.843
1780559593.5132504,,,soc2-thermal,51.312
1780559593.5132504,,,tj-thermal,53.781
1780559593.6197057,VDD_IN,6826.368,,
1780559593.6197057,VDD_CPU_GPU_CV,2976.768,,
1780559593.6197057,VDD_SOC,1490.816,,
1780559593.6197057,,,cpu-thermal,53.906
1780559593.6197057,,,gpu-thermal,53.156
1780559593.6197057,,,soc0-thermal,51.25
1780559593.6197057,,,soc1-thermal,50.937
1780559593.6197057,,,soc2-thermal,51.406
1780559593.6197057,,,tj-thermal,53.906
1780559593.726214,VDD_IN,6787.136,,
1780559593.726214,VDD_CPU_GPU_CV,2976.768,,
1780559593.726214,VDD_SOC,1490.816,,
1780559593.726214,,,cpu-thermal,53.687
1780559593.726214,,,gpu-thermal,53.125
1780559593.726214,,,soc0-thermal,51.281
1780559593.726214,,,soc1-thermal,51.093
1780559593.726214,,,soc2-thermal,51.25
1780559593.726214,,,tj-thermal,53.687
1780559593.8325772,VDD_IN,6787.136,,
1780559593.8325772,VDD_CPU_GPU_CV,2976.768,,
1780559593.8325772,VDD_SOC,1490.816,,
1780559593.8325772,,,cpu-thermal,53.718
1780559593.8325772,,,gpu-thermal,53.5
1780559593.8325772,,,soc0-thermal,51.437
1780559593.8325772,,,soc1-thermal,50.906
1780559593.8325772,,,soc2-thermal,51.312
1780559593.8325772,,,tj-thermal,53.718
1780559593.9390633,VDD_IN,6787.136,,
1780559593.9390633,VDD_CPU_GPU_CV,2976.768,,
1780559593.9390633,VDD_SOC,1490.816,,
1780559593.9390633,,,cpu-thermal,54.031
1780559593.9390633,,,gpu-thermal,53.406
1780559593.9390633,,,soc0-thermal,51.25
1780559593.9390633,,,soc1-thermal,50.968
1780559593.9390633,,,soc2-thermal,51.406
1780559593.9390633,,,tj-thermal,54.031
1780559594.0454843,VDD_IN,6787.136,,
1780559594.0454843,VDD_CPU_GPU_CV,2976.768,,
1780559594.0454843,VDD_SOC,1490.816,,
1780559594.0454843,,,cpu-thermal,54.125
1780559594.0454843,,,gpu-thermal,53.187
1780559594.0454843,,,soc0-thermal,51.375
1780559594.0454843,,,soc1-thermal,51.0
1780559594.0454843,,,soc2-thermal,51.375
1780559594.0454843,,,tj-thermal,54.125
1780559594.1519809,VDD_IN,6787.136,,
1780559594.1519809,VDD_CPU_GPU_CV,2976.768,,
1780559594.1519809,VDD_SOC,1490.816,,
1780559594.1519809,,,cpu-thermal,54.25
1780559594.1519809,,,gpu-thermal,53.218
1780559594.1519809,,,soc0-thermal,51.343
1780559594.1519809,,,soc1-thermal,50.906
1780559594.1519809,,,soc2-thermal,51.406
1780559594.1519809,,,tj-thermal,53.875
1780559594.2583818,VDD_IN,6787.136,,
1780559594.2583818,VDD_CPU_GPU_CV,2976.768,,
1780559594.2583818,VDD_SOC,1490.816,,
1780559594.2583818,,,cpu-thermal,53.937
1780559594.2583818,,,gpu-thermal,53.125
1780559594.2583818,,,soc0-thermal,51.25
1780559594.2583818,,,soc1-thermal,51.031
1780559594.2583818,,,soc2-thermal,51.437
1780559594.2583818,,,tj-thermal,53.937
1780559594.3646526,VDD_IN,6787.136,,
1780559594.3646526,VDD_CPU_GPU_CV,2976.768,,
1780559594.3646526,VDD_SOC,1490.816,,
1780559594.3646526,,,cpu-thermal,53.937
1780559594.3646526,,,gpu-thermal,53.125
1780559594.3646526,,,soc0-thermal,51.375
1780559594.3646526,,,soc1-thermal,51.062
1780559594.3646526,,,soc2-thermal,51.5
1780559594.3646526,,,tj-thermal,53.937
1780559594.4712067,VDD_IN,6787.136,,
1780559594.4712067,VDD_CPU_GPU_CV,2976.768,,
1780559594.4712067,VDD_SOC,1490.816,,
1780559594.4712067,,,cpu-thermal,53.875
1780559594.4712067,,,gpu-thermal,53.531
1780559594.4712067,,,soc0-thermal,51.375
1780559594.4712067,,,soc1-thermal,51.0
1780559594.4712067,,,soc2-thermal,51.281
1780559594.4712067,,,tj-thermal,53.875
1780559594.5776935,VDD_IN,6826.368,,
1780559594.5776935,VDD_CPU_GPU_CV,2976.768,,
1780559594.5776935,VDD_SOC,1490.816,,
1780559594.5776935,,,cpu-thermal,54.062
1780559594.5776935,,,gpu-thermal,53.343
1780559594.5776935,,,soc0-thermal,51.312
1780559594.5776935,,,soc1-thermal,51.062
1780559594.5776935,,,soc2-thermal,51.437
1780559594.5776935,,,tj-thermal,54.062
1780559594.6840017,VDD_IN,6787.136,,
1780559594.6840017,VDD_CPU_GPU_CV,2976.768,,
1780559594.6840017,VDD_SOC,1490.816,,
1780559594.6840017,,,cpu-thermal,54.375
1780559594.6840017,,,gpu-thermal,53.25
1780559594.6840017,,,soc0-thermal,51.312
1780559594.6840017,,,soc1-thermal,51.093
1780559594.6840017,,,soc2-thermal,51.468
1780559594.6840017,,,tj-thermal,54.375
1780559594.7905629,VDD_IN,6787.136,,
1780559594.7905629,VDD_CPU_GPU_CV,2976.768,,
1780559594.7905629,VDD_SOC,1490.816,,
1780559594.7905629,,,cpu-thermal,53.812
1780559594.7905629,,,gpu-thermal,53.187
1780559594.7905629,,,soc0-thermal,51.406
1780559594.7905629,,,soc1-thermal,51.031
1780559594.7905629,,,soc2-thermal,51.312
1780559594.7905629,,,tj-thermal,53.812
1780559594.8970742,VDD_IN,6826.368,,
1780559594.8970742,VDD_CPU_GPU_CV,2976.768,,
1780559594.8970742,VDD_SOC,1490.816,,
1780559594.8970742,,,cpu-thermal,53.937
1780559594.8970742,,,gpu-thermal,53.156
1780559594.8970742,,,soc0-thermal,51.562
1780559594.8970742,,,soc1-thermal,51.093
1780559594.8970742,,,soc2-thermal,51.5
1780559594.8970742,,,tj-thermal,54.125
1780559595.0035098,VDD_IN,6787.136,,
1780559595.0035098,VDD_CPU_GPU_CV,2976.768,,
1780559595.0035098,VDD_SOC,1490.816,,
1780559595.0035098,,,cpu-thermal,54.156
1780559595.0035098,,,gpu-thermal,53.562
1780559595.0035098,,,soc0-thermal,51.375
1780559595.0035098,,,soc1-thermal,51.156
1780559595.0035098,,,soc2-thermal,51.468
1780559595.0035098,,,tj-thermal,54.156
1780559595.1107528,VDD_IN,6787.136,,
1780559595.1107528,VDD_CPU_GPU_CV,2976.768,,
1780559595.1107528,VDD_SOC,1490.816,,
1780559595.1107528,,,cpu-thermal,54.218
1780559595.1107528,,,gpu-thermal,53.406
1780559595.1107528,,,soc0-thermal,51.406
1780559595.1107528,,,soc1-thermal,51.062
1780559595.1107528,,,soc2-thermal,51.468
1780559595.1107528,,,tj-thermal,53.906
1780559595.2172174,VDD_IN,6826.368,,
1780559595.2172174,VDD_CPU_GPU_CV,2976.768,,
1780559595.2172174,VDD_SOC,1490.816,,
1780559595.2172174,,,cpu-thermal,54.031
1780559595.2172174,,,gpu-thermal,53.281
1780559595.2172174,,,soc0-thermal,51.375
1780559595.2172174,,,soc1-thermal,51.093
1780559595.2172174,,,soc2-thermal,51.531
1780559595.2172174,,,tj-thermal,54.031
1780559595.323963,VDD_IN,6787.136,,
1780559595.323963,VDD_CPU_GPU_CV,2976.768,,
1780559595.323963,VDD_SOC,1490.816,,
1780559595.323963,,,cpu-thermal,54.062
1780559595.323963,,,gpu-thermal,53.312
1780559595.323963,,,soc0-thermal,51.437
1780559595.323963,,,soc1-thermal,51.187
1780559595.323963,,,soc2-thermal,51.656
1780559595.323963,,,tj-thermal,53.906
1780559595.430481,VDD_IN,6787.136,,
1780559595.430481,VDD_CPU_GPU_CV,3015.936,,
1780559595.430481,VDD_SOC,1490.816,,
1780559595.430481,,,cpu-thermal,54.0
1780559595.430481,,,gpu-thermal,53.25
1780559595.430481,,,soc0-thermal,51.5
1780559595.430481,,,soc1-thermal,51.062
1780559595.430481,,,soc2-thermal,51.468
1780559595.430481,,,tj-thermal,54.0
1780559595.5369618,VDD_IN,6826.368,,
1780559595.5369618,VDD_CPU_GPU_CV,2976.768,,
1780559595.5369618,VDD_SOC,1490.816,,
1780559595.5369618,,,cpu-thermal,54.0
1780559595.5369618,,,gpu-thermal,53.656
1780559595.5369618,,,soc0-thermal,51.406
1780559595.5369618,,,soc1-thermal,51.125
1780559595.5369618,,,soc2-thermal,51.531
1780559595.5369618,,,tj-thermal,54.0
1780559595.6434374,VDD_IN,6787.136,,
1780559595.6434374,VDD_CPU_GPU_CV,2976.768,,
1780559595.6434374,VDD_SOC,1490.816,,
1780559595.6434374,,,cpu-thermal,54.406
1780559595.6434374,,,gpu-thermal,53.468
1780559595.6434374,,,soc0-thermal,51.406
1780559595.6434374,,,soc1-thermal,51.156
1780559595.6434374,,,soc2-thermal,51.5
1780559595.6434374,,,tj-thermal,54.406
1780559595.749845,VDD_IN,6787.136,,
1780559595.749845,VDD_CPU_GPU_CV,2976.768,,
1780559595.749845,VDD_SOC,1490.816,,
1780559595.749845,,,cpu-thermal,53.906
1780559595.749845,,,gpu-thermal,53.437
1780559595.749845,,,soc0-thermal,51.531
1780559595.749845,,,soc1-thermal,51.093
1780559595.749845,,,soc2-thermal,51.468
1780559595.749845,,,tj-thermal,53.906
1780559595.8564098,VDD_IN,6787.136,,
1780559595.8564098,VDD_CPU_GPU_CV,2976.768,,
1780559595.8564098,VDD_SOC,1490.816,,
1780559595.8564098,,,cpu-thermal,54.125
1780559595.8564098,,,gpu-thermal,53.281
1780559595.8564098,,,soc0-thermal,51.406
1780559595.8564098,,,soc1-thermal,51.156
1780559595.8564098,,,soc2-thermal,51.468
1780559595.8564098,,,tj-thermal,54.125
1780559595.9628384,VDD_IN,6787.136,,
1780559595.9628384,VDD_CPU_GPU_CV,2976.768,,
1780559595.9628384,VDD_SOC,1490.816,,
1780559595.9628384,,,cpu-thermal,54.25
1780559595.9628384,,,gpu-thermal,53.218
1780559595.9628384,,,soc0-thermal,51.5
1780559595.9628384,,,soc1-thermal,51.156
1780559595.9628384,,,soc2-thermal,51.625
1780559595.9628384,,,tj-thermal,54.25
1780559596.069259,VDD_IN,6787.136,,
1780559596.069259,VDD_CPU_GPU_CV,2976.768,,
1780559596.069259,VDD_SOC,1490.816,,
1780559596.069259,,,cpu-thermal,54.343
1780559596.069259,,,gpu-thermal,53.187
1780559596.069259,,,soc0-thermal,51.437
1780559596.069259,,,soc1-thermal,51.375
1780559596.069259,,,soc2-thermal,51.531
1780559596.069259,,,tj-thermal,54.031
1780559596.1759598,VDD_IN,6787.136,,
1780559596.1759598,VDD_CPU_GPU_CV,2976.768,,
1780559596.1759598,VDD_SOC,1490.816,,
1780559596.1759598,,,cpu-thermal,54.156
1780559596.1759598,,,gpu-thermal,53.656
1780559596.1759598,,,soc0-thermal,51.437
1780559596.1759598,,,soc1-thermal,51.218
1780559596.1759598,,,soc2-thermal,51.656
1780559596.1759598,,,tj-thermal,54.156
1780559596.2823749,VDD_IN,6826.368,,
1780559596.2823749,VDD_CPU_GPU_CV,2976.768,,
1780559596.2823749,VDD_SOC,1490.816,,
1780559596.2823749,,,cpu-thermal,54.187
1780559596.2823749,,,gpu-thermal,53.375
1780559596.2823749,,,soc0-thermal,51.5
1780559596.2823749,,,soc1-thermal,51.218
1780559596.2823749,,,soc2-thermal,51.656
1780559596.2823749,,,tj-thermal,54.062
1780559596.388964,VDD_IN,6787.136,,
1780559596.388964,VDD_CPU_GPU_CV,2976.768,,
1780559596.388964,VDD_SOC,1490.816,,
1780559596.388964,,,cpu-thermal,54.0
1780559596.388964,,,gpu-thermal,53.468
1780559596.388964,,,soc0-thermal,51.531
1780559596.388964,,,soc1-thermal,51.406
1780559596.388964,,,soc2-thermal,51.531
1780559596.388964,,,tj-thermal,54.0
1780559596.4956157,VDD_IN,6787.136,,
1780559596.4956157,VDD_CPU_GPU_CV,2976.768,,
1780559596.4956157,VDD_SOC,1490.816,,
1780559596.4956157,,,cpu-thermal,54.031
1780559596.4956157,,,gpu-thermal,53.437
1780559596.4956157,,,soc0-thermal,51.625
1780559596.4956157,,,soc1-thermal,51.25
1780559596.4956157,,,soc2-thermal,51.656
1780559596.4956157,,,tj-thermal,54.031
1780559596.6021924,VDD_IN,6826.368,,
1780559596.6021924,VDD_CPU_GPU_CV,2976.768,,
1780559596.6021924,VDD_SOC,1490.816,,
1780559596.6021924,,,cpu-thermal,54.375
1780559596.6021924,,,gpu-thermal,53.375
1780559596.6021924,,,soc0-thermal,51.562
1780559596.6021924,,,soc1-thermal,51.187
1780559596.6021924,,,soc2-thermal,51.687
1780559596.6021924,,,tj-thermal,54.375
1780559596.7085638,VDD_IN,6787.136,,
1780559596.7085638,VDD_CPU_GPU_CV,2976.768,,
1780559596.7085638,VDD_SOC,1490.816,,
1780559596.7085638,,,cpu-thermal,54.031
1780559596.7085638,,,gpu-thermal,53.75
1780559596.7085638,,,soc0-thermal,51.531
1780559596.7085638,,,soc1-thermal,51.468
1780559596.7085638,,,soc2-thermal,51.562
1780559596.7085638,,,tj-thermal,54.031
1780559596.8151007,VDD_IN,6787.136,,
1780559596.8151007,VDD_CPU_GPU_CV,2976.768,,
1780559596.8151007,VDD_SOC,1490.816,,
1780559596.8151007,,,cpu-thermal,54.187
1780559596.8151007,,,gpu-thermal,53.625
1780559596.8151007,,,soc0-thermal,51.656
1780559596.8151007,,,soc1-thermal,51.187
1780559596.8151007,,,soc2-thermal,51.531
1780559596.8151007,,,tj-thermal,54.187
1780559596.921627,VDD_IN,6826.368,,
1780559596.921627,VDD_CPU_GPU_CV,2976.768,,
1780559596.921627,VDD_SOC,1490.816,,
1780559596.921627,,,cpu-thermal,54.25
1780559596.921627,,,gpu-thermal,53.5
1780559596.921627,,,soc0-thermal,51.562
1780559596.921627,,,soc1-thermal,51.281
1780559596.921627,,,soc2-thermal,51.593
1780559596.921627,,,tj-thermal,54.25
1780559597.02822,VDD_IN,6787.136,,
1780559597.02822,VDD_CPU_GPU_CV,2976.768,,
1780559597.02822,VDD_SOC,1490.816,,
1780559597.02822,,,cpu-thermal,54.406
1780559597.02822,,,gpu-thermal,53.687
1780559597.02822,,,soc0-thermal,51.593
1780559597.02822,,,soc1-thermal,51.468
1780559597.02822,,,soc2-thermal,51.5
1780559597.02822,,,tj-thermal,54.062
1780559597.134911,VDD_IN,6787.136,,
1780559597.134911,VDD_CPU_GPU_CV,2976.768,,
1780559597.134911,VDD_SOC,1490.816,,
1780559597.134911,,,cpu-thermal,54.156
1780559597.134911,,,gpu-thermal,53.625
1780559597.134911,,,soc0-thermal,51.5
1780559597.134911,,,soc1-thermal,51.25
1780559597.134911,,,soc2-thermal,51.687
1780559597.134911,,,tj-thermal,54.156
1780559597.2414296,VDD_IN,6826.368,,
1780559597.2414296,VDD_CPU_GPU_CV,2976.768,,
1780559597.2414296,VDD_SOC,1490.816,,
1780559597.2414296,,,cpu-thermal,54.281
1780559597.2414296,,,gpu-thermal,53.5
1780559597.2414296,,,soc0-thermal,51.562
1780559597.2414296,,,soc1-thermal,51.312
1780559597.2414296,,,soc2-thermal,51.718
1780559597.2414296,,,tj-thermal,54.031
1780559597.347842,VDD_IN,6826.368,,
1780559597.347842,VDD_CPU_GPU_CV,2976.768,,
1780559597.347842,VDD_SOC,1490.816,,
1780559597.347842,,,cpu-thermal,54.187
1780559597.347842,,,gpu-thermal,53.406
1780559597.347842,,,soc0-thermal,51.562
1780559597.347842,,,soc1-thermal,51.375
1780559597.347842,,,soc2-thermal,51.687
1780559597.347842,,,tj-thermal,54.187
1780559597.4541626,VDD_IN,6826.368,,
1780559597.4541626,VDD_CPU_GPU_CV,2976.768,,
1780559597.4541626,VDD_SOC,1490.816,,
1780559597.4541626,,,cpu-thermal,54.187
1780559597.4541626,,,gpu-thermal,53.437
1780559597.4541626,,,soc0-thermal,51.718
1780559597.4541626,,,soc1-thermal,51.281
1780559597.4541626,,,soc2-thermal,51.687
1780559597.4541626,,,tj-thermal,54.187
1780559597.5608523,VDD_IN,6787.136,,
1780559597.5608523,VDD_CPU_GPU_CV,2976.768,,
1780559597.5608523,VDD_SOC,1490.816,,
1780559597.5608523,,,cpu-thermal,54.437
1780559597.5608523,,,gpu-thermal,53.906
1780559597.5608523,,,soc0-thermal,51.625
1780559597.5608523,,,soc1-thermal,51.281
1780559597.5608523,,,soc2-thermal,51.718
1780559597.5608523,,,tj-thermal,54.437
1780559597.6674123,VDD_IN,6826.368,,
1780559597.6674123,VDD_CPU_GPU_CV,2976.768,,
1780559597.6674123,VDD_SOC,1490.816,,
1780559597.6674123,,,cpu-thermal,54.125
1780559597.6674123,,,gpu-thermal,53.656
1780559597.6674123,,,soc0-thermal,51.718
1780559597.6674123,,,soc1-thermal,51.437
1780559597.6674123,,,soc2-thermal,51.656
1780559597.6674123,,,tj-thermal,54.125
1780559597.7738233,VDD_IN,6787.136,,
1780559597.7738233,VDD_CPU_GPU_CV,2976.768,,
1780559597.7738233,VDD_SOC,1490.816,,
1780559597.7738233,,,cpu-thermal,54.25
1780559597.7738233,,,gpu-thermal,53.562
1780559597.7738233,,,soc0-thermal,51.75
1780559597.7738233,,,soc1-thermal,51.281
1780559597.7738233,,,soc2-thermal,51.687
1780559597.7738233,,,tj-thermal,54.25
1780559597.8804736,VDD_IN,6787.136,,
1780559597.8804736,VDD_CPU_GPU_CV,2976.768,,
1780559597.8804736,VDD_SOC,1490.816,,
1780559597.8804736,,,cpu-thermal,54.312
1780559597.8804736,,,gpu-thermal,53.593
1780559597.8804736,,,soc0-thermal,51.656
1780559597.8804736,,,soc1-thermal,51.343
1780559597.8804736,,,soc2-thermal,51.812
1780559597.8804736,,,tj-thermal,54.312
1780559597.9868755,VDD_IN,6787.136,,
1780559597.9868755,VDD_CPU_GPU_CV,2976.768,,
1780559597.9868755,VDD_SOC,1490.816,,
1780559597.9868755,,,cpu-thermal,54.406
1780559597.9868755,,,gpu-thermal,53.406
1780559597.9868755,,,soc0-thermal,51.687
1780559597.9868755,,,soc1-thermal,51.562
1780559597.9868755,,,soc2-thermal,51.687
1780559597.9868755,,,tj-thermal,54.187
1780559598.0939593,VDD_IN,6787.136,,
1780559598.0939593,VDD_CPU_GPU_CV,2976.768,,
1780559598.0939593,VDD_SOC,1490.816,,
1780559598.0939593,,,cpu-thermal,54.25
1780559598.0939593,,,gpu-thermal,53.906
1780559598.0939593,,,soc0-thermal,51.625
1780559598.0939593,,,soc1-thermal,51.281
1780559598.0939593,,,soc2-thermal,51.718
1780559598.0939593,,,tj-thermal,54.25
1780559598.2005713,VDD_IN,6787.136,,
1780559598.2005713,VDD_CPU_GPU_CV,2976.768,,
1780559598.2005713,VDD_SOC,1490.816,,
1780559598.2005713,,,cpu-thermal,54.25
1780559598.2005713,,,gpu-thermal,53.687
1780559598.2005713,,,soc0-thermal,51.625
1780559598.2005713,,,soc1-thermal,51.375
1780559598.2005713,,,soc2-thermal,51.781
1780559598.2005713,,,tj-thermal,54.156
1780559598.3069992,VDD_IN,6787.136,,
1780559598.3069992,VDD_CPU_GPU_CV,2976.768,,
1780559598.3069992,VDD_SOC,1490.816,,
1780559598.3069992,,,cpu-thermal,54.187
1780559598.3069992,,,gpu-thermal,53.593
1780559598.3069992,,,soc0-thermal,51.75
1780559598.3069992,,,soc1-thermal,51.531
1780559598.3069992,,,soc2-thermal,51.75
1780559598.3069992,,,tj-thermal,54.187
1780559598.4134827,VDD_IN,6826.368,,
1780559598.4134827,VDD_CPU_GPU_CV,2976.768,,
1780559598.4134827,VDD_SOC,1490.816,,
1780559598.4134827,,,cpu-thermal,54.312
1780559598.4134827,,,gpu-thermal,53.593
1780559598.4134827,,,soc0-thermal,51.593
1780559598.4134827,,,soc1-thermal,51.375
1780559598.4134827,,,soc2-thermal,51.718
1780559598.4134827,,,tj-thermal,54.312
1780559598.5199974,VDD_IN,6787.136,,
1780559598.5199974,VDD_CPU_GPU_CV,2976.768,,
1780559598.5199974,VDD_SOC,1490.816,,
1780559598.5199974,,,cpu-thermal,54.562
1780559598.5199974,,,gpu-thermal,53.468
1780559598.5199974,,,soc0-thermal,51.625
1780559598.5199974,,,soc1-thermal,51.5
1780559598.5199974,,,soc2-thermal,51.75
1780559598.5199974,,,tj-thermal,54.562
1780559598.6264927,VDD_IN,6787.136,,
1780559598.6264927,VDD_CPU_GPU_CV,2976.768,,
1780559598.6264927,VDD_SOC,1490.816,,
1780559598.6264927,,,cpu-thermal,54.625
1780559598.6264927,,,gpu-thermal,53.468
1780559598.6264927,,,soc0-thermal,51.75
1780559598.6264927,,,soc1-thermal,51.656
1780559598.6264927,,,soc2-thermal,51.718
1780559598.6264927,,,tj-thermal,54.625
1780559598.7329295,VDD_IN,6826.368,,
1780559598.7329295,VDD_CPU_GPU_CV,2976.768,,
1780559598.7329295,VDD_SOC,1490.816,,
1780559598.7329295,,,cpu-thermal,54.343
1780559598.7329295,,,gpu-thermal,53.843
1780559598.7329295,,,soc0-thermal,51.656
1780559598.7329295,,,soc1-thermal,51.343
1780559598.7329295,,,soc2-thermal,51.718
1780559598.7329295,,,tj-thermal,54.343
1780559598.8394957,VDD_IN,6787.136,,
1780559598.8394957,VDD_CPU_GPU_CV,2976.768,,
1780559598.8394957,VDD_SOC,1490.816,,
1780559598.8394957,,,cpu-thermal,54.406
1780559598.8394957,,,gpu-thermal,53.718
1780559598.8394957,,,soc0-thermal,51.687
1780559598.8394957,,,soc1-thermal,51.468
1780559598.8394957,,,soc2-thermal,51.75
1780559598.8394957,,,tj-thermal,54.406
1780559598.946047,VDD_IN,6787.136,,
1780559598.946047,VDD_CPU_GPU_CV,2976.768,,
1780559598.946047,VDD_SOC,1490.816,,
1780559598.946047,,,cpu-thermal,54.5
1780559598.946047,,,gpu-thermal,53.656
1780559598.946047,,,soc0-thermal,51.75
1780559598.946047,,,soc1-thermal,51.625
1780559598.946047,,,soc2-thermal,51.875
1780559598.946047,,,tj-thermal,54.281
1780559599.0525575,VDD_IN,6826.368,,
1780559599.0525575,VDD_CPU_GPU_CV,2976.768,,
1780559599.0525575,VDD_SOC,1490.816,,
1780559599.0525575,,,cpu-thermal,54.312
1780559599.0525575,,,gpu-thermal,53.625
1780559599.0525575,,,soc0-thermal,51.687
1780559599.0525575,,,soc1-thermal,51.437
1780559599.0525575,,,soc2-thermal,51.75
1780559599.0525575,,,tj-thermal,54.312
1780559599.1589966,VDD_IN,6787.136,,
1780559599.1589966,VDD_CPU_GPU_CV,2976.768,,
1780559599.1589966,VDD_SOC,1490.816,,
1780559599.1589966,,,cpu-thermal,54.281
1780559599.1589966,,,gpu-thermal,53.562
1780559599.1589966,,,soc0-thermal,51.687
1780559599.1589966,,,soc1-thermal,51.468
1780559599.1589966,,,soc2-thermal,51.843
1780559599.1589966,,,tj-thermal,54.218
1780559599.2654953,VDD_IN,6787.136,,
1780559599.2654953,VDD_CPU_GPU_CV,2976.768,,
1780559599.2654953,VDD_SOC,1490.816,,
1780559599.2654953,,,cpu-thermal,54.312
1780559599.2654953,,,gpu-thermal,53.937
1780559599.2654953,,,soc0-thermal,51.843
1780559599.2654953,,,soc1-thermal,51.562
1780559599.2654953,,,soc2-thermal,51.812
1780559599.2654953,,,tj-thermal,54.312
1780559599.3719282,VDD_IN,6826.368,,
1780559599.3719282,VDD_CPU_GPU_CV,2976.768,,
1780559599.3719282,VDD_SOC,1490.816,,
1780559599.3719282,,,cpu-thermal,54.312
1780559599.3719282,,,gpu-thermal,53.781
1780559599.3719282,,,soc0-thermal,51.812
1780559599.3719282,,,soc1-thermal,51.343
1780559599.3719282,,,soc2-thermal,51.781
1780559599.3719282,,,tj-thermal,54.312
1780559599.4783316,VDD_IN,6826.368,,
1780559599.4783316,VDD_CPU_GPU_CV,3015.936,,
1780559599.4783316,VDD_SOC,1490.816,,
1780559599.4783316,,,cpu-thermal,54.625
1780559599.4783316,,,gpu-thermal,53.718
1780559599.4783316,,,soc0-thermal,51.718
1780559599.4783316,,,soc1-thermal,51.468
1780559599.4783316,,,soc2-thermal,51.843
1780559599.4783316,,,tj-thermal,54.625
1780559599.5845497,VDD_IN,6787.136,,
1780559599.5845497,VDD_CPU_GPU_CV,2976.768,,
1780559599.5845497,VDD_SOC,1490.816,,
1780559599.5845497,,,cpu-thermal,54.75
1780559599.5845497,,,gpu-thermal,53.625
1780559599.5845497,,,soc0-thermal,51.75
1780559599.5845497,,,soc1-thermal,51.625
1780559599.5845497,,,soc2-thermal,51.812
1780559599.5845497,,,tj-thermal,54.75
1780559599.6913939,VDD_IN,6787.136,,
1780559599.6913939,VDD_CPU_GPU_CV,2976.768,,
1780559599.6913939,VDD_SOC,1490.816,,
1780559599.6913939,,,cpu-thermal,54.375
1780559599.6913939,,,gpu-thermal,53.625
1780559599.6913939,,,soc0-thermal,51.875
1780559599.6913939,,,soc1-thermal,51.437
1780559599.6913939,,,soc2-thermal,51.875
1780559599.6913939,,,tj-thermal,54.375
1780559599.7982183,VDD_IN,6826.368,,
1780559599.7982183,VDD_CPU_GPU_CV,2976.768,,
1780559599.7982183,VDD_SOC,1490.816,,
1780559599.7982183,,,cpu-thermal,54.406
1780559599.7982183,,,gpu-thermal,53.562
1780559599.7982183,,,soc0-thermal,51.75
1780559599.7982183,,,soc1-thermal,51.5
1780559599.7982183,,,soc2-thermal,51.875
1780559599.7982183,,,tj-thermal,54.406
1780559599.9045424,VDD_IN,6787.136,,
1780559599.9045424,VDD_CPU_GPU_CV,2976.768,,
1780559599.9045424,VDD_SOC,1490.816,,
1780559599.9045424,,,cpu-thermal,54.562
1780559599.9045424,,,gpu-thermal,53.906
1780559599.9045424,,,soc0-thermal,51.843
1780559599.9045424,,,soc1-thermal,51.656
1780559599.9045424,,,soc2-thermal,51.875
1780559599.9045424,,,tj-thermal,54.281
1780559600.0111988,VDD_IN,6787.136,,
1780559600.0111988,VDD_CPU_GPU_CV,2976.768,,
1780559600.0111988,VDD_SOC,1490.816,,
1780559600.0111988,,,cpu-thermal,54.406
1780559600.0111988,,,gpu-thermal,53.812
1780559600.0111988,,,soc0-thermal,52.0
1780559600.0111988,,,soc1-thermal,51.5
1780559600.0111988,,,soc2-thermal,51.937
1780559600.0111988,,,tj-thermal,54.406
1780559600.117704,VDD_IN,6826.368,,
1780559600.117704,VDD_CPU_GPU_CV,2976.768,,
1780559600.117704,VDD_SOC,1490.816,,
1780559600.117704,,,cpu-thermal,54.375
1780559600.117704,,,gpu-thermal,53.718
1780559600.117704,,,soc0-thermal,51.781
1780559600.117704,,,soc1-thermal,51.625
1780559600.117704,,,soc2-thermal,51.937
1780559600.117704,,,tj-thermal,54.843
1780559600.224124,VDD_IN,6787.136,,
1780559600.224124,VDD_CPU_GPU_CV,2976.768,,
1780559600.224124,VDD_SOC,1490.816,,
1780559600.224124,,,cpu-thermal,54.281
1780559600.224124,,,gpu-thermal,53.656
1780559600.224124,,,soc0-thermal,51.875
1780559600.224124,,,soc1-thermal,51.656
1780559600.224124,,,soc2-thermal,51.812
1780559600.224124,,,tj-thermal,54.281
1780559600.3306448,VDD_IN,6787.136,,
1780559600.3306448,VDD_CPU_GPU_CV,2976.768,,
1780559600.3306448,VDD_SOC,1490.816,,
1780559600.3306448,,,cpu-thermal,54.312
1780559600.3306448,,,gpu-thermal,53.656
1780559600.3306448,,,soc0-thermal,51.968
1780559600.3306448,,,soc1-thermal,51.531
1780559600.3306448,,,soc2-thermal,51.875
1780559600.3306448,,,tj-thermal,54.312
1780559600.4372597,VDD_IN,6826.368,,
1780559600.4372597,VDD_CPU_GPU_CV,2976.768,,
1780559600.4372597,VDD_SOC,1490.816,,
1780559600.4372597,,,cpu-thermal,54.625
1780559600.4372597,,,gpu-thermal,54.031
1780559600.4372597,,,soc0-thermal,51.843
1780559600.4372597,,,soc1-thermal,51.593
1780559600.4372597,,,soc2-thermal,51.906
1780559600.4372597,,,tj-thermal,54.625
1780559600.543758,VDD_IN,6826.368,,
1780559600.543758,VDD_CPU_GPU_CV,2976.768,,
1780559600.543758,VDD_SOC,1490.816,,
1780559600.543758,,,cpu-thermal,54.812
1780559600.543758,,,gpu-thermal,53.875
1780559600.543758,,,soc0-thermal,51.906
1780559600.543758,,,soc1-thermal,51.656
1780559600.543758,,,soc2-thermal,51.875
1780559600.543758,,,tj-thermal,54.812
1780559600.6503744,VDD_IN,6787.136,,
1780559600.6503744,VDD_CPU_GPU_CV,2976.768,,
1780559600.6503744,VDD_SOC,1490.816,,
1780559600.6503744,,,cpu-thermal,54.562
1780559600.6503744,,,gpu-thermal,53.812
1780559600.6503744,,,soc0-thermal,52.031
1780559600.6503744,,,soc1-thermal,51.5
1780559600.6503744,,,soc2-thermal,51.875
1780559600.6503744,,,tj-thermal,54.562
1780559600.7568562,VDD_IN,6787.136,,
1780559600.7568562,VDD_CPU_GPU_CV,2976.768,,
1780559600.7568562,VDD_SOC,1490.816,,
1780559600.7568562,,,cpu-thermal,54.437
1780559600.7568562,,,gpu-thermal,53.75
1780559600.7568562,,,soc0-thermal,51.812
1780559600.7568562,,,soc1-thermal,51.656
1780559600.7568562,,,soc2-thermal,52.0
1780559600.7568562,,,tj-thermal,54.437
1780559600.863304,VDD_IN,6826.368,,
1780559600.863304,VDD_CPU_GPU_CV,2976.768,,
1780559600.863304,VDD_SOC,1490.816,,
1780559600.863304,,,cpu-thermal,54.687
1780559600.863304,,,gpu-thermal,53.718
1780559600.863304,,,soc0-thermal,51.906
1780559600.863304,,,soc1-thermal,51.687
1780559600.863304,,,soc2-thermal,51.906
1780559600.863304,,,tj-thermal,54.437
1780559600.969882,VDD_IN,6787.136,,
1780559600.969882,VDD_CPU_GPU_CV,2976.768,,
1780559600.969882,VDD_SOC,1490.816,,
1780559600.969882,,,cpu-thermal,54.468
1780559600.969882,,,gpu-thermal,53.843
1780559600.969882,,,soc0-thermal,52.031
1780559600.969882,,,soc1-thermal,51.562
1780559600.969882,,,soc2-thermal,51.906
1780559600.969882,,,tj-thermal,54.468
1780559601.076378,VDD_IN,6787.136,,
1780559601.076378,VDD_CPU_GPU_CV,2976.768,,
1780559601.076378,VDD_SOC,1490.816,,
1780559601.076378,,,cpu-thermal,54.5
1780559601.076378,,,gpu-thermal,53.718
1780559601.076378,,,soc0-thermal,51.843
1780559601.076378,,,soc1-thermal,51.625
1780559601.076378,,,soc2-thermal,52.031
1780559601.076378,,,tj-thermal,54.812
1780559601.1828206,VDD_IN,6826.368,,
1780559601.1828206,VDD_CPU_GPU_CV,2976.768,,
1780559601.1828206,VDD_SOC,1490.816,,
1780559601.1828206,,,cpu-thermal,54.437
1780559601.1828206,,,gpu-thermal,53.656
1780559601.1828206,,,soc0-thermal,51.906
1780559601.1828206,,,soc1-thermal,51.687
1780559601.1828206,,,soc2-thermal,52.0
1780559601.1828206,,,tj-thermal,54.437
1780559601.2892897,VDD_IN,6787.136,,
1780559601.2892897,VDD_CPU_GPU_CV,2976.768,,
1780559601.2892897,VDD_SOC,1490.816,,
1780559601.2892897,,,cpu-thermal,54.437
1780559601.2892897,,,gpu-thermal,54.0
1780559601.2892897,,,soc0-thermal,52.125
1780559601.2892897,,,soc1-thermal,51.593
1780559601.2892897,,,soc2-thermal,52.031
1780559601.2892897,,,tj-thermal,54.437
1780559601.3958669,VDD_IN,6787.136,,
1780559601.3958669,VDD_CPU_GPU_CV,2976.768,,
1780559601.3958669,VDD_SOC,1490.816,,
1780559601.3958669,,,cpu-thermal,54.718
1780559601.3958669,,,gpu-thermal,54.0
1780559601.3958669,,,soc0-thermal,51.875
1780559601.3958669,,,soc1-thermal,51.593
1780559601.3958669,,,soc2-thermal,52.125
1780559601.3958669,,,tj-thermal,54.718
1780559601.5024693,VDD_IN,6826.368,,
1780559601.5024693,VDD_CPU_GPU_CV,2976.768,,
1780559601.5024693,VDD_SOC,1490.816,,
1780559601.5024693,,,cpu-thermal,54.906
1780559601.5024693,,,gpu-thermal,53.812
1780559601.5024693,,,soc0-thermal,51.906
1780559601.5024693,,,soc1-thermal,51.812
1780559601.5024693,,,soc2-thermal,51.906
1780559601.5024693,,,tj-thermal,54.906
1780559601.6089458,VDD_IN,6787.136,,
1780559601.6089458,VDD_CPU_GPU_CV,2976.768,,
1780559601.6089458,VDD_SOC,1490.816,,
1780559601.6089458,,,cpu-thermal,54.625
1780559601.6089458,,,gpu-thermal,53.812
1780559601.6089458,,,soc0-thermal,52.0
1780559601.6089458,,,soc1-thermal,51.531
1780559601.6089458,,,soc2-thermal,52.031
1780559601.6089458,,,tj-thermal,54.625
1780559601.7154987,VDD_IN,6787.136,,
1780559601.7154987,VDD_CPU_GPU_CV,2976.768,,
1780559601.7154987,VDD_SOC,1490.816,,
1780559601.7154987,,,cpu-thermal,54.656
1780559601.7154987,,,gpu-thermal,53.781
1780559601.7154987,,,soc0-thermal,52.0
1780559601.7154987,,,soc1-thermal,51.687
1780559601.7154987,,,soc2-thermal,52.093
1780559601.7154987,,,tj-thermal,54.656
1780559601.8219051,VDD_IN,6787.136,,
1780559601.8219051,VDD_CPU_GPU_CV,2976.768,,
1780559601.8219051,VDD_SOC,1490.816,,
1780559601.8219051,,,cpu-thermal,54.718
1780559601.8219051,,,gpu-thermal,54.25
1780559601.8219051,,,soc0-thermal,51.906
1780559601.8219051,,,soc1-thermal,51.687
1780559601.8219051,,,soc2-thermal,52.031
1780559601.8219051,,,tj-thermal,54.5
1780559601.928391,VDD_IN,6787.136,,
1780559601.928391,VDD_CPU_GPU_CV,2976.768,,
1780559601.928391,VDD_SOC,1490.816,,
1780559601.928391,,,cpu-thermal,54.656
1780559601.928391,,,gpu-thermal,54.062
1780559601.928391,,,soc0-thermal,52.125
1780559601.928391,,,soc1-thermal,51.593
1780559601.928391,,,soc2-thermal,52.062
1780559601.928391,,,tj-thermal,54.656
1780559602.0351295,VDD_IN,6787.136,,
1780559602.0351295,VDD_CPU_GPU_CV,2976.768,,
1780559602.0351295,VDD_SOC,1490.816,,
1780559602.0351295,,,cpu-thermal,54.593
1780559602.0351295,,,gpu-thermal,53.875
1780559602.0351295,,,soc0-thermal,51.937
1780559602.0351295,,,soc1-thermal,51.656
1780559602.0351295,,,soc2-thermal,52.156
1780559602.0351295,,,tj-thermal,54.781
1780559602.141616,VDD_IN,6826.368,,
1780559602.141616,VDD_CPU_GPU_CV,2976.768,,
1780559602.141616,VDD_SOC,1490.816,,
1780559602.141616,,,cpu-thermal,54.468
1780559602.141616,,,gpu-thermal,53.875
1780559602.141616,,,soc0-thermal,52.031
1780559602.141616,,,soc1-thermal,51.75
1780559602.141616,,,soc2-thermal,52.031
1780559602.141616,,,tj-thermal,54.468
1780559602.2481031,VDD_IN,6826.368,,
1780559602.2481031,VDD_CPU_GPU_CV,2976.768,,
1780559602.2481031,VDD_SOC,1490.816,,
1780559602.2481031,,,cpu-thermal,54.5
1780559602.2481031,,,gpu-thermal,53.843
1780559602.2481031,,,soc0-thermal,52.187
1780559602.2481031,,,soc1-thermal,51.656
1780559602.2481031,,,soc2-thermal,52.125
1780559602.2481031,,,tj-thermal,54.5
1780559602.3548925,VDD_IN,6787.136,,
1780559602.3548925,VDD_CPU_GPU_CV,2976.768,,
1780559602.3548925,VDD_SOC,1490.816,,
1780559602.3548925,,,cpu-thermal,54.781
1780559602.3548925,,,gpu-thermal,53.75
1780559602.3548925,,,soc0-thermal,51.937
1780559602.3548925,,,soc1-thermal,51.718
1780559602.3548925,,,soc2-thermal,52.125
1780559602.3548925,,,tj-thermal,54.781
1780559602.4614642,VDD_IN,6826.368,,
1780559602.4614642,VDD_CPU_GPU_CV,3015.936,,
1780559602.4614642,VDD_SOC,1490.816,,
1780559602.4614642,,,cpu-thermal,54.875
1780559602.4614642,,,gpu-thermal,54.125
1780559602.4614642,,,soc0-thermal,52.031
1780559602.4614642,,,soc1-thermal,51.843
1780559602.4614642,,,soc2-thermal,52.093
1780559602.4614642,,,tj-thermal,54.875
1780559602.5680947,VDD_IN,6826.368,,
1780559602.5680947,VDD_CPU_GPU_CV,2976.768,,
1780559602.5680947,VDD_SOC,1490.816,,
1780559602.5680947,,,cpu-thermal,54.687
1780559602.5680947,,,gpu-thermal,54.031
1780559602.5680947,,,soc0-thermal,52.156
1780559602.5680947,,,soc1-thermal,51.656
1780559602.5680947,,,soc2-thermal,52.125
1780559602.5680947,,,tj-thermal,54.687
1780559602.6745012,VDD_IN,6826.368,,
1780559602.6745012,VDD_CPU_GPU_CV,2976.768,,
1780559602.6745012,VDD_SOC,1490.816,,
1780559602.6745012,,,cpu-thermal,54.656
1780559602.6745012,,,gpu-thermal,53.968
1780559602.6745012,,,soc0-thermal,52.062
1780559602.6745012,,,soc1-thermal,51.656
1780559602.6745012,,,soc2-thermal,52.093
1780559602.6745012,,,tj-thermal,54.656
1780559602.781099,VDD_IN,6787.136,,
1780559602.781099,VDD_CPU_GPU_CV,2976.768,,
1780559602.781099,VDD_SOC,1490.816,,
1780559602.781099,,,cpu-thermal,54.781
1780559602.781099,,,gpu-thermal,53.843
1780559602.781099,,,soc0-thermal,52.156
1780559602.781099,,,soc1-thermal,51.843
1780559602.781099,,,soc2-thermal,52.062
1780559602.781099,,,tj-thermal,54.625
1780559602.887755,VDD_IN,6826.368,,
1780559602.887755,VDD_CPU_GPU_CV,2976.768,,
1780559602.887755,VDD_SOC,1490.816,,
1780559602.887755,,,cpu-thermal,54.625
1780559602.887755,,,gpu-thermal,53.781
1780559602.887755,,,soc0-thermal,52.218
1780559602.887755,,,soc1-thermal,51.625
1780559602.887755,,,soc2-thermal,52.093
1780559602.887755,,,tj-thermal,54.625
1780559602.9941306,VDD_IN,6787.136,,
1780559602.9941306,VDD_CPU_GPU_CV,2976.768,,
1780559602.9941306,VDD_SOC,1490.816,,
1780559602.9941306,,,cpu-thermal,54.593
1780559602.9941306,,,gpu-thermal,54.218
1780559602.9941306,,,soc0-thermal,52.031
1780559602.9941306,,,soc1-thermal,51.718
1780559602.9941306,,,soc2-thermal,52.156
1780559602.9941306,,,tj-thermal,54.843
1780559603.1007805,VDD_IN,6787.136,,
1780559603.1007805,VDD_CPU_GPU_CV,2976.768,,
1780559603.1007805,VDD_SOC,1490.816,,
1780559603.1007805,,,cpu-thermal,54.625
1780559603.1007805,,,gpu-thermal,54.156
1780559603.1007805,,,soc0-thermal,52.062
1780559603.1007805,,,soc1-thermal,51.843
1780559603.1007805,,,soc2-thermal,52.062
1780559603.1007805,,,tj-thermal,54.625
1780559603.207406,VDD_IN,6787.136,,
1780559603.207406,VDD_CPU_GPU_CV,2976.768,,
1780559603.207406,VDD_SOC,1490.816,,
1780559603.207406,,,cpu-thermal,54.562
1780559603.207406,,,gpu-thermal,54.031
1780559603.207406,,,soc0-thermal,52.187
1780559603.207406,,,soc1-thermal,51.75
1780559603.207406,,,soc2-thermal,52.187
1780559603.207406,,,tj-thermal,54.562
1780559603.313849,VDD_IN,6826.368,,
1780559603.313849,VDD_CPU_GPU_CV,2976.768,,
1780559603.313849,VDD_SOC,1490.816,,
1780559603.313849,,,cpu-thermal,54.875
1780559603.313849,,,gpu-thermal,53.968
1780559603.313849,,,soc0-thermal,52.031
1780559603.313849,,,soc1-thermal,51.781
1780559603.313849,,,soc2-thermal,52.25
1780559603.313849,,,tj-thermal,54.875
1780559603.4207745,VDD_IN,6826.368,,
1780559603.4207745,VDD_CPU_GPU_CV,3015.936,,
1780559603.4207745,VDD_SOC,1490.816,,
1780559603.4207745,,,cpu-thermal,54.875
1780559603.4207745,,,gpu-thermal,53.875
1780559603.4207745,,,soc0-thermal,52.125
1780559603.4207745,,,soc1-thermal,51.906
1780559603.4207745,,,soc2-thermal,52.093
1780559603.4207745,,,tj-thermal,54.875
1780559603.527289,VDD_IN,6826.368,,
1780559603.527289,VDD_CPU_GPU_CV,2976.768,,
1780559603.527289,VDD_SOC,1490.816,,
1780559603.527289,,,cpu-thermal,54.656
1780559603.527289,,,gpu-thermal,54.375
1780559603.527289,,,soc0-thermal,52.281
1780559603.527289,,,soc1-thermal,51.781
1780559603.527289,,,soc2-thermal,52.187
1780559603.527289,,,tj-thermal,54.656
1780559603.6338527,VDD_IN,6826.368,,
1780559603.6338527,VDD_CPU_GPU_CV,2976.768,,
1780559603.6338527,VDD_SOC,1490.816,,
1780559603.6338527,,,cpu-thermal,54.812
1780559603.6338527,,,gpu-thermal,54.25
1780559603.6338527,,,soc0-thermal,52.125
1780559603.6338527,,,soc1-thermal,51.843
1780559603.6338527,,,soc2-thermal,52.218
1780559603.6338527,,,tj-thermal,54.812
1780559603.7403972,VDD_IN,6826.368,,
1780559603.7403972,VDD_CPU_GPU_CV,2976.768,,
1780559603.7403972,VDD_SOC,1490.816,,
1780559603.7403972,,,cpu-thermal,54.593
1780559603.7403972,,,gpu-thermal,54.156
1780559603.7403972,,,soc0-thermal,52.156
1780559603.7403972,,,soc1-thermal,51.875
1780559603.7403972,,,soc2-thermal,52.218
1780559603.7403972,,,tj-thermal,54.593
1780559603.846842,VDD_IN,6787.136,,
1780559603.846842,VDD_CPU_GPU_CV,2976.768,,
1780559603.846842,VDD_SOC,1490.816,,
1780559603.846842,,,cpu-thermal,54.687
1780559603.846842,,,gpu-thermal,54.031
1780559603.846842,,,soc0-thermal,52.25
1780559603.846842,,,soc1-thermal,51.843
1780559603.846842,,,soc2-thermal,52.281
1780559603.846842,,,tj-thermal,54.687
1780559603.953317,VDD_IN,6826.368,,
1780559603.953317,VDD_CPU_GPU_CV,2976.768,,
1780559603.953317,VDD_SOC,1490.816,,
1780559603.953317,,,cpu-thermal,54.687
1780559603.953317,,,gpu-thermal,54.031
1780559603.953317,,,soc0-thermal,52.062
1780559603.953317,,,soc1-thermal,51.812
1780559603.953317,,,soc2-thermal,52.156
1780559603.953317,,,tj-thermal,54.906
1780559604.059771,VDD_IN,6787.136,,
1780559604.059771,VDD_CPU_GPU_CV,2976.768,,
1780559604.059771,VDD_SOC,1490.816,,
1780559604.059771,,,cpu-thermal,55.156
1780559604.059771,,,gpu-thermal,54.093
1780559604.059771,,,soc0-thermal,52.187
1780559604.059771,,,soc1-thermal,51.906
1780559604.059771,,,soc2-thermal,52.187
1780559604.059771,,,tj-thermal,55.156
1780559604.1664436,VDD_IN,6787.136,,
1780559604.1664436,VDD_CPU_GPU_CV,2976.768,,
1780559604.1664436,VDD_SOC,1490.816,,
1780559604.1664436,,,cpu-thermal,54.687
1780559604.1664436,,,gpu-thermal,54.031
1780559604.1664436,,,soc0-thermal,52.25
1780559604.1664436,,,soc1-thermal,51.843
1780559604.1664436,,,soc2-thermal,52.187
1780559604.1664436,,,tj-thermal,54.812
1780559604.2730732,VDD_IN,6826.368,,
1780559604.2730732,VDD_CPU_GPU_CV,2976.768,,
1780559604.2730732,VDD_SOC,1490.816,,
1780559604.2730732,,,cpu-thermal,54.906
1780559604.2730732,,,gpu-thermal,54.031
1780559604.2730732,,,soc0-thermal,52.156
1780559604.2730732,,,soc1-thermal,51.843
1780559604.2730732,,,soc2-thermal,52.25
1780559604.2730732,,,tj-thermal,54.906
1780559604.3795338,VDD_IN,6826.368,,
1780559604.3795338,VDD_CPU_GPU_CV,3015.936,,
1780559604.3795338,VDD_SOC,1490.816,,
1780559604.3795338,,,cpu-thermal,54.968
1780559604.3795338,,,gpu-thermal,54.437
1780559604.3795338,,,soc0-thermal,52.218
1780559604.3795338,,,soc1-thermal,51.875
1780559604.3795338,,,soc2-thermal,52.312
1780559604.3795338,,,tj-thermal,54.968
1780559604.4859447,VDD_IN,6826.368,,
1780559604.4859447,VDD_CPU_GPU_CV,2976.768,,
1780559604.4859447,VDD_SOC,1490.816,,
1780559604.4859447,,,cpu-thermal,54.75
1780559604.4859447,,,gpu-thermal,54.281
1780559604.4859447,,,soc0-thermal,52.312
1780559604.4859447,,,soc1-thermal,51.812
1780559604.4859447,,,soc2-thermal,52.25
1780559604.4859447,,,tj-thermal,54.75
1780559604.592404,VDD_IN,6787.136,,
1780559604.592404,VDD_CPU_GPU_CV,2976.768,,
1780559604.592404,VDD_SOC,1490.816,,
1780559604.592404,,,cpu-thermal,54.843
1780559604.592404,,,gpu-thermal,54.187
1780559604.592404,,,soc0-thermal,52.187
1780559604.592404,,,soc1-thermal,51.906
1780559604.592404,,,soc2-thermal,52.25
1780559604.592404,,,tj-thermal,54.843
1780559604.6988683,VDD_IN,6826.368,,
1780559604.6988683,VDD_CPU_GPU_CV,2976.768,,
1780559604.6988683,VDD_SOC,1490.816,,
1780559604.6988683,,,cpu-thermal,54.656
1780559604.6988683,,,gpu-thermal,54.031
1780559604.6988683,,,soc0-thermal,52.187
1780559604.6988683,,,soc1-thermal,51.906
1780559604.6988683,,,soc2-thermal,52.375
1780559604.6988683,,,tj-thermal,54.656
1780559604.805385,VDD_IN,6787.136,,
1780559604.805385,VDD_CPU_GPU_CV,2976.768,,
1780559604.805385,VDD_SOC,1490.816,,
1780559604.805385,,,cpu-thermal,54.781
1780559604.805385,,,gpu-thermal,53.968
1780559604.805385,,,soc0-thermal,52.375
1780559604.805385,,,soc1-thermal,51.781
1780559604.805385,,,soc2-thermal,52.25
1780559604.805385,,,tj-thermal,54.781
1780559604.9118755,VDD_IN,6787.136,,
1780559604.9118755,VDD_CPU_GPU_CV,2976.768,,
1780559604.9118755,VDD_SOC,1490.816,,
1780559604.9118755,,,cpu-thermal,54.812
1780559604.9118755,,,gpu-thermal,54.031
1780559604.9118755,,,soc0-thermal,52.156
1780559604.9118755,,,soc1-thermal,51.906
1780559604.9118755,,,soc2-thermal,52.343
1780559604.9118755,,,tj-thermal,54.937
1780559605.018495,VDD_IN,6826.368,,
1780559605.018495,VDD_CPU_GPU_CV,2976.768,,
1780559605.018495,VDD_SOC,1490.816,,
1780559605.018495,,,cpu-thermal,55.093
1780559605.018495,,,gpu-thermal,54.406
1780559605.018495,,,soc0-thermal,52.218
1780559605.018495,,,soc1-thermal,51.843
1780559605.018495,,,soc2-thermal,52.281
1780559605.018495,,,tj-thermal,55.093
1780559605.1249115,VDD_IN,6787.136,,
1780559605.1249115,VDD_CPU_GPU_CV,2976.768,,
1780559605.1249115,VDD_SOC,1490.816,,
1780559605.1249115,,,cpu-thermal,54.687
1780559605.1249115,,,gpu-thermal,54.281
1780559605.1249115,,,soc0-thermal,52.281
1780559605.1249115,,,soc1-thermal,51.875
1780559605.1249115,,,soc2-thermal,52.312
1780559605.1249115,,,tj-thermal,54.875
1780559605.23159,VDD_IN,6787.136,,
1780559605.23159,VDD_CPU_GPU_CV,2976.768,,
1780559605.23159,VDD_SOC,1490.816,,
1780559605.23159,,,cpu-thermal,54.875
1780559605.23159,,,gpu-thermal,54.218
1780559605.23159,,,soc0-thermal,52.25
1780559605.23159,,,soc1-thermal,51.937
1780559605.23159,,,soc2-thermal,52.312
1780559605.23159,,,tj-thermal,54.875
1780559605.3380718,VDD_IN,6826.368,,
1780559605.3380718,VDD_CPU_GPU_CV,2976.768,,
1780559605.3380718,VDD_SOC,1490.816,,
1780559605.3380718,,,cpu-thermal,54.937
1780559605.3380718,,,gpu-thermal,54.093
1780559605.3380718,,,soc0-thermal,52.25
1780559605.3380718,,,soc1-thermal,52.031
1780559605.3380718,,,soc2-thermal,52.375
1780559605.3380718,,,tj-thermal,54.937
1780559605.4447024,VDD_IN,6826.368,,
1780559605.4447024,VDD_CPU_GPU_CV,3015.936,,
1780559605.4447024,VDD_SOC,1490.816,,
1780559605.4447024,,,cpu-thermal,54.812
1780559605.4447024,,,gpu-thermal,54.093
1780559605.4447024,,,soc0-thermal,52.343
1780559605.4447024,,,soc1-thermal,51.937
1780559605.4447024,,,soc2-thermal,52.343
1780559605.4447024,,,tj-thermal,54.812
1780559605.5511186,VDD_IN,6787.136,,
1780559605.5511186,VDD_CPU_GPU_CV,2976.768,,
1780559605.5511186,VDD_SOC,1490.816,,
1780559605.5511186,,,cpu-thermal,54.875
1780559605.5511186,,,gpu-thermal,54.531
1780559605.5511186,,,soc0-thermal,52.25
1780559605.5511186,,,soc1-thermal,52.031
1780559605.5511186,,,soc2-thermal,52.406
1780559605.5511186,,,tj-thermal,54.875
1780559605.657666,VDD_IN,6826.368,,
1780559605.657666,VDD_CPU_GPU_CV,2976.768,,
1780559605.657666,VDD_SOC,1490.816,,
1780559605.657666,,,cpu-thermal,54.781
1780559605.657666,,,gpu-thermal,54.281
1780559605.657666,,,soc0-thermal,52.281
1780559605.657666,,,soc1-thermal,52.0
1780559605.657666,,,soc2-thermal,52.531
1780559605.657666,,,tj-thermal,54.781
1780559605.764226,VDD_IN,6826.368,,
1780559605.764226,VDD_CPU_GPU_CV,2976.768,,
1780559605.764226,VDD_SOC,1490.816,,
1780559605.764226,,,cpu-thermal,54.812
1780559605.764226,,,gpu-thermal,54.218
1780559605.764226,,,soc0-thermal,52.375
1780559605.764226,,,soc1-thermal,51.937
1780559605.764226,,,soc2-thermal,52.375
1780559605.764226,,,tj-thermal,54.812
1780559605.8706777,VDD_IN,6787.136,,
1780559605.8706777,VDD_CPU_GPU_CV,2976.768,,
1780559605.8706777,VDD_SOC,1490.816,,
1780559605.8706777,,,cpu-thermal,54.875
1780559605.8706777,,,gpu-thermal,54.187
1780559605.8706777,,,soc0-thermal,52.218
1780559605.8706777,,,soc1-thermal,52.0
1780559605.8706777,,,soc2-thermal,52.437
1780559605.8706777,,,tj-thermal,55.093
1780559605.9772215,VDD_IN,6787.136,,
1780559605.9772215,VDD_CPU_GPU_CV,2976.768,,
1780559605.9772215,VDD_SOC,1490.816,,
1780559605.9772215,,,cpu-thermal,55.218
1780559605.9772215,,,gpu-thermal,54.156
1780559605.9772215,,,soc0-thermal,52.437
1780559605.9772215,,,soc1-thermal,52.031
1780559605.9772215,,,soc2-thermal,52.468
1780559605.9772215,,,tj-thermal,55.218
1780559606.083552,VDD_IN,6787.136,,
1780559606.083552,VDD_CPU_GPU_CV,2976.768,,
1780559606.083552,VDD_SOC,1490.816,,
1780559606.083552,,,cpu-thermal,54.875
1780559606.083552,,,gpu-thermal,54.125
1780559606.083552,,,soc0-thermal,52.375
1780559606.083552,,,soc1-thermal,52.156
1780559606.083552,,,soc2-thermal,52.375
1780559606.083552,,,tj-thermal,54.875
1780559606.1899931,VDD_IN,6787.136,,
1780559606.1899931,VDD_CPU_GPU_CV,2976.768,,
1780559606.1899931,VDD_SOC,1490.816,,
1780559606.1899931,,,cpu-thermal,54.906
1780559606.1899931,,,gpu-thermal,54.468
1780559606.1899931,,,soc0-thermal,52.281
1780559606.1899931,,,soc1-thermal,51.906
1780559606.1899931,,,soc2-thermal,52.406
1780559606.1899931,,,tj-thermal,54.906
1780559606.2965333,VDD_IN,6787.136,,
1780559606.2965333,VDD_CPU_GPU_CV,2976.768,,
1780559606.2965333,VDD_SOC,1490.816,,
1780559606.2965333,,,cpu-thermal,55.062
1780559606.2965333,,,gpu-thermal,54.312
1780559606.2965333,,,soc0-thermal,52.375
1780559606.2965333,,,soc1-thermal,52.031
1780559606.2965333,,,soc2-thermal,52.593
1780559606.2965333,,,tj-thermal,55.062
1780559606.4030492,VDD_IN,6826.368,,
1780559606.4030492,VDD_CPU_GPU_CV,3015.936,,
1780559606.4030492,VDD_SOC,1490.816,,
1780559606.4030492,,,cpu-thermal,54.937
1780559606.4030492,,,gpu-thermal,54.187
1780559606.4030492,,,soc0-thermal,52.375
1780559606.4030492,,,soc1-thermal,52.25
1780559606.4030492,,,soc2-thermal,52.5
1780559606.4030492,,,tj-thermal,54.937
1780559606.509466,VDD_IN,6826.368,,
1780559606.509466,VDD_CPU_GPU_CV,3015.936,,
1780559606.509466,VDD_SOC,1490.816,,
1780559606.509466,,,cpu-thermal,55.0
1780559606.509466,,,gpu-thermal,54.156
1780559606.509466,,,soc0-thermal,52.25
1780559606.509466,,,soc1-thermal,52.062
1780559606.509466,,,soc2-thermal,52.437
1780559606.509466,,,tj-thermal,55.0
1780559606.6163576,VDD_IN,6787.136,,
1780559606.6163576,VDD_CPU_GPU_CV,2976.768,,
1780559606.6163576,VDD_SOC,1490.816,,
1780559606.6163576,,,cpu-thermal,54.968
1780559606.6163576,,,gpu-thermal,54.125
1780559606.6163576,,,soc0-thermal,52.437
1780559606.6163576,,,soc1-thermal,52.125
1780559606.6163576,,,soc2-thermal,52.5
1780559606.6163576,,,tj-thermal,54.875
1780559606.7223208,VDD_IN,6787.136,,
1780559606.7223208,VDD_CPU_GPU_CV,2976.768,,
1780559606.7223208,VDD_SOC,1490.816,,
1780559606.7223208,,,cpu-thermal,54.906
1780559606.7223208,,,gpu-thermal,54.5
1780559606.7223208,,,soc0-thermal,52.406
1780559606.7223208,,,soc1-thermal,52.187
1780559606.7223208,,,soc2-thermal,52.406
1780559606.7223208,,,tj-thermal,54.906
1780559606.8283653,VDD_IN,6826.368,,
1780559606.8283653,VDD_CPU_GPU_CV,2976.768,,
1780559606.8283653,VDD_SOC,1490.816,,
1780559606.8283653,,,cpu-thermal,54.843
1780559606.8283653,,,gpu-thermal,54.406
1780559606.8283653,,,soc0-thermal,52.343
1780559606.8283653,,,soc1-thermal,51.968
1780559606.8283653,,,soc2-thermal,52.406
1780559606.8283653,,,tj-thermal,54.843
1780559606.9345021,VDD_IN,6787.136,,
1780559606.9345021,VDD_CPU_GPU_CV,2976.768,,
1780559606.9345021,VDD_SOC,1490.816,,
1780559606.9345021,,,cpu-thermal,55.156
1780559606.9345021,,,gpu-thermal,54.281
1780559606.9345021,,,soc0-thermal,52.343
1780559606.9345021,,,soc1-thermal,52.031
1780559606.9345021,,,soc2-thermal,52.593
1780559606.9345021,,,tj-thermal,55.156
1780559607.041103,VDD_IN,6787.136,,
1780559607.041103,VDD_CPU_GPU_CV,2976.768,,
1780559607.041103,VDD_SOC,1490.816,,
1780559607.041103,,,cpu-thermal,54.875
1780559607.041103,,,gpu-thermal,54.312
1780559607.041103,,,soc0-thermal,52.375
1780559607.041103,,,soc1-thermal,52.218
1780559607.041103,,,soc2-thermal,52.468
1780559607.041103,,,tj-thermal,54.875
1780559607.1474462,VDD_IN,6787.136,,
1780559607.1474462,VDD_CPU_GPU_CV,2976.768,,
1780559607.1474462,VDD_SOC,1490.816,,
1780559607.1474462,,,cpu-thermal,54.875
1780559607.1474462,,,gpu-thermal,54.125
1780559607.1474462,,,soc0-thermal,52.5
1780559607.1474462,,,soc1-thermal,52.062
1780559607.1474462,,,soc2-thermal,52.5
1780559607.1474462,,,tj-thermal,55.062
1780559607.2536554,VDD_IN,6787.136,,
1780559607.2536554,VDD_CPU_GPU_CV,2976.768,,
1780559607.2536554,VDD_SOC,1490.816,,
1780559607.2536554,,,cpu-thermal,55.0
1780559607.2536554,,,gpu-thermal,54.656
1780559607.2536554,,,soc0-thermal,52.375
1780559607.2536554,,,soc1-thermal,52.125
1780559607.2536554,,,soc2-thermal,52.437
1780559607.2536554,,,tj-thermal,55.0
1780559607.3602211,VDD_IN,6787.136,,
1780559607.3602211,VDD_CPU_GPU_CV,2976.768,,
1780559607.3602211,VDD_SOC,1490.816,,
1780559607.3602211,,,cpu-thermal,55.281
1780559607.3602211,,,gpu-thermal,54.562
1780559607.3602211,,,soc0-thermal,52.437
1780559607.3602211,,,soc1-thermal,52.25
1780559607.3602211,,,soc2-thermal,52.593
1780559607.3602211,,,tj-thermal,54.906
1780559607.4670043,VDD_IN,6826.368,,
1780559607.4670043,VDD_CPU_GPU_CV,2976.768,,
1780559607.4670043,VDD_SOC,1490.816,,
1780559607.4670043,,,cpu-thermal,54.937
1780559607.4670043,,,gpu-thermal,54.375
1780559607.4670043,,,soc0-thermal,52.468
1780559607.4670043,,,soc1-thermal,52.031
1780559607.4670043,,,soc2-thermal,52.531
1780559607.4670043,,,tj-thermal,54.937
1780559607.5735161,VDD_IN,6826.368,,
1780559607.5735161,VDD_CPU_GPU_CV,2976.768,,
1780559607.5735161,VDD_SOC,1490.816,,
1780559607.5735161,,,cpu-thermal,55.031
1780559607.5735161,,,gpu-thermal,54.343
1780559607.5735161,,,soc0-thermal,52.375
1780559607.5735161,,,soc1-thermal,52.125
1780559607.5735161,,,soc2-thermal,52.656
1780559607.5735161,,,tj-thermal,55.031
1780559607.6798458,VDD_IN,6787.136,,
1780559607.6798458,VDD_CPU_GPU_CV,2976.768,,
1780559607.6798458,VDD_SOC,1490.816,,
1780559607.6798458,,,cpu-thermal,54.937
1780559607.6798458,,,gpu-thermal,54.281
1780559607.6798458,,,soc0-thermal,52.468
1780559607.6798458,,,soc1-thermal,52.187
1780559607.6798458,,,soc2-thermal,52.531
1780559607.6798458,,,tj-thermal,54.937
1780559607.786276,VDD_IN,6787.136,,
1780559607.786276,VDD_CPU_GPU_CV,2976.768,,
1780559607.786276,VDD_SOC,1490.816,,
1780559607.786276,,,cpu-thermal,55.031
1780559607.786276,,,gpu-thermal,54.25
1780559607.786276,,,soc0-thermal,52.468
1780559607.786276,,,soc1-thermal,52.156
1780559607.786276,,,soc2-thermal,52.593
1780559607.786276,,,tj-thermal,55.031
1780559607.8927307,VDD_IN,6826.368,,
1780559607.8927307,VDD_CPU_GPU_CV,2976.768,,
1780559607.8927307,VDD_SOC,1490.816,,
1780559607.8927307,,,cpu-thermal,55.312
1780559607.8927307,,,gpu-thermal,54.562
1780559607.8927307,,,soc0-thermal,52.468
1780559607.8927307,,,soc1-thermal,52.156
1780559607.8927307,,,soc2-thermal,52.562
1780559607.8927307,,,tj-thermal,55.312
1780559607.9990985,VDD_IN,6787.136,,
1780559607.9990985,VDD_CPU_GPU_CV,2976.768,,
1780559607.9990985,VDD_SOC,1490.816,,
1780559607.9990985,,,cpu-thermal,55.406
1780559607.9990985,,,gpu-thermal,54.406
1780559607.9990985,,,soc0-thermal,52.531
1780559607.9990985,,,soc1-thermal,52.312
1780559607.9990985,,,soc2-thermal,52.5
1780559607.9990985,,,tj-thermal,55.406
1780559608.105718,VDD_IN,6787.136,,
1780559608.105718,VDD_CPU_GPU_CV,2976.768,,
1780559608.105718,VDD_SOC,1490.816,,
1780559608.105718,,,cpu-thermal,55.062
1780559608.105718,,,gpu-thermal,54.437
1780559608.105718,,,soc0-thermal,52.562
1780559608.105718,,,soc1-thermal,52.156
1780559608.105718,,,soc2-thermal,52.625
1780559608.105718,,,tj-thermal,55.093
1780559608.212223,VDD_IN,6787.136,,
1780559608.212223,VDD_CPU_GPU_CV,2976.768,,
1780559608.212223,VDD_SOC,1490.816,,
1780559608.212223,,,cpu-thermal,55.218
1780559608.212223,,,gpu-thermal,54.312
1780559608.212223,,,soc0-thermal,52.468
1780559608.212223,,,soc1-thermal,52.187
1780559608.212223,,,soc2-thermal,52.562
1780559608.212223,,,tj-thermal,55.218
1780559608.3185956,VDD_IN,6787.136,,
1780559608.3185956,VDD_CPU_GPU_CV,2976.768,,
1780559608.3185956,VDD_SOC,1490.816,,
1780559608.3185956,,,cpu-thermal,55.281
1780559608.3185956,,,gpu-thermal,54.312
1780559608.3185956,,,soc0-thermal,52.468
1780559608.3185956,,,soc1-thermal,52.281
1780559608.3185956,,,soc2-thermal,52.562
1780559608.3185956,,,tj-thermal,54.937
1780559608.4253466,VDD_IN,6826.368,,
1780559608.4253466,VDD_CPU_GPU_CV,2976.768,,
1780559608.4253466,VDD_SOC,1490.816,,
1780559608.4253466,,,cpu-thermal,55.062
1780559608.4253466,,,gpu-thermal,54.812
1780559608.4253466,,,soc0-thermal,52.562
1780559608.4253466,,,soc1-thermal,52.125
1780559608.4253466,,,soc2-thermal,52.656
1780559608.4253466,,,tj-thermal,55.062
1780559608.5319562,VDD_IN,6826.368,,
1780559608.5319562,VDD_CPU_GPU_CV,2976.768,,
1780559608.5319562,VDD_SOC,1490.816,,
1780559608.5319562,,,cpu-thermal,55.25
1780559608.5319562,,,gpu-thermal,54.531
1780559608.5319562,,,soc0-thermal,52.437
1780559608.5319562,,,soc1-thermal,52.156
1780559608.5319562,,,soc2-thermal,52.656
1780559608.5319562,,,tj-thermal,55.25
1780559608.6384904,VDD_IN,6826.368,,
1780559608.6384904,VDD_CPU_GPU_CV,2976.768,,
1780559608.6384904,VDD_SOC,1490.816,,
1780559608.6384904,,,cpu-thermal,55.031
1780559608.6384904,,,gpu-thermal,54.406
1780559608.6384904,,,soc0-thermal,52.468
1780559608.6384904,,,soc1-thermal,52.312
1780559608.6384904,,,soc2-thermal,52.531
1780559608.6384904,,,tj-thermal,55.031
1780559608.744844,VDD_IN,6787.136,,
1780559608.744844,VDD_CPU_GPU_CV,2976.768,,
1780559608.744844,VDD_SOC,1490.816,,
1780559608.744844,,,cpu-thermal,54.968
1780559608.744844,,,gpu-thermal,54.406
1780559608.744844,,,soc0-thermal,52.593
1780559608.744844,,,soc1-thermal,52.156
1780559608.744844,,,soc2-thermal,52.687
1780559608.744844,,,tj-thermal,54.968
1780559608.8514822,VDD_IN,6787.136,,
1780559608.8514822,VDD_CPU_GPU_CV,2976.768,,
1780559608.8514822,VDD_SOC,1490.816,,
1780559608.8514822,,,cpu-thermal,55.375
1780559608.8514822,,,gpu-thermal,54.375
1780559608.8514822,,,soc0-thermal,52.531
1780559608.8514822,,,soc1-thermal,52.25
1780559608.8514822,,,soc2-thermal,52.687
1780559608.8514822,,,tj-thermal,55.375
1780559608.9580145,VDD_IN,6826.368,,
1780559608.9580145,VDD_CPU_GPU_CV,2976.768,,
1780559608.9580145,VDD_SOC,1490.816,,
1780559608.9580145,,,cpu-thermal,55.468
1780559608.9580145,,,gpu-thermal,54.312
1780559608.9580145,,,soc0-thermal,52.625
1780559608.9580145,,,soc1-thermal,52.406
1780559608.9580145,,,soc2-thermal,52.687
1780559608.9580145,,,tj-thermal,55.468
1780559609.0644505,VDD_IN,6787.136,,
1780559609.0644505,VDD_CPU_GPU_CV,2976.768,,
1780559609.0644505,VDD_SOC,1490.816,,
1780559609.0644505,,,cpu-thermal,55.062
1780559609.0644505,,,gpu-thermal,54.656
1780559609.0644505,,,soc0-thermal,52.656
1780559609.0644505,,,soc1-thermal,52.25
1780559609.0644505,,,soc2-thermal,52.625
1780559609.0644505,,,tj-thermal,55.125
1780559609.1710424,VDD_IN,6787.136,,
1780559609.1710424,VDD_CPU_GPU_CV,2976.768,,
1780559609.1710424,VDD_SOC,1490.816,,
1780559609.1710424,,,cpu-thermal,55.281
1780559609.1710424,,,gpu-thermal,54.531
1780559609.1710424,,,soc0-thermal,52.562
1780559609.1710424,,,soc1-thermal,52.218
1780559609.1710424,,,soc2-thermal,52.75
1780559609.1710424,,,tj-thermal,55.281
1780559609.2776225,VDD_IN,6826.368,,
1780559609.2776225,VDD_CPU_GPU_CV,2976.768,,
1780559609.2776225,VDD_SOC,1490.816,,
1780559609.2776225,,,cpu-thermal,55.312
1780559609.2776225,,,gpu-thermal,54.5
1780559609.2776225,,,soc0-thermal,52.562
1780559609.2776225,,,soc1-thermal,52.343
1780559609.2776225,,,soc2-thermal,52.593
1780559609.2776225,,,tj-thermal,55.031
1780559609.3840418,VDD_IN,6826.368,,
1780559609.3840418,VDD_CPU_GPU_CV,3015.936,,
1780559609.3840418,VDD_SOC,1490.816,,
1780559609.3840418,,,cpu-thermal,55.156
1780559609.3840418,,,gpu-thermal,54.375
1780559609.3840418,,,soc0-thermal,52.718
1780559609.3840418,,,soc1-thermal,52.218
1780559609.3840418,,,soc2-thermal,52.687
1780559609.3840418,,,tj-thermal,55.156
1780559609.4907315,VDD_IN,6826.368,,
1780559609.4907315,VDD_CPU_GPU_CV,3015.936,,
1780559609.4907315,VDD_SOC,1490.816,,
1780559609.4907315,,,cpu-thermal,55.25
1780559609.4907315,,,gpu-thermal,54.343
1780559609.4907315,,,soc0-thermal,52.593
1780559609.4907315,,,soc1-thermal,52.281
1780559609.4907315,,,soc2-thermal,52.718
1780559609.4907315,,,tj-thermal,55.25
1780559609.597264,VDD_IN,6826.368,,
1780559609.597264,VDD_CPU_GPU_CV,2976.768,,
1780559609.597264,VDD_SOC,1490.816,,
1780559609.597264,,,cpu-thermal,55.093
1780559609.597264,,,gpu-thermal,54.812
1780559609.597264,,,soc0-thermal,52.593
1780559609.597264,,,soc1-thermal,52.343
1780559609.597264,,,soc2-thermal,52.625
1780559609.597264,,,tj-thermal,55.093
1780559609.7037153,VDD_IN,6826.368,,
1780559609.7037153,VDD_CPU_GPU_CV,2976.768,,
1780559609.7037153,VDD_SOC,1490.816,,
1780559609.7037153,,,cpu-thermal,55.187
1780559609.7037153,,,gpu-thermal,54.468
1780559609.7037153,,,soc0-thermal,52.781
1780559609.7037153,,,soc1-thermal,52.343
1780559609.7037153,,,soc2-thermal,52.75
1780559609.7037153,,,tj-thermal,55.187
1780559609.8104846,VDD_IN,6787.136,,
1780559609.8104846,VDD_CPU_GPU_CV,2976.768,,
1780559609.8104846,VDD_SOC,1490.816,,
1780559609.8104846,,,cpu-thermal,55.343
1780559609.8104846,,,gpu-thermal,54.875
1780559609.8104846,,,soc0-thermal,52.531
1780559609.8104846,,,soc1-thermal,52.343
1780559609.8104846,,,soc2-thermal,52.687
1780559609.8104846,,,tj-thermal,55.343
1780559609.9169595,VDD_IN,6826.368,,
1780559609.9169595,VDD_CPU_GPU_CV,2976.768,,
1780559609.9169595,VDD_SOC,1490.816,,
1780559609.9169595,,,cpu-thermal,55.531
1780559609.9169595,,,gpu-thermal,54.687
1780559609.9169595,,,soc0-thermal,52.625
1780559609.9169595,,,soc1-thermal,52.406
1780559609.9169595,,,soc2-thermal,52.718
1780559609.9169595,,,tj-thermal,55.531
1780559610.0235796,VDD_IN,6826.368,,
1780559610.0235796,VDD_CPU_GPU_CV,2976.768,,
1780559610.0235796,VDD_SOC,1490.816,,
1780559610.0235796,,,cpu-thermal,55.281
1780559610.0235796,,,gpu-thermal,54.625
1780559610.0235796,,,soc0-thermal,52.75
1780559610.0235796,,,soc1-thermal,52.312
1780559610.0235796,,,soc2-thermal,52.687
1780559610.0235796,,,tj-thermal,55.281
1780559610.130093,VDD_IN,6787.136,,
1780559610.130093,VDD_CPU_GPU_CV,2976.768,,
1780559610.130093,VDD_SOC,1490.816,,
1780559610.130093,,,cpu-thermal,55.312
1780559610.130093,,,gpu-thermal,54.468
1780559610.130093,,,soc0-thermal,52.625
1780559610.130093,,,soc1-thermal,52.343
1780559610.130093,,,soc2-thermal,52.843
1780559610.130093,,,tj-thermal,55.312
1780559610.2367306,VDD_IN,6787.136,,
1780559610.2367306,VDD_CPU_GPU_CV,2976.768,,
1780559610.2367306,VDD_SOC,1490.816,,
1780559610.2367306,,,cpu-thermal,55.375
1780559610.2367306,,,gpu-thermal,54.5
1780559610.2367306,,,soc0-thermal,52.625
1780559610.2367306,,,soc1-thermal,52.5
1780559610.2367306,,,soc2-thermal,52.781
1780559610.2367306,,,tj-thermal,55.218
1780559610.3431206,VDD_IN,6826.368,,
1780559610.3431206,VDD_CPU_GPU_CV,2976.768,,
1780559610.3431206,VDD_SOC,1490.816,,
1780559610.3431206,,,cpu-thermal,55.281
1780559610.3431206,,,gpu-thermal,54.468
1780559610.3431206,,,soc0-thermal,52.781
1780559610.3431206,,,soc1-thermal,52.25
1780559610.3431206,,,soc2-thermal,52.75
1780559610.3431206,,,tj-thermal,55.281
1780559610.4495828,VDD_IN,6826.368,,
1780559610.4495828,VDD_CPU_GPU_CV,3015.936,,
1780559610.4495828,VDD_SOC,1490.816,,
1780559610.4495828,,,cpu-thermal,55.218
1780559610.4495828,,,gpu-thermal,54.812
1780559610.4495828,,,soc0-thermal,52.562
1780559610.4495828,,,soc1-thermal,52.406
1780559610.4495828,,,soc2-thermal,52.875
1780559610.4495828,,,tj-thermal,55.656
1780559610.5563877,VDD_IN,6826.368,,
1780559610.5563877,VDD_CPU_GPU_CV,3015.936,,
1780559610.5563877,VDD_SOC,1490.816,,
1780559610.5563877,,,cpu-thermal,55.156
1780559610.5563877,,,gpu-thermal,54.687
1780559610.5563877,,,soc0-thermal,52.718
1780559610.5563877,,,soc1-thermal,52.531
1780559610.5563877,,,soc2-thermal,52.75
1780559610.5563877,,,tj-thermal,55.156
1780559610.6630056,VDD_IN,6826.368,,
1780559610.6630056,VDD_CPU_GPU_CV,2976.768,,
1780559610.6630056,VDD_SOC,1490.816,,
1780559610.6630056,,,cpu-thermal,55.156
1780559610.6630056,,,gpu-thermal,54.593
1780559610.6630056,,,soc0-thermal,52.812
1780559610.6630056,,,soc1-thermal,52.343
1780559610.6630056,,,soc2-thermal,52.812
1780559610.6630056,,,tj-thermal,55.156
1780559610.7695065,VDD_IN,6826.368,,
1780559610.7695065,VDD_CPU_GPU_CV,2976.768,,
1780559610.7695065,VDD_SOC,1490.816,,
1780559610.7695065,,,cpu-thermal,55.5
1780559610.7695065,,,gpu-thermal,54.5
1780559610.7695065,,,soc0-thermal,52.593
1780559610.7695065,,,soc1-thermal,52.343
1780559610.7695065,,,soc2-thermal,52.843
1780559610.7695065,,,tj-thermal,55.5
1780559610.8760095,VDD_IN,6787.136,,
1780559610.8760095,VDD_CPU_GPU_CV,2976.768,,
1780559610.8760095,VDD_SOC,1490.816,,
1780559610.8760095,,,cpu-thermal,55.593
1780559610.8760095,,,gpu-thermal,54.5
1780559610.8760095,,,soc0-thermal,52.718
1780559610.8760095,,,soc1-thermal,52.562
1780559610.8760095,,,soc2-thermal,52.843
1780559610.8760095,,,tj-thermal,55.593
1780559610.9825559,VDD_IN,6787.136,,
1780559610.9825559,VDD_CPU_GPU_CV,2976.768,,
1780559610.9825559,VDD_SOC,1490.816,,
1780559610.9825559,,,cpu-thermal,55.343
1780559610.9825559,,,gpu-thermal,54.906
1780559610.9825559,,,soc0-thermal,52.875
1780559610.9825559,,,soc1-thermal,52.312
1780559610.9825559,,,soc2-thermal,52.906
1780559610.9825559,,,tj-thermal,55.343
1780559611.0892649,VDD_IN,6826.368,,
1780559611.0892649,VDD_CPU_GPU_CV,2976.768,,
1780559611.0892649,VDD_SOC,1490.816,,
1780559611.0892649,,,cpu-thermal,55.406
1780559611.0892649,,,gpu-thermal,54.718
1780559611.0892649,,,soc0-thermal,52.656
1780559611.0892649,,,soc1-thermal,52.437
1780559611.0892649,,,soc2-thermal,52.843
1780559611.0892649,,,tj-thermal,55.406
1780559611.195825,VDD_IN,6787.136,,
1780559611.195825,VDD_CPU_GPU_CV,2976.768,,
1780559611.195825,VDD_SOC,1490.816,,
1780559611.195825,,,cpu-thermal,55.437
1780559611.195825,,,gpu-thermal,54.656
1780559611.195825,,,soc0-thermal,52.781
1780559611.195825,,,soc1-thermal,52.468
1780559611.195825,,,soc2-thermal,52.781
1780559611.195825,,,tj-thermal,55.25
1780559611.3024075,VDD_IN,6826.368,,
1780559611.3024075,VDD_CPU_GPU_CV,2976.768,,
1780559611.3024075,VDD_SOC,1490.816,,
1780559611.3024075,,,cpu-thermal,55.312
1780559611.3024075,,,gpu-thermal,54.625
1780559611.3024075,,,soc0-thermal,52.843
1780559611.3024075,,,soc1-thermal,52.343
1780559611.3024075,,,soc2-thermal,52.843
1780559611.3024075,,,tj-thermal,55.312
1780559611.4090238,VDD_IN,6826.368,,
1780559611.4090238,VDD_CPU_GPU_CV,3015.936,,
1780559611.4090238,VDD_SOC,1490.816,,
1780559611.4090238,,,cpu-thermal,55.343
1780559611.4090238,,,gpu-thermal,54.5
1780559611.4090238,,,soc0-thermal,52.718
1780559611.4090238,,,soc1-thermal,52.468
1780559611.4090238,,,soc2-thermal,52.875
1780559611.4090238,,,tj-thermal,55.687
1780559611.5154903,VDD_IN,6826.368,,
1780559611.5154903,VDD_CPU_GPU_CV,3015.936,,
1780559611.5154903,VDD_SOC,1490.816,,
1780559611.5154903,,,cpu-thermal,55.281
1780559611.5154903,,,gpu-thermal,54.593
1780559611.5154903,,,soc0-thermal,52.781
1780559611.5154903,,,soc1-thermal,52.5
1780559611.5154903,,,soc2-thermal,52.781
1780559611.5154903,,,tj-thermal,55.281
1780559611.6218495,VDD_IN,6826.368,,
1780559611.6218495,VDD_CPU_GPU_CV,2976.768,,
1780559611.6218495,VDD_SOC,1490.816,,
1780559611.6218495,,,cpu-thermal,55.281
1780559611.6218495,,,gpu-thermal,54.906
1780559611.6218495,,,soc0-thermal,52.906
1780559611.6218495,,,soc1-thermal,52.343
1780559611.6218495,,,soc2-thermal,52.843
1780559611.6218495,,,tj-thermal,55.281
1780559611.7286942,VDD_IN,6826.368,,
1780559611.7286942,VDD_CPU_GPU_CV,2976.768,,
1780559611.7286942,VDD_SOC,1490.816,,
1780559611.7286942,,,cpu-thermal,55.5
1780559611.7286942,,,gpu-thermal,54.812
1780559611.7286942,,,soc0-thermal,52.718
1780559611.7286942,,,soc1-thermal,52.468
1780559611.7286942,,,soc2-thermal,52.937
1780559611.7286942,,,tj-thermal,55.5
1780559611.8351543,VDD_IN,6787.136,,
1780559611.8351543,VDD_CPU_GPU_CV,2976.768,,
1780559611.8351543,VDD_SOC,1490.816,,
1780559611.8351543,,,cpu-thermal,55.718
1780559611.8351543,,,gpu-thermal,54.625
1780559611.8351543,,,soc0-thermal,52.812
1780559611.8351543,,,soc1-thermal,52.562
1780559611.8351543,,,soc2-thermal,52.875
1780559611.8351543,,,tj-thermal,55.718
1780559611.942115,VDD_IN,6787.136,,
1780559611.942115,VDD_CPU_GPU_CV,2976.768,,
1780559611.942115,VDD_SOC,1451.584,,
1780559611.942115,,,cpu-thermal,55.343
1780559611.942115,,,gpu-thermal,54.656
1780559611.942115,,,soc0-thermal,52.937
1780559611.942115,,,soc1-thermal,52.468
1780559611.942115,,,soc2-thermal,52.843
1780559611.942115,,,tj-thermal,55.343
1780559612.048718,VDD_IN,6787.136,,
1780559612.048718,VDD_CPU_GPU_CV,2976.768,,
1780559612.048718,VDD_SOC,1451.584,,
1780559612.048718,,,cpu-thermal,55.531
1780559612.048718,,,gpu-thermal,54.625
1780559612.048718,,,soc0-thermal,52.687
1780559612.048718,,,soc1-thermal,52.5
1780559612.048718,,,soc2-thermal,52.906
1780559612.048718,,,tj-thermal,55.531
1780559612.1549613,VDD_IN,6747.904,,
1780559612.1549613,VDD_CPU_GPU_CV,2976.768,,
1780559612.1549613,VDD_SOC,1451.584,,
1780559612.1549613,,,cpu-thermal,55.343
1780559612.1549613,,,gpu-thermal,54.875
1780559612.1549613,,,soc0-thermal,52.843
1780559612.1549613,,,soc1-thermal,52.5
1780559612.1549613,,,soc2-thermal,52.906
1780559612.1549613,,,tj-thermal,55.343
1780559612.261677,VDD_IN,6747.904,,
1780559612.261677,VDD_CPU_GPU_CV,2976.768,,
1780559612.261677,VDD_SOC,1451.584,,
1780559612.261677,,,cpu-thermal,55.406
1780559612.261677,,,gpu-thermal,54.812
1780559612.261677,,,soc0-thermal,52.875
1780559612.261677,,,soc1-thermal,52.375
1780559612.261677,,,soc2-thermal,52.906
1780559612.261677,,,tj-thermal,55.406
1780559612.3682117,VDD_IN,6787.136,,
1780559612.3682117,VDD_CPU_GPU_CV,3015.936,,
1780559612.3682117,VDD_SOC,1451.584,,
1780559612.3682117,,,cpu-thermal,55.437
1780559612.3682117,,,gpu-thermal,54.625
1780559612.3682117,,,soc0-thermal,52.843
1780559612.3682117,,,soc1-thermal,52.468
1780559612.3682117,,,soc2-thermal,52.937
1780559612.3682117,,,tj-thermal,55.75
1780559612.4747071,VDD_IN,6787.136,,
1780559612.4747071,VDD_CPU_GPU_CV,3015.936,,
1780559612.4747071,VDD_SOC,1451.584,,
1780559612.4747071,,,cpu-thermal,55.343
1780559612.4747071,,,gpu-thermal,54.687
1780559612.4747071,,,soc0-thermal,52.843
1780559612.4747071,,,soc1-thermal,52.593
1780559612.4747071,,,soc2-thermal,52.812
1780559612.4747071,,,tj-thermal,55.343
1780559612.5850384,VDD_IN,6747.904,,
1780559612.5850384,VDD_CPU_GPU_CV,2976.768,,
1780559612.5850384,VDD_SOC,1451.584,,
1780559612.5850384,,,cpu-thermal,55.406
1780559612.5850384,,,gpu-thermal,54.656
1780559612.5850384,,,soc0-thermal,52.718
1780559612.5850384,,,soc1-thermal,52.531
1780559612.5850384,,,soc2-thermal,52.968
1780559612.5850384,,,tj-thermal,55.406
1780559612.692675,VDD_IN,6747.904,,
1780559612.692675,VDD_CPU_GPU_CV,2976.768,,
1780559612.692675,VDD_SOC,1451.584,,
1780559612.692675,,,cpu-thermal,55.5
1780559612.692675,,,gpu-thermal,54.968
1780559612.692675,,,soc0-thermal,52.843
1780559612.692675,,,soc1-thermal,52.625
1780559612.692675,,,soc2-thermal,53.031
1780559612.692675,,,tj-thermal,55.375
1780559612.7992644,VDD_IN,6747.904,,
1780559612.7992644,VDD_CPU_GPU_CV,2976.768,,
1780559612.7992644,VDD_SOC,1451.584,,
1780559612.7992644,,,cpu-thermal,55.437
1780559612.7992644,,,gpu-thermal,54.875
1780559612.7992644,,,soc0-thermal,52.937
1780559612.7992644,,,soc1-thermal,52.5
1780559612.7992644,,,soc2-thermal,52.875
1780559612.7992644,,,tj-thermal,55.437
1780559612.9061966,VDD_IN,6708.672,,
1780559612.9061966,VDD_CPU_GPU_CV,2976.768,,
1780559612.9061966,VDD_SOC,1451.584,,
1780559612.9061966,,,cpu-thermal,55.531
1780559612.9061966,,,gpu-thermal,54.812
1780559612.9061966,,,soc0-thermal,52.875
1780559612.9061966,,,soc1-thermal,52.531
1780559612.9061966,,,soc2-thermal,53.031
1780559612.9061966,,,tj-thermal,55.75
1780559613.0129752,VDD_IN,6747.904,,
1780559613.0129752,VDD_CPU_GPU_CV,2976.768,,
1780559613.0129752,VDD_SOC,1451.584,,
1780559613.0129752,,,cpu-thermal,55.437
1780559613.0129752,,,gpu-thermal,54.718
1780559613.0129752,,,soc0-thermal,52.875
1780559613.0129752,,,soc1-thermal,52.625
1780559613.0129752,,,soc2-thermal,52.906
1780559613.0129752,,,tj-thermal,55.437
1780559613.1194396,VDD_IN,6747.904,,
1780559613.1194396,VDD_CPU_GPU_CV,2976.768,,
1780559613.1194396,VDD_SOC,1451.584,,
1780559613.1194396,,,cpu-thermal,55.406
1780559613.1194396,,,gpu-thermal,54.687
1780559613.1194396,,,soc0-thermal,52.968
1780559613.1194396,,,soc1-thermal,52.531
1780559613.1194396,,,soc2-thermal,53.031
1780559613.1194396,,,tj-thermal,55.468
1780559613.225907,VDD_IN,6747.904,,
1780559613.225907,VDD_CPU_GPU_CV,2976.768,,
1780559613.225907,VDD_SOC,1451.584,,
1780559613.225907,,,cpu-thermal,55.625
1780559613.225907,,,gpu-thermal,54.625
1780559613.225907,,,soc0-thermal,52.875
1780559613.225907,,,soc1-thermal,52.593
1780559613.225907,,,soc2-thermal,53.0
1780559613.225907,,,tj-thermal,55.625
1780559613.332437,VDD_IN,6747.904,,
1780559613.332437,VDD_CPU_GPU_CV,2976.768,,
1780559613.332437,VDD_SOC,1451.584,,
1780559613.332437,,,cpu-thermal,55.75
1780559613.332437,,,gpu-thermal,55.0
1780559613.332437,,,soc0-thermal,52.906
1780559613.332437,,,soc1-thermal,52.625
1780559613.332437,,,soc2-thermal,52.937
1780559613.332437,,,tj-thermal,55.75
1780559613.4388645,VDD_IN,6787.136,,
1780559613.4388645,VDD_CPU_GPU_CV,3015.936,,
1780559613.4388645,VDD_SOC,1451.584,,
1780559613.4388645,,,cpu-thermal,55.593
1780559613.4388645,,,gpu-thermal,54.875
1780559613.4388645,,,soc0-thermal,52.968
1780559613.4388645,,,soc1-thermal,52.531
1780559613.4388645,,,soc2-thermal,53.031
1780559613.4388645,,,tj-thermal,55.593
1780559613.5454345,VDD_IN,6787.136,,
1780559613.5454345,VDD_CPU_GPU_CV,3015.936,,
1780559613.5454345,VDD_SOC,1451.584,,
1780559613.5454345,,,cpu-thermal,55.625
1780559613.5454345,,,gpu-thermal,54.75
1780559613.5454345,,,soc0-thermal,52.812
1780559613.5454345,,,soc1-thermal,52.625
1780559613.5454345,,,soc2-thermal,53.031
1780559613.5454345,,,tj-thermal,55.625
1780559613.6520052,VDD_IN,6747.904,,
1780559613.6520052,VDD_CPU_GPU_CV,2976.768,,
1780559613.6520052,VDD_SOC,1451.584,,
1780559613.6520052,,,cpu-thermal,55.437
1780559613.6520052,,,gpu-thermal,54.687
1780559613.6520052,,,soc0-thermal,52.937
1780559613.6520052,,,soc1-thermal,52.625
1780559613.6520052,,,soc2-thermal,53.0
1780559613.6520052,,,tj-thermal,55.437
1780559613.758767,VDD_IN,6747.904,,
1780559613.758767,VDD_CPU_GPU_CV,2976.768,,
1780559613.758767,VDD_SOC,1451.584,,
1780559613.758767,,,cpu-thermal,55.5
1780559613.758767,,,gpu-thermal,54.687
1780559613.758767,,,soc0-thermal,53.062
1780559613.758767,,,soc1-thermal,52.593
1780559613.758767,,,soc2-thermal,53.093
1780559613.758767,,,tj-thermal,55.5
1780559613.8653455,VDD_IN,6747.904,,
1780559613.8653455,VDD_CPU_GPU_CV,2976.768,,
1780559613.8653455,VDD_SOC,1451.584,,
1780559613.8653455,,,cpu-thermal,55.75
1780559613.8653455,,,gpu-thermal,55.093
1780559613.8653455,,,soc0-thermal,52.875
1780559613.8653455,,,soc1-thermal,52.656
1780559613.8653455,,,soc2-thermal,53.093
1780559613.8653455,,,tj-thermal,55.75
1780559613.9719057,VDD_IN,6747.904,,
1780559613.9719057,VDD_CPU_GPU_CV,2976.768,,
1780559613.9719057,VDD_SOC,1451.584,,
1780559613.9719057,,,cpu-thermal,56.0
1780559613.9719057,,,gpu-thermal,54.906
1780559613.9719057,,,soc0-thermal,53.062
1780559613.9719057,,,soc1-thermal,52.656
1780559613.9719057,,,soc2-thermal,53.031
1780559613.9719057,,,tj-thermal,56.0
1780559614.0785072,VDD_IN,6747.904,,
1780559614.0785072,VDD_CPU_GPU_CV,2976.768,,
1780559614.0785072,VDD_SOC,1451.584,,
1780559614.0785072,,,cpu-thermal,55.468
1780559614.0785072,,,gpu-thermal,54.875
1780559614.0785072,,,soc0-thermal,53.0
1780559614.0785072,,,soc1-thermal,52.656
1780559614.0785072,,,soc2-thermal,53.093
1780559614.0785072,,,tj-thermal,55.562
1780559614.1850348,VDD_IN,6747.904,,
1780559614.1850348,VDD_CPU_GPU_CV,2976.768,,
1780559614.1850348,VDD_SOC,1451.584,,
1780559614.1850348,,,cpu-thermal,55.781
1780559614.1850348,,,gpu-thermal,55.0
1780559614.1850348,,,soc0-thermal,52.906
1780559614.1850348,,,soc1-thermal,52.625
1780559614.1850348,,,soc2-thermal,53.093
1780559614.1850348,,,tj-thermal,55.781
1780559614.2916756,VDD_IN,6747.904,,
1780559614.2916756,VDD_CPU_GPU_CV,2976.768,,
1780559614.2916756,VDD_SOC,1451.584,,
1780559614.2916756,,,cpu-thermal,55.718
1780559614.2916756,,,gpu-thermal,54.906
1780559614.2916756,,,soc0-thermal,52.968
1780559614.2916756,,,soc1-thermal,52.718
1780559614.2916756,,,soc2-thermal,53.156
1780559614.2916756,,,tj-thermal,55.468
1780559614.3981998,VDD_IN,6747.904,,
1780559614.3981998,VDD_CPU_GPU_CV,3015.936,,
1780559614.3981998,VDD_SOC,1451.584,,
1780559614.3981998,,,cpu-thermal,55.531
1780559614.3981998,,,gpu-thermal,54.937
1780559614.3981998,,,soc0-thermal,53.062
1780559614.3981998,,,soc1-thermal,52.625
1780559614.3981998,,,soc2-thermal,53.093
1780559614.3981998,,,tj-thermal,55.531
1780559614.5047245,VDD_IN,6787.136,,
1780559614.5047245,VDD_CPU_GPU_CV,3015.936,,
1780559614.5047245,VDD_SOC,1451.584,,
1780559614.5047245,,,cpu-thermal,55.562
1780559614.5047245,,,gpu-thermal,54.843
1780559614.5047245,,,soc0-thermal,52.937
1780559614.5047245,,,soc1-thermal,52.656
1780559614.5047245,,,soc2-thermal,53.156
1780559614.5047245,,,tj-thermal,55.562
1780559614.6113842,VDD_IN,6747.904,,
1780559614.6113842,VDD_CPU_GPU_CV,3015.936,,
1780559614.6113842,VDD_SOC,1451.584,,
1780559614.6113842,,,cpu-thermal,55.5
1780559614.6113842,,,gpu-thermal,54.75
1780559614.6113842,,,soc0-thermal,52.937
1780559614.6113842,,,soc1-thermal,52.812
1780559614.6113842,,,soc2-thermal,53.031
1780559614.6113842,,,tj-thermal,55.5
1780559614.7179537,VDD_IN,6747.904,,
1780559614.7179537,VDD_CPU_GPU_CV,2976.768,,
1780559614.7179537,VDD_SOC,1451.584,,
1780559614.7179537,,,cpu-thermal,55.562
1780559614.7179537,,,gpu-thermal,55.125
1780559614.7179537,,,soc0-thermal,53.125
1780559614.7179537,,,soc1-thermal,52.625
1780559614.7179537,,,soc2-thermal,53.125
1780559614.7179537,,,tj-thermal,55.562
1780559614.8246474,VDD_IN,6747.904,,
1780559614.8246474,VDD_CPU_GPU_CV,2976.768,,
1780559614.8246474,VDD_SOC,1451.584,,
1780559614.8246474,,,cpu-thermal,55.843
1780559614.8246474,,,gpu-thermal,55.031
1780559614.8246474,,,soc0-thermal,52.968
1780559614.8246474,,,soc1-thermal,52.75
1780559614.8246474,,,soc2-thermal,53.25
1780559614.8246474,,,tj-thermal,55.843
1780559614.9310455,VDD_IN,6747.904,,
1780559614.9310455,VDD_CPU_GPU_CV,2976.768,,
1780559614.9310455,VDD_SOC,1451.584,,
1780559614.9310455,,,cpu-thermal,55.906
1780559614.9310455,,,gpu-thermal,54.968
1780559614.9310455,,,soc0-thermal,53.031
1780559614.9310455,,,soc1-thermal,52.812
1780559614.9310455,,,soc2-thermal,53.093
1780559614.9310455,,,tj-thermal,55.906
1780559615.0375605,VDD_IN,6747.904,,
1780559615.0375605,VDD_CPU_GPU_CV,2976.768,,
1780559615.0375605,VDD_SOC,1451.584,,
1780559615.0375605,,,cpu-thermal,55.5
1780559615.0375605,,,gpu-thermal,54.843
1780559615.0375605,,,soc0-thermal,52.968
1780559615.0375605,,,soc1-thermal,52.625
1780559615.0375605,,,soc2-thermal,53.187
1780559615.0375605,,,tj-thermal,55.656
1780559615.1440306,VDD_IN,6747.904,,
1780559615.1440306,VDD_CPU_GPU_CV,2976.768,,
1780559615.1440306,VDD_SOC,1451.584,,
1780559615.1440306,,,cpu-thermal,55.75
1780559615.1440306,,,gpu-thermal,54.75
1780559615.1440306,,,soc0-thermal,53.062
1780559615.1440306,,,soc1-thermal,52.718
1780559615.1440306,,,soc2-thermal,53.156
1780559615.1440306,,,tj-thermal,55.75
1780559615.2504857,VDD_IN,6747.904,,
1780559615.2504857,VDD_CPU_GPU_CV,2976.768,,
1780559615.2504857,VDD_SOC,1451.584,,
1780559615.2504857,,,cpu-thermal,55.843
1780559615.2504857,,,gpu-thermal,55.187
1780559615.2504857,,,soc0-thermal,53.031
1780559615.2504857,,,soc1-thermal,52.875
1780559615.2504857,,,soc2-thermal,53.156
1780559615.2504857,,,tj-thermal,55.656
1780559615.3573227,VDD_IN,6747.904,,
1780559615.3573227,VDD_CPU_GPU_CV,2976.768,,
1780559615.3573227,VDD_SOC,1451.584,,
1780559615.3573227,,,cpu-thermal,55.562
1780559615.3573227,,,gpu-thermal,55.093
1780559615.3573227,,,soc0-thermal,53.093
1780559615.3573227,,,soc1-thermal,52.625
1780559615.3573227,,,soc2-thermal,53.156
1780559615.3573227,,,tj-thermal,55.562
1780559615.463846,VDD_IN,6747.904,,
1780559615.463846,VDD_CPU_GPU_CV,3015.936,,
1780559615.463846,VDD_SOC,1451.584,,
1780559615.463846,,,cpu-thermal,55.687
1780559615.463846,,,gpu-thermal,55.031
1780559615.463846,,,soc0-thermal,53.031
1780559615.463846,,,soc1-thermal,52.75
1780559615.463846,,,soc2-thermal,53.218
1780559615.463846,,,tj-thermal,55.687
1780559615.5704281,VDD_IN,6787.136,,
1780559615.5704281,VDD_CPU_GPU_CV,3015.936,,
1780559615.5704281,VDD_SOC,1451.584,,
1780559615.5704281,,,cpu-thermal,55.656
1780559615.5704281,,,gpu-thermal,54.906
1780559615.5704281,,,soc0-thermal,53.093
1780559615.5704281,,,soc1-thermal,52.875
1780559615.5704281,,,soc2-thermal,53.156
1780559615.5704281,,,tj-thermal,55.656
1780559615.6769264,VDD_IN,6747.904,,
1780559615.6769264,VDD_CPU_GPU_CV,2976.768,,
1780559615.6769264,VDD_SOC,1451.584,,
1780559615.6769264,,,cpu-thermal,55.593
1780559615.6769264,,,gpu-thermal,54.843
1780559615.6769264,,,soc0-thermal,53.187
1780559615.6769264,,,soc1-thermal,52.718
1780559615.6769264,,,soc2-thermal,53.125
1780559615.6769264,,,tj-thermal,55.593
1780559615.7837565,VDD_IN,6747.904,,
1780559615.7837565,VDD_CPU_GPU_CV,2976.768,,
1780559615.7837565,VDD_SOC,1451.584,,
1780559615.7837565,,,cpu-thermal,55.781
1780559615.7837565,,,gpu-thermal,54.875
1780559615.7837565,,,soc0-thermal,53.125
1780559615.7837565,,,soc1-thermal,52.812
1780559615.7837565,,,soc2-thermal,53.25
1780559615.7837565,,,tj-thermal,55.781
1780559615.8902528,VDD_IN,6747.904,,
1780559615.8902528,VDD_CPU_GPU_CV,2976.768,,
1780559615.8902528,VDD_SOC,1451.584,,
1780559615.8902528,,,cpu-thermal,56.0
1780559615.8902528,,,gpu-thermal,55.25
1780559615.8902528,,,soc0-thermal,53.125
1780559615.8902528,,,soc1-thermal,52.937
1780559615.8902528,,,soc2-thermal,53.218
1780559615.8902528,,,tj-thermal,56.0
1780559615.9977226,VDD_IN,6708.672,,
1780559615.9977226,VDD_CPU_GPU_CV,2976.768,,
1780559615.9977226,VDD_SOC,1451.584,,
1780559615.9977226,,,cpu-thermal,55.718
1780559615.9977226,,,gpu-thermal,55.093
1780559615.9977226,,,soc0-thermal,53.218
1780559615.9977226,,,soc1-thermal,52.75
1780559615.9977226,,,soc2-thermal,53.25
1780559615.9977226,,,tj-thermal,55.718
1780559616.1044078,VDD_IN,6747.904,,
1780559616.1044078,VDD_CPU_GPU_CV,2976.768,,
1780559616.1044078,VDD_SOC,1451.584,,
1780559616.1044078,,,cpu-thermal,55.812
1780559616.1044078,,,gpu-thermal,55.031
1780559616.1044078,,,soc0-thermal,53.062
1780559616.1044078,,,soc1-thermal,52.781
1780559616.1044078,,,soc2-thermal,53.25
1780559616.1044078,,,tj-thermal,55.812
1780559616.21111,VDD_IN,6747.904,,
1780559616.21111,VDD_CPU_GPU_CV,2976.768,,
1780559616.21111,VDD_SOC,1451.584,,
1780559616.21111,,,cpu-thermal,55.687
1780559616.21111,,,gpu-thermal,55.125
1780559616.21111,,,soc0-thermal,53.125
1780559616.21111,,,soc1-thermal,52.937
1780559616.21111,,,soc2-thermal,53.187
1780559616.21111,,,tj-thermal,55.687
1780559616.3178995,VDD_IN,6747.904,,
1780559616.3178995,VDD_CPU_GPU_CV,2976.768,,
1780559616.3178995,VDD_SOC,1451.584,,
1780559616.3178995,,,cpu-thermal,55.75
1780559616.3178995,,,gpu-thermal,55.093
1780559616.3178995,,,soc0-thermal,53.312
1780559616.3178995,,,soc1-thermal,52.718
1780559616.3178995,,,soc2-thermal,53.281
1780559616.3178995,,,tj-thermal,55.75
1780559616.4245608,VDD_IN,6747.904,,
1780559616.4245608,VDD_CPU_GPU_CV,2976.768,,
1780559616.4245608,VDD_SOC,1451.584,,
1780559616.4245608,,,cpu-thermal,56.031
1780559616.4245608,,,gpu-thermal,54.937
1780559616.4245608,,,soc0-thermal,53.125
1780559616.4245608,,,soc1-thermal,52.875
1780559616.4245608,,,soc2-thermal,53.281
1780559616.4245608,,,tj-thermal,56.031
1780559616.5312173,VDD_IN,6747.904,,
1780559616.5312173,VDD_CPU_GPU_CV,2976.768,,
1780559616.5312173,VDD_SOC,1451.584,,
1780559616.5312173,,,cpu-thermal,55.718
1780559616.5312173,,,gpu-thermal,54.968
1780559616.5312173,,,soc0-thermal,53.187
1780559616.5312173,,,soc1-thermal,52.75
1780559616.5312173,,,soc2-thermal,53.25
1780559616.5312173,,,tj-thermal,55.718
1780559616.6376953,VDD_IN,6747.904,,
1780559616.6376953,VDD_CPU_GPU_CV,2976.768,,
1780559616.6376953,VDD_SOC,1451.584,,
1780559616.6376953,,,cpu-thermal,55.687
1780559616.6376953,,,gpu-thermal,54.906
1780559616.6376953,,,soc0-thermal,53.093
1780559616.6376953,,,soc1-thermal,52.812
1780559616.6376953,,,soc2-thermal,53.375
1780559616.6376953,,,tj-thermal,55.781
1780559616.7442284,VDD_IN,6747.904,,
1780559616.7442284,VDD_CPU_GPU_CV,2976.768,,
1780559616.7442284,VDD_SOC,1451.584,,
1780559616.7442284,,,cpu-thermal,55.812
1780559616.7442284,,,gpu-thermal,55.218
1780559616.7442284,,,soc0-thermal,53.125
1780559616.7442284,,,soc1-thermal,52.812
1780559616.7442284,,,soc2-thermal,53.343
1780559616.7442284,,,tj-thermal,55.812
1780559616.8508012,VDD_IN,6747.904,,
1780559616.8508012,VDD_CPU_GPU_CV,2976.768,,
1780559616.8508012,VDD_SOC,1451.584,,
1780559616.8508012,,,cpu-thermal,55.937
1780559616.8508012,,,gpu-thermal,55.125
1780559616.8508012,,,soc0-thermal,53.125
1780559616.8508012,,,soc1-thermal,53.093
1780559616.8508012,,,soc2-thermal,53.312
1780559616.8508012,,,tj-thermal,55.843
1780559616.957157,VDD_IN,6708.672,,
1780559616.957157,VDD_CPU_GPU_CV,2976.768,,
1780559616.957157,VDD_SOC,1451.584,,
1780559616.957157,,,cpu-thermal,55.812
1780559616.957157,,,gpu-thermal,55.0
1780559616.957157,,,soc0-thermal,53.125
1780559616.957157,,,soc1-thermal,52.906
1780559616.957157,,,soc2-thermal,53.281
1780559616.957157,,,tj-thermal,55.812
1780559617.0638542,VDD_IN,6708.672,,
1780559617.0638542,VDD_CPU_GPU_CV,2976.768,,
1780559617.0638542,VDD_SOC,1451.584,,
1780559617.0638542,,,cpu-thermal,55.843
1780559617.0638542,,,gpu-thermal,54.968
1780559617.0638542,,,soc0-thermal,53.187
1780559617.0638542,,,soc1-thermal,52.875
1780559617.0638542,,,soc2-thermal,53.343
1780559617.0638542,,,tj-thermal,55.843
1780559617.1704175,VDD_IN,6747.904,,
1780559617.1704175,VDD_CPU_GPU_CV,2976.768,,
1780559617.1704175,VDD_SOC,1451.584,,
1780559617.1704175,,,cpu-thermal,55.656
1780559617.1704175,,,gpu-thermal,54.937
1780559617.1704175,,,soc0-thermal,53.281
1780559617.1704175,,,soc1-thermal,53.062
1780559617.1704175,,,soc2-thermal,53.281
1780559617.1704175,,,tj-thermal,55.656
1780559617.2768633,VDD_IN,6747.904,,
1780559617.2768633,VDD_CPU_GPU_CV,2976.768,,
1780559617.2768633,VDD_SOC,1451.584,,
1780559617.2768633,,,cpu-thermal,55.843
1780559617.2768633,,,gpu-thermal,55.343
1780559617.2768633,,,soc0-thermal,53.406
1780559617.2768633,,,soc1-thermal,52.843
1780559617.2768633,,,soc2-thermal,53.406
1780559617.2768633,,,tj-thermal,55.843
1780559617.3832862,VDD_IN,6747.904,,
1780559617.3832862,VDD_CPU_GPU_CV,2976.768,,
1780559617.3832862,VDD_SOC,1451.584,,
1780559617.3832862,,,cpu-thermal,56.093
1780559617.3832862,,,gpu-thermal,55.25
1780559617.3832862,,,soc0-thermal,53.187
1780559617.3832862,,,soc1-thermal,52.937
1780559617.3832862,,,soc2-thermal,53.312
1780559617.3832862,,,tj-thermal,56.093
1780559617.4898574,VDD_IN,6747.904,,
1780559617.4898574,VDD_CPU_GPU_CV,2976.768,,
1780559617.4898574,VDD_SOC,1451.584,,
1780559617.4898574,,,cpu-thermal,55.843
1780559617.4898574,,,gpu-thermal,55.125
1780559617.4898574,,,soc0-thermal,53.281
1780559617.4898574,,,soc1-thermal,53.031
1780559617.4898574,,,soc2-thermal,53.343
1780559617.4898574,,,tj-thermal,55.843
1780559617.5963278,VDD_IN,6747.904,,
1780559617.5963278,VDD_CPU_GPU_CV,2976.768,,
1780559617.5963278,VDD_SOC,1451.584,,
1780559617.5963278,,,cpu-thermal,55.75
1780559617.5963278,,,gpu-thermal,55.031
1780559617.5963278,,,soc0-thermal,53.312
1780559617.5963278,,,soc1-thermal,52.843
1780559617.5963278,,,soc2-thermal,53.375
1780559617.5963278,,,tj-thermal,55.843
1780559617.7026947,VDD_IN,6747.904,,
1780559617.7026947,VDD_CPU_GPU_CV,2976.768,,
1780559617.7026947,VDD_SOC,1451.584,,
1780559617.7026947,,,cpu-thermal,55.937
1780559617.7026947,,,gpu-thermal,55.062
1780559617.7026947,,,soc0-thermal,53.187
1780559617.7026947,,,soc1-thermal,52.968
1780559617.7026947,,,soc2-thermal,53.343
1780559617.7026947,,,tj-thermal,55.937
1780559617.8092744,VDD_IN,6747.904,,
1780559617.8092744,VDD_CPU_GPU_CV,2976.768,,
1780559617.8092744,VDD_SOC,1451.584,,
1780559617.8092744,,,cpu-thermal,55.968
1780559617.8092744,,,gpu-thermal,55.531
1780559617.8092744,,,soc0-thermal,53.218
1780559617.8092744,,,soc1-thermal,53.0
1780559617.8092744,,,soc2-thermal,53.25
1780559617.8092744,,,tj-thermal,55.968
1780559617.9156642,VDD_IN,6747.904,,
1780559617.9156642,VDD_CPU_GPU_CV,2976.768,,
1780559617.9156642,VDD_SOC,1451.584,,
1780559617.9156642,,,cpu-thermal,55.843
1780559617.9156642,,,gpu-thermal,55.312
1780559617.9156642,,,soc0-thermal,53.343
1780559617.9156642,,,soc1-thermal,52.906
1780559617.9156642,,,soc2-thermal,53.343
1780559617.9156642,,,tj-thermal,55.843
1780559618.0220962,VDD_IN,6708.672,,
1780559618.0220962,VDD_CPU_GPU_CV,2976.768,,
1780559618.0220962,VDD_SOC,1451.584,,
1780559618.0220962,,,cpu-thermal,55.875
1780559618.0220962,,,gpu-thermal,55.156
1780559618.0220962,,,soc0-thermal,53.156
1780559618.0220962,,,soc1-thermal,52.937
1780559618.0220962,,,soc2-thermal,53.437
1780559618.0220962,,,tj-thermal,55.875
1780559618.1287389,VDD_IN,6747.904,,
1780559618.1287389,VDD_CPU_GPU_CV,2976.768,,
1780559618.1287389,VDD_SOC,1451.584,,
1780559618.1287389,,,cpu-thermal,55.718
1780559618.1287389,,,gpu-thermal,55.125
1780559618.1287389,,,soc0-thermal,53.312
1780559618.1287389,,,soc1-thermal,53.062
1780559618.1287389,,,soc2-thermal,53.343
1780559618.1287389,,,tj-thermal,55.718
1780559618.235127,VDD_IN,6747.904,,
1780559618.235127,VDD_CPU_GPU_CV,2976.768,,
1780559618.235127,VDD_SOC,1451.584,,
1780559618.235127,,,cpu-thermal,55.843
1780559618.235127,,,gpu-thermal,55.125
1780559618.235127,,,soc0-thermal,53.375
1780559618.235127,,,soc1-thermal,52.906
1780559618.235127,,,soc2-thermal,53.468
1780559618.235127,,,tj-thermal,55.843
1780559618.3414395,VDD_IN,6747.904,,
1780559618.3414395,VDD_CPU_GPU_CV,2976.768,,
1780559618.3414395,VDD_SOC,1451.584,,
1780559618.3414395,,,cpu-thermal,55.875
1780559618.3414395,,,gpu-thermal,55.0
1780559618.3414395,,,soc0-thermal,53.25
1780559618.3414395,,,soc1-thermal,53.0
1780559618.3414395,,,soc2-thermal,53.468
1780559618.3414395,,,tj-thermal,56.062
1780559618.447944,VDD_IN,6747.904,,
1780559618.447944,VDD_CPU_GPU_CV,2976.768,,
1780559618.447944,VDD_SOC,1451.584,,
1780559618.447944,,,cpu-thermal,55.75
1780559618.447944,,,gpu-thermal,55.406
1780559618.447944,,,soc0-thermal,53.375
1780559618.447944,,,soc1-thermal,53.031
1780559618.447944,,,soc2-thermal,53.375
1780559618.447944,,,tj-thermal,55.75
1780559618.5544744,VDD_IN,6747.904,,
1780559618.5544744,VDD_CPU_GPU_CV,2976.768,,
1780559618.5544744,VDD_SOC,1451.584,,
1780559618.5544744,,,cpu-thermal,55.812
1780559618.5544744,,,gpu-thermal,55.281
1780559618.5544744,,,soc0-thermal,53.375
1780559618.5544744,,,soc1-thermal,52.937
1780559618.5544744,,,soc2-thermal,53.468
1780559618.5544744,,,tj-thermal,55.968
1780559618.660977,VDD_IN,6747.904,,
1780559618.660977,VDD_CPU_GPU_CV,2976.768,,
1780559618.660977,VDD_SOC,1451.584,,
1780559618.660977,,,cpu-thermal,56.031
1780559618.660977,,,gpu-thermal,55.281
1780559618.660977,,,soc0-thermal,53.343
1780559618.660977,,,soc1-thermal,52.906
1780559618.660977,,,soc2-thermal,53.5
1780559618.660977,,,tj-thermal,56.031
1780559618.7675483,VDD_IN,6708.672,,
1780559618.7675483,VDD_CPU_GPU_CV,2976.768,,
1780559618.7675483,VDD_SOC,1451.584,,
1780559618.7675483,,,cpu-thermal,56.093
1780559618.7675483,,,gpu-thermal,55.156
1780559618.7675483,,,soc0-thermal,53.343
1780559618.7675483,,,soc1-thermal,53.093
1780559618.7675483,,,soc2-thermal,53.437
1780559618.7675483,,,tj-thermal,56.093
1780559618.8741155,VDD_IN,6747.904,,
1780559618.8741155,VDD_CPU_GPU_CV,2976.768,,
1780559618.8741155,VDD_SOC,1451.584,,
1780559618.8741155,,,cpu-thermal,55.843
1780559618.8741155,,,gpu-thermal,55.062
1780559618.8741155,,,soc0-thermal,53.437
1780559618.8741155,,,soc1-thermal,53.0
1780559618.8741155,,,soc2-thermal,53.406
1780559618.8741155,,,tj-thermal,55.843
1780559618.98056,VDD_IN,6708.672,,
1780559618.98056,VDD_CPU_GPU_CV,2976.768,,
1780559618.98056,VDD_SOC,1451.584,,
1780559618.98056,,,cpu-thermal,55.906
1780559618.98056,,,gpu-thermal,55.5
1780559618.98056,,,soc0-thermal,53.281
1780559618.98056,,,soc1-thermal,53.031
1780559618.98056,,,soc2-thermal,53.437
1780559618.98056,,,tj-thermal,55.906
1780559619.087065,VDD_IN,6708.672,,
1780559619.087065,VDD_CPU_GPU_CV,2976.768,,
1780559619.087065,VDD_SOC,1451.584,,
1780559619.087065,,,cpu-thermal,55.843
1780559619.087065,,,gpu-thermal,55.343
1780559619.087065,,,soc0-thermal,53.375
1780559619.087065,,,soc1-thermal,53.031
1780559619.087065,,,soc2-thermal,53.343
1780559619.087065,,,tj-thermal,55.843
1780559619.19354,VDD_IN,6747.904,,
1780559619.19354,VDD_CPU_GPU_CV,2976.768,,
1780559619.19354,VDD_SOC,1451.584,,
1780559619.19354,,,cpu-thermal,55.906
1780559619.19354,,,gpu-thermal,55.25
1780559619.19354,,,soc0-thermal,53.437
1780559619.19354,,,soc1-thermal,53.031
1780559619.19354,,,soc2-thermal,53.437
1780559619.19354,,,tj-thermal,55.906
1780559619.2999125,VDD_IN,6747.904,,
1780559619.2999125,VDD_CPU_GPU_CV,2976.768,,
1780559619.2999125,VDD_SOC,1451.584,,
1780559619.2999125,,,cpu-thermal,55.937
1780559619.2999125,,,gpu-thermal,55.218
1780559619.2999125,,,soc0-thermal,53.312
1780559619.2999125,,,soc1-thermal,52.937
1780559619.2999125,,,soc2-thermal,53.562
1780559619.2999125,,,tj-thermal,56.156
1780559619.4070663,VDD_IN,6747.904,,
1780559619.4070663,VDD_CPU_GPU_CV,2976.768,,
1780559619.4070663,VDD_SOC,1451.584,,
1780559619.4070663,,,cpu-thermal,56.281
1780559619.4070663,,,gpu-thermal,55.125
1780559619.4070663,,,soc0-thermal,53.343
1780559619.4070663,,,soc1-thermal,53.125
1780559619.4070663,,,soc2-thermal,53.468
1780559619.4070663,,,tj-thermal,56.281
1780559619.5136216,VDD_IN,6747.904,,
1780559619.5136216,VDD_CPU_GPU_CV,2976.768,,
1780559619.5136216,VDD_SOC,1451.584,,
1780559619.5136216,,,cpu-thermal,55.843
1780559619.5136216,,,gpu-thermal,55.125
1780559619.5136216,,,soc0-thermal,53.468
1780559619.5136216,,,soc1-thermal,53.0
1780559619.5136216,,,soc2-thermal,53.531
1780559619.5136216,,,tj-thermal,56.0
1780559619.620123,VDD_IN,6747.904,,
1780559619.620123,VDD_CPU_GPU_CV,2976.768,,
1780559619.620123,VDD_SOC,1451.584,,
1780559619.620123,,,cpu-thermal,56.093
1780559619.620123,,,gpu-thermal,55.125
1780559619.620123,,,soc0-thermal,53.343
1780559619.620123,,,soc1-thermal,53.062
1780559619.620123,,,soc2-thermal,53.5
1780559619.620123,,,tj-thermal,56.093
1780559619.7268598,VDD_IN,6747.904,,
1780559619.7268598,VDD_CPU_GPU_CV,2976.768,,
1780559619.7268598,VDD_SOC,1451.584,,
1780559619.7268598,,,cpu-thermal,56.187
1780559619.7268598,,,gpu-thermal,55.187
1780559619.7268598,,,soc0-thermal,53.375
1780559619.7268598,,,soc1-thermal,53.25
1780559619.7268598,,,soc2-thermal,53.562
1780559619.7268598,,,tj-thermal,55.906
1780559619.8334649,VDD_IN,6747.904,,
1780559619.8334649,VDD_CPU_GPU_CV,2976.768,,
1780559619.8334649,VDD_SOC,1451.584,,
1780559619.8334649,,,cpu-thermal,56.0
1780559619.8334649,,,gpu-thermal,55.531
1780559619.8334649,,,soc0-thermal,53.468
1780559619.8334649,,,soc1-thermal,53.093
1780559619.8334649,,,soc2-thermal,53.531
1780559619.8334649,,,tj-thermal,56.0
1780559619.9399452,VDD_IN,6747.904,,
1780559619.9399452,VDD_CPU_GPU_CV,2976.768,,
1780559619.9399452,VDD_SOC,1451.584,,
1780559619.9399452,,,cpu-thermal,56.031
1780559619.9399452,,,gpu-thermal,55.5
1780559619.9399452,,,soc0-thermal,53.406
1780559619.9399452,,,soc1-thermal,53.0
1780559619.9399452,,,soc2-thermal,53.593
1780559619.9399452,,,tj-thermal,56.031
1780559620.0464535,VDD_IN,6747.904,,
1780559620.0464535,VDD_CPU_GPU_CV,2976.768,,
1780559620.0464535,VDD_SOC,1451.584,,
1780559620.0464535,,,cpu-thermal,55.875
1780559620.0464535,,,gpu-thermal,55.312
1780559620.0464535,,,soc0-thermal,53.406
1780559620.0464535,,,soc1-thermal,53.218
1780559620.0464535,,,soc2-thermal,53.468
1780559620.0464535,,,tj-thermal,55.875
1780559620.1529703,VDD_IN,6747.904,,
1780559620.1529703,VDD_CPU_GPU_CV,2976.768,,
1780559620.1529703,VDD_SOC,1451.584,,
1780559620.1529703,,,cpu-thermal,55.968
1780559620.1529703,,,gpu-thermal,55.281
1780559620.1529703,,,soc0-thermal,53.406
1780559620.1529703,,,soc1-thermal,53.062
1780559620.1529703,,,soc2-thermal,53.531
1780559620.1529703,,,tj-thermal,55.968
1780559620.2598202,VDD_IN,6747.904,,
1780559620.2598202,VDD_CPU_GPU_CV,2976.768,,
1780559620.2598202,VDD_SOC,1451.584,,
1780559620.2598202,,,cpu-thermal,56.156
1780559620.2598202,,,gpu-thermal,55.187
1780559620.2598202,,,soc0-thermal,53.437
1780559620.2598202,,,soc1-thermal,53.093
1780559620.2598202,,,soc2-thermal,53.531
1780559620.2598202,,,tj-thermal,56.156
1780559620.3663578,VDD_IN,6747.904,,
1780559620.3663578,VDD_CPU_GPU_CV,2976.768,,
1780559620.3663578,VDD_SOC,1451.584,,
1780559620.3663578,,,cpu-thermal,56.343
1780559620.3663578,,,gpu-thermal,55.187
1780559620.3663578,,,soc0-thermal,53.437
1780559620.3663578,,,soc1-thermal,53.187
1780559620.3663578,,,soc2-thermal,53.531
1780559620.3663578,,,tj-thermal,56.343
1780559620.4730365,VDD_IN,6747.904,,
1780559620.4730365,VDD_CPU_GPU_CV,2976.768,,
1780559620.4730365,VDD_SOC,1451.584,,
1780559620.4730365,,,cpu-thermal,56.031
1780559620.4730365,,,gpu-thermal,55.531
1780559620.4730365,,,soc0-thermal,53.406
1780559620.4730365,,,soc1-thermal,53.093
1780559620.4730365,,,soc2-thermal,53.593
1780559620.4730365,,,tj-thermal,56.031
1780559620.579804,VDD_IN,6747.904,,
1780559620.579804,VDD_CPU_GPU_CV,2976.768,,
1780559620.579804,VDD_SOC,1451.584,,
1780559620.579804,,,cpu-thermal,56.093
1780559620.579804,,,gpu-thermal,55.406
1780559620.579804,,,soc0-thermal,53.437
1780559620.579804,,,soc1-thermal,53.093
1780559620.579804,,,soc2-thermal,53.687
1780559620.579804,,,tj-thermal,56.093
1780559620.686282,VDD_IN,6747.904,,
1780559620.686282,VDD_CPU_GPU_CV,2976.768,,
1780559620.686282,VDD_SOC,1451.584,,
1780559620.686282,,,cpu-thermal,56.187
1780559620.686282,,,gpu-thermal,55.343
1780559620.686282,,,soc0-thermal,53.406
1780559620.686282,,,soc1-thermal,53.25
1780559620.686282,,,soc2-thermal,53.625
1780559620.686282,,,tj-thermal,56.0
1780559620.792954,VDD_IN,6747.904,,
1780559620.792954,VDD_CPU_GPU_CV,2976.768,,
1780559620.792954,VDD_SOC,1451.584,,
1780559620.792954,,,cpu-thermal,56.031
1780559620.792954,,,gpu-thermal,55.312
1780559620.792954,,,soc0-thermal,53.593
1780559620.792954,,,soc1-thermal,53.031
1780559620.792954,,,soc2-thermal,53.593
1780559620.792954,,,tj-thermal,56.031
1780559620.8994436,VDD_IN,6747.904,,
1780559620.8994436,VDD_CPU_GPU_CV,2976.768,,
1780559620.8994436,VDD_SOC,1451.584,,
1780559620.8994436,,,cpu-thermal,56.0
1780559620.8994436,,,gpu-thermal,55.218
1780559620.8994436,,,soc0-thermal,53.375
1780559620.8994436,,,soc1-thermal,53.218
1780559620.8994436,,,soc2-thermal,53.625
1780559620.8994436,,,tj-thermal,56.406
1780559621.0058715,VDD_IN,6747.904,,
1780559621.0058715,VDD_CPU_GPU_CV,2976.768,,
1780559621.0058715,VDD_SOC,1451.584,,
1780559621.0058715,,,cpu-thermal,56.031
1780559621.0058715,,,gpu-thermal,55.656
1780559621.0058715,,,soc0-thermal,53.468
1780559621.0058715,,,soc1-thermal,53.25
1780559621.0058715,,,soc2-thermal,53.625
1780559621.0058715,,,tj-thermal,56.031
1780559621.112632,VDD_IN,6708.672,,
1780559621.112632,VDD_CPU_GPU_CV,2976.768,,
1780559621.112632,VDD_SOC,1451.584,,
1780559621.112632,,,cpu-thermal,56.0
1780559621.112632,,,gpu-thermal,55.468
1780559621.112632,,,soc0-thermal,53.625
1780559621.112632,,,soc1-thermal,53.062
1780559621.112632,,,soc2-thermal,53.656
1780559621.112632,,,tj-thermal,56.0
1780559621.219138,VDD_IN,6747.904,,
1780559621.219138,VDD_CPU_GPU_CV,2976.768,,
1780559621.219138,VDD_SOC,1451.584,,
1780559621.219138,,,cpu-thermal,56.281
1780559621.219138,,,gpu-thermal,55.343
1780559621.219138,,,soc0-thermal,53.437
1780559621.219138,,,soc1-thermal,53.093
1780559621.219138,,,soc2-thermal,53.687
1780559621.219138,,,tj-thermal,56.281
1780559621.3260226,VDD_IN,6747.904,,
1780559621.3260226,VDD_CPU_GPU_CV,2976.768,,
1780559621.3260226,VDD_SOC,1451.584,,
1780559621.3260226,,,cpu-thermal,56.437
1780559621.3260226,,,gpu-thermal,55.375
1780559621.3260226,,,soc0-thermal,53.562
1780559621.3260226,,,soc1-thermal,53.343
1780559621.3260226,,,soc2-thermal,53.562
1780559621.3260226,,,tj-thermal,56.437
1780559621.4327447,VDD_IN,6747.904,,
1780559621.4327447,VDD_CPU_GPU_CV,3015.936,,
1780559621.4327447,VDD_SOC,1451.584,,
1780559621.4327447,,,cpu-thermal,56.125
1780559621.4327447,,,gpu-thermal,55.281
1780559621.4327447,,,soc0-thermal,53.562
1780559621.4327447,,,soc1-thermal,53.187
1780559621.4327447,,,soc2-thermal,53.656
1780559621.4327447,,,tj-thermal,56.125
1780559621.5392659,VDD_IN,6747.904,,
1780559621.5392659,VDD_CPU_GPU_CV,2976.768,,
1780559621.5392659,VDD_SOC,1451.584,,
1780559621.5392659,,,cpu-thermal,56.125
1780559621.5392659,,,gpu-thermal,55.468
1780559621.5392659,,,soc0-thermal,53.562
1780559621.5392659,,,soc1-thermal,53.25
1780559621.5392659,,,soc2-thermal,53.687
1780559621.5392659,,,tj-thermal,56.125
1780559621.6467144,VDD_IN,6747.904,,
1780559621.6467144,VDD_CPU_GPU_CV,2976.768,,
1780559621.6467144,VDD_SOC,1451.584,,
1780559621.6467144,,,cpu-thermal,55.968
1780559621.6467144,,,gpu-thermal,55.343
1780559621.6467144,,,soc0-thermal,53.593
1780559621.6467144,,,soc1-thermal,53.156
1780559621.6467144,,,soc2-thermal,53.625
1780559621.6467144,,,tj-thermal,55.968
1780559621.753308,VDD_IN,6747.904,,
1780559621.753308,VDD_CPU_GPU_CV,2976.768,,
1780559621.753308,VDD_SOC,1451.584,,
1780559621.753308,,,cpu-thermal,56.093
1780559621.753308,,,gpu-thermal,55.281
1780559621.753308,,,soc0-thermal,53.437
1780559621.753308,,,soc1-thermal,53.25
1780559621.753308,,,soc2-thermal,53.75
1780559621.753308,,,tj-thermal,56.093
1780559621.8603384,VDD_IN,6708.672,,
1780559621.8603384,VDD_CPU_GPU_CV,2976.768,,
1780559621.8603384,VDD_SOC,1451.584,,
1780559621.8603384,,,cpu-thermal,56.437
1780559621.8603384,,,gpu-thermal,55.687
1780559621.8603384,,,soc0-thermal,53.562
1780559621.8603384,,,soc1-thermal,53.187
1780559621.8603384,,,soc2-thermal,53.718
1780559621.8603384,,,tj-thermal,56.437
1780559621.9668868,VDD_IN,6747.904,,
1780559621.9668868,VDD_CPU_GPU_CV,2976.768,,
1780559621.9668868,VDD_SOC,1451.584,,
1780559621.9668868,,,cpu-thermal,56.062
1780559621.9668868,,,gpu-thermal,55.531
1780559621.9668868,,,soc0-thermal,53.562
1780559621.9668868,,,soc1-thermal,53.375
1780559621.9668868,,,soc2-thermal,53.687
1780559621.9668868,,,tj-thermal,56.062
1780559622.073411,VDD_IN,6747.904,,
1780559622.073411,VDD_CPU_GPU_CV,2976.768,,
1780559622.073411,VDD_SOC,1451.584,,
1780559622.073411,,,cpu-thermal,56.281
1780559622.073411,,,gpu-thermal,55.375
1780559622.073411,,,soc0-thermal,53.562
1780559622.073411,,,soc1-thermal,53.25
1780559622.073411,,,soc2-thermal,53.656
1780559622.073411,,,tj-thermal,56.281
1780559622.1802678,VDD_IN,6747.904,,
1780559622.1802678,VDD_CPU_GPU_CV,2976.768,,
1780559622.1802678,VDD_SOC,1451.584,,
1780559622.1802678,,,cpu-thermal,56.25
1780559622.1802678,,,gpu-thermal,55.406
1780559622.1802678,,,soc0-thermal,53.562
1780559622.1802678,,,soc1-thermal,53.312
1780559622.1802678,,,soc2-thermal,53.843
1780559622.1802678,,,tj-thermal,56.25
1780559622.2868004,VDD_IN,6747.904,,
1780559622.2868004,VDD_CPU_GPU_CV,2976.768,,
1780559622.2868004,VDD_SOC,1451.584,,
1780559622.2868004,,,cpu-thermal,56.5
1780559622.2868004,,,gpu-thermal,55.375
1780559622.2868004,,,soc0-thermal,53.593
1780559622.2868004,,,soc1-thermal,53.468
1780559622.2868004,,,soc2-thermal,53.718
1780559622.2868004,,,tj-thermal,56.125
1780559622.3933141,VDD_IN,6747.904,,
1780559622.3933141,VDD_CPU_GPU_CV,2976.768,,
1780559622.3933141,VDD_SOC,1451.584,,
1780559622.3933141,,,cpu-thermal,56.25
1780559622.3933141,,,gpu-thermal,55.75
1780559622.3933141,,,soc0-thermal,53.5
1780559622.3933141,,,soc1-thermal,53.312
1780559622.3933141,,,soc2-thermal,53.718
1780559622.3933141,,,tj-thermal,56.25
1780559622.4997256,VDD_IN,6747.904,,
1780559622.4997256,VDD_CPU_GPU_CV,2976.768,,
1780559622.4997256,VDD_SOC,1451.584,,
1780559622.4997256,,,cpu-thermal,56.281
1780559622.4997256,,,gpu-thermal,55.593
1780559622.4997256,,,soc0-thermal,53.562
1780559622.4997256,,,soc1-thermal,53.406
1780559622.4997256,,,soc2-thermal,53.75
1780559622.4997256,,,tj-thermal,56.062
1780559622.6063998,VDD_IN,6747.904,,
1780559622.6063998,VDD_CPU_GPU_CV,2976.768,,
1780559622.6063998,VDD_SOC,1451.584,,
1780559622.6063998,,,cpu-thermal,56.125
1780559622.6063998,,,gpu-thermal,55.531
1780559622.6063998,,,soc0-thermal,53.718
1780559622.6063998,,,soc1-thermal,53.531
1780559622.6063998,,,soc2-thermal,53.718
1780559622.6063998,,,tj-thermal,56.125
1780559622.7130387,VDD_IN,6747.904,,
1780559622.7130387,VDD_CPU_GPU_CV,2976.768,,
1780559622.7130387,VDD_SOC,1451.584,,
1780559622.7130387,,,cpu-thermal,56.25
1780559622.7130387,,,gpu-thermal,55.406
1780559622.7130387,,,soc0-thermal,53.562
1780559622.7130387,,,soc1-thermal,53.25
1780559622.7130387,,,soc2-thermal,53.718
1780559622.7130387,,,tj-thermal,56.25
1780559622.8195224,VDD_IN,6747.904,,
1780559622.8195224,VDD_CPU_GPU_CV,2976.768,,
1780559622.8195224,VDD_SOC,1451.584,,
1780559622.8195224,,,cpu-thermal,56.5
1780559622.8195224,,,gpu-thermal,55.406
1780559622.8195224,,,soc0-thermal,53.562
1780559622.8195224,,,soc1-thermal,53.406
1780559622.8195224,,,soc2-thermal,53.843
1780559622.8195224,,,tj-thermal,56.5
1780559622.9266748,VDD_IN,6747.904,,
1780559622.9266748,VDD_CPU_GPU_CV,2976.768,,
1780559622.9266748,VDD_SOC,1451.584,,
1780559622.9266748,,,cpu-thermal,56.062
1780559622.9266748,,,gpu-thermal,55.406
1780559622.9266748,,,soc0-thermal,53.718
1780559622.9266748,,,soc1-thermal,53.562
1780559622.9266748,,,soc2-thermal,53.718
1780559622.9266748,,,tj-thermal,56.062
1780559623.033326,VDD_IN,6747.904,,
1780559623.033326,VDD_CPU_GPU_CV,2976.768,,
1780559623.033326,VDD_SOC,1451.584,,
1780559623.033326,,,cpu-thermal,56.281
1780559623.033326,,,gpu-thermal,55.718
1780559623.033326,,,soc0-thermal,53.593
1780559623.033326,,,soc1-thermal,53.406
1780559623.033326,,,soc2-thermal,53.812
1780559623.033326,,,tj-thermal,56.281
1780559623.1398199,VDD_IN,6747.904,,
1780559623.1398199,VDD_CPU_GPU_CV,2976.768,,
1780559623.1398199,VDD_SOC,1451.584,,
1780559623.1398199,,,cpu-thermal,56.375
1780559623.1398199,,,gpu-thermal,55.593
1780559623.1398199,,,soc0-thermal,53.593
1780559623.1398199,,,soc1-thermal,53.343
1780559623.1398199,,,soc2-thermal,53.75
1780559623.1398199,,,tj-thermal,56.375
1780559623.2463524,VDD_IN,6747.904,,
1780559623.2463524,VDD_CPU_GPU_CV,2976.768,,
1780559623.2463524,VDD_SOC,1451.584,,
1780559623.2463524,,,cpu-thermal,56.218
1780559623.2463524,,,gpu-thermal,55.812
1780559623.2463524,,,soc0-thermal,53.718
1780559623.2463524,,,soc1-thermal,53.5
1780559623.2463524,,,soc2-thermal,53.781
1780559623.2463524,,,tj-thermal,56.218
1780559623.3531528,VDD_IN,6747.904,,
1780559623.3531528,VDD_CPU_GPU_CV,2976.768,,
1780559623.3531528,VDD_SOC,1451.584,,
1780559623.3531528,,,cpu-thermal,56.25
1780559623.3531528,,,gpu-thermal,55.656
1780559623.3531528,,,soc0-thermal,53.625
1780559623.3531528,,,soc1-thermal,53.343
1780559623.3531528,,,soc2-thermal,53.75
1780559623.3531528,,,tj-thermal,56.25
1780559623.4596272,VDD_IN,6787.136,,
1780559623.4596272,VDD_CPU_GPU_CV,2976.768,,
1780559623.4596272,VDD_SOC,1451.584,,
1780559623.4596272,,,cpu-thermal,56.281
1780559623.4596272,,,gpu-thermal,55.593
1780559623.4596272,,,soc0-thermal,53.718
1780559623.4596272,,,soc1-thermal,53.406
1780559623.4596272,,,soc2-thermal,53.875
1780559623.4596272,,,tj-thermal,56.187
1780559623.5661106,VDD_IN,6747.904,,
1780559623.5661106,VDD_CPU_GPU_CV,2976.768,,
1780559623.5661106,VDD_SOC,1451.584,,
1780559623.5661106,,,cpu-thermal,56.125
1780559623.5661106,,,gpu-thermal,55.5
1780559623.5661106,,,soc0-thermal,53.656
1780559623.5661106,,,soc1-thermal,53.468
1780559623.5661106,,,soc2-thermal,53.812
1780559623.5661106,,,tj-thermal,56.125
1780559623.672784,VDD_IN,6747.904,,
1780559623.672784,VDD_CPU_GPU_CV,2976.768,,
1780559623.672784,VDD_SOC,1451.584,,
1780559623.672784,,,cpu-thermal,56.187
1780559623.672784,,,gpu-thermal,55.5
1780559623.672784,,,soc0-thermal,53.593
1780559623.672784,,,soc1-thermal,53.406
1780559623.672784,,,soc2-thermal,53.718
1780559623.672784,,,tj-thermal,56.437
1780559623.7793975,VDD_IN,6747.904,,
1780559623.7793975,VDD_CPU_GPU_CV,2976.768,,
1780559623.7793975,VDD_SOC,1451.584,,
1780559623.7793975,,,cpu-thermal,56.5
1780559623.7793975,,,gpu-thermal,55.406
1780559623.7793975,,,soc0-thermal,53.718
1780559623.7793975,,,soc1-thermal,53.437
1780559623.7793975,,,soc2-thermal,53.937
1780559623.7793975,,,tj-thermal,56.5
1780559623.885827,VDD_IN,6747.904,,
1780559623.885827,VDD_CPU_GPU_CV,2976.768,,
1780559623.885827,VDD_SOC,1451.584,,
1780559623.885827,,,cpu-thermal,56.187
1780559623.885827,,,gpu-thermal,55.718
1780559623.885827,,,soc0-thermal,53.718
1780559623.885827,,,soc1-thermal,53.281
1780559623.885827,,,soc2-thermal,53.906
1780559623.885827,,,tj-thermal,56.375
1780559623.9927893,VDD_IN,6747.904,,
1780559623.9927893,VDD_CPU_GPU_CV,2976.768,,
1780559623.9927893,VDD_SOC,1451.584,,
1780559623.9927893,,,cpu-thermal,56.312
1780559623.9927893,,,gpu-thermal,55.718
1780559623.9927893,,,soc0-thermal,53.718
1780559623.9927893,,,soc1-thermal,53.312
1780559623.9927893,,,soc2-thermal,53.906
1780559623.9927893,,,tj-thermal,56.312
1780559624.0993695,VDD_IN,6747.904,,
1780559624.0993695,VDD_CPU_GPU_CV,2976.768,,
1780559624.0993695,VDD_SOC,1451.584,,
1780559624.0993695,,,cpu-thermal,56.5
1780559624.0993695,,,gpu-thermal,55.531
1780559624.0993695,,,soc0-thermal,53.75
1780559624.0993695,,,soc1-thermal,53.437
1780559624.0993695,,,soc2-thermal,53.968
1780559624.0993695,,,tj-thermal,56.5
1780559624.205782,VDD_IN,6708.672,,
1780559624.205782,VDD_CPU_GPU_CV,2976.768,,
1780559624.205782,VDD_SOC,1451.584,,
1780559624.205782,,,cpu-thermal,56.281
1780559624.205782,,,gpu-thermal,55.562
1780559624.205782,,,soc0-thermal,53.843
1780559624.205782,,,soc1-thermal,53.375
1780559624.205782,,,soc2-thermal,53.843
1780559624.205782,,,tj-thermal,56.281
1780559624.312694,VDD_IN,6747.904,,
1780559624.312694,VDD_CPU_GPU_CV,2976.768,,
1780559624.312694,VDD_SOC,1451.584,,
1780559624.312694,,,cpu-thermal,56.281
1780559624.312694,,,gpu-thermal,55.5
1780559624.312694,,,soc0-thermal,53.687
1780559624.312694,,,soc1-thermal,53.406
1780559624.312694,,,soc2-thermal,53.875
1780559624.312694,,,tj-thermal,56.281
1780559624.4192762,VDD_IN,6747.904,,
1780559624.4192762,VDD_CPU_GPU_CV,2976.768,,
1780559624.4192762,VDD_SOC,1451.584,,
1780559624.4192762,,,cpu-thermal,56.312
1780559624.4192762,,,gpu-thermal,55.875
1780559624.4192762,,,soc0-thermal,53.75
1780559624.4192762,,,soc1-thermal,53.5
1780559624.4192762,,,soc2-thermal,53.937
1780559624.4192762,,,tj-thermal,56.312
1780559624.525745,VDD_IN,6747.904,,
1780559624.525745,VDD_CPU_GPU_CV,2976.768,,
1780559624.525745,VDD_SOC,1451.584,,
1780559624.525745,,,cpu-thermal,56.125
1780559624.525745,,,gpu-thermal,55.781
1780559624.525745,,,soc0-thermal,53.75
1780559624.525745,,,soc1-thermal,53.406
1780559624.525745,,,soc2-thermal,53.968
1780559624.525745,,,tj-thermal,56.125
1780559624.6324172,VDD_IN,6747.904,,
1780559624.6324172,VDD_CPU_GPU_CV,2976.768,,
1780559624.6324172,VDD_SOC,1451.584,,
1780559624.6324172,,,cpu-thermal,56.437
1780559624.6324172,,,gpu-thermal,55.531
1780559624.6324172,,,soc0-thermal,53.656
1780559624.6324172,,,soc1-thermal,53.375
1780559624.6324172,,,soc2-thermal,53.875
1780559624.6324172,,,tj-thermal,56.437
1780559624.7388859,VDD_IN,6747.904,,
1780559624.7388859,VDD_CPU_GPU_CV,2976.768,,
1780559624.7388859,VDD_SOC,1451.584,,
1780559624.7388859,,,cpu-thermal,56.562
1780559624.7388859,,,gpu-thermal,55.593
1780559624.7388859,,,soc0-thermal,53.781
1780559624.7388859,,,soc1-thermal,53.531
1780559624.7388859,,,soc2-thermal,54.062
1780559624.7388859,,,tj-thermal,56.562
1780559624.8454247,VDD_IN,6747.904,,
1780559624.8454247,VDD_CPU_GPU_CV,2976.768,,
1780559624.8454247,VDD_SOC,1451.584,,
1780559624.8454247,,,cpu-thermal,56.625
1780559624.8454247,,,gpu-thermal,55.5
1780559624.8454247,,,soc0-thermal,53.843
1780559624.8454247,,,soc1-thermal,53.375
1780559624.8454247,,,soc2-thermal,53.843
1780559624.8454247,,,tj-thermal,56.406
1780559624.9519236,VDD_IN,6708.672,,
1780559624.9519236,VDD_CPU_GPU_CV,2976.768,,
1780559624.9519236,VDD_SOC,1451.584,,
1780559624.9519236,,,cpu-thermal,56.375
1780559624.9519236,,,gpu-thermal,55.968
1780559624.9519236,,,soc0-thermal,53.781
1780559624.9519236,,,soc1-thermal,53.468
1780559624.9519236,,,soc2-thermal,53.906
1780559624.9519236,,,tj-thermal,56.375
1780559625.0585673,VDD_IN,6747.904,,
1780559625.0585673,VDD_CPU_GPU_CV,2976.768,,
1780559625.0585673,VDD_SOC,1451.584,,
1780559625.0585673,,,cpu-thermal,56.468
1780559625.0585673,,,gpu-thermal,55.812
1780559625.0585673,,,soc0-thermal,53.781
1780559625.0585673,,,soc1-thermal,53.562
1780559625.0585673,,,soc2-thermal,53.875
1780559625.0585673,,,tj-thermal,56.312
1780559625.165101,VDD_IN,6747.904,,
1780559625.165101,VDD_CPU_GPU_CV,2976.768,,
1780559625.165101,VDD_SOC,1451.584,,
1780559625.165101,,,cpu-thermal,56.343
1780559625.165101,,,gpu-thermal,55.718
1780559625.165101,,,soc0-thermal,53.812
1780559625.165101,,,soc1-thermal,53.5
1780559625.165101,,,soc2-thermal,53.937
1780559625.165101,,,tj-thermal,56.343
1780559625.2713852,VDD_IN,6747.904,,
1780559625.2713852,VDD_CPU_GPU_CV,2976.768,,
1780559625.2713852,VDD_SOC,1451.584,,
1780559625.2713852,,,cpu-thermal,56.312
1780559625.2713852,,,gpu-thermal,55.593
1780559625.2713852,,,soc0-thermal,53.781
1780559625.2713852,,,soc1-thermal,53.343
1780559625.2713852,,,soc2-thermal,53.968
1780559625.2713852,,,tj-thermal,56.312
1780559625.3780332,VDD_IN,6747.904,,
1780559625.3780332,VDD_CPU_GPU_CV,2976.768,,
1780559625.3780332,VDD_SOC,1451.584,,
1780559625.3780332,,,cpu-thermal,56.812
1780559625.3780332,,,gpu-thermal,55.625
1780559625.3780332,,,soc0-thermal,53.718
1780559625.3780332,,,soc1-thermal,53.5
1780559625.3780332,,,soc2-thermal,54.031
1780559625.3780332,,,tj-thermal,56.812
1780559625.4846737,VDD_IN,6747.904,,
1780559625.4846737,VDD_CPU_GPU_CV,2976.768,,
1780559625.4846737,VDD_SOC,1451.584,,
1780559625.4846737,,,cpu-thermal,56.312
1780559625.4846737,,,gpu-thermal,55.562
1780559625.4846737,,,soc0-thermal,53.843
1780559625.4846737,,,soc1-thermal,53.375
1780559625.4846737,,,soc2-thermal,53.875
1780559625.4846737,,,tj-thermal,56.312
1780559625.5911064,VDD_IN,6787.136,,
1780559625.5911064,VDD_CPU_GPU_CV,2976.768,,
1780559625.5911064,VDD_SOC,1451.584,,
1780559625.5911064,,,cpu-thermal,56.531
1780559625.5911064,,,gpu-thermal,55.843
1780559625.5911064,,,soc0-thermal,53.75
1780559625.5911064,,,soc1-thermal,53.468
1780559625.5911064,,,soc2-thermal,53.968
1780559625.5911064,,,tj-thermal,56.531
1780559625.697752,VDD_IN,6747.904,,
1780559625.697752,VDD_CPU_GPU_CV,2976.768,,
1780559625.697752,VDD_SOC,1451.584,,
1780559625.697752,,,cpu-thermal,56.531
1780559625.697752,,,gpu-thermal,55.843
1780559625.697752,,,soc0-thermal,53.875
1780559625.697752,,,soc1-thermal,53.562
1780559625.697752,,,soc2-thermal,53.906
1780559625.697752,,,tj-thermal,56.531
1780559625.8042357,VDD_IN,6747.904,,
1780559625.8042357,VDD_CPU_GPU_CV,2976.768,,
1780559625.8042357,VDD_SOC,1451.584,,
1780559625.8042357,,,cpu-thermal,56.687
1780559625.8042357,,,gpu-thermal,55.781
1780559625.8042357,,,soc0-thermal,53.937
1780559625.8042357,,,soc1-thermal,53.406
1780559625.8042357,,,soc2-thermal,53.968
1780559625.8042357,,,tj-thermal,56.437
1780559625.9110055,VDD_IN,6747.904,,
1780559625.9110055,VDD_CPU_GPU_CV,2976.768,,
1780559625.9110055,VDD_SOC,1451.584,,
1780559625.9110055,,,cpu-thermal,56.468
1780559625.9110055,,,gpu-thermal,55.906
1780559625.9110055,,,soc0-thermal,53.781
1780559625.9110055,,,soc1-thermal,53.5
1780559625.9110055,,,soc2-thermal,53.968
1780559625.9110055,,,tj-thermal,56.468
1780559626.017224,VDD_IN,6747.904,,
1780559626.017224,VDD_CPU_GPU_CV,2976.768,,
1780559626.017224,VDD_SOC,1451.584,,
1780559626.017224,,,cpu-thermal,56.5
1780559626.017224,,,gpu-thermal,55.562
1780559626.017224,,,soc0-thermal,53.843
1780559626.017224,,,soc1-thermal,53.562
1780559626.017224,,,soc2-thermal,54.031
1780559626.017224,,,tj-thermal,56.5
1780559626.1234336,VDD_IN,6747.904,,
1780559626.1234336,VDD_CPU_GPU_CV,2976.768,,
1780559626.1234336,VDD_SOC,1451.584,,
1780559626.1234336,,,cpu-thermal,56.406
1780559626.1234336,,,gpu-thermal,56.0
1780559626.1234336,,,soc0-thermal,53.875
1780559626.1234336,,,soc1-thermal,53.5
1780559626.1234336,,,soc2-thermal,54.031
1780559626.1234336,,,tj-thermal,56.406
1780559626.2297456,VDD_IN,6747.904,,
1780559626.2297456,VDD_CPU_GPU_CV,2976.768,,
1780559626.2297456,VDD_SOC,1451.584,,
1780559626.2297456,,,cpu-thermal,56.343
1780559626.2297456,,,gpu-thermal,55.875
1780559626.2297456,,,soc0-thermal,53.968
1780559626.2297456,,,soc1-thermal,53.468
1780559626.2297456,,,soc2-thermal,54.093
1780559626.2297456,,,tj-thermal,56.343
1780559626.3353553,VDD_IN,6747.904,,
1780559626.3353553,VDD_CPU_GPU_CV,2976.768,,
1780559626.3353553,VDD_SOC,1451.584,,
1780559626.3353553,,,cpu-thermal,56.468
1780559626.3353553,,,gpu-thermal,55.781
1780559626.3353553,,,soc0-thermal,53.843
1780559626.3353553,,,soc1-thermal,53.593
1780559626.3353553,,,soc2-thermal,54.031
1780559626.3353553,,,tj-thermal,56.781
1780559626.4415035,VDD_IN,6747.904,,
1780559626.4415035,VDD_CPU_GPU_CV,3015.936,,
1780559626.4415035,VDD_SOC,1451.584,,
1780559626.4415035,,,cpu-thermal,56.406
1780559626.4415035,,,gpu-thermal,55.718
1780559626.4415035,,,soc0-thermal,53.906
1780559626.4415035,,,soc1-thermal,53.562
1780559626.4415035,,,soc2-thermal,54.093
1780559626.4415035,,,tj-thermal,56.406
1780559626.5474741,VDD_IN,6747.904,,
1780559626.5474741,VDD_CPU_GPU_CV,2976.768,,
1780559626.5474741,VDD_SOC,1451.584,,
1780559626.5474741,,,cpu-thermal,56.406
1780559626.5474741,,,gpu-thermal,55.656
1780559626.5474741,,,soc0-thermal,54.062
1780559626.5474741,,,soc1-thermal,53.437
1780559626.5474741,,,soc2-thermal,53.968
1780559626.5474741,,,tj-thermal,56.406
1780559626.6534884,VDD_IN,6787.136,,
1780559626.6534884,VDD_CPU_GPU_CV,2976.768,,
1780559626.6534884,VDD_SOC,1451.584,,
1780559626.6534884,,,cpu-thermal,56.718
1780559626.6534884,,,gpu-thermal,55.625
1780559626.6534884,,,soc0-thermal,53.843
1780559626.6534884,,,soc1-thermal,53.562
1780559626.6534884,,,soc2-thermal,54.093
1780559626.6534884,,,tj-thermal,56.718
1780559626.7601035,VDD_IN,6747.904,,
1780559626.7601035,VDD_CPU_GPU_CV,2976.768,,
1780559626.7601035,VDD_SOC,1451.584,,
1780559626.7601035,,,cpu-thermal,56.687
1780559626.7601035,,,gpu-thermal,55.968
1780559626.7601035,,,soc0-thermal,53.875
1780559626.7601035,,,soc1-thermal,53.656
1780559626.7601035,,,soc2-thermal,54.125
1780559626.7601035,,,tj-thermal,56.687
1780559626.8662527,VDD_IN,6747.904,,
1780559626.8662527,VDD_CPU_GPU_CV,2976.768,,
1780559626.8662527,VDD_SOC,1451.584,,
1780559626.8662527,,,cpu-thermal,56.468
1780559626.8662527,,,gpu-thermal,55.875
1780559626.8662527,,,soc0-thermal,53.906
1780559626.8662527,,,soc1-thermal,53.562
1780559626.8662527,,,soc2-thermal,54.062
1780559626.8662527,,,tj-thermal,56.5
1780559626.9724214,VDD_IN,6747.904,,
1780559626.9724214,VDD_CPU_GPU_CV,2976.768,,
1780559626.9724214,VDD_SOC,1451.584,,
1780559626.9724214,,,cpu-thermal,56.625
1780559626.9724214,,,gpu-thermal,55.843
1780559626.9724214,,,soc0-thermal,53.906
1780559626.9724214,,,soc1-thermal,53.468
1780559626.9724214,,,soc2-thermal,54.125
1780559626.9724214,,,tj-thermal,56.625
1780559627.078017,VDD_IN,6747.904,,
1780559627.078017,VDD_CPU_GPU_CV,2976.768,,
1780559627.078017,VDD_SOC,1451.584,,
1780559627.078017,,,cpu-thermal,56.656
1780559627.078017,,,gpu-thermal,55.656
1780559627.078017,,,soc0-thermal,53.875
1780559627.078017,,,soc1-thermal,53.718
1780559627.078017,,,soc2-thermal,54.125
1780559627.078017,,,tj-thermal,56.656
1780559627.18398,VDD_IN,6747.904,,
1780559627.18398,VDD_CPU_GPU_CV,2976.768,,
1780559627.18398,VDD_SOC,1451.584,,
1780559627.18398,,,cpu-thermal,56.718
1780559627.18398,,,gpu-thermal,55.812
1780559627.18398,,,soc0-thermal,53.906
1780559627.18398,,,soc1-thermal,53.75
1780559627.18398,,,soc2-thermal,54.125
1780559627.18398,,,tj-thermal,56.468
1780559627.2900465,VDD_IN,6747.904,,
1780559627.2900465,VDD_CPU_GPU_CV,2976.768,,
1780559627.2900465,VDD_SOC,1451.584,,
1780559627.2900465,,,cpu-thermal,56.531
1780559627.2900465,,,gpu-thermal,55.718
1780559627.2900465,,,soc0-thermal,54.0
1780559627.2900465,,,soc1-thermal,53.5
1780559627.2900465,,,soc2-thermal,54.093
1780559627.2900465,,,tj-thermal,56.531
1780559627.3962326,VDD_IN,6787.136,,
1780559627.3962326,VDD_CPU_GPU_CV,3015.936,,
1780559627.3962326,VDD_SOC,1451.584,,
1780559627.3962326,,,cpu-thermal,56.562
1780559627.3962326,,,gpu-thermal,55.687
1780559627.3962326,,,soc0-thermal,54.0
1780559627.3962326,,,soc1-thermal,53.562
1780559627.3962326,,,soc2-thermal,54.031
1780559627.3962326,,,tj-thermal,56.562
1780559627.5024107,VDD_IN,6747.904,,
1780559627.5024107,VDD_CPU_GPU_CV,3015.936,,
1780559627.5024107,VDD_SOC,1451.584,,
1780559627.5024107,,,cpu-thermal,56.437
1780559627.5024107,,,gpu-thermal,55.718
1780559627.5024107,,,soc0-thermal,53.968
1780559627.5024107,,,soc1-thermal,53.687
1780559627.5024107,,,soc2-thermal,54.093
1780559627.5024107,,,tj-thermal,56.437
1780559627.6084008,VDD_IN,6747.904,,
1780559627.6084008,VDD_CPU_GPU_CV,2976.768,,
1780559627.6084008,VDD_SOC,1451.584,,
1780559627.6084008,,,cpu-thermal,56.437
1780559627.6084008,,,gpu-thermal,56.062
1780559627.6084008,,,soc0-thermal,54.093
1780559627.6084008,,,soc1-thermal,53.531
1780559627.6084008,,,soc2-thermal,54.093
1780559627.6084008,,,tj-thermal,56.437
1780559627.7144938,VDD_IN,6787.136,,
1780559627.7144938,VDD_CPU_GPU_CV,2976.768,,
1780559627.7144938,VDD_SOC,1451.584,,
1780559627.7144938,,,cpu-thermal,56.562
1780559627.7144938,,,gpu-thermal,55.906
1780559627.7144938,,,soc0-thermal,54.0
1780559627.7144938,,,soc1-thermal,53.687
1780559627.7144938,,,soc2-thermal,54.187
1780559627.7144938,,,tj-thermal,56.812
1780559627.820666,VDD_IN,6747.904,,
1780559627.820666,VDD_CPU_GPU_CV,2976.768,,
1780559627.820666,VDD_SOC,1451.584,,
1780559627.820666,,,cpu-thermal,56.5
1780559627.820666,,,gpu-thermal,55.843
1780559627.820666,,,soc0-thermal,54.031
1780559627.820666,,,soc1-thermal,53.718
1780559627.820666,,,soc2-thermal,54.218
1780559627.820666,,,tj-thermal,56.5
1780559627.9266121,VDD_IN,6747.904,,
1780559627.9266121,VDD_CPU_GPU_CV,2976.768,,
1780559627.9266121,VDD_SOC,1451.584,,
1780559627.9266121,,,cpu-thermal,56.437
1780559627.9266121,,,gpu-thermal,55.843
1780559627.9266121,,,soc0-thermal,54.093
1780559627.9266121,,,soc1-thermal,53.593
1780559627.9266121,,,soc2-thermal,54.156
1780559627.9266121,,,tj-thermal,56.437
1780559628.0326488,VDD_IN,6747.904,,
1780559628.0326488,VDD_CPU_GPU_CV,2976.768,,
1780559628.0326488,VDD_SOC,1451.584,,
1780559628.0326488,,,cpu-thermal,56.468
1780559628.0326488,,,gpu-thermal,55.781
1780559628.0326488,,,soc0-thermal,54.0
1780559628.0326488,,,soc1-thermal,53.593
1780559628.0326488,,,soc2-thermal,54.125
1780559628.0326488,,,tj-thermal,56.687
1780559628.139194,VDD_IN,6747.904,,
1780559628.139194,VDD_CPU_GPU_CV,2976.768,,
1780559628.139194,VDD_SOC,1451.584,,
1780559628.139194,,,cpu-thermal,56.812
1780559628.139194,,,gpu-thermal,56.187
1780559628.139194,,,soc0-thermal,53.968
1780559628.139194,,,soc1-thermal,53.656
1780559628.139194,,,soc2-thermal,54.281
1780559628.139194,,,tj-thermal,56.812
1780559628.2452211,VDD_IN,6747.904,,
1780559628.2452211,VDD_CPU_GPU_CV,2976.768,,
1780559628.2452211,VDD_SOC,1451.584,,
1780559628.2452211,,,cpu-thermal,56.906
1780559628.2452211,,,gpu-thermal,55.937
1780559628.2452211,,,soc0-thermal,54.093
1780559628.2452211,,,soc1-thermal,53.843
1780559628.2452211,,,soc2-thermal,54.156
1780559628.2452211,,,tj-thermal,56.906
1780559628.3512418,VDD_IN,6787.136,,
1780559628.3512418,VDD_CPU_GPU_CV,2976.768,,
1780559628.3512418,VDD_SOC,1451.584,,
1780559628.3512418,,,cpu-thermal,56.593
1780559628.3512418,,,gpu-thermal,55.937
1780559628.3512418,,,soc0-thermal,53.937
1780559628.3512418,,,soc1-thermal,53.656
1780559628.3512418,,,soc2-thermal,54.093
1780559628.3512418,,,tj-thermal,56.593
1780559628.4574652,VDD_IN,6787.136,,
1780559628.4574652,VDD_CPU_GPU_CV,3015.936,,
1780559628.4574652,VDD_SOC,1451.584,,
1780559628.4574652,,,cpu-thermal,56.718
1780559628.4574652,,,gpu-thermal,55.843
1780559628.4574652,,,soc0-thermal,54.031
1780559628.4574652,,,soc1-thermal,53.75
1780559628.4574652,,,soc2-thermal,54.187
1780559628.4574652,,,tj-thermal,56.718
1780559628.5635993,VDD_IN,6747.904,,
1780559628.5635993,VDD_CPU_GPU_CV,2976.768,,
1780559628.5635993,VDD_SOC,1451.584,,
1780559628.5635993,,,cpu-thermal,56.812
1780559628.5635993,,,gpu-thermal,55.843
1780559628.5635993,,,soc0-thermal,54.093
1780559628.5635993,,,soc1-thermal,53.875
1780559628.5635993,,,soc2-thermal,54.125
1780559628.5635993,,,tj-thermal,56.531
1780559628.6697855,VDD_IN,6787.136,,
1780559628.6697855,VDD_CPU_GPU_CV,2976.768,,
1780559628.6697855,VDD_SOC,1451.584,,
1780559628.6697855,,,cpu-thermal,56.656
1780559628.6697855,,,gpu-thermal,55.968
1780559628.6697855,,,soc0-thermal,54.187
1780559628.6697855,,,soc1-thermal,53.625
1780559628.6697855,,,soc2-thermal,54.156
1780559628.6697855,,,tj-thermal,56.656
1780559628.7757893,VDD_IN,6787.136,,
1780559628.7757893,VDD_CPU_GPU_CV,2976.768,,
1780559628.7757893,VDD_SOC,1451.584,,
1780559628.7757893,,,cpu-thermal,56.625
1780559628.7757893,,,gpu-thermal,55.875
1780559628.7757893,,,soc0-thermal,54.062
1780559628.7757893,,,soc1-thermal,53.593
1780559628.7757893,,,soc2-thermal,54.187
1780559628.7757893,,,tj-thermal,56.625
1780559628.882226,VDD_IN,6747.904,,
1780559628.882226,VDD_CPU_GPU_CV,2976.768,,
1780559628.882226,VDD_SOC,1451.584,,
1780559628.882226,,,cpu-thermal,56.531
1780559628.882226,,,gpu-thermal,55.781
1780559628.882226,,,soc0-thermal,54.062
1780559628.882226,,,soc1-thermal,53.75
1780559628.882226,,,soc2-thermal,54.093
1780559628.882226,,,tj-thermal,56.531
1780559628.988371,VDD_IN,6747.904,,
1780559628.988371,VDD_CPU_GPU_CV,2976.768,,
1780559628.988371,VDD_SOC,1451.584,,
1780559628.988371,,,cpu-thermal,56.562
1780559628.988371,,,gpu-thermal,56.218
1780559628.988371,,,soc0-thermal,54.156
1780559628.988371,,,soc1-thermal,53.593
1780559628.988371,,,soc2-thermal,54.156
1780559628.988371,,,tj-thermal,56.562
1780559629.0944848,VDD_IN,6747.904,,
1780559629.0944848,VDD_CPU_GPU_CV,2976.768,,
1780559629.0944848,VDD_SOC,1451.584,,
1780559629.0944848,,,cpu-thermal,56.687
1780559629.0944848,,,gpu-thermal,56.062
1780559629.0944848,,,soc0-thermal,54.031
1780559629.0944848,,,soc1-thermal,53.718
1780559629.0944848,,,soc2-thermal,54.312
1780559629.0944848,,,tj-thermal,56.875
1780559629.200671,VDD_IN,6747.904,,
1780559629.200671,VDD_CPU_GPU_CV,2976.768,,
1780559629.200671,VDD_SOC,1451.584,,
1780559629.200671,,,cpu-thermal,56.875
1780559629.200671,,,gpu-thermal,56.0
1780559629.200671,,,soc0-thermal,54.093
1780559629.200671,,,soc1-thermal,53.812
1780559629.200671,,,soc2-thermal,54.281
1780559629.200671,,,tj-thermal,56.875
1780559629.306735,VDD_IN,6747.904,,
1780559629.306735,VDD_CPU_GPU_CV,2976.768,,
1780559629.306735,VDD_SOC,1451.584,,
1780559629.306735,,,cpu-thermal,56.593
1780559629.306735,,,gpu-thermal,55.937
1780559629.306735,,,soc0-thermal,54.156
1780559629.306735,,,soc1-thermal,53.968
1780559629.306735,,,soc2-thermal,54.281
1780559629.306735,,,tj-thermal,56.593
1780559629.4128535,VDD_IN,6787.136,,
1780559629.4128535,VDD_CPU_GPU_CV,3015.936,,
1780559629.4128535,VDD_SOC,1451.584,,
1780559629.4128535,,,cpu-thermal,56.75
1780559629.4128535,,,gpu-thermal,55.875
1780559629.4128535,,,soc0-thermal,54.187
1780559629.4128535,,,soc1-thermal,53.718
1780559629.4128535,,,soc2-thermal,54.281
1780559629.4128535,,,tj-thermal,56.75
1780559629.5188677,VDD_IN,6787.136,,
1780559629.5188677,VDD_CPU_GPU_CV,3015.936,,
1780559629.5188677,VDD_SOC,1451.584,,
1780559629.5188677,,,cpu-thermal,56.906
1780559629.5188677,,,gpu-thermal,55.906
1780559629.5188677,,,soc0-thermal,54.093
1780559629.5188677,,,soc1-thermal,53.812
1780559629.5188677,,,soc2-thermal,54.312
1780559629.5188677,,,tj-thermal,56.906
1780559629.625016,VDD_IN,6747.904,,
1780559629.625016,VDD_CPU_GPU_CV,2976.768,,
1780559629.625016,VDD_SOC,1451.584,,
1780559629.625016,,,cpu-thermal,56.843
1780559629.625016,,,gpu-thermal,56.125
1780559629.625016,,,soc0-thermal,54.125
1780559629.625016,,,soc1-thermal,53.843
1780559629.625016,,,soc2-thermal,54.187
1780559629.625016,,,tj-thermal,56.843
1780559629.7309716,VDD_IN,6747.904,,
1780559629.7309716,VDD_CPU_GPU_CV,2976.768,,
1780559629.7309716,VDD_SOC,1451.584,,
1780559629.7309716,,,cpu-thermal,56.656
1780559629.7309716,,,gpu-thermal,56.062
1780559629.7309716,,,soc0-thermal,54.281
1780559629.7309716,,,soc1-thermal,53.687
1780559629.7309716,,,soc2-thermal,54.25
1780559629.7309716,,,tj-thermal,56.656
1780559629.837658,VDD_IN,6747.904,,
1780559629.837658,VDD_CPU_GPU_CV,2976.768,,
1780559629.837658,VDD_SOC,1451.584,,
1780559629.837658,,,cpu-thermal,56.781
1780559629.837658,,,gpu-thermal,56.0
1780559629.837658,,,soc0-thermal,54.125
1780559629.837658,,,soc1-thermal,53.843
1780559629.837658,,,soc2-thermal,54.375
1780559629.837658,,,tj-thermal,56.781
1780559629.9437826,VDD_IN,6747.904,,
1780559629.9437826,VDD_CPU_GPU_CV,2976.768,,
1780559629.9437826,VDD_SOC,1451.584,,
1780559629.9437826,,,cpu-thermal,56.625
1780559629.9437826,,,gpu-thermal,55.937
1780559629.9437826,,,soc0-thermal,54.156
1780559629.9437826,,,soc1-thermal,53.906
1780559629.9437826,,,soc2-thermal,54.312
1780559629.9437826,,,tj-thermal,56.625
1780559630.0499399,VDD_IN,6747.904,,
1780559630.0499399,VDD_CPU_GPU_CV,2976.768,,
1780559630.0499399,VDD_SOC,1451.584,,
1780559630.0499399,,,cpu-thermal,56.593
1780559630.0499399,,,gpu-thermal,55.875
1780559630.0499399,,,soc0-thermal,54.25
1780559630.0499399,,,soc1-thermal,53.75
1780559630.0499399,,,soc2-thermal,54.25
1780559630.0499399,,,tj-thermal,56.593
1780559630.1559916,VDD_IN,6747.904,,
1780559630.1559916,VDD_CPU_GPU_CV,2976.768,,
1780559630.1559916,VDD_SOC,1451.584,,
1780559630.1559916,,,cpu-thermal,56.656
1780559630.1559916,,,gpu-thermal,56.25
1780559630.1559916,,,soc0-thermal,54.156
1780559630.1559916,,,soc1-thermal,53.718
1780559630.1559916,,,soc2-thermal,54.375
1780559630.1559916,,,tj-thermal,56.656
1780559630.2620754,VDD_IN,6747.904,,
1780559630.2620754,VDD_CPU_GPU_CV,2976.768,,
1780559630.2620754,VDD_SOC,1451.584,,
1780559630.2620754,,,cpu-thermal,56.718
1780559630.2620754,,,gpu-thermal,55.968
1780559630.2620754,,,soc0-thermal,54.156
1780559630.2620754,,,soc1-thermal,53.875
1780559630.2620754,,,soc2-thermal,54.437
1780559630.2620754,,,tj-thermal,56.718
1780559630.3682203,VDD_IN,6747.904,,
1780559630.3682203,VDD_CPU_GPU_CV,2976.768,,
1780559630.3682203,VDD_SOC,1451.584,,
1780559630.3682203,,,cpu-thermal,56.718
1780559630.3682203,,,gpu-thermal,55.875
1780559630.3682203,,,soc0-thermal,54.218
1780559630.3682203,,,soc1-thermal,53.625
1780559630.3682203,,,soc2-thermal,54.281
1780559630.3682203,,,tj-thermal,56.718
1780559630.4741964,VDD_IN,6787.136,,
1780559630.4741964,VDD_CPU_GPU_CV,3015.936,,
1780559630.4741964,VDD_SOC,1451.584,,
1780559630.4741964,,,cpu-thermal,56.656
1780559630.4741964,,,gpu-thermal,56.25
1780559630.4741964,,,soc0-thermal,54.093
1780559630.4741964,,,soc1-thermal,53.812
1780559630.4741964,,,soc2-thermal,54.375
1780559630.4741964,,,tj-thermal,56.812
1780559630.580164,VDD_IN,6747.904,,
1780559630.580164,VDD_CPU_GPU_CV,3015.936,,
1780559630.580164,VDD_SOC,1451.584,,
1780559630.580164,,,cpu-thermal,56.875
1780559630.580164,,,gpu-thermal,56.156
1780559630.580164,,,soc0-thermal,54.156
1780559630.580164,,,soc1-thermal,53.843
1780559630.580164,,,soc2-thermal,54.406
1780559630.580164,,,tj-thermal,56.875
1780559630.686304,VDD_IN,6747.904,,
1780559630.686304,VDD_CPU_GPU_CV,2976.768,,
1780559630.686304,VDD_SOC,1451.584,,
1780559630.686304,,,cpu-thermal,57.093
1780559630.686304,,,gpu-thermal,56.062
1780559630.686304,,,soc0-thermal,54.312
1780559630.686304,,,soc1-thermal,54.0
1780559630.686304,,,soc2-thermal,54.343
1780559630.686304,,,tj-thermal,57.093
1780559630.792502,VDD_IN,6747.904,,
1780559630.792502,VDD_CPU_GPU_CV,2976.768,,
1780559630.792502,VDD_SOC,1451.584,,
1780559630.792502,,,cpu-thermal,56.812
1780559630.792502,,,gpu-thermal,56.0
1780559630.792502,,,soc0-thermal,54.125
1780559630.792502,,,soc1-thermal,53.718
1780559630.792502,,,soc2-thermal,54.375
1780559630.792502,,,tj-thermal,56.812
1780559630.8985815,VDD_IN,6747.904,,
1780559630.8985815,VDD_CPU_GPU_CV,2976.768,,
1780559630.8985815,VDD_SOC,1451.584,,
1780559630.8985815,,,cpu-thermal,56.875
1780559630.8985815,,,gpu-thermal,55.968
1780559630.8985815,,,soc0-thermal,54.187
1780559630.8985815,,,soc1-thermal,53.812
1780559630.8985815,,,soc2-thermal,54.437
1780559630.8985815,,,tj-thermal,56.875
1780559631.004686,VDD_IN,6747.904,,
1780559631.004686,VDD_CPU_GPU_CV,2976.768,,
1780559631.004686,VDD_SOC,1451.584,,
1780559631.004686,,,cpu-thermal,56.968
1780559631.004686,,,gpu-thermal,56.468
1780559631.004686,,,soc0-thermal,54.187
1780559631.004686,,,soc1-thermal,54.031
1780559631.004686,,,soc2-thermal,54.312
1780559631.004686,,,tj-thermal,56.718
1780559631.110566,VDD_IN,6747.904,,
1780559631.110566,VDD_CPU_GPU_CV,2976.768,,
1780559631.110566,VDD_SOC,1451.584,,
1780559631.110566,,,cpu-thermal,56.75
1780559631.110566,,,gpu-thermal,56.25
1780559631.110566,,,soc0-thermal,54.343
1780559631.110566,,,soc1-thermal,53.812
1780559631.110566,,,soc2-thermal,54.375
1780559631.110566,,,tj-thermal,56.75
1780559631.2167966,VDD_IN,6747.904,,
1780559631.2167966,VDD_CPU_GPU_CV,2976.768,,
1780559631.2167966,VDD_SOC,1451.584,,
1780559631.2167966,,,cpu-thermal,56.781
1780559631.2167966,,,gpu-thermal,56.125
1780559631.2167966,,,soc0-thermal,54.156
1780559631.2167966,,,soc1-thermal,53.781
1780559631.2167966,,,soc2-thermal,54.375
1780559631.2167966,,,tj-thermal,56.781
1780559631.3229768,VDD_IN,6747.904,,
1780559631.3229768,VDD_CPU_GPU_CV,2976.768,,
1780559631.3229768,VDD_SOC,1451.584,,
1780559631.3229768,,,cpu-thermal,56.812
1780559631.3229768,,,gpu-thermal,56.062
1780559631.3229768,,,soc0-thermal,54.218
1780559631.3229768,,,soc1-thermal,53.968
1780559631.3229768,,,soc2-thermal,54.468
1780559631.3229768,,,tj-thermal,56.812
1780559631.4290981,VDD_IN,6787.136,,
1780559631.4290981,VDD_CPU_GPU_CV,3015.936,,
1780559631.4290981,VDD_SOC,1451.584,,
1780559631.4290981,,,cpu-thermal,56.75
1780559631.4290981,,,gpu-thermal,56.0
1780559631.4290981,,,soc0-thermal,54.281
1780559631.4290981,,,soc1-thermal,53.875
1780559631.4290981,,,soc2-thermal,54.406
1780559631.4290981,,,tj-thermal,56.75
1780559631.5352316,VDD_IN,6787.136,,
1780559631.5352316,VDD_CPU_GPU_CV,3015.936,,
1780559631.5352316,VDD_SOC,1451.584,,
1780559631.5352316,,,cpu-thermal,56.781
1780559631.5352316,,,gpu-thermal,56.125
1780559631.5352316,,,soc0-thermal,54.218
1780559631.5352316,,,soc1-thermal,53.906
1780559631.5352316,,,soc2-thermal,54.5
1780559631.5352316,,,tj-thermal,56.781
1780559631.641313,VDD_IN,6747.904,,
1780559631.641313,VDD_CPU_GPU_CV,2976.768,,
1780559631.641313,VDD_SOC,1451.584,,
1780559631.641313,,,cpu-thermal,57.093
1780559631.641313,,,gpu-thermal,56.125
1780559631.641313,,,soc0-thermal,54.343
1780559631.641313,,,soc1-thermal,53.968
1780559631.641313,,,soc2-thermal,54.562
1780559631.641313,,,tj-thermal,57.093
1780559631.7472582,VDD_IN,6747.904,,
1780559631.7472582,VDD_CPU_GPU_CV,2976.768,,
1780559631.7472582,VDD_SOC,1451.584,,
1780559631.7472582,,,cpu-thermal,56.75
1780559631.7472582,,,gpu-thermal,56.0
1780559631.7472582,,,soc0-thermal,54.281
1780559631.7472582,,,soc1-thermal,54.062
1780559631.7472582,,,soc2-thermal,54.406
1780559631.7472582,,,tj-thermal,56.75
1780559631.8533497,VDD_IN,6747.904,,
1780559631.8533497,VDD_CPU_GPU_CV,2976.768,,
1780559631.8533497,VDD_SOC,1451.584,,
1780559631.8533497,,,cpu-thermal,56.75
1780559631.8533497,,,gpu-thermal,55.906
1780559631.8533497,,,soc0-thermal,54.375
1780559631.8533497,,,soc1-thermal,53.781
1780559631.8533497,,,soc2-thermal,54.375
1780559631.8533497,,,tj-thermal,56.906
1780559631.9595428,VDD_IN,6747.904,,
1780559631.9595428,VDD_CPU_GPU_CV,2976.768,,
1780559631.9595428,VDD_SOC,1451.584,,
1780559631.9595428,,,cpu-thermal,56.968
1780559631.9595428,,,gpu-thermal,56.312
1780559631.9595428,,,soc0-thermal,54.25
1780559631.9595428,,,soc1-thermal,53.906
1780559631.9595428,,,soc2-thermal,54.531
1780559631.9595428,,,tj-thermal,56.968
1780559632.0655777,VDD_IN,6747.904,,
1780559632.0655777,VDD_CPU_GPU_CV,2976.768,,
1780559632.0655777,VDD_SOC,1451.584,,
1780559632.0655777,,,cpu-thermal,57.062
1780559632.0655777,,,gpu-thermal,56.156
1780559632.0655777,,,soc0-thermal,54.312
1780559632.0655777,,,soc1-thermal,54.031
1780559632.0655777,,,soc2-thermal,54.437
1780559632.0655777,,,tj-thermal,57.062
1780559632.1716943,VDD_IN,6747.904,,
1780559632.1716943,VDD_CPU_GPU_CV,2976.768,,
1780559632.1716943,VDD_SOC,1451.584,,
1780559632.1716943,,,cpu-thermal,56.812
1780559632.1716943,,,gpu-thermal,56.187
1780559632.1716943,,,soc0-thermal,54.343
1780559632.1716943,,,soc1-thermal,53.843
1780559632.1716943,,,soc2-thermal,54.437
1780559632.1716943,,,tj-thermal,56.812
1780559632.277824,VDD_IN,6747.904,,
1780559632.277824,VDD_CPU_GPU_CV,2976.768,,
1780559632.277824,VDD_SOC,1451.584,,
1780559632.277824,,,cpu-thermal,56.843
1780559632.277824,,,gpu-thermal,56.062
1780559632.277824,,,soc0-thermal,54.281
1780559632.277824,,,soc1-thermal,53.937
1780559632.277824,,,soc2-thermal,54.531
1780559632.277824,,,tj-thermal,56.843
1780559632.383973,VDD_IN,6747.904,,
1780559632.383973,VDD_CPU_GPU_CV,2976.768,,
1780559632.383973,VDD_SOC,1451.584,,
1780559632.383973,,,cpu-thermal,56.937
1780559632.383973,,,gpu-thermal,56.093
1780559632.383973,,,soc0-thermal,54.312
1780559632.383973,,,soc1-thermal,54.093
1780559632.383973,,,soc2-thermal,54.625
1780559632.383973,,,tj-thermal,56.812
1780559632.4900951,VDD_IN,6787.136,,
1780559632.4900951,VDD_CPU_GPU_CV,3015.936,,
1780559632.4900951,VDD_SOC,1451.584,,
1780559632.4900951,,,cpu-thermal,56.875
1780559632.4900951,,,gpu-thermal,56.437
1780559632.4900951,,,soc0-thermal,54.375
1780559632.4900951,,,soc1-thermal,53.906
1780559632.4900951,,,soc2-thermal,54.437
1780559632.4900951,,,tj-thermal,56.875
1780559632.5962338,VDD_IN,6787.136,,
1780559632.5962338,VDD_CPU_GPU_CV,3015.936,,
1780559632.5962338,VDD_SOC,1451.584,,
1780559632.5962338,,,cpu-thermal,56.906
1780559632.5962338,,,gpu-thermal,56.218
1780559632.5962338,,,soc0-thermal,54.25
1780559632.5962338,,,soc1-thermal,54.0
1780559632.5962338,,,soc2-thermal,54.468
1780559632.5962338,,,tj-thermal,56.906
1780559632.7028234,VDD_IN,6747.904,,
1780559632.7028234,VDD_CPU_GPU_CV,3015.936,,
1780559632.7028234,VDD_SOC,1451.584,,
1780559632.7028234,,,cpu-thermal,56.812
1780559632.7028234,,,gpu-thermal,56.218
1780559632.7028234,,,soc0-thermal,54.312
1780559632.7028234,,,soc1-thermal,54.062
1780559632.7028234,,,soc2-thermal,54.531
1780559632.7028234,,,tj-thermal,56.812
1780559632.8093643,VDD_IN,6747.904,,
1780559632.8093643,VDD_CPU_GPU_CV,2976.768,,
1780559632.8093643,VDD_SOC,1451.584,,
1780559632.8093643,,,cpu-thermal,56.75
1780559632.8093643,,,gpu-thermal,56.156
1780559632.8093643,,,soc0-thermal,54.375
1780559632.8093643,,,soc1-thermal,53.937
1780559632.8093643,,,soc2-thermal,54.531
1780559632.8093643,,,tj-thermal,56.75
1780559632.915938,VDD_IN,6787.136,,
1780559632.915938,VDD_CPU_GPU_CV,2976.768,,
1780559632.915938,VDD_SOC,1451.584,,
1780559632.915938,,,cpu-thermal,56.875
1780559632.915938,,,gpu-thermal,56.156
1780559632.915938,,,soc0-thermal,54.281
1780559632.915938,,,soc1-thermal,53.968
1780559632.915938,,,soc2-thermal,54.5
1780559632.915938,,,tj-thermal,57.031
1780559633.0224671,VDD_IN,6747.904,,
1780559633.0224671,VDD_CPU_GPU_CV,2976.768,,
1780559633.0224671,VDD_SOC,1451.584,,
1780559633.0224671,,,cpu-thermal,57.156
1780559633.0224671,,,gpu-thermal,56.562
1780559633.0224671,,,soc0-thermal,54.312
1780559633.0224671,,,soc1-thermal,54.031
1780559633.0224671,,,soc2-thermal,54.531
1780559633.0224671,,,tj-thermal,57.156
1780559633.129196,VDD_IN,6747.904,,
1780559633.129196,VDD_CPU_GPU_CV,2976.768,,
1780559633.129196,VDD_SOC,1451.584,,
1780559633.129196,,,cpu-thermal,57.25
1780559633.129196,,,gpu-thermal,56.375
1780559633.129196,,,soc0-thermal,54.343
1780559633.129196,,,soc1-thermal,53.906
1780559633.129196,,,soc2-thermal,54.531
1780559633.129196,,,tj-thermal,56.906
1780559633.2358074,VDD_IN,6787.136,,
1780559633.2358074,VDD_CPU_GPU_CV,2976.768,,
1780559633.2358074,VDD_SOC,1451.584,,
1780559633.2358074,,,cpu-thermal,56.937
1780559633.2358074,,,gpu-thermal,56.312
1780559633.2358074,,,soc0-thermal,54.375
1780559633.2358074,,,soc1-thermal,53.906
1780559633.2358074,,,soc2-thermal,54.531
1780559633.2358074,,,tj-thermal,56.937
1780559633.3422098,VDD_IN,6787.136,,
1780559633.3422098,VDD_CPU_GPU_CV,3015.936,,
1780559633.3422098,VDD_SOC,1451.584,,
1780559633.3422098,,,cpu-thermal,57.0
1780559633.3422098,,,gpu-thermal,56.187
1780559633.3422098,,,soc0-thermal,54.375
1780559633.3422098,,,soc1-thermal,54.156
1780559633.3422098,,,soc2-thermal,54.593
1780559633.3422098,,,tj-thermal,56.812
1780559633.4487414,VDD_IN,6787.136,,
1780559633.4487414,VDD_CPU_GPU_CV,3015.936,,
1780559633.4487414,VDD_SOC,1451.584,,
1780559633.4487414,,,cpu-thermal,56.906
1780559633.4487414,,,gpu-thermal,56.125
1780559633.4487414,,,soc0-thermal,54.468
1780559633.4487414,,,soc1-thermal,53.906
1780559633.4487414,,,soc2-thermal,54.593
1780559633.4487414,,,tj-thermal,56.906
1780559633.5552878,VDD_IN,6787.136,,
1780559633.5552878,VDD_CPU_GPU_CV,3015.936,,
1780559633.5552878,VDD_SOC,1451.584,,
1780559633.5552878,,,cpu-thermal,56.875
1780559633.5552878,,,gpu-thermal,56.093
1780559633.5552878,,,soc0-thermal,54.312
1780559633.5552878,,,soc1-thermal,54.062
1780559633.5552878,,,soc2-thermal,54.625
1780559633.5552878,,,tj-thermal,56.875
1780559633.6619034,VDD_IN,6787.136,,
1780559633.6619034,VDD_CPU_GPU_CV,3015.936,,
1780559633.6619034,VDD_SOC,1451.584,,
1780559633.6619034,,,cpu-thermal,56.875
1780559633.6619034,,,gpu-thermal,56.437
1780559633.6619034,,,soc0-thermal,54.375
1780559633.6619034,,,soc1-thermal,54.125
1780559633.6619034,,,soc2-thermal,54.531
1780559633.6619034,,,tj-thermal,56.875
1780559633.7693048,VDD_IN,6747.904,,
1780559633.7693048,VDD_CPU_GPU_CV,2976.768,,
1780559633.7693048,VDD_SOC,1451.584,,
1780559633.7693048,,,cpu-thermal,56.843
1780559633.7693048,,,gpu-thermal,56.343
1780559633.7693048,,,soc0-thermal,54.5
1780559633.7693048,,,soc1-thermal,54.0
1780559633.7693048,,,soc2-thermal,54.593
1780559633.7693048,,,tj-thermal,56.843
1780559633.8760865,VDD_IN,6787.136,,
1780559633.8760865,VDD_CPU_GPU_CV,2976.768,,
1780559633.8760865,VDD_SOC,1451.584,,
1780559633.8760865,,,cpu-thermal,57.062
1780559633.8760865,,,gpu-thermal,56.625
1780559633.8760865,,,soc0-thermal,54.375
1780559633.8760865,,,soc1-thermal,54.0
1780559633.8760865,,,soc2-thermal,54.593
1780559633.8760865,,,tj-thermal,57.062
1780559633.9829426,VDD_IN,6787.136,,
1780559633.9829426,VDD_CPU_GPU_CV,3015.936,,
1780559633.9829426,VDD_SOC,1451.584,,
1780559633.9829426,,,cpu-thermal,57.25
1780559633.9829426,,,gpu-thermal,56.437
1780559633.9829426,,,soc0-thermal,54.437
1780559633.9829426,,,soc1-thermal,54.062
1780559633.9829426,,,soc2-thermal,54.625
1780559633.9829426,,,tj-thermal,57.25
1780559634.0895276,VDD_IN,6747.904,,
1780559634.0895276,VDD_CPU_GPU_CV,2976.768,,
1780559634.0895276,VDD_SOC,1451.584,,
1780559634.0895276,,,cpu-thermal,57.0
1780559634.0895276,,,gpu-thermal,56.312
1780559634.0895276,,,soc0-thermal,54.5
1780559634.0895276,,,soc1-thermal,54.031
1780559634.0895276,,,soc2-thermal,54.656
1780559634.0895276,,,tj-thermal,57.0
1780559634.1957564,VDD_IN,6747.904,,
1780559634.1957564,VDD_CPU_GPU_CV,2976.768,,
1780559634.1957564,VDD_SOC,1451.584,,
1780559634.1957564,,,cpu-thermal,57.031
1780559634.1957564,,,gpu-thermal,56.25
1780559634.1957564,,,soc0-thermal,54.375
1780559634.1957564,,,soc1-thermal,54.062
1780559634.1957564,,,soc2-thermal,54.625
1780559634.1957564,,,tj-thermal,57.031
1780559634.3025432,VDD_IN,6787.136,,
1780559634.3025432,VDD_CPU_GPU_CV,3015.936,,
1780559634.3025432,VDD_SOC,1451.584,,
1780559634.3025432,,,cpu-thermal,57.187
1780559634.3025432,,,gpu-thermal,56.218
1780559634.3025432,,,soc0-thermal,54.437
1780559634.3025432,,,soc1-thermal,54.156
1780559634.3025432,,,soc2-thermal,54.718
1780559634.3025432,,,tj-thermal,56.937
1780559634.4088328,VDD_IN,6787.136,,
1780559634.4088328,VDD_CPU_GPU_CV,3015.936,,
1780559634.4088328,VDD_SOC,1451.584,,
1780559634.4088328,,,cpu-thermal,56.937
1780559634.4088328,,,gpu-thermal,56.187
1780559634.4088328,,,soc0-thermal,54.562
1780559634.4088328,,,soc1-thermal,54.093
1780559634.4088328,,,soc2-thermal,54.625
1780559634.4088328,,,tj-thermal,56.937
1780559634.5153954,VDD_IN,6747.904,,
1780559634.5153954,VDD_CPU_GPU_CV,3015.936,,
1780559634.5153954,VDD_SOC,1451.584,,
1780559634.5153954,,,cpu-thermal,57.0
1780559634.5153954,,,gpu-thermal,56.5
1780559634.5153954,,,soc0-thermal,54.437
1780559634.5153954,,,soc1-thermal,54.062
1780559634.5153954,,,soc2-thermal,54.687
1780559634.5153954,,,tj-thermal,57.25
1780559634.6219609,VDD_IN,6787.136,,
1780559634.6219609,VDD_CPU_GPU_CV,3015.936,,
1780559634.6219609,VDD_SOC,1451.584,,
1780559634.6219609,,,cpu-thermal,57.312
1780559634.6219609,,,gpu-thermal,56.468
1780559634.6219609,,,soc0-thermal,54.468
1780559634.6219609,,,soc1-thermal,54.093
1780559634.6219609,,,soc2-thermal,54.625
1780559634.6219609,,,tj-thermal,57.312
1780559634.7283933,VDD_IN,6747.904,,
1780559634.7283933,VDD_CPU_GPU_CV,3015.936,,
1780559634.7283933,VDD_SOC,1451.584,,
1780559634.7283933,,,cpu-thermal,56.968
1780559634.7283933,,,gpu-thermal,56.343
1780559634.7283933,,,soc0-thermal,54.5
1780559634.7283933,,,soc1-thermal,54.062
1780559634.7283933,,,soc2-thermal,54.656
1780559634.7283933,,,tj-thermal,56.968
1780559634.8350163,VDD_IN,6747.904,,
1780559634.8350163,VDD_CPU_GPU_CV,2976.768,,
1780559634.8350163,VDD_SOC,1451.584,,
1780559634.8350163,,,cpu-thermal,57.093
1780559634.8350163,,,gpu-thermal,56.281
1780559634.8350163,,,soc0-thermal,54.5
1780559634.8350163,,,soc1-thermal,54.093
1780559634.8350163,,,soc2-thermal,54.625
1780559634.8350163,,,tj-thermal,57.093
1780559634.9416375,VDD_IN,6787.136,,
1780559634.9416375,VDD_CPU_GPU_CV,3015.936,,
1780559634.9416375,VDD_SOC,1451.584,,
1780559634.9416375,,,cpu-thermal,57.218
1780559634.9416375,,,gpu-thermal,56.25
1780559634.9416375,,,soc0-thermal,54.531
1780559634.9416375,,,soc1-thermal,54.125
1780559634.9416375,,,soc2-thermal,54.656
1780559634.9416375,,,tj-thermal,57.218
1780559635.0485995,VDD_IN,6787.136,,
1780559635.0485995,VDD_CPU_GPU_CV,3015.936,,
1780559635.0485995,VDD_SOC,1451.584,,
1780559635.0485995,,,cpu-thermal,57.093
1780559635.0485995,,,gpu-thermal,56.625
1780559635.0485995,,,soc0-thermal,54.562
1780559635.0485995,,,soc1-thermal,54.125
1780559635.0485995,,,soc2-thermal,54.625
1780559635.0485995,,,tj-thermal,57.093
1780559635.155087,VDD_IN,6747.904,,
1780559635.155087,VDD_CPU_GPU_CV,2976.768,,
1780559635.155087,VDD_SOC,1451.584,,
1780559635.155087,,,cpu-thermal,57.0
1780559635.155087,,,gpu-thermal,56.531
1780559635.155087,,,soc0-thermal,54.406
1780559635.155087,,,soc1-thermal,54.093
1780559635.155087,,,soc2-thermal,54.781
1780559635.155087,,,tj-thermal,57.0
1780559635.2618835,VDD_IN,6787.136,,
1780559635.2618835,VDD_CPU_GPU_CV,2976.768,,
1780559635.2618835,VDD_SOC,1451.584,,
1780559635.2618835,,,cpu-thermal,56.968
1780559635.2618835,,,gpu-thermal,56.375
1780559635.2618835,,,soc0-thermal,54.5
1780559635.2618835,,,soc1-thermal,54.187
1780559635.2618835,,,soc2-thermal,54.687
1780559635.2618835,,,tj-thermal,56.968
1780559635.3683822,VDD_IN,6787.136,,
1780559635.3683822,VDD_CPU_GPU_CV,3015.936,,
1780559635.3683822,VDD_SOC,1451.584,,
1780559635.3683822,,,cpu-thermal,57.125
1780559635.3683822,,,gpu-thermal,56.281
1780559635.3683822,,,soc0-thermal,54.562
1780559635.3683822,,,soc1-thermal,54.125
1780559635.3683822,,,soc2-thermal,54.687
1780559635.3683822,,,tj-thermal,57.125
1780559635.4745588,VDD_IN,6747.904,,
1780559635.4745588,VDD_CPU_GPU_CV,3015.936,,
1780559635.4745588,VDD_SOC,1451.584,,
1780559635.4745588,,,cpu-thermal,57.062
1780559635.4745588,,,gpu-thermal,56.343
1780559635.4745588,,,soc0-thermal,54.406
1780559635.4745588,,,soc1-thermal,54.156
1780559635.4745588,,,soc2-thermal,54.687
1780559635.4745588,,,tj-thermal,57.187
1780559635.5812433,VDD_IN,6747.904,,
1780559635.5812433,VDD_CPU_GPU_CV,3015.936,,
1780559635.5812433,VDD_SOC,1451.584,,
1780559635.5812433,,,cpu-thermal,57.406
1780559635.5812433,,,gpu-thermal,56.593
1780559635.5812433,,,soc0-thermal,54.531
1780559635.5812433,,,soc1-thermal,54.281
1780559635.5812433,,,soc2-thermal,54.656
1780559635.5812433,,,tj-thermal,57.406
1780559635.6876845,VDD_IN,6787.136,,
1780559635.6876845,VDD_CPU_GPU_CV,3015.936,,
1780559635.6876845,VDD_SOC,1451.584,,
1780559635.6876845,,,cpu-thermal,57.093
1780559635.6876845,,,gpu-thermal,56.593
1780559635.6876845,,,soc0-thermal,54.562
1780559635.6876845,,,soc1-thermal,54.156
1780559635.6876845,,,soc2-thermal,54.656
1780559635.6876845,,,tj-thermal,57.125
1780559635.7940528,VDD_IN,6747.904,,
1780559635.7940528,VDD_CPU_GPU_CV,2976.768,,
1780559635.7940528,VDD_SOC,1451.584,,
1780559635.7940528,,,cpu-thermal,57.125
1780559635.7940528,,,gpu-thermal,56.437
1780559635.7940528,,,soc0-thermal,54.531
1780559635.7940528,,,soc1-thermal,54.218
1780559635.7940528,,,soc2-thermal,54.687
1780559635.7940528,,,tj-thermal,57.125
1780559635.9007266,VDD_IN,6747.904,,
1780559635.9007266,VDD_CPU_GPU_CV,3015.936,,
1780559635.9007266,VDD_SOC,1451.584,,
1780559635.9007266,,,cpu-thermal,57.25
1780559635.9007266,,,gpu-thermal,56.375
1780559635.9007266,,,soc0-thermal,54.593
1780559635.9007266,,,soc1-thermal,54.25
1780559635.9007266,,,soc2-thermal,54.625
1780559635.9007266,,,tj-thermal,57.25
1780559636.0072947,VDD_IN,6787.136,,
1780559636.0072947,VDD_CPU_GPU_CV,2976.768,,
1780559636.0072947,VDD_SOC,1451.584,,
1780559636.0072947,,,cpu-thermal,57.031
1780559636.0072947,,,gpu-thermal,56.437
1780559636.0072947,,,soc0-thermal,54.562
1780559636.0072947,,,soc1-thermal,54.093
1780559636.0072947,,,soc2-thermal,54.718
1780559636.0072947,,,tj-thermal,57.031
1780559636.1141162,VDD_IN,6747.904,,
1780559636.1141162,VDD_CPU_GPU_CV,2976.768,,
1780559636.1141162,VDD_SOC,1451.584,,
1780559636.1141162,,,cpu-thermal,57.093
1780559636.1141162,,,gpu-thermal,56.343
1780559636.1141162,,,soc0-thermal,54.531
1780559636.1141162,,,soc1-thermal,54.125
1780559636.1141162,,,soc2-thermal,54.718
1780559636.1141162,,,tj-thermal,57.093
1780559636.2206173,VDD_IN,6747.904,,
1780559636.2206173,VDD_CPU_GPU_CV,2976.768,,
1780559636.2206173,VDD_SOC,1451.584,,
1780559636.2206173,,,cpu-thermal,57.0
1780559636.2206173,,,gpu-thermal,56.656
1780559636.2206173,,,soc0-thermal,54.531
1780559636.2206173,,,soc1-thermal,54.25
1780559636.2206173,,,soc2-thermal,54.687
1780559636.2206173,,,tj-thermal,57.0
1780559636.3270316,VDD_IN,6787.136,,
1780559636.3270316,VDD_CPU_GPU_CV,3015.936,,
1780559636.3270316,VDD_SOC,1451.584,,
1780559636.3270316,,,cpu-thermal,57.031
1780559636.3270316,,,gpu-thermal,56.625
1780559636.3270316,,,soc0-thermal,54.593
1780559636.3270316,,,soc1-thermal,54.25
1780559636.3270316,,,soc2-thermal,54.75
1780559636.3270316,,,tj-thermal,57.031
1780559636.4336152,VDD_IN,6787.136,,
1780559636.4336152,VDD_CPU_GPU_CV,3015.936,,
1780559636.4336152,VDD_SOC,1451.584,,
1780559636.4336152,,,cpu-thermal,57.312
1780559636.4336152,,,gpu-thermal,56.531
1780559636.4336152,,,soc0-thermal,54.562
1780559636.4336152,,,soc1-thermal,54.187
1780559636.4336152,,,soc2-thermal,54.781
1780559636.4336152,,,tj-thermal,57.312
1780559636.5404806,VDD_IN,6747.904,,
1780559636.5404806,VDD_CPU_GPU_CV,3015.936,,
1780559636.5404806,VDD_SOC,1451.584,,
1780559636.5404806,,,cpu-thermal,57.343
1780559636.5404806,,,gpu-thermal,56.437
1780559636.5404806,,,soc0-thermal,54.625
1780559636.5404806,,,soc1-thermal,54.406
1780559636.5404806,,,soc2-thermal,54.781
1780559636.5404806,,,tj-thermal,57.343
1780559636.6475456,VDD_IN,6787.136,,
1780559636.6475456,VDD_CPU_GPU_CV,3015.936,,
1780559636.6475456,VDD_SOC,1451.584,,
1780559636.6475456,,,cpu-thermal,57.093
1780559636.6475456,,,gpu-thermal,56.5
1780559636.6475456,,,soc0-thermal,54.718
1780559636.6475456,,,soc1-thermal,54.187
1780559636.6475456,,,soc2-thermal,54.718
1780559636.6475456,,,tj-thermal,57.187
1780559636.7539747,VDD_IN,6787.136,,
1780559636.7539747,VDD_CPU_GPU_CV,3015.936,,
1780559636.7539747,VDD_SOC,1451.584,,
1780559636.7539747,,,cpu-thermal,57.187
1780559636.7539747,,,gpu-thermal,56.5
1780559636.7539747,,,soc0-thermal,54.531
1780559636.7539747,,,soc1-thermal,54.25
1780559636.7539747,,,soc2-thermal,54.843
1780559636.7539747,,,tj-thermal,57.187
1780559636.8603735,VDD_IN,6747.904,,
1780559636.8603735,VDD_CPU_GPU_CV,3015.936,,
1780559636.8603735,VDD_SOC,1451.584,,
1780559636.8603735,,,cpu-thermal,57.281
1780559636.8603735,,,gpu-thermal,56.343
1780559636.8603735,,,soc0-thermal,54.562
1780559636.8603735,,,soc1-thermal,54.343
1780559636.8603735,,,soc2-thermal,54.687
1780559636.8603735,,,tj-thermal,57.156
1780559636.9669218,VDD_IN,6747.904,,
1780559636.9669218,VDD_CPU_GPU_CV,2976.768,,
1780559636.9669218,VDD_SOC,1451.584,,
1780559636.9669218,,,cpu-thermal,57.125
1780559636.9669218,,,gpu-thermal,56.375
1780559636.9669218,,,soc0-thermal,54.718
1780559636.9669218,,,soc1-thermal,54.25
1780559636.9669218,,,soc2-thermal,54.781
1780559636.9669218,,,tj-thermal,57.125
1780559637.0734642,VDD_IN,6787.136,,
1780559637.0734642,VDD_CPU_GPU_CV,2976.768,,
1780559637.0734642,VDD_SOC,1451.584,,
1780559637.0734642,,,cpu-thermal,57.25
1780559637.0734642,,,gpu-thermal,56.656
1780559637.0734642,,,soc0-thermal,54.562
1780559637.0734642,,,soc1-thermal,54.312
1780559637.0734642,,,soc2-thermal,54.843
1780559637.0734642,,,tj-thermal,57.25
1780559637.1797988,VDD_IN,6747.904,,
1780559637.1797988,VDD_CPU_GPU_CV,2976.768,,
1780559637.1797988,VDD_SOC,1451.584,,
1780559637.1797988,,,cpu-thermal,57.062
1780559637.1797988,,,gpu-thermal,56.531
1780559637.1797988,,,soc0-thermal,54.625
1780559637.1797988,,,soc1-thermal,54.281
1780559637.1797988,,,soc2-thermal,54.781
1780559637.1797988,,,tj-thermal,57.062
1780559637.2866101,VDD_IN,6747.904,,
1780559637.2866101,VDD_CPU_GPU_CV,2976.768,,
1780559637.2866101,VDD_SOC,1451.584,,
1780559637.2866101,,,cpu-thermal,57.156
1780559637.2866101,,,gpu-thermal,56.437
1780559637.2866101,,,soc0-thermal,54.812
1780559637.2866101,,,soc1-thermal,54.218
1780559637.2866101,,,soc2-thermal,54.781
1780559637.2866101,,,tj-thermal,57.156
1780559637.3931901,VDD_IN,6787.136,,
1780559637.3931901,VDD_CPU_GPU_CV,3015.936,,
1780559637.3931901,VDD_SOC,1451.584,,
1780559637.3931901,,,cpu-thermal,57.406
1780559637.3931901,,,gpu-thermal,56.437
1780559637.3931901,,,soc0-thermal,54.625
1780559637.3931901,,,soc1-thermal,54.25
1780559637.3931901,,,soc2-thermal,54.812
1780559637.3931901,,,tj-thermal,57.406
1780559637.4997547,VDD_IN,6787.136,,
1780559637.4997547,VDD_CPU_GPU_CV,3015.936,,
1780559637.4997547,VDD_SOC,1451.584,,
1780559637.4997547,,,cpu-thermal,57.5
1780559637.4997547,,,gpu-thermal,56.375
1780559637.4997547,,,soc0-thermal,54.656
1780559637.4997547,,,soc1-thermal,54.5
1780559637.4997547,,,soc2-thermal,54.656
1780559637.4997547,,,tj-thermal,57.5
1780559637.6063373,VDD_IN,6747.904,,
1780559637.6063373,VDD_CPU_GPU_CV,3015.936,,
1780559637.6063373,VDD_SOC,1451.584,,
1780559637.6063373,,,cpu-thermal,57.281
1780559637.6063373,,,gpu-thermal,56.75
1780559637.6063373,,,soc0-thermal,54.718
1780559637.6063373,,,soc1-thermal,54.281
1780559637.6063373,,,soc2-thermal,54.937
1780559637.6063373,,,tj-thermal,57.281
1780559637.7130585,VDD_IN,6787.136,,
1780559637.7130585,VDD_CPU_GPU_CV,3015.936,,
1780559637.7130585,VDD_SOC,1451.584,,
1780559637.7130585,,,cpu-thermal,57.343
1780559637.7130585,,,gpu-thermal,56.687
1780559637.7130585,,,soc0-thermal,54.593
1780559637.7130585,,,soc1-thermal,54.281
1780559637.7130585,,,soc2-thermal,54.812
1780559637.7130585,,,tj-thermal,57.343
1780559637.8196716,VDD_IN,6787.136,,
1780559637.8196716,VDD_CPU_GPU_CV,3015.936,,
1780559637.8196716,VDD_SOC,1451.584,,
1780559637.8196716,,,cpu-thermal,57.312
1780559637.8196716,,,gpu-thermal,56.625
1780559637.8196716,,,soc0-thermal,54.656
1780559637.8196716,,,soc1-thermal,54.406
1780559637.8196716,,,soc2-thermal,54.812
1780559637.8196716,,,tj-thermal,57.187
1780559637.9263155,VDD_IN,6747.904,,
1780559637.9263155,VDD_CPU_GPU_CV,2976.768,,
1780559637.9263155,VDD_SOC,1451.584,,
1780559637.9263155,,,cpu-thermal,57.125
1780559637.9263155,,,gpu-thermal,56.531
1780559637.9263155,,,soc0-thermal,54.781
1780559637.9263155,,,soc1-thermal,54.281
1780559637.9263155,,,soc2-thermal,54.812
1780559637.9263155,,,tj-thermal,57.125
1780559638.0332248,VDD_IN,6747.904,,
1780559638.0332248,VDD_CPU_GPU_CV,2976.768,,
1780559638.0332248,VDD_SOC,1451.584,,
1780559638.0332248,,,cpu-thermal,57.25
1780559638.0332248,,,gpu-thermal,56.406
1780559638.0332248,,,soc0-thermal,54.656
1780559638.0332248,,,soc1-thermal,54.343
1780559638.0332248,,,soc2-thermal,55.0
1780559638.0332248,,,tj-thermal,57.5
1780559638.1398356,VDD_IN,6787.136,,
1780559638.1398356,VDD_CPU_GPU_CV,2976.768,,
1780559638.1398356,VDD_SOC,1451.584,,
1780559638.1398356,,,cpu-thermal,57.25
1780559638.1398356,,,gpu-thermal,56.437
1780559638.1398356,,,soc0-thermal,54.718
1780559638.1398356,,,soc1-thermal,54.437
1780559638.1398356,,,soc2-thermal,54.781
1780559638.1398356,,,tj-thermal,57.25
1780559638.2466016,VDD_IN,6747.904,,
1780559638.2466016,VDD_CPU_GPU_CV,2976.768,,
1780559638.2466016,VDD_SOC,1451.584,,
1780559638.2466016,,,cpu-thermal,57.281
1780559638.2466016,,,gpu-thermal,56.687
1780559638.2466016,,,soc0-thermal,54.812
1780559638.2466016,,,soc1-thermal,54.375
1780559638.2466016,,,soc2-thermal,54.875
1780559638.2466016,,,tj-thermal,57.25
1780559638.353115,VDD_IN,6787.136,,
1780559638.353115,VDD_CPU_GPU_CV,3015.936,,
1780559638.353115,VDD_SOC,1451.584,,
1780559638.353115,,,cpu-thermal,57.375
1780559638.353115,,,gpu-thermal,56.687
1780559638.353115,,,soc0-thermal,54.656
1780559638.353115,,,soc1-thermal,54.375
1780559638.353115,,,soc2-thermal,54.906
1780559638.353115,,,tj-thermal,57.375
1780559638.4595742,VDD_IN,6787.136,,
1780559638.4595742,VDD_CPU_GPU_CV,3015.936,,
1780559638.4595742,VDD_SOC,1451.584,,
1780559638.4595742,,,cpu-thermal,57.468
1780559638.4595742,,,gpu-thermal,56.5
1780559638.4595742,,,soc0-thermal,54.656
1780559638.4595742,,,soc1-thermal,54.406
1780559638.4595742,,,soc2-thermal,54.906
1780559638.4595742,,,tj-thermal,57.468
1780559638.5660744,VDD_IN,6787.136,,
1780559638.5660744,VDD_CPU_GPU_CV,3015.936,,
1780559638.5660744,VDD_SOC,1451.584,,
1780559638.5660744,,,cpu-thermal,57.281
1780559638.5660744,,,gpu-thermal,56.5
1780559638.5660744,,,soc0-thermal,54.875
1780559638.5660744,,,soc1-thermal,54.281
1780559638.5660744,,,soc2-thermal,54.875
1780559638.5660744,,,tj-thermal,57.281
1780559638.6727555,VDD_IN,6747.904,,
1780559638.6727555,VDD_CPU_GPU_CV,3015.936,,
1780559638.6727555,VDD_SOC,1451.584,,
1780559638.6727555,,,cpu-thermal,57.312
1780559638.6727555,,,gpu-thermal,56.375
1780559638.6727555,,,soc0-thermal,54.687
1780559638.6727555,,,soc1-thermal,54.343
1780559638.6727555,,,soc2-thermal,54.875
1780559638.6727555,,,tj-thermal,57.312
1780559638.7793248,VDD_IN,6787.136,,
1780559638.7793248,VDD_CPU_GPU_CV,3015.936,,
1780559638.7793248,VDD_SOC,1451.584,,
1780559638.7793248,,,cpu-thermal,57.281
1780559638.7793248,,,gpu-thermal,56.5
1780559638.7793248,,,soc0-thermal,54.812
1780559638.7793248,,,soc1-thermal,54.562
1780559638.7793248,,,soc2-thermal,54.906
1780559638.7793248,,,tj-thermal,57.281
1780559638.886849,VDD_IN,6787.136,,
1780559638.886849,VDD_CPU_GPU_CV,3015.936,,
1780559638.886849,VDD_SOC,1451.584,,
1780559638.886849,,,cpu-thermal,57.281
1780559638.886849,,,gpu-thermal,56.468
1780559638.886849,,,soc0-thermal,54.812
1780559638.886849,,,soc1-thermal,54.343
1780559638.886849,,,soc2-thermal,54.906
1780559638.886849,,,tj-thermal,57.281
1780559638.9934504,VDD_IN,6747.904,,
1780559638.9934504,VDD_CPU_GPU_CV,2976.768,,
1780559638.9934504,VDD_SOC,1451.584,,
1780559638.9934504,,,cpu-thermal,57.468
1780559638.9934504,,,gpu-thermal,56.5
1780559638.9934504,,,soc0-thermal,54.781
1780559638.9934504,,,soc1-thermal,54.468
1780559638.9934504,,,soc2-thermal,55.031
1780559638.9934504,,,tj-thermal,57.468
1780559639.1002333,VDD_IN,6787.136,,
1780559639.1002333,VDD_CPU_GPU_CV,2976.768,,
1780559639.1002333,VDD_SOC,1451.584,,
1780559639.1002333,,,cpu-thermal,57.656
1780559639.1002333,,,gpu-thermal,56.843
1780559639.1002333,,,soc0-thermal,54.687
1780559639.1002333,,,soc1-thermal,54.562
1780559639.1002333,,,soc2-thermal,54.875
1780559639.1002333,,,tj-thermal,57.656
1780559639.2065995,VDD_IN,6787.136,,
1780559639.2065995,VDD_CPU_GPU_CV,2976.768,,
1780559639.2065995,VDD_SOC,1451.584,,
1780559639.2065995,,,cpu-thermal,57.343
1780559639.2065995,,,gpu-thermal,56.625
1780559639.2065995,,,soc0-thermal,54.718
1780559639.2065995,,,soc1-thermal,54.375
1780559639.2065995,,,soc2-thermal,54.906
1780559639.2065995,,,tj-thermal,57.343
1780559639.3141494,VDD_IN,6747.904,,
1780559639.3141494,VDD_CPU_GPU_CV,2976.768,,
1780559639.3141494,VDD_SOC,1451.584,,
1780559639.3141494,,,cpu-thermal,57.468
1780559639.3141494,,,gpu-thermal,56.531
1780559639.3141494,,,soc0-thermal,54.75
1780559639.3141494,,,soc1-thermal,54.406
1780559639.3141494,,,soc2-thermal,54.968
1780559639.3141494,,,tj-thermal,57.468
1780559639.420917,VDD_IN,6747.904,,
1780559639.420917,VDD_CPU_GPU_CV,2976.768,,
1780559639.420917,VDD_SOC,1451.584,,
1780559639.420917,,,cpu-thermal,57.281
1780559639.420917,,,gpu-thermal,56.531
1780559639.420917,,,soc0-thermal,54.843
1780559639.420917,,,soc1-thermal,54.562
1780559639.420917,,,soc2-thermal,54.968
1780559639.420917,,,tj-thermal,57.281
1780559639.5274847,VDD_IN,6747.904,,
1780559639.5274847,VDD_CPU_GPU_CV,2976.768,,
1780559639.5274847,VDD_SOC,1451.584,,
1780559639.5274847,,,cpu-thermal,57.343
1780559639.5274847,,,gpu-thermal,56.5
1780559639.5274847,,,soc0-thermal,54.718
1780559639.5274847,,,soc1-thermal,54.406
1780559639.5274847,,,soc2-thermal,55.031
1780559639.5274847,,,tj-thermal,57.343
1780559639.6341245,VDD_IN,6747.904,,
1780559639.6341245,VDD_CPU_GPU_CV,2976.768,,
1780559639.6341245,VDD_SOC,1451.584,,
1780559639.6341245,,,cpu-thermal,57.281
1780559639.6341245,,,gpu-thermal,56.906
1780559639.6341245,,,soc0-thermal,54.718
1780559639.6341245,,,soc1-thermal,54.437
1780559639.6341245,,,soc2-thermal,55.062
1780559639.6341245,,,tj-thermal,57.281
1780559639.7406626,VDD_IN,6747.904,,
1780559639.7406626,VDD_CPU_GPU_CV,2976.768,,
1780559639.7406626,VDD_SOC,1451.584,,
1780559639.7406626,,,cpu-thermal,57.312
1780559639.7406626,,,gpu-thermal,56.75
1780559639.7406626,,,soc0-thermal,54.875
1780559639.7406626,,,soc1-thermal,54.375
1780559639.7406626,,,soc2-thermal,55.0
1780559639.7406626,,,tj-thermal,57.312
1780559639.8486102,VDD_IN,6747.904,,
1780559639.8486102,VDD_CPU_GPU_CV,2976.768,,
1780559639.8486102,VDD_SOC,1451.584,,
1780559639.8486102,,,cpu-thermal,57.5
1780559639.8486102,,,gpu-thermal,56.906
1780559639.8486102,,,soc0-thermal,54.718
1780559639.8486102,,,soc1-thermal,54.406
1780559639.8486102,,,soc2-thermal,55.062
1780559639.8486102,,,tj-thermal,57.5
1780559639.9554553,VDD_IN,6747.904,,
1780559639.9554553,VDD_CPU_GPU_CV,2976.768,,
1780559639.9554553,VDD_SOC,1451.584,,
1780559639.9554553,,,cpu-thermal,57.468
1780559639.9554553,,,gpu-thermal,56.812
1780559639.9554553,,,soc0-thermal,54.843
1780559639.9554553,,,soc1-thermal,54.562
1780559639.9554553,,,soc2-thermal,55.0
1780559639.9554553,,,tj-thermal,57.468
1780559640.0622633,VDD_IN,6747.904,,
1780559640.0622633,VDD_CPU_GPU_CV,2976.768,,
1780559640.0622633,VDD_SOC,1451.584,,
1780559640.0622633,,,cpu-thermal,57.375
1780559640.0622633,,,gpu-thermal,56.75
1780559640.0622633,,,soc0-thermal,54.968
1780559640.0622633,,,soc1-thermal,54.468
1780559640.0622633,,,soc2-thermal,55.0
1780559640.0622633,,,tj-thermal,57.375
1780559640.1697943,VDD_IN,6747.904,,
1780559640.1697943,VDD_CPU_GPU_CV,2976.768,,
1780559640.1697943,VDD_SOC,1451.584,,
1780559640.1697943,,,cpu-thermal,57.468
1780559640.1697943,,,gpu-thermal,56.625
1780559640.1697943,,,soc0-thermal,54.781
1780559640.1697943,,,soc1-thermal,54.5
1780559640.1697943,,,soc2-thermal,55.093
1780559640.1697943,,,tj-thermal,57.468
1780559640.2769504,VDD_IN,6747.904,,
1780559640.2769504,VDD_CPU_GPU_CV,2976.768,,
1780559640.2769504,VDD_SOC,1451.584,,
1780559640.2769504,,,cpu-thermal,57.343
1780559640.2769504,,,gpu-thermal,56.625
1780559640.2769504,,,soc0-thermal,54.875
1780559640.2769504,,,soc1-thermal,54.625
1780559640.2769504,,,soc2-thermal,54.906
1780559640.2769504,,,tj-thermal,57.343
1780559640.383512,VDD_IN,6747.904,,
1780559640.383512,VDD_CPU_GPU_CV,2976.768,,
1780559640.383512,VDD_SOC,1451.584,,
1780559640.383512,,,cpu-thermal,57.375
1780559640.383512,,,gpu-thermal,56.687
1780559640.383512,,,soc0-thermal,54.812
1780559640.383512,,,soc1-thermal,54.5
1780559640.383512,,,soc2-thermal,55.062
1780559640.383512,,,tj-thermal,57.375
1780559640.4900925,VDD_IN,6787.136,,
1780559640.4900925,VDD_CPU_GPU_CV,3015.936,,
1780559640.4900925,VDD_SOC,1451.584,,
1780559640.4900925,,,cpu-thermal,57.656
1780559640.4900925,,,gpu-thermal,56.656
1780559640.4900925,,,soc0-thermal,54.812
1780559640.4900925,,,soc1-thermal,54.531
1780559640.4900925,,,soc2-thermal,55.125
1780559640.4900925,,,tj-thermal,57.656
1780559640.5968294,VDD_IN,6747.904,,
1780559640.5968294,VDD_CPU_GPU_CV,2976.768,,
1780559640.5968294,VDD_SOC,1451.584,,
1780559640.5968294,,,cpu-thermal,57.718
1780559640.5968294,,,gpu-thermal,56.656
1780559640.5968294,,,soc0-thermal,54.906
1780559640.5968294,,,soc1-thermal,54.468
1780559640.5968294,,,soc2-thermal,55.0
1780559640.5968294,,,tj-thermal,57.406
1780559640.7048604,VDD_IN,6747.904,,
1780559640.7048604,VDD_CPU_GPU_CV,2976.768,,
1780559640.7048604,VDD_SOC,1451.584,,
1780559640.7048604,,,cpu-thermal,57.437
1780559640.7048604,,,gpu-thermal,57.062
1780559640.7048604,,,soc0-thermal,54.812
1780559640.7048604,,,soc1-thermal,54.531
1780559640.7048604,,,soc2-thermal,55.031
1780559640.7048604,,,tj-thermal,57.437
1780559640.8114736,VDD_IN,6787.136,,
1780559640.8114736,VDD_CPU_GPU_CV,2976.768,,
1780559640.8114736,VDD_SOC,1451.584,,
1780559640.8114736,,,cpu-thermal,57.562
1780559640.8114736,,,gpu-thermal,56.906
1780559640.8114736,,,soc0-thermal,54.843
1780559640.8114736,,,soc1-thermal,54.468
1780559640.8114736,,,soc2-thermal,55.093
1780559640.8114736,,,tj-thermal,57.562
1780559640.918383,VDD_IN,6747.904,,
1780559640.918383,VDD_CPU_GPU_CV,2976.768,,
1780559640.918383,VDD_SOC,1451.584,,
1780559640.918383,,,cpu-thermal,57.343
1780559640.918383,,,gpu-thermal,56.781
1780559640.918383,,,soc0-thermal,54.843
1780559640.918383,,,soc1-thermal,54.437
1780559640.918383,,,soc2-thermal,55.0
1780559640.918383,,,tj-thermal,57.343
1780559641.0249436,VDD_IN,6747.904,,
1780559641.0249436,VDD_CPU_GPU_CV,2976.768,,
1780559641.0249436,VDD_SOC,1451.584,,
1780559641.0249436,,,cpu-thermal,57.437
1780559641.0249436,,,gpu-thermal,56.687
1780559641.0249436,,,soc0-thermal,54.812
1780559641.0249436,,,soc1-thermal,54.562
1780559641.0249436,,,soc2-thermal,55.062
1780559641.0249436,,,tj-thermal,57.687
1780559641.133164,VDD_IN,6747.904,,
1780559641.133164,VDD_CPU_GPU_CV,2976.768,,
1780559641.133164,VDD_SOC,1451.584,,
1780559641.133164,,,cpu-thermal,57.281
1780559641.133164,,,gpu-thermal,56.843
1780559641.133164,,,soc0-thermal,54.906
1780559641.133164,,,soc1-thermal,54.625
1780559641.133164,,,soc2-thermal,55.093
1780559641.133164,,,tj-thermal,57.281
1780559641.2396746,VDD_IN,6747.904,,
1780559641.2396746,VDD_CPU_GPU_CV,2976.768,,
1780559641.2396746,VDD_SOC,1451.584,,
1780559641.2396746,,,cpu-thermal,57.375
1780559641.2396746,,,gpu-thermal,56.75
1780559641.2396746,,,soc0-thermal,54.968
1780559641.2396746,,,soc1-thermal,54.468
1780559641.2396746,,,soc2-thermal,55.125
1780559641.2396746,,,tj-thermal,57.531
1780559641.34656,VDD_IN,6747.904,,
1780559641.34656,VDD_CPU_GPU_CV,2976.768,,
1780559641.34656,VDD_SOC,1451.584,,
1780559641.34656,,,cpu-thermal,57.593
1780559641.34656,,,gpu-thermal,56.687
1780559641.34656,,,soc0-thermal,54.75
1780559641.34656,,,soc1-thermal,54.562
1780559641.34656,,,soc2-thermal,55.156
1780559641.34656,,,tj-thermal,57.593
1780559641.4530098,VDD_IN,6787.136,,
1780559641.4530098,VDD_CPU_GPU_CV,3015.936,,
1780559641.4530098,VDD_SOC,1451.584,,
1780559641.4530098,,,cpu-thermal,57.687
1780559641.4530098,,,gpu-thermal,56.687
1780559641.4530098,,,soc0-thermal,54.906
1780559641.4530098,,,soc1-thermal,54.593
1780559641.4530098,,,soc2-thermal,55.031
1780559641.4530098,,,tj-thermal,57.687
1780559641.5594914,VDD_IN,6787.136,,
1780559641.5594914,VDD_CPU_GPU_CV,3015.936,,
1780559641.5594914,VDD_SOC,1451.584,,
1780559641.5594914,,,cpu-thermal,57.437
1780559641.5594914,,,gpu-thermal,57.156
1780559641.5594914,,,soc0-thermal,54.812
1780559641.5594914,,,soc1-thermal,54.531
1780559641.5594914,,,soc2-thermal,55.093
1780559641.5594914,,,tj-thermal,57.437
1780559641.6681128,VDD_IN,6747.904,,
1780559641.6681128,VDD_CPU_GPU_CV,2976.768,,
1780559641.6681128,VDD_SOC,1451.584,,
1780559641.6681128,,,cpu-thermal,57.5
1780559641.6681128,,,gpu-thermal,56.906
1780559641.6681128,,,soc0-thermal,54.906
1780559641.6681128,,,soc1-thermal,54.562
1780559641.6681128,,,soc2-thermal,55.218
1780559641.6681128,,,tj-thermal,57.437
1780559641.7745829,VDD_IN,6747.904,,
1780559641.7745829,VDD_CPU_GPU_CV,2976.768,,
1780559641.7745829,VDD_SOC,1451.584,,
1780559641.7745829,,,cpu-thermal,57.468
1780559641.7745829,,,gpu-thermal,56.687
1780559641.7745829,,,soc0-thermal,54.937
1780559641.7745829,,,soc1-thermal,54.718
1780559641.7745829,,,soc2-thermal,55.093
1780559641.7745829,,,tj-thermal,57.468
1780559641.8827198,VDD_IN,6747.904,,
1780559641.8827198,VDD_CPU_GPU_CV,2976.768,,
1780559641.8827198,VDD_SOC,1451.584,,
1780559641.8827198,,,cpu-thermal,57.625
1780559641.8827198,,,gpu-thermal,57.031
1780559641.8827198,,,soc0-thermal,54.937
1780559641.8827198,,,soc1-thermal,54.562
1780559641.8827198,,,soc2-thermal,55.093
1780559641.8827198,,,tj-thermal,57.625
1780559641.9894414,VDD_IN,6747.904,,
1780559641.9894414,VDD_CPU_GPU_CV,2976.768,,
1780559641.9894414,VDD_SOC,1451.584,,
1780559641.9894414,,,cpu-thermal,57.781
1780559641.9894414,,,gpu-thermal,56.906
1780559641.9894414,,,soc0-thermal,54.968
1780559641.9894414,,,soc1-thermal,54.656
1780559641.9894414,,,soc2-thermal,55.187
1780559641.9894414,,,tj-thermal,57.781
1780559642.0963497,VDD_IN,6747.904,,
1780559642.0963497,VDD_CPU_GPU_CV,2976.768,,
1780559642.0963497,VDD_SOC,1451.584,,
1780559642.0963497,,,cpu-thermal,57.593
1780559642.0963497,,,gpu-thermal,56.812
1780559642.0963497,,,soc0-thermal,55.062
1780559642.0963497,,,soc1-thermal,54.531
1780559642.0963497,,,soc2-thermal,55.25
1780559642.0963497,,,tj-thermal,57.593
1780559642.2047658,VDD_IN,6747.904,,
1780559642.2047658,VDD_CPU_GPU_CV,2976.768,,
1780559642.2047658,VDD_SOC,1451.584,,
1780559642.2047658,,,cpu-thermal,57.625
1780559642.2047658,,,gpu-thermal,57.0
1780559642.2047658,,,soc0-thermal,54.906
1780559642.2047658,,,soc1-thermal,54.562
1780559642.2047658,,,soc2-thermal,55.25
1780559642.2047658,,,tj-thermal,57.625
1780559642.3116436,VDD_IN,6747.904,,
1780559642.3116436,VDD_CPU_GPU_CV,2976.768,,
1780559642.3116436,VDD_SOC,1451.584,,
1780559642.3116436,,,cpu-thermal,57.531
1780559642.3116436,,,gpu-thermal,56.906
1780559642.3116436,,,soc0-thermal,55.031
1780559642.3116436,,,soc1-thermal,54.718
1780559642.3116436,,,soc2-thermal,55.093
1780559642.3116436,,,tj-thermal,57.531
1780559642.4182017,VDD_IN,6787.136,,
1780559642.4182017,VDD_CPU_GPU_CV,3015.936,,
1780559642.4182017,VDD_SOC,1451.584,,
1780559642.4182017,,,cpu-thermal,57.5
1780559642.4182017,,,gpu-thermal,56.781
1780559642.4182017,,,soc0-thermal,55.0
1780559642.4182017,,,soc1-thermal,54.468
1780559642.4182017,,,soc2-thermal,55.125
1780559642.4182017,,,tj-thermal,57.5
1780559642.52472,VDD_IN,6787.136,,
1780559642.52472,VDD_CPU_GPU_CV,3015.936,,
1780559642.52472,VDD_SOC,1451.584,,
1780559642.52472,,,cpu-thermal,57.812
1780559642.52472,,,gpu-thermal,56.687
1780559642.52472,,,soc0-thermal,54.906
1780559642.52472,,,soc1-thermal,54.562
1780559642.52472,,,soc2-thermal,55.218
1780559642.52472,,,tj-thermal,57.812
1780559642.6311324,VDD_IN,6747.904,,
1780559642.6311324,VDD_CPU_GPU_CV,2976.768,,
1780559642.6311324,VDD_SOC,1451.584,,
1780559642.6311324,,,cpu-thermal,57.875
1780559642.6311324,,,gpu-thermal,56.718
1780559642.6311324,,,soc0-thermal,55.031
1780559642.6311324,,,soc1-thermal,54.843
1780559642.6311324,,,soc2-thermal,55.093
1780559642.6311324,,,tj-thermal,57.875
1780559642.7390318,VDD_IN,6747.904,,
1780559642.7390318,VDD_CPU_GPU_CV,2976.768,,
1780559642.7390318,VDD_SOC,1451.584,,
1780559642.7390318,,,cpu-thermal,57.593
1780559642.7390318,,,gpu-thermal,57.062
1780559642.7390318,,,soc0-thermal,54.937
1780559642.7390318,,,soc1-thermal,54.562
1780559642.7390318,,,soc2-thermal,55.187
1780559642.7390318,,,tj-thermal,57.593
1780559642.8456392,VDD_IN,6787.136,,
1780559642.8456392,VDD_CPU_GPU_CV,2976.768,,
1780559642.8456392,VDD_SOC,1451.584,,
1780559642.8456392,,,cpu-thermal,57.656
1780559642.8456392,,,gpu-thermal,56.968
1780559642.8456392,,,soc0-thermal,54.937
1780559642.8456392,,,soc1-thermal,54.656
1780559642.8456392,,,soc2-thermal,55.281
1780559642.8456392,,,tj-thermal,57.656
1780559642.9523938,VDD_IN,6747.904,,
1780559642.9523938,VDD_CPU_GPU_CV,2976.768,,
1780559642.9523938,VDD_SOC,1451.584,,
1780559642.9523938,,,cpu-thermal,57.5
1780559642.9523938,,,gpu-thermal,56.875
1780559642.9523938,,,soc0-thermal,55.031
1780559642.9523938,,,soc1-thermal,54.781
1780559642.9523938,,,soc2-thermal,55.156
1780559642.9523938,,,tj-thermal,57.5
1780559643.0588918,VDD_IN,6747.904,,
1780559643.0588918,VDD_CPU_GPU_CV,2976.768,,
1780559643.0588918,VDD_SOC,1451.584,,
1780559643.0588918,,,cpu-thermal,57.593
1780559643.0588918,,,gpu-thermal,56.812
1780559643.0588918,,,soc0-thermal,54.937
1780559643.0588918,,,soc1-thermal,54.593
1780559643.0588918,,,soc2-thermal,55.25
1780559643.0588918,,,tj-thermal,57.593
1780559643.1654,VDD_IN,6747.904,,
1780559643.1654,VDD_CPU_GPU_CV,2971.904,,
1780559643.1654,VDD_SOC,1451.584,,
1780559643.1654,,,cpu-thermal,57.531
1780559643.1654,,,gpu-thermal,56.781
1780559643.1654,,,soc0-thermal,55.0
1780559643.1654,,,soc1-thermal,54.625
1780559643.1654,,,soc2-thermal,55.312
1780559643.1654,,,tj-thermal,57.531
1780559643.2719457,VDD_IN,6747.904,,
1780559643.2719457,VDD_CPU_GPU_CV,2971.904,,
1780559643.2719457,VDD_SOC,1451.584,,
1780559643.2719457,,,cpu-thermal,57.593
1780559643.2719457,,,gpu-thermal,57.187
1780559643.2719457,,,soc0-thermal,55.062
1780559643.2719457,,,soc1-thermal,54.843
1780559643.2719457,,,soc2-thermal,55.187
1780559643.2719457,,,tj-thermal,57.593
1780559643.3784719,VDD_IN,6747.904,,
1780559643.3784719,VDD_CPU_GPU_CV,2971.904,,
1780559643.3784719,VDD_SOC,1451.584,,
1780559643.3784719,,,cpu-thermal,57.562
1780559643.3784719,,,gpu-thermal,57.031
1780559643.3784719,,,soc0-thermal,54.937
1780559643.3784719,,,soc1-thermal,54.656
1780559643.3784719,,,soc2-thermal,55.281
1780559643.3784719,,,tj-thermal,57.718
1780559643.4848957,VDD_IN,6787.136,,
1780559643.4848957,VDD_CPU_GPU_CV,3015.936,,
1780559643.4848957,VDD_SOC,1451.584,,
1780559643.4848957,,,cpu-thermal,57.781
1780559643.4848957,,,gpu-thermal,57.0
1780559643.4848957,,,soc0-thermal,55.031
1780559643.4848957,,,soc1-thermal,54.718
1780559643.4848957,,,soc2-thermal,55.312
1780559643.4848957,,,tj-thermal,57.781
1780559643.5915282,VDD_IN,6747.904,,
1780559643.5915282,VDD_CPU_GPU_CV,3015.936,,
1780559643.5915282,VDD_SOC,1451.584,,
1780559643.5915282,,,cpu-thermal,57.875
1780559643.5915282,,,gpu-thermal,56.906
1780559643.5915282,,,soc0-thermal,55.125
1780559643.5915282,,,soc1-thermal,54.812
1780559643.5915282,,,soc2-thermal,55.281
1780559643.5915282,,,tj-thermal,57.875
1780559643.6981478,VDD_IN,6787.136,,
1780559643.6981478,VDD_CPU_GPU_CV,3015.936,,
1780559643.6981478,VDD_SOC,1451.584,,
1780559643.6981478,,,cpu-thermal,57.625
1780559643.6981478,,,gpu-thermal,56.875
1780559643.6981478,,,soc0-thermal,55.0
1780559643.6981478,,,soc1-thermal,54.687
1780559643.6981478,,,soc2-thermal,55.312
1780559643.6981478,,,tj-thermal,57.625
1780559643.8045855,VDD_IN,6787.136,,
1780559643.8045855,VDD_CPU_GPU_CV,3015.936,,
1780559643.8045855,VDD_SOC,1451.584,,
1780559643.8045855,,,cpu-thermal,57.75
1780559643.8045855,,,gpu-thermal,56.906
1780559643.8045855,,,soc0-thermal,55.031
1780559643.8045855,,,soc1-thermal,54.75
1780559643.8045855,,,soc2-thermal,55.281
1780559643.8045855,,,tj-thermal,57.75
1780559643.911215,VDD_IN,6747.904,,
1780559643.911215,VDD_CPU_GPU_CV,3015.936,,
1780559643.911215,VDD_SOC,1451.584,,
1780559643.911215,,,cpu-thermal,57.562
1780559643.911215,,,gpu-thermal,56.875
1780559643.911215,,,soc0-thermal,55.093
1780559643.911215,,,soc1-thermal,54.656
1780559643.911215,,,soc2-thermal,55.218
1780559643.911215,,,tj-thermal,57.562
1780559644.0179164,VDD_IN,6787.136,,
1780559644.0179164,VDD_CPU_GPU_CV,3015.936,,
1780559644.0179164,VDD_SOC,1451.584,,
1780559644.0179164,,,cpu-thermal,57.625
1780559644.0179164,,,gpu-thermal,56.812
1780559644.0179164,,,soc0-thermal,55.062
1780559644.0179164,,,soc1-thermal,54.718
1780559644.0179164,,,soc2-thermal,55.312
1780559644.0179164,,,tj-thermal,57.625
1780559644.1243637,VDD_IN,6787.136,,
1780559644.1243637,VDD_CPU_GPU_CV,2976.768,,
1780559644.1243637,VDD_SOC,1451.584,,
1780559644.1243637,,,cpu-thermal,58.156
1780559644.1243637,,,gpu-thermal,57.25
1780559644.1243637,,,soc0-thermal,55.062
1780559644.1243637,,,soc1-thermal,54.718
1780559644.1243637,,,soc2-thermal,55.312
1780559644.1243637,,,tj-thermal,58.156
1780559644.2309177,VDD_IN,6747.904,,
1780559644.2309177,VDD_CPU_GPU_CV,2976.768,,
1780559644.2309177,VDD_SOC,1451.584,,
1780559644.2309177,,,cpu-thermal,57.593
1780559644.2309177,,,gpu-thermal,57.093
1780559644.2309177,,,soc0-thermal,55.156
1780559644.2309177,,,soc1-thermal,54.718
1780559644.2309177,,,soc2-thermal,55.25
1780559644.2309177,,,tj-thermal,57.593
1780559644.3376372,VDD_IN,6787.136,,
1780559644.3376372,VDD_CPU_GPU_CV,3015.936,,
1780559644.3376372,VDD_SOC,1451.584,,
1780559644.3376372,,,cpu-thermal,57.625
1780559644.3376372,,,gpu-thermal,56.968
1780559644.3376372,,,soc0-thermal,55.156
1780559644.3376372,,,soc1-thermal,54.718
1780559644.3376372,,,soc2-thermal,55.281
1780559644.3376372,,,tj-thermal,57.781
1780559644.4441938,VDD_IN,6787.136,,
1780559644.4441938,VDD_CPU_GPU_CV,3015.936,,
1780559644.4441938,VDD_SOC,1451.584,,
1780559644.4441938,,,cpu-thermal,57.781
1780559644.4441938,,,gpu-thermal,56.906
1780559644.4441938,,,soc0-thermal,55.156
1780559644.4441938,,,soc1-thermal,54.781
1780559644.4441938,,,soc2-thermal,55.468
1780559644.4441938,,,tj-thermal,57.781
1780559644.5507452,VDD_IN,6787.136,,
1780559644.5507452,VDD_CPU_GPU_CV,3011.008,,
1780559644.5507452,VDD_SOC,1451.584,,
1780559644.5507452,,,cpu-thermal,57.937
1780559644.5507452,,,gpu-thermal,56.875
1780559644.5507452,,,soc0-thermal,55.125
1780559644.5507452,,,soc1-thermal,54.75
1780559644.5507452,,,soc2-thermal,55.375
1780559644.5507452,,,tj-thermal,57.687
1780559644.6573374,VDD_IN,6747.904,,
1780559644.6573374,VDD_CPU_GPU_CV,3015.936,,
1780559644.6573374,VDD_SOC,1451.584,,
1780559644.6573374,,,cpu-thermal,57.656
1780559644.6573374,,,gpu-thermal,56.906
1780559644.6573374,,,soc0-thermal,55.093
1780559644.6573374,,,soc1-thermal,54.718
1780559644.6573374,,,soc2-thermal,55.312
1780559644.6573374,,,tj-thermal,57.656
1780559644.763813,VDD_IN,6787.136,,
1780559644.763813,VDD_CPU_GPU_CV,3015.936,,
1780559644.763813,VDD_SOC,1451.584,,
1780559644.763813,,,cpu-thermal,57.687
1780559644.763813,,,gpu-thermal,57.125
1780559644.763813,,,soc0-thermal,55.093
1780559644.763813,,,soc1-thermal,54.906
1780559644.763813,,,soc2-thermal,55.281
1780559644.763813,,,tj-thermal,57.687
1780559644.8702173,VDD_IN,6747.904,,
1780559644.8702173,VDD_CPU_GPU_CV,3015.936,,
1780559644.8702173,VDD_SOC,1451.584,,
1780559644.8702173,,,cpu-thermal,57.656
1780559644.8702173,,,gpu-thermal,57.031
1780559644.8702173,,,soc0-thermal,55.218
1780559644.8702173,,,soc1-thermal,54.687
1780559644.8702173,,,soc2-thermal,55.281
1780559644.8702173,,,tj-thermal,57.656
1780559644.976884,VDD_IN,6747.904,,
1780559644.976884,VDD_CPU_GPU_CV,2976.768,,
1780559644.976884,VDD_SOC,1451.584,,
1780559644.976884,,,cpu-thermal,57.718
1780559644.976884,,,gpu-thermal,57.0
1780559644.976884,,,soc0-thermal,55.093
1780559644.976884,,,soc1-thermal,54.75
1780559644.976884,,,soc2-thermal,55.375
1780559644.976884,,,tj-thermal,57.718
1780559645.0834284,VDD_IN,6787.136,,
1780559645.0834284,VDD_CPU_GPU_CV,2976.768,,
1780559645.0834284,VDD_SOC,1451.584,,
1780559645.0834284,,,cpu-thermal,57.906
1780559645.0834284,,,gpu-thermal,56.968
1780559645.0834284,,,soc0-thermal,55.125
1780559645.0834284,,,soc1-thermal,54.812
1780559645.0834284,,,soc2-thermal,55.437
1780559645.0834284,,,tj-thermal,57.906
1780559645.1898947,VDD_IN,6747.904,,
1780559645.1898947,VDD_CPU_GPU_CV,2976.768,,
1780559645.1898947,VDD_SOC,1451.584,,
1780559645.1898947,,,cpu-thermal,57.562
1780559645.1898947,,,gpu-thermal,56.906
1780559645.1898947,,,soc0-thermal,55.187
1780559645.1898947,,,soc1-thermal,54.718
1780559645.1898947,,,soc2-thermal,55.406
1780559645.1898947,,,tj-thermal,57.562
1780559645.2964091,VDD_IN,6787.136,,
1780559645.2964091,VDD_CPU_GPU_CV,2976.768,,
1780559645.2964091,VDD_SOC,1451.584,,
1780559645.2964091,,,cpu-thermal,57.687
1780559645.2964091,,,gpu-thermal,57.25
1780559645.2964091,,,soc0-thermal,55.312
1780559645.2964091,,,soc1-thermal,54.812
1780559645.2964091,,,soc2-thermal,55.375
1780559645.2964091,,,tj-thermal,57.843
1780559645.4029317,VDD_IN,6787.136,,
1780559645.4029317,VDD_CPU_GPU_CV,3015.936,,
1780559645.4029317,VDD_SOC,1451.584,,
1780559645.4029317,,,cpu-thermal,57.812
1780559645.4029317,,,gpu-thermal,57.187
1780559645.4029317,,,soc0-thermal,55.218
1780559645.4029317,,,soc1-thermal,54.937
1780559645.4029317,,,soc2-thermal,55.468
1780559645.4029317,,,tj-thermal,57.812
1780559645.5096707,VDD_IN,6787.136,,
1780559645.5096707,VDD_CPU_GPU_CV,3015.936,,
1780559645.5096707,VDD_SOC,1451.584,,
1780559645.5096707,,,cpu-thermal,57.968
1780559645.5096707,,,gpu-thermal,57.062
1780559645.5096707,,,soc0-thermal,55.218
1780559645.5096707,,,soc1-thermal,55.031
1780559645.5096707,,,soc2-thermal,55.406
1780559645.5096707,,,tj-thermal,57.718
1780559645.6161752,VDD_IN,6747.904,,
1780559645.6161752,VDD_CPU_GPU_CV,2976.768,,
1780559645.6161752,VDD_SOC,1451.584,,
1780559645.6161752,,,cpu-thermal,57.687
1780559645.6161752,,,gpu-thermal,57.031
1780559645.6161752,,,soc0-thermal,55.125
1780559645.6161752,,,soc1-thermal,54.875
1780559645.6161752,,,soc2-thermal,55.343
1780559645.6161752,,,tj-thermal,57.687
1780559645.7227297,VDD_IN,6787.136,,
1780559645.7227297,VDD_CPU_GPU_CV,2976.768,,
1780559645.7227297,VDD_SOC,1451.584,,
1780559645.7227297,,,cpu-thermal,57.781
1780559645.7227297,,,gpu-thermal,56.937
1780559645.7227297,,,soc0-thermal,55.187
1780559645.7227297,,,soc1-thermal,54.875
1780559645.7227297,,,soc2-thermal,55.406
1780559645.7227297,,,tj-thermal,57.781
1780559645.8292618,VDD_IN,6747.904,,
1780559645.8292618,VDD_CPU_GPU_CV,2976.768,,
1780559645.8292618,VDD_SOC,1451.584,,
1780559645.8292618,,,cpu-thermal,57.656
1780559645.8292618,,,gpu-thermal,57.375
1780559645.8292618,,,soc0-thermal,55.156
1780559645.8292618,,,soc1-thermal,55.031
1780559645.8292618,,,soc2-thermal,55.437
1780559645.8292618,,,tj-thermal,57.656
1780559645.9357624,VDD_IN,6747.904,,
1780559645.9357624,VDD_CPU_GPU_CV,2976.768,,
1780559645.9357624,VDD_SOC,1451.584,,
1780559645.9357624,,,cpu-thermal,57.656
1780559645.9357624,,,gpu-thermal,57.218
1780559645.9357624,,,soc0-thermal,55.281
1780559645.9357624,,,soc1-thermal,54.812
1780559645.9357624,,,soc2-thermal,55.375
1780559645.9357624,,,tj-thermal,57.656
1780559646.0421655,VDD_IN,6747.904,,
1780559646.0421655,VDD_CPU_GPU_CV,2976.768,,
1780559646.0421655,VDD_SOC,1451.584,,
1780559646.0421655,,,cpu-thermal,58.031
1780559646.0421655,,,gpu-thermal,57.156
1780559646.0421655,,,soc0-thermal,55.125
1780559646.0421655,,,soc1-thermal,54.843
1780559646.0421655,,,soc2-thermal,55.562
1780559646.0421655,,,tj-thermal,58.031
1780559646.1486685,VDD_IN,6747.904,,
1780559646.1486685,VDD_CPU_GPU_CV,2976.768,,
1780559646.1486685,VDD_SOC,1451.584,,
1780559646.1486685,,,cpu-thermal,57.656
1780559646.1486685,,,gpu-thermal,57.031
1780559646.1486685,,,soc0-thermal,55.281
1780559646.1486685,,,soc1-thermal,55.031
1780559646.1486685,,,soc2-thermal,55.406
1780559646.1486685,,,tj-thermal,57.656
1780559646.255031,VDD_IN,6747.904,,
1780559646.255031,VDD_CPU_GPU_CV,2976.768,,
1780559646.255031,VDD_SOC,1451.584,,
1780559646.255031,,,cpu-thermal,57.75
1780559646.255031,,,gpu-thermal,57.031
1780559646.255031,,,soc0-thermal,55.312
1780559646.255031,,,soc1-thermal,54.812
1780559646.255031,,,soc2-thermal,55.406
1780559646.255031,,,tj-thermal,57.843
1780559646.361508,VDD_IN,6747.904,,
1780559646.361508,VDD_CPU_GPU_CV,2976.768,,
1780559646.361508,VDD_SOC,1451.584,,
1780559646.361508,,,cpu-thermal,57.843
1780559646.361508,,,gpu-thermal,57.031
1780559646.361508,,,soc0-thermal,55.218
1780559646.361508,,,soc1-thermal,54.875
1780559646.361508,,,soc2-thermal,55.437
1780559646.361508,,,tj-thermal,57.843
1780559646.4679437,VDD_IN,6747.904,,
1780559646.4679437,VDD_CPU_GPU_CV,3015.936,,
1780559646.4679437,VDD_SOC,1451.584,,
1780559646.4679437,,,cpu-thermal,57.875
1780559646.4679437,,,gpu-thermal,57.343
1780559646.4679437,,,soc0-thermal,55.281
1780559646.4679437,,,soc1-thermal,55.0
1780559646.4679437,,,soc2-thermal,55.437
1780559646.4679437,,,tj-thermal,57.875
1780559646.5744278,VDD_IN,6747.904,,
1780559646.5744278,VDD_CPU_GPU_CV,2976.768,,
1780559646.5744278,VDD_SOC,1451.584,,
1780559646.5744278,,,cpu-thermal,57.812
1780559646.5744278,,,gpu-thermal,57.187
1780559646.5744278,,,soc0-thermal,55.375
1780559646.5744278,,,soc1-thermal,54.875
1780559646.5744278,,,soc2-thermal,55.437
1780559646.5744278,,,tj-thermal,57.812
1780559646.6810844,VDD_IN,6787.136,,
1780559646.6810844,VDD_CPU_GPU_CV,2976.768,,
1780559646.6810844,VDD_SOC,1451.584,,
1780559646.6810844,,,cpu-thermal,57.75
1780559646.6810844,,,gpu-thermal,57.375
1780559646.6810844,,,soc0-thermal,55.25
1780559646.6810844,,,soc1-thermal,54.968
1780559646.6810844,,,soc2-thermal,55.468
1780559646.6810844,,,tj-thermal,57.687
1780559646.7889283,VDD_IN,6787.136,,
1780559646.7889283,VDD_CPU_GPU_CV,2976.768,,
1780559646.7889283,VDD_SOC,1451.584,,
1780559646.7889283,,,cpu-thermal,57.718
1780559646.7889283,,,gpu-thermal,57.312
1780559646.7889283,,,soc0-thermal,55.343
1780559646.7889283,,,soc1-thermal,55.093
1780559646.7889283,,,soc2-thermal,55.406
1780559646.7889283,,,tj-thermal,57.718
1780559646.8961163,VDD_IN,6747.904,,
1780559646.8961163,VDD_CPU_GPU_CV,2976.768,,
1780559646.8961163,VDD_SOC,1451.584,,
1780559646.8961163,,,cpu-thermal,57.781
1780559646.8961163,,,gpu-thermal,57.125
1780559646.8961163,,,soc0-thermal,55.218
1780559646.8961163,,,soc1-thermal,54.906
1780559646.8961163,,,soc2-thermal,55.5
1780559646.8961163,,,tj-thermal,57.906
1780559647.0031948,VDD_IN,6787.136,,
1780559647.0031948,VDD_CPU_GPU_CV,2976.768,,
1780559647.0031948,VDD_SOC,1451.584,,
1780559647.0031948,,,cpu-thermal,58.062
1780559647.0031948,,,gpu-thermal,57.062
1780559647.0031948,,,soc0-thermal,55.312
1780559647.0031948,,,soc1-thermal,55.031
1780559647.0031948,,,soc2-thermal,55.375
1780559647.0031948,,,tj-thermal,58.062
1780559647.1096647,VDD_IN,6747.904,,
1780559647.1096647,VDD_CPU_GPU_CV,2976.768,,
1780559647.1096647,VDD_SOC,1451.584,,
1780559647.1096647,,,cpu-thermal,57.718
1780559647.1096647,,,gpu-thermal,57.031
1780559647.1096647,,,soc0-thermal,55.437
1780559647.1096647,,,soc1-thermal,54.843
1780559647.1096647,,,soc2-thermal,55.468
1780559647.1096647,,,tj-thermal,57.781
1780559647.2165256,VDD_IN,6747.904,,
1780559647.2165256,VDD_CPU_GPU_CV,2976.768,,
1780559647.2165256,VDD_SOC,1451.584,,
1780559647.2165256,,,cpu-thermal,57.843
1780559647.2165256,,,gpu-thermal,57.031
1780559647.2165256,,,soc0-thermal,55.25
1780559647.2165256,,,soc1-thermal,54.937
1780559647.2165256,,,soc2-thermal,55.562
1780559647.2165256,,,tj-thermal,57.843
1780559647.3230207,VDD_IN,6787.136,,
1780559647.3230207,VDD_CPU_GPU_CV,2976.768,,
1780559647.3230207,VDD_SOC,1451.584,,
1780559647.3230207,,,cpu-thermal,58.0
1780559647.3230207,,,gpu-thermal,57.375
1780559647.3230207,,,soc0-thermal,55.312
1780559647.3230207,,,soc1-thermal,55.0
1780559647.3230207,,,soc2-thermal,55.593
1780559647.3230207,,,tj-thermal,58.0
1780559647.4295592,VDD_IN,6787.136,,
1780559647.4295592,VDD_CPU_GPU_CV,3015.936,,
1780559647.4295592,VDD_SOC,1451.584,,
1780559647.4295592,,,cpu-thermal,57.843
1780559647.4295592,,,gpu-thermal,57.25
1780559647.4295592,,,soc0-thermal,55.406
1780559647.4295592,,,soc1-thermal,54.875
1780559647.4295592,,,soc2-thermal,55.468
1780559647.4295592,,,tj-thermal,57.843
1780559647.5366766,VDD_IN,6747.904,,
1780559647.5366766,VDD_CPU_GPU_CV,3015.936,,
1780559647.5366766,VDD_SOC,1451.584,,
1780559647.5366766,,,cpu-thermal,57.906
1780559647.5366766,,,gpu-thermal,57.187
1780559647.5366766,,,soc0-thermal,55.281
1780559647.5366766,,,soc1-thermal,54.906
1780559647.5366766,,,soc2-thermal,55.593
1780559647.5366766,,,tj-thermal,57.906
1780559647.6431744,VDD_IN,6787.136,,
1780559647.6431744,VDD_CPU_GPU_CV,2976.768,,
1780559647.6431744,VDD_SOC,1451.584,,
1780559647.6431744,,,cpu-thermal,57.781
1780559647.6431744,,,gpu-thermal,57.187
1780559647.6431744,,,soc0-thermal,55.343
1780559647.6431744,,,soc1-thermal,55.031
1780559647.6431744,,,soc2-thermal,55.593
1780559647.6431744,,,tj-thermal,57.781
1780559647.7496364,VDD_IN,6747.904,,
1780559647.7496364,VDD_CPU_GPU_CV,2976.768,,
1780559647.7496364,VDD_SOC,1451.584,,
1780559647.7496364,,,cpu-thermal,57.781
1780559647.7496364,,,gpu-thermal,57.093
1780559647.7496364,,,soc0-thermal,55.375
1780559647.7496364,,,soc1-thermal,54.937
1780559647.7496364,,,soc2-thermal,55.5
1780559647.7496364,,,tj-thermal,57.781
1780559647.8563838,VDD_IN,6747.904,,
1780559647.8563838,VDD_CPU_GPU_CV,2976.768,,
1780559647.8563838,VDD_SOC,1451.584,,
1780559647.8563838,,,cpu-thermal,57.968
1780559647.8563838,,,gpu-thermal,57.218
1780559647.8563838,,,soc0-thermal,55.281
1780559647.8563838,,,soc1-thermal,55.0
1780559647.8563838,,,soc2-thermal,55.593
1780559647.8563838,,,tj-thermal,57.968
1780559647.9630866,VDD_IN,6787.136,,
1780559647.9630866,VDD_CPU_GPU_CV,3015.936,,
1780559647.9630866,VDD_SOC,1451.584,,
1780559647.9630866,,,cpu-thermal,58.093
1780559647.9630866,,,gpu-thermal,57.156
1780559647.9630866,,,soc0-thermal,55.343
1780559647.9630866,,,soc1-thermal,55.031
1780559647.9630866,,,soc2-thermal,55.531
1780559647.9630866,,,tj-thermal,58.093
1780559648.0695662,VDD_IN,6747.904,,
1780559648.0695662,VDD_CPU_GPU_CV,3015.936,,
1780559648.0695662,VDD_SOC,1451.584,,
1780559648.0695662,,,cpu-thermal,58.218
1780559648.0695662,,,gpu-thermal,57.031
1780559648.0695662,,,soc0-thermal,55.375
1780559648.0695662,,,soc1-thermal,54.937
1780559648.0695662,,,soc2-thermal,55.5
1780559648.0695662,,,tj-thermal,57.875
1780559648.1761446,VDD_IN,6747.904,,
1780559648.1761446,VDD_CPU_GPU_CV,3015.936,,
1780559648.1761446,VDD_SOC,1451.584,,
1780559648.1761446,,,cpu-thermal,57.843
1780559648.1761446,,,gpu-thermal,57.406
1780559648.1761446,,,soc0-thermal,55.25
1780559648.1761446,,,soc1-thermal,55.0
1780559648.1761446,,,soc2-thermal,55.593
1780559648.1761446,,,tj-thermal,57.843
1780559648.2825587,VDD_IN,6787.136,,
1780559648.2825587,VDD_CPU_GPU_CV,3015.936,,
1780559648.2825587,VDD_SOC,1451.584,,
1780559648.2825587,,,cpu-thermal,57.906
1780559648.2825587,,,gpu-thermal,57.312
1780559648.2825587,,,soc0-thermal,55.312
1780559648.2825587,,,soc1-thermal,55.062
1780559648.2825587,,,soc2-thermal,55.593
1780559648.2825587,,,tj-thermal,57.875
1780559648.3890264,VDD_IN,6787.136,,
1780559648.3890264,VDD_CPU_GPU_CV,3015.936,,
1780559648.3890264,VDD_SOC,1451.584,,
1780559648.3890264,,,cpu-thermal,57.812
1780559648.3890264,,,gpu-thermal,57.156
1780559648.3890264,,,soc0-thermal,55.468
1780559648.3890264,,,soc1-thermal,54.968
1780559648.3890264,,,soc2-thermal,55.593
1780559648.3890264,,,tj-thermal,57.812
1780559648.4956334,VDD_IN,6787.136,,
1780559648.4956334,VDD_CPU_GPU_CV,3015.936,,
1780559648.4956334,VDD_SOC,1451.584,,
1780559648.4956334,,,cpu-thermal,57.843
1780559648.4956334,,,gpu-thermal,57.218
1780559648.4956334,,,soc0-thermal,55.281
1780559648.4956334,,,soc1-thermal,54.968
1780559648.4956334,,,soc2-thermal,55.625
1780559648.4956334,,,tj-thermal,57.843
1780559648.6021857,VDD_IN,6787.136,,
1780559648.6021857,VDD_CPU_GPU_CV,3015.936,,
1780559648.6021857,VDD_SOC,1451.584,,
1780559648.6021857,,,cpu-thermal,57.781
1780559648.6021857,,,gpu-thermal,57.093
1780559648.6021857,,,soc0-thermal,55.375
1780559648.6021857,,,soc1-thermal,55.125
1780559648.6021857,,,soc2-thermal,55.593
1780559648.6021857,,,tj-thermal,57.781
1780559648.7086158,VDD_IN,6787.136,,
1780559648.7086158,VDD_CPU_GPU_CV,3015.936,,
1780559648.7086158,VDD_SOC,1451.584,,
1780559648.7086158,,,cpu-thermal,57.781
1780559648.7086158,,,gpu-thermal,57.406
1780559648.7086158,,,soc0-thermal,55.375
1780559648.7086158,,,soc1-thermal,54.968
1780559648.7086158,,,soc2-thermal,55.656
1780559648.7086158,,,tj-thermal,57.781
1780559648.8151329,VDD_IN,6787.136,,
1780559648.8151329,VDD_CPU_GPU_CV,3015.936,,
1780559648.8151329,VDD_SOC,1451.584,,
1780559648.8151329,,,cpu-thermal,57.968
1780559648.8151329,,,gpu-thermal,57.343
1780559648.8151329,,,soc0-thermal,55.406
1780559648.8151329,,,soc1-thermal,55.0
1780559648.8151329,,,soc2-thermal,55.593
1780559648.8151329,,,tj-thermal,57.968
1780559648.9218822,VDD_IN,6787.136,,
1780559648.9218822,VDD_CPU_GPU_CV,3015.936,,
1780559648.9218822,VDD_SOC,1451.584,,
1780559648.9218822,,,cpu-thermal,58.187
1780559648.9218822,,,gpu-thermal,57.281
1780559648.9218822,,,soc0-thermal,55.375
1780559648.9218822,,,soc1-thermal,55.062
1780559648.9218822,,,soc2-thermal,55.593
1780559648.9218822,,,tj-thermal,58.187
1780559649.028329,VDD_IN,6787.136,,
1780559649.028329,VDD_CPU_GPU_CV,3015.936,,
1780559649.028329,VDD_SOC,1451.584,,
1780559649.028329,,,cpu-thermal,58.312
1780559649.028329,,,gpu-thermal,57.25
1780559649.028329,,,soc0-thermal,55.5
1780559649.028329,,,soc1-thermal,55.0
1780559649.028329,,,soc2-thermal,55.687
1780559649.028329,,,tj-thermal,58.0
1780559649.1347668,VDD_IN,6787.136,,
1780559649.1347668,VDD_CPU_GPU_CV,3015.936,,
1780559649.1347668,VDD_SOC,1451.584,,
1780559649.1347668,,,cpu-thermal,57.906
1780559649.1347668,,,gpu-thermal,57.187
1780559649.1347668,,,soc0-thermal,55.406
1780559649.1347668,,,soc1-thermal,55.031
1780559649.1347668,,,soc2-thermal,55.625
1780559649.1347668,,,tj-thermal,57.906
1780559649.241314,VDD_IN,6787.136,,
1780559649.241314,VDD_CPU_GPU_CV,3015.936,,
1780559649.241314,VDD_SOC,1451.584,,
1780559649.241314,,,cpu-thermal,58.062
1780559649.241314,,,gpu-thermal,57.531
1780559649.241314,,,soc0-thermal,55.343
1780559649.241314,,,soc1-thermal,55.156
1780559649.241314,,,soc2-thermal,55.625
1780559649.241314,,,tj-thermal,57.812
1780559649.347899,VDD_IN,6787.136,,
1780559649.347899,VDD_CPU_GPU_CV,3015.936,,
1780559649.347899,VDD_SOC,1451.584,,
1780559649.347899,,,cpu-thermal,57.906
1780559649.347899,,,gpu-thermal,57.437
1780559649.347899,,,soc0-thermal,55.468
1780559649.347899,,,soc1-thermal,55.0
1780559649.347899,,,soc2-thermal,55.593
1780559649.347899,,,tj-thermal,57.906
1780559649.4543061,VDD_IN,6787.136,,
1780559649.4543061,VDD_CPU_GPU_CV,3015.936,,
1780559649.4543061,VDD_SOC,1451.584,,
1780559649.4543061,,,cpu-thermal,58.0
1780559649.4543061,,,gpu-thermal,57.312
1780559649.4543061,,,soc0-thermal,55.343
1780559649.4543061,,,soc1-thermal,55.062
1780559649.4543061,,,soc2-thermal,55.625
1780559649.4543061,,,tj-thermal,58.0
1780559649.5607722,VDD_IN,6787.136,,
1780559649.5607722,VDD_CPU_GPU_CV,3015.936,,
1780559649.5607722,VDD_SOC,1451.584,,
1780559649.5607722,,,cpu-thermal,58.312
1780559649.5607722,,,gpu-thermal,57.281
1780559649.5607722,,,soc0-thermal,55.406
1780559649.5607722,,,soc1-thermal,55.125
1780559649.5607722,,,soc2-thermal,55.687
1780559649.5607722,,,tj-thermal,58.312
1780559649.6672485,VDD_IN,6787.136,,
1780559649.6672485,VDD_CPU_GPU_CV,3015.936,,
1780559649.6672485,VDD_SOC,1451.584,,
1780559649.6672485,,,cpu-thermal,57.875
1780559649.6672485,,,gpu-thermal,57.343
1780559649.6672485,,,soc0-thermal,55.531
1780559649.6672485,,,soc1-thermal,55.0
1780559649.6672485,,,soc2-thermal,55.625
1780559649.6672485,,,tj-thermal,57.875
1780559649.7736738,VDD_IN,6787.136,,
1780559649.7736738,VDD_CPU_GPU_CV,3015.936,,
1780559649.7736738,VDD_SOC,1451.584,,
1780559649.7736738,,,cpu-thermal,58.093
1780559649.7736738,,,gpu-thermal,57.218
1780559649.7736738,,,soc0-thermal,55.406
1780559649.7736738,,,soc1-thermal,55.031
1780559649.7736738,,,soc2-thermal,55.593
1780559649.7736738,,,tj-thermal,58.093
1780559649.880214,VDD_IN,6787.136,,
1780559649.880214,VDD_CPU_GPU_CV,3015.936,,
1780559649.880214,VDD_SOC,1451.584,,
1780559649.880214,,,cpu-thermal,58.125
1780559649.880214,,,gpu-thermal,57.562
1780559649.880214,,,soc0-thermal,55.437
1780559649.880214,,,soc1-thermal,55.125
1780559649.880214,,,soc2-thermal,55.781
1780559649.880214,,,tj-thermal,58.125
1780559649.986564,VDD_IN,6787.136,,
1780559649.986564,VDD_CPU_GPU_CV,3015.936,,
1780559649.986564,VDD_SOC,1451.584,,
1780559649.986564,,,cpu-thermal,58.343
1780559649.986564,,,gpu-thermal,57.406
1780559649.986564,,,soc0-thermal,55.531
1780559649.986564,,,soc1-thermal,55.0
1780559649.986564,,,soc2-thermal,55.625
1780559649.986564,,,tj-thermal,57.937
1780559650.092769,VDD_IN,6787.136,,
1780559650.092769,VDD_CPU_GPU_CV,3015.936,,
1780559650.092769,VDD_SOC,1451.584,,
1780559650.092769,,,cpu-thermal,58.031
1780559650.092769,,,gpu-thermal,57.312
1780559650.092769,,,soc0-thermal,55.375
1780559650.092769,,,soc1-thermal,55.031
1780559650.092769,,,soc2-thermal,55.625
1780559650.092769,,,tj-thermal,58.031
1780559650.1991458,VDD_IN,6787.136,,
1780559650.1991458,VDD_CPU_GPU_CV,3015.936,,
1780559650.1991458,VDD_SOC,1451.584,,
1780559650.1991458,,,cpu-thermal,58.125
1780559650.1991458,,,gpu-thermal,57.25
1780559650.1991458,,,soc0-thermal,55.437
1780559650.1991458,,,soc1-thermal,55.093
1780559650.1991458,,,soc2-thermal,55.781
1780559650.1991458,,,tj-thermal,58.125
1780559650.3058107,VDD_IN,6787.136,,
1780559650.3058107,VDD_CPU_GPU_CV,3015.936,,
1780559650.3058107,VDD_SOC,1451.584,,
1780559650.3058107,,,cpu-thermal,58.0
1780559650.3058107,,,gpu-thermal,57.218
1780559650.3058107,,,soc0-thermal,55.468
1780559650.3058107,,,soc1-thermal,55.062
1780559650.3058107,,,soc2-thermal,55.625
1780559650.3058107,,,tj-thermal,58.0
1780559650.4127483,VDD_IN,6787.136,,
1780559650.4127483,VDD_CPU_GPU_CV,3015.936,,
1780559650.4127483,VDD_SOC,1451.584,,
1780559650.4127483,,,cpu-thermal,57.937
1780559650.4127483,,,gpu-thermal,57.625
1780559650.4127483,,,soc0-thermal,55.406
1780559650.4127483,,,soc1-thermal,55.093
1780559650.4127483,,,soc2-thermal,55.687
1780559650.4127483,,,tj-thermal,57.937
1780559650.5193846,VDD_IN,6787.136,,
1780559650.5193846,VDD_CPU_GPU_CV,3015.936,,
1780559650.5193846,VDD_SOC,1451.584,,
1780559650.5193846,,,cpu-thermal,58.312
1780559650.5193846,,,gpu-thermal,57.531
1780559650.5193846,,,soc0-thermal,55.5
1780559650.5193846,,,soc1-thermal,55.25
1780559650.5193846,,,soc2-thermal,55.75
1780559650.5193846,,,tj-thermal,58.312
1780559650.6258657,VDD_IN,6787.136,,
1780559650.6258657,VDD_CPU_GPU_CV,3015.936,,
1780559650.6258657,VDD_SOC,1451.584,,
1780559650.6258657,,,cpu-thermal,57.875
1780559650.6258657,,,gpu-thermal,57.406
1780559650.6258657,,,soc0-thermal,55.468
1780559650.6258657,,,soc1-thermal,55.062
1780559650.6258657,,,soc2-thermal,55.687
1780559650.6258657,,,tj-thermal,57.875
1780559650.7322328,VDD_IN,6787.136,,
1780559650.7322328,VDD_CPU_GPU_CV,3015.936,,
1780559650.7322328,VDD_SOC,1451.584,,
1780559650.7322328,,,cpu-thermal,58.156
1780559650.7322328,,,gpu-thermal,57.281
1780559650.7322328,,,soc0-thermal,55.437
1780559650.7322328,,,soc1-thermal,55.156
1780559650.7322328,,,soc2-thermal,55.843
1780559650.7322328,,,tj-thermal,58.156
1780559650.838923,VDD_IN,6787.136,,
1780559650.838923,VDD_CPU_GPU_CV,3015.936,,
1780559650.838923,VDD_SOC,1451.584,,
1780559650.838923,,,cpu-thermal,58.187
1780559650.838923,,,gpu-thermal,57.218
1780559650.838923,,,soc0-thermal,55.531
1780559650.838923,,,soc1-thermal,55.187
1780559650.838923,,,soc2-thermal,55.906
1780559650.838923,,,tj-thermal,58.187
1780559650.9453707,VDD_IN,6787.136,,
1780559650.9453707,VDD_CPU_GPU_CV,3015.936,,
1780559650.9453707,VDD_SOC,1451.584,,
1780559650.9453707,,,cpu-thermal,58.312
1780559650.9453707,,,gpu-thermal,57.218
1780559650.9453707,,,soc0-thermal,55.531
1780559650.9453707,,,soc1-thermal,55.375
1780559650.9453707,,,soc2-thermal,55.718
1780559650.9453707,,,tj-thermal,58.0
1780559651.0516193,VDD_IN,6787.136,,
1780559651.0516193,VDD_CPU_GPU_CV,3015.936,,
1780559651.0516193,VDD_SOC,1451.584,,
1780559651.0516193,,,cpu-thermal,58.093
1780559651.0516193,,,gpu-thermal,57.562
1780559651.0516193,,,soc0-thermal,55.5
1780559651.0516193,,,soc1-thermal,55.125
1780559651.0516193,,,soc2-thermal,55.718
1780559651.0516193,,,tj-thermal,58.093
1780559651.1582057,VDD_IN,6787.136,,
1780559651.1582057,VDD_CPU_GPU_CV,3015.936,,
1780559651.1582057,VDD_SOC,1451.584,,
1780559651.1582057,,,cpu-thermal,58.125
1780559651.1582057,,,gpu-thermal,57.5
1780559651.1582057,,,soc0-thermal,55.437
1780559651.1582057,,,soc1-thermal,55.281
1780559651.1582057,,,soc2-thermal,55.875
1780559651.1582057,,,tj-thermal,58.125
1780559651.264675,VDD_IN,6787.136,,
1780559651.264675,VDD_CPU_GPU_CV,3015.936,,
1780559651.264675,VDD_SOC,1451.584,,
1780559651.264675,,,cpu-thermal,58.031
1780559651.264675,,,gpu-thermal,57.375
1780559651.264675,,,soc0-thermal,55.593
1780559651.264675,,,soc1-thermal,55.312
1780559651.264675,,,soc2-thermal,55.718
1780559651.264675,,,tj-thermal,58.031
1780559651.3712015,VDD_IN,6787.136,,
1780559651.3712015,VDD_CPU_GPU_CV,3015.936,,
1780559651.3712015,VDD_SOC,1451.584,,
1780559651.3712015,,,cpu-thermal,58.093
1780559651.3712015,,,gpu-thermal,57.375
1780559651.3712015,,,soc0-thermal,55.5
1780559651.3712015,,,soc1-thermal,55.187
1780559651.3712015,,,soc2-thermal,55.781
1780559651.3712015,,,tj-thermal,58.093
1780559651.4778063,VDD_IN,6787.136,,
1780559651.4778063,VDD_CPU_GPU_CV,3015.936,,
1780559651.4778063,VDD_SOC,1451.584,,
1780559651.4778063,,,cpu-thermal,58.375
1780559651.4778063,,,gpu-thermal,57.281
1780559651.4778063,,,soc0-thermal,55.531
1780559651.4778063,,,soc1-thermal,55.218
1780559651.4778063,,,soc2-thermal,55.875
1780559651.4778063,,,tj-thermal,58.375
1780559651.5841706,VDD_IN,6787.136,,
1780559651.5841706,VDD_CPU_GPU_CV,3015.936,,
1780559651.5841706,VDD_SOC,1451.584,,
1780559651.5841706,,,cpu-thermal,58.031
1780559651.5841706,,,gpu-thermal,57.656
1780559651.5841706,,,soc0-thermal,55.562
1780559651.5841706,,,soc1-thermal,55.281
1780559651.5841706,,,soc2-thermal,55.843
1780559651.5841706,,,tj-thermal,58.031
1780559651.6907156,VDD_IN,6787.136,,
1780559651.6907156,VDD_CPU_GPU_CV,3015.936,,
1780559651.6907156,VDD_SOC,1451.584,,
1780559651.6907156,,,cpu-thermal,58.062
1780559651.6907156,,,gpu-thermal,57.531
1780559651.6907156,,,soc0-thermal,55.562
1780559651.6907156,,,soc1-thermal,55.218
1780559651.6907156,,,soc2-thermal,55.75
1780559651.6907156,,,tj-thermal,58.187
1780559651.7972908,VDD_IN,6787.136,,
1780559651.7972908,VDD_CPU_GPU_CV,3015.936,,
1780559651.7972908,VDD_SOC,1451.584,,
1780559651.7972908,,,cpu-thermal,58.375
1780559651.7972908,,,gpu-thermal,57.5
1780559651.7972908,,,soc0-thermal,55.5
1780559651.7972908,,,soc1-thermal,55.281
1780559651.7972908,,,soc2-thermal,55.843
1780559651.7972908,,,tj-thermal,58.375
1780559651.9036798,VDD_IN,6787.136,,
1780559651.9036798,VDD_CPU_GPU_CV,3015.936,,
1780559651.9036798,VDD_SOC,1451.584,,
1780559651.9036798,,,cpu-thermal,58.375
1780559651.9036798,,,gpu-thermal,57.406
1780559651.9036798,,,soc0-thermal,55.593
1780559651.9036798,,,soc1-thermal,55.406
1780559651.9036798,,,soc2-thermal,55.75
1780559651.9036798,,,tj-thermal,58.187
1780559652.0100918,VDD_IN,6787.136,,
1780559652.0100918,VDD_CPU_GPU_CV,3015.936,,
1780559652.0100918,VDD_SOC,1451.584,,
1780559652.0100918,,,cpu-thermal,58.218
1780559652.0100918,,,gpu-thermal,57.468
1780559652.0100918,,,soc0-thermal,55.718
1780559652.0100918,,,soc1-thermal,55.312
1780559652.0100918,,,soc2-thermal,55.687
1780559652.0100918,,,tj-thermal,58.218
1780559652.1165228,VDD_IN,6787.136,,
1780559652.1165228,VDD_CPU_GPU_CV,3015.936,,
1780559652.1165228,VDD_SOC,1451.584,,
1780559652.1165228,,,cpu-thermal,58.25
1780559652.1165228,,,gpu-thermal,57.718
1780559652.1165228,,,soc0-thermal,55.593
1780559652.1165228,,,soc1-thermal,55.187
1780559652.1165228,,,soc2-thermal,55.906
1780559652.1165228,,,tj-thermal,58.25
1780559652.223003,VDD_IN,6787.136,,
1780559652.223003,VDD_CPU_GPU_CV,3015.936,,
1780559652.223003,VDD_SOC,1451.584,,
1780559652.223003,,,cpu-thermal,58.062
1780559652.223003,,,gpu-thermal,57.562
1780559652.223003,,,soc0-thermal,55.562
1780559652.223003,,,soc1-thermal,55.406
1780559652.223003,,,soc2-thermal,55.75
1780559652.223003,,,tj-thermal,58.062
1780559652.3296404,VDD_IN,6787.136,,
1780559652.3296404,VDD_CPU_GPU_CV,3015.936,,
1780559652.3296404,VDD_SOC,1451.584,,
1780559652.3296404,,,cpu-thermal,58.093
1780559652.3296404,,,gpu-thermal,57.562
1780559652.3296404,,,soc0-thermal,55.593
1780559652.3296404,,,soc1-thermal,55.25
1780559652.3296404,,,soc2-thermal,55.906
1780559652.3296404,,,tj-thermal,58.093
1780559652.4362226,VDD_IN,6787.136,,
1780559652.4362226,VDD_CPU_GPU_CV,3015.936,,
1780559652.4362226,VDD_SOC,1451.584,,
1780559652.4362226,,,cpu-thermal,58.437
1780559652.4362226,,,gpu-thermal,57.781
1780559652.4362226,,,soc0-thermal,55.531
1780559652.4362226,,,soc1-thermal,55.281
1780559652.4362226,,,soc2-thermal,55.843
1780559652.4362226,,,tj-thermal,58.437
1780559652.5427225,VDD_IN,6826.368,,
1780559652.5427225,VDD_CPU_GPU_CV,3015.936,,
1780559652.5427225,VDD_SOC,1451.584,,
1780559652.5427225,,,cpu-thermal,58.125
1780559652.5427225,,,gpu-thermal,57.531
1780559652.5427225,,,soc0-thermal,55.656
1780559652.5427225,,,soc1-thermal,55.343
1780559652.5427225,,,soc2-thermal,55.843
1780559652.5427225,,,tj-thermal,58.125
1780559652.6491363,VDD_IN,6787.136,,
1780559652.6491363,VDD_CPU_GPU_CV,3015.936,,
1780559652.6491363,VDD_SOC,1451.584,,
1780559652.6491363,,,cpu-thermal,58.25
1780559652.6491363,,,gpu-thermal,57.531
1780559652.6491363,,,soc0-thermal,55.75
1780559652.6491363,,,soc1-thermal,55.187
1780559652.6491363,,,soc2-thermal,55.812
1780559652.6491363,,,tj-thermal,58.156
1780559652.7559454,VDD_IN,6787.136,,
1780559652.7559454,VDD_CPU_GPU_CV,3015.936,,
1780559652.7559454,VDD_SOC,1451.584,,
1780559652.7559454,,,cpu-thermal,58.343
1780559652.7559454,,,gpu-thermal,57.468
1780559652.7559454,,,soc0-thermal,55.562
1780559652.7559454,,,soc1-thermal,55.281
1780559652.7559454,,,soc2-thermal,55.843
1780559652.7559454,,,tj-thermal,58.343
1780559652.8625407,VDD_IN,6787.136,,
1780559652.8625407,VDD_CPU_GPU_CV,3015.936,,
1780559652.8625407,VDD_SOC,1451.584,,
1780559652.8625407,,,cpu-thermal,58.406
1780559652.8625407,,,gpu-thermal,57.406
1780559652.8625407,,,soc0-thermal,55.593
1780559652.8625407,,,soc1-thermal,55.437
1780559652.8625407,,,soc2-thermal,55.812
1780559652.8625407,,,tj-thermal,58.218
1780559652.9689963,VDD_IN,6787.136,,
1780559652.9689963,VDD_CPU_GPU_CV,3015.936,,
1780559652.9689963,VDD_SOC,1451.584,,
1780559652.9689963,,,cpu-thermal,58.187
1780559652.9689963,,,gpu-thermal,57.812
1780559652.9689963,,,soc0-thermal,55.75
1780559652.9689963,,,soc1-thermal,55.343
1780559652.9689963,,,soc2-thermal,55.875
1780559652.9689963,,,tj-thermal,58.187
1780559653.0755212,VDD_IN,6787.136,,
1780559653.0755212,VDD_CPU_GPU_CV,3015.936,,
1780559653.0755212,VDD_SOC,1451.584,,
1780559653.0755212,,,cpu-thermal,58.25
1780559653.0755212,,,gpu-thermal,57.656
1780559653.0755212,,,soc0-thermal,55.625
1780559653.0755212,,,soc1-thermal,55.375
1780559653.0755212,,,soc2-thermal,55.968
1780559653.0755212,,,tj-thermal,58.25
1780559653.1820521,VDD_IN,6787.136,,
1780559653.1820521,VDD_CPU_GPU_CV,3015.936,,
1780559653.1820521,VDD_SOC,1451.584,,
1780559653.1820521,,,cpu-thermal,58.187
1780559653.1820521,,,gpu-thermal,57.593
1780559653.1820521,,,soc0-thermal,55.718
1780559653.1820521,,,soc1-thermal,55.5
1780559653.1820521,,,soc2-thermal,55.937
1780559653.1820521,,,tj-thermal,58.187
1780559653.289042,VDD_IN,6787.136,,
1780559653.289042,VDD_CPU_GPU_CV,3015.936,,
1780559653.289042,VDD_SOC,1451.584,,
1780559653.289042,,,cpu-thermal,58.25
1780559653.289042,,,gpu-thermal,57.531
1780559653.289042,,,soc0-thermal,55.562
1780559653.289042,,,soc1-thermal,55.312
1780559653.289042,,,soc2-thermal,55.843
1780559653.289042,,,tj-thermal,58.25
1780559653.3955836,VDD_IN,6787.136,,
1780559653.3955836,VDD_CPU_GPU_CV,3015.936,,
1780559653.3955836,VDD_SOC,1451.584,,
1780559653.3955836,,,cpu-thermal,58.437
1780559653.3955836,,,gpu-thermal,57.468
1780559653.3955836,,,soc0-thermal,55.625
1780559653.3955836,,,soc1-thermal,55.437
1780559653.3955836,,,soc2-thermal,55.906
1780559653.3955836,,,tj-thermal,58.437
1780559653.502188,VDD_IN,6787.136,,
1780559653.502188,VDD_CPU_GPU_CV,3015.936,,
1780559653.502188,VDD_SOC,1451.584,,
1780559653.502188,,,cpu-thermal,58.625
1780559653.502188,,,gpu-thermal,57.437
1780559653.502188,,,soc0-thermal,55.687
1780559653.502188,,,soc1-thermal,55.5
1780559653.502188,,,soc2-thermal,55.812
1780559653.502188,,,tj-thermal,58.625
1780559653.6085212,VDD_IN,6787.136,,
1780559653.6085212,VDD_CPU_GPU_CV,3015.936,,
1780559653.6085212,VDD_SOC,1451.584,,
1780559653.6085212,,,cpu-thermal,58.281
1780559653.6085212,,,gpu-thermal,57.812
1780559653.6085212,,,soc0-thermal,55.687
1780559653.6085212,,,soc1-thermal,55.343
1780559653.6085212,,,soc2-thermal,55.906
1780559653.6085212,,,tj-thermal,58.281
1780559653.715002,VDD_IN,6787.136,,
1780559653.715002,VDD_CPU_GPU_CV,3015.936,,
1780559653.715002,VDD_SOC,1451.584,,
1780559653.715002,,,cpu-thermal,58.406
1780559653.715002,,,gpu-thermal,57.562
1780559653.715002,,,soc0-thermal,55.656
1780559653.715002,,,soc1-thermal,55.343
1780559653.715002,,,soc2-thermal,56.031
1780559653.715002,,,tj-thermal,58.406
1780559653.822105,VDD_IN,6787.136,,
1780559653.822105,VDD_CPU_GPU_CV,3015.936,,
1780559653.822105,VDD_SOC,1451.584,,
1780559653.822105,,,cpu-thermal,58.25
1780559653.822105,,,gpu-thermal,57.562
1780559653.822105,,,soc0-thermal,55.687
1780559653.822105,,,soc1-thermal,55.531
1780559653.822105,,,soc2-thermal,55.906
1780559653.822105,,,tj-thermal,58.25
1780559653.9295492,VDD_IN,6787.136,,
1780559653.9295492,VDD_CPU_GPU_CV,3015.936,,
1780559653.9295492,VDD_SOC,1451.584,,
1780559653.9295492,,,cpu-thermal,58.25
1780559653.9295492,,,gpu-thermal,57.718
1780559653.9295492,,,soc0-thermal,55.656
1780559653.9295492,,,soc1-thermal,55.281
1780559653.9295492,,,soc2-thermal,55.968
1780559653.9295492,,,tj-thermal,58.375
1780559654.0375335,VDD_IN,6787.136,,
1780559654.0375335,VDD_CPU_GPU_CV,3015.936,,
1780559654.0375335,VDD_SOC,1451.584,,
1780559654.0375335,,,cpu-thermal,58.656
1780559654.0375335,,,gpu-thermal,57.625
1780559654.0375335,,,soc0-thermal,55.687
1780559654.0375335,,,soc1-thermal,55.437
1780559654.0375335,,,soc2-thermal,55.812
1780559654.0375335,,,tj-thermal,58.656
1780559654.1439652,VDD_IN,6787.136,,
1780559654.1439652,VDD_CPU_GPU_CV,3015.936,,
1780559654.1439652,VDD_SOC,1451.584,,
1780559654.1439652,,,cpu-thermal,58.25
1780559654.1439652,,,gpu-thermal,57.593
1780559654.1439652,,,soc0-thermal,55.718
1780559654.1439652,,,soc1-thermal,55.312
1780559654.1439652,,,soc2-thermal,56.0
1780559654.1439652,,,tj-thermal,58.25
1780559654.2508018,VDD_IN,6787.136,,
1780559654.2508018,VDD_CPU_GPU_CV,3015.936,,
1780559654.2508018,VDD_SOC,1451.584,,
1780559654.2508018,,,cpu-thermal,58.375
1780559654.2508018,,,gpu-thermal,57.531
1780559654.2508018,,,soc0-thermal,55.718
1780559654.2508018,,,soc1-thermal,55.375
1780559654.2508018,,,soc2-thermal,55.968
1780559654.2508018,,,tj-thermal,58.375
1780559654.357309,VDD_IN,6787.136,,
1780559654.357309,VDD_CPU_GPU_CV,3015.936,,
1780559654.357309,VDD_SOC,1451.584,,
1780559654.357309,,,cpu-thermal,58.406
1780559654.357309,,,gpu-thermal,57.406
1780559654.357309,,,soc0-thermal,55.75
1780559654.357309,,,soc1-thermal,55.406
1780559654.357309,,,soc2-thermal,55.968
1780559654.357309,,,tj-thermal,58.406
1780559654.4638042,VDD_IN,6787.136,,
1780559654.4638042,VDD_CPU_GPU_CV,3015.936,,
1780559654.4638042,VDD_SOC,1451.584,,
1780559654.4638042,,,cpu-thermal,58.343
1780559654.4638042,,,gpu-thermal,57.812
1780559654.4638042,,,soc0-thermal,55.843
1780559654.4638042,,,soc1-thermal,55.25
1780559654.4638042,,,soc2-thermal,56.0
1780559654.4638042,,,tj-thermal,58.343
1780559654.5703256,VDD_IN,6787.136,,
1780559654.5703256,VDD_CPU_GPU_CV,3015.936,,
1780559654.5703256,VDD_SOC,1451.584,,
1780559654.5703256,,,cpu-thermal,58.312
1780559654.5703256,,,gpu-thermal,57.718
1780559654.5703256,,,soc0-thermal,55.687
1780559654.5703256,,,soc1-thermal,55.437
1780559654.5703256,,,soc2-thermal,56.0
1780559654.5703256,,,tj-thermal,58.312
1780559654.6769109,VDD_IN,6787.136,,
1780559654.6769109,VDD_CPU_GPU_CV,3015.936,,
1780559654.6769109,VDD_SOC,1451.584,,
1780559654.6769109,,,cpu-thermal,58.375
1780559654.6769109,,,gpu-thermal,57.531
1780559654.6769109,,,soc0-thermal,55.75
1780559654.6769109,,,soc1-thermal,55.5
1780559654.6769109,,,soc2-thermal,56.062
1780559654.6769109,,,tj-thermal,58.312
1780559654.7833934,VDD_IN,6787.136,,
1780559654.7833934,VDD_CPU_GPU_CV,3015.936,,
1780559654.7833934,VDD_SOC,1451.584,,
1780559654.7833934,,,cpu-thermal,58.343
1780559654.7833934,,,gpu-thermal,57.531
1780559654.7833934,,,soc0-thermal,55.843
1780559654.7833934,,,soc1-thermal,55.343
1780559654.7833934,,,soc2-thermal,55.968
1780559654.7833934,,,tj-thermal,58.343
1780559654.8899643,VDD_IN,6787.136,,
1780559654.8899643,VDD_CPU_GPU_CV,3015.936,,
1780559654.8899643,VDD_SOC,1451.584,,
1780559654.8899643,,,cpu-thermal,58.312
1780559654.8899643,,,gpu-thermal,57.562
1780559654.8899643,,,soc0-thermal,55.718
1780559654.8899643,,,soc1-thermal,55.406
1780559654.8899643,,,soc2-thermal,56.031
1780559654.8899643,,,tj-thermal,58.437
1780559654.996536,VDD_IN,6787.136,,
1780559654.996536,VDD_CPU_GPU_CV,3015.936,,
1780559654.996536,VDD_SOC,1451.584,,
1780559654.996536,,,cpu-thermal,58.593
1780559654.996536,,,gpu-thermal,57.812
1780559654.996536,,,soc0-thermal,55.781
1780559654.996536,,,soc1-thermal,55.531
1780559654.996536,,,soc2-thermal,55.968
1780559654.996536,,,tj-thermal,58.593
1780559655.1029215,VDD_IN,6787.136,,
1780559655.1029215,VDD_CPU_GPU_CV,3015.936,,
1780559655.1029215,VDD_SOC,1451.584,,
1780559655.1029215,,,cpu-thermal,58.25
1780559655.1029215,,,gpu-thermal,57.75
1780559655.1029215,,,soc0-thermal,55.843
1780559655.1029215,,,soc1-thermal,55.375
1780559655.1029215,,,soc2-thermal,56.062
1780559655.1029215,,,tj-thermal,58.25
1780559655.209274,VDD_IN,6787.136,,
1780559655.209274,VDD_CPU_GPU_CV,3015.936,,
1780559655.209274,VDD_SOC,1451.584,,
1780559655.209274,,,cpu-thermal,58.375
1780559655.209274,,,gpu-thermal,57.687
1780559655.209274,,,soc0-thermal,55.781
1780559655.209274,,,soc1-thermal,55.437
1780559655.209274,,,soc2-thermal,56.062
1780559655.209274,,,tj-thermal,58.375
1780559655.3162081,VDD_IN,6787.136,,
1780559655.3162081,VDD_CPU_GPU_CV,3015.936,,
1780559655.3162081,VDD_SOC,1451.584,,
1780559655.3162081,,,cpu-thermal,58.5
1780559655.3162081,,,gpu-thermal,57.625
1780559655.3162081,,,soc0-thermal,55.781
1780559655.3162081,,,soc1-thermal,55.5
1780559655.3162081,,,soc2-thermal,56.062
1780559655.3162081,,,tj-thermal,58.5
1780559655.4226658,VDD_IN,6787.136,,
1780559655.4226658,VDD_CPU_GPU_CV,3015.936,,
1780559655.4226658,VDD_SOC,1451.584,,
1780559655.4226658,,,cpu-thermal,58.343
1780559655.4226658,,,gpu-thermal,57.531
1780559655.4226658,,,soc0-thermal,55.812
1780559655.4226658,,,soc1-thermal,55.406
1780559655.4226658,,,soc2-thermal,56.031
1780559655.4226658,,,tj-thermal,58.343
1780559655.529073,VDD_IN,6787.136,,
1780559655.529073,VDD_CPU_GPU_CV,3015.936,,
1780559655.529073,VDD_SOC,1451.584,,
1780559655.529073,,,cpu-thermal,58.375
1780559655.529073,,,gpu-thermal,57.968
1780559655.529073,,,soc0-thermal,55.718
1780559655.529073,,,soc1-thermal,55.375
1780559655.529073,,,soc2-thermal,56.031
1780559655.529073,,,tj-thermal,58.375
1780559655.635778,VDD_IN,6787.136,,
1780559655.635778,VDD_CPU_GPU_CV,3015.936,,
1780559655.635778,VDD_SOC,1451.584,,
1780559655.635778,,,cpu-thermal,58.406
1780559655.635778,,,gpu-thermal,57.812
1780559655.635778,,,soc0-thermal,55.875
1780559655.635778,,,soc1-thermal,55.531
1780559655.635778,,,soc2-thermal,56.062
1780559655.635778,,,tj-thermal,58.25
1780559655.742387,VDD_IN,6787.136,,
1780559655.742387,VDD_CPU_GPU_CV,3015.936,,
1780559655.742387,VDD_SOC,1451.584,,
1780559655.742387,,,cpu-thermal,58.312
1780559655.742387,,,gpu-thermal,57.687
1780559655.742387,,,soc0-thermal,55.843
1780559655.742387,,,soc1-thermal,55.5
1780559655.742387,,,soc2-thermal,56.031
1780559655.742387,,,tj-thermal,58.312
1780559655.848891,VDD_IN,6787.136,,
1780559655.848891,VDD_CPU_GPU_CV,3015.936,,
1780559655.848891,VDD_SOC,1451.584,,
1780559655.848891,,,cpu-thermal,58.375
1780559655.848891,,,gpu-thermal,57.687
1780559655.848891,,,soc0-thermal,55.812
1780559655.848891,,,soc1-thermal,55.5
1780559655.848891,,,soc2-thermal,56.062
1780559655.848891,,,tj-thermal,58.531
1780559655.9554229,VDD_IN,6787.136,,
1780559655.9554229,VDD_CPU_GPU_CV,3015.936,,
1780559655.9554229,VDD_SOC,1451.584,,
1780559655.9554229,,,cpu-thermal,58.562
1780559655.9554229,,,gpu-thermal,57.562
1780559655.9554229,,,soc0-thermal,55.875
1780559655.9554229,,,soc1-thermal,55.5
1780559655.9554229,,,soc2-thermal,56.25
1780559655.9554229,,,tj-thermal,58.562
1780559656.0620217,VDD_IN,6787.136,,
1780559656.0620217,VDD_CPU_GPU_CV,3015.936,,
1780559656.0620217,VDD_SOC,1451.584,,
1780559656.0620217,,,cpu-thermal,58.312
1780559656.0620217,,,gpu-thermal,57.562
1780559656.0620217,,,soc0-thermal,55.906
1780559656.0620217,,,soc1-thermal,55.656
1780559656.0620217,,,soc2-thermal,56.093
1780559656.0620217,,,tj-thermal,58.312
1780559656.1684535,VDD_IN,6787.136,,
1780559656.1684535,VDD_CPU_GPU_CV,3015.936,,
1780559656.1684535,VDD_SOC,1451.584,,
1780559656.1684535,,,cpu-thermal,58.468
1780559656.1684535,,,gpu-thermal,57.968
1780559656.1684535,,,soc0-thermal,55.812
1780559656.1684535,,,soc1-thermal,55.5
1780559656.1684535,,,soc2-thermal,56.062
1780559656.1684535,,,tj-thermal,58.468
1780559656.275202,VDD_IN,6787.136,,
1780559656.275202,VDD_CPU_GPU_CV,3015.936,,
1780559656.275202,VDD_SOC,1451.584,,
1780559656.275202,,,cpu-thermal,58.656
1780559656.275202,,,gpu-thermal,57.625
1780559656.275202,,,soc0-thermal,55.812
1780559656.275202,,,soc1-thermal,55.531
1780559656.275202,,,soc2-thermal,56.156
1780559656.275202,,,tj-thermal,58.656
1780559656.3818161,VDD_IN,6787.136,,
1780559656.3818161,VDD_CPU_GPU_CV,3015.936,,
1780559656.3818161,VDD_SOC,1451.584,,
1780559656.3818161,,,cpu-thermal,58.437
1780559656.3818161,,,gpu-thermal,58.062
1780559656.3818161,,,soc0-thermal,56.0
1780559656.3818161,,,soc1-thermal,55.656
1780559656.3818161,,,soc2-thermal,56.062
1780559656.3818161,,,tj-thermal,58.437
1780559656.488349,VDD_IN,6826.368,,
1780559656.488349,VDD_CPU_GPU_CV,3015.936,,
1780559656.488349,VDD_SOC,1451.584,,
1780559656.488349,,,cpu-thermal,58.5
1780559656.488349,,,gpu-thermal,57.875
1780559656.488349,,,soc0-thermal,55.812
1780559656.488349,,,soc1-thermal,55.5
1780559656.488349,,,soc2-thermal,56.062
1780559656.488349,,,tj-thermal,58.5
1780559656.594784,VDD_IN,6787.136,,
1780559656.594784,VDD_CPU_GPU_CV,3015.936,,
1780559656.594784,VDD_SOC,1451.584,,
1780559656.594784,,,cpu-thermal,58.312
1780559656.594784,,,gpu-thermal,57.843
1780559656.594784,,,soc0-thermal,55.812
1780559656.594784,,,soc1-thermal,55.562
1780559656.594784,,,soc2-thermal,56.218
1780559656.594784,,,tj-thermal,58.312
1780559656.7014053,VDD_IN,6787.136,,
1780559656.7014053,VDD_CPU_GPU_CV,3015.936,,
1780559656.7014053,VDD_SOC,1451.584,,
1780559656.7014053,,,cpu-thermal,58.406
1780559656.7014053,,,gpu-thermal,57.687
1780559656.7014053,,,soc0-thermal,56.031
1780559656.7014053,,,soc1-thermal,55.625
1780559656.7014053,,,soc2-thermal,56.062
1780559656.7014053,,,tj-thermal,58.406
1780559656.8078122,VDD_IN,6826.368,,
1780559656.8078122,VDD_CPU_GPU_CV,3015.936,,
1780559656.8078122,VDD_SOC,1451.584,,
1780559656.8078122,,,cpu-thermal,58.437
1780559656.8078122,,,gpu-thermal,57.562
1780559656.8078122,,,soc0-thermal,55.781
1780559656.8078122,,,soc1-thermal,55.531
1780559656.8078122,,,soc2-thermal,56.093
1780559656.8078122,,,tj-thermal,58.625
1780559656.9141252,VDD_IN,6787.136,,
1780559656.9141252,VDD_CPU_GPU_CV,3015.936,,
1780559656.9141252,VDD_SOC,1451.584,,
1780559656.9141252,,,cpu-thermal,58.656
1780559656.9141252,,,gpu-thermal,57.593
1780559656.9141252,,,soc0-thermal,55.843
1780559656.9141252,,,soc1-thermal,55.562
1780559656.9141252,,,soc2-thermal,56.25
1780559656.9141252,,,tj-thermal,58.656
1780559657.0205479,VDD_IN,6787.136,,
1780559657.0205479,VDD_CPU_GPU_CV,3015.936,,
1780559657.0205479,VDD_SOC,1451.584,,
1780559657.0205479,,,cpu-thermal,58.375
1780559657.0205479,,,gpu-thermal,58.0
1780559657.0205479,,,soc0-thermal,55.906
1780559657.0205479,,,soc1-thermal,55.687
1780559657.0205479,,,soc2-thermal,56.093
1780559657.0205479,,,tj-thermal,58.375
1780559657.1269283,VDD_IN,6787.136,,
1780559657.1269283,VDD_CPU_GPU_CV,3015.936,,
1780559657.1269283,VDD_SOC,1451.584,,
1780559657.1269283,,,cpu-thermal,58.531
1780559657.1269283,,,gpu-thermal,57.937
1780559657.1269283,,,soc0-thermal,55.812
1780559657.1269283,,,soc1-thermal,55.531
1780559657.1269283,,,soc2-thermal,56.156
1780559657.1269283,,,tj-thermal,58.531
1780559657.2335763,VDD_IN,6787.136,,
1780559657.2335763,VDD_CPU_GPU_CV,3015.936,,
1780559657.2335763,VDD_SOC,1451.584,,
1780559657.2335763,,,cpu-thermal,58.593
1780559657.2335763,,,gpu-thermal,57.843
1780559657.2335763,,,soc0-thermal,55.906
1780559657.2335763,,,soc1-thermal,55.625
1780559657.2335763,,,soc2-thermal,56.312
1780559657.2335763,,,tj-thermal,58.593
1780559657.3400972,VDD_IN,6787.136,,
1780559657.3400972,VDD_CPU_GPU_CV,3015.936,,
1780559657.3400972,VDD_SOC,1451.584,,
1780559657.3400972,,,cpu-thermal,58.531
1780559657.3400972,,,gpu-thermal,57.625
1780559657.3400972,,,soc0-thermal,55.937
1780559657.3400972,,,soc1-thermal,55.656
1780559657.3400972,,,soc2-thermal,56.156
1780559657.3400972,,,tj-thermal,58.531
1780559657.4465342,VDD_IN,6826.368,,
1780559657.4465342,VDD_CPU_GPU_CV,3015.936,,
1780559657.4465342,VDD_SOC,1451.584,,
1780559657.4465342,,,cpu-thermal,58.593
1780559657.4465342,,,gpu-thermal,57.687
1780559657.4465342,,,soc0-thermal,55.875
1780559657.4465342,,,soc1-thermal,55.468
1780559657.4465342,,,soc2-thermal,56.125
1780559657.4465342,,,tj-thermal,58.593
1780559657.552927,VDD_IN,6787.136,,
1780559657.552927,VDD_CPU_GPU_CV,3015.936,,
1780559657.552927,VDD_SOC,1451.584,,
1780559657.552927,,,cpu-thermal,58.437
1780559657.552927,,,gpu-thermal,58.0
1780559657.552927,,,soc0-thermal,55.875
1780559657.552927,,,soc1-thermal,55.562
1780559657.552927,,,soc2-thermal,56.218
1780559657.552927,,,tj-thermal,58.437
1780559657.6594932,VDD_IN,6787.136,,
1780559657.6594932,VDD_CPU_GPU_CV,3015.936,,
1780559657.6594932,VDD_SOC,1451.584,,
1780559657.6594932,,,cpu-thermal,58.531
1780559657.6594932,,,gpu-thermal,57.875
1780559657.6594932,,,soc0-thermal,56.031
1780559657.6594932,,,soc1-thermal,55.75
1780559657.6594932,,,soc2-thermal,56.218
1780559657.6594932,,,tj-thermal,58.531
1780559657.7658765,VDD_IN,6787.136,,
1780559657.7658765,VDD_CPU_GPU_CV,3015.936,,
1780559657.7658765,VDD_SOC,1451.584,,
1780559657.7658765,,,cpu-thermal,58.375
1780559657.7658765,,,gpu-thermal,57.875
1780559657.7658765,,,soc0-thermal,55.875
1780559657.7658765,,,soc1-thermal,55.531
1780559657.7658765,,,soc2-thermal,56.187
1780559657.7658765,,,tj-thermal,58.375
1780559657.872215,VDD_IN,6787.136,,
1780559657.872215,VDD_CPU_GPU_CV,3015.936,,
1780559657.872215,VDD_SOC,1451.584,,
1780559657.872215,,,cpu-thermal,58.75
1780559657.872215,,,gpu-thermal,57.718
1780559657.872215,,,soc0-thermal,55.843
1780559657.872215,,,soc1-thermal,55.656
1780559657.872215,,,soc2-thermal,56.218
1780559657.872215,,,tj-thermal,58.75
1780559657.9862983,VDD_IN,6787.136,,
1780559657.9862983,VDD_CPU_GPU_CV,2976.768,,
1780559657.9862983,VDD_SOC,1451.584,,
1780559657.9862983,,,cpu-thermal,58.468
1780559657.9862983,,,gpu-thermal,57.687
1780559657.9862983,,,soc0-thermal,55.937
1780559657.9862983,,,soc1-thermal,55.625
1780559657.9862983,,,soc2-thermal,56.312
1780559657.9862983,,,tj-thermal,58.75
1780559658.093258,VDD_IN,6747.904,,
1780559658.093258,VDD_CPU_GPU_CV,2976.768,,
1780559658.093258,VDD_SOC,1451.584,,
1780559658.093258,,,cpu-thermal,58.375
1780559658.093258,,,gpu-thermal,58.156
1780559658.093258,,,soc0-thermal,55.937
1780559658.093258,,,soc1-thermal,55.687
1780559658.093258,,,soc2-thermal,56.093
1780559658.093258,,,tj-thermal,58.375
1780559658.1998105,VDD_IN,6708.672,,
1780559658.1998105,VDD_CPU_GPU_CV,2976.768,,
1780559658.1998105,VDD_SOC,1451.584,,
1780559658.1998105,,,cpu-thermal,58.343
1780559658.1998105,,,gpu-thermal,57.968
1780559658.1998105,,,soc0-thermal,56.062
1780559658.1998105,,,soc1-thermal,55.531
1780559658.1998105,,,soc2-thermal,56.187
1780559658.1998105,,,tj-thermal,58.343
1780559658.306252,VDD_IN,6747.904,,
1780559658.306252,VDD_CPU_GPU_CV,2976.768,,
1780559658.306252,VDD_SOC,1451.584,,
1780559658.306252,,,cpu-thermal,58.687
1780559658.306252,,,gpu-thermal,57.875
1780559658.306252,,,soc0-thermal,55.937
1780559658.306252,,,soc1-thermal,55.562
1780559658.306252,,,soc2-thermal,56.218
1780559658.306252,,,tj-thermal,58.687
1780559658.4127016,VDD_IN,6747.904,,
1780559658.4127016,VDD_CPU_GPU_CV,3015.936,,
1780559658.4127016,VDD_SOC,1451.584,,
1780559658.4127016,,,cpu-thermal,58.75
1780559658.4127016,,,gpu-thermal,57.906
1780559658.4127016,,,soc0-thermal,55.937
1780559658.4127016,,,soc1-thermal,55.718
1780559658.4127016,,,soc2-thermal,56.125
1780559658.4127016,,,tj-thermal,58.75
1780559658.519244,VDD_IN,6747.904,,
1780559658.519244,VDD_CPU_GPU_CV,2976.768,,
1780559658.519244,VDD_SOC,1451.584,,
1780559658.519244,,,cpu-thermal,58.562
1780559658.519244,,,gpu-thermal,57.781
1780559658.519244,,,soc0-thermal,56.093
1780559658.519244,,,soc1-thermal,55.531
1780559658.519244,,,soc2-thermal,56.25
1780559658.519244,,,tj-thermal,58.562
1780559658.625893,VDD_IN,6747.904,,
1780559658.625893,VDD_CPU_GPU_CV,2976.768,,
1780559658.625893,VDD_SOC,1451.584,,
1780559658.625893,,,cpu-thermal,58.625
1780559658.625893,,,gpu-thermal,57.718
1780559658.625893,,,soc0-thermal,55.875
1780559658.625893,,,soc1-thermal,55.625
1780559658.625893,,,soc2-thermal,56.25
1780559658.625893,,,tj-thermal,58.625
1780559658.732215,VDD_IN,6747.904,,
1780559658.732215,VDD_CPU_GPU_CV,2976.768,,
1780559658.732215,VDD_SOC,1451.584,,
1780559658.732215,,,cpu-thermal,58.656
1780559658.732215,,,gpu-thermal,58.0
1780559658.732215,,,soc0-thermal,56.031
1780559658.732215,,,soc1-thermal,55.75
1780559658.732215,,,soc2-thermal,56.187
1780559658.732215,,,tj-thermal,58.562
1780559658.838765,VDD_IN,6747.904,,
1780559658.838765,VDD_CPU_GPU_CV,2976.768,,
1780559658.838765,VDD_SOC,1451.584,,
1780559658.838765,,,cpu-thermal,58.5
1780559658.838765,,,gpu-thermal,58.0
1780559658.838765,,,soc0-thermal,56.187
1780559658.838765,,,soc1-thermal,55.593
1780559658.838765,,,soc2-thermal,56.218
1780559658.838765,,,tj-thermal,58.5
1780559658.945206,VDD_IN,6787.136,,
1780559658.945206,VDD_CPU_GPU_CV,2976.768,,
1780559658.945206,VDD_SOC,1451.584,,
1780559658.945206,,,cpu-thermal,58.593
1780559658.945206,,,gpu-thermal,57.875
1780559658.945206,,,soc0-thermal,55.906
1780559658.945206,,,soc1-thermal,55.593
1780559658.945206,,,soc2-thermal,56.25
1780559658.945206,,,tj-thermal,58.593
1780559659.0514743,VDD_IN,6747.904,,
1780559659.0514743,VDD_CPU_GPU_CV,2976.768,,
1780559659.0514743,VDD_SOC,1451.584,,
1780559659.0514743,,,cpu-thermal,58.468
1780559659.0514743,,,gpu-thermal,57.812
1780559659.0514743,,,soc0-thermal,55.968
1780559659.0514743,,,soc1-thermal,55.75
1780559659.0514743,,,soc2-thermal,56.156
1780559659.0514743,,,tj-thermal,58.468
1780559659.1579237,VDD_IN,6747.904,,
1780559659.1579237,VDD_CPU_GPU_CV,2976.768,,
1780559659.1579237,VDD_SOC,1451.584,,
1780559659.1579237,,,cpu-thermal,58.5
1780559659.1579237,,,gpu-thermal,57.781
1780559659.1579237,,,soc0-thermal,56.125
1780559659.1579237,,,soc1-thermal,55.562
1780559659.1579237,,,soc2-thermal,56.218
1780559659.1579237,,,tj-thermal,58.5
1780559659.2644672,VDD_IN,6787.136,,
1780559659.2644672,VDD_CPU_GPU_CV,2976.768,,
1780559659.2644672,VDD_SOC,1451.584,,
1780559659.2644672,,,cpu-thermal,58.75
1780559659.2644672,,,gpu-thermal,58.062
1780559659.2644672,,,soc0-thermal,55.937
1780559659.2644672,,,soc1-thermal,55.625
1780559659.2644672,,,soc2-thermal,56.312
1780559659.2644672,,,tj-thermal,58.75
1780559659.3709517,VDD_IN,6787.136,,
1780559659.3709517,VDD_CPU_GPU_CV,3015.936,,
1780559659.3709517,VDD_SOC,1451.584,,
1780559659.3709517,,,cpu-thermal,58.812
1780559659.3709517,,,gpu-thermal,58.0
1780559659.3709517,,,soc0-thermal,56.031
1780559659.3709517,,,soc1-thermal,55.812
1780559659.3709517,,,soc2-thermal,56.25
1780559659.3709517,,,tj-thermal,58.812
1780559659.4776382,VDD_IN,6787.136,,
1780559659.4776382,VDD_CPU_GPU_CV,3015.936,,
1780559659.4776382,VDD_SOC,1451.584,,
1780559659.4776382,,,cpu-thermal,58.843
1780559659.4776382,,,gpu-thermal,57.875
1780559659.4776382,,,soc0-thermal,56.156
1780559659.4776382,,,soc1-thermal,55.656
1780559659.4776382,,,soc2-thermal,56.312
1780559659.4776382,,,tj-thermal,58.656
1780559659.584208,VDD_IN,6787.136,,
1780559659.584208,VDD_CPU_GPU_CV,3015.936,,
1780559659.584208,VDD_SOC,1451.584,,
1780559659.584208,,,cpu-thermal,58.687
1780559659.584208,,,gpu-thermal,57.812
1780559659.584208,,,soc0-thermal,55.968
1780559659.584208,,,soc1-thermal,55.718
1780559659.584208,,,soc2-thermal,56.281
1780559659.584208,,,tj-thermal,58.687
1780559659.6922317,VDD_IN,6787.136,,
1780559659.6922317,VDD_CPU_GPU_CV,3015.936,,
1780559659.6922317,VDD_SOC,1451.584,,
1780559659.6922317,,,cpu-thermal,58.562
1780559659.6922317,,,gpu-thermal,57.812
1780559659.6922317,,,soc0-thermal,56.093
1780559659.6922317,,,soc1-thermal,55.843
1780559659.6922317,,,soc2-thermal,56.218
1780559659.6922317,,,tj-thermal,58.562
1780559659.7987483,VDD_IN,6787.136,,
1780559659.7987483,VDD_CPU_GPU_CV,2976.768,,
1780559659.7987483,VDD_SOC,1451.584,,
1780559659.7987483,,,cpu-thermal,58.593
1780559659.7987483,,,gpu-thermal,57.937
1780559659.7987483,,,soc0-thermal,56.093
1780559659.7987483,,,soc1-thermal,55.75
1780559659.7987483,,,soc2-thermal,56.343
1780559659.7987483,,,tj-thermal,58.593
1780559659.9054687,VDD_IN,6787.136,,
1780559659.9054687,VDD_CPU_GPU_CV,2976.768,,
1780559659.9054687,VDD_SOC,1451.584,,
1780559659.9054687,,,cpu-thermal,58.562
1780559659.9054687,,,gpu-thermal,57.968
1780559659.9054687,,,soc0-thermal,56.031
1780559659.9054687,,,soc1-thermal,55.718
1780559659.9054687,,,soc2-thermal,56.406
1780559659.9054687,,,tj-thermal,58.937
1780559660.0119042,VDD_IN,6787.136,,
1780559660.0119042,VDD_CPU_GPU_CV,3015.936,,
1780559660.0119042,VDD_SOC,1451.584,,
1780559660.0119042,,,cpu-thermal,58.625
1780559660.0119042,,,gpu-thermal,57.843
1780559660.0119042,,,soc0-thermal,56.062
1780559660.0119042,,,soc1-thermal,55.875
1780559660.0119042,,,soc2-thermal,56.312
1780559660.0119042,,,tj-thermal,58.625
1780559660.1186717,VDD_IN,6787.136,,
1780559660.1186717,VDD_CPU_GPU_CV,2976.768,,
1780559660.1186717,VDD_SOC,1451.584,,
1780559660.1186717,,,cpu-thermal,58.562
1780559660.1186717,,,gpu-thermal,58.187
1780559660.1186717,,,soc0-thermal,56.187
1780559660.1186717,,,soc1-thermal,55.687
1780559660.1186717,,,soc2-thermal,56.343
1780559660.1186717,,,tj-thermal,58.687
1780559660.2252572,VDD_IN,6787.136,,
1780559660.2252572,VDD_CPU_GPU_CV,2976.768,,
1780559660.2252572,VDD_SOC,1451.584,,
1780559660.2252572,,,cpu-thermal,58.75
1780559660.2252572,,,gpu-thermal,58.0
1780559660.2252572,,,soc0-thermal,56.031
1780559660.2252572,,,soc1-thermal,55.781
1780559660.2252572,,,soc2-thermal,56.437
1780559660.2252572,,,tj-thermal,58.75
1780559660.3316612,VDD_IN,6787.136,,
1780559660.3316612,VDD_CPU_GPU_CV,3015.936,,
1780559660.3316612,VDD_SOC,1451.584,,
1780559660.3316612,,,cpu-thermal,58.812
1780559660.3316612,,,gpu-thermal,58.0
1780559660.3316612,,,soc0-thermal,56.062
1780559660.3316612,,,soc1-thermal,56.0
1780559660.3316612,,,soc2-thermal,56.281
1780559660.3316612,,,tj-thermal,58.656
1780559660.4384599,VDD_IN,6787.136,,
1780559660.4384599,VDD_CPU_GPU_CV,3015.936,,
1780559660.4384599,VDD_SOC,1451.584,,
1780559660.4384599,,,cpu-thermal,58.656
1780559660.4384599,,,gpu-thermal,57.937
1780559660.4384599,,,soc0-thermal,56.062
1780559660.4384599,,,soc1-thermal,55.718
1780559660.4384599,,,soc2-thermal,56.281
1780559660.4384599,,,tj-thermal,58.656
1780559660.5450466,VDD_IN,6787.136,,
1780559660.5450466,VDD_CPU_GPU_CV,3015.936,,
1780559660.5450466,VDD_SOC,1451.584,,
1780559660.5450466,,,cpu-thermal,58.656
1780559660.5450466,,,gpu-thermal,57.843
1780559660.5450466,,,soc0-thermal,56.031
1780559660.5450466,,,soc1-thermal,55.687
1780559660.5450466,,,soc2-thermal,56.468
1780559660.5450466,,,tj-thermal,58.656
1780559660.6515827,VDD_IN,6787.136,,
1780559660.6515827,VDD_CPU_GPU_CV,3015.936,,
1780559660.6515827,VDD_SOC,1451.584,,
1780559660.6515827,,,cpu-thermal,58.562
1780559660.6515827,,,gpu-thermal,58.25
1780559660.6515827,,,soc0-thermal,56.125
1780559660.6515827,,,soc1-thermal,55.906
1780559660.6515827,,,soc2-thermal,56.343
1780559660.6515827,,,tj-thermal,58.562
1780559660.7580376,VDD_IN,6787.136,,
1780559660.7580376,VDD_CPU_GPU_CV,3015.936,,
1780559660.7580376,VDD_SOC,1451.584,,
1780559660.7580376,,,cpu-thermal,58.562
1780559660.7580376,,,gpu-thermal,58.125
1780559660.7580376,,,soc0-thermal,56.281
1780559660.7580376,,,soc1-thermal,55.75
1780559660.7580376,,,soc2-thermal,56.375
1780559660.7580376,,,tj-thermal,58.562
1780559660.864551,VDD_IN,6787.136,,
1780559660.864551,VDD_CPU_GPU_CV,2976.768,,
1780559660.864551,VDD_SOC,1451.584,,
1780559660.864551,,,cpu-thermal,58.812
1780559660.864551,,,gpu-thermal,58.093
1780559660.864551,,,soc0-thermal,56.125
1780559660.864551,,,soc1-thermal,55.75
1780559660.864551,,,soc2-thermal,56.343
1780559660.864551,,,tj-thermal,58.812
1780559660.9711363,VDD_IN,6787.136,,
1780559660.9711363,VDD_CPU_GPU_CV,2976.768,,
1780559660.9711363,VDD_SOC,1451.584,,
1780559660.9711363,,,cpu-thermal,59.062
1780559660.9711363,,,gpu-thermal,57.968
1780559660.9711363,,,soc0-thermal,56.156
1780559660.9711363,,,soc1-thermal,55.906
1780559660.9711363,,,soc2-thermal,56.375
1780559660.9711363,,,tj-thermal,59.062
1780559661.0778077,VDD_IN,6787.136,,
1780559661.0778077,VDD_CPU_GPU_CV,2976.768,,
1780559661.0778077,VDD_SOC,1451.584,,
1780559661.0778077,,,cpu-thermal,58.593
1780559661.0778077,,,gpu-thermal,57.937
1780559661.0778077,,,soc0-thermal,56.093
1780559661.0778077,,,soc1-thermal,55.687
1780559661.0778077,,,soc2-thermal,56.406
1780559661.0778077,,,tj-thermal,58.656
1780559661.1844165,VDD_IN,6787.136,,
1780559661.1844165,VDD_CPU_GPU_CV,2976.768,,
1780559661.1844165,VDD_SOC,1451.584,,
1780559661.1844165,,,cpu-thermal,58.75
1780559661.1844165,,,gpu-thermal,57.843
1780559661.1844165,,,soc0-thermal,56.125
1780559661.1844165,,,soc1-thermal,55.812
1780559661.1844165,,,soc2-thermal,56.468
1780559661.1844165,,,tj-thermal,58.75
1780559661.2912664,VDD_IN,6787.136,,
1780559661.2912664,VDD_CPU_GPU_CV,2976.768,,
1780559661.2912664,VDD_SOC,1451.584,,
1780559661.2912664,,,cpu-thermal,58.875
1780559661.2912664,,,gpu-thermal,58.281
1780559661.2912664,,,soc0-thermal,56.062
1780559661.2912664,,,soc1-thermal,55.968
1780559661.2912664,,,soc2-thermal,56.343
1780559661.2912664,,,tj-thermal,58.718
1780559661.3977945,VDD_IN,6826.368,,
1780559661.3977945,VDD_CPU_GPU_CV,3015.936,,
1780559661.3977945,VDD_SOC,1451.584,,
1780559661.3977945,,,cpu-thermal,58.718
1780559661.3977945,,,gpu-thermal,58.125
1780559661.3977945,,,soc0-thermal,56.187
1780559661.3977945,,,soc1-thermal,55.781
1780559661.3977945,,,soc2-thermal,56.406
1780559661.3977945,,,tj-thermal,58.718
1780559661.504833,VDD_IN,6787.136,,
1780559661.504833,VDD_CPU_GPU_CV,3015.936,,
1780559661.504833,VDD_SOC,1451.584,,
1780559661.504833,,,cpu-thermal,58.718
1780559661.504833,,,gpu-thermal,58.0
1780559661.504833,,,soc0-thermal,56.093
1780559661.504833,,,soc1-thermal,55.875
1780559661.504833,,,soc2-thermal,56.468
1780559661.504833,,,tj-thermal,59.093
1780559661.6113276,VDD_IN,6787.136,,
1780559661.6113276,VDD_CPU_GPU_CV,3015.936,,
1780559661.6113276,VDD_SOC,1451.584,,
1780559661.6113276,,,cpu-thermal,58.687
1780559661.6113276,,,gpu-thermal,58.031
1780559661.6113276,,,soc0-thermal,56.218
1780559661.6113276,,,soc1-thermal,55.968
1780559661.6113276,,,soc2-thermal,56.406
1780559661.6113276,,,tj-thermal,58.687
1780559661.7181268,VDD_IN,6787.136,,
1780559661.7181268,VDD_CPU_GPU_CV,3015.936,,
1780559661.7181268,VDD_SOC,1451.584,,
1780559661.7181268,,,cpu-thermal,58.75
1780559661.7181268,,,gpu-thermal,57.968
1780559661.7181268,,,soc0-thermal,56.156
1780559661.7181268,,,soc1-thermal,55.843
1780559661.7181268,,,soc2-thermal,56.468
1780559661.7181268,,,tj-thermal,58.75
1780559661.8245857,VDD_IN,6787.136,,
1780559661.8245857,VDD_CPU_GPU_CV,3015.936,,
1780559661.8245857,VDD_SOC,1451.584,,
1780559661.8245857,,,cpu-thermal,58.906
1780559661.8245857,,,gpu-thermal,58.0
1780559661.8245857,,,soc0-thermal,56.093
1780559661.8245857,,,soc1-thermal,55.875
1780559661.8245857,,,soc2-thermal,56.562
1780559661.8245857,,,tj-thermal,58.906
1780559661.931204,VDD_IN,6787.136,,
1780559661.931204,VDD_CPU_GPU_CV,3015.936,,
1780559661.931204,VDD_SOC,1451.584,,
1780559661.931204,,,cpu-thermal,59.031
1780559661.931204,,,gpu-thermal,57.937
1780559661.931204,,,soc0-thermal,56.25
1780559661.931204,,,soc1-thermal,56.0
1780559661.931204,,,soc2-thermal,56.437
1780559661.931204,,,tj-thermal,59.031
1780559662.0376272,VDD_IN,6787.136,,
1780559662.0376272,VDD_CPU_GPU_CV,3015.936,,
1780559662.0376272,VDD_SOC,1451.584,,
1780559662.0376272,,,cpu-thermal,58.812
1780559662.0376272,,,gpu-thermal,57.937
1780559662.0376272,,,soc0-thermal,56.375
1780559662.0376272,,,soc1-thermal,55.812
1780559662.0376272,,,soc2-thermal,56.5
1780559662.0376272,,,tj-thermal,58.812
1780559662.1440816,VDD_IN,6787.136,,
1780559662.1440816,VDD_CPU_GPU_CV,2976.768,,
1780559662.1440816,VDD_SOC,1451.584,,
1780559662.1440816,,,cpu-thermal,58.843
1780559662.1440816,,,gpu-thermal,58.312
1780559662.1440816,,,soc0-thermal,56.187
1780559662.1440816,,,soc1-thermal,55.937
1780559662.1440816,,,soc2-thermal,56.562
1780559662.1440816,,,tj-thermal,58.843
1780559662.2507489,VDD_IN,6787.136,,
1780559662.2507489,VDD_CPU_GPU_CV,3015.936,,
1780559662.2507489,VDD_SOC,1451.584,,
1780559662.2507489,,,cpu-thermal,58.843
1780559662.2507489,,,gpu-thermal,58.187
1780559662.2507489,,,soc0-thermal,56.156
1780559662.2507489,,,soc1-thermal,55.968
1780559662.2507489,,,soc2-thermal,56.406
1780559662.2507489,,,tj-thermal,58.75
1780559662.3572152,VDD_IN,6826.368,,
1780559662.3572152,VDD_CPU_GPU_CV,3015.936,,
1780559662.3572152,VDD_SOC,1451.584,,
1780559662.3572152,,,cpu-thermal,58.75
1780559662.3572152,,,gpu-thermal,58.093
1780559662.3572152,,,soc0-thermal,56.343
1780559662.3572152,,,soc1-thermal,55.781
1780559662.3572152,,,soc2-thermal,56.5
1780559662.3572152,,,tj-thermal,58.75
1780559662.4637456,VDD_IN,6787.136,,
1780559662.4637456,VDD_CPU_GPU_CV,3015.936,,
1780559662.4637456,VDD_SOC,1451.584,,
1780559662.4637456,,,cpu-thermal,58.75
1780559662.4637456,,,gpu-thermal,58.093
1780559662.4637456,,,soc0-thermal,56.187
1780559662.4637456,,,soc1-thermal,55.937
1780559662.4637456,,,soc2-thermal,56.562
1780559662.4637456,,,tj-thermal,59.156
1780559662.5703745,VDD_IN,6787.136,,
1780559662.5703745,VDD_CPU_GPU_CV,3015.936,,
1780559662.5703745,VDD_SOC,1451.584,,
1780559662.5703745,,,cpu-thermal,58.687
1780559662.5703745,,,gpu-thermal,58.031
1780559662.5703745,,,soc0-thermal,56.25
1780559662.5703745,,,soc1-thermal,56.0
1780559662.5703745,,,soc2-thermal,56.468
1780559662.5703745,,,tj-thermal,58.687
1780559662.6769722,VDD_IN,6787.136,,
1780559662.6769722,VDD_CPU_GPU_CV,3015.936,,
1780559662.6769722,VDD_SOC,1451.584,,
1780559662.6769722,,,cpu-thermal,58.656
1780559662.6769722,,,gpu-thermal,58.343
1780559662.6769722,,,soc0-thermal,56.281
1780559662.6769722,,,soc1-thermal,55.812
1780559662.6769722,,,soc2-thermal,56.5
1780559662.6769722,,,tj-thermal,58.656
1780559662.7833467,VDD_IN,6787.136,,
1780559662.7833467,VDD_CPU_GPU_CV,3015.936,,
1780559662.7833467,VDD_SOC,1451.584,,
1780559662.7833467,,,cpu-thermal,59.0
1780559662.7833467,,,gpu-thermal,58.218
1780559662.7833467,,,soc0-thermal,56.187
1780559662.7833467,,,soc1-thermal,55.937
1780559662.7833467,,,soc2-thermal,56.531
1780559662.7833467,,,tj-thermal,59.0
1780559662.8901799,VDD_IN,6787.136,,
1780559662.8901799,VDD_CPU_GPU_CV,3015.936,,
1780559662.8901799,VDD_SOC,1451.584,,
1780559662.8901799,,,cpu-thermal,59.093
1780559662.8901799,,,gpu-thermal,58.125
1780559662.8901799,,,soc0-thermal,56.218
1780559662.8901799,,,soc1-thermal,56.0
1780559662.8901799,,,soc2-thermal,56.5
1780559662.8901799,,,tj-thermal,59.093
1780559662.996765,VDD_IN,6787.136,,
1780559662.996765,VDD_CPU_GPU_CV,3015.936,,
1780559662.996765,VDD_SOC,1451.584,,
1780559662.996765,,,cpu-thermal,58.906
1780559662.996765,,,gpu-thermal,58.031
1780559662.996765,,,soc0-thermal,56.375
1780559662.996765,,,soc1-thermal,55.875
1780559662.996765,,,soc2-thermal,56.531
1780559662.996765,,,tj-thermal,58.906
1780559663.1032648,VDD_IN,6787.136,,
1780559663.1032648,VDD_CPU_GPU_CV,3015.936,,
1780559663.1032648,VDD_SOC,1451.584,,
1780559663.1032648,,,cpu-thermal,58.812
1780559663.1032648,,,gpu-thermal,58.0
1780559663.1032648,,,soc0-thermal,56.187
1780559663.1032648,,,soc1-thermal,55.906
1780559663.1032648,,,soc2-thermal,56.562
1780559663.1032648,,,tj-thermal,58.812
1780559663.2098932,VDD_IN,6787.136,,
1780559663.2098932,VDD_CPU_GPU_CV,2976.768,,
1780559663.2098932,VDD_SOC,1451.584,,
1780559663.2098932,,,cpu-thermal,58.687
1780559663.2098932,,,gpu-thermal,58.0
1780559663.2098932,,,soc0-thermal,56.343
1780559663.2098932,,,soc1-thermal,55.968
1780559663.2098932,,,soc2-thermal,56.406
1780559663.2098932,,,tj-thermal,58.687
1780559663.316513,VDD_IN,6787.136,,
1780559663.316513,VDD_CPU_GPU_CV,3015.936,,
1780559663.316513,VDD_SOC,1451.584,,
1780559663.316513,,,cpu-thermal,58.843
1780559663.316513,,,gpu-thermal,58.312
1780559663.316513,,,soc0-thermal,56.312
1780559663.316513,,,soc1-thermal,55.875
1780559663.316513,,,soc2-thermal,56.562
1780559663.316513,,,tj-thermal,58.843
1780559663.423033,VDD_IN,6826.368,,
1780559663.423033,VDD_CPU_GPU_CV,3015.936,,
1780559663.423033,VDD_SOC,1451.584,,
1780559663.423033,,,cpu-thermal,58.875
1780559663.423033,,,gpu-thermal,58.187
1780559663.423033,,,soc0-thermal,56.25
1780559663.423033,,,soc1-thermal,55.968
1780559663.423033,,,soc2-thermal,56.562
1780559663.423033,,,tj-thermal,59.093
1780559663.5294852,VDD_IN,6787.136,,
1780559663.5294852,VDD_CPU_GPU_CV,3015.936,,
1780559663.5294852,VDD_SOC,1451.584,,
1780559663.5294852,,,cpu-thermal,58.875
1780559663.5294852,,,gpu-thermal,58.093
1780559663.5294852,,,soc0-thermal,56.312
1780559663.5294852,,,soc1-thermal,56.031
1780559663.5294852,,,soc2-thermal,56.437
1780559663.5294852,,,tj-thermal,58.875
1780559663.636128,VDD_IN,6787.136,,
1780559663.636128,VDD_CPU_GPU_CV,3015.936,,
1780559663.636128,VDD_SOC,1451.584,,
1780559663.636128,,,cpu-thermal,58.781
1780559663.636128,,,gpu-thermal,58.093
1780559663.636128,,,soc0-thermal,56.437
1780559663.636128,,,soc1-thermal,55.937
1780559663.636128,,,soc2-thermal,56.562
1780559663.636128,,,tj-thermal,58.875
1780559663.742756,VDD_IN,6826.368,,
1780559663.742756,VDD_CPU_GPU_CV,3015.936,,
1780559663.742756,VDD_SOC,1451.584,,
1780559663.742756,,,cpu-thermal,58.937
1780559663.742756,,,gpu-thermal,58.0
1780559663.742756,,,soc0-thermal,56.281
1780559663.742756,,,soc1-thermal,56.0
1780559663.742756,,,soc2-thermal,56.562
1780559663.742756,,,tj-thermal,58.937
1780559663.849187,VDD_IN,6787.136,,
1780559663.849187,VDD_CPU_GPU_CV,3015.936,,
1780559663.849187,VDD_SOC,1451.584,,
1780559663.849187,,,cpu-thermal,59.125
1780559663.849187,,,gpu-thermal,58.375
1780559663.849187,,,soc0-thermal,56.312
1780559663.849187,,,soc1-thermal,56.062
1780559663.849187,,,soc2-thermal,56.562
1780559663.849187,,,tj-thermal,59.125
1780559663.9556217,VDD_IN,6787.136,,
1780559663.9556217,VDD_CPU_GPU_CV,3015.936,,
1780559663.9556217,VDD_SOC,1451.584,,
1780559663.9556217,,,cpu-thermal,58.906
1780559663.9556217,,,gpu-thermal,58.218
1780559663.9556217,,,soc0-thermal,56.406
1780559663.9556217,,,soc1-thermal,55.937
1780559663.9556217,,,soc2-thermal,56.562
1780559663.9556217,,,tj-thermal,58.906
1780559664.0622058,VDD_IN,6787.136,,
1780559664.0622058,VDD_CPU_GPU_CV,3015.936,,
1780559664.0622058,VDD_SOC,1451.584,,
1780559664.0622058,,,cpu-thermal,58.937
1780559664.0622058,,,gpu-thermal,58.156
1780559664.0622058,,,soc0-thermal,56.218
1780559664.0622058,,,soc1-thermal,56.0
1780559664.0622058,,,soc2-thermal,56.562
1780559664.0622058,,,tj-thermal,58.937
1780559664.1685889,VDD_IN,6787.136,,
1780559664.1685889,VDD_CPU_GPU_CV,3015.936,,
1780559664.1685889,VDD_SOC,1451.584,,
1780559664.1685889,,,cpu-thermal,58.75
1780559664.1685889,,,gpu-thermal,58.093
1780559664.1685889,,,soc0-thermal,56.406
1780559664.1685889,,,soc1-thermal,56.031
1780559664.1685889,,,soc2-thermal,56.562
1780559664.1685889,,,tj-thermal,58.75
1780559664.2750757,VDD_IN,6787.136,,
1780559664.2750757,VDD_CPU_GPU_CV,3015.936,,
1780559664.2750757,VDD_SOC,1451.584,,
1780559664.2750757,,,cpu-thermal,58.812
1780559664.2750757,,,gpu-thermal,58.156
1780559664.2750757,,,soc0-thermal,56.468
1780559664.2750757,,,soc1-thermal,56.0
1780559664.2750757,,,soc2-thermal,56.562
1780559664.2750757,,,tj-thermal,58.812
1780559664.3816166,VDD_IN,6826.368,,
1780559664.3816166,VDD_CPU_GPU_CV,3015.936,,
1780559664.3816166,VDD_SOC,1451.584,,
1780559664.3816166,,,cpu-thermal,59.0
1780559664.3816166,,,gpu-thermal,58.5
1780559664.3816166,,,soc0-thermal,56.312
1780559664.3816166,,,soc1-thermal,56.0
1780559664.3816166,,,soc2-thermal,56.656
1780559664.3816166,,,tj-thermal,59.093
1780559664.4881024,VDD_IN,6826.368,,
1780559664.4881024,VDD_CPU_GPU_CV,3015.936,,
1780559664.4881024,VDD_SOC,1451.584,,
1780559664.4881024,,,cpu-thermal,58.812
1780559664.4881024,,,gpu-thermal,58.312
1780559664.4881024,,,soc0-thermal,56.406
1780559664.4881024,,,soc1-thermal,56.093
1780559664.4881024,,,soc2-thermal,56.531
1780559664.4881024,,,tj-thermal,58.812
1780559664.5944765,VDD_IN,6787.136,,
1780559664.5944765,VDD_CPU_GPU_CV,3015.936,,
1780559664.5944765,VDD_SOC,1451.584,,
1780559664.5944765,,,cpu-thermal,58.781
1780559664.5944765,,,gpu-thermal,58.218
1780559664.5944765,,,soc0-thermal,56.406
1780559664.5944765,,,soc1-thermal,56.0
1780559664.5944765,,,soc2-thermal,56.562
1780559664.5944765,,,tj-thermal,58.968
1780559664.7010472,VDD_IN,6787.136,,
1780559664.7010472,VDD_CPU_GPU_CV,3015.936,,
1780559664.7010472,VDD_SOC,1451.584,,
1780559664.7010472,,,cpu-thermal,58.968
1780559664.7010472,,,gpu-thermal,58.093
1780559664.7010472,,,soc0-thermal,56.343
1780559664.7010472,,,soc1-thermal,56.0
1780559664.7010472,,,soc2-thermal,56.656
1780559664.7010472,,,tj-thermal,58.968
1780559664.8075843,VDD_IN,6826.368,,
1780559664.8075843,VDD_CPU_GPU_CV,3015.936,,
1780559664.8075843,VDD_SOC,1451.584,,
1780559664.8075843,,,cpu-thermal,59.156
1780559664.8075843,,,gpu-thermal,58.125
1780559664.8075843,,,soc0-thermal,56.406
1780559664.8075843,,,soc1-thermal,56.0
1780559664.8075843,,,soc2-thermal,56.687
1780559664.8075843,,,tj-thermal,59.156
1780559664.9140427,VDD_IN,6787.136,,
1780559664.9140427,VDD_CPU_GPU_CV,3015.936,,
1780559664.9140427,VDD_SOC,1451.584,,
1780559664.9140427,,,cpu-thermal,58.906
1780559664.9140427,,,gpu-thermal,58.0
1780559664.9140427,,,soc0-thermal,56.5
1780559664.9140427,,,soc1-thermal,56.0
1780559664.9140427,,,soc2-thermal,56.562
1780559664.9140427,,,tj-thermal,58.906
1780559665.0206084,VDD_IN,6787.136,,
1780559665.0206084,VDD_CPU_GPU_CV,3015.936,,
1780559665.0206084,VDD_SOC,1451.584,,
1780559665.0206084,,,cpu-thermal,58.906
1780559665.0206084,,,gpu-thermal,58.343
1780559665.0206084,,,soc0-thermal,56.312
1780559665.0206084,,,soc1-thermal,56.0
1780559665.0206084,,,soc2-thermal,56.656
1780559665.0206084,,,tj-thermal,58.906
1780559665.12717,VDD_IN,6826.368,,
1780559665.12717,VDD_CPU_GPU_CV,3015.936,,
1780559665.12717,VDD_SOC,1451.584,,
1780559665.12717,,,cpu-thermal,58.875
1780559665.12717,,,gpu-thermal,58.281
1780559665.12717,,,soc0-thermal,56.406
1780559665.12717,,,soc1-thermal,56.156
1780559665.12717,,,soc2-thermal,56.593
1780559665.12717,,,tj-thermal,58.875
1780559665.2346401,VDD_IN,6787.136,,
1780559665.2346401,VDD_CPU_GPU_CV,3015.936,,
1780559665.2346401,VDD_SOC,1451.584,,
1780559665.2346401,,,cpu-thermal,58.937
1780559665.2346401,,,gpu-thermal,58.5
1780559665.2346401,,,soc0-thermal,56.375
1780559665.2346401,,,soc1-thermal,55.937
1780559665.2346401,,,soc2-thermal,56.625
1780559665.2346401,,,tj-thermal,58.937
1780559665.341266,VDD_IN,6787.136,,
1780559665.341266,VDD_CPU_GPU_CV,3015.936,,
1780559665.341266,VDD_SOC,1451.584,,
1780559665.341266,,,cpu-thermal,59.218
1780559665.341266,,,gpu-thermal,58.312
1780559665.341266,,,soc0-thermal,56.343
1780559665.341266,,,soc1-thermal,56.031
1780559665.341266,,,soc2-thermal,56.625
1780559665.341266,,,tj-thermal,59.218
1780559665.4477391,VDD_IN,6787.136,,
1780559665.4477391,VDD_CPU_GPU_CV,3015.936,,
1780559665.4477391,VDD_SOC,1451.584,,
1780559665.4477391,,,cpu-thermal,58.875
1780559665.4477391,,,gpu-thermal,58.312
1780559665.4477391,,,soc0-thermal,56.375
1780559665.4477391,,,soc1-thermal,56.187
1780559665.4477391,,,soc2-thermal,56.562
1780559665.4477391,,,tj-thermal,58.875
1780559665.5541627,VDD_IN,6787.136,,
1780559665.5541627,VDD_CPU_GPU_CV,3015.936,,
1780559665.5541627,VDD_SOC,1451.584,,
1780559665.5541627,,,cpu-thermal,58.906
1780559665.5541627,,,gpu-thermal,58.187
1780559665.5541627,,,soc0-thermal,56.406
1780559665.5541627,,,soc1-thermal,56.062
1780559665.5541627,,,soc2-thermal,56.656
1780559665.5541627,,,tj-thermal,59.031
1780559665.660669,VDD_IN,6787.136,,
1780559665.660669,VDD_CPU_GPU_CV,3015.936,,
1780559665.660669,VDD_SOC,1451.584,,
1780559665.660669,,,cpu-thermal,59.0
1780559665.660669,,,gpu-thermal,58.156
1780559665.660669,,,soc0-thermal,56.25
1780559665.660669,,,soc1-thermal,56.062
1780559665.660669,,,soc2-thermal,56.656
1780559665.660669,,,tj-thermal,59.0
1780559665.7672062,VDD_IN,6787.136,,
1780559665.7672062,VDD_CPU_GPU_CV,3015.936,,
1780559665.7672062,VDD_SOC,1451.584,,
1780559665.7672062,,,cpu-thermal,59.125
1780559665.7672062,,,gpu-thermal,58.093
1780559665.7672062,,,soc0-thermal,56.437
1780559665.7672062,,,soc1-thermal,56.187
1780559665.7672062,,,soc2-thermal,56.656
1780559665.7672062,,,tj-thermal,59.0
1780559665.873668,VDD_IN,6787.136,,
1780559665.873668,VDD_CPU_GPU_CV,3015.936,,
1780559665.873668,VDD_SOC,1451.584,,
1780559665.873668,,,cpu-thermal,58.937
1780559665.873668,,,gpu-thermal,58.406
1780559665.873668,,,soc0-thermal,56.406
1780559665.873668,,,soc1-thermal,56.0
1780559665.873668,,,soc2-thermal,56.718
1780559665.873668,,,tj-thermal,58.937
1780559665.9805045,VDD_IN,6787.136,,
1780559665.9805045,VDD_CPU_GPU_CV,3015.936,,
1780559665.9805045,VDD_SOC,1451.584,,
1780559665.9805045,,,cpu-thermal,58.968
1780559665.9805045,,,gpu-thermal,58.375
1780559665.9805045,,,soc0-thermal,56.406
1780559665.9805045,,,soc1-thermal,56.156
1780559665.9805045,,,soc2-thermal,56.75
1780559665.9805045,,,tj-thermal,58.906
1780559666.0874603,VDD_IN,6787.136,,
1780559666.0874603,VDD_CPU_GPU_CV,3015.936,,
1780559666.0874603,VDD_SOC,1451.584,,
1780559666.0874603,,,cpu-thermal,58.812
1780559666.0874603,,,gpu-thermal,58.25
1780559666.0874603,,,soc0-thermal,56.5
1780559666.0874603,,,soc1-thermal,56.187
1780559666.0874603,,,soc2-thermal,56.625
1780559666.0874603,,,tj-thermal,58.812
1780559666.1951346,VDD_IN,6787.136,,
1780559666.1951346,VDD_CPU_GPU_CV,3015.936,,
1780559666.1951346,VDD_SOC,1451.584,,
1780559666.1951346,,,cpu-thermal,59.031
1780559666.1951346,,,gpu-thermal,58.218
1780559666.1951346,,,soc0-thermal,56.343
1780559666.1951346,,,soc1-thermal,56.0
1780559666.1951346,,,soc2-thermal,56.718
1780559666.1951346,,,tj-thermal,59.218
1780559666.3020537,VDD_IN,6787.136,,
1780559666.3020537,VDD_CPU_GPU_CV,3015.936,,
1780559666.3020537,VDD_SOC,1451.584,,
1780559666.3020537,,,cpu-thermal,59.187
1780559666.3020537,,,gpu-thermal,58.281
1780559666.3020537,,,soc0-thermal,56.406
1780559666.3020537,,,soc1-thermal,56.093
1780559666.3020537,,,soc2-thermal,56.812
1780559666.3020537,,,tj-thermal,59.187
1780559666.4087782,VDD_IN,6787.136,,
1780559666.4087782,VDD_CPU_GPU_CV,3015.936,,
1780559666.4087782,VDD_SOC,1451.584,,
1780559666.4087782,,,cpu-thermal,59.375
1780559666.4087782,,,gpu-thermal,58.25
1780559666.4087782,,,soc0-thermal,56.468
1780559666.4087782,,,soc1-thermal,56.062
1780559666.4087782,,,soc2-thermal,56.687
1780559666.4087782,,,tj-thermal,59.0
1780559666.5152373,VDD_IN,6826.368,,
1780559666.5152373,VDD_CPU_GPU_CV,3015.936,,
1780559666.5152373,VDD_SOC,1451.584,,
1780559666.5152373,,,cpu-thermal,59.062
1780559666.5152373,,,gpu-thermal,58.25
1780559666.5152373,,,soc0-thermal,56.375
1780559666.5152373,,,soc1-thermal,56.093
1780559666.5152373,,,soc2-thermal,56.781
1780559666.5152373,,,tj-thermal,59.062
1780559666.6218026,VDD_IN,6787.136,,
1780559666.6218026,VDD_CPU_GPU_CV,3015.936,,
1780559666.6218026,VDD_SOC,1451.584,,
1780559666.6218026,,,cpu-thermal,59.093
1780559666.6218026,,,gpu-thermal,58.156
1780559666.6218026,,,soc0-thermal,56.468
1780559666.6218026,,,soc1-thermal,56.281
1780559666.6218026,,,soc2-thermal,56.656
1780559666.6218026,,,tj-thermal,59.031
1780559666.7291887,VDD_IN,6787.136,,
1780559666.7291887,VDD_CPU_GPU_CV,3015.936,,
1780559666.7291887,VDD_SOC,1451.584,,
1780559666.7291887,,,cpu-thermal,58.906
1780559666.7291887,,,gpu-thermal,58.5
1780559666.7291887,,,soc0-thermal,56.5
1780559666.7291887,,,soc1-thermal,56.062
1780559666.7291887,,,soc2-thermal,56.718
1780559666.7291887,,,tj-thermal,58.906
1780559666.835931,VDD_IN,6826.368,,
1780559666.835931,VDD_CPU_GPU_CV,3015.936,,
1780559666.835931,VDD_SOC,1451.584,,
1780559666.835931,,,cpu-thermal,58.968
1780559666.835931,,,gpu-thermal,58.406
1780559666.835931,,,soc0-thermal,56.406
1780559666.835931,,,soc1-thermal,56.218
1780559666.835931,,,soc2-thermal,56.75
1780559666.835931,,,tj-thermal,59.281
1780559666.942981,VDD_IN,6787.136,,
1780559666.942981,VDD_CPU_GPU_CV,3015.936,,
1780559666.942981,VDD_SOC,1451.584,,
1780559666.942981,,,cpu-thermal,59.343
1780559666.942981,,,gpu-thermal,58.312
1780559666.942981,,,soc0-thermal,56.5
1780559666.942981,,,soc1-thermal,56.187
1780559666.942981,,,soc2-thermal,56.656
1780559666.942981,,,tj-thermal,59.343
1780559667.049636,VDD_IN,6787.136,,
1780559667.049636,VDD_CPU_GPU_CV,3015.936,,
1780559667.049636,VDD_SOC,1451.584,,
1780559667.049636,,,cpu-thermal,59.062
1780559667.049636,,,gpu-thermal,58.25
1780559667.049636,,,soc0-thermal,56.562
1780559667.049636,,,soc1-thermal,56.093
1780559667.049636,,,soc2-thermal,56.718
1780559667.049636,,,tj-thermal,59.062
1780559667.157387,VDD_IN,6787.136,,
1780559667.157387,VDD_CPU_GPU_CV,3015.936,,
1780559667.157387,VDD_SOC,1451.584,,
1780559667.157387,,,cpu-thermal,59.25
1780559667.157387,,,gpu-thermal,58.406
1780559667.157387,,,soc0-thermal,56.5
1780559667.157387,,,soc1-thermal,56.125
1780559667.157387,,,soc2-thermal,56.781
1780559667.157387,,,tj-thermal,59.25
1780559667.263977,VDD_IN,6787.136,,
1780559667.263977,VDD_CPU_GPU_CV,3015.936,,
1780559667.263977,VDD_SOC,1451.584,,
1780559667.263977,,,cpu-thermal,59.218
1780559667.263977,,,gpu-thermal,58.25
1780559667.263977,,,soc0-thermal,56.468
1780559667.263977,,,soc1-thermal,56.25
1780559667.263977,,,soc2-thermal,56.718
1780559667.263977,,,tj-thermal,59.062
1780559667.3707943,VDD_IN,6787.136,,
1780559667.3707943,VDD_CPU_GPU_CV,3015.936,,
1780559667.3707943,VDD_SOC,1451.584,,
1780559667.3707943,,,cpu-thermal,59.062
1780559667.3707943,,,gpu-thermal,58.312
1780559667.3707943,,,soc0-thermal,56.531
1780559667.3707943,,,soc1-thermal,56.093
1780559667.3707943,,,soc2-thermal,56.75
1780559667.3707943,,,tj-thermal,59.062
1780559667.47738,VDD_IN,6787.136,,
1780559667.47738,VDD_CPU_GPU_CV,3015.936,,
1780559667.47738,VDD_SOC,1451.584,,
1780559667.47738,,,cpu-thermal,59.062
1780559667.47738,,,gpu-thermal,58.25
1780559667.47738,,,soc0-thermal,56.5
1780559667.47738,,,soc1-thermal,56.187
1780559667.47738,,,soc2-thermal,56.75
1780559667.47738,,,tj-thermal,59.062
1780559667.5839224,VDD_IN,6787.136,,
1780559667.5839224,VDD_CPU_GPU_CV,3015.936,,
1780559667.5839224,VDD_SOC,1451.584,,
1780559667.5839224,,,cpu-thermal,58.937
1780559667.5839224,,,gpu-thermal,58.531
1780559667.5839224,,,soc0-thermal,56.562
1780559667.5839224,,,soc1-thermal,56.281
1780559667.5839224,,,soc2-thermal,56.843
1780559667.5839224,,,tj-thermal,58.937
1780559667.692061,VDD_IN,6787.136,,
1780559667.692061,VDD_CPU_GPU_CV,3015.936,,
1780559667.692061,VDD_SOC,1451.584,,
1780559667.692061,,,cpu-thermal,59.093
1780559667.692061,,,gpu-thermal,58.406
1780559667.692061,,,soc0-thermal,56.468
1780559667.692061,,,soc1-thermal,56.156
1780559667.692061,,,soc2-thermal,56.75
1780559667.692061,,,tj-thermal,59.218
1780559667.7986417,VDD_IN,6826.368,,
1780559667.7986417,VDD_CPU_GPU_CV,3015.936,,
1780559667.7986417,VDD_SOC,1451.584,,
1780559667.7986417,,,cpu-thermal,59.25
1780559667.7986417,,,gpu-thermal,58.406
1780559667.7986417,,,soc0-thermal,56.5
1780559667.7986417,,,soc1-thermal,56.125
1780559667.7986417,,,soc2-thermal,56.843
1780559667.7986417,,,tj-thermal,59.25
1780559667.904987,VDD_IN,6787.136,,
1780559667.904987,VDD_CPU_GPU_CV,3015.936,,
1780559667.904987,VDD_SOC,1451.584,,
1780559667.904987,,,cpu-thermal,59.437
1780559667.904987,,,gpu-thermal,58.375
1780559667.904987,,,soc0-thermal,56.656
1780559667.904987,,,soc1-thermal,56.375
1780559667.904987,,,soc2-thermal,56.718
1780559667.904987,,,tj-thermal,59.031
1780559668.0116408,VDD_IN,6787.136,,
1780559668.0116408,VDD_CPU_GPU_CV,3015.936,,
1780559668.0116408,VDD_SOC,1451.584,,
1780559668.0116408,,,cpu-thermal,59.125
1780559668.0116408,,,gpu-thermal,58.343
1780559668.0116408,,,soc0-thermal,56.5
1780559668.0116408,,,soc1-thermal,56.218
1780559668.0116408,,,soc2-thermal,56.812
1780559668.0116408,,,tj-thermal,59.125
1780559668.118248,VDD_IN,6787.136,,
1780559668.118248,VDD_CPU_GPU_CV,3015.936,,
1780559668.118248,VDD_SOC,1451.584,,
1780559668.118248,,,cpu-thermal,59.093
1780559668.118248,,,gpu-thermal,58.625
1780559668.118248,,,soc0-thermal,56.5
1780559668.118248,,,soc1-thermal,56.218
1780559668.118248,,,soc2-thermal,56.718
1780559668.118248,,,tj-thermal,59.093
1780559668.2246614,VDD_IN,6787.136,,
1780559668.2246614,VDD_CPU_GPU_CV,2976.768,,
1780559668.2246614,VDD_SOC,1451.584,,
1780559668.2246614,,,cpu-thermal,59.093
1780559668.2246614,,,gpu-thermal,58.562
1780559668.2246614,,,soc0-thermal,56.531
1780559668.2246614,,,soc1-thermal,56.281
1780559668.2246614,,,soc2-thermal,56.812
1780559668.2246614,,,tj-thermal,59.093
1780559668.331175,VDD_IN,6787.136,,
1780559668.331175,VDD_CPU_GPU_CV,3015.936,,
1780559668.331175,VDD_SOC,1451.584,,
1780559668.331175,,,cpu-thermal,59.125
1780559668.331175,,,gpu-thermal,58.406
1780559668.331175,,,soc0-thermal,56.468
1780559668.331175,,,soc1-thermal,56.25
1780559668.331175,,,soc2-thermal,56.843
1780559668.331175,,,tj-thermal,59.125
1780559668.4377303,VDD_IN,6787.136,,
1780559668.4377303,VDD_CPU_GPU_CV,3015.936,,
1780559668.4377303,VDD_SOC,1451.584,,
1780559668.4377303,,,cpu-thermal,59.218
1780559668.4377303,,,gpu-thermal,58.343
1780559668.4377303,,,soc0-thermal,56.531
1780559668.4377303,,,soc1-thermal,56.218
1780559668.4377303,,,soc2-thermal,56.875
1780559668.4377303,,,tj-thermal,59.468
1780559668.5441313,VDD_IN,6787.136,,
1780559668.5441313,VDD_CPU_GPU_CV,3015.936,,
1780559668.5441313,VDD_SOC,1451.584,,
1780559668.5441313,,,cpu-thermal,59.062
1780559668.5441313,,,gpu-thermal,58.281
1780559668.5441313,,,soc0-thermal,56.593
1780559668.5441313,,,soc1-thermal,56.156
1780559668.5441313,,,soc2-thermal,56.812
1780559668.5441313,,,tj-thermal,59.062
1780559668.6508858,VDD_IN,6747.904,,
1780559668.6508858,VDD_CPU_GPU_CV,2976.768,,
1780559668.6508858,VDD_SOC,1451.584,,
1780559668.6508858,,,cpu-thermal,59.062
1780559668.6508858,,,gpu-thermal,58.843
1780559668.6508858,,,soc0-thermal,56.656
1780559668.6508858,,,soc1-thermal,56.218
1780559668.6508858,,,soc2-thermal,56.812
1780559668.6508858,,,tj-thermal,59.25
1780559668.757409,VDD_IN,6787.136,,
1780559668.757409,VDD_CPU_GPU_CV,2976.768,,
1780559668.757409,VDD_SOC,1451.584,,
1780559668.757409,,,cpu-thermal,59.25
1780559668.757409,,,gpu-thermal,58.531
1780559668.757409,,,soc0-thermal,56.5
1780559668.757409,,,soc1-thermal,56.312
1780559668.757409,,,soc2-thermal,56.906
1780559668.757409,,,tj-thermal,59.25
1780559668.8638952,VDD_IN,6747.904,,
1780559668.8638952,VDD_CPU_GPU_CV,2976.768,,
1780559668.8638952,VDD_SOC,1451.584,,
1780559668.8638952,,,cpu-thermal,59.312
1780559668.8638952,,,gpu-thermal,58.312
1780559668.8638952,,,soc0-thermal,56.625
1780559668.8638952,,,soc1-thermal,56.156
1780559668.8638952,,,soc2-thermal,56.781
1780559668.8638952,,,tj-thermal,59.0
1780559668.970731,VDD_IN,6747.904,,
1780559668.970731,VDD_CPU_GPU_CV,2976.768,,
1780559668.970731,VDD_SOC,1451.584,,
1780559668.970731,,,cpu-thermal,59.218
1780559668.970731,,,gpu-thermal,58.781
1780559668.970731,,,soc0-thermal,56.593
1780559668.970731,,,soc1-thermal,56.156
1780559668.970731,,,soc2-thermal,56.843
1780559668.970731,,,tj-thermal,59.218
1780559669.0773323,VDD_IN,6787.136,,
1780559669.0773323,VDD_CPU_GPU_CV,2976.768,,
1780559669.0773323,VDD_SOC,1451.584,,
1780559669.0773323,,,cpu-thermal,59.218
1780559669.0773323,,,gpu-thermal,58.531
1780559669.0773323,,,soc0-thermal,56.562
1780559669.0773323,,,soc1-thermal,56.156
1780559669.0773323,,,soc2-thermal,56.906
1780559669.0773323,,,tj-thermal,59.218
1780559669.1835444,VDD_IN,6747.904,,
1780559669.1835444,VDD_CPU_GPU_CV,2976.768,,
1780559669.1835444,VDD_SOC,1451.584,,
1780559669.1835444,,,cpu-thermal,59.062
1780559669.1835444,,,gpu-thermal,58.468
1780559669.1835444,,,soc0-thermal,56.593
1780559669.1835444,,,soc1-thermal,56.406
1780559669.1835444,,,soc2-thermal,56.843
1780559669.1835444,,,tj-thermal,59.062
1780559669.2895536,VDD_IN,6787.136,,
1780559669.2895536,VDD_CPU_GPU_CV,2976.768,,
1780559669.2895536,VDD_SOC,1451.584,,
1780559669.2895536,,,cpu-thermal,59.156
1780559669.2895536,,,gpu-thermal,58.718
1780559669.2895536,,,soc0-thermal,56.781
1780559669.2895536,,,soc1-thermal,56.187
1780559669.2895536,,,soc2-thermal,56.875
1780559669.2895536,,,tj-thermal,59.156
1780559669.395609,VDD_IN,6787.136,,
1780559669.395609,VDD_CPU_GPU_CV,3015.936,,
1780559669.395609,VDD_SOC,1451.584,,
1780559669.395609,,,cpu-thermal,59.187
1780559669.395609,,,gpu-thermal,58.593
1780559669.395609,,,soc0-thermal,56.593
1780559669.395609,,,soc1-thermal,56.312
1780559669.395609,,,soc2-thermal,56.968
1780559669.395609,,,tj-thermal,59.468
1780559669.501746,VDD_IN,6787.136,,
1780559669.501746,VDD_CPU_GPU_CV,3015.936,,
1780559669.501746,VDD_SOC,1451.584,,
1780559669.501746,,,cpu-thermal,59.156
1780559669.501746,,,gpu-thermal,58.5
1780559669.501746,,,soc0-thermal,56.625
1780559669.501746,,,soc1-thermal,56.375
1780559669.501746,,,soc2-thermal,56.843
1780559669.501746,,,tj-thermal,59.156
1780559669.6077461,VDD_IN,6787.136,,
1780559669.6077461,VDD_CPU_GPU_CV,3015.936,,
1780559669.6077461,VDD_SOC,1451.584,,
1780559669.6077461,,,cpu-thermal,59.093
1780559669.6077461,,,gpu-thermal,58.437
1780559669.6077461,,,soc0-thermal,56.625
1780559669.6077461,,,soc1-thermal,56.218
1780559669.6077461,,,soc2-thermal,56.937
1780559669.6077461,,,tj-thermal,59.093
1780559669.713842,VDD_IN,6787.136,,
1780559669.713842,VDD_CPU_GPU_CV,3015.936,,
1780559669.713842,VDD_SOC,1451.584,,
1780559669.713842,,,cpu-thermal,59.093
1780559669.713842,,,gpu-thermal,58.312
1780559669.713842,,,soc0-thermal,56.5
1780559669.713842,,,soc1-thermal,56.218
1780559669.713842,,,soc2-thermal,57.031
1780559669.713842,,,tj-thermal,59.343
1780559669.8196406,VDD_IN,6747.904,,
1780559669.8196406,VDD_CPU_GPU_CV,2976.768,,
1780559669.8196406,VDD_SOC,1451.584,,
1780559669.8196406,,,cpu-thermal,59.437
1780559669.8196406,,,gpu-thermal,58.718
1780559669.8196406,,,soc0-thermal,56.593
1780559669.8196406,,,soc1-thermal,56.25
1780559669.8196406,,,soc2-thermal,56.968
1780559669.8196406,,,tj-thermal,59.437
1780559669.925431,VDD_IN,6747.904,,
1780559669.925431,VDD_CPU_GPU_CV,2976.768,,
1780559669.925431,VDD_SOC,1451.584,,
1780559669.925431,,,cpu-thermal,59.093
1780559669.925431,,,gpu-thermal,58.625
1780559669.925431,,,soc0-thermal,56.718
1780559669.925431,,,soc1-thermal,56.468
1780559669.925431,,,soc2-thermal,56.968
1780559669.925431,,,tj-thermal,59.093
1780559670.0314708,VDD_IN,6787.136,,
1780559670.0314708,VDD_CPU_GPU_CV,2976.768,,
1780559670.0314708,VDD_SOC,1451.584,,
1780559670.0314708,,,cpu-thermal,59.25
1780559670.0314708,,,gpu-thermal,58.625
1780559670.0314708,,,soc0-thermal,56.718
1780559670.0314708,,,soc1-thermal,56.25
1780559670.0314708,,,soc2-thermal,56.906
1780559670.0314708,,,tj-thermal,59.25
1780559670.1376677,VDD_IN,6747.904,,
1780559670.1376677,VDD_CPU_GPU_CV,2976.768,,
1780559670.1376677,VDD_SOC,1451.584,,
1780559670.1376677,,,cpu-thermal,59.218
1780559670.1376677,,,gpu-thermal,58.5
1780559670.1376677,,,soc0-thermal,56.625
1780559670.1376677,,,soc1-thermal,56.281
1780559670.1376677,,,soc2-thermal,56.968
1780559670.1376677,,,tj-thermal,59.218
1780559670.2435868,VDD_IN,6747.904,,
1780559670.2435868,VDD_CPU_GPU_CV,2976.768,,
1780559670.2435868,VDD_SOC,1451.584,,
1780559670.2435868,,,cpu-thermal,59.406
1780559670.2435868,,,gpu-thermal,58.5
1780559670.2435868,,,soc0-thermal,56.625
1780559670.2435868,,,soc1-thermal,56.343
1780559670.2435868,,,soc2-thermal,56.875
1780559670.2435868,,,tj-thermal,59.406
1780559670.3496983,VDD_IN,6787.136,,
1780559670.3496983,VDD_CPU_GPU_CV,3015.936,,
1780559670.3496983,VDD_SOC,1451.584,,
1780559670.3496983,,,cpu-thermal,59.25
1780559670.3496983,,,gpu-thermal,58.625
1780559670.3496983,,,soc0-thermal,56.781
1780559670.3496983,,,soc1-thermal,56.25
1780559670.3496983,,,soc2-thermal,56.875
1780559670.3496983,,,tj-thermal,59.25
1780559670.4552822,VDD_IN,6787.136,,
1780559670.4552822,VDD_CPU_GPU_CV,3015.936,,
1780559670.4552822,VDD_SOC,1451.584,,
1780559670.4552822,,,cpu-thermal,59.312
1780559670.4552822,,,gpu-thermal,58.5
1780559670.4552822,,,soc0-thermal,56.593
1780559670.4552822,,,soc1-thermal,56.281
1780559670.4552822,,,soc2-thermal,56.968
1780559670.4552822,,,tj-thermal,59.312
1780559670.5613346,VDD_IN,6787.136,,
1780559670.5613346,VDD_CPU_GPU_CV,3015.936,,
1780559670.5613346,VDD_SOC,1451.584,,
1780559670.5613346,,,cpu-thermal,59.312
1780559670.5613346,,,gpu-thermal,58.437
1780559670.5613346,,,soc0-thermal,56.656
1780559670.5613346,,,soc1-thermal,56.406
1780559670.5613346,,,soc2-thermal,57.031
1780559670.5613346,,,tj-thermal,59.25
1780559670.6674705,VDD_IN,6787.136,,
1780559670.6674705,VDD_CPU_GPU_CV,2976.768,,
1780559670.6674705,VDD_SOC,1451.584,,
1780559670.6674705,,,cpu-thermal,59.218
1780559670.6674705,,,gpu-thermal,58.812
1780559670.6674705,,,soc0-thermal,56.687
1780559670.6674705,,,soc1-thermal,56.281
1780559670.6674705,,,soc2-thermal,57.0
1780559670.6674705,,,tj-thermal,59.218
1780559670.774193,VDD_IN,6747.904,,
1780559670.774193,VDD_CPU_GPU_CV,2976.768,,
1780559670.774193,VDD_SOC,1451.584,,
1780559670.774193,,,cpu-thermal,59.218
1780559670.774193,,,gpu-thermal,58.718
1780559670.774193,,,soc0-thermal,56.656
1780559670.774193,,,soc1-thermal,56.25
1780559670.774193,,,soc2-thermal,57.031
1780559670.774193,,,tj-thermal,59.218
1780559670.880876,VDD_IN,6747.904,,
1780559670.880876,VDD_CPU_GPU_CV,2976.768,,
1780559670.880876,VDD_SOC,1451.584,,
1780559670.880876,,,cpu-thermal,59.562
1780559670.880876,,,gpu-thermal,58.625
1780559670.880876,,,soc0-thermal,56.625
1780559670.880876,,,soc1-thermal,56.468
1780559670.880876,,,soc2-thermal,56.812
1780559670.880876,,,tj-thermal,59.562
1780559670.987312,VDD_IN,6747.904,,
1780559670.987312,VDD_CPU_GPU_CV,2976.768,,
1780559670.987312,VDD_SOC,1451.584,,
1780559670.987312,,,cpu-thermal,59.218
1780559670.987312,,,gpu-thermal,58.562
1780559670.987312,,,soc0-thermal,56.687
1780559670.987312,,,soc1-thermal,56.312
1780559670.987312,,,soc2-thermal,57.0
1780559670.987312,,,tj-thermal,59.218
1780559671.0938056,VDD_IN,6747.904,,
1780559671.0938056,VDD_CPU_GPU_CV,2976.768,,
1780559671.0938056,VDD_SOC,1451.584,,
1780559671.0938056,,,cpu-thermal,59.312
1780559671.0938056,,,gpu-thermal,58.437
1780559671.0938056,,,soc0-thermal,56.718
1780559671.0938056,,,soc1-thermal,56.343
1780559671.0938056,,,soc2-thermal,57.031
1780559671.0938056,,,tj-thermal,59.312
1780559671.200458,VDD_IN,6747.904,,
1780559671.200458,VDD_CPU_GPU_CV,2976.768,,
1780559671.200458,VDD_SOC,1451.584,,
1780559671.200458,,,cpu-thermal,59.343
1780559671.200458,,,gpu-thermal,58.437
1780559671.200458,,,soc0-thermal,56.718
1780559671.200458,,,soc1-thermal,56.468
1780559671.200458,,,soc2-thermal,57.031
1780559671.200458,,,tj-thermal,59.343
1780559671.3066916,VDD_IN,6747.904,,
1780559671.3066916,VDD_CPU_GPU_CV,2976.768,,
1780559671.3066916,VDD_SOC,1451.584,,
1780559671.3066916,,,cpu-thermal,59.562
1780559671.3066916,,,gpu-thermal,58.812
1780559671.3066916,,,soc0-thermal,56.718
1780559671.3066916,,,soc1-thermal,56.343
1780559671.3066916,,,soc2-thermal,56.968
1780559671.3066916,,,tj-thermal,59.281
1780559671.4133327,VDD_IN,6787.136,,
1780559671.4133327,VDD_CPU_GPU_CV,3015.936,,
1780559671.4133327,VDD_SOC,1451.584,,
1780559671.4133327,,,cpu-thermal,59.281
1780559671.4133327,,,gpu-thermal,58.593
1780559671.4133327,,,soc0-thermal,56.687
1780559671.4133327,,,soc1-thermal,56.25
1780559671.4133327,,,soc2-thermal,57.031
1780559671.4133327,,,tj-thermal,59.281
1780559671.5199385,VDD_IN,6787.136,,
1780559671.5199385,VDD_CPU_GPU_CV,3015.936,,
1780559671.5199385,VDD_SOC,1451.584,,
1780559671.5199385,,,cpu-thermal,59.343
1780559671.5199385,,,gpu-thermal,58.562
1780559671.5199385,,,soc0-thermal,56.687
1780559671.5199385,,,soc1-thermal,56.468
1780559671.5199385,,,soc2-thermal,57.125
1780559671.5199385,,,tj-thermal,59.218
1780559671.6263695,VDD_IN,6747.904,,
1780559671.6263695,VDD_CPU_GPU_CV,2976.768,,
1780559671.6263695,VDD_SOC,1451.584,,
1780559671.6263695,,,cpu-thermal,59.25
1780559671.6263695,,,gpu-thermal,58.531
1780559671.6263695,,,soc0-thermal,56.812
1780559671.6263695,,,soc1-thermal,56.375
1780559671.6263695,,,soc2-thermal,57.062
1780559671.6263695,,,tj-thermal,59.25
1780559671.7331002,VDD_IN,6747.904,,
1780559671.7331002,VDD_CPU_GPU_CV,2976.768,,
1780559671.7331002,VDD_SOC,1451.584,,
1780559671.7331002,,,cpu-thermal,59.25
1780559671.7331002,,,gpu-thermal,58.531
1780559671.7331002,,,soc0-thermal,56.656
1780559671.7331002,,,soc1-thermal,56.343
1780559671.7331002,,,soc2-thermal,57.031
1780559671.7331002,,,tj-thermal,59.25
1780559671.8396373,VDD_IN,6787.136,,
1780559671.8396373,VDD_CPU_GPU_CV,2976.768,,
1780559671.8396373,VDD_SOC,1451.584,,
1780559671.8396373,,,cpu-thermal,59.5
1780559671.8396373,,,gpu-thermal,58.875
1780559671.8396373,,,soc0-thermal,56.75
1780559671.8396373,,,soc1-thermal,56.5
1780559671.8396373,,,soc2-thermal,57.125
1780559671.8396373,,,tj-thermal,59.5
1780559671.94602,VDD_IN,6747.904,,
1780559671.94602,VDD_CPU_GPU_CV,2976.768,,
1780559671.94602,VDD_SOC,1451.584,,
1780559671.94602,,,cpu-thermal,59.218
1780559671.94602,,,gpu-thermal,58.781
1780559671.94602,,,soc0-thermal,56.718
1780559671.94602,,,soc1-thermal,56.406
1780559671.94602,,,soc2-thermal,57.031
1780559671.94602,,,tj-thermal,59.218
1780559672.052521,VDD_IN,6747.904,,
1780559672.052521,VDD_CPU_GPU_CV,2976.768,,
1780559672.052521,VDD_SOC,1451.584,,
1780559672.052521,,,cpu-thermal,59.406
1780559672.052521,,,gpu-thermal,58.531
1780559672.052521,,,soc0-thermal,56.812
1780559672.052521,,,soc1-thermal,56.437
1780559672.052521,,,soc2-thermal,57.062
1780559672.052521,,,tj-thermal,59.406
1780559672.1589074,VDD_IN,6747.904,,
1780559672.1589074,VDD_CPU_GPU_CV,2976.768,,
1780559672.1589074,VDD_SOC,1451.584,,
1780559672.1589074,,,cpu-thermal,59.437
1780559672.1589074,,,gpu-thermal,58.781
1780559672.1589074,,,soc0-thermal,56.687
1780559672.1589074,,,soc1-thermal,56.5
1780559672.1589074,,,soc2-thermal,57.187
1780559672.1589074,,,tj-thermal,59.437
1780559672.2655756,VDD_IN,6747.904,,
1780559672.2655756,VDD_CPU_GPU_CV,2976.768,,
1780559672.2655756,VDD_SOC,1451.584,,
1780559672.2655756,,,cpu-thermal,59.468
1780559672.2655756,,,gpu-thermal,58.75
1780559672.2655756,,,soc0-thermal,56.875
1780559672.2655756,,,soc1-thermal,56.375
1780559672.2655756,,,soc2-thermal,57.031
1780559672.2655756,,,tj-thermal,59.25
1780559672.372141,VDD_IN,6787.136,,
1780559672.372141,VDD_CPU_GPU_CV,2976.768,,
1780559672.372141,VDD_SOC,1451.584,,
1780559672.372141,,,cpu-thermal,59.406
1780559672.372141,,,gpu-thermal,58.718
1780559672.372141,,,soc0-thermal,56.75
1780559672.372141,,,soc1-thermal,56.406
1780559672.372141,,,soc2-thermal,57.125
1780559672.372141,,,tj-thermal,59.406
1780559672.4785295,VDD_IN,6787.136,,
1780559672.4785295,VDD_CPU_GPU_CV,3015.936,,
1780559672.4785295,VDD_SOC,1451.584,,
1780559672.4785295,,,cpu-thermal,59.5
1780559672.4785295,,,gpu-thermal,58.593
1780559672.4785295,,,soc0-thermal,56.687
1780559672.4785295,,,soc1-thermal,56.5
1780559672.4785295,,,soc2-thermal,57.187
1780559672.4785295,,,tj-thermal,59.281
1780559672.5848448,VDD_IN,6747.904,,
1780559672.5848448,VDD_CPU_GPU_CV,2976.768,,
1780559672.5848448,VDD_SOC,1451.584,,
1780559672.5848448,,,cpu-thermal,59.281
1780559672.5848448,,,gpu-thermal,58.593
1780559672.5848448,,,soc0-thermal,56.937
1780559672.5848448,,,soc1-thermal,56.593
1780559672.5848448,,,soc2-thermal,57.062
1780559672.5848448,,,tj-thermal,59.281
1780559672.6922367,VDD_IN,6708.672,,
1780559672.6922367,VDD_CPU_GPU_CV,2898.432,,
1780559672.6922367,VDD_SOC,1451.584,,
1780559672.6922367,,,cpu-thermal,59.25
1780559672.6922367,,,gpu-thermal,58.906
1780559672.6922367,,,soc0-thermal,56.781
1780559672.6922367,,,soc1-thermal,56.437
1780559672.6922367,,,soc2-thermal,57.125
1780559672.6922367,,,tj-thermal,59.437
1780559672.7988253,VDD_IN,6708.672,,
1780559672.7988253,VDD_CPU_GPU_CV,2898.432,,
1780559672.7988253,VDD_SOC,1451.584,,
1780559672.7988253,,,cpu-thermal,59.562
1780559672.7988253,,,gpu-thermal,58.781
1780559672.7988253,,,soc0-thermal,56.812
1780559672.7988253,,,soc1-thermal,56.468
1780559672.7988253,,,soc2-thermal,57.156
1780559672.7988253,,,tj-thermal,59.562
1780559672.905617,VDD_IN,6669.44,,
1780559672.905617,VDD_CPU_GPU_CV,2859.264,,
1780559672.905617,VDD_SOC,1451.584,,
1780559672.905617,,,cpu-thermal,59.218
1780559672.905617,,,gpu-thermal,58.687
1780559672.905617,,,soc0-thermal,56.875
1780559672.905617,,,soc1-thermal,56.593
1780559672.905617,,,soc2-thermal,57.0
1780559672.905617,,,tj-thermal,59.218
1780559673.011854,VDD_IN,6630.208,,
1780559673.011854,VDD_CPU_GPU_CV,2820.096,,
1780559673.011854,VDD_SOC,1451.584,,
1780559673.011854,,,cpu-thermal,59.437
1780559673.011854,,,gpu-thermal,58.562
1780559673.011854,,,soc0-thermal,56.75
1780559673.011854,,,soc1-thermal,56.5
1780559673.011854,,,soc2-thermal,57.093
1780559673.011854,,,tj-thermal,59.437
1780559673.1186023,VDD_IN,6590.976,,
1780559673.1186023,VDD_CPU_GPU_CV,2820.096,,
1780559673.1186023,VDD_SOC,1451.584,,
1780559673.1186023,,,cpu-thermal,59.406
1780559673.1186023,,,gpu-thermal,58.593
1780559673.1186023,,,soc0-thermal,56.781
1780559673.1186023,,,soc1-thermal,56.531
1780559673.1186023,,,soc2-thermal,57.187
1780559673.1186023,,,tj-thermal,59.406
1780559673.2248805,VDD_IN,6590.976,,
1780559673.2248805,VDD_CPU_GPU_CV,2780.928,,
1780559673.2248805,VDD_SOC,1451.584,,
1780559673.2248805,,,cpu-thermal,59.25
1780559673.2248805,,,gpu-thermal,59.0
1780559673.2248805,,,soc0-thermal,56.875
1780559673.2248805,,,soc1-thermal,56.562
1780559673.2248805,,,soc2-thermal,57.062
1780559673.2248805,,,tj-thermal,59.25
1780559673.3318474,VDD_IN,6590.976,,
1780559673.3318474,VDD_CPU_GPU_CV,2820.096,,
1780559673.3318474,VDD_SOC,1451.584,,
1780559673.3318474,,,cpu-thermal,59.312
1780559673.3318474,,,gpu-thermal,58.812
1780559673.3318474,,,soc0-thermal,56.75
1780559673.3318474,,,soc1-thermal,56.468
1780559673.3318474,,,soc2-thermal,57.187
1780559673.3318474,,,tj-thermal,59.312
1780559673.4385703,VDD_IN,6669.44,,
1780559673.4385703,VDD_CPU_GPU_CV,2820.096,,
1780559673.4385703,VDD_SOC,1451.584,,
1780559673.4385703,,,cpu-thermal,59.281
1780559673.4385703,,,gpu-thermal,58.687
1780559673.4385703,,,soc0-thermal,56.906
1780559673.4385703,,,soc1-thermal,56.468
1780559673.4385703,,,soc2-thermal,57.25
1780559673.4385703,,,tj-thermal,59.281
1780559673.5447464,VDD_IN,6669.44,,
1780559673.5447464,VDD_CPU_GPU_CV,2820.096,,
1780559673.5447464,VDD_SOC,1451.584,,
1780559673.5447464,,,cpu-thermal,59.218
1780559673.5447464,,,gpu-thermal,58.687
1780559673.5447464,,,soc0-thermal,56.843
1780559673.5447464,,,soc1-thermal,56.593
1780559673.5447464,,,soc2-thermal,57.031
1780559673.5447464,,,tj-thermal,59.218
1780559673.6511555,VDD_IN,6669.44,,
1780559673.6511555,VDD_CPU_GPU_CV,2859.264,,
1780559673.6511555,VDD_SOC,1451.584,,
1780559673.6511555,,,cpu-thermal,59.25
1780559673.6511555,,,gpu-thermal,58.625
1780559673.6511555,,,soc0-thermal,56.781
1780559673.6511555,,,soc1-thermal,56.5
1780559673.6511555,,,soc2-thermal,57.093
1780559673.6511555,,,tj-thermal,59.593
1780559673.7577178,VDD_IN,6708.672,,
1780559673.7577178,VDD_CPU_GPU_CV,2898.432,,
1780559673.7577178,VDD_SOC,1451.584,,
1780559673.7577178,,,cpu-thermal,59.562
1780559673.7577178,,,gpu-thermal,58.562
1780559673.7577178,,,soc0-thermal,56.812
1780559673.7577178,,,soc1-thermal,56.562
1780559673.7577178,,,soc2-thermal,57.125
1780559673.7577178,,,tj-thermal,59.562
1780559673.864197,VDD_IN,6708.672,,
1780559673.864197,VDD_CPU_GPU_CV,2898.432,,
1780559673.864197,VDD_SOC,1451.584,,
1780559673.864197,,,cpu-thermal,59.281
1780559673.864197,,,gpu-thermal,58.937
1780559673.864197,,,soc0-thermal,56.906
1780559673.864197,,,soc1-thermal,56.531
1780559673.864197,,,soc2-thermal,57.156
1780559673.864197,,,tj-thermal,59.281
1780559673.9708157,VDD_IN,6708.672,,
1780559673.9708157,VDD_CPU_GPU_CV,2937.6,,
1780559673.9708157,VDD_SOC,1451.584,,
1780559673.9708157,,,cpu-thermal,59.375
1780559673.9708157,,,gpu-thermal,58.781
1780559673.9708157,,,soc0-thermal,56.75
1780559673.9708157,,,soc1-thermal,56.5
1780559673.9708157,,,soc2-thermal,57.187
1780559673.9708157,,,tj-thermal,59.375
1780559674.0771108,VDD_IN,6708.672,,
1780559674.0771108,VDD_CPU_GPU_CV,2937.6,,
1780559674.0771108,VDD_SOC,1451.584,,
1780559674.0771108,,,cpu-thermal,59.5
1780559674.0771108,,,gpu-thermal,58.687
1780559674.0771108,,,soc0-thermal,56.781
1780559674.0771108,,,soc1-thermal,56.593
1780559674.0771108,,,soc2-thermal,57.156
1780559674.0771108,,,tj-thermal,59.5
1780559674.1836703,VDD_IN,6708.672,,
1780559674.1836703,VDD_CPU_GPU_CV,2937.6,,
1780559674.1836703,VDD_SOC,1451.584,,
1780559674.1836703,,,cpu-thermal,59.312
1780559674.1836703,,,gpu-thermal,58.687
1780559674.1836703,,,soc0-thermal,57.0
1780559674.1836703,,,soc1-thermal,56.656
1780559674.1836703,,,soc2-thermal,57.187
1780559674.1836703,,,tj-thermal,59.312
1780559674.2901535,VDD_IN,6747.904,,
1780559674.2901535,VDD_CPU_GPU_CV,2976.768,,
1780559674.2901535,VDD_SOC,1451.584,,
1780559674.2901535,,,cpu-thermal,59.406
1780559674.2901535,,,gpu-thermal,58.625
1780559674.2901535,,,soc0-thermal,56.843
1780559674.2901535,,,soc1-thermal,56.5
1780559674.2901535,,,soc2-thermal,57.187
1780559674.2901535,,,tj-thermal,59.406
1780559674.3967166,VDD_IN,6747.904,,
1780559674.3967166,VDD_CPU_GPU_CV,2976.768,,
1780559674.3967166,VDD_SOC,1451.584,,
1780559674.3967166,,,cpu-thermal,59.406
1780559674.3967166,,,gpu-thermal,59.031
1780559674.3967166,,,soc0-thermal,56.843
1780559674.3967166,,,soc1-thermal,56.5
1780559674.3967166,,,soc2-thermal,57.218
1780559674.3967166,,,tj-thermal,59.281
1780559674.5032456,VDD_IN,6747.904,,
1780559674.5032456,VDD_CPU_GPU_CV,2976.768,,
1780559674.5032456,VDD_SOC,1451.584,,
1780559674.5032456,,,cpu-thermal,59.281
1780559674.5032456,,,gpu-thermal,58.906
1780559674.5032456,,,soc0-thermal,56.906
1780559674.5032456,,,soc1-thermal,56.656
1780559674.5032456,,,soc2-thermal,57.156
1780559674.5032456,,,tj-thermal,59.281
1780559674.6098232,VDD_IN,6787.136,,
1780559674.6098232,VDD_CPU_GPU_CV,2976.768,,
1780559674.6098232,VDD_SOC,1451.584,,
1780559674.6098232,,,cpu-thermal,59.281
1780559674.6098232,,,gpu-thermal,58.781
1780559674.6098232,,,soc0-thermal,56.843
1780559674.6098232,,,soc1-thermal,56.5
1780559674.6098232,,,soc2-thermal,57.218
1780559674.6098232,,,tj-thermal,59.531
1780559674.7162201,VDD_IN,6747.904,,
1780559674.7162201,VDD_CPU_GPU_CV,2976.768,,
1780559674.7162201,VDD_SOC,1451.584,,
1780559674.7162201,,,cpu-thermal,59.625
1780559674.7162201,,,gpu-thermal,58.718
1780559674.7162201,,,soc0-thermal,56.843
1780559674.7162201,,,soc1-thermal,56.531
1780559674.7162201,,,soc2-thermal,57.218
1780559674.7162201,,,tj-thermal,59.625
1780559674.8227174,VDD_IN,6747.904,,
1780559674.8227174,VDD_CPU_GPU_CV,2976.768,,
1780559674.8227174,VDD_SOC,1451.584,,
1780559674.8227174,,,cpu-thermal,59.75
1780559674.8227174,,,gpu-thermal,58.656
1780559674.8227174,,,soc0-thermal,56.875
1780559674.8227174,,,soc1-thermal,56.656
1780559674.8227174,,,soc2-thermal,57.125
1780559674.8227174,,,tj-thermal,59.75
1780559674.929016,VDD_IN,6708.672,,
1780559674.929016,VDD_CPU_GPU_CV,2976.768,,
1780559674.929016,VDD_SOC,1451.584,,
1780559674.929016,,,cpu-thermal,59.437
1780559674.929016,,,gpu-thermal,58.531
1780559674.929016,,,soc0-thermal,56.843
1780559674.929016,,,soc1-thermal,56.5
1780559674.929016,,,soc2-thermal,57.218
1780559674.929016,,,tj-thermal,59.437
1780559675.0356882,VDD_IN,6708.672,,
1780559675.0356882,VDD_CPU_GPU_CV,2976.768,,
1780559675.0356882,VDD_SOC,1451.584,,
1780559675.0356882,,,cpu-thermal,59.531
1780559675.0356882,,,gpu-thermal,58.968
1780559675.0356882,,,soc0-thermal,56.875
1780559675.0356882,,,soc1-thermal,56.562
1780559675.0356882,,,soc2-thermal,57.218
1780559675.0356882,,,tj-thermal,59.531
1780559675.1420581,VDD_IN,6708.672,,
1780559675.1420581,VDD_CPU_GPU_CV,2976.768,,
1780559675.1420581,VDD_SOC,1451.584,,
1780559675.1420581,,,cpu-thermal,59.437
1780559675.1420581,,,gpu-thermal,58.875
1780559675.1420581,,,soc0-thermal,57.0
1780559675.1420581,,,soc1-thermal,56.656
1780559675.1420581,,,soc2-thermal,57.281
1780559675.1420581,,,tj-thermal,59.437
1780559675.248658,VDD_IN,6708.672,,
1780559675.248658,VDD_CPU_GPU_CV,2976.768,,
1780559675.248658,VDD_SOC,1451.584,,
1780559675.248658,,,cpu-thermal,59.406
1780559675.248658,,,gpu-thermal,58.812
1780559675.248658,,,soc0-thermal,56.781
1780559675.248658,,,soc1-thermal,56.593
1780559675.248658,,,soc2-thermal,57.187
1780559675.248658,,,tj-thermal,59.406
1780559675.3552458,VDD_IN,6747.904,,
1780559675.3552458,VDD_CPU_GPU_CV,2976.768,,
1780559675.3552458,VDD_SOC,1451.584,,
1780559675.3552458,,,cpu-thermal,59.437
1780559675.3552458,,,gpu-thermal,58.718
1780559675.3552458,,,soc0-thermal,56.906
1780559675.3552458,,,soc1-thermal,56.5
1780559675.3552458,,,soc2-thermal,57.25
1780559675.3552458,,,tj-thermal,59.406
1780559675.4617774,VDD_IN,6787.136,,
1780559675.4617774,VDD_CPU_GPU_CV,3015.936,,
1780559675.4617774,VDD_SOC,1451.584,,
1780559675.4617774,,,cpu-thermal,59.5
1780559675.4617774,,,gpu-thermal,58.812
1780559675.4617774,,,soc0-thermal,57.0
1780559675.4617774,,,soc1-thermal,56.75
1780559675.4617774,,,soc2-thermal,57.218
1780559675.4617774,,,tj-thermal,59.5
1780559675.5683558,VDD_IN,6747.904,,
1780559675.5683558,VDD_CPU_GPU_CV,2976.768,,
1780559675.5683558,VDD_SOC,1451.584,,
1780559675.5683558,,,cpu-thermal,59.437
1780559675.5683558,,,gpu-thermal,58.781
1780559675.5683558,,,soc0-thermal,56.875
1780559675.5683558,,,soc1-thermal,56.593
1780559675.5683558,,,soc2-thermal,57.187
1780559675.5683558,,,tj-thermal,59.531
1780559675.6750076,VDD_IN,6747.904,,
1780559675.6750076,VDD_CPU_GPU_CV,2976.768,,
1780559675.6750076,VDD_SOC,1451.584,,
1780559675.6750076,,,cpu-thermal,59.593
1780559675.6750076,,,gpu-thermal,58.75
1780559675.6750076,,,soc0-thermal,56.906
1780559675.6750076,,,soc1-thermal,56.562
1780559675.6750076,,,soc2-thermal,57.406
1780559675.6750076,,,tj-thermal,59.593
1780559675.7815783,VDD_IN,6747.904,,
1780559675.7815783,VDD_CPU_GPU_CV,2976.768,,
1780559675.7815783,VDD_SOC,1451.584,,
1780559675.7815783,,,cpu-thermal,59.75
1780559675.7815783,,,gpu-thermal,58.687
1780559675.7815783,,,soc0-thermal,57.0
1780559675.7815783,,,soc1-thermal,56.656
1780559675.7815783,,,soc2-thermal,57.218
1780559675.7815783,,,tj-thermal,59.75
1780559675.8882186,VDD_IN,6747.904,,
1780559675.8882186,VDD_CPU_GPU_CV,2976.768,,
1780559675.8882186,VDD_SOC,1451.584,,
1780559675.8882186,,,cpu-thermal,59.562
1780559675.8882186,,,gpu-thermal,59.031
1780559675.8882186,,,soc0-thermal,56.875
1780559675.8882186,,,soc1-thermal,56.531
1780559675.8882186,,,soc2-thermal,57.375
1780559675.8882186,,,tj-thermal,59.562
1780559675.9947426,VDD_IN,6747.904,,
1780559675.9947426,VDD_CPU_GPU_CV,2976.768,,
1780559675.9947426,VDD_SOC,1451.584,,
1780559675.9947426,,,cpu-thermal,59.625
1780559675.9947426,,,gpu-thermal,58.875
1780559675.9947426,,,soc0-thermal,56.937
1780559675.9947426,,,soc1-thermal,56.656
1780559675.9947426,,,soc2-thermal,57.343
1780559675.9947426,,,tj-thermal,59.625
1780559676.1010854,VDD_IN,6747.904,,
1780559676.1010854,VDD_CPU_GPU_CV,2976.768,,
1780559676.1010854,VDD_SOC,1451.584,,
1780559676.1010854,,,cpu-thermal,59.5
1780559676.1010854,,,gpu-thermal,58.843
1780559676.1010854,,,soc0-thermal,57.031
1780559676.1010854,,,soc1-thermal,56.718
1780559676.1010854,,,soc2-thermal,57.218
1780559676.1010854,,,tj-thermal,59.5
1780559676.2076387,VDD_IN,6747.904,,
1780559676.2076387,VDD_CPU_GPU_CV,2976.768,,
1780559676.2076387,VDD_SOC,1451.584,,
1780559676.2076387,,,cpu-thermal,59.5
1780559676.2076387,,,gpu-thermal,58.875
1780559676.2076387,,,soc0-thermal,56.875
1780559676.2076387,,,soc1-thermal,56.531
1780559676.2076387,,,soc2-thermal,57.218
1780559676.2076387,,,tj-thermal,59.5
1780559676.314352,VDD_IN,6787.136,,
1780559676.314352,VDD_CPU_GPU_CV,2976.768,,
1780559676.314352,VDD_SOC,1451.584,,
1780559676.314352,,,cpu-thermal,59.562
1780559676.314352,,,gpu-thermal,58.718
1780559676.314352,,,soc0-thermal,56.968
1780559676.314352,,,soc1-thermal,56.656
1780559676.314352,,,soc2-thermal,57.343
1780559676.314352,,,tj-thermal,59.968
1780559676.4205046,VDD_IN,6787.136,,
1780559676.4205046,VDD_CPU_GPU_CV,3015.936,,
1780559676.4205046,VDD_SOC,1451.584,,
1780559676.4205046,,,cpu-thermal,59.437
1780559676.4205046,,,gpu-thermal,59.062
1780559676.4205046,,,soc0-thermal,57.0
1780559676.4205046,,,soc1-thermal,56.812
1780559676.4205046,,,soc2-thermal,57.281
1780559676.4205046,,,tj-thermal,59.437
1780559676.5266612,VDD_IN,6747.904,,
1780559676.5266612,VDD_CPU_GPU_CV,3015.936,,
1780559676.5266612,VDD_SOC,1451.584,,
1780559676.5266612,,,cpu-thermal,59.468
1780559676.5266612,,,gpu-thermal,58.968
1780559676.5266612,,,soc0-thermal,57.093
1780559676.5266612,,,soc1-thermal,56.593
1780559676.5266612,,,soc2-thermal,57.281
1780559676.5266612,,,tj-thermal,59.468
1780559676.632788,VDD_IN,6787.136,,
1780559676.632788,VDD_CPU_GPU_CV,3015.936,,
1780559676.632788,VDD_SOC,1451.584,,
1780559676.632788,,,cpu-thermal,59.75
1780559676.632788,,,gpu-thermal,58.843
1780559676.632788,,,soc0-thermal,56.968
1780559676.632788,,,soc1-thermal,56.531
1780559676.632788,,,soc2-thermal,57.343
1780559676.632788,,,tj-thermal,59.75
1780559676.738808,VDD_IN,6747.904,,
1780559676.738808,VDD_CPU_GPU_CV,2976.768,,
1780559676.738808,VDD_SOC,1451.584,,
1780559676.738808,,,cpu-thermal,59.812
1780559676.738808,,,gpu-thermal,59.031
1780559676.738808,,,soc0-thermal,57.062
1780559676.738808,,,soc1-thermal,56.687
1780559676.738808,,,soc2-thermal,57.312
1780559676.738808,,,tj-thermal,59.812
1780559676.8447351,VDD_IN,6747.904,,
1780559676.8447351,VDD_CPU_GPU_CV,2976.768,,
1780559676.8447351,VDD_SOC,1451.584,,
1780559676.8447351,,,cpu-thermal,59.375
1780559676.8447351,,,gpu-thermal,58.968
1780559676.8447351,,,soc0-thermal,57.062
1780559676.8447351,,,soc1-thermal,56.562
1780559676.8447351,,,soc2-thermal,57.281
1780559676.8447351,,,tj-thermal,59.625
1780559676.950705,VDD_IN,6787.136,,
1780559676.950705,VDD_CPU_GPU_CV,2976.768,,
1780559676.950705,VDD_SOC,1451.584,,
1780559676.950705,,,cpu-thermal,59.625
1780559676.950705,,,gpu-thermal,58.812
1780559676.950705,,,soc0-thermal,56.968
1780559676.950705,,,soc1-thermal,56.593
1780559676.950705,,,soc2-thermal,57.312
1780559676.950705,,,tj-thermal,59.625
1780559677.056989,VDD_IN,6747.904,,
1780559677.056989,VDD_CPU_GPU_CV,2976.768,,
1780559677.056989,VDD_SOC,1451.584,,
1780559677.056989,,,cpu-thermal,59.687
1780559677.056989,,,gpu-thermal,58.906
1780559677.056989,,,soc0-thermal,57.0
1780559677.056989,,,soc1-thermal,56.718
1780559677.056989,,,soc2-thermal,57.375
1780559677.056989,,,tj-thermal,59.687
1780559677.1631258,VDD_IN,6747.904,,
1780559677.1631258,VDD_CPU_GPU_CV,2976.768,,
1780559677.1631258,VDD_SOC,1451.584,,
1780559677.1631258,,,cpu-thermal,59.625
1780559677.1631258,,,gpu-thermal,58.781
1780559677.1631258,,,soc0-thermal,57.093
1780559677.1631258,,,soc1-thermal,56.843
1780559677.1631258,,,soc2-thermal,57.312
1780559677.1631258,,,tj-thermal,59.625
1780559677.2692528,VDD_IN,6747.904,,
1780559677.2692528,VDD_CPU_GPU_CV,2976.768,,
1780559677.2692528,VDD_SOC,1451.584,,
1780559677.2692528,,,cpu-thermal,59.625
1780559677.2692528,,,gpu-thermal,59.062
1780559677.2692528,,,soc0-thermal,57.093
1780559677.2692528,,,soc1-thermal,56.593
1780559677.2692528,,,soc2-thermal,57.312
1780559677.2692528,,,tj-thermal,59.625
1780559677.3753507,VDD_IN,6747.904,,
1780559677.3753507,VDD_CPU_GPU_CV,3015.936,,
1780559677.3753507,VDD_SOC,1451.584,,
1780559677.3753507,,,cpu-thermal,59.718
1780559677.3753507,,,gpu-thermal,59.0
1780559677.3753507,,,soc0-thermal,57.031
1780559677.3753507,,,soc1-thermal,56.718
1780559677.3753507,,,soc2-thermal,57.406
1780559677.3753507,,,tj-thermal,59.718
1780559677.4815056,VDD_IN,6787.136,,
1780559677.4815056,VDD_CPU_GPU_CV,3015.936,,
1780559677.4815056,VDD_SOC,1451.584,,
1780559677.4815056,,,cpu-thermal,59.531
1780559677.4815056,,,gpu-thermal,58.968
1780559677.4815056,,,soc0-thermal,57.093
1780559677.4815056,,,soc1-thermal,56.843
1780559677.4815056,,,soc2-thermal,57.343
1780559677.4815056,,,tj-thermal,59.531
1780559677.587545,VDD_IN,6787.136,,
1780559677.587545,VDD_CPU_GPU_CV,3011.008,,
1780559677.587545,VDD_SOC,1451.584,,
1780559677.587545,,,cpu-thermal,59.531
1780559677.587545,,,gpu-thermal,58.843
1780559677.587545,,,soc0-thermal,57.093
1780559677.587545,,,soc1-thermal,56.656
1780559677.587545,,,soc2-thermal,57.375
1780559677.587545,,,tj-thermal,59.531
1780559677.6936274,VDD_IN,6747.904,,
1780559677.6936274,VDD_CPU_GPU_CV,3011.008,,
1780559677.6936274,VDD_SOC,1451.584,,
1780559677.6936274,,,cpu-thermal,59.593
1780559677.6936274,,,gpu-thermal,58.75
1780559677.6936274,,,soc0-thermal,57.0
1780559677.6936274,,,soc1-thermal,56.687
1780559677.6936274,,,soc2-thermal,57.406
1780559677.6936274,,,tj-thermal,59.781
1780559677.7997324,VDD_IN,6787.136,,
1780559677.7997324,VDD_CPU_GPU_CV,3015.936,,
1780559677.7997324,VDD_SOC,1451.584,,
1780559677.7997324,,,cpu-thermal,59.531
1780559677.7997324,,,gpu-thermal,58.75
1780559677.7997324,,,soc0-thermal,57.062
1780559677.7997324,,,soc1-thermal,56.75
1780559677.7997324,,,soc2-thermal,57.375
1780559677.7997324,,,tj-thermal,59.531
1780559677.9059482,VDD_IN,6747.904,,
1780559677.9059482,VDD_CPU_GPU_CV,2976.768,,
1780559677.9059482,VDD_SOC,1451.584,,
1780559677.9059482,,,cpu-thermal,59.593
1780559677.9059482,,,gpu-thermal,59.062
1780559677.9059482,,,soc0-thermal,57.187
1780559677.9059482,,,soc1-thermal,56.625
1780559677.9059482,,,soc2-thermal,57.312
1780559677.9059482,,,tj-thermal,59.593
1780559678.0119262,VDD_IN,6747.904,,
1780559678.0119262,VDD_CPU_GPU_CV,2976.768,,
1780559678.0119262,VDD_SOC,1451.584,,
1780559678.0119262,,,cpu-thermal,59.718
1780559678.0119262,,,gpu-thermal,58.843
1780559678.0119262,,,soc0-thermal,56.937
1780559678.0119262,,,soc1-thermal,56.687
1780559678.0119262,,,soc2-thermal,57.437
1780559678.0119262,,,tj-thermal,59.718
1780559678.1179538,VDD_IN,6787.136,,
1780559678.1179538,VDD_CPU_GPU_CV,2976.768,,
1780559678.1179538,VDD_SOC,1451.584,,
1780559678.1179538,,,cpu-thermal,59.812
1780559678.1179538,,,gpu-thermal,59.187
1780559678.1179538,,,soc0-thermal,57.062
1780559678.1179538,,,soc1-thermal,56.781
1780559678.1179538,,,soc2-thermal,57.406
1780559678.1179538,,,tj-thermal,59.812
1780559678.2241743,VDD_IN,6747.904,,
1780559678.2241743,VDD_CPU_GPU_CV,2971.904,,
1780559678.2241743,VDD_SOC,1451.584,,
1780559678.2241743,,,cpu-thermal,59.968
1780559678.2241743,,,gpu-thermal,59.062
1780559678.2241743,,,soc0-thermal,57.156
1780559678.2241743,,,soc1-thermal,56.718
1780559678.2241743,,,soc2-thermal,57.25
1780559678.2241743,,,tj-thermal,59.531
1780559678.3302853,VDD_IN,6787.136,,
1780559678.3302853,VDD_CPU_GPU_CV,3015.936,,
1780559678.3302853,VDD_SOC,1451.584,,
1780559678.3302853,,,cpu-thermal,59.625
1780559678.3302853,,,gpu-thermal,58.968
1780559678.3302853,,,soc0-thermal,57.031
1780559678.3302853,,,soc1-thermal,56.656
1780559678.3302853,,,soc2-thermal,57.375
1780559678.3302853,,,tj-thermal,59.625
1780559678.4363732,VDD_IN,6787.136,,
1780559678.4363732,VDD_CPU_GPU_CV,3015.936,,
1780559678.4363732,VDD_SOC,1451.584,,
1780559678.4363732,,,cpu-thermal,59.718
1780559678.4363732,,,gpu-thermal,58.875
1780559678.4363732,,,soc0-thermal,57.062
1780559678.4363732,,,soc1-thermal,56.843
1780559678.4363732,,,soc2-thermal,57.437
1780559678.4363732,,,tj-thermal,59.718
1780559678.5421681,VDD_IN,6787.136,,
1780559678.5421681,VDD_CPU_GPU_CV,3015.936,,
1780559678.5421681,VDD_SOC,1451.584,,
1780559678.5421681,,,cpu-thermal,59.687
1780559678.5421681,,,gpu-thermal,58.906
1780559678.5421681,,,soc0-thermal,57.031
1780559678.5421681,,,soc1-thermal,56.906
1780559678.5421681,,,soc2-thermal,57.312
1780559678.5421681,,,tj-thermal,59.625
1780559678.648359,VDD_IN,6787.136,,
1780559678.648359,VDD_CPU_GPU_CV,3015.936,,
1780559678.648359,VDD_SOC,1451.584,,
1780559678.648359,,,cpu-thermal,59.656
1780559678.648359,,,gpu-thermal,58.875
1780559678.648359,,,soc0-thermal,57.218
1780559678.648359,,,soc1-thermal,56.625
1780559678.648359,,,soc2-thermal,57.406
1780559678.648359,,,tj-thermal,59.656
1780559678.7544134,VDD_IN,6787.136,,
1780559678.7544134,VDD_CPU_GPU_CV,3011.008,,
1780559678.7544134,VDD_SOC,1451.584,,
1780559678.7544134,,,cpu-thermal,59.687
1780559678.7544134,,,gpu-thermal,59.125
1780559678.7544134,,,soc0-thermal,57.062
1780559678.7544134,,,soc1-thermal,56.843
1780559678.7544134,,,soc2-thermal,57.406
1780559678.7544134,,,tj-thermal,59.687
1780559678.8600695,VDD_IN,6747.904,,
1780559678.8600695,VDD_CPU_GPU_CV,2971.904,,
1780559678.8600695,VDD_SOC,1451.584,,
1780559678.8600695,,,cpu-thermal,59.531
1780559678.8600695,,,gpu-thermal,59.093
1780559678.8600695,,,soc0-thermal,57.187
1780559678.8600695,,,soc1-thermal,56.906
1780559678.8600695,,,soc2-thermal,57.531
1780559678.8600695,,,tj-thermal,59.531
1780559678.9662516,VDD_IN,6787.136,,
1780559678.9662516,VDD_CPU_GPU_CV,2976.768,,
1780559678.9662516,VDD_SOC,1451.584,,
1780559678.9662516,,,cpu-thermal,59.593
1780559678.9662516,,,gpu-thermal,58.968
1780559678.9662516,,,soc0-thermal,57.281
1780559678.9662516,,,soc1-thermal,56.718
1780559678.9662516,,,soc2-thermal,57.5
1780559678.9662516,,,tj-thermal,59.593
1780559679.0723207,VDD_IN,6787.136,,
1780559679.0723207,VDD_CPU_GPU_CV,2976.768,,
1780559679.0723207,VDD_SOC,1451.584,,
1780559679.0723207,,,cpu-thermal,59.687
1780559679.0723207,,,gpu-thermal,58.906
1780559679.0723207,,,soc0-thermal,57.093
1780559679.0723207,,,soc1-thermal,56.781
1780559679.0723207,,,soc2-thermal,57.437
1780559679.0723207,,,tj-thermal,59.843
1780559679.1791182,VDD_IN,6747.904,,
1780559679.1791182,VDD_CPU_GPU_CV,2971.904,,
1780559679.1791182,VDD_SOC,1451.584,,
1780559679.1791182,,,cpu-thermal,59.937
1780559679.1791182,,,gpu-thermal,58.875
1780559679.1791182,,,soc0-thermal,57.156
1780559679.1791182,,,soc1-thermal,56.875
1780559679.1791182,,,soc2-thermal,57.468
1780559679.1791182,,,tj-thermal,59.937
1780559679.286034,VDD_IN,6787.136,,
1780559679.286034,VDD_CPU_GPU_CV,2976.768,,
1780559679.286034,VDD_SOC,1451.584,,
1780559679.286034,,,cpu-thermal,59.656
1780559679.286034,,,gpu-thermal,59.218
1780559679.286034,,,soc0-thermal,57.187
1780559679.286034,,,soc1-thermal,56.718
1780559679.286034,,,soc2-thermal,57.468
1780559679.286034,,,tj-thermal,59.687
1780559679.3924634,VDD_IN,6787.136,,
1780559679.3924634,VDD_CPU_GPU_CV,3015.936,,
1780559679.3924634,VDD_SOC,1451.584,,
1780559679.3924634,,,cpu-thermal,59.781
1780559679.3924634,,,gpu-thermal,59.093
1780559679.3924634,,,soc0-thermal,57.031
1780559679.3924634,,,soc1-thermal,56.781
1780559679.3924634,,,soc2-thermal,57.375
1780559679.3924634,,,tj-thermal,59.781
1780559679.4992816,VDD_IN,6787.136,,
1780559679.4992816,VDD_CPU_GPU_CV,3015.936,,
1780559679.4992816,VDD_SOC,1451.584,,
1780559679.4992816,,,cpu-thermal,59.843
1780559679.4992816,,,gpu-thermal,59.0
1780559679.4992816,,,soc0-thermal,57.156
1780559679.4992816,,,soc1-thermal,56.875
1780559679.4992816,,,soc2-thermal,57.437
1780559679.4992816,,,tj-thermal,59.843
1780559679.6058075,VDD_IN,6787.136,,
1780559679.6058075,VDD_CPU_GPU_CV,3015.936,,
1780559679.6058075,VDD_SOC,1451.584,,
1780559679.6058075,,,cpu-thermal,59.625
1780559679.6058075,,,gpu-thermal,58.968
1780559679.6058075,,,soc0-thermal,57.218
1780559679.6058075,,,soc1-thermal,56.75
1780559679.6058075,,,soc2-thermal,57.437
1780559679.6058075,,,tj-thermal,59.625
1780559679.7123463,VDD_IN,6787.136,,
1780559679.7123463,VDD_CPU_GPU_CV,3015.936,,
1780559679.7123463,VDD_SOC,1451.584,,
1780559679.7123463,,,cpu-thermal,59.625
1780559679.7123463,,,gpu-thermal,58.937
1780559679.7123463,,,soc0-thermal,57.156
1780559679.7123463,,,soc1-thermal,56.812
1780559679.7123463,,,soc2-thermal,57.562
1780559679.7123463,,,tj-thermal,59.625
1780559679.8188252,VDD_IN,6747.904,,
1780559679.8188252,VDD_CPU_GPU_CV,2976.768,,
1780559679.8188252,VDD_SOC,1451.584,,
1780559679.8188252,,,cpu-thermal,59.656
1780559679.8188252,,,gpu-thermal,58.906
1780559679.8188252,,,soc0-thermal,57.187
1780559679.8188252,,,soc1-thermal,56.875
1780559679.8188252,,,soc2-thermal,57.531
1780559679.8188252,,,tj-thermal,59.656
1780559679.9254203,VDD_IN,6787.136,,
1780559679.9254203,VDD_CPU_GPU_CV,2976.768,,
1780559679.9254203,VDD_SOC,1451.584,,
1780559679.9254203,,,cpu-thermal,59.562
1780559679.9254203,,,gpu-thermal,59.218
1780559679.9254203,,,soc0-thermal,57.218
1780559679.9254203,,,soc1-thermal,56.781
1780559679.9254203,,,soc2-thermal,57.5
1780559679.9254203,,,tj-thermal,59.562
1780559680.0320187,VDD_IN,6747.904,,
1780559680.0320187,VDD_CPU_GPU_CV,2976.768,,
1780559680.0320187,VDD_SOC,1451.584,,
1780559680.0320187,,,cpu-thermal,59.625
1780559680.0320187,,,gpu-thermal,59.0
1780559680.0320187,,,soc0-thermal,57.187
1780559680.0320187,,,soc1-thermal,56.781
1780559680.0320187,,,soc2-thermal,57.562
1780559680.0320187,,,tj-thermal,59.906
1780559680.138703,VDD_IN,6747.904,,
1780559680.138703,VDD_CPU_GPU_CV,2976.768,,
1780559680.138703,VDD_SOC,1451.584,,
1780559680.138703,,,cpu-thermal,59.937
1780559680.138703,,,gpu-thermal,59.062
1780559680.138703,,,soc0-thermal,57.156
1780559680.138703,,,soc1-thermal,56.875
1780559680.138703,,,soc2-thermal,57.406
1780559680.138703,,,tj-thermal,59.937
1780559680.2451499,VDD_IN,6747.904,,
1780559680.2451499,VDD_CPU_GPU_CV,2976.768,,
1780559680.2451499,VDD_SOC,1451.584,,
1780559680.2451499,,,cpu-thermal,59.625
1780559680.2451499,,,gpu-thermal,58.968
1780559680.2451499,,,soc0-thermal,57.343
1780559680.2451499,,,soc1-thermal,56.781
1780559680.2451499,,,soc2-thermal,57.5
1780559680.2451499,,,tj-thermal,59.687
1780559680.3515186,VDD_IN,6747.904,,
1780559680.3515186,VDD_CPU_GPU_CV,2976.768,,
1780559680.3515186,VDD_SOC,1451.584,,
1780559680.3515186,,,cpu-thermal,59.75
1780559680.3515186,,,gpu-thermal,58.906
1780559680.3515186,,,soc0-thermal,57.218
1780559680.3515186,,,soc1-thermal,56.875
1780559680.3515186,,,soc2-thermal,57.531
1780559680.3515186,,,tj-thermal,59.75
1780559680.4580133,VDD_IN,6787.136,,
1780559680.4580133,VDD_CPU_GPU_CV,3015.936,,
1780559680.4580133,VDD_SOC,1451.584,,
1780559680.4580133,,,cpu-thermal,59.843
1780559680.4580133,,,gpu-thermal,59.312
1780559680.4580133,,,soc0-thermal,57.343
1780559680.4580133,,,soc1-thermal,56.906
1780559680.4580133,,,soc2-thermal,57.531
1780559680.4580133,,,tj-thermal,59.843
1780559680.5643575,VDD_IN,6787.136,,
1780559680.5643575,VDD_CPU_GPU_CV,3015.936,,
1780559680.5643575,VDD_SOC,1451.584,,
1780559680.5643575,,,cpu-thermal,59.687
1780559680.5643575,,,gpu-thermal,59.156
1780559680.5643575,,,soc0-thermal,57.281
1780559680.5643575,,,soc1-thermal,56.812
1780559680.5643575,,,soc2-thermal,57.468
1780559680.5643575,,,tj-thermal,59.687
1780559680.6708038,VDD_IN,6747.904,,
1780559680.6708038,VDD_CPU_GPU_CV,2976.768,,
1780559680.6708038,VDD_SOC,1451.584,,
1780559680.6708038,,,cpu-thermal,59.718
1780559680.6708038,,,gpu-thermal,59.093
1780559680.6708038,,,soc0-thermal,57.125
1780559680.6708038,,,soc1-thermal,56.843
1780559680.6708038,,,soc2-thermal,57.5
1780559680.6708038,,,tj-thermal,59.718
1780559680.7773864,VDD_IN,6747.904,,
1780559680.7773864,VDD_CPU_GPU_CV,2976.768,,
1780559680.7773864,VDD_SOC,1451.584,,
1780559680.7773864,,,cpu-thermal,59.593
1780559680.7773864,,,gpu-thermal,59.031
1780559680.7773864,,,soc0-thermal,57.187
1780559680.7773864,,,soc1-thermal,56.875
1780559680.7773864,,,soc2-thermal,57.5
1780559680.7773864,,,tj-thermal,59.593
1780559680.8839731,VDD_IN,6787.136,,
1780559680.8839731,VDD_CPU_GPU_CV,2976.768,,
1780559680.8839731,VDD_SOC,1451.584,,
1780559680.8839731,,,cpu-thermal,59.718
1780559680.8839731,,,gpu-thermal,58.968
1780559680.8839731,,,soc0-thermal,57.25
1780559680.8839731,,,soc1-thermal,56.875
1780559680.8839731,,,soc2-thermal,57.531
1780559680.8839731,,,tj-thermal,59.718
1780559680.99059,VDD_IN,6747.904,,
1780559680.99059,VDD_CPU_GPU_CV,2976.768,,
1780559680.99059,VDD_SOC,1451.584,,
1780559680.99059,,,cpu-thermal,59.718
1780559680.99059,,,gpu-thermal,59.343
1780559680.99059,,,soc0-thermal,57.218
1780559680.99059,,,soc1-thermal,56.937
1780559680.99059,,,soc2-thermal,57.593
1780559680.99059,,,tj-thermal,59.843
1780559681.0972052,VDD_IN,6747.904,,
1780559681.0972052,VDD_CPU_GPU_CV,2976.768,,
1780559681.0972052,VDD_SOC,1451.584,,
1780559681.0972052,,,cpu-thermal,59.968
1780559681.0972052,,,gpu-thermal,59.187
1780559681.0972052,,,soc0-thermal,57.218
1780559681.0972052,,,soc1-thermal,56.968
1780559681.0972052,,,soc2-thermal,57.562
1780559681.0972052,,,tj-thermal,59.968
1780559681.203555,VDD_IN,6747.904,,
1780559681.203555,VDD_CPU_GPU_CV,2976.768,,
1780559681.203555,VDD_SOC,1451.584,,
1780559681.203555,,,cpu-thermal,59.656
1780559681.203555,,,gpu-thermal,59.218
1780559681.203555,,,soc0-thermal,57.312
1780559681.203555,,,soc1-thermal,56.843
1780559681.203555,,,soc2-thermal,57.531
1780559681.203555,,,tj-thermal,59.718
1780559681.3101711,VDD_IN,6747.904,,
1780559681.3101711,VDD_CPU_GPU_CV,2976.768,,
1780559681.3101711,VDD_SOC,1451.584,,
1780559681.3101711,,,cpu-thermal,59.812
1780559681.3101711,,,gpu-thermal,59.062
1780559681.3101711,,,soc0-thermal,57.218
1780559681.3101711,,,soc1-thermal,56.906
1780559681.3101711,,,soc2-thermal,57.531
1780559681.3101711,,,tj-thermal,59.812
1780559681.4167285,VDD_IN,6787.136,,
1780559681.4167285,VDD_CPU_GPU_CV,3015.936,,
1780559681.4167285,VDD_SOC,1451.584,,
1780559681.4167285,,,cpu-thermal,59.906
1780559681.4167285,,,gpu-thermal,59.0
1780559681.4167285,,,soc0-thermal,57.343
1780559681.4167285,,,soc1-thermal,56.968
1780559681.4167285,,,soc2-thermal,57.531
1780559681.4167285,,,tj-thermal,59.906
1780559681.523232,VDD_IN,6787.136,,
1780559681.523232,VDD_CPU_GPU_CV,3015.936,,
1780559681.523232,VDD_SOC,1451.584,,
1780559681.523232,,,cpu-thermal,59.718
1780559681.523232,,,gpu-thermal,58.968
1780559681.523232,,,soc0-thermal,57.312
1780559681.523232,,,soc1-thermal,56.937
1780559681.523232,,,soc2-thermal,57.562
1780559681.523232,,,tj-thermal,59.718
1780559681.6298199,VDD_IN,6747.904,,
1780559681.6298199,VDD_CPU_GPU_CV,2976.768,,
1780559681.6298199,VDD_SOC,1451.584,,
1780559681.6298199,,,cpu-thermal,59.781
1780559681.6298199,,,gpu-thermal,59.375
1780559681.6298199,,,soc0-thermal,57.218
1780559681.6298199,,,soc1-thermal,56.906
1780559681.6298199,,,soc2-thermal,57.562
1780559681.6298199,,,tj-thermal,59.781
1780559681.7362394,VDD_IN,6787.136,,
1780559681.7362394,VDD_CPU_GPU_CV,2976.768,,
1780559681.7362394,VDD_SOC,1451.584,,
1780559681.7362394,,,cpu-thermal,59.687
1780559681.7362394,,,gpu-thermal,59.156
1780559681.7362394,,,soc0-thermal,57.25
1780559681.7362394,,,soc1-thermal,56.968
1780559681.7362394,,,soc2-thermal,57.718
1780559681.7362394,,,tj-thermal,59.687
1780559681.8425822,VDD_IN,6747.904,,
1780559681.8425822,VDD_CPU_GPU_CV,2976.768,,
1780559681.8425822,VDD_SOC,1451.584,,
1780559681.8425822,,,cpu-thermal,59.687
1780559681.8425822,,,gpu-thermal,59.093
1780559681.8425822,,,soc0-thermal,57.375
1780559681.8425822,,,soc1-thermal,57.093
1780559681.8425822,,,soc2-thermal,57.562
1780559681.8425822,,,tj-thermal,59.687
1780559681.9489098,VDD_IN,6747.904,,
1780559681.9489098,VDD_CPU_GPU_CV,2976.768,,
1780559681.9489098,VDD_SOC,1451.584,,
1780559681.9489098,,,cpu-thermal,59.781
1780559681.9489098,,,gpu-thermal,59.093
1780559681.9489098,,,soc0-thermal,57.187
1780559681.9489098,,,soc1-thermal,56.843
1780559681.9489098,,,soc2-thermal,57.562
1780559681.9489098,,,tj-thermal,59.937
1780559682.055385,VDD_IN,6787.136,,
1780559682.055385,VDD_CPU_GPU_CV,2976.768,,
1780559682.055385,VDD_SOC,1451.584,,
1780559682.055385,,,cpu-thermal,60.031
1780559682.055385,,,gpu-thermal,58.937
1780559682.055385,,,soc0-thermal,57.343
1780559682.055385,,,soc1-thermal,56.968
1780559682.055385,,,soc2-thermal,57.562
1780559682.055385,,,tj-thermal,60.031
1780559682.161945,VDD_IN,6747.904,,
1780559682.161945,VDD_CPU_GPU_CV,2976.768,,
1780559682.161945,VDD_SOC,1451.584,,
1780559682.161945,,,cpu-thermal,60.125
1780559682.161945,,,gpu-thermal,59.437
1780559682.161945,,,soc0-thermal,57.343
1780559682.161945,,,soc1-thermal,57.062
1780559682.161945,,,soc2-thermal,57.531
1780559682.161945,,,tj-thermal,60.125
1780559682.2682204,VDD_IN,6747.904,,
1780559682.2682204,VDD_CPU_GPU_CV,2976.768,,
1780559682.2682204,VDD_SOC,1451.584,,
1780559682.2682204,,,cpu-thermal,59.906
1780559682.2682204,,,gpu-thermal,59.25
1780559682.2682204,,,soc0-thermal,57.25
1780559682.2682204,,,soc1-thermal,56.937
1780559682.2682204,,,soc2-thermal,57.562
1780559682.2682204,,,tj-thermal,59.906
1780559682.374666,VDD_IN,6787.136,,
1780559682.374666,VDD_CPU_GPU_CV,3015.936,,
1780559682.374666,VDD_SOC,1451.584,,
1780559682.374666,,,cpu-thermal,59.937
1780559682.374666,,,gpu-thermal,59.218
1780559682.374666,,,soc0-thermal,57.312
1780559682.374666,,,soc1-thermal,57.0
1780559682.374666,,,soc2-thermal,57.687
1780559682.374666,,,tj-thermal,59.937
1780559682.4814472,VDD_IN,6747.904,,
1780559682.4814472,VDD_CPU_GPU_CV,3015.936,,
1780559682.4814472,VDD_SOC,1451.584,,
1780559682.4814472,,,cpu-thermal,59.781
1780559682.4814472,,,gpu-thermal,59.375
1780559682.4814472,,,soc0-thermal,57.375
1780559682.4814472,,,soc1-thermal,57.062
1780559682.4814472,,,soc2-thermal,57.593
1780559682.4814472,,,tj-thermal,59.781
1780559682.5879009,VDD_IN,6787.136,,
1780559682.5879009,VDD_CPU_GPU_CV,3015.936,,
1780559682.5879009,VDD_SOC,1451.584,,
1780559682.5879009,,,cpu-thermal,59.875
1780559682.5879009,,,gpu-thermal,59.25
1780559682.5879009,,,soc0-thermal,57.218
1780559682.5879009,,,soc1-thermal,56.968
1780559682.5879009,,,soc2-thermal,57.687
1780559682.5879009,,,tj-thermal,59.875
1780559682.6943345,VDD_IN,6787.136,,
1780559682.6943345,VDD_CPU_GPU_CV,2976.768,,
1780559682.6943345,VDD_SOC,1451.584,,
1780559682.6943345,,,cpu-thermal,59.812
1780559682.6943345,,,gpu-thermal,59.125
1780559682.6943345,,,soc0-thermal,57.312
1780559682.6943345,,,soc1-thermal,56.968
1780559682.6943345,,,soc2-thermal,57.593
1780559682.6943345,,,tj-thermal,60.187
1780559682.8010032,VDD_IN,6747.904,,
1780559682.8010032,VDD_CPU_GPU_CV,2976.768,,
1780559682.8010032,VDD_SOC,1451.584,,
1780559682.8010032,,,cpu-thermal,59.718
1780559682.8010032,,,gpu-thermal,59.062
1780559682.8010032,,,soc0-thermal,57.406
1780559682.8010032,,,soc1-thermal,57.218
1780559682.8010032,,,soc2-thermal,57.562
1780559682.8010032,,,tj-thermal,59.718
1780559682.907618,VDD_IN,6747.904,,
1780559682.907618,VDD_CPU_GPU_CV,2976.768,,
1780559682.907618,VDD_SOC,1451.584,,
1780559682.907618,,,cpu-thermal,59.781
1780559682.907618,,,gpu-thermal,59.093
1780559682.907618,,,soc0-thermal,57.25
1780559682.907618,,,soc1-thermal,56.968
1780559682.907618,,,soc2-thermal,57.625
1780559682.907618,,,tj-thermal,59.875
1780559683.0142043,VDD_IN,6747.904,,
1780559683.0142043,VDD_CPU_GPU_CV,2976.768,,
1780559683.0142043,VDD_SOC,1451.584,,
1780559683.0142043,,,cpu-thermal,60.031
1780559683.0142043,,,gpu-thermal,59.468
1780559683.0142043,,,soc0-thermal,57.312
1780559683.0142043,,,soc1-thermal,57.062
1780559683.0142043,,,soc2-thermal,57.625
1780559683.0142043,,,tj-thermal,60.031
1780559683.1206615,VDD_IN,6747.904,,
1780559683.1206615,VDD_CPU_GPU_CV,2976.768,,
1780559683.1206615,VDD_SOC,1451.584,,
1780559683.1206615,,,cpu-thermal,60.156
1780559683.1206615,,,gpu-thermal,59.375
1780559683.1206615,,,soc0-thermal,57.406
1780559683.1206615,,,soc1-thermal,57.062
1780559683.1206615,,,soc2-thermal,57.593
1780559683.1206615,,,tj-thermal,60.156
1780559683.2287645,VDD_IN,6747.904,,
1780559683.2287645,VDD_CPU_GPU_CV,2976.768,,
1780559683.2287645,VDD_SOC,1451.584,,
1780559683.2287645,,,cpu-thermal,59.937
1780559683.2287645,,,gpu-thermal,59.25
1780559683.2287645,,,soc0-thermal,57.281
1780559683.2287645,,,soc1-thermal,56.968
1780559683.2287645,,,soc2-thermal,57.625
1780559683.2287645,,,tj-thermal,59.937
1780559683.33511,VDD_IN,6747.904,,
1780559683.33511,VDD_CPU_GPU_CV,2976.768,,
1780559683.33511,VDD_SOC,1451.584,,
1780559683.33511,,,cpu-thermal,59.937
1780559683.33511,,,gpu-thermal,59.125
1780559683.33511,,,soc0-thermal,57.375
1780559683.33511,,,soc1-thermal,57.062
1780559683.33511,,,soc2-thermal,57.562
1780559683.33511,,,tj-thermal,59.781
1780559683.442322,VDD_IN,6787.136,,
1780559683.442322,VDD_CPU_GPU_CV,3015.936,,
1780559683.442322,VDD_SOC,1451.584,,
1780559683.442322,,,cpu-thermal,59.812
1780559683.442322,,,gpu-thermal,59.062
1780559683.442322,,,soc0-thermal,57.437
1780559683.442322,,,soc1-thermal,56.937
1780559683.442322,,,soc2-thermal,57.781
1780559683.442322,,,tj-thermal,59.812
1780559683.5488067,VDD_IN,6787.136,,
1780559683.5488067,VDD_CPU_GPU_CV,3015.936,,
1780559683.5488067,VDD_SOC,1451.584,,
1780559683.5488067,,,cpu-thermal,59.781
1780559683.5488067,,,gpu-thermal,59.5
1780559683.5488067,,,soc0-thermal,57.375
1780559683.5488067,,,soc1-thermal,57.0
1780559683.5488067,,,soc2-thermal,57.75
1780559683.5488067,,,tj-thermal,60.062
1780559683.6553018,VDD_IN,6787.136,,
1780559683.6553018,VDD_CPU_GPU_CV,3015.936,,
1780559683.6553018,VDD_SOC,1451.584,,
1780559683.6553018,,,cpu-thermal,60.187
1780559683.6553018,,,gpu-thermal,59.406
1780559683.6553018,,,soc0-thermal,57.406
1780559683.6553018,,,soc1-thermal,57.062
1780559683.6553018,,,soc2-thermal,57.625
1780559683.6553018,,,tj-thermal,60.187
1780559683.7635963,VDD_IN,6747.904,,
1780559683.7635963,VDD_CPU_GPU_CV,2976.768,,
1780559683.7635963,VDD_SOC,1451.584,,
1780559683.7635963,,,cpu-thermal,59.843
1780559683.7635963,,,gpu-thermal,59.031
1780559683.7635963,,,soc0-thermal,57.406
1780559683.7635963,,,soc1-thermal,56.937
1780559683.7635963,,,soc2-thermal,57.656
1780559683.7635963,,,tj-thermal,59.906
1780559683.8700995,VDD_IN,6787.136,,
1780559683.8700995,VDD_CPU_GPU_CV,2976.768,,
1780559683.8700995,VDD_SOC,1451.584,,
1780559683.8700995,,,cpu-thermal,60.0
1780559683.8700995,,,gpu-thermal,59.437
1780559683.8700995,,,soc0-thermal,57.312
1780559683.8700995,,,soc1-thermal,57.031
1780559683.8700995,,,soc2-thermal,57.718
1780559683.8700995,,,tj-thermal,60.0
1780559683.9767382,VDD_IN,6747.904,,
1780559683.9767382,VDD_CPU_GPU_CV,2976.768,,
1780559683.9767382,VDD_SOC,1451.584,,
1780559683.9767382,,,cpu-thermal,59.781
1780559683.9767382,,,gpu-thermal,59.406
1780559683.9767382,,,soc0-thermal,57.437
1780559683.9767382,,,soc1-thermal,57.156
1780559683.9767382,,,soc2-thermal,57.75
1780559683.9767382,,,tj-thermal,59.781
1780559684.0847118,VDD_IN,6787.136,,
1780559684.0847118,VDD_CPU_GPU_CV,2976.768,,
1780559684.0847118,VDD_SOC,1451.584,,
1780559684.0847118,,,cpu-thermal,59.843
1780559684.0847118,,,gpu-thermal,59.281
1780559684.0847118,,,soc0-thermal,57.312
1780559684.0847118,,,soc1-thermal,57.031
1780559684.0847118,,,soc2-thermal,57.718
1780559684.0847118,,,tj-thermal,59.843
1780559684.1915586,VDD_IN,6787.136,,
1780559684.1915586,VDD_CPU_GPU_CV,2976.768,,
1780559684.1915586,VDD_SOC,1451.584,,
1780559684.1915586,,,cpu-thermal,60.312
1780559684.1915586,,,gpu-thermal,59.437
1780559684.1915586,,,soc0-thermal,57.375
1780559684.1915586,,,soc1-thermal,57.125
1780559684.1915586,,,soc2-thermal,57.718
1780559684.1915586,,,tj-thermal,60.312
1780559684.299288,VDD_IN,6787.136,,
1780559684.299288,VDD_CPU_GPU_CV,3015.936,,
1780559684.299288,VDD_SOC,1451.584,,
1780559684.299288,,,cpu-thermal,59.75
1780559684.299288,,,gpu-thermal,59.312
1780559684.299288,,,soc0-thermal,57.468
1780559684.299288,,,soc1-thermal,57.0
1780559684.299288,,,soc2-thermal,57.656
1780559684.299288,,,tj-thermal,59.75
1780559684.405852,VDD_IN,6787.136,,
1780559684.405852,VDD_CPU_GPU_CV,3015.936,,
1780559684.405852,VDD_SOC,1451.584,,
1780559684.405852,,,cpu-thermal,60.062
1780559684.405852,,,gpu-thermal,59.25
1780559684.405852,,,soc0-thermal,57.437
1780559684.405852,,,soc1-thermal,57.062
1780559684.405852,,,soc2-thermal,57.718
1780559684.405852,,,tj-thermal,60.062
1780559684.5125895,VDD_IN,6787.136,,
1780559684.5125895,VDD_CPU_GPU_CV,3015.936,,
1780559684.5125895,VDD_SOC,1451.584,,
1780559684.5125895,,,cpu-thermal,60.031
1780559684.5125895,,,gpu-thermal,59.187
1780559684.5125895,,,soc0-thermal,57.375
1780559684.5125895,,,soc1-thermal,57.093
1780559684.5125895,,,soc2-thermal,57.781
1780559684.5125895,,,tj-thermal,60.031
1780559684.619073,VDD_IN,6826.368,,
1780559684.619073,VDD_CPU_GPU_CV,3015.936,,
1780559684.619073,VDD_SOC,1451.584,,
1780559684.619073,,,cpu-thermal,59.937
1780559684.619073,,,gpu-thermal,59.187
1780559684.619073,,,soc0-thermal,57.5
1780559684.619073,,,soc1-thermal,56.968
1780559684.619073,,,soc2-thermal,57.812
1780559684.619073,,,tj-thermal,59.937
1780559684.725795,VDD_IN,6787.136,,
1780559684.725795,VDD_CPU_GPU_CV,3015.936,,
1780559684.725795,VDD_SOC,1451.584,,
1780559684.725795,,,cpu-thermal,59.937
1780559684.725795,,,gpu-thermal,59.5
1780559684.725795,,,soc0-thermal,57.406
1780559684.725795,,,soc1-thermal,57.031
1780559684.725795,,,soc2-thermal,57.656
1780559684.725795,,,tj-thermal,59.937
1780559684.8318362,VDD_IN,6787.136,,
1780559684.8318362,VDD_CPU_GPU_CV,3015.936,,
1780559684.8318362,VDD_SOC,1451.584,,
1780559684.8318362,,,cpu-thermal,60.031
1780559684.8318362,,,gpu-thermal,59.406
1780559684.8318362,,,soc0-thermal,57.437
1780559684.8318362,,,soc1-thermal,57.125
1780559684.8318362,,,soc2-thermal,57.843
1780559684.8318362,,,tj-thermal,59.906
1780559684.9380693,VDD_IN,6787.136,,
1780559684.9380693,VDD_CPU_GPU_CV,3015.936,,
1780559684.9380693,VDD_SOC,1451.584,,
1780559684.9380693,,,cpu-thermal,59.906
1780559684.9380693,,,gpu-thermal,59.25
1780559684.9380693,,,soc0-thermal,57.468
1780559684.9380693,,,soc1-thermal,56.968
1780559684.9380693,,,soc2-thermal,57.656
1780559684.9380693,,,tj-thermal,59.906
1780559685.0439954,VDD_IN,6787.136,,
1780559685.0439954,VDD_CPU_GPU_CV,2976.768,,
1780559685.0439954,VDD_SOC,1451.584,,
1780559685.0439954,,,cpu-thermal,59.968
1780559685.0439954,,,gpu-thermal,59.25
1780559685.0439954,,,soc0-thermal,57.593
1780559685.0439954,,,soc1-thermal,57.031
1780559685.0439954,,,soc2-thermal,57.625
1780559685.0439954,,,tj-thermal,59.968
1780559685.1500065,VDD_IN,6787.136,,
1780559685.1500065,VDD_CPU_GPU_CV,3015.936,,
1780559685.1500065,VDD_SOC,1451.584,,
1780559685.1500065,,,cpu-thermal,60.0
1780559685.1500065,,,gpu-thermal,59.187
1780559685.1500065,,,soc0-thermal,57.406
1780559685.1500065,,,soc1-thermal,57.125
1780559685.1500065,,,soc2-thermal,57.812
1780559685.1500065,,,tj-thermal,60.281
1780559685.256008,VDD_IN,6787.136,,
1780559685.256008,VDD_CPU_GPU_CV,3015.936,,
1780559685.256008,VDD_SOC,1451.584,,
1780559685.256008,,,cpu-thermal,59.906
1780559685.256008,,,gpu-thermal,59.312
1780559685.256008,,,soc0-thermal,57.5
1780559685.256008,,,soc1-thermal,57.187
1780559685.256008,,,soc2-thermal,57.781
1780559685.256008,,,tj-thermal,59.906
1780559685.3621857,VDD_IN,6787.136,,
1780559685.3621857,VDD_CPU_GPU_CV,3015.936,,
1780559685.3621857,VDD_SOC,1451.584,,
1780559685.3621857,,,cpu-thermal,59.968
1780559685.3621857,,,gpu-thermal,59.281
1780559685.3621857,,,soc0-thermal,57.562
1780559685.3621857,,,soc1-thermal,57.093
1780559685.3621857,,,soc2-thermal,57.812
1780559685.3621857,,,tj-thermal,59.968
1780559685.4682107,VDD_IN,6787.136,,
1780559685.4682107,VDD_CPU_GPU_CV,3015.936,,
1780559685.4682107,VDD_SOC,1451.584,,
1780559685.4682107,,,cpu-thermal,60.187
1780559685.4682107,,,gpu-thermal,59.187
1780559685.4682107,,,soc0-thermal,57.468
1780559685.4682107,,,soc1-thermal,57.093
1780559685.4682107,,,soc2-thermal,57.875
1780559685.4682107,,,tj-thermal,60.187
1780559685.5742757,VDD_IN,6826.368,,
1780559685.5742757,VDD_CPU_GPU_CV,3015.936,,
1780559685.5742757,VDD_SOC,1451.584,,
1780559685.5742757,,,cpu-thermal,60.218
1780559685.5742757,,,gpu-thermal,59.593
1780559685.5742757,,,soc0-thermal,57.5
1780559685.5742757,,,soc1-thermal,57.187
1780559685.5742757,,,soc2-thermal,57.687
1780559685.5742757,,,tj-thermal,60.218
1780559685.6801603,VDD_IN,6787.136,,
1780559685.6801603,VDD_CPU_GPU_CV,3015.936,,
1780559685.6801603,VDD_SOC,1451.584,,
1780559685.6801603,,,cpu-thermal,59.906
1780559685.6801603,,,gpu-thermal,59.468
1780559685.6801603,,,soc0-thermal,57.5
1780559685.6801603,,,soc1-thermal,57.062
1780559685.6801603,,,soc2-thermal,57.812
1780559685.6801603,,,tj-thermal,60.062
1780559685.7862983,VDD_IN,6787.136,,
1780559685.7862983,VDD_CPU_GPU_CV,3015.936,,
1780559685.7862983,VDD_SOC,1451.584,,
1780559685.7862983,,,cpu-thermal,60.156
1780559685.7862983,,,gpu-thermal,59.406
1780559685.7862983,,,soc0-thermal,57.437
1780559685.7862983,,,soc1-thermal,57.125
1780559685.7862983,,,soc2-thermal,57.781
1780559685.7862983,,,tj-thermal,60.156
1780559685.8923464,VDD_IN,6826.368,,
1780559685.8923464,VDD_CPU_GPU_CV,3015.936,,
1780559685.8923464,VDD_SOC,1451.584,,
1780559685.8923464,,,cpu-thermal,60.187
1780559685.8923464,,,gpu-thermal,59.343
1780559685.8923464,,,soc0-thermal,57.5
1780559685.8923464,,,soc1-thermal,57.187
1780559685.8923464,,,soc2-thermal,57.812
1780559685.8923464,,,tj-thermal,60.187
1780559685.9981945,VDD_IN,6787.136,,
1780559685.9981945,VDD_CPU_GPU_CV,3015.936,,
1780559685.9981945,VDD_SOC,1451.584,,
1780559685.9981945,,,cpu-thermal,60.218
1780559685.9981945,,,gpu-thermal,59.218
1780559685.9981945,,,soc0-thermal,57.5
1780559685.9981945,,,soc1-thermal,57.281
1780559685.9981945,,,soc2-thermal,57.843
1780559685.9981945,,,tj-thermal,60.0
1780559686.1042209,VDD_IN,6787.136,,
1780559686.1042209,VDD_CPU_GPU_CV,3015.936,,
1780559686.1042209,VDD_SOC,1451.584,,
1780559686.1042209,,,cpu-thermal,60.0
1780559686.1042209,,,gpu-thermal,59.25
1780559686.1042209,,,soc0-thermal,57.593
1780559686.1042209,,,soc1-thermal,57.125
1780559686.1042209,,,soc2-thermal,57.843
1780559686.1042209,,,tj-thermal,60.0
1780559686.2101183,VDD_IN,6787.136,,
1780559686.2101183,VDD_CPU_GPU_CV,3015.936,,
1780559686.2101183,VDD_SOC,1451.584,,
1780559686.2101183,,,cpu-thermal,60.125
1780559686.2101183,,,gpu-thermal,59.312
1780559686.2101183,,,soc0-thermal,57.468
1780559686.2101183,,,soc1-thermal,57.031
1780559686.2101183,,,soc2-thermal,57.843
1780559686.2101183,,,tj-thermal,60.125
1780559686.3159509,VDD_IN,6787.136,,
1780559686.3159509,VDD_CPU_GPU_CV,3015.936,,
1780559686.3159509,VDD_SOC,1451.584,,
1780559686.3159509,,,cpu-thermal,60.093
1780559686.3159509,,,gpu-thermal,59.281
1780559686.3159509,,,soc0-thermal,57.5
1780559686.3159509,,,soc1-thermal,57.312
1780559686.3159509,,,soc2-thermal,57.812
1780559686.3159509,,,tj-thermal,59.906
1780559686.4221437,VDD_IN,6826.368,,
1780559686.4221437,VDD_CPU_GPU_CV,3015.936,,
1780559686.4221437,VDD_SOC,1451.584,,
1780559686.4221437,,,cpu-thermal,60.031
1780559686.4221437,,,gpu-thermal,59.687
1780559686.4221437,,,soc0-thermal,57.531
1780559686.4221437,,,soc1-thermal,57.125
1780559686.4221437,,,soc2-thermal,57.812
1780559686.4221437,,,tj-thermal,60.031
1780559686.5282075,VDD_IN,6826.368,,
1780559686.5282075,VDD_CPU_GPU_CV,3015.936,,
1780559686.5282075,VDD_SOC,1451.584,,
1780559686.5282075,,,cpu-thermal,60.093
1780559686.5282075,,,gpu-thermal,59.562
1780559686.5282075,,,soc0-thermal,57.468
1780559686.5282075,,,soc1-thermal,57.125
1780559686.5282075,,,soc2-thermal,57.843
1780559686.5282075,,,tj-thermal,60.093
1780559686.634344,VDD_IN,6826.368,,
1780559686.634344,VDD_CPU_GPU_CV,3015.936,,
1780559686.634344,VDD_SOC,1451.584,,
1780559686.634344,,,cpu-thermal,60.062
1780559686.634344,,,gpu-thermal,59.468
1780559686.634344,,,soc0-thermal,57.531
1780559686.634344,,,soc1-thermal,57.25
1780559686.634344,,,soc2-thermal,57.875
1780559686.634344,,,tj-thermal,60.062
1780559686.740616,VDD_IN,6787.136,,
1780559686.740616,VDD_CPU_GPU_CV,3015.936,,
1780559686.740616,VDD_SOC,1451.584,,
1780559686.740616,,,cpu-thermal,60.031
1780559686.740616,,,gpu-thermal,59.281
1780559686.740616,,,soc0-thermal,57.562
1780559686.740616,,,soc1-thermal,57.156
1780559686.740616,,,soc2-thermal,57.781
1780559686.740616,,,tj-thermal,60.031
1780559686.8465693,VDD_IN,6787.136,,
1780559686.8465693,VDD_CPU_GPU_CV,3015.936,,
1780559686.8465693,VDD_SOC,1451.584,,
1780559686.8465693,,,cpu-thermal,60.093
1780559686.8465693,,,gpu-thermal,59.281
1780559686.8465693,,,soc0-thermal,57.468
1780559686.8465693,,,soc1-thermal,57.218
1780559686.8465693,,,soc2-thermal,57.812
1780559686.8465693,,,tj-thermal,60.125
1780559686.952629,VDD_IN,6787.136,,
1780559686.952629,VDD_CPU_GPU_CV,3015.936,,
1780559686.952629,VDD_SOC,1451.584,,
1780559686.952629,,,cpu-thermal,60.281
1780559686.952629,,,gpu-thermal,59.343
1780559686.952629,,,soc0-thermal,57.562
1780559686.952629,,,soc1-thermal,57.218
1780559686.952629,,,soc2-thermal,57.937
1780559686.952629,,,tj-thermal,60.281
1780559687.0588043,VDD_IN,6787.136,,
1780559687.0588043,VDD_CPU_GPU_CV,3015.936,,
1780559687.0588043,VDD_SOC,1451.584,,
1780559687.0588043,,,cpu-thermal,60.375
1780559687.0588043,,,gpu-thermal,59.656
1780559687.0588043,,,soc0-thermal,57.625
1780559687.0588043,,,soc1-thermal,57.312
1780559687.0588043,,,soc2-thermal,57.843
1780559687.0588043,,,tj-thermal,60.375
1780559687.1647177,VDD_IN,6787.136,,
1780559687.1647177,VDD_CPU_GPU_CV,3015.936,,
1780559687.1647177,VDD_SOC,1451.584,,
1780559687.1647177,,,cpu-thermal,60.125
1780559687.1647177,,,gpu-thermal,59.468
1780559687.1647177,,,soc0-thermal,57.5
1780559687.1647177,,,soc1-thermal,57.187
1780559687.1647177,,,soc2-thermal,57.875
1780559687.1647177,,,tj-thermal,60.125
1780559687.2709422,VDD_IN,6787.136,,
1780559687.2709422,VDD_CPU_GPU_CV,3015.936,,
1780559687.2709422,VDD_SOC,1451.584,,
1780559687.2709422,,,cpu-thermal,60.187
1780559687.2709422,,,gpu-thermal,59.343
1780559687.2709422,,,soc0-thermal,57.468
1780559687.2709422,,,soc1-thermal,57.187
1780559687.2709422,,,soc2-thermal,58.0
1780559687.2709422,,,tj-thermal,60.187
1780559687.37718,VDD_IN,6787.136,,
1780559687.37718,VDD_CPU_GPU_CV,3015.936,,
1780559687.37718,VDD_SOC,1451.584,,
1780559687.37718,,,cpu-thermal,60.25
1780559687.37718,,,gpu-thermal,59.343
1780559687.37718,,,soc0-thermal,57.562
1780559687.37718,,,soc1-thermal,57.25
1780559687.37718,,,soc2-thermal,57.843
1780559687.37718,,,tj-thermal,60.125
1780559687.4833145,VDD_IN,6826.368,,
1780559687.4833145,VDD_CPU_GPU_CV,3015.936,,
1780559687.4833145,VDD_SOC,1451.584,,
1780559687.4833145,,,cpu-thermal,60.0
1780559687.4833145,,,gpu-thermal,59.343
1780559687.4833145,,,soc0-thermal,57.625
1780559687.4833145,,,soc1-thermal,57.125
1780559687.4833145,,,soc2-thermal,57.937
1780559687.4833145,,,tj-thermal,60.0
1780559687.5893853,VDD_IN,6826.368,,
1780559687.5893853,VDD_CPU_GPU_CV,3015.936,,
1780559687.5893853,VDD_SOC,1451.584,,
1780559687.5893853,,,cpu-thermal,60.156
1780559687.5893853,,,gpu-thermal,59.375
1780559687.5893853,,,soc0-thermal,57.468
1780559687.5893853,,,soc1-thermal,57.281
1780559687.5893853,,,soc2-thermal,57.937
1780559687.5893853,,,tj-thermal,60.156
1780559687.6949801,VDD_IN,6787.136,,
1780559687.6949801,VDD_CPU_GPU_CV,3015.936,,
1780559687.6949801,VDD_SOC,1451.584,,
1780559687.6949801,,,cpu-thermal,60.156
1780559687.6949801,,,gpu-thermal,59.468
1780559687.6949801,,,soc0-thermal,57.562
1780559687.6949801,,,soc1-thermal,57.218
1780559687.6949801,,,soc2-thermal,58.0
1780559687.6949801,,,tj-thermal,60.0
1780559687.800908,VDD_IN,6787.136,,
1780559687.800908,VDD_CPU_GPU_CV,3015.936,,
1780559687.800908,VDD_SOC,1451.584,,
1780559687.800908,,,cpu-thermal,60.062
1780559687.800908,,,gpu-thermal,59.375
1780559687.800908,,,soc0-thermal,57.593
1780559687.800908,,,soc1-thermal,57.406
1780559687.800908,,,soc2-thermal,57.968
1780559687.800908,,,tj-thermal,60.062
1780559687.906925,VDD_IN,6787.136,,
1780559687.906925,VDD_CPU_GPU_CV,2976.768,,
1780559687.906925,VDD_SOC,1451.584,,
1780559687.906925,,,cpu-thermal,60.062
1780559687.906925,,,gpu-thermal,59.718
1780559687.906925,,,soc0-thermal,57.625
1780559687.906925,,,soc1-thermal,57.218
1780559687.906925,,,soc2-thermal,57.906
1780559687.906925,,,tj-thermal,60.062
1780559688.0128703,VDD_IN,6747.904,,
1780559688.0128703,VDD_CPU_GPU_CV,2976.768,,
1780559688.0128703,VDD_SOC,1451.584,,
1780559688.0128703,,,cpu-thermal,60.406
1780559688.0128703,,,gpu-thermal,59.593
1780559688.0128703,,,soc0-thermal,57.593
1780559688.0128703,,,soc1-thermal,57.25
1780559688.0128703,,,soc2-thermal,58.0
1780559688.0128703,,,tj-thermal,60.406
1780559688.118914,VDD_IN,6787.136,,
1780559688.118914,VDD_CPU_GPU_CV,2976.768,,
1780559688.118914,VDD_SOC,1451.584,,
1780559688.118914,,,cpu-thermal,60.093
1780559688.118914,,,gpu-thermal,59.531
1780559688.118914,,,soc0-thermal,57.625
1780559688.118914,,,soc1-thermal,57.312
1780559688.118914,,,soc2-thermal,57.843
1780559688.118914,,,tj-thermal,60.093
1780559688.2250445,VDD_IN,6747.904,,
1780559688.2250445,VDD_CPU_GPU_CV,2976.768,,
1780559688.2250445,VDD_SOC,1451.584,,
1780559688.2250445,,,cpu-thermal,60.125
1780559688.2250445,,,gpu-thermal,59.468
1780559688.2250445,,,soc0-thermal,57.718
1780559688.2250445,,,soc1-thermal,57.218
1780559688.2250445,,,soc2-thermal,57.875
1780559688.2250445,,,tj-thermal,60.125
1780559688.331726,VDD_IN,6787.136,,
1780559688.331726,VDD_CPU_GPU_CV,3015.936,,
1780559688.331726,VDD_SOC,1451.584,,
1780559688.331726,,,cpu-thermal,60.312
1780559688.331726,,,gpu-thermal,59.312
1780559688.331726,,,soc0-thermal,57.531
1780559688.331726,,,soc1-thermal,57.343
1780559688.331726,,,soc2-thermal,57.906
1780559688.331726,,,tj-thermal,60.312
1780559688.438302,VDD_IN,6787.136,,
1780559688.438302,VDD_CPU_GPU_CV,3015.936,,
1780559688.438302,VDD_SOC,1451.584,,
1780559688.438302,,,cpu-thermal,60.468
1780559688.438302,,,gpu-thermal,59.75
1780559688.438302,,,soc0-thermal,57.593
1780559688.438302,,,soc1-thermal,57.375
1780559688.438302,,,soc2-thermal,57.937
1780559688.438302,,,tj-thermal,60.468
1780559688.5448556,VDD_IN,6787.136,,
1780559688.5448556,VDD_CPU_GPU_CV,3015.936,,
1780559688.5448556,VDD_SOC,1451.584,,
1780559688.5448556,,,cpu-thermal,60.187
1780559688.5448556,,,gpu-thermal,59.656
1780559688.5448556,,,soc0-thermal,57.718
1780559688.5448556,,,soc1-thermal,57.25
1780559688.5448556,,,soc2-thermal,57.843
1780559688.5448556,,,tj-thermal,60.187
1780559688.651256,VDD_IN,6787.136,,
1780559688.651256,VDD_CPU_GPU_CV,3011.008,,
1780559688.651256,VDD_SOC,1451.584,,
1780559688.651256,,,cpu-thermal,60.187
1780559688.651256,,,gpu-thermal,59.5
1780559688.651256,,,soc0-thermal,57.5
1780559688.651256,,,soc1-thermal,57.343
1780559688.651256,,,soc2-thermal,58.0
1780559688.651256,,,tj-thermal,60.187
1780559688.7578459,VDD_IN,6787.136,,
1780559688.7578459,VDD_CPU_GPU_CV,3015.936,,
1780559688.7578459,VDD_SOC,1451.584,,
1780559688.7578459,,,cpu-thermal,60.125
1780559688.7578459,,,gpu-thermal,59.437
1780559688.7578459,,,soc0-thermal,57.656
1780559688.7578459,,,soc1-thermal,57.343
1780559688.7578459,,,soc2-thermal,57.906
1780559688.7578459,,,tj-thermal,60.125
1780559688.8645294,VDD_IN,6787.136,,
1780559688.8645294,VDD_CPU_GPU_CV,3015.936,,
1780559688.8645294,VDD_SOC,1451.584,,
1780559688.8645294,,,cpu-thermal,60.125
1780559688.8645294,,,gpu-thermal,59.375
1780559688.8645294,,,soc0-thermal,57.75
1780559688.8645294,,,soc1-thermal,57.218
1780559688.8645294,,,soc2-thermal,57.906
1780559688.8645294,,,tj-thermal,60.125
1780559688.9711273,VDD_IN,6787.136,,
1780559688.9711273,VDD_CPU_GPU_CV,2971.904,,
1780559688.9711273,VDD_SOC,1451.584,,
1780559688.9711273,,,cpu-thermal,60.187
1780559688.9711273,,,gpu-thermal,59.343
1780559688.9711273,,,soc0-thermal,57.625
1780559688.9711273,,,soc1-thermal,57.375
1780559688.9711273,,,soc2-thermal,57.968
1780559688.9711273,,,tj-thermal,60.343
1780559689.0777528,VDD_IN,6787.136,,
1780559689.0777528,VDD_CPU_GPU_CV,2976.768,,
1780559689.0777528,VDD_SOC,1451.584,,
1780559689.0777528,,,cpu-thermal,60.062
1780559689.0777528,,,gpu-thermal,59.656
1780559689.0777528,,,soc0-thermal,57.625
1780559689.0777528,,,soc1-thermal,57.343
1780559689.0777528,,,soc2-thermal,57.937
1780559689.0777528,,,tj-thermal,60.062
1780559689.1842368,VDD_IN,6787.136,,
1780559689.1842368,VDD_CPU_GPU_CV,3015.936,,
1780559689.1842368,VDD_SOC,1451.584,,
1780559689.1842368,,,cpu-thermal,60.062
1780559689.1842368,,,gpu-thermal,59.625
1780559689.1842368,,,soc0-thermal,57.781
1780559689.1842368,,,soc1-thermal,57.25
1780559689.1842368,,,soc2-thermal,58.0
1780559689.1842368,,,tj-thermal,60.218
1780559689.2906857,VDD_IN,6787.136,,
1780559689.2906857,VDD_CPU_GPU_CV,3015.936,,
1780559689.2906857,VDD_SOC,1451.584,,
1780559689.2906857,,,cpu-thermal,60.281
1780559689.2906857,,,gpu-thermal,59.562
1780559689.2906857,,,soc0-thermal,57.656
1780559689.2906857,,,soc1-thermal,57.343
1780559689.2906857,,,soc2-thermal,58.0
1780559689.2906857,,,tj-thermal,60.281
1780559689.3973432,VDD_IN,6787.136,,
1780559689.3973432,VDD_CPU_GPU_CV,3015.936,,
1780559689.3973432,VDD_SOC,1451.584,,
1780559689.3973432,,,cpu-thermal,60.375
1780559689.3973432,,,gpu-thermal,59.375
1780559689.3973432,,,soc0-thermal,57.656
1780559689.3973432,,,soc1-thermal,57.406
1780559689.3973432,,,soc2-thermal,58.0
1780559689.3973432,,,tj-thermal,60.375
1780559689.5038364,VDD_IN,6826.368,,
1780559689.5038364,VDD_CPU_GPU_CV,3015.936,,
1780559689.5038364,VDD_SOC,1451.584,,
1780559689.5038364,,,cpu-thermal,60.218
1780559689.5038364,,,gpu-thermal,59.437
1780559689.5038364,,,soc0-thermal,57.75
1780559689.5038364,,,soc1-thermal,57.281
1780559689.5038364,,,soc2-thermal,57.968
1780559689.5038364,,,tj-thermal,60.218
1780559689.6102257,VDD_IN,6787.136,,
1780559689.6102257,VDD_CPU_GPU_CV,3015.936,,
1780559689.6102257,VDD_SOC,1451.584,,
1780559689.6102257,,,cpu-thermal,60.218
1780559689.6102257,,,gpu-thermal,59.843
1780559689.6102257,,,soc0-thermal,57.75
1780559689.6102257,,,soc1-thermal,57.281
1780559689.6102257,,,soc2-thermal,58.062
1780559689.6102257,,,tj-thermal,60.218
1780559689.7169116,VDD_IN,6787.136,,
1780559689.7169116,VDD_CPU_GPU_CV,3015.936,,
1780559689.7169116,VDD_SOC,1451.584,,
1780559689.7169116,,,cpu-thermal,60.093
1780559689.7169116,,,gpu-thermal,59.718
1780559689.7169116,,,soc0-thermal,57.687
1780559689.7169116,,,soc1-thermal,57.468
1780559689.7169116,,,soc2-thermal,58.0
1780559689.7169116,,,tj-thermal,60.093
1780559689.8232672,VDD_IN,6826.368,,
1780559689.8232672,VDD_CPU_GPU_CV,3015.936,,
1780559689.8232672,VDD_SOC,1451.584,,
1780559689.8232672,,,cpu-thermal,60.187
1780559689.8232672,,,gpu-thermal,59.562
1780559689.8232672,,,soc0-thermal,57.781
1780559689.8232672,,,soc1-thermal,57.437
1780559689.8232672,,,soc2-thermal,58.062
1780559689.8232672,,,tj-thermal,60.187
1780559689.9297159,VDD_IN,6787.136,,
1780559689.9297159,VDD_CPU_GPU_CV,3015.936,,
1780559689.9297159,VDD_SOC,1451.584,,
1780559689.9297159,,,cpu-thermal,60.187
1780559689.9297159,,,gpu-thermal,59.531
1780559689.9297159,,,soc0-thermal,57.656
1780559689.9297159,,,soc1-thermal,57.343
1780559689.9297159,,,soc2-thermal,58.031
1780559689.9297159,,,tj-thermal,60.437
1780559690.0363507,VDD_IN,6787.136,,
1780559690.0363507,VDD_CPU_GPU_CV,3015.936,,
1780559690.0363507,VDD_SOC,1451.584,,
1780559690.0363507,,,cpu-thermal,60.562
1780559690.0363507,,,gpu-thermal,59.437
1780559690.0363507,,,soc0-thermal,57.687
1780559690.0363507,,,soc1-thermal,57.406
1780559690.0363507,,,soc2-thermal,58.0
1780559690.0363507,,,tj-thermal,60.562
1780559690.1428819,VDD_IN,6787.136,,
1780559690.1428819,VDD_CPU_GPU_CV,3015.936,,
1780559690.1428819,VDD_SOC,1451.584,,
1780559690.1428819,,,cpu-thermal,60.125
1780559690.1428819,,,gpu-thermal,59.468
1780559690.1428819,,,soc0-thermal,57.781
1780559690.1428819,,,soc1-thermal,57.312
1780559690.1428819,,,soc2-thermal,58.062
1780559690.1428819,,,tj-thermal,60.281
1780559690.2493303,VDD_IN,6787.136,,
1780559690.2493303,VDD_CPU_GPU_CV,2976.768,,
1780559690.2493303,VDD_SOC,1451.584,,
1780559690.2493303,,,cpu-thermal,60.312
1780559690.2493303,,,gpu-thermal,59.718
1780559690.2493303,,,soc0-thermal,57.656
1780559690.2493303,,,soc1-thermal,57.375
1780559690.2493303,,,soc2-thermal,58.0
1780559690.2493303,,,tj-thermal,60.312
1780559690.3558266,VDD_IN,6787.136,,
1780559690.3558266,VDD_CPU_GPU_CV,3015.936,,
1780559690.3558266,VDD_SOC,1451.584,,
1780559690.3558266,,,cpu-thermal,60.312
1780559690.3558266,,,gpu-thermal,59.625
1780559690.3558266,,,soc0-thermal,57.718
1780559690.3558266,,,soc1-thermal,57.468
1780559690.3558266,,,soc2-thermal,58.0
1780559690.3558266,,,tj-thermal,60.312
1780559690.4624577,VDD_IN,6826.368,,
1780559690.4624577,VDD_CPU_GPU_CV,3015.936,,
1780559690.4624577,VDD_SOC,1451.584,,
1780559690.4624577,,,cpu-thermal,60.218
1780559690.4624577,,,gpu-thermal,59.562
1780559690.4624577,,,soc0-thermal,57.75
1780559690.4624577,,,soc1-thermal,57.375
1780559690.4624577,,,soc2-thermal,58.031
1780559690.4624577,,,tj-thermal,60.218
1780559690.569028,VDD_IN,6787.136,,
1780559690.569028,VDD_CPU_GPU_CV,3015.936,,
1780559690.569028,VDD_SOC,1451.584,,
1780559690.569028,,,cpu-thermal,60.25
1780559690.569028,,,gpu-thermal,59.781
1780559690.569028,,,soc0-thermal,57.656
1780559690.569028,,,soc1-thermal,57.406
1780559690.569028,,,soc2-thermal,58.125
1780559690.569028,,,tj-thermal,60.25
1780559690.6756246,VDD_IN,6787.136,,
1780559690.6756246,VDD_CPU_GPU_CV,3015.936,,
1780559690.6756246,VDD_SOC,1451.584,,
1780559690.6756246,,,cpu-thermal,60.187
1780559690.6756246,,,gpu-thermal,59.687
1780559690.6756246,,,soc0-thermal,57.656
1780559690.6756246,,,soc1-thermal,57.406
1780559690.6756246,,,soc2-thermal,57.968
1780559690.6756246,,,tj-thermal,60.187
1780559690.7822223,VDD_IN,6826.368,,
1780559690.7822223,VDD_CPU_GPU_CV,3015.936,,
1780559690.7822223,VDD_SOC,1451.584,,
1780559690.7822223,,,cpu-thermal,60.25
1780559690.7822223,,,gpu-thermal,59.593
1780559690.7822223,,,soc0-thermal,57.781
1780559690.7822223,,,soc1-thermal,57.343
1780559690.7822223,,,soc2-thermal,58.0
1780559690.7822223,,,tj-thermal,60.25
1780559690.888686,VDD_IN,6826.368,,
1780559690.888686,VDD_CPU_GPU_CV,3015.936,,
1780559690.888686,VDD_SOC,1451.584,,
1780559690.888686,,,cpu-thermal,60.312
1780559690.888686,,,gpu-thermal,59.468
1780559690.888686,,,soc0-thermal,57.687
1780559690.888686,,,soc1-thermal,57.406
1780559690.888686,,,soc2-thermal,58.093
1780559690.888686,,,tj-thermal,60.437
1780559690.9952223,VDD_IN,6787.136,,
1780559690.9952223,VDD_CPU_GPU_CV,3015.936,,
1780559690.9952223,VDD_SOC,1451.584,,
1780559690.9952223,,,cpu-thermal,60.531
1780559690.9952223,,,gpu-thermal,59.406
1780559690.9952223,,,soc0-thermal,57.75
1780559690.9952223,,,soc1-thermal,57.5
1780559690.9952223,,,soc2-thermal,58.093
1780559690.9952223,,,tj-thermal,60.531
1780559691.1020446,VDD_IN,6826.368,,
1780559691.1020446,VDD_CPU_GPU_CV,3015.936,,
1780559691.1020446,VDD_SOC,1451.584,,
1780559691.1020446,,,cpu-thermal,60.187
1780559691.1020446,,,gpu-thermal,59.843
1780559691.1020446,,,soc0-thermal,57.843
1780559691.1020446,,,soc1-thermal,57.343
1780559691.1020446,,,soc2-thermal,58.156
1780559691.1020446,,,tj-thermal,60.281
1780559691.2085664,VDD_IN,6787.136,,
1780559691.2085664,VDD_CPU_GPU_CV,3015.936,,
1780559691.2085664,VDD_SOC,1451.584,,
1780559691.2085664,,,cpu-thermal,60.343
1780559691.2085664,,,gpu-thermal,59.718
1780559691.2085664,,,soc0-thermal,57.718
1780559691.2085664,,,soc1-thermal,57.437
1780559691.2085664,,,soc2-thermal,58.156
1780559691.2085664,,,tj-thermal,60.343
1780559691.3152757,VDD_IN,6787.136,,
1780559691.3152757,VDD_CPU_GPU_CV,3015.936,,
1780559691.3152757,VDD_SOC,1451.584,,
1780559691.3152757,,,cpu-thermal,60.468
1780559691.3152757,,,gpu-thermal,59.656
1780559691.3152757,,,soc0-thermal,57.718
1780559691.3152757,,,soc1-thermal,57.562
1780559691.3152757,,,soc2-thermal,58.0
1780559691.3152757,,,tj-thermal,60.187
1780559691.421838,VDD_IN,6826.368,,
1780559691.421838,VDD_CPU_GPU_CV,3015.936,,
1780559691.421838,VDD_SOC,1451.584,,
1780559691.421838,,,cpu-thermal,60.281
1780559691.421838,,,gpu-thermal,59.468
1780559691.421838,,,soc0-thermal,57.875
1780559691.421838,,,soc1-thermal,57.375
1780559691.421838,,,soc2-thermal,58.125
1780559691.421838,,,tj-thermal,60.281
1780559691.5282068,VDD_IN,6826.368,,
1780559691.5282068,VDD_CPU_GPU_CV,3015.936,,
1780559691.5282068,VDD_SOC,1451.584,,
1780559691.5282068,,,cpu-thermal,60.343
1780559691.5282068,,,gpu-thermal,59.468
1780559691.5282068,,,soc0-thermal,57.718
1780559691.5282068,,,soc1-thermal,57.406
1780559691.5282068,,,soc2-thermal,58.156
1780559691.5282068,,,tj-thermal,60.343
1780559691.6345901,VDD_IN,6787.136,,
1780559691.6345901,VDD_CPU_GPU_CV,3015.936,,
1780559691.6345901,VDD_SOC,1451.584,,
1780559691.6345901,,,cpu-thermal,60.281
1780559691.6345901,,,gpu-thermal,59.875
1780559691.6345901,,,soc0-thermal,57.843
1780559691.6345901,,,soc1-thermal,57.593
1780559691.6345901,,,soc2-thermal,58.0
1780559691.6345901,,,tj-thermal,60.281
1780559691.74116,VDD_IN,6787.136,,
1780559691.74116,VDD_CPU_GPU_CV,3015.936,,
1780559691.74116,VDD_SOC,1451.584,,
1780559691.74116,,,cpu-thermal,60.218
1780559691.74116,,,gpu-thermal,59.75
1780559691.74116,,,soc0-thermal,57.812
1780559691.74116,,,soc1-thermal,57.375
1780559691.74116,,,soc2-thermal,58.093
1780559691.74116,,,tj-thermal,60.218
1780559691.8475983,VDD_IN,6787.136,,
1780559691.8475983,VDD_CPU_GPU_CV,3015.936,,
1780559691.8475983,VDD_SOC,1451.584,,
1780559691.8475983,,,cpu-thermal,60.25
1780559691.8475983,,,gpu-thermal,59.718
1780559691.8475983,,,soc0-thermal,57.718
1780559691.8475983,,,soc1-thermal,57.437
1780559691.8475983,,,soc2-thermal,58.125
1780559691.8475983,,,tj-thermal,60.468
1780559691.9539208,VDD_IN,6787.136,,
1780559691.9539208,VDD_CPU_GPU_CV,2976.768,,
1780559691.9539208,VDD_SOC,1451.584,,
1780559691.9539208,,,cpu-thermal,60.5
1780559691.9539208,,,gpu-thermal,59.562
1780559691.9539208,,,soc0-thermal,57.843
1780559691.9539208,,,soc1-thermal,57.5
1780559691.9539208,,,soc2-thermal,58.156
1780559691.9539208,,,tj-thermal,60.5
1780559692.0604658,VDD_IN,6787.136,,
1780559692.0604658,VDD_CPU_GPU_CV,3015.936,,
1780559692.0604658,VDD_SOC,1451.584,,
1780559692.0604658,,,cpu-thermal,60.218
1780559692.0604658,,,gpu-thermal,59.593
1780559692.0604658,,,soc0-thermal,57.937
1780559692.0604658,,,soc1-thermal,57.343
1780559692.0604658,,,soc2-thermal,58.125
1780559692.0604658,,,tj-thermal,60.375
1780559692.1669497,VDD_IN,6826.368,,
1780559692.1669497,VDD_CPU_GPU_CV,3015.936,,
1780559692.1669497,VDD_SOC,1451.584,,
1780559692.1669497,,,cpu-thermal,60.406
1780559692.1669497,,,gpu-thermal,59.937
1780559692.1669497,,,soc0-thermal,57.75
1780559692.1669497,,,soc1-thermal,57.468
1780559692.1669497,,,soc2-thermal,58.187
1780559692.1669497,,,tj-thermal,60.406
1780559692.2734492,VDD_IN,6787.136,,
1780559692.2734492,VDD_CPU_GPU_CV,3015.936,,
1780559692.2734492,VDD_SOC,1451.584,,
1780559692.2734492,,,cpu-thermal,60.468
1780559692.2734492,,,gpu-thermal,59.781
1780559692.2734492,,,soc0-thermal,57.812
1780559692.2734492,,,soc1-thermal,57.468
1780559692.2734492,,,soc2-thermal,58.062
1780559692.2734492,,,tj-thermal,60.468
1780559692.3801053,VDD_IN,6787.136,,
1780559692.3801053,VDD_CPU_GPU_CV,3015.936,,
1780559692.3801053,VDD_SOC,1451.584,,
1780559692.3801053,,,cpu-thermal,60.312
1780559692.3801053,,,gpu-thermal,59.75
1780559692.3801053,,,soc0-thermal,57.906
1780559692.3801053,,,soc1-thermal,57.437
1780559692.3801053,,,soc2-thermal,58.156
1780559692.3801053,,,tj-thermal,60.312
1780559692.4865837,VDD_IN,6826.368,,
1780559692.4865837,VDD_CPU_GPU_CV,3015.936,,
1780559692.4865837,VDD_SOC,1451.584,,
1780559692.4865837,,,cpu-thermal,60.406
1780559692.4865837,,,gpu-thermal,59.687
1780559692.4865837,,,soc0-thermal,57.781
1780559692.4865837,,,soc1-thermal,57.437
1780559692.4865837,,,soc2-thermal,58.218
1780559692.4865837,,,tj-thermal,60.406
1780559692.5929651,VDD_IN,6826.368,,
1780559692.5929651,VDD_CPU_GPU_CV,3015.936,,
1780559692.5929651,VDD_SOC,1451.584,,
1780559692.5929651,,,cpu-thermal,60.218
1780559692.5929651,,,gpu-thermal,59.625
1780559692.5929651,,,soc0-thermal,57.812
1780559692.5929651,,,soc1-thermal,57.468
1780559692.5929651,,,soc2-thermal,58.218
1780559692.5929651,,,tj-thermal,60.218
1780559692.6994443,VDD_IN,6787.136,,
1780559692.6994443,VDD_CPU_GPU_CV,3015.936,,
1780559692.6994443,VDD_SOC,1451.584,,
1780559692.6994443,,,cpu-thermal,60.281
1780559692.6994443,,,gpu-thermal,59.593
1780559692.6994443,,,soc0-thermal,57.937
1780559692.6994443,,,soc1-thermal,57.437
1780559692.6994443,,,soc2-thermal,58.125
1780559692.6994443,,,tj-thermal,60.281
1780559692.8059003,VDD_IN,6787.136,,
1780559692.8059003,VDD_CPU_GPU_CV,3015.936,,
1780559692.8059003,VDD_SOC,1451.584,,
1780559692.8059003,,,cpu-thermal,60.218
1780559692.8059003,,,gpu-thermal,59.937
1780559692.8059003,,,soc0-thermal,57.718
1780559692.8059003,,,soc1-thermal,57.468
1780559692.8059003,,,soc2-thermal,58.156
1780559692.8059003,,,tj-thermal,60.5
1780559692.9122224,VDD_IN,6787.136,,
1780559692.9122224,VDD_CPU_GPU_CV,3015.936,,
1780559692.9122224,VDD_SOC,1451.584,,
1780559692.9122224,,,cpu-thermal,60.562
1780559692.9122224,,,gpu-thermal,59.843
1780559692.9122224,,,soc0-thermal,57.843
1780559692.9122224,,,soc1-thermal,57.468
1780559692.9122224,,,soc2-thermal,58.062
1780559692.9122224,,,tj-thermal,60.562
1780559693.0188286,VDD_IN,6787.136,,
1780559693.0188286,VDD_CPU_GPU_CV,3015.936,,
1780559693.0188286,VDD_SOC,1451.584,,
1780559693.0188286,,,cpu-thermal,60.218
1780559693.0188286,,,gpu-thermal,59.656
1780559693.0188286,,,soc0-thermal,57.906
1780559693.0188286,,,soc1-thermal,57.437
1780559693.0188286,,,soc2-thermal,58.062
1780559693.0188286,,,tj-thermal,60.312
1780559693.1253073,VDD_IN,6826.368,,
1780559693.1253073,VDD_CPU_GPU_CV,3015.936,,
1780559693.1253073,VDD_SOC,1451.584,,
1780559693.1253073,,,cpu-thermal,60.406
1780559693.1253073,,,gpu-thermal,59.656
1780559693.1253073,,,soc0-thermal,57.781
1780559693.1253073,,,soc1-thermal,57.468
1780559693.1253073,,,soc2-thermal,58.218
1780559693.1253073,,,tj-thermal,60.406
1780559693.2317247,VDD_IN,6787.136,,
1780559693.2317247,VDD_CPU_GPU_CV,3011.008,,
1780559693.2317247,VDD_SOC,1451.584,,
1780559693.2317247,,,cpu-thermal,60.5
1780559693.2317247,,,gpu-thermal,59.687
1780559693.2317247,,,soc0-thermal,57.843
1780559693.2317247,,,soc1-thermal,57.625
1780559693.2317247,,,soc2-thermal,58.281
1780559693.2317247,,,tj-thermal,60.5
1780559693.3384786,VDD_IN,6787.136,,
1780559693.3384786,VDD_CPU_GPU_CV,3011.008,,
1780559693.3384786,VDD_SOC,1451.584,,
1780559693.3384786,,,cpu-thermal,60.343
1780559693.3384786,,,gpu-thermal,60.062
1780559693.3384786,,,soc0-thermal,57.937
1780559693.3384786,,,soc1-thermal,57.406
1780559693.3384786,,,soc2-thermal,58.187
1780559693.3384786,,,tj-thermal,60.343
1780559693.4450274,VDD_IN,6826.368,,
1780559693.4450274,VDD_CPU_GPU_CV,3015.936,,
1780559693.4450274,VDD_SOC,1451.584,,
1780559693.4450274,,,cpu-thermal,60.375
1780559693.4450274,,,gpu-thermal,59.875
1780559693.4450274,,,soc0-thermal,57.812
1780559693.4450274,,,soc1-thermal,57.468
1780559693.4450274,,,soc2-thermal,58.187
1780559693.4450274,,,tj-thermal,60.375
1780559693.5515456,VDD_IN,6826.368,,
1780559693.5515456,VDD_CPU_GPU_CV,3015.936,,
1780559693.5515456,VDD_SOC,1451.584,,
1780559693.5515456,,,cpu-thermal,60.375
1780559693.5515456,,,gpu-thermal,59.75
1780559693.5515456,,,soc0-thermal,57.875
1780559693.5515456,,,soc1-thermal,57.5
1780559693.5515456,,,soc2-thermal,58.281
1780559693.5515456,,,tj-thermal,60.281
1780559693.6570902,VDD_IN,6787.136,,
1780559693.6570902,VDD_CPU_GPU_CV,3015.936,,
1780559693.6570902,VDD_SOC,1451.584,,
1780559693.6570902,,,cpu-thermal,60.281
1780559693.6570902,,,gpu-thermal,59.656
1780559693.6570902,,,soc0-thermal,57.906
1780559693.6570902,,,soc1-thermal,57.656
1780559693.6570902,,,soc2-thermal,58.25
1780559693.6570902,,,tj-thermal,60.281
1780559693.7640798,VDD_IN,6787.136,,
1780559693.7640798,VDD_CPU_GPU_CV,3015.936,,
1780559693.7640798,VDD_SOC,1451.584,,
1780559693.7640798,,,cpu-thermal,60.375
1780559693.7640798,,,gpu-thermal,59.625
1780559693.7640798,,,soc0-thermal,57.812
1780559693.7640798,,,soc1-thermal,57.531
1780559693.7640798,,,soc2-thermal,58.25
1780559693.7640798,,,tj-thermal,60.562
1780559693.8706312,VDD_IN,6826.368,,
1780559693.8706312,VDD_CPU_GPU_CV,3015.936,,
1780559693.8706312,VDD_SOC,1451.584,,
1780559693.8706312,,,cpu-thermal,60.562
1780559693.8706312,,,gpu-thermal,60.125
1780559693.8706312,,,soc0-thermal,57.937
1780559693.8706312,,,soc1-thermal,57.562
1780559693.8706312,,,soc2-thermal,58.312
1780559693.8706312,,,tj-thermal,60.562
1780559693.976826,VDD_IN,6787.136,,
1780559693.976826,VDD_CPU_GPU_CV,3015.936,,
1780559693.976826,VDD_SOC,1451.584,,
1780559693.976826,,,cpu-thermal,60.718
1780559693.976826,,,gpu-thermal,59.937
1780559693.976826,,,soc0-thermal,57.968
1780559693.976826,,,soc1-thermal,57.75
1780559693.976826,,,soc2-thermal,58.218
1780559693.976826,,,tj-thermal,60.718
1780559694.0835378,VDD_IN,6787.136,,
1780559694.0835378,VDD_CPU_GPU_CV,3015.936,,
1780559694.0835378,VDD_SOC,1451.584,,
1780559694.0835378,,,cpu-thermal,60.406
1780559694.0835378,,,gpu-thermal,59.812
1780559694.0835378,,,soc0-thermal,57.875
1780559694.0835378,,,soc1-thermal,57.562
1780559694.0835378,,,soc2-thermal,58.281
1780559694.0835378,,,tj-thermal,60.406
1780559694.190031,VDD_IN,6826.368,,
1780559694.190031,VDD_CPU_GPU_CV,3015.936,,
1780559694.190031,VDD_SOC,1451.584,,
1780559694.190031,,,cpu-thermal,60.437
1780559694.190031,,,gpu-thermal,59.781
1780559694.190031,,,soc0-thermal,57.875
1780559694.190031,,,soc1-thermal,57.562
1780559694.190031,,,soc2-thermal,58.25
1780559694.190031,,,tj-thermal,60.437
1780559694.2965705,VDD_IN,6787.136,,
1780559694.2965705,VDD_CPU_GPU_CV,3015.936,,
1780559694.2965705,VDD_SOC,1451.584,,
1780559694.2965705,,,cpu-thermal,60.406
1780559694.2965705,,,gpu-thermal,59.75
1780559694.2965705,,,soc0-thermal,57.968
1780559694.2965705,,,soc1-thermal,57.625
1780559694.2965705,,,soc2-thermal,58.218
1780559694.2965705,,,tj-thermal,60.406
1780559694.4031007,VDD_IN,6826.368,,
1780559694.4031007,VDD_CPU_GPU_CV,3015.936,,
1780559694.4031007,VDD_SOC,1451.584,,
1780559694.4031007,,,cpu-thermal,60.437
1780559694.4031007,,,gpu-thermal,59.656
1780559694.4031007,,,soc0-thermal,57.875
1780559694.4031007,,,soc1-thermal,57.531
1780559694.4031007,,,soc2-thermal,58.25
1780559694.4031007,,,tj-thermal,60.437
1780559694.5096557,VDD_IN,6826.368,,
1780559694.5096557,VDD_CPU_GPU_CV,3015.936,,
1780559694.5096557,VDD_SOC,1451.584,,
1780559694.5096557,,,cpu-thermal,60.5
1780559694.5096557,,,gpu-thermal,59.937
1780559694.5096557,,,soc0-thermal,57.906
1780559694.5096557,,,soc1-thermal,57.593
1780559694.5096557,,,soc2-thermal,58.406
1780559694.5096557,,,tj-thermal,60.281
1780559694.6163573,VDD_IN,6826.368,,
1780559694.6163573,VDD_CPU_GPU_CV,3015.936,,
1780559694.6163573,VDD_SOC,1451.584,,
1780559694.6163573,,,cpu-thermal,60.406
1780559694.6163573,,,gpu-thermal,59.906
1780559694.6163573,,,soc0-thermal,57.968
1780559694.6163573,,,soc1-thermal,57.406
1780559694.6163573,,,soc2-thermal,58.25
1780559694.6163573,,,tj-thermal,60.406
1780559694.7231243,VDD_IN,6787.136,,
1780559694.7231243,VDD_CPU_GPU_CV,3015.936,,
1780559694.7231243,VDD_SOC,1451.584,,
1780559694.7231243,,,cpu-thermal,60.437
1780559694.7231243,,,gpu-thermal,60.125
1780559694.7231243,,,soc0-thermal,57.875
1780559694.7231243,,,soc1-thermal,57.5
1780559694.7231243,,,soc2-thermal,58.281
1780559694.7231243,,,tj-thermal,60.531
1780559694.8298697,VDD_IN,6826.368,,
1780559694.8298697,VDD_CPU_GPU_CV,3015.936,,
1780559694.8298697,VDD_SOC,1451.584,,
1780559694.8298697,,,cpu-thermal,60.687
1780559694.8298697,,,gpu-thermal,59.937
1780559694.8298697,,,soc0-thermal,57.906
1780559694.8298697,,,soc1-thermal,57.562
1780559694.8298697,,,soc2-thermal,58.343
1780559694.8298697,,,tj-thermal,60.687
1780559694.9365976,VDD_IN,6787.136,,
1780559694.9365976,VDD_CPU_GPU_CV,3015.936,,
1780559694.9365976,VDD_SOC,1451.584,,
1780559694.9365976,,,cpu-thermal,60.718
1780559694.9365976,,,gpu-thermal,59.906
1780559694.9365976,,,soc0-thermal,58.0
1780559694.9365976,,,soc1-thermal,57.468
1780559694.9365976,,,soc2-thermal,58.218
1780559694.9365976,,,tj-thermal,60.406
1780559695.0431323,VDD_IN,6787.136,,
1780559695.0431323,VDD_CPU_GPU_CV,3015.936,,
1780559695.0431323,VDD_SOC,1451.584,,
1780559695.0431323,,,cpu-thermal,60.468
1780559695.0431323,,,gpu-thermal,59.843
1780559695.0431323,,,soc0-thermal,57.906
1780559695.0431323,,,soc1-thermal,57.593
1780559695.0431323,,,soc2-thermal,58.343
1780559695.0431323,,,tj-thermal,60.468
1780559695.1498084,VDD_IN,6787.136,,
1780559695.1498084,VDD_CPU_GPU_CV,3015.936,,
1780559695.1498084,VDD_SOC,1451.584,,
1780559695.1498084,,,cpu-thermal,60.531
1780559695.1498084,,,gpu-thermal,59.781
1780559695.1498084,,,soc0-thermal,57.968
1780559695.1498084,,,soc1-thermal,57.687
1780559695.1498084,,,soc2-thermal,58.343
1780559695.1498084,,,tj-thermal,60.531
1780559695.2561145,VDD_IN,6787.136,,
1780559695.2561145,VDD_CPU_GPU_CV,3015.936,,
1780559695.2561145,VDD_SOC,1451.584,,
1780559695.2561145,,,cpu-thermal,60.406
1780559695.2561145,,,gpu-thermal,59.625
1780559695.2561145,,,soc0-thermal,57.968
1780559695.2561145,,,soc1-thermal,57.562
1780559695.2561145,,,soc2-thermal,58.218
1780559695.2561145,,,tj-thermal,60.406
1780559695.362723,VDD_IN,6787.136,,
1780559695.362723,VDD_CPU_GPU_CV,3015.936,,
1780559695.362723,VDD_SOC,1451.584,,
1780559695.362723,,,cpu-thermal,60.5
1780559695.362723,,,gpu-thermal,59.968
1780559695.362723,,,soc0-thermal,57.875
1780559695.362723,,,soc1-thermal,57.531
1780559695.362723,,,soc2-thermal,58.218
1780559695.362723,,,tj-thermal,60.5
1780559695.4692764,VDD_IN,6787.136,,
1780559695.4692764,VDD_CPU_GPU_CV,3015.936,,
1780559695.4692764,VDD_SOC,1451.584,,
1780559695.4692764,,,cpu-thermal,60.75
1780559695.4692764,,,gpu-thermal,59.937
1780559695.4692764,,,soc0-thermal,57.968
1780559695.4692764,,,soc1-thermal,57.625
1780559695.4692764,,,soc2-thermal,58.312
1780559695.4692764,,,tj-thermal,60.75
1780559695.5756667,VDD_IN,6826.368,,
1780559695.5756667,VDD_CPU_GPU_CV,3015.936,,
1780559695.5756667,VDD_SOC,1451.584,,
1780559695.5756667,,,cpu-thermal,60.406
1780559695.5756667,,,gpu-thermal,59.937
1780559695.5756667,,,soc0-thermal,57.968
1780559695.5756667,,,soc1-thermal,57.531
1780559695.5756667,,,soc2-thermal,58.312
1780559695.5756667,,,tj-thermal,60.406
1780559695.6821613,VDD_IN,6787.136,,
1780559695.6821613,VDD_CPU_GPU_CV,3015.936,,
1780559695.6821613,VDD_SOC,1451.584,,
1780559695.6821613,,,cpu-thermal,60.468
1780559695.6821613,,,gpu-thermal,59.812
1780559695.6821613,,,soc0-thermal,57.937
1780559695.6821613,,,soc1-thermal,57.593
1780559695.6821613,,,soc2-thermal,58.312
1780559695.6821613,,,tj-thermal,60.531
1780559695.7886543,VDD_IN,6787.136,,
1780559695.7886543,VDD_CPU_GPU_CV,3015.936,,
1780559695.7886543,VDD_SOC,1451.584,,
1780559695.7886543,,,cpu-thermal,60.687
1780559695.7886543,,,gpu-thermal,59.75
1780559695.7886543,,,soc0-thermal,57.968
1780559695.7886543,,,soc1-thermal,57.687
1780559695.7886543,,,soc2-thermal,58.375
1780559695.7886543,,,tj-thermal,60.687
1780559695.8950434,VDD_IN,6826.368,,
1780559695.8950434,VDD_CPU_GPU_CV,3015.936,,
1780559695.8950434,VDD_SOC,1451.584,,
1780559695.8950434,,,cpu-thermal,60.718
1780559695.8950434,,,gpu-thermal,60.062
1780559695.8950434,,,soc0-thermal,57.968
1780559695.8950434,,,soc1-thermal,57.625
1780559695.8950434,,,soc2-thermal,58.375
1780559695.8950434,,,tj-thermal,60.531
1780559696.0019643,VDD_IN,6787.136,,
1780559696.0019643,VDD_CPU_GPU_CV,3015.936,,
1780559696.0019643,VDD_SOC,1451.584,,
1780559696.0019643,,,cpu-thermal,60.562
1780559696.0019643,,,gpu-thermal,59.968
1780559696.0019643,,,soc0-thermal,57.937
1780559696.0019643,,,soc1-thermal,57.687
1780559696.0019643,,,soc2-thermal,58.312
1780559696.0019643,,,tj-thermal,60.562
1780559696.1086147,VDD_IN,6787.136,,
1780559696.1086147,VDD_CPU_GPU_CV,3015.936,,
1780559696.1086147,VDD_SOC,1451.584,,
1780559696.1086147,,,cpu-thermal,60.531
1780559696.1086147,,,gpu-thermal,59.906
1780559696.1086147,,,soc0-thermal,58.031
1780559696.1086147,,,soc1-thermal,57.687
1780559696.1086147,,,soc2-thermal,58.375
1780559696.1086147,,,tj-thermal,60.468
1780559696.2160568,VDD_IN,6787.136,,
1780559696.2160568,VDD_CPU_GPU_CV,3015.936,,
1780559696.2160568,VDD_SOC,1451.584,,
1780559696.2160568,,,cpu-thermal,60.5
1780559696.2160568,,,gpu-thermal,59.781
1780559696.2160568,,,soc0-thermal,58.0
1780559696.2160568,,,soc1-thermal,57.531
1780559696.2160568,,,soc2-thermal,58.375
1780559696.2160568,,,tj-thermal,60.5
1780559696.3226311,VDD_IN,6787.136,,
1780559696.3226311,VDD_CPU_GPU_CV,3015.936,,
1780559696.3226311,VDD_SOC,1451.584,,
1780559696.3226311,,,cpu-thermal,60.562
1780559696.3226311,,,gpu-thermal,59.781
1780559696.3226311,,,soc0-thermal,57.968
1780559696.3226311,,,soc1-thermal,57.625
1780559696.3226311,,,soc2-thermal,58.312
1780559696.3226311,,,tj-thermal,60.75
1780559696.4292493,VDD_IN,6787.136,,
1780559696.4292493,VDD_CPU_GPU_CV,3015.936,,
1780559696.4292493,VDD_SOC,1451.584,,
1780559696.4292493,,,cpu-thermal,60.875
1780559696.4292493,,,gpu-thermal,59.75
1780559696.4292493,,,soc0-thermal,57.968
1780559696.4292493,,,soc1-thermal,57.718
1780559696.4292493,,,soc2-thermal,58.343
1780559696.4292493,,,tj-thermal,60.875
1780559696.5356934,VDD_IN,6826.368,,
1780559696.5356934,VDD_CPU_GPU_CV,3015.936,,
1780559696.5356934,VDD_SOC,1451.584,,
1780559696.5356934,,,cpu-thermal,60.531
1780559696.5356934,,,gpu-thermal,59.968
1780559696.5356934,,,soc0-thermal,58.093
1780559696.5356934,,,soc1-thermal,57.593
1780559696.5356934,,,soc2-thermal,58.312
1780559696.5356934,,,tj-thermal,60.531
1780559696.642113,VDD_IN,6787.136,,
1780559696.642113,VDD_CPU_GPU_CV,3015.936,,
1780559696.642113,VDD_SOC,1451.584,,
1780559696.642113,,,cpu-thermal,60.593
1780559696.642113,,,gpu-thermal,59.937
1780559696.642113,,,soc0-thermal,57.968
1780559696.642113,,,soc1-thermal,57.593
1780559696.642113,,,soc2-thermal,58.343
1780559696.642113,,,tj-thermal,60.593
1780559696.748675,VDD_IN,6826.368,,
1780559696.748675,VDD_CPU_GPU_CV,3015.936,,
1780559696.748675,VDD_SOC,1451.584,,
1780559696.748675,,,cpu-thermal,60.687
1780559696.748675,,,gpu-thermal,59.906
1780559696.748675,,,soc0-thermal,58.031
1780559696.748675,,,soc1-thermal,57.781
1780559696.748675,,,soc2-thermal,58.281
1780559696.748675,,,tj-thermal,60.687
1780559696.8552496,VDD_IN,6826.368,,
1780559696.8552496,VDD_CPU_GPU_CV,3015.936,,
1780559696.8552496,VDD_SOC,1451.584,,
1780559696.8552496,,,cpu-thermal,60.562
1780559696.8552496,,,gpu-thermal,59.843
1780559696.8552496,,,soc0-thermal,58.125
1780559696.8552496,,,soc1-thermal,57.843
1780559696.8552496,,,soc2-thermal,58.375
1780559696.8552496,,,tj-thermal,60.562
1780559696.9616725,VDD_IN,6787.136,,
1780559696.9616725,VDD_CPU_GPU_CV,3015.936,,
1780559696.9616725,VDD_SOC,1451.584,,
1780559696.9616725,,,cpu-thermal,60.625
1780559696.9616725,,,gpu-thermal,59.812
1780559696.9616725,,,soc0-thermal,58.031
1780559696.9616725,,,soc1-thermal,57.687
1780559696.9616725,,,soc2-thermal,58.343
1780559696.9616725,,,tj-thermal,60.625
1780559697.0682037,VDD_IN,6826.368,,
1780559697.0682037,VDD_CPU_GPU_CV,3015.936,,
1780559697.0682037,VDD_SOC,1451.584,,
1780559697.0682037,,,cpu-thermal,60.687
1780559697.0682037,,,gpu-thermal,60.187
1780559697.0682037,,,soc0-thermal,58.0
1780559697.0682037,,,soc1-thermal,57.687
1780559697.0682037,,,soc2-thermal,58.375
1780559697.0682037,,,tj-thermal,60.468
1780559697.1746838,VDD_IN,6826.368,,
1780559697.1746838,VDD_CPU_GPU_CV,3015.936,,
1780559697.1746838,VDD_SOC,1451.584,,
1780559697.1746838,,,cpu-thermal,60.531
1780559697.1746838,,,gpu-thermal,60.031
1780559697.1746838,,,soc0-thermal,58.125
1780559697.1746838,,,soc1-thermal,57.875
1780559697.1746838,,,soc2-thermal,58.343
1780559697.1746838,,,tj-thermal,60.531
1780559697.2810743,VDD_IN,6787.136,,
1780559697.2810743,VDD_CPU_GPU_CV,3015.936,,
1780559697.2810743,VDD_SOC,1451.584,,
1780559697.2810743,,,cpu-thermal,60.468
1780559697.2810743,,,gpu-thermal,59.906
1780559697.2810743,,,soc0-thermal,58.062
1780559697.2810743,,,soc1-thermal,57.625
1780559697.2810743,,,soc2-thermal,58.437
1780559697.2810743,,,tj-thermal,60.75
1780559697.3877165,VDD_IN,6826.368,,
1780559697.3877165,VDD_CPU_GPU_CV,3015.936,,
1780559697.3877165,VDD_SOC,1451.584,,
1780559697.3877165,,,cpu-thermal,60.812
1780559697.3877165,,,gpu-thermal,60.125
1780559697.3877165,,,soc0-thermal,58.031
1780559697.3877165,,,soc1-thermal,57.75
1780559697.3877165,,,soc2-thermal,58.5
1780559697.3877165,,,tj-thermal,60.812
1780559697.494256,VDD_IN,6826.368,,
1780559697.494256,VDD_CPU_GPU_CV,3015.936,,
1780559697.494256,VDD_SOC,1451.584,,
1780559697.494256,,,cpu-thermal,60.531
1780559697.494256,,,gpu-thermal,59.968
1780559697.494256,,,soc0-thermal,58.093
1780559697.494256,,,soc1-thermal,57.875
1780559697.494256,,,soc2-thermal,58.406
1780559697.494256,,,tj-thermal,60.531
1780559697.600795,VDD_IN,6826.368,,
1780559697.600795,VDD_CPU_GPU_CV,3015.936,,
1780559697.600795,VDD_SOC,1451.584,,
1780559697.600795,,,cpu-thermal,60.656
1780559697.600795,,,gpu-thermal,59.906
1780559697.600795,,,soc0-thermal,58.031
1780559697.600795,,,soc1-thermal,57.687
1780559697.600795,,,soc2-thermal,58.468
1780559697.600795,,,tj-thermal,60.656
1780559697.7072346,VDD_IN,6826.368,,
1780559697.7072346,VDD_CPU_GPU_CV,3015.936,,
1780559697.7072346,VDD_SOC,1451.584,,
1780559697.7072346,,,cpu-thermal,60.718
1780559697.7072346,,,gpu-thermal,59.843
1780559697.7072346,,,soc0-thermal,58.031
1780559697.7072346,,,soc1-thermal,57.75
1780559697.7072346,,,soc2-thermal,58.5
1780559697.7072346,,,tj-thermal,60.718
1780559697.8138652,VDD_IN,6826.368,,
1780559697.8138652,VDD_CPU_GPU_CV,3015.936,,
1780559697.8138652,VDD_SOC,1451.584,,
1780559697.8138652,,,cpu-thermal,60.593
1780559697.8138652,,,gpu-thermal,59.843
1780559697.8138652,,,soc0-thermal,58.156
1780559697.8138652,,,soc1-thermal,57.812
1780559697.8138652,,,soc2-thermal,58.437
1780559697.8138652,,,tj-thermal,60.593
1780559697.9202437,VDD_IN,6787.136,,
1780559697.9202437,VDD_CPU_GPU_CV,3015.936,,
1780559697.9202437,VDD_SOC,1451.584,,
1780559697.9202437,,,cpu-thermal,60.625
1780559697.9202437,,,gpu-thermal,60.125
1780559697.9202437,,,soc0-thermal,58.031
1780559697.9202437,,,soc1-thermal,57.625
1780559697.9202437,,,soc2-thermal,58.406
1780559697.9202437,,,tj-thermal,60.625
1780559698.0270247,VDD_IN,6787.136,,
1780559698.0270247,VDD_CPU_GPU_CV,3015.936,,
1780559698.0270247,VDD_SOC,1451.584,,
1780559698.0270247,,,cpu-thermal,60.656
1780559698.0270247,,,gpu-thermal,60.0
1780559698.0270247,,,soc0-thermal,58.031
1780559698.0270247,,,soc1-thermal,57.781
1780559698.0270247,,,soc2-thermal,58.5
1780559698.0270247,,,tj-thermal,60.625
1780559698.1335945,VDD_IN,6826.368,,
1780559698.1335945,VDD_CPU_GPU_CV,3015.936,,
1780559698.1335945,VDD_SOC,1451.584,,
1780559698.1335945,,,cpu-thermal,60.625
1780559698.1335945,,,gpu-thermal,60.0
1780559698.1335945,,,soc0-thermal,58.156
1780559698.1335945,,,soc1-thermal,57.937
1780559698.1335945,,,soc2-thermal,58.406
1780559698.1335945,,,tj-thermal,60.625
1780559698.2398548,VDD_IN,6787.136,,
1780559698.2398548,VDD_CPU_GPU_CV,3015.936,,
1780559698.2398548,VDD_SOC,1451.584,,
1780559698.2398548,,,cpu-thermal,60.687
1780559698.2398548,,,gpu-thermal,59.937
1780559698.2398548,,,soc0-thermal,58.031
1780559698.2398548,,,soc1-thermal,57.75
1780559698.2398548,,,soc2-thermal,58.406
1780559698.2398548,,,tj-thermal,60.687
1780559698.3463807,VDD_IN,6826.368,,
1780559698.3463807,VDD_CPU_GPU_CV,3015.936,,
1780559698.3463807,VDD_SOC,1451.584,,
1780559698.3463807,,,cpu-thermal,60.875
1780559698.3463807,,,gpu-thermal,59.906
1780559698.3463807,,,soc0-thermal,58.062
1780559698.3463807,,,soc1-thermal,57.781
1780559698.3463807,,,soc2-thermal,58.468
1780559698.3463807,,,tj-thermal,60.875
1780559698.452934,VDD_IN,6826.368,,
1780559698.452934,VDD_CPU_GPU_CV,3015.936,,
1780559698.452934,VDD_SOC,1451.584,,
1780559698.452934,,,cpu-thermal,60.593
1780559698.452934,,,gpu-thermal,60.187
1780559698.452934,,,soc0-thermal,58.156
1780559698.452934,,,soc1-thermal,57.937
1780559698.452934,,,soc2-thermal,58.468
1780559698.452934,,,tj-thermal,60.593
1780559698.5594568,VDD_IN,6826.368,,
1780559698.5594568,VDD_CPU_GPU_CV,3015.936,,
1780559698.5594568,VDD_SOC,1451.584,,
1780559698.5594568,,,cpu-thermal,60.656
1780559698.5594568,,,gpu-thermal,60.062
1780559698.5594568,,,soc0-thermal,58.062
1780559698.5594568,,,soc1-thermal,57.718
1780559698.5594568,,,soc2-thermal,58.5
1780559698.5594568,,,tj-thermal,60.656
1780559698.6661983,VDD_IN,6826.368,,
1780559698.6661983,VDD_CPU_GPU_CV,3015.936,,
1780559698.6661983,VDD_SOC,1451.584,,
1780559698.6661983,,,cpu-thermal,60.843
1780559698.6661983,,,gpu-thermal,60.031
1780559698.6661983,,,soc0-thermal,58.125
1780559698.6661983,,,soc1-thermal,57.843
1780559698.6661983,,,soc2-thermal,58.5
1780559698.6661983,,,tj-thermal,60.843
1780559698.7727315,VDD_IN,6826.368,,
1780559698.7727315,VDD_CPU_GPU_CV,3015.936,,
1780559698.7727315,VDD_SOC,1451.584,,
1780559698.7727315,,,cpu-thermal,60.593
1780559698.7727315,,,gpu-thermal,59.937
1780559698.7727315,,,soc0-thermal,58.187
1780559698.7727315,,,soc1-thermal,57.968
1780559698.7727315,,,soc2-thermal,58.437
1780559698.7727315,,,tj-thermal,60.593
1780559698.879103,VDD_IN,6826.368,,
1780559698.879103,VDD_CPU_GPU_CV,3015.936,,
1780559698.879103,VDD_SOC,1451.584,,
1780559698.879103,,,cpu-thermal,60.906
1780559698.879103,,,gpu-thermal,60.093
1780559698.879103,,,soc0-thermal,58.125
1780559698.879103,,,soc1-thermal,57.781
1780559698.879103,,,soc2-thermal,58.468
1780559698.879103,,,tj-thermal,60.906
1780559698.9922328,VDD_IN,6787.136,,
1780559698.9922328,VDD_CPU_GPU_CV,3015.936,,
1780559698.9922328,VDD_SOC,1451.584,,
1780559698.9922328,,,cpu-thermal,60.593
1780559698.9922328,,,gpu-thermal,60.281
1780559698.9922328,,,soc0-thermal,58.218
1780559698.9922328,,,soc1-thermal,57.75
1780559698.9922328,,,soc2-thermal,58.468
1780559698.9922328,,,tj-thermal,60.656
1780559699.0987241,VDD_IN,6787.136,,
1780559699.0987241,VDD_CPU_GPU_CV,3015.936,,
1780559699.0987241,VDD_SOC,1451.584,,
1780559699.0987241,,,cpu-thermal,60.718
1780559699.0987241,,,gpu-thermal,60.093
1780559699.0987241,,,soc0-thermal,58.031
1780559699.0987241,,,soc1-thermal,57.843
1780559699.0987241,,,soc2-thermal,58.562
1780559699.0987241,,,tj-thermal,60.718
1780559699.2054183,VDD_IN,6787.136,,
1780559699.2054183,VDD_CPU_GPU_CV,2976.768,,
1780559699.2054183,VDD_SOC,1451.584,,
1780559699.2054183,,,cpu-thermal,60.781
1780559699.2054183,,,gpu-thermal,60.062
1780559699.2054183,,,soc0-thermal,58.156
1780559699.2054183,,,soc1-thermal,57.843
1780559699.2054183,,,soc2-thermal,58.5
1780559699.2054183,,,tj-thermal,60.781
1780559699.3119314,VDD_IN,6787.136,,
1780559699.3119314,VDD_CPU_GPU_CV,3015.936,,
1780559699.3119314,VDD_SOC,1451.584,,
1780559699.3119314,,,cpu-thermal,60.687
1780559699.3119314,,,gpu-thermal,60.0
1780559699.3119314,,,soc0-thermal,58.156
1780559699.3119314,,,soc1-thermal,57.75
1780559699.3119314,,,soc2-thermal,58.5
1780559699.3119314,,,tj-thermal,60.687
1780559699.4184272,VDD_IN,6826.368,,
1780559699.4184272,VDD_CPU_GPU_CV,3015.936,,
1780559699.4184272,VDD_SOC,1451.584,,
1780559699.4184272,,,cpu-thermal,60.687
1780559699.4184272,,,gpu-thermal,59.937
1780559699.4184272,,,soc0-thermal,58.093
1780559699.4184272,,,soc1-thermal,57.812
1780559699.4184272,,,soc2-thermal,58.5
1780559699.4184272,,,tj-thermal,60.687
1780559699.5249119,VDD_IN,6787.136,,
1780559699.5249119,VDD_CPU_GPU_CV,3015.936,,
1780559699.5249119,VDD_SOC,1451.584,,
1780559699.5249119,,,cpu-thermal,60.656
1780559699.5249119,,,gpu-thermal,59.937
1780559699.5249119,,,soc0-thermal,58.218
1780559699.5249119,,,soc1-thermal,57.937
1780559699.5249119,,,soc2-thermal,58.5
1780559699.5249119,,,tj-thermal,60.656
1780559699.6314511,VDD_IN,6787.136,,
1780559699.6314511,VDD_CPU_GPU_CV,3015.936,,
1780559699.6314511,VDD_SOC,1451.584,,
1780559699.6314511,,,cpu-thermal,60.656
1780559699.6314511,,,gpu-thermal,60.187
1780559699.6314511,,,soc0-thermal,58.25
1780559699.6314511,,,soc1-thermal,57.812
1780559699.6314511,,,soc2-thermal,58.5
1780559699.6314511,,,tj-thermal,60.656
1780559699.7380311,VDD_IN,6826.368,,
1780559699.7380311,VDD_CPU_GPU_CV,3015.936,,
1780559699.7380311,VDD_SOC,1451.584,,
1780559699.7380311,,,cpu-thermal,60.593
1780559699.7380311,,,gpu-thermal,60.062
1780559699.7380311,,,soc0-thermal,58.062
1780559699.7380311,,,soc1-thermal,57.812
1780559699.7380311,,,soc2-thermal,58.5
1780559699.7380311,,,tj-thermal,60.781
1780559699.8444877,VDD_IN,6787.136,,
1780559699.8444877,VDD_CPU_GPU_CV,3015.936,,
1780559699.8444877,VDD_SOC,1451.584,,
1780559699.8444877,,,cpu-thermal,60.906
1780559699.8444877,,,gpu-thermal,60.0
1780559699.8444877,,,soc0-thermal,58.187
1780559699.8444877,,,soc1-thermal,57.875
1780559699.8444877,,,soc2-thermal,58.625
1780559699.8444877,,,tj-thermal,60.906
1780559699.951111,VDD_IN,6826.368,,
1780559699.951111,VDD_CPU_GPU_CV,3015.936,,
1780559699.951111,VDD_SOC,1451.584,,
1780559699.951111,,,cpu-thermal,61.093
1780559699.951111,,,gpu-thermal,59.937
1780559699.951111,,,soc0-thermal,58.25
1780559699.951111,,,soc1-thermal,57.718
1780559699.951111,,,soc2-thermal,58.437
1780559699.951111,,,tj-thermal,60.75
1780559700.0575294,VDD_IN,6826.368,,
1780559700.0575294,VDD_CPU_GPU_CV,3015.936,,
1780559700.0575294,VDD_SOC,1451.584,,
1780559700.0575294,,,cpu-thermal,60.781
1780559700.0575294,,,gpu-thermal,59.937
1780559700.0575294,,,soc0-thermal,58.093
1780559700.0575294,,,soc1-thermal,57.75
1780559700.0575294,,,soc2-thermal,58.5
1780559700.0575294,,,tj-thermal,60.781
1780559700.1640358,VDD_IN,6826.368,,
1780559700.1640358,VDD_CPU_GPU_CV,3015.936,,
1780559700.1640358,VDD_SOC,1451.584,,
1780559700.1640358,,,cpu-thermal,60.718
1780559700.1640358,,,gpu-thermal,60.281
1780559700.1640358,,,soc0-thermal,58.25
1780559700.1640358,,,soc1-thermal,57.906
1780559700.1640358,,,soc2-thermal,58.625
1780559700.1640358,,,tj-thermal,60.718
1780559700.270762,VDD_IN,6826.368,,
1780559700.270762,VDD_CPU_GPU_CV,3015.936,,
1780559700.270762,VDD_SOC,1451.584,,
1780559700.270762,,,cpu-thermal,60.625
1780559700.270762,,,gpu-thermal,60.156
1780559700.270762,,,soc0-thermal,58.281
1780559700.270762,,,soc1-thermal,57.75
1780559700.270762,,,soc2-thermal,58.531
1780559700.270762,,,tj-thermal,60.625
1780559700.3772688,VDD_IN,6826.368,,
1780559700.3772688,VDD_CPU_GPU_CV,3015.936,,
1780559700.3772688,VDD_SOC,1451.584,,
1780559700.3772688,,,cpu-thermal,60.812
1780559700.3772688,,,gpu-thermal,60.156
1780559700.3772688,,,soc0-thermal,58.125
1780559700.3772688,,,soc1-thermal,57.875
1780559700.3772688,,,soc2-thermal,58.531
1780559700.3772688,,,tj-thermal,60.812
1780559700.4837341,VDD_IN,6826.368,,
1780559700.4837341,VDD_CPU_GPU_CV,3015.936,,
1780559700.4837341,VDD_SOC,1451.584,,
1780559700.4837341,,,cpu-thermal,60.687
1780559700.4837341,,,gpu-thermal,60.093
1780559700.4837341,,,soc0-thermal,58.187
1780559700.4837341,,,soc1-thermal,57.937
1780559700.4837341,,,soc2-thermal,58.5
1780559700.4837341,,,tj-thermal,60.687
1780559700.590664,VDD_IN,6826.368,,
1780559700.590664,VDD_CPU_GPU_CV,3015.936,,
1780559700.590664,VDD_SOC,1451.584,,
1780559700.590664,,,cpu-thermal,60.718
1780559700.590664,,,gpu-thermal,59.968
1780559700.590664,,,soc0-thermal,58.312
1780559700.590664,,,soc1-thermal,57.812
1780559700.590664,,,soc2-thermal,58.593
1780559700.590664,,,tj-thermal,60.718
1780559700.6972582,VDD_IN,6826.368,,
1780559700.6972582,VDD_CPU_GPU_CV,3015.936,,
1780559700.6972582,VDD_SOC,1451.584,,
1780559700.6972582,,,cpu-thermal,60.843
1780559700.6972582,,,gpu-thermal,59.968
1780559700.6972582,,,soc0-thermal,58.156
1780559700.6972582,,,soc1-thermal,57.937
1780559700.6972582,,,soc2-thermal,58.625
1780559700.6972582,,,tj-thermal,60.843
1780559700.8039417,VDD_IN,6826.368,,
1780559700.8039417,VDD_CPU_GPU_CV,3015.936,,
1780559700.8039417,VDD_SOC,1451.584,,
1780559700.8039417,,,cpu-thermal,61.0
1780559700.8039417,,,gpu-thermal,60.218
1780559700.8039417,,,soc0-thermal,58.25
1780559700.8039417,,,soc1-thermal,57.937
1780559700.8039417,,,soc2-thermal,58.625
1780559700.8039417,,,tj-thermal,61.0
1780559700.9107852,VDD_IN,6826.368,,
1780559700.9107852,VDD_CPU_GPU_CV,3015.936,,
1780559700.9107852,VDD_SOC,1451.584,,
1780559700.9107852,,,cpu-thermal,60.781
1780559700.9107852,,,gpu-thermal,60.156
1780559700.9107852,,,soc0-thermal,58.312
1780559700.9107852,,,soc1-thermal,57.781
1780559700.9107852,,,soc2-thermal,58.468
1780559700.9107852,,,tj-thermal,60.781
1780559701.0173917,VDD_IN,6826.368,,
1780559701.0173917,VDD_CPU_GPU_CV,3015.936,,
1780559701.0173917,VDD_SOC,1451.584,,
1780559701.0173917,,,cpu-thermal,60.812
1780559701.0173917,,,gpu-thermal,60.031
1780559701.0173917,,,soc0-thermal,58.218
1780559701.0173917,,,soc1-thermal,57.843
1780559701.0173917,,,soc2-thermal,58.562
1780559701.0173917,,,tj-thermal,60.812
1780559701.1238697,VDD_IN,6787.136,,
1780559701.1238697,VDD_CPU_GPU_CV,3015.936,,
1780559701.1238697,VDD_SOC,1451.584,,
1780559701.1238697,,,cpu-thermal,60.812
1780559701.1238697,,,gpu-thermal,60.0
1780559701.1238697,,,soc0-thermal,58.281
1780559701.1238697,,,soc1-thermal,58.0
1780559701.1238697,,,soc2-thermal,58.593
1780559701.1238697,,,tj-thermal,60.593
1780559701.230457,VDD_IN,6787.136,,
1780559701.230457,VDD_CPU_GPU_CV,3015.936,,
1780559701.230457,VDD_SOC,1451.584,,
1780559701.230457,,,cpu-thermal,60.687
1780559701.230457,,,gpu-thermal,60.156
1780559701.230457,,,soc0-thermal,58.343
1780559701.230457,,,soc1-thermal,57.875
1780559701.230457,,,soc2-thermal,58.562
1780559701.230457,,,tj-thermal,60.687
1780559701.3369415,VDD_IN,6826.368,,
1780559701.3369415,VDD_CPU_GPU_CV,3015.936,,
1780559701.3369415,VDD_SOC,1451.584,,
1780559701.3369415,,,cpu-thermal,60.812
1780559701.3369415,,,gpu-thermal,60.062
1780559701.3369415,,,soc0-thermal,58.218
1780559701.3369415,,,soc1-thermal,57.968
1780559701.3369415,,,soc2-thermal,58.593
1780559701.3369415,,,tj-thermal,60.937
1780559701.4436922,VDD_IN,6826.368,,
1780559701.4436922,VDD_CPU_GPU_CV,3015.936,,
1780559701.4436922,VDD_SOC,1451.584,,
1780559701.4436922,,,cpu-thermal,61.156
1780559701.4436922,,,gpu-thermal,59.937
1780559701.4436922,,,soc0-thermal,58.281
1780559701.4436922,,,soc1-thermal,57.968
1780559701.4436922,,,soc2-thermal,58.5
1780559701.4436922,,,tj-thermal,61.156
1780559701.5501392,VDD_IN,6826.368,,
1780559701.5501392,VDD_CPU_GPU_CV,3015.936,,
1780559701.5501392,VDD_SOC,1451.584,,
1780559701.5501392,,,cpu-thermal,60.656
1780559701.5501392,,,gpu-thermal,60.0
1780559701.5501392,,,soc0-thermal,58.312
1780559701.5501392,,,soc1-thermal,57.937
1780559701.5501392,,,soc2-thermal,58.656
1780559701.5501392,,,tj-thermal,60.656
1780559701.6565545,VDD_IN,6826.368,,
1780559701.6565545,VDD_CPU_GPU_CV,3015.936,,
1780559701.6565545,VDD_SOC,1451.584,,
1780559701.6565545,,,cpu-thermal,60.937
1780559701.6565545,,,gpu-thermal,60.281
1780559701.6565545,,,soc0-thermal,58.25
1780559701.6565545,,,soc1-thermal,57.875
1780559701.6565545,,,soc2-thermal,58.593
1780559701.6565545,,,tj-thermal,60.937
1780559701.7630064,VDD_IN,6826.368,,
1780559701.7630064,VDD_CPU_GPU_CV,3015.936,,
1780559701.7630064,VDD_SOC,1451.584,,
1780559701.7630064,,,cpu-thermal,60.937
1780559701.7630064,,,gpu-thermal,60.125
1780559701.7630064,,,soc0-thermal,58.218
1780559701.7630064,,,soc1-thermal,58.031
1780559701.7630064,,,soc2-thermal,58.562
1780559701.7630064,,,tj-thermal,60.937
1780559701.8694062,VDD_IN,6787.136,,
1780559701.8694062,VDD_CPU_GPU_CV,3015.936,,
1780559701.8694062,VDD_SOC,1451.584,,
1780559701.8694062,,,cpu-thermal,61.093
1780559701.8694062,,,gpu-thermal,60.125
1780559701.8694062,,,soc0-thermal,58.343
1780559701.8694062,,,soc1-thermal,57.875
1780559701.8694062,,,soc2-thermal,58.5
1780559701.8694062,,,tj-thermal,60.718
1780559701.9759219,VDD_IN,6787.136,,
1780559701.9759219,VDD_CPU_GPU_CV,3015.936,,
1780559701.9759219,VDD_SOC,1451.584,,
1780559701.9759219,,,cpu-thermal,60.781
1780559701.9759219,,,gpu-thermal,60.031
1780559701.9759219,,,soc0-thermal,58.218
1780559701.9759219,,,soc1-thermal,57.937
1780559701.9759219,,,soc2-thermal,58.593
1780559701.9759219,,,tj-thermal,60.781
1780559702.08264,VDD_IN,6787.136,,
1780559702.08264,VDD_CPU_GPU_CV,3015.936,,
1780559702.08264,VDD_SOC,1451.584,,
1780559702.08264,,,cpu-thermal,60.906
1780559702.08264,,,gpu-thermal,59.968
1780559702.08264,,,soc0-thermal,58.281
1780559702.08264,,,soc1-thermal,57.968
1780559702.08264,,,soc2-thermal,58.562
1780559702.08264,,,tj-thermal,60.843
1780559702.1894014,VDD_IN,6787.136,,
1780559702.1894014,VDD_CPU_GPU_CV,3015.936,,
1780559702.1894014,VDD_SOC,1451.584,,
1780559702.1894014,,,cpu-thermal,60.718
1780559702.1894014,,,gpu-thermal,60.375
1780559702.1894014,,,soc0-thermal,58.406
1780559702.1894014,,,soc1-thermal,57.843
1780559702.1894014,,,soc2-thermal,58.531
1780559702.1894014,,,tj-thermal,60.718
1780559702.2959793,VDD_IN,6826.368,,
1780559702.2959793,VDD_CPU_GPU_CV,3015.936,,
1780559702.2959793,VDD_SOC,1451.584,,
1780559702.2959793,,,cpu-thermal,60.906
1780559702.2959793,,,gpu-thermal,60.156
1780559702.2959793,,,soc0-thermal,58.187
1780559702.2959793,,,soc1-thermal,57.906
1780559702.2959793,,,soc2-thermal,58.656
1780559702.2959793,,,tj-thermal,61.0
1780559702.4026089,VDD_IN,6826.368,,
1780559702.4026089,VDD_CPU_GPU_CV,3015.936,,
1780559702.4026089,VDD_SOC,1451.584,,
1780559702.4026089,,,cpu-thermal,61.125
1780559702.4026089,,,gpu-thermal,60.125
1780559702.4026089,,,soc0-thermal,58.312
1780559702.4026089,,,soc1-thermal,57.968
1780559702.4026089,,,soc2-thermal,58.718
1780559702.4026089,,,tj-thermal,61.125
1780559702.5088863,VDD_IN,6826.368,,
1780559702.5088863,VDD_CPU_GPU_CV,3015.936,,
1780559702.5088863,VDD_SOC,1451.584,,
1780559702.5088863,,,cpu-thermal,60.75
1780559702.5088863,,,gpu-thermal,60.031
1780559702.5088863,,,soc0-thermal,58.406
1780559702.5088863,,,soc1-thermal,57.906
1780559702.5088863,,,soc2-thermal,58.593
1780559702.5088863,,,tj-thermal,60.75
1780559702.6154718,VDD_IN,6787.136,,
1780559702.6154718,VDD_CPU_GPU_CV,3015.936,,
1780559702.6154718,VDD_SOC,1451.584,,
1780559702.6154718,,,cpu-thermal,60.906
1780559702.6154718,,,gpu-thermal,60.031
1780559702.6154718,,,soc0-thermal,58.281
1780559702.6154718,,,soc1-thermal,57.968
1780559702.6154718,,,soc2-thermal,58.593
1780559702.6154718,,,tj-thermal,60.906
1780559702.7219827,VDD_IN,6826.368,,
1780559702.7219827,VDD_CPU_GPU_CV,3015.936,,
1780559702.7219827,VDD_SOC,1451.584,,
1780559702.7219827,,,cpu-thermal,61.062
1780559702.7219827,,,gpu-thermal,60.437
1780559702.7219827,,,soc0-thermal,58.281
1780559702.7219827,,,soc1-thermal,58.031
1780559702.7219827,,,soc2-thermal,58.656
1780559702.7219827,,,tj-thermal,61.062
1780559702.8282166,VDD_IN,6787.136,,
1780559702.8282166,VDD_CPU_GPU_CV,3015.936,,
1780559702.8282166,VDD_SOC,1451.584,,
1780559702.8282166,,,cpu-thermal,60.781
1780559702.8282166,,,gpu-thermal,60.312
1780559702.8282166,,,soc0-thermal,58.437
1780559702.8282166,,,soc1-thermal,57.968
1780559702.8282166,,,soc2-thermal,58.656
1780559702.8282166,,,tj-thermal,60.781
1780559702.934832,VDD_IN,6787.136,,
1780559702.934832,VDD_CPU_GPU_CV,3015.936,,
1780559702.934832,VDD_SOC,1451.584,,
1780559702.934832,,,cpu-thermal,60.937
1780559702.934832,,,gpu-thermal,60.218
1780559702.934832,,,soc0-thermal,58.218
1780559702.934832,,,soc1-thermal,57.968
1780559702.934832,,,soc2-thermal,58.593
1780559702.934832,,,tj-thermal,60.937
1780559703.0413153,VDD_IN,6826.368,,
1780559703.0413153,VDD_CPU_GPU_CV,3015.936,,
1780559703.0413153,VDD_SOC,1451.584,,
1780559703.0413153,,,cpu-thermal,60.968
1780559703.0413153,,,gpu-thermal,60.093
1780559703.0413153,,,soc0-thermal,58.343
1780559703.0413153,,,soc1-thermal,57.968
1780559703.0413153,,,soc2-thermal,58.687
1780559703.0413153,,,tj-thermal,60.75
1780559703.147788,VDD_IN,6787.136,,
1780559703.147788,VDD_CPU_GPU_CV,3015.936,,
1780559703.147788,VDD_SOC,1451.584,,
1780559703.147788,,,cpu-thermal,60.812
1780559703.147788,,,gpu-thermal,60.125
1780559703.147788,,,soc0-thermal,58.375
1780559703.147788,,,soc1-thermal,58.187
1780559703.147788,,,soc2-thermal,58.625
1780559703.147788,,,tj-thermal,60.812
1780559703.2545435,VDD_IN,6787.136,,
1780559703.2545435,VDD_CPU_GPU_CV,3015.936,,
1780559703.2545435,VDD_SOC,1451.584,,
1780559703.2545435,,,cpu-thermal,60.906
1780559703.2545435,,,gpu-thermal,60.031
1780559703.2545435,,,soc0-thermal,58.343
1780559703.2545435,,,soc1-thermal,58.0
1780559703.2545435,,,soc2-thermal,58.625
1780559703.2545435,,,tj-thermal,61.031
1780559703.3610322,VDD_IN,6826.368,,
1780559703.3610322,VDD_CPU_GPU_CV,3015.936,,
1780559703.3610322,VDD_SOC,1451.584,,
1780559703.3610322,,,cpu-thermal,61.156
1780559703.3610322,,,gpu-thermal,60.343
1780559703.3610322,,,soc0-thermal,58.375
1780559703.3610322,,,soc1-thermal,57.937
1780559703.3610322,,,soc2-thermal,58.656
1780559703.3610322,,,tj-thermal,61.156
1780559703.4673054,VDD_IN,6826.368,,
1780559703.4673054,VDD_CPU_GPU_CV,3015.936,,
1780559703.4673054,VDD_SOC,1451.584,,
1780559703.4673054,,,cpu-thermal,60.843
1780559703.4673054,,,gpu-thermal,60.25
1780559703.4673054,,,soc0-thermal,58.375
1780559703.4673054,,,soc1-thermal,58.156
1780559703.4673054,,,soc2-thermal,58.625
1780559703.4673054,,,tj-thermal,60.843
1780559703.573918,VDD_IN,6826.368,,
1780559703.573918,VDD_CPU_GPU_CV,3015.936,,
1780559703.573918,VDD_SOC,1451.584,,
1780559703.573918,,,cpu-thermal,60.906
1780559703.573918,,,gpu-thermal,60.25
1780559703.573918,,,soc0-thermal,58.25
1780559703.573918,,,soc1-thermal,57.968
1780559703.573918,,,soc2-thermal,58.687
1780559703.573918,,,tj-thermal,60.906
1780559703.6805255,VDD_IN,6826.368,,
1780559703.6805255,VDD_CPU_GPU_CV,3015.936,,
1780559703.6805255,VDD_SOC,1451.584,,
1780559703.6805255,,,cpu-thermal,61.062
1780559703.6805255,,,gpu-thermal,60.125
1780559703.6805255,,,soc0-thermal,58.343
1780559703.6805255,,,soc1-thermal,58.062
1780559703.6805255,,,soc2-thermal,58.687
1780559703.6805255,,,tj-thermal,61.062
1780559703.7869709,VDD_IN,6787.136,,
1780559703.7869709,VDD_CPU_GPU_CV,3015.936,,
1780559703.7869709,VDD_SOC,1451.584,,
1780559703.7869709,,,cpu-thermal,61.156
1780559703.7869709,,,gpu-thermal,60.125
1780559703.7869709,,,soc0-thermal,58.437
1780559703.7869709,,,soc1-thermal,58.218
1780559703.7869709,,,soc2-thermal,58.75
1780559703.7869709,,,tj-thermal,60.781
1780559703.8933947,VDD_IN,6787.136,,
1780559703.8933947,VDD_CPU_GPU_CV,3015.936,,
1780559703.8933947,VDD_SOC,1451.584,,
1780559703.8933947,,,cpu-thermal,60.906
1780559703.8933947,,,gpu-thermal,60.562
1780559703.8933947,,,soc0-thermal,58.312
1780559703.8933947,,,soc1-thermal,57.937
1780559703.8933947,,,soc2-thermal,58.687
1780559703.8933947,,,tj-thermal,60.906
1780559703.9998617,VDD_IN,6826.368,,
1780559703.9998617,VDD_CPU_GPU_CV,3015.936,,
1780559703.9998617,VDD_SOC,1451.584,,
1780559703.9998617,,,cpu-thermal,60.906
1780559703.9998617,,,gpu-thermal,60.406
1780559703.9998617,,,soc0-thermal,58.312
1780559703.9998617,,,soc1-thermal,58.062
1780559703.9998617,,,soc2-thermal,58.781
1780559703.9998617,,,tj-thermal,60.75
1780559704.1063356,VDD_IN,6787.136,,
1780559704.1063356,VDD_CPU_GPU_CV,3015.936,,
1780559704.1063356,VDD_SOC,1451.584,,
1780559704.1063356,,,cpu-thermal,60.812
1780559704.1063356,,,gpu-thermal,60.281
1780559704.1063356,,,soc0-thermal,58.468
1780559704.1063356,,,soc1-thermal,58.218
1780559704.1063356,,,soc2-thermal,58.593
1780559704.1063356,,,tj-thermal,60.812
1780559704.2129815,VDD_IN,6787.136,,
1780559704.2129815,VDD_CPU_GPU_CV,3015.936,,
1780559704.2129815,VDD_SOC,1451.584,,
1780559704.2129815,,,cpu-thermal,60.906
1780559704.2129815,,,gpu-thermal,60.187
1780559704.2129815,,,soc0-thermal,58.312
1780559704.2129815,,,soc1-thermal,58.031
1780559704.2129815,,,soc2-thermal,58.75
1780559704.2129815,,,tj-thermal,60.906
1780559704.319513,VDD_IN,6826.368,,
1780559704.319513,VDD_CPU_GPU_CV,3015.936,,
1780559704.319513,VDD_SOC,1451.584,,
1780559704.319513,,,cpu-thermal,61.156
1780559704.319513,,,gpu-thermal,60.125
1780559704.319513,,,soc0-thermal,58.406
1780559704.319513,,,soc1-thermal,58.062
1780559704.319513,,,soc2-thermal,58.906
1780559704.319513,,,tj-thermal,61.156
1780559704.4260752,VDD_IN,6826.368,,
1780559704.4260752,VDD_CPU_GPU_CV,3015.936,,
1780559704.4260752,VDD_SOC,1451.584,,
1780559704.4260752,,,cpu-thermal,60.875
1780559704.4260752,,,gpu-thermal,60.531
1780559704.4260752,,,soc0-thermal,58.437
1780559704.4260752,,,soc1-thermal,58.156
1780559704.4260752,,,soc2-thermal,58.781
1780559704.4260752,,,tj-thermal,60.875
1780559704.5326903,VDD_IN,6787.136,,
1780559704.5326903,VDD_CPU_GPU_CV,3015.936,,
1780559704.5326903,VDD_SOC,1451.584,,
1780559704.5326903,,,cpu-thermal,61.0
1780559704.5326903,,,gpu-thermal,60.375
1780559704.5326903,,,soc0-thermal,58.343
1780559704.5326903,,,soc1-thermal,58.0
1780559704.5326903,,,soc2-thermal,58.75
1780559704.5326903,,,tj-thermal,61.0
1780559704.6392536,VDD_IN,6826.368,,
1780559704.6392536,VDD_CPU_GPU_CV,3015.936,,
1780559704.6392536,VDD_SOC,1451.584,,
1780559704.6392536,,,cpu-thermal,61.0
1780559704.6392536,,,gpu-thermal,60.25
1780559704.6392536,,,soc0-thermal,58.406
1780559704.6392536,,,soc1-thermal,58.093
1780559704.6392536,,,soc2-thermal,58.812
1780559704.6392536,,,tj-thermal,61.0
1780559704.7457433,VDD_IN,6787.136,,
1780559704.7457433,VDD_CPU_GPU_CV,3015.936,,
1780559704.7457433,VDD_SOC,1451.584,,
1780559704.7457433,,,cpu-thermal,60.906
1780559704.7457433,,,gpu-thermal,60.218
1780559704.7457433,,,soc0-thermal,58.437
1780559704.7457433,,,soc1-thermal,58.187
1780559704.7457433,,,soc2-thermal,58.75
1780559704.7457433,,,tj-thermal,60.906
1780559704.8522007,VDD_IN,6787.136,,
1780559704.8522007,VDD_CPU_GPU_CV,3015.936,,
1780559704.8522007,VDD_SOC,1451.584,,
1780559704.8522007,,,cpu-thermal,60.875
1780559704.8522007,,,gpu-thermal,60.187
1780559704.8522007,,,soc0-thermal,58.406
1780559704.8522007,,,soc1-thermal,58.0
1780559704.8522007,,,soc2-thermal,58.781
1780559704.8522007,,,tj-thermal,60.875
1780559704.9587483,VDD_IN,6787.136,,
1780559704.9587483,VDD_CPU_GPU_CV,3015.936,,
1780559704.9587483,VDD_SOC,1451.584,,
1780559704.9587483,,,cpu-thermal,61.0
1780559704.9587483,,,gpu-thermal,60.062
1780559704.9587483,,,soc0-thermal,58.437
1780559704.9587483,,,soc1-thermal,58.062
1780559704.9587483,,,soc2-thermal,58.843
1780559704.9587483,,,tj-thermal,60.906
1780559705.0652552,VDD_IN,6787.136,,
1780559705.0652552,VDD_CPU_GPU_CV,3015.936,,
1780559705.0652552,VDD_SOC,1451.584,,
1780559705.0652552,,,cpu-thermal,60.843
1780559705.0652552,,,gpu-thermal,60.468
1780559705.0652552,,,soc0-thermal,58.468
1780559705.0652552,,,soc1-thermal,58.281
1780559705.0652552,,,soc2-thermal,58.812
1780559705.0652552,,,tj-thermal,60.843
1780559705.1717129,VDD_IN,6787.136,,
1780559705.1717129,VDD_CPU_GPU_CV,3015.936,,
1780559705.1717129,VDD_SOC,1451.584,,
1780559705.1717129,,,cpu-thermal,60.906
1780559705.1717129,,,gpu-thermal,60.343
1780559705.1717129,,,soc0-thermal,58.406
1780559705.1717129,,,soc1-thermal,58.0
1780559705.1717129,,,soc2-thermal,58.718
1780559705.1717129,,,tj-thermal,60.906
1780559705.2782347,VDD_IN,6826.368,,
1780559705.2782347,VDD_CPU_GPU_CV,3015.936,,
1780559705.2782347,VDD_SOC,1451.584,,
1780559705.2782347,,,cpu-thermal,61.187
1780559705.2782347,,,gpu-thermal,60.343
1780559705.2782347,,,soc0-thermal,58.406
1780559705.2782347,,,soc1-thermal,58.156
1780559705.2782347,,,soc2-thermal,58.75
1780559705.2782347,,,tj-thermal,61.187
1780559705.3847027,VDD_IN,6826.368,,
1780559705.3847027,VDD_CPU_GPU_CV,3015.936,,
1780559705.3847027,VDD_SOC,1451.584,,
1780559705.3847027,,,cpu-thermal,61.312
1780559705.3847027,,,gpu-thermal,60.468
1780559705.3847027,,,soc0-thermal,58.531
1780559705.3847027,,,soc1-thermal,58.218
1780559705.3847027,,,soc2-thermal,58.75
1780559705.3847027,,,tj-thermal,61.312
1780559705.491303,VDD_IN,6826.368,,
1780559705.491303,VDD_CPU_GPU_CV,3015.936,,
1780559705.491303,VDD_SOC,1451.584,,
1780559705.491303,,,cpu-thermal,61.093
1780559705.491303,,,gpu-thermal,60.343
1780559705.491303,,,soc0-thermal,58.343
1780559705.491303,,,soc1-thermal,58.031
1780559705.491303,,,soc2-thermal,58.718
1780559705.491303,,,tj-thermal,61.093
1780559705.5978417,VDD_IN,6826.368,,
1780559705.5978417,VDD_CPU_GPU_CV,3015.936,,
1780559705.5978417,VDD_SOC,1451.584,,
1780559705.5978417,,,cpu-thermal,61.156
1780559705.5978417,,,gpu-thermal,60.25
1780559705.5978417,,,soc0-thermal,58.406
1780559705.5978417,,,soc1-thermal,58.125
1780559705.5978417,,,soc2-thermal,58.812
1780559705.5978417,,,tj-thermal,61.156
1780559705.7045057,VDD_IN,6787.136,,
1780559705.7045057,VDD_CPU_GPU_CV,3015.936,,
1780559705.7045057,VDD_SOC,1451.584,,
1780559705.7045057,,,cpu-thermal,60.875
1780559705.7045057,,,gpu-thermal,60.25
1780559705.7045057,,,soc0-thermal,58.468
1780559705.7045057,,,soc1-thermal,58.25
1780559705.7045057,,,soc2-thermal,58.718
1780559705.7045057,,,tj-thermal,60.875
1780559705.8109136,VDD_IN,6787.136,,
1780559705.8109136,VDD_CPU_GPU_CV,3015.936,,
1780559705.8109136,VDD_SOC,1451.584,,
1780559705.8109136,,,cpu-thermal,60.968
1780559705.8109136,,,gpu-thermal,60.156
1780559705.8109136,,,soc0-thermal,58.343
1780559705.8109136,,,soc1-thermal,58.093
1780559705.8109136,,,soc2-thermal,58.843
1780559705.8109136,,,tj-thermal,60.968
1780559705.917476,VDD_IN,6787.136,,
1780559705.917476,VDD_CPU_GPU_CV,3011.008,,
1780559705.917476,VDD_SOC,1451.584,,
1780559705.917476,,,cpu-thermal,61.062
1780559705.917476,,,gpu-thermal,60.562
1780559705.917476,,,soc0-thermal,58.437
1780559705.917476,,,soc1-thermal,58.187
1780559705.917476,,,soc2-thermal,58.843
1780559705.917476,,,tj-thermal,60.937
1780559706.023948,VDD_IN,6787.136,,
1780559706.023948,VDD_CPU_GPU_CV,3011.008,,
1780559706.023948,VDD_SOC,1451.584,,
1780559706.023948,,,cpu-thermal,60.906
1780559706.023948,,,gpu-thermal,60.437
1780559706.023948,,,soc0-thermal,58.593
1780559706.023948,,,soc1-thermal,58.25
1780559706.023948,,,soc2-thermal,58.781
1780559706.023948,,,tj-thermal,60.906
1780559706.1305087,VDD_IN,6787.136,,
1780559706.1305087,VDD_CPU_GPU_CV,3015.936,,
1780559706.1305087,VDD_SOC,1451.584,,
1780559706.1305087,,,cpu-thermal,60.906
1780559706.1305087,,,gpu-thermal,60.312
1780559706.1305087,,,soc0-thermal,58.406
1780559706.1305087,,,soc1-thermal,58.031
1780559706.1305087,,,soc2-thermal,58.812
1780559706.1305087,,,tj-thermal,60.906
1780559706.2370305,VDD_IN,6787.136,,
1780559706.2370305,VDD_CPU_GPU_CV,3015.936,,
1780559706.2370305,VDD_SOC,1451.584,,
1780559706.2370305,,,cpu-thermal,61.218
1780559706.2370305,,,gpu-thermal,60.25
1780559706.2370305,,,soc0-thermal,58.406
1780559706.2370305,,,soc1-thermal,58.125
1780559706.2370305,,,soc2-thermal,58.906
1780559706.2370305,,,tj-thermal,61.218
1780559706.343237,VDD_IN,6826.368,,
1780559706.343237,VDD_CPU_GPU_CV,3011.008,,
1780559706.343237,VDD_SOC,1451.584,,
1780559706.343237,,,cpu-thermal,61.281
1780559706.343237,,,gpu-thermal,60.218
1780559706.343237,,,soc0-thermal,58.562
1780559706.343237,,,soc1-thermal,58.312
1780559706.343237,,,soc2-thermal,58.812
1780559706.343237,,,tj-thermal,61.281
1780559706.4498832,VDD_IN,6826.368,,
1780559706.4498832,VDD_CPU_GPU_CV,3011.008,,
1780559706.4498832,VDD_SOC,1451.584,,
1780559706.4498832,,,cpu-thermal,61.156
1780559706.4498832,,,gpu-thermal,60.656
1780559706.4498832,,,soc0-thermal,58.437
1780559706.4498832,,,soc1-thermal,58.125
1780559706.4498832,,,soc2-thermal,58.812
1780559706.4498832,,,tj-thermal,61.156
1780559706.5564349,VDD_IN,6826.368,,
1780559706.5564349,VDD_CPU_GPU_CV,3015.936,,
1780559706.5564349,VDD_SOC,1451.584,,
1780559706.5564349,,,cpu-thermal,61.125
1780559706.5564349,,,gpu-thermal,60.437
1780559706.5564349,,,soc0-thermal,58.437
1780559706.5564349,,,soc1-thermal,58.218
1780559706.5564349,,,soc2-thermal,58.906
1780559706.5564349,,,tj-thermal,61.125
1780559706.6629279,VDD_IN,6826.368,,
1780559706.6629279,VDD_CPU_GPU_CV,3015.936,,
1780559706.6629279,VDD_SOC,1451.584,,
1780559706.6629279,,,cpu-thermal,61.093
1780559706.6629279,,,gpu-thermal,60.437
1780559706.6629279,,,soc0-thermal,58.562
1780559706.6629279,,,soc1-thermal,58.187
1780559706.6629279,,,soc2-thermal,58.812
1780559706.6629279,,,tj-thermal,60.937
1780559706.7694666,VDD_IN,6787.136,,
1780559706.7694666,VDD_CPU_GPU_CV,3015.936,,
1780559706.7694666,VDD_SOC,1451.584,,
1780559706.7694666,,,cpu-thermal,61.0
1780559706.7694666,,,gpu-thermal,60.312
1780559706.7694666,,,soc0-thermal,58.656
1780559706.7694666,,,soc1-thermal,58.156
1780559706.7694666,,,soc2-thermal,58.906
1780559706.7694666,,,tj-thermal,61.0
1780559706.8761182,VDD_IN,6826.368,,
1780559706.8761182,VDD_CPU_GPU_CV,3015.936,,
1780559706.8761182,VDD_SOC,1451.584,,
1780559706.8761182,,,cpu-thermal,61.062
1780559706.8761182,,,gpu-thermal,60.25
1780559706.8761182,,,soc0-thermal,58.437
1780559706.8761182,,,soc1-thermal,58.187
1780559706.8761182,,,soc2-thermal,58.968
1780559706.8761182,,,tj-thermal,61.406
1780559706.9825706,VDD_IN,6826.368,,
1780559706.9825706,VDD_CPU_GPU_CV,3015.936,,
1780559706.9825706,VDD_SOC,1451.584,,
1780559706.9825706,,,cpu-thermal,60.906
1780559706.9825706,,,gpu-thermal,60.218
1780559706.9825706,,,soc0-thermal,58.531
1780559706.9825706,,,soc1-thermal,58.343
1780559706.9825706,,,soc2-thermal,58.812
1780559706.9825706,,,tj-thermal,60.906
1780559707.0890877,VDD_IN,6787.136,,
1780559707.0890877,VDD_CPU_GPU_CV,3015.936,,
1780559707.0890877,VDD_SOC,1451.584,,
1780559707.0890877,,,cpu-thermal,61.062
1780559707.0890877,,,gpu-thermal,60.531
1780559707.0890877,,,soc0-thermal,58.656
1780559707.0890877,,,soc1-thermal,58.187
1780559707.0890877,,,soc2-thermal,58.812
1780559707.0890877,,,tj-thermal,61.062
1780559707.1956415,VDD_IN,6787.136,,
1780559707.1956415,VDD_CPU_GPU_CV,3015.936,,
1780559707.1956415,VDD_SOC,1451.584,,
1780559707.1956415,,,cpu-thermal,61.187
1780559707.1956415,,,gpu-thermal,60.468
1780559707.1956415,,,soc0-thermal,58.5
1780559707.1956415,,,soc1-thermal,58.187
1780559707.1956415,,,soc2-thermal,58.968
1780559707.1956415,,,tj-thermal,61.187
1780559707.3021128,VDD_IN,6826.368,,
1780559707.3021128,VDD_CPU_GPU_CV,3015.936,,
1780559707.3021128,VDD_SOC,1451.584,,
1780559707.3021128,,,cpu-thermal,61.343
1780559707.3021128,,,gpu-thermal,60.406
1780559707.3021128,,,soc0-thermal,58.625
1780559707.3021128,,,soc1-thermal,58.312
1780559707.3021128,,,soc2-thermal,58.843
1780559707.3021128,,,tj-thermal,61.343
1780559707.4084046,VDD_IN,6826.368,,
1780559707.4084046,VDD_CPU_GPU_CV,3015.936,,
1780559707.4084046,VDD_SOC,1451.584,,
1780559707.4084046,,,cpu-thermal,61.0
1780559707.4084046,,,gpu-thermal,60.281
1780559707.4084046,,,soc0-thermal,58.593
1780559707.4084046,,,soc1-thermal,58.156
1780559707.4084046,,,soc2-thermal,58.906
1780559707.4084046,,,tj-thermal,61.0
1780559707.515063,VDD_IN,6826.368,,
1780559707.515063,VDD_CPU_GPU_CV,3015.936,,
1780559707.515063,VDD_SOC,1451.584,,
1780559707.515063,,,cpu-thermal,61.125
1780559707.515063,,,gpu-thermal,60.25
1780559707.515063,,,soc0-thermal,58.5
1780559707.515063,,,soc1-thermal,58.187
1780559707.515063,,,soc2-thermal,58.843
1780559707.515063,,,tj-thermal,61.125
1780559707.6216588,VDD_IN,6826.368,,
1780559707.6216588,VDD_CPU_GPU_CV,3015.936,,
1780559707.6216588,VDD_SOC,1451.584,,
1780559707.6216588,,,cpu-thermal,61.25
1780559707.6216588,,,gpu-thermal,60.625
1780559707.6216588,,,soc0-thermal,58.5
1780559707.6216588,,,soc1-thermal,58.281
1780559707.6216588,,,soc2-thermal,58.781
1780559707.6216588,,,tj-thermal,60.968
1780559707.728134,VDD_IN,6826.368,,
1780559707.728134,VDD_CPU_GPU_CV,3015.936,,
1780559707.728134,VDD_SOC,1451.584,,
1780559707.728134,,,cpu-thermal,61.062
1780559707.728134,,,gpu-thermal,60.468
1780559707.728134,,,soc0-thermal,58.687
1780559707.728134,,,soc1-thermal,58.156
1780559707.728134,,,soc2-thermal,58.875
1780559707.728134,,,tj-thermal,61.062
1780559707.8347309,VDD_IN,6787.136,,
1780559707.8347309,VDD_CPU_GPU_CV,3015.936,,
1780559707.8347309,VDD_SOC,1451.584,,
1780559707.8347309,,,cpu-thermal,61.031
1780559707.8347309,,,gpu-thermal,60.437
1780559707.8347309,,,soc0-thermal,58.562
1780559707.8347309,,,soc1-thermal,58.125
1780559707.8347309,,,soc2-thermal,58.968
1780559707.8347309,,,tj-thermal,61.312
1780559707.9414003,VDD_IN,6826.368,,
1780559707.9414003,VDD_CPU_GPU_CV,3015.936,,
1780559707.9414003,VDD_SOC,1451.584,,
1780559707.9414003,,,cpu-thermal,60.937
1780559707.9414003,,,gpu-thermal,60.312
1780559707.9414003,,,soc0-thermal,58.562
1780559707.9414003,,,soc1-thermal,58.25
1780559707.9414003,,,soc2-thermal,58.875
1780559707.9414003,,,tj-thermal,60.937
1780559708.047836,VDD_IN,6787.136,,
1780559708.047836,VDD_CPU_GPU_CV,3015.936,,
1780559708.047836,VDD_SOC,1451.584,,
1780559708.047836,,,cpu-thermal,61.031
1780559708.047836,,,gpu-thermal,60.312
1780559708.047836,,,soc0-thermal,58.687
1780559708.047836,,,soc1-thermal,58.125
1780559708.047836,,,soc2-thermal,58.906
1780559708.047836,,,tj-thermal,61.031
1780559708.1544218,VDD_IN,6787.136,,
1780559708.1544218,VDD_CPU_GPU_CV,2976.768,,
1780559708.1544218,VDD_SOC,1451.584,,
1780559708.1544218,,,cpu-thermal,61.156
1780559708.1544218,,,gpu-thermal,60.75
1780559708.1544218,,,soc0-thermal,58.593
1780559708.1544218,,,soc1-thermal,58.281
1780559708.1544218,,,soc2-thermal,58.937
1780559708.1544218,,,tj-thermal,61.156
1780559708.2610602,VDD_IN,6826.368,,
1780559708.2610602,VDD_CPU_GPU_CV,3015.936,,
1780559708.2610602,VDD_SOC,1451.584,,
1780559708.2610602,,,cpu-thermal,61.406
1780559708.2610602,,,gpu-thermal,60.562
1780559708.2610602,,,soc0-thermal,58.593
1780559708.2610602,,,soc1-thermal,58.312
1780559708.2610602,,,soc2-thermal,58.937
1780559708.2610602,,,tj-thermal,61.406
1780559708.3679025,VDD_IN,6826.368,,
1780559708.3679025,VDD_CPU_GPU_CV,3015.936,,
1780559708.3679025,VDD_SOC,1451.584,,
1780559708.3679025,,,cpu-thermal,61.187
1780559708.3679025,,,gpu-thermal,60.5
1780559708.3679025,,,soc0-thermal,58.718
1780559708.3679025,,,soc1-thermal,58.187
1780559708.3679025,,,soc2-thermal,58.906
1780559708.3679025,,,tj-thermal,61.187
1780559708.4745338,VDD_IN,6826.368,,
1780559708.4745338,VDD_CPU_GPU_CV,3015.936,,
1780559708.4745338,VDD_SOC,1451.584,,
1780559708.4745338,,,cpu-thermal,61.156
1780559708.4745338,,,gpu-thermal,60.437
1780559708.4745338,,,soc0-thermal,58.5
1780559708.4745338,,,soc1-thermal,58.25
1780559708.4745338,,,soc2-thermal,58.937
1780559708.4745338,,,tj-thermal,61.156
1780559708.5814154,VDD_IN,6826.368,,
1780559708.5814154,VDD_CPU_GPU_CV,3015.936,,
1780559708.5814154,VDD_SOC,1451.584,,
1780559708.5814154,,,cpu-thermal,60.968
1780559708.5814154,,,gpu-thermal,60.5
1780559708.5814154,,,soc0-thermal,58.718
1780559708.5814154,,,soc1-thermal,58.312
1780559708.5814154,,,soc2-thermal,58.968
1780559708.5814154,,,tj-thermal,60.968
1780559708.6893005,VDD_IN,6826.368,,
1780559708.6893005,VDD_CPU_GPU_CV,3015.936,,
1780559708.6893005,VDD_SOC,1451.584,,
1780559708.6893005,,,cpu-thermal,61.031
1780559708.6893005,,,gpu-thermal,60.468
1780559708.6893005,,,soc0-thermal,58.5
1780559708.6893005,,,soc1-thermal,58.218
1780559708.6893005,,,soc2-thermal,58.968
1780559708.6893005,,,tj-thermal,61.031
1780559708.7956643,VDD_IN,6787.136,,
1780559708.7956643,VDD_CPU_GPU_CV,3015.936,,
1780559708.7956643,VDD_SOC,1451.584,,
1780559708.7956643,,,cpu-thermal,61.343
1780559708.7956643,,,gpu-thermal,60.437
1780559708.7956643,,,soc0-thermal,58.562
1780559708.7956643,,,soc1-thermal,58.25
1780559708.7956643,,,soc2-thermal,59.062
1780559708.7956643,,,tj-thermal,61.343
1780559708.903899,VDD_IN,6787.136,,
1780559708.903899,VDD_CPU_GPU_CV,3015.936,,
1780559708.903899,VDD_SOC,1451.584,,
1780559708.903899,,,cpu-thermal,61.0
1780559708.903899,,,gpu-thermal,60.312
1780559708.903899,,,soc0-thermal,58.718
1780559708.903899,,,soc1-thermal,58.187
1780559708.903899,,,soc2-thermal,58.937
1780559708.903899,,,tj-thermal,61.093
1780559709.0106294,VDD_IN,6826.368,,
1780559709.0106294,VDD_CPU_GPU_CV,3015.936,,
1780559709.0106294,VDD_SOC,1451.584,,
1780559709.0106294,,,cpu-thermal,61.156
1780559709.0106294,,,gpu-thermal,60.437
1780559709.0106294,,,soc0-thermal,58.531
1780559709.0106294,,,soc1-thermal,58.25
1780559709.0106294,,,soc2-thermal,58.968
1780559709.0106294,,,tj-thermal,61.156
1780559709.1171935,VDD_IN,6787.136,,
1780559709.1171935,VDD_CPU_GPU_CV,3015.936,,
1780559709.1171935,VDD_SOC,1451.584,,
1780559709.1171935,,,cpu-thermal,61.187
1780559709.1171935,,,gpu-thermal,60.437
1780559709.1171935,,,soc0-thermal,58.625
1780559709.1171935,,,soc1-thermal,58.437
1780559709.1171935,,,soc2-thermal,58.875
1780559709.1171935,,,tj-thermal,61.093
1780559709.2238548,VDD_IN,6787.136,,
1780559709.2238548,VDD_CPU_GPU_CV,3015.936,,
1780559709.2238548,VDD_SOC,1451.584,,
1780559709.2238548,,,cpu-thermal,61.125
1780559709.2238548,,,gpu-thermal,60.375
1780559709.2238548,,,soc0-thermal,58.687
1780559709.2238548,,,soc1-thermal,58.281
1780559709.2238548,,,soc2-thermal,58.968
1780559709.2238548,,,tj-thermal,61.125
1780559709.3303561,VDD_IN,6826.368,,
1780559709.3303561,VDD_CPU_GPU_CV,3015.936,,
1780559709.3303561,VDD_SOC,1451.584,,
1780559709.3303561,,,cpu-thermal,61.156
1780559709.3303561,,,gpu-thermal,60.656
1780559709.3303561,,,soc0-thermal,58.593
1780559709.3303561,,,soc1-thermal,58.281
1780559709.3303561,,,soc2-thermal,58.968
1780559709.3303561,,,tj-thermal,61.156
1780559709.436925,VDD_IN,6826.368,,
1780559709.436925,VDD_CPU_GPU_CV,3015.936,,
1780559709.436925,VDD_SOC,1451.584,,
1780559709.436925,,,cpu-thermal,61.156
1780559709.436925,,,gpu-thermal,60.562
1780559709.436925,,,soc0-thermal,58.687
1780559709.436925,,,soc1-thermal,58.375
1780559709.436925,,,soc2-thermal,58.906
1780559709.436925,,,tj-thermal,61.156
1780559709.5439088,VDD_IN,6826.368,,
1780559709.5439088,VDD_CPU_GPU_CV,3015.936,,
1780559709.5439088,VDD_SOC,1451.584,,
1780559709.5439088,,,cpu-thermal,61.062
1780559709.5439088,,,gpu-thermal,60.468
1780559709.5439088,,,soc0-thermal,58.75
1780559709.5439088,,,soc1-thermal,58.281
1780559709.5439088,,,soc2-thermal,58.968
1780559709.5439088,,,tj-thermal,61.062
1780559709.6499941,VDD_IN,6826.368,,
1780559709.6499941,VDD_CPU_GPU_CV,3015.936,,
1780559709.6499941,VDD_SOC,1451.584,,
1780559709.6499941,,,cpu-thermal,61.031
1780559709.6499941,,,gpu-thermal,60.406
1780559709.6499941,,,soc0-thermal,58.562
1780559709.6499941,,,soc1-thermal,58.281
1780559709.6499941,,,soc2-thermal,59.062
1780559709.6499941,,,tj-thermal,61.281
1780559709.7559686,VDD_IN,6826.368,,
1780559709.7559686,VDD_CPU_GPU_CV,3015.936,,
1780559709.7559686,VDD_SOC,1451.584,,
1780559709.7559686,,,cpu-thermal,61.437
1780559709.7559686,,,gpu-thermal,60.437
1780559709.7559686,,,soc0-thermal,58.593
1780559709.7559686,,,soc1-thermal,58.375
1780559709.7559686,,,soc2-thermal,58.968
1780559709.7559686,,,tj-thermal,61.437
1780559709.8627386,VDD_IN,6826.368,,
1780559709.8627386,VDD_CPU_GPU_CV,3015.936,,
1780559709.8627386,VDD_SOC,1451.584,,
1780559709.8627386,,,cpu-thermal,61.093
1780559709.8627386,,,gpu-thermal,60.75
1780559709.8627386,,,soc0-thermal,58.718
1780559709.8627386,,,soc1-thermal,58.312
1780559709.8627386,,,soc2-thermal,59.0
1780559709.8627386,,,tj-thermal,61.187
1780559709.968806,VDD_IN,6826.368,,
1780559709.968806,VDD_CPU_GPU_CV,3015.936,,
1780559709.968806,VDD_SOC,1451.584,,
1780559709.968806,,,cpu-thermal,61.281
1780559709.968806,,,gpu-thermal,60.593
1780559709.968806,,,soc0-thermal,58.562
1780559709.968806,,,soc1-thermal,58.312
1780559709.968806,,,soc2-thermal,59.0
1780559709.968806,,,tj-thermal,61.281
1780559710.074949,VDD_IN,6826.368,,
1780559710.074949,VDD_CPU_GPU_CV,3015.936,,
1780559710.074949,VDD_SOC,1451.584,,
1780559710.074949,,,cpu-thermal,61.312
1780559710.074949,,,gpu-thermal,60.437
1780559710.074949,,,soc0-thermal,58.656
1780559710.074949,,,soc1-thermal,58.375
1780559710.074949,,,soc2-thermal,59.031
1780559710.074949,,,tj-thermal,61.312
1780559710.1807983,VDD_IN,6787.136,,
1780559710.1807983,VDD_CPU_GPU_CV,2976.768,,
1780559710.1807983,VDD_SOC,1451.584,,
1780559710.1807983,,,cpu-thermal,61.406
1780559710.1807983,,,gpu-thermal,60.812
1780559710.1807983,,,soc0-thermal,58.718
1780559710.1807983,,,soc1-thermal,58.468
1780559710.1807983,,,soc2-thermal,58.968
1780559710.1807983,,,tj-thermal,61.125
1780559710.286926,VDD_IN,6826.368,,
1780559710.286926,VDD_CPU_GPU_CV,3015.936,,
1780559710.286926,VDD_SOC,1451.584,,
1780559710.286926,,,cpu-thermal,61.281
1780559710.286926,,,gpu-thermal,60.656
1780559710.286926,,,soc0-thermal,58.687
1780559710.286926,,,soc1-thermal,58.343
1780559710.286926,,,soc2-thermal,58.968
1780559710.286926,,,tj-thermal,61.281
1780559710.393036,VDD_IN,6826.368,,
1780559710.393036,VDD_CPU_GPU_CV,3015.936,,
1780559710.393036,VDD_SOC,1451.584,,
1780559710.393036,,,cpu-thermal,61.218
1780559710.393036,,,gpu-thermal,60.562
1780559710.393036,,,soc0-thermal,58.656
1780559710.393036,,,soc1-thermal,58.343
1780559710.393036,,,soc2-thermal,59.062
1780559710.393036,,,tj-thermal,61.062
1780559710.4996417,VDD_IN,6826.368,,
1780559710.4996417,VDD_CPU_GPU_CV,3015.936,,
1780559710.4996417,VDD_SOC,1451.584,,
1780559710.4996417,,,cpu-thermal,61.156
1780559710.4996417,,,gpu-thermal,60.437
1780559710.4996417,,,soc0-thermal,58.718
1780559710.4996417,,,soc1-thermal,58.468
1780559710.4996417,,,soc2-thermal,58.968
1780559710.4996417,,,tj-thermal,61.156
1780559710.6062922,VDD_IN,6826.368,,
1780559710.6062922,VDD_CPU_GPU_CV,3015.936,,
1780559710.6062922,VDD_SOC,1451.584,,
1780559710.6062922,,,cpu-thermal,61.156
1780559710.6062922,,,gpu-thermal,60.468
1780559710.6062922,,,soc0-thermal,58.687
1780559710.6062922,,,soc1-thermal,58.281
1780559710.6062922,,,soc2-thermal,58.968
1780559710.6062922,,,tj-thermal,61.156
1780559710.7128386,VDD_IN,6826.368,,
1780559710.7128386,VDD_CPU_GPU_CV,3015.936,,
1780559710.7128386,VDD_SOC,1451.584,,
1780559710.7128386,,,cpu-thermal,61.343
1780559710.7128386,,,gpu-thermal,60.843
1780559710.7128386,,,soc0-thermal,58.718
1780559710.7128386,,,soc1-thermal,58.312
1780559710.7128386,,,soc2-thermal,59.125
1780559710.7128386,,,tj-thermal,61.343
1780559710.8192215,VDD_IN,6826.368,,
1780559710.8192215,VDD_CPU_GPU_CV,3015.936,,
1780559710.8192215,VDD_SOC,1451.584,,
1780559710.8192215,,,cpu-thermal,61.531
1780559710.8192215,,,gpu-thermal,60.75
1780559710.8192215,,,soc0-thermal,58.718
1780559710.8192215,,,soc1-thermal,58.468
1780559710.8192215,,,soc2-thermal,59.062
1780559710.8192215,,,tj-thermal,61.531
1780559710.925807,VDD_IN,6826.368,,
1780559710.925807,VDD_CPU_GPU_CV,3015.936,,
1780559710.925807,VDD_SOC,1451.584,,
1780559710.925807,,,cpu-thermal,61.281
1780559710.925807,,,gpu-thermal,60.593
1780559710.925807,,,soc0-thermal,58.687
1780559710.925807,,,soc1-thermal,58.281
1780559710.925807,,,soc2-thermal,59.0
1780559710.925807,,,tj-thermal,61.281
1780559711.0323877,VDD_IN,6826.368,,
1780559711.0323877,VDD_CPU_GPU_CV,3015.936,,
1780559711.0323877,VDD_SOC,1451.584,,
1780559711.0323877,,,cpu-thermal,61.281
1780559711.0323877,,,gpu-thermal,60.5
1780559711.0323877,,,soc0-thermal,58.687
1780559711.0323877,,,soc1-thermal,58.343
1780559711.0323877,,,soc2-thermal,59.031
1780559711.0323877,,,tj-thermal,61.281
1780559711.1388416,VDD_IN,6826.368,,
1780559711.1388416,VDD_CPU_GPU_CV,3015.936,,
1780559711.1388416,VDD_SOC,1451.584,,
1780559711.1388416,,,cpu-thermal,61.406
1780559711.1388416,,,gpu-thermal,60.562
1780559711.1388416,,,soc0-thermal,58.718
1780559711.1388416,,,soc1-thermal,58.5
1780559711.1388416,,,soc2-thermal,59.031
1780559711.1388416,,,tj-thermal,61.156
1780559711.2453258,VDD_IN,6826.368,,
1780559711.2453258,VDD_CPU_GPU_CV,3015.936,,
1780559711.2453258,VDD_SOC,1451.584,,
1780559711.2453258,,,cpu-thermal,61.25
1780559711.2453258,,,gpu-thermal,60.593
1780559711.2453258,,,soc0-thermal,58.75
1780559711.2453258,,,soc1-thermal,58.312
1780559711.2453258,,,soc2-thermal,59.125
1780559711.2453258,,,tj-thermal,61.25
1780559711.352011,VDD_IN,6826.368,,
1780559711.352011,VDD_CPU_GPU_CV,3015.936,,
1780559711.352011,VDD_SOC,1451.584,,
1780559711.352011,,,cpu-thermal,61.281
1780559711.352011,,,gpu-thermal,60.5
1780559711.352011,,,soc0-thermal,58.687
1780559711.352011,,,soc1-thermal,58.406
1780559711.352011,,,soc2-thermal,59.062
1780559711.352011,,,tj-thermal,61.187
1780559711.4584548,VDD_IN,6826.368,,
1780559711.4584548,VDD_CPU_GPU_CV,3015.936,,
1780559711.4584548,VDD_SOC,1451.584,,
1780559711.4584548,,,cpu-thermal,61.187
1780559711.4584548,,,gpu-thermal,60.468
1780559711.4584548,,,soc0-thermal,58.812
1780559711.4584548,,,soc1-thermal,58.5
1780559711.4584548,,,soc2-thermal,59.093
1780559711.4584548,,,tj-thermal,61.187
1780559711.5649095,VDD_IN,6826.368,,
1780559711.5649095,VDD_CPU_GPU_CV,3015.936,,
1780559711.5649095,VDD_SOC,1451.584,,
1780559711.5649095,,,cpu-thermal,61.218
1780559711.5649095,,,gpu-thermal,60.843
1780559711.5649095,,,soc0-thermal,58.781
1780559711.5649095,,,soc1-thermal,58.281
1780559711.5649095,,,soc2-thermal,59.062
1780559711.5649095,,,tj-thermal,61.218
1780559711.6712852,VDD_IN,6826.368,,
1780559711.6712852,VDD_CPU_GPU_CV,3015.936,,
1780559711.6712852,VDD_SOC,1451.584,,
1780559711.6712852,,,cpu-thermal,61.312
1780559711.6712852,,,gpu-thermal,60.781
1780559711.6712852,,,soc0-thermal,58.781
1780559711.6712852,,,soc1-thermal,58.375
1780559711.6712852,,,soc2-thermal,59.125
1780559711.6712852,,,tj-thermal,61.312
1780559711.777734,VDD_IN,6826.368,,
1780559711.777734,VDD_CPU_GPU_CV,3015.936,,
1780559711.777734,VDD_SOC,1451.584,,
1780559711.777734,,,cpu-thermal,61.562
1780559711.777734,,,gpu-thermal,60.656
1780559711.777734,,,soc0-thermal,58.718
1780559711.777734,,,soc1-thermal,58.531
1780559711.777734,,,soc2-thermal,59.031
1780559711.777734,,,tj-thermal,61.562
1780559711.884221,VDD_IN,6826.368,,
1780559711.884221,VDD_CPU_GPU_CV,3015.936,,
1780559711.884221,VDD_SOC,1451.584,,
1780559711.884221,,,cpu-thermal,61.156
1780559711.884221,,,gpu-thermal,60.625
1780559711.884221,,,soc0-thermal,58.718
1780559711.884221,,,soc1-thermal,58.375
1780559711.884221,,,soc2-thermal,59.125
1780559711.884221,,,tj-thermal,61.281
1780559711.9908545,VDD_IN,6826.368,,
1780559711.9908545,VDD_CPU_GPU_CV,3015.936,,
1780559711.9908545,VDD_SOC,1451.584,,
1780559711.9908545,,,cpu-thermal,61.375
1780559711.9908545,,,gpu-thermal,60.531
1780559711.9908545,,,soc0-thermal,58.781
1780559711.9908545,,,soc1-thermal,58.375
1780559711.9908545,,,soc2-thermal,59.125
1780559711.9908545,,,tj-thermal,61.375
1780559712.0974946,VDD_IN,6826.368,,
1780559712.0974946,VDD_CPU_GPU_CV,3015.936,,
1780559712.0974946,VDD_SOC,1451.584,,
1780559712.0974946,,,cpu-thermal,61.343
1780559712.0974946,,,gpu-thermal,60.437
1780559712.0974946,,,soc0-thermal,58.781
1780559712.0974946,,,soc1-thermal,58.468
1780559712.0974946,,,soc2-thermal,59.062
1780559712.0974946,,,tj-thermal,61.156
1780559712.2040055,VDD_IN,6787.136,,
1780559712.2040055,VDD_CPU_GPU_CV,3015.936,,
1780559712.2040055,VDD_SOC,1451.584,,
1780559712.2040055,,,cpu-thermal,61.281
1780559712.2040055,,,gpu-thermal,60.875
1780559712.2040055,,,soc0-thermal,58.843
1780559712.2040055,,,soc1-thermal,58.437
1780559712.2040055,,,soc2-thermal,59.156
1780559712.2040055,,,tj-thermal,61.281
1780559712.3105948,VDD_IN,6826.368,,
1780559712.3105948,VDD_CPU_GPU_CV,3015.936,,
1780559712.3105948,VDD_SOC,1451.584,,
1780559712.3105948,,,cpu-thermal,61.312
1780559712.3105948,,,gpu-thermal,60.687
1780559712.3105948,,,soc0-thermal,58.75
1780559712.3105948,,,soc1-thermal,58.437
1780559712.3105948,,,soc2-thermal,59.187
1780559712.3105948,,,tj-thermal,61.562
1780559712.4178293,VDD_IN,6826.368,,
1780559712.4178293,VDD_CPU_GPU_CV,3015.936,,
1780559712.4178293,VDD_SOC,1451.584,,
1780559712.4178293,,,cpu-thermal,61.25
1780559712.4178293,,,gpu-thermal,60.625
1780559712.4178293,,,soc0-thermal,58.843
1780559712.4178293,,,soc1-thermal,58.5
1780559712.4178293,,,soc2-thermal,59.125
1780559712.4178293,,,tj-thermal,61.25
1780559712.5242007,VDD_IN,6826.368,,
1780559712.5242007,VDD_CPU_GPU_CV,3015.936,,
1780559712.5242007,VDD_SOC,1451.584,,
1780559712.5242007,,,cpu-thermal,61.25
1780559712.5242007,,,gpu-thermal,60.562
1780559712.5242007,,,soc0-thermal,58.937
1780559712.5242007,,,soc1-thermal,58.343
1780559712.5242007,,,soc2-thermal,59.125
1780559712.5242007,,,tj-thermal,61.25
1780559712.6306992,VDD_IN,6787.136,,
1780559712.6306992,VDD_CPU_GPU_CV,3015.936,,
1780559712.6306992,VDD_SOC,1451.584,,
1780559712.6306992,,,cpu-thermal,61.437
1780559712.6306992,,,gpu-thermal,60.531
1780559712.6306992,,,soc0-thermal,58.781
1780559712.6306992,,,soc1-thermal,58.437
1780559712.6306992,,,soc2-thermal,59.156
1780559712.6306992,,,tj-thermal,61.437
1780559712.737442,VDD_IN,6826.368,,
1780559712.737442,VDD_CPU_GPU_CV,3011.008,,
1780559712.737442,VDD_SOC,1451.584,,
1780559712.737442,,,cpu-thermal,61.562
1780559712.737442,,,gpu-thermal,60.906
1780559712.737442,,,soc0-thermal,58.843
1780559712.737442,,,soc1-thermal,58.468
1780559712.737442,,,soc2-thermal,59.125
1780559712.737442,,,tj-thermal,61.562
1780559712.844536,VDD_IN,6826.368,,
1780559712.844536,VDD_CPU_GPU_CV,3011.008,,
1780559712.844536,VDD_SOC,1451.584,,
1780559712.844536,,,cpu-thermal,61.281
1780559712.844536,,,gpu-thermal,60.781
1780559712.844536,,,soc0-thermal,58.75
1780559712.844536,,,soc1-thermal,58.375
1780559712.844536,,,soc2-thermal,59.125
1780559712.844536,,,tj-thermal,61.281
1780559712.951839,VDD_IN,6787.136,,
1780559712.951839,VDD_CPU_GPU_CV,3011.008,,
1780559712.951839,VDD_SOC,1451.584,,
1780559712.951839,,,cpu-thermal,61.406
1780559712.951839,,,gpu-thermal,60.531
1780559712.951839,,,soc0-thermal,58.843
1780559712.951839,,,soc1-thermal,58.468
1780559712.951839,,,soc2-thermal,59.031
1780559712.951839,,,tj-thermal,61.156
1780559713.0596406,VDD_IN,6826.368,,
1780559713.0596406,VDD_CPU_GPU_CV,3011.008,,
1780559713.0596406,VDD_SOC,1451.584,,
1780559713.0596406,,,cpu-thermal,61.25
1780559713.0596406,,,gpu-thermal,60.906
1780559713.0596406,,,soc0-thermal,58.875
1780559713.0596406,,,soc1-thermal,58.375
1780559713.0596406,,,soc2-thermal,59.093
1780559713.0596406,,,tj-thermal,61.25
1780559713.1665702,VDD_IN,6826.368,,
1780559713.1665702,VDD_CPU_GPU_CV,3015.936,,
1780559713.1665702,VDD_SOC,1451.584,,
1780559713.1665702,,,cpu-thermal,61.5
1780559713.1665702,,,gpu-thermal,60.781
1780559713.1665702,,,soc0-thermal,58.75
1780559713.1665702,,,soc1-thermal,58.437
1780559713.1665702,,,soc2-thermal,59.218
1780559713.1665702,,,tj-thermal,61.5
1780559713.2741973,VDD_IN,6826.368,,
1780559713.2741973,VDD_CPU_GPU_CV,3015.936,,
1780559713.2741973,VDD_SOC,1451.584,,
1780559713.2741973,,,cpu-thermal,61.593
1780559713.2741973,,,gpu-thermal,60.687
1780559713.2741973,,,soc0-thermal,58.875
1780559713.2741973,,,soc1-thermal,58.593
1780559713.2741973,,,soc2-thermal,59.187
1780559713.2741973,,,tj-thermal,61.593
1780559713.380799,VDD_IN,6826.368,,
1780559713.380799,VDD_CPU_GPU_CV,3015.936,,
1780559713.380799,VDD_SOC,1451.584,,
1780559713.380799,,,cpu-thermal,61.281
1780559713.380799,,,gpu-thermal,60.625
1780559713.380799,,,soc0-thermal,58.937
1780559713.380799,,,soc1-thermal,58.437
1780559713.380799,,,soc2-thermal,59.187
1780559713.380799,,,tj-thermal,61.375
1780559713.487526,VDD_IN,6826.368,,
1780559713.487526,VDD_CPU_GPU_CV,3015.936,,
1780559713.487526,VDD_SOC,1451.584,,
1780559713.487526,,,cpu-thermal,61.437
1780559713.487526,,,gpu-thermal,60.625
1780559713.487526,,,soc0-thermal,58.75
1780559713.487526,,,soc1-thermal,58.531
1780559713.487526,,,soc2-thermal,59.218
1780559713.487526,,,tj-thermal,61.437
1780559713.5941446,VDD_IN,6865.6,,
1780559713.5941446,VDD_CPU_GPU_CV,3015.936,,
1780559713.5941446,VDD_SOC,1451.584,,
1780559713.5941446,,,cpu-thermal,61.468
1780559713.5941446,,,gpu-thermal,60.968
1780559713.5941446,,,soc0-thermal,58.906
1780559713.5941446,,,soc1-thermal,58.468
1780559713.5941446,,,soc2-thermal,59.125
1780559713.5941446,,,tj-thermal,61.343
1780559713.700671,VDD_IN,6826.368,,
1780559713.700671,VDD_CPU_GPU_CV,3015.936,,
1780559713.700671,VDD_SOC,1451.584,,
1780559713.700671,,,cpu-thermal,61.375
1780559713.700671,,,gpu-thermal,60.875
1780559713.700671,,,soc0-thermal,58.968
1780559713.700671,,,soc1-thermal,58.406
1780559713.700671,,,soc2-thermal,59.156
1780559713.700671,,,tj-thermal,61.375
1780559713.8071797,VDD_IN,6826.368,,
1780559713.8071797,VDD_CPU_GPU_CV,3015.936,,
1780559713.8071797,VDD_SOC,1451.584,,
1780559713.8071797,,,cpu-thermal,61.25
1780559713.8071797,,,gpu-thermal,60.718
1780559713.8071797,,,soc0-thermal,58.812
1780559713.8071797,,,soc1-thermal,58.468
1780559713.8071797,,,soc2-thermal,59.312
1780559713.8071797,,,tj-thermal,61.25
1780559713.913685,VDD_IN,6826.368,,
1780559713.913685,VDD_CPU_GPU_CV,3015.936,,
1780559713.913685,VDD_SOC,1451.584,,
1780559713.913685,,,cpu-thermal,61.187
1780559713.913685,,,gpu-thermal,60.906
1780559713.913685,,,soc0-thermal,58.875
1780559713.913685,,,soc1-thermal,58.531
1780559713.913685,,,soc2-thermal,59.187
1780559713.913685,,,tj-thermal,61.187
1780559714.020376,VDD_IN,6826.368,,
1780559714.020376,VDD_CPU_GPU_CV,3015.936,,
1780559714.020376,VDD_SOC,1451.584,,
1780559714.020376,,,cpu-thermal,61.312
1780559714.020376,,,gpu-thermal,60.75
1780559714.020376,,,soc0-thermal,58.937
1780559714.020376,,,soc1-thermal,58.375
1780559714.020376,,,soc2-thermal,59.156
1780559714.020376,,,tj-thermal,61.312
1780559714.1268845,VDD_IN,6826.368,,
1780559714.1268845,VDD_CPU_GPU_CV,3015.936,,
1780559714.1268845,VDD_SOC,1451.584,,
1780559714.1268845,,,cpu-thermal,61.562
1780559714.1268845,,,gpu-thermal,60.75
1780559714.1268845,,,soc0-thermal,58.812
1780559714.1268845,,,soc1-thermal,58.437
1780559714.1268845,,,soc2-thermal,59.25
1780559714.1268845,,,tj-thermal,61.562
1780559714.2333343,VDD_IN,6865.6,,
1780559714.2333343,VDD_CPU_GPU_CV,3015.936,,
1780559714.2333343,VDD_SOC,1451.584,,
1780559714.2333343,,,cpu-thermal,61.656
1780559714.2333343,,,gpu-thermal,60.625
1780559714.2333343,,,soc0-thermal,58.812
1780559714.2333343,,,soc1-thermal,58.562
1780559714.2333343,,,soc2-thermal,59.093
1780559714.2333343,,,tj-thermal,61.656
1780559714.3399014,VDD_IN,6826.368,,
1780559714.3399014,VDD_CPU_GPU_CV,3015.936,,
1780559714.3399014,VDD_SOC,1451.584,,
1780559714.3399014,,,cpu-thermal,61.312
1780559714.3399014,,,gpu-thermal,60.625
1780559714.3399014,,,soc0-thermal,58.937
1780559714.3399014,,,soc1-thermal,58.437
1780559714.3399014,,,soc2-thermal,59.218
1780559714.3399014,,,tj-thermal,61.343
1780559714.4464018,VDD_IN,6826.368,,
1780559714.4464018,VDD_CPU_GPU_CV,3055.104,,
1780559714.4464018,VDD_SOC,1451.584,,
1780559714.4464018,,,cpu-thermal,61.437
1780559714.4464018,,,gpu-thermal,61.0
1780559714.4464018,,,soc0-thermal,58.875
1780559714.4464018,,,soc1-thermal,58.437
1780559714.4464018,,,soc2-thermal,59.218
1780559714.4464018,,,tj-thermal,61.437
1780559714.552993,VDD_IN,6826.368,,
1780559714.552993,VDD_CPU_GPU_CV,3015.936,,
1780559714.552993,VDD_SOC,1451.584,,
1780559714.552993,,,cpu-thermal,61.593
1780559714.552993,,,gpu-thermal,60.875
1780559714.552993,,,soc0-thermal,58.812
1780559714.552993,,,soc1-thermal,58.593
1780559714.552993,,,soc2-thermal,59.218
1780559714.552993,,,tj-thermal,61.281
1780559714.6595368,VDD_IN,6826.368,,
1780559714.6595368,VDD_CPU_GPU_CV,3015.936,,
1780559714.6595368,VDD_SOC,1451.584,,
1780559714.6595368,,,cpu-thermal,61.437
1780559714.6595368,,,gpu-thermal,60.781
1780559714.6595368,,,soc0-thermal,58.968
1780559714.6595368,,,soc1-thermal,58.468
1780559714.6595368,,,soc2-thermal,59.156
1780559714.6595368,,,tj-thermal,61.437
1780559714.7661264,VDD_IN,6826.368,,
1780559714.7661264,VDD_CPU_GPU_CV,3015.936,,
1780559714.7661264,VDD_SOC,1451.584,,
1780559714.7661264,,,cpu-thermal,61.468
1780559714.7661264,,,gpu-thermal,60.687
1780559714.7661264,,,soc0-thermal,58.781
1780559714.7661264,,,soc1-thermal,58.5
1780559714.7661264,,,soc2-thermal,59.281
1780559714.7661264,,,tj-thermal,61.656
1780559714.8728025,VDD_IN,6826.368,,
1780559714.8728025,VDD_CPU_GPU_CV,3015.936,,
1780559714.8728025,VDD_SOC,1451.584,,
1780559714.8728025,,,cpu-thermal,61.343
1780559714.8728025,,,gpu-thermal,60.718
1780559714.8728025,,,soc0-thermal,58.937
1780559714.8728025,,,soc1-thermal,58.593
1780559714.8728025,,,soc2-thermal,59.25
1780559714.8728025,,,tj-thermal,61.343
1780559714.9795387,VDD_IN,6865.6,,
1780559714.9795387,VDD_CPU_GPU_CV,3015.936,,
1780559714.9795387,VDD_SOC,1490.816,,
1780559714.9795387,,,cpu-thermal,61.437
1780559714.9795387,,,gpu-thermal,60.656
1780559714.9795387,,,soc0-thermal,59.0
1780559714.9795387,,,soc1-thermal,58.5
1780559714.9795387,,,soc2-thermal,59.218
1780559714.9795387,,,tj-thermal,61.437
1780559715.086181,VDD_IN,6826.368,,
1780559715.086181,VDD_CPU_GPU_CV,3015.936,,
1780559715.086181,VDD_SOC,1451.584,,
1780559715.086181,,,cpu-thermal,61.5
1780559715.086181,,,gpu-thermal,60.937
1780559715.086181,,,soc0-thermal,58.906
1780559715.086181,,,soc1-thermal,58.562
1780559715.086181,,,soc2-thermal,59.187
1780559715.086181,,,tj-thermal,61.5
1780559715.1927392,VDD_IN,6826.368,,
1780559715.1927392,VDD_CPU_GPU_CV,3015.936,,
1780559715.1927392,VDD_SOC,1451.584,,
1780559715.1927392,,,cpu-thermal,61.656
1780559715.1927392,,,gpu-thermal,60.843
1780559715.1927392,,,soc0-thermal,58.937
1780559715.1927392,,,soc1-thermal,58.593
1780559715.1927392,,,soc2-thermal,59.281
1780559715.1927392,,,tj-thermal,61.656
1780559715.299168,VDD_IN,6865.6,,
1780559715.299168,VDD_CPU_GPU_CV,3015.936,,
1780559715.299168,VDD_SOC,1451.584,,
1780559715.299168,,,cpu-thermal,61.468
1780559715.299168,,,gpu-thermal,60.75
1780559715.299168,,,soc0-thermal,59.031
1780559715.299168,,,soc1-thermal,58.468
1780559715.299168,,,soc2-thermal,59.281
1780559715.299168,,,tj-thermal,61.468
1780559715.4054751,VDD_IN,6826.368,,
1780559715.4054751,VDD_CPU_GPU_CV,3015.936,,
1780559715.4054751,VDD_SOC,1451.584,,
1780559715.4054751,,,cpu-thermal,61.531
1780559715.4054751,,,gpu-thermal,60.75
1780559715.4054751,,,soc0-thermal,58.875
1780559715.4054751,,,soc1-thermal,58.531
1780559715.4054751,,,soc2-thermal,59.281
1780559715.4054751,,,tj-thermal,61.531
1780559715.5121229,VDD_IN,6826.368,,
1780559715.5121229,VDD_CPU_GPU_CV,3015.936,,
1780559715.5121229,VDD_SOC,1451.584,,
1780559715.5121229,,,cpu-thermal,61.531
1780559715.5121229,,,gpu-thermal,60.718
1780559715.5121229,,,soc0-thermal,58.937
1780559715.5121229,,,soc1-thermal,58.718
1780559715.5121229,,,soc2-thermal,59.093
1780559715.5121229,,,tj-thermal,61.437
1780559715.6186647,VDD_IN,6826.368,,
1780559715.6186647,VDD_CPU_GPU_CV,3015.936,,
1780559715.6186647,VDD_SOC,1451.584,,
1780559715.6186647,,,cpu-thermal,61.375
1780559715.6186647,,,gpu-thermal,61.031
1780559715.6186647,,,soc0-thermal,59.062
1780559715.6186647,,,soc1-thermal,58.562
1780559715.6186647,,,soc2-thermal,59.25
1780559715.6186647,,,tj-thermal,61.375
1780559715.7252445,VDD_IN,6826.368,,
1780559715.7252445,VDD_CPU_GPU_CV,3015.936,,
1780559715.7252445,VDD_SOC,1451.584,,
1780559715.7252445,,,cpu-thermal,61.468
1780559715.7252445,,,gpu-thermal,60.906
1780559715.7252445,,,soc0-thermal,58.875
1780559715.7252445,,,soc1-thermal,58.593
1780559715.7252445,,,soc2-thermal,59.375
1780559715.7252445,,,tj-thermal,61.687
1780559715.8319132,VDD_IN,6826.368,,
1780559715.8319132,VDD_CPU_GPU_CV,3015.936,,
1780559715.8319132,VDD_SOC,1451.584,,
1780559715.8319132,,,cpu-thermal,61.375
1780559715.8319132,,,gpu-thermal,60.718
1780559715.8319132,,,soc0-thermal,58.968
1780559715.8319132,,,soc1-thermal,58.625
1780559715.8319132,,,soc2-thermal,59.187
1780559715.8319132,,,tj-thermal,61.375
1780559715.9384952,VDD_IN,6826.368,,
1780559715.9384952,VDD_CPU_GPU_CV,3015.936,,
1780559715.9384952,VDD_SOC,1451.584,,
1780559715.9384952,,,cpu-thermal,61.437
1780559715.9384952,,,gpu-thermal,60.75
1780559715.9384952,,,soc0-thermal,59.0
1780559715.9384952,,,soc1-thermal,58.468
1780559715.9384952,,,soc2-thermal,59.312
1780559715.9384952,,,tj-thermal,61.437
1780559716.045093,VDD_IN,6826.368,,
1780559716.045093,VDD_CPU_GPU_CV,3015.936,,
1780559716.045093,VDD_SOC,1490.816,,
1780559716.045093,,,cpu-thermal,61.593
1780559716.045093,,,gpu-thermal,60.75
1780559716.045093,,,soc0-thermal,58.937
1780559716.045093,,,soc1-thermal,58.656
1780559716.045093,,,soc2-thermal,59.312
1780559716.045093,,,tj-thermal,61.593
1780559716.151781,VDD_IN,6826.368,,
1780559716.151781,VDD_CPU_GPU_CV,3015.936,,
1780559716.151781,VDD_SOC,1451.584,,
1780559716.151781,,,cpu-thermal,61.593
1780559716.151781,,,gpu-thermal,61.125
1780559716.151781,,,soc0-thermal,59.0
1780559716.151781,,,soc1-thermal,58.75
1780559716.151781,,,soc2-thermal,59.218
1780559716.151781,,,tj-thermal,61.593
1780559716.2581797,VDD_IN,6826.368,,
1780559716.2581797,VDD_CPU_GPU_CV,3015.936,,
1780559716.2581797,VDD_SOC,1451.584,,
1780559716.2581797,,,cpu-thermal,61.468
1780559716.2581797,,,gpu-thermal,60.906
1780559716.2581797,,,soc0-thermal,59.062
1780559716.2581797,,,soc1-thermal,58.468
1780559716.2581797,,,soc2-thermal,59.281
1780559716.2581797,,,tj-thermal,61.468
1780559716.36448,VDD_IN,6865.6,,
1780559716.36448,VDD_CPU_GPU_CV,3015.936,,
1780559716.36448,VDD_SOC,1451.584,,
1780559716.36448,,,cpu-thermal,61.531
1780559716.36448,,,gpu-thermal,60.812
1780559716.36448,,,soc0-thermal,58.875
1780559716.36448,,,soc1-thermal,58.625
1780559716.36448,,,soc2-thermal,59.343
1780559716.36448,,,tj-thermal,61.531
1780559716.4709158,VDD_IN,6865.6,,
1780559716.4709158,VDD_CPU_GPU_CV,3055.104,,
1780559716.4709158,VDD_SOC,1451.584,,
1780559716.4709158,,,cpu-thermal,61.656
1780559716.4709158,,,gpu-thermal,60.812
1780559716.4709158,,,soc0-thermal,58.937
1780559716.4709158,,,soc1-thermal,58.75
1780559716.4709158,,,soc2-thermal,59.187
1780559716.4709158,,,tj-thermal,61.5
1780559716.577517,VDD_IN,6826.368,,
1780559716.577517,VDD_CPU_GPU_CV,3015.936,,
1780559716.577517,VDD_SOC,1451.584,,
1780559716.577517,,,cpu-thermal,61.468
1780559716.577517,,,gpu-thermal,60.718
1780559716.577517,,,soc0-thermal,59.0
1780559716.577517,,,soc1-thermal,58.531
1780559716.577517,,,soc2-thermal,59.375
1780559716.577517,,,tj-thermal,61.468
1780559716.6841106,VDD_IN,6826.368,,
1780559716.6841106,VDD_CPU_GPU_CV,3015.936,,
1780559716.6841106,VDD_SOC,1451.584,,
1780559716.6841106,,,cpu-thermal,61.5
1780559716.6841106,,,gpu-thermal,60.656
1780559716.6841106,,,soc0-thermal,58.937
1780559716.6841106,,,soc1-thermal,58.593
1780559716.6841106,,,soc2-thermal,59.406
1780559716.6841106,,,tj-thermal,61.687
1780559716.7906892,VDD_IN,6826.368,,
1780559716.7906892,VDD_CPU_GPU_CV,3015.936,,
1780559716.7906892,VDD_SOC,1451.584,,
1780559716.7906892,,,cpu-thermal,61.781
1780559716.7906892,,,gpu-thermal,61.062
1780559716.7906892,,,soc0-thermal,59.0
1780559716.7906892,,,soc1-thermal,58.75
1780559716.7906892,,,soc2-thermal,59.281
1780559716.7906892,,,tj-thermal,61.781
1780559716.8973873,VDD_IN,6826.368,,
1780559716.8973873,VDD_CPU_GPU_CV,3015.936,,
1780559716.8973873,VDD_SOC,1451.584,,
1780559716.8973873,,,cpu-thermal,61.5
1780559716.8973873,,,gpu-thermal,60.937
1780559716.8973873,,,soc0-thermal,59.031
1780559716.8973873,,,soc1-thermal,58.531
1780559716.8973873,,,soc2-thermal,59.437
1780559716.8973873,,,tj-thermal,61.5
1780559717.0038223,VDD_IN,6826.368,,
1780559717.0038223,VDD_CPU_GPU_CV,3015.936,,
1780559717.0038223,VDD_SOC,1451.584,,
1780559717.0038223,,,cpu-thermal,61.656
1780559717.0038223,,,gpu-thermal,61.125
1780559717.0038223,,,soc0-thermal,58.937
1780559717.0038223,,,soc1-thermal,58.468
1780559717.0038223,,,soc2-thermal,59.343
1780559717.0038223,,,tj-thermal,61.656
1780559717.1105154,VDD_IN,6826.368,,
1780559717.1105154,VDD_CPU_GPU_CV,3015.936,,
1780559717.1105154,VDD_SOC,1451.584,,
1780559717.1105154,,,cpu-thermal,61.625
1780559717.1105154,,,gpu-thermal,61.0
1780559717.1105154,,,soc0-thermal,59.031
1780559717.1105154,,,soc1-thermal,58.718
1780559717.1105154,,,soc2-thermal,59.312
1780559717.1105154,,,tj-thermal,61.625
1780559717.2170758,VDD_IN,6826.368,,
1780559717.2170758,VDD_CPU_GPU_CV,3015.936,,
1780559717.2170758,VDD_SOC,1451.584,,
1780559717.2170758,,,cpu-thermal,61.531
1780559717.2170758,,,gpu-thermal,60.906
1780559717.2170758,,,soc0-thermal,59.125
1780559717.2170758,,,soc1-thermal,58.656
1780559717.2170758,,,soc2-thermal,59.281
1780559717.2170758,,,tj-thermal,61.531
1780559717.3236902,VDD_IN,6826.368,,
1780559717.3236902,VDD_CPU_GPU_CV,3015.936,,
1780559717.3236902,VDD_SOC,1451.584,,
1780559717.3236902,,,cpu-thermal,61.562
1780559717.3236902,,,gpu-thermal,60.843
1780559717.3236902,,,soc0-thermal,58.937
1780559717.3236902,,,soc1-thermal,58.656
1780559717.3236902,,,soc2-thermal,59.406
1780559717.3236902,,,tj-thermal,61.562
1780559717.4301176,VDD_IN,6865.6,,
1780559717.4301176,VDD_CPU_GPU_CV,3055.104,,
1780559717.4301176,VDD_SOC,1451.584,,
1780559717.4301176,,,cpu-thermal,61.437
1780559717.4301176,,,gpu-thermal,60.812
1780559717.4301176,,,soc0-thermal,59.031
1780559717.4301176,,,soc1-thermal,58.718
1780559717.4301176,,,soc2-thermal,59.468
1780559717.4301176,,,tj-thermal,61.437
1780559717.536652,VDD_IN,6826.368,,
1780559717.536652,VDD_CPU_GPU_CV,3015.936,,
1780559717.536652,VDD_SOC,1451.584,,
1780559717.536652,,,cpu-thermal,61.406
1780559717.536652,,,gpu-thermal,60.781
1780559717.536652,,,soc0-thermal,59.125
1780559717.536652,,,soc1-thermal,58.531
1780559717.536652,,,soc2-thermal,59.375
1780559717.536652,,,tj-thermal,61.406
1780559717.643351,VDD_IN,6826.368,,
1780559717.643351,VDD_CPU_GPU_CV,3015.936,,
1780559717.643351,VDD_SOC,1451.584,,
1780559717.643351,,,cpu-thermal,61.593
1780559717.643351,,,gpu-thermal,61.031
1780559717.643351,,,soc0-thermal,59.031
1780559717.643351,,,soc1-thermal,58.687
1780559717.643351,,,soc2-thermal,59.468
1780559717.643351,,,tj-thermal,61.781
1780559717.7498794,VDD_IN,6826.368,,
1780559717.7498794,VDD_CPU_GPU_CV,3015.936,,
1780559717.7498794,VDD_SOC,1451.584,,
1780559717.7498794,,,cpu-thermal,61.812
1780559717.7498794,,,gpu-thermal,60.968
1780559717.7498794,,,soc0-thermal,59.031
1780559717.7498794,,,soc1-thermal,58.625
1780559717.7498794,,,soc2-thermal,59.375
1780559717.7498794,,,tj-thermal,61.812
1780559717.8563852,VDD_IN,6826.368,,
1780559717.8563852,VDD_CPU_GPU_CV,3015.936,,
1780559717.8563852,VDD_SOC,1451.584,,
1780559717.8563852,,,cpu-thermal,61.468
1780559717.8563852,,,gpu-thermal,60.875
1780559717.8563852,,,soc0-thermal,59.125
1780559717.8563852,,,soc1-thermal,58.656
1780559717.8563852,,,soc2-thermal,59.375
1780559717.8563852,,,tj-thermal,61.656
1780559717.9631746,VDD_IN,6826.368,,
1780559717.9631746,VDD_CPU_GPU_CV,3015.936,,
1780559717.9631746,VDD_SOC,1451.584,,
1780559717.9631746,,,cpu-thermal,61.656
1780559717.9631746,,,gpu-thermal,60.843
1780559717.9631746,,,soc0-thermal,59.031
1780559717.9631746,,,soc1-thermal,58.656
1780559717.9631746,,,soc2-thermal,59.375
1780559717.9631746,,,tj-thermal,61.656
1780559718.069788,VDD_IN,6826.368,,
1780559718.069788,VDD_CPU_GPU_CV,3015.936,,
1780559718.069788,VDD_SOC,1451.584,,
1780559718.069788,,,cpu-thermal,61.687
1780559718.069788,,,gpu-thermal,60.781
1780559718.069788,,,soc0-thermal,59.093
1780559718.069788,,,soc1-thermal,58.812
1780559718.069788,,,soc2-thermal,59.375
1780559718.069788,,,tj-thermal,61.5
1780559718.1764667,VDD_IN,6826.368,,
1780559718.1764667,VDD_CPU_GPU_CV,3015.936,,
1780559718.1764667,VDD_SOC,1451.584,,
1780559718.1764667,,,cpu-thermal,61.468
1780559718.1764667,,,gpu-thermal,61.093
1780559718.1764667,,,soc0-thermal,59.125
1780559718.1764667,,,soc1-thermal,58.625
1780559718.1764667,,,soc2-thermal,59.375
1780559718.1764667,,,tj-thermal,61.468
1780559718.2829955,VDD_IN,6826.368,,
1780559718.2829955,VDD_CPU_GPU_CV,3015.936,,
1780559718.2829955,VDD_SOC,1451.584,,
1780559718.2829955,,,cpu-thermal,61.531
1780559718.2829955,,,gpu-thermal,61.031
1780559718.2829955,,,soc0-thermal,59.031
1780559718.2829955,,,soc1-thermal,58.718
1780559718.2829955,,,soc2-thermal,59.437
1780559718.2829955,,,tj-thermal,61.531
1780559718.389583,VDD_IN,6826.368,,
1780559718.389583,VDD_CPU_GPU_CV,3055.104,,
1780559718.389583,VDD_SOC,1451.584,,
1780559718.389583,,,cpu-thermal,61.468
1780559718.389583,,,gpu-thermal,60.968
1780559718.389583,,,soc0-thermal,59.093
1780559718.389583,,,soc1-thermal,58.781
1780559718.389583,,,soc2-thermal,59.343
1780559718.389583,,,tj-thermal,61.468
1780559718.496047,VDD_IN,6865.6,,
1780559718.496047,VDD_CPU_GPU_CV,3055.104,,
1780559718.496047,VDD_SOC,1451.584,,
1780559718.496047,,,cpu-thermal,61.593
1780559718.496047,,,gpu-thermal,60.906
1780559718.496047,,,soc0-thermal,59.125
1780559718.496047,,,soc1-thermal,58.625
1780559718.496047,,,soc2-thermal,59.406
1780559718.496047,,,tj-thermal,61.593
1780559718.6023996,VDD_IN,6826.368,,
1780559718.6023996,VDD_CPU_GPU_CV,3015.936,,
1780559718.6023996,VDD_SOC,1451.584,,
1780559718.6023996,,,cpu-thermal,61.531
1780559718.6023996,,,gpu-thermal,60.843
1780559718.6023996,,,soc0-thermal,59.0
1780559718.6023996,,,soc1-thermal,58.718
1780559718.6023996,,,soc2-thermal,59.437
1780559718.6023996,,,tj-thermal,61.781
1780559718.7090569,VDD_IN,6826.368,,
1780559718.7090569,VDD_CPU_GPU_CV,3015.936,,
1780559718.7090569,VDD_SOC,1451.584,,
1780559718.7090569,,,cpu-thermal,61.812
1780559718.7090569,,,gpu-thermal,61.25
1780559718.7090569,,,soc0-thermal,59.093
1780559718.7090569,,,soc1-thermal,58.75
1780559718.7090569,,,soc2-thermal,59.406
1780559718.7090569,,,tj-thermal,61.812
1780559718.815583,VDD_IN,6865.6,,
1780559718.815583,VDD_CPU_GPU_CV,3015.936,,
1780559718.815583,VDD_SOC,1451.584,,
1780559718.815583,,,cpu-thermal,61.531
1780559718.815583,,,gpu-thermal,61.062
1780559718.815583,,,soc0-thermal,59.031
1780559718.815583,,,soc1-thermal,58.625
1780559718.815583,,,soc2-thermal,59.468
1780559718.815583,,,tj-thermal,61.656
1780559718.9221263,VDD_IN,6865.6,,
1780559718.9221263,VDD_CPU_GPU_CV,3015.936,,
1780559718.9221263,VDD_SOC,1451.584,,
1780559718.9221263,,,cpu-thermal,61.718
1780559718.9221263,,,gpu-thermal,61.031
1780559718.9221263,,,soc0-thermal,59.062
1780559718.9221263,,,soc1-thermal,58.75
1780559718.9221263,,,soc2-thermal,59.468
1780559718.9221263,,,tj-thermal,61.718
1780559719.0287373,VDD_IN,6826.368,,
1780559719.0287373,VDD_CPU_GPU_CV,3015.936,,
1780559719.0287373,VDD_SOC,1451.584,,
1780559719.0287373,,,cpu-thermal,61.656
1780559719.0287373,,,gpu-thermal,60.906
1780559719.0287373,,,soc0-thermal,59.093
1780559719.0287373,,,soc1-thermal,58.812
1780559719.0287373,,,soc2-thermal,59.5
1780559719.0287373,,,tj-thermal,61.406
1780559719.1352553,VDD_IN,6826.368,,
1780559719.1352553,VDD_CPU_GPU_CV,3015.936,,
1780559719.1352553,VDD_SOC,1451.584,,
1780559719.1352553,,,cpu-thermal,61.562
1780559719.1352553,,,gpu-thermal,60.906
1780559719.1352553,,,soc0-thermal,59.125
1780559719.1352553,,,soc1-thermal,58.718
1780559719.1352553,,,soc2-thermal,59.468
1780559719.1352553,,,tj-thermal,61.562
1780559719.2416766,VDD_IN,6865.6,,
1780559719.2416766,VDD_CPU_GPU_CV,3015.936,,
1780559719.2416766,VDD_SOC,1490.816,,
1780559719.2416766,,,cpu-thermal,61.656
1780559719.2416766,,,gpu-thermal,60.875
1780559719.2416766,,,soc0-thermal,59.062
1780559719.2416766,,,soc1-thermal,58.75
1780559719.2416766,,,soc2-thermal,59.531
1780559719.2416766,,,tj-thermal,61.656
1780559719.3480291,VDD_IN,6826.368,,
1780559719.3480291,VDD_CPU_GPU_CV,3015.936,,
1780559719.3480291,VDD_SOC,1451.584,,
1780559719.3480291,,,cpu-thermal,61.625
1780559719.3480291,,,gpu-thermal,61.156
1780559719.3480291,,,soc0-thermal,59.125
1780559719.3480291,,,soc1-thermal,58.843
1780559719.3480291,,,soc2-thermal,59.468
1780559719.3480291,,,tj-thermal,61.625
1780559719.4546864,VDD_IN,6865.6,,
1780559719.4546864,VDD_CPU_GPU_CV,3055.104,,
1780559719.4546864,VDD_SOC,1451.584,,
1780559719.4546864,,,cpu-thermal,61.562
1780559719.4546864,,,gpu-thermal,61.093
1780559719.4546864,,,soc0-thermal,59.156
1780559719.4546864,,,soc1-thermal,58.75
1780559719.4546864,,,soc2-thermal,59.406
1780559719.4546864,,,tj-thermal,61.562
1780559719.5612793,VDD_IN,6865.6,,
1780559719.5612793,VDD_CPU_GPU_CV,3015.936,,
1780559719.5612793,VDD_SOC,1451.584,,
1780559719.5612793,,,cpu-thermal,61.625
1780559719.5612793,,,gpu-thermal,60.937
1780559719.5612793,,,soc0-thermal,59.125
1780559719.5612793,,,soc1-thermal,58.718
1780559719.5612793,,,soc2-thermal,59.468
1780559719.5612793,,,tj-thermal,61.781
1780559719.667694,VDD_IN,6865.6,,
1780559719.667694,VDD_CPU_GPU_CV,3055.104,,
1780559719.667694,VDD_SOC,1490.816,,
1780559719.667694,,,cpu-thermal,61.843
1780559719.667694,,,gpu-thermal,60.843
1780559719.667694,,,soc0-thermal,59.093
1780559719.667694,,,soc1-thermal,58.781
1780559719.667694,,,soc2-thermal,59.468
1780559719.667694,,,tj-thermal,61.843
1780559719.7741594,VDD_IN,6826.368,,
1780559719.7741594,VDD_CPU_GPU_CV,3015.936,,
1780559719.7741594,VDD_SOC,1451.584,,
1780559719.7741594,,,cpu-thermal,61.625
1780559719.7741594,,,gpu-thermal,60.875
1780559719.7741594,,,soc0-thermal,59.187
1780559719.7741594,,,soc1-thermal,58.75
1780559719.7741594,,,soc2-thermal,59.468
1780559719.7741594,,,tj-thermal,61.656
1780559719.8807333,VDD_IN,6826.368,,
1780559719.8807333,VDD_CPU_GPU_CV,3015.936,,
1780559719.8807333,VDD_SOC,1451.584,,
1780559719.8807333,,,cpu-thermal,61.75
1780559719.8807333,,,gpu-thermal,61.25
1780559719.8807333,,,soc0-thermal,59.062
1780559719.8807333,,,soc1-thermal,58.718
1780559719.8807333,,,soc2-thermal,59.5
1780559719.8807333,,,tj-thermal,61.75
1780559719.987157,VDD_IN,6865.6,,
1780559719.987157,VDD_CPU_GPU_CV,3015.936,,
1780559719.987157,VDD_SOC,1490.816,,
1780559719.987157,,,cpu-thermal,61.718
1780559719.987157,,,gpu-thermal,61.062
1780559719.987157,,,soc0-thermal,59.125
1780559719.987157,,,soc1-thermal,58.906
1780559719.987157,,,soc2-thermal,59.468
1780559719.987157,,,tj-thermal,61.718
1780559720.0937288,VDD_IN,6826.368,,
1780559720.0937288,VDD_CPU_GPU_CV,3015.936,,
1780559720.0937288,VDD_SOC,1451.584,,
1780559720.0937288,,,cpu-thermal,61.531
1780559720.0937288,,,gpu-thermal,61.125
1780559720.0937288,,,soc0-thermal,59.187
1780559720.0937288,,,soc1-thermal,58.718
1780559720.0937288,,,soc2-thermal,59.406
1780559720.0937288,,,tj-thermal,61.531
1780559720.2002392,VDD_IN,6826.368,,
1780559720.2002392,VDD_CPU_GPU_CV,3015.936,,
1780559720.2002392,VDD_SOC,1451.584,,
1780559720.2002392,,,cpu-thermal,61.718
1780559720.2002392,,,gpu-thermal,60.968
1780559720.2002392,,,soc0-thermal,59.093
1780559720.2002392,,,soc1-thermal,58.781
1780559720.2002392,,,soc2-thermal,59.531
1780559720.2002392,,,tj-thermal,61.718
1780559720.306789,VDD_IN,6865.6,,
1780559720.306789,VDD_CPU_GPU_CV,3015.936,,
1780559720.306789,VDD_SOC,1451.584,,
1780559720.306789,,,cpu-thermal,61.656
1780559720.306789,,,gpu-thermal,61.125
1780559720.306789,,,soc0-thermal,59.125
1780559720.306789,,,soc1-thermal,58.843
1780559720.306789,,,soc2-thermal,59.5
1780559720.306789,,,tj-thermal,61.656
1780559720.4133208,VDD_IN,6865.6,,
1780559720.4133208,VDD_CPU_GPU_CV,3055.104,,
1780559720.4133208,VDD_SOC,1451.584,,
1780559720.4133208,,,cpu-thermal,61.656
1780559720.4133208,,,gpu-thermal,61.0
1780559720.4133208,,,soc0-thermal,59.25
1780559720.4133208,,,soc1-thermal,58.687
1780559720.4133208,,,soc2-thermal,59.468
1780559720.4133208,,,tj-thermal,61.656
1780559720.5199888,VDD_IN,6826.368,,
1780559720.5199888,VDD_CPU_GPU_CV,3015.936,,
1780559720.5199888,VDD_SOC,1451.584,,
1780559720.5199888,,,cpu-thermal,61.781
1780559720.5199888,,,gpu-thermal,60.968
1780559720.5199888,,,soc0-thermal,59.156
1780559720.5199888,,,soc1-thermal,58.812
1780559720.5199888,,,soc2-thermal,59.531
1780559720.5199888,,,tj-thermal,61.781
1780559720.6265972,VDD_IN,6826.368,,
1780559720.6265972,VDD_CPU_GPU_CV,3015.936,,
1780559720.6265972,VDD_SOC,1451.584,,
1780559720.6265972,,,cpu-thermal,61.937
1780559720.6265972,,,gpu-thermal,60.937
1780559720.6265972,,,soc0-thermal,59.156
1780559720.6265972,,,soc1-thermal,58.875
1780559720.6265972,,,soc2-thermal,59.562
1780559720.6265972,,,tj-thermal,61.937
1780559720.733067,VDD_IN,6865.6,,
1780559720.733067,VDD_CPU_GPU_CV,3015.936,,
1780559720.733067,VDD_SOC,1451.584,,
1780559720.733067,,,cpu-thermal,62.093
1780559720.733067,,,gpu-thermal,61.25
1780559720.733067,,,soc0-thermal,59.218
1780559720.733067,,,soc1-thermal,58.718
1780559720.733067,,,soc2-thermal,59.5
1780559720.733067,,,tj-thermal,61.656
1780559720.83935,VDD_IN,6826.368,,
1780559720.83935,VDD_CPU_GPU_CV,3015.936,,
1780559720.83935,VDD_SOC,1451.584,,
1780559720.83935,,,cpu-thermal,61.656
1780559720.83935,,,gpu-thermal,61.187
1780559720.83935,,,soc0-thermal,59.093
1780559720.83935,,,soc1-thermal,58.781
1780559720.83935,,,soc2-thermal,59.531
1780559720.83935,,,tj-thermal,61.656
1780559720.9458947,VDD_IN,6826.368,,
1780559720.9458947,VDD_CPU_GPU_CV,3015.936,,
1780559720.9458947,VDD_SOC,1451.584,,
1780559720.9458947,,,cpu-thermal,61.75
1780559720.9458947,,,gpu-thermal,60.968
1780559720.9458947,,,soc0-thermal,59.156
1780559720.9458947,,,soc1-thermal,58.906
1780559720.9458947,,,soc2-thermal,59.593
1780559720.9458947,,,tj-thermal,61.75
1780559721.0521955,VDD_IN,6865.6,,
1780559721.0521955,VDD_CPU_GPU_CV,3015.936,,
1780559721.0521955,VDD_SOC,1451.584,,
1780559721.0521955,,,cpu-thermal,61.593
1780559721.0521955,,,gpu-thermal,60.937
1780559721.0521955,,,soc0-thermal,59.218
1780559721.0521955,,,soc1-thermal,58.906
1780559721.0521955,,,soc2-thermal,59.5
1780559721.0521955,,,tj-thermal,61.593
1780559721.1584592,VDD_IN,6826.368,,
1780559721.1584592,VDD_CPU_GPU_CV,3015.936,,
1780559721.1584592,VDD_SOC,1451.584,,
1780559721.1584592,,,cpu-thermal,61.656
1780559721.1584592,,,gpu-thermal,60.937
1780559721.1584592,,,soc0-thermal,59.156
1780559721.1584592,,,soc1-thermal,58.781
1780559721.1584592,,,soc2-thermal,59.5
1780559721.1584592,,,tj-thermal,61.656
1780559721.2649553,VDD_IN,6826.368,,
1780559721.2649553,VDD_CPU_GPU_CV,3015.936,,
1780559721.2649553,VDD_SOC,1451.584,,
1780559721.2649553,,,cpu-thermal,61.625
1780559721.2649553,,,gpu-thermal,60.906
1780559721.2649553,,,soc0-thermal,59.156
1780559721.2649553,,,soc1-thermal,58.906
1780559721.2649553,,,soc2-thermal,59.468
1780559721.2649553,,,tj-thermal,61.625
1780559721.3715122,VDD_IN,6865.6,,
1780559721.3715122,VDD_CPU_GPU_CV,3015.936,,
1780559721.3715122,VDD_SOC,1451.584,,
1780559721.3715122,,,cpu-thermal,61.656
1780559721.3715122,,,gpu-thermal,61.187
1780559721.3715122,,,soc0-thermal,59.281
1780559721.3715122,,,soc1-thermal,58.875
1780559721.3715122,,,soc2-thermal,59.468
1780559721.3715122,,,tj-thermal,61.656
1780559721.4780521,VDD_IN,6865.6,,
1780559721.4780521,VDD_CPU_GPU_CV,3055.104,,
1780559721.4780521,VDD_SOC,1451.584,,
1780559721.4780521,,,cpu-thermal,61.656
1780559721.4780521,,,gpu-thermal,61.125
1780559721.4780521,,,soc0-thermal,59.125
1780559721.4780521,,,soc1-thermal,58.812
1780559721.4780521,,,soc2-thermal,59.5
1780559721.4780521,,,tj-thermal,61.812
1780559721.5853803,VDD_IN,6826.368,,
1780559721.5853803,VDD_CPU_GPU_CV,3015.936,,
1780559721.5853803,VDD_SOC,1451.584,,
1780559721.5853803,,,cpu-thermal,61.875
1780559721.5853803,,,gpu-thermal,61.062
1780559721.5853803,,,soc0-thermal,59.218
1780559721.5853803,,,soc1-thermal,58.875
1780559721.5853803,,,soc2-thermal,59.468
1780559721.5853803,,,tj-thermal,61.875
1780559721.692028,VDD_IN,6826.368,,
1780559721.692028,VDD_CPU_GPU_CV,3015.936,,
1780559721.692028,VDD_SOC,1451.584,,
1780559721.692028,,,cpu-thermal,62.0
1780559721.692028,,,gpu-thermal,60.968
1780559721.692028,,,soc0-thermal,59.312
1780559721.692028,,,soc1-thermal,58.812
1780559721.692028,,,soc2-thermal,59.593
1780559721.692028,,,tj-thermal,61.718
1780559721.798511,VDD_IN,6865.6,,
1780559721.798511,VDD_CPU_GPU_CV,3015.936,,
1780559721.798511,VDD_SOC,1490.816,,
1780559721.798511,,,cpu-thermal,61.781
1780559721.798511,,,gpu-thermal,60.906
1780559721.798511,,,soc0-thermal,59.125
1780559721.798511,,,soc1-thermal,58.875
1780559721.798511,,,soc2-thermal,59.562
1780559721.798511,,,tj-thermal,61.781
1780559721.9046988,VDD_IN,6826.368,,
1780559721.9046988,VDD_CPU_GPU_CV,3015.936,,
1780559721.9046988,VDD_SOC,1451.584,,
1780559721.9046988,,,cpu-thermal,61.75
1780559721.9046988,,,gpu-thermal,61.281
1780559721.9046988,,,soc0-thermal,59.218
1780559721.9046988,,,soc1-thermal,58.843
1780559721.9046988,,,soc2-thermal,59.625
1780559721.9046988,,,tj-thermal,61.75
1780559722.0113268,VDD_IN,6826.368,,
1780559722.0113268,VDD_CPU_GPU_CV,3015.936,,
1780559722.0113268,VDD_SOC,1451.584,,
1780559722.0113268,,,cpu-thermal,61.656
1780559722.0113268,,,gpu-thermal,61.125
1780559722.0113268,,,soc0-thermal,59.25
1780559722.0113268,,,soc1-thermal,58.812
1780559722.0113268,,,soc2-thermal,59.5
1780559722.0113268,,,tj-thermal,61.656
1780559722.117797,VDD_IN,6826.368,,
1780559722.117797,VDD_CPU_GPU_CV,3015.936,,
1780559722.117797,VDD_SOC,1451.584,,
1780559722.117797,,,cpu-thermal,61.75
1780559722.117797,,,gpu-thermal,61.093
1780559722.117797,,,soc0-thermal,59.093
1780559722.117797,,,soc1-thermal,58.875
1780559722.117797,,,soc2-thermal,59.656
1780559722.117797,,,tj-thermal,61.75
1780559722.2242346,VDD_IN,6826.368,,
1780559722.2242346,VDD_CPU_GPU_CV,3015.936,,
1780559722.2242346,VDD_SOC,1451.584,,
1780559722.2242346,,,cpu-thermal,62.093
1780559722.2242346,,,gpu-thermal,60.968
1780559722.2242346,,,soc0-thermal,59.218
1780559722.2242346,,,soc1-thermal,58.906
1780559722.2242346,,,soc2-thermal,59.593
1780559722.2242346,,,tj-thermal,62.093
1780559722.3308723,VDD_IN,6826.368,,
1780559722.3308723,VDD_CPU_GPU_CV,3015.936,,
1780559722.3308723,VDD_SOC,1451.584,,
1780559722.3308723,,,cpu-thermal,61.656
1780559722.3308723,,,gpu-thermal,60.937
1780559722.3308723,,,soc0-thermal,59.281
1780559722.3308723,,,soc1-thermal,58.843
1780559722.3308723,,,soc2-thermal,59.5
1780559722.3308723,,,tj-thermal,61.656
1780559722.4374692,VDD_IN,6865.6,,
1780559722.4374692,VDD_CPU_GPU_CV,3055.104,,
1780559722.4374692,VDD_SOC,1451.584,,
1780559722.4374692,,,cpu-thermal,61.656
1780559722.4374692,,,gpu-thermal,61.437
1780559722.4374692,,,soc0-thermal,59.156
1780559722.4374692,,,soc1-thermal,58.906
1780559722.4374692,,,soc2-thermal,59.593
1780559722.4374692,,,tj-thermal,61.812
1780559722.5438569,VDD_IN,6865.6,,
1780559722.5438569,VDD_CPU_GPU_CV,3015.936,,
1780559722.5438569,VDD_SOC,1451.584,,
1780559722.5438569,,,cpu-thermal,61.781
1780559722.5438569,,,gpu-thermal,61.218
1780559722.5438569,,,soc0-thermal,59.218
1780559722.5438569,,,soc1-thermal,58.906
1780559722.5438569,,,soc2-thermal,59.656
1780559722.5438569,,,tj-thermal,61.781
1780559722.6502306,VDD_IN,6826.368,,
1780559722.6502306,VDD_CPU_GPU_CV,3015.936,,
1780559722.6502306,VDD_SOC,1451.584,,
1780559722.6502306,,,cpu-thermal,62.062
1780559722.6502306,,,gpu-thermal,61.218
1780559722.6502306,,,soc0-thermal,59.343
1780559722.6502306,,,soc1-thermal,58.812
1780559722.6502306,,,soc2-thermal,59.5
1780559722.6502306,,,tj-thermal,61.781
1780559722.7567196,VDD_IN,6826.368,,
1780559722.7567196,VDD_CPU_GPU_CV,3015.936,,
1780559722.7567196,VDD_SOC,1451.584,,
1780559722.7567196,,,cpu-thermal,61.812
1780559722.7567196,,,gpu-thermal,61.062
1780559722.7567196,,,soc0-thermal,59.25
1780559722.7567196,,,soc1-thermal,58.843
1780559722.7567196,,,soc2-thermal,59.593
1780559722.7567196,,,tj-thermal,61.812
1780559722.8632295,VDD_IN,6865.6,,
1780559722.8632295,VDD_CPU_GPU_CV,3015.936,,
1780559722.8632295,VDD_SOC,1451.584,,
1780559722.8632295,,,cpu-thermal,61.843
1780559722.8632295,,,gpu-thermal,60.968
1780559722.8632295,,,soc0-thermal,59.281
1780559722.8632295,,,soc1-thermal,58.906
1780559722.8632295,,,soc2-thermal,59.656
1780559722.8632295,,,tj-thermal,61.843
1780559722.9696558,VDD_IN,6826.368,,
1780559722.9696558,VDD_CPU_GPU_CV,3015.936,,
1780559722.9696558,VDD_SOC,1451.584,,
1780559722.9696558,,,cpu-thermal,61.687
1780559722.9696558,,,gpu-thermal,60.937
1780559722.9696558,,,soc0-thermal,59.281
1780559722.9696558,,,soc1-thermal,58.843
1780559722.9696558,,,soc2-thermal,59.593
1780559722.9696558,,,tj-thermal,61.687
1780559723.0762105,VDD_IN,6826.368,,
1780559723.0762105,VDD_CPU_GPU_CV,3015.936,,
1780559723.0762105,VDD_SOC,1451.584,,
1780559723.0762105,,,cpu-thermal,61.781
1780559723.0762105,,,gpu-thermal,61.312
1780559723.0762105,,,soc0-thermal,59.187
1780559723.0762105,,,soc1-thermal,58.843
1780559723.0762105,,,soc2-thermal,59.656
1780559723.0762105,,,tj-thermal,61.781
1780559723.182788,VDD_IN,6865.6,,
1780559723.182788,VDD_CPU_GPU_CV,3015.936,,
1780559723.182788,VDD_SOC,1451.584,,
1780559723.182788,,,cpu-thermal,62.062
1780559723.182788,,,gpu-thermal,61.156
1780559723.182788,,,soc0-thermal,59.25
1780559723.182788,,,soc1-thermal,58.906
1780559723.182788,,,soc2-thermal,59.718
1780559723.182788,,,tj-thermal,62.062
1780559723.2891135,VDD_IN,6865.6,,
1780559723.2891135,VDD_CPU_GPU_CV,3015.936,,
1780559723.2891135,VDD_SOC,1490.816,,
1780559723.2891135,,,cpu-thermal,61.812
1780559723.2891135,,,gpu-thermal,61.156
1780559723.2891135,,,soc0-thermal,59.343
1780559723.2891135,,,soc1-thermal,58.875
1780559723.2891135,,,soc2-thermal,59.625
1780559723.2891135,,,tj-thermal,61.812
1780559723.395761,VDD_IN,6826.368,,
1780559723.395761,VDD_CPU_GPU_CV,3055.104,,
1780559723.395761,VDD_SOC,1451.584,,
1780559723.395761,,,cpu-thermal,61.781
1780559723.395761,,,gpu-thermal,61.062
1780559723.395761,,,soc0-thermal,59.281
1780559723.395761,,,soc1-thermal,58.875
1780559723.395761,,,soc2-thermal,59.593
1780559723.395761,,,tj-thermal,62.0
1780559723.5023441,VDD_IN,6826.368,,
1780559723.5023441,VDD_CPU_GPU_CV,3015.936,,
1780559723.5023441,VDD_SOC,1451.584,,
1780559723.5023441,,,cpu-thermal,61.906
1780559723.5023441,,,gpu-thermal,61.0
1780559723.5023441,,,soc0-thermal,59.281
1780559723.5023441,,,soc1-thermal,58.937
1780559723.5023441,,,soc2-thermal,59.656
1780559723.5023441,,,tj-thermal,61.906
1780559723.6089149,VDD_IN,6865.6,,
1780559723.6089149,VDD_CPU_GPU_CV,3015.936,,
1780559723.6089149,VDD_SOC,1451.584,,
1780559723.6089149,,,cpu-thermal,62.062
1780559723.6089149,,,gpu-thermal,61.406
1780559723.6089149,,,soc0-thermal,59.281
1780559723.6089149,,,soc1-thermal,58.843
1780559723.6089149,,,soc2-thermal,59.593
1780559723.6089149,,,tj-thermal,61.781
1780559723.715338,VDD_IN,6826.368,,
1780559723.715338,VDD_CPU_GPU_CV,3015.936,,
1780559723.715338,VDD_SOC,1451.584,,
1780559723.715338,,,cpu-thermal,61.843
1780559723.715338,,,gpu-thermal,61.281
1780559723.715338,,,soc0-thermal,59.406
1780559723.715338,,,soc1-thermal,58.906
1780559723.715338,,,soc2-thermal,59.625
1780559723.715338,,,tj-thermal,61.843
1780559723.8217204,VDD_IN,6826.368,,
1780559723.8217204,VDD_CPU_GPU_CV,3015.936,,
1780559723.8217204,VDD_SOC,1451.584,,
1780559723.8217204,,,cpu-thermal,61.968
1780559723.8217204,,,gpu-thermal,61.187
1780559723.8217204,,,soc0-thermal,59.25
1780559723.8217204,,,soc1-thermal,59.0
1780559723.8217204,,,soc2-thermal,59.656
1780559723.8217204,,,tj-thermal,61.968
1780559723.9282463,VDD_IN,6826.368,,
1780559723.9282463,VDD_CPU_GPU_CV,3015.936,,
1780559723.9282463,VDD_SOC,1451.584,,
1780559723.9282463,,,cpu-thermal,61.75
1780559723.9282463,,,gpu-thermal,61.218
1780559723.9282463,,,soc0-thermal,59.312
1780559723.9282463,,,soc1-thermal,58.968
1780559723.9282463,,,soc2-thermal,59.593
1780559723.9282463,,,tj-thermal,61.75
1780559724.034697,VDD_IN,6826.368,,
1780559724.034697,VDD_CPU_GPU_CV,3015.936,,
1780559724.034697,VDD_SOC,1451.584,,
1780559724.034697,,,cpu-thermal,61.781
1780559724.034697,,,gpu-thermal,61.156
1780559724.034697,,,soc0-thermal,59.406
1780559724.034697,,,soc1-thermal,58.906
1780559724.034697,,,soc2-thermal,59.687
1780559724.034697,,,tj-thermal,61.781
1780559724.141254,VDD_IN,6826.368,,
1780559724.141254,VDD_CPU_GPU_CV,3015.936,,
1780559724.141254,VDD_SOC,1451.584,,
1780559724.141254,,,cpu-thermal,62.062
1780559724.141254,,,gpu-thermal,61.468
1780559724.141254,,,soc0-thermal,59.312
1780559724.141254,,,soc1-thermal,58.906
1780559724.141254,,,soc2-thermal,59.718
1780559724.141254,,,tj-thermal,62.062
1780559724.2478623,VDD_IN,6826.368,,
1780559724.2478623,VDD_CPU_GPU_CV,3015.936,,
1780559724.2478623,VDD_SOC,1451.584,,
1780559724.2478623,,,cpu-thermal,61.812
1780559724.2478623,,,gpu-thermal,61.312
1780559724.2478623,,,soc0-thermal,59.343
1780559724.2478623,,,soc1-thermal,59.062
1780559724.2478623,,,soc2-thermal,59.593
1780559724.2478623,,,tj-thermal,61.812
1780559724.3544638,VDD_IN,6865.6,,
1780559724.3544638,VDD_CPU_GPU_CV,3055.104,,
1780559724.3544638,VDD_SOC,1451.584,,
1780559724.3544638,,,cpu-thermal,61.843
1780559724.3544638,,,gpu-thermal,61.25
1780559724.3544638,,,soc0-thermal,59.437
1780559724.3544638,,,soc1-thermal,58.937
1780559724.3544638,,,soc2-thermal,59.687
1780559724.3544638,,,tj-thermal,61.875
1780559724.4608786,VDD_IN,6826.368,,
1780559724.4608786,VDD_CPU_GPU_CV,3055.104,,
1780559724.4608786,VDD_SOC,1451.584,,
1780559724.4608786,,,cpu-thermal,62.062
1780559724.4608786,,,gpu-thermal,61.406
1780559724.4608786,,,soc0-thermal,59.375
1780559724.4608786,,,soc1-thermal,58.968
1780559724.4608786,,,soc2-thermal,59.75
1780559724.4608786,,,tj-thermal,62.062
1780559724.5675814,VDD_IN,6826.368,,
1780559724.5675814,VDD_CPU_GPU_CV,3015.936,,
1780559724.5675814,VDD_SOC,1451.584,,
1780559724.5675814,,,cpu-thermal,62.062
1780559724.5675814,,,gpu-thermal,61.281
1780559724.5675814,,,soc0-thermal,59.406
1780559724.5675814,,,soc1-thermal,59.156
1780559724.5675814,,,soc2-thermal,59.718
1780559724.5675814,,,tj-thermal,61.843
1780559724.674032,VDD_IN,6865.6,,
1780559724.674032,VDD_CPU_GPU_CV,3015.936,,
1780559724.674032,VDD_SOC,1451.584,,
1780559724.674032,,,cpu-thermal,61.937
1780559724.674032,,,gpu-thermal,61.156
1780559724.674032,,,soc0-thermal,59.437
1780559724.674032,,,soc1-thermal,58.875
1780559724.674032,,,soc2-thermal,59.75
1780559724.674032,,,tj-thermal,61.937
1780559724.7805219,VDD_IN,6826.368,,
1780559724.7805219,VDD_CPU_GPU_CV,3015.936,,
1780559724.7805219,VDD_SOC,1451.584,,
1780559724.7805219,,,cpu-thermal,61.906
1780559724.7805219,,,gpu-thermal,61.187
1780559724.7805219,,,soc0-thermal,59.281
1780559724.7805219,,,soc1-thermal,59.0
1780559724.7805219,,,soc2-thermal,59.781
1780559724.7805219,,,tj-thermal,61.906
1780559724.8870747,VDD_IN,6826.368,,
1780559724.8870747,VDD_CPU_GPU_CV,3015.936,,
1780559724.8870747,VDD_SOC,1451.584,,
1780559724.8870747,,,cpu-thermal,61.75
1780559724.8870747,,,gpu-thermal,61.125
1780559724.8870747,,,soc0-thermal,59.375
1780559724.8870747,,,soc1-thermal,59.156
1780559724.8870747,,,soc2-thermal,59.687
1780559724.8870747,,,tj-thermal,61.75
1780559724.993595,VDD_IN,6865.6,,
1780559724.993595,VDD_CPU_GPU_CV,3015.936,,
1780559724.993595,VDD_SOC,1451.584,,
1780559724.993595,,,cpu-thermal,61.75
1780559724.993595,,,gpu-thermal,61.468
1780559724.993595,,,soc0-thermal,59.437
1780559724.993595,,,soc1-thermal,58.968
1780559724.993595,,,soc2-thermal,59.687
1780559724.993595,,,tj-thermal,61.75
1780559725.0999796,VDD_IN,6865.6,,
1780559725.0999796,VDD_CPU_GPU_CV,3015.936,,
1780559725.0999796,VDD_SOC,1451.584,,
1780559725.0999796,,,cpu-thermal,62.125
1780559725.0999796,,,gpu-thermal,61.437
1780559725.0999796,,,soc0-thermal,59.281
1780559725.0999796,,,soc1-thermal,59.0
1780559725.0999796,,,soc2-thermal,59.718
1780559725.0999796,,,tj-thermal,62.125
1780559725.2065535,VDD_IN,6826.368,,
1780559725.2065535,VDD_CPU_GPU_CV,3015.936,,
1780559725.2065535,VDD_SOC,1451.584,,
1780559725.2065535,,,cpu-thermal,61.812
1780559725.2065535,,,gpu-thermal,61.312
1780559725.2065535,,,soc0-thermal,59.437
1780559725.2065535,,,soc1-thermal,59.156
1780559725.2065535,,,soc2-thermal,59.687
1780559725.2065535,,,tj-thermal,61.812
1780559725.313192,VDD_IN,6865.6,,
1780559725.313192,VDD_CPU_GPU_CV,3015.936,,
1780559725.313192,VDD_SOC,1451.584,,
1780559725.313192,,,cpu-thermal,61.812
1780559725.313192,,,gpu-thermal,61.312
1780559725.313192,,,soc0-thermal,59.468
1780559725.313192,,,soc1-thermal,58.906
1780559725.313192,,,soc2-thermal,59.75
1780559725.313192,,,tj-thermal,61.937
1780559725.4196393,VDD_IN,6865.6,,
1780559725.4196393,VDD_CPU_GPU_CV,3055.104,,
1780559725.4196393,VDD_SOC,1451.584,,
1780559725.4196393,,,cpu-thermal,62.031
1780559725.4196393,,,gpu-thermal,61.062
1780559725.4196393,,,soc0-thermal,59.406
1780559725.4196393,,,soc1-thermal,59.062
1780559725.4196393,,,soc2-thermal,59.75
1780559725.4196393,,,tj-thermal,62.031
1780559725.5260534,VDD_IN,6865.6,,
1780559725.5260534,VDD_CPU_GPU_CV,3055.104,,
1780559725.5260534,VDD_SOC,1451.584,,
1780559725.5260534,,,cpu-thermal,62.125
1780559725.5260534,,,gpu-thermal,61.031
1780559725.5260534,,,soc0-thermal,59.406
1780559725.5260534,,,soc1-thermal,59.25
1780559725.5260534,,,soc2-thermal,59.656
1780559725.5260534,,,tj-thermal,61.812
1780559725.6326463,VDD_IN,6826.368,,
1780559725.6326463,VDD_CPU_GPU_CV,3015.936,,
1780559725.6326463,VDD_SOC,1451.584,,
1780559725.6326463,,,cpu-thermal,61.875
1780559725.6326463,,,gpu-thermal,61.406
1780559725.6326463,,,soc0-thermal,59.468
1780559725.6326463,,,soc1-thermal,58.968
1780559725.6326463,,,soc2-thermal,59.718
1780559725.6326463,,,tj-thermal,61.875
1780559725.7390847,VDD_IN,6865.6,,
1780559725.7390847,VDD_CPU_GPU_CV,3015.936,,
1780559725.7390847,VDD_SOC,1451.584,,
1780559725.7390847,,,cpu-thermal,61.906
1780559725.7390847,,,gpu-thermal,61.343
1780559725.7390847,,,soc0-thermal,59.343
1780559725.7390847,,,soc1-thermal,59.062
1780559725.7390847,,,soc2-thermal,59.75
1780559725.7390847,,,tj-thermal,61.906
1780559725.8457038,VDD_IN,6865.6,,
1780559725.8457038,VDD_CPU_GPU_CV,3015.936,,
1780559725.8457038,VDD_SOC,1451.584,,
1780559725.8457038,,,cpu-thermal,61.843
1780559725.8457038,,,gpu-thermal,61.218
1780559725.8457038,,,soc0-thermal,59.437
1780559725.8457038,,,soc1-thermal,59.218
1780559725.8457038,,,soc2-thermal,59.687
1780559725.8457038,,,tj-thermal,61.843
1780559725.9522207,VDD_IN,6826.368,,
1780559725.9522207,VDD_CPU_GPU_CV,3015.936,,
1780559725.9522207,VDD_SOC,1451.584,,
1780559725.9522207,,,cpu-thermal,61.843
1780559725.9522207,,,gpu-thermal,61.25
1780559725.9522207,,,soc0-thermal,59.5
1780559725.9522207,,,soc1-thermal,59.031
1780559725.9522207,,,soc2-thermal,59.812
1780559725.9522207,,,tj-thermal,61.843
1780559726.0587628,VDD_IN,6826.368,,
1780559726.0587628,VDD_CPU_GPU_CV,3015.936,,
1780559726.0587628,VDD_SOC,1451.584,,
1780559726.0587628,,,cpu-thermal,62.093
1780559726.0587628,,,gpu-thermal,61.156
1780559726.0587628,,,soc0-thermal,59.375
1780559726.0587628,,,soc1-thermal,59.0
1780559726.0587628,,,soc2-thermal,59.812
1780559726.0587628,,,tj-thermal,62.093
1780559726.1654036,VDD_IN,6865.6,,
1780559726.1654036,VDD_CPU_GPU_CV,3015.936,,
1780559726.1654036,VDD_SOC,1490.816,,
1780559726.1654036,,,cpu-thermal,62.281
1780559726.1654036,,,gpu-thermal,61.531
1780559726.1654036,,,soc0-thermal,59.343
1780559726.1654036,,,soc1-thermal,59.093
1780559726.1654036,,,soc2-thermal,59.656
1780559726.1654036,,,tj-thermal,62.281
1780559726.2717433,VDD_IN,6826.368,,
1780559726.2717433,VDD_CPU_GPU_CV,3015.936,,
1780559726.2717433,VDD_SOC,1451.584,,
1780559726.2717433,,,cpu-thermal,61.875
1780559726.2717433,,,gpu-thermal,61.375
1780559726.2717433,,,soc0-thermal,59.468
1780559726.2717433,,,soc1-thermal,58.968
1780559726.2717433,,,soc2-thermal,59.718
1780559726.2717433,,,tj-thermal,61.968
1780559726.3788538,VDD_IN,6826.368,,
1780559726.3788538,VDD_CPU_GPU_CV,3015.936,,
1780559726.3788538,VDD_SOC,1451.584,,
1780559726.3788538,,,cpu-thermal,62.062
1780559726.3788538,,,gpu-thermal,61.375
1780559726.3788538,,,soc0-thermal,59.406
1780559726.3788538,,,soc1-thermal,59.125
1780559726.3788538,,,soc2-thermal,59.781
1780559726.3788538,,,tj-thermal,62.062
1780559726.4854748,VDD_IN,6865.6,,
1780559726.4854748,VDD_CPU_GPU_CV,3055.104,,
1780559726.4854748,VDD_SOC,1451.584,,
1780559726.4854748,,,cpu-thermal,62.093
1780559726.4854748,,,gpu-thermal,61.25
1780559726.4854748,,,soc0-thermal,59.5
1780559726.4854748,,,soc1-thermal,59.156
1780559726.4854748,,,soc2-thermal,59.781
1780559726.4854748,,,tj-thermal,61.875
1780559726.5918577,VDD_IN,6865.6,,
1780559726.5918577,VDD_CPU_GPU_CV,3055.104,,
1780559726.5918577,VDD_SOC,1490.816,,
1780559726.5918577,,,cpu-thermal,62.0
1780559726.5918577,,,gpu-thermal,61.218
1780559726.5918577,,,soc0-thermal,59.312
1780559726.5918577,,,soc1-thermal,59.031
1780559726.5918577,,,soc2-thermal,59.781
1780559726.5918577,,,tj-thermal,62.0
1780559726.6992555,VDD_IN,6826.368,,
1780559726.6992555,VDD_CPU_GPU_CV,3015.936,,
1780559726.6992555,VDD_SOC,1451.584,,
1780559726.6992555,,,cpu-thermal,62.0
1780559726.6992555,,,gpu-thermal,61.187
1780559726.6992555,,,soc0-thermal,59.343
1780559726.6992555,,,soc1-thermal,59.093
1780559726.6992555,,,soc2-thermal,59.812
1780559726.6992555,,,tj-thermal,61.875
1780559726.8057144,VDD_IN,6826.368,,
1780559726.8057144,VDD_CPU_GPU_CV,3015.936,,
1780559726.8057144,VDD_SOC,1451.584,,
1780559726.8057144,,,cpu-thermal,61.906
1780559726.8057144,,,gpu-thermal,61.468
1780559726.8057144,,,soc0-thermal,59.437
1780559726.8057144,,,soc1-thermal,59.281
1780559726.8057144,,,soc2-thermal,59.75
1780559726.8057144,,,tj-thermal,61.906
1780559726.9124103,VDD_IN,6865.6,,
1780559726.9124103,VDD_CPU_GPU_CV,3015.936,,
1780559726.9124103,VDD_SOC,1490.816,,
1780559726.9124103,,,cpu-thermal,61.937
1780559726.9124103,,,gpu-thermal,61.343
1780559726.9124103,,,soc0-thermal,59.406
1780559726.9124103,,,soc1-thermal,59.031
1780559726.9124103,,,soc2-thermal,59.812
1780559726.9124103,,,tj-thermal,61.937
1780559727.018739,VDD_IN,6826.368,,
1780559727.018739,VDD_CPU_GPU_CV,3015.936,,
1780559727.018739,VDD_SOC,1451.584,,
1780559727.018739,,,cpu-thermal,62.156
1780559727.018739,,,gpu-thermal,61.531
1780559727.018739,,,soc0-thermal,59.406
1780559727.018739,,,soc1-thermal,59.093
1780559727.018739,,,soc2-thermal,59.843
1780559727.018739,,,tj-thermal,62.156
1780559727.1253502,VDD_IN,6826.368,,
1780559727.1253502,VDD_CPU_GPU_CV,3015.936,,
1780559727.1253502,VDD_SOC,1451.584,,
1780559727.1253502,,,cpu-thermal,62.125
1780559727.1253502,,,gpu-thermal,61.406
1780559727.1253502,,,soc0-thermal,59.437
1780559727.1253502,,,soc1-thermal,59.218
1780559727.1253502,,,soc2-thermal,59.718
1780559727.1253502,,,tj-thermal,62.125
1780559727.2318892,VDD_IN,6826.368,,
1780559727.2318892,VDD_CPU_GPU_CV,3015.936,,
1780559727.2318892,VDD_SOC,1451.584,,
1780559727.2318892,,,cpu-thermal,62.031
1780559727.2318892,,,gpu-thermal,61.375
1780559727.2318892,,,soc0-thermal,59.406
1780559727.2318892,,,soc1-thermal,59.031
1780559727.2318892,,,soc2-thermal,59.75
1780559727.2318892,,,tj-thermal,62.031
1780559727.3385549,VDD_IN,6826.368,,
1780559727.3385549,VDD_CPU_GPU_CV,3015.936,,
1780559727.3385549,VDD_SOC,1451.584,,
1780559727.3385549,,,cpu-thermal,62.093
1780559727.3385549,,,gpu-thermal,61.25
1780559727.3385549,,,soc0-thermal,59.437
1780559727.3385549,,,soc1-thermal,59.125
1780559727.3385549,,,soc2-thermal,59.906
1780559727.3385549,,,tj-thermal,62.093
1780559727.4451325,VDD_IN,6826.368,,
1780559727.4451325,VDD_CPU_GPU_CV,3015.936,,
1780559727.4451325,VDD_SOC,1451.584,,
1780559727.4451325,,,cpu-thermal,61.968
1780559727.4451325,,,gpu-thermal,61.218
1780559727.4451325,,,soc0-thermal,59.468
1780559727.4451325,,,soc1-thermal,59.25
1780559727.4451325,,,soc2-thermal,59.781
1780559727.4451325,,,tj-thermal,61.968
1780559727.5516307,VDD_IN,6826.368,,
1780559727.5516307,VDD_CPU_GPU_CV,3015.936,,
1780559727.5516307,VDD_SOC,1451.584,,
1780559727.5516307,,,cpu-thermal,62.093
1780559727.5516307,,,gpu-thermal,61.218
1780559727.5516307,,,soc0-thermal,59.562
1780559727.5516307,,,soc1-thermal,59.062
1780559727.5516307,,,soc2-thermal,59.812
1780559727.5516307,,,tj-thermal,62.093
1780559727.6580262,VDD_IN,6826.368,,
1780559727.6580262,VDD_CPU_GPU_CV,3015.936,,
1780559727.6580262,VDD_SOC,1451.584,,
1780559727.6580262,,,cpu-thermal,62.031
1780559727.6580262,,,gpu-thermal,61.5
1780559727.6580262,,,soc0-thermal,59.406
1780559727.6580262,,,soc1-thermal,59.125
1780559727.6580262,,,soc2-thermal,59.937
1780559727.6580262,,,tj-thermal,62.281
1780559727.764824,VDD_IN,6826.368,,
1780559727.764824,VDD_CPU_GPU_CV,3015.936,,
1780559727.764824,VDD_SOC,1451.584,,
1780559727.764824,,,cpu-thermal,61.875
1780559727.764824,,,gpu-thermal,61.406
1780559727.764824,,,soc0-thermal,59.562
1780559727.764824,,,soc1-thermal,59.25
1780559727.764824,,,soc2-thermal,59.812
1780559727.764824,,,tj-thermal,61.875
1780559727.8714755,VDD_IN,6826.368,,
1780559727.8714755,VDD_CPU_GPU_CV,3015.936,,
1780559727.8714755,VDD_SOC,1451.584,,
1780559727.8714755,,,cpu-thermal,61.937
1780559727.8714755,,,gpu-thermal,61.375
1780559727.8714755,,,soc0-thermal,59.5
1780559727.8714755,,,soc1-thermal,59.187
1780559727.8714755,,,soc2-thermal,59.812
1780559727.8714755,,,tj-thermal,62.031
1780559727.9781733,VDD_IN,6826.368,,
1780559727.9781733,VDD_CPU_GPU_CV,3015.936,,
1780559727.9781733,VDD_SOC,1451.584,,
1780559727.9781733,,,cpu-thermal,62.218
1780559727.9781733,,,gpu-thermal,61.343
1780559727.9781733,,,soc0-thermal,59.5
1780559727.9781733,,,soc1-thermal,59.125
1780559727.9781733,,,soc2-thermal,59.937
1780559727.9781733,,,tj-thermal,62.218
1780559728.0849404,VDD_IN,6826.368,,
1780559728.0849404,VDD_CPU_GPU_CV,3015.936,,
1780559728.0849404,VDD_SOC,1451.584,,
1780559728.0849404,,,cpu-thermal,62.187
1780559728.0849404,,,gpu-thermal,61.218
1780559728.0849404,,,soc0-thermal,59.5
1780559728.0849404,,,soc1-thermal,59.25
1780559728.0849404,,,soc2-thermal,59.843
1780559728.0849404,,,tj-thermal,62.187
1780559728.1914155,VDD_IN,6826.368,,
1780559728.1914155,VDD_CPU_GPU_CV,2976.768,,
1780559728.1914155,VDD_SOC,1451.584,,
1780559728.1914155,,,cpu-thermal,62.093
1780559728.1914155,,,gpu-thermal,61.687
1780559728.1914155,,,soc0-thermal,59.656
1780559728.1914155,,,soc1-thermal,59.062
1780559728.1914155,,,soc2-thermal,59.875
1780559728.1914155,,,tj-thermal,62.093
1780559728.2979221,VDD_IN,6865.6,,
1780559728.2979221,VDD_CPU_GPU_CV,3015.936,,
1780559728.2979221,VDD_SOC,1490.816,,
1780559728.2979221,,,cpu-thermal,62.125
1780559728.2979221,,,gpu-thermal,61.406
1780559728.2979221,,,soc0-thermal,59.562
1780559728.2979221,,,soc1-thermal,59.25
1780559728.2979221,,,soc2-thermal,59.937
1780559728.2979221,,,tj-thermal,62.125
1780559728.4045546,VDD_IN,6826.368,,
1780559728.4045546,VDD_CPU_GPU_CV,3015.936,,
1780559728.4045546,VDD_SOC,1451.584,,
1780559728.4045546,,,cpu-thermal,62.062
1780559728.4045546,,,gpu-thermal,61.343
1780559728.4045546,,,soc0-thermal,59.5
1780559728.4045546,,,soc1-thermal,59.25
1780559728.4045546,,,soc2-thermal,59.812
1780559728.4045546,,,tj-thermal,62.062
1780559728.5110662,VDD_IN,6826.368,,
1780559728.5110662,VDD_CPU_GPU_CV,3015.936,,
1780559728.5110662,VDD_SOC,1451.584,,
1780559728.5110662,,,cpu-thermal,62.093
1780559728.5110662,,,gpu-thermal,61.343
1780559728.5110662,,,soc0-thermal,59.625
1780559728.5110662,,,soc1-thermal,59.156
1780559728.5110662,,,soc2-thermal,59.906
1780559728.5110662,,,tj-thermal,62.093
1780559728.617686,VDD_IN,6865.6,,
1780559728.617686,VDD_CPU_GPU_CV,3015.936,,
1780559728.617686,VDD_SOC,1451.584,,
1780559728.617686,,,cpu-thermal,62.312
1780559728.617686,,,gpu-thermal,61.312
1780559728.617686,,,soc0-thermal,59.437
1780559728.617686,,,soc1-thermal,59.156
1780559728.617686,,,soc2-thermal,59.875
1780559728.617686,,,tj-thermal,62.312
1780559728.7241173,VDD_IN,6826.368,,
1780559728.7241173,VDD_CPU_GPU_CV,3015.936,,
1780559728.7241173,VDD_SOC,1451.584,,
1780559728.7241173,,,cpu-thermal,61.968
1780559728.7241173,,,gpu-thermal,61.718
1780559728.7241173,,,soc0-thermal,59.531
1780559728.7241173,,,soc1-thermal,59.25
1780559728.7241173,,,soc2-thermal,59.937
1780559728.7241173,,,tj-thermal,61.968
1780559728.8307056,VDD_IN,6826.368,,
1780559728.8307056,VDD_CPU_GPU_CV,3015.936,,
1780559728.8307056,VDD_SOC,1451.584,,
1780559728.8307056,,,cpu-thermal,61.968
1780559728.8307056,,,gpu-thermal,61.5
1780559728.8307056,,,soc0-thermal,59.625
1780559728.8307056,,,soc1-thermal,59.187
1780559728.8307056,,,soc2-thermal,59.843
1780559728.8307056,,,tj-thermal,62.093
1780559728.9373474,VDD_IN,6826.368,,
1780559728.9373474,VDD_CPU_GPU_CV,3015.936,,
1780559728.9373474,VDD_SOC,1451.584,,
1780559728.9373474,,,cpu-thermal,62.25
1780559728.9373474,,,gpu-thermal,61.406
1780559728.9373474,,,soc0-thermal,59.531
1780559728.9373474,,,soc1-thermal,59.187
1780559728.9373474,,,soc2-thermal,59.937
1780559728.9373474,,,tj-thermal,62.25
1780559729.0439374,VDD_IN,6826.368,,
1780559729.0439374,VDD_CPU_GPU_CV,3015.936,,
1780559729.0439374,VDD_SOC,1451.584,,
1780559729.0439374,,,cpu-thermal,62.343
1780559729.0439374,,,gpu-thermal,61.312
1780559729.0439374,,,soc0-thermal,59.562
1780559729.0439374,,,soc1-thermal,59.375
1780559729.0439374,,,soc2-thermal,59.906
1780559729.0439374,,,tj-thermal,62.062
1780559729.1506603,VDD_IN,6826.368,,
1780559729.1506603,VDD_CPU_GPU_CV,3015.936,,
1780559729.1506603,VDD_SOC,1451.584,,
1780559729.1506603,,,cpu-thermal,62.125
1780559729.1506603,,,gpu-thermal,61.343
1780559729.1506603,,,soc0-thermal,59.468
1780559729.1506603,,,soc1-thermal,59.156
1780559729.1506603,,,soc2-thermal,59.843
1780559729.1506603,,,tj-thermal,62.125
1780559729.2571485,VDD_IN,6826.368,,
1780559729.2571485,VDD_CPU_GPU_CV,3015.936,,
1780559729.2571485,VDD_SOC,1451.584,,
1780559729.2571485,,,cpu-thermal,62.093
1780559729.2571485,,,gpu-thermal,61.343
1780559729.2571485,,,soc0-thermal,59.531
1780559729.2571485,,,soc1-thermal,59.281
1780559729.2571485,,,soc2-thermal,59.968
1780559729.2571485,,,tj-thermal,62.093
1780559729.3635652,VDD_IN,6826.368,,
1780559729.3635652,VDD_CPU_GPU_CV,3015.936,,
1780559729.3635652,VDD_SOC,1451.584,,
1780559729.3635652,,,cpu-thermal,62.062
1780559729.3635652,,,gpu-thermal,61.625
1780559729.3635652,,,soc0-thermal,59.593
1780559729.3635652,,,soc1-thermal,59.375
1780559729.3635652,,,soc2-thermal,59.906
1780559729.3635652,,,tj-thermal,62.062
1780559729.469968,VDD_IN,6826.368,,
1780559729.469968,VDD_CPU_GPU_CV,3015.936,,
1780559729.469968,VDD_SOC,1451.584,,
1780559729.469968,,,cpu-thermal,62.062
1780559729.469968,,,gpu-thermal,61.437
1780559729.469968,,,soc0-thermal,59.656
1780559729.469968,,,soc1-thermal,59.093
1780559729.469968,,,soc2-thermal,59.937
1780559729.469968,,,tj-thermal,62.062
1780559729.576542,VDD_IN,6826.368,,
1780559729.576542,VDD_CPU_GPU_CV,3015.936,,
1780559729.576542,VDD_SOC,1451.584,,
1780559729.576542,,,cpu-thermal,62.281
1780559729.576542,,,gpu-thermal,61.375
1780559729.576542,,,soc0-thermal,59.437
1780559729.576542,,,soc1-thermal,59.218
1780559729.576542,,,soc2-thermal,60.0
1780559729.576542,,,tj-thermal,62.281
1780559729.683038,VDD_IN,6826.368,,
1780559729.683038,VDD_CPU_GPU_CV,3015.936,,
1780559729.683038,VDD_SOC,1451.584,,
1780559729.683038,,,cpu-thermal,61.968
1780559729.683038,,,gpu-thermal,61.375
1780559729.683038,,,soc0-thermal,59.593
1780559729.683038,,,soc1-thermal,59.406
1780559729.683038,,,soc2-thermal,59.906
1780559729.683038,,,tj-thermal,61.968
1780559729.7894573,VDD_IN,6826.368,,
1780559729.7894573,VDD_CPU_GPU_CV,3015.936,,
1780559729.7894573,VDD_SOC,1451.584,,
1780559729.7894573,,,cpu-thermal,62.031
1780559729.7894573,,,gpu-thermal,61.312
1780559729.7894573,,,soc0-thermal,59.625
1780559729.7894573,,,soc1-thermal,59.187
1780559729.7894573,,,soc2-thermal,59.937
1780559729.7894573,,,tj-thermal,62.125
1780559729.8960607,VDD_IN,6826.368,,
1780559729.8960607,VDD_CPU_GPU_CV,3015.936,,
1780559729.8960607,VDD_SOC,1451.584,,
1780559729.8960607,,,cpu-thermal,62.125
1780559729.8960607,,,gpu-thermal,61.406
1780559729.8960607,,,soc0-thermal,59.593
1780559729.8960607,,,soc1-thermal,59.25
1780559729.8960607,,,soc2-thermal,59.937
1780559729.8960607,,,tj-thermal,62.125
1780559730.0025277,VDD_IN,6826.368,,
1780559730.0025277,VDD_CPU_GPU_CV,3015.936,,
1780559730.0025277,VDD_SOC,1451.584,,
1780559730.0025277,,,cpu-thermal,62.281
1780559730.0025277,,,gpu-thermal,61.531
1780559730.0025277,,,soc0-thermal,59.656
1780559730.0025277,,,soc1-thermal,59.343
1780559730.0025277,,,soc2-thermal,59.937
1780559730.0025277,,,tj-thermal,62.281
1780559730.108899,VDD_IN,6826.368,,
1780559730.108899,VDD_CPU_GPU_CV,3011.008,,
1780559730.108899,VDD_SOC,1451.584,,
1780559730.108899,,,cpu-thermal,62.125
1780559730.108899,,,gpu-thermal,61.218
1780559730.108899,,,soc0-thermal,59.687
1780559730.108899,,,soc1-thermal,59.281
1780559730.108899,,,soc2-thermal,59.906
1780559730.108899,,,tj-thermal,62.125
1780559730.2155974,VDD_IN,6826.368,,
1780559730.2155974,VDD_CPU_GPU_CV,3011.008,,
1780559730.2155974,VDD_SOC,1451.584,,
1780559730.2155974,,,cpu-thermal,62.156
1780559730.2155974,,,gpu-thermal,61.625
1780559730.2155974,,,soc0-thermal,59.5
1780559730.2155974,,,soc1-thermal,59.218
1780559730.2155974,,,soc2-thermal,59.968
1780559730.2155974,,,tj-thermal,62.156
1780559730.3221354,VDD_IN,6826.368,,
1780559730.3221354,VDD_CPU_GPU_CV,3011.008,,
1780559730.3221354,VDD_SOC,1451.584,,
1780559730.3221354,,,cpu-thermal,62.0
1780559730.3221354,,,gpu-thermal,61.562
1780559730.3221354,,,soc0-thermal,59.562
1780559730.3221354,,,soc1-thermal,59.343
1780559730.3221354,,,soc2-thermal,59.937
1780559730.3221354,,,tj-thermal,62.0
1780559730.4288368,VDD_IN,6787.136,,
1780559730.4288368,VDD_CPU_GPU_CV,3011.008,,
1780559730.4288368,VDD_SOC,1451.584,,
1780559730.4288368,,,cpu-thermal,62.125
1780559730.4288368,,,gpu-thermal,61.406
1780559730.4288368,,,soc0-thermal,59.656
1780559730.4288368,,,soc1-thermal,59.281
1780559730.4288368,,,soc2-thermal,59.968
1780559730.4288368,,,tj-thermal,62.125
1780559730.5359802,VDD_IN,6826.368,,
1780559730.5359802,VDD_CPU_GPU_CV,3011.008,,
1780559730.5359802,VDD_SOC,1451.584,,
1780559730.5359802,,,cpu-thermal,62.281
1780559730.5359802,,,gpu-thermal,61.406
1780559730.5359802,,,soc0-thermal,59.593
1780559730.5359802,,,soc1-thermal,59.218
1780559730.5359802,,,soc2-thermal,59.875
1780559730.5359802,,,tj-thermal,62.281
1780559730.6426268,VDD_IN,6826.368,,
1780559730.6426268,VDD_CPU_GPU_CV,3011.008,,
1780559730.6426268,VDD_SOC,1451.584,,
1780559730.6426268,,,cpu-thermal,62.093
1780559730.6426268,,,gpu-thermal,61.406
1780559730.6426268,,,soc0-thermal,59.718
1780559730.6426268,,,soc1-thermal,59.406
1780559730.6426268,,,soc2-thermal,59.937
1780559730.6426268,,,tj-thermal,62.093
1780559730.7491858,VDD_IN,6826.368,,
1780559730.7491858,VDD_CPU_GPU_CV,3011.008,,
1780559730.7491858,VDD_SOC,1451.584,,
1780559730.7491858,,,cpu-thermal,62.218
1780559730.7491858,,,gpu-thermal,61.687
1780559730.7491858,,,soc0-thermal,59.562
1780559730.7491858,,,soc1-thermal,59.25
1780559730.7491858,,,soc2-thermal,59.968
1780559730.7491858,,,tj-thermal,62.218
1780559730.8558235,VDD_IN,6826.368,,
1780559730.8558235,VDD_CPU_GPU_CV,3011.008,,
1780559730.8558235,VDD_SOC,1451.584,,
1780559730.8558235,,,cpu-thermal,62.218
1780559730.8558235,,,gpu-thermal,61.593
1780559730.8558235,,,soc0-thermal,59.468
1780559730.8558235,,,soc1-thermal,59.375
1780559730.8558235,,,soc2-thermal,60.0
1780559730.8558235,,,tj-thermal,62.218
1780559730.9625487,VDD_IN,6826.368,,
1780559730.9625487,VDD_CPU_GPU_CV,3011.008,,
1780559730.9625487,VDD_SOC,1451.584,,
1780559730.9625487,,,cpu-thermal,62.343
1780559730.9625487,,,gpu-thermal,61.468
1780559730.9625487,,,soc0-thermal,59.625
1780559730.9625487,,,soc1-thermal,59.406
1780559730.9625487,,,soc2-thermal,59.968
1780559730.9625487,,,tj-thermal,62.125
1780559731.0690475,VDD_IN,6826.368,,
1780559731.0690475,VDD_CPU_GPU_CV,3011.008,,
1780559731.0690475,VDD_SOC,1451.584,,
1780559731.0690475,,,cpu-thermal,62.218
1780559731.0690475,,,gpu-thermal,61.406
1780559731.0690475,,,soc0-thermal,59.5
1780559731.0690475,,,soc1-thermal,59.281
1780559731.0690475,,,soc2-thermal,60.0
1780559731.0690475,,,tj-thermal,62.218
1780559731.175772,VDD_IN,6826.368,,
1780559731.175772,VDD_CPU_GPU_CV,3011.008,,
1780559731.175772,VDD_SOC,1451.584,,
1780559731.175772,,,cpu-thermal,62.125
1780559731.175772,,,gpu-thermal,61.406
1780559731.175772,,,soc0-thermal,59.593
1780559731.175772,,,soc1-thermal,59.312
1780559731.175772,,,soc2-thermal,60.0
1780559731.175772,,,tj-thermal,62.031
1780559731.282486,VDD_IN,6826.368,,
1780559731.282486,VDD_CPU_GPU_CV,3011.008,,
1780559731.282486,VDD_SOC,1451.584,,
1780559731.282486,,,cpu-thermal,62.125
1780559731.282486,,,gpu-thermal,61.843
1780559731.282486,,,soc0-thermal,59.656
1780559731.282486,,,soc1-thermal,59.406
1780559731.282486,,,soc2-thermal,59.906
1780559731.282486,,,tj-thermal,62.125
1780559731.3893392,VDD_IN,6865.6,,
1780559731.3893392,VDD_CPU_GPU_CV,3050.112,,
1780559731.3893392,VDD_SOC,1451.584,,
1780559731.3893392,,,cpu-thermal,62.187
1780559731.3893392,,,gpu-thermal,61.718
1780559731.3893392,,,soc0-thermal,59.593
1780559731.3893392,,,soc1-thermal,59.25
1780559731.3893392,,,soc2-thermal,60.031
1780559731.3893392,,,tj-thermal,62.343
1780559731.4956508,VDD_IN,6865.6,,
1780559731.4956508,VDD_CPU_GPU_CV,3050.112,,
1780559731.4956508,VDD_SOC,1451.584,,
1780559731.4956508,,,cpu-thermal,62.531
1780559731.4956508,,,gpu-thermal,61.562
1780559731.4956508,,,soc0-thermal,59.562
1780559731.4956508,,,soc1-thermal,59.281
1780559731.4956508,,,soc2-thermal,60.062
1780559731.4956508,,,tj-thermal,62.531
1780559731.6020856,VDD_IN,6865.6,,
1780559731.6020856,VDD_CPU_GPU_CV,3011.008,,
1780559731.6020856,VDD_SOC,1451.584,,
1780559731.6020856,,,cpu-thermal,62.406
1780559731.6020856,,,gpu-thermal,61.5
1780559731.6020856,,,soc0-thermal,59.687
1780559731.6020856,,,soc1-thermal,59.406
1780559731.6020856,,,soc2-thermal,60.031
1780559731.6020856,,,tj-thermal,62.406
1780559731.7086804,VDD_IN,6865.6,,
1780559731.7086804,VDD_CPU_GPU_CV,3011.008,,
1780559731.7086804,VDD_SOC,1490.816,,
1780559731.7086804,,,cpu-thermal,62.156
1780559731.7086804,,,gpu-thermal,61.5
1780559731.7086804,,,soc0-thermal,59.5
1780559731.7086804,,,soc1-thermal,59.312
1780559731.7086804,,,soc2-thermal,60.062
1780559731.7086804,,,tj-thermal,62.156
1780559731.8154118,VDD_IN,6865.6,,
1780559731.8154118,VDD_CPU_GPU_CV,3011.008,,
1780559731.8154118,VDD_SOC,1490.816,,
1780559731.8154118,,,cpu-thermal,62.281
1780559731.8154118,,,gpu-thermal,61.531
1780559731.8154118,,,soc0-thermal,59.625
1780559731.8154118,,,soc1-thermal,59.25
1780559731.8154118,,,soc2-thermal,60.062
1780559731.8154118,,,tj-thermal,62.281
1780559731.9220464,VDD_IN,6826.368,,
1780559731.9220464,VDD_CPU_GPU_CV,3011.008,,
1780559731.9220464,VDD_SOC,1451.584,,
1780559731.9220464,,,cpu-thermal,62.125
1780559731.9220464,,,gpu-thermal,61.437
1780559731.9220464,,,soc0-thermal,59.656
1780559731.9220464,,,soc1-thermal,59.468
1780559731.9220464,,,soc2-thermal,59.937
1780559731.9220464,,,tj-thermal,62.125
1780559732.028593,VDD_IN,6865.6,,
1780559732.028593,VDD_CPU_GPU_CV,3015.936,,
1780559732.028593,VDD_SOC,1490.816,,
1780559732.028593,,,cpu-thermal,62.156
1780559732.028593,,,gpu-thermal,61.5
1780559732.028593,,,soc0-thermal,59.562
1780559732.028593,,,soc1-thermal,59.312
1780559732.028593,,,soc2-thermal,60.031
1780559732.028593,,,tj-thermal,62.156
1780559732.1351311,VDD_IN,6865.6,,
1780559732.1351311,VDD_CPU_GPU_CV,3015.936,,
1780559732.1351311,VDD_SOC,1490.816,,
1780559732.1351311,,,cpu-thermal,62.5
1780559732.1351311,,,gpu-thermal,61.812
1780559732.1351311,,,soc0-thermal,59.687
1780559732.1351311,,,soc1-thermal,59.343
1780559732.1351311,,,soc2-thermal,60.062
1780559732.1351311,,,tj-thermal,62.5
1780559732.2418864,VDD_IN,6826.368,,
1780559732.2418864,VDD_CPU_GPU_CV,3015.936,,
1780559732.2418864,VDD_SOC,1451.584,,
1780559732.2418864,,,cpu-thermal,62.125
1780559732.2418864,,,gpu-thermal,61.75
1780559732.2418864,,,soc0-thermal,59.656
1780559732.2418864,,,soc1-thermal,59.281
1780559732.2418864,,,soc2-thermal,59.968
1780559732.2418864,,,tj-thermal,62.125
1780559732.348391,VDD_IN,6865.6,,
1780559732.348391,VDD_CPU_GPU_CV,3055.104,,
1780559732.348391,VDD_SOC,1451.584,,
1780559732.348391,,,cpu-thermal,62.281
1780559732.348391,,,gpu-thermal,61.5
1780559732.348391,,,soc0-thermal,59.625
1780559732.348391,,,soc1-thermal,59.312
1780559732.348391,,,soc2-thermal,60.062
1780559732.348391,,,tj-thermal,62.281
1780559732.454842,VDD_IN,6865.6,,
1780559732.454842,VDD_CPU_GPU_CV,3055.104,,
1780559732.454842,VDD_SOC,1451.584,,
1780559732.454842,,,cpu-thermal,62.375
1780559732.454842,,,gpu-thermal,61.468
1780559732.454842,,,soc0-thermal,59.656
1780559732.454842,,,soc1-thermal,59.312
1780559732.454842,,,soc2-thermal,60.031
1780559732.454842,,,tj-thermal,62.375
1780559732.5612605,VDD_IN,6865.6,,
1780559732.5612605,VDD_CPU_GPU_CV,3055.104,,
1780559732.5612605,VDD_SOC,1451.584,,
1780559732.5612605,,,cpu-thermal,62.406
1780559732.5612605,,,gpu-thermal,61.468
1780559732.5612605,,,soc0-thermal,59.781
1780559732.5612605,,,soc1-thermal,59.437
1780559732.5612605,,,soc2-thermal,60.031
1780559732.5612605,,,tj-thermal,62.406
1780559732.6677783,VDD_IN,6865.6,,
1780559732.6677783,VDD_CPU_GPU_CV,3015.936,,
1780559732.6677783,VDD_SOC,1451.584,,
1780559732.6677783,,,cpu-thermal,62.218
1780559732.6677783,,,gpu-thermal,61.468
1780559732.6677783,,,soc0-thermal,59.843
1780559732.6677783,,,soc1-thermal,59.312
1780559732.6677783,,,soc2-thermal,60.093
1780559732.6677783,,,tj-thermal,62.218
1780559732.774276,VDD_IN,6865.6,,
1780559732.774276,VDD_CPU_GPU_CV,3015.936,,
1780559732.774276,VDD_SOC,1490.816,,
1780559732.774276,,,cpu-thermal,62.375
1780559732.774276,,,gpu-thermal,61.843
1780559732.774276,,,soc0-thermal,59.625
1780559732.774276,,,soc1-thermal,59.375
1780559732.774276,,,soc2-thermal,60.093
1780559732.774276,,,tj-thermal,62.375
1780559732.8808835,VDD_IN,6865.6,,
1780559732.8808835,VDD_CPU_GPU_CV,3015.936,,
1780559732.8808835,VDD_SOC,1490.816,,
1780559732.8808835,,,cpu-thermal,62.156
1780559732.8808835,,,gpu-thermal,61.656
1780559732.8808835,,,soc0-thermal,59.781
1780559732.8808835,,,soc1-thermal,59.406
1780559732.8808835,,,soc2-thermal,60.093
1780559732.8808835,,,tj-thermal,62.156
1780559732.987539,VDD_IN,6826.368,,
1780559732.987539,VDD_CPU_GPU_CV,3015.936,,
1780559732.987539,VDD_SOC,1451.584,,
1780559732.987539,,,cpu-thermal,62.125
1780559732.987539,,,gpu-thermal,61.625
1780559732.987539,,,soc0-thermal,59.781
1780559732.987539,,,soc1-thermal,59.343
1780559732.987539,,,soc2-thermal,60.062
1780559732.987539,,,tj-thermal,62.125
1780559733.0941193,VDD_IN,6865.6,,
1780559733.0941193,VDD_CPU_GPU_CV,3015.936,,
1780559733.0941193,VDD_SOC,1490.816,,
1780559733.0941193,,,cpu-thermal,62.468
1780559733.0941193,,,gpu-thermal,61.562
1780559733.0941193,,,soc0-thermal,59.75
1780559733.0941193,,,soc1-thermal,59.437
1780559733.0941193,,,soc2-thermal,60.062
1780559733.0941193,,,tj-thermal,62.468
1780559733.2009428,VDD_IN,6865.6,,
1780559733.2009428,VDD_CPU_GPU_CV,3015.936,,
1780559733.2009428,VDD_SOC,1490.816,,
1780559733.2009428,,,cpu-thermal,62.156
1780559733.2009428,,,gpu-thermal,61.5
1780559733.2009428,,,soc0-thermal,59.75
1780559733.2009428,,,soc1-thermal,59.281
1780559733.2009428,,,soc2-thermal,60.031
1780559733.2009428,,,tj-thermal,62.156
1780559733.3075776,VDD_IN,6826.368,,
1780559733.3075776,VDD_CPU_GPU_CV,3015.936,,
1780559733.3075776,VDD_SOC,1451.584,,
1780559733.3075776,,,cpu-thermal,62.187
1780559733.3075776,,,gpu-thermal,61.781
1780559733.3075776,,,soc0-thermal,59.687
1780559733.3075776,,,soc1-thermal,59.375
1780559733.3075776,,,soc2-thermal,60.093
1780559733.3075776,,,tj-thermal,62.343
1780559733.4140878,VDD_IN,6826.368,,
1780559733.4140878,VDD_CPU_GPU_CV,3055.104,,
1780559733.4140878,VDD_SOC,1451.584,,
1780559733.4140878,,,cpu-thermal,62.312
1780559733.4140878,,,gpu-thermal,61.687
1780559733.4140878,,,soc0-thermal,59.718
1780559733.4140878,,,soc1-thermal,59.375
1780559733.4140878,,,soc2-thermal,60.156
1780559733.4140878,,,tj-thermal,62.312
1780559733.5207396,VDD_IN,6865.6,,
1780559733.5207396,VDD_CPU_GPU_CV,3050.112,,
1780559733.5207396,VDD_SOC,1451.584,,
1780559733.5207396,,,cpu-thermal,62.562
1780559733.5207396,,,gpu-thermal,61.656
1780559733.5207396,,,soc0-thermal,59.875
1780559733.5207396,,,soc1-thermal,59.343
1780559733.5207396,,,soc2-thermal,60.093
1780559733.5207396,,,tj-thermal,62.281
1780559733.62705,VDD_IN,6826.368,,
1780559733.62705,VDD_CPU_GPU_CV,3011.008,,
1780559733.62705,VDD_SOC,1451.584,,
1780559733.62705,,,cpu-thermal,62.281
1780559733.62705,,,gpu-thermal,61.625
1780559733.62705,,,soc0-thermal,59.656
1780559733.62705,,,soc1-thermal,59.375
1780559733.62705,,,soc2-thermal,60.062
1780559733.62705,,,tj-thermal,62.281
1780559733.7336183,VDD_IN,6826.368,,
1780559733.7336183,VDD_CPU_GPU_CV,3011.008,,
1780559733.7336183,VDD_SOC,1451.584,,
1780559733.7336183,,,cpu-thermal,62.25
1780559733.7336183,,,gpu-thermal,61.5
1780559733.7336183,,,soc0-thermal,59.656
1780559733.7336183,,,soc1-thermal,59.406
1780559733.7336183,,,soc2-thermal,60.125
1780559733.7336183,,,tj-thermal,62.25
1780559733.8402166,VDD_IN,6865.6,,
1780559733.8402166,VDD_CPU_GPU_CV,3015.936,,
1780559733.8402166,VDD_SOC,1490.816,,
1780559733.8402166,,,cpu-thermal,62.156
1780559733.8402166,,,gpu-thermal,61.5
1780559733.8402166,,,soc0-thermal,59.812
1780559733.8402166,,,soc1-thermal,59.312
1780559733.8402166,,,soc2-thermal,60.093
1780559733.8402166,,,tj-thermal,62.156
1780559733.9466438,VDD_IN,6826.368,,
1780559733.9466438,VDD_CPU_GPU_CV,3015.936,,
1780559733.9466438,VDD_SOC,1490.816,,
1780559733.9466438,,,cpu-thermal,62.218
1780559733.9466438,,,gpu-thermal,61.718
1780559733.9466438,,,soc0-thermal,59.718
1780559733.9466438,,,soc1-thermal,59.343
1780559733.9466438,,,soc2-thermal,60.125
1780559733.9466438,,,tj-thermal,62.218
1780559734.053237,VDD_IN,6826.368,,
1780559734.053237,VDD_CPU_GPU_CV,3011.008,,
1780559734.053237,VDD_SOC,1451.584,,
1780559734.053237,,,cpu-thermal,62.562
1780559734.053237,,,gpu-thermal,61.75
1780559734.053237,,,soc0-thermal,59.687
1780559734.053237,,,soc1-thermal,59.406
1780559734.053237,,,soc2-thermal,60.187
1780559734.053237,,,tj-thermal,62.562
1780559734.1597102,VDD_IN,6865.6,,
1780559734.1597102,VDD_CPU_GPU_CV,3011.008,,
1780559734.1597102,VDD_SOC,1490.816,,
1780559734.1597102,,,cpu-thermal,62.218
1780559734.1597102,,,gpu-thermal,61.625
1780559734.1597102,,,soc0-thermal,59.781
1780559734.1597102,,,soc1-thermal,59.625
1780559734.1597102,,,soc2-thermal,60.093
1780559734.1597102,,,tj-thermal,62.218
1780559734.2663264,VDD_IN,6865.6,,
1780559734.2663264,VDD_CPU_GPU_CV,3015.936,,
1780559734.2663264,VDD_SOC,1490.816,,
1780559734.2663264,,,cpu-thermal,62.312
1780559734.2663264,,,gpu-thermal,61.531
1780559734.2663264,,,soc0-thermal,59.718
1780559734.2663264,,,soc1-thermal,59.375
1780559734.2663264,,,soc2-thermal,60.156
1780559734.2663264,,,tj-thermal,62.312
1780559734.3730552,VDD_IN,6865.6,,
1780559734.3730552,VDD_CPU_GPU_CV,3050.112,,
1780559734.3730552,VDD_SOC,1451.584,,
1780559734.3730552,,,cpu-thermal,62.437
1780559734.3730552,,,gpu-thermal,61.468
1780559734.3730552,,,soc0-thermal,59.75
1780559734.3730552,,,soc1-thermal,59.375
1780559734.3730552,,,soc2-thermal,60.156
1780559734.3730552,,,tj-thermal,62.437
1780559734.4796562,VDD_IN,6865.6,,
1780559734.4796562,VDD_CPU_GPU_CV,3050.112,,
1780559734.4796562,VDD_SOC,1451.584,,
1780559734.4796562,,,cpu-thermal,62.531
1780559734.4796562,,,gpu-thermal,61.812
1780559734.4796562,,,soc0-thermal,59.75
1780559734.4796562,,,soc1-thermal,59.593
1780559734.4796562,,,soc2-thermal,60.062
1780559734.4796562,,,tj-thermal,62.25
1780559734.586179,VDD_IN,6865.6,,
1780559734.586179,VDD_CPU_GPU_CV,3050.112,,
1780559734.586179,VDD_SOC,1451.584,,
1780559734.586179,,,cpu-thermal,62.281
1780559734.586179,,,gpu-thermal,61.812
1780559734.586179,,,soc0-thermal,59.843
1780559734.586179,,,soc1-thermal,59.375
1780559734.586179,,,soc2-thermal,60.093
1780559734.586179,,,tj-thermal,62.281
1780559734.6925576,VDD_IN,6865.6,,
1780559734.6925576,VDD_CPU_GPU_CV,3050.112,,
1780559734.6925576,VDD_SOC,1490.816,,
1780559734.6925576,,,cpu-thermal,62.312
1780559734.6925576,,,gpu-thermal,61.937
1780559734.6925576,,,soc0-thermal,59.75
1780559734.6925576,,,soc1-thermal,59.406
1780559734.6925576,,,soc2-thermal,60.25
1780559734.6925576,,,tj-thermal,62.281
1780559734.799261,VDD_IN,6826.368,,
1780559734.799261,VDD_CPU_GPU_CV,3011.008,,
1780559734.799261,VDD_SOC,1451.584,,
1780559734.799261,,,cpu-thermal,62.281
1780559734.799261,,,gpu-thermal,61.75
1780559734.799261,,,soc0-thermal,59.843
1780559734.799261,,,soc1-thermal,59.593
1780559734.799261,,,soc2-thermal,60.156
1780559734.799261,,,tj-thermal,62.281
1780559734.905827,VDD_IN,6865.6,,
1780559734.905827,VDD_CPU_GPU_CV,3015.936,,
1780559734.905827,VDD_SOC,1451.584,,
1780559734.905827,,,cpu-thermal,62.281
1780559734.905827,,,gpu-thermal,61.687
1780559734.905827,,,soc0-thermal,59.875
1780559734.905827,,,soc1-thermal,59.375
1780559734.905827,,,soc2-thermal,60.187
1780559734.905827,,,tj-thermal,62.281
1780559735.0123625,VDD_IN,6865.6,,
1780559735.0123625,VDD_CPU_GPU_CV,3015.936,,
1780559735.0123625,VDD_SOC,1451.584,,
1780559735.0123625,,,cpu-thermal,62.562
1780559735.0123625,,,gpu-thermal,61.687
1780559735.0123625,,,soc0-thermal,59.781
1780559735.0123625,,,soc1-thermal,59.468
1780559735.0123625,,,soc2-thermal,60.218
1780559735.0123625,,,tj-thermal,62.562
1780559735.1189847,VDD_IN,6826.368,,
1780559735.1189847,VDD_CPU_GPU_CV,3015.936,,
1780559735.1189847,VDD_SOC,1451.584,,
1780559735.1189847,,,cpu-thermal,62.312
1780559735.1189847,,,gpu-thermal,61.562
1780559735.1189847,,,soc0-thermal,59.875
1780559735.1189847,,,soc1-thermal,59.593
1780559735.1189847,,,soc2-thermal,60.125
1780559735.1189847,,,tj-thermal,62.312
1780559735.2256322,VDD_IN,6826.368,,
1780559735.2256322,VDD_CPU_GPU_CV,3015.936,,
1780559735.2256322,VDD_SOC,1490.816,,
1780559735.2256322,,,cpu-thermal,62.406
1780559735.2256322,,,gpu-thermal,61.656
1780559735.2256322,,,soc0-thermal,59.781
1780559735.2256322,,,soc1-thermal,59.406
1780559735.2256322,,,soc2-thermal,60.125
1780559735.2256322,,,tj-thermal,62.406
1780559735.332453,VDD_IN,6865.6,,
1780559735.332453,VDD_CPU_GPU_CV,3015.936,,
1780559735.332453,VDD_SOC,1451.584,,
1780559735.332453,,,cpu-thermal,62.531
1780559735.332453,,,gpu-thermal,61.968
1780559735.332453,,,soc0-thermal,59.718
1780559735.332453,,,soc1-thermal,59.5
1780559735.332453,,,soc2-thermal,60.093
1780559735.332453,,,tj-thermal,62.531
1780559735.4388232,VDD_IN,6826.368,,
1780559735.4388232,VDD_CPU_GPU_CV,3055.104,,
1780559735.4388232,VDD_SOC,1451.584,,
1780559735.4388232,,,cpu-thermal,62.468
1780559735.4388232,,,gpu-thermal,61.75
1780559735.4388232,,,soc0-thermal,59.812
1780559735.4388232,,,soc1-thermal,59.656
1780559735.4388232,,,soc2-thermal,60.125
1780559735.4388232,,,tj-thermal,62.375
1780559735.5455194,VDD_IN,6826.368,,
1780559735.5455194,VDD_CPU_GPU_CV,3015.936,,
1780559735.5455194,VDD_SOC,1451.584,,
1780559735.5455194,,,cpu-thermal,62.343
1780559735.5455194,,,gpu-thermal,61.625
1780559735.5455194,,,soc0-thermal,59.812
1780559735.5455194,,,soc1-thermal,59.437
1780559735.5455194,,,soc2-thermal,60.218
1780559735.5455194,,,tj-thermal,62.343
1780559735.6522465,VDD_IN,6865.6,,
1780559735.6522465,VDD_CPU_GPU_CV,3015.936,,
1780559735.6522465,VDD_SOC,1490.816,,
1780559735.6522465,,,cpu-thermal,62.375
1780559735.6522465,,,gpu-thermal,61.656
1780559735.6522465,,,soc0-thermal,59.781
1780559735.6522465,,,soc1-thermal,59.468
1780559735.6522465,,,soc2-thermal,60.218
1780559735.6522465,,,tj-thermal,62.281
1780559735.7585638,VDD_IN,6865.6,,
1780559735.7585638,VDD_CPU_GPU_CV,3015.936,,
1780559735.7585638,VDD_SOC,1490.816,,
1780559735.7585638,,,cpu-thermal,62.25
1780559735.7585638,,,gpu-thermal,61.625
1780559735.7585638,,,soc0-thermal,59.906
1780559735.7585638,,,soc1-thermal,59.656
1780559735.7585638,,,soc2-thermal,60.156
1780559735.7585638,,,tj-thermal,62.25
1780559735.8653076,VDD_IN,6826.368,,
1780559735.8653076,VDD_CPU_GPU_CV,3015.936,,
1780559735.8653076,VDD_SOC,1451.584,,
1780559735.8653076,,,cpu-thermal,62.375
1780559735.8653076,,,gpu-thermal,61.968
1780559735.8653076,,,soc0-thermal,59.75
1780559735.8653076,,,soc1-thermal,59.468
1780559735.8653076,,,soc2-thermal,60.218
1780559735.8653076,,,tj-thermal,62.5
1780559735.971979,VDD_IN,6865.6,,
1780559735.971979,VDD_CPU_GPU_CV,3015.936,,
1780559735.971979,VDD_SOC,1490.816,,
1780559735.971979,,,cpu-thermal,62.531
1780559735.971979,,,gpu-thermal,61.843
1780559735.971979,,,soc0-thermal,59.781
1780559735.971979,,,soc1-thermal,59.5
1780559735.971979,,,soc2-thermal,60.25
1780559735.971979,,,tj-thermal,62.531
1780559736.0784056,VDD_IN,6865.6,,
1780559736.0784056,VDD_CPU_GPU_CV,3015.936,,
1780559736.0784056,VDD_SOC,1490.816,,
1780559736.0784056,,,cpu-thermal,62.312
1780559736.0784056,,,gpu-thermal,61.718
1780559736.0784056,,,soc0-thermal,60.0
1780559736.0784056,,,soc1-thermal,59.531
1780559736.0784056,,,soc2-thermal,60.187
1780559736.0784056,,,tj-thermal,62.312
1780559736.1855035,VDD_IN,6826.368,,
1780559736.1855035,VDD_CPU_GPU_CV,3015.936,,
1780559736.1855035,VDD_SOC,1451.584,,
1780559736.1855035,,,cpu-thermal,62.406
1780559736.1855035,,,gpu-thermal,61.687
1780559736.1855035,,,soc0-thermal,59.781
1780559736.1855035,,,soc1-thermal,59.406
1780559736.1855035,,,soc2-thermal,60.25
1780559736.1855035,,,tj-thermal,62.406
1780559736.2920203,VDD_IN,6865.6,,
1780559736.2920203,VDD_CPU_GPU_CV,3015.936,,
1780559736.2920203,VDD_SOC,1490.816,,
1780559736.2920203,,,cpu-thermal,62.437
1780559736.2920203,,,gpu-thermal,61.656
1780559736.2920203,,,soc0-thermal,59.843
1780559736.2920203,,,soc1-thermal,59.5
1780559736.2920203,,,soc2-thermal,60.312
1780559736.2920203,,,tj-thermal,62.437
1780559736.3989906,VDD_IN,6865.6,,
1780559736.3989906,VDD_CPU_GPU_CV,3055.104,,
1780559736.3989906,VDD_SOC,1490.816,,
1780559736.3989906,,,cpu-thermal,62.343
1780559736.3989906,,,gpu-thermal,61.656
1780559736.3989906,,,soc0-thermal,59.906
1780559736.3989906,,,soc1-thermal,59.437
1780559736.3989906,,,soc2-thermal,60.218
1780559736.3989906,,,tj-thermal,62.343
1780559736.5053046,VDD_IN,6865.6,,
1780559736.5053046,VDD_CPU_GPU_CV,3055.104,,
1780559736.5053046,VDD_SOC,1451.584,,
1780559736.5053046,,,cpu-thermal,62.281
1780559736.5053046,,,gpu-thermal,61.875
1780559736.5053046,,,soc0-thermal,59.843
1780559736.5053046,,,soc1-thermal,59.468
1780559736.5053046,,,soc2-thermal,60.218
1780559736.5053046,,,tj-thermal,62.281
