t,rail,mW,zone,C
1780559229.235121,VDD_IN,4904.256,,
1780559229.235121,VDD_CPU_GPU_CV,1035.008,,
1780559229.235121,VDD_SOC,1472.896,,
1780559229.235121,,,cpu-thermal,49.218
1780559229.235121,,,gpu-thermal,49.312
1780559229.235121,,,soc0-thermal,47.843
1780559229.235121,,,soc1-thermal,47.281
1780559229.235121,,,soc2-thermal,47.468
1780559229.235121,,,tj-thermal,49.312
1780559229.3413877,VDD_IN,4816.768,,
1780559229.3413877,VDD_CPU_GPU_CV,953.856,,
1780559229.3413877,VDD_SOC,1472.896,,
1780559229.3413877,,,cpu-thermal,49.343
1780559229.3413877,,,gpu-thermal,49.281
1780559229.3413877,,,soc0-thermal,47.75
1780559229.3413877,,,soc1-thermal,47.312
1780559229.3413877,,,soc2-thermal,47.437
1780559229.3413877,,,tj-thermal,49.343
1780559229.4475355,VDD_IN,4697.344,,
1780559229.4475355,VDD_CPU_GPU_CV,914.112,,
1780559229.4475355,VDD_SOC,1472.896,,
1780559229.4475355,,,cpu-thermal,49.531
1780559229.4475355,,,gpu-thermal,49.656
1780559229.4475355,,,soc0-thermal,47.781
1780559229.4475355,,,soc1-thermal,47.343
1780559229.4475355,,,soc2-thermal,47.375
1780559229.4475355,,,tj-thermal,49.656
1780559229.5534477,VDD_IN,4697.344,,
1780559229.5534477,VDD_CPU_GPU_CV,914.112,,
1780559229.5534477,VDD_SOC,1470.528,,
1780559229.5534477,,,cpu-thermal,49.031
1780559229.5534477,,,gpu-thermal,49.343
1780559229.5534477,,,soc0-thermal,47.843
1780559229.5534477,,,soc1-thermal,47.218
1780559229.5534477,,,soc2-thermal,47.375
1780559229.5534477,,,tj-thermal,49.531
1780559229.6594665,VDD_IN,4729.536,,
1780559229.6594665,VDD_CPU_GPU_CV,912.64,,
1780559229.6594665,VDD_SOC,1470.528,,
1780559229.6594665,,,cpu-thermal,49.187
1780559229.6594665,,,gpu-thermal,49.781
1780559229.6594665,,,soc0-thermal,47.781
1780559229.6594665,,,soc1-thermal,47.25
1780559229.6594665,,,soc2-thermal,47.468
1780559229.6594665,,,tj-thermal,49.406
1780559229.7656202,VDD_IN,4721.92,,
1780559229.7656202,VDD_CPU_GPU_CV,950.784,,
1780559229.7656202,VDD_SOC,1468.16,,
1780559229.7656202,,,cpu-thermal,49.281
1780559229.7656202,,,gpu-thermal,49.593
1780559229.7656202,,,soc0-thermal,47.718
1780559229.7656202,,,soc1-thermal,47.406
1780559229.7656202,,,soc2-thermal,47.437
1780559229.7656202,,,tj-thermal,49.375
1780559229.8716912,VDD_IN,4761.6,,
1780559229.8716912,VDD_CPU_GPU_CV,950.784,,
1780559229.8716912,VDD_SOC,1468.16,,
1780559229.8716912,,,cpu-thermal,49.375
1780559229.8716912,,,gpu-thermal,49.531
1780559229.8716912,,,soc0-thermal,47.781
1780559229.8716912,,,soc1-thermal,47.187
1780559229.8716912,,,soc2-thermal,47.218
1780559229.8716912,,,tj-thermal,49.531
1780559229.9777346,VDD_IN,4761.6,,
1780559229.9777346,VDD_CPU_GPU_CV,950.784,,
1780559229.9777346,VDD_SOC,1468.16,,
1780559229.9777346,,,cpu-thermal,49.062
1780559229.9777346,,,gpu-thermal,49.468
1780559229.9777346,,,soc0-thermal,47.781
1780559229.9777346,,,soc1-thermal,47.187
1780559229.9777346,,,soc2-thermal,47.343
1780559229.9777346,,,tj-thermal,49.75
1780559230.0842032,VDD_IN,4769.28,,
1780559230.0842032,VDD_CPU_GPU_CV,952.32,,
1780559230.0842032,VDD_SOC,1468.16,,
1780559230.0842032,,,cpu-thermal,49.093
1780559230.0842032,,,gpu-thermal,49.312
1780559230.0842032,,,soc0-thermal,47.687
1780559230.0842032,,,soc1-thermal,47.25
1780559230.0842032,,,soc2-thermal,47.343
1780559230.0842032,,,tj-thermal,49.312
1780559230.1906288,VDD_IN,4769.28,,
1780559230.1906288,VDD_CPU_GPU_CV,952.32,,
1780559230.1906288,VDD_SOC,1470.528,,
1780559230.1906288,,,cpu-thermal,49.062
1780559230.1906288,,,gpu-thermal,49.281
1780559230.1906288,,,soc0-thermal,47.781
1780559230.1906288,,,soc1-thermal,47.156
1780559230.1906288,,,soc2-thermal,47.375
1780559230.1906288,,,tj-thermal,49.281
1780559230.2968688,VDD_IN,4737.152,,
1780559230.2968688,VDD_CPU_GPU_CV,914.112,,
1780559230.2968688,VDD_SOC,1470.528,,
1780559230.2968688,,,cpu-thermal,49.093
1780559230.2968688,,,gpu-thermal,49.593
1780559230.2968688,,,soc0-thermal,47.906
1780559230.2968688,,,soc1-thermal,47.281
1780559230.2968688,,,soc2-thermal,47.343
1780559230.2968688,,,tj-thermal,49.593
1780559230.4030252,VDD_IN,4657.536,,
1780559230.4030252,VDD_CPU_GPU_CV,875.776,,
1780559230.4030252,VDD_SOC,1433.088,,
1780559230.4030252,,,cpu-thermal,49.062
1780559230.4030252,,,gpu-thermal,49.406
1780559230.4030252,,,soc0-thermal,47.718
1780559230.4030252,,,soc1-thermal,47.281
1780559230.4030252,,,soc2-thermal,47.375
1780559230.4030252,,,tj-thermal,49.406
1780559230.508872,VDD_IN,4625.152,,
1780559230.508872,VDD_CPU_GPU_CV,875.776,,
1780559230.508872,VDD_SOC,1433.088,,
1780559230.508872,,,cpu-thermal,48.968
1780559230.508872,,,gpu-thermal,49.406
1780559230.508872,,,soc0-thermal,47.781
1780559230.508872,,,soc1-thermal,47.375
1780559230.508872,,,soc2-thermal,47.343
1780559230.508872,,,tj-thermal,49.406
1780559230.6149325,VDD_IN,4665.024,,
1780559230.6149325,VDD_CPU_GPU_CV,875.776,,
1780559230.6149325,VDD_SOC,1433.088,,
1780559230.6149325,,,cpu-thermal,49.031
1780559230.6149325,,,gpu-thermal,49.281
1780559230.6149325,,,soc0-thermal,47.781
1780559230.6149325,,,soc1-thermal,47.25
1780559230.6149325,,,soc2-thermal,47.343
1780559230.6149325,,,tj-thermal,49.281
1780559230.7211425,VDD_IN,4704.896,,
1780559230.7211425,VDD_CPU_GPU_CV,915.584,,
1780559230.7211425,VDD_SOC,1433.088,,
1780559230.7211425,,,cpu-thermal,49.156
1780559230.7211425,,,gpu-thermal,49.281
1780559230.7211425,,,soc0-thermal,47.687
1780559230.7211425,,,soc1-thermal,47.156
1780559230.7211425,,,soc2-thermal,47.281
1780559230.7211425,,,tj-thermal,49.281
1780559230.8271956,VDD_IN,4744.768,,
1780559230.8271956,VDD_CPU_GPU_CV,915.584,,
1780559230.8271956,VDD_SOC,1433.088,,
1780559230.8271956,,,cpu-thermal,49.281
1780559230.8271956,,,gpu-thermal,49.625
1780559230.8271956,,,soc0-thermal,47.687
1780559230.8271956,,,soc1-thermal,47.218
1780559230.8271956,,,soc2-thermal,47.281
1780559230.8271956,,,tj-thermal,49.625
1780559230.9335542,VDD_IN,4744.768,,
1780559230.9335542,VDD_CPU_GPU_CV,955.392,,
1780559230.9335542,VDD_SOC,1433.088,,
1780559230.9335542,,,cpu-thermal,48.937
1780559230.9335542,,,gpu-thermal,49.468
1780559230.9335542,,,soc0-thermal,47.75
1780559230.9335542,,,soc1-thermal,47.093
1780559230.9335542,,,soc2-thermal,47.312
1780559230.9335542,,,tj-thermal,49.468
1780559231.039666,VDD_IN,4744.768,,
1780559231.039666,VDD_CPU_GPU_CV,955.392,,
1780559231.039666,VDD_SOC,1435.392,,
1780559231.039666,,,cpu-thermal,49.0
1780559231.039666,,,gpu-thermal,49.343
1780559231.039666,,,soc0-thermal,47.625
1780559231.039666,,,soc1-thermal,47.156
1780559231.039666,,,soc2-thermal,47.218
1780559231.039666,,,tj-thermal,49.343
1780559231.145765,VDD_IN,4744.768,,
1780559231.145765,VDD_CPU_GPU_CV,955.392,,
1780559231.145765,VDD_SOC,1435.392,,
1780559231.145765,,,cpu-thermal,49.031
1780559231.145765,,,gpu-thermal,49.281
1780559231.145765,,,soc0-thermal,47.718
1780559231.145765,,,soc1-thermal,47.187
1780559231.145765,,,soc2-thermal,47.343
1780559231.145765,,,tj-thermal,49.281
1780559231.2523873,VDD_IN,4744.768,,
1780559231.2523873,VDD_CPU_GPU_CV,955.392,,
1780559231.2523873,VDD_SOC,1435.392,,
1780559231.2523873,,,cpu-thermal,49.0
1780559231.2523873,,,gpu-thermal,49.343
1780559231.2523873,,,soc0-thermal,47.718
1780559231.2523873,,,soc1-thermal,47.281
1780559231.2523873,,,soc2-thermal,47.218
1780559231.2523873,,,tj-thermal,49.218
1780559231.3584096,VDD_IN,4665.024,,
1780559231.3584096,VDD_CPU_GPU_CV,877.184,,
1780559231.3584096,VDD_SOC,1435.392,,
1780559231.3584096,,,cpu-thermal,49.0
1780559231.3584096,,,gpu-thermal,49.281
1780559231.3584096,,,soc0-thermal,47.593
1780559231.3584096,,,soc1-thermal,47.125
1780559231.3584096,,,soc2-thermal,47.25
1780559231.3584096,,,tj-thermal,49.062
1780559231.4642277,VDD_IN,4592.64,,
1780559231.4642277,VDD_CPU_GPU_CV,837.312,,
1780559231.4642277,VDD_SOC,1437.696,,
1780559231.4642277,,,cpu-thermal,48.937
1780559231.4642277,,,gpu-thermal,49.218
1780559231.4642277,,,soc0-thermal,47.531
1780559231.4642277,,,soc1-thermal,47.093
1780559231.4642277,,,soc2-thermal,47.218
1780559231.4642277,,,tj-thermal,49.218
1780559231.5700047,VDD_IN,4632.576,,
1780559231.5700047,VDD_CPU_GPU_CV,877.184,,
1780559231.5700047,VDD_SOC,1437.696,,
1780559231.5700047,,,cpu-thermal,48.812
1780559231.5700047,,,gpu-thermal,49.187
1780559231.5700047,,,soc0-thermal,47.625
1780559231.5700047,,,soc1-thermal,47.218
1780559231.5700047,,,soc2-thermal,47.218
1780559231.5700047,,,tj-thermal,49.187
1780559231.676018,VDD_IN,4672.512,,
1780559231.676018,VDD_CPU_GPU_CV,917.056,,
1780559231.676018,VDD_SOC,1435.392,,
1780559231.676018,,,cpu-thermal,48.75
1780559231.676018,,,gpu-thermal,49.562
1780559231.676018,,,soc0-thermal,47.718
1780559231.676018,,,soc1-thermal,46.968
1780559231.676018,,,soc2-thermal,47.156
1780559231.676018,,,tj-thermal,49.562
1780559231.7822332,VDD_IN,4712.448,,
1780559231.7822332,VDD_CPU_GPU_CV,917.056,,
1780559231.7822332,VDD_SOC,1435.392,,
1780559231.7822332,,,cpu-thermal,48.812
1780559231.7822332,,,gpu-thermal,49.312
1780559231.7822332,,,soc0-thermal,47.562
1780559231.7822332,,,soc1-thermal,47.125
1780559231.7822332,,,soc2-thermal,47.156
1780559231.7822332,,,tj-thermal,49.312
1780559231.888781,VDD_IN,4712.448,,
1780559231.888781,VDD_CPU_GPU_CV,917.056,,
1780559231.888781,VDD_SOC,1435.392,,
1780559231.888781,,,cpu-thermal,48.875
1780559231.888781,,,gpu-thermal,49.343
1780559231.888781,,,soc0-thermal,47.562
1780559231.888781,,,soc1-thermal,47.093
1780559231.888781,,,soc2-thermal,47.187
1780559231.888781,,,tj-thermal,49.343
1780559231.9948158,VDD_IN,4752.384,,
1780559231.9948158,VDD_CPU_GPU_CV,956.928,,
1780559231.9948158,VDD_SOC,1435.392,,
1780559231.9948158,,,cpu-thermal,48.812
1780559231.9948158,,,gpu-thermal,49.25
1780559231.9948158,,,soc0-thermal,47.687
1780559231.9948158,,,soc1-thermal,47.062
1780559231.9948158,,,soc2-thermal,47.156
1780559231.9948158,,,tj-thermal,49.25
1780559232.1012683,VDD_IN,4752.384,,
1780559232.1012683,VDD_CPU_GPU_CV,956.928,,
1780559232.1012683,VDD_SOC,1435.392,,
1780559232.1012683,,,cpu-thermal,48.937
1780559232.1012683,,,gpu-thermal,49.093
1780559232.1012683,,,soc0-thermal,47.5
1780559232.1012683,,,soc1-thermal,47.0
1780559232.1012683,,,soc2-thermal,47.156
1780559232.1012683,,,tj-thermal,49.093
1780559232.2075684,VDD_IN,4752.384,,
1780559232.2075684,VDD_CPU_GPU_CV,956.928,,
1780559232.2075684,VDD_SOC,1435.392,,
1780559232.2075684,,,cpu-thermal,49.062
1780559232.2075684,,,gpu-thermal,49.093
1780559232.2075684,,,soc0-thermal,47.562
1780559232.2075684,,,soc1-thermal,47.125
1780559232.2075684,,,soc2-thermal,47.156
1780559232.2075684,,,tj-thermal,49.093
1780559232.313683,VDD_IN,4712.448,,
1780559232.313683,VDD_CPU_GPU_CV,917.056,,
1780559232.313683,VDD_SOC,1437.696,,
1780559232.313683,,,cpu-thermal,49.156
1780559232.313683,,,gpu-thermal,49.312
1780559232.313683,,,soc0-thermal,47.562
1780559232.313683,,,soc1-thermal,46.906
1780559232.313683,,,soc2-thermal,47.093
1780559232.313683,,,tj-thermal,49.312
1780559232.4196267,VDD_IN,4632.576,,
1780559232.4196267,VDD_CPU_GPU_CV,877.184,,
1780559232.4196267,VDD_SOC,1437.696,,
1780559232.4196267,,,cpu-thermal,48.718
1780559232.4196267,,,gpu-thermal,49.25
1780559232.4196267,,,soc0-thermal,47.468
1780559232.4196267,,,soc1-thermal,47.031
1780559232.4196267,,,soc2-thermal,47.062
1780559232.4196267,,,tj-thermal,49.25
1780559232.526013,VDD_IN,4592.64,,
1780559232.526013,VDD_CPU_GPU_CV,837.312,,
1780559232.526013,VDD_SOC,1437.696,,
1780559232.526013,,,cpu-thermal,48.812
1780559232.526013,,,gpu-thermal,49.156
1780559232.526013,,,soc0-thermal,47.468
1780559232.526013,,,soc1-thermal,47.031
1780559232.526013,,,soc2-thermal,47.218
1780559232.526013,,,tj-thermal,49.156
1780559232.6323884,VDD_IN,4632.576,,
1780559232.6323884,VDD_CPU_GPU_CV,877.184,,
1780559232.6323884,VDD_SOC,1437.696,,
1780559232.6323884,,,cpu-thermal,48.75
1780559232.6323884,,,gpu-thermal,49.125
1780559232.6323884,,,soc0-thermal,47.593
1780559232.6323884,,,soc1-thermal,46.906
1780559232.6323884,,,soc2-thermal,47.062
1780559232.6323884,,,tj-thermal,49.125
1780559232.73867,VDD_IN,4672.512,,
1780559232.73867,VDD_CPU_GPU_CV,917.056,,
1780559232.73867,VDD_SOC,1437.696,,
1780559232.73867,,,cpu-thermal,48.875
1780559232.73867,,,gpu-thermal,49.0
1780559232.73867,,,soc0-thermal,47.625
1780559232.73867,,,soc1-thermal,47.0
1780559232.73867,,,soc2-thermal,47.093
1780559232.73867,,,tj-thermal,49.0
1780559232.8447182,VDD_IN,4712.448,,
1780559232.8447182,VDD_CPU_GPU_CV,917.056,,
1780559232.8447182,VDD_SOC,1437.696,,
1780559232.8447182,,,cpu-thermal,48.812
1780559232.8447182,,,gpu-thermal,49.375
1780559232.8447182,,,soc0-thermal,47.5
1780559232.8447182,,,soc1-thermal,47.0
1780559232.8447182,,,soc2-thermal,47.156
1780559232.8447182,,,tj-thermal,49.375
1780559232.9513059,VDD_IN,4712.448,,
1780559232.9513059,VDD_CPU_GPU_CV,956.928,,
1780559232.9513059,VDD_SOC,1435.392,,
1780559232.9513059,,,cpu-thermal,48.718
1780559232.9513059,,,gpu-thermal,49.218
1780559232.9513059,,,soc0-thermal,47.468
1780559232.9513059,,,soc1-thermal,47.125
1780559232.9513059,,,soc2-thermal,47.031
1780559232.9513059,,,tj-thermal,49.218
1780559233.0574858,VDD_IN,4752.384,,
1780559233.0574858,VDD_CPU_GPU_CV,956.928,,
1780559233.0574858,VDD_SOC,1435.392,,
1780559233.0574858,,,cpu-thermal,48.687
1780559233.0574858,,,gpu-thermal,49.062
1780559233.0574858,,,soc0-thermal,47.687
1780559233.0574858,,,soc1-thermal,46.875
1780559233.0574858,,,soc2-thermal,47.156
1780559233.0574858,,,tj-thermal,49.25
1780559233.1635735,VDD_IN,4752.384,,
1780559233.1635735,VDD_CPU_GPU_CV,956.928,,
1780559233.1635735,VDD_SOC,1435.392,,
1780559233.1635735,,,cpu-thermal,48.968
1780559233.1635735,,,gpu-thermal,49.031
1780559233.1635735,,,soc0-thermal,47.406
1780559233.1635735,,,soc1-thermal,46.937
1780559233.1635735,,,soc2-thermal,47.156
1780559233.1635735,,,tj-thermal,49.031
1780559233.2701876,VDD_IN,4752.384,,
1780559233.2701876,VDD_CPU_GPU_CV,956.928,,
1780559233.2701876,VDD_SOC,1435.392,,
1780559233.2701876,,,cpu-thermal,49.031
1780559233.2701876,,,gpu-thermal,49.218
1780559233.2701876,,,soc0-thermal,47.593
1780559233.2701876,,,soc1-thermal,47.031
1780559233.2701876,,,soc2-thermal,47.062
1780559233.2701876,,,tj-thermal,49.031
1780559233.3762603,VDD_IN,4632.576,,
1780559233.3762603,VDD_CPU_GPU_CV,877.184,,
1780559233.3762603,VDD_SOC,1437.696,,
1780559233.3762603,,,cpu-thermal,48.625
1780559233.3762603,,,gpu-thermal,49.125
1780559233.3762603,,,soc0-thermal,47.656
1780559233.3762603,,,soc1-thermal,46.812
1780559233.3762603,,,soc2-thermal,47.031
1780559233.3762603,,,tj-thermal,48.906
1780559233.4823077,VDD_IN,4592.64,,
1780559233.4823077,VDD_CPU_GPU_CV,837.312,,
1780559233.4823077,VDD_SOC,1437.696,,
1780559233.4823077,,,cpu-thermal,48.781
1780559233.4823077,,,gpu-thermal,48.968
1780559233.4823077,,,soc0-thermal,47.5
1780559233.4823077,,,soc1-thermal,46.906
1780559233.4823077,,,soc2-thermal,47.062
1780559233.4823077,,,tj-thermal,49.281
1780559233.5886807,VDD_IN,4632.576,,
1780559233.5886807,VDD_CPU_GPU_CV,877.184,,
1780559233.5886807,VDD_SOC,1437.696,,
1780559233.5886807,,,cpu-thermal,48.937
1780559233.5886807,,,gpu-thermal,49.0
1780559233.5886807,,,soc0-thermal,47.406
1780559233.5886807,,,soc1-thermal,47.0
1780559233.5886807,,,soc2-thermal,47.156
1780559233.5886807,,,tj-thermal,49.187
1780559233.6947358,VDD_IN,4672.512,,
1780559233.6947358,VDD_CPU_GPU_CV,917.056,,
1780559233.6947358,VDD_SOC,1437.696,,
1780559233.6947358,,,cpu-thermal,48.687
1780559233.6947358,,,gpu-thermal,49.406
1780559233.6947358,,,soc0-thermal,47.437
1780559233.6947358,,,soc1-thermal,46.812
1780559233.6947358,,,soc2-thermal,47.031
1780559233.6947358,,,tj-thermal,49.031
1780559233.8010335,VDD_IN,4712.448,,
1780559233.8010335,VDD_CPU_GPU_CV,917.056,,
1780559233.8010335,VDD_SOC,1437.696,,
1780559233.8010335,,,cpu-thermal,48.687
1780559233.8010335,,,gpu-thermal,49.281
1780559233.8010335,,,soc0-thermal,47.343
1780559233.8010335,,,soc1-thermal,46.875
1780559233.8010335,,,soc2-thermal,47.062
1780559233.8010335,,,tj-thermal,49.281
1780559233.9071553,VDD_IN,4712.448,,
1780559233.9071553,VDD_CPU_GPU_CV,917.056,,
1780559233.9071553,VDD_SOC,1437.696,,
1780559233.9071553,,,cpu-thermal,48.812
1780559233.9071553,,,gpu-thermal,49.156
1780559233.9071553,,,soc0-thermal,47.406
1780559233.9071553,,,soc1-thermal,46.968
1780559233.9071553,,,soc2-thermal,47.156
1780559233.9071553,,,tj-thermal,49.156
1780559234.0133965,VDD_IN,4712.448,,
1780559234.0133965,VDD_CPU_GPU_CV,956.928,,
1780559234.0133965,VDD_SOC,1435.392,,
1780559234.0133965,,,cpu-thermal,48.656
1780559234.0133965,,,gpu-thermal,49.031
1780559234.0133965,,,soc0-thermal,47.437
1780559234.0133965,,,soc1-thermal,46.843
1780559234.0133965,,,soc2-thermal,47.0
1780559234.0133965,,,tj-thermal,49.375
1780559234.120378,VDD_IN,4752.384,,
1780559234.120378,VDD_CPU_GPU_CV,956.928,,
1780559234.120378,VDD_SOC,1435.392,,
1780559234.120378,,,cpu-thermal,48.593
1780559234.120378,,,gpu-thermal,48.843
1780559234.120378,,,soc0-thermal,47.343
1780559234.120378,,,soc1-thermal,46.875
1780559234.120378,,,soc2-thermal,47.031
1780559234.120378,,,tj-thermal,49.156
1780559234.2266445,VDD_IN,4784.64,,
1780559234.2266445,VDD_CPU_GPU_CV,996.8,,
1780559234.2266445,VDD_SOC,1435.392,,
1780559234.2266445,,,cpu-thermal,49.093
1780559234.2266445,,,gpu-thermal,48.968
1780559234.2266445,,,soc0-thermal,47.343
1780559234.2266445,,,soc1-thermal,47.031
1780559234.2266445,,,soc2-thermal,47.156
1780559234.2266445,,,tj-thermal,49.093
1780559234.3331668,VDD_IN,4936.192,,
1780559234.3331668,VDD_CPU_GPU_CV,1073.088,,
1780559234.3331668,VDD_SOC,1472.896,,
1780559234.3331668,,,cpu-thermal,48.718
1780559234.3331668,,,gpu-thermal,49.281
1780559234.3331668,,,soc0-thermal,47.468
1780559234.3331668,,,soc1-thermal,47.062
1780559234.3331668,,,soc2-thermal,47.031
1780559234.3331668,,,tj-thermal,49.281
1780559234.439344,VDD_IN,5055.616,,
1780559234.439344,VDD_CPU_GPU_CV,1152.576,,
1780559234.439344,VDD_SOC,1470.528,,
1780559234.439344,,,cpu-thermal,48.875
1780559234.439344,,,gpu-thermal,49.125
1780559234.439344,,,soc0-thermal,47.281
1780559234.439344,,,soc1-thermal,46.875
1780559234.439344,,,soc2-thermal,47.031
1780559234.439344,,,tj-thermal,49.125
1780559234.5456002,VDD_IN,5166.72,,
1780559234.5456002,VDD_CPU_GPU_CV,1190.4,,
1780559234.5456002,VDD_SOC,1510.272,,
1780559234.5456002,,,cpu-thermal,48.968
1780559234.5456002,,,gpu-thermal,49.187
1780559234.5456002,,,soc0-thermal,47.343
1780559234.5456002,,,soc1-thermal,46.937
1780559234.5456002,,,soc2-thermal,47.093
1780559234.5456002,,,tj-thermal,49.406
1780559234.6524994,VDD_IN,5206.464,,
1780559234.6524994,VDD_CPU_GPU_CV,1230.08,,
1780559234.6524994,VDD_SOC,1510.272,,
1780559234.6524994,,,cpu-thermal,48.812
1780559234.6524994,,,gpu-thermal,49.062
1780559234.6524994,,,soc0-thermal,47.437
1780559234.6524994,,,soc1-thermal,47.093
1780559234.6524994,,,soc2-thermal,47.0
1780559234.6524994,,,tj-thermal,49.281
1780559234.758912,VDD_IN,5246.208,,
1780559234.758912,VDD_CPU_GPU_CV,1269.76,,
1780559234.758912,VDD_SOC,1507.84,,
1780559234.758912,,,cpu-thermal,48.781
1780559234.758912,,,gpu-thermal,48.968
1780559234.758912,,,soc0-thermal,47.25
1780559234.758912,,,soc1-thermal,46.812
1780559234.758912,,,soc2-thermal,46.906
1780559234.758912,,,tj-thermal,49.093
1780559234.8652687,VDD_IN,5246.208,,
1780559234.8652687,VDD_CPU_GPU_CV,1269.76,,
1780559234.8652687,VDD_SOC,1507.84,,
1780559234.8652687,,,cpu-thermal,48.781
1780559234.8652687,,,gpu-thermal,49.312
1780559234.8652687,,,soc0-thermal,47.281
1780559234.8652687,,,soc1-thermal,46.968
1780559234.8652687,,,soc2-thermal,47.156
1780559234.8652687,,,tj-thermal,48.968
1780559234.9715753,VDD_IN,5246.208,,
1780559234.9715753,VDD_CPU_GPU_CV,1269.76,,
1780559234.9715753,VDD_SOC,1510.272,,
1780559234.9715753,,,cpu-thermal,48.75
1780559234.9715753,,,gpu-thermal,49.25
1780559234.9715753,,,soc0-thermal,47.343
1780559234.9715753,,,soc1-thermal,47.0
1780559234.9715753,,,soc2-thermal,47.031
1780559234.9715753,,,tj-thermal,49.25
1780559235.0777597,VDD_IN,5246.208,,
1780559235.0777597,VDD_CPU_GPU_CV,1230.08,,
1780559235.0777597,VDD_SOC,1510.272,,
1780559235.0777597,,,cpu-thermal,48.656
1780559235.0777597,,,gpu-thermal,49.125
1780559235.0777597,,,soc0-thermal,47.281
1780559235.0777597,,,soc1-thermal,46.812
1780559235.0777597,,,soc2-thermal,47.062
1780559235.0777597,,,tj-thermal,49.125
1780559235.1841822,VDD_IN,5246.208,,
1780559235.1841822,VDD_CPU_GPU_CV,1230.08,,
1780559235.1841822,VDD_SOC,1510.272,,
1780559235.1841822,,,cpu-thermal,48.968
1780559235.1841822,,,gpu-thermal,49.093
1780559235.1841822,,,soc0-thermal,47.281
1780559235.1841822,,,soc1-thermal,46.906
1780559235.1841822,,,soc2-thermal,47.031
1780559235.1841822,,,tj-thermal,49.093
1780559235.2905073,VDD_IN,5246.208,,
1780559235.2905073,VDD_CPU_GPU_CV,1230.08,,
1780559235.2905073,VDD_SOC,1510.272,,
1780559235.2905073,,,cpu-thermal,49.031
1780559235.2905073,,,gpu-thermal,49.0
1780559235.2905073,,,soc0-thermal,47.406
1780559235.2905073,,,soc1-thermal,46.968
1780559235.2905073,,,soc2-thermal,47.0
1780559235.2905073,,,tj-thermal,49.031
1780559235.3967888,VDD_IN,5135.232,,
1780559235.3967888,VDD_CPU_GPU_CV,1152.576,,
1780559235.3967888,VDD_SOC,1510.272,,
1780559235.3967888,,,cpu-thermal,48.562
1780559235.3967888,,,gpu-thermal,48.937
1780559235.3967888,,,soc0-thermal,47.437
1780559235.3967888,,,soc1-thermal,46.843
1780559235.3967888,,,soc2-thermal,46.968
1780559235.3967888,,,tj-thermal,48.937
1780559235.5028002,VDD_IN,5095.424,,
1780559235.5028002,VDD_CPU_GPU_CV,1112.832,,
1780559235.5028002,VDD_SOC,1512.704,,
1780559235.5028002,,,cpu-thermal,48.75
1780559235.5028002,,,gpu-thermal,49.187
1780559235.5028002,,,soc0-thermal,47.281
1780559235.5028002,,,soc1-thermal,46.812
1780559235.5028002,,,soc2-thermal,47.0
1780559235.5028002,,,tj-thermal,49.187
1780559235.6089182,VDD_IN,5135.232,,
1780559235.6089182,VDD_CPU_GPU_CV,1152.576,,
1780559235.6089182,VDD_SOC,1510.272,,
1780559235.6089182,,,cpu-thermal,48.937
1780559235.6089182,,,gpu-thermal,49.187
1780559235.6089182,,,soc0-thermal,47.406
1780559235.6089182,,,soc1-thermal,46.906
1780559235.6089182,,,soc2-thermal,47.031
1780559235.6089182,,,tj-thermal,49.187
1780559235.7153616,VDD_IN,5135.232,,
1780559235.7153616,VDD_CPU_GPU_CV,1152.576,,
1780559235.7153616,VDD_SOC,1510.272,,
1780559235.7153616,,,cpu-thermal,48.625
1780559235.7153616,,,gpu-thermal,49.0
1780559235.7153616,,,soc0-thermal,47.437
1780559235.7153616,,,soc1-thermal,46.781
1780559235.7153616,,,soc2-thermal,47.0
1780559235.7153616,,,tj-thermal,49.0
1780559235.8220713,VDD_IN,5166.72,,
1780559235.8220713,VDD_CPU_GPU_CV,1192.32,,
1780559235.8220713,VDD_SOC,1510.272,,
1780559235.8220713,,,cpu-thermal,48.75
1780559235.8220713,,,gpu-thermal,48.968
1780559235.8220713,,,soc0-thermal,47.281
1780559235.8220713,,,soc1-thermal,46.875
1780559235.8220713,,,soc2-thermal,47.0
1780559235.8220713,,,tj-thermal,48.968
1780559235.928209,VDD_IN,5166.72,,
1780559235.928209,VDD_CPU_GPU_CV,1192.32,,
1780559235.928209,VDD_SOC,1510.272,,
1780559235.928209,,,cpu-thermal,48.656
1780559235.928209,,,gpu-thermal,48.906
1780559235.928209,,,soc0-thermal,47.375
1780559235.928209,,,soc1-thermal,46.937
1780559235.928209,,,soc2-thermal,46.937
1780559235.928209,,,tj-thermal,48.906
1780559236.0345597,VDD_IN,5166.72,,
1780559236.0345597,VDD_CPU_GPU_CV,1190.4,,
1780559236.0345597,VDD_SOC,1510.272,,
1780559236.0345597,,,cpu-thermal,48.687
1780559236.0345597,,,gpu-thermal,49.312
1780559236.0345597,,,soc0-thermal,47.343
1780559236.0345597,,,soc1-thermal,46.812
1780559236.0345597,,,soc2-thermal,46.937
1780559236.0345597,,,tj-thermal,49.312
1780559236.1408775,VDD_IN,5206.464,,
1780559236.1408775,VDD_CPU_GPU_CV,1230.08,,
1780559236.1408775,VDD_SOC,1510.272,,
1780559236.1408775,,,cpu-thermal,48.625
1780559236.1408775,,,gpu-thermal,49.25
1780559236.1408775,,,soc0-thermal,47.312
1780559236.1408775,,,soc1-thermal,46.812
1780559236.1408775,,,soc2-thermal,47.031
1780559236.1408775,,,tj-thermal,49.25
1780559236.2470298,VDD_IN,5166.72,,
1780559236.2470298,VDD_CPU_GPU_CV,1230.08,,
1780559236.2470298,VDD_SOC,1510.272,,
1780559236.2470298,,,cpu-thermal,49.031
1780559236.2470298,,,gpu-thermal,49.031
1780559236.2470298,,,soc0-thermal,47.281
1780559236.2470298,,,soc1-thermal,46.781
1780559236.2470298,,,soc2-thermal,47.0
1780559236.2470298,,,tj-thermal,49.031
1780559236.3536637,VDD_IN,5095.424,,
1780559236.3536637,VDD_CPU_GPU_CV,1152.576,,
1780559236.3536637,VDD_SOC,1510.272,,
1780559236.3536637,,,cpu-thermal,48.562
1780559236.3536637,,,gpu-thermal,48.937
1780559236.3536637,,,soc0-thermal,47.406
1780559236.3536637,,,soc1-thermal,46.781
1780559236.3536637,,,soc2-thermal,46.906
1780559236.3536637,,,tj-thermal,48.937
1780559236.4595768,VDD_IN,5015.808,,
1780559236.4595768,VDD_CPU_GPU_CV,1073.088,,
1780559236.4595768,VDD_SOC,1512.704,,
1780559236.4595768,,,cpu-thermal,48.593
1780559236.4595768,,,gpu-thermal,48.906
1780559236.4595768,,,soc0-thermal,47.218
1780559236.4595768,,,soc1-thermal,46.75
1780559236.4595768,,,soc2-thermal,47.031
1780559236.4595768,,,tj-thermal,48.906
1780559236.565702,VDD_IN,5055.616,,
1780559236.565702,VDD_CPU_GPU_CV,1112.832,,
1780559236.565702,VDD_SOC,1512.704,,
1780559236.565702,,,cpu-thermal,48.875
1780559236.565702,,,gpu-thermal,49.406
1780559236.565702,,,soc0-thermal,47.312
1780559236.565702,,,soc1-thermal,46.906
1780559236.565702,,,soc2-thermal,46.968
1780559236.565702,,,tj-thermal,49.406
1780559236.6724184,VDD_IN,5095.424,,
1780559236.6724184,VDD_CPU_GPU_CV,1152.576,,
1780559236.6724184,VDD_SOC,1510.272,,
1780559236.6724184,,,cpu-thermal,48.968
1780559236.6724184,,,gpu-thermal,49.156
1780559236.6724184,,,soc0-thermal,47.312
1780559236.6724184,,,soc1-thermal,46.781
1780559236.6724184,,,soc2-thermal,46.968
1780559236.6724184,,,tj-thermal,49.156
1780559236.7786133,VDD_IN,5095.424,,
1780559236.7786133,VDD_CPU_GPU_CV,1152.576,,
1780559236.7786133,VDD_SOC,1510.272,,
1780559236.7786133,,,cpu-thermal,48.625
1780559236.7786133,,,gpu-thermal,49.093
1780559236.7786133,,,soc0-thermal,47.25
1780559236.7786133,,,soc1-thermal,46.781
1780559236.7786133,,,soc2-thermal,46.937
1780559236.7786133,,,tj-thermal,49.093
1780559236.8851821,VDD_IN,5126.976,,
1780559236.8851821,VDD_CPU_GPU_CV,1192.32,,
1780559236.8851821,VDD_SOC,1510.272,,
1780559236.8851821,,,cpu-thermal,48.75
1780559236.8851821,,,gpu-thermal,49.062
1780559236.8851821,,,soc0-thermal,47.281
1780559236.8851821,,,soc1-thermal,46.781
1780559236.8851821,,,soc2-thermal,47.062
1780559236.8851821,,,tj-thermal,49.062
1780559236.9914439,VDD_IN,5166.72,,
1780559236.9914439,VDD_CPU_GPU_CV,1190.4,,
1780559236.9914439,VDD_SOC,1510.272,,
1780559236.9914439,,,cpu-thermal,48.562
1780559236.9914439,,,gpu-thermal,48.937
1780559236.9914439,,,soc0-thermal,47.25
1780559236.9914439,,,soc1-thermal,47.031
1780559236.9914439,,,soc2-thermal,46.937
1780559236.9914439,,,tj-thermal,48.937
1780559237.09768,VDD_IN,5166.72,,
1780559237.09768,VDD_CPU_GPU_CV,1190.4,,
1780559237.09768,VDD_SOC,1510.272,,
1780559237.09768,,,cpu-thermal,48.625
1780559237.09768,,,gpu-thermal,48.875
1780559237.09768,,,soc0-thermal,47.468
1780559237.09768,,,soc1-thermal,46.781
1780559237.09768,,,soc2-thermal,46.937
1780559237.09768,,,tj-thermal,48.875
1780559237.2042127,VDD_IN,5166.72,,
1780559237.2042127,VDD_CPU_GPU_CV,1190.4,,
1780559237.2042127,VDD_SOC,1510.272,,
1780559237.2042127,,,cpu-thermal,48.562
1780559237.2042127,,,gpu-thermal,49.218
1780559237.2042127,,,soc0-thermal,47.281
1780559237.2042127,,,soc1-thermal,46.843
1780559237.2042127,,,soc2-thermal,47.031
1780559237.2042127,,,tj-thermal,49.218
1780559237.3103986,VDD_IN,5126.976,,
1780559237.3103986,VDD_CPU_GPU_CV,1152.576,,
1780559237.3103986,VDD_SOC,1510.272,,
1780559237.3103986,,,cpu-thermal,48.531
1780559237.3103986,,,gpu-thermal,49.125
1780559237.3103986,,,soc0-thermal,47.281
1780559237.3103986,,,soc1-thermal,46.937
1780559237.3103986,,,soc2-thermal,46.843
1780559237.3103986,,,tj-thermal,49.125
1780559237.4166594,VDD_IN,5015.808,,
1780559237.4166594,VDD_CPU_GPU_CV,1112.832,,
1780559237.4166594,VDD_SOC,1512.704,,
1780559237.4166594,,,cpu-thermal,48.531
1780559237.4166594,,,gpu-thermal,48.812
1780559237.4166594,,,soc0-thermal,47.468
1780559237.4166594,,,soc1-thermal,46.812
1780559237.4166594,,,soc2-thermal,46.812
1780559237.4166594,,,tj-thermal,48.937
1780559237.5226169,VDD_IN,5015.808,,
1780559237.5226169,VDD_CPU_GPU_CV,1112.832,,
1780559237.5226169,VDD_SOC,1512.704,,
1780559237.5226169,,,cpu-thermal,48.812
1780559237.5226169,,,gpu-thermal,49.125
1780559237.5226169,,,soc0-thermal,47.218
1780559237.5226169,,,soc1-thermal,46.812
1780559237.5226169,,,soc2-thermal,46.968
1780559237.5226169,,,tj-thermal,48.937
1780559237.6287577,VDD_IN,5055.616,,
1780559237.6287577,VDD_CPU_GPU_CV,1112.832,,
1780559237.6287577,VDD_SOC,1512.704,,
1780559237.6287577,,,cpu-thermal,48.75
1780559237.6287577,,,gpu-thermal,49.031
1780559237.6287577,,,soc0-thermal,47.281
1780559237.6287577,,,soc1-thermal,46.812
1780559237.6287577,,,soc2-thermal,46.843
1780559237.6287577,,,tj-thermal,48.875
1780559237.7353768,VDD_IN,5095.424,,
1780559237.7353768,VDD_CPU_GPU_CV,1152.576,,
1780559237.7353768,VDD_SOC,1512.704,,
1780559237.7353768,,,cpu-thermal,49.0
1780559237.7353768,,,gpu-thermal,49.0
1780559237.7353768,,,soc0-thermal,47.312
1780559237.7353768,,,soc1-thermal,46.687
1780559237.7353768,,,soc2-thermal,46.843
1780559237.7353768,,,tj-thermal,49.218
1780559237.8415527,VDD_IN,5095.424,,
1780559237.8415527,VDD_CPU_GPU_CV,1152.576,,
1780559237.8415527,VDD_SOC,1510.272,,
1780559237.8415527,,,cpu-thermal,48.656
1780559237.8415527,,,gpu-thermal,48.968
1780559237.8415527,,,soc0-thermal,47.25
1780559237.8415527,,,soc1-thermal,46.75
1780559237.8415527,,,soc2-thermal,46.875
1780559237.8415527,,,tj-thermal,49.125
1780559237.947729,VDD_IN,5095.424,,
1780559237.947729,VDD_CPU_GPU_CV,1152.576,,
1780559237.947729,VDD_SOC,1512.704,,
1780559237.947729,,,cpu-thermal,48.781
1780559237.947729,,,gpu-thermal,48.875
1780559237.947729,,,soc0-thermal,47.25
1780559237.947729,,,soc1-thermal,46.843
1780559237.947729,,,soc2-thermal,46.906
1780559237.947729,,,tj-thermal,49.0
1780559238.0543315,VDD_IN,5135.232,,
1780559238.0543315,VDD_CPU_GPU_CV,1192.32,,
1780559238.0543315,VDD_SOC,1510.272,,
1780559238.0543315,,,cpu-thermal,48.5
1780559238.0543315,,,gpu-thermal,49.281
1780559238.0543315,,,soc0-thermal,47.281
1780559238.0543315,,,soc1-thermal,46.718
1780559238.0543315,,,soc2-thermal,46.875
1780559238.0543315,,,tj-thermal,48.937
1780559238.160546,VDD_IN,5135.232,,
1780559238.160546,VDD_CPU_GPU_CV,1192.32,,
1780559238.160546,VDD_SOC,1512.704,,
1780559238.160546,,,cpu-thermal,48.562
1780559238.160546,,,gpu-thermal,49.187
1780559238.160546,,,soc0-thermal,47.125
1780559238.160546,,,soc1-thermal,46.781
1780559238.160546,,,soc2-thermal,46.875
1780559238.160546,,,tj-thermal,48.875
1780559238.2669592,VDD_IN,5135.232,,
1780559238.2669592,VDD_CPU_GPU_CV,1152.576,,
1780559238.2669592,VDD_SOC,1512.704,,
1780559238.2669592,,,cpu-thermal,48.562
1780559238.2669592,,,gpu-thermal,48.968
1780559238.2669592,,,soc0-thermal,47.187
1780559238.2669592,,,soc1-thermal,46.781
1780559238.2669592,,,soc2-thermal,46.937
1780559238.2669592,,,tj-thermal,49.281
1780559238.3731637,VDD_IN,5015.808,,
1780559238.3731637,VDD_CPU_GPU_CV,1114.624,,
1780559238.3731637,VDD_SOC,1512.704,,
1780559238.3731637,,,cpu-thermal,48.531
1780559238.3731637,,,gpu-thermal,48.906
1780559238.3731637,,,soc0-thermal,47.25
1780559238.3731637,,,soc1-thermal,46.906
1780559238.3731637,,,soc2-thermal,46.843
1780559238.3731637,,,tj-thermal,48.906
1780559238.4790816,VDD_IN,4944.128,,
1780559238.4790816,VDD_CPU_GPU_CV,1035.008,,
1780559238.4790816,VDD_SOC,1472.896,,
1780559238.4790816,,,cpu-thermal,48.531
1780559238.4790816,,,gpu-thermal,48.875
1780559238.4790816,,,soc0-thermal,47.156
1780559238.4790816,,,soc1-thermal,46.687
1780559238.4790816,,,soc2-thermal,46.875
1780559238.4790816,,,tj-thermal,48.875
1780559238.5855398,VDD_IN,4976.0,,
1780559238.5855398,VDD_CPU_GPU_CV,1074.816,,
1780559238.5855398,VDD_SOC,1472.896,,
1780559238.5855398,,,cpu-thermal,48.75
1780559238.5855398,,,gpu-thermal,49.25
1780559238.5855398,,,soc0-thermal,47.312
1780559238.5855398,,,soc1-thermal,46.781
1780559238.5855398,,,soc2-thermal,46.937
1780559238.5855398,,,tj-thermal,49.25
1780559238.6917925,VDD_IN,5015.808,,
1780559238.6917925,VDD_CPU_GPU_CV,1114.624,,
1780559238.6917925,VDD_SOC,1512.704,,
1780559238.6917925,,,cpu-thermal,48.937
1780559238.6917925,,,gpu-thermal,49.093
1780559238.6917925,,,soc0-thermal,47.281
1780559238.6917925,,,soc1-thermal,46.906
1780559238.6917925,,,soc2-thermal,46.906
1780559238.6917925,,,tj-thermal,49.093
1780559238.7979994,VDD_IN,5055.616,,
1780559238.7979994,VDD_CPU_GPU_CV,1112.832,,
1780559238.7979994,VDD_SOC,1512.704,,
1780559238.7979994,,,cpu-thermal,48.562
1780559238.7979994,,,gpu-thermal,48.968
1780559238.7979994,,,soc0-thermal,47.187
1780559238.7979994,,,soc1-thermal,46.656
1780559238.7979994,,,soc2-thermal,46.875
1780559238.7979994,,,tj-thermal,48.968
1780559238.90455,VDD_IN,5095.424,,
1780559238.90455,VDD_CPU_GPU_CV,1152.576,,
1780559238.90455,VDD_SOC,1512.704,,
1780559238.90455,,,cpu-thermal,48.656
1780559238.90455,,,gpu-thermal,48.937
1780559238.90455,,,soc0-thermal,47.187
1780559238.90455,,,soc1-thermal,46.75
1780559238.90455,,,soc2-thermal,46.937
1780559238.90455,,,tj-thermal,48.937
1780559239.0107496,VDD_IN,5135.232,,
1780559239.0107496,VDD_CPU_GPU_CV,1152.576,,
1780559239.0107496,VDD_SOC,1510.272,,
1780559239.0107496,,,cpu-thermal,48.718
1780559239.0107496,,,gpu-thermal,48.812
1780559239.0107496,,,soc0-thermal,47.25
1780559239.0107496,,,soc1-thermal,46.906
1780559239.0107496,,,soc2-thermal,46.812
1780559239.0107496,,,tj-thermal,48.812
1780559239.1171403,VDD_IN,5166.72,,
1780559239.1171403,VDD_CPU_GPU_CV,1190.4,,
1780559239.1171403,VDD_SOC,1510.272,,
1780559239.1171403,,,cpu-thermal,48.562
1780559239.1171403,,,gpu-thermal,48.875
1780559239.1171403,,,soc0-thermal,47.125
1780559239.1171403,,,soc1-thermal,46.687
1780559239.1171403,,,soc2-thermal,46.843
1780559239.1171403,,,tj-thermal,48.875
1780559239.223378,VDD_IN,5166.72,,
1780559239.223378,VDD_CPU_GPU_CV,1192.32,,
1780559239.223378,VDD_SOC,1510.272,,
1780559239.223378,,,cpu-thermal,48.531
1780559239.223378,,,gpu-thermal,49.187
1780559239.223378,,,soc0-thermal,47.218
1780559239.223378,,,soc1-thermal,46.718
1780559239.223378,,,soc2-thermal,46.875
1780559239.223378,,,tj-thermal,49.187
1780559239.3293855,VDD_IN,5515.52,,
1780559239.3293855,VDD_CPU_GPU_CV,1386.56,,
1780559239.3293855,VDD_SOC,1547.52,,
1780559239.3293855,,,cpu-thermal,48.625
1780559239.3293855,,,gpu-thermal,49.062
1780559239.3293855,,,soc0-thermal,47.281
1780559239.3293855,,,soc1-thermal,46.781
1780559239.3293855,,,soc2-thermal,46.812
1780559239.3293855,,,tj-thermal,49.062
1780559239.4352589,VDD_IN,5942.4,,
1780559239.4352589,VDD_CPU_GPU_CV,1621.632,,
1780559239.4352589,VDD_SOC,1624.256,,
1780559239.4352589,,,cpu-thermal,48.468
1780559239.4352589,,,gpu-thermal,49.093
1780559239.4352589,,,soc0-thermal,47.281
1780559239.4352589,,,soc1-thermal,46.656
1780559239.4352589,,,soc2-thermal,46.843
1780559239.4352589,,,tj-thermal,49.093
1780559239.5412798,VDD_IN,6170.112,,
1780559239.5412798,VDD_CPU_GPU_CV,1737.472,,
1780559239.5412798,VDD_SOC,1661.184,,
1780559239.5412798,,,cpu-thermal,48.562
1780559239.5412798,,,gpu-thermal,49.0
1780559239.5412798,,,soc0-thermal,47.187
1780559239.5412798,,,soc1-thermal,46.718
1780559239.5412798,,,soc2-thermal,46.968
1780559239.5412798,,,tj-thermal,49.0
1780559239.6474686,VDD_IN,6288.768,,
1780559239.6474686,VDD_CPU_GPU_CV,1816.448,,
1780559239.6474686,VDD_SOC,1700.736,,
1780559239.6474686,,,cpu-thermal,48.906
1780559239.6474686,,,gpu-thermal,49.031
1780559239.6474686,,,soc0-thermal,47.218
1780559239.6474686,,,soc1-thermal,46.75
1780559239.6474686,,,soc2-thermal,47.031
1780559239.6474686,,,tj-thermal,49.031
1780559239.7537184,VDD_IN,6367.872,,
1780559239.7537184,VDD_CPU_GPU_CV,1852.928,,
1780559239.7537184,VDD_SOC,1697.984,,
1780559239.7537184,,,cpu-thermal,48.593
1780559239.7537184,,,gpu-thermal,49.093
1780559239.7537184,,,soc0-thermal,47.156
1780559239.7537184,,,soc1-thermal,46.843
1780559239.7537184,,,soc2-thermal,46.875
1780559239.7537184,,,tj-thermal,49.406
1780559239.8596656,VDD_IN,6397.056,,
1780559239.8596656,VDD_CPU_GPU_CV,1892.352,,
1780559239.8596656,VDD_SOC,1697.984,,
1780559239.8596656,,,cpu-thermal,48.75
1780559239.8596656,,,gpu-thermal,49.0
1780559239.8596656,,,soc0-thermal,47.125
1780559239.8596656,,,soc1-thermal,46.687
1780559239.8596656,,,soc2-thermal,46.937
1780559239.8596656,,,tj-thermal,49.187
1780559239.966242,VDD_IN,6436.544,,
1780559239.966242,VDD_CPU_GPU_CV,1931.776,,
1780559239.966242,VDD_SOC,1697.984,,
1780559239.966242,,,cpu-thermal,48.781
1780559239.966242,,,gpu-thermal,49.0
1780559239.966242,,,soc0-thermal,47.281
1780559239.966242,,,soc1-thermal,46.687
1780559239.966242,,,soc2-thermal,46.937
1780559239.966242,,,tj-thermal,49.187
1780559240.0722167,VDD_IN,6476.032,,
1780559240.0722167,VDD_CPU_GPU_CV,1931.776,,
1780559240.0722167,VDD_SOC,1697.984,,
1780559240.0722167,,,cpu-thermal,48.875
1780559240.0722167,,,gpu-thermal,49.375
1780559240.0722167,,,soc0-thermal,47.281
1780559240.0722167,,,soc1-thermal,46.781
1780559240.0722167,,,soc2-thermal,46.875
1780559240.0722167,,,tj-thermal,49.093
1780559240.1782324,VDD_IN,6476.032,,
1780559240.1782324,VDD_CPU_GPU_CV,1931.776,,
1780559240.1782324,VDD_SOC,1697.984,,
1780559240.1782324,,,cpu-thermal,48.687
1780559240.1782324,,,gpu-thermal,49.218
1780559240.1782324,,,soc0-thermal,47.281
1780559240.1782324,,,soc1-thermal,46.656
1780559240.1782324,,,soc2-thermal,46.968
1780559240.1782324,,,tj-thermal,49.031
1780559240.2845786,VDD_IN,6515.52,,
1780559240.2845786,VDD_CPU_GPU_CV,1971.2,,
1780559240.2845786,VDD_SOC,1697.984,,
1780559240.2845786,,,cpu-thermal,48.593
1780559240.2845786,,,gpu-thermal,49.156
1780559240.2845786,,,soc0-thermal,47.25
1780559240.2845786,,,soc1-thermal,46.75
1780559240.2845786,,,soc2-thermal,46.906
1780559240.2845786,,,tj-thermal,49.156
1780559240.3905563,VDD_IN,6633.984,,
1780559240.3905563,VDD_CPU_GPU_CV,2010.624,,
1780559240.3905563,VDD_SOC,1734.656,,
1780559240.3905563,,,cpu-thermal,48.687
1780559240.3905563,,,gpu-thermal,49.156
1780559240.3905563,,,soc0-thermal,47.218
1780559240.3905563,,,soc1-thermal,46.875
1780559240.3905563,,,soc2-thermal,47.0
1780559240.3905563,,,tj-thermal,49.156
1780559240.4967635,VDD_IN,6673.472,,
1780559240.4967635,VDD_CPU_GPU_CV,2050.048,,
1780559240.4967635,VDD_SOC,1734.656,,
1780559240.4967635,,,cpu-thermal,48.531
1780559240.4967635,,,gpu-thermal,49.093
1780559240.4967635,,,soc0-thermal,47.375
1780559240.4967635,,,soc1-thermal,46.687
1780559240.4967635,,,soc2-thermal,46.906
1780559240.4967635,,,tj-thermal,49.093
1780559240.6032343,VDD_IN,6623.232,,
1780559240.6032343,VDD_CPU_GPU_CV,2050.048,,
1780559240.6032343,VDD_SOC,1734.656,,
1780559240.6032343,,,cpu-thermal,48.625
1780559240.6032343,,,gpu-thermal,49.5
1780559240.6032343,,,soc0-thermal,47.156
1780559240.6032343,,,soc1-thermal,46.625
1780559240.6032343,,,soc2-thermal,47.0
1780559240.6032343,,,tj-thermal,49.5
1780559240.7091868,VDD_IN,6623.232,,
1780559240.7091868,VDD_CPU_GPU_CV,2046.72,,
1780559240.7091868,VDD_SOC,1734.656,,
1780559240.7091868,,,cpu-thermal,48.562
1780559240.7091868,,,gpu-thermal,49.312
1780559240.7091868,,,soc0-thermal,47.218
1780559240.7091868,,,soc1-thermal,46.812
1780559240.7091868,,,soc2-thermal,47.0
1780559240.7091868,,,tj-thermal,49.312
1780559240.8156796,VDD_IN,6633.984,,
1780559240.8156796,VDD_CPU_GPU_CV,2050.048,,
1780559240.8156796,VDD_SOC,1734.656,,
1780559240.8156796,,,cpu-thermal,48.718
1780559240.8156796,,,gpu-thermal,49.281
1780559240.8156796,,,soc0-thermal,47.437
1780559240.8156796,,,soc1-thermal,46.75
1780559240.8156796,,,soc2-thermal,46.937
1780559240.8156796,,,tj-thermal,49.281
1780559240.922357,VDD_IN,6633.984,,
1780559240.922357,VDD_CPU_GPU_CV,2050.048,,
1780559240.922357,VDD_SOC,1734.656,,
1780559240.922357,,,cpu-thermal,48.812
1780559240.922357,,,gpu-thermal,49.25
1780559240.922357,,,soc0-thermal,47.187
1780559240.922357,,,soc1-thermal,46.812
1780559240.922357,,,soc2-thermal,46.937
1780559240.922357,,,tj-thermal,49.25
1780559241.0284324,VDD_IN,6633.984,,
1780559241.0284324,VDD_CPU_GPU_CV,2050.048,,
1780559241.0284324,VDD_SOC,1734.656,,
1780559241.0284324,,,cpu-thermal,48.937
1780559241.0284324,,,gpu-thermal,49.062
1780559241.0284324,,,soc0-thermal,47.281
1780559241.0284324,,,soc1-thermal,46.781
1780559241.0284324,,,soc2-thermal,47.062
1780559241.0284324,,,tj-thermal,49.062
1780559241.134461,VDD_IN,6623.232,,
1780559241.134461,VDD_CPU_GPU_CV,2046.72,,
1780559241.134461,VDD_SOC,1734.656,,
1780559241.134461,,,cpu-thermal,49.093
1780559241.134461,,,gpu-thermal,49.031
1780559241.134461,,,soc0-thermal,47.343
1780559241.134461,,,soc1-thermal,46.75
1780559241.134461,,,soc2-thermal,46.906
1780559241.134461,,,tj-thermal,49.031
1780559241.2412958,VDD_IN,6623.232,,
1780559241.2412958,VDD_CPU_GPU_CV,2046.72,,
1780559241.2412958,VDD_SOC,1734.656,,
1780559241.2412958,,,cpu-thermal,48.812
1780559241.2412958,,,gpu-thermal,49.375
1780559241.2412958,,,soc0-thermal,47.218
1780559241.2412958,,,soc1-thermal,46.75
1780559241.2412958,,,soc2-thermal,47.0
1780559241.2412958,,,tj-thermal,49.375
1780559241.3471982,VDD_IN,6702.08,,
1780559241.3471982,VDD_CPU_GPU_CV,2086.08,,
1780559241.3471982,VDD_SOC,1734.656,,
1780559241.3471982,,,cpu-thermal,48.875
1780559241.3471982,,,gpu-thermal,49.375
1780559241.3471982,,,soc0-thermal,47.312
1780559241.3471982,,,soc1-thermal,46.812
1780559241.3471982,,,soc2-thermal,47.031
1780559241.3471982,,,tj-thermal,49.375
1780559241.4531248,VDD_IN,6741.504,,
1780559241.4531248,VDD_CPU_GPU_CV,2086.08,,
1780559241.4531248,VDD_SOC,1734.656,,
1780559241.4531248,,,cpu-thermal,48.843
1780559241.4531248,,,gpu-thermal,49.25
1780559241.4531248,,,soc0-thermal,47.312
1780559241.4531248,,,soc1-thermal,46.875
1780559241.4531248,,,soc2-thermal,47.031
1780559241.4531248,,,tj-thermal,49.25
1780559241.559087,VDD_IN,6741.504,,
1780559241.559087,VDD_CPU_GPU_CV,2086.08,,
1780559241.559087,VDD_SOC,1734.656,,
1780559241.559087,,,cpu-thermal,48.687
1780559241.559087,,,gpu-thermal,49.468
1780559241.559087,,,soc0-thermal,47.312
1780559241.559087,,,soc1-thermal,46.781
1780559241.559087,,,soc2-thermal,46.968
1780559241.559087,,,tj-thermal,49.187
1780559241.6657407,VDD_IN,6712.96,,
1780559241.6657407,VDD_CPU_GPU_CV,2089.472,,
1780559241.6657407,VDD_SOC,1734.656,,
1780559241.6657407,,,cpu-thermal,48.687
1780559241.6657407,,,gpu-thermal,49.156
1780559241.6657407,,,soc0-thermal,47.281
1780559241.6657407,,,soc1-thermal,46.875
1780559241.6657407,,,soc2-thermal,47.125
1780559241.6657407,,,tj-thermal,49.156
1780559241.7718241,VDD_IN,6673.472,,
1780559241.7718241,VDD_CPU_GPU_CV,2050.048,,
1780559241.7718241,VDD_SOC,1737.472,,
1780559241.7718241,,,cpu-thermal,48.687
1780559241.7718241,,,gpu-thermal,49.25
1780559241.7718241,,,soc0-thermal,47.343
1780559241.7718241,,,soc1-thermal,46.968
1780559241.7718241,,,soc2-thermal,47.031
1780559241.7718241,,,tj-thermal,49.562
1780559241.8777823,VDD_IN,6633.984,,
1780559241.8777823,VDD_CPU_GPU_CV,2050.048,,
1780559241.8777823,VDD_SOC,1737.472,,
1780559241.8777823,,,cpu-thermal,48.687
1780559241.8777823,,,gpu-thermal,49.125
1780559241.8777823,,,soc0-thermal,47.406
1780559241.8777823,,,soc1-thermal,46.718
1780559241.8777823,,,soc2-thermal,47.125
1780559241.8777823,,,tj-thermal,49.406
1780559241.9843056,VDD_IN,6633.984,,
1780559241.9843056,VDD_CPU_GPU_CV,2050.048,,
1780559241.9843056,VDD_SOC,1737.472,,
1780559241.9843056,,,cpu-thermal,49.031
1780559241.9843056,,,gpu-thermal,49.187
1780559241.9843056,,,soc0-thermal,47.281
1780559241.9843056,,,soc1-thermal,46.812
1780559241.9843056,,,soc2-thermal,47.062
1780559241.9843056,,,tj-thermal,49.281
1780559242.0903726,VDD_IN,6633.984,,
1780559242.0903726,VDD_CPU_GPU_CV,2050.048,,
1780559242.0903726,VDD_SOC,1737.472,,
1780559242.0903726,,,cpu-thermal,49.062
1780559242.0903726,,,gpu-thermal,49.531
1780559242.0903726,,,soc0-thermal,47.406
1780559242.0903726,,,soc1-thermal,46.812
1780559242.0903726,,,soc2-thermal,47.0
1780559242.0903726,,,tj-thermal,49.25
1780559242.1966648,VDD_IN,6594.496,,
1780559242.1966648,VDD_CPU_GPU_CV,2050.048,,
1780559242.1966648,VDD_SOC,1737.472,,
1780559242.1966648,,,cpu-thermal,48.687
1780559242.1966648,,,gpu-thermal,49.375
1780559242.1966648,,,soc0-thermal,47.406
1780559242.1966648,,,soc1-thermal,46.812
1780559242.1966648,,,soc2-thermal,47.031
1780559242.1966648,,,tj-thermal,49.281
1780559242.3028429,VDD_IN,6673.472,,
1780559242.3028429,VDD_CPU_GPU_CV,2050.048,,
1780559242.3028429,VDD_SOC,1734.656,,
1780559242.3028429,,,cpu-thermal,48.843
1780559242.3028429,,,gpu-thermal,49.312
1780559242.3028429,,,soc0-thermal,47.343
1780559242.3028429,,,soc1-thermal,46.812
1780559242.3028429,,,soc2-thermal,47.125
1780559242.3028429,,,tj-thermal,49.687
1780559242.4095902,VDD_IN,6712.96,,
1780559242.4095902,VDD_CPU_GPU_CV,2086.08,,
1780559242.4095902,VDD_SOC,1734.656,,
1780559242.4095902,,,cpu-thermal,48.937
1780559242.4095902,,,gpu-thermal,49.25
1780559242.4095902,,,soc0-thermal,47.312
1780559242.4095902,,,soc1-thermal,46.937
1780559242.4095902,,,soc2-thermal,47.156
1780559242.4095902,,,tj-thermal,49.5
1780559242.515359,VDD_IN,6741.504,,
1780559242.515359,VDD_CPU_GPU_CV,2086.08,,
1780559242.515359,VDD_SOC,1734.656,,
1780559242.515359,,,cpu-thermal,48.75
1780559242.515359,,,gpu-thermal,49.187
1780559242.515359,,,soc0-thermal,47.437
1780559242.515359,,,soc1-thermal,47.093
1780559242.515359,,,soc2-thermal,47.156
1780559242.515359,,,tj-thermal,49.468
1780559242.621792,VDD_IN,6712.96,,
1780559242.621792,VDD_CPU_GPU_CV,2086.08,,
1780559242.621792,VDD_SOC,1734.656,,
1780559242.621792,,,cpu-thermal,48.812
1780559242.621792,,,gpu-thermal,49.75
1780559242.621792,,,soc0-thermal,47.312
1780559242.621792,,,soc1-thermal,46.843
1780559242.621792,,,soc2-thermal,47.125
1780559242.621792,,,tj-thermal,49.75
1780559242.727874,VDD_IN,6673.472,,
1780559242.727874,VDD_CPU_GPU_CV,2089.472,,
1780559242.727874,VDD_SOC,1734.656,,
1780559242.727874,,,cpu-thermal,48.906
1780559242.727874,,,gpu-thermal,49.5
1780559242.727874,,,soc0-thermal,47.406
1780559242.727874,,,soc1-thermal,46.843
1780559242.727874,,,soc2-thermal,47.25
1780559242.727874,,,tj-thermal,49.5
1780559242.8337812,VDD_IN,6712.96,,
1780559242.8337812,VDD_CPU_GPU_CV,2086.08,,
1780559242.8337812,VDD_SOC,1734.656,,
1780559242.8337812,,,cpu-thermal,48.812
1780559242.8337812,,,gpu-thermal,49.406
1780559242.8337812,,,soc0-thermal,47.406
1780559242.8337812,,,soc1-thermal,47.062
1780559242.8337812,,,soc2-thermal,47.125
1780559242.8337812,,,tj-thermal,49.406
1780559242.9399266,VDD_IN,6673.472,,
1780559242.9399266,VDD_CPU_GPU_CV,2046.72,,
1780559242.9399266,VDD_SOC,1734.656,,
1780559242.9399266,,,cpu-thermal,48.812
1780559242.9399266,,,gpu-thermal,49.312
1780559242.9399266,,,soc0-thermal,47.468
1780559242.9399266,,,soc1-thermal,46.906
1780559242.9399266,,,soc2-thermal,47.125
1780559242.9399266,,,tj-thermal,49.312
1780559243.045899,VDD_IN,6673.472,,
1780559243.045899,VDD_CPU_GPU_CV,2046.72,,
1780559243.045899,VDD_SOC,1734.656,,
1780559243.045899,,,cpu-thermal,48.906
1780559243.045899,,,gpu-thermal,49.218
1780559243.045899,,,soc0-thermal,47.437
1780559243.045899,,,soc1-thermal,46.875
1780559243.045899,,,soc2-thermal,47.187
1780559243.045899,,,tj-thermal,49.218
1780559243.152104,VDD_IN,6662.656,,
1780559243.152104,VDD_CPU_GPU_CV,2046.72,,
1780559243.152104,VDD_SOC,1734.656,,
1780559243.152104,,,cpu-thermal,48.812
1780559243.152104,,,gpu-thermal,49.281
1780559243.152104,,,soc0-thermal,47.562
1780559243.152104,,,soc1-thermal,47.0
1780559243.152104,,,soc2-thermal,47.156
1780559243.152104,,,tj-thermal,49.281
1780559243.2582428,VDD_IN,6633.984,,
1780559243.2582428,VDD_CPU_GPU_CV,2046.72,,
1780559243.2582428,VDD_SOC,1734.656,,
1780559243.2582428,,,cpu-thermal,48.843
1780559243.2582428,,,gpu-thermal,49.593
1780559243.2582428,,,soc0-thermal,47.625
1780559243.2582428,,,soc1-thermal,46.906
1780559243.2582428,,,soc2-thermal,47.218
1780559243.2582428,,,tj-thermal,49.593
1780559243.3650944,VDD_IN,6702.08,,
1780559243.3650944,VDD_CPU_GPU_CV,2086.08,,
1780559243.3650944,VDD_SOC,1734.656,,
1780559243.3650944,,,cpu-thermal,48.968
1780559243.3650944,,,gpu-thermal,49.5
1780559243.3650944,,,soc0-thermal,47.5
1780559243.3650944,,,soc1-thermal,46.906
1780559243.3650944,,,soc2-thermal,47.187
1780559243.3650944,,,tj-thermal,49.5
1780559243.4715528,VDD_IN,6741.504,,
1780559243.4715528,VDD_CPU_GPU_CV,2086.08,,
1780559243.4715528,VDD_SOC,1734.656,,
1780559243.4715528,,,cpu-thermal,49.062
1780559243.4715528,,,gpu-thermal,49.468
1780559243.4715528,,,soc0-thermal,47.5
1780559243.4715528,,,soc1-thermal,47.093
1780559243.4715528,,,soc2-thermal,47.25
1780559243.4715528,,,tj-thermal,49.468
1780559243.5777822,VDD_IN,6712.96,,
1780559243.5777822,VDD_CPU_GPU_CV,2086.08,,
1780559243.5777822,VDD_SOC,1734.656,,
1780559243.5777822,,,cpu-thermal,48.906
1780559243.5777822,,,gpu-thermal,49.437
1780559243.5777822,,,soc0-thermal,47.687
1780559243.5777822,,,soc1-thermal,46.906
1780559243.5777822,,,soc2-thermal,47.218
1780559243.5777822,,,tj-thermal,49.437
1780559243.684069,VDD_IN,6712.96,,
1780559243.684069,VDD_CPU_GPU_CV,2086.08,,
1780559243.684069,VDD_SOC,1734.656,,
1780559243.684069,,,cpu-thermal,48.906
1780559243.684069,,,gpu-thermal,49.281
1780559243.684069,,,soc0-thermal,47.5
1780559243.684069,,,soc1-thermal,46.968
1780559243.684069,,,soc2-thermal,47.312
1780559243.684069,,,tj-thermal,49.281
1780559243.7904718,VDD_IN,6673.472,,
1780559243.7904718,VDD_CPU_GPU_CV,2050.048,,
1780559243.7904718,VDD_SOC,1734.656,,
1780559243.7904718,,,cpu-thermal,49.0
1780559243.7904718,,,gpu-thermal,49.781
1780559243.7904718,,,soc0-thermal,47.5
1780559243.7904718,,,soc1-thermal,47.062
1780559243.7904718,,,soc2-thermal,47.343
1780559243.7904718,,,tj-thermal,49.781
1780559243.8963637,VDD_IN,6673.472,,
1780559243.8963637,VDD_CPU_GPU_CV,2050.048,,
1780559243.8963637,VDD_SOC,1734.656,,
1780559243.8963637,,,cpu-thermal,48.906
1780559243.8963637,,,gpu-thermal,49.437
1780559243.8963637,,,soc0-thermal,47.625
1780559243.8963637,,,soc1-thermal,46.906
1780559243.8963637,,,soc2-thermal,47.343
1780559243.8963637,,,tj-thermal,49.593
1780559244.0022752,VDD_IN,6673.472,,
1780559244.0022752,VDD_CPU_GPU_CV,2089.472,,
1780559244.0022752,VDD_SOC,1734.656,,
1780559244.0022752,,,cpu-thermal,48.906
1780559244.0022752,,,gpu-thermal,49.406
1780559244.0022752,,,soc0-thermal,47.562
1780559244.0022752,,,soc1-thermal,47.0
1780559244.0022752,,,soc2-thermal,47.281
1780559244.0022752,,,tj-thermal,49.531
1780559244.1083362,VDD_IN,6633.984,,
1780559244.1083362,VDD_CPU_GPU_CV,2050.048,,
1780559244.1083362,VDD_SOC,1734.656,,
1780559244.1083362,,,cpu-thermal,48.968
1780559244.1083362,,,gpu-thermal,49.781
1780559244.1083362,,,soc0-thermal,47.562
1780559244.1083362,,,soc1-thermal,47.031
1780559244.1083362,,,soc2-thermal,47.312
1780559244.1083362,,,tj-thermal,49.406
1780559244.2146318,VDD_IN,6633.984,,
1780559244.2146318,VDD_CPU_GPU_CV,2050.048,,
1780559244.2146318,VDD_SOC,1737.472,,
1780559244.2146318,,,cpu-thermal,49.062
1780559244.2146318,,,gpu-thermal,49.593
1780559244.2146318,,,soc0-thermal,47.625
1780559244.2146318,,,soc1-thermal,47.125
1780559244.2146318,,,soc2-thermal,47.218
1780559244.2146318,,,tj-thermal,49.406
1780559244.320821,VDD_IN,6752.448,,
1780559244.320821,VDD_CPU_GPU_CV,2125.44,,
1780559244.320821,VDD_SOC,1734.656,,
1780559244.320821,,,cpu-thermal,49.031
1780559244.320821,,,gpu-thermal,49.5
1780559244.320821,,,soc0-thermal,47.531
1780559244.320821,,,soc1-thermal,46.968
1780559244.320821,,,soc2-thermal,47.218
1780559244.320821,,,tj-thermal,49.906
1780559244.426965,VDD_IN,6978.048,,
1780559244.426965,VDD_CPU_GPU_CV,2243.52,,
1780559244.426965,VDD_SOC,1774.08,,
1780559244.426965,,,cpu-thermal,49.343
1780559244.426965,,,gpu-thermal,49.468
1780559244.426965,,,soc0-thermal,47.656
1780559244.426965,,,soc1-thermal,47.031
1780559244.426965,,,soc2-thermal,47.312
1780559244.426965,,,tj-thermal,49.468
1780559244.533022,VDD_IN,7056.896,,
1780559244.533022,VDD_CPU_GPU_CV,2322.24,,
1780559244.533022,VDD_SOC,1771.2,,
1780559244.533022,,,cpu-thermal,49.406
1780559244.533022,,,gpu-thermal,49.468
1780559244.533022,,,soc0-thermal,47.687
1780559244.533022,,,soc1-thermal,47.156
1780559244.533022,,,soc2-thermal,47.312
1780559244.533022,,,tj-thermal,49.687
1780559244.640426,VDD_IN,7135.744,,
1780559244.640426,VDD_CPU_GPU_CV,2357.76,,
1780559244.640426,VDD_SOC,1771.2,,
1780559244.640426,,,cpu-thermal,49.093
1780559244.640426,,,gpu-thermal,49.843
1780559244.640426,,,soc0-thermal,47.593
1780559244.640426,,,soc1-thermal,47.062
1780559244.640426,,,soc2-thermal,47.281
1780559244.640426,,,tj-thermal,49.593
1780559244.7466307,VDD_IN,7084.8,,
1780559244.7466307,VDD_CPU_GPU_CV,2357.76,,
1780559244.7466307,VDD_SOC,1771.2,,
1780559244.7466307,,,cpu-thermal,49.312
1780559244.7466307,,,gpu-thermal,49.781
1780559244.7466307,,,soc0-thermal,47.687
1780559244.7466307,,,soc1-thermal,47.093
1780559244.7466307,,,soc2-thermal,47.437
1780559244.7466307,,,tj-thermal,49.562
1780559244.8528018,VDD_IN,7017.472,,
1780559244.8528018,VDD_CPU_GPU_CV,2357.76,,
1780559244.8528018,VDD_SOC,1771.2,,
1780559244.8528018,,,cpu-thermal,49.312
1780559244.8528018,,,gpu-thermal,49.656
1780559244.8528018,,,soc0-thermal,47.562
1780559244.8528018,,,soc1-thermal,47.156
1780559244.8528018,,,soc2-thermal,47.343
1780559244.8528018,,,tj-thermal,49.656
1780559244.9586399,VDD_IN,6938.624,,
1780559244.9586399,VDD_CPU_GPU_CV,2322.24,,
1780559244.9586399,VDD_SOC,1774.08,,
1780559244.9586399,,,cpu-thermal,49.031
1780559244.9586399,,,gpu-thermal,49.625
1780559244.9586399,,,soc0-thermal,47.687
1780559244.9586399,,,soc1-thermal,47.156
1780559244.9586399,,,soc2-thermal,47.375
1780559244.9586399,,,tj-thermal,49.625
1780559245.0645404,VDD_IN,6899.2,,
1780559245.0645404,VDD_CPU_GPU_CV,2322.24,,
1780559245.0645404,VDD_SOC,1774.08,,
1780559245.0645404,,,cpu-thermal,49.093
1780559245.0645404,,,gpu-thermal,49.625
1780559245.0645404,,,soc0-thermal,47.5
1780559245.0645404,,,soc1-thermal,47.0
1780559245.0645404,,,soc2-thermal,47.343
1780559245.0645404,,,tj-thermal,49.625
1780559245.1708279,VDD_IN,6820.352,,
1780559245.1708279,VDD_CPU_GPU_CV,2282.88,,
1780559245.1708279,VDD_SOC,1734.656,,
1780559245.1708279,,,cpu-thermal,49.187
1780559245.1708279,,,gpu-thermal,49.531
1780559245.1708279,,,soc0-thermal,47.687
1780559245.1708279,,,soc1-thermal,47.218
1780559245.1708279,,,soc2-thermal,47.375
1780559245.1708279,,,tj-thermal,49.531
1780559245.2769291,VDD_IN,6780.928,,
1780559245.2769291,VDD_CPU_GPU_CV,2282.88,,
1780559245.2769291,VDD_SOC,1734.656,,
1780559245.2769291,,,cpu-thermal,49.031
1780559245.2769291,,,gpu-thermal,49.968
1780559245.2769291,,,soc0-thermal,47.687
1780559245.2769291,,,soc1-thermal,47.281
1780559245.2769291,,,soc2-thermal,47.343
1780559245.2769291,,,tj-thermal,49.968
1780559245.3829498,VDD_IN,6741.504,,
1780559245.3829498,VDD_CPU_GPU_CV,2243.52,,
1780559245.3829498,VDD_SOC,1734.656,,
1780559245.3829498,,,cpu-thermal,49.031
1780559245.3829498,,,gpu-thermal,49.781
1780559245.3829498,,,soc0-thermal,47.531
1780559245.3829498,,,soc1-thermal,47.125
1780559245.3829498,,,soc2-thermal,47.406
1780559245.3829498,,,tj-thermal,49.781
1780559245.4887168,VDD_IN,6702.08,,
1780559245.4887168,VDD_CPU_GPU_CV,2243.52,,
1780559245.4887168,VDD_SOC,1734.656,,
1780559245.4887168,,,cpu-thermal,49.343
1780559245.4887168,,,gpu-thermal,49.562
1780559245.4887168,,,soc0-thermal,47.625
1780559245.4887168,,,soc1-thermal,47.125
1780559245.4887168,,,soc2-thermal,47.312
1780559245.4887168,,,tj-thermal,49.75
1780559245.5946357,VDD_IN,6702.08,,
1780559245.5946357,VDD_CPU_GPU_CV,2243.52,,
1780559245.5946357,VDD_SOC,1734.656,,
1780559245.5946357,,,cpu-thermal,49.0
1780559245.5946357,,,gpu-thermal,49.906
1780559245.5946357,,,soc0-thermal,47.75
1780559245.5946357,,,soc1-thermal,47.25
1780559245.5946357,,,soc2-thermal,47.468
1780559245.5946357,,,tj-thermal,49.687
1780559245.700973,VDD_IN,6702.08,,
1780559245.700973,VDD_CPU_GPU_CV,2243.52,,
1780559245.700973,VDD_SOC,1734.656,,
1780559245.700973,,,cpu-thermal,49.093
1780559245.700973,,,gpu-thermal,49.843
1780559245.700973,,,soc0-thermal,47.687
1780559245.700973,,,soc1-thermal,47.093
1780559245.700973,,,soc2-thermal,47.375
1780559245.700973,,,tj-thermal,49.656
1780559245.8068788,VDD_IN,6662.656,,
1780559245.8068788,VDD_CPU_GPU_CV,2243.52,,
1780559245.8068788,VDD_SOC,1734.656,,
1780559245.8068788,,,cpu-thermal,49.281
1780559245.8068788,,,gpu-thermal,49.687
1780559245.8068788,,,soc0-thermal,47.625
1780559245.8068788,,,soc1-thermal,47.125
1780559245.8068788,,,soc2-thermal,47.468
1780559245.8068788,,,tj-thermal,50.0
1780559245.912985,VDD_IN,6662.656,,
1780559245.912985,VDD_CPU_GPU_CV,2243.52,,
1780559245.912985,VDD_SOC,1734.656,,
1780559245.912985,,,cpu-thermal,49.468
1780559245.912985,,,gpu-thermal,49.75
1780559245.912985,,,soc0-thermal,47.656
1780559245.912985,,,soc1-thermal,47.281
1780559245.912985,,,soc2-thermal,47.468
1780559245.912985,,,tj-thermal,49.75
1780559246.0190723,VDD_IN,6702.08,,
1780559246.0190723,VDD_CPU_GPU_CV,2243.52,,
1780559246.0190723,VDD_SOC,1734.656,,
1780559246.0190723,,,cpu-thermal,49.0
1780559246.0190723,,,gpu-thermal,49.718
1780559246.0190723,,,soc0-thermal,47.781
1780559246.0190723,,,soc1-thermal,47.125
1780559246.0190723,,,soc2-thermal,47.468
1780559246.0190723,,,tj-thermal,49.718
1780559246.1250043,VDD_IN,6662.656,,
1780559246.1250043,VDD_CPU_GPU_CV,2243.52,,
1780559246.1250043,VDD_SOC,1734.656,,
1780559246.1250043,,,cpu-thermal,49.156
1780559246.1250043,,,gpu-thermal,50.062
1780559246.1250043,,,soc0-thermal,47.562
1780559246.1250043,,,soc1-thermal,47.156
1780559246.1250043,,,soc2-thermal,47.375
1780559246.1250043,,,tj-thermal,50.062
1780559246.2307136,VDD_IN,6662.656,,
1780559246.2307136,VDD_CPU_GPU_CV,2243.52,,
1780559246.2307136,VDD_SOC,1734.656,,
1780559246.2307136,,,cpu-thermal,49.218
1780559246.2307136,,,gpu-thermal,49.843
1780559246.2307136,,,soc0-thermal,47.718
1780559246.2307136,,,soc1-thermal,47.187
1780559246.2307136,,,soc2-thermal,47.593
1780559246.2307136,,,tj-thermal,49.843
1780559246.3366036,VDD_IN,6662.656,,
1780559246.3366036,VDD_CPU_GPU_CV,2243.52,,
1780559246.3366036,VDD_SOC,1734.656,,
1780559246.3366036,,,cpu-thermal,49.218
1780559246.3366036,,,gpu-thermal,49.75
1780559246.3366036,,,soc0-thermal,47.781
1780559246.3366036,,,soc1-thermal,47.312
1780559246.3366036,,,soc2-thermal,47.406
1780559246.3366036,,,tj-thermal,49.75
1780559246.442396,VDD_IN,6662.656,,
1780559246.442396,VDD_CPU_GPU_CV,2243.52,,
1780559246.442396,VDD_SOC,1734.656,,
1780559246.442396,,,cpu-thermal,49.125
1780559246.442396,,,gpu-thermal,50.093
1780559246.442396,,,soc0-thermal,47.625
1780559246.442396,,,soc1-thermal,47.156
1780559246.442396,,,soc2-thermal,47.5
1780559246.442396,,,tj-thermal,49.718
1780559246.5485332,VDD_IN,6662.656,,
1780559246.5485332,VDD_CPU_GPU_CV,2204.16,,
1780559246.5485332,VDD_SOC,1734.656,,
1780559246.5485332,,,cpu-thermal,49.187
1780559246.5485332,,,gpu-thermal,49.875
1780559246.5485332,,,soc0-thermal,47.656
1780559246.5485332,,,soc1-thermal,47.187
1780559246.5485332,,,soc2-thermal,47.5
1780559246.5485332,,,tj-thermal,49.718
1780559246.6543586,VDD_IN,6662.656,,
1780559246.6543586,VDD_CPU_GPU_CV,2204.16,,
1780559246.6543586,VDD_SOC,1734.656,,
1780559246.6543586,,,cpu-thermal,49.312
1780559246.6543586,,,gpu-thermal,49.812
1780559246.6543586,,,soc0-thermal,47.781
1780559246.6543586,,,soc1-thermal,47.281
1780559246.6543586,,,soc2-thermal,47.468
1780559246.6543586,,,tj-thermal,50.125
1780559246.7603443,VDD_IN,6741.504,,
1780559246.7603443,VDD_CPU_GPU_CV,2243.52,,
1780559246.7603443,VDD_SOC,1734.656,,
1780559246.7603443,,,cpu-thermal,49.218
1780559246.7603443,,,gpu-thermal,49.75
1780559246.7603443,,,soc0-thermal,47.843
1780559246.7603443,,,soc1-thermal,47.187
1780559246.7603443,,,soc2-thermal,47.531
1780559246.7603443,,,tj-thermal,49.75
1780559246.8666348,VDD_IN,6741.504,,
1780559246.8666348,VDD_CPU_GPU_CV,2243.52,,
1780559246.8666348,VDD_SOC,1734.656,,
1780559246.8666348,,,cpu-thermal,49.187
1780559246.8666348,,,gpu-thermal,49.75
1780559246.8666348,,,soc0-thermal,47.687
1780559246.8666348,,,soc1-thermal,47.218
1780559246.8666348,,,soc2-thermal,47.625
1780559246.8666348,,,tj-thermal,49.75
1780559246.9727006,VDD_IN,6702.08,,
1780559246.9727006,VDD_CPU_GPU_CV,2243.52,,
1780559246.9727006,VDD_SOC,1734.656,,
1780559246.9727006,,,cpu-thermal,49.5
1780559246.9727006,,,gpu-thermal,50.187
1780559246.9727006,,,soc0-thermal,47.75
1780559246.9727006,,,soc1-thermal,47.343
1780559246.9727006,,,soc2-thermal,47.625
1780559246.9727006,,,tj-thermal,50.187
1780559247.0784953,VDD_IN,6702.08,,
1780559247.0784953,VDD_CPU_GPU_CV,2243.52,,
1780559247.0784953,VDD_SOC,1734.656,,
1780559247.0784953,,,cpu-thermal,49.281
1780559247.0784953,,,gpu-thermal,50.062
1780559247.0784953,,,soc0-thermal,47.812
1780559247.0784953,,,soc1-thermal,47.281
1780559247.0784953,,,soc2-thermal,47.656
1780559247.0784953,,,tj-thermal,50.062
1780559247.1843646,VDD_IN,6702.08,,
1780559247.1843646,VDD_CPU_GPU_CV,2243.52,,
1780559247.1843646,VDD_SOC,1734.656,,
1780559247.1843646,,,cpu-thermal,49.156
1780559247.1843646,,,gpu-thermal,49.875
1780559247.1843646,,,soc0-thermal,47.937
1780559247.1843646,,,soc1-thermal,47.156
1780559247.1843646,,,soc2-thermal,47.593
1780559247.1843646,,,tj-thermal,49.875
1780559247.2904887,VDD_IN,6702.08,,
1780559247.2904887,VDD_CPU_GPU_CV,2243.52,,
1780559247.2904887,VDD_SOC,1734.656,,
1780559247.2904887,,,cpu-thermal,49.406
1780559247.2904887,,,gpu-thermal,49.875
1780559247.2904887,,,soc0-thermal,47.781
1780559247.2904887,,,soc1-thermal,47.281
1780559247.2904887,,,soc2-thermal,47.687
1780559247.2904887,,,tj-thermal,49.875
1780559247.3967617,VDD_IN,6662.656,,
1780559247.3967617,VDD_CPU_GPU_CV,2243.52,,
1780559247.3967617,VDD_SOC,1734.656,,
1780559247.3967617,,,cpu-thermal,49.562
1780559247.3967617,,,gpu-thermal,49.781
1780559247.3967617,,,soc0-thermal,47.75
1780559247.3967617,,,soc1-thermal,47.531
1780559247.3967617,,,soc2-thermal,47.562
1780559247.3967617,,,tj-thermal,49.781
1780559247.5027814,VDD_IN,6662.656,,
1780559247.5027814,VDD_CPU_GPU_CV,2243.52,,
1780559247.5027814,VDD_SOC,1734.656,,
1780559247.5027814,,,cpu-thermal,49.343
1780559247.5027814,,,gpu-thermal,49.968
1780559247.5027814,,,soc0-thermal,47.937
1780559247.5027814,,,soc1-thermal,47.312
1780559247.5027814,,,soc2-thermal,47.625
1780559247.5027814,,,tj-thermal,49.812
1780559247.6088376,VDD_IN,6662.656,,
1780559247.6088376,VDD_CPU_GPU_CV,2204.16,,
1780559247.6088376,VDD_SOC,1734.656,,
1780559247.6088376,,,cpu-thermal,49.406
1780559247.6088376,,,gpu-thermal,49.875
1780559247.6088376,,,soc0-thermal,47.781
1780559247.6088376,,,soc1-thermal,47.25
1780559247.6088376,,,soc2-thermal,47.687
1780559247.6088376,,,tj-thermal,50.187
1780559247.7146292,VDD_IN,6662.656,,
1780559247.7146292,VDD_CPU_GPU_CV,2243.52,,
1780559247.7146292,VDD_SOC,1734.656,,
1780559247.7146292,,,cpu-thermal,49.406
1780559247.7146292,,,gpu-thermal,49.843
1780559247.7146292,,,soc0-thermal,47.781
1780559247.7146292,,,soc1-thermal,47.437
1780559247.7146292,,,soc2-thermal,47.562
1780559247.7146292,,,tj-thermal,50.093
1780559247.8213787,VDD_IN,6780.928,,
1780559247.8213787,VDD_CPU_GPU_CV,2322.24,,
1780559247.8213787,VDD_SOC,1734.656,,
1780559247.8213787,,,cpu-thermal,49.406
1780559247.8213787,,,gpu-thermal,50.25
1780559247.8213787,,,soc0-thermal,47.937
1780559247.8213787,,,soc1-thermal,47.281
1780559247.8213787,,,soc2-thermal,47.531
1780559247.8213787,,,tj-thermal,49.968
1780559247.9274158,VDD_IN,6820.352,,
1780559247.9274158,VDD_CPU_GPU_CV,2322.24,,
1780559247.9274158,VDD_SOC,1734.656,,
1780559247.9274158,,,cpu-thermal,49.5
1780559247.9274158,,,gpu-thermal,50.156
1780559247.9274158,,,soc0-thermal,47.781
1780559247.9274158,,,soc1-thermal,47.343
1780559247.9274158,,,soc2-thermal,47.562
1780559247.9274158,,,tj-thermal,49.812
1780559248.0334964,VDD_IN,6780.928,,
1780559248.0334964,VDD_CPU_GPU_CV,2322.24,,
1780559248.0334964,VDD_SOC,1734.656,,
1780559248.0334964,,,cpu-thermal,49.343
1780559248.0334964,,,gpu-thermal,50.0
1780559248.0334964,,,soc0-thermal,47.812
1780559248.0334964,,,soc1-thermal,47.468
1780559248.0334964,,,soc2-thermal,47.625
1780559248.0334964,,,tj-thermal,49.875
1780559248.1399586,VDD_IN,6780.928,,
1780559248.1399586,VDD_CPU_GPU_CV,2322.24,,
1780559248.1399586,VDD_SOC,1734.656,,
1780559248.1399586,,,cpu-thermal,49.343
1780559248.1399586,,,gpu-thermal,50.031
1780559248.1399586,,,soc0-thermal,47.906
1780559248.1399586,,,soc1-thermal,47.531
1780559248.1399586,,,soc2-thermal,47.656
1780559248.1399586,,,tj-thermal,50.031
1780559248.2460148,VDD_IN,6780.928,,
1780559248.2460148,VDD_CPU_GPU_CV,2282.88,,
1780559248.2460148,VDD_SOC,1734.656,,
1780559248.2460148,,,cpu-thermal,49.406
1780559248.2460148,,,gpu-thermal,49.968
1780559248.2460148,,,soc0-thermal,47.781
1780559248.2460148,,,soc1-thermal,47.312
1780559248.2460148,,,soc2-thermal,47.625
1780559248.2460148,,,tj-thermal,49.968
1780559248.352348,VDD_IN,6741.504,,
1780559248.352348,VDD_CPU_GPU_CV,2282.88,,
1780559248.352348,VDD_SOC,1734.656,,
1780559248.352348,,,cpu-thermal,49.625
1780559248.352348,,,gpu-thermal,49.843
1780559248.352348,,,soc0-thermal,47.843
1780559248.352348,,,soc1-thermal,47.406
1780559248.352348,,,soc2-thermal,47.75
1780559248.352348,,,tj-thermal,49.843
1780559248.4582293,VDD_IN,6741.504,,
1780559248.4582293,VDD_CPU_GPU_CV,2282.88,,
1780559248.4582293,VDD_SOC,1734.656,,
1780559248.4582293,,,cpu-thermal,49.312
1780559248.4582293,,,gpu-thermal,50.25
1780559248.4582293,,,soc0-thermal,47.937
1780559248.4582293,,,soc1-thermal,47.562
1780559248.4582293,,,soc2-thermal,47.75
1780559248.4582293,,,tj-thermal,50.25
1780559248.5638702,VDD_IN,6741.504,,
1780559248.5638702,VDD_CPU_GPU_CV,2282.88,,
1780559248.5638702,VDD_SOC,1734.656,,
1780559248.5638702,,,cpu-thermal,49.187
1780559248.5638702,,,gpu-thermal,50.156
1780559248.5638702,,,soc0-thermal,48.0
1780559248.5638702,,,soc1-thermal,47.312
1780559248.5638702,,,soc2-thermal,47.625
1780559248.5638702,,,tj-thermal,50.156
1780559248.6700733,VDD_IN,6741.504,,
1780559248.6700733,VDD_CPU_GPU_CV,2282.88,,
1780559248.6700733,VDD_SOC,1734.656,,
1780559248.6700733,,,cpu-thermal,49.531
1780559248.6700733,,,gpu-thermal,50.031
1780559248.6700733,,,soc0-thermal,47.937
1780559248.6700733,,,soc1-thermal,47.468
1780559248.6700733,,,soc2-thermal,47.687
1780559248.6700733,,,tj-thermal,50.031
1780559248.7761924,VDD_IN,6702.08,,
1780559248.7761924,VDD_CPU_GPU_CV,2243.52,,
1780559248.7761924,VDD_SOC,1734.656,,
1780559248.7761924,,,cpu-thermal,49.531
1780559248.7761924,,,gpu-thermal,49.968
1780559248.7761924,,,soc0-thermal,47.906
1780559248.7761924,,,soc1-thermal,47.437
1780559248.7761924,,,soc2-thermal,47.718
1780559248.7761924,,,tj-thermal,49.968
1780559248.8826447,VDD_IN,6702.08,,
1780559248.8826447,VDD_CPU_GPU_CV,2243.52,,
1780559248.8826447,VDD_SOC,1734.656,,
1780559248.8826447,,,cpu-thermal,49.375
1780559248.8826447,,,gpu-thermal,49.812
1780559248.8826447,,,soc0-thermal,48.031
1780559248.8826447,,,soc1-thermal,47.375
1780559248.8826447,,,soc2-thermal,47.75
1780559248.8826447,,,tj-thermal,49.812
1780559248.9888506,VDD_IN,6702.08,,
1780559248.9888506,VDD_CPU_GPU_CV,2243.52,,
1780559248.9888506,VDD_SOC,1734.656,,
1780559248.9888506,,,cpu-thermal,49.468
1780559248.9888506,,,gpu-thermal,50.343
1780559248.9888506,,,soc0-thermal,47.937
1780559248.9888506,,,soc1-thermal,47.468
1780559248.9888506,,,soc2-thermal,47.781
1780559248.9888506,,,tj-thermal,50.343
1780559249.0948167,VDD_IN,6702.08,,
1780559249.0948167,VDD_CPU_GPU_CV,2243.52,,
1780559249.0948167,VDD_SOC,1734.656,,
1780559249.0948167,,,cpu-thermal,49.562
1780559249.0948167,,,gpu-thermal,50.25
1780559249.0948167,,,soc0-thermal,48.0
1780559249.0948167,,,soc1-thermal,47.562
1780559249.0948167,,,soc2-thermal,47.75
1780559249.0948167,,,tj-thermal,50.25
1780559249.2022684,VDD_IN,6702.08,,
1780559249.2022684,VDD_CPU_GPU_CV,2243.52,,
1780559249.2022684,VDD_SOC,1734.656,,
1780559249.2022684,,,cpu-thermal,49.406
1780559249.2022684,,,gpu-thermal,50.125
1780559249.2022684,,,soc0-thermal,48.062
1780559249.2022684,,,soc1-thermal,47.437
1780559249.2022684,,,soc2-thermal,47.718
1780559249.2022684,,,tj-thermal,50.125
1780559249.3083827,VDD_IN,6702.08,,
1780559249.3083827,VDD_CPU_GPU_CV,2243.52,,
1780559249.3083827,VDD_SOC,1734.656,,
1780559249.3083827,,,cpu-thermal,49.406
1780559249.3083827,,,gpu-thermal,50.031
1780559249.3083827,,,soc0-thermal,47.875
1780559249.3083827,,,soc1-thermal,47.5
1780559249.3083827,,,soc2-thermal,47.812
1780559249.3083827,,,tj-thermal,50.031
1780559249.4148204,VDD_IN,6741.504,,
1780559249.4148204,VDD_CPU_GPU_CV,2243.52,,
1780559249.4148204,VDD_SOC,1734.656,,
1780559249.4148204,,,cpu-thermal,49.781
1780559249.4148204,,,gpu-thermal,50.0
1780559249.4148204,,,soc0-thermal,47.968
1780559249.4148204,,,soc1-thermal,47.562
1780559249.4148204,,,soc2-thermal,47.656
1780559249.4148204,,,tj-thermal,50.0
1780559249.520783,VDD_IN,6741.504,,
1780559249.520783,VDD_CPU_GPU_CV,2243.52,,
1780559249.520783,VDD_SOC,1734.656,,
1780559249.520783,,,cpu-thermal,49.375
1780559249.520783,,,gpu-thermal,49.937
1780559249.520783,,,soc0-thermal,48.125
1780559249.520783,,,soc1-thermal,47.343
1780559249.520783,,,soc2-thermal,47.843
1780559249.520783,,,tj-thermal,49.937
1780559249.627085,VDD_IN,6702.08,,
1780559249.627085,VDD_CPU_GPU_CV,2243.52,,
1780559249.627085,VDD_SOC,1734.656,,
1780559249.627085,,,cpu-thermal,49.531
1780559249.627085,,,gpu-thermal,50.0
1780559249.627085,,,soc0-thermal,47.968
1780559249.627085,,,soc1-thermal,47.562
1780559249.627085,,,soc2-thermal,47.812
1780559249.627085,,,tj-thermal,50.281
1780559249.7336533,VDD_IN,6702.08,,
1780559249.7336533,VDD_CPU_GPU_CV,2243.52,,
1780559249.7336533,VDD_SOC,1734.656,,
1780559249.7336533,,,cpu-thermal,49.687
1780559249.7336533,,,gpu-thermal,50.187
1780559249.7336533,,,soc0-thermal,47.968
1780559249.7336533,,,soc1-thermal,47.687
1780559249.7336533,,,soc2-thermal,47.906
1780559249.7336533,,,tj-thermal,50.187
1780559249.8397448,VDD_IN,6702.08,,
1780559249.8397448,VDD_CPU_GPU_CV,2243.52,,
1780559249.8397448,VDD_SOC,1734.656,,
1780559249.8397448,,,cpu-thermal,49.875
1780559249.8397448,,,gpu-thermal,50.562
1780559249.8397448,,,soc0-thermal,48.0
1780559249.8397448,,,soc1-thermal,47.468
1780559249.8397448,,,soc2-thermal,47.812
1780559249.8397448,,,tj-thermal,50.062
1780559249.9457304,VDD_IN,6702.08,,
1780559249.9457304,VDD_CPU_GPU_CV,2243.52,,
1780559249.9457304,VDD_SOC,1734.656,,
1780559249.9457304,,,cpu-thermal,49.562
1780559249.9457304,,,gpu-thermal,50.281
1780559249.9457304,,,soc0-thermal,48.0
1780559249.9457304,,,soc1-thermal,47.5
1780559249.9457304,,,soc2-thermal,47.812
1780559249.9457304,,,tj-thermal,50.156
1780559250.0523598,VDD_IN,6702.08,,
1780559250.0523598,VDD_CPU_GPU_CV,2243.52,,
1780559250.0523598,VDD_SOC,1734.656,,
1780559250.0523598,,,cpu-thermal,49.625
1780559250.0523598,,,gpu-thermal,50.218
1780559250.0523598,,,soc0-thermal,47.968
1780559250.0523598,,,soc1-thermal,47.5
1780559250.0523598,,,soc2-thermal,47.875
1780559250.0523598,,,tj-thermal,49.968
1780559250.158362,VDD_IN,6702.08,,
1780559250.158362,VDD_CPU_GPU_CV,2243.52,,
1780559250.158362,VDD_SOC,1734.656,,
1780559250.158362,,,cpu-thermal,49.531
1780559250.158362,,,gpu-thermal,50.062
1780559250.158362,,,soc0-thermal,48.156
1780559250.158362,,,soc1-thermal,47.656
1780559250.158362,,,soc2-thermal,47.843
1780559250.158362,,,tj-thermal,50.437
1780559250.2643883,VDD_IN,6702.08,,
1780559250.2643883,VDD_CPU_GPU_CV,2243.52,,
1780559250.2643883,VDD_SOC,1734.656,,
1780559250.2643883,,,cpu-thermal,49.531
1780559250.2643883,,,gpu-thermal,50.031
1780559250.2643883,,,soc0-thermal,48.218
1780559250.2643883,,,soc1-thermal,47.593
1780559250.2643883,,,soc2-thermal,47.812
1780559250.2643883,,,tj-thermal,50.312
1780559250.370564,VDD_IN,6702.08,,
1780559250.370564,VDD_CPU_GPU_CV,2243.52,,
1780559250.370564,VDD_SOC,1734.656,,
1780559250.370564,,,cpu-thermal,49.593
1780559250.370564,,,gpu-thermal,50.062
1780559250.370564,,,soc0-thermal,48.031
1780559250.370564,,,soc1-thermal,47.562
1780559250.370564,,,soc2-thermal,47.906
1780559250.370564,,,tj-thermal,50.062
1780559250.4765081,VDD_IN,6702.08,,
1780559250.4765081,VDD_CPU_GPU_CV,2243.52,,
1780559250.4765081,VDD_SOC,1734.656,,
1780559250.4765081,,,cpu-thermal,49.562
1780559250.4765081,,,gpu-thermal,50.468
1780559250.4765081,,,soc0-thermal,48.093
1780559250.4765081,,,soc1-thermal,47.687
1780559250.4765081,,,soc2-thermal,47.906
1780559250.4765081,,,tj-thermal,50.468
1780559250.582493,VDD_IN,6741.504,,
1780559250.582493,VDD_CPU_GPU_CV,2282.88,,
1780559250.582493,VDD_SOC,1734.656,,
1780559250.582493,,,cpu-thermal,49.531
1780559250.582493,,,gpu-thermal,50.312
1780559250.582493,,,soc0-thermal,48.218
1780559250.582493,,,soc1-thermal,47.531
1780559250.582493,,,soc2-thermal,47.906
1780559250.582493,,,tj-thermal,50.312
1780559250.6887305,VDD_IN,6741.504,,
1780559250.6887305,VDD_CPU_GPU_CV,2243.52,,
1780559250.6887305,VDD_SOC,1734.656,,
1780559250.6887305,,,cpu-thermal,49.593
1780559250.6887305,,,gpu-thermal,50.218
1780559250.6887305,,,soc0-thermal,48.125
1780559250.6887305,,,soc1-thermal,47.593
1780559250.6887305,,,soc2-thermal,47.812
1780559250.6887305,,,tj-thermal,50.218
1780559250.795269,VDD_IN,6702.08,,
1780559250.795269,VDD_CPU_GPU_CV,2243.52,,
1780559250.795269,VDD_SOC,1734.656,,
1780559250.795269,,,cpu-thermal,49.937
1780559250.795269,,,gpu-thermal,50.187
1780559250.795269,,,soc0-thermal,48.062
1780559250.795269,,,soc1-thermal,47.687
1780559250.795269,,,soc2-thermal,47.937
1780559250.795269,,,tj-thermal,50.187
1780559250.9012554,VDD_IN,6702.08,,
1780559250.9012554,VDD_CPU_GPU_CV,2243.52,,
1780559250.9012554,VDD_SOC,1734.656,,
1780559250.9012554,,,cpu-thermal,49.531
1780559250.9012554,,,gpu-thermal,50.062
1780559250.9012554,,,soc0-thermal,48.187
1780559250.9012554,,,soc1-thermal,47.562
1780559250.9012554,,,soc2-thermal,47.812
1780559250.9012554,,,tj-thermal,50.062
1780559251.0075874,VDD_IN,6741.504,,
1780559251.0075874,VDD_CPU_GPU_CV,2282.88,,
1780559251.0075874,VDD_SOC,1734.656,,
1780559251.0075874,,,cpu-thermal,49.562
1780559251.0075874,,,gpu-thermal,50.562
1780559251.0075874,,,soc0-thermal,48.062
1780559251.0075874,,,soc1-thermal,47.625
1780559251.0075874,,,soc2-thermal,47.937
1780559251.0075874,,,tj-thermal,50.562
1780559251.1136305,VDD_IN,6741.504,,
1780559251.1136305,VDD_CPU_GPU_CV,2282.88,,
1780559251.1136305,VDD_SOC,1734.656,,
1780559251.1136305,,,cpu-thermal,49.781
1780559251.1136305,,,gpu-thermal,50.343
1780559251.1136305,,,soc0-thermal,48.062
1780559251.1136305,,,soc1-thermal,47.687
1780559251.1136305,,,soc2-thermal,48.0
1780559251.1136305,,,tj-thermal,50.343
1780559251.2201672,VDD_IN,6741.504,,
1780559251.2201672,VDD_CPU_GPU_CV,2243.52,,
1780559251.2201672,VDD_SOC,1734.656,,
1780559251.2201672,,,cpu-thermal,49.656
1780559251.2201672,,,gpu-thermal,50.281
1780559251.2201672,,,soc0-thermal,48.25
1780559251.2201672,,,soc1-thermal,47.812
1780559251.2201672,,,soc2-thermal,47.937
1780559251.2201672,,,tj-thermal,50.281
1780559251.325952,VDD_IN,6741.504,,
1780559251.325952,VDD_CPU_GPU_CV,2282.88,,
1780559251.325952,VDD_SOC,1734.656,,
1780559251.325952,,,cpu-thermal,49.562
1780559251.325952,,,gpu-thermal,50.531
1780559251.325952,,,soc0-thermal,48.187
1780559251.325952,,,soc1-thermal,47.687
1780559251.325952,,,soc2-thermal,47.968
1780559251.325952,,,tj-thermal,50.125
1780559251.431872,VDD_IN,6741.504,,
1780559251.431872,VDD_CPU_GPU_CV,2243.52,,
1780559251.431872,VDD_SOC,1734.656,,
1780559251.431872,,,cpu-thermal,49.718
1780559251.431872,,,gpu-thermal,50.25
1780559251.431872,,,soc0-thermal,48.156
1780559251.431872,,,soc1-thermal,47.625
1780559251.431872,,,soc2-thermal,47.968
1780559251.431872,,,tj-thermal,50.218
1780559251.5376644,VDD_IN,6741.504,,
1780559251.5376644,VDD_CPU_GPU_CV,2243.52,,
1780559251.5376644,VDD_SOC,1734.656,,
1780559251.5376644,,,cpu-thermal,49.656
1780559251.5376644,,,gpu-thermal,50.281
1780559251.5376644,,,soc0-thermal,48.218
1780559251.5376644,,,soc1-thermal,47.75
1780559251.5376644,,,soc2-thermal,47.937
1780559251.5376644,,,tj-thermal,50.093
1780559251.6437793,VDD_IN,6741.504,,
1780559251.6437793,VDD_CPU_GPU_CV,2243.52,,
1780559251.6437793,VDD_SOC,1734.656,,
1780559251.6437793,,,cpu-thermal,49.687
1780559251.6437793,,,gpu-thermal,50.25
1780559251.6437793,,,soc0-thermal,48.25
1780559251.6437793,,,soc1-thermal,47.625
1780559251.6437793,,,soc2-thermal,47.937
1780559251.6437793,,,tj-thermal,50.25
1780559251.749914,VDD_IN,6741.504,,
1780559251.749914,VDD_CPU_GPU_CV,2282.88,,
1780559251.749914,VDD_SOC,1734.656,,
1780559251.749914,,,cpu-thermal,49.656
1780559251.749914,,,gpu-thermal,50.25
1780559251.749914,,,soc0-thermal,48.218
1780559251.749914,,,soc1-thermal,47.687
1780559251.749914,,,soc2-thermal,48.0
1780559251.749914,,,tj-thermal,50.25
1780559251.8560102,VDD_IN,6702.08,,
1780559251.8560102,VDD_CPU_GPU_CV,2243.52,,
1780559251.8560102,VDD_SOC,1734.656,,
1780559251.8560102,,,cpu-thermal,50.062
1780559251.8560102,,,gpu-thermal,50.625
1780559251.8560102,,,soc0-thermal,48.187
1780559251.8560102,,,soc1-thermal,47.781
1780559251.8560102,,,soc2-thermal,48.0
1780559251.8560102,,,tj-thermal,50.625
1780559251.9619918,VDD_IN,6702.08,,
1780559251.9619918,VDD_CPU_GPU_CV,2243.52,,
1780559251.9619918,VDD_SOC,1734.656,,
1780559251.9619918,,,cpu-thermal,49.718
1780559251.9619918,,,gpu-thermal,50.562
1780559251.9619918,,,soc0-thermal,48.25
1780559251.9619918,,,soc1-thermal,47.625
1780559251.9619918,,,soc2-thermal,48.062
1780559251.9619918,,,tj-thermal,50.562
1780559252.0677752,VDD_IN,6741.504,,
1780559252.0677752,VDD_CPU_GPU_CV,2243.52,,
1780559252.0677752,VDD_SOC,1734.656,,
1780559252.0677752,,,cpu-thermal,49.656
1780559252.0677752,,,gpu-thermal,50.375
1780559252.0677752,,,soc0-thermal,48.218
1780559252.0677752,,,soc1-thermal,47.718
1780559252.0677752,,,soc2-thermal,48.0
1780559252.0677752,,,tj-thermal,50.375
1780559252.173913,VDD_IN,6741.504,,
1780559252.173913,VDD_CPU_GPU_CV,2282.88,,
1780559252.173913,VDD_SOC,1734.656,,
1780559252.173913,,,cpu-thermal,49.937
1780559252.173913,,,gpu-thermal,50.312
1780559252.173913,,,soc0-thermal,48.281
1780559252.173913,,,soc1-thermal,47.718
1780559252.173913,,,soc2-thermal,48.062
1780559252.173913,,,tj-thermal,50.312
1780559252.2802188,VDD_IN,6741.504,,
1780559252.2802188,VDD_CPU_GPU_CV,2282.88,,
1780559252.2802188,VDD_SOC,1731.84,,
1780559252.2802188,,,cpu-thermal,50.0
1780559252.2802188,,,gpu-thermal,50.25
1780559252.2802188,,,soc0-thermal,48.281
1780559252.2802188,,,soc1-thermal,47.843
1780559252.2802188,,,soc2-thermal,47.937
1780559252.2802188,,,tj-thermal,50.25
1780559252.386097,VDD_IN,6741.504,,
1780559252.386097,VDD_CPU_GPU_CV,2243.52,,
1780559252.386097,VDD_SOC,1734.656,,
1780559252.386097,,,cpu-thermal,49.718
1780559252.386097,,,gpu-thermal,50.437
1780559252.386097,,,soc0-thermal,48.375
1780559252.386097,,,soc1-thermal,47.656
1780559252.386097,,,soc2-thermal,48.031
1780559252.386097,,,tj-thermal,50.25
1780559252.4918873,VDD_IN,6741.504,,
1780559252.4918873,VDD_CPU_GPU_CV,2243.52,,
1780559252.4918873,VDD_SOC,1734.656,,
1780559252.4918873,,,cpu-thermal,49.843
1780559252.4918873,,,gpu-thermal,50.406
1780559252.4918873,,,soc0-thermal,48.25
1780559252.4918873,,,soc1-thermal,47.687
1780559252.4918873,,,soc2-thermal,48.093
1780559252.4918873,,,tj-thermal,50.687
1780559252.59767,VDD_IN,6741.504,,
1780559252.59767,VDD_CPU_GPU_CV,2243.52,,
1780559252.59767,VDD_SOC,1734.656,,
1780559252.59767,,,cpu-thermal,49.906
1780559252.59767,,,gpu-thermal,50.25
1780559252.59767,,,soc0-thermal,48.312
1780559252.59767,,,soc1-thermal,47.875
1780559252.59767,,,soc2-thermal,48.0
1780559252.59767,,,tj-thermal,50.25
1780559252.7036495,VDD_IN,6702.08,,
1780559252.7036495,VDD_CPU_GPU_CV,2243.52,,
1780559252.7036495,VDD_SOC,1734.656,,
1780559252.7036495,,,cpu-thermal,49.75
1780559252.7036495,,,gpu-thermal,50.281
1780559252.7036495,,,soc0-thermal,48.312
1780559252.7036495,,,soc1-thermal,47.656
1780559252.7036495,,,soc2-thermal,48.125
1780559252.7036495,,,tj-thermal,50.281
1780559252.8102,VDD_IN,6702.08,,
1780559252.8102,VDD_CPU_GPU_CV,2243.52,,
1780559252.8102,VDD_SOC,1734.656,,
1780559252.8102,,,cpu-thermal,49.843
1780559252.8102,,,gpu-thermal,50.625
1780559252.8102,,,soc0-thermal,48.218
1780559252.8102,,,soc1-thermal,47.843
1780559252.8102,,,soc2-thermal,48.093
1780559252.8102,,,tj-thermal,50.625
1780559252.9159553,VDD_IN,6702.08,,
1780559252.9159553,VDD_CPU_GPU_CV,2243.52,,
1780559252.9159553,VDD_SOC,1734.656,,
1780559252.9159553,,,cpu-thermal,49.875
1780559252.9159553,,,gpu-thermal,50.437
1780559252.9159553,,,soc0-thermal,48.281
1780559252.9159553,,,soc1-thermal,47.843
1780559252.9159553,,,soc2-thermal,48.187
1780559252.9159553,,,tj-thermal,50.437
1780559253.0218852,VDD_IN,6702.08,,
1780559253.0218852,VDD_CPU_GPU_CV,2243.52,,
1780559253.0218852,VDD_SOC,1734.656,,
1780559253.0218852,,,cpu-thermal,49.718
1780559253.0218852,,,gpu-thermal,50.375
1780559253.0218852,,,soc0-thermal,48.437
1780559253.0218852,,,soc1-thermal,48.031
1780559253.0218852,,,soc2-thermal,48.062
1780559253.0218852,,,tj-thermal,50.375
1780559253.1284122,VDD_IN,6702.08,,
1780559253.1284122,VDD_CPU_GPU_CV,2243.52,,
1780559253.1284122,VDD_SOC,1734.656,,
1780559253.1284122,,,cpu-thermal,49.781
1780559253.1284122,,,gpu-thermal,50.406
1780559253.1284122,,,soc0-thermal,48.437
1780559253.1284122,,,soc1-thermal,47.75
1780559253.1284122,,,soc2-thermal,48.093
1780559253.1284122,,,tj-thermal,50.406
1780559253.2343125,VDD_IN,6702.08,,
1780559253.2343125,VDD_CPU_GPU_CV,2243.52,,
1780559253.2343125,VDD_SOC,1734.656,,
1780559253.2343125,,,cpu-thermal,50.0
1780559253.2343125,,,gpu-thermal,50.343
1780559253.2343125,,,soc0-thermal,48.343
1780559253.2343125,,,soc1-thermal,47.875
1780559253.2343125,,,soc2-thermal,48.156
1780559253.2343125,,,tj-thermal,50.343
1780559253.3404913,VDD_IN,6702.08,,
1780559253.3404913,VDD_CPU_GPU_CV,2243.52,,
1780559253.3404913,VDD_SOC,1734.656,,
1780559253.3404913,,,cpu-thermal,49.843
1780559253.3404913,,,gpu-thermal,50.718
1780559253.3404913,,,soc0-thermal,48.437
1780559253.3404913,,,soc1-thermal,47.906
1780559253.3404913,,,soc2-thermal,48.156
1780559253.3404913,,,tj-thermal,50.718
1780559253.446926,VDD_IN,6702.08,,
1780559253.446926,VDD_CPU_GPU_CV,2243.52,,
1780559253.446926,VDD_SOC,1734.656,,
1780559253.446926,,,cpu-thermal,49.75
1780559253.446926,,,gpu-thermal,50.656
1780559253.446926,,,soc0-thermal,48.468
1780559253.446926,,,soc1-thermal,47.781
1780559253.446926,,,soc2-thermal,48.093
1780559253.446926,,,tj-thermal,50.656
1780559253.5528102,VDD_IN,6702.08,,
1780559253.5528102,VDD_CPU_GPU_CV,2282.88,,
1780559253.5528102,VDD_SOC,1734.656,,
1780559253.5528102,,,cpu-thermal,50.0
1780559253.5528102,,,gpu-thermal,50.531
1780559253.5528102,,,soc0-thermal,48.281
1780559253.5528102,,,soc1-thermal,47.843
1780559253.5528102,,,soc2-thermal,48.218
1780559253.5528102,,,tj-thermal,50.531
1780559253.6589215,VDD_IN,6702.08,,
1780559253.6589215,VDD_CPU_GPU_CV,2282.88,,
1780559253.6589215,VDD_SOC,1734.656,,
1780559253.6589215,,,cpu-thermal,50.093
1780559253.6589215,,,gpu-thermal,50.812
1780559253.6589215,,,soc0-thermal,48.375
1780559253.6589215,,,soc1-thermal,47.968
1780559253.6589215,,,soc2-thermal,48.156
1780559253.6589215,,,tj-thermal,50.406
1780559253.7650833,VDD_IN,6702.08,,
1780559253.7650833,VDD_CPU_GPU_CV,2243.52,,
1780559253.7650833,VDD_SOC,1734.656,,
1780559253.7650833,,,cpu-thermal,50.187
1780559253.7650833,,,gpu-thermal,50.593
1780559253.7650833,,,soc0-thermal,48.562
1780559253.7650833,,,soc1-thermal,47.875
1780559253.7650833,,,soc2-thermal,48.125
1780559253.7650833,,,tj-thermal,50.343
1780559253.8712018,VDD_IN,6741.504,,
1780559253.8712018,VDD_CPU_GPU_CV,2243.52,,
1780559253.8712018,VDD_SOC,1734.656,,
1780559253.8712018,,,cpu-thermal,49.968
1780559253.8712018,,,gpu-thermal,50.468
1780559253.8712018,,,soc0-thermal,48.437
1780559253.8712018,,,soc1-thermal,47.843
1780559253.8712018,,,soc2-thermal,48.25
1780559253.8712018,,,tj-thermal,50.906
1780559253.9772923,VDD_IN,6741.504,,
1780559253.9772923,VDD_CPU_GPU_CV,2243.52,,
1780559253.9772923,VDD_SOC,1734.656,,
1780559253.9772923,,,cpu-thermal,50.031
1780559253.9772923,,,gpu-thermal,50.468
1780559253.9772923,,,soc0-thermal,48.375
1780559253.9772923,,,soc1-thermal,47.968
1780559253.9772923,,,soc2-thermal,48.281
1780559253.9772923,,,tj-thermal,50.468
1780559254.0833545,VDD_IN,6741.504,,
1780559254.0833545,VDD_CPU_GPU_CV,2282.88,,
1780559254.0833545,VDD_SOC,1734.656,,
1780559254.0833545,,,cpu-thermal,49.843
1780559254.0833545,,,gpu-thermal,50.437
1780559254.0833545,,,soc0-thermal,48.562
1780559254.0833545,,,soc1-thermal,47.843
1780559254.0833545,,,soc2-thermal,48.156
1780559254.0833545,,,tj-thermal,50.437
1780559254.1897345,VDD_IN,6780.928,,
1780559254.1897345,VDD_CPU_GPU_CV,2282.88,,
1780559254.1897345,VDD_SOC,1734.656,,
1780559254.1897345,,,cpu-thermal,50.0
1780559254.1897345,,,gpu-thermal,50.875
1780559254.1897345,,,soc0-thermal,48.343
1780559254.1897345,,,soc1-thermal,47.843
1780559254.1897345,,,soc2-thermal,48.218
1780559254.1897345,,,tj-thermal,50.562
1780559254.2964296,VDD_IN,6741.504,,
1780559254.2964296,VDD_CPU_GPU_CV,2282.88,,
1780559254.2964296,VDD_SOC,1734.656,,
1780559254.2964296,,,cpu-thermal,49.906
1780559254.2964296,,,gpu-thermal,50.718
1780559254.2964296,,,soc0-thermal,48.375
1780559254.2964296,,,soc1-thermal,48.0
1780559254.2964296,,,soc2-thermal,48.25
1780559254.2964296,,,tj-thermal,50.718
1780559254.4024549,VDD_IN,6741.504,,
1780559254.4024549,VDD_CPU_GPU_CV,2282.88,,
1780559254.4024549,VDD_SOC,1734.656,,
1780559254.4024549,,,cpu-thermal,50.062
1780559254.4024549,,,gpu-thermal,50.656
1780559254.4024549,,,soc0-thermal,48.531
1780559254.4024549,,,soc1-thermal,48.156
1780559254.4024549,,,soc2-thermal,48.187
1780559254.4024549,,,tj-thermal,50.656
1780559254.5083313,VDD_IN,6741.504,,
1780559254.5083313,VDD_CPU_GPU_CV,2282.88,,
1780559254.5083313,VDD_SOC,1734.656,,
1780559254.5083313,,,cpu-thermal,49.937
1780559254.5083313,,,gpu-thermal,50.593
1780559254.5083313,,,soc0-thermal,48.375
1780559254.5083313,,,soc1-thermal,48.031
1780559254.5083313,,,soc2-thermal,48.25
1780559254.5083313,,,tj-thermal,50.593
1780559254.6145422,VDD_IN,6741.504,,
1780559254.6145422,VDD_CPU_GPU_CV,2282.88,,
1780559254.6145422,VDD_SOC,1734.656,,
1780559254.6145422,,,cpu-thermal,50.156
1780559254.6145422,,,gpu-thermal,50.5
1780559254.6145422,,,soc0-thermal,48.468
1780559254.6145422,,,soc1-thermal,47.937
1780559254.6145422,,,soc2-thermal,48.312
1780559254.6145422,,,tj-thermal,50.5
1780559254.7210906,VDD_IN,6741.504,,
1780559254.7210906,VDD_CPU_GPU_CV,2282.88,,
1780559254.7210906,VDD_SOC,1734.656,,
1780559254.7210906,,,cpu-thermal,50.312
1780559254.7210906,,,gpu-thermal,50.468
1780559254.7210906,,,soc0-thermal,48.562
1780559254.7210906,,,soc1-thermal,48.125
1780559254.7210906,,,soc2-thermal,48.281
1780559254.7210906,,,tj-thermal,50.468
1780559254.8272192,VDD_IN,6741.504,,
1780559254.8272192,VDD_CPU_GPU_CV,2282.88,,
1780559254.8272192,VDD_SOC,1734.656,,
1780559254.8272192,,,cpu-thermal,49.875
1780559254.8272192,,,gpu-thermal,50.75
1780559254.8272192,,,soc0-thermal,48.5
1780559254.8272192,,,soc1-thermal,47.906
1780559254.8272192,,,soc2-thermal,48.187
1780559254.8272192,,,tj-thermal,50.75
1780559254.9332685,VDD_IN,6741.504,,
1780559254.9332685,VDD_CPU_GPU_CV,2282.88,,
1780559254.9332685,VDD_SOC,1734.656,,
1780559254.9332685,,,cpu-thermal,50.125
1780559254.9332685,,,gpu-thermal,50.656
1780559254.9332685,,,soc0-thermal,48.468
1780559254.9332685,,,soc1-thermal,47.968
1780559254.9332685,,,soc2-thermal,48.312
1780559254.9332685,,,tj-thermal,50.656
1780559255.0395706,VDD_IN,6741.504,,
1780559255.0395706,VDD_CPU_GPU_CV,2282.88,,
1780559255.0395706,VDD_SOC,1734.656,,
1780559255.0395706,,,cpu-thermal,50.125
1780559255.0395706,,,gpu-thermal,50.718
1780559255.0395706,,,soc0-thermal,48.531
1780559255.0395706,,,soc1-thermal,48.125
1780559255.0395706,,,soc2-thermal,48.25
1780559255.0395706,,,tj-thermal,50.718
1780559255.1456053,VDD_IN,6741.504,,
1780559255.1456053,VDD_CPU_GPU_CV,2282.88,,
1780559255.1456053,VDD_SOC,1734.656,,
1780559255.1456053,,,cpu-thermal,49.937
1780559255.1456053,,,gpu-thermal,50.593
1780559255.1456053,,,soc0-thermal,48.593
1780559255.1456053,,,soc1-thermal,48.0
1780559255.1456053,,,soc2-thermal,48.343
1780559255.1456053,,,tj-thermal,50.593
1780559255.2518342,VDD_IN,6741.504,,
1780559255.2518342,VDD_CPU_GPU_CV,2282.88,,
1780559255.2518342,VDD_SOC,1734.656,,
1780559255.2518342,,,cpu-thermal,50.031
1780559255.2518342,,,gpu-thermal,50.625
1780559255.2518342,,,soc0-thermal,48.468
1780559255.2518342,,,soc1-thermal,48.125
1780559255.2518342,,,soc2-thermal,48.312
1780559255.2518342,,,tj-thermal,50.625
1780559255.3583868,VDD_IN,6741.504,,
1780559255.3583868,VDD_CPU_GPU_CV,2282.88,,
1780559255.3583868,VDD_SOC,1734.656,,
1780559255.3583868,,,cpu-thermal,50.156
1780559255.3583868,,,gpu-thermal,50.937
1780559255.3583868,,,soc0-thermal,48.5
1780559255.3583868,,,soc1-thermal,48.125
1780559255.3583868,,,soc2-thermal,48.343
1780559255.3583868,,,tj-thermal,50.937
1780559255.464316,VDD_IN,6741.504,,
1780559255.464316,VDD_CPU_GPU_CV,2282.88,,
1780559255.464316,VDD_SOC,1734.656,,
1780559255.464316,,,cpu-thermal,49.968
1780559255.464316,,,gpu-thermal,50.656
1780559255.464316,,,soc0-thermal,48.656
1780559255.464316,,,soc1-thermal,48.187
1780559255.464316,,,soc2-thermal,48.25
1780559255.464316,,,tj-thermal,50.718
1780559255.5702426,VDD_IN,6741.504,,
1780559255.5702426,VDD_CPU_GPU_CV,2282.88,,
1780559255.5702426,VDD_SOC,1734.656,,
1780559255.5702426,,,cpu-thermal,50.0
1780559255.5702426,,,gpu-thermal,50.656
1780559255.5702426,,,soc0-thermal,48.5
1780559255.5702426,,,soc1-thermal,48.093
1780559255.5702426,,,soc2-thermal,48.375
1780559255.5702426,,,tj-thermal,50.718
1780559255.6764414,VDD_IN,6741.504,,
1780559255.6764414,VDD_CPU_GPU_CV,2282.88,,
1780559255.6764414,VDD_SOC,1734.656,,
1780559255.6764414,,,cpu-thermal,50.281
1780559255.6764414,,,gpu-thermal,51.0
1780559255.6764414,,,soc0-thermal,48.75
1780559255.6764414,,,soc1-thermal,48.125
1780559255.6764414,,,soc2-thermal,48.406
1780559255.6764414,,,tj-thermal,50.718
1780559255.7824292,VDD_IN,6741.504,,
1780559255.7824292,VDD_CPU_GPU_CV,2282.88,,
1780559255.7824292,VDD_SOC,1734.656,,
1780559255.7824292,,,cpu-thermal,50.093
1780559255.7824292,,,gpu-thermal,50.843
1780559255.7824292,,,soc0-thermal,48.656
1780559255.7824292,,,soc1-thermal,48.25
1780559255.7824292,,,soc2-thermal,48.343
1780559255.7824292,,,tj-thermal,50.625
1780559255.888704,VDD_IN,6741.504,,
1780559255.888704,VDD_CPU_GPU_CV,2282.88,,
1780559255.888704,VDD_SOC,1734.656,,
1780559255.888704,,,cpu-thermal,50.031
1780559255.888704,,,gpu-thermal,50.718
1780559255.888704,,,soc0-thermal,48.75
1780559255.888704,,,soc1-thermal,48.093
1780559255.888704,,,soc2-thermal,48.375
1780559255.888704,,,tj-thermal,50.718
1780559255.9948027,VDD_IN,6741.504,,
1780559255.9948027,VDD_CPU_GPU_CV,2282.88,,
1780559255.9948027,VDD_SOC,1734.656,,
1780559255.9948027,,,cpu-thermal,50.25
1780559255.9948027,,,gpu-thermal,50.75
1780559255.9948027,,,soc0-thermal,48.625
1780559255.9948027,,,soc1-thermal,48.125
1780559255.9948027,,,soc2-thermal,48.406
1780559255.9948027,,,tj-thermal,50.843
1780559256.1013656,VDD_IN,6741.504,,
1780559256.1013656,VDD_CPU_GPU_CV,2282.88,,
1780559256.1013656,VDD_SOC,1734.656,,
1780559256.1013656,,,cpu-thermal,50.343
1780559256.1013656,,,gpu-thermal,50.656
1780559256.1013656,,,soc0-thermal,48.687
1780559256.1013656,,,soc1-thermal,48.281
1780559256.1013656,,,soc2-thermal,48.312
1780559256.1013656,,,tj-thermal,50.812
1780559256.208318,VDD_IN,6741.504,,
1780559256.208318,VDD_CPU_GPU_CV,2282.88,,
1780559256.208318,VDD_SOC,1734.656,,
1780559256.208318,,,cpu-thermal,50.218
1780559256.208318,,,gpu-thermal,51.125
1780559256.208318,,,soc0-thermal,48.718
1780559256.208318,,,soc1-thermal,48.093
1780559256.208318,,,soc2-thermal,48.343
1780559256.208318,,,tj-thermal,50.781
1780559256.314709,VDD_IN,6741.504,,
1780559256.314709,VDD_CPU_GPU_CV,2282.88,,
1780559256.314709,VDD_SOC,1734.656,,
1780559256.314709,,,cpu-thermal,50.093
1780559256.314709,,,gpu-thermal,50.968
1780559256.314709,,,soc0-thermal,48.625
1780559256.314709,,,soc1-thermal,48.062
1780559256.314709,,,soc2-thermal,48.437
1780559256.314709,,,tj-thermal,50.75
1780559256.4207938,VDD_IN,6741.504,,
1780559256.4207938,VDD_CPU_GPU_CV,2282.88,,
1780559256.4207938,VDD_SOC,1734.656,,
1780559256.4207938,,,cpu-thermal,50.218
1780559256.4207938,,,gpu-thermal,50.781
1780559256.4207938,,,soc0-thermal,48.625
1780559256.4207938,,,soc1-thermal,48.25
1780559256.4207938,,,soc2-thermal,48.281
1780559256.4207938,,,tj-thermal,50.781
1780559256.5266712,VDD_IN,6780.928,,
1780559256.5266712,VDD_CPU_GPU_CV,2282.88,,
1780559256.5266712,VDD_SOC,1734.656,,
1780559256.5266712,,,cpu-thermal,50.062
1780559256.5266712,,,gpu-thermal,50.75
1780559256.5266712,,,soc0-thermal,48.75
1780559256.5266712,,,soc1-thermal,48.0
1780559256.5266712,,,soc2-thermal,48.375
1780559256.5266712,,,tj-thermal,50.75
1780559256.632656,VDD_IN,6780.928,,
1780559256.632656,VDD_CPU_GPU_CV,2282.88,,
1780559256.632656,VDD_SOC,1734.656,,
1780559256.632656,,,cpu-thermal,50.156
1780559256.632656,,,gpu-thermal,50.718
1780559256.632656,,,soc0-thermal,48.718
1780559256.632656,,,soc1-thermal,48.093
1780559256.632656,,,soc2-thermal,48.406
1780559256.632656,,,tj-thermal,50.718
1780559256.7387145,VDD_IN,6820.352,,
1780559256.7387145,VDD_CPU_GPU_CV,2322.24,,
1780559256.7387145,VDD_SOC,1734.656,,
1780559256.7387145,,,cpu-thermal,50.187
1780559256.7387145,,,gpu-thermal,50.687
1780559256.7387145,,,soc0-thermal,48.656
1780559256.7387145,,,soc1-thermal,48.343
1780559256.7387145,,,soc2-thermal,48.625
1780559256.7387145,,,tj-thermal,50.687
1780559256.844986,VDD_IN,6859.776,,
1780559256.844986,VDD_CPU_GPU_CV,2322.24,,
1780559256.844986,VDD_SOC,1774.08,,
1780559256.844986,,,cpu-thermal,50.25
1780559256.844986,,,gpu-thermal,51.0
1780559256.844986,,,soc0-thermal,48.781
1780559256.844986,,,soc1-thermal,48.156
1780559256.844986,,,soc2-thermal,48.437
1780559256.844986,,,tj-thermal,51.0
1780559256.950847,VDD_IN,6938.624,,
1780559256.950847,VDD_CPU_GPU_CV,2357.76,,
1780559256.950847,VDD_SOC,1771.2,,
1780559256.950847,,,cpu-thermal,50.375
1780559256.950847,,,gpu-thermal,50.906
1780559256.950847,,,soc0-thermal,48.687
1780559256.950847,,,soc1-thermal,48.25
1780559256.950847,,,soc2-thermal,48.531
1780559256.950847,,,tj-thermal,50.906
1780559257.0591276,VDD_IN,7124.16,,
1780559257.0591276,VDD_CPU_GPU_CV,2475.648,,
1780559257.0591276,VDD_SOC,1771.2,,
1780559257.0591276,,,cpu-thermal,50.687
1780559257.0591276,,,gpu-thermal,50.875
1780559257.0591276,,,soc0-thermal,48.781
1780559257.0591276,,,soc1-thermal,48.25
1780559257.0591276,,,soc2-thermal,48.625
1780559257.0591276,,,tj-thermal,51.062
1780559257.1660936,VDD_IN,7242.24,,
1780559257.1660936,VDD_CPU_GPU_CV,2514.944,,
1780559257.1660936,VDD_SOC,1771.2,,
1780559257.1660936,,,cpu-thermal,50.531
1780559257.1660936,,,gpu-thermal,50.812
1780559257.1660936,,,soc0-thermal,48.812
1780559257.1660936,,,soc1-thermal,48.156
1780559257.1660936,,,soc2-thermal,48.5
1780559257.1660936,,,tj-thermal,50.906
1780559257.2732582,VDD_IN,7124.16,,
1780559257.2732582,VDD_CPU_GPU_CV,2436.352,,
1780559257.2732582,VDD_SOC,1771.2,,
1780559257.2732582,,,cpu-thermal,50.375
1780559257.2732582,,,gpu-thermal,50.718
1780559257.2732582,,,soc0-thermal,48.75
1780559257.2732582,,,soc1-thermal,48.25
1780559257.2732582,,,soc2-thermal,48.562
1780559257.2732582,,,tj-thermal,50.906
1780559257.3796756,VDD_IN,7084.8,,
1780559257.3796756,VDD_CPU_GPU_CV,2357.76,,
1780559257.3796756,VDD_SOC,1771.2,,
1780559257.3796756,,,cpu-thermal,50.25
1780559257.3796756,,,gpu-thermal,51.156
1780559257.3796756,,,soc0-thermal,48.843
1780559257.3796756,,,soc1-thermal,48.343
1780559257.3796756,,,soc2-thermal,48.625
1780559257.3796756,,,tj-thermal,50.843
1780559257.4854443,VDD_IN,7045.44,,
1780559257.4854443,VDD_CPU_GPU_CV,2318.464,,
1780559257.4854443,VDD_SOC,1771.2,,
1780559257.4854443,,,cpu-thermal,50.218
1780559257.4854443,,,gpu-thermal,51.0
1780559257.4854443,,,soc0-thermal,48.906
1780559257.4854443,,,soc1-thermal,48.25
1780559257.4854443,,,soc2-thermal,48.625
1780559257.4854443,,,tj-thermal,50.843
1780559257.5916326,VDD_IN,7056.896,,
1780559257.5916326,VDD_CPU_GPU_CV,2318.464,,
1780559257.5916326,VDD_SOC,1771.2,,
1780559257.5916326,,,cpu-thermal,50.312
1780559257.5916326,,,gpu-thermal,50.875
1780559257.5916326,,,soc0-thermal,48.875
1780559257.5916326,,,soc1-thermal,48.187
1780559257.5916326,,,soc2-thermal,48.562
1780559257.5916326,,,tj-thermal,50.875
1780559257.697443,VDD_IN,7017.472,,
1780559257.697443,VDD_CPU_GPU_CV,2279.168,,
1780559257.697443,VDD_SOC,1771.2,,
1780559257.697443,,,cpu-thermal,50.625
1780559257.697443,,,gpu-thermal,50.843
1780559257.697443,,,soc0-thermal,48.812
1780559257.697443,,,soc1-thermal,48.25
1780559257.697443,,,soc2-thermal,48.656
1780559257.697443,,,tj-thermal,50.843
1780559257.8035655,VDD_IN,7017.472,,
1780559257.8035655,VDD_CPU_GPU_CV,2282.88,,
1780559257.8035655,VDD_SOC,1771.2,,
1780559257.8035655,,,cpu-thermal,50.312
1780559257.8035655,,,gpu-thermal,50.875
1780559257.8035655,,,soc0-thermal,48.875
1780559257.8035655,,,soc1-thermal,48.218
1780559257.8035655,,,soc2-thermal,48.593
1780559257.8035655,,,tj-thermal,50.875
1780559257.9096794,VDD_IN,7017.472,,
1780559257.9096794,VDD_CPU_GPU_CV,2243.52,,
1780559257.9096794,VDD_SOC,1771.2,,
1780559257.9096794,,,cpu-thermal,50.312
1780559257.9096794,,,gpu-thermal,51.25
1780559257.9096794,,,soc0-thermal,48.75
1780559257.9096794,,,soc1-thermal,48.312
1780559257.9096794,,,soc2-thermal,48.656
1780559257.9096794,,,tj-thermal,51.25
1780559258.0159576,VDD_IN,6978.048,,
1780559258.0159576,VDD_CPU_GPU_CV,2243.52,,
1780559258.0159576,VDD_SOC,1771.2,,
1780559258.0159576,,,cpu-thermal,50.5
1780559258.0159576,,,gpu-thermal,51.062
1780559258.0159576,,,soc0-thermal,48.906
1780559258.0159576,,,soc1-thermal,48.375
1780559258.0159576,,,soc2-thermal,48.75
1780559258.0159576,,,tj-thermal,51.062
1780559258.1218112,VDD_IN,7017.472,,
1780559258.1218112,VDD_CPU_GPU_CV,2243.52,,
1780559258.1218112,VDD_SOC,1774.08,,
1780559258.1218112,,,cpu-thermal,50.562
1780559258.1218112,,,gpu-thermal,50.937
1780559258.1218112,,,soc0-thermal,48.906
1780559258.1218112,,,soc1-thermal,48.468
1780559258.1218112,,,soc2-thermal,48.593
1780559258.1218112,,,tj-thermal,50.937
1780559258.2281663,VDD_IN,6978.048,,
1780559258.2281663,VDD_CPU_GPU_CV,2243.52,,
1780559258.2281663,VDD_SOC,1774.08,,
1780559258.2281663,,,cpu-thermal,50.312
1780559258.2281663,,,gpu-thermal,50.906
1780559258.2281663,,,soc0-thermal,49.062
1780559258.2281663,,,soc1-thermal,48.281
1780559258.2281663,,,soc2-thermal,48.5
1780559258.2281663,,,tj-thermal,50.906
1780559258.334208,VDD_IN,6978.048,,
1780559258.334208,VDD_CPU_GPU_CV,2243.52,,
1780559258.334208,VDD_SOC,1774.08,,
1780559258.334208,,,cpu-thermal,50.312
1780559258.334208,,,gpu-thermal,50.843
1780559258.334208,,,soc0-thermal,48.937
1780559258.334208,,,soc1-thermal,48.312
1780559258.334208,,,soc2-thermal,48.687
1780559258.334208,,,tj-thermal,50.843
1780559258.4401743,VDD_IN,6978.048,,
1780559258.4401743,VDD_CPU_GPU_CV,2243.52,,
1780559258.4401743,VDD_SOC,1774.08,,
1780559258.4401743,,,cpu-thermal,50.468
1780559258.4401743,,,gpu-thermal,50.968
1780559258.4401743,,,soc0-thermal,48.968
1780559258.4401743,,,soc1-thermal,48.25
1780559258.4401743,,,soc2-thermal,48.593
1780559258.4401743,,,tj-thermal,50.843
1780559258.5459652,VDD_IN,6978.048,,
1780559258.5459652,VDD_CPU_GPU_CV,2243.52,,
1780559258.5459652,VDD_SOC,1774.08,,
1780559258.5459652,,,cpu-thermal,50.343
1780559258.5459652,,,gpu-thermal,50.906
1780559258.5459652,,,soc0-thermal,49.0
1780559258.5459652,,,soc1-thermal,48.562
1780559258.5459652,,,soc2-thermal,48.593
1780559258.5459652,,,tj-thermal,51.218
1780559258.6517305,VDD_IN,6978.048,,
1780559258.6517305,VDD_CPU_GPU_CV,2243.52,,
1780559258.6517305,VDD_SOC,1774.08,,
1780559258.6517305,,,cpu-thermal,50.375
1780559258.6517305,,,gpu-thermal,50.875
1780559258.6517305,,,soc0-thermal,48.968
1780559258.6517305,,,soc1-thermal,48.406
1780559258.6517305,,,soc2-thermal,48.625
1780559258.6517305,,,tj-thermal,51.031
1780559258.7588737,VDD_IN,6978.048,,
1780559258.7588737,VDD_CPU_GPU_CV,2243.52,,
1780559258.7588737,VDD_SOC,1774.08,,
1780559258.7588737,,,cpu-thermal,50.375
1780559258.7588737,,,gpu-thermal,50.906
1780559258.7588737,,,soc0-thermal,48.968
1780559258.7588737,,,soc1-thermal,48.406
1780559258.7588737,,,soc2-thermal,48.812
1780559258.7588737,,,tj-thermal,51.031
1780559258.8646686,VDD_IN,6978.048,,
1780559258.8646686,VDD_CPU_GPU_CV,2243.52,,
1780559258.8646686,VDD_SOC,1774.08,,
1780559258.8646686,,,cpu-thermal,50.281
1780559258.8646686,,,gpu-thermal,51.218
1780559258.8646686,,,soc0-thermal,49.0
1780559258.8646686,,,soc1-thermal,48.656
1780559258.8646686,,,soc2-thermal,48.656
1780559258.8646686,,,tj-thermal,51.218
1780559258.97026,VDD_IN,6978.048,,
1780559258.97026,VDD_CPU_GPU_CV,2243.52,,
1780559258.97026,VDD_SOC,1774.08,,
1780559258.97026,,,cpu-thermal,50.375
1780559258.97026,,,gpu-thermal,51.093
1780559258.97026,,,soc0-thermal,48.937
1780559258.97026,,,soc1-thermal,48.343
1780559258.97026,,,soc2-thermal,48.687
1780559258.97026,,,tj-thermal,51.093
1780559259.0766635,VDD_IN,6978.048,,
1780559259.0766635,VDD_CPU_GPU_CV,2243.52,,
1780559259.0766635,VDD_SOC,1774.08,,
1780559259.0766635,,,cpu-thermal,50.656
1780559259.0766635,,,gpu-thermal,51.062
1780559259.0766635,,,soc0-thermal,48.968
1780559259.0766635,,,soc1-thermal,48.375
1780559259.0766635,,,soc2-thermal,48.687
1780559259.0766635,,,tj-thermal,51.062
1780559259.1824927,VDD_IN,6978.048,,
1780559259.1824927,VDD_CPU_GPU_CV,2243.52,,
1780559259.1824927,VDD_SOC,1774.08,,
1780559259.1824927,,,cpu-thermal,50.437
1780559259.1824927,,,gpu-thermal,50.937
1780559259.1824927,,,soc0-thermal,49.031
1780559259.1824927,,,soc1-thermal,48.656
1780559259.1824927,,,soc2-thermal,48.718
1780559259.1824927,,,tj-thermal,50.937
1780559259.2891788,VDD_IN,6978.048,,
1780559259.2891788,VDD_CPU_GPU_CV,2243.52,,
1780559259.2891788,VDD_SOC,1774.08,,
1780559259.2891788,,,cpu-thermal,50.312
1780559259.2891788,,,gpu-thermal,50.937
1780559259.2891788,,,soc0-thermal,49.218
1780559259.2891788,,,soc1-thermal,48.406
1780559259.2891788,,,soc2-thermal,48.687
1780559259.2891788,,,tj-thermal,50.937
1780559259.3950005,VDD_IN,6978.048,,
1780559259.3950005,VDD_CPU_GPU_CV,2204.16,,
1780559259.3950005,VDD_SOC,1774.08,,
1780559259.3950005,,,cpu-thermal,50.5
1780559259.3950005,,,gpu-thermal,51.312
1780559259.3950005,,,soc0-thermal,48.968
1780559259.3950005,,,soc1-thermal,48.468
1780559259.3950005,,,soc2-thermal,48.718
1780559259.3950005,,,tj-thermal,51.312
1780559259.500912,VDD_IN,6978.048,,
1780559259.500912,VDD_CPU_GPU_CV,2243.52,,
1780559259.500912,VDD_SOC,1774.08,,
1780559259.500912,,,cpu-thermal,50.687
1780559259.500912,,,gpu-thermal,51.218
1780559259.500912,,,soc0-thermal,49.093
1780559259.500912,,,soc1-thermal,48.5
1780559259.500912,,,soc2-thermal,48.718
1780559259.500912,,,tj-thermal,51.218
1780559259.607129,VDD_IN,6978.048,,
1780559259.607129,VDD_CPU_GPU_CV,2243.52,,
1780559259.607129,VDD_SOC,1774.08,,
1780559259.607129,,,cpu-thermal,50.812
1780559259.607129,,,gpu-thermal,51.125
1780559259.607129,,,soc0-thermal,49.093
1780559259.607129,,,soc1-thermal,48.437
1780559259.607129,,,soc2-thermal,48.718
1780559259.607129,,,tj-thermal,51.125
1780559259.712916,VDD_IN,6978.048,,
1780559259.712916,VDD_CPU_GPU_CV,2243.52,,
1780559259.712916,VDD_SOC,1774.08,,
1780559259.712916,,,cpu-thermal,50.5
1780559259.712916,,,gpu-thermal,51.281
1780559259.712916,,,soc0-thermal,48.937
1780559259.712916,,,soc1-thermal,48.406
1780559259.712916,,,soc2-thermal,48.75
1780559259.712916,,,tj-thermal,51.093
1780559259.8188438,VDD_IN,6978.048,,
1780559259.8188438,VDD_CPU_GPU_CV,2243.52,,
1780559259.8188438,VDD_SOC,1774.08,,
1780559259.8188438,,,cpu-thermal,50.5
1780559259.8188438,,,gpu-thermal,51.187
1780559259.8188438,,,soc0-thermal,49.062
1780559259.8188438,,,soc1-thermal,48.5
1780559259.8188438,,,soc2-thermal,48.812
1780559259.8188438,,,tj-thermal,51.062
1780559259.9246025,VDD_IN,6978.048,,
1780559259.9246025,VDD_CPU_GPU_CV,2243.52,,
1780559259.9246025,VDD_SOC,1774.08,,
1780559259.9246025,,,cpu-thermal,50.593
1780559259.9246025,,,gpu-thermal,51.125
1780559259.9246025,,,soc0-thermal,49.218
1780559259.9246025,,,soc1-thermal,48.687
1780559259.9246025,,,soc2-thermal,48.75
1780559259.9246025,,,tj-thermal,51.406
1780559260.0311031,VDD_IN,6978.048,,
1780559260.0311031,VDD_CPU_GPU_CV,2243.52,,
1780559260.0311031,VDD_SOC,1774.08,,
1780559260.0311031,,,cpu-thermal,50.468
1780559260.0311031,,,gpu-thermal,51.062
1780559260.0311031,,,soc0-thermal,49.093
1780559260.0311031,,,soc1-thermal,48.437
1780559260.0311031,,,soc2-thermal,48.781
1780559260.0311031,,,tj-thermal,51.062
1780559260.137058,VDD_IN,6978.048,,
1780559260.137058,VDD_CPU_GPU_CV,2243.52,,
1780559260.137058,VDD_SOC,1771.2,,
1780559260.137058,,,cpu-thermal,50.625
1780559260.137058,,,gpu-thermal,51.062
1780559260.137058,,,soc0-thermal,49.093
1780559260.137058,,,soc1-thermal,48.562
1780559260.137058,,,soc2-thermal,48.843
1780559260.137058,,,tj-thermal,51.062
1780559260.2433035,VDD_IN,7017.472,,
1780559260.2433035,VDD_CPU_GPU_CV,2243.52,,
1780559260.2433035,VDD_SOC,1771.2,,
1780559260.2433035,,,cpu-thermal,50.531
1780559260.2433035,,,gpu-thermal,51.406
1780559260.2433035,,,soc0-thermal,49.187
1780559260.2433035,,,soc1-thermal,48.656
1780559260.2433035,,,soc2-thermal,48.843
1780559260.2433035,,,tj-thermal,51.031
1780559260.3506942,VDD_IN,7017.472,,
1780559260.3506942,VDD_CPU_GPU_CV,2239.872,,
1780559260.3506942,VDD_SOC,1771.2,,
1780559260.3506942,,,cpu-thermal,50.375
1780559260.3506942,,,gpu-thermal,51.312
1780559260.3506942,,,soc0-thermal,49.125
1780559260.3506942,,,soc1-thermal,48.468
1780559260.3506942,,,soc2-thermal,48.781
1780559260.3506942,,,tj-thermal,51.093
1780559260.456898,VDD_IN,7017.472,,
1780559260.456898,VDD_CPU_GPU_CV,2239.872,,
1780559260.456898,VDD_SOC,1810.56,,
1780559260.456898,,,cpu-thermal,50.687
1780559260.456898,,,gpu-thermal,51.218
1780559260.456898,,,soc0-thermal,49.093
1780559260.456898,,,soc1-thermal,48.562
1780559260.456898,,,soc2-thermal,48.843
1780559260.456898,,,tj-thermal,51.218
1780559260.5629196,VDD_IN,7056.896,,
1780559260.5629196,VDD_CPU_GPU_CV,2279.168,,
1780559260.5629196,VDD_SOC,1810.56,,
1780559260.5629196,,,cpu-thermal,50.812
1780559260.5629196,,,gpu-thermal,51.156
1780559260.5629196,,,soc0-thermal,49.125
1780559260.5629196,,,soc1-thermal,48.656
1780559260.5629196,,,soc2-thermal,48.812
1780559260.5629196,,,tj-thermal,51.156
1780559260.6690075,VDD_IN,7056.896,,
1780559260.6690075,VDD_CPU_GPU_CV,2279.168,,
1780559260.6690075,VDD_SOC,1810.56,,
1780559260.6690075,,,cpu-thermal,50.468
1780559260.6690075,,,gpu-thermal,51.125
1780559260.6690075,,,soc0-thermal,49.125
1780559260.6690075,,,soc1-thermal,48.531
1780559260.6690075,,,soc2-thermal,48.812
1780559260.6690075,,,tj-thermal,51.125
1780559260.7753835,VDD_IN,7017.472,,
1780559260.7753835,VDD_CPU_GPU_CV,2239.872,,
1780559260.7753835,VDD_SOC,1810.56,,
1780559260.7753835,,,cpu-thermal,50.625
1780559260.7753835,,,gpu-thermal,51.062
1780559260.7753835,,,soc0-thermal,49.187
1780559260.7753835,,,soc1-thermal,48.593
1780559260.7753835,,,soc2-thermal,48.875
1780559260.7753835,,,tj-thermal,51.062
1780559260.881546,VDD_IN,7017.472,,
1780559260.881546,VDD_CPU_GPU_CV,2239.872,,
1780559260.881546,VDD_SOC,1810.56,,
1780559260.881546,,,cpu-thermal,50.687
1780559260.881546,,,gpu-thermal,51.437
1780559260.881546,,,soc0-thermal,49.187
1780559260.881546,,,soc1-thermal,48.687
1780559260.881546,,,soc2-thermal,48.843
1780559260.881546,,,tj-thermal,51.437
1780559260.9876194,VDD_IN,7017.472,,
1780559260.9876194,VDD_CPU_GPU_CV,2239.872,,
1780559260.9876194,VDD_SOC,1810.56,,
1780559260.9876194,,,cpu-thermal,50.562
1780559260.9876194,,,gpu-thermal,51.281
1780559260.9876194,,,soc0-thermal,49.281
1780559260.9876194,,,soc1-thermal,48.531
1780559260.9876194,,,soc2-thermal,48.781
1780559260.9876194,,,tj-thermal,51.281
1780559261.094245,VDD_IN,7017.472,,
1780559261.094245,VDD_CPU_GPU_CV,2239.872,,
1780559261.094245,VDD_SOC,1771.2,,
1780559261.094245,,,cpu-thermal,50.687
1780559261.094245,,,gpu-thermal,51.156
1780559261.094245,,,soc0-thermal,49.156
1780559261.094245,,,soc1-thermal,48.593
1780559261.094245,,,soc2-thermal,48.937
1780559261.094245,,,tj-thermal,51.156
1780559261.2008076,VDD_IN,7017.472,,
1780559261.2008076,VDD_CPU_GPU_CV,2239.872,,
1780559261.2008076,VDD_SOC,1810.56,,
1780559261.2008076,,,cpu-thermal,50.656
1780559261.2008076,,,gpu-thermal,51.187
1780559261.2008076,,,soc0-thermal,49.218
1780559261.2008076,,,soc1-thermal,48.687
1780559261.2008076,,,soc2-thermal,48.875
1780559261.2008076,,,tj-thermal,51.187
1780559261.3072674,VDD_IN,7017.472,,
1780559261.3072674,VDD_CPU_GPU_CV,2239.872,,
1780559261.3072674,VDD_SOC,1771.2,,
1780559261.3072674,,,cpu-thermal,50.562
1780559261.3072674,,,gpu-thermal,51.093
1780559261.3072674,,,soc0-thermal,49.281
1780559261.3072674,,,soc1-thermal,48.625
1780559261.3072674,,,soc2-thermal,48.843
1780559261.3072674,,,tj-thermal,51.093
1780559261.4134362,VDD_IN,7017.472,,
1780559261.4134362,VDD_CPU_GPU_CV,2239.872,,
1780559261.4134362,VDD_SOC,1810.56,,
1780559261.4134362,,,cpu-thermal,50.593
1780559261.4134362,,,gpu-thermal,51.531
1780559261.4134362,,,soc0-thermal,49.156
1780559261.4134362,,,soc1-thermal,48.656
1780559261.4134362,,,soc2-thermal,48.968
1780559261.4134362,,,tj-thermal,51.531
1780559261.5192978,VDD_IN,7017.472,,
1780559261.5192978,VDD_CPU_GPU_CV,2239.872,,
1780559261.5192978,VDD_SOC,1810.56,,
1780559261.5192978,,,cpu-thermal,50.968
1780559261.5192978,,,gpu-thermal,51.406
1780559261.5192978,,,soc0-thermal,49.218
1780559261.5192978,,,soc1-thermal,48.687
1780559261.5192978,,,soc2-thermal,49.031
1780559261.5192978,,,tj-thermal,51.406
1780559261.6251707,VDD_IN,7017.472,,
1780559261.6251707,VDD_CPU_GPU_CV,2239.872,,
1780559261.6251707,VDD_SOC,1771.2,,
1780559261.6251707,,,cpu-thermal,50.656
1780559261.6251707,,,gpu-thermal,51.25
1780559261.6251707,,,soc0-thermal,49.281
1780559261.6251707,,,soc1-thermal,48.781
1780559261.6251707,,,soc2-thermal,48.937
1780559261.6251707,,,tj-thermal,51.25
1780559261.7312393,VDD_IN,7017.472,,
1780559261.7312393,VDD_CPU_GPU_CV,2239.872,,
1780559261.7312393,VDD_SOC,1810.56,,
1780559261.7312393,,,cpu-thermal,50.625
1780559261.7312393,,,gpu-thermal,51.562
1780559261.7312393,,,soc0-thermal,49.281
1780559261.7312393,,,soc1-thermal,48.656
1780559261.7312393,,,soc2-thermal,49.0
1780559261.7312393,,,tj-thermal,51.281
1780559261.8378434,VDD_IN,7017.472,,
1780559261.8378434,VDD_CPU_GPU_CV,2243.52,,
1780559261.8378434,VDD_SOC,1810.56,,
1780559261.8378434,,,cpu-thermal,50.812
1780559261.8378434,,,gpu-thermal,51.25
1780559261.8378434,,,soc0-thermal,49.281
1780559261.8378434,,,soc1-thermal,48.718
1780559261.8378434,,,soc2-thermal,49.0
1780559261.8378434,,,tj-thermal,51.25
1780559261.9437194,VDD_IN,7017.472,,
1780559261.9437194,VDD_CPU_GPU_CV,2243.52,,
1780559261.9437194,VDD_SOC,1771.2,,
1780559261.9437194,,,cpu-thermal,50.968
1780559261.9437194,,,gpu-thermal,51.437
1780559261.9437194,,,soc0-thermal,49.343
1780559261.9437194,,,soc1-thermal,48.812
1780559261.9437194,,,soc2-thermal,48.968
1780559261.9437194,,,tj-thermal,51.687
1780559262.0499275,VDD_IN,7017.472,,
1780559262.0499275,VDD_CPU_GPU_CV,2243.52,,
1780559262.0499275,VDD_SOC,1810.56,,
1780559262.0499275,,,cpu-thermal,50.625
1780559262.0499275,,,gpu-thermal,51.187
1780559262.0499275,,,soc0-thermal,49.437
1780559262.0499275,,,soc1-thermal,48.75
1780559262.0499275,,,soc2-thermal,49.0
1780559262.0499275,,,tj-thermal,51.531
1780559262.1565294,VDD_IN,7017.472,,
1780559262.1565294,VDD_CPU_GPU_CV,2239.872,,
1780559262.1565294,VDD_SOC,1771.2,,
1780559262.1565294,,,cpu-thermal,50.656
1780559262.1565294,,,gpu-thermal,51.218
1780559262.1565294,,,soc0-thermal,49.375
1780559262.1565294,,,soc1-thermal,48.625
1780559262.1565294,,,soc2-thermal,49.062
1780559262.1565294,,,tj-thermal,51.343
1780559262.2626843,VDD_IN,7017.472,,
1780559262.2626843,VDD_CPU_GPU_CV,2239.872,,
1780559262.2626843,VDD_SOC,1810.56,,
1780559262.2626843,,,cpu-thermal,50.843
1780559262.2626843,,,gpu-thermal,51.687
1780559262.2626843,,,soc0-thermal,49.312
1780559262.2626843,,,soc1-thermal,48.718
1780559262.2626843,,,soc2-thermal,48.937
1780559262.2626843,,,tj-thermal,51.312
1780559262.3688097,VDD_IN,7017.472,,
1780559262.3688097,VDD_CPU_GPU_CV,2239.872,,
1780559262.3688097,VDD_SOC,1810.56,,
1780559262.3688097,,,cpu-thermal,50.687
1780559262.3688097,,,gpu-thermal,51.5
1780559262.3688097,,,soc0-thermal,49.406
1780559262.3688097,,,soc1-thermal,48.718
1780559262.3688097,,,soc2-thermal,49.031
1780559262.3688097,,,tj-thermal,51.218
1780559262.4757864,VDD_IN,7056.896,,
1780559262.4757864,VDD_CPU_GPU_CV,2239.872,,
1780559262.4757864,VDD_SOC,1810.56,,
1780559262.4757864,,,cpu-thermal,50.812
1780559262.4757864,,,gpu-thermal,51.406
1780559262.4757864,,,soc0-thermal,49.25
1780559262.4757864,,,soc1-thermal,48.718
1780559262.4757864,,,soc2-thermal,49.0
1780559262.4757864,,,tj-thermal,51.281
1780559262.5819972,VDD_IN,7017.472,,
1780559262.5819972,VDD_CPU_GPU_CV,2243.52,,
1780559262.5819972,VDD_SOC,1810.56,,
1780559262.5819972,,,cpu-thermal,50.781
1780559262.5819972,,,gpu-thermal,51.375
1780559262.5819972,,,soc0-thermal,49.375
1780559262.5819972,,,soc1-thermal,48.843
1780559262.5819972,,,soc2-thermal,49.062
1780559262.5819972,,,tj-thermal,51.531
1780559262.6885583,VDD_IN,7017.472,,
1780559262.6885583,VDD_CPU_GPU_CV,2243.52,,
1780559262.6885583,VDD_SOC,1771.2,,
1780559262.6885583,,,cpu-thermal,50.718
1780559262.6885583,,,gpu-thermal,51.281
1780559262.6885583,,,soc0-thermal,49.468
1780559262.6885583,,,soc1-thermal,48.75
1780559262.6885583,,,soc2-thermal,49.031
1780559262.6885583,,,tj-thermal,51.437
1780559262.794952,VDD_IN,7017.472,,
1780559262.794952,VDD_CPU_GPU_CV,2239.872,,
1780559262.794952,VDD_SOC,1771.2,,
1780559262.794952,,,cpu-thermal,50.968
1780559262.794952,,,gpu-thermal,51.406
1780559262.794952,,,soc0-thermal,49.281
1780559262.794952,,,soc1-thermal,48.75
1780559262.794952,,,soc2-thermal,49.125
1780559262.794952,,,tj-thermal,51.406
1780559262.901624,VDD_IN,7084.8,,
1780559262.901624,VDD_CPU_GPU_CV,2318.464,,
1780559262.901624,VDD_SOC,1771.2,,
1780559262.901624,,,cpu-thermal,51.187
1780559262.901624,,,gpu-thermal,51.218
1780559262.901624,,,soc0-thermal,49.343
1780559262.901624,,,soc1-thermal,48.843
1780559262.901624,,,soc2-thermal,49.031
1780559262.901624,,,tj-thermal,51.218
1780559263.0079284,VDD_IN,7045.44,,
1780559263.0079284,VDD_CPU_GPU_CV,2279.168,,
1780559263.0079284,VDD_SOC,1771.2,,
1780559263.0079284,,,cpu-thermal,50.875
1780559263.0079284,,,gpu-thermal,51.5
1780559263.0079284,,,soc0-thermal,49.437
1780559263.0079284,,,soc1-thermal,48.75
1780559263.0079284,,,soc2-thermal,49.156
1780559263.0079284,,,tj-thermal,51.343
1780559263.1138082,VDD_IN,7163.52,,
1780559263.1138082,VDD_CPU_GPU_CV,2357.76,,
1780559263.1138082,VDD_SOC,1810.56,,
1780559263.1138082,,,cpu-thermal,51.062
1780559263.1138082,,,gpu-thermal,51.437
1780559263.1138082,,,soc0-thermal,49.343
1780559263.1138082,,,soc1-thermal,48.781
1780559263.1138082,,,soc2-thermal,49.062
1780559263.1138082,,,tj-thermal,51.687
1780559263.2197871,VDD_IN,7360.32,,
1780559263.2197871,VDD_CPU_GPU_CV,2475.648,,
1780559263.2197871,VDD_SOC,1807.616,,
1780559263.2197871,,,cpu-thermal,51.281
1780559263.2197871,,,gpu-thermal,51.375
1780559263.2197871,,,soc0-thermal,49.343
1780559263.2197871,,,soc1-thermal,48.875
1780559263.2197871,,,soc2-thermal,49.062
1780559263.2197871,,,tj-thermal,51.562
1780559263.3274882,VDD_IN,7517.76,,
1780559263.3274882,VDD_CPU_GPU_CV,2589.312,,
1780559263.3274882,VDD_SOC,1846.912,,
1780559263.3274882,,,cpu-thermal,51.218
1780559263.3274882,,,gpu-thermal,51.531
1780559263.3274882,,,soc0-thermal,49.437
1780559263.3274882,,,soc1-thermal,48.75
1780559263.3274882,,,soc2-thermal,49.125
1780559263.3274882,,,tj-thermal,51.531
1780559263.4346488,VDD_IN,7635.84,,
1780559263.4346488,VDD_CPU_GPU_CV,2707.008,,
1780559263.4346488,VDD_SOC,1846.912,,
1780559263.4346488,,,cpu-thermal,51.468
1780559263.4346488,,,gpu-thermal,51.5
1780559263.4346488,,,soc0-thermal,49.406
1780559263.4346488,,,soc1-thermal,48.812
1780559263.4346488,,,soc2-thermal,49.25
1780559263.4346488,,,tj-thermal,51.5
1780559263.5418484,VDD_IN,7780.608,,
1780559263.5418484,VDD_CPU_GPU_CV,2824.704,,
1780559263.5418484,VDD_SOC,1846.912,,
1780559263.5418484,,,cpu-thermal,51.781
1780559263.5418484,,,gpu-thermal,51.468
1780559263.5418484,,,soc0-thermal,49.562
1780559263.5418484,,,soc1-thermal,48.968
1780559263.5418484,,,soc2-thermal,49.218
1780559263.5418484,,,tj-thermal,51.781
1780559263.649845,VDD_IN,7898.496,,
1780559263.649845,VDD_CPU_GPU_CV,2942.4,,
1780559263.649845,VDD_SOC,1846.912,,
1780559263.649845,,,cpu-thermal,51.5
1780559263.649845,,,gpu-thermal,51.5
1780559263.649845,,,soc0-thermal,49.468
1780559263.649845,,,soc1-thermal,48.843
1780559263.649845,,,soc2-thermal,49.25
1780559263.649845,,,tj-thermal,51.5
1780559263.7575777,VDD_IN,7937.792,,
1780559263.7575777,VDD_CPU_GPU_CV,3020.864,,
1780559263.7575777,VDD_SOC,1846.912,,
1780559263.7575777,,,cpu-thermal,51.687
1780559263.7575777,,,gpu-thermal,51.531
1780559263.7575777,,,soc0-thermal,49.468
1780559263.7575777,,,soc1-thermal,48.968
1780559263.7575777,,,soc2-thermal,49.437
1780559263.7575777,,,tj-thermal,51.687
1780559263.8642304,VDD_IN,7898.496,,
1780559263.8642304,VDD_CPU_GPU_CV,2981.632,,
1780559263.8642304,VDD_SOC,1846.912,,
1780559263.8642304,,,cpu-thermal,51.312
1780559263.8642304,,,gpu-thermal,51.5
1780559263.8642304,,,soc0-thermal,49.593
1780559263.8642304,,,soc1-thermal,48.937
1780559263.8642304,,,soc2-thermal,49.343
1780559263.8642304,,,tj-thermal,51.5
1780559263.9718301,VDD_IN,7977.088,,
1780559263.9718301,VDD_CPU_GPU_CV,2981.632,,
1780559263.9718301,VDD_SOC,1846.912,,
1780559263.9718301,,,cpu-thermal,51.468
1780559263.9718301,,,gpu-thermal,51.937
1780559263.9718301,,,soc0-thermal,49.468
1780559263.9718301,,,soc1-thermal,48.937
1780559263.9718301,,,soc2-thermal,49.281
1780559263.9718301,,,tj-thermal,51.937
1780559264.0785248,VDD_IN,8055.68,,
1780559264.0785248,VDD_CPU_GPU_CV,3020.864,,
1780559264.0785248,VDD_SOC,1886.208,,
1780559264.0785248,,,cpu-thermal,51.437
1780559264.0785248,,,gpu-thermal,51.781
1780559264.0785248,,,soc0-thermal,49.562
1780559264.0785248,,,soc1-thermal,48.968
1780559264.0785248,,,soc2-thermal,49.562
1780559264.0785248,,,tj-thermal,51.781
1780559264.1846251,VDD_IN,8094.976,,
1780559264.1846251,VDD_CPU_GPU_CV,3015.936,,
1780559264.1846251,VDD_SOC,1886.208,,
1780559264.1846251,,,cpu-thermal,51.437
1780559264.1846251,,,gpu-thermal,51.718
1780559264.1846251,,,soc0-thermal,49.5
1780559264.1846251,,,soc1-thermal,48.906
1780559264.1846251,,,soc2-thermal,49.406
1780559264.1846251,,,tj-thermal,51.562
1780559264.2937374,VDD_IN,8094.976,,
1780559264.2937374,VDD_CPU_GPU_CV,3015.936,,
1780559264.2937374,VDD_SOC,1886.208,,
1780559264.2937374,,,cpu-thermal,51.593
1780559264.2937374,,,gpu-thermal,51.812
1780559264.2937374,,,soc0-thermal,49.531
1780559264.2937374,,,soc1-thermal,49.031
1780559264.2937374,,,soc2-thermal,49.5
1780559264.2937374,,,tj-thermal,51.812
1780559264.4000123,VDD_IN,8055.68,,
1780559264.4000123,VDD_CPU_GPU_CV,3015.936,,
1780559264.4000123,VDD_SOC,1846.912,,
1780559264.4000123,,,cpu-thermal,51.5
1780559264.4000123,,,gpu-thermal,51.75
1780559264.4000123,,,soc0-thermal,49.625
1780559264.4000123,,,soc1-thermal,49.187
1780559264.4000123,,,soc2-thermal,49.25
1780559264.4000123,,,tj-thermal,51.75
1780559264.509357,VDD_IN,8094.976,,
1780559264.509357,VDD_CPU_GPU_CV,3094.272,,
1780559264.509357,VDD_SOC,1846.912,,
1780559264.509357,,,cpu-thermal,51.656
1780559264.509357,,,gpu-thermal,51.718
1780559264.509357,,,soc0-thermal,49.562
1780559264.509357,,,soc1-thermal,49.0
1780559264.509357,,,soc2-thermal,49.406
1780559264.509357,,,tj-thermal,51.937
1780559264.6156511,VDD_IN,8134.272,,
1780559264.6156511,VDD_CPU_GPU_CV,3133.44,,
1780559264.6156511,VDD_SOC,1846.912,,
1780559264.6156511,,,cpu-thermal,51.468
1780559264.6156511,,,gpu-thermal,51.687
1780559264.6156511,,,soc0-thermal,49.593
1780559264.6156511,,,soc1-thermal,49.093
1780559264.6156511,,,soc2-thermal,49.562
1780559264.6156511,,,tj-thermal,51.843
1780559264.7221322,VDD_IN,8173.568,,
1780559264.7221322,VDD_CPU_GPU_CV,3172.608,,
1780559264.7221322,VDD_SOC,1846.912,,
1780559264.7221322,,,cpu-thermal,51.531
1780559264.7221322,,,gpu-thermal,51.718
1780559264.7221322,,,soc0-thermal,49.718
1780559264.7221322,,,soc1-thermal,48.968
1780559264.7221322,,,soc2-thermal,49.437
1780559264.7221322,,,tj-thermal,51.718
1780559264.8305085,VDD_IN,8173.568,,
1780559264.8305085,VDD_CPU_GPU_CV,3211.776,,
1780559264.8305085,VDD_SOC,1846.912,,
1780559264.8305085,,,cpu-thermal,51.718
1780559264.8305085,,,gpu-thermal,51.75
1780559264.8305085,,,soc0-thermal,49.656
1780559264.8305085,,,soc1-thermal,49.031
1780559264.8305085,,,soc2-thermal,49.437
1780559264.8305085,,,tj-thermal,51.75
1780559264.93672,VDD_IN,8173.568,,
1780559264.93672,VDD_CPU_GPU_CV,3211.776,,
1780559264.93672,VDD_SOC,1846.912,,
1780559264.93672,,,cpu-thermal,51.843
1780559264.93672,,,gpu-thermal,51.593
1780559264.93672,,,soc0-thermal,49.687
1780559264.93672,,,soc1-thermal,49.218
1780559264.93672,,,soc2-thermal,49.406
1780559264.93672,,,tj-thermal,51.843
1780559265.0433984,VDD_IN,8094.976,,
1780559265.0433984,VDD_CPU_GPU_CV,3172.608,,
1780559265.0433984,VDD_SOC,1846.912,,
1780559265.0433984,,,cpu-thermal,51.531
1780559265.0433984,,,gpu-thermal,51.656
1780559265.0433984,,,soc0-thermal,49.75
1780559265.0433984,,,soc1-thermal,48.968
1780559265.0433984,,,soc2-thermal,49.406
1780559265.0433984,,,tj-thermal,51.656
1780559265.1501255,VDD_IN,7977.088,,
1780559265.1501255,VDD_CPU_GPU_CV,3060.096,,
1780559265.1501255,VDD_SOC,1846.912,,
1780559265.1501255,,,cpu-thermal,51.468
1780559265.1501255,,,gpu-thermal,52.0
1780559265.1501255,,,soc0-thermal,49.718
1780559265.1501255,,,soc1-thermal,49.156
1780559265.1501255,,,soc2-thermal,49.562
1780559265.1501255,,,tj-thermal,52.0
1780559265.2564142,VDD_IN,7741.312,,
1780559265.2564142,VDD_CPU_GPU_CV,2863.936,,
1780559265.2564142,VDD_SOC,1807.616,,
1780559265.2564142,,,cpu-thermal,51.312
1780559265.2564142,,,gpu-thermal,51.781
1780559265.2564142,,,soc0-thermal,49.593
1780559265.2564142,,,soc1-thermal,49.218
1780559265.2564142,,,soc2-thermal,49.5
1780559265.2564142,,,tj-thermal,51.781
1780559265.3629165,VDD_IN,7557.12,,
1780559265.3629165,VDD_CPU_GPU_CV,2746.24,,
1780559265.3629165,VDD_SOC,1807.616,,
1780559265.3629165,,,cpu-thermal,51.187
1780559265.3629165,,,gpu-thermal,51.718
1780559265.3629165,,,soc0-thermal,49.75
1780559265.3629165,,,soc1-thermal,49.125
1780559265.3629165,,,soc2-thermal,49.468
1780559265.3629165,,,tj-thermal,51.718
1780559265.469066,VDD_IN,7439.04,,
1780559265.469066,VDD_CPU_GPU_CV,2593.536,,
1780559265.469066,VDD_SOC,1810.56,,
1780559265.469066,,,cpu-thermal,51.25
1780559265.469066,,,gpu-thermal,51.687
1780559265.469066,,,soc0-thermal,49.687
1780559265.469066,,,soc1-thermal,49.125
1780559265.469066,,,soc2-thermal,49.531
1780559265.469066,,,tj-thermal,51.687
1780559265.5749543,VDD_IN,7242.24,,
1780559265.5749543,VDD_CPU_GPU_CV,2475.648,,
1780559265.5749543,VDD_SOC,1771.2,,
1780559265.5749543,,,cpu-thermal,51.687
1780559265.5749543,,,gpu-thermal,51.656
1780559265.5749543,,,soc0-thermal,49.593
1780559265.5749543,,,soc1-thermal,49.218
1780559265.5749543,,,soc2-thermal,49.343
1780559265.5749543,,,tj-thermal,51.687
1780559265.681497,VDD_IN,7096.32,,
1780559265.681497,VDD_CPU_GPU_CV,2397.056,,
1780559265.681497,VDD_SOC,1771.2,,
1780559265.681497,,,cpu-thermal,51.281
1780559265.681497,,,gpu-thermal,52.062
1780559265.681497,,,soc0-thermal,49.843
1780559265.681497,,,soc1-thermal,49.062
1780559265.681497,,,soc2-thermal,49.5
1780559265.681497,,,tj-thermal,52.062
1780559265.7874296,VDD_IN,6978.048,,
1780559265.7874296,VDD_CPU_GPU_CV,2322.24,,
1780559265.7874296,VDD_SOC,1771.2,,
1780559265.7874296,,,cpu-thermal,51.406
1780559265.7874296,,,gpu-thermal,51.875
1780559265.7874296,,,soc0-thermal,49.718
1780559265.7874296,,,soc1-thermal,49.156
1780559265.7874296,,,soc2-thermal,49.468
1780559265.7874296,,,tj-thermal,51.875
1780559265.8939435,VDD_IN,6899.2,,
1780559265.8939435,VDD_CPU_GPU_CV,2282.88,,
1780559265.8939435,VDD_SOC,1734.656,,
1780559265.8939435,,,cpu-thermal,51.5
1780559265.8939435,,,gpu-thermal,51.75
1780559265.8939435,,,soc0-thermal,49.625
1780559265.8939435,,,soc1-thermal,49.25
1780559265.8939435,,,soc2-thermal,49.5
1780559265.8939435,,,tj-thermal,51.75
1780559266.0004728,VDD_IN,6859.776,,
1780559266.0004728,VDD_CPU_GPU_CV,2243.52,,
1780559266.0004728,VDD_SOC,1734.656,,
1780559266.0004728,,,cpu-thermal,51.593
1780559266.0004728,,,gpu-thermal,51.718
1780559266.0004728,,,soc0-thermal,49.812
1780559266.0004728,,,soc1-thermal,49.093
1780559266.0004728,,,soc2-thermal,49.468
1780559266.0004728,,,tj-thermal,51.718
1780559266.1064444,VDD_IN,6780.928,,
1780559266.1064444,VDD_CPU_GPU_CV,2204.16,,
1780559266.1064444,VDD_SOC,1734.656,,
1780559266.1064444,,,cpu-thermal,51.312
1780559266.1064444,,,gpu-thermal,51.593
1780559266.1064444,,,soc0-thermal,49.718
1780559266.1064444,,,soc1-thermal,49.218
1780559266.1064444,,,soc2-thermal,49.468
1780559266.1064444,,,tj-thermal,51.593
1780559266.2131827,VDD_IN,6741.504,,
1780559266.2131827,VDD_CPU_GPU_CV,2164.8,,
1780559266.2131827,VDD_SOC,1734.656,,
1780559266.2131827,,,cpu-thermal,51.437
1780559266.2131827,,,gpu-thermal,52.031
1780559266.2131827,,,soc0-thermal,49.718
1780559266.2131827,,,soc1-thermal,49.25
1780559266.2131827,,,soc2-thermal,49.531
1780559266.2131827,,,tj-thermal,52.031
1780559266.3191216,VDD_IN,6780.928,,
1780559266.3191216,VDD_CPU_GPU_CV,2164.8,,
1780559266.3191216,VDD_SOC,1734.656,,
1780559266.3191216,,,cpu-thermal,51.062
1780559266.3191216,,,gpu-thermal,51.875
1780559266.3191216,,,soc0-thermal,49.781
1780559266.3191216,,,soc1-thermal,49.343
1780559266.3191216,,,soc2-thermal,49.437
1780559266.3191216,,,tj-thermal,51.875
1780559266.4254632,VDD_IN,6780.928,,
1780559266.4254632,VDD_CPU_GPU_CV,2164.8,,
1780559266.4254632,VDD_SOC,1734.656,,
1780559266.4254632,,,cpu-thermal,51.156
1780559266.4254632,,,gpu-thermal,51.687
1780559266.4254632,,,soc0-thermal,49.937
1780559266.4254632,,,soc1-thermal,49.187
1780559266.4254632,,,soc2-thermal,49.5
1780559266.4254632,,,tj-thermal,51.843
1780559266.5320718,VDD_IN,6741.504,,
1780559266.5320718,VDD_CPU_GPU_CV,2125.44,,
1780559266.5320718,VDD_SOC,1734.656,,
1780559266.5320718,,,cpu-thermal,51.25
1780559266.5320718,,,gpu-thermal,51.781
1780559266.5320718,,,soc0-thermal,49.781
1780559266.5320718,,,soc1-thermal,49.218
1780559266.5320718,,,soc2-thermal,49.468
1780559266.5320718,,,tj-thermal,51.781
1780559266.6386545,VDD_IN,6673.472,,
1780559266.6386545,VDD_CPU_GPU_CV,2089.472,,
1780559266.6386545,VDD_SOC,1734.656,,
1780559266.6386545,,,cpu-thermal,51.25
1780559266.6386545,,,gpu-thermal,51.718
1780559266.6386545,,,soc0-thermal,49.843
1780559266.6386545,,,soc1-thermal,49.156
1780559266.6386545,,,soc2-thermal,49.468
1780559266.6386545,,,tj-thermal,51.718
1780559266.745482,VDD_IN,6633.984,,
1780559266.745482,VDD_CPU_GPU_CV,2050.048,,
1780559266.745482,VDD_SOC,1737.472,,
1780559266.745482,,,cpu-thermal,51.125
1780559266.745482,,,gpu-thermal,51.687
1780559266.745482,,,soc0-thermal,49.781
1780559266.745482,,,soc1-thermal,49.187
1780559266.745482,,,soc2-thermal,49.562
1780559266.745482,,,tj-thermal,51.687
1780559266.85185,VDD_IN,6555.008,,
1780559266.85185,VDD_CPU_GPU_CV,2010.624,,
1780559266.85185,VDD_SOC,1737.472,,
1780559266.85185,,,cpu-thermal,51.375
1780559266.85185,,,gpu-thermal,52.062
1780559266.85185,,,soc0-thermal,49.812
1780559266.85185,,,soc1-thermal,49.281
1780559266.85185,,,soc2-thermal,49.5
1780559266.85185,,,tj-thermal,52.062
1780559266.9580333,VDD_IN,6515.52,,
1780559266.9580333,VDD_CPU_GPU_CV,1971.2,,
1780559266.9580333,VDD_SOC,1737.472,,
1780559266.9580333,,,cpu-thermal,51.468
1780559266.9580333,,,gpu-thermal,51.843
1780559266.9580333,,,soc0-thermal,49.875
1780559266.9580333,,,soc1-thermal,49.375
1780559266.9580333,,,soc2-thermal,49.468
1780559266.9580333,,,tj-thermal,51.843
1780559267.0640564,VDD_IN,6515.52,,
1780559267.0640564,VDD_CPU_GPU_CV,1971.2,,
1780559267.0640564,VDD_SOC,1697.984,,
1780559267.0640564,,,cpu-thermal,51.281
1780559267.0640564,,,gpu-thermal,51.781
1780559267.0640564,,,soc0-thermal,50.031
1780559267.0640564,,,soc1-thermal,49.218
1780559267.0640564,,,soc2-thermal,49.5
1780559267.0640564,,,tj-thermal,51.781
1780559267.1700113,VDD_IN,6515.52,,
1780559267.1700113,VDD_CPU_GPU_CV,1971.2,,
1780559267.1700113,VDD_SOC,1697.984,,
1780559267.1700113,,,cpu-thermal,51.375
1780559267.1700113,,,gpu-thermal,52.0
1780559267.1700113,,,soc0-thermal,49.812
1780559267.1700113,,,soc1-thermal,49.187
1780559267.1700113,,,soc2-thermal,49.531
1780559267.1700113,,,tj-thermal,51.75
1780559267.2761314,VDD_IN,6515.52,,
1780559267.2761314,VDD_CPU_GPU_CV,1971.2,,
1780559267.2761314,VDD_SOC,1737.472,,
1780559267.2761314,,,cpu-thermal,51.343
1780559267.2761314,,,gpu-thermal,51.812
1780559267.2761314,,,soc0-thermal,49.906
1780559267.2761314,,,soc1-thermal,49.406
1780559267.2761314,,,soc2-thermal,49.593
1780559267.2761314,,,tj-thermal,51.687
1780559267.3819835,VDD_IN,6633.984,,
1780559267.3819835,VDD_CPU_GPU_CV,2010.624,,
1780559267.3819835,VDD_SOC,1737.472,,
1780559267.3819835,,,cpu-thermal,51.281
1780559267.3819835,,,gpu-thermal,51.812
1780559267.3819835,,,soc0-thermal,49.906
1780559267.3819835,,,soc1-thermal,49.218
1780559267.3819835,,,soc2-thermal,49.531
1780559267.3819835,,,tj-thermal,51.812
1780559267.4877899,VDD_IN,6712.96,,
1780559267.4877899,VDD_CPU_GPU_CV,2050.048,,
1780559267.4877899,VDD_SOC,1734.656,,
1780559267.4877899,,,cpu-thermal,51.218
1780559267.4877899,,,gpu-thermal,51.75
1780559267.4877899,,,soc0-thermal,49.781
1780559267.4877899,,,soc1-thermal,49.218
1780559267.4877899,,,soc2-thermal,49.5
1780559267.4877899,,,tj-thermal,51.75
1780559267.593853,VDD_IN,6633.984,,
1780559267.593853,VDD_CPU_GPU_CV,2010.624,,
1780559267.593853,VDD_SOC,1737.472,,
1780559267.593853,,,cpu-thermal,51.312
1780559267.593853,,,gpu-thermal,51.687
1780559267.593853,,,soc0-thermal,49.812
1780559267.593853,,,soc1-thermal,49.218
1780559267.593853,,,soc2-thermal,49.625
1780559267.593853,,,tj-thermal,51.687
1780559267.6999702,VDD_IN,6555.008,,
1780559267.6999702,VDD_CPU_GPU_CV,2010.624,,
1780559267.6999702,VDD_SOC,1737.472,,
1780559267.6999702,,,cpu-thermal,51.312
1780559267.6999702,,,gpu-thermal,52.031
1780559267.6999702,,,soc0-thermal,49.875
1780559267.6999702,,,soc1-thermal,49.562
1780559267.6999702,,,soc2-thermal,49.5
1780559267.6999702,,,tj-thermal,52.031
1780559267.8063362,VDD_IN,6555.008,,
1780559267.8063362,VDD_CPU_GPU_CV,1971.2,,
1780559267.8063362,VDD_SOC,1737.472,,
1780559267.8063362,,,cpu-thermal,51.281
1780559267.8063362,,,gpu-thermal,51.906
1780559267.8063362,,,soc0-thermal,49.75
1780559267.8063362,,,soc1-thermal,49.25
1780559267.8063362,,,soc2-thermal,49.625
1780559267.8063362,,,tj-thermal,51.906
1780559267.9127722,VDD_IN,6515.52,,
1780559267.9127722,VDD_CPU_GPU_CV,1931.776,,
1780559267.9127722,VDD_SOC,1737.472,,
1780559267.9127722,,,cpu-thermal,51.593
1780559267.9127722,,,gpu-thermal,51.875
1780559267.9127722,,,soc0-thermal,49.875
1780559267.9127722,,,soc1-thermal,49.343
1780559267.9127722,,,soc2-thermal,49.625
1780559267.9127722,,,tj-thermal,51.875
1780559268.0186572,VDD_IN,6476.032,,
1780559268.0186572,VDD_CPU_GPU_CV,1931.776,,
1780559268.0186572,VDD_SOC,1697.984,,
1780559268.0186572,,,cpu-thermal,51.312
1780559268.0186572,,,gpu-thermal,51.812
1780559268.0186572,,,soc0-thermal,49.906
1780559268.0186572,,,soc1-thermal,49.5
1780559268.0186572,,,soc2-thermal,49.593
1780559268.0186572,,,tj-thermal,51.812
1780559268.1246986,VDD_IN,6476.032,,
1780559268.1246986,VDD_CPU_GPU_CV,1931.776,,
1780559268.1246986,VDD_SOC,1697.984,,
1780559268.1246986,,,cpu-thermal,51.281
1780559268.1246986,,,gpu-thermal,51.75
1780559268.1246986,,,soc0-thermal,49.875
1780559268.1246986,,,soc1-thermal,49.281
1780559268.1246986,,,soc2-thermal,49.656
1780559268.1246986,,,tj-thermal,51.75
1780559268.231303,VDD_IN,6476.032,,
1780559268.231303,VDD_CPU_GPU_CV,1931.776,,
1780559268.231303,VDD_SOC,1697.984,,
1780559268.231303,,,cpu-thermal,51.437
1780559268.231303,,,gpu-thermal,52.187
1780559268.231303,,,soc0-thermal,49.875
1780559268.231303,,,soc1-thermal,49.281
1780559268.231303,,,soc2-thermal,49.625
1780559268.231303,,,tj-thermal,52.187
1780559268.3379982,VDD_IN,6555.008,,
1780559268.3379982,VDD_CPU_GPU_CV,1971.2,,
1780559268.3379982,VDD_SOC,1737.472,,
1780559268.3379982,,,cpu-thermal,51.5
1780559268.3379982,,,gpu-thermal,52.0
1780559268.3379982,,,soc0-thermal,50.0
1780559268.3379982,,,soc1-thermal,49.5
1780559268.3379982,,,soc2-thermal,49.531
1780559268.3379982,,,tj-thermal,52.0
1780559268.4447742,VDD_IN,6633.984,,
1780559268.4447742,VDD_CPU_GPU_CV,2010.624,,
1780559268.4447742,VDD_SOC,1737.472,,
1780559268.4447742,,,cpu-thermal,51.406
1780559268.4447742,,,gpu-thermal,52.0
1780559268.4447742,,,soc0-thermal,49.937
1780559268.4447742,,,soc1-thermal,49.281
1780559268.4447742,,,soc2-thermal,49.593
1780559268.4447742,,,tj-thermal,52.0
1780559268.551215,VDD_IN,6673.472,,
1780559268.551215,VDD_CPU_GPU_CV,2050.048,,
1780559268.551215,VDD_SOC,1734.656,,
1780559268.551215,,,cpu-thermal,51.406
1780559268.551215,,,gpu-thermal,51.906
1780559268.551215,,,soc0-thermal,49.875
1780559268.551215,,,soc1-thermal,49.375
1780559268.551215,,,soc2-thermal,49.656
1780559268.551215,,,tj-thermal,51.906
1780559268.6571257,VDD_IN,6633.984,,
1780559268.6571257,VDD_CPU_GPU_CV,2046.72,,
1780559268.6571257,VDD_SOC,1734.656,,
1780559268.6571257,,,cpu-thermal,51.531
1780559268.6571257,,,gpu-thermal,51.812
1780559268.6571257,,,soc0-thermal,50.0
1780559268.6571257,,,soc1-thermal,49.468
1780559268.6571257,,,soc2-thermal,49.562
1780559268.6571257,,,tj-thermal,51.812
1780559268.7634277,VDD_IN,6633.984,,
1780559268.7634277,VDD_CPU_GPU_CV,2046.72,,
1780559268.7634277,VDD_SOC,1734.656,,
1780559268.7634277,,,cpu-thermal,51.468
1780559268.7634277,,,gpu-thermal,51.75
1780559268.7634277,,,soc0-thermal,50.0
1780559268.7634277,,,soc1-thermal,49.343
1780559268.7634277,,,soc2-thermal,49.718
1780559268.7634277,,,tj-thermal,51.75
1780559268.8695252,VDD_IN,6594.496,,
1780559268.8695252,VDD_CPU_GPU_CV,2046.72,,
1780559268.8695252,VDD_SOC,1734.656,,
1780559268.8695252,,,cpu-thermal,51.468
1780559268.8695252,,,gpu-thermal,52.156
1780559268.8695252,,,soc0-thermal,49.968
1780559268.8695252,,,soc1-thermal,49.375
1780559268.8695252,,,soc2-thermal,49.718
1780559268.8695252,,,tj-thermal,52.156
1780559268.9755037,VDD_IN,6594.496,,
1780559268.9755037,VDD_CPU_GPU_CV,2046.72,,
1780559268.9755037,VDD_SOC,1734.656,,
1780559268.9755037,,,cpu-thermal,51.781
1780559268.9755037,,,gpu-thermal,52.0
1780559268.9755037,,,soc0-thermal,49.906
1780559268.9755037,,,soc1-thermal,49.5
1780559268.9755037,,,soc2-thermal,49.656
1780559268.9755037,,,tj-thermal,52.0
1780559269.0824718,VDD_IN,6555.008,,
1780559269.0824718,VDD_CPU_GPU_CV,2050.048,,
1780559269.0824718,VDD_SOC,1695.232,,
1780559269.0824718,,,cpu-thermal,51.437
1780559269.0824718,,,gpu-thermal,52.0
1780559269.0824718,,,soc0-thermal,50.156
1780559269.0824718,,,soc1-thermal,49.406
1780559269.0824718,,,soc2-thermal,49.562
1780559269.0824718,,,tj-thermal,52.0
1780559269.1887074,VDD_IN,6623.232,,
1780559269.1887074,VDD_CPU_GPU_CV,2086.08,,
1780559269.1887074,VDD_SOC,1734.656,,
1780559269.1887074,,,cpu-thermal,51.656
1780559269.1887074,,,gpu-thermal,51.906
1780559269.1887074,,,soc0-thermal,50.031
1780559269.1887074,,,soc1-thermal,49.406
1780559269.1887074,,,soc2-thermal,49.812
1780559269.1887074,,,tj-thermal,51.906
1780559269.2968192,VDD_IN,7017.472,,
1780559269.2968192,VDD_CPU_GPU_CV,2322.24,,
1780559269.2968192,VDD_SOC,1774.08,,
1780559269.2968192,,,cpu-thermal,52.031
1780559269.2968192,,,gpu-thermal,51.875
1780559269.2968192,,,soc0-thermal,50.093
1780559269.2968192,,,soc1-thermal,49.625
1780559269.2968192,,,soc2-thermal,49.687
1780559269.2968192,,,tj-thermal,51.875
1780559269.4031258,VDD_IN,7281.6,,
1780559269.4031258,VDD_CPU_GPU_CV,2554.24,,
1780559269.4031258,VDD_SOC,1771.2,,
1780559269.4031258,,,cpu-thermal,51.906
1780559269.4031258,,,gpu-thermal,52.281
1780559269.4031258,,,soc0-thermal,50.156
1780559269.4031258,,,soc1-thermal,49.375
1780559269.4031258,,,soc2-thermal,49.75
1780559269.4031258,,,tj-thermal,52.281
1780559269.5095637,VDD_IN,7478.4,,
1780559269.5095637,VDD_CPU_GPU_CV,2711.424,,
1780559269.5095637,VDD_SOC,1810.56,,
1780559269.5095637,,,cpu-thermal,52.0
1780559269.5095637,,,gpu-thermal,52.062
1780559269.5095637,,,soc0-thermal,50.031
1780559269.5095637,,,soc1-thermal,49.468
1780559269.5095637,,,soc2-thermal,49.875
1780559269.5095637,,,tj-thermal,52.343
1780559269.618603,VDD_IN,7557.12,,
1780559269.618603,VDD_CPU_GPU_CV,2750.72,,
1780559269.618603,VDD_SOC,1810.56,,
1780559269.618603,,,cpu-thermal,51.968
1780559269.618603,,,gpu-thermal,51.968
1780559269.618603,,,soc0-thermal,50.125
1780559269.618603,,,soc1-thermal,49.437
1780559269.618603,,,soc2-thermal,49.812
1780559269.618603,,,tj-thermal,51.968
1780559269.7250926,VDD_IN,7399.68,,
1780559269.7250926,VDD_CPU_GPU_CV,2593.536,,
1780559269.7250926,VDD_SOC,1810.56,,
1780559269.7250926,,,cpu-thermal,51.625
1780559269.7250926,,,gpu-thermal,52.312
1780559269.7250926,,,soc0-thermal,49.968
1780559269.7250926,,,soc1-thermal,49.437
1780559269.7250926,,,soc2-thermal,49.75
1780559269.7250926,,,tj-thermal,52.312
1780559269.8317049,VDD_IN,7202.88,,
1780559269.8317049,VDD_CPU_GPU_CV,2475.648,,
1780559269.8317049,VDD_SOC,1771.2,,
1780559269.8317049,,,cpu-thermal,51.843
1780559269.8317049,,,gpu-thermal,52.156
1780559269.8317049,,,soc0-thermal,50.125
1780559269.8317049,,,soc1-thermal,49.5
1780559269.8317049,,,soc2-thermal,49.843
1780559269.8317049,,,tj-thermal,52.156
1780559269.9381301,VDD_IN,7045.44,,
1780559269.9381301,VDD_CPU_GPU_CV,2357.76,,
1780559269.9381301,VDD_SOC,1771.2,,
1780559269.9381301,,,cpu-thermal,51.937
1780559269.9381301,,,gpu-thermal,52.062
1780559269.9381301,,,soc0-thermal,50.125
1780559269.9381301,,,soc1-thermal,49.5
1780559269.9381301,,,soc2-thermal,49.781
1780559269.9381301,,,tj-thermal,52.062
1780559270.045136,VDD_IN,6927.36,,
1780559270.045136,VDD_CPU_GPU_CV,2279.168,,
1780559270.045136,VDD_SOC,1731.84,,
1780559270.045136,,,cpu-thermal,51.593
1780559270.045136,,,gpu-thermal,52.0
1780559270.045136,,,soc0-thermal,50.25
1780559270.045136,,,soc1-thermal,49.437
1780559270.045136,,,soc2-thermal,49.75
1780559270.045136,,,tj-thermal,52.0
1780559270.1507628,VDD_IN,6820.352,,
1780559270.1507628,VDD_CPU_GPU_CV,2200.576,,
1780559270.1507628,VDD_SOC,1731.84,,
1780559270.1507628,,,cpu-thermal,51.718
1780559270.1507628,,,gpu-thermal,51.968
1780559270.1507628,,,soc0-thermal,50.156
1780559270.1507628,,,soc1-thermal,49.562
1780559270.1507628,,,soc2-thermal,49.843
1780559270.1507628,,,tj-thermal,51.968
1780559270.256383,VDD_IN,6780.928,,
1780559270.256383,VDD_CPU_GPU_CV,2164.8,,
1780559270.256383,VDD_SOC,1734.656,,
1780559270.256383,,,cpu-thermal,51.812
1780559270.256383,,,gpu-thermal,52.031
1780559270.256383,,,soc0-thermal,50.062
1780559270.256383,,,soc1-thermal,49.656
1780559270.256383,,,soc2-thermal,49.718
1780559270.256383,,,tj-thermal,52.375
1780559270.3621345,VDD_IN,6780.928,,
1780559270.3621345,VDD_CPU_GPU_CV,2164.8,,
1780559270.3621345,VDD_SOC,1734.656,,
1780559270.3621345,,,cpu-thermal,51.562
1780559270.3621345,,,gpu-thermal,52.0
1780559270.3621345,,,soc0-thermal,50.281
1780559270.3621345,,,soc1-thermal,49.437
1780559270.3621345,,,soc2-thermal,49.781
1780559270.3621345,,,tj-thermal,52.0
1780559270.4674513,VDD_IN,6859.776,,
1780559270.4674513,VDD_CPU_GPU_CV,2164.8,,
1780559270.4674513,VDD_SOC,1774.08,,
1780559270.4674513,,,cpu-thermal,51.562
1780559270.4674513,,,gpu-thermal,52.031
1780559270.4674513,,,soc0-thermal,50.125
1780559270.4674513,,,soc1-thermal,49.562
1780559270.4674513,,,soc2-thermal,49.781
1780559270.4674513,,,tj-thermal,52.031
1780559270.5731573,VDD_IN,6741.504,,
1780559270.5731573,VDD_CPU_GPU_CV,2125.44,,
1780559270.5731573,VDD_SOC,1734.656,,
1780559270.5731573,,,cpu-thermal,51.656
1780559270.5731573,,,gpu-thermal,52.343
1780559270.5731573,,,soc0-thermal,50.187
1780559270.5731573,,,soc1-thermal,49.625
1780559270.5731573,,,soc2-thermal,49.937
1780559270.5731573,,,tj-thermal,52.343
1780559270.6797028,VDD_IN,6702.08,,
1780559270.6797028,VDD_CPU_GPU_CV,2046.72,,
1780559270.6797028,VDD_SOC,1734.656,,
1780559270.6797028,,,cpu-thermal,51.625
1780559270.6797028,,,gpu-thermal,52.25
1780559270.6797028,,,soc0-thermal,50.25
1780559270.6797028,,,soc1-thermal,49.75
1780559270.6797028,,,soc2-thermal,49.75
1780559270.6797028,,,tj-thermal,52.25
1780559270.7861557,VDD_IN,6633.984,,
1780559270.7861557,VDD_CPU_GPU_CV,2007.36,,
1780559270.7861557,VDD_SOC,1734.656,,
1780559270.7861557,,,cpu-thermal,51.5
1780559270.7861557,,,gpu-thermal,52.156
1780559270.7861557,,,soc0-thermal,50.093
1780559270.7861557,,,soc1-thermal,49.562
1780559270.7861557,,,soc2-thermal,49.812
1780559270.7861557,,,tj-thermal,52.156
1780559270.8921895,VDD_IN,6594.496,,
1780559270.8921895,VDD_CPU_GPU_CV,2010.624,,
1780559270.8921895,VDD_SOC,1734.656,,
1780559270.8921895,,,cpu-thermal,51.906
1780559270.8921895,,,gpu-thermal,52.093
1780559270.8921895,,,soc0-thermal,50.187
1780559270.8921895,,,soc1-thermal,49.593
1780559270.8921895,,,soc2-thermal,49.906
1780559270.8921895,,,tj-thermal,52.093
1780559270.998137,VDD_IN,6555.008,,
1780559270.998137,VDD_CPU_GPU_CV,1971.2,,
1780559270.998137,VDD_SOC,1734.656,,
1780559270.998137,,,cpu-thermal,51.562
1780559270.998137,,,gpu-thermal,52.031
1780559270.998137,,,soc0-thermal,50.25
1780559270.998137,,,soc1-thermal,49.718
1780559270.998137,,,soc2-thermal,49.812
1780559270.998137,,,tj-thermal,52.031
1780559271.10419,VDD_IN,6515.52,,
1780559271.10419,VDD_CPU_GPU_CV,1971.2,,
1780559271.10419,VDD_SOC,1737.472,,
1780559271.10419,,,cpu-thermal,51.468
1780559271.10419,,,gpu-thermal,52.468
1780559271.10419,,,soc0-thermal,50.25
1780559271.10419,,,soc1-thermal,49.593
1780559271.10419,,,soc2-thermal,49.812
1780559271.10419,,,tj-thermal,52.468
1780559271.2100222,VDD_IN,6515.52,,
1780559271.2100222,VDD_CPU_GPU_CV,1971.2,,
1780559271.2100222,VDD_SOC,1737.472,,
1780559271.2100222,,,cpu-thermal,51.843
1780559271.2100222,,,gpu-thermal,52.125
1780559271.2100222,,,soc0-thermal,50.156
1780559271.2100222,,,soc1-thermal,49.656
1780559271.2100222,,,soc2-thermal,49.937
1780559271.2100222,,,tj-thermal,52.312
1780559271.3164349,VDD_IN,6594.496,,
1780559271.3164349,VDD_CPU_GPU_CV,2010.624,,
1780559271.3164349,VDD_SOC,1737.472,,
1780559271.3164349,,,cpu-thermal,51.781
1780559271.3164349,,,gpu-thermal,52.031
1780559271.3164349,,,soc0-thermal,50.187
1780559271.3164349,,,soc1-thermal,49.75
1780559271.3164349,,,soc2-thermal,49.937
1780559271.3164349,,,tj-thermal,52.281
1780559271.4223304,VDD_IN,6662.656,,
1780559271.4223304,VDD_CPU_GPU_CV,2046.72,,
1780559271.4223304,VDD_SOC,1734.656,,
1780559271.4223304,,,cpu-thermal,52.031
1780559271.4223304,,,gpu-thermal,52.468
1780559271.4223304,,,soc0-thermal,50.281
1780559271.4223304,,,soc1-thermal,49.593
1780559271.4223304,,,soc2-thermal,49.906
1780559271.4223304,,,tj-thermal,52.187
1780559271.528185,VDD_IN,6702.08,,
1780559271.528185,VDD_CPU_GPU_CV,2046.72,,
1780559271.528185,VDD_SOC,1734.656,,
1780559271.528185,,,cpu-thermal,51.781
1780559271.528185,,,gpu-thermal,52.375
1780559271.528185,,,soc0-thermal,50.25
1780559271.528185,,,soc1-thermal,49.656
1780559271.528185,,,soc2-thermal,49.843
1780559271.528185,,,tj-thermal,52.375
1780559271.634148,VDD_IN,6633.984,,
1780559271.634148,VDD_CPU_GPU_CV,2010.624,,
1780559271.634148,VDD_SOC,1734.656,,
1780559271.634148,,,cpu-thermal,51.718
1780559271.634148,,,gpu-thermal,52.187
1780559271.634148,,,soc0-thermal,50.218
1780559271.634148,,,soc1-thermal,49.687
1780559271.634148,,,soc2-thermal,49.906
1780559271.634148,,,tj-thermal,52.187
1780559271.7401965,VDD_IN,6594.496,,
1780559271.7401965,VDD_CPU_GPU_CV,2010.624,,
1780559271.7401965,VDD_SOC,1737.472,,
1780559271.7401965,,,cpu-thermal,51.625
1780559271.7401965,,,gpu-thermal,52.218
1780559271.7401965,,,soc0-thermal,50.281
1780559271.7401965,,,soc1-thermal,49.781
1780559271.7401965,,,soc2-thermal,49.906
1780559271.7401965,,,tj-thermal,52.218
1780559271.8464575,VDD_IN,6594.496,,
1780559271.8464575,VDD_CPU_GPU_CV,2010.624,,
1780559271.8464575,VDD_SOC,1737.472,,
1780559271.8464575,,,cpu-thermal,51.687
1780559271.8464575,,,gpu-thermal,52.031
1780559271.8464575,,,soc0-thermal,50.187
1780559271.8464575,,,soc1-thermal,49.718
1780559271.8464575,,,soc2-thermal,49.937
1780559271.8464575,,,tj-thermal,52.031
1780559271.952699,VDD_IN,6555.008,,
1780559271.952699,VDD_CPU_GPU_CV,1971.2,,
1780559271.952699,VDD_SOC,1737.472,,
1780559271.952699,,,cpu-thermal,51.781
1780559271.952699,,,gpu-thermal,52.187
1780559271.952699,,,soc0-thermal,50.187
1780559271.952699,,,soc1-thermal,49.75
1780559271.952699,,,soc2-thermal,49.968
1780559271.952699,,,tj-thermal,52.187
1780559272.0588408,VDD_IN,6555.008,,
1780559272.0588408,VDD_CPU_GPU_CV,1971.2,,
1780559272.0588408,VDD_SOC,1737.472,,
1780559272.0588408,,,cpu-thermal,51.718
1780559272.0588408,,,gpu-thermal,52.406
1780559272.0588408,,,soc0-thermal,50.25
1780559272.0588408,,,soc1-thermal,49.75
1780559272.0588408,,,soc2-thermal,49.937
1780559272.0588408,,,tj-thermal,52.406
1780559272.1658123,VDD_IN,6555.008,,
1780559272.1658123,VDD_CPU_GPU_CV,1971.2,,
1780559272.1658123,VDD_SOC,1737.472,,
1780559272.1658123,,,cpu-thermal,51.593
1780559272.1658123,,,gpu-thermal,52.312
1780559272.1658123,,,soc0-thermal,50.187
1780559272.1658123,,,soc1-thermal,49.687
1780559272.1658123,,,soc2-thermal,49.906
1780559272.1658123,,,tj-thermal,52.312
1780559272.2719593,VDD_IN,6594.496,,
1780559272.2719593,VDD_CPU_GPU_CV,2010.624,,
1780559272.2719593,VDD_SOC,1734.656,,
1780559272.2719593,,,cpu-thermal,51.906
1780559272.2719593,,,gpu-thermal,52.187
1780559272.2719593,,,soc0-thermal,50.281
1780559272.2719593,,,soc1-thermal,49.781
1780559272.2719593,,,soc2-thermal,49.812
1780559272.2719593,,,tj-thermal,52.187
1780559272.378021,VDD_IN,6662.656,,
1780559272.378021,VDD_CPU_GPU_CV,2046.72,,
1780559272.378021,VDD_SOC,1734.656,,
1780559272.378021,,,cpu-thermal,52.0
1780559272.378021,,,gpu-thermal,52.187
1780559272.378021,,,soc0-thermal,50.281
1780559272.378021,,,soc1-thermal,49.812
1780559272.378021,,,soc2-thermal,49.875
1780559272.378021,,,tj-thermal,52.187
1780559272.4840379,VDD_IN,6741.504,,
1780559272.4840379,VDD_CPU_GPU_CV,2086.08,,
1780559272.4840379,VDD_SOC,1774.08,,
1780559272.4840379,,,cpu-thermal,51.625
1780559272.4840379,,,gpu-thermal,52.093
1780559272.4840379,,,soc0-thermal,50.437
1780559272.4840379,,,soc1-thermal,49.656
1780559272.4840379,,,soc2-thermal,49.906
1780559272.4840379,,,tj-thermal,52.093
1780559272.5901308,VDD_IN,6702.08,,
1780559272.5901308,VDD_CPU_GPU_CV,2046.72,,
1780559272.5901308,VDD_SOC,1734.656,,
1780559272.5901308,,,cpu-thermal,51.906
1780559272.5901308,,,gpu-thermal,52.531
1780559272.5901308,,,soc0-thermal,50.187
1780559272.5901308,,,soc1-thermal,49.75
1780559272.5901308,,,soc2-thermal,50.031
1780559272.5901308,,,tj-thermal,52.531
1780559272.6969643,VDD_IN,6662.656,,
1780559272.6969643,VDD_CPU_GPU_CV,2046.72,,
1780559272.6969643,VDD_SOC,1734.656,,
1780559272.6969643,,,cpu-thermal,51.843
1780559272.6969643,,,gpu-thermal,52.343
1780559272.6969643,,,soc0-thermal,50.312
1780559272.6969643,,,soc1-thermal,49.75
1780559272.6969643,,,soc2-thermal,49.875
1780559272.6969643,,,tj-thermal,52.343
1780559272.8033056,VDD_IN,6662.656,,
1780559272.8033056,VDD_CPU_GPU_CV,2046.72,,
1780559272.8033056,VDD_SOC,1734.656,,
1780559272.8033056,,,cpu-thermal,51.781
1780559272.8033056,,,gpu-thermal,52.218
1780559272.8033056,,,soc0-thermal,50.375
1780559272.8033056,,,soc1-thermal,49.718
1780559272.8033056,,,soc2-thermal,49.968
1780559272.8033056,,,tj-thermal,52.218
1780559272.9097905,VDD_IN,6633.984,,
1780559272.9097905,VDD_CPU_GPU_CV,2007.36,,
1780559272.9097905,VDD_SOC,1734.656,,
1780559272.9097905,,,cpu-thermal,51.75
1780559272.9097905,,,gpu-thermal,52.187
1780559272.9097905,,,soc0-thermal,50.343
1780559272.9097905,,,soc1-thermal,49.718
1780559272.9097905,,,soc2-thermal,50.0
1780559272.9097905,,,tj-thermal,52.187
1780559273.0161228,VDD_IN,6594.496,,
1780559273.0161228,VDD_CPU_GPU_CV,2007.36,,
1780559273.0161228,VDD_SOC,1734.656,,
1780559273.0161228,,,cpu-thermal,51.687
1780559273.0161228,,,gpu-thermal,52.187
1780559273.0161228,,,soc0-thermal,50.312
1780559273.0161228,,,soc1-thermal,49.781
1780559273.0161228,,,soc2-thermal,50.0
1780559273.0161228,,,tj-thermal,52.187
1780559273.122463,VDD_IN,6555.008,,
1780559273.122463,VDD_CPU_GPU_CV,1971.2,,
1780559273.122463,VDD_SOC,1734.656,,
1780559273.122463,,,cpu-thermal,51.687
1780559273.122463,,,gpu-thermal,52.625
1780559273.122463,,,soc0-thermal,50.437
1780559273.122463,,,soc1-thermal,49.937
1780559273.122463,,,soc2-thermal,50.031
1780559273.122463,,,tj-thermal,52.625
1780559273.228588,VDD_IN,6555.008,,
1780559273.228588,VDD_CPU_GPU_CV,1971.2,,
1780559273.228588,VDD_SOC,1734.656,,
1780559273.228588,,,cpu-thermal,51.781
1780559273.228588,,,gpu-thermal,52.468
1780559273.228588,,,soc0-thermal,50.25
1780559273.228588,,,soc1-thermal,49.812
1780559273.228588,,,soc2-thermal,50.0
1780559273.228588,,,tj-thermal,52.468
1780559273.3344858,VDD_IN,6633.984,,
1780559273.3344858,VDD_CPU_GPU_CV,2007.36,,
1780559273.3344858,VDD_SOC,1734.656,,
1780559273.3344858,,,cpu-thermal,52.093
1780559273.3344858,,,gpu-thermal,52.218
1780559273.3344858,,,soc0-thermal,50.406
1780559273.3344858,,,soc1-thermal,49.875
1780559273.3344858,,,soc2-thermal,50.062
1780559273.3344858,,,tj-thermal,52.375
1780559273.440243,VDD_IN,6702.08,,
1780559273.440243,VDD_CPU_GPU_CV,2086.08,,
1780559273.440243,VDD_SOC,1774.08,,
1780559273.440243,,,cpu-thermal,51.75
1780559273.440243,,,gpu-thermal,52.593
1780559273.440243,,,soc0-thermal,50.468
1780559273.440243,,,soc1-thermal,50.031
1780559273.440243,,,soc2-thermal,49.937
1780559273.440243,,,tj-thermal,52.281
1780559273.5462353,VDD_IN,6702.08,,
1780559273.5462353,VDD_CPU_GPU_CV,2046.72,,
1780559273.5462353,VDD_SOC,1734.656,,
1780559273.5462353,,,cpu-thermal,51.75
1780559273.5462353,,,gpu-thermal,52.562
1780559273.5462353,,,soc0-thermal,50.437
1780559273.5462353,,,soc1-thermal,49.718
1780559273.5462353,,,soc2-thermal,49.937
1780559273.5462353,,,tj-thermal,52.218
1780559273.6530173,VDD_IN,6673.472,,
1780559273.6530173,VDD_CPU_GPU_CV,2046.72,,
1780559273.6530173,VDD_SOC,1734.656,,
1780559273.6530173,,,cpu-thermal,51.968
1780559273.6530173,,,gpu-thermal,52.437
1780559273.6530173,,,soc0-thermal,50.343
1780559273.6530173,,,soc1-thermal,49.812
1780559273.6530173,,,soc2-thermal,50.031
1780559273.6530173,,,tj-thermal,52.187
1780559273.7597675,VDD_IN,6594.496,,
1780559273.7597675,VDD_CPU_GPU_CV,2010.624,,
1780559273.7597675,VDD_SOC,1734.656,,
1780559273.7597675,,,cpu-thermal,52.062
1780559273.7597675,,,gpu-thermal,52.281
1780559273.7597675,,,soc0-thermal,50.437
1780559273.7597675,,,soc1-thermal,50.062
1780559273.7597675,,,soc2-thermal,50.062
1780559273.7597675,,,tj-thermal,52.468
1780559273.8660104,VDD_IN,6555.008,,
1780559273.8660104,VDD_CPU_GPU_CV,1971.2,,
1780559273.8660104,VDD_SOC,1737.472,,
1780559273.8660104,,,cpu-thermal,51.781
1780559273.8660104,,,gpu-thermal,52.187
1780559273.8660104,,,soc0-thermal,50.406
1780559273.8660104,,,soc1-thermal,49.781
1780559273.8660104,,,soc2-thermal,50.0
1780559273.8660104,,,tj-thermal,52.406
1780559273.972404,VDD_IN,6555.008,,
1780559273.972404,VDD_CPU_GPU_CV,1971.2,,
1780559273.972404,VDD_SOC,1737.472,,
1780559273.972404,,,cpu-thermal,51.937
1780559273.972404,,,gpu-thermal,52.187
1780559273.972404,,,soc0-thermal,50.343
1780559273.972404,,,soc1-thermal,49.812
1780559273.972404,,,soc2-thermal,50.031
1780559273.972404,,,tj-thermal,52.312
1780559274.0784233,VDD_IN,6555.008,,
1780559274.0784233,VDD_CPU_GPU_CV,1971.2,,
1780559274.0784233,VDD_SOC,1737.472,,
1780559274.0784233,,,cpu-thermal,51.781
1780559274.0784233,,,gpu-thermal,52.593
1780559274.0784233,,,soc0-thermal,50.5
1780559274.0784233,,,soc1-thermal,50.0
1780559274.0784233,,,soc2-thermal,50.062
1780559274.0784233,,,tj-thermal,52.593
1780559274.1843126,VDD_IN,6673.472,,
1780559274.1843126,VDD_CPU_GPU_CV,2050.048,,
1780559274.1843126,VDD_SOC,1734.656,,
1780559274.1843126,,,cpu-thermal,51.937
1780559274.1843126,,,gpu-thermal,52.468
1780559274.1843126,,,soc0-thermal,50.562
1780559274.1843126,,,soc1-thermal,49.812
1780559274.1843126,,,soc2-thermal,50.125
1780559274.1843126,,,tj-thermal,52.468
1780559274.2906659,VDD_IN,6820.352,,
1780559274.2906659,VDD_CPU_GPU_CV,2125.44,,
1780559274.2906659,VDD_SOC,1774.08,,
1780559274.2906659,,,cpu-thermal,51.937
1780559274.2906659,,,gpu-thermal,52.406
1780559274.2906659,,,soc0-thermal,50.437
1780559274.2906659,,,soc1-thermal,49.843
1780559274.2906659,,,soc2-thermal,50.156
1780559274.2906659,,,tj-thermal,52.406
1780559274.3970342,VDD_IN,6859.776,,
1780559274.3970342,VDD_CPU_GPU_CV,2164.8,,
1780559274.3970342,VDD_SOC,1774.08,,
1780559274.3970342,,,cpu-thermal,51.843
1780559274.3970342,,,gpu-thermal,52.375
1780559274.3970342,,,soc0-thermal,50.531
1780559274.3970342,,,soc1-thermal,49.968
1780559274.3970342,,,soc2-thermal,50.156
1780559274.3970342,,,tj-thermal,52.375
1780559274.503006,VDD_IN,6859.776,,
1780559274.503006,VDD_CPU_GPU_CV,2164.8,,
1780559274.503006,VDD_SOC,1774.08,,
1780559274.503006,,,cpu-thermal,52.062
1780559274.503006,,,gpu-thermal,52.312
1780559274.503006,,,soc0-thermal,50.531
1780559274.503006,,,soc1-thermal,49.718
1780559274.503006,,,soc2-thermal,50.093
1780559274.503006,,,tj-thermal,52.312
1780559274.6090503,VDD_IN,6820.352,,
1780559274.6090503,VDD_CPU_GPU_CV,2125.44,,
1780559274.6090503,VDD_SOC,1774.08,,
1780559274.6090503,,,cpu-thermal,52.156
1780559274.6090503,,,gpu-thermal,52.718
1780559274.6090503,,,soc0-thermal,50.406
1780559274.6090503,,,soc1-thermal,49.843
1780559274.6090503,,,soc2-thermal,50.218
1780559274.6090503,,,tj-thermal,52.718
1780559274.7162175,VDD_IN,6741.504,,
1780559274.7162175,VDD_CPU_GPU_CV,2086.08,,
1780559274.7162175,VDD_SOC,1774.08,,
1780559274.7162175,,,cpu-thermal,52.125
1780559274.7162175,,,gpu-thermal,52.562
1780559274.7162175,,,soc0-thermal,50.437
1780559274.7162175,,,soc1-thermal,50.062
1780559274.7162175,,,soc2-thermal,50.125
1780559274.7162175,,,tj-thermal,52.562
1780559274.822398,VDD_IN,6662.656,,
1780559274.822398,VDD_CPU_GPU_CV,2046.72,,
1780559274.822398,VDD_SOC,1734.656,,
1780559274.822398,,,cpu-thermal,52.343
1780559274.822398,,,gpu-thermal,52.5
1780559274.822398,,,soc0-thermal,50.625
1780559274.822398,,,soc1-thermal,49.812
1780559274.822398,,,soc2-thermal,50.125
1780559274.822398,,,tj-thermal,52.5
1780559274.9291923,VDD_IN,6633.984,,
1780559274.9291923,VDD_CPU_GPU_CV,2010.624,,
1780559274.9291923,VDD_SOC,1734.656,,
1780559274.9291923,,,cpu-thermal,52.062
1780559274.9291923,,,gpu-thermal,52.406
1780559274.9291923,,,soc0-thermal,50.406
1780559274.9291923,,,soc1-thermal,49.937
1780559274.9291923,,,soc2-thermal,50.218
1780559274.9291923,,,tj-thermal,52.406
1780559275.0353265,VDD_IN,6594.496,,
1780559275.0353265,VDD_CPU_GPU_CV,2010.624,,
1780559275.0353265,VDD_SOC,1734.656,,
1780559275.0353265,,,cpu-thermal,52.0
1780559275.0353265,,,gpu-thermal,52.343
1780559275.0353265,,,soc0-thermal,50.593
1780559275.0353265,,,soc1-thermal,50.031
1780559275.0353265,,,soc2-thermal,50.25
1780559275.0353265,,,tj-thermal,52.343
1780559275.1416564,VDD_IN,6594.496,,
1780559275.1416564,VDD_CPU_GPU_CV,1971.2,,
1780559275.1416564,VDD_SOC,1734.656,,
1780559275.1416564,,,cpu-thermal,51.906
1780559275.1416564,,,gpu-thermal,52.812
1780559275.1416564,,,soc0-thermal,50.593
1780559275.1416564,,,soc1-thermal,49.875
1780559275.1416564,,,soc2-thermal,50.218
1780559275.1416564,,,tj-thermal,52.812
1780559275.2477531,VDD_IN,6555.008,,
1780559275.2477531,VDD_CPU_GPU_CV,1971.2,,
1780559275.2477531,VDD_SOC,1737.472,,
1780559275.2477531,,,cpu-thermal,51.937
1780559275.2477531,,,gpu-thermal,52.656
1780559275.2477531,,,soc0-thermal,50.5
1780559275.2477531,,,soc1-thermal,49.937
1780559275.2477531,,,soc2-thermal,50.156
1780559275.2477531,,,tj-thermal,52.656
1780559275.3539782,VDD_IN,6673.472,,
1780559275.3539782,VDD_CPU_GPU_CV,2050.048,,
1780559275.3539782,VDD_SOC,1734.656,,
1780559275.3539782,,,cpu-thermal,52.0
1780559275.3539782,,,gpu-thermal,52.562
1780559275.3539782,,,soc0-thermal,50.562
1780559275.3539782,,,soc1-thermal,50.031
1780559275.3539782,,,soc2-thermal,50.218
1780559275.3539782,,,tj-thermal,52.562
1780559275.4601269,VDD_IN,6741.504,,
1780559275.4601269,VDD_CPU_GPU_CV,2086.08,,
1780559275.4601269,VDD_SOC,1774.08,,
1780559275.4601269,,,cpu-thermal,52.031
1780559275.4601269,,,gpu-thermal,52.531
1780559275.4601269,,,soc0-thermal,50.625
1780559275.4601269,,,soc1-thermal,50.093
1780559275.4601269,,,soc2-thermal,50.156
1780559275.4601269,,,tj-thermal,52.531
1780559275.5669034,VDD_IN,6712.96,,
1780559275.5669034,VDD_CPU_GPU_CV,2046.72,,
1780559275.5669034,VDD_SOC,1734.656,,
1780559275.5669034,,,cpu-thermal,51.906
1780559275.5669034,,,gpu-thermal,52.437
1780559275.5669034,,,soc0-thermal,50.468
1780559275.5669034,,,soc1-thermal,49.968
1780559275.5669034,,,soc2-thermal,50.25
1780559275.5669034,,,tj-thermal,52.437
1780559275.6736448,VDD_IN,6673.472,,
1780559275.6736448,VDD_CPU_GPU_CV,2046.72,,
1780559275.6736448,VDD_SOC,1734.656,,
1780559275.6736448,,,cpu-thermal,52.187
1780559275.6736448,,,gpu-thermal,52.406
1780559275.6736448,,,soc0-thermal,50.531
1780559275.6736448,,,soc1-thermal,50.0
1780559275.6736448,,,soc2-thermal,50.25
1780559275.6736448,,,tj-thermal,52.406
1780559275.779744,VDD_IN,6633.984,,
1780559275.779744,VDD_CPU_GPU_CV,2010.624,,
1780559275.779744,VDD_SOC,1734.656,,
1780559275.779744,,,cpu-thermal,52.375
1780559275.779744,,,gpu-thermal,52.718
1780559275.779744,,,soc0-thermal,50.687
1780559275.779744,,,soc1-thermal,50.156
1780559275.779744,,,soc2-thermal,50.218
1780559275.779744,,,tj-thermal,52.718
1780559275.8866332,VDD_IN,6594.496,,
1780559275.8866332,VDD_CPU_GPU_CV,2010.624,,
1780559275.8866332,VDD_SOC,1734.656,,
1780559275.8866332,,,cpu-thermal,52.062
1780559275.8866332,,,gpu-thermal,52.593
1780559275.8866332,,,soc0-thermal,50.718
1780559275.8866332,,,soc1-thermal,49.906
1780559275.8866332,,,soc2-thermal,50.343
1780559275.8866332,,,tj-thermal,52.593
1780559275.993009,VDD_IN,6594.496,,
1780559275.993009,VDD_CPU_GPU_CV,2010.624,,
1780559275.993009,VDD_SOC,1737.472,,
1780559275.993009,,,cpu-thermal,52.125
1780559275.993009,,,gpu-thermal,52.593
1780559275.993009,,,soc0-thermal,50.531
1780559275.993009,,,soc1-thermal,50.062
1780559275.993009,,,soc2-thermal,50.312
1780559275.993009,,,tj-thermal,52.593
1780559276.0995278,VDD_IN,6555.008,,
1780559276.0995278,VDD_CPU_GPU_CV,2010.624,,
1780559276.0995278,VDD_SOC,1734.656,,
1780559276.0995278,,,cpu-thermal,51.937
1780559276.0995278,,,gpu-thermal,52.562
1780559276.0995278,,,soc0-thermal,50.687
1780559276.0995278,,,soc1-thermal,50.156
1780559276.0995278,,,soc2-thermal,50.25
1780559276.0995278,,,tj-thermal,52.562
1780559276.2056394,VDD_IN,6555.008,,
1780559276.2056394,VDD_CPU_GPU_CV,1971.2,,
1780559276.2056394,VDD_SOC,1737.472,,
1780559276.2056394,,,cpu-thermal,52.093
1780559276.2056394,,,gpu-thermal,52.406
1780559276.2056394,,,soc0-thermal,50.812
1780559276.2056394,,,soc1-thermal,50.0
1780559276.2056394,,,soc2-thermal,50.281
1780559276.2056394,,,tj-thermal,52.406
1780559276.3116632,VDD_IN,6633.984,,
1780559276.3116632,VDD_CPU_GPU_CV,2010.624,,
1780559276.3116632,VDD_SOC,1734.656,,
1780559276.3116632,,,cpu-thermal,51.968
1780559276.3116632,,,gpu-thermal,52.875
1780559276.3116632,,,soc0-thermal,50.562
1780559276.3116632,,,soc1-thermal,50.093
1780559276.3116632,,,soc2-thermal,50.281
1780559276.3116632,,,tj-thermal,52.875
1780559276.4176786,VDD_IN,6741.504,,
1780559276.4176786,VDD_CPU_GPU_CV,2086.08,,
1780559276.4176786,VDD_SOC,1774.08,,
1780559276.4176786,,,cpu-thermal,52.0
1780559276.4176786,,,gpu-thermal,52.75
1780559276.4176786,,,soc0-thermal,50.687
1780559276.4176786,,,soc1-thermal,50.187
1780559276.4176786,,,soc2-thermal,50.218
1780559276.4176786,,,tj-thermal,52.75
1780559276.5240855,VDD_IN,6741.504,,
1780559276.5240855,VDD_CPU_GPU_CV,2086.08,,
1780559276.5240855,VDD_SOC,1774.08,,
1780559276.5240855,,,cpu-thermal,51.937
1780559276.5240855,,,gpu-thermal,52.625
1780559276.5240855,,,soc0-thermal,50.687
1780559276.5240855,,,soc1-thermal,49.937
1780559276.5240855,,,soc2-thermal,50.25
1780559276.5240855,,,tj-thermal,52.625
1780559276.6308753,VDD_IN,6662.656,,
1780559276.6308753,VDD_CPU_GPU_CV,2046.72,,
1780559276.6308753,VDD_SOC,1734.656,,
1780559276.6308753,,,cpu-thermal,52.218
1780559276.6308753,,,gpu-thermal,52.593
1780559276.6308753,,,soc0-thermal,50.625
1780559276.6308753,,,soc1-thermal,50.062
1780559276.6308753,,,soc2-thermal,50.406
1780559276.6308753,,,tj-thermal,52.593
1780559276.737174,VDD_IN,6633.984,,
1780559276.737174,VDD_CPU_GPU_CV,2007.36,,
1780559276.737174,VDD_SOC,1734.656,,
1780559276.737174,,,cpu-thermal,52.375
1780559276.737174,,,gpu-thermal,52.468
1780559276.737174,,,soc0-thermal,50.687
1780559276.737174,,,soc1-thermal,50.187
1780559276.737174,,,soc2-thermal,50.218
1780559276.737174,,,tj-thermal,52.468
1780559276.84321,VDD_IN,6594.496,,
1780559276.84321,VDD_CPU_GPU_CV,2007.36,,
1780559276.84321,VDD_SOC,1734.656,,
1780559276.84321,,,cpu-thermal,52.0
1780559276.84321,,,gpu-thermal,52.968
1780559276.84321,,,soc0-thermal,50.812
1780559276.84321,,,soc1-thermal,50.125
1780559276.84321,,,soc2-thermal,50.25
1780559276.84321,,,tj-thermal,52.968
1780559276.9503431,VDD_IN,6555.008,,
1780559276.9503431,VDD_CPU_GPU_CV,1971.2,,
1780559276.9503431,VDD_SOC,1734.656,,
1780559276.9503431,,,cpu-thermal,52.156
1780559276.9503431,,,gpu-thermal,52.812
1780559276.9503431,,,soc0-thermal,50.625
1780559276.9503431,,,soc1-thermal,50.031
1780559276.9503431,,,soc2-thermal,50.406
1780559276.9503431,,,tj-thermal,52.812
1780559277.056509,VDD_IN,6555.008,,
1780559277.056509,VDD_CPU_GPU_CV,1971.2,,
1780559277.056509,VDD_SOC,1734.656,,
1780559277.056509,,,cpu-thermal,52.218
1780559277.056509,,,gpu-thermal,52.687
1780559277.056509,,,soc0-thermal,50.625
1780559277.056509,,,soc1-thermal,50.125
1780559277.056509,,,soc2-thermal,50.375
1780559277.056509,,,tj-thermal,52.687
1780559277.162625,VDD_IN,6555.008,,
1780559277.162625,VDD_CPU_GPU_CV,1971.2,,
1780559277.162625,VDD_SOC,1734.656,,
1780559277.162625,,,cpu-thermal,52.0
1780559277.162625,,,gpu-thermal,52.593
1780559277.162625,,,soc0-thermal,50.75
1780559277.162625,,,soc1-thermal,50.031
1780559277.162625,,,soc2-thermal,50.281
1780559277.162625,,,tj-thermal,52.593
1780559277.2690387,VDD_IN,6555.008,,
1780559277.2690387,VDD_CPU_GPU_CV,1971.2,,
1780559277.2690387,VDD_SOC,1734.656,,
1780559277.2690387,,,cpu-thermal,52.187
1780559277.2690387,,,gpu-thermal,52.625
1780559277.2690387,,,soc0-thermal,50.656
1780559277.2690387,,,soc1-thermal,50.125
1780559277.2690387,,,soc2-thermal,50.406
1780559277.2690387,,,tj-thermal,52.625
1780559277.3752282,VDD_IN,6662.656,,
1780559277.3752282,VDD_CPU_GPU_CV,2046.72,,
1780559277.3752282,VDD_SOC,1734.656,,
1780559277.3752282,,,cpu-thermal,52.093
1780559277.3752282,,,gpu-thermal,52.593
1780559277.3752282,,,soc0-thermal,50.687
1780559277.3752282,,,soc1-thermal,50.218
1780559277.3752282,,,soc2-thermal,50.437
1780559277.3752282,,,tj-thermal,52.593
1780559277.4813998,VDD_IN,6741.504,,
1780559277.4813998,VDD_CPU_GPU_CV,2086.08,,
1780559277.4813998,VDD_SOC,1774.08,,
1780559277.4813998,,,cpu-thermal,52.0
1780559277.4813998,,,gpu-thermal,52.937
1780559277.4813998,,,soc0-thermal,50.812
1780559277.4813998,,,soc1-thermal,50.312
1780559277.4813998,,,soc2-thermal,50.343
1780559277.4813998,,,tj-thermal,52.937
1780559277.5875523,VDD_IN,6702.08,,
1780559277.5875523,VDD_CPU_GPU_CV,2046.72,,
1780559277.5875523,VDD_SOC,1734.656,,
1780559277.5875523,,,cpu-thermal,52.062
1780559277.5875523,,,gpu-thermal,52.781
1780559277.5875523,,,soc0-thermal,50.687
1780559277.5875523,,,soc1-thermal,50.187
1780559277.5875523,,,soc2-thermal,50.437
1780559277.5875523,,,tj-thermal,52.781
1780559277.694702,VDD_IN,6662.656,,
1780559277.694702,VDD_CPU_GPU_CV,2046.72,,
1780559277.694702,VDD_SOC,1734.656,,
1780559277.694702,,,cpu-thermal,52.437
1780559277.694702,,,gpu-thermal,52.687
1780559277.694702,,,soc0-thermal,50.687
1780559277.694702,,,soc1-thermal,50.187
1780559277.694702,,,soc2-thermal,50.468
1780559277.694702,,,tj-thermal,52.687
1780559277.8010871,VDD_IN,6623.232,,
1780559277.8010871,VDD_CPU_GPU_CV,2007.36,,
1780559277.8010871,VDD_SOC,1734.656,,
1780559277.8010871,,,cpu-thermal,52.093
1780559277.8010871,,,gpu-thermal,52.687
1780559277.8010871,,,soc0-thermal,50.781
1780559277.8010871,,,soc1-thermal,50.25
1780559277.8010871,,,soc2-thermal,50.343
1780559277.8010871,,,tj-thermal,52.687
1780559277.9071562,VDD_IN,6623.232,,
1780559277.9071562,VDD_CPU_GPU_CV,2007.36,,
1780559277.9071562,VDD_SOC,1734.656,,
1780559277.9071562,,,cpu-thermal,52.281
1780559277.9071562,,,gpu-thermal,52.593
1780559277.9071562,,,soc0-thermal,50.687
1780559277.9071562,,,soc1-thermal,50.062
1780559277.9071562,,,soc2-thermal,50.406
1780559277.9071562,,,tj-thermal,52.593
1780559278.013319,VDD_IN,6594.496,,
1780559278.013319,VDD_CPU_GPU_CV,1971.2,,
1780559278.013319,VDD_SOC,1734.656,,
1780559278.013319,,,cpu-thermal,52.312
1780559278.013319,,,gpu-thermal,52.968
1780559278.013319,,,soc0-thermal,50.718
1780559278.013319,,,soc1-thermal,50.187
1780559278.013319,,,soc2-thermal,50.468
1780559278.013319,,,tj-thermal,52.968
1780559278.1194396,VDD_IN,6555.008,,
1780559278.1194396,VDD_CPU_GPU_CV,1971.2,,
1780559278.1194396,VDD_SOC,1734.656,,
1780559278.1194396,,,cpu-thermal,52.437
1780559278.1194396,,,gpu-thermal,52.625
1780559278.1194396,,,soc0-thermal,50.781
1780559278.1194396,,,soc1-thermal,50.343
1780559278.1194396,,,soc2-thermal,50.343
1780559278.1194396,,,tj-thermal,52.843
1780559278.226099,VDD_IN,6555.008,,
1780559278.226099,VDD_CPU_GPU_CV,1971.2,,
1780559278.226099,VDD_SOC,1737.472,,
1780559278.226099,,,cpu-thermal,52.125
1780559278.226099,,,gpu-thermal,52.812
1780559278.226099,,,soc0-thermal,50.687
1780559278.226099,,,soc1-thermal,50.156
1780559278.226099,,,soc2-thermal,50.437
1780559278.226099,,,tj-thermal,52.812
1780559278.332528,VDD_IN,6673.472,,
1780559278.332528,VDD_CPU_GPU_CV,2046.72,,
1780559278.332528,VDD_SOC,1734.656,,
1780559278.332528,,,cpu-thermal,52.187
1780559278.332528,,,gpu-thermal,52.781
1780559278.332528,,,soc0-thermal,50.687
1780559278.332528,,,soc1-thermal,50.25
1780559278.332528,,,soc2-thermal,50.5
1780559278.332528,,,tj-thermal,52.781
1780559278.438633,VDD_IN,6702.08,,
1780559278.438633,VDD_CPU_GPU_CV,2086.08,,
1780559278.438633,VDD_SOC,1774.08,,
1780559278.438633,,,cpu-thermal,52.406
1780559278.438633,,,gpu-thermal,52.781
1780559278.438633,,,soc0-thermal,50.75
1780559278.438633,,,soc1-thermal,50.375
1780559278.438633,,,soc2-thermal,50.437
1780559278.438633,,,tj-thermal,52.687
1780559278.5446281,VDD_IN,6741.504,,
1780559278.5446281,VDD_CPU_GPU_CV,2086.08,,
1780559278.5446281,VDD_SOC,1774.08,,
1780559278.5446281,,,cpu-thermal,52.218
1780559278.5446281,,,gpu-thermal,52.75
1780559278.5446281,,,soc0-thermal,50.687
1780559278.5446281,,,soc1-thermal,50.187
1780559278.5446281,,,soc2-thermal,50.406
1780559278.5446281,,,tj-thermal,52.625
1780559278.6518524,VDD_IN,6662.656,,
1780559278.6518524,VDD_CPU_GPU_CV,2046.72,,
1780559278.6518524,VDD_SOC,1734.656,,
1780559278.6518524,,,cpu-thermal,52.5
1780559278.6518524,,,gpu-thermal,52.906
1780559278.6518524,,,soc0-thermal,50.843
1780559278.6518524,,,soc1-thermal,50.187
1780559278.6518524,,,soc2-thermal,50.531
1780559278.6518524,,,tj-thermal,52.906
1780559278.7579422,VDD_IN,6662.656,,
1780559278.7579422,VDD_CPU_GPU_CV,2007.36,,
1780559278.7579422,VDD_SOC,1734.656,,
1780559278.7579422,,,cpu-thermal,52.531
1780559278.7579422,,,gpu-thermal,52.843
1780559278.7579422,,,soc0-thermal,50.812
1780559278.7579422,,,soc1-thermal,50.343
1780559278.7579422,,,soc2-thermal,50.437
1780559278.7579422,,,tj-thermal,52.843
1780559278.8640819,VDD_IN,6633.984,,
1780559278.8640819,VDD_CPU_GPU_CV,2007.36,,
1780559278.8640819,VDD_SOC,1734.656,,
1780559278.8640819,,,cpu-thermal,52.125
1780559278.8640819,,,gpu-thermal,52.687
1780559278.8640819,,,soc0-thermal,50.906
1780559278.8640819,,,soc1-thermal,50.187
1780559278.8640819,,,soc2-thermal,50.406
1780559278.8640819,,,tj-thermal,52.687
1780559278.9705312,VDD_IN,6633.984,,
1780559278.9705312,VDD_CPU_GPU_CV,2007.36,,
1780559278.9705312,VDD_SOC,1734.656,,
1780559278.9705312,,,cpu-thermal,52.375
1780559278.9705312,,,gpu-thermal,52.968
1780559278.9705312,,,soc0-thermal,50.718
1780559278.9705312,,,soc1-thermal,50.187
1780559278.9705312,,,soc2-thermal,50.562
1780559278.9705312,,,tj-thermal,52.687
1780559279.0766792,VDD_IN,6594.496,,
1780559279.0766792,VDD_CPU_GPU_CV,2007.36,,
1780559279.0766792,VDD_SOC,1734.656,,
1780559279.0766792,,,cpu-thermal,52.375
1780559279.0766792,,,gpu-thermal,52.812
1780559279.0766792,,,soc0-thermal,50.781
1780559279.0766792,,,soc1-thermal,50.468
1780559279.0766792,,,soc2-thermal,50.468
1780559279.0766792,,,tj-thermal,52.687
1780559279.1835797,VDD_IN,6594.496,,
1780559279.1835797,VDD_CPU_GPU_CV,1971.2,,
1780559279.1835797,VDD_SOC,1734.656,,
1780559279.1835797,,,cpu-thermal,52.187
1780559279.1835797,,,gpu-thermal,52.781
1780559279.1835797,,,soc0-thermal,50.906
1780559279.1835797,,,soc1-thermal,50.25
1780559279.1835797,,,soc2-thermal,50.468
1780559279.1835797,,,tj-thermal,53.156
1780559279.289705,VDD_IN,6633.984,,
1780559279.289705,VDD_CPU_GPU_CV,2007.36,,
1780559279.289705,VDD_SOC,1734.656,,
1780559279.289705,,,cpu-thermal,52.375
1780559279.289705,,,gpu-thermal,52.781
1780559279.289705,,,soc0-thermal,50.843
1780559279.289705,,,soc1-thermal,50.281
1780559279.289705,,,soc2-thermal,50.531
1780559279.289705,,,tj-thermal,52.906
1780559279.396145,VDD_IN,6702.08,,
1780559279.396145,VDD_CPU_GPU_CV,2046.72,,
1780559279.396145,VDD_SOC,1774.08,,
1780559279.396145,,,cpu-thermal,52.375
1780559279.396145,,,gpu-thermal,52.781
1780559279.396145,,,soc0-thermal,50.875
1780559279.396145,,,soc1-thermal,50.281
1780559279.396145,,,soc2-thermal,50.468
1780559279.396145,,,tj-thermal,52.875
1780559279.5022326,VDD_IN,6780.928,,
1780559279.5022326,VDD_CPU_GPU_CV,2086.08,,
1780559279.5022326,VDD_SOC,1774.08,,
1780559279.5022326,,,cpu-thermal,52.281
1780559279.5022326,,,gpu-thermal,53.062
1780559279.5022326,,,soc0-thermal,51.031
1780559279.5022326,,,soc1-thermal,50.187
1780559279.5022326,,,soc2-thermal,50.437
1780559279.5022326,,,tj-thermal,52.718
1780559279.6088517,VDD_IN,6702.08,,
1780559279.6088517,VDD_CPU_GPU_CV,2086.08,,
1780559279.6088517,VDD_SOC,1774.08,,
1780559279.6088517,,,cpu-thermal,52.218
1780559279.6088517,,,gpu-thermal,52.906
1780559279.6088517,,,soc0-thermal,50.781
1780559279.6088517,,,soc1-thermal,50.218
1780559279.6088517,,,soc2-thermal,50.531
1780559279.6088517,,,tj-thermal,52.687
1780559279.7158794,VDD_IN,6702.08,,
1780559279.7158794,VDD_CPU_GPU_CV,2046.72,,
1780559279.7158794,VDD_SOC,1734.656,,
1780559279.7158794,,,cpu-thermal,52.718
1780559279.7158794,,,gpu-thermal,53.156
1780559279.7158794,,,soc0-thermal,50.843
1780559279.7158794,,,soc1-thermal,50.406
1780559279.7158794,,,soc2-thermal,50.437
1780559279.7158794,,,tj-thermal,53.156
1780559279.8221164,VDD_IN,6633.984,,
1780559279.8221164,VDD_CPU_GPU_CV,2046.72,,
1780559279.8221164,VDD_SOC,1734.656,,
1780559279.8221164,,,cpu-thermal,52.25
1780559279.8221164,,,gpu-thermal,52.75
1780559279.8221164,,,soc0-thermal,51.062
1780559279.8221164,,,soc1-thermal,50.281
1780559279.8221164,,,soc2-thermal,50.562
1780559279.8221164,,,tj-thermal,52.968
1780559279.9281921,VDD_IN,6633.984,,
1780559279.9281921,VDD_CPU_GPU_CV,2010.624,,
1780559279.9281921,VDD_SOC,1734.656,,
1780559279.9281921,,,cpu-thermal,52.437
1780559279.9281921,,,gpu-thermal,52.656
1780559279.9281921,,,soc0-thermal,50.906
1780559279.9281921,,,soc1-thermal,50.25
1780559279.9281921,,,soc2-thermal,50.593
1780559279.9281921,,,tj-thermal,52.968
1780559280.034751,VDD_IN,6594.496,,
1780559280.034751,VDD_CPU_GPU_CV,2010.624,,
1780559280.034751,VDD_SOC,1734.656,,
1780559280.034751,,,cpu-thermal,52.437
1780559280.034751,,,gpu-thermal,53.187
1780559280.034751,,,soc0-thermal,50.906
1780559280.034751,,,soc1-thermal,50.468
1780559280.034751,,,soc2-thermal,50.562
1780559280.034751,,,tj-thermal,52.781
1780559280.140959,VDD_IN,6594.496,,
1780559280.140959,VDD_CPU_GPU_CV,2010.624,,
1780559280.140959,VDD_SOC,1734.656,,
1780559280.140959,,,cpu-thermal,52.312
1780559280.140959,,,gpu-thermal,53.031
1780559280.140959,,,soc0-thermal,50.937
1780559280.140959,,,soc1-thermal,50.562
1780559280.140959,,,soc2-thermal,50.531
1780559280.140959,,,tj-thermal,52.687
1780559280.2470548,VDD_IN,6555.008,,
1780559280.2470548,VDD_CPU_GPU_CV,1971.2,,
1780559280.2470548,VDD_SOC,1734.656,,
1780559280.2470548,,,cpu-thermal,52.343
1780559280.2470548,,,gpu-thermal,52.937
1780559280.2470548,,,soc0-thermal,50.937
1780559280.2470548,,,soc1-thermal,50.343
1780559280.2470548,,,soc2-thermal,50.593
1780559280.2470548,,,tj-thermal,52.718
1780559280.3534014,VDD_IN,6662.656,,
1780559280.3534014,VDD_CPU_GPU_CV,2046.72,,
1780559280.3534014,VDD_SOC,1734.656,,
1780559280.3534014,,,cpu-thermal,52.406
1780559280.3534014,,,gpu-thermal,52.843
1780559280.3534014,,,soc0-thermal,50.906
1780559280.3534014,,,soc1-thermal,50.375
1780559280.3534014,,,soc2-thermal,50.656
1780559280.3534014,,,tj-thermal,53.062
1780559280.4593778,VDD_IN,6780.928,,
1780559280.4593778,VDD_CPU_GPU_CV,2086.08,,
1780559280.4593778,VDD_SOC,1774.08,,
1780559280.4593778,,,cpu-thermal,52.343
1780559280.4593778,,,gpu-thermal,52.812
1780559280.4593778,,,soc0-thermal,51.062
1780559280.4593778,,,soc1-thermal,50.656
1780559280.4593778,,,soc2-thermal,50.687
1780559280.4593778,,,tj-thermal,53.062
1780559280.5656772,VDD_IN,6741.504,,
1780559280.5656772,VDD_CPU_GPU_CV,2086.08,,
1780559280.5656772,VDD_SOC,1734.656,,
1780559280.5656772,,,cpu-thermal,52.343
1780559280.5656772,,,gpu-thermal,52.781
1780559280.5656772,,,soc0-thermal,51.093
1780559280.5656772,,,soc1-thermal,50.25
1780559280.5656772,,,soc2-thermal,50.718
1780559280.5656772,,,tj-thermal,52.781
1780559280.6717062,VDD_IN,6673.472,,
1780559280.6717062,VDD_CPU_GPU_CV,2046.72,,
1780559280.6717062,VDD_SOC,1734.656,,
1780559280.6717062,,,cpu-thermal,52.406
1780559280.6717062,,,gpu-thermal,53.125
1780559280.6717062,,,soc0-thermal,50.968
1780559280.6717062,,,soc1-thermal,50.5
1780559280.6717062,,,soc2-thermal,50.687
1780559280.6717062,,,tj-thermal,53.125
1780559280.7778482,VDD_IN,6673.472,,
1780559280.7778482,VDD_CPU_GPU_CV,2007.36,,
1780559280.7778482,VDD_SOC,1734.656,,
1780559280.7778482,,,cpu-thermal,52.406
1780559280.7778482,,,gpu-thermal,53.093
1780559280.7778482,,,soc0-thermal,51.031
1780559280.7778482,,,soc1-thermal,50.437
1780559280.7778482,,,soc2-thermal,50.656
1780559280.7778482,,,tj-thermal,52.781
1780559280.8849094,VDD_IN,6633.984,,
1780559280.8849094,VDD_CPU_GPU_CV,2007.36,,
1780559280.8849094,VDD_SOC,1734.656,,
1780559280.8849094,,,cpu-thermal,52.406
1780559280.8849094,,,gpu-thermal,52.906
1780559280.8849094,,,soc0-thermal,51.093
1780559280.8849094,,,soc1-thermal,50.375
1780559280.8849094,,,soc2-thermal,50.718
1780559280.8849094,,,tj-thermal,52.906
1780559280.9909456,VDD_IN,6594.496,,
1780559280.9909456,VDD_CPU_GPU_CV,2010.624,,
1780559280.9909456,VDD_SOC,1734.656,,
1780559280.9909456,,,cpu-thermal,52.562
1780559280.9909456,,,gpu-thermal,52.812
1780559280.9909456,,,soc0-thermal,50.875
1780559280.9909456,,,soc1-thermal,50.406
1780559280.9909456,,,soc2-thermal,50.656
1780559280.9909456,,,tj-thermal,52.812
1780559281.0971334,VDD_IN,6594.496,,
1780559281.0971334,VDD_CPU_GPU_CV,2010.624,,
1780559281.0971334,VDD_SOC,1734.656,,
1780559281.0971334,,,cpu-thermal,52.593
1780559281.0971334,,,gpu-thermal,52.781
1780559281.0971334,,,soc0-thermal,51.031
1780559281.0971334,,,soc1-thermal,50.468
1780559281.0971334,,,soc2-thermal,50.625
1780559281.0971334,,,tj-thermal,52.781
1780559281.2034614,VDD_IN,6594.496,,
1780559281.2034614,VDD_CPU_GPU_CV,1971.2,,
1780559281.2034614,VDD_SOC,1734.656,,
1780559281.2034614,,,cpu-thermal,52.531
1780559281.2034614,,,gpu-thermal,53.218
1780559281.2034614,,,soc0-thermal,51.093
1780559281.2034614,,,soc1-thermal,50.343
1780559281.2034614,,,soc2-thermal,50.687
1780559281.2034614,,,tj-thermal,53.218
1780559281.3094807,VDD_IN,6633.984,,
1780559281.3094807,VDD_CPU_GPU_CV,2007.36,,
1780559281.3094807,VDD_SOC,1734.656,,
1780559281.3094807,,,cpu-thermal,52.468
1780559281.3094807,,,gpu-thermal,53.156
1780559281.3094807,,,soc0-thermal,51.0
1780559281.3094807,,,soc1-thermal,50.406
1780559281.3094807,,,soc2-thermal,50.687
1780559281.3094807,,,tj-thermal,53.156
1780559281.416017,VDD_IN,6741.504,,
1780559281.416017,VDD_CPU_GPU_CV,2086.08,,
1780559281.416017,VDD_SOC,1774.08,,
1780559281.416017,,,cpu-thermal,52.531
1780559281.416017,,,gpu-thermal,53.031
1780559281.416017,,,soc0-thermal,51.093
1780559281.416017,,,soc1-thermal,50.562
1780559281.416017,,,soc2-thermal,50.687
1780559281.416017,,,tj-thermal,53.031
1780559281.521953,VDD_IN,6741.504,,
1780559281.521953,VDD_CPU_GPU_CV,2086.08,,
1780559281.521953,VDD_SOC,1774.08,,
1780559281.521953,,,cpu-thermal,52.468
1780559281.521953,,,gpu-thermal,52.937
1780559281.521953,,,soc0-thermal,51.156
1780559281.521953,,,soc1-thermal,50.437
1780559281.521953,,,soc2-thermal,50.718
1780559281.521953,,,tj-thermal,52.937
1780559281.6279886,VDD_IN,6702.08,,
1780559281.6279886,VDD_CPU_GPU_CV,2046.72,,
1780559281.6279886,VDD_SOC,1734.656,,
1780559281.6279886,,,cpu-thermal,52.5
1780559281.6279886,,,gpu-thermal,52.875
1780559281.6279886,,,soc0-thermal,51.062
1780559281.6279886,,,soc1-thermal,50.437
1780559281.6279886,,,soc2-thermal,50.781
1780559281.6279886,,,tj-thermal,52.875
1780559281.7342129,VDD_IN,6673.472,,
1780559281.7342129,VDD_CPU_GPU_CV,2010.624,,
1780559281.7342129,VDD_SOC,1734.656,,
1780559281.7342129,,,cpu-thermal,52.437
1780559281.7342129,,,gpu-thermal,53.343
1780559281.7342129,,,soc0-thermal,51.031
1780559281.7342129,,,soc1-thermal,50.531
1780559281.7342129,,,soc2-thermal,50.781
1780559281.7342129,,,tj-thermal,53.343
1780559281.8404408,VDD_IN,6594.496,,
1780559281.8404408,VDD_CPU_GPU_CV,2010.624,,
1780559281.8404408,VDD_SOC,1734.656,,
1780559281.8404408,,,cpu-thermal,52.593
1780559281.8404408,,,gpu-thermal,53.156
1780559281.8404408,,,soc0-thermal,51.125
1780559281.8404408,,,soc1-thermal,50.625
1780559281.8404408,,,soc2-thermal,50.656
1780559281.8404408,,,tj-thermal,53.156
1780559281.9467578,VDD_IN,6594.496,,
1780559281.9467578,VDD_CPU_GPU_CV,1971.2,,
1780559281.9467578,VDD_SOC,1734.656,,
1780559281.9467578,,,cpu-thermal,52.531
1780559281.9467578,,,gpu-thermal,53.031
1780559281.9467578,,,soc0-thermal,50.968
1780559281.9467578,,,soc1-thermal,50.406
1780559281.9467578,,,soc2-thermal,50.625
1780559281.9467578,,,tj-thermal,53.031
1780559282.0531044,VDD_IN,6594.496,,
1780559282.0531044,VDD_CPU_GPU_CV,1971.2,,
1780559282.0531044,VDD_SOC,1737.472,,
1780559282.0531044,,,cpu-thermal,52.718
1780559282.0531044,,,gpu-thermal,52.968
1780559282.0531044,,,soc0-thermal,51.156
1780559282.0531044,,,soc1-thermal,50.468
1780559282.0531044,,,soc2-thermal,50.718
1780559282.0531044,,,tj-thermal,52.968
1780559282.1591604,VDD_IN,6555.008,,
1780559282.1591604,VDD_CPU_GPU_CV,1971.2,,
1780559282.1591604,VDD_SOC,1737.472,,
1780559282.1591604,,,cpu-thermal,52.906
1780559282.1591604,,,gpu-thermal,53.125
1780559282.1591604,,,soc0-thermal,51.187
1780559282.1591604,,,soc1-thermal,50.656
1780559282.1591604,,,soc2-thermal,50.718
1780559282.1591604,,,tj-thermal,52.906
1780559282.2654822,VDD_IN,6594.496,,
1780559282.2654822,VDD_CPU_GPU_CV,1971.2,,
1780559282.2654822,VDD_SOC,1734.656,,
1780559282.2654822,,,cpu-thermal,52.531
1780559282.2654822,,,gpu-thermal,53.156
1780559282.2654822,,,soc0-thermal,51.031
1780559282.2654822,,,soc1-thermal,50.406
1780559282.2654822,,,soc2-thermal,50.687
1780559282.2654822,,,tj-thermal,52.906
1780559282.3716118,VDD_IN,6702.08,,
1780559282.3716118,VDD_CPU_GPU_CV,2046.72,,
1780559282.3716118,VDD_SOC,1734.656,,
1780559282.3716118,,,cpu-thermal,52.625
1780559282.3716118,,,gpu-thermal,53.0
1780559282.3716118,,,soc0-thermal,51.062
1780559282.3716118,,,soc1-thermal,50.531
1780559282.3716118,,,soc2-thermal,50.718
1780559282.3716118,,,tj-thermal,53.25
1780559282.4773388,VDD_IN,6780.928,,
1780559282.4773388,VDD_CPU_GPU_CV,2086.08,,
1780559282.4773388,VDD_SOC,1774.08,,
1780559282.4773388,,,cpu-thermal,52.625
1780559282.4773388,,,gpu-thermal,53.062
1780559282.4773388,,,soc0-thermal,51.218
1780559282.4773388,,,soc1-thermal,50.656
1780559282.4773388,,,soc2-thermal,50.687
1780559282.4773388,,,tj-thermal,53.062
1780559282.583332,VDD_IN,6741.504,,
1780559282.583332,VDD_CPU_GPU_CV,2086.08,,
1780559282.583332,VDD_SOC,1734.656,,
1780559282.583332,,,cpu-thermal,52.562
1780559282.583332,,,gpu-thermal,52.906
1780559282.583332,,,soc0-thermal,51.156
1780559282.583332,,,soc1-thermal,50.531
1780559282.583332,,,soc2-thermal,50.812
1780559282.583332,,,tj-thermal,52.906
1780559282.689656,VDD_IN,6673.472,,
1780559282.689656,VDD_CPU_GPU_CV,2046.72,,
1780559282.689656,VDD_SOC,1734.656,,
1780559282.689656,,,cpu-thermal,52.562
1780559282.689656,,,gpu-thermal,53.281
1780559282.689656,,,soc0-thermal,51.156
1780559282.689656,,,soc1-thermal,50.593
1780559282.689656,,,soc2-thermal,50.843
1780559282.689656,,,tj-thermal,53.281
1780559282.796399,VDD_IN,6633.984,,
1780559282.796399,VDD_CPU_GPU_CV,2050.048,,
1780559282.796399,VDD_SOC,1734.656,,
1780559282.796399,,,cpu-thermal,52.593
1780559282.796399,,,gpu-thermal,53.187
1780559282.796399,,,soc0-thermal,51.187
1780559282.796399,,,soc1-thermal,50.562
1780559282.796399,,,soc2-thermal,50.75
1780559282.796399,,,tj-thermal,53.0
1780559282.9028993,VDD_IN,6633.984,,
1780559282.9028993,VDD_CPU_GPU_CV,2010.624,,
1780559282.9028993,VDD_SOC,1734.656,,
1780559282.9028993,,,cpu-thermal,52.562
1780559282.9028993,,,gpu-thermal,53.156
1780559282.9028993,,,soc0-thermal,51.218
1780559282.9028993,,,soc1-thermal,50.781
1780559282.9028993,,,soc2-thermal,50.75
1780559282.9028993,,,tj-thermal,53.156
1780559283.009326,VDD_IN,6594.496,,
1780559283.009326,VDD_CPU_GPU_CV,2010.624,,
1780559283.009326,VDD_SOC,1734.656,,
1780559283.009326,,,cpu-thermal,52.5
1780559283.009326,,,gpu-thermal,53.0
1780559283.009326,,,soc0-thermal,51.187
1780559283.009326,,,soc1-thermal,50.562
1780559283.009326,,,soc2-thermal,50.718
1780559283.009326,,,tj-thermal,53.25
1780559283.115824,VDD_IN,6594.496,,
1780559283.115824,VDD_CPU_GPU_CV,1971.2,,
1780559283.115824,VDD_SOC,1734.656,,
1780559283.115824,,,cpu-thermal,53.031
1780559283.115824,,,gpu-thermal,52.906
1780559283.115824,,,soc0-thermal,51.281
1780559283.115824,,,soc1-thermal,50.625
1780559283.115824,,,soc2-thermal,50.875
1780559283.115824,,,tj-thermal,53.031
1780559283.2218556,VDD_IN,6555.008,,
1780559283.2218556,VDD_CPU_GPU_CV,1971.2,,
1780559283.2218556,VDD_SOC,1737.472,,
1780559283.2218556,,,cpu-thermal,52.5
1780559283.2218556,,,gpu-thermal,53.406
1780559283.2218556,,,soc0-thermal,51.25
1780559283.2218556,,,soc1-thermal,50.718
1780559283.2218556,,,soc2-thermal,50.812
1780559283.2218556,,,tj-thermal,53.406
1780559283.3280373,VDD_IN,6633.984,,
1780559283.3280373,VDD_CPU_GPU_CV,2007.36,,
1780559283.3280373,VDD_SOC,1734.656,,
1780559283.3280373,,,cpu-thermal,52.718
1780559283.3280373,,,gpu-thermal,53.156
1780559283.3280373,,,soc0-thermal,51.093
1780559283.3280373,,,soc1-thermal,50.562
1780559283.3280373,,,soc2-thermal,50.812
1780559283.3280373,,,tj-thermal,53.156
1780559283.4347162,VDD_IN,6741.504,,
1780559283.4347162,VDD_CPU_GPU_CV,2046.72,,
1780559283.4347162,VDD_SOC,1774.08,,
1780559283.4347162,,,cpu-thermal,52.75
1780559283.4347162,,,gpu-thermal,53.218
1780559283.4347162,,,soc0-thermal,51.187
1780559283.4347162,,,soc1-thermal,50.687
1780559283.4347162,,,soc2-thermal,50.906
1780559283.4347162,,,tj-thermal,53.218
1780559283.5412846,VDD_IN,6741.504,,
1780559283.5412846,VDD_CPU_GPU_CV,2046.72,,
1780559283.5412846,VDD_SOC,1774.08,,
1780559283.5412846,,,cpu-thermal,52.656
1780559283.5412846,,,gpu-thermal,53.125
1780559283.5412846,,,soc0-thermal,51.281
1780559283.5412846,,,soc1-thermal,50.75
1780559283.5412846,,,soc2-thermal,50.843
1780559283.5412846,,,tj-thermal,53.312
1780559283.6477592,VDD_IN,6662.656,,
1780559283.6477592,VDD_CPU_GPU_CV,2007.36,,
1780559283.6477592,VDD_SOC,1734.656,,
1780559283.6477592,,,cpu-thermal,52.625
1780559283.6477592,,,gpu-thermal,53.031
1780559283.6477592,,,soc0-thermal,51.187
1780559283.6477592,,,soc1-thermal,50.593
1780559283.6477592,,,soc2-thermal,50.906
1780559283.6477592,,,tj-thermal,53.031
1780559283.7539682,VDD_IN,6633.984,,
1780559283.7539682,VDD_CPU_GPU_CV,2010.624,,
1780559283.7539682,VDD_SOC,1734.656,,
1780559283.7539682,,,cpu-thermal,52.718
1780559283.7539682,,,gpu-thermal,53.468
1780559283.7539682,,,soc0-thermal,51.25
1780559283.7539682,,,soc1-thermal,50.687
1780559283.7539682,,,soc2-thermal,50.968
1780559283.7539682,,,tj-thermal,53.468
1780559283.8602047,VDD_IN,6633.984,,
1780559283.8602047,VDD_CPU_GPU_CV,2007.36,,
1780559283.8602047,VDD_SOC,1734.656,,
1780559283.8602047,,,cpu-thermal,52.468
1780559283.8602047,,,gpu-thermal,53.312
1780559283.8602047,,,soc0-thermal,51.281
1780559283.8602047,,,soc1-thermal,50.812
1780559283.8602047,,,soc2-thermal,50.906
1780559283.8602047,,,tj-thermal,53.312
1780559283.9667623,VDD_IN,6633.984,,
1780559283.9667623,VDD_CPU_GPU_CV,2007.36,,
1780559283.9667623,VDD_SOC,1734.656,,
1780559283.9667623,,,cpu-thermal,52.656
1780559283.9667623,,,gpu-thermal,53.218
1780559283.9667623,,,soc0-thermal,51.187
1780559283.9667623,,,soc1-thermal,50.625
1780559283.9667623,,,soc2-thermal,50.875
1780559283.9667623,,,tj-thermal,53.218
1780559284.0733263,VDD_IN,6594.496,,
1780559284.0733263,VDD_CPU_GPU_CV,1968.0,,
1780559284.0733263,VDD_SOC,1734.656,,
1780559284.0733263,,,cpu-thermal,52.937
1780559284.0733263,,,gpu-thermal,53.156
1780559284.0733263,,,soc0-thermal,51.25
1780559284.0733263,,,soc1-thermal,50.75
1780559284.0733263,,,soc2-thermal,50.937
1780559284.0733263,,,tj-thermal,53.156
1780559284.1792789,VDD_IN,6633.984,,
1780559284.1792789,VDD_CPU_GPU_CV,2007.36,,
1780559284.1792789,VDD_SOC,1734.656,,
1780559284.1792789,,,cpu-thermal,52.718
1780559284.1792789,,,gpu-thermal,53.125
1780559284.1792789,,,soc0-thermal,51.281
1780559284.1792789,,,soc1-thermal,50.875
1780559284.1792789,,,soc2-thermal,50.843
1780559284.1792789,,,tj-thermal,53.125
1780559284.2857175,VDD_IN,6623.232,,
1780559284.2857175,VDD_CPU_GPU_CV,2007.36,,
1780559284.2857175,VDD_SOC,1734.656,,
1780559284.2857175,,,cpu-thermal,52.593
1780559284.2857175,,,gpu-thermal,53.062
1780559284.2857175,,,soc0-thermal,51.375
1780559284.2857175,,,soc1-thermal,50.656
1780559284.2857175,,,soc2-thermal,50.843
1780559284.2857175,,,tj-thermal,53.062
1780559284.391703,VDD_IN,6741.504,,
1780559284.391703,VDD_CPU_GPU_CV,2086.08,,
1780559284.391703,VDD_SOC,1774.08,,
1780559284.391703,,,cpu-thermal,52.812
1780559284.391703,,,gpu-thermal,53.531
1780559284.391703,,,soc0-thermal,51.187
1780559284.391703,,,soc1-thermal,50.687
1780559284.391703,,,soc2-thermal,50.968
1780559284.391703,,,tj-thermal,53.531
1780559284.4977803,VDD_IN,6780.928,,
1780559284.4977803,VDD_CPU_GPU_CV,2086.08,,
1780559284.4977803,VDD_SOC,1774.08,,
1780559284.4977803,,,cpu-thermal,53.0
1780559284.4977803,,,gpu-thermal,53.406
1780559284.4977803,,,soc0-thermal,51.312
1780559284.4977803,,,soc1-thermal,50.812
1780559284.4977803,,,soc2-thermal,50.906
1780559284.4977803,,,tj-thermal,53.406
1780559284.6045256,VDD_IN,6702.08,,
1780559284.6045256,VDD_CPU_GPU_CV,2046.72,,
1780559284.6045256,VDD_SOC,1774.08,,
1780559284.6045256,,,cpu-thermal,52.687
1780559284.6045256,,,gpu-thermal,53.218
1780559284.6045256,,,soc0-thermal,51.375
1780559284.6045256,,,soc1-thermal,50.656
1780559284.6045256,,,soc2-thermal,50.906
1780559284.6045256,,,tj-thermal,53.218
1780559284.710913,VDD_IN,6673.472,,
1780559284.710913,VDD_CPU_GPU_CV,2046.72,,
1780559284.710913,VDD_SOC,1734.656,,
1780559284.710913,,,cpu-thermal,52.875
1780559284.710913,,,gpu-thermal,53.156
1780559284.710913,,,soc0-thermal,51.281
1780559284.710913,,,soc1-thermal,50.718
1780559284.710913,,,soc2-thermal,51.031
1780559284.710913,,,tj-thermal,53.156
1780559284.8176522,VDD_IN,6633.984,,
1780559284.8176522,VDD_CPU_GPU_CV,2010.624,,
1780559284.8176522,VDD_SOC,1734.656,,
1780559284.8176522,,,cpu-thermal,52.906
1780559284.8176522,,,gpu-thermal,53.125
1780559284.8176522,,,soc0-thermal,51.312
1780559284.8176522,,,soc1-thermal,50.812
1780559284.8176522,,,soc2-thermal,51.0
1780559284.8176522,,,tj-thermal,53.125
1780559284.9236815,VDD_IN,6594.496,,
1780559284.9236815,VDD_CPU_GPU_CV,2010.624,,
1780559284.9236815,VDD_SOC,1734.656,,
1780559284.9236815,,,cpu-thermal,52.687
1780559284.9236815,,,gpu-thermal,53.593
1780559284.9236815,,,soc0-thermal,51.437
1780559284.9236815,,,soc1-thermal,50.687
1780559284.9236815,,,soc2-thermal,50.906
1780559284.9236815,,,tj-thermal,53.593
1780559285.0297968,VDD_IN,6594.496,,
1780559285.0297968,VDD_CPU_GPU_CV,1971.2,,
1780559285.0297968,VDD_SOC,1734.656,,
1780559285.0297968,,,cpu-thermal,52.75
1780559285.0297968,,,gpu-thermal,53.406
1780559285.0297968,,,soc0-thermal,51.312
1780559285.0297968,,,soc1-thermal,50.718
1780559285.0297968,,,soc2-thermal,51.062
1780559285.0297968,,,tj-thermal,53.406
1780559285.136203,VDD_IN,6594.496,,
1780559285.136203,VDD_CPU_GPU_CV,1971.2,,
1780559285.136203,VDD_SOC,1734.656,,
1780559285.136203,,,cpu-thermal,53.156
1780559285.136203,,,gpu-thermal,53.281
1780559285.136203,,,soc0-thermal,51.343
1780559285.136203,,,soc1-thermal,50.843
1780559285.136203,,,soc2-thermal,50.906
1780559285.136203,,,tj-thermal,53.281
1780559285.2421904,VDD_IN,6555.008,,
1780559285.2421904,VDD_CPU_GPU_CV,1971.2,,
1780559285.2421904,VDD_SOC,1734.656,,
1780559285.2421904,,,cpu-thermal,52.812
1780559285.2421904,,,gpu-thermal,53.156
1780559285.2421904,,,soc0-thermal,51.437
1780559285.2421904,,,soc1-thermal,50.75
1780559285.2421904,,,soc2-thermal,50.937
1780559285.2421904,,,tj-thermal,53.156
1780559285.3485243,VDD_IN,6673.472,,
1780559285.3485243,VDD_CPU_GPU_CV,2007.36,,
1780559285.3485243,VDD_SOC,1734.656,,
1780559285.3485243,,,cpu-thermal,52.781
1780559285.3485243,,,gpu-thermal,53.187
1780559285.3485243,,,soc0-thermal,51.343
1780559285.3485243,,,soc1-thermal,50.718
1780559285.3485243,,,soc2-thermal,51.031
1780559285.3485243,,,tj-thermal,53.187
1780559285.4545004,VDD_IN,6741.504,,
1780559285.4545004,VDD_CPU_GPU_CV,2086.08,,
1780559285.4545004,VDD_SOC,1774.08,,
1780559285.4545004,,,cpu-thermal,52.968
1780559285.4545004,,,gpu-thermal,53.312
1780559285.4545004,,,soc0-thermal,51.343
1780559285.4545004,,,soc1-thermal,50.718
1780559285.4545004,,,soc2-thermal,51.0
1780559285.4545004,,,tj-thermal,53.156
1780559285.5604067,VDD_IN,6741.504,,
1780559285.5604067,VDD_CPU_GPU_CV,2046.72,,
1780559285.5604067,VDD_SOC,1774.08,,
1780559285.5604067,,,cpu-thermal,53.125
1780559285.5604067,,,gpu-thermal,53.312
1780559285.5604067,,,soc0-thermal,51.406
1780559285.5604067,,,soc1-thermal,50.718
1780559285.5604067,,,soc2-thermal,51.031
1780559285.5604067,,,tj-thermal,53.468
1780559285.667193,VDD_IN,6702.08,,
1780559285.667193,VDD_CPU_GPU_CV,2046.72,,
1780559285.667193,VDD_SOC,1774.08,,
1780559285.667193,,,cpu-thermal,52.843
1780559285.667193,,,gpu-thermal,53.437
1780559285.667193,,,soc0-thermal,51.312
1780559285.667193,,,soc1-thermal,50.718
1780559285.667193,,,soc2-thermal,51.0
1780559285.667193,,,tj-thermal,53.437
1780559285.7740374,VDD_IN,6633.984,,
1780559285.7740374,VDD_CPU_GPU_CV,2007.36,,
1780559285.7740374,VDD_SOC,1734.656,,
1780559285.7740374,,,cpu-thermal,52.968
1780559285.7740374,,,gpu-thermal,53.343
1780559285.7740374,,,soc0-thermal,51.375
1780559285.7740374,,,soc1-thermal,50.75
1780559285.7740374,,,soc2-thermal,51.031
1780559285.7740374,,,tj-thermal,53.343
1780559285.880016,VDD_IN,6633.984,,
1780559285.880016,VDD_CPU_GPU_CV,2010.624,,
1780559285.880016,VDD_SOC,1734.656,,
1780559285.880016,,,cpu-thermal,52.781
1780559285.880016,,,gpu-thermal,53.218
1780559285.880016,,,soc0-thermal,51.468
1780559285.880016,,,soc1-thermal,50.937
1780559285.880016,,,soc2-thermal,51.0
1780559285.880016,,,tj-thermal,53.218
1780559285.9865382,VDD_IN,6633.984,,
1780559285.9865382,VDD_CPU_GPU_CV,2010.624,,
1780559285.9865382,VDD_SOC,1734.656,,
1780559285.9865382,,,cpu-thermal,52.781
1780559285.9865382,,,gpu-thermal,53.25
1780559285.9865382,,,soc0-thermal,51.562
1780559285.9865382,,,soc1-thermal,50.843
1780559285.9865382,,,soc2-thermal,51.125
1780559285.9865382,,,tj-thermal,53.25
1780559286.0927463,VDD_IN,6594.496,,
1780559286.0927463,VDD_CPU_GPU_CV,1971.2,,
1780559286.0927463,VDD_SOC,1734.656,,
1780559286.0927463,,,cpu-thermal,52.906
1780559286.0927463,,,gpu-thermal,53.312
1780559286.0927463,,,soc0-thermal,51.343
1780559286.0927463,,,soc1-thermal,50.906
1780559286.0927463,,,soc2-thermal,51.156
1780559286.0927463,,,tj-thermal,53.593
1780559286.198925,VDD_IN,6633.984,,
1780559286.198925,VDD_CPU_GPU_CV,2007.36,,
1780559286.198925,VDD_SOC,1734.656,,
1780559286.198925,,,cpu-thermal,52.875
1780559286.198925,,,gpu-thermal,53.437
1780559286.198925,,,soc0-thermal,51.468
1780559286.198925,,,soc1-thermal,50.968
1780559286.198925,,,soc2-thermal,51.125
1780559286.198925,,,tj-thermal,53.437
1780559286.30623,VDD_IN,6673.472,,
1780559286.30623,VDD_CPU_GPU_CV,2046.72,,
1780559286.30623,VDD_SOC,1734.656,,
1780559286.30623,,,cpu-thermal,52.812
1780559286.30623,,,gpu-thermal,53.437
1780559286.30623,,,soc0-thermal,51.562
1780559286.30623,,,soc1-thermal,50.843
1780559286.30623,,,soc2-thermal,50.968
1780559286.30623,,,tj-thermal,53.437
1780559286.4131844,VDD_IN,6741.504,,
1780559286.4131844,VDD_CPU_GPU_CV,2086.08,,
1780559286.4131844,VDD_SOC,1774.08,,
1780559286.4131844,,,cpu-thermal,52.968
1780559286.4131844,,,gpu-thermal,53.312
1780559286.4131844,,,soc0-thermal,51.468
1780559286.4131844,,,soc1-thermal,50.937
1780559286.4131844,,,soc2-thermal,51.218
1780559286.4131844,,,tj-thermal,53.312
1780559286.5191467,VDD_IN,6780.928,,
1780559286.5191467,VDD_CPU_GPU_CV,2086.08,,
1780559286.5191467,VDD_SOC,1774.08,,
1780559286.5191467,,,cpu-thermal,53.218
1780559286.5191467,,,gpu-thermal,53.312
1780559286.5191467,,,soc0-thermal,51.531
1780559286.5191467,,,soc1-thermal,51.0
1780559286.5191467,,,soc2-thermal,51.125
1780559286.5191467,,,tj-thermal,53.312
1780559286.6252453,VDD_IN,6702.08,,
1780559286.6252453,VDD_CPU_GPU_CV,2046.72,,
1780559286.6252453,VDD_SOC,1774.08,,
1780559286.6252453,,,cpu-thermal,52.937
1780559286.6252453,,,gpu-thermal,53.781
1780559286.6252453,,,soc0-thermal,51.562
1780559286.6252453,,,soc1-thermal,50.75
1780559286.6252453,,,soc2-thermal,51.156
1780559286.6252453,,,tj-thermal,53.781
1780559286.7315505,VDD_IN,6662.656,,
1780559286.7315505,VDD_CPU_GPU_CV,2007.36,,
1780559286.7315505,VDD_SOC,1734.656,,
1780559286.7315505,,,cpu-thermal,53.062
1780559286.7315505,,,gpu-thermal,53.5
1780559286.7315505,,,soc0-thermal,51.468
1780559286.7315505,,,soc1-thermal,50.843
1780559286.7315505,,,soc2-thermal,51.218
1780559286.7315505,,,tj-thermal,53.5
1780559286.8381639,VDD_IN,6633.984,,
1780559286.8381639,VDD_CPU_GPU_CV,2010.624,,
1780559286.8381639,VDD_SOC,1734.656,,
1780559286.8381639,,,cpu-thermal,52.812
1780559286.8381639,,,gpu-thermal,53.437
1780559286.8381639,,,soc0-thermal,51.437
1780559286.8381639,,,soc1-thermal,51.031
1780559286.8381639,,,soc2-thermal,51.093
1780559286.8381639,,,tj-thermal,53.437
1780559286.9445584,VDD_IN,6594.496,,
1780559286.9445584,VDD_CPU_GPU_CV,2010.624,,
1780559286.9445584,VDD_SOC,1734.656,,
1780559286.9445584,,,cpu-thermal,52.937
1780559286.9445584,,,gpu-thermal,53.312
1780559286.9445584,,,soc0-thermal,51.531
1780559286.9445584,,,soc1-thermal,50.875
1780559286.9445584,,,soc2-thermal,51.093
1780559286.9445584,,,tj-thermal,53.312
1780559287.051529,VDD_IN,6594.496,,
1780559287.051529,VDD_CPU_GPU_CV,1968.0,,
1780559287.051529,VDD_SOC,1734.656,,
1780559287.051529,,,cpu-thermal,53.0
1780559287.051529,,,gpu-thermal,53.312
1780559287.051529,,,soc0-thermal,51.406
1780559287.051529,,,soc1-thermal,51.0
1780559287.051529,,,soc2-thermal,51.218
1780559287.051529,,,tj-thermal,53.312
1780559287.1578777,VDD_IN,6555.008,,
1780559287.1578777,VDD_CPU_GPU_CV,1971.2,,
1780559287.1578777,VDD_SOC,1734.656,,
1780559287.1578777,,,cpu-thermal,52.906
1780559287.1578777,,,gpu-thermal,53.281
1780559287.1578777,,,soc0-thermal,51.562
1780559287.1578777,,,soc1-thermal,51.0
1780559287.1578777,,,soc2-thermal,51.125
1780559287.1578777,,,tj-thermal,53.281
1780559287.2638576,VDD_IN,6633.984,,
1780559287.2638576,VDD_CPU_GPU_CV,2007.36,,
1780559287.2638576,VDD_SOC,1734.656,,
1780559287.2638576,,,cpu-thermal,52.937
1780559287.2638576,,,gpu-thermal,53.625
1780559287.2638576,,,soc0-thermal,51.656
1780559287.2638576,,,soc1-thermal,50.812
1780559287.2638576,,,soc2-thermal,51.125
1780559287.2638576,,,tj-thermal,53.625
1780559287.3705852,VDD_IN,6702.08,,
1780559287.3705852,VDD_CPU_GPU_CV,2046.72,,
1780559287.3705852,VDD_SOC,1774.08,,
1780559287.3705852,,,cpu-thermal,53.093
1780559287.3705852,,,gpu-thermal,53.531
1780559287.3705852,,,soc0-thermal,51.468
1780559287.3705852,,,soc1-thermal,50.937
1780559287.3705852,,,soc2-thermal,51.125
1780559287.3705852,,,tj-thermal,53.531
1780559287.4765205,VDD_IN,6741.504,,
1780559287.4765205,VDD_CPU_GPU_CV,2086.08,,
1780559287.4765205,VDD_SOC,1774.08,,
1780559287.4765205,,,cpu-thermal,53.25
1780559287.4765205,,,gpu-thermal,53.406
1780559287.4765205,,,soc0-thermal,51.593
1780559287.4765205,,,soc1-thermal,51.062
1780559287.4765205,,,soc2-thermal,51.093
1780559287.4765205,,,tj-thermal,53.406
1780559287.583267,VDD_IN,6702.08,,
1780559287.583267,VDD_CPU_GPU_CV,2046.72,,
1780559287.583267,VDD_SOC,1774.08,,
1780559287.583267,,,cpu-thermal,52.968
1780559287.583267,,,gpu-thermal,53.375
1780559287.583267,,,soc0-thermal,51.656
1780559287.583267,,,soc1-thermal,50.906
1780559287.583267,,,soc2-thermal,51.156
1780559287.583267,,,tj-thermal,53.375
1780559287.6895366,VDD_IN,6633.984,,
1780559287.6895366,VDD_CPU_GPU_CV,2010.624,,
1780559287.6895366,VDD_SOC,1734.656,,
1780559287.6895366,,,cpu-thermal,53.0
1780559287.6895366,,,gpu-thermal,53.281
1780559287.6895366,,,soc0-thermal,51.468
1780559287.6895366,,,soc1-thermal,51.0
1780559287.6895366,,,soc2-thermal,51.218
1780559287.6895366,,,tj-thermal,53.281
1780559287.7960417,VDD_IN,6594.496,,
1780559287.7960417,VDD_CPU_GPU_CV,2010.624,,
1780559287.7960417,VDD_SOC,1734.656,,
1780559287.7960417,,,cpu-thermal,53.062
1780559287.7960417,,,gpu-thermal,53.687
1780559287.7960417,,,soc0-thermal,51.625
1780559287.7960417,,,soc1-thermal,51.125
1780559287.7960417,,,soc2-thermal,51.218
1780559287.7960417,,,tj-thermal,53.687
1780559287.9033244,VDD_IN,6594.496,,
1780559287.9033244,VDD_CPU_GPU_CV,1971.2,,
1780559287.9033244,VDD_SOC,1734.656,,
1780559287.9033244,,,cpu-thermal,52.937
1780559287.9033244,,,gpu-thermal,53.656
1780559287.9033244,,,soc0-thermal,51.656
1780559287.9033244,,,soc1-thermal,51.0
1780559287.9033244,,,soc2-thermal,51.218
1780559287.9033244,,,tj-thermal,53.656
1780559288.0093408,VDD_IN,6555.008,,
1780559288.0093408,VDD_CPU_GPU_CV,1971.2,,
1780559288.0093408,VDD_SOC,1737.472,,
1780559288.0093408,,,cpu-thermal,53.031
1780559288.0093408,,,gpu-thermal,53.5
1780559288.0093408,,,soc0-thermal,51.531
1780559288.0093408,,,soc1-thermal,50.968
1780559288.0093408,,,soc2-thermal,51.187
1780559288.0093408,,,tj-thermal,53.5
1780559288.1156464,VDD_IN,6555.008,,
1780559288.1156464,VDD_CPU_GPU_CV,1971.2,,
1780559288.1156464,VDD_SOC,1737.472,,
1780559288.1156464,,,cpu-thermal,53.0
1780559288.1156464,,,gpu-thermal,53.406
1780559288.1156464,,,soc0-thermal,51.625
1780559288.1156464,,,soc1-thermal,51.031
1780559288.1156464,,,soc2-thermal,51.218
1780559288.1156464,,,tj-thermal,53.406
1780559288.2218425,VDD_IN,6555.008,,
1780559288.2218425,VDD_CPU_GPU_CV,1971.2,,
1780559288.2218425,VDD_SOC,1737.472,,
1780559288.2218425,,,cpu-thermal,53.125
1780559288.2218425,,,gpu-thermal,53.437
1780559288.2218425,,,soc0-thermal,51.656
1780559288.2218425,,,soc1-thermal,50.968
1780559288.2218425,,,soc2-thermal,51.218
1780559288.2218425,,,tj-thermal,53.437
1780559288.3279557,VDD_IN,6633.984,,
1780559288.3279557,VDD_CPU_GPU_CV,2010.624,,
1780559288.3279557,VDD_SOC,1734.656,,
1780559288.3279557,,,cpu-thermal,52.968
1780559288.3279557,,,gpu-thermal,53.5
1780559288.3279557,,,soc0-thermal,51.562
1780559288.3279557,,,soc1-thermal,50.968
1780559288.3279557,,,soc2-thermal,51.281
1780559288.3279557,,,tj-thermal,53.5
1780559288.434748,VDD_IN,6741.504,,
1780559288.434748,VDD_CPU_GPU_CV,2086.08,,
1780559288.434748,VDD_SOC,1774.08,,
1780559288.434748,,,cpu-thermal,53.281
1780559288.434748,,,gpu-thermal,53.687
1780559288.434748,,,soc0-thermal,51.531
1780559288.434748,,,soc1-thermal,51.093
1780559288.434748,,,soc2-thermal,51.343
1780559288.434748,,,tj-thermal,53.687
1780559288.5407262,VDD_IN,6702.08,,
1780559288.5407262,VDD_CPU_GPU_CV,2046.72,,
1780559288.5407262,VDD_SOC,1774.08,,
1780559288.5407262,,,cpu-thermal,53.406
1780559288.5407262,,,gpu-thermal,53.593
1780559288.5407262,,,soc0-thermal,51.656
1780559288.5407262,,,soc1-thermal,50.937
1780559288.5407262,,,soc2-thermal,51.218
1780559288.5407262,,,tj-thermal,53.593
1780559288.6472065,VDD_IN,6662.656,,
1780559288.6472065,VDD_CPU_GPU_CV,2046.72,,
1780559288.6472065,VDD_SOC,1734.656,,
1780559288.6472065,,,cpu-thermal,53.125
1780559288.6472065,,,gpu-thermal,53.5
1780559288.6472065,,,soc0-thermal,51.5
1780559288.6472065,,,soc1-thermal,51.093
1780559288.6472065,,,soc2-thermal,51.281
1780559288.6472065,,,tj-thermal,53.5
1780559288.7537847,VDD_IN,6633.984,,
1780559288.7537847,VDD_CPU_GPU_CV,2007.36,,
1780559288.7537847,VDD_SOC,1734.656,,
1780559288.7537847,,,cpu-thermal,53.156
1780559288.7537847,,,gpu-thermal,53.468
1780559288.7537847,,,soc0-thermal,51.625
1780559288.7537847,,,soc1-thermal,51.062
1780559288.7537847,,,soc2-thermal,51.312
1780559288.7537847,,,tj-thermal,53.468
1780559288.8604457,VDD_IN,6594.496,,
1780559288.8604457,VDD_CPU_GPU_CV,2010.624,,
1780559288.8604457,VDD_SOC,1734.656,,
1780559288.8604457,,,cpu-thermal,53.125
1780559288.8604457,,,gpu-thermal,53.437
1780559288.8604457,,,soc0-thermal,51.656
1780559288.8604457,,,soc1-thermal,50.937
1780559288.8604457,,,soc2-thermal,51.312
1780559288.8604457,,,tj-thermal,53.437
1780559288.9665313,VDD_IN,6594.496,,
1780559288.9665313,VDD_CPU_GPU_CV,1971.2,,
1780559288.9665313,VDD_SOC,1734.656,,
1780559288.9665313,,,cpu-thermal,53.031
1780559288.9665313,,,gpu-thermal,53.781
1780559288.9665313,,,soc0-thermal,51.625
1780559288.9665313,,,soc1-thermal,51.0
1780559288.9665313,,,soc2-thermal,51.281
1780559288.9665313,,,tj-thermal,53.781
1780559289.0730946,VDD_IN,6555.008,,
1780559289.0730946,VDD_CPU_GPU_CV,1971.2,,
1780559289.0730946,VDD_SOC,1734.656,,
1780559289.0730946,,,cpu-thermal,53.093
1780559289.0730946,,,gpu-thermal,53.625
1780559289.0730946,,,soc0-thermal,51.625
1780559289.0730946,,,soc1-thermal,51.125
1780559289.0730946,,,soc2-thermal,51.343
1780559289.0730946,,,tj-thermal,53.625
1780559289.1794705,VDD_IN,6555.008,,
1780559289.1794705,VDD_CPU_GPU_CV,1971.2,,
1780559289.1794705,VDD_SOC,1737.472,,
1780559289.1794705,,,cpu-thermal,53.156
1780559289.1794705,,,gpu-thermal,53.593
1780559289.1794705,,,soc0-thermal,51.687
1780559289.1794705,,,soc1-thermal,51.031
1780559289.1794705,,,soc2-thermal,51.218
1780559289.1794705,,,tj-thermal,53.593
1780559289.286247,VDD_IN,6594.496,,
1780559289.286247,VDD_CPU_GPU_CV,1971.2,,
1780559289.286247,VDD_SOC,1734.656,,
1780559289.286247,,,cpu-thermal,53.062
1780559289.286247,,,gpu-thermal,53.562
1780559289.286247,,,soc0-thermal,51.593
1780559289.286247,,,soc1-thermal,51.031
1780559289.286247,,,soc2-thermal,51.343
1780559289.286247,,,tj-thermal,53.562
1780559289.3923178,VDD_IN,6702.08,,
1780559289.3923178,VDD_CPU_GPU_CV,2046.72,,
1780559289.3923178,VDD_SOC,1774.08,,
1780559289.3923178,,,cpu-thermal,53.281
1780559289.3923178,,,gpu-thermal,53.531
1780559289.3923178,,,soc0-thermal,51.687
1780559289.3923178,,,soc1-thermal,51.156
1780559289.3923178,,,soc2-thermal,51.406
1780559289.3923178,,,tj-thermal,53.531
1780559289.4983969,VDD_IN,6741.504,,
1780559289.4983969,VDD_CPU_GPU_CV,2086.08,,
1780559289.4983969,VDD_SOC,1774.08,,
1780559289.4983969,,,cpu-thermal,53.5
1780559289.4983969,,,gpu-thermal,53.968
1780559289.4983969,,,soc0-thermal,51.687
1780559289.4983969,,,soc1-thermal,51.25
1780559289.4983969,,,soc2-thermal,51.406
1780559289.4983969,,,tj-thermal,53.968
1780559289.6049747,VDD_IN,6702.08,,
1780559289.6049747,VDD_CPU_GPU_CV,2046.72,,
1780559289.6049747,VDD_SOC,1774.08,,
1780559289.6049747,,,cpu-thermal,53.187
1780559289.6049747,,,gpu-thermal,53.843
1780559289.6049747,,,soc0-thermal,51.812
1780559289.6049747,,,soc1-thermal,51.156
1780559289.6049747,,,soc2-thermal,51.343
1780559289.6049747,,,tj-thermal,53.843
1780559289.7109933,VDD_IN,6673.472,,
1780559289.7109933,VDD_CPU_GPU_CV,2007.36,,
1780559289.7109933,VDD_SOC,1734.656,,
1780559289.7109933,,,cpu-thermal,53.25
1780559289.7109933,,,gpu-thermal,53.718
1780559289.7109933,,,soc0-thermal,51.718
1780559289.7109933,,,soc1-thermal,51.187
1780559289.7109933,,,soc2-thermal,51.468
1780559289.7109933,,,tj-thermal,53.718
1780559289.8173447,VDD_IN,6633.984,,
1780559289.8173447,VDD_CPU_GPU_CV,2010.624,,
1780559289.8173447,VDD_SOC,1734.656,,
1780559289.8173447,,,cpu-thermal,53.312
1780559289.8173447,,,gpu-thermal,53.906
1780559289.8173447,,,soc0-thermal,51.687
1780559289.8173447,,,soc1-thermal,51.25
1780559289.8173447,,,soc2-thermal,51.312
1780559289.8173447,,,tj-thermal,53.593
1780559289.923436,VDD_IN,6594.496,,
1780559289.923436,VDD_CPU_GPU_CV,1971.2,,
1780559289.923436,VDD_SOC,1734.656,,
1780559289.923436,,,cpu-thermal,53.125
1780559289.923436,,,gpu-thermal,53.718
1780559289.923436,,,soc0-thermal,51.843
1780559289.923436,,,soc1-thermal,51.062
1780559289.923436,,,soc2-thermal,51.375
1780559289.923436,,,tj-thermal,53.593
1780559290.029367,VDD_IN,6594.496,,
1780559290.029367,VDD_CPU_GPU_CV,1971.2,,
1780559290.029367,VDD_SOC,1734.656,,
1780559290.029367,,,cpu-thermal,53.25
1780559290.029367,,,gpu-thermal,53.656
1780559290.029367,,,soc0-thermal,51.625
1780559290.029367,,,soc1-thermal,51.156
1780559290.029367,,,soc2-thermal,51.468
1780559290.029367,,,tj-thermal,53.562
1780559290.1358263,VDD_IN,6555.008,,
1780559290.1358263,VDD_CPU_GPU_CV,1971.2,,
1780559290.1358263,VDD_SOC,1734.656,,
1780559290.1358263,,,cpu-thermal,53.156
1780559290.1358263,,,gpu-thermal,53.625
1780559290.1358263,,,soc0-thermal,51.718
1780559290.1358263,,,soc1-thermal,51.312
1780559290.1358263,,,soc2-thermal,51.312
1780559290.1358263,,,tj-thermal,54.0
1780559290.2425125,VDD_IN,6555.008,,
1780559290.2425125,VDD_CPU_GPU_CV,1971.2,,
1780559290.2425125,VDD_SOC,1737.472,,
1780559290.2425125,,,cpu-thermal,53.093
1780559290.2425125,,,gpu-thermal,53.625
1780559290.2425125,,,soc0-thermal,51.875
1780559290.2425125,,,soc1-thermal,51.125
1780559290.2425125,,,soc2-thermal,51.375
1780559290.2425125,,,tj-thermal,53.75
1780559290.3487914,VDD_IN,6633.984,,
1780559290.3487914,VDD_CPU_GPU_CV,2007.36,,
1780559290.3487914,VDD_SOC,1734.656,,
1780559290.3487914,,,cpu-thermal,53.156
1780559290.3487914,,,gpu-thermal,53.625
1780559290.3487914,,,soc0-thermal,51.656
1780559290.3487914,,,soc1-thermal,51.156
1780559290.3487914,,,soc2-thermal,51.437
1780559290.3487914,,,tj-thermal,53.75
1780559290.4548242,VDD_IN,6702.08,,
1780559290.4548242,VDD_CPU_GPU_CV,2046.72,,
1780559290.4548242,VDD_SOC,1774.08,,
1780559290.4548242,,,cpu-thermal,53.468
1780559290.4548242,,,gpu-thermal,53.937
1780559290.4548242,,,soc0-thermal,51.718
1780559290.4548242,,,soc1-thermal,51.218
1780559290.4548242,,,soc2-thermal,51.562
1780559290.4548242,,,tj-thermal,53.937
1780559290.560753,VDD_IN,6662.656,,
1780559290.560753,VDD_CPU_GPU_CV,2046.72,,
1780559290.560753,VDD_SOC,1774.08,,
1780559290.560753,,,cpu-thermal,53.125
1780559290.560753,,,gpu-thermal,53.75
1780559290.560753,,,soc0-thermal,51.812
1780559290.560753,,,soc1-thermal,51.312
1780559290.560753,,,soc2-thermal,51.343
1780559290.560753,,,tj-thermal,53.75
1780559290.6670125,VDD_IN,6673.472,,
1780559290.6670125,VDD_CPU_GPU_CV,2007.36,,
1780559290.6670125,VDD_SOC,1734.656,,
1780559290.6670125,,,cpu-thermal,53.343
1780559290.6670125,,,gpu-thermal,53.656
1780559290.6670125,,,soc0-thermal,51.718
1780559290.6670125,,,soc1-thermal,51.156
1780559290.6670125,,,soc2-thermal,51.437
1780559290.6670125,,,tj-thermal,53.656
1780559290.7734556,VDD_IN,6633.984,,
1780559290.7734556,VDD_CPU_GPU_CV,2010.624,,
1780559290.7734556,VDD_SOC,1734.656,,
1780559290.7734556,,,cpu-thermal,53.406
1780559290.7734556,,,gpu-thermal,53.656
1780559290.7734556,,,soc0-thermal,51.781
1780559290.7734556,,,soc1-thermal,51.218
1780559290.7734556,,,soc2-thermal,51.5
1780559290.7734556,,,tj-thermal,53.656
1780559290.8800166,VDD_IN,6594.496,,
1780559290.8800166,VDD_CPU_GPU_CV,1971.2,,
1780559290.8800166,VDD_SOC,1734.656,,
1780559290.8800166,,,cpu-thermal,53.312
1780559290.8800166,,,gpu-thermal,53.593
1780559290.8800166,,,soc0-thermal,51.843
1780559290.8800166,,,soc1-thermal,51.156
1780559290.8800166,,,soc2-thermal,51.468
1780559290.8800166,,,tj-thermal,53.687
1780559290.9875257,VDD_IN,6594.496,,
1780559290.9875257,VDD_CPU_GPU_CV,1971.2,,
1780559290.9875257,VDD_SOC,1734.656,,
1780559290.9875257,,,cpu-thermal,53.312
1780559290.9875257,,,gpu-thermal,53.968
1780559290.9875257,,,soc0-thermal,51.687
1780559290.9875257,,,soc1-thermal,51.156
1780559290.9875257,,,soc2-thermal,51.5
1780559290.9875257,,,tj-thermal,53.687
1780559291.093855,VDD_IN,6555.008,,
1780559291.093855,VDD_CPU_GPU_CV,1971.2,,
1780559291.093855,VDD_SOC,1734.656,,
1780559291.093855,,,cpu-thermal,53.343
1780559291.093855,,,gpu-thermal,53.781
1780559291.093855,,,soc0-thermal,51.781
1780559291.093855,,,soc1-thermal,51.281
1780559291.093855,,,soc2-thermal,51.593
1780559291.093855,,,tj-thermal,53.625
1780559291.2006137,VDD_IN,6555.008,,
1780559291.2006137,VDD_CPU_GPU_CV,1971.2,,
1780559291.2006137,VDD_SOC,1734.656,,
1780559291.2006137,,,cpu-thermal,53.187
1780559291.2006137,,,gpu-thermal,53.75
1780559291.2006137,,,soc0-thermal,51.906
1780559291.2006137,,,soc1-thermal,51.187
1780559291.2006137,,,soc2-thermal,51.468
1780559291.2006137,,,tj-thermal,53.625
1780559291.3069985,VDD_IN,6633.984,,
1780559291.3069985,VDD_CPU_GPU_CV,2007.36,,
1780559291.3069985,VDD_SOC,1734.656,,
1780559291.3069985,,,cpu-thermal,53.156
1780559291.3069985,,,gpu-thermal,53.656
1780559291.3069985,,,soc0-thermal,51.781
1780559291.3069985,,,soc1-thermal,51.156
1780559291.3069985,,,soc2-thermal,51.531
1780559291.3069985,,,tj-thermal,53.937
1780559291.4134374,VDD_IN,6702.08,,
1780559291.4134374,VDD_CPU_GPU_CV,2046.72,,
1780559291.4134374,VDD_SOC,1774.08,,
1780559291.4134374,,,cpu-thermal,53.531
1780559291.4134374,,,gpu-thermal,53.625
1780559291.4134374,,,soc0-thermal,51.875
1780559291.4134374,,,soc1-thermal,51.281
1780559291.4134374,,,soc2-thermal,51.625
1780559291.4134374,,,tj-thermal,53.781
1780559291.5198677,VDD_IN,6741.504,,
1780559291.5198677,VDD_CPU_GPU_CV,2086.08,,
1780559291.5198677,VDD_SOC,1774.08,,
1780559291.5198677,,,cpu-thermal,53.218
1780559291.5198677,,,gpu-thermal,54.187
1780559291.5198677,,,soc0-thermal,51.906
1780559291.5198677,,,soc1-thermal,51.468
1780559291.5198677,,,soc2-thermal,51.468
1780559291.5198677,,,tj-thermal,53.75
1780559291.6258562,VDD_IN,6673.472,,
1780559291.6258562,VDD_CPU_GPU_CV,2046.72,,
1780559291.6258562,VDD_SOC,1774.08,,
1780559291.6258562,,,cpu-thermal,53.281
1780559291.6258562,,,gpu-thermal,53.875
1780559291.6258562,,,soc0-thermal,51.718
1780559291.6258562,,,soc1-thermal,51.218
1780559291.6258562,,,soc2-thermal,51.531
1780559291.6258562,,,tj-thermal,53.656
1780559291.7319367,VDD_IN,6633.984,,
1780559291.7319367,VDD_CPU_GPU_CV,2007.36,,
1780559291.7319367,VDD_SOC,1734.656,,
1780559291.7319367,,,cpu-thermal,53.406
1780559291.7319367,,,gpu-thermal,53.812
1780559291.7319367,,,soc0-thermal,51.843
1780559291.7319367,,,soc1-thermal,51.343
1780559291.7319367,,,soc2-thermal,51.593
1780559291.7319367,,,tj-thermal,53.656
1780559291.8384202,VDD_IN,6633.984,,
1780559291.8384202,VDD_CPU_GPU_CV,2010.624,,
1780559291.8384202,VDD_SOC,1734.656,,
1780559291.8384202,,,cpu-thermal,53.531
1780559291.8384202,,,gpu-thermal,53.718
1780559291.8384202,,,soc0-thermal,51.843
1780559291.8384202,,,soc1-thermal,51.406
1780559291.8384202,,,soc2-thermal,51.593
1780559291.8384202,,,tj-thermal,54.0
1780559291.9445133,VDD_IN,6594.496,,
1780559291.9445133,VDD_CPU_GPU_CV,1971.2,,
1780559291.9445133,VDD_SOC,1734.656,,
1780559291.9445133,,,cpu-thermal,53.312
1780559291.9445133,,,gpu-thermal,53.687
1780559291.9445133,,,soc0-thermal,51.906
1780559291.9445133,,,soc1-thermal,51.187
1780559291.9445133,,,soc2-thermal,51.593
1780559291.9445133,,,tj-thermal,53.968
1780559292.050898,VDD_IN,6594.496,,
1780559292.050898,VDD_CPU_GPU_CV,1971.2,,
1780559292.050898,VDD_SOC,1737.472,,
1780559292.050898,,,cpu-thermal,53.375
1780559292.050898,,,gpu-thermal,53.656
1780559292.050898,,,soc0-thermal,51.906
1780559292.050898,,,soc1-thermal,51.218
1780559292.050898,,,soc2-thermal,51.562
1780559292.050898,,,tj-thermal,53.75
1780559292.1573586,VDD_IN,6555.008,,
1780559292.1573586,VDD_CPU_GPU_CV,1931.776,,
1780559292.1573586,VDD_SOC,1737.472,,
1780559292.1573586,,,cpu-thermal,53.375
1780559292.1573586,,,gpu-thermal,54.031
1780559292.1573586,,,soc0-thermal,51.937
1780559292.1573586,,,soc1-thermal,51.5
1780559292.1573586,,,soc2-thermal,51.437
1780559292.1573586,,,tj-thermal,53.718
1780559292.263992,VDD_IN,6555.008,,
1780559292.263992,VDD_CPU_GPU_CV,1931.776,,
1780559292.263992,VDD_SOC,1737.472,,
1780559292.263992,,,cpu-thermal,53.25
1780559292.263992,,,gpu-thermal,53.875
1780559292.263992,,,soc0-thermal,51.906
1780559292.263992,,,soc1-thermal,51.218
1780559292.263992,,,soc2-thermal,51.593
1780559292.263992,,,tj-thermal,53.656
1780559292.3701563,VDD_IN,6673.472,,
1780559292.3701563,VDD_CPU_GPU_CV,2010.624,,
1780559292.3701563,VDD_SOC,1737.472,,
1780559292.3701563,,,cpu-thermal,53.562
1780559292.3701563,,,gpu-thermal,53.843
1780559292.3701563,,,soc0-thermal,51.906
1780559292.3701563,,,soc1-thermal,51.312
1780559292.3701563,,,soc2-thermal,51.593
1780559292.3701563,,,tj-thermal,53.843
1780559292.4761767,VDD_IN,6741.504,,
1780559292.4761767,VDD_CPU_GPU_CV,2046.72,,
1780559292.4761767,VDD_SOC,1774.08,,
1780559292.4761767,,,cpu-thermal,53.718
1780559292.4761767,,,gpu-thermal,53.75
1780559292.4761767,,,soc0-thermal,51.937
1780559292.4761767,,,soc1-thermal,51.375
1780559292.4761767,,,soc2-thermal,51.531
1780559292.4761767,,,tj-thermal,54.031
1780559292.5830197,VDD_IN,6673.472,,
1780559292.5830197,VDD_CPU_GPU_CV,2050.048,,
1780559292.5830197,VDD_SOC,1774.08,,
1780559292.5830197,,,cpu-thermal,53.312
1780559292.5830197,,,gpu-thermal,53.687
1780559292.5830197,,,soc0-thermal,51.906
1780559292.5830197,,,soc1-thermal,51.281
1780559292.5830197,,,soc2-thermal,51.531
1780559292.5830197,,,tj-thermal,53.906
1780559292.6896048,VDD_IN,6633.984,,
1780559292.6896048,VDD_CPU_GPU_CV,2010.624,,
1780559292.6896048,VDD_SOC,1734.656,,
1780559292.6896048,,,cpu-thermal,53.5
1780559292.6896048,,,gpu-thermal,54.125
1780559292.6896048,,,soc0-thermal,51.906
1780559292.6896048,,,soc1-thermal,51.343
1780559292.6896048,,,soc2-thermal,51.687
1780559292.6896048,,,tj-thermal,54.125
1780559292.7955716,VDD_IN,6594.496,,
1780559292.7955716,VDD_CPU_GPU_CV,2010.624,,
1780559292.7955716,VDD_SOC,1734.656,,
1780559292.7955716,,,cpu-thermal,53.656
1780559292.7955716,,,gpu-thermal,54.0
1780559292.7955716,,,soc0-thermal,51.937
1780559292.7955716,,,soc1-thermal,51.343
1780559292.7955716,,,soc2-thermal,51.625
1780559292.7955716,,,tj-thermal,54.0
1780559292.9016929,VDD_IN,6594.496,,
1780559292.9016929,VDD_CPU_GPU_CV,1971.2,,
1780559292.9016929,VDD_SOC,1734.656,,
1780559292.9016929,,,cpu-thermal,53.406
1780559292.9016929,,,gpu-thermal,53.843
1780559292.9016929,,,soc0-thermal,52.093
1780559292.9016929,,,soc1-thermal,51.281
1780559292.9016929,,,soc2-thermal,51.562
1780559292.9016929,,,tj-thermal,53.843
1780559293.007932,VDD_IN,6555.008,,
1780559293.007932,VDD_CPU_GPU_CV,1971.2,,
1780559293.007932,VDD_SOC,1737.472,,
1780559293.007932,,,cpu-thermal,53.406
1780559293.007932,,,gpu-thermal,53.843
1780559293.007932,,,soc0-thermal,51.937
1780559293.007932,,,soc1-thermal,51.312
1780559293.007932,,,soc2-thermal,51.593
1780559293.007932,,,tj-thermal,53.843
1780559293.1140985,VDD_IN,6555.008,,
1780559293.1140985,VDD_CPU_GPU_CV,1971.2,,
1780559293.1140985,VDD_SOC,1737.472,,
1780559293.1140985,,,cpu-thermal,53.437
1780559293.1140985,,,gpu-thermal,53.843
1780559293.1140985,,,soc0-thermal,51.937
1780559293.1140985,,,soc1-thermal,51.468
1780559293.1140985,,,soc2-thermal,51.718
1780559293.1140985,,,tj-thermal,53.843
1780559293.2206447,VDD_IN,6515.52,,
1780559293.2206447,VDD_CPU_GPU_CV,1931.776,,
1780559293.2206447,VDD_SOC,1737.472,,
1780559293.2206447,,,cpu-thermal,53.343
1780559293.2206447,,,gpu-thermal,53.75
1780559293.2206447,,,soc0-thermal,52.062
1780559293.2206447,,,soc1-thermal,51.312
1780559293.2206447,,,soc2-thermal,51.625
1780559293.2206447,,,tj-thermal,53.75
1780559293.3267236,VDD_IN,6633.984,,
1780559293.3267236,VDD_CPU_GPU_CV,2010.624,,
1780559293.3267236,VDD_SOC,1737.472,,
1780559293.3267236,,,cpu-thermal,53.343
1780559293.3267236,,,gpu-thermal,54.093
1780559293.3267236,,,soc0-thermal,51.875
1780559293.3267236,,,soc1-thermal,51.375
1780559293.3267236,,,soc2-thermal,51.593
1780559293.3267236,,,tj-thermal,54.093
1780559293.432664,VDD_IN,6741.504,,
1780559293.432664,VDD_CPU_GPU_CV,2046.72,,
1780559293.432664,VDD_SOC,1774.08,,
1780559293.432664,,,cpu-thermal,53.687
1780559293.432664,,,gpu-thermal,53.968
1780559293.432664,,,soc0-thermal,52.031
1780559293.432664,,,soc1-thermal,51.406
1780559293.432664,,,soc2-thermal,51.687
1780559293.432664,,,tj-thermal,53.968
1780559293.5390062,VDD_IN,6702.08,,
1780559293.5390062,VDD_CPU_GPU_CV,2046.72,,
1780559293.5390062,VDD_SOC,1774.08,,
1780559293.5390062,,,cpu-thermal,53.375
1780559293.5390062,,,gpu-thermal,53.875
1780559293.5390062,,,soc0-thermal,52.125
1780559293.5390062,,,soc1-thermal,51.656
1780559293.5390062,,,soc2-thermal,51.718
1780559293.5390062,,,tj-thermal,53.875
1780559293.6455083,VDD_IN,6673.472,,
1780559293.6455083,VDD_CPU_GPU_CV,2007.36,,
1780559293.6455083,VDD_SOC,1774.08,,
1780559293.6455083,,,cpu-thermal,53.406
1780559293.6455083,,,gpu-thermal,53.781
1780559293.6455083,,,soc0-thermal,52.156
1780559293.6455083,,,soc1-thermal,51.437
1780559293.6455083,,,soc2-thermal,51.687
1780559293.6455083,,,tj-thermal,53.781
1780559293.7515771,VDD_IN,6633.984,,
1780559293.7515771,VDD_CPU_GPU_CV,2010.624,,
1780559293.7515771,VDD_SOC,1734.656,,
1780559293.7515771,,,cpu-thermal,53.593
1780559293.7515771,,,gpu-thermal,53.75
1780559293.7515771,,,soc0-thermal,52.031
1780559293.7515771,,,soc1-thermal,51.437
1780559293.7515771,,,soc2-thermal,51.75
1780559293.7515771,,,tj-thermal,53.75
1780559293.85772,VDD_IN,6594.496,,
1780559293.85772,VDD_CPU_GPU_CV,1971.2,,
1780559293.85772,VDD_SOC,1734.656,,
1780559293.85772,,,cpu-thermal,53.781
1780559293.85772,,,gpu-thermal,54.187
1780559293.85772,,,soc0-thermal,52.062
1780559293.85772,,,soc1-thermal,51.531
1780559293.85772,,,soc2-thermal,51.656
1780559293.85772,,,tj-thermal,54.187
1780559293.963893,VDD_IN,6594.496,,
1780559293.963893,VDD_CPU_GPU_CV,1971.2,,
1780559293.963893,VDD_SOC,1737.472,,
1780559293.963893,,,cpu-thermal,53.562
1780559293.963893,,,gpu-thermal,54.031
1780559293.963893,,,soc0-thermal,52.187
1780559293.963893,,,soc1-thermal,51.312
1780559293.963893,,,soc2-thermal,51.687
1780559293.963893,,,tj-thermal,54.031
1780559294.0702546,VDD_IN,6594.496,,
1780559294.0702546,VDD_CPU_GPU_CV,1971.2,,
1780559294.0702546,VDD_SOC,1737.472,,
1780559294.0702546,,,cpu-thermal,53.5
1780559294.0702546,,,gpu-thermal,53.781
1780559294.0702546,,,soc0-thermal,52.062
1780559294.0702546,,,soc1-thermal,51.5
1780559294.0702546,,,soc2-thermal,51.718
1780559294.0702546,,,tj-thermal,53.906
1780559294.176215,VDD_IN,6555.008,,
1780559294.176215,VDD_CPU_GPU_CV,1971.2,,
1780559294.176215,VDD_SOC,1737.472,,
1780559294.176215,,,cpu-thermal,53.593
1780559294.176215,,,gpu-thermal,54.125
1780559294.176215,,,soc0-thermal,52.0
1780559294.176215,,,soc1-thermal,51.531
1780559294.176215,,,soc2-thermal,51.687
1780559294.176215,,,tj-thermal,53.875
1780559294.2822847,VDD_IN,6633.984,,
1780559294.2822847,VDD_CPU_GPU_CV,1971.2,,
1780559294.2822847,VDD_SOC,1734.656,,
1780559294.2822847,,,cpu-thermal,53.406
1780559294.2822847,,,gpu-thermal,54.093
1780559294.2822847,,,soc0-thermal,52.187
1780559294.2822847,,,soc1-thermal,51.406
1780559294.2822847,,,soc2-thermal,51.625
1780559294.2822847,,,tj-thermal,53.843
1780559294.3884883,VDD_IN,6702.08,,
1780559294.3884883,VDD_CPU_GPU_CV,2046.72,,
1780559294.3884883,VDD_SOC,1774.08,,
1780559294.3884883,,,cpu-thermal,53.5
1780559294.3884883,,,gpu-thermal,54.0
1780559294.3884883,,,soc0-thermal,51.968
1780559294.3884883,,,soc1-thermal,51.468
1780559294.3884883,,,soc2-thermal,51.625
1780559294.3884883,,,tj-thermal,54.312
1780559294.4945219,VDD_IN,6741.504,,
1780559294.4945219,VDD_CPU_GPU_CV,2086.08,,
1780559294.4945219,VDD_SOC,1774.08,,
1780559294.4945219,,,cpu-thermal,53.468
1780559294.4945219,,,gpu-thermal,53.937
1780559294.4945219,,,soc0-thermal,52.125
1780559294.4945219,,,soc1-thermal,51.5
1780559294.4945219,,,soc2-thermal,51.875
1780559294.4945219,,,tj-thermal,54.125
1780559294.601117,VDD_IN,6702.08,,
1780559294.601117,VDD_CPU_GPU_CV,2046.72,,
1780559294.601117,VDD_SOC,1774.08,,
1780559294.601117,,,cpu-thermal,53.687
1780559294.601117,,,gpu-thermal,53.843
1780559294.601117,,,soc0-thermal,52.187
1780559294.601117,,,soc1-thermal,51.406
1780559294.601117,,,soc2-thermal,51.75
1780559294.601117,,,tj-thermal,54.031
1780559294.7080593,VDD_IN,6662.656,,
1780559294.7080593,VDD_CPU_GPU_CV,2007.36,,
1780559294.7080593,VDD_SOC,1734.656,,
1780559294.7080593,,,cpu-thermal,53.437
1780559294.7080593,,,gpu-thermal,54.187
1780559294.7080593,,,soc0-thermal,52.093
1780559294.7080593,,,soc1-thermal,51.406
1780559294.7080593,,,soc2-thermal,51.781
1780559294.7080593,,,tj-thermal,53.968
1780559294.814306,VDD_IN,6633.984,,
1780559294.814306,VDD_CPU_GPU_CV,2010.624,,
1780559294.814306,VDD_SOC,1734.656,,
1780559294.814306,,,cpu-thermal,53.812
1780559294.814306,,,gpu-thermal,54.156
1780559294.814306,,,soc0-thermal,52.093
1780559294.814306,,,soc1-thermal,51.468
1780559294.814306,,,soc2-thermal,51.843
1780559294.814306,,,tj-thermal,53.843
1780559294.9208543,VDD_IN,6633.984,,
1780559294.9208543,VDD_CPU_GPU_CV,2010.624,,
1780559294.9208543,VDD_SOC,1734.656,,
1780559294.9208543,,,cpu-thermal,54.062
1780559294.9208543,,,gpu-thermal,54.062
1780559294.9208543,,,soc0-thermal,52.125
1780559294.9208543,,,soc1-thermal,51.437
1780559294.9208543,,,soc2-thermal,51.75
1780559294.9208543,,,tj-thermal,53.875
1780559295.0271523,VDD_IN,6594.496,,
1780559295.0271523,VDD_CPU_GPU_CV,2010.624,,
1780559295.0271523,VDD_SOC,1734.656,,
1780559295.0271523,,,cpu-thermal,53.625
1780559295.0271523,,,gpu-thermal,53.968
1780559295.0271523,,,soc0-thermal,51.968
1780559295.0271523,,,soc1-thermal,51.468
1780559295.0271523,,,soc2-thermal,51.812
1780559295.0271523,,,tj-thermal,54.125
1780559295.133489,VDD_IN,6594.496,,
1780559295.133489,VDD_CPU_GPU_CV,1971.2,,
1780559295.133489,VDD_SOC,1734.656,,
1780559295.133489,,,cpu-thermal,53.656
1780559295.133489,,,gpu-thermal,53.906
1780559295.133489,,,soc0-thermal,52.187
1780559295.133489,,,soc1-thermal,51.562
1780559295.133489,,,soc2-thermal,51.781
1780559295.133489,,,tj-thermal,54.125
1780559295.2402363,VDD_IN,6594.496,,
1780559295.2402363,VDD_CPU_GPU_CV,1971.2,,
1780559295.2402363,VDD_SOC,1734.656,,
1780559295.2402363,,,cpu-thermal,53.531
1780559295.2402363,,,gpu-thermal,53.812
1780559295.2402363,,,soc0-thermal,52.218
1780559295.2402363,,,soc1-thermal,51.718
1780559295.2402363,,,soc2-thermal,51.75
1780559295.2402363,,,tj-thermal,54.0
1780559295.3463988,VDD_IN,6662.656,,
1780559295.3463988,VDD_CPU_GPU_CV,2007.36,,
1780559295.3463988,VDD_SOC,1734.656,,
1780559295.3463988,,,cpu-thermal,53.531
1780559295.3463988,,,gpu-thermal,54.218
1780559295.3463988,,,soc0-thermal,52.093
1780559295.3463988,,,soc1-thermal,51.531
1780559295.3463988,,,soc2-thermal,51.75
1780559295.3463988,,,tj-thermal,53.968
1780559295.4525082,VDD_IN,6741.504,,
1780559295.4525082,VDD_CPU_GPU_CV,2086.08,,
1780559295.4525082,VDD_SOC,1774.08,,
1780559295.4525082,,,cpu-thermal,53.593
1780559295.4525082,,,gpu-thermal,54.125
1780559295.4525082,,,soc0-thermal,52.218
1780559295.4525082,,,soc1-thermal,51.593
1780559295.4525082,,,soc2-thermal,51.843
1780559295.4525082,,,tj-thermal,54.125
1780559295.5585866,VDD_IN,6702.08,,
1780559295.5585866,VDD_CPU_GPU_CV,2046.72,,
1780559295.5585866,VDD_SOC,1774.08,,
1780559295.5585866,,,cpu-thermal,53.75
1780559295.5585866,,,gpu-thermal,54.031
1780559295.5585866,,,soc0-thermal,52.281
1780559295.5585866,,,soc1-thermal,51.687
1780559295.5585866,,,soc2-thermal,51.781
1780559295.5585866,,,tj-thermal,54.281
1780559295.665546,VDD_IN,6673.472,,
1780559295.665546,VDD_CPU_GPU_CV,2010.624,,
1780559295.665546,VDD_SOC,1734.656,,
1780559295.665546,,,cpu-thermal,53.5
1780559295.665546,,,gpu-thermal,54.062
1780559295.665546,,,soc0-thermal,52.156
1780559295.665546,,,soc1-thermal,51.593
1780559295.665546,,,soc2-thermal,51.781
1780559295.665546,,,tj-thermal,54.187
1780559295.7719233,VDD_IN,6633.984,,
1780559295.7719233,VDD_CPU_GPU_CV,2010.624,,
1780559295.7719233,VDD_SOC,1734.656,,
1780559295.7719233,,,cpu-thermal,53.843
1780559295.7719233,,,gpu-thermal,53.906
1780559295.7719233,,,soc0-thermal,52.156
1780559295.7719233,,,soc1-thermal,51.656
1780559295.7719233,,,soc2-thermal,51.937
1780559295.7719233,,,tj-thermal,54.125
1780559295.8783572,VDD_IN,6594.496,,
1780559295.8783572,VDD_CPU_GPU_CV,1971.2,,
1780559295.8783572,VDD_SOC,1737.472,,
1780559295.8783572,,,cpu-thermal,53.937
1780559295.8783572,,,gpu-thermal,54.281
1780559295.8783572,,,soc0-thermal,52.25
1780559295.8783572,,,soc1-thermal,51.687
1780559295.8783572,,,soc2-thermal,51.843
1780559295.8783572,,,tj-thermal,53.937
1780559295.9846392,VDD_IN,6594.496,,
1780559295.9846392,VDD_CPU_GPU_CV,1971.2,,
1780559295.9846392,VDD_SOC,1737.472,,
1780559295.9846392,,,cpu-thermal,53.718
1780559295.9846392,,,gpu-thermal,54.156
1780559295.9846392,,,soc0-thermal,52.156
1780559295.9846392,,,soc1-thermal,51.562
1780559295.9846392,,,soc2-thermal,51.812
1780559295.9846392,,,tj-thermal,54.0
1780559296.090952,VDD_IN,6594.496,,
1780559296.090952,VDD_CPU_GPU_CV,1971.2,,
1780559296.090952,VDD_SOC,1737.472,,
1780559296.090952,,,cpu-thermal,53.75
1780559296.090952,,,gpu-thermal,54.062
1780559296.090952,,,soc0-thermal,52.093
1780559296.090952,,,soc1-thermal,51.562
1780559296.090952,,,soc2-thermal,51.906
1780559296.090952,,,tj-thermal,54.468
1780559296.1977365,VDD_IN,6594.496,,
1780559296.1977365,VDD_CPU_GPU_CV,1971.2,,
1780559296.1977365,VDD_SOC,1737.472,,
1780559296.1977365,,,cpu-thermal,53.875
1780559296.1977365,,,gpu-thermal,54.0
1780559296.1977365,,,soc0-thermal,52.25
1780559296.1977365,,,soc1-thermal,51.812
1780559296.1977365,,,soc2-thermal,51.843
1780559296.1977365,,,tj-thermal,54.25
1780559296.3046935,VDD_IN,6633.984,,
1780559296.3046935,VDD_CPU_GPU_CV,2010.624,,
1780559296.3046935,VDD_SOC,1734.656,,
1780559296.3046935,,,cpu-thermal,53.625
1780559296.3046935,,,gpu-thermal,54.187
1780559296.3046935,,,soc0-thermal,52.375
1780559296.3046935,,,soc1-thermal,51.593
1780559296.3046935,,,soc2-thermal,51.843
1780559296.3046935,,,tj-thermal,54.187
1780559296.4117854,VDD_IN,6741.504,,
1780559296.4117854,VDD_CPU_GPU_CV,2086.08,,
1780559296.4117854,VDD_SOC,1774.08,,
1780559296.4117854,,,cpu-thermal,53.625
1780559296.4117854,,,gpu-thermal,54.218
1780559296.4117854,,,soc0-thermal,52.218
1780559296.4117854,,,soc1-thermal,51.562
1780559296.4117854,,,soc2-thermal,51.812
1780559296.4117854,,,tj-thermal,54.218
1780559296.5178149,VDD_IN,6741.504,,
1780559296.5178149,VDD_CPU_GPU_CV,2046.72,,
1780559296.5178149,VDD_SOC,1774.08,,
1780559296.5178149,,,cpu-thermal,53.718
1780559296.5178149,,,gpu-thermal,54.062
1780559296.5178149,,,soc0-thermal,52.281
1780559296.5178149,,,soc1-thermal,51.718
1780559296.5178149,,,soc2-thermal,51.812
1780559296.5178149,,,tj-thermal,54.062
1780559296.624198,VDD_IN,6662.656,,
1780559296.624198,VDD_CPU_GPU_CV,2046.72,,
1780559296.624198,VDD_SOC,1774.08,,
1780559296.624198,,,cpu-thermal,53.531
1780559296.624198,,,gpu-thermal,54.156
1780559296.624198,,,soc0-thermal,52.468
1780559296.624198,,,soc1-thermal,51.593
1780559296.624198,,,soc2-thermal,51.906
1780559296.624198,,,tj-thermal,54.031
1780559296.7301972,VDD_IN,6673.472,,
1780559296.7301972,VDD_CPU_GPU_CV,2010.624,,
1780559296.7301972,VDD_SOC,1734.656,,
1780559296.7301972,,,cpu-thermal,53.906
1780559296.7301972,,,gpu-thermal,54.156
1780559296.7301972,,,soc0-thermal,52.25
1780559296.7301972,,,soc1-thermal,51.656
1780559296.7301972,,,soc2-thermal,51.937
1780559296.7301972,,,tj-thermal,54.406
1780559296.8363612,VDD_IN,6633.984,,
1780559296.8363612,VDD_CPU_GPU_CV,2010.624,,
1780559296.8363612,VDD_SOC,1734.656,,
1780559296.8363612,,,cpu-thermal,53.968
1780559296.8363612,,,gpu-thermal,53.968
1780559296.8363612,,,soc0-thermal,52.281
1780559296.8363612,,,soc1-thermal,51.781
1780559296.8363612,,,soc2-thermal,51.875
1780559296.8363612,,,tj-thermal,54.281
1780559296.9423625,VDD_IN,6633.984,,
1780559296.9423625,VDD_CPU_GPU_CV,2010.624,,
1780559296.9423625,VDD_SOC,1734.656,,
1780559296.9423625,,,cpu-thermal,53.625
1780559296.9423625,,,gpu-thermal,54.031
1780559296.9423625,,,soc0-thermal,52.343
1780559296.9423625,,,soc1-thermal,51.656
1780559296.9423625,,,soc2-thermal,51.937
1780559296.9423625,,,tj-thermal,54.031
1780559297.048425,VDD_IN,6633.984,,
1780559297.048425,VDD_CPU_GPU_CV,2010.624,,
1780559297.048425,VDD_SOC,1734.656,,
1780559297.048425,,,cpu-thermal,53.843
1780559297.048425,,,gpu-thermal,54.343
1780559297.048425,,,soc0-thermal,52.187
1780559297.048425,,,soc1-thermal,51.687
1780559297.048425,,,soc2-thermal,51.968
1780559297.048425,,,tj-thermal,54.125
1780559297.155041,VDD_IN,6633.984,,
1780559297.155041,VDD_CPU_GPU_CV,2010.624,,
1780559297.155041,VDD_SOC,1734.656,,
1780559297.155041,,,cpu-thermal,53.968
1780559297.155041,,,gpu-thermal,54.312
1780559297.155041,,,soc0-thermal,52.281
1780559297.155041,,,soc1-thermal,51.687
1780559297.155041,,,soc2-thermal,52.031
1780559297.155041,,,tj-thermal,54.312
1780559297.2610507,VDD_IN,6633.984,,
1780559297.2610507,VDD_CPU_GPU_CV,2010.624,,
1780559297.2610507,VDD_SOC,1734.656,,
1780559297.2610507,,,cpu-thermal,53.687
1780559297.2610507,,,gpu-thermal,54.187
1780559297.2610507,,,soc0-thermal,52.406
1780559297.2610507,,,soc1-thermal,51.968
1780559297.2610507,,,soc2-thermal,51.906
1780559297.2610507,,,tj-thermal,54.187
1780559297.367138,VDD_IN,6741.504,,
1780559297.367138,VDD_CPU_GPU_CV,2086.08,,
1780559297.367138,VDD_SOC,1774.08,,
1780559297.367138,,,cpu-thermal,53.812
1780559297.367138,,,gpu-thermal,54.125
1780559297.367138,,,soc0-thermal,52.281
1780559297.367138,,,soc1-thermal,51.656
1780559297.367138,,,soc2-thermal,52.0
1780559297.367138,,,tj-thermal,54.125
1780559297.473712,VDD_IN,6820.352,,
1780559297.473712,VDD_CPU_GPU_CV,2086.08,,
1780559297.473712,VDD_SOC,1774.08,,
1780559297.473712,,,cpu-thermal,53.906
1780559297.473712,,,gpu-thermal,54.156
1780559297.473712,,,soc0-thermal,52.25
1780559297.473712,,,soc1-thermal,51.781
1780559297.473712,,,soc2-thermal,52.031
1780559297.473712,,,tj-thermal,54.156
1780559297.5798564,VDD_IN,6741.504,,
1780559297.5798564,VDD_CPU_GPU_CV,2086.08,,
1780559297.5798564,VDD_SOC,1774.08,,
1780559297.5798564,,,cpu-thermal,53.75
1780559297.5798564,,,gpu-thermal,54.5
1780559297.5798564,,,soc0-thermal,52.375
1780559297.5798564,,,soc1-thermal,51.812
1780559297.5798564,,,soc2-thermal,52.0
1780559297.5798564,,,tj-thermal,54.5
1780559297.6861844,VDD_IN,6702.08,,
1780559297.6861844,VDD_CPU_GPU_CV,2046.72,,
1780559297.6861844,VDD_SOC,1774.08,,
1780559297.6861844,,,cpu-thermal,53.718
1780559297.6861844,,,gpu-thermal,54.25
1780559297.6861844,,,soc0-thermal,52.312
1780559297.6861844,,,soc1-thermal,51.75
1780559297.6861844,,,soc2-thermal,51.968
1780559297.6861844,,,tj-thermal,54.25
1780559297.7925086,VDD_IN,6633.984,,
1780559297.7925086,VDD_CPU_GPU_CV,2010.624,,
1780559297.7925086,VDD_SOC,1734.656,,
1780559297.7925086,,,cpu-thermal,54.0
1780559297.7925086,,,gpu-thermal,54.218
1780559297.7925086,,,soc0-thermal,52.312
1780559297.7925086,,,soc1-thermal,51.75
1780559297.7925086,,,soc2-thermal,52.125
1780559297.7925086,,,tj-thermal,54.218
1780559297.8984902,VDD_IN,6594.496,,
1780559297.8984902,VDD_CPU_GPU_CV,1971.2,,
1780559297.8984902,VDD_SOC,1737.472,,
1780559297.8984902,,,cpu-thermal,53.718
1780559297.8984902,,,gpu-thermal,54.125
1780559297.8984902,,,soc0-thermal,52.406
1780559297.8984902,,,soc1-thermal,51.906
1780559297.8984902,,,soc2-thermal,51.937
1780559297.8984902,,,tj-thermal,54.125
1780559298.004958,VDD_IN,6555.008,,
1780559298.004958,VDD_CPU_GPU_CV,1971.2,,
1780559298.004958,VDD_SOC,1737.472,,
1780559298.004958,,,cpu-thermal,53.656
1780559298.004958,,,gpu-thermal,54.125
1780559298.004958,,,soc0-thermal,52.437
1780559298.004958,,,soc1-thermal,51.687
1780559298.004958,,,soc2-thermal,52.031
1780559298.004958,,,tj-thermal,54.125
1780559298.1109333,VDD_IN,6555.008,,
1780559298.1109333,VDD_CPU_GPU_CV,1931.776,,
1780559298.1109333,VDD_SOC,1737.472,,
1780559298.1109333,,,cpu-thermal,53.937
1780559298.1109333,,,gpu-thermal,54.562
1780559298.1109333,,,soc0-thermal,52.375
1780559298.1109333,,,soc1-thermal,51.781
1780559298.1109333,,,soc2-thermal,52.062
1780559298.1109333,,,tj-thermal,54.562
1780559298.2169893,VDD_IN,6555.008,,
1780559298.2169893,VDD_CPU_GPU_CV,1931.776,,
1780559298.2169893,VDD_SOC,1737.472,,
1780559298.2169893,,,cpu-thermal,54.0
1780559298.2169893,,,gpu-thermal,54.437
1780559298.2169893,,,soc0-thermal,52.406
1780559298.2169893,,,soc1-thermal,51.812
1780559298.2169893,,,soc2-thermal,51.937
1780559298.2169893,,,tj-thermal,54.437
1780559298.3234594,VDD_IN,6633.984,,
1780559298.3234594,VDD_CPU_GPU_CV,2010.624,,
1780559298.3234594,VDD_SOC,1734.656,,
1780559298.3234594,,,cpu-thermal,53.843
1780559298.3234594,,,gpu-thermal,54.343
1780559298.3234594,,,soc0-thermal,52.468
1780559298.3234594,,,soc1-thermal,51.687
1780559298.3234594,,,soc2-thermal,52.0
1780559298.3234594,,,tj-thermal,54.343
1780559298.4294994,VDD_IN,6702.08,,
1780559298.4294994,VDD_CPU_GPU_CV,2046.72,,
1780559298.4294994,VDD_SOC,1774.08,,
1780559298.4294994,,,cpu-thermal,53.781
1780559298.4294994,,,gpu-thermal,54.218
1780559298.4294994,,,soc0-thermal,52.281
1780559298.4294994,,,soc1-thermal,51.843
1780559298.4294994,,,soc2-thermal,52.0
1780559298.4294994,,,tj-thermal,54.218
1780559298.5363612,VDD_IN,6741.504,,
1780559298.5363612,VDD_CPU_GPU_CV,2046.72,,
1780559298.5363612,VDD_SOC,1774.08,,
1780559298.5363612,,,cpu-thermal,53.937
1780559298.5363612,,,gpu-thermal,54.25
1780559298.5363612,,,soc0-thermal,52.437
1780559298.5363612,,,soc1-thermal,51.875
1780559298.5363612,,,soc2-thermal,51.968
1780559298.5363612,,,tj-thermal,54.25
1780559298.64239,VDD_IN,6662.656,,
1780559298.64239,VDD_CPU_GPU_CV,2007.36,,
1780559298.64239,VDD_SOC,1774.08,,
1780559298.64239,,,cpu-thermal,53.781
1780559298.64239,,,gpu-thermal,54.156
1780559298.64239,,,soc0-thermal,52.562
1780559298.64239,,,soc1-thermal,51.687
1780559298.64239,,,soc2-thermal,52.093
1780559298.64239,,,tj-thermal,54.156
1780559298.748536,VDD_IN,6673.472,,
1780559298.748536,VDD_CPU_GPU_CV,2007.36,,
1780559298.748536,VDD_SOC,1734.656,,
1780559298.748536,,,cpu-thermal,53.843
1780559298.748536,,,gpu-thermal,54.562
1780559298.748536,,,soc0-thermal,52.375
1780559298.748536,,,soc1-thermal,51.875
1780559298.748536,,,soc2-thermal,52.093
1780559298.748536,,,tj-thermal,54.562
1780559298.855167,VDD_IN,6633.984,,
1780559298.855167,VDD_CPU_GPU_CV,2007.36,,
1780559298.855167,VDD_SOC,1734.656,,
1780559298.855167,,,cpu-thermal,54.25
1780559298.855167,,,gpu-thermal,54.406
1780559298.855167,,,soc0-thermal,52.406
1780559298.855167,,,soc1-thermal,51.906
1780559298.855167,,,soc2-thermal,52.156
1780559298.855167,,,tj-thermal,54.406
1780559298.9616585,VDD_IN,6594.496,,
1780559298.9616585,VDD_CPU_GPU_CV,1971.2,,
1780559298.9616585,VDD_SOC,1734.656,,
1780559298.9616585,,,cpu-thermal,53.843
1780559298.9616585,,,gpu-thermal,54.25
1780559298.9616585,,,soc0-thermal,52.531
1780559298.9616585,,,soc1-thermal,51.75
1780559298.9616585,,,soc2-thermal,52.062
1780559298.9616585,,,tj-thermal,54.25
1780559299.0678377,VDD_IN,6555.008,,
1780559299.0678377,VDD_CPU_GPU_CV,1971.2,,
1780559299.0678377,VDD_SOC,1737.472,,
1780559299.0678377,,,cpu-thermal,53.937
1780559299.0678377,,,gpu-thermal,54.218
1780559299.0678377,,,soc0-thermal,52.375
1780559299.0678377,,,soc1-thermal,51.843
1780559299.0678377,,,soc2-thermal,52.156
1780559299.0678377,,,tj-thermal,54.218
1780559299.17428,VDD_IN,6555.008,,
1780559299.17428,VDD_CPU_GPU_CV,1971.2,,
1780559299.17428,VDD_SOC,1737.472,,
1780559299.17428,,,cpu-thermal,54.031
1780559299.17428,,,gpu-thermal,54.312
1780559299.17428,,,soc0-thermal,52.343
1780559299.17428,,,soc1-thermal,51.968
1780559299.17428,,,soc2-thermal,52.125
1780559299.17428,,,tj-thermal,54.156
1780559299.2804947,VDD_IN,6594.496,,
1780559299.2804947,VDD_CPU_GPU_CV,1971.2,,
1780559299.2804947,VDD_SOC,1737.472,,
1780559299.2804947,,,cpu-thermal,54.218
1780559299.2804947,,,gpu-thermal,54.281
1780559299.2804947,,,soc0-thermal,52.468
1780559299.2804947,,,soc1-thermal,51.812
1780559299.2804947,,,soc2-thermal,52.156
1780559299.2804947,,,tj-thermal,54.562
1780559299.3866825,VDD_IN,6712.96,,
1780559299.3866825,VDD_CPU_GPU_CV,2046.72,,
1780559299.3866825,VDD_SOC,1774.08,,
1780559299.3866825,,,cpu-thermal,53.843
1780559299.3866825,,,gpu-thermal,54.281
1780559299.3866825,,,soc0-thermal,52.625
1780559299.3866825,,,soc1-thermal,51.812
1780559299.3866825,,,soc2-thermal,52.031
1780559299.3866825,,,tj-thermal,54.5
1780559299.4926643,VDD_IN,6741.504,,
1780559299.4926643,VDD_CPU_GPU_CV,2086.08,,
1780559299.4926643,VDD_SOC,1774.08,,
1780559299.4926643,,,cpu-thermal,54.031
1780559299.4926643,,,gpu-thermal,54.218
1780559299.4926643,,,soc0-thermal,52.406
1780559299.4926643,,,soc1-thermal,51.875
1780559299.4926643,,,soc2-thermal,52.187
1780559299.4926643,,,tj-thermal,54.468
1780559299.5986154,VDD_IN,6741.504,,
1780559299.5986154,VDD_CPU_GPU_CV,2046.72,,
1780559299.5986154,VDD_SOC,1774.08,,
1780559299.5986154,,,cpu-thermal,53.937
1780559299.5986154,,,gpu-thermal,54.593
1780559299.5986154,,,soc0-thermal,52.562
1780559299.5986154,,,soc1-thermal,52.031
1780559299.5986154,,,soc2-thermal,52.187
1780559299.5986154,,,tj-thermal,54.312
1780559299.7053773,VDD_IN,6741.504,,
1780559299.7053773,VDD_CPU_GPU_CV,2046.72,,
1780559299.7053773,VDD_SOC,1774.08,,
1780559299.7053773,,,cpu-thermal,53.968
1780559299.7053773,,,gpu-thermal,54.531
1780559299.7053773,,,soc0-thermal,52.718
1780559299.7053773,,,soc1-thermal,51.812
1780559299.7053773,,,soc2-thermal,52.125
1780559299.7053773,,,tj-thermal,54.25
1780559299.8121943,VDD_IN,6702.08,,
1780559299.8121943,VDD_CPU_GPU_CV,2046.72,,
1780559299.8121943,VDD_SOC,1774.08,,
1780559299.8121943,,,cpu-thermal,53.937
1780559299.8121943,,,gpu-thermal,54.406
1780559299.8121943,,,soc0-thermal,52.468
1780559299.8121943,,,soc1-thermal,51.906
1780559299.8121943,,,soc2-thermal,52.156
1780559299.8121943,,,tj-thermal,54.312
1780559299.918557,VDD_IN,6702.08,,
1780559299.918557,VDD_CPU_GPU_CV,2046.72,,
1780559299.918557,VDD_SOC,1731.84,,
1780559299.918557,,,cpu-thermal,53.937
1780559299.918557,,,gpu-thermal,54.343
1780559299.918557,,,soc0-thermal,52.5
1780559299.918557,,,soc1-thermal,52.031
1780559299.918557,,,soc2-thermal,52.187
1780559299.918557,,,tj-thermal,54.531
1780559300.025103,VDD_IN,6702.08,,
1780559300.025103,VDD_CPU_GPU_CV,2046.72,,
1780559300.025103,VDD_SOC,1731.84,,
1780559300.025103,,,cpu-thermal,53.906
1780559300.025103,,,gpu-thermal,54.25
1780559300.025103,,,soc0-thermal,52.593
1780559300.025103,,,soc1-thermal,51.937
1780559300.025103,,,soc2-thermal,52.218
1780559300.025103,,,tj-thermal,54.468
1780559300.1312158,VDD_IN,6702.08,,
1780559300.1312158,VDD_CPU_GPU_CV,2046.72,,
1780559300.1312158,VDD_SOC,1731.84,,
1780559300.1312158,,,cpu-thermal,54.125
1780559300.1312158,,,gpu-thermal,54.843
1780559300.1312158,,,soc0-thermal,52.5
1780559300.1312158,,,soc1-thermal,51.937
1780559300.1312158,,,soc2-thermal,52.156
1780559300.1312158,,,tj-thermal,54.343
1780559300.2378473,VDD_IN,6702.08,,
1780559300.2378473,VDD_CPU_GPU_CV,2043.392,,
1780559300.2378473,VDD_SOC,1731.84,,
1780559300.2378473,,,cpu-thermal,54.25
1780559300.2378473,,,gpu-thermal,54.593
1780559300.2378473,,,soc0-thermal,52.5
1780559300.2378473,,,soc1-thermal,52.062
1780559300.2378473,,,soc2-thermal,52.156
1780559300.2378473,,,tj-thermal,54.312
1780559300.3438692,VDD_IN,6741.504,,
1780559300.3438692,VDD_CPU_GPU_CV,2082.688,,
1780559300.3438692,VDD_SOC,1771.2,,
1780559300.3438692,,,cpu-thermal,54.031
1780559300.3438692,,,gpu-thermal,54.468
1780559300.3438692,,,soc0-thermal,52.625
1780559300.3438692,,,soc1-thermal,51.937
1780559300.3438692,,,soc2-thermal,52.125
1780559300.3438692,,,tj-thermal,54.25
1780559300.4499888,VDD_IN,6820.352,,
1780559300.4499888,VDD_CPU_GPU_CV,2121.984,,
1780559300.4499888,VDD_SOC,1771.2,,
1780559300.4499888,,,cpu-thermal,53.937
1780559300.4499888,,,gpu-thermal,54.437
1780559300.4499888,,,soc0-thermal,52.468
1780559300.4499888,,,soc1-thermal,51.937
1780559300.4499888,,,soc2-thermal,52.218
1780559300.4499888,,,tj-thermal,54.437
1780559300.5561202,VDD_IN,6780.928,,
1780559300.5561202,VDD_CPU_GPU_CV,2086.08,,
1780559300.5561202,VDD_SOC,1771.2,,
1780559300.5561202,,,cpu-thermal,54.125
1780559300.5561202,,,gpu-thermal,54.468
1780559300.5561202,,,soc0-thermal,52.562
1780559300.5561202,,,soc1-thermal,52.0
1780559300.5561202,,,soc2-thermal,52.187
1780559300.5561202,,,tj-thermal,54.468
1780559300.6621544,VDD_IN,6702.08,,
1780559300.6621544,VDD_CPU_GPU_CV,2046.72,,
1780559300.6621544,VDD_SOC,1774.08,,
1780559300.6621544,,,cpu-thermal,53.906
1780559300.6621544,,,gpu-thermal,54.375
1780559300.6621544,,,soc0-thermal,52.656
1780559300.6621544,,,soc1-thermal,51.875
1780559300.6621544,,,soc2-thermal,52.187
1780559300.6621544,,,tj-thermal,54.375
1780559300.7689114,VDD_IN,6662.656,,
1780559300.7689114,VDD_CPU_GPU_CV,2046.72,,
1780559300.7689114,VDD_SOC,1734.656,,
1780559300.7689114,,,cpu-thermal,53.906
1780559300.7689114,,,gpu-thermal,54.625
1780559300.7689114,,,soc0-thermal,52.437
1780559300.7689114,,,soc1-thermal,51.968
1780559300.7689114,,,soc2-thermal,52.281
1780559300.7689114,,,tj-thermal,54.625
1780559300.875339,VDD_IN,6623.232,,
1780559300.875339,VDD_CPU_GPU_CV,2007.36,,
1780559300.875339,VDD_SOC,1734.656,,
1780559300.875339,,,cpu-thermal,53.937
1780559300.875339,,,gpu-thermal,54.468
1780559300.875339,,,soc0-thermal,52.562
1780559300.875339,,,soc1-thermal,52.062
1780559300.875339,,,soc2-thermal,52.343
1780559300.875339,,,tj-thermal,54.468
1780559300.9812653,VDD_IN,6594.496,,
1780559300.9812653,VDD_CPU_GPU_CV,1968.0,,
1780559300.9812653,VDD_SOC,1734.656,,
1780559300.9812653,,,cpu-thermal,53.937
1780559300.9812653,,,gpu-thermal,54.375
1780559300.9812653,,,soc0-thermal,52.625
1780559300.9812653,,,soc1-thermal,52.062
1780559300.9812653,,,soc2-thermal,52.281
1780559300.9812653,,,tj-thermal,54.375
1780559301.0872686,VDD_IN,6555.008,,
1780559301.0872686,VDD_CPU_GPU_CV,1971.2,,
1780559301.0872686,VDD_SOC,1734.656,,
1780559301.0872686,,,cpu-thermal,53.937
1780559301.0872686,,,gpu-thermal,54.406
1780559301.0872686,,,soc0-thermal,52.437
1780559301.0872686,,,soc1-thermal,52.0
1780559301.0872686,,,soc2-thermal,52.25
1780559301.0872686,,,tj-thermal,54.406
1780559301.193201,VDD_IN,6555.008,,
1780559301.193201,VDD_CPU_GPU_CV,1931.776,,
1780559301.193201,VDD_SOC,1737.472,,
1780559301.193201,,,cpu-thermal,54.25
1780559301.193201,,,gpu-thermal,54.375
1780559301.193201,,,soc0-thermal,52.5
1780559301.193201,,,soc1-thermal,52.062
1780559301.193201,,,soc2-thermal,52.312
1780559301.193201,,,tj-thermal,54.375
1780559301.2997222,VDD_IN,6594.496,,
1780559301.2997222,VDD_CPU_GPU_CV,1971.2,,
1780559301.2997222,VDD_SOC,1734.656,,
1780559301.2997222,,,cpu-thermal,54.468
1780559301.2997222,,,gpu-thermal,54.718
1780559301.2997222,,,soc0-thermal,52.656
1780559301.2997222,,,soc1-thermal,52.156
1780559301.2997222,,,soc2-thermal,52.281
1780559301.2997222,,,tj-thermal,54.718
1780559301.4065523,VDD_IN,6662.656,,
1780559301.4065523,VDD_CPU_GPU_CV,2007.36,,
1780559301.4065523,VDD_SOC,1774.08,,
1780559301.4065523,,,cpu-thermal,54.125
1780559301.4065523,,,gpu-thermal,54.562
1780559301.4065523,,,soc0-thermal,52.593
1780559301.4065523,,,soc1-thermal,51.968
1780559301.4065523,,,soc2-thermal,52.218
1780559301.4065523,,,tj-thermal,54.562
1780559301.512709,VDD_IN,6702.08,,
1780559301.512709,VDD_CPU_GPU_CV,2046.72,,
1780559301.512709,VDD_SOC,1774.08,,
1780559301.512709,,,cpu-thermal,54.156
1780559301.512709,,,gpu-thermal,54.531
1780559301.512709,,,soc0-thermal,52.531
1780559301.512709,,,soc1-thermal,51.968
1780559301.512709,,,soc2-thermal,52.281
1780559301.512709,,,tj-thermal,54.531
1780559301.6186535,VDD_IN,6673.472,,
1780559301.6186535,VDD_CPU_GPU_CV,2046.72,,
1780559301.6186535,VDD_SOC,1774.08,,
1780559301.6186535,,,cpu-thermal,54.312
1780559301.6186535,,,gpu-thermal,54.406
1780559301.6186535,,,soc0-thermal,52.656
1780559301.6186535,,,soc1-thermal,52.187
1780559301.6186535,,,soc2-thermal,52.312
1780559301.6186535,,,tj-thermal,54.406
1780559301.7248073,VDD_IN,6673.472,,
1780559301.7248073,VDD_CPU_GPU_CV,2007.36,,
1780559301.7248073,VDD_SOC,1774.08,,
1780559301.7248073,,,cpu-thermal,54.031
1780559301.7248073,,,gpu-thermal,54.437
1780559301.7248073,,,soc0-thermal,52.562
1780559301.7248073,,,soc1-thermal,51.937
1780559301.7248073,,,soc2-thermal,52.312
1780559301.7248073,,,tj-thermal,54.437
1780559301.8309932,VDD_IN,6594.496,,
1780559301.8309932,VDD_CPU_GPU_CV,1971.2,,
1780559301.8309932,VDD_SOC,1734.656,,
1780559301.8309932,,,cpu-thermal,54.156
1780559301.8309932,,,gpu-thermal,54.406
1780559301.8309932,,,soc0-thermal,52.625
1780559301.8309932,,,soc1-thermal,52.031
1780559301.8309932,,,soc2-thermal,52.406
1780559301.8309932,,,tj-thermal,54.406
1780559301.9372733,VDD_IN,6594.496,,
1780559301.9372733,VDD_CPU_GPU_CV,1971.2,,
1780559301.9372733,VDD_SOC,1737.472,,
1780559301.9372733,,,cpu-thermal,54.125
1780559301.9372733,,,gpu-thermal,54.468
1780559301.9372733,,,soc0-thermal,52.625
1780559301.9372733,,,soc1-thermal,52.156
1780559301.9372733,,,soc2-thermal,52.312
1780559301.9372733,,,tj-thermal,54.718
1780559302.043325,VDD_IN,6555.008,,
1780559302.043325,VDD_CPU_GPU_CV,1931.776,,
1780559302.043325,VDD_SOC,1737.472,,
1780559302.043325,,,cpu-thermal,54.031
1780559302.043325,,,gpu-thermal,54.406
1780559302.043325,,,soc0-thermal,52.718
1780559302.043325,,,soc1-thermal,51.968
1780559302.043325,,,soc2-thermal,52.281
1780559302.043325,,,tj-thermal,54.625
1780559302.149538,VDD_IN,6515.52,,
1780559302.149538,VDD_CPU_GPU_CV,1931.776,,
1780559302.149538,VDD_SOC,1737.472,,
1780559302.149538,,,cpu-thermal,54.156
1780559302.149538,,,gpu-thermal,54.875
1780559302.149538,,,soc0-thermal,52.625
1780559302.149538,,,soc1-thermal,52.0
1780559302.149538,,,soc2-thermal,52.343
1780559302.149538,,,tj-thermal,54.562
1780559302.256093,VDD_IN,6555.008,,
1780559302.256093,VDD_CPU_GPU_CV,1931.776,,
1780559302.256093,VDD_SOC,1737.472,,
1780559302.256093,,,cpu-thermal,54.406
1780559302.256093,,,gpu-thermal,54.656
1780559302.256093,,,soc0-thermal,52.656
1780559302.256093,,,soc1-thermal,52.218
1780559302.256093,,,soc2-thermal,52.375
1780559302.256093,,,tj-thermal,54.5
1780559302.3622303,VDD_IN,6673.472,,
1780559302.3622303,VDD_CPU_GPU_CV,2010.624,,
1780559302.3622303,VDD_SOC,1734.656,,
1780559302.3622303,,,cpu-thermal,54.0
1780559302.3622303,,,gpu-thermal,54.625
1780559302.3622303,,,soc0-thermal,52.812
1780559302.3622303,,,soc1-thermal,51.968
1780559302.3622303,,,soc2-thermal,52.25
1780559302.3622303,,,tj-thermal,54.406
1780559302.468199,VDD_IN,6741.504,,
1780559302.468199,VDD_CPU_GPU_CV,2046.72,,
1780559302.468199,VDD_SOC,1774.08,,
1780559302.468199,,,cpu-thermal,54.218
1780559302.468199,,,gpu-thermal,54.562
1780559302.468199,,,soc0-thermal,52.625
1780559302.468199,,,soc1-thermal,52.062
1780559302.468199,,,soc2-thermal,52.343
1780559302.468199,,,tj-thermal,54.875
1780559302.5745482,VDD_IN,6673.472,,
1780559302.5745482,VDD_CPU_GPU_CV,2046.72,,
1780559302.5745482,VDD_SOC,1774.08,,
1780559302.5745482,,,cpu-thermal,54.312
1780559302.5745482,,,gpu-thermal,54.5
1780559302.5745482,,,soc0-thermal,52.687
1780559302.5745482,,,soc1-thermal,52.125
1780559302.5745482,,,soc2-thermal,52.437
1780559302.5745482,,,tj-thermal,54.625
1780559302.681444,VDD_IN,6633.984,,
1780559302.681444,VDD_CPU_GPU_CV,2010.624,,
1780559302.681444,VDD_SOC,1737.472,,
1780559302.681444,,,cpu-thermal,54.406
1780559302.681444,,,gpu-thermal,54.5
1780559302.681444,,,soc0-thermal,52.843
1780559302.681444,,,soc1-thermal,52.062
1780559302.681444,,,soc2-thermal,52.406
1780559302.681444,,,tj-thermal,54.625
1780559302.7879357,VDD_IN,6594.496,,
1780559302.7879357,VDD_CPU_GPU_CV,1971.2,,
1780559302.7879357,VDD_SOC,1737.472,,
1780559302.7879357,,,cpu-thermal,54.218
1780559302.7879357,,,gpu-thermal,54.781
1780559302.7879357,,,soc0-thermal,52.625
1780559302.7879357,,,soc1-thermal,52.125
1780559302.7879357,,,soc2-thermal,52.375
1780559302.7879357,,,tj-thermal,54.625
1780559302.894474,VDD_IN,6555.008,,
1780559302.894474,VDD_CPU_GPU_CV,1971.2,,
1780559302.894474,VDD_SOC,1737.472,,
1780559302.894474,,,cpu-thermal,54.312
1780559302.894474,,,gpu-thermal,54.781
1780559302.894474,,,soc0-thermal,52.718
1780559302.894474,,,soc1-thermal,52.156
1780559302.894474,,,soc2-thermal,52.437
1780559302.894474,,,tj-thermal,54.437
1780559303.0004642,VDD_IN,6555.008,,
1780559303.0004642,VDD_CPU_GPU_CV,1971.2,,
1780559303.0004642,VDD_SOC,1737.472,,
1780559303.0004642,,,cpu-thermal,54.093
1780559303.0004642,,,gpu-thermal,54.625
1780559303.0004642,,,soc0-thermal,52.812
1780559303.0004642,,,soc1-thermal,52.031
1780559303.0004642,,,soc2-thermal,52.375
1780559303.0004642,,,tj-thermal,54.906
1780559303.106764,VDD_IN,6555.008,,
1780559303.106764,VDD_CPU_GPU_CV,1931.776,,
1780559303.106764,VDD_SOC,1737.472,,
1780559303.106764,,,cpu-thermal,54.093
1780559303.106764,,,gpu-thermal,54.656
1780559303.106764,,,soc0-thermal,52.625
1780559303.106764,,,soc1-thermal,52.125
1780559303.106764,,,soc2-thermal,52.468
1780559303.106764,,,tj-thermal,54.656
1780559303.2140179,VDD_IN,6555.008,,
1780559303.2140179,VDD_CPU_GPU_CV,1971.2,,
1780559303.2140179,VDD_SOC,1737.472,,
1780559303.2140179,,,cpu-thermal,54.625
1780559303.2140179,,,gpu-thermal,54.625
1780559303.2140179,,,soc0-thermal,52.718
1780559303.2140179,,,soc1-thermal,52.312
1780559303.2140179,,,soc2-thermal,52.468
1780559303.2140179,,,tj-thermal,54.625
1780559303.3206236,VDD_IN,6673.472,,
1780559303.3206236,VDD_CPU_GPU_CV,2007.36,,
1780559303.3206236,VDD_SOC,1734.656,,
1780559303.3206236,,,cpu-thermal,54.281
1780559303.3206236,,,gpu-thermal,54.937
1780559303.3206236,,,soc0-thermal,52.812
1780559303.3206236,,,soc1-thermal,52.343
1780559303.3206236,,,soc2-thermal,52.406
1780559303.3206236,,,tj-thermal,54.625
1780559303.4266899,VDD_IN,6741.504,,
1780559303.4266899,VDD_CPU_GPU_CV,2046.72,,
1780559303.4266899,VDD_SOC,1774.08,,
1780559303.4266899,,,cpu-thermal,54.281
1780559303.4266899,,,gpu-thermal,54.75
1780559303.4266899,,,soc0-thermal,52.718
1780559303.4266899,,,soc1-thermal,52.125
1780559303.4266899,,,soc2-thermal,52.343
1780559303.4266899,,,tj-thermal,54.593
1780559303.5328207,VDD_IN,6741.504,,
1780559303.5328207,VDD_CPU_GPU_CV,2046.72,,
1780559303.5328207,VDD_SOC,1774.08,,
1780559303.5328207,,,cpu-thermal,54.375
1780559303.5328207,,,gpu-thermal,54.625
1780559303.5328207,,,soc0-thermal,52.718
1780559303.5328207,,,soc1-thermal,52.187
1780559303.5328207,,,soc2-thermal,52.593
1780559303.5328207,,,tj-thermal,54.531
1780559303.6392736,VDD_IN,6662.656,,
1780559303.6392736,VDD_CPU_GPU_CV,2046.72,,
1780559303.6392736,VDD_SOC,1774.08,,
1780559303.6392736,,,cpu-thermal,54.468
1780559303.6392736,,,gpu-thermal,54.562
1780559303.6392736,,,soc0-thermal,52.781
1780559303.6392736,,,soc1-thermal,52.406
1780559303.6392736,,,soc2-thermal,52.375
1780559303.6392736,,,tj-thermal,54.812
1780559303.7454562,VDD_IN,6623.232,,
1780559303.7454562,VDD_CPU_GPU_CV,2007.36,,
1780559303.7454562,VDD_SOC,1734.656,,
1780559303.7454562,,,cpu-thermal,54.187
1780559303.7454562,,,gpu-thermal,54.562
1780559303.7454562,,,soc0-thermal,52.875
1780559303.7454562,,,soc1-thermal,52.156
1780559303.7454562,,,soc2-thermal,52.5
1780559303.7454562,,,tj-thermal,54.781
1780559303.8519213,VDD_IN,6594.496,,
1780559303.8519213,VDD_CPU_GPU_CV,1971.2,,
1780559303.8519213,VDD_SOC,1734.656,,
1780559303.8519213,,,cpu-thermal,54.312
1780559303.8519213,,,gpu-thermal,54.437
1780559303.8519213,,,soc0-thermal,52.718
1780559303.8519213,,,soc1-thermal,52.156
1780559303.8519213,,,soc2-thermal,52.5
1780559303.8519213,,,tj-thermal,54.687
1780559303.9583023,VDD_IN,6555.008,,
1780559303.9583023,VDD_CPU_GPU_CV,1971.2,,
1780559303.9583023,VDD_SOC,1734.656,,
1780559303.9583023,,,cpu-thermal,54.218
1780559303.9583023,,,gpu-thermal,54.812
1780559303.9583023,,,soc0-thermal,52.75
1780559303.9583023,,,soc1-thermal,52.218
1780559303.9583023,,,soc2-thermal,52.437
1780559303.9583023,,,tj-thermal,54.531
1780559304.0643358,VDD_IN,6555.008,,
1780559304.0643358,VDD_CPU_GPU_CV,1931.776,,
1780559304.0643358,VDD_SOC,1737.472,,
1780559304.0643358,,,cpu-thermal,54.187
1780559304.0643358,,,gpu-thermal,54.656
1780559304.0643358,,,soc0-thermal,52.937
1780559304.0643358,,,soc1-thermal,52.093
1780559304.0643358,,,soc2-thermal,52.5
1780559304.0643358,,,tj-thermal,54.531
1780559304.170617,VDD_IN,6515.52,,
1780559304.170617,VDD_CPU_GPU_CV,1931.776,,
1780559304.170617,VDD_SOC,1737.472,,
1780559304.170617,,,cpu-thermal,54.218
1780559304.170617,,,gpu-thermal,54.625
1780559304.170617,,,soc0-thermal,52.718
1780559304.170617,,,soc1-thermal,52.156
1780559304.170617,,,soc2-thermal,52.5
1780559304.170617,,,tj-thermal,54.625
1780559304.27693,VDD_IN,6555.008,,
1780559304.27693,VDD_CPU_GPU_CV,1971.2,,
1780559304.27693,VDD_SOC,1734.656,,
1780559304.27693,,,cpu-thermal,54.25
1780559304.27693,,,gpu-thermal,54.593
1780559304.27693,,,soc0-thermal,52.843
1780559304.27693,,,soc1-thermal,52.343
1780559304.27693,,,soc2-thermal,52.531
1780559304.27693,,,tj-thermal,54.843
1780559304.3834171,VDD_IN,6673.472,,
1780559304.3834171,VDD_CPU_GPU_CV,2007.36,,
1780559304.3834171,VDD_SOC,1774.08,,
1780559304.3834171,,,cpu-thermal,54.187
1780559304.3834171,,,gpu-thermal,54.593
1780559304.3834171,,,soc0-thermal,52.906
1780559304.3834171,,,soc1-thermal,52.125
1780559304.3834171,,,soc2-thermal,52.437
1780559304.3834171,,,tj-thermal,54.593
1780559304.489679,VDD_IN,6741.504,,
1780559304.489679,VDD_CPU_GPU_CV,2046.72,,
1780559304.489679,VDD_SOC,1774.08,,
1780559304.489679,,,cpu-thermal,54.437
1780559304.489679,,,gpu-thermal,54.937
1780559304.489679,,,soc0-thermal,52.843
1780559304.489679,,,soc1-thermal,52.125
1780559304.489679,,,soc2-thermal,52.468
1780559304.489679,,,tj-thermal,54.937
1780559304.5961626,VDD_IN,6702.08,,
1780559304.5961626,VDD_CPU_GPU_CV,2046.72,,
1780559304.5961626,VDD_SOC,1774.08,,
1780559304.5961626,,,cpu-thermal,54.656
1780559304.5961626,,,gpu-thermal,54.781
1780559304.5961626,,,soc0-thermal,52.75
1780559304.5961626,,,soc1-thermal,52.343
1780559304.5961626,,,soc2-thermal,52.468
1780559304.5961626,,,tj-thermal,54.781
1780559304.702139,VDD_IN,6633.984,,
1780559304.702139,VDD_CPU_GPU_CV,2010.624,,
1780559304.702139,VDD_SOC,1734.656,,
1780559304.702139,,,cpu-thermal,54.75
1780559304.702139,,,gpu-thermal,54.687
1780559304.702139,,,soc0-thermal,52.968
1780559304.702139,,,soc1-thermal,52.125
1780559304.702139,,,soc2-thermal,52.437
1780559304.702139,,,tj-thermal,54.687
1780559304.8085277,VDD_IN,6633.984,,
1780559304.8085277,VDD_CPU_GPU_CV,2010.624,,
1780559304.8085277,VDD_SOC,1734.656,,
1780559304.8085277,,,cpu-thermal,54.406
1780559304.8085277,,,gpu-thermal,54.656
1780559304.8085277,,,soc0-thermal,52.781
1780559304.8085277,,,soc1-thermal,52.25
1780559304.8085277,,,soc2-thermal,52.531
1780559304.8085277,,,tj-thermal,54.656
1780559304.9145322,VDD_IN,6594.496,,
1780559304.9145322,VDD_CPU_GPU_CV,1971.2,,
1780559304.9145322,VDD_SOC,1737.472,,
1780559304.9145322,,,cpu-thermal,54.437
1780559304.9145322,,,gpu-thermal,54.656
1780559304.9145322,,,soc0-thermal,52.812
1780559304.9145322,,,soc1-thermal,52.281
1780559304.9145322,,,soc2-thermal,52.625
1780559304.9145322,,,tj-thermal,54.656
1780559305.0208516,VDD_IN,6594.496,,
1780559305.0208516,VDD_CPU_GPU_CV,1971.2,,
1780559305.0208516,VDD_SOC,1737.472,,
1780559305.0208516,,,cpu-thermal,54.218
1780559305.0208516,,,gpu-thermal,55.093
1780559305.0208516,,,soc0-thermal,53.0
1780559305.0208516,,,soc1-thermal,52.218
1780559305.0208516,,,soc2-thermal,52.468
1780559305.0208516,,,tj-thermal,55.093
1780559305.1272116,VDD_IN,6555.008,,
1780559305.1272116,VDD_CPU_GPU_CV,1971.2,,
1780559305.1272116,VDD_SOC,1737.472,,
1780559305.1272116,,,cpu-thermal,54.375
1780559305.1272116,,,gpu-thermal,54.906
1780559305.1272116,,,soc0-thermal,52.812
1780559305.1272116,,,soc1-thermal,52.218
1780559305.1272116,,,soc2-thermal,52.593
1780559305.1272116,,,tj-thermal,54.906
1780559305.2335188,VDD_IN,6555.008,,
1780559305.2335188,VDD_CPU_GPU_CV,1971.2,,
1780559305.2335188,VDD_SOC,1737.472,,
1780559305.2335188,,,cpu-thermal,54.343
1780559305.2335188,,,gpu-thermal,54.781
1780559305.2335188,,,soc0-thermal,52.843
1780559305.2335188,,,soc1-thermal,52.25
1780559305.2335188,,,soc2-thermal,52.625
1780559305.2335188,,,tj-thermal,54.781
1780559305.3398895,VDD_IN,6673.472,,
1780559305.3398895,VDD_CPU_GPU_CV,2010.624,,
1780559305.3398895,VDD_SOC,1734.656,,
1780559305.3398895,,,cpu-thermal,54.406
1780559305.3398895,,,gpu-thermal,54.75
1780559305.3398895,,,soc0-thermal,52.937
1780559305.3398895,,,soc1-thermal,52.468
1780559305.3398895,,,soc2-thermal,52.562
1780559305.3398895,,,tj-thermal,54.75
1780559305.4456065,VDD_IN,6741.504,,
1780559305.4456065,VDD_CPU_GPU_CV,2086.08,,
1780559305.4456065,VDD_SOC,1774.08,,
1780559305.4456065,,,cpu-thermal,54.343
1780559305.4456065,,,gpu-thermal,54.656
1780559305.4456065,,,soc0-thermal,52.843
1780559305.4456065,,,soc1-thermal,52.218
1780559305.4456065,,,soc2-thermal,52.5
1780559305.4456065,,,tj-thermal,54.656
1780559305.55158,VDD_IN,6712.96,,
1780559305.55158,VDD_CPU_GPU_CV,2046.72,,
1780559305.55158,VDD_SOC,1774.08,,
1780559305.55158,,,cpu-thermal,54.531
1780559305.55158,,,gpu-thermal,54.625
1780559305.55158,,,soc0-thermal,52.906
1780559305.55158,,,soc1-thermal,52.312
1780559305.55158,,,soc2-thermal,52.687
1780559305.55158,,,tj-thermal,54.625
1780559305.6579914,VDD_IN,6633.984,,
1780559305.6579914,VDD_CPU_GPU_CV,2007.36,,
1780559305.6579914,VDD_SOC,1734.656,,
1780559305.6579914,,,cpu-thermal,54.718
1780559305.6579914,,,gpu-thermal,55.062
1780559305.6579914,,,soc0-thermal,52.875
1780559305.6579914,,,soc1-thermal,52.5
1780559305.6579914,,,soc2-thermal,52.531
1780559305.6579914,,,tj-thermal,55.062
1780559305.7642138,VDD_IN,6594.496,,
1780559305.7642138,VDD_CPU_GPU_CV,1971.2,,
1780559305.7642138,VDD_SOC,1734.656,,
1780559305.7642138,,,cpu-thermal,54.375
1780559305.7642138,,,gpu-thermal,54.625
1780559305.7642138,,,soc0-thermal,53.062
1780559305.7642138,,,soc1-thermal,52.25
1780559305.7642138,,,soc2-thermal,52.593
1780559305.7642138,,,tj-thermal,54.937
1780559305.870082,VDD_IN,6555.008,,
1780559305.870082,VDD_CPU_GPU_CV,1971.2,,
1780559305.870082,VDD_SOC,1734.656,,
1780559305.870082,,,cpu-thermal,54.468
1780559305.870082,,,gpu-thermal,54.593
1780559305.870082,,,soc0-thermal,52.875
1780559305.870082,,,soc1-thermal,52.25
1780559305.870082,,,soc2-thermal,52.625
1780559305.870082,,,tj-thermal,54.843
1780559305.976179,VDD_IN,6515.52,,
1780559305.976179,VDD_CPU_GPU_CV,1931.776,,
1780559305.976179,VDD_SOC,1737.472,,
1780559305.976179,,,cpu-thermal,54.468
1780559305.976179,,,gpu-thermal,55.031
1780559305.976179,,,soc0-thermal,52.968
1780559305.976179,,,soc1-thermal,52.406
1780559305.976179,,,soc2-thermal,52.687
1780559305.976179,,,tj-thermal,54.656
1780559306.0823665,VDD_IN,6515.52,,
1780559306.0823665,VDD_CPU_GPU_CV,1931.776,,
1780559306.0823665,VDD_SOC,1737.472,,
1780559306.0823665,,,cpu-thermal,54.437
1780559306.0823665,,,gpu-thermal,54.875
1780559306.0823665,,,soc0-thermal,53.125
1780559306.0823665,,,soc1-thermal,52.531
1780559306.0823665,,,soc2-thermal,52.593
1780559306.0823665,,,tj-thermal,54.875
1780559306.1881886,VDD_IN,6476.032,,
1780559306.1881886,VDD_CPU_GPU_CV,1892.352,,
1780559306.1881886,VDD_SOC,1737.472,,
1780559306.1881886,,,cpu-thermal,54.468
1780559306.1881886,,,gpu-thermal,54.781
1780559306.1881886,,,soc0-thermal,52.875
1780559306.1881886,,,soc1-thermal,52.343
1780559306.1881886,,,soc2-thermal,52.562
1780559306.1881886,,,tj-thermal,54.781
1780559306.2949235,VDD_IN,6515.52,,
1780559306.2949235,VDD_CPU_GPU_CV,1931.776,,
1780559306.2949235,VDD_SOC,1737.472,,
1780559306.2949235,,,cpu-thermal,54.437
1780559306.2949235,,,gpu-thermal,54.75
1780559306.2949235,,,soc0-thermal,52.843
1780559306.2949235,,,soc1-thermal,52.468
1780559306.2949235,,,soc2-thermal,52.687
1780559306.2949235,,,tj-thermal,54.75
1780559306.4011023,VDD_IN,6633.984,,
1780559306.4011023,VDD_CPU_GPU_CV,2010.624,,
1780559306.4011023,VDD_SOC,1734.656,,
1780559306.4011023,,,cpu-thermal,54.156
1780559306.4011023,,,gpu-thermal,54.687
1780559306.4011023,,,soc0-thermal,52.906
1780559306.4011023,,,soc1-thermal,52.593
1780559306.4011023,,,soc2-thermal,52.625
1780559306.4011023,,,tj-thermal,54.687
1780559306.5072334,VDD_IN,6673.472,,
1780559306.5072334,VDD_CPU_GPU_CV,2010.624,,
1780559306.5072334,VDD_SOC,1774.08,,
1780559306.5072334,,,cpu-thermal,54.375
1780559306.5072334,,,gpu-thermal,55.093
1780559306.5072334,,,soc0-thermal,52.968
1780559306.5072334,,,soc1-thermal,52.343
1780559306.5072334,,,soc2-thermal,52.656
1780559306.5072334,,,tj-thermal,55.093
1780559306.613881,VDD_IN,6633.984,,
1780559306.613881,VDD_CPU_GPU_CV,2010.624,,
1780559306.613881,VDD_SOC,1734.656,,
1780559306.613881,,,cpu-thermal,54.812
1780559306.613881,,,gpu-thermal,54.906
1780559306.613881,,,soc0-thermal,52.968
1780559306.613881,,,soc1-thermal,52.375
1780559306.613881,,,soc2-thermal,52.718
1780559306.613881,,,tj-thermal,54.906
1780559306.7204928,VDD_IN,6594.496,,
1780559306.7204928,VDD_CPU_GPU_CV,1971.2,,
1780559306.7204928,VDD_SOC,1734.656,,
1780559306.7204928,,,cpu-thermal,54.375
1780559306.7204928,,,gpu-thermal,54.906
1780559306.7204928,,,soc0-thermal,53.0
1780559306.7204928,,,soc1-thermal,52.531
1780559306.7204928,,,soc2-thermal,52.593
1780559306.7204928,,,tj-thermal,54.906
1780559306.8265362,VDD_IN,6555.008,,
1780559306.8265362,VDD_CPU_GPU_CV,1971.2,,
1780559306.8265362,VDD_SOC,1737.472,,
1780559306.8265362,,,cpu-thermal,54.375
1780559306.8265362,,,gpu-thermal,54.718
1780559306.8265362,,,soc0-thermal,53.187
1780559306.8265362,,,soc1-thermal,52.437
1780559306.8265362,,,soc2-thermal,52.687
1780559306.8265362,,,tj-thermal,54.718
1780559306.9323595,VDD_IN,6515.52,,
1780559306.9323595,VDD_CPU_GPU_CV,1971.2,,
1780559306.9323595,VDD_SOC,1737.472,,
1780559306.9323595,,,cpu-thermal,54.718
1780559306.9323595,,,gpu-thermal,54.687
1780559306.9323595,,,soc0-thermal,53.0
1780559306.9323595,,,soc1-thermal,52.406
1780559306.9323595,,,soc2-thermal,52.687
1780559306.9323595,,,tj-thermal,54.718
1780559307.0385056,VDD_IN,6515.52,,
1780559307.0385056,VDD_CPU_GPU_CV,1931.776,,
1780559307.0385056,VDD_SOC,1737.472,,
1780559307.0385056,,,cpu-thermal,54.718
1780559307.0385056,,,gpu-thermal,55.125
1780559307.0385056,,,soc0-thermal,53.0
1780559307.0385056,,,soc1-thermal,52.562
1780559307.0385056,,,soc2-thermal,52.593
1780559307.0385056,,,tj-thermal,55.125
1780559307.1446311,VDD_IN,6515.52,,
1780559307.1446311,VDD_CPU_GPU_CV,1931.776,,
1780559307.1446311,VDD_SOC,1737.472,,
1780559307.1446311,,,cpu-thermal,54.5
1780559307.1446311,,,gpu-thermal,55.031
1780559307.1446311,,,soc0-thermal,53.031
1780559307.1446311,,,soc1-thermal,52.375
1780559307.1446311,,,soc2-thermal,52.687
1780559307.1446311,,,tj-thermal,55.031
1780559307.2509434,VDD_IN,6515.52,,
1780559307.2509434,VDD_CPU_GPU_CV,1931.776,,
1780559307.2509434,VDD_SOC,1737.472,,
1780559307.2509434,,,cpu-thermal,54.656
1780559307.2509434,,,gpu-thermal,54.906
1780559307.2509434,,,soc0-thermal,53.031
1780559307.2509434,,,soc1-thermal,52.5
1780559307.2509434,,,soc2-thermal,52.718
1780559307.2509434,,,tj-thermal,54.906
1780559307.356857,VDD_IN,6594.496,,
1780559307.356857,VDD_CPU_GPU_CV,2010.624,,
1780559307.356857,VDD_SOC,1737.472,,
1780559307.356857,,,cpu-thermal,54.625
1780559307.356857,,,gpu-thermal,54.843
1780559307.356857,,,soc0-thermal,53.062
1780559307.356857,,,soc1-thermal,52.468
1780559307.356857,,,soc2-thermal,52.812
1780559307.356857,,,tj-thermal,54.843
1780559307.463052,VDD_IN,6673.472,,
1780559307.463052,VDD_CPU_GPU_CV,2050.048,,
1780559307.463052,VDD_SOC,1776.96,,
1780559307.463052,,,cpu-thermal,54.375
1780559307.463052,,,gpu-thermal,55.125
1780559307.463052,,,soc0-thermal,53.031
1780559307.463052,,,soc1-thermal,52.312
1780559307.463052,,,soc2-thermal,52.656
1780559307.463052,,,tj-thermal,54.812
1780559307.568848,VDD_IN,6673.472,,
1780559307.568848,VDD_CPU_GPU_CV,2010.624,,
1780559307.568848,VDD_SOC,1737.472,,
1780559307.568848,,,cpu-thermal,54.531
1780559307.568848,,,gpu-thermal,54.937
1780559307.568848,,,soc0-thermal,53.0
1780559307.568848,,,soc1-thermal,52.468
1780559307.568848,,,soc2-thermal,52.718
1780559307.568848,,,tj-thermal,54.781
1780559307.674797,VDD_IN,6633.984,,
1780559307.674797,VDD_CPU_GPU_CV,2010.624,,
1780559307.674797,VDD_SOC,1737.472,,
1780559307.674797,,,cpu-thermal,54.531
1780559307.674797,,,gpu-thermal,54.875
1780559307.674797,,,soc0-thermal,53.125
1780559307.674797,,,soc1-thermal,52.468
1780559307.674797,,,soc2-thermal,52.781
1780559307.674797,,,tj-thermal,54.875
1780559307.7806592,VDD_IN,6594.496,,
1780559307.7806592,VDD_CPU_GPU_CV,1971.2,,
1780559307.7806592,VDD_SOC,1737.472,,
1780559307.7806592,,,cpu-thermal,54.625
1780559307.7806592,,,gpu-thermal,54.875
1780559307.7806592,,,soc0-thermal,53.125
1780559307.7806592,,,soc1-thermal,52.625
1780559307.7806592,,,soc2-thermal,52.718
1780559307.7806592,,,tj-thermal,54.875
1780559307.8871214,VDD_IN,6555.008,,
1780559307.8871214,VDD_CPU_GPU_CV,1971.2,,
1780559307.8871214,VDD_SOC,1737.472,,
1780559307.8871214,,,cpu-thermal,54.437
1780559307.8871214,,,gpu-thermal,54.718
1780559307.8871214,,,soc0-thermal,53.031
1780559307.8871214,,,soc1-thermal,52.375
1780559307.8871214,,,soc2-thermal,52.687
1780559307.8871214,,,tj-thermal,54.718
1780559307.993168,VDD_IN,6555.008,,
1780559307.993168,VDD_CPU_GPU_CV,1931.776,,
1780559307.993168,VDD_SOC,1737.472,,
1780559307.993168,,,cpu-thermal,54.781
1780559307.993168,,,gpu-thermal,55.156
1780559307.993168,,,soc0-thermal,53.093
1780559307.993168,,,soc1-thermal,52.437
1780559307.993168,,,soc2-thermal,52.781
1780559307.993168,,,tj-thermal,55.156
1780559308.099058,VDD_IN,6515.52,,
1780559308.099058,VDD_CPU_GPU_CV,1931.776,,
1780559308.099058,VDD_SOC,1737.472,,
1780559308.099058,,,cpu-thermal,54.906
1780559308.099058,,,gpu-thermal,54.968
1780559308.099058,,,soc0-thermal,53.125
1780559308.099058,,,soc1-thermal,52.656
1780559308.099058,,,soc2-thermal,52.687
1780559308.099058,,,tj-thermal,54.968
1780559308.205773,VDD_IN,6515.52,,
1780559308.205773,VDD_CPU_GPU_CV,1931.776,,
1780559308.205773,VDD_SOC,1737.472,,
1780559308.205773,,,cpu-thermal,54.593
1780559308.205773,,,gpu-thermal,54.906
1780559308.205773,,,soc0-thermal,53.125
1780559308.205773,,,soc1-thermal,52.437
1780559308.205773,,,soc2-thermal,52.781
1780559308.205773,,,tj-thermal,54.906
1780559308.3116443,VDD_IN,6594.496,,
1780559308.3116443,VDD_CPU_GPU_CV,1971.2,,
1780559308.3116443,VDD_SOC,1737.472,,
1780559308.3116443,,,cpu-thermal,54.687
1780559308.3116443,,,gpu-thermal,54.906
1780559308.3116443,,,soc0-thermal,53.093
1780559308.3116443,,,soc1-thermal,52.593
1780559308.3116443,,,soc2-thermal,52.781
1780559308.3116443,,,tj-thermal,54.906
1780559308.4174266,VDD_IN,6673.472,,
1780559308.4174266,VDD_CPU_GPU_CV,2050.048,,
1780559308.4174266,VDD_SOC,1774.08,,
1780559308.4174266,,,cpu-thermal,54.718
1780559308.4174266,,,gpu-thermal,54.843
1780559308.4174266,,,soc0-thermal,53.093
1780559308.4174266,,,soc1-thermal,52.593
1780559308.4174266,,,soc2-thermal,52.75
1780559308.4174266,,,tj-thermal,54.843
1780559308.5238314,VDD_IN,6712.96,,
1780559308.5238314,VDD_CPU_GPU_CV,2046.72,,
1780559308.5238314,VDD_SOC,1774.08,,
1780559308.5238314,,,cpu-thermal,54.562
1780559308.5238314,,,gpu-thermal,55.25
1780559308.5238314,,,soc0-thermal,53.156
1780559308.5238314,,,soc1-thermal,52.468
1780559308.5238314,,,soc2-thermal,52.75
1780559308.5238314,,,tj-thermal,55.25
1780559308.6303134,VDD_IN,6702.08,,
1780559308.6303134,VDD_CPU_GPU_CV,2046.72,,
1780559308.6303134,VDD_SOC,1774.08,,
1780559308.6303134,,,cpu-thermal,54.687
1780559308.6303134,,,gpu-thermal,55.093
1780559308.6303134,,,soc0-thermal,53.062
1780559308.6303134,,,soc1-thermal,52.468
1780559308.6303134,,,soc2-thermal,52.781
1780559308.6303134,,,tj-thermal,55.093
1780559308.7362063,VDD_IN,6702.08,,
1780559308.7362063,VDD_CPU_GPU_CV,2046.72,,
1780559308.7362063,VDD_SOC,1734.656,,
1780559308.7362063,,,cpu-thermal,54.718
1780559308.7362063,,,gpu-thermal,54.875
1780559308.7362063,,,soc0-thermal,53.093
1780559308.7362063,,,soc1-thermal,52.5
1780559308.7362063,,,soc2-thermal,52.875
1780559308.7362063,,,tj-thermal,55.0
1780559308.8421023,VDD_IN,6662.656,,
1780559308.8421023,VDD_CPU_GPU_CV,2046.72,,
1780559308.8421023,VDD_SOC,1734.656,,
1780559308.8421023,,,cpu-thermal,54.656
1780559308.8421023,,,gpu-thermal,55.25
1780559308.8421023,,,soc0-thermal,53.125
1780559308.8421023,,,soc1-thermal,52.75
1780559308.8421023,,,soc2-thermal,52.812
1780559308.8421023,,,tj-thermal,55.0
1780559308.9490066,VDD_IN,6662.656,,
1780559308.9490066,VDD_CPU_GPU_CV,2046.72,,
1780559308.9490066,VDD_SOC,1734.656,,
1780559308.9490066,,,cpu-thermal,54.656
1780559308.9490066,,,gpu-thermal,54.968
1780559308.9490066,,,soc0-thermal,53.125
1780559308.9490066,,,soc1-thermal,52.531
1780559308.9490066,,,soc2-thermal,52.937
1780559308.9490066,,,tj-thermal,54.968
1780559309.0552442,VDD_IN,6623.232,,
1780559309.0552442,VDD_CPU_GPU_CV,2046.72,,
1780559309.0552442,VDD_SOC,1734.656,,
1780559309.0552442,,,cpu-thermal,55.0
1780559309.0552442,,,gpu-thermal,54.968
1780559309.0552442,,,soc0-thermal,53.156
1780559309.0552442,,,soc1-thermal,52.5
1780559309.0552442,,,soc2-thermal,52.843
1780559309.0552442,,,tj-thermal,55.343
1780559309.1617668,VDD_IN,6623.232,,
1780559309.1617668,VDD_CPU_GPU_CV,2046.72,,
1780559309.1617668,VDD_SOC,1695.232,,
1780559309.1617668,,,cpu-thermal,54.625
1780559309.1617668,,,gpu-thermal,54.906
1780559309.1617668,,,soc0-thermal,53.187
1780559309.1617668,,,soc1-thermal,52.812
1780559309.1617668,,,soc2-thermal,52.781
1780559309.1617668,,,tj-thermal,55.187
1780559309.2677515,VDD_IN,6623.232,,
1780559309.2677515,VDD_CPU_GPU_CV,2046.72,,
1780559309.2677515,VDD_SOC,1695.232,,
1780559309.2677515,,,cpu-thermal,54.625
1780559309.2677515,,,gpu-thermal,54.937
1780559309.2677515,,,soc0-thermal,53.343
1780559309.2677515,,,soc1-thermal,52.531
1780559309.2677515,,,soc2-thermal,52.875
1780559309.2677515,,,tj-thermal,55.125
1780559309.3737996,VDD_IN,6702.08,,
1780559309.3737996,VDD_CPU_GPU_CV,2086.08,,
1780559309.3737996,VDD_SOC,1695.232,,
1780559309.3737996,,,cpu-thermal,54.875
1780559309.3737996,,,gpu-thermal,55.312
1780559309.3737996,,,soc0-thermal,53.125
1780559309.3737996,,,soc1-thermal,52.531
1780559309.3737996,,,soc2-thermal,52.968
1780559309.3737996,,,tj-thermal,55.312
1780559309.4795945,VDD_IN,6741.504,,
1780559309.4795945,VDD_CPU_GPU_CV,2125.44,,
1780559309.4795945,VDD_SOC,1734.656,,
1780559309.4795945,,,cpu-thermal,54.875
1780559309.4795945,,,gpu-thermal,55.156
1780559309.4795945,,,soc0-thermal,53.218
1780559309.4795945,,,soc1-thermal,52.625
1780559309.4795945,,,soc2-thermal,52.875
1780559309.4795945,,,tj-thermal,55.156
1780559309.585768,VDD_IN,6662.656,,
1780559309.585768,VDD_CPU_GPU_CV,2086.08,,
1780559309.585768,VDD_SOC,1695.232,,
1780559309.585768,,,cpu-thermal,54.687
1780559309.585768,,,gpu-thermal,55.093
1780559309.585768,,,soc0-thermal,53.281
1780559309.585768,,,soc1-thermal,52.625
1780559309.585768,,,soc2-thermal,52.875
1780559309.585768,,,tj-thermal,55.093
1780559309.6918247,VDD_IN,6594.496,,
1780559309.6918247,VDD_CPU_GPU_CV,2046.72,,
1780559309.6918247,VDD_SOC,1695.232,,
1780559309.6918247,,,cpu-thermal,54.781
1780559309.6918247,,,gpu-thermal,55.031
1780559309.6918247,,,soc0-thermal,53.156
1780559309.6918247,,,soc1-thermal,52.593
1780559309.6918247,,,soc2-thermal,52.875
1780559309.6918247,,,tj-thermal,55.031
1780559309.7977967,VDD_IN,6555.008,,
1780559309.7977967,VDD_CPU_GPU_CV,2010.624,,
1780559309.7977967,VDD_SOC,1697.984,,
1780559309.7977967,,,cpu-thermal,54.718
1780559309.7977967,,,gpu-thermal,55.0
1780559309.7977967,,,soc0-thermal,53.281
1780559309.7977967,,,soc1-thermal,52.687
1780559309.7977967,,,soc2-thermal,53.0
1780559309.7977967,,,tj-thermal,55.0
1780559309.9039938,VDD_IN,6515.52,,
1780559309.9039938,VDD_CPU_GPU_CV,2010.624,,
1780559309.9039938,VDD_SOC,1697.984,,
1780559309.9039938,,,cpu-thermal,54.687
1780559309.9039938,,,gpu-thermal,54.906
1780559309.9039938,,,soc0-thermal,53.281
1780559309.9039938,,,soc1-thermal,52.718
1780559309.9039938,,,soc2-thermal,52.843
1780559309.9039938,,,tj-thermal,54.906
1780559310.010589,VDD_IN,6515.52,,
1780559310.010589,VDD_CPU_GPU_CV,1971.2,,
1780559310.010589,VDD_SOC,1658.496,,
1780559310.010589,,,cpu-thermal,54.625
1780559310.010589,,,gpu-thermal,55.218
1780559310.010589,,,soc0-thermal,53.125
1780559310.010589,,,soc1-thermal,52.593
1780559310.010589,,,soc2-thermal,52.968
1780559310.010589,,,tj-thermal,55.218
1780559310.1165068,VDD_IN,6476.032,,
1780559310.1165068,VDD_CPU_GPU_CV,1971.2,,
1780559310.1165068,VDD_SOC,1658.496,,
1780559310.1165068,,,cpu-thermal,54.75
1780559310.1165068,,,gpu-thermal,55.093
1780559310.1165068,,,soc0-thermal,53.156
1780559310.1165068,,,soc1-thermal,52.656
1780559310.1165068,,,soc2-thermal,53.0
1780559310.1165068,,,tj-thermal,55.093
1780559310.2227209,VDD_IN,6436.544,,
1780559310.2227209,VDD_CPU_GPU_CV,1931.776,,
1780559310.2227209,VDD_SOC,1658.496,,
1780559310.2227209,,,cpu-thermal,54.718
1780559310.2227209,,,gpu-thermal,55.093
1780559310.2227209,,,soc0-thermal,53.281
1780559310.2227209,,,soc1-thermal,52.843
1780559310.2227209,,,soc2-thermal,52.875
1780559310.2227209,,,tj-thermal,55.093
1780559310.3286684,VDD_IN,6515.52,,
1780559310.3286684,VDD_CPU_GPU_CV,1971.2,,
1780559310.3286684,VDD_SOC,1658.496,,
1780559310.3286684,,,cpu-thermal,54.593
1780559310.3286684,,,gpu-thermal,55.281
1780559310.3286684,,,soc0-thermal,53.187
1780559310.3286684,,,soc1-thermal,52.593
1780559310.3286684,,,soc2-thermal,52.968
1780559310.3286684,,,tj-thermal,55.062
1780559310.4344969,VDD_IN,6594.496,,
1780559310.4344969,VDD_CPU_GPU_CV,2010.624,,
1780559310.4344969,VDD_SOC,1697.984,,
1780559310.4344969,,,cpu-thermal,54.656
1780559310.4344969,,,gpu-thermal,55.281
1780559310.4344969,,,soc0-thermal,53.218
1780559310.4344969,,,soc1-thermal,52.625
1780559310.4344969,,,soc2-thermal,53.0
1780559310.4344969,,,tj-thermal,55.062
1780559310.540306,VDD_IN,6594.496,,
1780559310.540306,VDD_CPU_GPU_CV,2010.624,,
1780559310.540306,VDD_SOC,1697.984,,
1780559310.540306,,,cpu-thermal,55.031
1780559310.540306,,,gpu-thermal,55.031
1780559310.540306,,,soc0-thermal,53.281
1780559310.540306,,,soc1-thermal,52.718
1780559310.540306,,,soc2-thermal,52.875
1780559310.540306,,,tj-thermal,55.406
1780559310.646388,VDD_IN,6555.008,,
1780559310.646388,VDD_CPU_GPU_CV,2010.624,,
1780559310.646388,VDD_SOC,1697.984,,
1780559310.646388,,,cpu-thermal,54.718
1780559310.646388,,,gpu-thermal,55.093
1780559310.646388,,,soc0-thermal,53.343
1780559310.646388,,,soc1-thermal,52.625
1780559310.646388,,,soc2-thermal,53.0
1780559310.646388,,,tj-thermal,55.093
1780559310.752168,VDD_IN,6515.52,,
1780559310.752168,VDD_CPU_GPU_CV,1971.2,,
1780559310.752168,VDD_SOC,1658.496,,
1780559310.752168,,,cpu-thermal,54.875
1780559310.752168,,,gpu-thermal,55.093
1780559310.752168,,,soc0-thermal,53.343
1780559310.752168,,,soc1-thermal,52.625
1780559310.752168,,,soc2-thermal,52.968
1780559310.752168,,,tj-thermal,55.093
1780559310.8584793,VDD_IN,6476.032,,
1780559310.8584793,VDD_CPU_GPU_CV,1971.2,,
1780559310.8584793,VDD_SOC,1658.496,,
1780559310.8584793,,,cpu-thermal,54.875
1780559310.8584793,,,gpu-thermal,55.375
1780559310.8584793,,,soc0-thermal,53.281
1780559310.8584793,,,soc1-thermal,52.656
1780559310.8584793,,,soc2-thermal,53.125
1780559310.8584793,,,tj-thermal,55.375
1780559310.9644382,VDD_IN,6476.032,,
1780559310.9644382,VDD_CPU_GPU_CV,1931.776,,
1780559310.9644382,VDD_SOC,1658.496,,
1780559310.9644382,,,cpu-thermal,55.0
1780559310.9644382,,,gpu-thermal,55.218
1780559310.9644382,,,soc0-thermal,53.343
1780559310.9644382,,,soc1-thermal,52.656
1780559310.9644382,,,soc2-thermal,53.0
1780559310.9644382,,,tj-thermal,55.218
1780559311.0707364,VDD_IN,6476.032,,
1780559311.0707364,VDD_CPU_GPU_CV,1931.776,,
1780559311.0707364,VDD_SOC,1658.496,,
1780559311.0707364,,,cpu-thermal,54.812
1780559311.0707364,,,gpu-thermal,55.125
1780559311.0707364,,,soc0-thermal,53.406
1780559311.0707364,,,soc1-thermal,52.656
1780559311.0707364,,,soc2-thermal,53.0
1780559311.0707364,,,tj-thermal,55.125
1780559311.1770098,VDD_IN,6446.976,,
1780559311.1770098,VDD_CPU_GPU_CV,1931.776,,
1780559311.1770098,VDD_SOC,1658.496,,
1780559311.1770098,,,cpu-thermal,54.875
1780559311.1770098,,,gpu-thermal,55.093
1780559311.1770098,,,soc0-thermal,53.312
1780559311.1770098,,,soc1-thermal,52.687
1780559311.1770098,,,soc2-thermal,53.062
1780559311.1770098,,,tj-thermal,55.093
1780559311.282917,VDD_IN,6486.528,,
1780559311.282917,VDD_CPU_GPU_CV,1931.776,,
1780559311.282917,VDD_SOC,1658.496,,
1780559311.282917,,,cpu-thermal,54.687
1780559311.282917,,,gpu-thermal,55.062
1780559311.282917,,,soc0-thermal,53.343
1780559311.282917,,,soc1-thermal,52.843
1780559311.282917,,,soc2-thermal,52.968
1780559311.282917,,,tj-thermal,55.062
1780559311.3891804,VDD_IN,6555.008,,
1780559311.3891804,VDD_CPU_GPU_CV,2010.624,,
1780559311.3891804,VDD_SOC,1697.984,,
1780559311.3891804,,,cpu-thermal,54.812
1780559311.3891804,,,gpu-thermal,55.531
1780559311.3891804,,,soc0-thermal,53.531
1780559311.3891804,,,soc1-thermal,52.718
1780559311.3891804,,,soc2-thermal,53.0
1780559311.3891804,,,tj-thermal,55.531
1780559311.4951363,VDD_IN,6633.984,,
1780559311.4951363,VDD_CPU_GPU_CV,2050.048,,
1780559311.4951363,VDD_SOC,1697.984,,
1780559311.4951363,,,cpu-thermal,54.781
1780559311.4951363,,,gpu-thermal,55.156
1780559311.4951363,,,soc0-thermal,53.281
1780559311.4951363,,,soc1-thermal,52.687
1780559311.4951363,,,soc2-thermal,53.062
1780559311.4951363,,,tj-thermal,55.281
1780559311.6010756,VDD_IN,6555.008,,
1780559311.6010756,VDD_CPU_GPU_CV,2010.624,,
1780559311.6010756,VDD_SOC,1697.984,,
1780559311.6010756,,,cpu-thermal,54.781
1780559311.6010756,,,gpu-thermal,55.062
1780559311.6010756,,,soc0-thermal,53.312
1780559311.6010756,,,soc1-thermal,52.843
1780559311.6010756,,,soc2-thermal,53.031
1780559311.6010756,,,tj-thermal,55.218
1780559311.7075088,VDD_IN,6515.52,,
1780559311.7075088,VDD_CPU_GPU_CV,1971.2,,
1780559311.7075088,VDD_SOC,1658.496,,
1780559311.7075088,,,cpu-thermal,54.718
1780559311.7075088,,,gpu-thermal,55.437
1780559311.7075088,,,soc0-thermal,53.375
1780559311.7075088,,,soc1-thermal,52.625
1780559311.7075088,,,soc2-thermal,53.031
1780559311.7075088,,,tj-thermal,55.125
1780559311.8136392,VDD_IN,6476.032,,
1780559311.8136392,VDD_CPU_GPU_CV,1931.776,,
1780559311.8136392,VDD_SOC,1658.496,,
1780559311.8136392,,,cpu-thermal,54.875
1780559311.8136392,,,gpu-thermal,55.312
1780559311.8136392,,,soc0-thermal,53.218
1780559311.8136392,,,soc1-thermal,52.687
1780559311.8136392,,,soc2-thermal,52.968
1780559311.8136392,,,tj-thermal,55.093
1780559311.919571,VDD_IN,6476.032,,
1780559311.919571,VDD_CPU_GPU_CV,1931.776,,
1780559311.919571,VDD_SOC,1658.496,,
1780559311.919571,,,cpu-thermal,55.156
1780559311.919571,,,gpu-thermal,55.218
1780559311.919571,,,soc0-thermal,53.312
1780559311.919571,,,soc1-thermal,52.875
1780559311.919571,,,soc2-thermal,53.093
1780559311.919571,,,tj-thermal,55.156
1780559312.0259755,VDD_IN,6476.032,,
1780559312.0259755,VDD_CPU_GPU_CV,1931.776,,
1780559312.0259755,VDD_SOC,1658.496,,
1780559312.0259755,,,cpu-thermal,54.718
1780559312.0259755,,,gpu-thermal,55.125
1780559312.0259755,,,soc0-thermal,53.468
1780559312.0259755,,,soc1-thermal,52.968
1780559312.0259755,,,soc2-thermal,53.125
1780559312.0259755,,,tj-thermal,55.125
1780559312.132066,VDD_IN,6436.544,,
1780559312.132066,VDD_CPU_GPU_CV,1931.776,,
1780559312.132066,VDD_SOC,1658.496,,
1780559312.132066,,,cpu-thermal,54.937
1780559312.132066,,,gpu-thermal,55.093
1780559312.132066,,,soc0-thermal,53.375
1780559312.132066,,,soc1-thermal,52.687
1780559312.132066,,,soc2-thermal,53.0
1780559312.132066,,,tj-thermal,55.093
1780559312.2380362,VDD_IN,6436.544,,
1780559312.2380362,VDD_CPU_GPU_CV,1931.776,,
1780559312.2380362,VDD_SOC,1658.496,,
1780559312.2380362,,,cpu-thermal,54.968
1780559312.2380362,,,gpu-thermal,55.531
1780559312.2380362,,,soc0-thermal,53.25
1780559312.2380362,,,soc1-thermal,52.843
1780559312.2380362,,,soc2-thermal,53.125
1780559312.2380362,,,tj-thermal,55.531
1780559312.34435,VDD_IN,6555.008,,
1780559312.34435,VDD_CPU_GPU_CV,2010.624,,
1780559312.34435,VDD_SOC,1697.984,,
1780559312.34435,,,cpu-thermal,54.968
1780559312.34435,,,gpu-thermal,55.468
1780559312.34435,,,soc0-thermal,53.343
1780559312.34435,,,soc1-thermal,52.906
1780559312.34435,,,soc2-thermal,53.093
1780559312.34435,,,tj-thermal,55.468
1780559312.4503925,VDD_IN,6673.472,,
1780559312.4503925,VDD_CPU_GPU_CV,2050.048,,
1780559312.4503925,VDD_SOC,1695.232,,
1780559312.4503925,,,cpu-thermal,54.781
1780559312.4503925,,,gpu-thermal,55.281
1780559312.4503925,,,soc0-thermal,53.562
1780559312.4503925,,,soc1-thermal,52.718
1780559312.4503925,,,soc2-thermal,53.062
1780559312.4503925,,,tj-thermal,55.281
1780559312.5564418,VDD_IN,6673.472,,
1780559312.5564418,VDD_CPU_GPU_CV,2050.048,,
1780559312.5564418,VDD_SOC,1695.232,,
1780559312.5564418,,,cpu-thermal,54.906
1780559312.5564418,,,gpu-thermal,55.25
1780559312.5564418,,,soc0-thermal,53.343
1780559312.5564418,,,soc1-thermal,52.781
1780559312.5564418,,,soc2-thermal,53.156
1780559312.5564418,,,tj-thermal,55.25
1780559312.6630533,VDD_IN,6633.984,,
1780559312.6630533,VDD_CPU_GPU_CV,2010.624,,
1780559312.6630533,VDD_SOC,1697.984,,
1780559312.6630533,,,cpu-thermal,54.937
1780559312.6630533,,,gpu-thermal,55.093
1780559312.6630533,,,soc0-thermal,53.437
1780559312.6630533,,,soc1-thermal,52.875
1780559312.6630533,,,soc2-thermal,53.062
1780559312.6630533,,,tj-thermal,55.093
1780559312.7690344,VDD_IN,6594.496,,
1780559312.7690344,VDD_CPU_GPU_CV,2010.624,,
1780559312.7690344,VDD_SOC,1697.984,,
1780559312.7690344,,,cpu-thermal,54.906
1780559312.7690344,,,gpu-thermal,55.156
1780559312.7690344,,,soc0-thermal,53.531
1780559312.7690344,,,soc1-thermal,52.75
1780559312.7690344,,,soc2-thermal,53.093
1780559312.7690344,,,tj-thermal,55.156
1780559312.8752618,VDD_IN,6555.008,,
1780559312.8752618,VDD_CPU_GPU_CV,2010.624,,
1780559312.8752618,VDD_SOC,1697.984,,
1780559312.8752618,,,cpu-thermal,54.875
1780559312.8752618,,,gpu-thermal,55.5
1780559312.8752618,,,soc0-thermal,53.312
1780559312.8752618,,,soc1-thermal,52.843
1780559312.8752618,,,soc2-thermal,53.187
1780559312.8752618,,,tj-thermal,55.5
1780559312.9816594,VDD_IN,6555.008,,
1780559312.9816594,VDD_CPU_GPU_CV,1971.2,,
1780559312.9816594,VDD_SOC,1658.496,,
1780559312.9816594,,,cpu-thermal,55.25
1780559312.9816594,,,gpu-thermal,55.406
1780559312.9816594,,,soc0-thermal,53.468
1780559312.9816594,,,soc1-thermal,52.843
1780559312.9816594,,,soc2-thermal,53.031
1780559312.9816594,,,tj-thermal,55.406
1780559313.0876386,VDD_IN,6515.52,,
1780559313.0876386,VDD_CPU_GPU_CV,1971.2,,
1780559313.0876386,VDD_SOC,1658.496,,
1780559313.0876386,,,cpu-thermal,54.843
1780559313.0876386,,,gpu-thermal,55.281
1780559313.0876386,,,soc0-thermal,53.531
1780559313.0876386,,,soc1-thermal,52.812
1780559313.0876386,,,soc2-thermal,53.125
1780559313.0876386,,,tj-thermal,55.281
1780559313.1941376,VDD_IN,6515.52,,
1780559313.1941376,VDD_CPU_GPU_CV,1971.2,,
1780559313.1941376,VDD_SOC,1658.496,,
1780559313.1941376,,,cpu-thermal,54.968
1780559313.1941376,,,gpu-thermal,55.281
1780559313.1941376,,,soc0-thermal,53.312
1780559313.1941376,,,soc1-thermal,52.812
1780559313.1941376,,,soc2-thermal,53.156
1780559313.1941376,,,tj-thermal,55.281
1780559313.3005402,VDD_IN,6555.008,,
1780559313.3005402,VDD_CPU_GPU_CV,2010.624,,
1780559313.3005402,VDD_SOC,1697.984,,
1780559313.3005402,,,cpu-thermal,55.125
1780559313.3005402,,,gpu-thermal,55.218
1780559313.3005402,,,soc0-thermal,53.406
1780559313.3005402,,,soc1-thermal,52.906
1780559313.3005402,,,soc2-thermal,53.25
1780559313.3005402,,,tj-thermal,55.218
1780559313.406648,VDD_IN,6673.472,,
1780559313.406648,VDD_CPU_GPU_CV,2046.72,,
1780559313.406648,VDD_SOC,1695.232,,
1780559313.406648,,,cpu-thermal,55.343
1780559313.406648,,,gpu-thermal,55.437
1780559313.406648,,,soc0-thermal,53.593
1780559313.406648,,,soc1-thermal,52.781
1780559313.406648,,,soc2-thermal,53.156
1780559313.406648,,,tj-thermal,55.593
1780559313.513058,VDD_IN,6712.96,,
1780559313.513058,VDD_CPU_GPU_CV,2086.08,,
1780559313.513058,VDD_SOC,1695.232,,
1780559313.513058,,,cpu-thermal,54.937
1780559313.513058,,,gpu-thermal,55.562
1780559313.513058,,,soc0-thermal,53.343
1780559313.513058,,,soc1-thermal,52.843
1780559313.513058,,,soc2-thermal,53.156
1780559313.513058,,,tj-thermal,55.562
1780559313.6201217,VDD_IN,6673.472,,
1780559313.6201217,VDD_CPU_GPU_CV,2050.048,,
1780559313.6201217,VDD_SOC,1695.232,,
1780559313.6201217,,,cpu-thermal,55.031
1780559313.6201217,,,gpu-thermal,55.437
1780559313.6201217,,,soc0-thermal,53.562
1780559313.6201217,,,soc1-thermal,52.968
1780559313.6201217,,,soc2-thermal,53.156
1780559313.6201217,,,tj-thermal,55.437
1780559313.7268956,VDD_IN,6633.984,,
1780559313.7268956,VDD_CPU_GPU_CV,2050.048,,
1780559313.7268956,VDD_SOC,1695.232,,
1780559313.7268956,,,cpu-thermal,54.937
1780559313.7268956,,,gpu-thermal,55.281
1780559313.7268956,,,soc0-thermal,53.531
1780559313.7268956,,,soc1-thermal,52.75
1780559313.7268956,,,soc2-thermal,53.156
1780559313.7268956,,,tj-thermal,55.281
1780559313.8329406,VDD_IN,6594.496,,
1780559313.8329406,VDD_CPU_GPU_CV,2010.624,,
1780559313.8329406,VDD_SOC,1697.984,,
1780559313.8329406,,,cpu-thermal,54.968
1780559313.8329406,,,gpu-thermal,55.25
1780559313.8329406,,,soc0-thermal,53.406
1780559313.8329406,,,soc1-thermal,52.812
1780559313.8329406,,,soc2-thermal,53.218
1780559313.8329406,,,tj-thermal,55.25
1780559313.939581,VDD_IN,6555.008,,
1780559313.939581,VDD_CPU_GPU_CV,2010.624,,
1780559313.939581,VDD_SOC,1697.984,,
1780559313.939581,,,cpu-thermal,55.343
1780559313.939581,,,gpu-thermal,55.218
1780559313.939581,,,soc0-thermal,53.406
1780559313.939581,,,soc1-thermal,52.968
1780559313.939581,,,soc2-thermal,53.312
1780559313.939581,,,tj-thermal,55.343
1780559314.0461276,VDD_IN,6555.008,,
1780559314.0461276,VDD_CPU_GPU_CV,1971.2,,
1780559314.0461276,VDD_SOC,1658.496,,
1780559314.0461276,,,cpu-thermal,55.0
1780559314.0461276,,,gpu-thermal,55.5
1780559314.0461276,,,soc0-thermal,53.593
1780559314.0461276,,,soc1-thermal,52.843
1780559314.0461276,,,soc2-thermal,53.156
1780559314.0461276,,,tj-thermal,55.5
1780559314.1526453,VDD_IN,6515.52,,
1780559314.1526453,VDD_CPU_GPU_CV,1971.2,,
1780559314.1526453,VDD_SOC,1697.984,,
1780559314.1526453,,,cpu-thermal,55.093
1780559314.1526453,,,gpu-thermal,55.5
1780559314.1526453,,,soc0-thermal,53.468
1780559314.1526453,,,soc1-thermal,52.875
1780559314.1526453,,,soc2-thermal,53.187
1780559314.1526453,,,tj-thermal,55.5
1780559314.2590923,VDD_IN,6555.008,,
1780559314.2590923,VDD_CPU_GPU_CV,2010.624,,
1780559314.2590923,VDD_SOC,1697.984,,
1780559314.2590923,,,cpu-thermal,55.218
1780559314.2590923,,,gpu-thermal,55.406
1780559314.2590923,,,soc0-thermal,53.5
1780559314.2590923,,,soc1-thermal,52.875
1780559314.2590923,,,soc2-thermal,53.187
1780559314.2590923,,,tj-thermal,55.406
1780559314.3660424,VDD_IN,6673.472,,
1780559314.3660424,VDD_CPU_GPU_CV,2050.048,,
1780559314.3660424,VDD_SOC,1695.232,,
1780559314.3660424,,,cpu-thermal,55.343
1780559314.3660424,,,gpu-thermal,55.375
1780559314.3660424,,,soc0-thermal,53.593
1780559314.3660424,,,soc1-thermal,52.875
1780559314.3660424,,,soc2-thermal,53.187
1780559314.3660424,,,tj-thermal,55.375
1780559314.472504,VDD_IN,6741.504,,
1780559314.472504,VDD_CPU_GPU_CV,2086.08,,
1780559314.472504,VDD_SOC,1695.232,,
1780559314.472504,,,cpu-thermal,54.906
1780559314.472504,,,gpu-thermal,55.281
1780559314.472504,,,soc0-thermal,53.531
1780559314.472504,,,soc1-thermal,52.906
1780559314.472504,,,soc2-thermal,53.218
1780559314.472504,,,tj-thermal,55.281
1780559314.5788317,VDD_IN,6712.96,,
1780559314.5788317,VDD_CPU_GPU_CV,2086.08,,
1780559314.5788317,VDD_SOC,1695.232,,
1780559314.5788317,,,cpu-thermal,55.093
1780559314.5788317,,,gpu-thermal,55.687
1780559314.5788317,,,soc0-thermal,53.5
1780559314.5788317,,,soc1-thermal,53.0
1780559314.5788317,,,soc2-thermal,53.281
1780559314.5788317,,,tj-thermal,55.687
1780559314.6848354,VDD_IN,6633.984,,
1780559314.6848354,VDD_CPU_GPU_CV,2050.048,,
1780559314.6848354,VDD_SOC,1697.984,,
1780559314.6848354,,,cpu-thermal,54.937
1780559314.6848354,,,gpu-thermal,55.531
1780559314.6848354,,,soc0-thermal,53.625
1780559314.6848354,,,soc1-thermal,53.156
1780559314.6848354,,,soc2-thermal,53.25
1780559314.6848354,,,tj-thermal,55.531
1780559314.7910292,VDD_IN,6633.984,,
1780559314.7910292,VDD_CPU_GPU_CV,2010.624,,
1780559314.7910292,VDD_SOC,1697.984,,
1780559314.7910292,,,cpu-thermal,55.031
1780559314.7910292,,,gpu-thermal,55.437
1780559314.7910292,,,soc0-thermal,53.5
1780559314.7910292,,,soc1-thermal,52.875
1780559314.7910292,,,soc2-thermal,53.281
1780559314.7910292,,,tj-thermal,55.437
1780559314.8976603,VDD_IN,6594.496,,
1780559314.8976603,VDD_CPU_GPU_CV,2010.624,,
1780559314.8976603,VDD_SOC,1697.984,,
1780559314.8976603,,,cpu-thermal,55.343
1780559314.8976603,,,gpu-thermal,55.343
1780559314.8976603,,,soc0-thermal,53.531
1780559314.8976603,,,soc1-thermal,52.968
1780559314.8976603,,,soc2-thermal,53.343
1780559314.8976603,,,tj-thermal,55.343
1780559315.0038047,VDD_IN,6555.008,,
1780559315.0038047,VDD_CPU_GPU_CV,2010.624,,
1780559315.0038047,VDD_SOC,1697.984,,
1780559315.0038047,,,cpu-thermal,54.968
1780559315.0038047,,,gpu-thermal,55.281
1780559315.0038047,,,soc0-thermal,53.562
1780559315.0038047,,,soc1-thermal,53.093
1780559315.0038047,,,soc2-thermal,53.187
1780559315.0038047,,,tj-thermal,55.281
1780559315.110213,VDD_IN,6555.008,,
1780559315.110213,VDD_CPU_GPU_CV,2010.624,,
1780559315.110213,VDD_SOC,1697.984,,
1780559315.110213,,,cpu-thermal,55.0
1780559315.110213,,,gpu-thermal,55.718
1780559315.110213,,,soc0-thermal,53.687
1780559315.110213,,,soc1-thermal,52.968
1780559315.110213,,,soc2-thermal,53.25
1780559315.110213,,,tj-thermal,55.718
1780559315.2165189,VDD_IN,6515.52,,
1780559315.2165189,VDD_CPU_GPU_CV,1971.2,,
1780559315.2165189,VDD_SOC,1658.496,,
1780559315.2165189,,,cpu-thermal,55.343
1780559315.2165189,,,gpu-thermal,55.593
1780559315.2165189,,,soc0-thermal,53.562
1780559315.2165189,,,soc1-thermal,53.0
1780559315.2165189,,,soc2-thermal,53.375
1780559315.2165189,,,tj-thermal,55.593
1780559315.3230412,VDD_IN,6594.496,,
1780559315.3230412,VDD_CPU_GPU_CV,2010.624,,
1780559315.3230412,VDD_SOC,1697.984,,
1780559315.3230412,,,cpu-thermal,55.343
1780559315.3230412,,,gpu-thermal,55.562
1780559315.3230412,,,soc0-thermal,53.656
1780559315.3230412,,,soc1-thermal,53.062
1780559315.3230412,,,soc2-thermal,53.281
1780559315.3230412,,,tj-thermal,55.562
1780559315.4291492,VDD_IN,6712.96,,
1780559315.4291492,VDD_CPU_GPU_CV,2086.08,,
1780559315.4291492,VDD_SOC,1695.232,,
1780559315.4291492,,,cpu-thermal,55.062
1780559315.4291492,,,gpu-thermal,55.406
1780559315.4291492,,,soc0-thermal,53.687
1780559315.4291492,,,soc1-thermal,52.937
1780559315.4291492,,,soc2-thermal,53.281
1780559315.4291492,,,tj-thermal,55.406
1780559315.5351017,VDD_IN,6712.96,,
1780559315.5351017,VDD_CPU_GPU_CV,2086.08,,
1780559315.5351017,VDD_SOC,1695.232,,
1780559315.5351017,,,cpu-thermal,55.125
1780559315.5351017,,,gpu-thermal,55.593
1780559315.5351017,,,soc0-thermal,53.562
1780559315.5351017,,,soc1-thermal,53.062
1780559315.5351017,,,soc2-thermal,53.437
1780559315.5351017,,,tj-thermal,55.406
1780559315.6411114,VDD_IN,6673.472,,
1780559315.6411114,VDD_CPU_GPU_CV,2050.048,,
1780559315.6411114,VDD_SOC,1695.232,,
1780559315.6411114,,,cpu-thermal,55.218
1780559315.6411114,,,gpu-thermal,55.562
1780559315.6411114,,,soc0-thermal,53.656
1780559315.6411114,,,soc1-thermal,53.093
1780559315.6411114,,,soc2-thermal,53.312
1780559315.6411114,,,tj-thermal,55.343
1780559315.7475054,VDD_IN,6633.984,,
1780559315.7475054,VDD_CPU_GPU_CV,2050.048,,
1780559315.7475054,VDD_SOC,1695.232,,
1780559315.7475054,,,cpu-thermal,55.062
1780559315.7475054,,,gpu-thermal,55.468
1780559315.7475054,,,soc0-thermal,53.625
1780559315.7475054,,,soc1-thermal,52.906
1780559315.7475054,,,soc2-thermal,53.375
1780559315.7475054,,,tj-thermal,55.718
1780559315.8535423,VDD_IN,6594.496,,
1780559315.8535423,VDD_CPU_GPU_CV,2010.624,,
1780559315.8535423,VDD_SOC,1697.984,,
1780559315.8535423,,,cpu-thermal,55.156
1780559315.8535423,,,gpu-thermal,55.437
1780559315.8535423,,,soc0-thermal,53.593
1780559315.8535423,,,soc1-thermal,53.031
1780559315.8535423,,,soc2-thermal,53.312
1780559315.8535423,,,tj-thermal,55.593
1780559315.9596245,VDD_IN,6594.496,,
1780559315.9596245,VDD_CPU_GPU_CV,2010.624,,
1780559315.9596245,VDD_SOC,1697.984,,
1780559315.9596245,,,cpu-thermal,55.093
1780559315.9596245,,,gpu-thermal,55.343
1780559315.9596245,,,soc0-thermal,53.593
1780559315.9596245,,,soc1-thermal,53.062
1780559315.9596245,,,soc2-thermal,53.375
1780559315.9596245,,,tj-thermal,55.5
1780559316.065716,VDD_IN,6555.008,,
1780559316.065716,VDD_CPU_GPU_CV,2010.624,,
1780559316.065716,VDD_SOC,1697.984,,
1780559316.065716,,,cpu-thermal,55.25
1780559316.065716,,,gpu-thermal,55.656
1780559316.065716,,,soc0-thermal,53.718
1780559316.065716,,,soc1-thermal,53.187
1780559316.065716,,,soc2-thermal,53.343
1780559316.065716,,,tj-thermal,55.656
1780559316.1716547,VDD_IN,6515.52,,
1780559316.1716547,VDD_CPU_GPU_CV,2010.624,,
1780559316.1716547,VDD_SOC,1697.984,,
1780559316.1716547,,,cpu-thermal,55.156
1780559316.1716547,,,gpu-thermal,55.593
1780559316.1716547,,,soc0-thermal,53.687
1780559316.1716547,,,soc1-thermal,53.0
1780559316.1716547,,,soc2-thermal,53.375
1780559316.1716547,,,tj-thermal,55.593
1780559316.278155,VDD_IN,6555.008,,
1780559316.278155,VDD_CPU_GPU_CV,2010.624,,
1780559316.278155,VDD_SOC,1697.984,,
1780559316.278155,,,cpu-thermal,55.343
1780559316.278155,,,gpu-thermal,55.5
1780559316.278155,,,soc0-thermal,53.531
1780559316.278155,,,soc1-thermal,53.031
1780559316.278155,,,soc2-thermal,53.375
1780559316.278155,,,tj-thermal,55.5
1780559316.3846064,VDD_IN,6673.472,,
1780559316.3846064,VDD_CPU_GPU_CV,2050.048,,
1780559316.3846064,VDD_SOC,1695.232,,
1780559316.3846064,,,cpu-thermal,55.531
1780559316.3846064,,,gpu-thermal,55.406
1780559316.3846064,,,soc0-thermal,53.687
1780559316.3846064,,,soc1-thermal,53.187
1780559316.3846064,,,soc2-thermal,53.343
1780559316.3846064,,,tj-thermal,55.531
1780559316.491262,VDD_IN,6741.504,,
1780559316.491262,VDD_CPU_GPU_CV,2086.08,,
1780559316.491262,VDD_SOC,1695.232,,
1780559316.491262,,,cpu-thermal,55.187
1780559316.491262,,,gpu-thermal,55.437
1780559316.491262,,,soc0-thermal,53.531
1780559316.491262,,,soc1-thermal,53.031
1780559316.491262,,,soc2-thermal,53.343
1780559316.491262,,,tj-thermal,55.437
1780559316.597564,VDD_IN,6673.472,,
1780559316.597564,VDD_CPU_GPU_CV,2050.048,,
1780559316.597564,VDD_SOC,1695.232,,
1780559316.597564,,,cpu-thermal,55.281
1780559316.597564,,,gpu-thermal,55.75
1780559316.597564,,,soc0-thermal,53.593
1780559316.597564,,,soc1-thermal,53.125
1780559316.597564,,,soc2-thermal,53.437
1780559316.597564,,,tj-thermal,55.75
1780559316.7035804,VDD_IN,6633.984,,
1780559316.7035804,VDD_CPU_GPU_CV,2050.048,,
1780559316.7035804,VDD_SOC,1695.232,,
1780559316.7035804,,,cpu-thermal,55.343
1780559316.7035804,,,gpu-thermal,55.656
1780559316.7035804,,,soc0-thermal,53.687
1780559316.7035804,,,soc1-thermal,53.156
1780559316.7035804,,,soc2-thermal,53.406
1780559316.7035804,,,tj-thermal,55.656
1780559316.8102064,VDD_IN,6594.496,,
1780559316.8102064,VDD_CPU_GPU_CV,2010.624,,
1780559316.8102064,VDD_SOC,1697.984,,
1780559316.8102064,,,cpu-thermal,55.218
1780559316.8102064,,,gpu-thermal,55.593
1780559316.8102064,,,soc0-thermal,53.562
1780559316.8102064,,,soc1-thermal,53.062
1780559316.8102064,,,soc2-thermal,53.468
1780559316.8102064,,,tj-thermal,55.593
1780559316.9164593,VDD_IN,6555.008,,
1780559316.9164593,VDD_CPU_GPU_CV,2010.624,,
1780559316.9164593,VDD_SOC,1697.984,,
1780559316.9164593,,,cpu-thermal,55.125
1780559316.9164593,,,gpu-thermal,55.468
1780559316.9164593,,,soc0-thermal,53.656
1780559316.9164593,,,soc1-thermal,53.093
1780559316.9164593,,,soc2-thermal,53.406
1780559316.9164593,,,tj-thermal,55.531
1780559317.0230792,VDD_IN,6555.008,,
1780559317.0230792,VDD_CPU_GPU_CV,2010.624,,
1780559317.0230792,VDD_SOC,1697.984,,
1780559317.0230792,,,cpu-thermal,55.25
1780559317.0230792,,,gpu-thermal,55.468
1780559317.0230792,,,soc0-thermal,53.781
1780559317.0230792,,,soc1-thermal,53.187
1780559317.0230792,,,soc2-thermal,53.375
1780559317.0230792,,,tj-thermal,55.468
1780559317.1295495,VDD_IN,6555.008,,
1780559317.1295495,VDD_CPU_GPU_CV,2010.624,,
1780559317.1295495,VDD_SOC,1697.984,,
1780559317.1295495,,,cpu-thermal,55.125
1780559317.1295495,,,gpu-thermal,55.812
1780559317.1295495,,,soc0-thermal,53.906
1780559317.1295495,,,soc1-thermal,53.093
1780559317.1295495,,,soc2-thermal,53.375
1780559317.1295495,,,tj-thermal,55.812
1780559317.235577,VDD_IN,6555.008,,
1780559317.235577,VDD_CPU_GPU_CV,1971.2,,
1780559317.235577,VDD_SOC,1658.496,,
1780559317.235577,,,cpu-thermal,55.406
1780559317.235577,,,gpu-thermal,55.781
1780559317.235577,,,soc0-thermal,53.593
1780559317.235577,,,soc1-thermal,53.093
1780559317.235577,,,soc2-thermal,53.468
1780559317.235577,,,tj-thermal,55.781
1780559317.3418105,VDD_IN,6633.984,,
1780559317.3418105,VDD_CPU_GPU_CV,2050.048,,
1780559317.3418105,VDD_SOC,1697.984,,
1780559317.3418105,,,cpu-thermal,55.531
1780559317.3418105,,,gpu-thermal,55.593
1780559317.3418105,,,soc0-thermal,53.625
1780559317.3418105,,,soc1-thermal,53.156
1780559317.3418105,,,soc2-thermal,53.375
1780559317.3418105,,,tj-thermal,55.593
1780559317.4476764,VDD_IN,6702.08,,
1780559317.4476764,VDD_CPU_GPU_CV,2086.08,,
1780559317.4476764,VDD_SOC,1695.232,,
1780559317.4476764,,,cpu-thermal,55.093
1780559317.4476764,,,gpu-thermal,55.625
1780559317.4476764,,,soc0-thermal,53.781
1780559317.4476764,,,soc1-thermal,53.343
1780559317.4476764,,,soc2-thermal,53.468
1780559317.4476764,,,tj-thermal,55.625
1780559317.5536833,VDD_IN,6712.96,,
1780559317.5536833,VDD_CPU_GPU_CV,2086.08,,
1780559317.5536833,VDD_SOC,1695.232,,
1780559317.5536833,,,cpu-thermal,55.25
1780559317.5536833,,,gpu-thermal,55.562
1780559317.5536833,,,soc0-thermal,53.656
1780559317.5536833,,,soc1-thermal,53.125
1780559317.5536833,,,soc2-thermal,53.406
1780559317.5536833,,,tj-thermal,55.562
1780559317.659984,VDD_IN,6673.472,,
1780559317.659984,VDD_CPU_GPU_CV,2050.048,,
1780559317.659984,VDD_SOC,1697.984,,
1780559317.659984,,,cpu-thermal,55.5
1780559317.659984,,,gpu-thermal,55.437
1780559317.659984,,,soc0-thermal,53.687
1780559317.659984,,,soc1-thermal,53.156
1780559317.659984,,,soc2-thermal,53.437
1780559317.659984,,,tj-thermal,55.5
1780559317.7659948,VDD_IN,6594.496,,
1780559317.7659948,VDD_CPU_GPU_CV,2010.624,,
1780559317.7659948,VDD_SOC,1697.984,,
1780559317.7659948,,,cpu-thermal,55.406
1780559317.7659948,,,gpu-thermal,55.531
1780559317.7659948,,,soc0-thermal,53.781
1780559317.7659948,,,soc1-thermal,53.343
1780559317.7659948,,,soc2-thermal,53.468
1780559317.7659948,,,tj-thermal,55.875
1780559317.8719072,VDD_IN,6555.008,,
1780559317.8719072,VDD_CPU_GPU_CV,2010.624,,
1780559317.8719072,VDD_SOC,1697.984,,
1780559317.8719072,,,cpu-thermal,55.312
1780559317.8719072,,,gpu-thermal,55.562
1780559317.8719072,,,soc0-thermal,53.718
1780559317.8719072,,,soc1-thermal,53.187
1780559317.8719072,,,soc2-thermal,53.437
1780559317.8719072,,,tj-thermal,55.718
1780559317.9784636,VDD_IN,6555.008,,
1780559317.9784636,VDD_CPU_GPU_CV,2010.624,,
1780559317.9784636,VDD_SOC,1697.984,,
1780559317.9784636,,,cpu-thermal,55.343
1780559317.9784636,,,gpu-thermal,55.406
1780559317.9784636,,,soc0-thermal,53.781
1780559317.9784636,,,soc1-thermal,53.125
1780559317.9784636,,,soc2-thermal,53.531
1780559317.9784636,,,tj-thermal,55.593
1780559318.0847414,VDD_IN,6555.008,,
1780559318.0847414,VDD_CPU_GPU_CV,1971.2,,
1780559318.0847414,VDD_SOC,1697.984,,
1780559318.0847414,,,cpu-thermal,55.156
1780559318.0847414,,,gpu-thermal,55.812
1780559318.0847414,,,soc0-thermal,53.781
1780559318.0847414,,,soc1-thermal,53.25
1780559318.0847414,,,soc2-thermal,53.562
1780559318.0847414,,,tj-thermal,55.531
1780559318.1907253,VDD_IN,6555.008,,
1780559318.1907253,VDD_CPU_GPU_CV,1971.2,,
1780559318.1907253,VDD_SOC,1658.496,,
1780559318.1907253,,,cpu-thermal,55.218
1780559318.1907253,,,gpu-thermal,55.687
1780559318.1907253,,,soc0-thermal,53.875
1780559318.1907253,,,soc1-thermal,53.093
1780559318.1907253,,,soc2-thermal,53.468
1780559318.1907253,,,tj-thermal,55.593
1780559318.2970445,VDD_IN,6594.496,,
1780559318.2970445,VDD_CPU_GPU_CV,2010.624,,
1780559318.2970445,VDD_SOC,1697.984,,
1780559318.2970445,,,cpu-thermal,55.343
1780559318.2970445,,,gpu-thermal,55.625
1780559318.2970445,,,soc0-thermal,53.75
1780559318.2970445,,,soc1-thermal,53.187
1780559318.2970445,,,soc2-thermal,53.593
1780559318.2970445,,,tj-thermal,55.968
1780559318.4035318,VDD_IN,6673.472,,
1780559318.4035318,VDD_CPU_GPU_CV,2050.048,,
1780559318.4035318,VDD_SOC,1695.232,,
1780559318.4035318,,,cpu-thermal,55.187
1780559318.4035318,,,gpu-thermal,55.593
1780559318.4035318,,,soc0-thermal,53.781
1780559318.4035318,,,soc1-thermal,53.468
1780559318.4035318,,,soc2-thermal,53.468
1780559318.4035318,,,tj-thermal,55.75
1780559318.5103521,VDD_IN,6702.08,,
1780559318.5103521,VDD_CPU_GPU_CV,2086.08,,
1780559318.5103521,VDD_SOC,1695.232,,
1780559318.5103521,,,cpu-thermal,55.312
1780559318.5103521,,,gpu-thermal,55.531
1780559318.5103521,,,soc0-thermal,53.906
1780559318.5103521,,,soc1-thermal,53.093
1780559318.5103521,,,soc2-thermal,53.5
1780559318.5103521,,,tj-thermal,55.687
1780559318.6163964,VDD_IN,6673.472,,
1780559318.6163964,VDD_CPU_GPU_CV,2046.72,,
1780559318.6163964,VDD_SOC,1695.232,,
1780559318.6163964,,,cpu-thermal,55.437
1780559318.6163964,,,gpu-thermal,55.937
1780559318.6163964,,,soc0-thermal,53.781
1780559318.6163964,,,soc1-thermal,53.218
1780559318.6163964,,,soc2-thermal,53.5
1780559318.6163964,,,tj-thermal,55.593
1780559318.7225382,VDD_IN,6633.984,,
1780559318.7225382,VDD_CPU_GPU_CV,2050.048,,
1780559318.7225382,VDD_SOC,1697.984,,
1780559318.7225382,,,cpu-thermal,55.562
1780559318.7225382,,,gpu-thermal,55.781
1780559318.7225382,,,soc0-thermal,53.812
1780559318.7225382,,,soc1-thermal,53.406
1780559318.7225382,,,soc2-thermal,53.562
1780559318.7225382,,,tj-thermal,55.562
1780559318.8290248,VDD_IN,6594.496,,
1780559318.8290248,VDD_CPU_GPU_CV,2010.624,,
1780559318.8290248,VDD_SOC,1697.984,,
1780559318.8290248,,,cpu-thermal,55.343
1780559318.8290248,,,gpu-thermal,55.781
1780559318.8290248,,,soc0-thermal,54.0
1780559318.8290248,,,soc1-thermal,53.093
1780559318.8290248,,,soc2-thermal,53.593
1780559318.8290248,,,tj-thermal,55.531
1780559318.935085,VDD_IN,6555.008,,
1780559318.935085,VDD_CPU_GPU_CV,2010.624,,
1780559318.935085,VDD_SOC,1697.984,,
1780559318.935085,,,cpu-thermal,55.375
1780559318.935085,,,gpu-thermal,55.593
1780559318.935085,,,soc0-thermal,53.75
1780559318.935085,,,soc1-thermal,53.187
1780559318.935085,,,soc2-thermal,53.593
1780559318.935085,,,tj-thermal,55.593
1780559319.0413053,VDD_IN,6555.008,,
1780559319.0413053,VDD_CPU_GPU_CV,2010.624,,
1780559319.0413053,VDD_SOC,1697.984,,
1780559319.0413053,,,cpu-thermal,55.375
1780559319.0413053,,,gpu-thermal,55.593
1780559319.0413053,,,soc0-thermal,53.812
1780559319.0413053,,,soc1-thermal,53.312
1780559319.0413053,,,soc2-thermal,53.593
1780559319.0413053,,,tj-thermal,55.593
1780559319.1475801,VDD_IN,6515.52,,
1780559319.1475801,VDD_CPU_GPU_CV,1971.2,,
1780559319.1475801,VDD_SOC,1658.496,,
1780559319.1475801,,,cpu-thermal,55.343
1780559319.1475801,,,gpu-thermal,56.062
1780559319.1475801,,,soc0-thermal,53.937
1780559319.1475801,,,soc1-thermal,53.218
1780559319.1475801,,,soc2-thermal,53.531
1780559319.1475801,,,tj-thermal,56.062
1780559319.253956,VDD_IN,6515.52,,
1780559319.253956,VDD_CPU_GPU_CV,1971.2,,
1780559319.253956,VDD_SOC,1697.984,,
1780559319.253956,,,cpu-thermal,55.312
1780559319.253956,,,gpu-thermal,55.906
1780559319.253956,,,soc0-thermal,53.812
1780559319.253956,,,soc1-thermal,53.25
1780559319.253956,,,soc2-thermal,53.562
1780559319.253956,,,tj-thermal,55.906
1780559319.360534,VDD_IN,6633.984,,
1780559319.360534,VDD_CPU_GPU_CV,2050.048,,
1780559319.360534,VDD_SOC,1695.232,,
1780559319.360534,,,cpu-thermal,55.281
1780559319.360534,,,gpu-thermal,55.781
1780559319.360534,,,soc0-thermal,53.812
1780559319.360534,,,soc1-thermal,53.281
1780559319.360534,,,soc2-thermal,53.687
1780559319.360534,,,tj-thermal,55.781
1780559319.466332,VDD_IN,6702.08,,
1780559319.466332,VDD_CPU_GPU_CV,2086.08,,
1780559319.466332,VDD_SOC,1695.232,,
1780559319.466332,,,cpu-thermal,55.343
1780559319.466332,,,gpu-thermal,55.687
1780559319.466332,,,soc0-thermal,53.937
1780559319.466332,,,soc1-thermal,53.437
1780559319.466332,,,soc2-thermal,53.531
1780559319.466332,,,tj-thermal,55.687
1780559319.5723014,VDD_IN,6673.472,,
1780559319.5723014,VDD_CPU_GPU_CV,2050.048,,
1780559319.5723014,VDD_SOC,1695.232,,
1780559319.5723014,,,cpu-thermal,55.281
1780559319.5723014,,,gpu-thermal,55.718
1780559319.5723014,,,soc0-thermal,53.812
1780559319.5723014,,,soc1-thermal,53.187
1780559319.5723014,,,soc2-thermal,53.656
1780559319.5723014,,,tj-thermal,55.718
1780559319.6785195,VDD_IN,6633.984,,
1780559319.6785195,VDD_CPU_GPU_CV,2050.048,,
1780559319.6785195,VDD_SOC,1695.232,,
1780559319.6785195,,,cpu-thermal,55.531
1780559319.6785195,,,gpu-thermal,55.562
1780559319.6785195,,,soc0-thermal,53.843
1780559319.6785195,,,soc1-thermal,53.25
1780559319.6785195,,,soc2-thermal,53.656
1780559319.6785195,,,tj-thermal,55.562
1780559319.7846892,VDD_IN,6594.496,,
1780559319.7846892,VDD_CPU_GPU_CV,2010.624,,
1780559319.7846892,VDD_SOC,1697.984,,
1780559319.7846892,,,cpu-thermal,55.718
1780559319.7846892,,,gpu-thermal,55.937
1780559319.7846892,,,soc0-thermal,53.937
1780559319.7846892,,,soc1-thermal,53.406
1780559319.7846892,,,soc2-thermal,53.562
1780559319.7846892,,,tj-thermal,55.937
1780559319.891008,VDD_IN,6594.496,,
1780559319.891008,VDD_CPU_GPU_CV,2010.624,,
1780559319.891008,VDD_SOC,1697.984,,
1780559319.891008,,,cpu-thermal,55.468
1780559319.891008,,,gpu-thermal,55.906
1780559319.891008,,,soc0-thermal,53.843
1780559319.891008,,,soc1-thermal,53.25
1780559319.891008,,,soc2-thermal,53.625
1780559319.891008,,,tj-thermal,55.906
1780559319.997602,VDD_IN,6555.008,,
1780559319.997602,VDD_CPU_GPU_CV,2010.624,,
1780559319.997602,VDD_SOC,1697.984,,
1780559319.997602,,,cpu-thermal,55.5
1780559319.997602,,,gpu-thermal,55.75
1780559319.997602,,,soc0-thermal,53.906
1780559319.997602,,,soc1-thermal,53.312
1780559319.997602,,,soc2-thermal,53.625
1780559319.997602,,,tj-thermal,55.75
1780559320.1038404,VDD_IN,6555.008,,
1780559320.1038404,VDD_CPU_GPU_CV,1971.2,,
1780559320.1038404,VDD_SOC,1697.984,,
1780559320.1038404,,,cpu-thermal,55.593
1780559320.1038404,,,gpu-thermal,55.593
1780559320.1038404,,,soc0-thermal,53.937
1780559320.1038404,,,soc1-thermal,53.468
1780559320.1038404,,,soc2-thermal,53.562
1780559320.1038404,,,tj-thermal,55.593
1780559320.2100203,VDD_IN,6555.008,,
1780559320.2100203,VDD_CPU_GPU_CV,1971.2,,
1780559320.2100203,VDD_SOC,1658.496,,
1780559320.2100203,,,cpu-thermal,55.531
1780559320.2100203,,,gpu-thermal,55.625
1780559320.2100203,,,soc0-thermal,54.093
1780559320.2100203,,,soc1-thermal,53.281
1780559320.2100203,,,soc2-thermal,53.656
1780559320.2100203,,,tj-thermal,55.625
1780559320.3165097,VDD_IN,6594.496,,
1780559320.3165097,VDD_CPU_GPU_CV,2010.624,,
1780559320.3165097,VDD_SOC,1697.984,,
1780559320.3165097,,,cpu-thermal,55.406
1780559320.3165097,,,gpu-thermal,56.093
1780559320.3165097,,,soc0-thermal,53.968
1780559320.3165097,,,soc1-thermal,53.25
1780559320.3165097,,,soc2-thermal,53.687
1780559320.3165097,,,tj-thermal,56.093
1780559320.4225235,VDD_IN,6712.96,,
1780559320.4225235,VDD_CPU_GPU_CV,2086.08,,
1780559320.4225235,VDD_SOC,1695.232,,
1780559320.4225235,,,cpu-thermal,55.437
1780559320.4225235,,,gpu-thermal,55.968
1780559320.4225235,,,soc0-thermal,54.031
1780559320.4225235,,,soc1-thermal,53.437
1780559320.4225235,,,soc2-thermal,53.625
1780559320.4225235,,,tj-thermal,55.968
1780559320.5287335,VDD_IN,6712.96,,
1780559320.5287335,VDD_CPU_GPU_CV,2086.08,,
1780559320.5287335,VDD_SOC,1695.232,,
1780559320.5287335,,,cpu-thermal,55.343
1780559320.5287335,,,gpu-thermal,55.718
1780559320.5287335,,,soc0-thermal,54.031
1780559320.5287335,,,soc1-thermal,53.281
1780559320.5287335,,,soc2-thermal,53.656
1780559320.5287335,,,tj-thermal,55.906
1780559320.6347678,VDD_IN,6673.472,,
1780559320.6347678,VDD_CPU_GPU_CV,2050.048,,
1780559320.6347678,VDD_SOC,1695.232,,
1780559320.6347678,,,cpu-thermal,55.5
1780559320.6347678,,,gpu-thermal,56.031
1780559320.6347678,,,soc0-thermal,53.906
1780559320.6347678,,,soc1-thermal,53.375
1780559320.6347678,,,soc2-thermal,53.718
1780559320.6347678,,,tj-thermal,55.812
1780559320.7407234,VDD_IN,6633.984,,
1780559320.7407234,VDD_CPU_GPU_CV,2010.624,,
1780559320.7407234,VDD_SOC,1697.984,,
1780559320.7407234,,,cpu-thermal,55.843
1780559320.7407234,,,gpu-thermal,55.937
1780559320.7407234,,,soc0-thermal,53.906
1780559320.7407234,,,soc1-thermal,53.406
1780559320.7407234,,,soc2-thermal,53.75
1780559320.7407234,,,tj-thermal,55.843
1780559320.8471663,VDD_IN,6594.496,,
1780559320.8471663,VDD_CPU_GPU_CV,2010.624,,
1780559320.8471663,VDD_SOC,1697.984,,
1780559320.8471663,,,cpu-thermal,55.437
1780559320.8471663,,,gpu-thermal,55.812
1780559320.8471663,,,soc0-thermal,54.093
1780559320.8471663,,,soc1-thermal,53.437
1780559320.8471663,,,soc2-thermal,53.718
1780559320.8471663,,,tj-thermal,55.625
1780559320.9532714,VDD_IN,6555.008,,
1780559320.9532714,VDD_CPU_GPU_CV,2010.624,,
1780559320.9532714,VDD_SOC,1697.984,,
1780559320.9532714,,,cpu-thermal,55.5
1780559320.9532714,,,gpu-thermal,55.718
1780559320.9532714,,,soc0-thermal,53.937
1780559320.9532714,,,soc1-thermal,53.343
1780559320.9532714,,,soc2-thermal,53.687
1780559320.9532714,,,tj-thermal,56.031
1780559321.0600789,VDD_IN,6555.008,,
1780559321.0600789,VDD_CPU_GPU_CV,1971.2,,
1780559321.0600789,VDD_SOC,1697.984,,
1780559321.0600789,,,cpu-thermal,55.625
1780559321.0600789,,,gpu-thermal,55.656
1780559321.0600789,,,soc0-thermal,54.0
1780559321.0600789,,,soc1-thermal,53.5
1780559321.0600789,,,soc2-thermal,53.75
1780559321.0600789,,,tj-thermal,55.843
1780559321.1663024,VDD_IN,6515.52,,
1780559321.1663024,VDD_CPU_GPU_CV,1971.2,,
1780559321.1663024,VDD_SOC,1658.496,,
1780559321.1663024,,,cpu-thermal,55.687
1780559321.1663024,,,gpu-thermal,56.125
1780559321.1663024,,,soc0-thermal,54.031
1780559321.1663024,,,soc1-thermal,53.593
1780559321.1663024,,,soc2-thermal,53.656
1780559321.1663024,,,tj-thermal,55.812
1780559321.2725284,VDD_IN,6555.008,,
1780559321.2725284,VDD_CPU_GPU_CV,2010.624,,
1780559321.2725284,VDD_SOC,1697.984,,
1780559321.2725284,,,cpu-thermal,55.468
1780559321.2725284,,,gpu-thermal,56.031
1780559321.2725284,,,soc0-thermal,53.968
1780559321.2725284,,,soc1-thermal,53.343
1780559321.2725284,,,soc2-thermal,53.781
1780559321.2725284,,,tj-thermal,55.781
1780559321.378716,VDD_IN,6673.472,,
1780559321.378716,VDD_CPU_GPU_CV,2046.72,,
1780559321.378716,VDD_SOC,1695.232,,
1780559321.378716,,,cpu-thermal,55.625
1780559321.378716,,,gpu-thermal,55.937
1780559321.378716,,,soc0-thermal,54.0
1780559321.378716,,,soc1-thermal,53.375
1780559321.378716,,,soc2-thermal,53.718
1780559321.378716,,,tj-thermal,55.937
1780559321.484517,VDD_IN,6702.08,,
1780559321.484517,VDD_CPU_GPU_CV,2086.08,,
1780559321.484517,VDD_SOC,1695.232,,
1780559321.484517,,,cpu-thermal,55.437
1780559321.484517,,,gpu-thermal,55.875
1780559321.484517,,,soc0-thermal,54.031
1780559321.484517,,,soc1-thermal,53.437
1780559321.484517,,,soc2-thermal,53.75
1780559321.484517,,,tj-thermal,55.875
1780559321.590845,VDD_IN,6673.472,,
1780559321.590845,VDD_CPU_GPU_CV,2046.72,,
1780559321.590845,VDD_SOC,1695.232,,
1780559321.590845,,,cpu-thermal,55.468
1780559321.590845,,,gpu-thermal,55.75
1780559321.590845,,,soc0-thermal,54.093
1780559321.590845,,,soc1-thermal,53.406
1780559321.590845,,,soc2-thermal,53.687
1780559321.590845,,,tj-thermal,55.75
1780559321.6972141,VDD_IN,6633.984,,
1780559321.6972141,VDD_CPU_GPU_CV,2046.72,,
1780559321.6972141,VDD_SOC,1695.232,,
1780559321.6972141,,,cpu-thermal,55.531
1780559321.6972141,,,gpu-thermal,55.718
1780559321.6972141,,,soc0-thermal,54.031
1780559321.6972141,,,soc1-thermal,53.406
1780559321.6972141,,,soc2-thermal,53.781
1780559321.6972141,,,tj-thermal,55.781
1780559321.8036275,VDD_IN,6633.984,,
1780559321.8036275,VDD_CPU_GPU_CV,2046.72,,
1780559321.8036275,VDD_SOC,1695.232,,
1780559321.8036275,,,cpu-thermal,55.5
1780559321.8036275,,,gpu-thermal,56.125
1780559321.8036275,,,soc0-thermal,53.968
1780559321.8036275,,,soc1-thermal,53.562
1780559321.8036275,,,soc2-thermal,53.687
1780559321.8036275,,,tj-thermal,56.125
1780559321.9101446,VDD_IN,6633.984,,
1780559321.9101446,VDD_CPU_GPU_CV,2050.048,,
1780559321.9101446,VDD_SOC,1695.232,,
1780559321.9101446,,,cpu-thermal,55.5
1780559321.9101446,,,gpu-thermal,55.937
1780559321.9101446,,,soc0-thermal,54.156
1780559321.9101446,,,soc1-thermal,53.406
1780559321.9101446,,,soc2-thermal,53.812
1780559321.9101446,,,tj-thermal,55.937
1780559322.016191,VDD_IN,6594.496,,
1780559322.016191,VDD_CPU_GPU_CV,2010.624,,
1780559322.016191,VDD_SOC,1697.984,,
1780559322.016191,,,cpu-thermal,55.718
1780559322.016191,,,gpu-thermal,55.875
1780559322.016191,,,soc0-thermal,53.968
1780559322.016191,,,soc1-thermal,53.343
1780559322.016191,,,soc2-thermal,53.843
1780559322.016191,,,tj-thermal,55.875
1780559322.1220832,VDD_IN,6555.008,,
1780559322.1220832,VDD_CPU_GPU_CV,2010.624,,
1780559322.1220832,VDD_SOC,1697.984,,
1780559322.1220832,,,cpu-thermal,55.812
1780559322.1220832,,,gpu-thermal,55.906
1780559322.1220832,,,soc0-thermal,53.968
1780559322.1220832,,,soc1-thermal,53.562
1780559322.1220832,,,soc2-thermal,53.875
1780559322.1220832,,,tj-thermal,55.906
1780559322.2287095,VDD_IN,6555.008,,
1780559322.2287095,VDD_CPU_GPU_CV,2010.624,,
1780559322.2287095,VDD_SOC,1658.496,,
1780559322.2287095,,,cpu-thermal,55.625
1780559322.2287095,,,gpu-thermal,55.718
1780559322.2287095,,,soc0-thermal,54.156
1780559322.2287095,,,soc1-thermal,53.375
1780559322.2287095,,,soc2-thermal,53.781
1780559322.2287095,,,tj-thermal,55.718
1780559322.3351343,VDD_IN,6633.984,,
1780559322.3351343,VDD_CPU_GPU_CV,2050.048,,
1780559322.3351343,VDD_SOC,1695.232,,
1780559322.3351343,,,cpu-thermal,55.625
1780559322.3351343,,,gpu-thermal,56.25
1780559322.3351343,,,soc0-thermal,54.031
1780559322.3351343,,,soc1-thermal,53.406
1780559322.3351343,,,soc2-thermal,53.812
1780559322.3351343,,,tj-thermal,56.25
1780559322.4411604,VDD_IN,6712.96,,
1780559322.4411604,VDD_CPU_GPU_CV,2086.08,,
1780559322.4411604,VDD_SOC,1695.232,,
1780559322.4411604,,,cpu-thermal,55.75
1780559322.4411604,,,gpu-thermal,56.093
1780559322.4411604,,,soc0-thermal,54.093
1780559322.4411604,,,soc1-thermal,53.406
1780559322.4411604,,,soc2-thermal,53.875
1780559322.4411604,,,tj-thermal,56.093
1780559322.547214,VDD_IN,6712.96,,
1780559322.547214,VDD_CPU_GPU_CV,2086.08,,
1780559322.547214,VDD_SOC,1695.232,,
1780559322.547214,,,cpu-thermal,55.5
1780559322.547214,,,gpu-thermal,55.968
1780559322.547214,,,soc0-thermal,54.125
1780559322.547214,,,soc1-thermal,53.5
1780559322.547214,,,soc2-thermal,53.812
1780559322.547214,,,tj-thermal,55.968
1780559322.6536286,VDD_IN,6633.984,,
1780559322.6536286,VDD_CPU_GPU_CV,2050.048,,
1780559322.6536286,VDD_SOC,1695.232,,
1780559322.6536286,,,cpu-thermal,55.531
1780559322.6536286,,,gpu-thermal,55.968
1780559322.6536286,,,soc0-thermal,53.968
1780559322.6536286,,,soc1-thermal,53.437
1780559322.6536286,,,soc2-thermal,53.781
1780559322.6536286,,,tj-thermal,55.968
1780559322.7598445,VDD_IN,6633.984,,
1780559322.7598445,VDD_CPU_GPU_CV,2010.624,,
1780559322.7598445,VDD_SOC,1697.984,,
1780559322.7598445,,,cpu-thermal,56.0
1780559322.7598445,,,gpu-thermal,55.906
1780559322.7598445,,,soc0-thermal,54.062
1780559322.7598445,,,soc1-thermal,53.562
1780559322.7598445,,,soc2-thermal,53.906
1780559322.7598445,,,tj-thermal,56.0
1780559322.866342,VDD_IN,6594.496,,
1780559322.866342,VDD_CPU_GPU_CV,2010.624,,
1780559322.866342,VDD_SOC,1697.984,,
1780559322.866342,,,cpu-thermal,55.593
1780559322.866342,,,gpu-thermal,55.781
1780559322.866342,,,soc0-thermal,54.125
1780559322.866342,,,soc1-thermal,53.593
1780559322.866342,,,soc2-thermal,53.843
1780559322.866342,,,tj-thermal,55.781
1780559322.9722064,VDD_IN,6555.008,,
1780559322.9722064,VDD_CPU_GPU_CV,2010.624,,
1780559322.9722064,VDD_SOC,1697.984,,
1780559322.9722064,,,cpu-thermal,55.593
1780559322.9722064,,,gpu-thermal,55.812
1780559322.9722064,,,soc0-thermal,54.312
1780559322.9722064,,,soc1-thermal,53.437
1780559322.9722064,,,soc2-thermal,53.843
1780559322.9722064,,,tj-thermal,56.187
1780559323.0784447,VDD_IN,6515.52,,
1780559323.0784447,VDD_CPU_GPU_CV,1971.2,,
1780559323.0784447,VDD_SOC,1697.984,,
1780559323.0784447,,,cpu-thermal,55.843
1780559323.0784447,,,gpu-thermal,55.906
1780559323.0784447,,,soc0-thermal,54.093
1780559323.0784447,,,soc1-thermal,53.5
1780559323.0784447,,,soc2-thermal,53.875
1780559323.0784447,,,tj-thermal,56.062
1780559323.1846232,VDD_IN,6515.52,,
1780559323.1846232,VDD_CPU_GPU_CV,1971.2,,
1780559323.1846232,VDD_SOC,1658.496,,
1780559323.1846232,,,cpu-thermal,55.843
1780559323.1846232,,,gpu-thermal,56.312
1780559323.1846232,,,soc0-thermal,54.156
1780559323.1846232,,,soc1-thermal,53.656
1780559323.1846232,,,soc2-thermal,53.781
1780559323.1846232,,,tj-thermal,55.937
1780559323.290773,VDD_IN,6555.008,,
1780559323.290773,VDD_CPU_GPU_CV,2010.624,,
1780559323.290773,VDD_SOC,1697.984,,
1780559323.290773,,,cpu-thermal,55.562
1780559323.290773,,,gpu-thermal,56.156
1780559323.290773,,,soc0-thermal,54.187
1780559323.290773,,,soc1-thermal,53.468
1780559323.290773,,,soc2-thermal,53.875
1780559323.290773,,,tj-thermal,55.937
1780559323.3970273,VDD_IN,6673.472,,
1780559323.3970273,VDD_CPU_GPU_CV,2050.048,,
1780559323.3970273,VDD_SOC,1695.232,,
1780559323.3970273,,,cpu-thermal,55.625
1780559323.3970273,,,gpu-thermal,56.062
1780559323.3970273,,,soc0-thermal,54.093
1780559323.3970273,,,soc1-thermal,53.468
1780559323.3970273,,,soc2-thermal,53.906
1780559323.3970273,,,tj-thermal,56.062
1780559323.50293,VDD_IN,6673.472,,
1780559323.50293,VDD_CPU_GPU_CV,2046.72,,
1780559323.50293,VDD_SOC,1695.232,,
1780559323.50293,,,cpu-thermal,55.75
1780559323.50293,,,gpu-thermal,56.093
1780559323.50293,,,soc0-thermal,54.187
1780559323.50293,,,soc1-thermal,53.625
1780559323.50293,,,soc2-thermal,54.0
1780559323.50293,,,tj-thermal,56.093
1780559323.609169,VDD_IN,6594.496,,
1780559323.609169,VDD_CPU_GPU_CV,2050.048,,
1780559323.609169,VDD_SOC,1697.984,,
1780559323.609169,,,cpu-thermal,55.625
1780559323.609169,,,gpu-thermal,55.812
1780559323.609169,,,soc0-thermal,54.281
1780559323.609169,,,soc1-thermal,53.75
1780559323.609169,,,soc2-thermal,53.906
1780559323.609169,,,tj-thermal,55.812
1780559323.7154691,VDD_IN,6555.008,,
1780559323.7154691,VDD_CPU_GPU_CV,2010.624,,
1780559323.7154691,VDD_SOC,1697.984,,
1780559323.7154691,,,cpu-thermal,55.593
1780559323.7154691,,,gpu-thermal,55.875
1780559323.7154691,,,soc0-thermal,54.093
1780559323.7154691,,,soc1-thermal,53.531
1780559323.7154691,,,soc2-thermal,54.031
1780559323.7154691,,,tj-thermal,55.875
1780559323.821517,VDD_IN,6515.52,,
1780559323.821517,VDD_CPU_GPU_CV,1971.2,,
1780559323.821517,VDD_SOC,1658.496,,
1780559323.821517,,,cpu-thermal,55.812
1780559323.821517,,,gpu-thermal,56.218
1780559323.821517,,,soc0-thermal,54.062
1780559323.821517,,,soc1-thermal,53.656
1780559323.821517,,,soc2-thermal,53.968
1780559323.821517,,,tj-thermal,56.218
1780559323.9275112,VDD_IN,6476.032,,
1780559323.9275112,VDD_CPU_GPU_CV,1971.2,,
1780559323.9275112,VDD_SOC,1658.496,,
1780559323.9275112,,,cpu-thermal,55.656
1780559323.9275112,,,gpu-thermal,56.125
1780559323.9275112,,,soc0-thermal,54.187
1780559323.9275112,,,soc1-thermal,53.718
1780559323.9275112,,,soc2-thermal,53.906
1780559323.9275112,,,tj-thermal,56.125
1780559324.0339499,VDD_IN,6436.544,,
1780559324.0339499,VDD_CPU_GPU_CV,1931.776,,
1780559324.0339499,VDD_SOC,1658.496,,
1780559324.0339499,,,cpu-thermal,55.656
1780559324.0339499,,,gpu-thermal,56.062
1780559324.0339499,,,soc0-thermal,54.093
1780559324.0339499,,,soc1-thermal,53.5
1780559324.0339499,,,soc2-thermal,53.968
1780559324.0339499,,,tj-thermal,56.062
1780559324.1406984,VDD_IN,6446.976,,
1780559324.1406984,VDD_CPU_GPU_CV,1931.776,,
1780559324.1406984,VDD_SOC,1658.496,,
1780559324.1406984,,,cpu-thermal,55.906
1780559324.1406984,,,gpu-thermal,55.968
1780559324.1406984,,,soc0-thermal,54.156
1780559324.1406984,,,soc1-thermal,53.625
1780559324.1406984,,,soc2-thermal,53.968
1780559324.1406984,,,tj-thermal,55.968
1780559324.2470949,VDD_IN,6436.544,,
1780559324.2470949,VDD_CPU_GPU_CV,1931.776,,
1780559324.2470949,VDD_SOC,1658.496,,
1780559324.2470949,,,cpu-thermal,55.562
1780559324.2470949,,,gpu-thermal,55.937
1780559324.2470949,,,soc0-thermal,54.281
1780559324.2470949,,,soc1-thermal,53.75
1780559324.2470949,,,soc2-thermal,53.906
1780559324.2470949,,,tj-thermal,55.937
1780559324.3536668,VDD_IN,6515.52,,
1780559324.3536668,VDD_CPU_GPU_CV,1971.2,,
1780559324.3536668,VDD_SOC,1697.984,,
1780559324.3536668,,,cpu-thermal,55.75
1780559324.3536668,,,gpu-thermal,56.375
1780559324.3536668,,,soc0-thermal,54.125
1780559324.3536668,,,soc1-thermal,53.562
1780559324.3536668,,,soc2-thermal,53.875
1780559324.3536668,,,tj-thermal,56.375
1780559324.4594665,VDD_IN,6633.984,,
1780559324.4594665,VDD_CPU_GPU_CV,2050.048,,
1780559324.4594665,VDD_SOC,1697.984,,
1780559324.4594665,,,cpu-thermal,55.812
1780559324.4594665,,,gpu-thermal,56.156
1780559324.4594665,,,soc0-thermal,54.156
1780559324.4594665,,,soc1-thermal,53.625
1780559324.4594665,,,soc2-thermal,54.031
1780559324.4594665,,,tj-thermal,56.156
1780559324.5655427,VDD_IN,6594.496,,
1780559324.5655427,VDD_CPU_GPU_CV,2010.624,,
1780559324.5655427,VDD_SOC,1697.984,,
1780559324.5655427,,,cpu-thermal,55.906
1780559324.5655427,,,gpu-thermal,56.031
1780559324.5655427,,,soc0-thermal,54.156
1780559324.5655427,,,soc1-thermal,53.718
1780559324.5655427,,,soc2-thermal,53.906
1780559324.5655427,,,tj-thermal,56.031
1780559324.671368,VDD_IN,6555.008,,
1780559324.671368,VDD_CPU_GPU_CV,2010.624,,
1780559324.671368,VDD_SOC,1697.984,,
1780559324.671368,,,cpu-thermal,55.843
1780559324.671368,,,gpu-thermal,56.062
1780559324.671368,,,soc0-thermal,54.312
1780559324.671368,,,soc1-thermal,53.5
1780559324.671368,,,soc2-thermal,53.937
1780559324.671368,,,tj-thermal,56.062
1780559324.777352,VDD_IN,6515.52,,
1780559324.777352,VDD_CPU_GPU_CV,1971.2,,
1780559324.777352,VDD_SOC,1658.496,,
1780559324.777352,,,cpu-thermal,55.718
1780559324.777352,,,gpu-thermal,56.156
1780559324.777352,,,soc0-thermal,54.125
1780559324.777352,,,soc1-thermal,53.593
1780559324.777352,,,soc2-thermal,54.062
1780559324.777352,,,tj-thermal,55.875
1780559324.8839684,VDD_IN,6476.032,,
1780559324.8839684,VDD_CPU_GPU_CV,1971.2,,
1780559324.8839684,VDD_SOC,1658.496,,
1780559324.8839684,,,cpu-thermal,55.812
1780559324.8839684,,,gpu-thermal,55.937
1780559324.8839684,,,soc0-thermal,54.25
1780559324.8839684,,,soc1-thermal,53.625
1780559324.8839684,,,soc2-thermal,53.843
1780559324.8839684,,,tj-thermal,55.937
1780559324.9902248,VDD_IN,6436.544,,
1780559324.9902248,VDD_CPU_GPU_CV,1931.776,,
1780559324.9902248,VDD_SOC,1658.496,,
1780559324.9902248,,,cpu-thermal,55.75
1780559324.9902248,,,gpu-thermal,56.0
1780559324.9902248,,,soc0-thermal,54.375
1780559324.9902248,,,soc1-thermal,53.593
1780559324.9902248,,,soc2-thermal,53.937
1780559324.9902248,,,tj-thermal,56.218
1780559325.09621,VDD_IN,6436.544,,
1780559325.09621,VDD_CPU_GPU_CV,1931.776,,
1780559325.09621,VDD_SOC,1658.496,,
1780559325.09621,,,cpu-thermal,55.718
1780559325.09621,,,gpu-thermal,56.031
1780559325.09621,,,soc0-thermal,54.218
1780559325.09621,,,soc1-thermal,53.562
1780559325.09621,,,soc2-thermal,53.906
1780559325.09621,,,tj-thermal,56.093
1780559325.2021313,VDD_IN,6397.056,,
1780559325.2021313,VDD_CPU_GPU_CV,1931.776,,
1780559325.2021313,VDD_SOC,1658.496,,
1780559325.2021313,,,cpu-thermal,56.25
1780559325.2021313,,,gpu-thermal,56.437
1780559325.2021313,,,soc0-thermal,54.187
1780559325.2021313,,,soc1-thermal,53.656
1780559325.2021313,,,soc2-thermal,54.062
1780559325.2021313,,,tj-thermal,56.25
1780559325.3081884,VDD_IN,6436.544,,
1780559325.3081884,VDD_CPU_GPU_CV,1931.776,,
1780559325.3081884,VDD_SOC,1658.496,,
1780559325.3081884,,,cpu-thermal,55.812
1780559325.3081884,,,gpu-thermal,56.218
1780559325.3081884,,,soc0-thermal,54.312
1780559325.3081884,,,soc1-thermal,53.781
1780559325.3081884,,,soc2-thermal,53.968
1780559325.3081884,,,tj-thermal,56.218
1780559325.4142454,VDD_IN,6555.008,,
1780559325.4142454,VDD_CPU_GPU_CV,2010.624,,
1780559325.4142454,VDD_SOC,1697.984,,
1780559325.4142454,,,cpu-thermal,55.75
1780559325.4142454,,,gpu-thermal,56.218
1780559325.4142454,,,soc0-thermal,54.187
1780559325.4142454,,,soc1-thermal,53.593
1780559325.4142454,,,soc2-thermal,54.062
1780559325.4142454,,,tj-thermal,56.218
1780559325.5201306,VDD_IN,6633.984,,
1780559325.5201306,VDD_CPU_GPU_CV,2050.048,,
1780559325.5201306,VDD_SOC,1695.232,,
1780559325.5201306,,,cpu-thermal,55.968
1780559325.5201306,,,gpu-thermal,56.031
1780559325.5201306,,,soc0-thermal,54.218
1780559325.5201306,,,soc1-thermal,53.656
1780559325.5201306,,,soc2-thermal,54.062
1780559325.5201306,,,tj-thermal,56.031
1780559325.6262639,VDD_IN,6623.232,,
1780559325.6262639,VDD_CPU_GPU_CV,2046.72,,
1780559325.6262639,VDD_SOC,1695.232,,
1780559325.6262639,,,cpu-thermal,56.187
1780559325.6262639,,,gpu-thermal,56.062
1780559325.6262639,,,soc0-thermal,54.343
1780559325.6262639,,,soc1-thermal,53.781
1780559325.6262639,,,soc2-thermal,54.0
1780559325.6262639,,,tj-thermal,56.187
1780559325.7324734,VDD_IN,6623.232,,
1780559325.7324734,VDD_CPU_GPU_CV,2046.72,,
1780559325.7324734,VDD_SOC,1695.232,,
1780559325.7324734,,,cpu-thermal,55.75
1780559325.7324734,,,gpu-thermal,56.0
1780559325.7324734,,,soc0-thermal,54.312
1780559325.7324734,,,soc1-thermal,53.593
1780559325.7324734,,,soc2-thermal,53.968
1780559325.7324734,,,tj-thermal,56.0
1780559325.8384497,VDD_IN,6623.232,,
1780559325.8384497,VDD_CPU_GPU_CV,2086.08,,
1780559325.8384497,VDD_SOC,1695.232,,
1780559325.8384497,,,cpu-thermal,55.937
1780559325.8384497,,,gpu-thermal,56.312
1780559325.8384497,,,soc0-thermal,54.218
1780559325.8384497,,,soc1-thermal,53.75
1780559325.8384497,,,soc2-thermal,54.125
1780559325.8384497,,,tj-thermal,56.312
1780559325.944662,VDD_IN,6623.232,,
1780559325.944662,VDD_CPU_GPU_CV,2086.08,,
1780559325.944662,VDD_SOC,1695.232,,
1780559325.944662,,,cpu-thermal,56.062
1780559325.944662,,,gpu-thermal,56.125
1780559325.944662,,,soc0-thermal,54.312
1780559325.944662,,,soc1-thermal,53.718
1780559325.944662,,,soc2-thermal,54.031
1780559325.944662,,,tj-thermal,56.125
1780559326.0506968,VDD_IN,6623.232,,
1780559326.0506968,VDD_CPU_GPU_CV,2086.08,,
1780559326.0506968,VDD_SOC,1655.808,,
1780559326.0506968,,,cpu-thermal,55.843
1780559326.0506968,,,gpu-thermal,56.031
1780559326.0506968,,,soc0-thermal,54.406
1780559326.0506968,,,soc1-thermal,53.906
1780559326.0506968,,,soc2-thermal,54.031
1780559326.0506968,,,tj-thermal,56.125
1780559326.156695,VDD_IN,6623.232,,
1780559326.156695,VDD_CPU_GPU_CV,2086.08,,
1780559326.156695,VDD_SOC,1655.808,,
1780559326.156695,,,cpu-thermal,55.875
1780559326.156695,,,gpu-thermal,56.343
1780559326.156695,,,soc0-thermal,54.281
1780559326.156695,,,soc1-thermal,53.75
1780559326.156695,,,soc2-thermal,54.031
1780559326.156695,,,tj-thermal,56.093
1780559326.2629948,VDD_IN,6623.232,,
1780559326.2629948,VDD_CPU_GPU_CV,2086.08,,
1780559326.2629948,VDD_SOC,1655.808,,
1780559326.2629948,,,cpu-thermal,55.937
1780559326.2629948,,,gpu-thermal,56.312
1780559326.2629948,,,soc0-thermal,54.218
1780559326.2629948,,,soc1-thermal,53.75
1780559326.2629948,,,soc2-thermal,54.125
1780559326.2629948,,,tj-thermal,56.125
1780559326.3694527,VDD_IN,6662.656,,
1780559326.3694527,VDD_CPU_GPU_CV,2125.44,,
1780559326.3694527,VDD_SOC,1695.232,,
1780559326.3694527,,,cpu-thermal,55.812
1780559326.3694527,,,gpu-thermal,56.187
1780559326.3694527,,,soc0-thermal,54.343
1780559326.3694527,,,soc1-thermal,53.968
1780559326.3694527,,,soc2-thermal,54.062
1780559326.3694527,,,tj-thermal,56.468
1780559326.4753075,VDD_IN,6741.504,,
1780559326.4753075,VDD_CPU_GPU_CV,2125.44,,
1780559326.4753075,VDD_SOC,1695.232,,
1780559326.4753075,,,cpu-thermal,55.843
1780559326.4753075,,,gpu-thermal,56.125
1780559326.4753075,,,soc0-thermal,54.312
1780559326.4753075,,,soc1-thermal,53.718
1780559326.4753075,,,soc2-thermal,54.125
1780559326.4753075,,,tj-thermal,56.343
1780559326.5814416,VDD_IN,6702.08,,
1780559326.5814416,VDD_CPU_GPU_CV,2086.08,,
1780559326.5814416,VDD_SOC,1695.232,,
1780559326.5814416,,,cpu-thermal,56.187
1780559326.5814416,,,gpu-thermal,56.125
1780559326.5814416,,,soc0-thermal,54.343
1780559326.5814416,,,soc1-thermal,53.718
1780559326.5814416,,,soc2-thermal,54.187
1780559326.5814416,,,tj-thermal,56.187
1780559326.6873765,VDD_IN,6623.232,,
1780559326.6873765,VDD_CPU_GPU_CV,2086.08,,
1780559326.6873765,VDD_SOC,1695.232,,
1780559326.6873765,,,cpu-thermal,55.843
1780559326.6873765,,,gpu-thermal,56.406
1780559326.6873765,,,soc0-thermal,54.312
1780559326.6873765,,,soc1-thermal,53.843
1780559326.6873765,,,soc2-thermal,54.031
1780559326.6873765,,,tj-thermal,56.406
1780559326.7939677,VDD_IN,6583.808,,
1780559326.7939677,VDD_CPU_GPU_CV,2046.72,,
1780559326.7939677,VDD_SOC,1695.232,,
1780559326.7939677,,,cpu-thermal,55.843
1780559326.7939677,,,gpu-thermal,56.343
1780559326.7939677,,,soc0-thermal,54.468
1780559326.7939677,,,soc1-thermal,53.687
1780559326.7939677,,,soc2-thermal,54.125
1780559326.7939677,,,tj-thermal,56.343
1780559326.8998992,VDD_IN,6555.008,,
1780559326.8998992,VDD_CPU_GPU_CV,2010.624,,
1780559326.8998992,VDD_SOC,1655.808,,
1780559326.8998992,,,cpu-thermal,56.0
1780559326.8998992,,,gpu-thermal,56.187
1780559326.8998992,,,soc0-thermal,54.312
1780559326.8998992,,,soc1-thermal,53.687
1780559326.8998992,,,soc2-thermal,54.187
1780559326.8998992,,,tj-thermal,56.187
1780559327.005835,VDD_IN,6555.008,,
1780559327.005835,VDD_CPU_GPU_CV,2010.624,,
1780559327.005835,VDD_SOC,1655.808,,
1780559327.005835,,,cpu-thermal,56.125
1780559327.005835,,,gpu-thermal,56.156
1780559327.005835,,,soc0-thermal,54.343
1780559327.005835,,,soc1-thermal,53.781
1780559327.005835,,,soc2-thermal,54.25
1780559327.005835,,,tj-thermal,56.156
1780559327.1118326,VDD_IN,6515.52,,
1780559327.1118326,VDD_CPU_GPU_CV,2010.624,,
1780559327.1118326,VDD_SOC,1658.496,,
1780559327.1118326,,,cpu-thermal,56.281
1780559327.1118326,,,gpu-thermal,56.125
1780559327.1118326,,,soc0-thermal,54.406
1780559327.1118326,,,soc1-thermal,53.718
1780559327.1118326,,,soc2-thermal,54.093
1780559327.1118326,,,tj-thermal,56.125
1780559327.2178798,VDD_IN,6476.032,,
1780559327.2178798,VDD_CPU_GPU_CV,2010.624,,
1780559327.2178798,VDD_SOC,1658.496,,
1780559327.2178798,,,cpu-thermal,56.031
1780559327.2178798,,,gpu-thermal,56.562
1780559327.2178798,,,soc0-thermal,54.312
1780559327.2178798,,,soc1-thermal,53.718
1780559327.2178798,,,soc2-thermal,54.156
1780559327.2178798,,,tj-thermal,56.562
1780559327.3236637,VDD_IN,6555.008,,
1780559327.3236637,VDD_CPU_GPU_CV,2010.624,,
1780559327.3236637,VDD_SOC,1695.232,,
1780559327.3236637,,,cpu-thermal,55.906
1780559327.3236637,,,gpu-thermal,56.125
1780559327.3236637,,,soc0-thermal,54.343
1780559327.3236637,,,soc1-thermal,53.843
1780559327.3236637,,,soc2-thermal,54.187
1780559327.3236637,,,tj-thermal,56.437
1780559327.4298756,VDD_IN,6633.984,,
1780559327.4298756,VDD_CPU_GPU_CV,2046.72,,
1780559327.4298756,VDD_SOC,1695.232,,
1780559327.4298756,,,cpu-thermal,56.0
1780559327.4298756,,,gpu-thermal,56.062
1780559327.4298756,,,soc0-thermal,54.437
1780559327.4298756,,,soc1-thermal,53.906
1780559327.4298756,,,soc2-thermal,54.156
1780559327.4298756,,,tj-thermal,56.25
1780559327.5357096,VDD_IN,6633.984,,
1780559327.5357096,VDD_CPU_GPU_CV,2046.72,,
1780559327.5357096,VDD_SOC,1695.232,,
1780559327.5357096,,,cpu-thermal,55.937
1780559327.5357096,,,gpu-thermal,56.562
1780559327.5357096,,,soc0-thermal,54.375
1780559327.5357096,,,soc1-thermal,53.687
1780559327.5357096,,,soc2-thermal,54.187
1780559327.5357096,,,tj-thermal,56.25
1780559327.6416705,VDD_IN,6633.984,,
1780559327.6416705,VDD_CPU_GPU_CV,2046.72,,
1780559327.6416705,VDD_SOC,1695.232,,
1780559327.6416705,,,cpu-thermal,55.968
1780559327.6416705,,,gpu-thermal,56.5
1780559327.6416705,,,soc0-thermal,54.437
1780559327.6416705,,,soc1-thermal,53.781
1780559327.6416705,,,soc2-thermal,54.218
1780559327.6416705,,,tj-thermal,56.5
1780559327.7478127,VDD_IN,6594.496,,
1780559327.7478127,VDD_CPU_GPU_CV,2050.048,,
1780559327.7478127,VDD_SOC,1697.984,,
1780559327.7478127,,,cpu-thermal,55.968
1780559327.7478127,,,gpu-thermal,56.343
1780559327.7478127,,,soc0-thermal,54.312
1780559327.7478127,,,soc1-thermal,53.937
1780559327.7478127,,,soc2-thermal,54.156
1780559327.7478127,,,tj-thermal,56.343
1780559327.8537993,VDD_IN,6555.008,,
1780559327.8537993,VDD_CPU_GPU_CV,2010.624,,
1780559327.8537993,VDD_SOC,1658.496,,
1780559327.8537993,,,cpu-thermal,55.843
1780559327.8537993,,,gpu-thermal,56.187
1780559327.8537993,,,soc0-thermal,54.531
1780559327.8537993,,,soc1-thermal,53.75
1780559327.8537993,,,soc2-thermal,54.187
1780559327.8537993,,,tj-thermal,56.187
1780559327.9598975,VDD_IN,6515.52,,
1780559327.9598975,VDD_CPU_GPU_CV,1971.2,,
1780559327.9598975,VDD_SOC,1658.496,,
1780559327.9598975,,,cpu-thermal,55.875
1780559327.9598975,,,gpu-thermal,56.156
1780559327.9598975,,,soc0-thermal,54.343
1780559327.9598975,,,soc1-thermal,53.781
1780559327.9598975,,,soc2-thermal,54.156
1780559327.9598975,,,tj-thermal,56.25
1780559328.0661502,VDD_IN,6476.032,,
1780559328.0661502,VDD_CPU_GPU_CV,1971.2,,
1780559328.0661502,VDD_SOC,1658.496,,
1780559328.0661502,,,cpu-thermal,56.25
1780559328.0661502,,,gpu-thermal,56.125
1780559328.0661502,,,soc0-thermal,54.437
1780559328.0661502,,,soc1-thermal,53.937
1780559328.0661502,,,soc2-thermal,54.281
1780559328.0661502,,,tj-thermal,56.25
1780559328.1721218,VDD_IN,6476.032,,
1780559328.1721218,VDD_CPU_GPU_CV,1971.2,,
1780559328.1721218,VDD_SOC,1658.496,,
1780559328.1721218,,,cpu-thermal,55.937
1780559328.1721218,,,gpu-thermal,56.468
1780559328.1721218,,,soc0-thermal,54.531
1780559328.1721218,,,soc1-thermal,53.75
1780559328.1721218,,,soc2-thermal,54.125
1780559328.1721218,,,tj-thermal,56.468
1780559328.2789016,VDD_IN,6515.52,,
1780559328.2789016,VDD_CPU_GPU_CV,1971.2,,
1780559328.2789016,VDD_SOC,1658.496,,
1780559328.2789016,,,cpu-thermal,56.0
1780559328.2789016,,,gpu-thermal,56.375
1780559328.2789016,,,soc0-thermal,54.406
1780559328.2789016,,,soc1-thermal,53.812
1780559328.2789016,,,soc2-thermal,54.187
1780559328.2789016,,,tj-thermal,56.375
1780559328.3854828,VDD_IN,6594.496,,
1780559328.3854828,VDD_CPU_GPU_CV,2050.048,,
1780559328.3854828,VDD_SOC,1697.984,,
1780559328.3854828,,,cpu-thermal,56.156
1780559328.3854828,,,gpu-thermal,56.375
1780559328.3854828,,,soc0-thermal,54.406
1780559328.3854828,,,soc1-thermal,53.968
1780559328.3854828,,,soc2-thermal,54.25
1780559328.3854828,,,tj-thermal,56.375
1780559328.4913383,VDD_IN,6712.96,,
1780559328.4913383,VDD_CPU_GPU_CV,2086.08,,
1780559328.4913383,VDD_SOC,1695.232,,
1780559328.4913383,,,cpu-thermal,56.312
1780559328.4913383,,,gpu-thermal,56.25
1780559328.4913383,,,soc0-thermal,54.406
1780559328.4913383,,,soc1-thermal,53.812
1780559328.4913383,,,soc2-thermal,54.156
1780559328.4913383,,,tj-thermal,56.25
1780559328.597593,VDD_IN,6673.472,,
1780559328.597593,VDD_CPU_GPU_CV,2050.048,,
1780559328.597593,VDD_SOC,1695.232,,
1780559328.597593,,,cpu-thermal,56.062
1780559328.597593,,,gpu-thermal,56.218
1780559328.597593,,,soc0-thermal,54.437
1780559328.597593,,,soc1-thermal,53.875
1780559328.597593,,,soc2-thermal,54.187
1780559328.597593,,,tj-thermal,56.218
1780559328.7035537,VDD_IN,6633.984,,
1780559328.7035537,VDD_CPU_GPU_CV,2046.72,,
1780559328.7035537,VDD_SOC,1695.232,,
1780559328.7035537,,,cpu-thermal,56.0
1780559328.7035537,,,gpu-thermal,56.593
1780559328.7035537,,,soc0-thermal,54.468
1780559328.7035537,,,soc1-thermal,53.937
1780559328.7035537,,,soc2-thermal,54.281
1780559328.7035537,,,tj-thermal,56.593
1780559328.809567,VDD_IN,6594.496,,
1780559328.809567,VDD_CPU_GPU_CV,2050.048,,
1780559328.809567,VDD_SOC,1697.984,,
1780559328.809567,,,cpu-thermal,55.875
1780559328.809567,,,gpu-thermal,56.25
1780559328.809567,,,soc0-thermal,54.468
1780559328.809567,,,soc1-thermal,54.0
1780559328.809567,,,soc2-thermal,54.25
1780559328.809567,,,tj-thermal,56.531
1780559328.9155436,VDD_IN,6594.496,,
1780559328.9155436,VDD_CPU_GPU_CV,2050.048,,
1780559328.9155436,VDD_SOC,1697.984,,
1780559328.9155436,,,cpu-thermal,56.0
1780559328.9155436,,,gpu-thermal,56.218
1780559328.9155436,,,soc0-thermal,54.562
1780559328.9155436,,,soc1-thermal,53.812
1780559328.9155436,,,soc2-thermal,54.312
1780559328.9155436,,,tj-thermal,56.312
1780559329.0213654,VDD_IN,6555.008,,
1780559329.0213654,VDD_CPU_GPU_CV,2010.624,,
1780559329.0213654,VDD_SOC,1658.496,,
1780559329.0213654,,,cpu-thermal,56.093
1780559329.0213654,,,gpu-thermal,56.562
1780559329.0213654,,,soc0-thermal,54.406
1780559329.0213654,,,soc1-thermal,53.875
1780559329.0213654,,,soc2-thermal,54.343
1780559329.0213654,,,tj-thermal,56.562
1780559329.1273253,VDD_IN,6515.52,,
1780559329.1273253,VDD_CPU_GPU_CV,2010.624,,
1780559329.1273253,VDD_SOC,1658.496,,
1780559329.1273253,,,cpu-thermal,56.031
1780559329.1273253,,,gpu-thermal,56.468
1780559329.1273253,,,soc0-thermal,54.531
1780559329.1273253,,,soc1-thermal,53.843
1780559329.1273253,,,soc2-thermal,54.312
1780559329.1273253,,,tj-thermal,56.468
1780559329.2334414,VDD_IN,6515.52,,
1780559329.2334414,VDD_CPU_GPU_CV,2010.624,,
1780559329.2334414,VDD_SOC,1658.496,,
1780559329.2334414,,,cpu-thermal,56.031
1780559329.2334414,,,gpu-thermal,56.281
1780559329.2334414,,,soc0-thermal,54.562
1780559329.2334414,,,soc1-thermal,54.062
1780559329.2334414,,,soc2-thermal,54.187
1780559329.2334414,,,tj-thermal,56.281
1780559329.3392098,VDD_IN,6594.496,,
1780559329.3392098,VDD_CPU_GPU_CV,2050.048,,
1780559329.3392098,VDD_SOC,1695.232,,
1780559329.3392098,,,cpu-thermal,55.968
1780559329.3392098,,,gpu-thermal,56.25
1780559329.3392098,,,soc0-thermal,54.531
1780559329.3392098,,,soc1-thermal,53.906
1780559329.3392098,,,soc2-thermal,54.25
1780559329.3392098,,,tj-thermal,56.25
1780559329.4449205,VDD_IN,6702.08,,
1780559329.4449205,VDD_CPU_GPU_CV,2086.08,,
1780559329.4449205,VDD_SOC,1695.232,,
1780559329.4449205,,,cpu-thermal,56.281
1780559329.4449205,,,gpu-thermal,56.343
1780559329.4449205,,,soc0-thermal,54.468
1780559329.4449205,,,soc1-thermal,53.906
1780559329.4449205,,,soc2-thermal,54.281
1780559329.4449205,,,tj-thermal,56.343
1780559329.5508523,VDD_IN,6702.08,,
1780559329.5508523,VDD_CPU_GPU_CV,2086.08,,
1780559329.5508523,VDD_SOC,1695.232,,
1780559329.5508523,,,cpu-thermal,56.468
1780559329.5508523,,,gpu-thermal,56.656
1780559329.5508523,,,soc0-thermal,54.562
1780559329.5508523,,,soc1-thermal,54.093
1780559329.5508523,,,soc2-thermal,54.25
1780559329.5508523,,,tj-thermal,56.656
1780559329.656971,VDD_IN,6673.472,,
1780559329.656971,VDD_CPU_GPU_CV,2086.08,,
1780559329.656971,VDD_SOC,1695.232,,
1780559329.656971,,,cpu-thermal,55.906
1780559329.656971,,,gpu-thermal,56.343
1780559329.656971,,,soc0-thermal,54.625
1780559329.656971,,,soc1-thermal,53.875
1780559329.656971,,,soc2-thermal,54.218
1780559329.656971,,,tj-thermal,56.531
1780559329.7630835,VDD_IN,6633.984,,
1780559329.7630835,VDD_CPU_GPU_CV,2050.048,,
1780559329.7630835,VDD_SOC,1695.232,,
1780559329.7630835,,,cpu-thermal,56.187
1780559329.7630835,,,gpu-thermal,56.281
1780559329.7630835,,,soc0-thermal,54.531
1780559329.7630835,,,soc1-thermal,53.937
1780559329.7630835,,,soc2-thermal,54.375
1780559329.7630835,,,tj-thermal,56.468
1780559329.869321,VDD_IN,6594.496,,
1780559329.869321,VDD_CPU_GPU_CV,2010.624,,
1780559329.869321,VDD_SOC,1697.984,,
1780559329.869321,,,cpu-thermal,56.312
1780559329.869321,,,gpu-thermal,56.625
1780559329.869321,,,soc0-thermal,54.562
1780559329.869321,,,soc1-thermal,54.0
1780559329.869321,,,soc2-thermal,54.25
1780559329.869321,,,tj-thermal,56.343
1780559329.9753547,VDD_IN,6555.008,,
1780559329.9753547,VDD_CPU_GPU_CV,2010.624,,
1780559329.9753547,VDD_SOC,1697.984,,
1780559329.9753547,,,cpu-thermal,56.125
1780559329.9753547,,,gpu-thermal,56.562
1780559329.9753547,,,soc0-thermal,54.687
1780559329.9753547,,,soc1-thermal,53.906
1780559329.9753547,,,soc2-thermal,54.343
1780559329.9753547,,,tj-thermal,56.406
1780559330.0818784,VDD_IN,6555.008,,
1780559330.0818784,VDD_CPU_GPU_CV,2010.624,,
1780559330.0818784,VDD_SOC,1658.496,,
1780559330.0818784,,,cpu-thermal,56.187
1780559330.0818784,,,gpu-thermal,56.406
1780559330.0818784,,,soc0-thermal,54.593
1780559330.0818784,,,soc1-thermal,54.0
1780559330.0818784,,,soc2-thermal,54.312
1780559330.0818784,,,tj-thermal,56.281
1780559330.1878877,VDD_IN,6515.52,,
1780559330.1878877,VDD_CPU_GPU_CV,2010.624,,
1780559330.1878877,VDD_SOC,1658.496,,
1780559330.1878877,,,cpu-thermal,56.156
1780559330.1878877,,,gpu-thermal,56.375
1780559330.1878877,,,soc0-thermal,54.562
1780559330.1878877,,,soc1-thermal,54.062
1780559330.1878877,,,soc2-thermal,54.437
1780559330.1878877,,,tj-thermal,56.375
1780559330.2938664,VDD_IN,6555.008,,
1780559330.2938664,VDD_CPU_GPU_CV,2010.624,,
1780559330.2938664,VDD_SOC,1697.984,,
1780559330.2938664,,,cpu-thermal,56.0
1780559330.2938664,,,gpu-thermal,56.312
1780559330.2938664,,,soc0-thermal,54.656
1780559330.2938664,,,soc1-thermal,53.875
1780559330.2938664,,,soc2-thermal,54.281
1780559330.2938664,,,tj-thermal,56.312
1780559330.3998175,VDD_IN,6673.472,,
1780559330.3998175,VDD_CPU_GPU_CV,2086.08,,
1780559330.3998175,VDD_SOC,1695.232,,
1780559330.3998175,,,cpu-thermal,56.031
1780559330.3998175,,,gpu-thermal,56.781
1780559330.3998175,,,soc0-thermal,54.687
1780559330.3998175,,,soc1-thermal,53.968
1780559330.3998175,,,soc2-thermal,54.406
1780559330.3998175,,,tj-thermal,56.781
1780559330.5058138,VDD_IN,6702.08,,
1780559330.5058138,VDD_CPU_GPU_CV,2086.08,,
1780559330.5058138,VDD_SOC,1695.232,,
1780559330.5058138,,,cpu-thermal,56.343
1780559330.5058138,,,gpu-thermal,56.562
1780559330.5058138,,,soc0-thermal,54.5
1780559330.5058138,,,soc1-thermal,54.031
1780559330.5058138,,,soc2-thermal,54.437
1780559330.5058138,,,tj-thermal,56.562
1780559330.612195,VDD_IN,6673.472,,
1780559330.612195,VDD_CPU_GPU_CV,2046.72,,
1780559330.612195,VDD_SOC,1695.232,,
1780559330.612195,,,cpu-thermal,56.156
1780559330.612195,,,gpu-thermal,56.5
1780559330.612195,,,soc0-thermal,54.593
1780559330.612195,,,soc1-thermal,54.187
1780559330.612195,,,soc2-thermal,54.343
1780559330.612195,,,tj-thermal,56.5
1780559330.7185514,VDD_IN,6633.984,,
1780559330.7185514,VDD_CPU_GPU_CV,2050.048,,
1780559330.7185514,VDD_SOC,1695.232,,
1780559330.7185514,,,cpu-thermal,56.125
1780559330.7185514,,,gpu-thermal,56.406
1780559330.7185514,,,soc0-thermal,54.75
1780559330.7185514,,,soc1-thermal,54.0
1780559330.7185514,,,soc2-thermal,54.406
1780559330.7185514,,,tj-thermal,56.406
1780559330.8247862,VDD_IN,6555.008,,
1780559330.8247862,VDD_CPU_GPU_CV,2010.624,,
1780559330.8247862,VDD_SOC,1697.984,,
1780559330.8247862,,,cpu-thermal,56.281
1780559330.8247862,,,gpu-thermal,56.406
1780559330.8247862,,,soc0-thermal,54.531
1780559330.8247862,,,soc1-thermal,54.062
1780559330.8247862,,,soc2-thermal,54.406
1780559330.8247862,,,tj-thermal,56.406
1780559330.931201,VDD_IN,6555.008,,
1780559330.931201,VDD_CPU_GPU_CV,2010.624,,
1780559330.931201,VDD_SOC,1697.984,,
1780559330.931201,,,cpu-thermal,56.437
1780559330.931201,,,gpu-thermal,56.281
1780559330.931201,,,soc0-thermal,54.687
1780559330.931201,,,soc1-thermal,54.125
1780559330.931201,,,soc2-thermal,54.375
1780559330.931201,,,tj-thermal,56.437
1780559331.037787,VDD_IN,6515.52,,
1780559331.037787,VDD_CPU_GPU_CV,2010.624,,
1780559331.037787,VDD_SOC,1658.496,,
1780559331.037787,,,cpu-thermal,56.187
1780559331.037787,,,gpu-thermal,56.656
1780559331.037787,,,soc0-thermal,54.718
1780559331.037787,,,soc1-thermal,54.0
1780559331.037787,,,soc2-thermal,54.406
1780559331.037787,,,tj-thermal,56.656
1780559331.1445353,VDD_IN,6515.52,,
1780559331.1445353,VDD_CPU_GPU_CV,2010.624,,
1780559331.1445353,VDD_SOC,1658.496,,
1780559331.1445353,,,cpu-thermal,56.312
1780559331.1445353,,,gpu-thermal,56.625
1780559331.1445353,,,soc0-thermal,54.593
1780559331.1445353,,,soc1-thermal,54.031
1780559331.1445353,,,soc2-thermal,54.5
1780559331.1445353,,,tj-thermal,56.625
1780559331.2513428,VDD_IN,6515.52,,
1780559331.2513428,VDD_CPU_GPU_CV,1971.2,,
1780559331.2513428,VDD_SOC,1658.496,,
1780559331.2513428,,,cpu-thermal,56.093
1780559331.2513428,,,gpu-thermal,56.5
1780559331.2513428,,,soc0-thermal,54.656
1780559331.2513428,,,soc1-thermal,54.125
1780559331.2513428,,,soc2-thermal,54.406
1780559331.2513428,,,tj-thermal,56.5
1780559331.357889,VDD_IN,6633.984,,
1780559331.357889,VDD_CPU_GPU_CV,2050.048,,
1780559331.357889,VDD_SOC,1695.232,,
1780559331.357889,,,cpu-thermal,56.125
1780559331.357889,,,gpu-thermal,56.437
1780559331.357889,,,soc0-thermal,54.75
1780559331.357889,,,soc1-thermal,53.968
1780559331.357889,,,soc2-thermal,54.312
1780559331.357889,,,tj-thermal,56.437
1780559331.4638689,VDD_IN,6712.96,,
1780559331.4638689,VDD_CPU_GPU_CV,2086.08,,
1780559331.4638689,VDD_SOC,1695.232,,
1780559331.4638689,,,cpu-thermal,56.156
1780559331.4638689,,,gpu-thermal,56.468
1780559331.4638689,,,soc0-thermal,54.593
1780559331.4638689,,,soc1-thermal,54.062
1780559331.4638689,,,soc2-thermal,54.5
1780559331.4638689,,,tj-thermal,56.5
1780559331.5699534,VDD_IN,6673.472,,
1780559331.5699534,VDD_CPU_GPU_CV,2086.08,,
1780559331.5699534,VDD_SOC,1695.232,,
1780559331.5699534,,,cpu-thermal,56.093
1780559331.5699534,,,gpu-thermal,56.687
1780559331.5699534,,,soc0-thermal,54.593
1780559331.5699534,,,soc1-thermal,54.187
1780559331.5699534,,,soc2-thermal,54.375
1780559331.5699534,,,tj-thermal,56.687
1780559331.676185,VDD_IN,6633.984,,
1780559331.676185,VDD_CPU_GPU_CV,2050.048,,
1780559331.676185,VDD_SOC,1695.232,,
1780559331.676185,,,cpu-thermal,56.156
1780559331.676185,,,gpu-thermal,56.687
1780559331.676185,,,soc0-thermal,54.812
1780559331.676185,,,soc1-thermal,54.0
1780559331.676185,,,soc2-thermal,54.406
1780559331.676185,,,tj-thermal,56.687
1780559331.782498,VDD_IN,6633.984,,
1780559331.782498,VDD_CPU_GPU_CV,2050.048,,
1780559331.782498,VDD_SOC,1695.232,,
1780559331.782498,,,cpu-thermal,56.406
1780559331.782498,,,gpu-thermal,56.562
1780559331.782498,,,soc0-thermal,54.687
1780559331.782498,,,soc1-thermal,54.062
1780559331.782498,,,soc2-thermal,54.468
1780559331.782498,,,tj-thermal,56.562
1780559331.8888469,VDD_IN,6594.496,,
1780559331.8888469,VDD_CPU_GPU_CV,2010.624,,
1780559331.8888469,VDD_SOC,1697.984,,
1780559331.8888469,,,cpu-thermal,56.531
1780559331.8888469,,,gpu-thermal,56.562
1780559331.8888469,,,soc0-thermal,54.625
1780559331.8888469,,,soc1-thermal,54.125
1780559331.8888469,,,soc2-thermal,54.468
1780559331.8888469,,,tj-thermal,56.562
1780559331.9953232,VDD_IN,6555.008,,
1780559331.9953232,VDD_CPU_GPU_CV,2010.624,,
1780559331.9953232,VDD_SOC,1697.984,,
1780559331.9953232,,,cpu-thermal,56.156
1780559331.9953232,,,gpu-thermal,56.406
1780559331.9953232,,,soc0-thermal,54.843
1780559331.9953232,,,soc1-thermal,54.031
1780559331.9953232,,,soc2-thermal,54.406
1780559331.9953232,,,tj-thermal,56.406
1780559332.1015713,VDD_IN,6555.008,,
1780559332.1015713,VDD_CPU_GPU_CV,2010.624,,
1780559332.1015713,VDD_SOC,1658.496,,
1780559332.1015713,,,cpu-thermal,56.406
1780559332.1015713,,,gpu-thermal,56.375
1780559332.1015713,,,soc0-thermal,54.687
1780559332.1015713,,,soc1-thermal,54.062
1780559332.1015713,,,soc2-thermal,54.531
1780559332.1015713,,,tj-thermal,56.406
1780559332.2077527,VDD_IN,6515.52,,
1780559332.2077527,VDD_CPU_GPU_CV,2010.624,,
1780559332.2077527,VDD_SOC,1658.496,,
1780559332.2077527,,,cpu-thermal,56.406
1780559332.2077527,,,gpu-thermal,56.718
1780559332.2077527,,,soc0-thermal,54.656
1780559332.2077527,,,soc1-thermal,54.062
1780559332.2077527,,,soc2-thermal,54.5
1780559332.2077527,,,tj-thermal,56.718
1780559332.3144708,VDD_IN,6594.496,,
1780559332.3144708,VDD_CPU_GPU_CV,2050.048,,
1780559332.3144708,VDD_SOC,1695.232,,
1780559332.3144708,,,cpu-thermal,56.156
1780559332.3144708,,,gpu-thermal,56.593
1780559332.3144708,,,soc0-thermal,54.718
1780559332.3144708,,,soc1-thermal,54.062
1780559332.3144708,,,soc2-thermal,54.5
1780559332.3144708,,,tj-thermal,56.593
1780559332.4206169,VDD_IN,6662.656,,
1780559332.4206169,VDD_CPU_GPU_CV,2086.08,,
1780559332.4206169,VDD_SOC,1695.232,,
1780559332.4206169,,,cpu-thermal,56.218
1780559332.4206169,,,gpu-thermal,56.562
1780559332.4206169,,,soc0-thermal,54.625
1780559332.4206169,,,soc1-thermal,54.125
1780559332.4206169,,,soc2-thermal,54.437
1780559332.4206169,,,tj-thermal,56.562
1780559332.526512,VDD_IN,6702.08,,
1780559332.526512,VDD_CPU_GPU_CV,2086.08,,
1780559332.526512,VDD_SOC,1695.232,,
1780559332.526512,,,cpu-thermal,56.187
1780559332.526512,,,gpu-thermal,56.437
1780559332.526512,,,soc0-thermal,54.718
1780559332.526512,,,soc1-thermal,54.062
1780559332.526512,,,soc2-thermal,54.531
1780559332.526512,,,tj-thermal,56.437
1780559332.6331704,VDD_IN,6662.656,,
1780559332.6331704,VDD_CPU_GPU_CV,2046.72,,
1780559332.6331704,VDD_SOC,1695.232,,
1780559332.6331704,,,cpu-thermal,56.312
1780559332.6331704,,,gpu-thermal,56.5
1780559332.6331704,,,soc0-thermal,54.781
1780559332.6331704,,,soc1-thermal,54.218
1780559332.6331704,,,soc2-thermal,54.468
1780559332.6331704,,,tj-thermal,56.5
1780559332.7391593,VDD_IN,6633.984,,
1780559332.7391593,VDD_CPU_GPU_CV,2050.048,,
1780559332.7391593,VDD_SOC,1695.232,,
1780559332.7391593,,,cpu-thermal,56.25
1780559332.7391593,,,gpu-thermal,56.562
1780559332.7391593,,,soc0-thermal,54.687
1780559332.7391593,,,soc1-thermal,54.093
1780559332.7391593,,,soc2-thermal,54.468
1780559332.7391593,,,tj-thermal,56.812
1780559332.8453271,VDD_IN,6594.496,,
1780559332.8453271,VDD_CPU_GPU_CV,2010.624,,
1780559332.8453271,VDD_SOC,1695.232,,
1780559332.8453271,,,cpu-thermal,56.593
1780559332.8453271,,,gpu-thermal,56.468
1780559332.8453271,,,soc0-thermal,54.687
1780559332.8453271,,,soc1-thermal,54.093
1780559332.8453271,,,soc2-thermal,54.5
1780559332.8453271,,,tj-thermal,56.656
1780559332.9519985,VDD_IN,6555.008,,
1780559332.9519985,VDD_CPU_GPU_CV,2010.624,,
1780559332.9519985,VDD_SOC,1697.984,,
1780559332.9519985,,,cpu-thermal,56.593
1780559332.9519985,,,gpu-thermal,56.437
1780559332.9519985,,,soc0-thermal,54.75
1780559332.9519985,,,soc1-thermal,54.187
1780559332.9519985,,,soc2-thermal,54.531
1780559332.9519985,,,tj-thermal,56.656
1780559333.0579832,VDD_IN,6555.008,,
1780559333.0579832,VDD_CPU_GPU_CV,1971.2,,
1780559333.0579832,VDD_SOC,1697.984,,
1780559333.0579832,,,cpu-thermal,56.312
1780559333.0579832,,,gpu-thermal,56.843
1780559333.0579832,,,soc0-thermal,54.656
1780559333.0579832,,,soc1-thermal,54.062
1780559333.0579832,,,soc2-thermal,54.562
1780559333.0579832,,,tj-thermal,56.562
1780559333.164104,VDD_IN,6515.52,,
1780559333.164104,VDD_CPU_GPU_CV,1971.2,,
1780559333.164104,VDD_SOC,1658.496,,
1780559333.164104,,,cpu-thermal,56.468
1780559333.164104,,,gpu-thermal,56.625
1780559333.164104,,,soc0-thermal,54.625
1780559333.164104,,,soc1-thermal,54.156
1780559333.164104,,,soc2-thermal,54.531
1780559333.164104,,,tj-thermal,56.468
1780559333.2700996,VDD_IN,6515.52,,
1780559333.2700996,VDD_CPU_GPU_CV,1971.2,,
1780559333.2700996,VDD_SOC,1697.984,,
1780559333.2700996,,,cpu-thermal,56.5
1780559333.2700996,,,gpu-thermal,56.687
1780559333.2700996,,,soc0-thermal,54.75
1780559333.2700996,,,soc1-thermal,54.25
1780559333.2700996,,,soc2-thermal,54.531
1780559333.2700996,,,tj-thermal,56.687
1780559333.3761075,VDD_IN,6633.984,,
1780559333.3761075,VDD_CPU_GPU_CV,2050.048,,
1780559333.3761075,VDD_SOC,1695.232,,
1780559333.3761075,,,cpu-thermal,56.343
1780559333.3761075,,,gpu-thermal,56.562
1780559333.3761075,,,soc0-thermal,54.781
1780559333.3761075,,,soc1-thermal,54.062
1780559333.3761075,,,soc2-thermal,54.562
1780559333.3761075,,,tj-thermal,56.562
1780559333.4825566,VDD_IN,6702.08,,
1780559333.4825566,VDD_CPU_GPU_CV,2086.08,,
1780559333.4825566,VDD_SOC,1695.232,,
1780559333.4825566,,,cpu-thermal,56.25
1780559333.4825566,,,gpu-thermal,56.5
1780559333.4825566,,,soc0-thermal,54.687
1780559333.4825566,,,soc1-thermal,54.156
1780559333.4825566,,,soc2-thermal,54.593
1780559333.4825566,,,tj-thermal,56.5
1780559333.5886714,VDD_IN,6662.656,,
1780559333.5886714,VDD_CPU_GPU_CV,2046.72,,
1780559333.5886714,VDD_SOC,1695.232,,
1780559333.5886714,,,cpu-thermal,56.406
1780559333.5886714,,,gpu-thermal,56.937
1780559333.5886714,,,soc0-thermal,54.812
1780559333.5886714,,,soc1-thermal,54.218
1780559333.5886714,,,soc2-thermal,54.625
1780559333.5886714,,,tj-thermal,56.937
1780559333.6953046,VDD_IN,6633.984,,
1780559333.6953046,VDD_CPU_GPU_CV,2046.72,,
1780559333.6953046,VDD_SOC,1695.232,,
1780559333.6953046,,,cpu-thermal,56.312
1780559333.6953046,,,gpu-thermal,56.75
1780559333.6953046,,,soc0-thermal,54.937
1780559333.6953046,,,soc1-thermal,54.156
1780559333.6953046,,,soc2-thermal,54.593
1780559333.6953046,,,tj-thermal,56.75
1780559333.8017957,VDD_IN,6594.496,,
1780559333.8017957,VDD_CPU_GPU_CV,2050.048,,
1780559333.8017957,VDD_SOC,1695.232,,
1780559333.8017957,,,cpu-thermal,56.343
1780559333.8017957,,,gpu-thermal,56.718
1780559333.8017957,,,soc0-thermal,54.718
1780559333.8017957,,,soc1-thermal,54.218
1780559333.8017957,,,soc2-thermal,54.625
1780559333.8017957,,,tj-thermal,56.718
1780559333.9077733,VDD_IN,6555.008,,
1780559333.9077733,VDD_CPU_GPU_CV,2010.624,,
1780559333.9077733,VDD_SOC,1697.984,,
1780559333.9077733,,,cpu-thermal,56.75
1780559333.9077733,,,gpu-thermal,56.562
1780559333.9077733,,,soc0-thermal,54.781
1780559333.9077733,,,soc1-thermal,54.281
1780559333.9077733,,,soc2-thermal,54.625
1780559333.9077733,,,tj-thermal,56.75
1780559334.0138733,VDD_IN,6555.008,,
1780559334.0138733,VDD_CPU_GPU_CV,2010.624,,
1780559334.0138733,VDD_SOC,1658.496,,
1780559334.0138733,,,cpu-thermal,56.281
1780559334.0138733,,,gpu-thermal,56.562
1780559334.0138733,,,soc0-thermal,54.875
1780559334.0138733,,,soc1-thermal,54.093
1780559334.0138733,,,soc2-thermal,54.468
1780559334.0138733,,,tj-thermal,56.562
1780559334.1200573,VDD_IN,6515.52,,
1780559334.1200573,VDD_CPU_GPU_CV,2010.624,,
1780559334.1200573,VDD_SOC,1658.496,,
1780559334.1200573,,,cpu-thermal,56.312
1780559334.1200573,,,gpu-thermal,56.531
1780559334.1200573,,,soc0-thermal,54.812
1780559334.1200573,,,soc1-thermal,54.125
1780559334.1200573,,,soc2-thermal,54.687
1780559334.1200573,,,tj-thermal,56.531
1780559334.226003,VDD_IN,6515.52,,
1780559334.226003,VDD_CPU_GPU_CV,2010.624,,
1780559334.226003,VDD_SOC,1658.496,,
1780559334.226003,,,cpu-thermal,56.531
1780559334.226003,,,gpu-thermal,56.906
1780559334.226003,,,soc0-thermal,54.75
1780559334.226003,,,soc1-thermal,54.218
1780559334.226003,,,soc2-thermal,54.656
1780559334.226003,,,tj-thermal,56.906
1780559334.3323581,VDD_IN,6594.496,,
1780559334.3323581,VDD_CPU_GPU_CV,2050.048,,
1780559334.3323581,VDD_SOC,1697.984,,
1780559334.3323581,,,cpu-thermal,56.562
1780559334.3323581,,,gpu-thermal,56.781
1780559334.3323581,,,soc0-thermal,54.843
1780559334.3323581,,,soc1-thermal,54.375
1780559334.3323581,,,soc2-thermal,54.593
1780559334.3323581,,,tj-thermal,56.781
1780559334.4388196,VDD_IN,6702.08,,
1780559334.4388196,VDD_CPU_GPU_CV,2086.08,,
1780559334.4388196,VDD_SOC,1695.232,,
1780559334.4388196,,,cpu-thermal,56.343
1780559334.4388196,,,gpu-thermal,56.687
1780559334.4388196,,,soc0-thermal,54.906
1780559334.4388196,,,soc1-thermal,54.187
1780559334.4388196,,,soc2-thermal,54.625
1780559334.4388196,,,tj-thermal,56.687
1780559334.5447092,VDD_IN,6702.08,,
1780559334.5447092,VDD_CPU_GPU_CV,2086.08,,
1780559334.5447092,VDD_SOC,1695.232,,
1780559334.5447092,,,cpu-thermal,56.312
1780559334.5447092,,,gpu-thermal,56.625
1780559334.5447092,,,soc0-thermal,54.812
1780559334.5447092,,,soc1-thermal,54.218
1780559334.5447092,,,soc2-thermal,54.625
1780559334.5447092,,,tj-thermal,56.625
1780559334.651229,VDD_IN,6673.472,,
1780559334.651229,VDD_CPU_GPU_CV,2050.048,,
1780559334.651229,VDD_SOC,1695.232,,
1780559334.651229,,,cpu-thermal,56.562
1780559334.651229,,,gpu-thermal,56.562
1780559334.651229,,,soc0-thermal,54.906
1780559334.651229,,,soc1-thermal,54.312
1780559334.651229,,,soc2-thermal,54.625
1780559334.651229,,,tj-thermal,56.562
1780559334.7573516,VDD_IN,6633.984,,
1780559334.7573516,VDD_CPU_GPU_CV,2050.048,,
1780559334.7573516,VDD_SOC,1695.232,,
1780559334.7573516,,,cpu-thermal,56.406
1780559334.7573516,,,gpu-thermal,56.968
1780559334.7573516,,,soc0-thermal,54.937
1780559334.7573516,,,soc1-thermal,54.187
1780559334.7573516,,,soc2-thermal,54.625
1780559334.7573516,,,tj-thermal,56.968
1780559334.8640459,VDD_IN,6594.496,,
1780559334.8640459,VDD_CPU_GPU_CV,2010.624,,
1780559334.8640459,VDD_SOC,1697.984,,
1780559334.8640459,,,cpu-thermal,56.468
1780559334.8640459,,,gpu-thermal,56.875
1780559334.8640459,,,soc0-thermal,54.718
1780559334.8640459,,,soc1-thermal,54.343
1780559334.8640459,,,soc2-thermal,54.593
1780559334.8640459,,,tj-thermal,56.875
1780559334.970277,VDD_IN,6555.008,,
1780559334.970277,VDD_CPU_GPU_CV,2010.624,,
1780559334.970277,VDD_SOC,1658.496,,
1780559334.970277,,,cpu-thermal,56.312
1780559334.970277,,,gpu-thermal,56.781
1780559334.970277,,,soc0-thermal,54.812
1780559334.970277,,,soc1-thermal,54.281
1780559334.970277,,,soc2-thermal,54.531
1780559334.970277,,,tj-thermal,56.781
1780559335.0761852,VDD_IN,6515.52,,
1780559335.0761852,VDD_CPU_GPU_CV,2010.624,,
1780559335.0761852,VDD_SOC,1658.496,,
1780559335.0761852,,,cpu-thermal,56.281
1780559335.0761852,,,gpu-thermal,56.937
1780559335.0761852,,,soc0-thermal,54.968
1780559335.0761852,,,soc1-thermal,54.25
1780559335.0761852,,,soc2-thermal,54.625
1780559335.0761852,,,tj-thermal,56.625
1780559335.1833348,VDD_IN,6515.52,,
1780559335.1833348,VDD_CPU_GPU_CV,1971.2,,
1780559335.1833348,VDD_SOC,1658.496,,
1780559335.1833348,,,cpu-thermal,56.562
1780559335.1833348,,,gpu-thermal,56.625
1780559335.1833348,,,soc0-thermal,54.812
1780559335.1833348,,,soc1-thermal,54.218
1780559335.1833348,,,soc2-thermal,54.718
1780559335.1833348,,,tj-thermal,56.625
1780559335.2894368,VDD_IN,6555.008,,
1780559335.2894368,VDD_CPU_GPU_CV,2010.624,,
1780559335.2894368,VDD_SOC,1697.984,,
1780559335.2894368,,,cpu-thermal,56.593
1780559335.2894368,,,gpu-thermal,56.75
1780559335.2894368,,,soc0-thermal,54.875
1780559335.2894368,,,soc1-thermal,54.343
1780559335.2894368,,,soc2-thermal,54.625
1780559335.2894368,,,tj-thermal,57.062
1780559335.3955216,VDD_IN,6673.472,,
1780559335.3955216,VDD_CPU_GPU_CV,2050.048,,
1780559335.3955216,VDD_SOC,1695.232,,
1780559335.3955216,,,cpu-thermal,56.781
1780559335.3955216,,,gpu-thermal,56.656
1780559335.3955216,,,soc0-thermal,54.937
1780559335.3955216,,,soc1-thermal,54.187
1780559335.3955216,,,soc2-thermal,54.687
1780559335.3955216,,,tj-thermal,56.937
1780559335.5015156,VDD_IN,6702.08,,
1780559335.5015156,VDD_CPU_GPU_CV,2086.08,,
1780559335.5015156,VDD_SOC,1695.232,,
1780559335.5015156,,,cpu-thermal,56.531
1780559335.5015156,,,gpu-thermal,56.718
1780559335.5015156,,,soc0-thermal,54.812
1780559335.5015156,,,soc1-thermal,54.281
1780559335.5015156,,,soc2-thermal,54.75
1780559335.5015156,,,tj-thermal,56.812
1780559335.60742,VDD_IN,6673.472,,
1780559335.60742,VDD_CPU_GPU_CV,2086.08,,
1780559335.60742,VDD_SOC,1695.232,,
1780559335.60742,,,cpu-thermal,56.531
1780559335.60742,,,gpu-thermal,57.125
1780559335.60742,,,soc0-thermal,54.875
1780559335.60742,,,soc1-thermal,54.281
1780559335.60742,,,soc2-thermal,54.75
1780559335.60742,,,tj-thermal,56.781
1780559335.7137582,VDD_IN,6633.984,,
1780559335.7137582,VDD_CPU_GPU_CV,2050.048,,
1780559335.7137582,VDD_SOC,1695.232,,
1780559335.7137582,,,cpu-thermal,56.437
1780559335.7137582,,,gpu-thermal,56.906
1780559335.7137582,,,soc0-thermal,54.937
1780559335.7137582,,,soc1-thermal,54.375
1780559335.7137582,,,soc2-thermal,54.75
1780559335.7137582,,,tj-thermal,56.906
1780559335.8198936,VDD_IN,6633.984,,
1780559335.8198936,VDD_CPU_GPU_CV,2050.048,,
1780559335.8198936,VDD_SOC,1697.984,,
1780559335.8198936,,,cpu-thermal,56.468
1780559335.8198936,,,gpu-thermal,56.781
1780559335.8198936,,,soc0-thermal,54.875
1780559335.8198936,,,soc1-thermal,54.218
1780559335.8198936,,,soc2-thermal,54.625
1780559335.8198936,,,tj-thermal,56.781
1780559335.9260411,VDD_IN,6594.496,,
1780559335.9260411,VDD_CPU_GPU_CV,2010.624,,
1780559335.9260411,VDD_SOC,1697.984,,
1780559335.9260411,,,cpu-thermal,56.5
1780559335.9260411,,,gpu-thermal,56.593
1780559335.9260411,,,soc0-thermal,54.843
1780559335.9260411,,,soc1-thermal,54.375
1780559335.9260411,,,soc2-thermal,54.781
1780559335.9260411,,,tj-thermal,56.593
1780559336.0323482,VDD_IN,6555.008,,
1780559336.0323482,VDD_CPU_GPU_CV,2010.624,,
1780559336.0323482,VDD_SOC,1658.496,,
1780559336.0323482,,,cpu-thermal,56.562
1780559336.0323482,,,gpu-thermal,56.718
1780559336.0323482,,,soc0-thermal,54.875
1780559336.0323482,,,soc1-thermal,54.437
1780559336.0323482,,,soc2-thermal,54.687
1780559336.0323482,,,tj-thermal,56.718
1780559336.1384788,VDD_IN,6555.008,,
1780559336.1384788,VDD_CPU_GPU_CV,2010.624,,
1780559336.1384788,VDD_SOC,1658.496,,
1780559336.1384788,,,cpu-thermal,56.562
1780559336.1384788,,,gpu-thermal,56.656
1780559336.1384788,,,soc0-thermal,54.843
1780559336.1384788,,,soc1-thermal,54.281
1780559336.1384788,,,soc2-thermal,54.687
1780559336.1384788,,,tj-thermal,56.656
1780559336.244683,VDD_IN,6555.008,,
1780559336.244683,VDD_CPU_GPU_CV,2010.624,,
1780559336.244683,VDD_SOC,1658.496,,
1780559336.244683,,,cpu-thermal,56.718
1780559336.244683,,,gpu-thermal,56.937
1780559336.244683,,,soc0-thermal,54.875
1780559336.244683,,,soc1-thermal,54.312
1780559336.244683,,,soc2-thermal,54.781
1780559336.244683,,,tj-thermal,56.937
1780559336.3510988,VDD_IN,6633.984,,
1780559336.3510988,VDD_CPU_GPU_CV,2050.048,,
1780559336.3510988,VDD_SOC,1695.232,,
1780559336.3510988,,,cpu-thermal,56.781
1780559336.3510988,,,gpu-thermal,56.906
1780559336.3510988,,,soc0-thermal,54.875
1780559336.3510988,,,soc1-thermal,54.437
1780559336.3510988,,,soc2-thermal,54.687
1780559336.3510988,,,tj-thermal,56.906
1780559336.4571335,VDD_IN,6741.504,,
1780559336.4571335,VDD_CPU_GPU_CV,2125.44,,
1780559336.4571335,VDD_SOC,1695.232,,
1780559336.4571335,,,cpu-thermal,56.375
1780559336.4571335,,,gpu-thermal,56.812
1780559336.4571335,,,soc0-thermal,55.062
1780559336.4571335,,,soc1-thermal,54.375
1780559336.4571335,,,soc2-thermal,54.656
1780559336.4571335,,,tj-thermal,56.812
1780559336.5640607,VDD_IN,6712.96,,
1780559336.5640607,VDD_CPU_GPU_CV,2086.08,,
1780559336.5640607,VDD_SOC,1695.232,,
1780559336.5640607,,,cpu-thermal,56.593
1780559336.5640607,,,gpu-thermal,56.812
1780559336.5640607,,,soc0-thermal,55.031
1780559336.5640607,,,soc1-thermal,54.312
1780559336.5640607,,,soc2-thermal,54.781
1780559336.5640607,,,tj-thermal,56.812
1780559336.6714137,VDD_IN,6633.984,,
1780559336.6714137,VDD_CPU_GPU_CV,2050.048,,
1780559336.6714137,VDD_SOC,1695.232,,
1780559336.6714137,,,cpu-thermal,56.687
1780559336.6714137,,,gpu-thermal,56.687
1780559336.6714137,,,soc0-thermal,55.125
1780559336.6714137,,,soc1-thermal,54.531
1780559336.6714137,,,soc2-thermal,54.781
1780559336.6714137,,,tj-thermal,56.875
1780559336.7782824,VDD_IN,6594.496,,
1780559336.7782824,VDD_CPU_GPU_CV,2050.048,,
1780559336.7782824,VDD_SOC,1695.232,,
1780559336.7782824,,,cpu-thermal,56.437
1780559336.7782824,,,gpu-thermal,57.062
1780559336.7782824,,,soc0-thermal,54.937
1780559336.7782824,,,soc1-thermal,54.312
1780559336.7782824,,,soc2-thermal,54.843
1780559336.7782824,,,tj-thermal,56.718
1780559336.8850138,VDD_IN,6594.496,,
1780559336.8850138,VDD_CPU_GPU_CV,2010.624,,
1780559336.8850138,VDD_SOC,1697.984,,
1780559336.8850138,,,cpu-thermal,56.5
1780559336.8850138,,,gpu-thermal,56.906
1780559336.8850138,,,soc0-thermal,54.968
1780559336.8850138,,,soc1-thermal,54.437
1780559336.8850138,,,soc2-thermal,54.781
1780559336.8850138,,,tj-thermal,56.781
1780559336.9910922,VDD_IN,6555.008,,
1780559336.9910922,VDD_CPU_GPU_CV,1971.2,,
1780559336.9910922,VDD_SOC,1697.984,,
1780559336.9910922,,,cpu-thermal,56.468
1780559336.9910922,,,gpu-thermal,56.843
1780559336.9910922,,,soc0-thermal,55.0
1780559336.9910922,,,soc1-thermal,54.5
1780559336.9910922,,,soc2-thermal,54.75
1780559336.9910922,,,tj-thermal,56.625
1780559337.0975175,VDD_IN,6515.52,,
1780559337.0975175,VDD_CPU_GPU_CV,1971.2,,
1780559337.0975175,VDD_SOC,1697.984,,
1780559337.0975175,,,cpu-thermal,56.5
1780559337.0975175,,,gpu-thermal,56.718
1780559337.0975175,,,soc0-thermal,55.218
1780559337.0975175,,,soc1-thermal,54.312
1780559337.0975175,,,soc2-thermal,54.812
1780559337.0975175,,,tj-thermal,57.093
1780559337.2041888,VDD_IN,6515.52,,
1780559337.2041888,VDD_CPU_GPU_CV,1971.2,,
1780559337.2041888,VDD_SOC,1658.496,,
1780559337.2041888,,,cpu-thermal,56.593
1780559337.2041888,,,gpu-thermal,56.718
1780559337.2041888,,,soc0-thermal,55.062
1780559337.2041888,,,soc1-thermal,54.375
1780559337.2041888,,,soc2-thermal,54.843
1780559337.2041888,,,tj-thermal,56.968
1780559337.3102696,VDD_IN,6555.008,,
1780559337.3102696,VDD_CPU_GPU_CV,2010.624,,
1780559337.3102696,VDD_SOC,1697.984,,
1780559337.3102696,,,cpu-thermal,56.781
1780559337.3102696,,,gpu-thermal,57.125
1780559337.3102696,,,soc0-thermal,55.062
1780559337.3102696,,,soc1-thermal,54.5
1780559337.3102696,,,soc2-thermal,54.718
1780559337.3102696,,,tj-thermal,56.875
1780559337.41647,VDD_IN,6673.472,,
1780559337.41647,VDD_CPU_GPU_CV,2050.048,,
1780559337.41647,VDD_SOC,1695.232,,
1780559337.41647,,,cpu-thermal,56.5
1780559337.41647,,,gpu-thermal,57.0
1780559337.41647,,,soc0-thermal,55.156
1780559337.41647,,,soc1-thermal,54.343
1780559337.41647,,,soc2-thermal,54.656
1780559337.41647,,,tj-thermal,57.0
1780559337.5224657,VDD_IN,6712.96,,
1780559337.5224657,VDD_CPU_GPU_CV,2086.08,,
1780559337.5224657,VDD_SOC,1695.232,,
1780559337.5224657,,,cpu-thermal,56.625
1780559337.5224657,,,gpu-thermal,56.968
1780559337.5224657,,,soc0-thermal,54.968
1780559337.5224657,,,soc1-thermal,54.406
1780559337.5224657,,,soc2-thermal,54.875
1780559337.5224657,,,tj-thermal,56.968
1780559337.6285274,VDD_IN,6673.472,,
1780559337.6285274,VDD_CPU_GPU_CV,2050.048,,
1780559337.6285274,VDD_SOC,1695.232,,
1780559337.6285274,,,cpu-thermal,56.687
1780559337.6285274,,,gpu-thermal,56.875
1780559337.6285274,,,soc0-thermal,55.0
1780559337.6285274,,,soc1-thermal,54.562
1780559337.6285274,,,soc2-thermal,54.937
1780559337.6285274,,,tj-thermal,56.875
1780559337.7349443,VDD_IN,6673.472,,
1780559337.7349443,VDD_CPU_GPU_CV,2050.048,,
1780559337.7349443,VDD_SOC,1695.232,,
1780559337.7349443,,,cpu-thermal,56.593
1780559337.7349443,,,gpu-thermal,56.843
1780559337.7349443,,,soc0-thermal,55.125
1780559337.7349443,,,soc1-thermal,54.562
1780559337.7349443,,,soc2-thermal,54.812
1780559337.7349443,,,tj-thermal,56.843
1780559337.8411238,VDD_IN,6633.984,,
1780559337.8411238,VDD_CPU_GPU_CV,2050.048,,
1780559337.8411238,VDD_SOC,1697.984,,
1780559337.8411238,,,cpu-thermal,56.625
1780559337.8411238,,,gpu-thermal,56.75
1780559337.8411238,,,soc0-thermal,55.0
1780559337.8411238,,,soc1-thermal,54.375
1780559337.8411238,,,soc2-thermal,54.875
1780559337.8411238,,,tj-thermal,56.75
1780559337.9472768,VDD_IN,6633.984,,
1780559337.9472768,VDD_CPU_GPU_CV,2050.048,,
1780559337.9472768,VDD_SOC,1697.984,,
1780559337.9472768,,,cpu-thermal,56.687
1780559337.9472768,,,gpu-thermal,57.125
1780559337.9472768,,,soc0-thermal,55.031
1780559337.9472768,,,soc1-thermal,54.437
1780559337.9472768,,,soc2-thermal,55.0
1780559337.9472768,,,tj-thermal,57.125
1780559338.0539556,VDD_IN,6594.496,,
1780559338.0539556,VDD_CPU_GPU_CV,2010.624,,
1780559338.0539556,VDD_SOC,1697.984,,
1780559338.0539556,,,cpu-thermal,56.562
1780559338.0539556,,,gpu-thermal,57.0
1780559338.0539556,,,soc0-thermal,55.125
1780559338.0539556,,,soc1-thermal,54.562
1780559338.0539556,,,soc2-thermal,54.812
1780559338.0539556,,,tj-thermal,57.0
1780559338.1599927,VDD_IN,6555.008,,
1780559338.1599927,VDD_CPU_GPU_CV,2010.624,,
1780559338.1599927,VDD_SOC,1697.984,,
1780559338.1599927,,,cpu-thermal,56.593
1780559338.1599927,,,gpu-thermal,56.937
1780559338.1599927,,,soc0-thermal,55.031
1780559338.1599927,,,soc1-thermal,54.468
1780559338.1599927,,,soc2-thermal,54.906
1780559338.1599927,,,tj-thermal,56.937
1780559338.2662451,VDD_IN,6594.496,,
1780559338.2662451,VDD_CPU_GPU_CV,2010.624,,
1780559338.2662451,VDD_SOC,1697.984,,
1780559338.2662451,,,cpu-thermal,56.843
1780559338.2662451,,,gpu-thermal,56.843
1780559338.2662451,,,soc0-thermal,55.062
1780559338.2662451,,,soc1-thermal,54.5
1780559338.2662451,,,soc2-thermal,54.937
1780559338.2662451,,,tj-thermal,56.843
1780559338.3723989,VDD_IN,6673.472,,
1780559338.3723989,VDD_CPU_GPU_CV,2089.472,,
1780559338.3723989,VDD_SOC,1695.232,,
1780559338.3723989,,,cpu-thermal,56.562
1780559338.3723989,,,gpu-thermal,56.812
1780559338.3723989,,,soc0-thermal,55.125
1780559338.3723989,,,soc1-thermal,54.562
1780559338.3723989,,,soc2-thermal,54.812
1780559338.3723989,,,tj-thermal,56.812
1780559338.4785082,VDD_IN,6741.504,,
1780559338.4785082,VDD_CPU_GPU_CV,2125.44,,
1780559338.4785082,VDD_SOC,1695.232,,
1780559338.4785082,,,cpu-thermal,56.531
1780559338.4785082,,,gpu-thermal,57.156
1780559338.4785082,,,soc0-thermal,55.093
1780559338.4785082,,,soc1-thermal,54.5
1780559338.4785082,,,soc2-thermal,54.843
1780559338.4785082,,,tj-thermal,57.156
1780559338.5855303,VDD_IN,6702.08,,
1780559338.5855303,VDD_CPU_GPU_CV,2086.08,,
1780559338.5855303,VDD_SOC,1695.232,,
1780559338.5855303,,,cpu-thermal,56.75
1780559338.5855303,,,gpu-thermal,57.031
1780559338.5855303,,,soc0-thermal,55.062
1780559338.5855303,,,soc1-thermal,54.437
1780559338.5855303,,,soc2-thermal,54.937
1780559338.5855303,,,tj-thermal,57.031
1780559338.691692,VDD_IN,6673.472,,
1780559338.691692,VDD_CPU_GPU_CV,2050.048,,
1780559338.691692,VDD_SOC,1695.232,,
1780559338.691692,,,cpu-thermal,56.812
1780559338.691692,,,gpu-thermal,56.968
1780559338.691692,,,soc0-thermal,55.093
1780559338.691692,,,soc1-thermal,54.656
1780559338.691692,,,soc2-thermal,54.937
1780559338.691692,,,tj-thermal,56.968
1780559338.7985346,VDD_IN,6633.984,,
1780559338.7985346,VDD_CPU_GPU_CV,2050.048,,
1780559338.7985346,VDD_SOC,1697.984,,
1780559338.7985346,,,cpu-thermal,56.687
1780559338.7985346,,,gpu-thermal,56.937
1780559338.7985346,,,soc0-thermal,55.031
1780559338.7985346,,,soc1-thermal,54.437
1780559338.7985346,,,soc2-thermal,54.906
1780559338.7985346,,,tj-thermal,56.937
1780559338.9047334,VDD_IN,6594.496,,
1780559338.9047334,VDD_CPU_GPU_CV,2010.624,,
1780559338.9047334,VDD_SOC,1697.984,,
1780559338.9047334,,,cpu-thermal,56.75
1780559338.9047334,,,gpu-thermal,56.906
1780559338.9047334,,,soc0-thermal,55.125
1780559338.9047334,,,soc1-thermal,54.406
1780559338.9047334,,,soc2-thermal,55.0
1780559338.9047334,,,tj-thermal,56.906
1780559339.0106516,VDD_IN,6555.008,,
1780559339.0106516,VDD_CPU_GPU_CV,2010.624,,
1780559339.0106516,VDD_SOC,1697.984,,
1780559339.0106516,,,cpu-thermal,56.593
1780559339.0106516,,,gpu-thermal,56.937
1780559339.0106516,,,soc0-thermal,55.062
1780559339.0106516,,,soc1-thermal,54.593
1780559339.0106516,,,soc2-thermal,54.843
1780559339.0106516,,,tj-thermal,56.937
1780559339.11702,VDD_IN,6555.008,,
1780559339.11702,VDD_CPU_GPU_CV,2010.624,,
1780559339.11702,VDD_SOC,1697.984,,
1780559339.11702,,,cpu-thermal,56.593
1780559339.11702,,,gpu-thermal,57.125
1780559339.11702,,,soc0-thermal,55.218
1780559339.11702,,,soc1-thermal,54.562
1780559339.11702,,,soc2-thermal,54.937
1780559339.11702,,,tj-thermal,57.125
1780559339.2229934,VDD_IN,6515.52,,
1780559339.2229934,VDD_CPU_GPU_CV,1971.2,,
1780559339.2229934,VDD_SOC,1697.984,,
1780559339.2229934,,,cpu-thermal,56.625
1780559339.2229934,,,gpu-thermal,57.031
1780559339.2229934,,,soc0-thermal,55.062
1780559339.2229934,,,soc1-thermal,54.531
1780559339.2229934,,,soc2-thermal,55.0
1780559339.2229934,,,tj-thermal,57.031
1780559339.3290243,VDD_IN,6633.984,,
1780559339.3290243,VDD_CPU_GPU_CV,2050.048,,
1780559339.3290243,VDD_SOC,1697.984,,
1780559339.3290243,,,cpu-thermal,57.062
1780559339.3290243,,,gpu-thermal,57.343
1780559339.3290243,,,soc0-thermal,55.156
1780559339.3290243,,,soc1-thermal,54.593
1780559339.3290243,,,soc2-thermal,55.031
1780559339.3290243,,,tj-thermal,57.062
1780559339.435223,VDD_IN,6712.96,,
1780559339.435223,VDD_CPU_GPU_CV,2086.08,,
1780559339.435223,VDD_SOC,1695.232,,
1780559339.435223,,,cpu-thermal,56.656
1780559339.435223,,,gpu-thermal,57.125
1780559339.435223,,,soc0-thermal,55.218
1780559339.435223,,,soc1-thermal,54.437
1780559339.435223,,,soc2-thermal,54.875
1780559339.435223,,,tj-thermal,56.968
1780559339.5411146,VDD_IN,6741.504,,
1780559339.5411146,VDD_CPU_GPU_CV,2086.08,,
1780559339.5411146,VDD_SOC,1695.232,,
1780559339.5411146,,,cpu-thermal,56.656
1780559339.5411146,,,gpu-thermal,57.031
1780559339.5411146,,,soc0-thermal,55.187
1780559339.5411146,,,soc1-thermal,54.562
1780559339.5411146,,,soc2-thermal,54.937
1780559339.5411146,,,tj-thermal,56.937
1780559339.6477609,VDD_IN,6673.472,,
1780559339.6477609,VDD_CPU_GPU_CV,2086.08,,
1780559339.6477609,VDD_SOC,1695.232,,
1780559339.6477609,,,cpu-thermal,56.843
1780559339.6477609,,,gpu-thermal,56.968
1780559339.6477609,,,soc0-thermal,55.156
1780559339.6477609,,,soc1-thermal,54.5
1780559339.6477609,,,soc2-thermal,55.093
1780559339.6477609,,,tj-thermal,57.281
1780559339.7543414,VDD_IN,6633.984,,
1780559339.7543414,VDD_CPU_GPU_CV,2050.048,,
1780559339.7543414,VDD_SOC,1695.232,,
1780559339.7543414,,,cpu-thermal,57.031
1780559339.7543414,,,gpu-thermal,56.968
1780559339.7543414,,,soc0-thermal,55.312
1780559339.7543414,,,soc1-thermal,54.437
1780559339.7543414,,,soc2-thermal,55.031
1780559339.7543414,,,tj-thermal,57.156
1780559339.8612356,VDD_IN,6594.496,,
1780559339.8612356,VDD_CPU_GPU_CV,2010.624,,
1780559339.8612356,VDD_SOC,1697.984,,
1780559339.8612356,,,cpu-thermal,56.812
1780559339.8612356,,,gpu-thermal,56.875
1780559339.8612356,,,soc0-thermal,55.093
1780559339.8612356,,,soc1-thermal,54.562
1780559339.8612356,,,soc2-thermal,55.0
1780559339.8612356,,,tj-thermal,57.062
1780559339.9673846,VDD_IN,6555.008,,
1780559339.9673846,VDD_CPU_GPU_CV,2010.624,,
1780559339.9673846,VDD_SOC,1697.984,,
1780559339.9673846,,,cpu-thermal,56.843
1780559339.9673846,,,gpu-thermal,57.25
1780559339.9673846,,,soc0-thermal,55.187
1780559339.9673846,,,soc1-thermal,54.593
1780559339.9673846,,,soc2-thermal,55.031
1780559339.9673846,,,tj-thermal,56.906
1780559340.0734093,VDD_IN,6555.008,,
1780559340.0734093,VDD_CPU_GPU_CV,2010.624,,
1780559340.0734093,VDD_SOC,1697.984,,
1780559340.0734093,,,cpu-thermal,56.687
1780559340.0734093,,,gpu-thermal,57.031
1780559340.0734093,,,soc0-thermal,55.218
1780559340.0734093,,,soc1-thermal,54.562
1780559340.0734093,,,soc2-thermal,55.0
1780559340.0734093,,,tj-thermal,56.875
1780559340.1801898,VDD_IN,6515.52,,
1780559340.1801898,VDD_CPU_GPU_CV,1971.2,,
1780559340.1801898,VDD_SOC,1697.984,,
1780559340.1801898,,,cpu-thermal,56.687
1780559340.1801898,,,gpu-thermal,57.062
1780559340.1801898,,,soc0-thermal,55.156
1780559340.1801898,,,soc1-thermal,54.625
1780559340.1801898,,,soc2-thermal,55.031
1780559340.1801898,,,tj-thermal,57.343
1780559340.2865982,VDD_IN,6594.496,,
1780559340.2865982,VDD_CPU_GPU_CV,2010.624,,
1780559340.2865982,VDD_SOC,1697.984,,
1780559340.2865982,,,cpu-thermal,56.781
1780559340.2865982,,,gpu-thermal,56.875
1780559340.2865982,,,soc0-thermal,55.187
1780559340.2865982,,,soc1-thermal,54.593
1780559340.2865982,,,soc2-thermal,55.031
1780559340.2865982,,,tj-thermal,57.218
1780559340.3925295,VDD_IN,6673.472,,
1780559340.3925295,VDD_CPU_GPU_CV,2050.048,,
1780559340.3925295,VDD_SOC,1695.232,,
1780559340.3925295,,,cpu-thermal,56.718
1780559340.3925295,,,gpu-thermal,56.968
1780559340.3925295,,,soc0-thermal,55.187
1780559340.3925295,,,soc1-thermal,54.687
1780559340.3925295,,,soc2-thermal,55.0
1780559340.3925295,,,tj-thermal,57.093
1780559340.4986959,VDD_IN,6741.504,,
1780559340.4986959,VDD_CPU_GPU_CV,2086.08,,
1780559340.4986959,VDD_SOC,1695.232,,
1780559340.4986959,,,cpu-thermal,56.718
1780559340.4986959,,,gpu-thermal,57.343
1780559340.4986959,,,soc0-thermal,55.343
1780559340.4986959,,,soc1-thermal,54.468
1780559340.4986959,,,soc2-thermal,55.062
1780559340.4986959,,,tj-thermal,57.031
1780559340.605031,VDD_IN,6673.472,,
1780559340.605031,VDD_CPU_GPU_CV,2086.08,,
1780559340.605031,VDD_SOC,1695.232,,
1780559340.605031,,,cpu-thermal,56.968
1780559340.605031,,,gpu-thermal,57.281
1780559340.605031,,,soc0-thermal,55.125
1780559340.605031,,,soc1-thermal,54.562
1780559340.605031,,,soc2-thermal,55.093
1780559340.605031,,,tj-thermal,57.281
1780559340.7110786,VDD_IN,6633.984,,
1780559340.7110786,VDD_CPU_GPU_CV,2050.048,,
1780559340.7110786,VDD_SOC,1697.984,,
1780559340.7110786,,,cpu-thermal,57.031
1780559340.7110786,,,gpu-thermal,57.062
1780559340.7110786,,,soc0-thermal,55.281
1780559340.7110786,,,soc1-thermal,54.656
1780559340.7110786,,,soc2-thermal,55.031
1780559340.7110786,,,tj-thermal,57.031
1780559340.8176422,VDD_IN,6594.496,,
1780559340.8176422,VDD_CPU_GPU_CV,2010.624,,
1780559340.8176422,VDD_SOC,1697.984,,
1780559340.8176422,,,cpu-thermal,56.812
1780559340.8176422,,,gpu-thermal,56.937
1780559340.8176422,,,soc0-thermal,55.406
1780559340.8176422,,,soc1-thermal,54.593
1780559340.8176422,,,soc2-thermal,55.062
1780559340.8176422,,,tj-thermal,56.937
1780559340.9238951,VDD_IN,6555.008,,
1780559340.9238951,VDD_CPU_GPU_CV,2010.624,,
1780559340.9238951,VDD_SOC,1697.984,,
1780559340.9238951,,,cpu-thermal,56.812
1780559340.9238951,,,gpu-thermal,57.031
1780559340.9238951,,,soc0-thermal,55.218
1780559340.9238951,,,soc1-thermal,54.625
1780559340.9238951,,,soc2-thermal,55.031
1780559340.9238951,,,tj-thermal,57.031
1780559341.030356,VDD_IN,6555.008,,
1780559341.030356,VDD_CPU_GPU_CV,2010.624,,
1780559341.030356,VDD_SOC,1697.984,,
1780559341.030356,,,cpu-thermal,56.812
1780559341.030356,,,gpu-thermal,56.968
1780559341.030356,,,soc0-thermal,55.281
1780559341.030356,,,soc1-thermal,54.718
1780559341.030356,,,soc2-thermal,55.062
1780559341.030356,,,tj-thermal,57.093
1780559341.1368778,VDD_IN,6515.52,,
1780559341.1368778,VDD_CPU_GPU_CV,1971.2,,
1780559341.1368778,VDD_SOC,1697.984,,
1780559341.1368778,,,cpu-thermal,56.75
1780559341.1368778,,,gpu-thermal,57.343
1780559341.1368778,,,soc0-thermal,55.406
1780559341.1368778,,,soc1-thermal,54.562
1780559341.1368778,,,soc2-thermal,55.093
1780559341.1368778,,,tj-thermal,57.343
1780559341.2431335,VDD_IN,6515.52,,
1780559341.2431335,VDD_CPU_GPU_CV,1971.2,,
1780559341.2431335,VDD_SOC,1697.984,,
1780559341.2431335,,,cpu-thermal,56.812
1780559341.2431335,,,gpu-thermal,57.218
1780559341.2431335,,,soc0-thermal,55.25
1780559341.2431335,,,soc1-thermal,54.656
1780559341.2431335,,,soc2-thermal,55.156
1780559341.2431335,,,tj-thermal,57.218
1780559341.3493662,VDD_IN,6633.984,,
1780559341.3493662,VDD_CPU_GPU_CV,2050.048,,
1780559341.3493662,VDD_SOC,1695.232,,
1780559341.3493662,,,cpu-thermal,56.656
1780559341.3493662,,,gpu-thermal,57.093
1780559341.3493662,,,soc0-thermal,55.218
1780559341.3493662,,,soc1-thermal,54.75
1780559341.3493662,,,soc2-thermal,55.093
1780559341.3493662,,,tj-thermal,57.093
1780559341.455922,VDD_IN,6702.08,,
1780559341.455922,VDD_CPU_GPU_CV,2086.08,,
1780559341.455922,VDD_SOC,1695.232,,
1780559341.455922,,,cpu-thermal,56.687
1780559341.455922,,,gpu-thermal,57.093
1780559341.455922,,,soc0-thermal,55.375
1780559341.455922,,,soc1-thermal,54.562
1780559341.455922,,,soc2-thermal,55.093
1780559341.455922,,,tj-thermal,57.093
1780559341.5623689,VDD_IN,6673.472,,
1780559341.5623689,VDD_CPU_GPU_CV,2046.72,,
1780559341.5623689,VDD_SOC,1695.232,,
1780559341.5623689,,,cpu-thermal,56.812
1780559341.5623689,,,gpu-thermal,57.031
1780559341.5623689,,,soc0-thermal,55.25
1780559341.5623689,,,soc1-thermal,54.593
1780559341.5623689,,,soc2-thermal,55.125
1780559341.5623689,,,tj-thermal,57.031
1780559341.6688437,VDD_IN,6673.472,,
1780559341.6688437,VDD_CPU_GPU_CV,2050.048,,
1780559341.6688437,VDD_SOC,1695.232,,
1780559341.6688437,,,cpu-thermal,57.031
1780559341.6688437,,,gpu-thermal,57.437
1780559341.6688437,,,soc0-thermal,55.281
1780559341.6688437,,,soc1-thermal,54.718
1780559341.6688437,,,soc2-thermal,55.093
1780559341.6688437,,,tj-thermal,57.437
1780559341.7752085,VDD_IN,6594.496,,
1780559341.7752085,VDD_CPU_GPU_CV,2010.624,,
1780559341.7752085,VDD_SOC,1697.984,,
1780559341.7752085,,,cpu-thermal,56.75
1780559341.7752085,,,gpu-thermal,57.218
1780559341.7752085,,,soc0-thermal,55.375
1780559341.7752085,,,soc1-thermal,54.625
1780559341.7752085,,,soc2-thermal,55.093
1780559341.7752085,,,tj-thermal,57.218
1780559341.881207,VDD_IN,6594.496,,
1780559341.881207,VDD_CPU_GPU_CV,2010.624,,
1780559341.881207,VDD_SOC,1697.984,,
1780559341.881207,,,cpu-thermal,56.968
1780559341.881207,,,gpu-thermal,57.093
1780559341.881207,,,soc0-thermal,55.281
1780559341.881207,,,soc1-thermal,54.562
1780559341.881207,,,soc2-thermal,55.093
1780559341.881207,,,tj-thermal,57.093
1780559341.9877033,VDD_IN,6555.008,,
1780559341.9877033,VDD_CPU_GPU_CV,2010.624,,
1780559341.9877033,VDD_SOC,1697.984,,
1780559341.9877033,,,cpu-thermal,57.062
1780559341.9877033,,,gpu-thermal,57.031
1780559341.9877033,,,soc0-thermal,55.25
1780559341.9877033,,,soc1-thermal,54.812
1780559341.9877033,,,soc2-thermal,55.187
1780559341.9877033,,,tj-thermal,57.062
1780559342.0944796,VDD_IN,6515.52,,
1780559342.0944796,VDD_CPU_GPU_CV,1971.2,,
1780559342.0944796,VDD_SOC,1658.496,,
1780559342.0944796,,,cpu-thermal,56.812
1780559342.0944796,,,gpu-thermal,57.031
1780559342.0944796,,,soc0-thermal,55.343
1780559342.0944796,,,soc1-thermal,54.656
1780559342.0944796,,,soc2-thermal,55.125
1780559342.0944796,,,tj-thermal,57.031
1780559342.2008355,VDD_IN,6555.008,,
1780559342.2008355,VDD_CPU_GPU_CV,2010.624,,
1780559342.2008355,VDD_SOC,1697.984,,
1780559342.2008355,,,cpu-thermal,56.875
1780559342.2008355,,,gpu-thermal,57.468
1780559342.2008355,,,soc0-thermal,55.25
1780559342.2008355,,,soc1-thermal,54.625
1780559342.2008355,,,soc2-thermal,55.093
1780559342.2008355,,,tj-thermal,57.468
1780559342.3068023,VDD_IN,6594.496,,
1780559342.3068023,VDD_CPU_GPU_CV,2050.048,,
1780559342.3068023,VDD_SOC,1695.232,,
1780559342.3068023,,,cpu-thermal,56.937
1780559342.3068023,,,gpu-thermal,57.343
1780559342.3068023,,,soc0-thermal,55.25
1780559342.3068023,,,soc1-thermal,54.75
1780559342.3068023,,,soc2-thermal,55.218
1780559342.3068023,,,tj-thermal,57.343
1780559342.4128447,VDD_IN,6702.08,,
1780559342.4128447,VDD_CPU_GPU_CV,2086.08,,
1780559342.4128447,VDD_SOC,1695.232,,
1780559342.4128447,,,cpu-thermal,57.031
1780559342.4128447,,,gpu-thermal,57.218
1780559342.4128447,,,soc0-thermal,55.25
1780559342.4128447,,,soc1-thermal,54.937
1780559342.4128447,,,soc2-thermal,54.968
1780559342.4128447,,,tj-thermal,57.218
1780559342.5190768,VDD_IN,6741.504,,
1780559342.5190768,VDD_CPU_GPU_CV,2125.44,,
1780559342.5190768,VDD_SOC,1695.232,,
1780559342.5190768,,,cpu-thermal,56.843
1780559342.5190768,,,gpu-thermal,57.156
1780559342.5190768,,,soc0-thermal,55.281
1780559342.5190768,,,soc1-thermal,54.625
1780559342.5190768,,,soc2-thermal,55.187
1780559342.5190768,,,tj-thermal,57.156
1780559342.6253448,VDD_IN,6673.472,,
1780559342.6253448,VDD_CPU_GPU_CV,2046.72,,
1780559342.6253448,VDD_SOC,1695.232,,
1780559342.6253448,,,cpu-thermal,57.218
1780559342.6253448,,,gpu-thermal,57.062
1780559342.6253448,,,soc0-thermal,55.343
1780559342.6253448,,,soc1-thermal,54.687
1780559342.6253448,,,soc2-thermal,55.187
1780559342.6253448,,,tj-thermal,57.218
1780559342.7315016,VDD_IN,6633.984,,
1780559342.7315016,VDD_CPU_GPU_CV,2046.72,,
1780559342.7315016,VDD_SOC,1695.232,,
1780559342.7315016,,,cpu-thermal,57.312
1780559342.7315016,,,gpu-thermal,57.031
1780559342.7315016,,,soc0-thermal,55.343
1780559342.7315016,,,soc1-thermal,54.875
1780559342.7315016,,,soc2-thermal,55.187
1780559342.7315016,,,tj-thermal,57.312
1780559342.8376408,VDD_IN,6594.496,,
1780559342.8376408,VDD_CPU_GPU_CV,2010.624,,
1780559342.8376408,VDD_SOC,1697.984,,
1780559342.8376408,,,cpu-thermal,56.718
1780559342.8376408,,,gpu-thermal,57.375
1780559342.8376408,,,soc0-thermal,55.406
1780559342.8376408,,,soc1-thermal,54.687
1780559342.8376408,,,soc2-thermal,55.125
1780559342.8376408,,,tj-thermal,57.375
1780559342.9435444,VDD_IN,6555.008,,
1780559342.9435444,VDD_CPU_GPU_CV,2010.624,,
1780559342.9435444,VDD_SOC,1697.984,,
1780559342.9435444,,,cpu-thermal,56.968
1780559342.9435444,,,gpu-thermal,57.031
1780559342.9435444,,,soc0-thermal,55.25
1780559342.9435444,,,soc1-thermal,54.781
1780559342.9435444,,,soc2-thermal,55.187
1780559342.9435444,,,tj-thermal,57.312
1780559343.0496562,VDD_IN,6555.008,,
1780559343.0496562,VDD_CPU_GPU_CV,2010.624,,
1780559343.0496562,VDD_SOC,1697.984,,
1780559343.0496562,,,cpu-thermal,57.093
1780559343.0496562,,,gpu-thermal,57.062
1780559343.0496562,,,soc0-thermal,55.312
1780559343.0496562,,,soc1-thermal,54.812
1780559343.0496562,,,soc2-thermal,55.312
1780559343.0496562,,,tj-thermal,57.156
1780559343.1555674,VDD_IN,6515.52,,
1780559343.1555674,VDD_CPU_GPU_CV,1971.2,,
1780559343.1555674,VDD_SOC,1658.496,,
1780559343.1555674,,,cpu-thermal,57.218
1780559343.1555674,,,gpu-thermal,57.343
1780559343.1555674,,,soc0-thermal,55.5
1780559343.1555674,,,soc1-thermal,54.656
1780559343.1555674,,,soc2-thermal,55.218
1780559343.1555674,,,tj-thermal,57.187
1780559343.2615128,VDD_IN,6515.52,,
1780559343.2615128,VDD_CPU_GPU_CV,2010.624,,
1780559343.2615128,VDD_SOC,1697.984,,
1780559343.2615128,,,cpu-thermal,56.937
1780559343.2615128,,,gpu-thermal,57.281
1780559343.2615128,,,soc0-thermal,55.312
1780559343.2615128,,,soc1-thermal,54.687
1780559343.2615128,,,soc2-thermal,55.187
1780559343.2615128,,,tj-thermal,57.281
1780559343.36744,VDD_IN,6633.984,,
1780559343.36744,VDD_CPU_GPU_CV,2046.72,,
1780559343.36744,VDD_SOC,1695.232,,
1780559343.36744,,,cpu-thermal,57.031
1780559343.36744,,,gpu-thermal,57.218
1780559343.36744,,,soc0-thermal,55.343
1780559343.36744,,,soc1-thermal,54.812
1780559343.36744,,,soc2-thermal,55.218
1780559343.36744,,,tj-thermal,57.218
1780559343.4734473,VDD_IN,6741.504,,
1780559343.4734473,VDD_CPU_GPU_CV,2086.08,,
1780559343.4734473,VDD_SOC,1695.232,,
1780559343.4734473,,,cpu-thermal,56.875
1780559343.4734473,,,gpu-thermal,57.187
1780559343.4734473,,,soc0-thermal,55.375
1780559343.4734473,,,soc1-thermal,54.906
1780559343.4734473,,,soc2-thermal,55.125
1780559343.4734473,,,tj-thermal,57.187
1780559343.5797083,VDD_IN,6702.08,,
1780559343.5797083,VDD_CPU_GPU_CV,2086.08,,
1780559343.5797083,VDD_SOC,1695.232,,
1780559343.5797083,,,cpu-thermal,56.875
1780559343.5797083,,,gpu-thermal,57.093
1780559343.5797083,,,soc0-thermal,55.531
1780559343.5797083,,,soc1-thermal,54.718
1780559343.5797083,,,soc2-thermal,55.312
1780559343.5797083,,,tj-thermal,57.093
1780559343.6861389,VDD_IN,6673.472,,
1780559343.6861389,VDD_CPU_GPU_CV,2046.72,,
1780559343.6861389,VDD_SOC,1695.232,,
1780559343.6861389,,,cpu-thermal,57.0
1780559343.6861389,,,gpu-thermal,57.5
1780559343.6861389,,,soc0-thermal,55.281
1780559343.6861389,,,soc1-thermal,54.75
1780559343.6861389,,,soc2-thermal,55.312
1780559343.6861389,,,tj-thermal,57.5
1780559343.7927792,VDD_IN,6633.984,,
1780559343.7927792,VDD_CPU_GPU_CV,2050.048,,
1780559343.7927792,VDD_SOC,1695.232,,
1780559343.7927792,,,cpu-thermal,56.875
1780559343.7927792,,,gpu-thermal,57.375
1780559343.7927792,,,soc0-thermal,55.437
1780559343.7927792,,,soc1-thermal,54.906
1780559343.7927792,,,soc2-thermal,55.25
1780559343.7927792,,,tj-thermal,57.375
1780559343.8992176,VDD_IN,6594.496,,
1780559343.8992176,VDD_CPU_GPU_CV,2050.048,,
1780559343.8992176,VDD_SOC,1697.984,,
1780559343.8992176,,,cpu-thermal,56.906
1780559343.8992176,,,gpu-thermal,57.218
1780559343.8992176,,,soc0-thermal,55.531
1780559343.8992176,,,soc1-thermal,54.781
1780559343.8992176,,,soc2-thermal,55.218
1780559343.8992176,,,tj-thermal,57.218
1780559344.0055516,VDD_IN,6594.496,,
1780559344.0055516,VDD_CPU_GPU_CV,2010.624,,
1780559344.0055516,VDD_SOC,1697.984,,
1780559344.0055516,,,cpu-thermal,57.187
1780559344.0055516,,,gpu-thermal,57.187
1780559344.0055516,,,soc0-thermal,55.343
1780559344.0055516,,,soc1-thermal,54.812
1780559344.0055516,,,soc2-thermal,55.281
1780559344.0055516,,,tj-thermal,57.187
1780559344.111485,VDD_IN,6555.008,,
1780559344.111485,VDD_CPU_GPU_CV,2010.624,,
1780559344.111485,VDD_SOC,1697.984,,
1780559344.111485,,,cpu-thermal,57.281
1780559344.111485,,,gpu-thermal,57.093
1780559344.111485,,,soc0-thermal,55.406
1780559344.111485,,,soc1-thermal,54.906
1780559344.111485,,,soc2-thermal,55.125
1780559344.111485,,,tj-thermal,57.281
1780559344.2176793,VDD_IN,6594.496,,
1780559344.2176793,VDD_CPU_GPU_CV,2010.624,,
1780559344.2176793,VDD_SOC,1697.984,,
1780559344.2176793,,,cpu-thermal,57.031
1780559344.2176793,,,gpu-thermal,57.531
1780559344.2176793,,,soc0-thermal,55.531
1780559344.2176793,,,soc1-thermal,54.812
1780559344.2176793,,,soc2-thermal,55.343
1780559344.2176793,,,tj-thermal,57.531
1780559344.3250477,VDD_IN,6673.472,,
1780559344.3250477,VDD_CPU_GPU_CV,2086.08,,
1780559344.3250477,VDD_SOC,1695.232,,
1780559344.3250477,,,cpu-thermal,56.937
1780559344.3250477,,,gpu-thermal,57.437
1780559344.3250477,,,soc0-thermal,55.406
1780559344.3250477,,,soc1-thermal,54.875
1780559344.3250477,,,soc2-thermal,55.375
1780559344.3250477,,,tj-thermal,57.437
1780559344.4310367,VDD_IN,6741.504,,
1780559344.4310367,VDD_CPU_GPU_CV,2125.44,,
1780559344.4310367,VDD_SOC,1695.232,,
1780559344.4310367,,,cpu-thermal,57.093
1780559344.4310367,,,gpu-thermal,57.312
1780559344.4310367,,,soc0-thermal,55.437
1780559344.4310367,,,soc1-thermal,54.937
1780559344.4310367,,,soc2-thermal,55.25
1780559344.4310367,,,tj-thermal,57.312
1780559344.5373075,VDD_IN,6741.504,,
1780559344.5373075,VDD_CPU_GPU_CV,2125.44,,
1780559344.5373075,VDD_SOC,1695.232,,
1780559344.5373075,,,cpu-thermal,56.906
1780559344.5373075,,,gpu-thermal,57.25
1780559344.5373075,,,soc0-thermal,55.531
1780559344.5373075,,,soc1-thermal,54.718
1780559344.5373075,,,soc2-thermal,55.281
1780559344.5373075,,,tj-thermal,57.25
1780559344.6443667,VDD_IN,6673.472,,
1780559344.6443667,VDD_CPU_GPU_CV,2050.048,,
1780559344.6443667,VDD_SOC,1695.232,,
1780559344.6443667,,,cpu-thermal,56.937
1780559344.6443667,,,gpu-thermal,57.25
1780559344.6443667,,,soc0-thermal,55.406
1780559344.6443667,,,soc1-thermal,54.812
1780559344.6443667,,,soc2-thermal,55.312
1780559344.6443667,,,tj-thermal,57.281
1780559344.750484,VDD_IN,6673.472,,
1780559344.750484,VDD_CPU_GPU_CV,2050.048,,
1780559344.750484,VDD_SOC,1695.232,,
1780559344.750484,,,cpu-thermal,56.937
1780559344.750484,,,gpu-thermal,57.187
1780559344.750484,,,soc0-thermal,55.406
1780559344.750484,,,soc1-thermal,54.906
1780559344.750484,,,soc2-thermal,55.25
1780559344.750484,,,tj-thermal,57.187
1780559344.8567803,VDD_IN,6633.984,,
1780559344.8567803,VDD_CPU_GPU_CV,2050.048,,
1780559344.8567803,VDD_SOC,1695.232,,
1780559344.8567803,,,cpu-thermal,57.125
1780559344.8567803,,,gpu-thermal,57.531
1780559344.8567803,,,soc0-thermal,55.531
1780559344.8567803,,,soc1-thermal,54.75
1780559344.8567803,,,soc2-thermal,55.187
1780559344.8567803,,,tj-thermal,57.531
1780559344.9628713,VDD_IN,6594.496,,
1780559344.9628713,VDD_CPU_GPU_CV,2050.048,,
1780559344.9628713,VDD_SOC,1697.984,,
1780559344.9628713,,,cpu-thermal,57.25
1780559344.9628713,,,gpu-thermal,57.406
1780559344.9628713,,,soc0-thermal,55.437
1780559344.9628713,,,soc1-thermal,54.875
1780559344.9628713,,,soc2-thermal,55.25
1780559344.9628713,,,tj-thermal,57.406
1780559345.0696714,VDD_IN,6594.496,,
1780559345.0696714,VDD_CPU_GPU_CV,2010.624,,
1780559345.0696714,VDD_SOC,1697.984,,
1780559345.0696714,,,cpu-thermal,57.187
1780559345.0696714,,,gpu-thermal,57.343
1780559345.0696714,,,soc0-thermal,55.562
1780559345.0696714,,,soc1-thermal,54.937
1780559345.0696714,,,soc2-thermal,55.468
1780559345.0696714,,,tj-thermal,57.343
1780559345.1757925,VDD_IN,6555.008,,
1780559345.1757925,VDD_CPU_GPU_CV,2010.624,,
1780559345.1757925,VDD_SOC,1697.984,,
1780559345.1757925,,,cpu-thermal,57.375
1780559345.1757925,,,gpu-thermal,57.187
1780559345.1757925,,,soc0-thermal,55.531
1780559345.1757925,,,soc1-thermal,54.843
1780559345.1757925,,,soc2-thermal,55.218
1780559345.1757925,,,tj-thermal,57.187
1780559345.2819445,VDD_IN,6594.496,,
1780559345.2819445,VDD_CPU_GPU_CV,2050.048,,
1780559345.2819445,VDD_SOC,1697.984,,
1780559345.2819445,,,cpu-thermal,57.031
1780559345.2819445,,,gpu-thermal,57.187
1780559345.2819445,,,soc0-thermal,55.468
1780559345.2819445,,,soc1-thermal,54.875
1780559345.2819445,,,soc2-thermal,55.343
1780559345.2819445,,,tj-thermal,57.187
1780559345.3879993,VDD_IN,6712.96,,
1780559345.3879993,VDD_CPU_GPU_CV,2086.08,,
1780559345.3879993,VDD_SOC,1695.232,,
1780559345.3879993,,,cpu-thermal,57.062
1780559345.3879993,,,gpu-thermal,57.75
1780559345.3879993,,,soc0-thermal,55.468
1780559345.3879993,,,soc1-thermal,55.0
1780559345.3879993,,,soc2-thermal,55.406
1780559345.3879993,,,tj-thermal,57.75
1780559345.4938798,VDD_IN,6741.504,,
1780559345.4938798,VDD_CPU_GPU_CV,2086.08,,
1780559345.4938798,VDD_SOC,1695.232,,
1780559345.4938798,,,cpu-thermal,57.031
1780559345.4938798,,,gpu-thermal,57.5
1780559345.4938798,,,soc0-thermal,55.562
1780559345.4938798,,,soc1-thermal,55.0
1780559345.4938798,,,soc2-thermal,55.343
1780559345.4938798,,,tj-thermal,57.5
1780559345.6010733,VDD_IN,6741.504,,
1780559345.6010733,VDD_CPU_GPU_CV,2086.08,,
1780559345.6010733,VDD_SOC,1695.232,,
1780559345.6010733,,,cpu-thermal,57.031
1780559345.6010733,,,gpu-thermal,57.406
1780559345.6010733,,,soc0-thermal,55.5
1780559345.6010733,,,soc1-thermal,54.875
1780559345.6010733,,,soc2-thermal,55.468
1780559345.6010733,,,tj-thermal,57.406
1780559345.707622,VDD_IN,6673.472,,
1780559345.707622,VDD_CPU_GPU_CV,2050.048,,
1780559345.707622,VDD_SOC,1695.232,,
1780559345.707622,,,cpu-thermal,57.062
1780559345.707622,,,gpu-thermal,57.375
1780559345.707622,,,soc0-thermal,55.5
1780559345.707622,,,soc1-thermal,54.968
1780559345.707622,,,soc2-thermal,55.437
1780559345.707622,,,tj-thermal,57.375
1780559345.813777,VDD_IN,6633.984,,
1780559345.813777,VDD_CPU_GPU_CV,2050.048,,
1780559345.813777,VDD_SOC,1695.232,,
1780559345.813777,,,cpu-thermal,57.125
1780559345.813777,,,gpu-thermal,57.25
1780559345.813777,,,soc0-thermal,55.593
1780559345.813777,,,soc1-thermal,55.031
1780559345.813777,,,soc2-thermal,55.281
1780559345.813777,,,tj-thermal,57.25
1780559345.9204485,VDD_IN,6633.984,,
1780559345.9204485,VDD_CPU_GPU_CV,2050.048,,
1780559345.9204485,VDD_SOC,1697.984,,
1780559345.9204485,,,cpu-thermal,57.031
1780559345.9204485,,,gpu-thermal,57.187
1780559345.9204485,,,soc0-thermal,55.437
1780559345.9204485,,,soc1-thermal,54.906
1780559345.9204485,,,soc2-thermal,55.343
1780559345.9204485,,,tj-thermal,57.187
1780559346.026538,VDD_IN,6633.984,,
1780559346.026538,VDD_CPU_GPU_CV,2050.048,,
1780559346.026538,VDD_SOC,1697.984,,
1780559346.026538,,,cpu-thermal,57.281
1780559346.026538,,,gpu-thermal,57.531
1780559346.026538,,,soc0-thermal,55.5
1780559346.026538,,,soc1-thermal,55.031
1780559346.026538,,,soc2-thermal,55.406
1780559346.026538,,,tj-thermal,57.531
1780559346.1328313,VDD_IN,6633.984,,
1780559346.1328313,VDD_CPU_GPU_CV,2050.048,,
1780559346.1328313,VDD_SOC,1695.232,,
1780559346.1328313,,,cpu-thermal,57.343
1780559346.1328313,,,gpu-thermal,57.437
1780559346.1328313,,,soc0-thermal,55.531
1780559346.1328313,,,soc1-thermal,54.968
1780559346.1328313,,,soc2-thermal,55.375
1780559346.1328313,,,tj-thermal,57.437
1780559346.2391438,VDD_IN,6594.496,,
1780559346.2391438,VDD_CPU_GPU_CV,2050.048,,
1780559346.2391438,VDD_SOC,1695.232,,
1780559346.2391438,,,cpu-thermal,57.093
1780559346.2391438,,,gpu-thermal,57.406
1780559346.2391438,,,soc0-thermal,55.437
1780559346.2391438,,,soc1-thermal,54.906
1780559346.2391438,,,soc2-thermal,55.312
1780559346.2391438,,,tj-thermal,57.406
1780559346.3458538,VDD_IN,6702.08,,
1780559346.3458538,VDD_CPU_GPU_CV,2086.08,,
1780559346.3458538,VDD_SOC,1695.232,,
1780559346.3458538,,,cpu-thermal,57.093
1780559346.3458538,,,gpu-thermal,57.312
1780559346.3458538,,,soc0-thermal,55.562
1780559346.3458538,,,soc1-thermal,55.031
1780559346.3458538,,,soc2-thermal,55.406
1780559346.3458538,,,tj-thermal,57.312
1780559346.4518914,VDD_IN,6780.928,,
1780559346.4518914,VDD_CPU_GPU_CV,2125.44,,
1780559346.4518914,VDD_SOC,1695.232,,
1780559346.4518914,,,cpu-thermal,57.25
1780559346.4518914,,,gpu-thermal,57.281
1780559346.4518914,,,soc0-thermal,55.562
1780559346.4518914,,,soc1-thermal,55.062
1780559346.4518914,,,soc2-thermal,55.406
1780559346.4518914,,,tj-thermal,57.281
1780559346.557853,VDD_IN,6741.504,,
1780559346.557853,VDD_CPU_GPU_CV,2086.08,,
1780559346.557853,VDD_SOC,1695.232,,
1780559346.557853,,,cpu-thermal,57.125
1780559346.557853,,,gpu-thermal,57.593
1780559346.557853,,,soc0-thermal,55.593
1780559346.557853,,,soc1-thermal,54.906
1780559346.557853,,,soc2-thermal,55.406
1780559346.557853,,,tj-thermal,57.593
1780559346.6638336,VDD_IN,6702.08,,
1780559346.6638336,VDD_CPU_GPU_CV,2086.08,,
1780559346.6638336,VDD_SOC,1695.232,,
1780559346.6638336,,,cpu-thermal,57.156
1780559346.6638336,,,gpu-thermal,57.281
1780559346.6638336,,,soc0-thermal,55.5
1780559346.6638336,,,soc1-thermal,54.968
1780559346.6638336,,,soc2-thermal,55.437
1780559346.6638336,,,tj-thermal,57.531
1780559346.770473,VDD_IN,6673.472,,
1780559346.770473,VDD_CPU_GPU_CV,2089.472,,
1780559346.770473,VDD_SOC,1695.232,,
1780559346.770473,,,cpu-thermal,57.093
1780559346.770473,,,gpu-thermal,57.312
1780559346.770473,,,soc0-thermal,55.531
1780559346.770473,,,soc1-thermal,55.031
1780559346.770473,,,soc2-thermal,55.375
1780559346.770473,,,tj-thermal,57.468
1780559346.8768551,VDD_IN,6633.984,,
1780559346.8768551,VDD_CPU_GPU_CV,2050.048,,
1780559346.8768551,VDD_SOC,1697.984,,
1780559346.8768551,,,cpu-thermal,57.062
1780559346.8768551,,,gpu-thermal,57.625
1780559346.8768551,,,soc0-thermal,55.625
1780559346.8768551,,,soc1-thermal,54.968
1780559346.8768551,,,soc2-thermal,55.437
1780559346.8768551,,,tj-thermal,57.375
1780559346.9829397,VDD_IN,6594.496,,
1780559346.9829397,VDD_CPU_GPU_CV,2050.048,,
1780559346.9829397,VDD_SOC,1697.984,,
1780559346.9829397,,,cpu-thermal,57.093
1780559346.9829397,,,gpu-thermal,57.531
1780559346.9829397,,,soc0-thermal,55.5
1780559346.9829397,,,soc1-thermal,54.906
1780559346.9829397,,,soc2-thermal,55.375
1780559346.9829397,,,tj-thermal,57.343
1780559347.0894923,VDD_IN,6594.496,,
1780559347.0894923,VDD_CPU_GPU_CV,2010.624,,
1780559347.0894923,VDD_SOC,1697.984,,
1780559347.0894923,,,cpu-thermal,57.468
1780559347.0894923,,,gpu-thermal,57.437
1780559347.0894923,,,soc0-thermal,55.531
1780559347.0894923,,,soc1-thermal,55.031
1780559347.0894923,,,soc2-thermal,55.5
1780559347.0894923,,,tj-thermal,57.718
1780559347.19549,VDD_IN,6555.008,,
1780559347.19549,VDD_CPU_GPU_CV,2010.624,,
1780559347.19549,VDD_SOC,1697.984,,
1780559347.19549,,,cpu-thermal,57.062
1780559347.19549,,,gpu-thermal,57.468
1780559347.19549,,,soc0-thermal,55.656
1780559347.19549,,,soc1-thermal,55.218
1780559347.19549,,,soc2-thermal,55.5
1780559347.19549,,,tj-thermal,57.5
1780559347.3023355,VDD_IN,6633.984,,
1780559347.3023355,VDD_CPU_GPU_CV,2050.048,,
1780559347.3023355,VDD_SOC,1697.984,,
1780559347.3023355,,,cpu-thermal,57.218
1780559347.3023355,,,gpu-thermal,57.343
1780559347.3023355,,,soc0-thermal,55.5
1780559347.3023355,,,soc1-thermal,55.0
1780559347.3023355,,,soc2-thermal,55.531
1780559347.3023355,,,tj-thermal,57.5
1780559347.4090438,VDD_IN,6712.96,,
1780559347.4090438,VDD_CPU_GPU_CV,2086.08,,
1780559347.4090438,VDD_SOC,1695.232,,
1780559347.4090438,,,cpu-thermal,57.25
1780559347.4090438,,,gpu-thermal,57.687
1780559347.4090438,,,soc0-thermal,55.593
1780559347.4090438,,,soc1-thermal,55.031
1780559347.4090438,,,soc2-thermal,55.593
1780559347.4090438,,,tj-thermal,57.5
1780559347.5150123,VDD_IN,6741.504,,
1780559347.5150123,VDD_CPU_GPU_CV,2125.44,,
1780559347.5150123,VDD_SOC,1695.232,,
1780559347.5150123,,,cpu-thermal,57.125
1780559347.5150123,,,gpu-thermal,57.593
1780559347.5150123,,,soc0-thermal,55.687
1780559347.5150123,,,soc1-thermal,55.187
1780559347.5150123,,,soc2-thermal,55.375
1780559347.5150123,,,tj-thermal,57.468
1780559347.6215587,VDD_IN,6712.96,,
1780559347.6215587,VDD_CPU_GPU_CV,2050.048,,
1780559347.6215587,VDD_SOC,1695.232,,
1780559347.6215587,,,cpu-thermal,57.187
1780559347.6215587,,,gpu-thermal,57.5
1780559347.6215587,,,soc0-thermal,55.531
1780559347.6215587,,,soc1-thermal,54.937
1780559347.6215587,,,soc2-thermal,55.562
1780559347.6215587,,,tj-thermal,57.343
1780559347.7276828,VDD_IN,6633.984,,
1780559347.7276828,VDD_CPU_GPU_CV,2050.048,,
1780559347.7276828,VDD_SOC,1697.984,,
1780559347.7276828,,,cpu-thermal,57.25
1780559347.7276828,,,gpu-thermal,57.468
1780559347.7276828,,,soc0-thermal,55.656
1780559347.7276828,,,soc1-thermal,55.031
1780559347.7276828,,,soc2-thermal,55.562
1780559347.7276828,,,tj-thermal,57.687
1780559347.833772,VDD_IN,6594.496,,
1780559347.833772,VDD_CPU_GPU_CV,2010.624,,
1780559347.833772,VDD_SOC,1697.984,,
1780559347.833772,,,cpu-thermal,57.187
1780559347.833772,,,gpu-thermal,57.437
1780559347.833772,,,soc0-thermal,55.718
1780559347.833772,,,soc1-thermal,55.125
1780559347.833772,,,soc2-thermal,55.5
1780559347.833772,,,tj-thermal,57.593
1780559347.9402025,VDD_IN,6555.008,,
1780559347.9402025,VDD_CPU_GPU_CV,2010.624,,
1780559347.9402025,VDD_SOC,1697.984,,
1780559347.9402025,,,cpu-thermal,57.125
1780559347.9402025,,,gpu-thermal,57.281
1780559347.9402025,,,soc0-thermal,55.687
1780559347.9402025,,,soc1-thermal,55.031
1780559347.9402025,,,soc2-thermal,55.5
1780559347.9402025,,,tj-thermal,57.437
1780559348.0462549,VDD_IN,6515.52,,
1780559348.0462549,VDD_CPU_GPU_CV,1971.2,,
1780559348.0462549,VDD_SOC,1697.984,,
1780559348.0462549,,,cpu-thermal,57.343
1780559348.0462549,,,gpu-thermal,57.625
1780559348.0462549,,,soc0-thermal,55.531
1780559348.0462549,,,soc1-thermal,55.093
1780559348.0462549,,,soc2-thermal,55.437
1780559348.0462549,,,tj-thermal,57.625
1780559348.1524932,VDD_IN,6515.52,,
1780559348.1524932,VDD_CPU_GPU_CV,1971.2,,
1780559348.1524932,VDD_SOC,1697.984,,
1780559348.1524932,,,cpu-thermal,57.187
1780559348.1524932,,,gpu-thermal,57.593
1780559348.1524932,,,soc0-thermal,55.687
1780559348.1524932,,,soc1-thermal,55.156
1780559348.1524932,,,soc2-thermal,55.375
1780559348.1524932,,,tj-thermal,57.593
1780559348.258668,VDD_IN,6515.52,,
1780559348.258668,VDD_CPU_GPU_CV,1971.2,,
1780559348.258668,VDD_SOC,1697.984,,
1780559348.258668,,,cpu-thermal,57.031
1780559348.258668,,,gpu-thermal,57.437
1780559348.258668,,,soc0-thermal,55.718
1780559348.258668,,,soc1-thermal,55.062
1780559348.258668,,,soc2-thermal,55.437
1780559348.258668,,,tj-thermal,57.437
1780559348.364642,VDD_IN,6633.984,,
1780559348.364642,VDD_CPU_GPU_CV,2050.048,,
1780559348.364642,VDD_SOC,1697.984,,
1780559348.364642,,,cpu-thermal,57.281
1780559348.364642,,,gpu-thermal,57.531
1780559348.364642,,,soc0-thermal,55.531
1780559348.364642,,,soc1-thermal,55.062
1780559348.364642,,,soc2-thermal,55.593
1780559348.364642,,,tj-thermal,57.531
1780559348.470544,VDD_IN,6741.504,,
1780559348.470544,VDD_CPU_GPU_CV,2086.08,,
1780559348.470544,VDD_SOC,1695.232,,
1780559348.470544,,,cpu-thermal,57.437
1780559348.470544,,,gpu-thermal,57.406
1780559348.470544,,,soc0-thermal,55.593
1780559348.470544,,,soc1-thermal,55.125
1780559348.470544,,,soc2-thermal,55.593
1780559348.470544,,,tj-thermal,57.437
1780559348.5766032,VDD_IN,6712.96,,
1780559348.5766032,VDD_CPU_GPU_CV,2086.08,,
1780559348.5766032,VDD_SOC,1695.232,,
1780559348.5766032,,,cpu-thermal,57.5
1780559348.5766032,,,gpu-thermal,57.781
1780559348.5766032,,,soc0-thermal,55.718
1780559348.5766032,,,soc1-thermal,55.031
1780559348.5766032,,,soc2-thermal,55.437
1780559348.5766032,,,tj-thermal,57.781
1780559348.682824,VDD_IN,6673.472,,
1780559348.682824,VDD_CPU_GPU_CV,2086.08,,
1780559348.682824,VDD_SOC,1695.232,,
1780559348.682824,,,cpu-thermal,57.281
1780559348.682824,,,gpu-thermal,57.593
1780559348.682824,,,soc0-thermal,55.562
1780559348.682824,,,soc1-thermal,55.093
1780559348.682824,,,soc2-thermal,55.531
1780559348.682824,,,tj-thermal,57.593
1780559348.7897015,VDD_IN,6662.656,,
1780559348.7897015,VDD_CPU_GPU_CV,2046.72,,
1780559348.7897015,VDD_SOC,1695.232,,
1780559348.7897015,,,cpu-thermal,57.281
1780559348.7897015,,,gpu-thermal,57.5
1780559348.7897015,,,soc0-thermal,55.718
1780559348.7897015,,,soc1-thermal,55.156
1780559348.7897015,,,soc2-thermal,55.531
1780559348.7897015,,,tj-thermal,57.5
1780559348.8963053,VDD_IN,6633.984,,
1780559348.8963053,VDD_CPU_GPU_CV,2050.048,,
1780559348.8963053,VDD_SOC,1695.232,,
1780559348.8963053,,,cpu-thermal,57.25
1780559348.8963053,,,gpu-thermal,57.468
1780559348.8963053,,,soc0-thermal,55.781
1780559348.8963053,,,soc1-thermal,55.031
1780559348.8963053,,,soc2-thermal,55.5
1780559348.8963053,,,tj-thermal,57.468
1780559349.0028725,VDD_IN,6633.984,,
1780559349.0028725,VDD_CPU_GPU_CV,2050.048,,
1780559349.0028725,VDD_SOC,1697.984,,
1780559349.0028725,,,cpu-thermal,57.187
1780559349.0028725,,,gpu-thermal,57.5
1780559349.0028725,,,soc0-thermal,55.625
1780559349.0028725,,,soc1-thermal,55.031
1780559349.0028725,,,soc2-thermal,55.593
1780559349.0028725,,,tj-thermal,57.5
1780559349.1088893,VDD_IN,6594.496,,
1780559349.1088893,VDD_CPU_GPU_CV,2010.624,,
1780559349.1088893,VDD_SOC,1697.984,,
1780559349.1088893,,,cpu-thermal,57.625
1780559349.1088893,,,gpu-thermal,57.781
1780559349.1088893,,,soc0-thermal,55.687
1780559349.1088893,,,soc1-thermal,55.093
1780559349.1088893,,,soc2-thermal,55.625
1780559349.1088893,,,tj-thermal,57.781
1780559349.2149913,VDD_IN,6594.496,,
1780559349.2149913,VDD_CPU_GPU_CV,2050.048,,
1780559349.2149913,VDD_SOC,1697.984,,
1780559349.2149913,,,cpu-thermal,57.218
1780559349.2149913,,,gpu-thermal,57.687
1780559349.2149913,,,soc0-thermal,55.718
1780559349.2149913,,,soc1-thermal,55.281
1780559349.2149913,,,soc2-thermal,55.5
1780559349.2149913,,,tj-thermal,57.687
1780559349.321366,VDD_IN,6673.472,,
1780559349.321366,VDD_CPU_GPU_CV,2086.08,,
1780559349.321366,VDD_SOC,1695.232,,
1780559349.321366,,,cpu-thermal,57.125
1780559349.321366,,,gpu-thermal,57.593
1780559349.321366,,,soc0-thermal,55.656
1780559349.321366,,,soc1-thermal,55.062
1780559349.321366,,,soc2-thermal,55.562
1780559349.321366,,,tj-thermal,57.593
1780559349.4280035,VDD_IN,6741.504,,
1780559349.4280035,VDD_CPU_GPU_CV,2125.44,,
1780559349.4280035,VDD_SOC,1695.232,,
1780559349.4280035,,,cpu-thermal,57.343
1780559349.4280035,,,gpu-thermal,57.656
1780559349.4280035,,,soc0-thermal,55.625
1780559349.4280035,,,soc1-thermal,55.093
1780559349.4280035,,,soc2-thermal,55.625
1780559349.4280035,,,tj-thermal,57.656
1780559349.533883,VDD_IN,6741.504,,
1780559349.533883,VDD_CPU_GPU_CV,2125.44,,
1780559349.533883,VDD_SOC,1695.232,,
1780559349.533883,,,cpu-thermal,57.562
1780559349.533883,,,gpu-thermal,57.5
1780559349.533883,,,soc0-thermal,55.812
1780559349.533883,,,soc1-thermal,55.312
1780559349.533883,,,soc2-thermal,55.562
1780559349.533883,,,tj-thermal,57.562
1780559349.6401787,VDD_IN,6702.08,,
1780559349.6401787,VDD_CPU_GPU_CV,2086.08,,
1780559349.6401787,VDD_SOC,1695.232,,
1780559349.6401787,,,cpu-thermal,57.343
1780559349.6401787,,,gpu-thermal,57.468
1780559349.6401787,,,soc0-thermal,55.875
1780559349.6401787,,,soc1-thermal,55.031
1780559349.6401787,,,soc2-thermal,55.593
1780559349.6401787,,,tj-thermal,57.468
1780559349.7462173,VDD_IN,6673.472,,
1780559349.7462173,VDD_CPU_GPU_CV,2050.048,,
1780559349.7462173,VDD_SOC,1695.232,,
1780559349.7462173,,,cpu-thermal,57.312
1780559349.7462173,,,gpu-thermal,57.781
1780559349.7462173,,,soc0-thermal,55.656
1780559349.7462173,,,soc1-thermal,55.093
1780559349.7462173,,,soc2-thermal,55.593
1780559349.7462173,,,tj-thermal,57.781
1780559349.8531115,VDD_IN,6633.984,,
1780559349.8531115,VDD_CPU_GPU_CV,2050.048,,
1780559349.8531115,VDD_SOC,1695.232,,
1780559349.8531115,,,cpu-thermal,57.281
1780559349.8531115,,,gpu-thermal,57.687
1780559349.8531115,,,soc0-thermal,55.843
1780559349.8531115,,,soc1-thermal,55.312
1780559349.8531115,,,soc2-thermal,55.593
1780559349.8531115,,,tj-thermal,57.687
1780559349.9593482,VDD_IN,6594.496,,
1780559349.9593482,VDD_CPU_GPU_CV,2050.048,,
1780559349.9593482,VDD_SOC,1697.984,,
1780559349.9593482,,,cpu-thermal,57.281
1780559349.9593482,,,gpu-thermal,57.593
1780559349.9593482,,,soc0-thermal,55.875
1780559349.9593482,,,soc1-thermal,55.125
1780559349.9593482,,,soc2-thermal,55.593
1780559349.9593482,,,tj-thermal,57.593
1780559350.0653467,VDD_IN,6594.496,,
1780559350.0653467,VDD_CPU_GPU_CV,2010.624,,
1780559350.0653467,VDD_SOC,1697.984,,
1780559350.0653467,,,cpu-thermal,57.343
1780559350.0653467,,,gpu-thermal,57.812
1780559350.0653467,,,soc0-thermal,55.718
1780559350.0653467,,,soc1-thermal,55.156
1780559350.0653467,,,soc2-thermal,55.593
1780559350.0653467,,,tj-thermal,57.5
1780559350.1717198,VDD_IN,6633.984,,
1780559350.1717198,VDD_CPU_GPU_CV,2050.048,,
1780559350.1717198,VDD_SOC,1697.984,,
1780559350.1717198,,,cpu-thermal,57.281
1780559350.1717198,,,gpu-thermal,57.656
1780559350.1717198,,,soc0-thermal,55.812
1780559350.1717198,,,soc1-thermal,55.25
1780559350.1717198,,,soc2-thermal,55.531
1780559350.1717198,,,tj-thermal,57.468
1780559350.2788599,VDD_IN,6633.984,,
1780559350.2788599,VDD_CPU_GPU_CV,2050.048,,
1780559350.2788599,VDD_SOC,1695.232,,
1780559350.2788599,,,cpu-thermal,57.156
1780559350.2788599,,,gpu-thermal,57.906
1780559350.2788599,,,soc0-thermal,55.875
1780559350.2788599,,,soc1-thermal,55.187
1780559350.2788599,,,soc2-thermal,55.562
1780559350.2788599,,,tj-thermal,57.906
1780559350.3850975,VDD_IN,6702.08,,
1780559350.3850975,VDD_CPU_GPU_CV,2086.08,,
1780559350.3850975,VDD_SOC,1695.232,,
1780559350.3850975,,,cpu-thermal,57.5
1780559350.3850975,,,gpu-thermal,57.718
1780559350.3850975,,,soc0-thermal,55.687
1780559350.3850975,,,soc1-thermal,55.156
1780559350.3850975,,,soc2-thermal,55.593
1780559350.3850975,,,tj-thermal,57.718
1780559350.491185,VDD_IN,6741.504,,
1780559350.491185,VDD_CPU_GPU_CV,2125.44,,
1780559350.491185,VDD_SOC,1734.656,,
1780559350.491185,,,cpu-thermal,57.656
1780559350.491185,,,gpu-thermal,57.687
1780559350.491185,,,soc0-thermal,55.75
1780559350.491185,,,soc1-thermal,55.312
1780559350.491185,,,soc2-thermal,55.593
1780559350.491185,,,tj-thermal,57.687
1780559350.5976064,VDD_IN,6702.08,,
1780559350.5976064,VDD_CPU_GPU_CV,2086.08,,
1780559350.5976064,VDD_SOC,1695.232,,
1780559350.5976064,,,cpu-thermal,57.281
1780559350.5976064,,,gpu-thermal,57.593
1780559350.5976064,,,soc0-thermal,55.937
1780559350.5976064,,,soc1-thermal,55.125
1780559350.5976064,,,soc2-thermal,55.625
1780559350.5976064,,,tj-thermal,57.593
1780559350.7041988,VDD_IN,6673.472,,
1780559350.7041988,VDD_CPU_GPU_CV,2086.08,,
1780559350.7041988,VDD_SOC,1695.232,,
1780559350.7041988,,,cpu-thermal,57.437
1780559350.7041988,,,gpu-thermal,57.593
1780559350.7041988,,,soc0-thermal,55.843
1780559350.7041988,,,soc1-thermal,55.125
1780559350.7041988,,,soc2-thermal,55.687
1780559350.7041988,,,tj-thermal,57.593
1780559350.8103402,VDD_IN,6633.984,,
1780559350.8103402,VDD_CPU_GPU_CV,2050.048,,
1780559350.8103402,VDD_SOC,1695.232,,
1780559350.8103402,,,cpu-thermal,57.562
1780559350.8103402,,,gpu-thermal,57.625
1780559350.8103402,,,soc0-thermal,55.781
1780559350.8103402,,,soc1-thermal,55.343
1780559350.8103402,,,soc2-thermal,55.593
1780559350.8103402,,,tj-thermal,57.937
1780559350.9164743,VDD_IN,6594.496,,
1780559350.9164743,VDD_CPU_GPU_CV,2050.048,,
1780559350.9164743,VDD_SOC,1695.232,,
1780559350.9164743,,,cpu-thermal,57.343
1780559350.9164743,,,gpu-thermal,57.625
1780559350.9164743,,,soc0-thermal,55.875
1780559350.9164743,,,soc1-thermal,55.156
1780559350.9164743,,,soc2-thermal,55.593
1780559350.9164743,,,tj-thermal,57.875
1780559351.0226245,VDD_IN,6594.496,,
1780559351.0226245,VDD_CPU_GPU_CV,2050.048,,
1780559351.0226245,VDD_SOC,1697.984,,
1780559351.0226245,,,cpu-thermal,57.406
1780559351.0226245,,,gpu-thermal,57.562
1780559351.0226245,,,soc0-thermal,55.875
1780559351.0226245,,,soc1-thermal,55.187
1780559351.0226245,,,soc2-thermal,55.656
1780559351.0226245,,,tj-thermal,57.718
1780559351.1286676,VDD_IN,6555.008,,
1780559351.1286676,VDD_CPU_GPU_CV,2010.624,,
1780559351.1286676,VDD_SOC,1697.984,,
1780559351.1286676,,,cpu-thermal,57.5
1780559351.1286676,,,gpu-thermal,57.937
1780559351.1286676,,,soc0-thermal,55.843
1780559351.1286676,,,soc1-thermal,55.312
1780559351.1286676,,,soc2-thermal,55.687
1780559351.1286676,,,tj-thermal,57.656
1780559351.2350025,VDD_IN,6555.008,,
1780559351.2350025,VDD_CPU_GPU_CV,2010.624,,
1780559351.2350025,VDD_SOC,1697.984,,
1780559351.2350025,,,cpu-thermal,57.343
1780559351.2350025,,,gpu-thermal,57.843
1780559351.2350025,,,soc0-thermal,55.875
1780559351.2350025,,,soc1-thermal,55.406
1780559351.2350025,,,soc2-thermal,55.656
1780559351.2350025,,,tj-thermal,57.593
1780559351.3411133,VDD_IN,6673.472,,
1780559351.3411133,VDD_CPU_GPU_CV,2050.048,,
1780559351.3411133,VDD_SOC,1695.232,,
1780559351.3411133,,,cpu-thermal,57.312
1780559351.3411133,,,gpu-thermal,57.781
1780559351.3411133,,,soc0-thermal,55.812
1780559351.3411133,,,soc1-thermal,55.218
1780559351.3411133,,,soc2-thermal,55.687
1780559351.3411133,,,tj-thermal,57.531
1780559351.4475281,VDD_IN,6741.504,,
1780559351.4475281,VDD_CPU_GPU_CV,2086.08,,
1780559351.4475281,VDD_SOC,1695.232,,
1780559351.4475281,,,cpu-thermal,57.656
1780559351.4475281,,,gpu-thermal,57.625
1780559351.4475281,,,soc0-thermal,55.812
1780559351.4475281,,,soc1-thermal,55.281
1780559351.4475281,,,soc2-thermal,55.656
1780559351.4475281,,,tj-thermal,57.656
1780559351.553545,VDD_IN,6741.504,,
1780559351.553545,VDD_CPU_GPU_CV,2086.08,,
1780559351.553545,VDD_SOC,1695.232,,
1780559351.553545,,,cpu-thermal,57.312
1780559351.553545,,,gpu-thermal,57.687
1780559351.553545,,,soc0-thermal,55.812
1780559351.553545,,,soc1-thermal,55.375
1780559351.553545,,,soc2-thermal,55.656
1780559351.553545,,,tj-thermal,57.687
1780559351.6596215,VDD_IN,6673.472,,
1780559351.6596215,VDD_CPU_GPU_CV,2089.472,,
1780559351.6596215,VDD_SOC,1695.232,,
1780559351.6596215,,,cpu-thermal,57.312
1780559351.6596215,,,gpu-thermal,57.656
1780559351.6596215,,,soc0-thermal,55.781
1780559351.6596215,,,soc1-thermal,55.218
1780559351.6596215,,,soc2-thermal,55.718
1780559351.6596215,,,tj-thermal,57.656
1780559351.7665558,VDD_IN,6633.984,,
1780559351.7665558,VDD_CPU_GPU_CV,2050.048,,
1780559351.7665558,VDD_SOC,1697.984,,
1780559351.7665558,,,cpu-thermal,57.5
1780559351.7665558,,,gpu-thermal,58.0
1780559351.7665558,,,soc0-thermal,55.906
1780559351.7665558,,,soc1-thermal,55.312
1780559351.7665558,,,soc2-thermal,55.812
1780559351.7665558,,,tj-thermal,57.625
1780559351.8738954,VDD_IN,6594.496,,
1780559351.8738954,VDD_CPU_GPU_CV,2050.048,,
1780559351.8738954,VDD_SOC,1697.984,,
1780559351.8738954,,,cpu-thermal,57.593
1780559351.8738954,,,gpu-thermal,57.781
1780559351.8738954,,,soc0-thermal,56.031
1780559351.8738954,,,soc1-thermal,55.343
1780559351.8738954,,,soc2-thermal,55.656
1780559351.8738954,,,tj-thermal,57.625
1780559351.9800045,VDD_IN,6594.496,,
1780559351.9800045,VDD_CPU_GPU_CV,2010.624,,
1780559351.9800045,VDD_SOC,1697.984,,
1780559351.9800045,,,cpu-thermal,57.437
1780559351.9800045,,,gpu-thermal,57.75
1780559351.9800045,,,soc0-thermal,55.843
1780559351.9800045,,,soc1-thermal,55.218
1780559351.9800045,,,soc2-thermal,55.656
1780559351.9800045,,,tj-thermal,58.062
1780559352.086213,VDD_IN,6594.496,,
1780559352.086213,VDD_CPU_GPU_CV,2010.624,,
1780559352.086213,VDD_SOC,1697.984,,
1780559352.086213,,,cpu-thermal,57.468
1780559352.086213,,,gpu-thermal,57.625
1780559352.086213,,,soc0-thermal,55.843
1780559352.086213,,,soc1-thermal,55.343
1780559352.086213,,,soc2-thermal,55.843
1780559352.086213,,,tj-thermal,57.843
1780559352.1925166,VDD_IN,6555.008,,
1780559352.1925166,VDD_CPU_GPU_CV,2010.624,,
1780559352.1925166,VDD_SOC,1658.496,,
1780559352.1925166,,,cpu-thermal,57.375
1780559352.1925166,,,gpu-thermal,57.625
1780559352.1925166,,,soc0-thermal,55.875
1780559352.1925166,,,soc1-thermal,55.406
1780559352.1925166,,,soc2-thermal,55.687
1780559352.1925166,,,tj-thermal,57.625
1780559352.2988167,VDD_IN,6594.496,,
1780559352.2988167,VDD_CPU_GPU_CV,2050.048,,
1780559352.2988167,VDD_SOC,1697.984,,
1780559352.2988167,,,cpu-thermal,57.437
1780559352.2988167,,,gpu-thermal,58.0
1780559352.2988167,,,soc0-thermal,55.937
1780559352.2988167,,,soc1-thermal,55.281
1780559352.2988167,,,soc2-thermal,55.781
1780559352.2988167,,,tj-thermal,58.0
1780559352.4048324,VDD_IN,6712.96,,
1780559352.4048324,VDD_CPU_GPU_CV,2089.472,,
1780559352.4048324,VDD_SOC,1695.232,,
1780559352.4048324,,,cpu-thermal,57.375
1780559352.4048324,,,gpu-thermal,57.968
1780559352.4048324,,,soc0-thermal,55.875
1780559352.4048324,,,soc1-thermal,55.343
1780559352.4048324,,,soc2-thermal,55.718
1780559352.4048324,,,tj-thermal,57.968
1780559352.510729,VDD_IN,6741.504,,
1780559352.510729,VDD_CPU_GPU_CV,2125.44,,
1780559352.510729,VDD_SOC,1695.232,,
1780559352.510729,,,cpu-thermal,57.75
1780559352.510729,,,gpu-thermal,57.781
1780559352.510729,,,soc0-thermal,56.031
1780559352.510729,,,soc1-thermal,55.375
1780559352.510729,,,soc2-thermal,55.812
1780559352.510729,,,tj-thermal,57.781
1780559352.6168447,VDD_IN,6712.96,,
1780559352.6168447,VDD_CPU_GPU_CV,2086.08,,
1780559352.6168447,VDD_SOC,1695.232,,
1780559352.6168447,,,cpu-thermal,57.437
1780559352.6168447,,,gpu-thermal,57.75
1780559352.6168447,,,soc0-thermal,56.031
1780559352.6168447,,,soc1-thermal,55.312
1780559352.6168447,,,soc2-thermal,55.781
1780559352.6168447,,,tj-thermal,57.75
1780559352.7233138,VDD_IN,6673.472,,
1780559352.7233138,VDD_CPU_GPU_CV,2050.048,,
1780559352.7233138,VDD_SOC,1695.232,,
1780559352.7233138,,,cpu-thermal,57.531
1780559352.7233138,,,gpu-thermal,57.656
1780559352.7233138,,,soc0-thermal,55.875
1780559352.7233138,,,soc1-thermal,55.187
1780559352.7233138,,,soc2-thermal,55.781
1780559352.7233138,,,tj-thermal,57.656
1780559352.829554,VDD_IN,6712.96,,
1780559352.829554,VDD_CPU_GPU_CV,2086.08,,
1780559352.829554,VDD_SOC,1695.232,,
1780559352.829554,,,cpu-thermal,57.687
1780559352.829554,,,gpu-thermal,58.031
1780559352.829554,,,soc0-thermal,55.968
1780559352.829554,,,soc1-thermal,55.5
1780559352.829554,,,soc2-thermal,55.75
1780559352.829554,,,tj-thermal,57.75
1780559352.9402194,VDD_IN,6978.048,,
1780559352.9402194,VDD_CPU_GPU_CV,2282.88,,
1780559352.9402194,VDD_SOC,1734.656,,
1780559352.9402194,,,cpu-thermal,57.781
1780559352.9402194,,,gpu-thermal,57.75
1780559352.9402194,,,soc0-thermal,55.937
1780559352.9402194,,,soc1-thermal,55.281
1780559352.9402194,,,soc2-thermal,55.812
1780559352.9402194,,,tj-thermal,57.781
1780559353.0474217,VDD_IN,7163.52,,
1780559353.0474217,VDD_CPU_GPU_CV,2436.352,,
1780559353.0474217,VDD_SOC,1731.84,,
1780559353.0474217,,,cpu-thermal,58.25
1780559353.0474217,,,gpu-thermal,57.625
1780559353.0474217,,,soc0-thermal,55.906
1780559353.0474217,,,soc1-thermal,55.406
1780559353.0474217,,,soc2-thermal,55.843
1780559353.0474217,,,tj-thermal,58.25
1780559353.1544735,VDD_IN,7281.6,,
1780559353.1544735,VDD_CPU_GPU_CV,2554.24,,
1780559353.1544735,VDD_SOC,1731.84,,
1780559353.1544735,,,cpu-thermal,57.875
1780559353.1544735,,,gpu-thermal,58.0
1780559353.1544735,,,soc0-thermal,56.062
1780559353.1544735,,,soc1-thermal,55.343
1780559353.1544735,,,soc2-thermal,55.906
1780559353.1544735,,,tj-thermal,57.906
1780559353.2624831,VDD_IN,7439.04,,
1780559353.2624831,VDD_CPU_GPU_CV,2628.544,,
1780559353.2624831,VDD_SOC,1729.024,,
1780559353.2624831,,,cpu-thermal,58.0
1780559353.2624831,,,gpu-thermal,57.781
1780559353.2624831,,,soc0-thermal,55.937
1780559353.2624831,,,soc1-thermal,55.343
1780559353.2624831,,,soc2-thermal,55.937
1780559353.2624831,,,tj-thermal,58.0
1780559353.369592,VDD_IN,7399.68,,
1780559353.369592,VDD_CPU_GPU_CV,2593.536,,
1780559353.369592,VDD_SOC,1771.2,,
1780559353.369592,,,cpu-thermal,57.843
1780559353.369592,,,gpu-thermal,57.687
1780559353.369592,,,soc0-thermal,55.906
1780559353.369592,,,soc1-thermal,55.468
1780559353.369592,,,soc2-thermal,55.812
1780559353.369592,,,tj-thermal,57.718
1780559353.47576,VDD_IN,7320.96,,
1780559353.47576,VDD_CPU_GPU_CV,2514.944,,
1780559353.47576,VDD_SOC,1771.2,,
1780559353.47576,,,cpu-thermal,57.625
1780559353.47576,,,gpu-thermal,58.0
1780559353.47576,,,soc0-thermal,56.062
1780559353.47576,,,soc1-thermal,55.25
1780559353.47576,,,soc2-thermal,55.906
1780559353.47576,,,tj-thermal,58.0
1780559353.5822756,VDD_IN,7135.744,,
1780559353.5822756,VDD_CPU_GPU_CV,2397.056,,
1780559353.5822756,VDD_SOC,1731.84,,
1780559353.5822756,,,cpu-thermal,57.531
1780559353.5822756,,,gpu-thermal,57.906
1780559353.5822756,,,soc0-thermal,56.0
1780559353.5822756,,,soc1-thermal,55.375
1780559353.5822756,,,soc2-thermal,55.968
1780559353.5822756,,,tj-thermal,57.906
1780559353.6886659,VDD_IN,6978.048,,
1780559353.6886659,VDD_CPU_GPU_CV,2322.24,,
1780559353.6886659,VDD_SOC,1734.656,,
1780559353.6886659,,,cpu-thermal,57.625
1780559353.6886659,,,gpu-thermal,57.875
1780559353.6886659,,,soc0-thermal,56.031
1780559353.6886659,,,soc1-thermal,55.468
1780559353.6886659,,,soc2-thermal,55.718
1780559353.6886659,,,tj-thermal,57.875
1780559353.7946277,VDD_IN,6899.2,,
1780559353.7946277,VDD_CPU_GPU_CV,2243.52,,
1780559353.7946277,VDD_SOC,1695.232,,
1780559353.7946277,,,cpu-thermal,57.625
1780559353.7946277,,,gpu-thermal,57.843
1780559353.7946277,,,soc0-thermal,56.156
1780559353.7946277,,,soc1-thermal,55.343
1780559353.7946277,,,soc2-thermal,55.937
1780559353.7946277,,,tj-thermal,57.843
1780559353.9010987,VDD_IN,6780.928,,
1780559353.9010987,VDD_CPU_GPU_CV,2164.8,,
1780559353.9010987,VDD_SOC,1695.232,,
1780559353.9010987,,,cpu-thermal,57.593
1780559353.9010987,,,gpu-thermal,57.812
1780559353.9010987,,,soc0-thermal,56.031
1780559353.9010987,,,soc1-thermal,55.312
1780559353.9010987,,,soc2-thermal,55.968
1780559353.9010987,,,tj-thermal,57.812
1780559354.0075347,VDD_IN,6712.96,,
1780559354.0075347,VDD_CPU_GPU_CV,2125.44,,
1780559354.0075347,VDD_SOC,1695.232,,
1780559354.0075347,,,cpu-thermal,57.968
1780559354.0075347,,,gpu-thermal,58.093
1780559354.0075347,,,soc0-thermal,55.968
1780559354.0075347,,,soc1-thermal,55.468
1780559354.0075347,,,soc2-thermal,55.875
1780559354.0075347,,,tj-thermal,58.093
1780559354.1135685,VDD_IN,6633.984,,
1780559354.1135685,VDD_CPU_GPU_CV,2050.048,,
1780559354.1135685,VDD_SOC,1697.984,,
1780559354.1135685,,,cpu-thermal,57.468
1780559354.1135685,,,gpu-thermal,58.0
1780559354.1135685,,,soc0-thermal,56.062
1780559354.1135685,,,soc1-thermal,55.375
1780559354.1135685,,,soc2-thermal,55.937
1780559354.1135685,,,tj-thermal,58.0
1780559354.2197537,VDD_IN,6594.496,,
1780559354.2197537,VDD_CPU_GPU_CV,2050.048,,
1780559354.2197537,VDD_SOC,1695.232,,
1780559354.2197537,,,cpu-thermal,57.656
1780559354.2197537,,,gpu-thermal,57.937
1780559354.2197537,,,soc0-thermal,56.031
1780559354.2197537,,,soc1-thermal,55.406
1780559354.2197537,,,soc2-thermal,55.937
1780559354.2197537,,,tj-thermal,57.937
1780559354.3260548,VDD_IN,6633.984,,
1780559354.3260548,VDD_CPU_GPU_CV,2086.08,,
1780559354.3260548,VDD_SOC,1695.232,,
1780559354.3260548,,,cpu-thermal,57.625
1780559354.3260548,,,gpu-thermal,58.125
1780559354.3260548,,,soc0-thermal,56.031
1780559354.3260548,,,soc1-thermal,55.468
1780559354.3260548,,,soc2-thermal,55.937
1780559354.3260548,,,tj-thermal,57.812
1780559354.432521,VDD_IN,6702.08,,
1780559354.432521,VDD_CPU_GPU_CV,2086.08,,
1780559354.432521,VDD_SOC,1695.232,,
1780559354.432521,,,cpu-thermal,57.718
1780559354.432521,,,gpu-thermal,58.0
1780559354.432521,,,soc0-thermal,56.031
1780559354.432521,,,soc1-thermal,55.375
1780559354.432521,,,soc2-thermal,55.875
1780559354.432521,,,tj-thermal,57.781
1780559354.5384846,VDD_IN,6702.08,,
1780559354.5384846,VDD_CPU_GPU_CV,2086.08,,
1780559354.5384846,VDD_SOC,1695.232,,
1780559354.5384846,,,cpu-thermal,57.593
1780559354.5384846,,,gpu-thermal,57.937
1780559354.5384846,,,soc0-thermal,56.156
1780559354.5384846,,,soc1-thermal,55.312
1780559354.5384846,,,soc2-thermal,55.906
1780559354.5384846,,,tj-thermal,58.218
1780559354.644507,VDD_IN,6673.472,,
1780559354.644507,VDD_CPU_GPU_CV,2086.08,,
1780559354.644507,VDD_SOC,1695.232,,
1780559354.644507,,,cpu-thermal,57.75
1780559354.644507,,,gpu-thermal,57.812
1780559354.644507,,,soc0-thermal,56.031
1780559354.644507,,,soc1-thermal,55.468
1780559354.644507,,,soc2-thermal,56.062
1780559354.644507,,,tj-thermal,58.031
1780559354.750566,VDD_IN,6594.496,,
1780559354.750566,VDD_CPU_GPU_CV,2050.048,,
1780559354.750566,VDD_SOC,1695.232,,
1780559354.750566,,,cpu-thermal,57.5
1780559354.750566,,,gpu-thermal,57.687
1780559354.750566,,,soc0-thermal,56.093
1780559354.750566,,,soc1-thermal,55.531
1780559354.750566,,,soc2-thermal,55.875
1780559354.750566,,,tj-thermal,57.968
1780559354.8569946,VDD_IN,6594.496,,
1780559354.8569946,VDD_CPU_GPU_CV,2050.048,,
1780559354.8569946,VDD_SOC,1695.232,,
1780559354.8569946,,,cpu-thermal,57.656
1780559354.8569946,,,gpu-thermal,58.156
1780559354.8569946,,,soc0-thermal,56.187
1780559354.8569946,,,soc1-thermal,55.375
1780559354.8569946,,,soc2-thermal,55.937
1780559354.8569946,,,tj-thermal,58.156
1780559354.9630873,VDD_IN,6555.008,,
1780559354.9630873,VDD_CPU_GPU_CV,2010.624,,
1780559354.9630873,VDD_SOC,1658.496,,
1780559354.9630873,,,cpu-thermal,57.687
1780559354.9630873,,,gpu-thermal,58.062
1780559354.9630873,,,soc0-thermal,56.031
1780559354.9630873,,,soc1-thermal,55.5
1780559354.9630873,,,soc2-thermal,56.031
1780559354.9630873,,,tj-thermal,58.062
1780559355.0693698,VDD_IN,6515.52,,
1780559355.0693698,VDD_CPU_GPU_CV,2010.624,,
1780559355.0693698,VDD_SOC,1658.496,,
1780559355.0693698,,,cpu-thermal,57.531
1780559355.0693698,,,gpu-thermal,57.937
1780559355.0693698,,,soc0-thermal,56.062
1780559355.0693698,,,soc1-thermal,55.531
1780559355.0693698,,,soc2-thermal,55.875
1780559355.0693698,,,tj-thermal,57.937
1780559355.1754043,VDD_IN,6515.52,,
1780559355.1754043,VDD_CPU_GPU_CV,2010.624,,
1780559355.1754043,VDD_SOC,1658.496,,
1780559355.1754043,,,cpu-thermal,57.593
1780559355.1754043,,,gpu-thermal,57.906
1780559355.1754043,,,soc0-thermal,56.156
1780559355.1754043,,,soc1-thermal,55.343
1780559355.1754043,,,soc2-thermal,55.937
1780559355.1754043,,,tj-thermal,57.906
1780559355.2818546,VDD_IN,6555.008,,
1780559355.2818546,VDD_CPU_GPU_CV,2010.624,,
1780559355.2818546,VDD_SOC,1697.984,,
1780559355.2818546,,,cpu-thermal,57.781
1780559355.2818546,,,gpu-thermal,57.843
1780559355.2818546,,,soc0-thermal,56.093
1780559355.2818546,,,soc1-thermal,55.5
1780559355.2818546,,,soc2-thermal,56.031
1780559355.2818546,,,tj-thermal,57.843
1780559355.3879294,VDD_IN,6633.984,,
1780559355.3879294,VDD_CPU_GPU_CV,2050.048,,
1780559355.3879294,VDD_SOC,1695.232,,
1780559355.3879294,,,cpu-thermal,57.781
1780559355.3879294,,,gpu-thermal,57.812
1780559355.3879294,,,soc0-thermal,56.093
1780559355.3879294,,,soc1-thermal,55.531
1780559355.3879294,,,soc2-thermal,56.031
1780559355.3879294,,,tj-thermal,57.812
1780559355.4938445,VDD_IN,6702.08,,
1780559355.4938445,VDD_CPU_GPU_CV,2089.472,,
1780559355.4938445,VDD_SOC,1695.232,,
1780559355.4938445,,,cpu-thermal,57.562
1780559355.4938445,,,gpu-thermal,58.156
1780559355.4938445,,,soc0-thermal,56.125
1780559355.4938445,,,soc1-thermal,55.593
1780559355.4938445,,,soc2-thermal,55.968
1780559355.4938445,,,tj-thermal,58.156
1780559355.5996733,VDD_IN,6633.984,,
1780559355.5996733,VDD_CPU_GPU_CV,2050.048,,
1780559355.5996733,VDD_SOC,1695.232,,
1780559355.5996733,,,cpu-thermal,57.656
1780559355.5996733,,,gpu-thermal,57.968
1780559355.5996733,,,soc0-thermal,56.093
1780559355.5996733,,,soc1-thermal,55.406
1780559355.5996733,,,soc2-thermal,56.0
1780559355.5996733,,,tj-thermal,57.968
1780559355.7066603,VDD_IN,6633.984,,
1780559355.7066603,VDD_CPU_GPU_CV,2050.048,,
1780559355.7066603,VDD_SOC,1695.232,,
1780559355.7066603,,,cpu-thermal,57.843
1780559355.7066603,,,gpu-thermal,58.0
1780559355.7066603,,,soc0-thermal,56.093
1780559355.7066603,,,soc1-thermal,55.562
1780559355.7066603,,,soc2-thermal,56.062
1780559355.7066603,,,tj-thermal,58.0
1780559355.812872,VDD_IN,6594.496,,
1780559355.812872,VDD_CPU_GPU_CV,2050.048,,
1780559355.812872,VDD_SOC,1695.232,,
1780559355.812872,,,cpu-thermal,57.687
1780559355.812872,,,gpu-thermal,57.875
1780559355.812872,,,soc0-thermal,56.156
1780559355.812872,,,soc1-thermal,55.625
1780559355.812872,,,soc2-thermal,55.906
1780559355.812872,,,tj-thermal,57.875
1780559355.9188926,VDD_IN,6594.496,,
1780559355.9188926,VDD_CPU_GPU_CV,2050.048,,
1780559355.9188926,VDD_SOC,1697.984,,
1780559355.9188926,,,cpu-thermal,57.718
1780559355.9188926,,,gpu-thermal,57.843
1780559355.9188926,,,soc0-thermal,56.125
1780559355.9188926,,,soc1-thermal,55.406
1780559355.9188926,,,soc2-thermal,56.031
1780559355.9188926,,,tj-thermal,57.843
1780559356.0251184,VDD_IN,6555.008,,
1780559356.0251184,VDD_CPU_GPU_CV,2010.624,,
1780559356.0251184,VDD_SOC,1658.496,,
1780559356.0251184,,,cpu-thermal,57.718
1780559356.0251184,,,gpu-thermal,58.218
1780559356.0251184,,,soc0-thermal,56.062
1780559356.0251184,,,soc1-thermal,55.531
1780559356.0251184,,,soc2-thermal,56.062
1780559356.0251184,,,tj-thermal,58.218
1780559356.1311214,VDD_IN,6555.008,,
1780559356.1311214,VDD_CPU_GPU_CV,2010.624,,
1780559356.1311214,VDD_SOC,1658.496,,
1780559356.1311214,,,cpu-thermal,57.687
1780559356.1311214,,,gpu-thermal,57.843
1780559356.1311214,,,soc0-thermal,56.031
1780559356.1311214,,,soc1-thermal,55.656
1780559356.1311214,,,soc2-thermal,56.0
1780559356.1311214,,,tj-thermal,58.062
1780559356.2374136,VDD_IN,6555.008,,
1780559356.2374136,VDD_CPU_GPU_CV,2010.624,,
1780559356.2374136,VDD_SOC,1658.496,,
1780559356.2374136,,,cpu-thermal,57.687
1780559356.2374136,,,gpu-thermal,57.843
1780559356.2374136,,,soc0-thermal,56.218
1780559356.2374136,,,soc1-thermal,55.5
1780559356.2374136,,,soc2-thermal,56.0
1780559356.2374136,,,tj-thermal,57.968
1780559356.3432724,VDD_IN,6633.984,,
1780559356.3432724,VDD_CPU_GPU_CV,2050.048,,
1780559356.3432724,VDD_SOC,1695.232,,
1780559356.3432724,,,cpu-thermal,57.656
1780559356.3432724,,,gpu-thermal,58.125
1780559356.3432724,,,soc0-thermal,56.062
1780559356.3432724,,,soc1-thermal,55.531
1780559356.3432724,,,soc2-thermal,56.031
1780559356.3432724,,,tj-thermal,58.0
1780559356.4492776,VDD_IN,6712.96,,
1780559356.4492776,VDD_CPU_GPU_CV,2086.08,,
1780559356.4492776,VDD_SOC,1695.232,,
1780559356.4492776,,,cpu-thermal,57.968
1780559356.4492776,,,gpu-thermal,58.031
1780559356.4492776,,,soc0-thermal,56.125
1780559356.4492776,,,soc1-thermal,55.656
1780559356.4492776,,,soc2-thermal,55.937
1780559356.4492776,,,tj-thermal,58.031
1780559356.5552697,VDD_IN,6673.472,,
1780559356.5552697,VDD_CPU_GPU_CV,2086.08,,
1780559356.5552697,VDD_SOC,1695.232,,
1780559356.5552697,,,cpu-thermal,57.593
1780559356.5552697,,,gpu-thermal,58.062
1780559356.5552697,,,soc0-thermal,56.25
1780559356.5552697,,,soc1-thermal,55.531
1780559356.5552697,,,soc2-thermal,56.031
1780559356.5552697,,,tj-thermal,58.062
1780559356.6616452,VDD_IN,6633.984,,
1780559356.6616452,VDD_CPU_GPU_CV,2050.048,,
1780559356.6616452,VDD_SOC,1695.232,,
1780559356.6616452,,,cpu-thermal,57.843
1780559356.6616452,,,gpu-thermal,58.0
1780559356.6616452,,,soc0-thermal,56.093
1780559356.6616452,,,soc1-thermal,55.5
1780559356.6616452,,,soc2-thermal,56.062
1780559356.6616452,,,tj-thermal,58.0
1780559356.7675076,VDD_IN,6594.496,,
1780559356.7675076,VDD_CPU_GPU_CV,2050.048,,
1780559356.7675076,VDD_SOC,1697.984,,
1780559356.7675076,,,cpu-thermal,57.843
1780559356.7675076,,,gpu-thermal,57.906
1780559356.7675076,,,soc0-thermal,56.156
1780559356.7675076,,,soc1-thermal,55.656
1780559356.7675076,,,soc2-thermal,56.062
1780559356.7675076,,,tj-thermal,57.906
1780559356.8744426,VDD_IN,6594.496,,
1780559356.8744426,VDD_CPU_GPU_CV,2050.048,,
1780559356.8744426,VDD_SOC,1697.984,,
1780559356.8744426,,,cpu-thermal,58.0
1780559356.8744426,,,gpu-thermal,58.312
1780559356.8744426,,,soc0-thermal,56.218
1780559356.8744426,,,soc1-thermal,55.437
1780559356.8744426,,,soc2-thermal,56.0
1780559356.8744426,,,tj-thermal,58.312
1780559356.9804945,VDD_IN,6555.008,,
1780559356.9804945,VDD_CPU_GPU_CV,2010.624,,
1780559356.9804945,VDD_SOC,1658.496,,
1780559356.9804945,,,cpu-thermal,57.687
1780559356.9804945,,,gpu-thermal,58.062
1780559356.9804945,,,soc0-thermal,56.125
1780559356.9804945,,,soc1-thermal,55.531
1780559356.9804945,,,soc2-thermal,56.093
1780559356.9804945,,,tj-thermal,58.062
1780559357.0874486,VDD_IN,6555.008,,
1780559357.0874486,VDD_CPU_GPU_CV,2010.624,,
1780559357.0874486,VDD_SOC,1658.496,,
1780559357.0874486,,,cpu-thermal,57.781
1780559357.0874486,,,gpu-thermal,58.062
1780559357.0874486,,,soc0-thermal,56.187
1780559357.0874486,,,soc1-thermal,55.625
1780559357.0874486,,,soc2-thermal,56.156
1780559357.0874486,,,tj-thermal,58.062
1780559357.19352,VDD_IN,6515.52,,
1780559357.19352,VDD_CPU_GPU_CV,2010.624,,
1780559357.19352,VDD_SOC,1658.496,,
1780559357.19352,,,cpu-thermal,57.687
1780559357.19352,,,gpu-thermal,57.906
1780559357.19352,,,soc0-thermal,56.312
1780559357.19352,,,soc1-thermal,55.5
1780559357.19352,,,soc2-thermal,56.0
1780559357.19352,,,tj-thermal,57.906
1780559357.2994359,VDD_IN,6555.008,,
1780559357.2994359,VDD_CPU_GPU_CV,2010.624,,
1780559357.2994359,VDD_SOC,1697.984,,
1780559357.2994359,,,cpu-thermal,57.656
1780559357.2994359,,,gpu-thermal,58.0
1780559357.2994359,,,soc0-thermal,56.25
1780559357.2994359,,,soc1-thermal,55.531
1780559357.2994359,,,soc2-thermal,56.062
1780559357.2994359,,,tj-thermal,58.0
1780559357.4056816,VDD_IN,6633.984,,
1780559357.4056816,VDD_CPU_GPU_CV,2050.048,,
1780559357.4056816,VDD_SOC,1695.232,,
1780559357.4056816,,,cpu-thermal,57.781
1780559357.4056816,,,gpu-thermal,57.968
1780559357.4056816,,,soc0-thermal,56.218
1780559357.4056816,,,soc1-thermal,55.531
1780559357.4056816,,,soc2-thermal,56.156
1780559357.4056816,,,tj-thermal,58.125
1780559357.5115366,VDD_IN,6673.472,,
1780559357.5115366,VDD_CPU_GPU_CV,2086.08,,
1780559357.5115366,VDD_SOC,1695.232,,
1780559357.5115366,,,cpu-thermal,57.75
1780559357.5115366,,,gpu-thermal,58.187
1780559357.5115366,,,soc0-thermal,56.281
1780559357.5115366,,,soc1-thermal,55.625
1780559357.5115366,,,soc2-thermal,56.0
1780559357.5115366,,,tj-thermal,58.187
1780559357.6181674,VDD_IN,6633.984,,
1780559357.6181674,VDD_CPU_GPU_CV,2089.472,,
1780559357.6181674,VDD_SOC,1695.232,,
1780559357.6181674,,,cpu-thermal,57.656
1780559357.6181674,,,gpu-thermal,58.093
1780559357.6181674,,,soc0-thermal,56.281
1780559357.6181674,,,soc1-thermal,55.593
1780559357.6181674,,,soc2-thermal,56.125
1780559357.6181674,,,tj-thermal,58.093
1780559357.7248955,VDD_IN,6633.984,,
1780559357.7248955,VDD_CPU_GPU_CV,2046.72,,
1780559357.7248955,VDD_SOC,1695.232,,
1780559357.7248955,,,cpu-thermal,57.906
1780559357.7248955,,,gpu-thermal,58.062
1780559357.7248955,,,soc0-thermal,56.281
1780559357.7248955,,,soc1-thermal,55.625
1780559357.7248955,,,soc2-thermal,56.062
1780559357.7248955,,,tj-thermal,58.062
1780559357.8307915,VDD_IN,6594.496,,
1780559357.8307915,VDD_CPU_GPU_CV,2050.048,,
1780559357.8307915,VDD_SOC,1695.232,,
1780559357.8307915,,,cpu-thermal,58.062
1780559357.8307915,,,gpu-thermal,57.968
1780559357.8307915,,,soc0-thermal,56.281
1780559357.8307915,,,soc1-thermal,55.718
1780559357.8307915,,,soc2-thermal,56.031
1780559357.8307915,,,tj-thermal,58.062
1780559357.936946,VDD_IN,6594.496,,
1780559357.936946,VDD_CPU_GPU_CV,2050.048,,
1780559357.936946,VDD_SOC,1695.232,,
1780559357.936946,,,cpu-thermal,57.781
1780559357.936946,,,gpu-thermal,57.906
1780559357.936946,,,soc0-thermal,56.406
1780559357.936946,,,soc1-thermal,55.593
1780559357.936946,,,soc2-thermal,56.031
1780559357.936946,,,tj-thermal,57.906
1780559358.043023,VDD_IN,6594.496,,
1780559358.043023,VDD_CPU_GPU_CV,2050.048,,
1780559358.043023,VDD_SOC,1658.496,,
1780559358.043023,,,cpu-thermal,57.875
1780559358.043023,,,gpu-thermal,58.0
1780559358.043023,,,soc0-thermal,56.156
1780559358.043023,,,soc1-thermal,55.531
1780559358.043023,,,soc2-thermal,56.156
1780559358.043023,,,tj-thermal,58.25
1780559358.1495888,VDD_IN,6555.008,,
1780559358.1495888,VDD_CPU_GPU_CV,2050.048,,
1780559358.1495888,VDD_SOC,1658.496,,
1780559358.1495888,,,cpu-thermal,57.812
1780559358.1495888,,,gpu-thermal,58.156
1780559358.1495888,,,soc0-thermal,56.218
1780559358.1495888,,,soc1-thermal,55.718
1780559358.1495888,,,soc2-thermal,55.968
1780559358.1495888,,,tj-thermal,58.156
1780559358.256002,VDD_IN,6594.496,,
1780559358.256002,VDD_CPU_GPU_CV,2050.048,,
1780559358.256002,VDD_SOC,1695.232,,
1780559358.256002,,,cpu-thermal,57.781
1780559358.256002,,,gpu-thermal,58.156
1780559358.256002,,,soc0-thermal,56.343
1780559358.256002,,,soc1-thermal,55.531
1780559358.256002,,,soc2-thermal,56.125
1780559358.256002,,,tj-thermal,58.156
1780559358.3623815,VDD_IN,6673.472,,
1780559358.3623815,VDD_CPU_GPU_CV,2086.08,,
1780559358.3623815,VDD_SOC,1695.232,,
1780559358.3623815,,,cpu-thermal,57.718
1780559358.3623815,,,gpu-thermal,58.0
1780559358.3623815,,,soc0-thermal,56.187
1780559358.3623815,,,soc1-thermal,55.656
1780559358.3623815,,,soc2-thermal,56.093
1780559358.3623815,,,tj-thermal,58.0
1780559358.4687881,VDD_IN,6702.08,,
1780559358.4687881,VDD_CPU_GPU_CV,2086.08,,
1780559358.4687881,VDD_SOC,1695.232,,
1780559358.4687881,,,cpu-thermal,57.687
1780559358.4687881,,,gpu-thermal,58.0
1780559358.4687881,,,soc0-thermal,56.281
1780559358.4687881,,,soc1-thermal,55.687
1780559358.4687881,,,soc2-thermal,56.125
1780559358.4687881,,,tj-thermal,58.0
1780559358.575054,VDD_IN,6662.656,,
1780559358.575054,VDD_CPU_GPU_CV,2086.08,,
1780559358.575054,VDD_SOC,1695.232,,
1780559358.575054,,,cpu-thermal,57.843
1780559358.575054,,,gpu-thermal,58.125
1780559358.575054,,,soc0-thermal,56.25
1780559358.575054,,,soc1-thermal,55.531
1780559358.575054,,,soc2-thermal,56.062
1780559358.575054,,,tj-thermal,58.375
1780559358.6809657,VDD_IN,6633.984,,
1780559358.6809657,VDD_CPU_GPU_CV,2046.72,,
1780559358.6809657,VDD_SOC,1695.232,,
1780559358.6809657,,,cpu-thermal,57.781
1780559358.6809657,,,gpu-thermal,58.031
1780559358.6809657,,,soc0-thermal,56.25
1780559358.6809657,,,soc1-thermal,55.562
1780559358.6809657,,,soc2-thermal,56.125
1780559358.6809657,,,tj-thermal,58.218
1780559358.7873292,VDD_IN,6594.496,,
1780559358.7873292,VDD_CPU_GPU_CV,2050.048,,
1780559358.7873292,VDD_SOC,1695.232,,
1780559358.7873292,,,cpu-thermal,57.968
1780559358.7873292,,,gpu-thermal,58.0
1780559358.7873292,,,soc0-thermal,56.218
1780559358.7873292,,,soc1-thermal,55.625
1780559358.7873292,,,soc2-thermal,56.187
1780559358.7873292,,,tj-thermal,58.156
1780559358.8936667,VDD_IN,6594.496,,
1780559358.8936667,VDD_CPU_GPU_CV,2050.048,,
1780559358.8936667,VDD_SOC,1697.984,,
1780559358.8936667,,,cpu-thermal,58.187
1780559358.8936667,,,gpu-thermal,58.406
1780559358.8936667,,,soc0-thermal,56.343
1780559358.8936667,,,soc1-thermal,55.843
1780559358.8936667,,,soc2-thermal,56.156
1780559358.8936667,,,tj-thermal,58.187
1780559358.9995449,VDD_IN,6555.008,,
1780559358.9995449,VDD_CPU_GPU_CV,2050.048,,
1780559358.9995449,VDD_SOC,1658.496,,
1780559358.9995449,,,cpu-thermal,57.906
1780559358.9995449,,,gpu-thermal,58.218
1780559358.9995449,,,soc0-thermal,56.25
1780559358.9995449,,,soc1-thermal,55.593
1780559358.9995449,,,soc2-thermal,56.125
1780559358.9995449,,,tj-thermal,58.031
1780559359.1057048,VDD_IN,6555.008,,
1780559359.1057048,VDD_CPU_GPU_CV,2010.624,,
1780559359.1057048,VDD_SOC,1658.496,,
1780559359.1057048,,,cpu-thermal,57.875
1780559359.1057048,,,gpu-thermal,58.093
1780559359.1057048,,,soc0-thermal,56.218
1780559359.1057048,,,soc1-thermal,55.687
1780559359.1057048,,,soc2-thermal,56.187
1780559359.1057048,,,tj-thermal,58.093
1780559359.2118576,VDD_IN,6555.008,,
1780559359.2118576,VDD_CPU_GPU_CV,2010.624,,
1780559359.2118576,VDD_SOC,1658.496,,
1780559359.2118576,,,cpu-thermal,58.031
1780559359.2118576,,,gpu-thermal,58.156
1780559359.2118576,,,soc0-thermal,56.25
1780559359.2118576,,,soc1-thermal,55.781
1780559359.2118576,,,soc2-thermal,56.218
1780559359.2118576,,,tj-thermal,58.156
1780559359.3178365,VDD_IN,6594.496,,
1780559359.3178365,VDD_CPU_GPU_CV,2050.048,,
1780559359.3178365,VDD_SOC,1695.232,,
1780559359.3178365,,,cpu-thermal,57.75
1780559359.3178365,,,gpu-thermal,58.062
1780559359.3178365,,,soc0-thermal,56.406
1780559359.3178365,,,soc1-thermal,55.687
1780559359.3178365,,,soc2-thermal,56.156
1780559359.3178365,,,tj-thermal,58.062
1780559359.4238908,VDD_IN,6673.472,,
1780559359.4238908,VDD_CPU_GPU_CV,2086.08,,
1780559359.4238908,VDD_SOC,1695.232,,
1780559359.4238908,,,cpu-thermal,57.843
1780559359.4238908,,,gpu-thermal,58.031
1780559359.4238908,,,soc0-thermal,56.218
1780559359.4238908,,,soc1-thermal,55.75
1780559359.4238908,,,soc2-thermal,56.156
1780559359.4238908,,,tj-thermal,58.031
1780559359.5296135,VDD_IN,6673.472,,
1780559359.5296135,VDD_CPU_GPU_CV,2086.08,,
1780559359.5296135,VDD_SOC,1695.232,,
1780559359.5296135,,,cpu-thermal,57.843
1780559359.5296135,,,gpu-thermal,58.343
1780559359.5296135,,,soc0-thermal,56.312
1780559359.5296135,,,soc1-thermal,55.75
1780559359.5296135,,,soc2-thermal,56.187
1780559359.5296135,,,tj-thermal,58.343
1780559359.6354847,VDD_IN,6633.984,,
1780559359.6354847,VDD_CPU_GPU_CV,2050.048,,
1780559359.6354847,VDD_SOC,1695.232,,
1780559359.6354847,,,cpu-thermal,57.812
1780559359.6354847,,,gpu-thermal,58.156
1780559359.6354847,,,soc0-thermal,56.375
1780559359.6354847,,,soc1-thermal,55.625
1780559359.6354847,,,soc2-thermal,56.187
1780559359.6354847,,,tj-thermal,58.156
1780559359.7424078,VDD_IN,6594.496,,
1780559359.7424078,VDD_CPU_GPU_CV,2050.048,,
1780559359.7424078,VDD_SOC,1697.984,,
1780559359.7424078,,,cpu-thermal,57.843
1780559359.7424078,,,gpu-thermal,58.156
1780559359.7424078,,,soc0-thermal,56.25
1780559359.7424078,,,soc1-thermal,55.656
1780559359.7424078,,,soc2-thermal,56.156
1780559359.7424078,,,tj-thermal,58.156
1780559359.84837,VDD_IN,6555.008,,
1780559359.84837,VDD_CPU_GPU_CV,2010.624,,
1780559359.84837,VDD_SOC,1697.984,,
1780559359.84837,,,cpu-thermal,58.187
1780559359.84837,,,gpu-thermal,58.0
1780559359.84837,,,soc0-thermal,56.25
1780559359.84837,,,soc1-thermal,55.718
1780559359.84837,,,soc2-thermal,56.187
1780559359.84837,,,tj-thermal,58.187
1780559359.9545438,VDD_IN,6555.008,,
1780559359.9545438,VDD_CPU_GPU_CV,2010.624,,
1780559359.9545438,VDD_SOC,1658.496,,
1780559359.9545438,,,cpu-thermal,57.781
1780559359.9545438,,,gpu-thermal,58.0
1780559359.9545438,,,soc0-thermal,56.375
1780559359.9545438,,,soc1-thermal,55.625
1780559359.9545438,,,soc2-thermal,56.125
1780559359.9545438,,,tj-thermal,58.0
1780559360.0612874,VDD_IN,6515.52,,
1780559360.0612874,VDD_CPU_GPU_CV,2010.624,,
1780559360.0612874,VDD_SOC,1658.496,,
1780559360.0612874,,,cpu-thermal,57.781
1780559360.0612874,,,gpu-thermal,58.406
1780559360.0612874,,,soc0-thermal,56.281
1780559360.0612874,,,soc1-thermal,55.687
1780559360.0612874,,,soc2-thermal,56.156
1780559360.0612874,,,tj-thermal,58.406
1780559360.1675043,VDD_IN,6515.52,,
1780559360.1675043,VDD_CPU_GPU_CV,1971.2,,
1780559360.1675043,VDD_SOC,1658.496,,
1780559360.1675043,,,cpu-thermal,58.031
1780559360.1675043,,,gpu-thermal,58.25
1780559360.1675043,,,soc0-thermal,56.281
1780559360.1675043,,,soc1-thermal,55.75
1780559360.1675043,,,soc2-thermal,56.25
1780559360.1675043,,,tj-thermal,58.25
1780559360.2740533,VDD_IN,6515.52,,
1780559360.2740533,VDD_CPU_GPU_CV,2010.624,,
1780559360.2740533,VDD_SOC,1658.496,,
1780559360.2740533,,,cpu-thermal,58.187
1780559360.2740533,,,gpu-thermal,58.156
1780559360.2740533,,,soc0-thermal,56.375
1780559360.2740533,,,soc1-thermal,55.625
1780559360.2740533,,,soc2-thermal,56.062
1780559360.2740533,,,tj-thermal,58.156
1780559360.3801286,VDD_IN,6633.984,,
1780559360.3801286,VDD_CPU_GPU_CV,2050.048,,
1780559360.3801286,VDD_SOC,1695.232,,
1780559360.3801286,,,cpu-thermal,57.812
1780559360.3801286,,,gpu-thermal,58.468
1780559360.3801286,,,soc0-thermal,56.406
1780559360.3801286,,,soc1-thermal,55.625
1780559360.3801286,,,soc2-thermal,56.25
1780559360.3801286,,,tj-thermal,58.093
1780559360.485969,VDD_IN,6712.96,,
1780559360.485969,VDD_CPU_GPU_CV,2086.08,,
1780559360.485969,VDD_SOC,1695.232,,
1780559360.485969,,,cpu-thermal,57.906
1780559360.485969,,,gpu-thermal,58.343
1780559360.485969,,,soc0-thermal,56.25
1780559360.485969,,,soc1-thermal,55.781
1780559360.485969,,,soc2-thermal,56.25
1780559360.485969,,,tj-thermal,58.031
1780559360.5920134,VDD_IN,6673.472,,
1780559360.5920134,VDD_CPU_GPU_CV,2046.72,,
1780559360.5920134,VDD_SOC,1695.232,,
1780559360.5920134,,,cpu-thermal,58.031
1780559360.5920134,,,gpu-thermal,58.281
1780559360.5920134,,,soc0-thermal,56.406
1780559360.5920134,,,soc1-thermal,55.781
1780559360.5920134,,,soc2-thermal,56.156
1780559360.5920134,,,tj-thermal,58.5
1780559360.6979294,VDD_IN,6594.496,,
1780559360.6979294,VDD_CPU_GPU_CV,2050.048,,
1780559360.6979294,VDD_SOC,1697.984,,
1780559360.6979294,,,cpu-thermal,57.812
1780559360.6979294,,,gpu-thermal,58.093
1780559360.6979294,,,soc0-thermal,56.5
1780559360.6979294,,,soc1-thermal,55.687
1780559360.6979294,,,soc2-thermal,56.25
1780559360.6979294,,,tj-thermal,58.093
1780559360.8038697,VDD_IN,6594.496,,
1780559360.8038697,VDD_CPU_GPU_CV,2050.048,,
1780559360.8038697,VDD_SOC,1697.984,,
1780559360.8038697,,,cpu-thermal,58.0
1780559360.8038697,,,gpu-thermal,58.062
1780559360.8038697,,,soc0-thermal,56.375
1780559360.8038697,,,soc1-thermal,55.75
1780559360.8038697,,,soc2-thermal,56.281
1780559360.8038697,,,tj-thermal,58.062
1780559360.9100318,VDD_IN,6555.008,,
1780559360.9100318,VDD_CPU_GPU_CV,2010.624,,
1780559360.9100318,VDD_SOC,1658.496,,
1780559360.9100318,,,cpu-thermal,57.875
1780559360.9100318,,,gpu-thermal,58.5
1780559360.9100318,,,soc0-thermal,56.375
1780559360.9100318,,,soc1-thermal,55.875
1780559360.9100318,,,soc2-thermal,56.281
1780559360.9100318,,,tj-thermal,58.5
1780559361.0161898,VDD_IN,6555.008,,
1780559361.0161898,VDD_CPU_GPU_CV,2010.624,,
1780559361.0161898,VDD_SOC,1658.496,,
1780559361.0161898,,,cpu-thermal,57.781
1780559361.0161898,,,gpu-thermal,58.312
1780559361.0161898,,,soc0-thermal,56.406
1780559361.0161898,,,soc1-thermal,55.75
1780559361.0161898,,,soc2-thermal,56.25
1780559361.0161898,,,tj-thermal,58.312
1780559361.1227872,VDD_IN,6515.52,,
1780559361.1227872,VDD_CPU_GPU_CV,2010.624,,
1780559361.1227872,VDD_SOC,1658.496,,
1780559361.1227872,,,cpu-thermal,57.843
1780559361.1227872,,,gpu-thermal,58.312
1780559361.1227872,,,soc0-thermal,56.25
1780559361.1227872,,,soc1-thermal,55.75
1780559361.1227872,,,soc2-thermal,56.312
1780559361.1227872,,,tj-thermal,58.312
1780559361.2290926,VDD_IN,6515.52,,
1780559361.2290926,VDD_CPU_GPU_CV,2010.624,,
1780559361.2290926,VDD_SOC,1658.496,,
1780559361.2290926,,,cpu-thermal,58.187
1780559361.2290926,,,gpu-thermal,58.218
1780559361.2290926,,,soc0-thermal,56.375
1780559361.2290926,,,soc1-thermal,55.843
1780559361.2290926,,,soc2-thermal,56.343
1780559361.2290926,,,tj-thermal,58.218
1780559361.3353717,VDD_IN,6594.496,,
1780559361.3353717,VDD_CPU_GPU_CV,2050.048,,
1780559361.3353717,VDD_SOC,1695.232,,
1780559361.3353717,,,cpu-thermal,58.343
1780559361.3353717,,,gpu-thermal,58.25
1780559361.3353717,,,soc0-thermal,56.468
1780559361.3353717,,,soc1-thermal,55.937
1780559361.3353717,,,soc2-thermal,56.25
1780559361.3353717,,,tj-thermal,58.343
1780559361.441612,VDD_IN,6662.656,,
1780559361.441612,VDD_CPU_GPU_CV,2086.08,,
1780559361.441612,VDD_SOC,1695.232,,
1780559361.441612,,,cpu-thermal,57.937
1780559361.441612,,,gpu-thermal,58.156
1780559361.441612,,,soc0-thermal,56.375
1780559361.441612,,,soc1-thermal,55.812
1780559361.441612,,,soc2-thermal,56.312
1780559361.441612,,,tj-thermal,58.156
1780559361.5479536,VDD_IN,6662.656,,
1780559361.5479536,VDD_CPU_GPU_CV,2086.08,,
1780559361.5479536,VDD_SOC,1695.232,,
1780559361.5479536,,,cpu-thermal,58.093
1780559361.5479536,,,gpu-thermal,58.437
1780559361.5479536,,,soc0-thermal,56.312
1780559361.5479536,,,soc1-thermal,55.843
1780559361.5479536,,,soc2-thermal,56.406
1780559361.5479536,,,tj-thermal,58.437
1780559361.654167,VDD_IN,6633.984,,
1780559361.654167,VDD_CPU_GPU_CV,2046.72,,
1780559361.654167,VDD_SOC,1695.232,,
1780559361.654167,,,cpu-thermal,58.156
1780559361.654167,,,gpu-thermal,58.312
1780559361.654167,,,soc0-thermal,56.375
1780559361.654167,,,soc1-thermal,56.0
1780559361.654167,,,soc2-thermal,56.281
1780559361.654167,,,tj-thermal,58.312
1780559361.7602038,VDD_IN,6633.984,,
1780559361.7602038,VDD_CPU_GPU_CV,2046.72,,
1780559361.7602038,VDD_SOC,1695.232,,
1780559361.7602038,,,cpu-thermal,58.093
1780559361.7602038,,,gpu-thermal,58.25
1780559361.7602038,,,soc0-thermal,56.531
1780559361.7602038,,,soc1-thermal,55.75
1780559361.7602038,,,soc2-thermal,56.281
1780559361.7602038,,,tj-thermal,58.25
1780559361.8661633,VDD_IN,6594.496,,
1780559361.8661633,VDD_CPU_GPU_CV,2050.048,,
1780559361.8661633,VDD_SOC,1697.984,,
1780559361.8661633,,,cpu-thermal,58.093
1780559361.8661633,,,gpu-thermal,58.218
1780559361.8661633,,,soc0-thermal,56.375
1780559361.8661633,,,soc1-thermal,55.812
1780559361.8661633,,,soc2-thermal,56.343
1780559361.8661633,,,tj-thermal,58.218
1780559361.9724395,VDD_IN,6594.496,,
1780559361.9724395,VDD_CPU_GPU_CV,2050.048,,
1780559361.9724395,VDD_SOC,1695.232,,
1780559361.9724395,,,cpu-thermal,57.906
1780559361.9724395,,,gpu-thermal,58.125
1780559361.9724395,,,soc0-thermal,56.5
1780559361.9724395,,,soc1-thermal,55.906
1780559361.9724395,,,soc2-thermal,56.312
1780559361.9724395,,,tj-thermal,58.125
1780559362.0786557,VDD_IN,6555.008,,
1780559362.0786557,VDD_CPU_GPU_CV,2010.624,,
1780559362.0786557,VDD_SOC,1658.496,,
1780559362.0786557,,,cpu-thermal,57.968
1780559362.0786557,,,gpu-thermal,58.281
1780559362.0786557,,,soc0-thermal,56.562
1780559362.0786557,,,soc1-thermal,55.875
1780559362.0786557,,,soc2-thermal,56.312
1780559362.0786557,,,tj-thermal,58.562
1780559362.18451,VDD_IN,6515.52,,
1780559362.18451,VDD_CPU_GPU_CV,2010.624,,
1780559362.18451,VDD_SOC,1658.496,,
1780559362.18451,,,cpu-thermal,58.062
1780559362.18451,,,gpu-thermal,58.156
1780559362.18451,,,soc0-thermal,56.375
1780559362.18451,,,soc1-thermal,55.843
1780559362.18451,,,soc2-thermal,56.343
1780559362.18451,,,tj-thermal,58.343
1780559362.2911232,VDD_IN,6555.008,,
1780559362.2911232,VDD_CPU_GPU_CV,2050.048,,
1780559362.2911232,VDD_SOC,1697.984,,
1780559362.2911232,,,cpu-thermal,58.281
1780559362.2911232,,,gpu-thermal,58.187
1780559362.2911232,,,soc0-thermal,56.468
1780559362.2911232,,,soc1-thermal,55.937
1780559362.2911232,,,soc2-thermal,56.468
1780559362.2911232,,,tj-thermal,58.281
1780559362.3969789,VDD_IN,6673.472,,
1780559362.3969789,VDD_CPU_GPU_CV,2086.08,,
1780559362.3969789,VDD_SOC,1695.232,,
1780559362.3969789,,,cpu-thermal,58.0
1780559362.3969789,,,gpu-thermal,58.562
1780559362.3969789,,,soc0-thermal,56.531
1780559362.3969789,,,soc1-thermal,55.812
1780559362.3969789,,,soc2-thermal,56.312
1780559362.3969789,,,tj-thermal,58.25
1780559362.503098,VDD_IN,6702.08,,
1780559362.503098,VDD_CPU_GPU_CV,2086.08,,
1780559362.503098,VDD_SOC,1695.232,,
1780559362.503098,,,cpu-thermal,58.031
1780559362.503098,,,gpu-thermal,58.375
1780559362.503098,,,soc0-thermal,56.375
1780559362.503098,,,soc1-thermal,55.781
1780559362.503098,,,soc2-thermal,56.375
1780559362.503098,,,tj-thermal,58.187
1780559362.6095266,VDD_IN,6673.472,,
1780559362.6095266,VDD_CPU_GPU_CV,2086.08,,
1780559362.6095266,VDD_SOC,1695.232,,
1780559362.6095266,,,cpu-thermal,58.25
1780559362.6095266,,,gpu-thermal,58.343
1780559362.6095266,,,soc0-thermal,56.468
1780559362.6095266,,,soc1-thermal,55.906
1780559362.6095266,,,soc2-thermal,56.562
1780559362.6095266,,,tj-thermal,58.343
1780559362.7155833,VDD_IN,6633.984,,
1780559362.7155833,VDD_CPU_GPU_CV,2050.048,,
1780559362.7155833,VDD_SOC,1695.232,,
1780559362.7155833,,,cpu-thermal,58.312
1780559362.7155833,,,gpu-thermal,58.25
1780559362.7155833,,,soc0-thermal,56.5
1780559362.7155833,,,soc1-thermal,56.0
1780559362.7155833,,,soc2-thermal,56.312
1780559362.7155833,,,tj-thermal,58.25
1780559362.8216455,VDD_IN,6594.496,,
1780559362.8216455,VDD_CPU_GPU_CV,2050.048,,
1780559362.8216455,VDD_SOC,1695.232,,
1780559362.8216455,,,cpu-thermal,58.156
1780559362.8216455,,,gpu-thermal,58.156
1780559362.8216455,,,soc0-thermal,56.531
1780559362.8216455,,,soc1-thermal,55.906
1780559362.8216455,,,soc2-thermal,56.343
1780559362.8216455,,,tj-thermal,58.156
1780559362.9283223,VDD_IN,6594.496,,
1780559362.9283223,VDD_CPU_GPU_CV,2050.048,,
1780559362.9283223,VDD_SOC,1695.232,,
1780559362.9283223,,,cpu-thermal,58.187
1780559362.9283223,,,gpu-thermal,58.531
1780559362.9283223,,,soc0-thermal,56.468
1780559362.9283223,,,soc1-thermal,55.937
1780559362.9283223,,,soc2-thermal,56.406
1780559362.9283223,,,tj-thermal,58.531
1780559363.0342393,VDD_IN,6555.008,,
1780559363.0342393,VDD_CPU_GPU_CV,2010.624,,
1780559363.0342393,VDD_SOC,1658.496,,
1780559363.0342393,,,cpu-thermal,57.937
1780559363.0342393,,,gpu-thermal,58.437
1780559363.0342393,,,soc0-thermal,56.531
1780559363.0342393,,,soc1-thermal,56.0
1780559363.0342393,,,soc2-thermal,56.343
1780559363.0342393,,,tj-thermal,58.437
1780559363.1405802,VDD_IN,6555.008,,
1780559363.1405802,VDD_CPU_GPU_CV,2010.624,,
1780559363.1405802,VDD_SOC,1658.496,,
1780559363.1405802,,,cpu-thermal,58.062
1780559363.1405802,,,gpu-thermal,58.281
1780559363.1405802,,,soc0-thermal,56.593
1780559363.1405802,,,soc1-thermal,55.843
1780559363.1405802,,,soc2-thermal,56.375
1780559363.1405802,,,tj-thermal,58.281
1780559363.2471364,VDD_IN,6555.008,,
1780559363.2471364,VDD_CPU_GPU_CV,2010.624,,
1780559363.2471364,VDD_SOC,1658.496,,
1780559363.2471364,,,cpu-thermal,58.0
1780559363.2471364,,,gpu-thermal,58.25
1780559363.2471364,,,soc0-thermal,56.5
1780559363.2471364,,,soc1-thermal,55.937
1780559363.2471364,,,soc2-thermal,56.468
1780559363.2471364,,,tj-thermal,58.375
1780559363.3533528,VDD_IN,6633.984,,
1780559363.3533528,VDD_CPU_GPU_CV,2050.048,,
1780559363.3533528,VDD_SOC,1695.232,,
1780559363.3533528,,,cpu-thermal,58.0
1780559363.3533528,,,gpu-thermal,58.218
1780559363.3533528,,,soc0-thermal,56.468
1780559363.3533528,,,soc1-thermal,56.0
1780559363.3533528,,,soc2-thermal,56.343
1780559363.3533528,,,tj-thermal,58.218
1780559363.459238,VDD_IN,6702.08,,
1780559363.459238,VDD_CPU_GPU_CV,2086.08,,
1780559363.459238,VDD_SOC,1695.232,,
1780559363.459238,,,cpu-thermal,57.937
1780559363.459238,,,gpu-thermal,58.281
1780559363.459238,,,soc0-thermal,56.593
1780559363.459238,,,soc1-thermal,55.843
1780559363.459238,,,soc2-thermal,56.343
1780559363.459238,,,tj-thermal,58.281
1780559363.5650156,VDD_IN,6673.472,,
1780559363.5650156,VDD_CPU_GPU_CV,2086.08,,
1780559363.5650156,VDD_SOC,1695.232,,
1780559363.5650156,,,cpu-thermal,58.062
1780559363.5650156,,,gpu-thermal,58.531
1780559363.5650156,,,soc0-thermal,56.468
1780559363.5650156,,,soc1-thermal,55.875
1780559363.5650156,,,soc2-thermal,56.406
1780559363.5650156,,,tj-thermal,58.531
1780559363.6716754,VDD_IN,6633.984,,
1780559363.6716754,VDD_CPU_GPU_CV,2046.72,,
1780559363.6716754,VDD_SOC,1695.232,,
1780559363.6716754,,,cpu-thermal,58.343
1780559363.6716754,,,gpu-thermal,58.437
1780559363.6716754,,,soc0-thermal,56.562
1780559363.6716754,,,soc1-thermal,56.0
1780559363.6716754,,,soc2-thermal,56.531
1780559363.6716754,,,tj-thermal,58.437
1780559363.7781672,VDD_IN,6594.496,,
1780559363.7781672,VDD_CPU_GPU_CV,2050.048,,
1780559363.7781672,VDD_SOC,1697.984,,
1780559363.7781672,,,cpu-thermal,58.031
1780559363.7781672,,,gpu-thermal,58.375
1780559363.7781672,,,soc0-thermal,56.625
1780559363.7781672,,,soc1-thermal,55.968
1780559363.7781672,,,soc2-thermal,56.406
1780559363.7781672,,,tj-thermal,58.375
1780559363.8840845,VDD_IN,6555.008,,
1780559363.8840845,VDD_CPU_GPU_CV,2050.048,,
1780559363.8840845,VDD_SOC,1697.984,,
1780559363.8840845,,,cpu-thermal,58.156
1780559363.8840845,,,gpu-thermal,58.25
1780559363.8840845,,,soc0-thermal,56.468
1780559363.8840845,,,soc1-thermal,55.937
1780559363.8840845,,,soc2-thermal,56.468
1780559363.8840845,,,tj-thermal,58.25
1780559363.99061,VDD_IN,6555.008,,
1780559363.99061,VDD_CPU_GPU_CV,2010.624,,
1780559363.99061,VDD_SOC,1658.496,,
1780559363.99061,,,cpu-thermal,58.125
1780559363.99061,,,gpu-thermal,58.25
1780559363.99061,,,soc0-thermal,56.468
1780559363.99061,,,soc1-thermal,55.968
1780559363.99061,,,soc2-thermal,56.468
1780559363.99061,,,tj-thermal,58.25
1780559364.0966623,VDD_IN,6515.52,,
1780559364.0966623,VDD_CPU_GPU_CV,2010.624,,
1780559364.0966623,VDD_SOC,1655.808,,
1780559364.0966623,,,cpu-thermal,58.031
1780559364.0966623,,,gpu-thermal,58.281
1780559364.0966623,,,soc0-thermal,56.625
1780559364.0966623,,,soc1-thermal,56.125
1780559364.0966623,,,soc2-thermal,56.343
1780559364.0966623,,,tj-thermal,58.656
1780559364.202597,VDD_IN,6515.52,,
1780559364.202597,VDD_CPU_GPU_CV,2010.624,,
1780559364.202597,VDD_SOC,1658.496,,
1780559364.202597,,,cpu-thermal,58.125
1780559364.202597,,,gpu-thermal,58.25
1780559364.202597,,,soc0-thermal,56.468
1780559364.202597,,,soc1-thermal,55.906
1780559364.202597,,,soc2-thermal,56.437
1780559364.202597,,,tj-thermal,58.5
1780559364.3092365,VDD_IN,6594.496,,
1780559364.3092365,VDD_CPU_GPU_CV,2050.048,,
1780559364.3092365,VDD_SOC,1695.232,,
1780559364.3092365,,,cpu-thermal,58.093
1780559364.3092365,,,gpu-thermal,58.281
1780559364.3092365,,,soc0-thermal,56.5
1780559364.3092365,,,soc1-thermal,56.0
1780559364.3092365,,,soc2-thermal,56.468
1780559364.3092365,,,tj-thermal,58.437
1780559364.4153962,VDD_IN,6673.472,,
1780559364.4153962,VDD_CPU_GPU_CV,2086.08,,
1780559364.4153962,VDD_SOC,1695.232,,
1780559364.4153962,,,cpu-thermal,58.125
1780559364.4153962,,,gpu-thermal,58.656
1780559364.4153962,,,soc0-thermal,56.531
1780559364.4153962,,,soc1-thermal,56.0
1780559364.4153962,,,soc2-thermal,56.406
1780559364.4153962,,,tj-thermal,58.343
1780559364.5211945,VDD_IN,6662.656,,
1780559364.5211945,VDD_CPU_GPU_CV,2086.08,,
1780559364.5211945,VDD_SOC,1695.232,,
1780559364.5211945,,,cpu-thermal,57.968
1780559364.5211945,,,gpu-thermal,58.5
1780559364.5211945,,,soc0-thermal,56.531
1780559364.5211945,,,soc1-thermal,56.0
1780559364.5211945,,,soc2-thermal,56.406
1780559364.5211945,,,tj-thermal,58.5
1780559364.6274893,VDD_IN,6673.472,,
1780559364.6274893,VDD_CPU_GPU_CV,2086.08,,
1780559364.6274893,VDD_SOC,1695.232,,
1780559364.6274893,,,cpu-thermal,58.156
1780559364.6274893,,,gpu-thermal,58.406
1780559364.6274893,,,soc0-thermal,56.5
1780559364.6274893,,,soc1-thermal,56.0
1780559364.6274893,,,soc2-thermal,56.5
1780559364.6274893,,,tj-thermal,58.406
1780559364.7334354,VDD_IN,6623.232,,
1780559364.7334354,VDD_CPU_GPU_CV,2046.72,,
1780559364.7334354,VDD_SOC,1695.232,,
1780559364.7334354,,,cpu-thermal,58.531
1780559364.7334354,,,gpu-thermal,58.375
1780559364.7334354,,,soc0-thermal,56.593
1780559364.7334354,,,soc1-thermal,56.187
1780559364.7334354,,,soc2-thermal,56.437
1780559364.7334354,,,tj-thermal,58.562
1780559364.840576,VDD_IN,6633.984,,
1780559364.840576,VDD_CPU_GPU_CV,2046.72,,
1780559364.840576,VDD_SOC,1695.232,,
1780559364.840576,,,cpu-thermal,57.968
1780559364.840576,,,gpu-thermal,58.343
1780559364.840576,,,soc0-thermal,56.656
1780559364.840576,,,soc1-thermal,55.906
1780559364.840576,,,soc2-thermal,56.468
1780559364.840576,,,tj-thermal,58.5
1780559364.946874,VDD_IN,6594.496,,
1780559364.946874,VDD_CPU_GPU_CV,2046.72,,
1780559364.946874,VDD_SOC,1695.232,,
1780559364.946874,,,cpu-thermal,58.25
1780559364.946874,,,gpu-thermal,58.718
1780559364.946874,,,soc0-thermal,56.531
1780559364.946874,,,soc1-thermal,56.031
1780559364.946874,,,soc2-thermal,56.562
1780559364.946874,,,tj-thermal,58.718
1780559365.0531578,VDD_IN,6594.496,,
1780559365.0531578,VDD_CPU_GPU_CV,2046.72,,
1780559365.0531578,VDD_SOC,1695.232,,
1780559365.0531578,,,cpu-thermal,58.343
1780559365.0531578,,,gpu-thermal,58.562
1780559365.0531578,,,soc0-thermal,56.562
1780559365.0531578,,,soc1-thermal,56.0
1780559365.0531578,,,soc2-thermal,56.406
1780559365.0531578,,,tj-thermal,58.562
1780559365.159361,VDD_IN,6594.496,,
1780559365.159361,VDD_CPU_GPU_CV,2050.048,,
1780559365.159361,VDD_SOC,1655.808,,
1780559365.159361,,,cpu-thermal,58.218
1780559365.159361,,,gpu-thermal,58.406
1780559365.159361,,,soc0-thermal,56.656
1780559365.159361,,,soc1-thermal,56.0
1780559365.159361,,,soc2-thermal,56.468
1780559365.159361,,,tj-thermal,58.406
1780559365.2654238,VDD_IN,6555.008,,
1780559365.2654238,VDD_CPU_GPU_CV,2050.048,,
1780559365.2654238,VDD_SOC,1695.232,,
1780559365.2654238,,,cpu-thermal,58.187
1780559365.2654238,,,gpu-thermal,58.406
1780559365.2654238,,,soc0-thermal,56.562
1780559365.2654238,,,soc1-thermal,56.0
1780559365.2654238,,,soc2-thermal,56.562
1780559365.2654238,,,tj-thermal,58.406
1780559365.3712778,VDD_IN,6673.472,,
1780559365.3712778,VDD_CPU_GPU_CV,2086.08,,
1780559365.3712778,VDD_SOC,1695.232,,
1780559365.3712778,,,cpu-thermal,58.187
1780559365.3712778,,,gpu-thermal,58.343
1780559365.3712778,,,soc0-thermal,56.625
1780559365.3712778,,,soc1-thermal,56.093
1780559365.3712778,,,soc2-thermal,56.562
1780559365.3712778,,,tj-thermal,58.343
1780559365.4773004,VDD_IN,6702.08,,
1780559365.4773004,VDD_CPU_GPU_CV,2086.08,,
1780559365.4773004,VDD_SOC,1695.232,,
1780559365.4773004,,,cpu-thermal,58.187
1780559365.4773004,,,gpu-thermal,58.312
1780559365.4773004,,,soc0-thermal,56.593
1780559365.4773004,,,soc1-thermal,56.0
1780559365.4773004,,,soc2-thermal,56.437
1780559365.4773004,,,tj-thermal,58.312
1780559365.5832078,VDD_IN,6673.472,,
1780559365.5832078,VDD_CPU_GPU_CV,2086.08,,
1780559365.5832078,VDD_SOC,1695.232,,
1780559365.5832078,,,cpu-thermal,58.218
1780559365.5832078,,,gpu-thermal,58.687
1780559365.5832078,,,soc0-thermal,56.75
1780559365.5832078,,,soc1-thermal,56.0
1780559365.5832078,,,soc2-thermal,56.593
1780559365.5832078,,,tj-thermal,58.687
1780559365.6891837,VDD_IN,6633.984,,
1780559365.6891837,VDD_CPU_GPU_CV,2050.048,,
1780559365.6891837,VDD_SOC,1697.984,,
1780559365.6891837,,,cpu-thermal,58.187
1780559365.6891837,,,gpu-thermal,58.406
1780559365.6891837,,,soc0-thermal,56.593
1780559365.6891837,,,soc1-thermal,56.0
1780559365.6891837,,,soc2-thermal,56.5
1780559365.6891837,,,tj-thermal,58.531
1780559365.795212,VDD_IN,6633.984,,
1780559365.795212,VDD_CPU_GPU_CV,2050.048,,
1780559365.795212,VDD_SOC,1697.984,,
1780559365.795212,,,cpu-thermal,58.187
1780559365.795212,,,gpu-thermal,58.843
1780559365.795212,,,soc0-thermal,56.625
1780559365.795212,,,soc1-thermal,56.156
1780559365.795212,,,soc2-thermal,56.531
1780559365.795212,,,tj-thermal,58.437
1780559365.9012861,VDD_IN,6594.496,,
1780559365.9012861,VDD_CPU_GPU_CV,2050.048,,
1780559365.9012861,VDD_SOC,1697.984,,
1780559365.9012861,,,cpu-thermal,58.156
1780559365.9012861,,,gpu-thermal,58.593
1780559365.9012861,,,soc0-thermal,56.718
1780559365.9012861,,,soc1-thermal,56.031
1780559365.9012861,,,soc2-thermal,56.531
1780559365.9012861,,,tj-thermal,58.5
1780559366.0074317,VDD_IN,6555.008,,
1780559366.0074317,VDD_CPU_GPU_CV,2050.048,,
1780559366.0074317,VDD_SOC,1658.496,,
1780559366.0074317,,,cpu-thermal,58.375
1780559366.0074317,,,gpu-thermal,58.531
1780559366.0074317,,,soc0-thermal,56.656
1780559366.0074317,,,soc1-thermal,56.0
1780559366.0074317,,,soc2-thermal,56.531
1780559366.0074317,,,tj-thermal,58.468
1780559366.1137726,VDD_IN,6555.008,,
1780559366.1137726,VDD_CPU_GPU_CV,2050.048,,
1780559366.1137726,VDD_SOC,1658.496,,
1780559366.1137726,,,cpu-thermal,58.5
1780559366.1137726,,,gpu-thermal,58.468
1780559366.1137726,,,soc0-thermal,56.687
1780559366.1137726,,,soc1-thermal,56.156
1780559366.1137726,,,soc2-thermal,56.562
1780559366.1137726,,,tj-thermal,58.687
1780559366.2198873,VDD_IN,6555.008,,
1780559366.2198873,VDD_CPU_GPU_CV,2050.048,,
1780559366.2198873,VDD_SOC,1658.496,,
1780559366.2198873,,,cpu-thermal,58.156
1780559366.2198873,,,gpu-thermal,58.375
1780559366.2198873,,,soc0-thermal,56.687
1780559366.2198873,,,soc1-thermal,56.0
1780559366.2198873,,,soc2-thermal,56.562
1780559366.2198873,,,tj-thermal,58.656
1780559366.3264189,VDD_IN,6633.984,,
1780559366.3264189,VDD_CPU_GPU_CV,2050.048,,
1780559366.3264189,VDD_SOC,1695.232,,
1780559366.3264189,,,cpu-thermal,58.25
1780559366.3264189,,,gpu-thermal,58.437
1780559366.3264189,,,soc0-thermal,56.656
1780559366.3264189,,,soc1-thermal,56.062
1780559366.3264189,,,soc2-thermal,56.562
1780559366.3264189,,,tj-thermal,58.437
1780559366.4324605,VDD_IN,6712.96,,
1780559366.4324605,VDD_CPU_GPU_CV,2086.08,,
1780559366.4324605,VDD_SOC,1695.232,,
1780559366.4324605,,,cpu-thermal,58.312
1780559366.4324605,,,gpu-thermal,58.718
1780559366.4324605,,,soc0-thermal,56.656
1780559366.4324605,,,soc1-thermal,56.062
1780559366.4324605,,,soc2-thermal,56.625
1780559366.4324605,,,tj-thermal,58.718
1780559366.5389779,VDD_IN,6702.08,,
1780559366.5389779,VDD_CPU_GPU_CV,2086.08,,
1780559366.5389779,VDD_SOC,1695.232,,
1780559366.5389779,,,cpu-thermal,58.25
1780559366.5389779,,,gpu-thermal,58.562
1780559366.5389779,,,soc0-thermal,56.656
1780559366.5389779,,,soc1-thermal,56.25
1780559366.5389779,,,soc2-thermal,56.625
1780559366.5389779,,,tj-thermal,58.562
1780559366.645045,VDD_IN,6673.472,,
1780559366.645045,VDD_CPU_GPU_CV,2086.08,,
1780559366.645045,VDD_SOC,1695.232,,
1780559366.645045,,,cpu-thermal,58.25
1780559366.645045,,,gpu-thermal,58.5
1780559366.645045,,,soc0-thermal,56.687
1780559366.645045,,,soc1-thermal,56.031
1780559366.645045,,,soc2-thermal,56.593
1780559366.645045,,,tj-thermal,58.5
1780559366.7510488,VDD_IN,6673.472,,
1780559366.7510488,VDD_CPU_GPU_CV,2089.472,,
1780559366.7510488,VDD_SOC,1695.232,,
1780559366.7510488,,,cpu-thermal,58.25
1780559366.7510488,,,gpu-thermal,58.437
1780559366.7510488,,,soc0-thermal,56.625
1780559366.7510488,,,soc1-thermal,56.093
1780559366.7510488,,,soc2-thermal,56.625
1780559366.7510488,,,tj-thermal,58.437
1780559366.8574038,VDD_IN,6633.984,,
1780559366.8574038,VDD_CPU_GPU_CV,2050.048,,
1780559366.8574038,VDD_SOC,1697.984,,
1780559366.8574038,,,cpu-thermal,58.187
1780559366.8574038,,,gpu-thermal,58.437
1780559366.8574038,,,soc0-thermal,56.75
1780559366.8574038,,,soc1-thermal,56.187
1780559366.8574038,,,soc2-thermal,56.531
1780559366.8574038,,,tj-thermal,58.437
1780559366.9638836,VDD_IN,6594.496,,
1780559366.9638836,VDD_CPU_GPU_CV,2050.048,,
1780559366.9638836,VDD_SOC,1697.984,,
1780559366.9638836,,,cpu-thermal,58.25
1780559366.9638836,,,gpu-thermal,58.812
1780559366.9638836,,,soc0-thermal,56.656
1780559366.9638836,,,soc1-thermal,56.0
1780559366.9638836,,,soc2-thermal,56.625
1780559366.9638836,,,tj-thermal,58.812
1780559367.069793,VDD_IN,6555.008,,
1780559367.069793,VDD_CPU_GPU_CV,2010.624,,
1780559367.069793,VDD_SOC,1697.984,,
1780559367.069793,,,cpu-thermal,58.468
1780559367.069793,,,gpu-thermal,58.687
1780559367.069793,,,soc0-thermal,56.656
1780559367.069793,,,soc1-thermal,56.062
1780559367.069793,,,soc2-thermal,56.75
1780559367.069793,,,tj-thermal,58.687
1780559367.1758015,VDD_IN,6555.008,,
1780559367.1758015,VDD_CPU_GPU_CV,2010.624,,
1780559367.1758015,VDD_SOC,1697.984,,
1780559367.1758015,,,cpu-thermal,58.656
1780559367.1758015,,,gpu-thermal,58.562
1780559367.1758015,,,soc0-thermal,56.75
1780559367.1758015,,,soc1-thermal,56.093
1780559367.1758015,,,soc2-thermal,56.562
1780559367.1758015,,,tj-thermal,58.656
1780559367.281769,VDD_IN,6594.496,,
1780559367.281769,VDD_CPU_GPU_CV,2050.048,,
1780559367.281769,VDD_SOC,1697.984,,
1780559367.281769,,,cpu-thermal,58.125
1780559367.281769,,,gpu-thermal,58.781
1780559367.281769,,,soc0-thermal,56.781
1780559367.281769,,,soc1-thermal,56.0
1780559367.281769,,,soc2-thermal,56.656
1780559367.281769,,,tj-thermal,58.5
1780559367.3879573,VDD_IN,6673.472,,
1780559367.3879573,VDD_CPU_GPU_CV,2089.472,,
1780559367.3879573,VDD_SOC,1695.232,,
1780559367.3879573,,,cpu-thermal,58.343
1780559367.3879573,,,gpu-thermal,58.75
1780559367.3879573,,,soc0-thermal,56.656
1780559367.3879573,,,soc1-thermal,56.093
1780559367.3879573,,,soc2-thermal,56.562
1780559367.3879573,,,tj-thermal,58.5
1780559367.4939985,VDD_IN,6712.96,,
1780559367.4939985,VDD_CPU_GPU_CV,2089.472,,
1780559367.4939985,VDD_SOC,1695.232,,
1780559367.4939985,,,cpu-thermal,58.375
1780559367.4939985,,,gpu-thermal,58.625
1780559367.4939985,,,soc0-thermal,56.687
1780559367.4939985,,,soc1-thermal,56.218
1780559367.4939985,,,soc2-thermal,56.593
1780559367.4939985,,,tj-thermal,58.437
1780559367.6000307,VDD_IN,6673.472,,
1780559367.6000307,VDD_CPU_GPU_CV,2089.472,,
1780559367.6000307,VDD_SOC,1695.232,,
1780559367.6000307,,,cpu-thermal,58.5
1780559367.6000307,,,gpu-thermal,58.531
1780559367.6000307,,,soc0-thermal,56.75
1780559367.6000307,,,soc1-thermal,56.031
1780559367.6000307,,,soc2-thermal,56.625
1780559367.6000307,,,tj-thermal,58.781
1780559367.7059906,VDD_IN,6633.984,,
1780559367.7059906,VDD_CPU_GPU_CV,2050.048,,
1780559367.7059906,VDD_SOC,1697.984,,
1780559367.7059906,,,cpu-thermal,58.343
1780559367.7059906,,,gpu-thermal,58.5
1780559367.7059906,,,soc0-thermal,56.593
1780559367.7059906,,,soc1-thermal,56.125
1780559367.7059906,,,soc2-thermal,56.593
1780559367.7059906,,,tj-thermal,58.656
1780559367.8121924,VDD_IN,6633.984,,
1780559367.8121924,VDD_CPU_GPU_CV,2050.048,,
1780559367.8121924,VDD_SOC,1697.984,,
1780559367.8121924,,,cpu-thermal,58.406
1780559367.8121924,,,gpu-thermal,58.937
1780559367.8121924,,,soc0-thermal,56.687
1780559367.8121924,,,soc1-thermal,56.125
1780559367.8121924,,,soc2-thermal,56.718
1780559367.8121924,,,tj-thermal,58.937
1780559367.918466,VDD_IN,6555.008,,
1780559367.918466,VDD_CPU_GPU_CV,2010.624,,
1780559367.918466,VDD_SOC,1697.984,,
1780559367.918466,,,cpu-thermal,58.25
1780559367.918466,,,gpu-thermal,58.718
1780559367.918466,,,soc0-thermal,56.812
1780559367.918466,,,soc1-thermal,56.031
1780559367.918466,,,soc2-thermal,56.625
1780559367.918466,,,tj-thermal,58.5
1780559368.0250137,VDD_IN,6555.008,,
1780559368.0250137,VDD_CPU_GPU_CV,2010.624,,
1780559368.0250137,VDD_SOC,1697.984,,
1780559368.0250137,,,cpu-thermal,58.25
1780559368.0250137,,,gpu-thermal,58.593
1780559368.0250137,,,soc0-thermal,56.875
1780559368.0250137,,,soc1-thermal,56.125
1780559368.0250137,,,soc2-thermal,56.625
1780559368.0250137,,,tj-thermal,58.593
1780559368.1313713,VDD_IN,6515.52,,
1780559368.1313713,VDD_CPU_GPU_CV,1971.2,,
1780559368.1313713,VDD_SOC,1658.496,,
1780559368.1313713,,,cpu-thermal,58.375
1780559368.1313713,,,gpu-thermal,58.5
1780559368.1313713,,,soc0-thermal,56.781
1780559368.1313713,,,soc1-thermal,56.187
1780559368.1313713,,,soc2-thermal,56.687
1780559368.1313713,,,tj-thermal,58.656
1780559368.2378404,VDD_IN,6476.032,,
1780559368.2378404,VDD_CPU_GPU_CV,1971.2,,
1780559368.2378404,VDD_SOC,1658.496,,
1780559368.2378404,,,cpu-thermal,58.218
1780559368.2378404,,,gpu-thermal,58.5
1780559368.2378404,,,soc0-thermal,56.781
1780559368.2378404,,,soc1-thermal,56.187
1780559368.2378404,,,soc2-thermal,56.593
1780559368.2378404,,,tj-thermal,58.5
1780559368.34399,VDD_IN,6594.496,,
1780559368.34399,VDD_CPU_GPU_CV,2010.624,,
1780559368.34399,VDD_SOC,1697.984,,
1780559368.34399,,,cpu-thermal,58.156
1780559368.34399,,,gpu-thermal,58.531
1780559368.34399,,,soc0-thermal,56.937
1780559368.34399,,,soc1-thermal,56.062
1780559368.34399,,,soc2-thermal,56.656
1780559368.34399,,,tj-thermal,58.531
1780559368.449792,VDD_IN,6673.472,,
1780559368.449792,VDD_CPU_GPU_CV,2089.472,,
1780559368.449792,VDD_SOC,1695.232,,
1780559368.449792,,,cpu-thermal,58.343
1780559368.449792,,,gpu-thermal,58.812
1780559368.449792,,,soc0-thermal,56.687
1780559368.449792,,,soc1-thermal,56.125
1780559368.449792,,,soc2-thermal,56.656
1780559368.449792,,,tj-thermal,58.812
1780559368.5560477,VDD_IN,6673.472,,
1780559368.5560477,VDD_CPU_GPU_CV,2089.472,,
1780559368.5560477,VDD_SOC,1695.232,,
1780559368.5560477,,,cpu-thermal,58.562
1780559368.5560477,,,gpu-thermal,58.718
1780559368.5560477,,,soc0-thermal,56.781
1780559368.5560477,,,soc1-thermal,56.312
1780559368.5560477,,,soc2-thermal,56.656
1780559368.5560477,,,tj-thermal,58.718
1780559368.6621306,VDD_IN,6633.984,,
1780559368.6621306,VDD_CPU_GPU_CV,2050.048,,
1780559368.6621306,VDD_SOC,1695.232,,
1780559368.6621306,,,cpu-thermal,58.218
1780559368.6621306,,,gpu-thermal,58.687
1780559368.6621306,,,soc0-thermal,56.843
1780559368.6621306,,,soc1-thermal,56.125
1780559368.6621306,,,soc2-thermal,56.656
1780559368.6621306,,,tj-thermal,58.687
1780559368.7680733,VDD_IN,6633.984,,
1780559368.7680733,VDD_CPU_GPU_CV,2050.048,,
1780559368.7680733,VDD_SOC,1697.984,,
1780559368.7680733,,,cpu-thermal,58.343
1780559368.7680733,,,gpu-thermal,58.531
1780559368.7680733,,,soc0-thermal,56.718
1780559368.7680733,,,soc1-thermal,56.25
1780559368.7680733,,,soc2-thermal,56.625
1780559368.7680733,,,tj-thermal,58.531
1780559368.8740904,VDD_IN,6594.496,,
1780559368.8740904,VDD_CPU_GPU_CV,2050.048,,
1780559368.8740904,VDD_SOC,1697.984,,
1780559368.8740904,,,cpu-thermal,58.437
1780559368.8740904,,,gpu-thermal,58.562
1780559368.8740904,,,soc0-thermal,56.812
1780559368.8740904,,,soc1-thermal,56.187
1780559368.8740904,,,soc2-thermal,56.75
1780559368.8740904,,,tj-thermal,58.562
1780559368.9800868,VDD_IN,6594.496,,
1780559368.9800868,VDD_CPU_GPU_CV,2050.048,,
1780559368.9800868,VDD_SOC,1697.984,,
1780559368.9800868,,,cpu-thermal,58.312
1780559368.9800868,,,gpu-thermal,58.625
1780559368.9800868,,,soc0-thermal,56.937
1780559368.9800868,,,soc1-thermal,56.218
1780559368.9800868,,,soc2-thermal,56.656
1780559368.9800868,,,tj-thermal,58.906
1780559369.0864294,VDD_IN,6594.496,,
1780559369.0864294,VDD_CPU_GPU_CV,2050.048,,
1780559369.0864294,VDD_SOC,1697.984,,
1780559369.0864294,,,cpu-thermal,58.343
1780559369.0864294,,,gpu-thermal,58.5
1780559369.0864294,,,soc0-thermal,56.656
1780559369.0864294,,,soc1-thermal,56.156
1780559369.0864294,,,soc2-thermal,56.75
1780559369.0864294,,,tj-thermal,58.718
1780559369.1925278,VDD_IN,6594.496,,
1780559369.1925278,VDD_CPU_GPU_CV,2050.048,,
1780559369.1925278,VDD_SOC,1697.984,,
1780559369.1925278,,,cpu-thermal,58.406
1780559369.1925278,,,gpu-thermal,58.531
1780559369.1925278,,,soc0-thermal,56.781
1780559369.1925278,,,soc1-thermal,56.25
1780559369.1925278,,,soc2-thermal,56.75
1780559369.1925278,,,tj-thermal,58.625
1780559369.2986143,VDD_IN,6633.984,,
1780559369.2986143,VDD_CPU_GPU_CV,2050.048,,
1780559369.2986143,VDD_SOC,1695.232,,
1780559369.2986143,,,cpu-thermal,58.312
1780559369.2986143,,,gpu-thermal,58.875
1780559369.2986143,,,soc0-thermal,56.906
1780559369.2986143,,,soc1-thermal,56.343
1780559369.2986143,,,soc2-thermal,56.687
1780559369.2986143,,,tj-thermal,58.562
1780559369.4045022,VDD_IN,6712.96,,
1780559369.4045022,VDD_CPU_GPU_CV,2086.08,,
1780559369.4045022,VDD_SOC,1695.232,,
1780559369.4045022,,,cpu-thermal,58.312
1780559369.4045022,,,gpu-thermal,58.812
1780559369.4045022,,,soc0-thermal,56.875
1780559369.4045022,,,soc1-thermal,56.187
1780559369.4045022,,,soc2-thermal,56.687
1780559369.4045022,,,tj-thermal,58.812
1780559369.5104926,VDD_IN,6741.504,,
1780559369.5104926,VDD_CPU_GPU_CV,2125.44,,
1780559369.5104926,VDD_SOC,1695.232,,
1780559369.5104926,,,cpu-thermal,58.375
1780559369.5104926,,,gpu-thermal,58.781
1780559369.5104926,,,soc0-thermal,56.781
1780559369.5104926,,,soc1-thermal,56.187
1780559369.5104926,,,soc2-thermal,56.781
1780559369.5104926,,,tj-thermal,58.781
1780559369.617194,VDD_IN,6673.472,,
1780559369.617194,VDD_CPU_GPU_CV,2050.048,,
1780559369.617194,VDD_SOC,1695.232,,
1780559369.617194,,,cpu-thermal,58.281
1780559369.617194,,,gpu-thermal,58.718
1780559369.617194,,,soc0-thermal,56.875
1780559369.617194,,,soc1-thermal,56.343
1780559369.617194,,,soc2-thermal,56.75
1780559369.617194,,,tj-thermal,58.718
1780559369.7232609,VDD_IN,6633.984,,
1780559369.7232609,VDD_CPU_GPU_CV,2050.048,,
1780559369.7232609,VDD_SOC,1695.232,,
1780559369.7232609,,,cpu-thermal,58.343
1780559369.7232609,,,gpu-thermal,58.531
1780559369.7232609,,,soc0-thermal,56.937
1780559369.7232609,,,soc1-thermal,56.187
1780559369.7232609,,,soc2-thermal,56.781
1780559369.7232609,,,tj-thermal,58.531
1780559369.829372,VDD_IN,6594.496,,
1780559369.829372,VDD_CPU_GPU_CV,2050.048,,
1780559369.829372,VDD_SOC,1697.984,,
1780559369.829372,,,cpu-thermal,58.562
1780559369.829372,,,gpu-thermal,58.968
1780559369.829372,,,soc0-thermal,56.75
1780559369.829372,,,soc1-thermal,56.312
1780559369.829372,,,soc2-thermal,56.781
1780559369.829372,,,tj-thermal,58.968
1780559369.9356232,VDD_IN,6594.496,,
1780559369.9356232,VDD_CPU_GPU_CV,2050.048,,
1780559369.9356232,VDD_SOC,1697.984,,
1780559369.9356232,,,cpu-thermal,58.531
1780559369.9356232,,,gpu-thermal,58.812
1780559369.9356232,,,soc0-thermal,56.906
1780559369.9356232,,,soc1-thermal,56.343
1780559369.9356232,,,soc2-thermal,56.812
1780559369.9356232,,,tj-thermal,58.812
1780559370.0421348,VDD_IN,6555.008,,
1780559370.0421348,VDD_CPU_GPU_CV,2010.624,,
1780559370.0421348,VDD_SOC,1697.984,,
1780559370.0421348,,,cpu-thermal,58.406
1780559370.0421348,,,gpu-thermal,58.718
1780559370.0421348,,,soc0-thermal,56.875
1780559370.0421348,,,soc1-thermal,56.156
1780559370.0421348,,,soc2-thermal,56.781
1780559370.0421348,,,tj-thermal,58.718
1780559370.1480267,VDD_IN,6555.008,,
1780559370.1480267,VDD_CPU_GPU_CV,2010.624,,
1780559370.1480267,VDD_SOC,1697.984,,
1780559370.1480267,,,cpu-thermal,58.468
1780559370.1480267,,,gpu-thermal,58.718
1780559370.1480267,,,soc0-thermal,56.75
1780559370.1480267,,,soc1-thermal,56.343
1780559370.1480267,,,soc2-thermal,56.843
1780559370.1480267,,,tj-thermal,58.718
1780559370.2539978,VDD_IN,6555.008,,
1780559370.2539978,VDD_CPU_GPU_CV,2010.624,,
1780559370.2539978,VDD_SOC,1697.984,,
1780559370.2539978,,,cpu-thermal,58.5
1780559370.2539978,,,gpu-thermal,58.656
1780559370.2539978,,,soc0-thermal,56.843
1780559370.2539978,,,soc1-thermal,56.312
1780559370.2539978,,,soc2-thermal,56.812
1780559370.2539978,,,tj-thermal,58.656
1780559370.360178,VDD_IN,6633.984,,
1780559370.360178,VDD_CPU_GPU_CV,2050.048,,
1780559370.360178,VDD_SOC,1695.232,,
1780559370.360178,,,cpu-thermal,58.343
1780559370.360178,,,gpu-thermal,58.562
1780559370.360178,,,soc0-thermal,56.968
1780559370.360178,,,soc1-thermal,56.156
1780559370.360178,,,soc2-thermal,56.75
1780559370.360178,,,tj-thermal,58.562
1780559370.4665325,VDD_IN,6702.08,,
1780559370.4665325,VDD_CPU_GPU_CV,2086.08,,
1780559370.4665325,VDD_SOC,1695.232,,
1780559370.4665325,,,cpu-thermal,58.343
1780559370.4665325,,,gpu-thermal,58.968
1780559370.4665325,,,soc0-thermal,57.031
1780559370.4665325,,,soc1-thermal,56.218
1780559370.4665325,,,soc2-thermal,56.687
1780559370.4665325,,,tj-thermal,58.968
1780559370.5723917,VDD_IN,6712.96,,
1780559370.5723917,VDD_CPU_GPU_CV,2086.08,,
1780559370.5723917,VDD_SOC,1695.232,,
1780559370.5723917,,,cpu-thermal,58.531
1780559370.5723917,,,gpu-thermal,58.625
1780559370.5723917,,,soc0-thermal,56.843
1780559370.5723917,,,soc1-thermal,56.343
1780559370.5723917,,,soc2-thermal,56.875
1780559370.5723917,,,tj-thermal,58.843
1780559370.678623,VDD_IN,6633.984,,
1780559370.678623,VDD_CPU_GPU_CV,2089.472,,
1780559370.678623,VDD_SOC,1695.232,,
1780559370.678623,,,cpu-thermal,58.375
1780559370.678623,,,gpu-thermal,58.625
1780559370.678623,,,soc0-thermal,56.937
1780559370.678623,,,soc1-thermal,56.375
1780559370.678623,,,soc2-thermal,56.75
1780559370.678623,,,tj-thermal,58.75
1780559370.7846146,VDD_IN,6633.984,,
1780559370.7846146,VDD_CPU_GPU_CV,2050.048,,
1780559370.7846146,VDD_SOC,1695.232,,
1780559370.7846146,,,cpu-thermal,58.343
1780559370.7846146,,,gpu-thermal,58.937
1780559370.7846146,,,soc0-thermal,57.0
1780559370.7846146,,,soc1-thermal,56.218
1780559370.7846146,,,soc2-thermal,56.781
1780559370.7846146,,,tj-thermal,58.656
1780559370.8905437,VDD_IN,6633.984,,
1780559370.8905437,VDD_CPU_GPU_CV,2050.048,,
1780559370.8905437,VDD_SOC,1695.232,,
1780559370.8905437,,,cpu-thermal,58.625
1780559370.8905437,,,gpu-thermal,58.781
1780559370.8905437,,,soc0-thermal,56.875
1780559370.8905437,,,soc1-thermal,56.343
1780559370.8905437,,,soc2-thermal,56.875
1780559370.8905437,,,tj-thermal,58.625
1780559370.9969122,VDD_IN,6594.496,,
1780559370.9969122,VDD_CPU_GPU_CV,2050.048,,
1780559370.9969122,VDD_SOC,1695.232,,
1780559370.9969122,,,cpu-thermal,58.718
1780559370.9969122,,,gpu-thermal,58.75
1780559370.9969122,,,soc0-thermal,56.906
1780559370.9969122,,,soc1-thermal,56.343
1780559370.9969122,,,soc2-thermal,56.781
1780559370.9969122,,,tj-thermal,58.75
1780559371.1031642,VDD_IN,6594.496,,
1780559371.1031642,VDD_CPU_GPU_CV,2050.048,,
1780559371.1031642,VDD_SOC,1695.232,,
1780559371.1031642,,,cpu-thermal,58.375
1780559371.1031642,,,gpu-thermal,58.687
1780559371.1031642,,,soc0-thermal,57.0
1780559371.1031642,,,soc1-thermal,56.25
1780559371.1031642,,,soc2-thermal,56.875
1780559371.1031642,,,tj-thermal,58.687
1780559371.2093863,VDD_IN,6594.496,,
1780559371.2093863,VDD_CPU_GPU_CV,2050.048,,
1780559371.2093863,VDD_SOC,1695.232,,
1780559371.2093863,,,cpu-thermal,58.593
1780559371.2093863,,,gpu-thermal,58.625
1780559371.2093863,,,soc0-thermal,56.968
1780559371.2093863,,,soc1-thermal,56.187
1780559371.2093863,,,soc2-thermal,56.843
1780559371.2093863,,,tj-thermal,58.625
1780559371.3152518,VDD_IN,6633.984,,
1780559371.3152518,VDD_CPU_GPU_CV,2046.72,,
1780559371.3152518,VDD_SOC,1695.232,,
1780559371.3152518,,,cpu-thermal,58.531
1780559371.3152518,,,gpu-thermal,59.031
1780559371.3152518,,,soc0-thermal,56.906
1780559371.3152518,,,soc1-thermal,56.312
1780559371.3152518,,,soc2-thermal,56.75
1780559371.3152518,,,tj-thermal,59.031
1780559371.4210978,VDD_IN,6702.08,,
1780559371.4210978,VDD_CPU_GPU_CV,2086.08,,
1780559371.4210978,VDD_SOC,1695.232,,
1780559371.4210978,,,cpu-thermal,58.687
1780559371.4210978,,,gpu-thermal,58.875
1780559371.4210978,,,soc0-thermal,57.0
1780559371.4210978,,,soc1-thermal,56.5
1780559371.4210978,,,soc2-thermal,56.812
1780559371.4210978,,,tj-thermal,58.875
1780559371.5269506,VDD_IN,6712.96,,
1780559371.5269506,VDD_CPU_GPU_CV,2086.08,,
1780559371.5269506,VDD_SOC,1695.232,,
1780559371.5269506,,,cpu-thermal,58.531
1780559371.5269506,,,gpu-thermal,58.843
1780559371.5269506,,,soc0-thermal,56.843
1780559371.5269506,,,soc1-thermal,56.281
1780559371.5269506,,,soc2-thermal,56.875
1780559371.5269506,,,tj-thermal,58.843
1780559371.6329827,VDD_IN,6633.984,,
1780559371.6329827,VDD_CPU_GPU_CV,2050.048,,
1780559371.6329827,VDD_SOC,1695.232,,
1780559371.6329827,,,cpu-thermal,58.562
1780559371.6329827,,,gpu-thermal,58.75
1780559371.6329827,,,soc0-thermal,56.968
1780559371.6329827,,,soc1-thermal,56.375
1780559371.6329827,,,soc2-thermal,56.843
1780559371.6329827,,,tj-thermal,58.75
1780559371.7389066,VDD_IN,6594.496,,
1780559371.7389066,VDD_CPU_GPU_CV,2010.624,,
1780559371.7389066,VDD_SOC,1697.984,,
1780559371.7389066,,,cpu-thermal,58.375
1780559371.7389066,,,gpu-thermal,58.906
1780559371.7389066,,,soc0-thermal,57.062
1780559371.7389066,,,soc1-thermal,56.406
1780559371.7389066,,,soc2-thermal,56.843
1780559371.7389066,,,tj-thermal,58.531
1780559371.8450835,VDD_IN,6555.008,,
1780559371.8450835,VDD_CPU_GPU_CV,2010.624,,
1780559371.8450835,VDD_SOC,1697.984,,
1780559371.8450835,,,cpu-thermal,58.437
1780559371.8450835,,,gpu-thermal,58.718
1780559371.8450835,,,soc0-thermal,57.125
1780559371.8450835,,,soc1-thermal,56.281
1780559371.8450835,,,soc2-thermal,56.843
1780559371.8450835,,,tj-thermal,59.093
1780559371.9508796,VDD_IN,6515.52,,
1780559371.9508796,VDD_CPU_GPU_CV,1971.2,,
1780559371.9508796,VDD_SOC,1697.984,,
1780559371.9508796,,,cpu-thermal,58.437
1780559371.9508796,,,gpu-thermal,58.718
1780559371.9508796,,,soc0-thermal,56.937
1780559371.9508796,,,soc1-thermal,56.343
1780559371.9508796,,,soc2-thermal,56.843
1780559371.9508796,,,tj-thermal,58.906
1780559372.0571566,VDD_IN,6515.52,,
1780559372.0571566,VDD_CPU_GPU_CV,1971.2,,
1780559372.0571566,VDD_SOC,1658.496,,
1780559372.0571566,,,cpu-thermal,58.437
1780559372.0571566,,,gpu-thermal,58.75
1780559372.0571566,,,soc0-thermal,57.0
1780559372.0571566,,,soc1-thermal,56.375
1780559372.0571566,,,soc2-thermal,56.812
1780559372.0571566,,,tj-thermal,58.75
1780559372.1632204,VDD_IN,6476.032,,
1780559372.1632204,VDD_CPU_GPU_CV,1971.2,,
1780559372.1632204,VDD_SOC,1658.496,,
1780559372.1632204,,,cpu-thermal,58.437
1780559372.1632204,,,gpu-thermal,59.062
1780559372.1632204,,,soc0-thermal,57.031
1780559372.1632204,,,soc1-thermal,56.25
1780559372.1632204,,,soc2-thermal,56.875
1780559372.1632204,,,tj-thermal,59.062
1780559372.2695675,VDD_IN,6476.032,,
1780559372.2695675,VDD_CPU_GPU_CV,1971.2,,
1780559372.2695675,VDD_SOC,1658.496,,
1780559372.2695675,,,cpu-thermal,58.437
1780559372.2695675,,,gpu-thermal,58.968
1780559372.2695675,,,soc0-thermal,56.968
1780559372.2695675,,,soc1-thermal,56.375
1780559372.2695675,,,soc2-thermal,56.906
1780559372.2695675,,,tj-thermal,58.968
1780559372.3757849,VDD_IN,6594.496,,
1780559372.3757849,VDD_CPU_GPU_CV,2010.624,,
1780559372.3757849,VDD_SOC,1697.984,,
1780559372.3757849,,,cpu-thermal,58.687
1780559372.3757849,,,gpu-thermal,58.906
1780559372.3757849,,,soc0-thermal,57.031
1780559372.3757849,,,soc1-thermal,56.406
1780559372.3757849,,,soc2-thermal,56.906
1780559372.3757849,,,tj-thermal,58.906
1780559372.4817765,VDD_IN,6673.472,,
1780559372.4817765,VDD_CPU_GPU_CV,2050.048,,
1780559372.4817765,VDD_SOC,1695.232,,
1780559372.4817765,,,cpu-thermal,58.718
1780559372.4817765,,,gpu-thermal,58.843
1780559372.4817765,,,soc0-thermal,57.031
1780559372.4817765,,,soc1-thermal,56.5
1780559372.4817765,,,soc2-thermal,56.843
1780559372.4817765,,,tj-thermal,58.843
1780559372.587566,VDD_IN,6633.984,,
1780559372.587566,VDD_CPU_GPU_CV,2050.048,,
1780559372.587566,VDD_SOC,1697.984,,
1780559372.587566,,,cpu-thermal,58.593
1780559372.587566,,,gpu-thermal,58.718
1780559372.587566,,,soc0-thermal,56.906
1780559372.587566,,,soc1-thermal,56.312
1780559372.587566,,,soc2-thermal,56.875
1780559372.587566,,,tj-thermal,58.718
1780559372.6943207,VDD_IN,6633.984,,
1780559372.6943207,VDD_CPU_GPU_CV,2050.048,,
1780559372.6943207,VDD_SOC,1697.984,,
1780559372.6943207,,,cpu-thermal,58.593
1780559372.6943207,,,gpu-thermal,58.718
1780559372.6943207,,,soc0-thermal,57.0
1780559372.6943207,,,soc1-thermal,56.406
1780559372.6943207,,,soc2-thermal,57.0
1780559372.6943207,,,tj-thermal,58.718
1780559372.8005567,VDD_IN,6594.496,,
1780559372.8005567,VDD_CPU_GPU_CV,2050.048,,
1780559372.8005567,VDD_SOC,1697.984,,
1780559372.8005567,,,cpu-thermal,58.687
1780559372.8005567,,,gpu-thermal,58.968
1780559372.8005567,,,soc0-thermal,57.031
1780559372.8005567,,,soc1-thermal,56.531
1780559372.8005567,,,soc2-thermal,56.937
1780559372.8005567,,,tj-thermal,58.968
1780559372.90668,VDD_IN,6594.496,,
1780559372.90668,VDD_CPU_GPU_CV,2010.624,,
1780559372.90668,VDD_SOC,1697.984,,
1780559372.90668,,,cpu-thermal,58.5
1780559372.90668,,,gpu-thermal,58.906
1780559372.90668,,,soc0-thermal,56.968
1780559372.90668,,,soc1-thermal,56.343
1780559372.90668,,,soc2-thermal,56.875
1780559372.90668,,,tj-thermal,58.906
1780559373.013016,VDD_IN,6594.496,,
1780559373.013016,VDD_CPU_GPU_CV,2010.624,,
1780559373.013016,VDD_SOC,1697.984,,
1780559373.013016,,,cpu-thermal,58.593
1780559373.013016,,,gpu-thermal,58.656
1780559373.013016,,,soc0-thermal,56.968
1780559373.013016,,,soc1-thermal,56.343
1780559373.013016,,,soc2-thermal,56.875
1780559373.013016,,,tj-thermal,58.906
1780559373.119733,VDD_IN,6555.008,,
1780559373.119733,VDD_CPU_GPU_CV,2010.624,,
1780559373.119733,VDD_SOC,1697.984,,
1780559373.119733,,,cpu-thermal,58.5
1780559373.119733,,,gpu-thermal,58.75
1780559373.119733,,,soc0-thermal,57.031
1780559373.119733,,,soc1-thermal,56.468
1780559373.119733,,,soc2-thermal,56.875
1780559373.119733,,,tj-thermal,58.75
1780559373.2263234,VDD_IN,6594.496,,
1780559373.2263234,VDD_CPU_GPU_CV,2050.048,,
1780559373.2263234,VDD_SOC,1697.984,,
1780559373.2263234,,,cpu-thermal,58.468
1780559373.2263234,,,gpu-thermal,58.718
1780559373.2263234,,,soc0-thermal,57.093
1780559373.2263234,,,soc1-thermal,56.312
1780559373.2263234,,,soc2-thermal,57.031
1780559373.2263234,,,tj-thermal,58.718
1780559373.3323536,VDD_IN,6633.984,,
1780559373.3323536,VDD_CPU_GPU_CV,2050.048,,
1780559373.3323536,VDD_SOC,1695.232,,
1780559373.3323536,,,cpu-thermal,58.687
1780559373.3323536,,,gpu-thermal,59.125
1780559373.3323536,,,soc0-thermal,57.0
1780559373.3323536,,,soc1-thermal,56.375
1780559373.3323536,,,soc2-thermal,56.906
1780559373.3323536,,,tj-thermal,59.125
1780559373.4381812,VDD_IN,6702.08,,
1780559373.4381812,VDD_CPU_GPU_CV,2086.08,,
1780559373.4381812,VDD_SOC,1695.232,,
1780559373.4381812,,,cpu-thermal,58.75
1780559373.4381812,,,gpu-thermal,58.812
1780559373.4381812,,,soc0-thermal,57.093
1780559373.4381812,,,soc1-thermal,56.5
1780559373.4381812,,,soc2-thermal,57.0
1780559373.4381812,,,tj-thermal,59.0
1780559373.5439641,VDD_IN,6702.08,,
1780559373.5439641,VDD_CPU_GPU_CV,2086.08,,
1780559373.5439641,VDD_SOC,1695.232,,
1780559373.5439641,,,cpu-thermal,58.468
1780559373.5439641,,,gpu-thermal,58.812
1780559373.5439641,,,soc0-thermal,57.093
1780559373.5439641,,,soc1-thermal,56.531
1780559373.5439641,,,soc2-thermal,56.812
1780559373.5439641,,,tj-thermal,58.906
1780559373.6502016,VDD_IN,6673.472,,
1780559373.6502016,VDD_CPU_GPU_CV,2086.08,,
1780559373.6502016,VDD_SOC,1695.232,,
1780559373.6502016,,,cpu-thermal,58.625
1780559373.6502016,,,gpu-thermal,59.062
1780559373.6502016,,,soc0-thermal,57.0
1780559373.6502016,,,soc1-thermal,56.437
1780559373.6502016,,,soc2-thermal,57.0
1780559373.6502016,,,tj-thermal,58.843
1780559373.7571452,VDD_IN,6633.984,,
1780559373.7571452,VDD_CPU_GPU_CV,2086.08,,
1780559373.7571452,VDD_SOC,1695.232,,
1780559373.7571452,,,cpu-thermal,58.656
1780559373.7571452,,,gpu-thermal,59.0
1780559373.7571452,,,soc0-thermal,57.125
1780559373.7571452,,,soc1-thermal,56.5
1780559373.7571452,,,soc2-thermal,57.062
1780559373.7571452,,,tj-thermal,58.75
1780559373.8639748,VDD_IN,6633.984,,
1780559373.8639748,VDD_CPU_GPU_CV,2050.048,,
1780559373.8639748,VDD_SOC,1695.232,,
1780559373.8639748,,,cpu-thermal,58.593
1780559373.8639748,,,gpu-thermal,59.187
1780559373.8639748,,,soc0-thermal,57.156
1780559373.8639748,,,soc1-thermal,56.593
1780559373.8639748,,,soc2-thermal,56.968
1780559373.8639748,,,tj-thermal,59.187
1780559373.9701798,VDD_IN,6633.984,,
1780559373.9701798,VDD_CPU_GPU_CV,2046.72,,
1780559373.9701798,VDD_SOC,1695.232,,
1780559373.9701798,,,cpu-thermal,58.593
1780559373.9701798,,,gpu-thermal,59.093
1780559373.9701798,,,soc0-thermal,57.0
1780559373.9701798,,,soc1-thermal,56.375
1780559373.9701798,,,soc2-thermal,57.031
1780559373.9701798,,,tj-thermal,59.093
1780559374.0761907,VDD_IN,6594.496,,
1780559374.0761907,VDD_CPU_GPU_CV,2050.048,,
1780559374.0761907,VDD_SOC,1695.232,,
1780559374.0761907,,,cpu-thermal,58.656
1780559374.0761907,,,gpu-thermal,58.812
1780559374.0761907,,,soc0-thermal,57.0
1780559374.0761907,,,soc1-thermal,56.406
1780559374.0761907,,,soc2-thermal,57.031
1780559374.0761907,,,tj-thermal,58.937
1780559374.1820383,VDD_IN,6594.496,,
1780559374.1820383,VDD_CPU_GPU_CV,2050.048,,
1780559374.1820383,VDD_SOC,1695.232,,
1780559374.1820383,,,cpu-thermal,58.531
1780559374.1820383,,,gpu-thermal,59.187
1780559374.1820383,,,soc0-thermal,57.156
1780559374.1820383,,,soc1-thermal,56.562
1780559374.1820383,,,soc2-thermal,56.906
1780559374.1820383,,,tj-thermal,58.875
1780559374.2882795,VDD_IN,6633.984,,
1780559374.2882795,VDD_CPU_GPU_CV,2050.048,,
1780559374.2882795,VDD_SOC,1695.232,,
1780559374.2882795,,,cpu-thermal,58.562
1780559374.2882795,,,gpu-thermal,59.0
1780559374.2882795,,,soc0-thermal,57.0
1780559374.2882795,,,soc1-thermal,56.468
1780559374.2882795,,,soc2-thermal,56.968
1780559374.2882795,,,tj-thermal,58.843
1780559374.3942807,VDD_IN,6702.08,,
1780559374.3942807,VDD_CPU_GPU_CV,2086.08,,
1780559374.3942807,VDD_SOC,1695.232,,
1780559374.3942807,,,cpu-thermal,58.625
1780559374.3942807,,,gpu-thermal,58.968
1780559374.3942807,,,soc0-thermal,57.093
1780559374.3942807,,,soc1-thermal,56.468
1780559374.3942807,,,soc2-thermal,57.031
1780559374.3942807,,,tj-thermal,58.968
1780559374.5005636,VDD_IN,6741.504,,
1780559374.5005636,VDD_CPU_GPU_CV,2125.44,,
1780559374.5005636,VDD_SOC,1695.232,,
1780559374.5005636,,,cpu-thermal,58.406
1780559374.5005636,,,gpu-thermal,58.937
1780559374.5005636,,,soc0-thermal,57.093
1780559374.5005636,,,soc1-thermal,56.5
1780559374.5005636,,,soc2-thermal,56.937
1780559374.5005636,,,tj-thermal,58.937
1780559374.6066093,VDD_IN,6702.08,,
1780559374.6066093,VDD_CPU_GPU_CV,2086.08,,
1780559374.6066093,VDD_SOC,1695.232,,
1780559374.6066093,,,cpu-thermal,58.593
1780559374.6066093,,,gpu-thermal,58.843
1780559374.6066093,,,soc0-thermal,57.125
1780559374.6066093,,,soc1-thermal,56.375
1780559374.6066093,,,soc2-thermal,57.031
1780559374.6066093,,,tj-thermal,58.843
1780559374.7128537,VDD_IN,6673.472,,
1780559374.7128537,VDD_CPU_GPU_CV,2086.08,,
1780559374.7128537,VDD_SOC,1695.232,,
1780559374.7128537,,,cpu-thermal,58.75
1780559374.7128537,,,gpu-thermal,58.812
1780559374.7128537,,,soc0-thermal,57.062
1780559374.7128537,,,soc1-thermal,56.468
1780559374.7128537,,,soc2-thermal,57.031
1780559374.7128537,,,tj-thermal,58.812
1780559374.8188992,VDD_IN,6633.984,,
1780559374.8188992,VDD_CPU_GPU_CV,2046.72,,
1780559374.8188992,VDD_SOC,1695.232,,
1780559374.8188992,,,cpu-thermal,58.875
1780559374.8188992,,,gpu-thermal,59.125
1780559374.8188992,,,soc0-thermal,57.062
1780559374.8188992,,,soc1-thermal,56.625
1780559374.8188992,,,soc2-thermal,57.031
1780559374.8188992,,,tj-thermal,59.125
1780559374.9251487,VDD_IN,6633.984,,
1780559374.9251487,VDD_CPU_GPU_CV,2046.72,,
1780559374.9251487,VDD_SOC,1695.232,,
1780559374.9251487,,,cpu-thermal,59.093
1780559374.9251487,,,gpu-thermal,58.968
1780559374.9251487,,,soc0-thermal,57.25
1780559374.9251487,,,soc1-thermal,56.468
1780559374.9251487,,,soc2-thermal,56.937
1780559374.9251487,,,tj-thermal,58.968
1780559375.0311985,VDD_IN,6673.472,,
1780559375.0311985,VDD_CPU_GPU_CV,2086.08,,
1780559375.0311985,VDD_SOC,1695.232,,
1780559375.0311985,,,cpu-thermal,58.718
1780559375.0311985,,,gpu-thermal,58.968
1780559375.0311985,,,soc0-thermal,57.093
1780559375.0311985,,,soc1-thermal,56.5
1780559375.0311985,,,soc2-thermal,57.031
1780559375.0311985,,,tj-thermal,58.968
1780559375.1370065,VDD_IN,6662.656,,
1780559375.1370065,VDD_CPU_GPU_CV,2086.08,,
1780559375.1370065,VDD_SOC,1695.232,,
1780559375.1370065,,,cpu-thermal,58.812
1780559375.1370065,,,gpu-thermal,58.906
1780559375.1370065,,,soc0-thermal,57.062
1780559375.1370065,,,soc1-thermal,56.562
1780559375.1370065,,,soc2-thermal,57.031
1780559375.1370065,,,tj-thermal,58.906
1780559375.2430098,VDD_IN,6662.656,,
1780559375.2430098,VDD_CPU_GPU_CV,2086.08,,
1780559375.2430098,VDD_SOC,1695.232,,
1780559375.2430098,,,cpu-thermal,58.687
1780559375.2430098,,,gpu-thermal,59.031
1780559375.2430098,,,soc0-thermal,57.125
1780559375.2430098,,,soc1-thermal,56.531
1780559375.2430098,,,soc2-thermal,57.031
1780559375.2430098,,,tj-thermal,58.906
1780559375.3488698,VDD_IN,6741.504,,
1780559375.3488698,VDD_CPU_GPU_CV,2125.44,,
1780559375.3488698,VDD_SOC,1695.232,,
1780559375.3488698,,,cpu-thermal,58.687
1780559375.3488698,,,gpu-thermal,58.968
1780559375.3488698,,,soc0-thermal,57.125
1780559375.3488698,,,soc1-thermal,56.406
1780559375.3488698,,,soc2-thermal,57.031
1780559375.3488698,,,tj-thermal,59.25
1780559375.4549494,VDD_IN,6780.928,,
1780559375.4549494,VDD_CPU_GPU_CV,2125.44,,
1780559375.4549494,VDD_SOC,1695.232,,
1780559375.4549494,,,cpu-thermal,58.687
1780559375.4549494,,,gpu-thermal,58.937
1780559375.4549494,,,soc0-thermal,57.125
1780559375.4549494,,,soc1-thermal,56.406
1780559375.4549494,,,soc2-thermal,57.031
1780559375.4549494,,,tj-thermal,58.937
1780559375.5608194,VDD_IN,6780.928,,
1780559375.5608194,VDD_CPU_GPU_CV,2125.44,,
1780559375.5608194,VDD_SOC,1695.232,,
1780559375.5608194,,,cpu-thermal,58.781
1780559375.5608194,,,gpu-thermal,58.812
1780559375.5608194,,,soc0-thermal,57.187
1780559375.5608194,,,soc1-thermal,56.593
1780559375.5608194,,,soc2-thermal,57.031
1780559375.5608194,,,tj-thermal,58.812
1780559375.666612,VDD_IN,6741.504,,
1780559375.666612,VDD_CPU_GPU_CV,2125.44,,
1780559375.666612,VDD_SOC,1695.232,,
1780559375.666612,,,cpu-thermal,58.625
1780559375.666612,,,gpu-thermal,59.218
1780559375.666612,,,soc0-thermal,57.25
1780559375.666612,,,soc1-thermal,56.468
1780559375.666612,,,soc2-thermal,56.968
1780559375.666612,,,tj-thermal,59.218
1780559375.7724328,VDD_IN,6702.08,,
1780559375.7724328,VDD_CPU_GPU_CV,2125.44,,
1780559375.7724328,VDD_SOC,1695.232,,
1780559375.7724328,,,cpu-thermal,58.625
1780559375.7724328,,,gpu-thermal,59.031
1780559375.7724328,,,soc0-thermal,57.062
1780559375.7724328,,,soc1-thermal,56.531
1780559375.7724328,,,soc2-thermal,57.031
1780559375.7724328,,,tj-thermal,59.031
1780559375.878505,VDD_IN,6702.08,,
1780559375.878505,VDD_CPU_GPU_CV,2125.44,,
1780559375.878505,VDD_SOC,1695.232,,
1780559375.878505,,,cpu-thermal,59.062
1780559375.878505,,,gpu-thermal,58.968
1780559375.878505,,,soc0-thermal,57.125
1780559375.878505,,,soc1-thermal,56.593
1780559375.878505,,,soc2-thermal,57.093
1780559375.878505,,,tj-thermal,59.062
1780559375.9846065,VDD_IN,6702.08,,
1780559375.9846065,VDD_CPU_GPU_CV,2125.44,,
1780559375.9846065,VDD_SOC,1695.232,,
1780559375.9846065,,,cpu-thermal,58.718
1780559375.9846065,,,gpu-thermal,58.906
1780559375.9846065,,,soc0-thermal,57.218
1780559375.9846065,,,soc1-thermal,56.531
1780559375.9846065,,,soc2-thermal,57.062
1780559375.9846065,,,tj-thermal,58.906
1780559376.0905604,VDD_IN,6702.08,,
1780559376.0905604,VDD_CPU_GPU_CV,2125.44,,
1780559376.0905604,VDD_SOC,1695.232,,
1780559376.0905604,,,cpu-thermal,58.843
1780559376.0905604,,,gpu-thermal,58.875
1780559376.0905604,,,soc0-thermal,57.062
1780559376.0905604,,,soc1-thermal,56.5
1780559376.0905604,,,soc2-thermal,57.062
1780559376.0905604,,,tj-thermal,58.875
1780559376.1971722,VDD_IN,6662.656,,
1780559376.1971722,VDD_CPU_GPU_CV,2086.08,,
1780559376.1971722,VDD_SOC,1695.232,,
1780559376.1971722,,,cpu-thermal,58.875
1780559376.1971722,,,gpu-thermal,59.25
1780559376.1971722,,,soc0-thermal,57.093
1780559376.1971722,,,soc1-thermal,56.562
1780559376.1971722,,,soc2-thermal,57.218
1780559376.1971722,,,tj-thermal,59.25
1780559376.303451,VDD_IN,6702.08,,
1780559376.303451,VDD_CPU_GPU_CV,2086.08,,
1780559376.303451,VDD_SOC,1695.232,,
1780559376.303451,,,cpu-thermal,58.906
1780559376.303451,,,gpu-thermal,59.093
1780559376.303451,,,soc0-thermal,57.281
1780559376.303451,,,soc1-thermal,56.656
1780559376.303451,,,soc2-thermal,57.031
1780559376.303451,,,tj-thermal,59.093
1780559376.409772,VDD_IN,6741.504,,
1780559376.409772,VDD_CPU_GPU_CV,2125.44,,
1780559376.409772,VDD_SOC,1695.232,,
1780559376.409772,,,cpu-thermal,58.687
1780559376.409772,,,gpu-thermal,58.968
1780559376.409772,,,soc0-thermal,57.343
1780559376.409772,,,soc1-thermal,56.5
1780559376.409772,,,soc2-thermal,57.093
1780559376.409772,,,tj-thermal,59.031
1780559376.5156767,VDD_IN,6780.928,,
1780559376.5156767,VDD_CPU_GPU_CV,2125.44,,
1780559376.5156767,VDD_SOC,1695.232,,
1780559376.5156767,,,cpu-thermal,58.75
1780559376.5156767,,,gpu-thermal,59.281
1780559376.5156767,,,soc0-thermal,57.187
1780559376.5156767,,,soc1-thermal,56.531
1780559376.5156767,,,soc2-thermal,57.125
1780559376.5156767,,,tj-thermal,58.968
1780559376.621805,VDD_IN,6712.96,,
1780559376.621805,VDD_CPU_GPU_CV,2086.08,,
1780559376.621805,VDD_SOC,1695.232,,
1780559376.621805,,,cpu-thermal,58.781
1780559376.621805,,,gpu-thermal,59.093
1780559376.621805,,,soc0-thermal,57.218
1780559376.621805,,,soc1-thermal,56.656
1780559376.621805,,,soc2-thermal,57.093
1780559376.621805,,,tj-thermal,58.968
1780559376.7276142,VDD_IN,6712.96,,
1780559376.7276142,VDD_CPU_GPU_CV,2086.08,,
1780559376.7276142,VDD_SOC,1695.232,,
1780559376.7276142,,,cpu-thermal,58.75
1780559376.7276142,,,gpu-thermal,59.062
1780559376.7276142,,,soc0-thermal,57.312
1780559376.7276142,,,soc1-thermal,56.5
1780559376.7276142,,,soc2-thermal,57.093
1780559376.7276142,,,tj-thermal,58.843
1780559376.8340755,VDD_IN,6673.472,,
1780559376.8340755,VDD_CPU_GPU_CV,2089.472,,
1780559376.8340755,VDD_SOC,1695.232,,
1780559376.8340755,,,cpu-thermal,58.75
1780559376.8340755,,,gpu-thermal,58.968
1780559376.8340755,,,soc0-thermal,57.218
1780559376.8340755,,,soc1-thermal,56.531
1780559376.8340755,,,soc2-thermal,57.125
1780559376.8340755,,,tj-thermal,58.968
1780559376.940106,VDD_IN,6633.984,,
1780559376.940106,VDD_CPU_GPU_CV,2089.472,,
1780559376.940106,VDD_SOC,1695.232,,
1780559376.940106,,,cpu-thermal,58.656
1780559376.940106,,,gpu-thermal,58.875
1780559376.940106,,,soc0-thermal,57.218
1780559376.940106,,,soc1-thermal,56.593
1780559376.940106,,,soc2-thermal,57.187
1780559376.940106,,,tj-thermal,58.875
1780559377.0463793,VDD_IN,6633.984,,
1780559377.0463793,VDD_CPU_GPU_CV,2050.048,,
1780559377.0463793,VDD_SOC,1697.984,,
1780559377.0463793,,,cpu-thermal,58.718
1780559377.0463793,,,gpu-thermal,59.312
1780559377.0463793,,,soc0-thermal,57.281
1780559377.0463793,,,soc1-thermal,56.531
1780559377.0463793,,,soc2-thermal,57.125
1780559377.0463793,,,tj-thermal,59.312
1780559377.152791,VDD_IN,6633.984,,
1780559377.152791,VDD_CPU_GPU_CV,2050.048,,
1780559377.152791,VDD_SOC,1697.984,,
1780559377.152791,,,cpu-thermal,58.75
1780559377.152791,,,gpu-thermal,59.187
1780559377.152791,,,soc0-thermal,57.218
1780559377.152791,,,soc1-thermal,56.562
1780559377.152791,,,soc2-thermal,57.125
1780559377.152791,,,tj-thermal,59.187
1780559377.25918,VDD_IN,6594.496,,
1780559377.25918,VDD_CPU_GPU_CV,2050.048,,
1780559377.25918,VDD_SOC,1697.984,,
1780559377.25918,,,cpu-thermal,59.062
1780559377.25918,,,gpu-thermal,59.093
1780559377.25918,,,soc0-thermal,57.187
1780559377.25918,,,soc1-thermal,56.656
1780559377.25918,,,soc2-thermal,57.156
1780559377.25918,,,tj-thermal,59.093
1780559377.3653405,VDD_IN,6712.96,,
1780559377.3653405,VDD_CPU_GPU_CV,2086.08,,
1780559377.3653405,VDD_SOC,1695.232,,
1780559377.3653405,,,cpu-thermal,59.156
1780559377.3653405,,,gpu-thermal,59.093
1780559377.3653405,,,soc0-thermal,57.25
1780559377.3653405,,,soc1-thermal,56.781
1780559377.3653405,,,soc2-thermal,57.093
1780559377.3653405,,,tj-thermal,59.156
1780559377.4711723,VDD_IN,6741.504,,
1780559377.4711723,VDD_CPU_GPU_CV,2125.44,,
1780559377.4711723,VDD_SOC,1734.656,,
1780559377.4711723,,,cpu-thermal,58.75
1780559377.4711723,,,gpu-thermal,58.968
1780559377.4711723,,,soc0-thermal,57.187
1780559377.4711723,,,soc1-thermal,56.5
1780559377.4711723,,,soc2-thermal,57.156
1780559377.4711723,,,tj-thermal,58.968
1780559377.5769837,VDD_IN,6712.96,,
1780559377.5769837,VDD_CPU_GPU_CV,2086.08,,
1780559377.5769837,VDD_SOC,1695.232,,
1780559377.5769837,,,cpu-thermal,58.812
1780559377.5769837,,,gpu-thermal,58.937
1780559377.5769837,,,soc0-thermal,57.187
1780559377.5769837,,,soc1-thermal,56.656
1780559377.5769837,,,soc2-thermal,57.187
1780559377.5769837,,,tj-thermal,58.937
1780559377.6839516,VDD_IN,6673.472,,
1780559377.6839516,VDD_CPU_GPU_CV,2089.472,,
1780559377.6839516,VDD_SOC,1695.232,,
1780559377.6839516,,,cpu-thermal,58.875
1780559377.6839516,,,gpu-thermal,59.312
1780559377.6839516,,,soc0-thermal,57.218
1780559377.6839516,,,soc1-thermal,56.781
1780559377.6839516,,,soc2-thermal,57.218
1780559377.6839516,,,tj-thermal,59.312
1780559377.7901971,VDD_IN,6633.984,,
1780559377.7901971,VDD_CPU_GPU_CV,2050.048,,
1780559377.7901971,VDD_SOC,1697.984,,
1780559377.7901971,,,cpu-thermal,58.75
1780559377.7901971,,,gpu-thermal,59.125
1780559377.7901971,,,soc0-thermal,57.218
1780559377.7901971,,,soc1-thermal,56.531
1780559377.7901971,,,soc2-thermal,57.218
1780559377.7901971,,,tj-thermal,59.125
1780559377.8963768,VDD_IN,6594.496,,
1780559377.8963768,VDD_CPU_GPU_CV,2050.048,,
1780559377.8963768,VDD_SOC,1697.984,,
1780559377.8963768,,,cpu-thermal,58.843
1780559377.8963768,,,gpu-thermal,59.031
1780559377.8963768,,,soc0-thermal,57.156
1780559377.8963768,,,soc1-thermal,56.656
1780559377.8963768,,,soc2-thermal,57.156
1780559377.8963768,,,tj-thermal,59.031
1780559378.0022361,VDD_IN,6594.496,,
1780559378.0022361,VDD_CPU_GPU_CV,2050.048,,
1780559378.0022361,VDD_SOC,1697.984,,
1780559378.0022361,,,cpu-thermal,58.781
1780559378.0022361,,,gpu-thermal,59.0
1780559378.0022361,,,soc0-thermal,57.218
1780559378.0022361,,,soc1-thermal,56.687
1780559378.0022361,,,soc2-thermal,57.156
1780559378.0022361,,,tj-thermal,59.0
1780559378.1086643,VDD_IN,6594.496,,
1780559378.1086643,VDD_CPU_GPU_CV,2010.624,,
1780559378.1086643,VDD_SOC,1697.984,,
1780559378.1086643,,,cpu-thermal,58.843
1780559378.1086643,,,gpu-thermal,59.0
1780559378.1086643,,,soc0-thermal,57.343
1780559378.1086643,,,soc1-thermal,56.531
1780559378.1086643,,,soc2-thermal,57.187
1780559378.1086643,,,tj-thermal,59.0
1780559378.2146401,VDD_IN,6555.008,,
1780559378.2146401,VDD_CPU_GPU_CV,2010.624,,
1780559378.2146401,VDD_SOC,1697.984,,
1780559378.2146401,,,cpu-thermal,58.75
1780559378.2146401,,,gpu-thermal,59.093
1780559378.2146401,,,soc0-thermal,57.156
1780559378.2146401,,,soc1-thermal,56.656
1780559378.2146401,,,soc2-thermal,57.218
1780559378.2146401,,,tj-thermal,59.312
1780559378.3208501,VDD_IN,6633.984,,
1780559378.3208501,VDD_CPU_GPU_CV,2050.048,,
1780559378.3208501,VDD_SOC,1697.984,,
1780559378.3208501,,,cpu-thermal,59.156
1780559378.3208501,,,gpu-thermal,59.062
1780559378.3208501,,,soc0-thermal,57.25
1780559378.3208501,,,soc1-thermal,56.687
1780559378.3208501,,,soc2-thermal,57.25
1780559378.3208501,,,tj-thermal,59.218
1780559378.4268312,VDD_IN,6712.96,,
1780559378.4268312,VDD_CPU_GPU_CV,2089.472,,
1780559378.4268312,VDD_SOC,1695.232,,
1780559378.4268312,,,cpu-thermal,58.687
1780559378.4268312,,,gpu-thermal,59.0
1780559378.4268312,,,soc0-thermal,57.375
1780559378.4268312,,,soc1-thermal,56.656
1780559378.4268312,,,soc2-thermal,57.093
1780559378.4268312,,,tj-thermal,59.125
1780559378.5329177,VDD_IN,6702.08,,
1780559378.5329177,VDD_CPU_GPU_CV,2086.08,,
1780559378.5329177,VDD_SOC,1695.232,,
1780559378.5329177,,,cpu-thermal,58.875
1780559378.5329177,,,gpu-thermal,59.343
1780559378.5329177,,,soc0-thermal,57.25
1780559378.5329177,,,soc1-thermal,56.625
1780559378.5329177,,,soc2-thermal,57.218
1780559378.5329177,,,tj-thermal,59.062
1780559378.6391788,VDD_IN,6673.472,,
1780559378.6391788,VDD_CPU_GPU_CV,2089.472,,
1780559378.6391788,VDD_SOC,1695.232,,
1780559378.6391788,,,cpu-thermal,58.968
1780559378.6391788,,,gpu-thermal,59.187
1780559378.6391788,,,soc0-thermal,57.25
1780559378.6391788,,,soc1-thermal,56.656
1780559378.6391788,,,soc2-thermal,57.187
1780559378.6391788,,,tj-thermal,58.968
1780559378.7456636,VDD_IN,6633.984,,
1780559378.7456636,VDD_CPU_GPU_CV,2089.472,,
1780559378.7456636,VDD_SOC,1695.232,,
1780559378.7456636,,,cpu-thermal,59.125
1780559378.7456636,,,gpu-thermal,59.093
1780559378.7456636,,,soc0-thermal,57.343
1780559378.7456636,,,soc1-thermal,56.562
1780559378.7456636,,,soc2-thermal,57.187
1780559378.7456636,,,tj-thermal,59.093
1780559378.8517017,VDD_IN,6633.984,,
1780559378.8517017,VDD_CPU_GPU_CV,2050.048,,
1780559378.8517017,VDD_SOC,1697.984,,
1780559378.8517017,,,cpu-thermal,58.875
1780559378.8517017,,,gpu-thermal,59.093
1780559378.8517017,,,soc0-thermal,57.25
1780559378.8517017,,,soc1-thermal,56.625
1780559378.8517017,,,soc2-thermal,57.312
1780559378.8517017,,,tj-thermal,59.281
1780559378.9584563,VDD_IN,6594.496,,
1780559378.9584563,VDD_CPU_GPU_CV,2050.048,,
1780559378.9584563,VDD_SOC,1697.984,,
1780559378.9584563,,,cpu-thermal,58.937
1780559378.9584563,,,gpu-thermal,59.031
1780559378.9584563,,,soc0-thermal,57.343
1780559378.9584563,,,soc1-thermal,56.687
1780559378.9584563,,,soc2-thermal,57.25
1780559378.9584563,,,tj-thermal,59.031
1780559379.064758,VDD_IN,6555.008,,
1780559379.064758,VDD_CPU_GPU_CV,2010.624,,
1780559379.064758,VDD_SOC,1697.984,,
1780559379.064758,,,cpu-thermal,58.781
1780559379.064758,,,gpu-thermal,59.5
1780559379.064758,,,soc0-thermal,57.312
1780559379.064758,,,soc1-thermal,56.75
1780559379.064758,,,soc2-thermal,57.25
1780559379.064758,,,tj-thermal,59.5
1780559379.170599,VDD_IN,6555.008,,
1780559379.170599,VDD_CPU_GPU_CV,2010.624,,
1780559379.170599,VDD_SOC,1697.984,,
1780559379.170599,,,cpu-thermal,58.875
1780559379.170599,,,gpu-thermal,59.281
1780559379.170599,,,soc0-thermal,57.406
1780559379.170599,,,soc1-thermal,56.656
1780559379.170599,,,soc2-thermal,57.281
1780559379.170599,,,tj-thermal,59.281
1780559379.2769592,VDD_IN,6555.008,,
1780559379.2769592,VDD_CPU_GPU_CV,2010.624,,
1780559379.2769592,VDD_SOC,1697.984,,
1780559379.2769592,,,cpu-thermal,58.812
1780559379.2769592,,,gpu-thermal,59.218
1780559379.2769592,,,soc0-thermal,57.281
1780559379.2769592,,,soc1-thermal,56.656
1780559379.2769592,,,soc2-thermal,57.218
1780559379.2769592,,,tj-thermal,59.218
1780559379.383044,VDD_IN,6673.472,,
1780559379.383044,VDD_CPU_GPU_CV,2089.472,,
1780559379.383044,VDD_SOC,1695.232,,
1780559379.383044,,,cpu-thermal,58.75
1780559379.383044,,,gpu-thermal,59.093
1780559379.383044,,,soc0-thermal,57.375
1780559379.383044,,,soc1-thermal,56.781
1780559379.383044,,,soc2-thermal,57.218
1780559379.383044,,,tj-thermal,59.093
1780559379.4895136,VDD_IN,6712.96,,
1780559379.4895136,VDD_CPU_GPU_CV,2086.08,,
1780559379.4895136,VDD_SOC,1695.232,,
1780559379.4895136,,,cpu-thermal,58.812
1780559379.4895136,,,gpu-thermal,59.062
1780559379.4895136,,,soc0-thermal,57.437
1780559379.4895136,,,soc1-thermal,56.625
1780559379.4895136,,,soc2-thermal,57.25
1780559379.4895136,,,tj-thermal,59.062
1780559379.595302,VDD_IN,6673.472,,
1780559379.595302,VDD_CPU_GPU_CV,2086.08,,
1780559379.595302,VDD_SOC,1695.232,,
1780559379.595302,,,cpu-thermal,58.968
1780559379.595302,,,gpu-thermal,58.968
1780559379.595302,,,soc0-thermal,57.281
1780559379.595302,,,soc1-thermal,56.75
1780559379.595302,,,soc2-thermal,57.281
1780559379.595302,,,tj-thermal,58.968
1780559379.7011802,VDD_IN,6633.984,,
1780559379.7011802,VDD_CPU_GPU_CV,2050.048,,
1780559379.7011802,VDD_SOC,1695.232,,
1780559379.7011802,,,cpu-thermal,59.156
1780559379.7011802,,,gpu-thermal,59.406
1780559379.7011802,,,soc0-thermal,57.406
1780559379.7011802,,,soc1-thermal,56.656
1780559379.7011802,,,soc2-thermal,57.25
1780559379.7011802,,,tj-thermal,59.406
1780559379.807375,VDD_IN,6633.984,,
1780559379.807375,VDD_CPU_GPU_CV,2050.048,,
1780559379.807375,VDD_SOC,1695.232,,
1780559379.807375,,,cpu-thermal,58.812
1780559379.807375,,,gpu-thermal,59.062
1780559379.807375,,,soc0-thermal,57.437
1780559379.807375,,,soc1-thermal,56.875
1780559379.807375,,,soc2-thermal,57.312
1780559379.807375,,,tj-thermal,59.25
1780559379.9132621,VDD_IN,6594.496,,
1780559379.9132621,VDD_CPU_GPU_CV,2050.048,,
1780559379.9132621,VDD_SOC,1695.232,,
1780559379.9132621,,,cpu-thermal,59.0
1780559379.9132621,,,gpu-thermal,58.968
1780559379.9132621,,,soc0-thermal,57.218
1780559379.9132621,,,soc1-thermal,56.687
1780559379.9132621,,,soc2-thermal,57.281
1780559379.9132621,,,tj-thermal,59.125
1780559380.020023,VDD_IN,6594.496,,
1780559380.020023,VDD_CPU_GPU_CV,2050.048,,
1780559380.020023,VDD_SOC,1695.232,,
1780559380.020023,,,cpu-thermal,59.031
1780559380.020023,,,gpu-thermal,59.281
1780559380.020023,,,soc0-thermal,57.343
1780559380.020023,,,soc1-thermal,56.781
1780559380.020023,,,soc2-thermal,57.281
1780559380.020023,,,tj-thermal,59.125
1780559380.1259515,VDD_IN,6555.008,,
1780559380.1259515,VDD_CPU_GPU_CV,2050.048,,
1780559380.1259515,VDD_SOC,1695.232,,
1780559380.1259515,,,cpu-thermal,59.031
1780559380.1259515,,,gpu-thermal,59.187
1780559380.1259515,,,soc0-thermal,57.437
1780559380.1259515,,,soc1-thermal,56.843
1780559380.1259515,,,soc2-thermal,57.281
1780559380.1259515,,,tj-thermal,59.0
1780559380.231966,VDD_IN,6555.008,,
1780559380.231966,VDD_CPU_GPU_CV,2010.624,,
1780559380.231966,VDD_SOC,1695.232,,
1780559380.231966,,,cpu-thermal,58.906
1780559380.231966,,,gpu-thermal,59.187
1780559380.231966,,,soc0-thermal,57.312
1780559380.231966,,,soc1-thermal,56.718
1780559380.231966,,,soc2-thermal,57.343
1780559380.231966,,,tj-thermal,59.437
1780559380.3384073,VDD_IN,6633.984,,
1780559380.3384073,VDD_CPU_GPU_CV,2046.72,,
1780559380.3384073,VDD_SOC,1695.232,,
1780559380.3384073,,,cpu-thermal,58.843
1780559380.3384073,,,gpu-thermal,59.156
1780559380.3384073,,,soc0-thermal,57.406
1780559380.3384073,,,soc1-thermal,56.718
1780559380.3384073,,,soc2-thermal,57.281
1780559380.3384073,,,tj-thermal,59.156
1780559380.444325,VDD_IN,6702.08,,
1780559380.444325,VDD_CPU_GPU_CV,2086.08,,
1780559380.444325,VDD_SOC,1695.232,,
1780559380.444325,,,cpu-thermal,58.875
1780559380.444325,,,gpu-thermal,59.062
1780559380.444325,,,soc0-thermal,57.406
1780559380.444325,,,soc1-thermal,56.812
1780559380.444325,,,soc2-thermal,57.312
1780559380.444325,,,tj-thermal,59.062
1780559380.5503411,VDD_IN,6702.08,,
1780559380.5503411,VDD_CPU_GPU_CV,2086.08,,
1780559380.5503411,VDD_SOC,1695.232,,
1780559380.5503411,,,cpu-thermal,58.75
1780559380.5503411,,,gpu-thermal,59.437
1780559380.5503411,,,soc0-thermal,57.437
1780559380.5503411,,,soc1-thermal,56.75
1780559380.5503411,,,soc2-thermal,57.343
1780559380.5503411,,,tj-thermal,59.187
1780559380.6573384,VDD_IN,6702.08,,
1780559380.6573384,VDD_CPU_GPU_CV,2086.08,,
1780559380.6573384,VDD_SOC,1695.232,,
1780559380.6573384,,,cpu-thermal,59.187
1780559380.6573384,,,gpu-thermal,59.312
1780559380.6573384,,,soc0-thermal,57.375
1780559380.6573384,,,soc1-thermal,56.781
1780559380.6573384,,,soc2-thermal,57.312
1780559380.6573384,,,tj-thermal,59.312
1780559380.7634296,VDD_IN,6702.08,,
1780559380.7634296,VDD_CPU_GPU_CV,2086.08,,
1780559380.7634296,VDD_SOC,1695.232,,
1780559380.7634296,,,cpu-thermal,59.218
1780559380.7634296,,,gpu-thermal,59.312
1780559380.7634296,,,soc0-thermal,57.406
1780559380.7634296,,,soc1-thermal,56.843
1780559380.7634296,,,soc2-thermal,57.281
1780559380.7634296,,,tj-thermal,59.218
1780559380.8700137,VDD_IN,6662.656,,
1780559380.8700137,VDD_CPU_GPU_CV,2086.08,,
1780559380.8700137,VDD_SOC,1695.232,,
1780559380.8700137,,,cpu-thermal,58.75
1780559380.8700137,,,gpu-thermal,59.281
1780559380.8700137,,,soc0-thermal,57.468
1780559380.8700137,,,soc1-thermal,56.718
1780559380.8700137,,,soc2-thermal,57.375
1780559380.8700137,,,tj-thermal,59.437
1780559380.9765952,VDD_IN,6633.984,,
1780559380.9765952,VDD_CPU_GPU_CV,2046.72,,
1780559380.9765952,VDD_SOC,1695.232,,
1780559380.9765952,,,cpu-thermal,59.093
1780559380.9765952,,,gpu-thermal,59.156
1780559380.9765952,,,soc0-thermal,57.375
1780559380.9765952,,,soc1-thermal,56.781
1780559380.9765952,,,soc2-thermal,57.343
1780559380.9765952,,,tj-thermal,59.25
1780559381.0832174,VDD_IN,6623.232,,
1780559381.0832174,VDD_CPU_GPU_CV,2046.72,,
1780559381.0832174,VDD_SOC,1695.232,,
1780559381.0832174,,,cpu-thermal,59.156
1780559381.0832174,,,gpu-thermal,59.5
1780559381.0832174,,,soc0-thermal,57.375
1780559381.0832174,,,soc1-thermal,56.843
1780559381.0832174,,,soc2-thermal,57.281
1780559381.0832174,,,tj-thermal,59.156
1780559381.1893814,VDD_IN,6594.496,,
1780559381.1893814,VDD_CPU_GPU_CV,2046.72,,
1780559381.1893814,VDD_SOC,1695.232,,
1780559381.1893814,,,cpu-thermal,58.906
1780559381.1893814,,,gpu-thermal,59.375
1780559381.1893814,,,soc0-thermal,57.468
1780559381.1893814,,,soc1-thermal,56.687
1780559381.1893814,,,soc2-thermal,57.343
1780559381.1893814,,,tj-thermal,59.375
1780559381.2954478,VDD_IN,6623.232,,
1780559381.2954478,VDD_CPU_GPU_CV,2046.72,,
1780559381.2954478,VDD_SOC,1695.232,,
1780559381.2954478,,,cpu-thermal,58.968
1780559381.2954478,,,gpu-thermal,59.281
1780559381.2954478,,,soc0-thermal,57.343
1780559381.2954478,,,soc1-thermal,56.781
1780559381.2954478,,,soc2-thermal,57.406
1780559381.2954478,,,tj-thermal,59.281
1780559381.4015546,VDD_IN,6702.08,,
1780559381.4015546,VDD_CPU_GPU_CV,2086.08,,
1780559381.4015546,VDD_SOC,1695.232,,
1780559381.4015546,,,cpu-thermal,59.0
1780559381.4015546,,,gpu-thermal,59.218
1780559381.4015546,,,soc0-thermal,57.406
1780559381.4015546,,,soc1-thermal,56.906
1780559381.4015546,,,soc2-thermal,57.437
1780559381.4015546,,,tj-thermal,59.218
1780559381.507416,VDD_IN,6741.504,,
1780559381.507416,VDD_CPU_GPU_CV,2125.44,,
1780559381.507416,VDD_SOC,1695.232,,
1780559381.507416,,,cpu-thermal,58.906
1780559381.507416,,,gpu-thermal,59.187
1780559381.507416,,,soc0-thermal,57.468
1780559381.507416,,,soc1-thermal,56.75
1780559381.507416,,,soc2-thermal,57.343
1780559381.507416,,,tj-thermal,59.187
1780559381.6139848,VDD_IN,6702.08,,
1780559381.6139848,VDD_CPU_GPU_CV,2086.08,,
1780559381.6139848,VDD_SOC,1695.232,,
1780559381.6139848,,,cpu-thermal,58.937
1780559381.6139848,,,gpu-thermal,59.125
1780559381.6139848,,,soc0-thermal,57.437
1780559381.6139848,,,soc1-thermal,56.75
1780559381.6139848,,,soc2-thermal,57.375
1780559381.6139848,,,tj-thermal,59.125
1780559381.7199042,VDD_IN,6662.656,,
1780559381.7199042,VDD_CPU_GPU_CV,2086.08,,
1780559381.7199042,VDD_SOC,1695.232,,
1780559381.7199042,,,cpu-thermal,59.281
1780559381.7199042,,,gpu-thermal,59.468
1780559381.7199042,,,soc0-thermal,57.437
1780559381.7199042,,,soc1-thermal,56.812
1780559381.7199042,,,soc2-thermal,57.531
1780559381.7199042,,,tj-thermal,59.468
1780559381.826462,VDD_IN,6633.984,,
1780559381.826462,VDD_CPU_GPU_CV,2046.72,,
1780559381.826462,VDD_SOC,1695.232,,
1780559381.826462,,,cpu-thermal,58.937
1780559381.826462,,,gpu-thermal,59.312
1780559381.826462,,,soc0-thermal,57.468
1780559381.826462,,,soc1-thermal,57.0
1780559381.826462,,,soc2-thermal,57.375
1780559381.826462,,,tj-thermal,59.312
1780559381.9323463,VDD_IN,6623.232,,
1780559381.9323463,VDD_CPU_GPU_CV,2046.72,,
1780559381.9323463,VDD_SOC,1695.232,,
1780559381.9323463,,,cpu-thermal,58.937
1780559381.9323463,,,gpu-thermal,59.343
1780559381.9323463,,,soc0-thermal,57.468
1780559381.9323463,,,soc1-thermal,56.812
1780559381.9323463,,,soc2-thermal,57.437
1780559381.9323463,,,tj-thermal,59.343
1780559382.0382807,VDD_IN,6594.496,,
1780559382.0382807,VDD_CPU_GPU_CV,2046.72,,
1780559382.0382807,VDD_SOC,1695.232,,
1780559382.0382807,,,cpu-thermal,59.156
1780559382.0382807,,,gpu-thermal,59.156
1780559382.0382807,,,soc0-thermal,57.437
1780559382.0382807,,,soc1-thermal,56.906
1780559382.0382807,,,soc2-thermal,57.437
1780559382.0382807,,,tj-thermal,59.156
1780559382.144708,VDD_IN,6594.496,,
1780559382.144708,VDD_CPU_GPU_CV,2050.048,,
1780559382.144708,VDD_SOC,1695.232,,
1780559382.144708,,,cpu-thermal,59.343
1780559382.144708,,,gpu-thermal,59.093
1780559382.144708,,,soc0-thermal,57.468
1780559382.144708,,,soc1-thermal,56.937
1780559382.144708,,,soc2-thermal,57.343
1780559382.144708,,,tj-thermal,59.343
1780559382.250698,VDD_IN,6594.496,,
1780559382.250698,VDD_CPU_GPU_CV,2050.048,,
1780559382.250698,VDD_SOC,1695.232,,
1780559382.250698,,,cpu-thermal,58.937
1780559382.250698,,,gpu-thermal,59.25
1780559382.250698,,,soc0-thermal,57.562
1780559382.250698,,,soc1-thermal,56.843
1780559382.250698,,,soc2-thermal,57.312
1780559382.250698,,,tj-thermal,59.5
1780559382.3566875,VDD_IN,6662.656,,
1780559382.3566875,VDD_CPU_GPU_CV,2086.08,,
1780559382.3566875,VDD_SOC,1695.232,,
1780559382.3566875,,,cpu-thermal,58.906
1780559382.3566875,,,gpu-thermal,59.25
1780559382.3566875,,,soc0-thermal,57.468
1780559382.3566875,,,soc1-thermal,56.812
1780559382.3566875,,,soc2-thermal,57.375
1780559382.3566875,,,tj-thermal,59.437
1780559382.4624476,VDD_IN,6741.504,,
1780559382.4624476,VDD_CPU_GPU_CV,2125.44,,
1780559382.4624476,VDD_SOC,1695.232,,
1780559382.4624476,,,cpu-thermal,59.125
1780559382.4624476,,,gpu-thermal,59.218
1780559382.4624476,,,soc0-thermal,57.468
1780559382.4624476,,,soc1-thermal,56.875
1780559382.4624476,,,soc2-thermal,57.531
1780559382.4624476,,,tj-thermal,59.343
1780559382.5689547,VDD_IN,6702.08,,
1780559382.5689547,VDD_CPU_GPU_CV,2086.08,,
1780559382.5689547,VDD_SOC,1695.232,,
1780559382.5689547,,,cpu-thermal,58.968
1780559382.5689547,,,gpu-thermal,59.5
1780559382.5689547,,,soc0-thermal,57.562
1780559382.5689547,,,soc1-thermal,56.968
1780559382.5689547,,,soc2-thermal,57.406
1780559382.5689547,,,tj-thermal,59.5
1780559382.6747448,VDD_IN,6662.656,,
1780559382.6747448,VDD_CPU_GPU_CV,2086.08,,
1780559382.6747448,VDD_SOC,1695.232,,
1780559382.6747448,,,cpu-thermal,59.093
1780559382.6747448,,,gpu-thermal,59.406
1780559382.6747448,,,soc0-thermal,57.468
1780559382.6747448,,,soc1-thermal,56.781
1780559382.6747448,,,soc2-thermal,57.468
1780559382.6747448,,,tj-thermal,59.406
1780559382.7808707,VDD_IN,6633.984,,
1780559382.7808707,VDD_CPU_GPU_CV,2050.048,,
1780559382.7808707,VDD_SOC,1695.232,,
1780559382.7808707,,,cpu-thermal,59.093
1780559382.7808707,,,gpu-thermal,59.312
1780559382.7808707,,,soc0-thermal,57.468
1780559382.7808707,,,soc1-thermal,56.968
1780559382.7808707,,,soc2-thermal,57.5
1780559382.7808707,,,tj-thermal,59.312
1780559382.8869011,VDD_IN,6633.984,,
1780559382.8869011,VDD_CPU_GPU_CV,2050.048,,
1780559382.8869011,VDD_SOC,1695.232,,
1780559382.8869011,,,cpu-thermal,58.968
1780559382.8869011,,,gpu-thermal,59.312
1780559382.8869011,,,soc0-thermal,57.468
1780559382.8869011,,,soc1-thermal,57.0
1780559382.8869011,,,soc2-thermal,57.375
1780559382.8869011,,,tj-thermal,59.312
1780559382.9931219,VDD_IN,6594.496,,
1780559382.9931219,VDD_CPU_GPU_CV,2050.048,,
1780559382.9931219,VDD_SOC,1695.232,,
1780559382.9931219,,,cpu-thermal,59.0
1780559382.9931219,,,gpu-thermal,59.218
1780559382.9931219,,,soc0-thermal,57.437
1780559382.9931219,,,soc1-thermal,56.812
1780559382.9931219,,,soc2-thermal,57.468
1780559382.9931219,,,tj-thermal,59.218
1780559383.0993707,VDD_IN,6594.496,,
1780559383.0993707,VDD_CPU_GPU_CV,2050.048,,
1780559383.0993707,VDD_SOC,1697.984,,
1780559383.0993707,,,cpu-thermal,59.312
1780559383.0993707,,,gpu-thermal,59.625
1780559383.0993707,,,soc0-thermal,57.468
1780559383.0993707,,,soc1-thermal,56.875
1780559383.0993707,,,soc2-thermal,57.531
1780559383.0993707,,,tj-thermal,59.625
1780559383.205465,VDD_IN,6594.496,,
1780559383.205465,VDD_CPU_GPU_CV,2050.048,,
1780559383.205465,VDD_SOC,1697.984,,
1780559383.205465,,,cpu-thermal,59.468
1780559383.205465,,,gpu-thermal,59.437
1780559383.205465,,,soc0-thermal,57.468
1780559383.205465,,,soc1-thermal,57.0
1780559383.205465,,,soc2-thermal,57.437
1780559383.205465,,,tj-thermal,59.468
1780559383.3121314,VDD_IN,6633.984,,
1780559383.3121314,VDD_CPU_GPU_CV,2050.048,,
1780559383.3121314,VDD_SOC,1695.232,,
1780559383.3121314,,,cpu-thermal,58.906
1780559383.3121314,,,gpu-thermal,59.437
1780559383.3121314,,,soc0-thermal,57.562
1780559383.3121314,,,soc1-thermal,56.875
1780559383.3121314,,,soc2-thermal,57.468
1780559383.3121314,,,tj-thermal,59.437
1780559383.4180677,VDD_IN,6702.08,,
1780559383.4180677,VDD_CPU_GPU_CV,2086.08,,
1780559383.4180677,VDD_SOC,1695.232,,
1780559383.4180677,,,cpu-thermal,59.218
1780559383.4180677,,,gpu-thermal,59.343
1780559383.4180677,,,soc0-thermal,57.437
1780559383.4180677,,,soc1-thermal,56.843
1780559383.4180677,,,soc2-thermal,57.437
1780559383.4180677,,,tj-thermal,59.343
1780559383.5239005,VDD_IN,6702.08,,
1780559383.5239005,VDD_CPU_GPU_CV,2086.08,,
1780559383.5239005,VDD_SOC,1695.232,,
1780559383.5239005,,,cpu-thermal,59.218
1780559383.5239005,,,gpu-thermal,59.5
1780559383.5239005,,,soc0-thermal,57.562
1780559383.5239005,,,soc1-thermal,56.937
1780559383.5239005,,,soc2-thermal,57.468
1780559383.5239005,,,tj-thermal,59.343
1780559383.6300952,VDD_IN,6673.472,,
1780559383.6300952,VDD_CPU_GPU_CV,2046.72,,
1780559383.6300952,VDD_SOC,1695.232,,
1780559383.6300952,,,cpu-thermal,59.062
1780559383.6300952,,,gpu-thermal,59.375
1780559383.6300952,,,soc0-thermal,57.625
1780559383.6300952,,,soc1-thermal,56.843
1780559383.6300952,,,soc2-thermal,57.5
1780559383.6300952,,,tj-thermal,59.281
1780559383.7370071,VDD_IN,6633.984,,
1780559383.7370071,VDD_CPU_GPU_CV,2050.048,,
1780559383.7370071,VDD_SOC,1697.984,,
1780559383.7370071,,,cpu-thermal,59.187
1780559383.7370071,,,gpu-thermal,59.562
1780559383.7370071,,,soc0-thermal,57.468
1780559383.7370071,,,soc1-thermal,56.906
1780559383.7370071,,,soc2-thermal,57.562
1780559383.7370071,,,tj-thermal,59.562
1780559383.8433893,VDD_IN,6555.008,,
1780559383.8433893,VDD_CPU_GPU_CV,2010.624,,
1780559383.8433893,VDD_SOC,1697.984,,
1780559383.8433893,,,cpu-thermal,59.093
1780559383.8433893,,,gpu-thermal,59.468
1780559383.8433893,,,soc0-thermal,57.625
1780559383.8433893,,,soc1-thermal,56.968
1780559383.8433893,,,soc2-thermal,57.531
1780559383.8433893,,,tj-thermal,59.468
1780559383.9495308,VDD_IN,6555.008,,
1780559383.9495308,VDD_CPU_GPU_CV,2010.624,,
1780559383.9495308,VDD_SOC,1697.984,,
1780559383.9495308,,,cpu-thermal,59.0
1780559383.9495308,,,gpu-thermal,59.25
1780559383.9495308,,,soc0-thermal,57.562
1780559383.9495308,,,soc1-thermal,56.875
1780559383.9495308,,,soc2-thermal,57.5
1780559383.9495308,,,tj-thermal,59.375
1780559384.0554883,VDD_IN,6515.52,,
1780559384.0554883,VDD_CPU_GPU_CV,1971.2,,
1780559384.0554883,VDD_SOC,1658.496,,
1780559384.0554883,,,cpu-thermal,59.062
1780559384.0554883,,,gpu-thermal,59.5
1780559384.0554883,,,soc0-thermal,57.5
1780559384.0554883,,,soc1-thermal,56.906
1780559384.0554883,,,soc2-thermal,57.468
1780559384.0554883,,,tj-thermal,59.25
1780559384.1622546,VDD_IN,6515.52,,
1780559384.1622546,VDD_CPU_GPU_CV,1971.2,,
1780559384.1622546,VDD_SOC,1658.496,,
1780559384.1622546,,,cpu-thermal,59.375
1780559384.1622546,,,gpu-thermal,59.468
1780559384.1622546,,,soc0-thermal,57.562
1780559384.1622546,,,soc1-thermal,57.031
1780559384.1622546,,,soc2-thermal,57.5
1780559384.1622546,,,tj-thermal,59.375
1780559384.2686534,VDD_IN,6515.52,,
1780559384.2686534,VDD_CPU_GPU_CV,1971.2,,
1780559384.2686534,VDD_SOC,1658.496,,
1780559384.2686534,,,cpu-thermal,58.968
1780559384.2686534,,,gpu-thermal,59.281
1780559384.2686534,,,soc0-thermal,57.656
1780559384.2686534,,,soc1-thermal,56.843
1780559384.2686534,,,soc2-thermal,57.437
1780559384.2686534,,,tj-thermal,59.562
1780559384.3746974,VDD_IN,6594.496,,
1780559384.3746974,VDD_CPU_GPU_CV,2050.048,,
1780559384.3746974,VDD_SOC,1695.232,,
1780559384.3746974,,,cpu-thermal,58.937
1780559384.3746974,,,gpu-thermal,59.343
1780559384.3746974,,,soc0-thermal,57.468
1780559384.3746974,,,soc1-thermal,56.906
1780559384.3746974,,,soc2-thermal,57.531
1780559384.3746974,,,tj-thermal,59.531
1780559384.4811485,VDD_IN,6702.08,,
1780559384.4811485,VDD_CPU_GPU_CV,2086.08,,
1780559384.4811485,VDD_SOC,1695.232,,
1780559384.4811485,,,cpu-thermal,59.218
1780559384.4811485,,,gpu-thermal,59.312
1780559384.4811485,,,soc0-thermal,57.562
1780559384.4811485,,,soc1-thermal,56.968
1780559384.4811485,,,soc2-thermal,57.5
1780559384.4811485,,,tj-thermal,59.406
1780559384.5873642,VDD_IN,6673.472,,
1780559384.5873642,VDD_CPU_GPU_CV,2089.472,,
1780559384.5873642,VDD_SOC,1695.232,,
1780559384.5873642,,,cpu-thermal,59.437
1780559384.5873642,,,gpu-thermal,59.625
1780559384.5873642,,,soc0-thermal,57.593
1780559384.5873642,,,soc1-thermal,56.875
1780559384.5873642,,,soc2-thermal,57.468
1780559384.5873642,,,tj-thermal,59.343
1780559384.693859,VDD_IN,6633.984,,
1780559384.693859,VDD_CPU_GPU_CV,2050.048,,
1780559384.693859,VDD_SOC,1695.232,,
1780559384.693859,,,cpu-thermal,59.125
1780559384.693859,,,gpu-thermal,59.562
1780559384.693859,,,soc0-thermal,57.625
1780559384.693859,,,soc1-thermal,56.812
1780559384.693859,,,soc2-thermal,57.531
1780559384.693859,,,tj-thermal,59.375
1780559384.800056,VDD_IN,6633.984,,
1780559384.800056,VDD_CPU_GPU_CV,2050.048,,
1780559384.800056,VDD_SOC,1695.232,,
1780559384.800056,,,cpu-thermal,59.218
1780559384.800056,,,gpu-thermal,59.375
1780559384.800056,,,soc0-thermal,57.625
1780559384.800056,,,soc1-thermal,56.875
1780559384.800056,,,soc2-thermal,57.531
1780559384.800056,,,tj-thermal,59.375
1780559384.9060814,VDD_IN,6623.232,,
1780559384.9060814,VDD_CPU_GPU_CV,2046.72,,
1780559384.9060814,VDD_SOC,1695.232,,
1780559384.9060814,,,cpu-thermal,59.125
1780559384.9060814,,,gpu-thermal,59.406
1780559384.9060814,,,soc0-thermal,57.593
1780559384.9060814,,,soc1-thermal,57.062
1780559384.9060814,,,soc2-thermal,57.531
1780559384.9060814,,,tj-thermal,59.593
1780559385.012778,VDD_IN,6673.472,,
1780559385.012778,VDD_CPU_GPU_CV,2046.72,,
1780559385.012778,VDD_SOC,1695.232,,
1780559385.012778,,,cpu-thermal,59.156
1780559385.012778,,,gpu-thermal,59.343
1780559385.012778,,,soc0-thermal,57.718
1780559385.012778,,,soc1-thermal,56.937
1780559385.012778,,,soc2-thermal,57.531
1780559385.012778,,,tj-thermal,59.468
1780559385.1188185,VDD_IN,6623.232,,
1780559385.1188185,VDD_CPU_GPU_CV,2046.72,,
1780559385.1188185,VDD_SOC,1695.232,,
1780559385.1188185,,,cpu-thermal,59.218
1780559385.1188185,,,gpu-thermal,59.812
1780559385.1188185,,,soc0-thermal,57.531
1780559385.1188185,,,soc1-thermal,57.0
1780559385.1188185,,,soc2-thermal,57.531
1780559385.1188185,,,tj-thermal,59.812
1780559385.2248144,VDD_IN,6662.656,,
1780559385.2248144,VDD_CPU_GPU_CV,2086.08,,
1780559385.2248144,VDD_SOC,1695.232,,
1780559385.2248144,,,cpu-thermal,59.062
1780559385.2248144,,,gpu-thermal,59.531
1780559385.2248144,,,soc0-thermal,57.562
1780559385.2248144,,,soc1-thermal,57.0
1780559385.2248144,,,soc2-thermal,57.531
1780559385.2248144,,,tj-thermal,59.531
1780559385.3309832,VDD_IN,6702.08,,
1780559385.3309832,VDD_CPU_GPU_CV,2086.08,,
1780559385.3309832,VDD_SOC,1695.232,,
1780559385.3309832,,,cpu-thermal,59.031
1780559385.3309832,,,gpu-thermal,59.5
1780559385.3309832,,,soc0-thermal,57.625
1780559385.3309832,,,soc1-thermal,56.968
1780559385.3309832,,,soc2-thermal,57.468
1780559385.3309832,,,tj-thermal,59.5
1780559385.4369595,VDD_IN,6780.928,,
1780559385.4369595,VDD_CPU_GPU_CV,2125.44,,
1780559385.4369595,VDD_SOC,1734.656,,
1780559385.4369595,,,cpu-thermal,59.156
1780559385.4369595,,,gpu-thermal,59.468
1780559385.4369595,,,soc0-thermal,57.5
1780559385.4369595,,,soc1-thermal,56.906
1780559385.4369595,,,soc2-thermal,57.531
1780559385.4369595,,,tj-thermal,59.468
1780559385.5433085,VDD_IN,6780.928,,
1780559385.5433085,VDD_CPU_GPU_CV,2164.8,,
1780559385.5433085,VDD_SOC,1734.656,,
1780559385.5433085,,,cpu-thermal,59.5
1780559385.5433085,,,gpu-thermal,59.437
1780559385.5433085,,,soc0-thermal,57.656
1780559385.5433085,,,soc1-thermal,56.968
1780559385.5433085,,,soc2-thermal,57.625
1780559385.5433085,,,tj-thermal,59.5
1780559385.6496637,VDD_IN,6741.504,,
1780559385.6496637,VDD_CPU_GPU_CV,2125.44,,
1780559385.6496637,VDD_SOC,1695.232,,
1780559385.6496637,,,cpu-thermal,59.5
1780559385.6496637,,,gpu-thermal,59.312
1780559385.6496637,,,soc0-thermal,57.687
1780559385.6496637,,,soc1-thermal,56.968
1780559385.6496637,,,soc2-thermal,57.593
1780559385.6496637,,,tj-thermal,59.312
1780559385.7556832,VDD_IN,6702.08,,
1780559385.7556832,VDD_CPU_GPU_CV,2125.44,,
1780559385.7556832,VDD_SOC,1695.232,,
1780559385.7556832,,,cpu-thermal,59.187
1780559385.7556832,,,gpu-thermal,59.781
1780559385.7556832,,,soc0-thermal,57.531
1780559385.7556832,,,soc1-thermal,56.937
1780559385.7556832,,,soc2-thermal,57.531
1780559385.7556832,,,tj-thermal,59.781
1780559385.862239,VDD_IN,6702.08,,
1780559385.862239,VDD_CPU_GPU_CV,2125.44,,
1780559385.862239,VDD_SOC,1695.232,,
1780559385.862239,,,cpu-thermal,59.343
1780559385.862239,,,gpu-thermal,59.593
1780559385.862239,,,soc0-thermal,57.593
1780559385.862239,,,soc1-thermal,56.968
1780559385.862239,,,soc2-thermal,57.625
1780559385.862239,,,tj-thermal,59.593
1780559385.9685228,VDD_IN,6702.08,,
1780559385.9685228,VDD_CPU_GPU_CV,2086.08,,
1780559385.9685228,VDD_SOC,1695.232,,
1780559385.9685228,,,cpu-thermal,59.156
1780559385.9685228,,,gpu-thermal,59.468
1780559385.9685228,,,soc0-thermal,57.656
1780559385.9685228,,,soc1-thermal,57.125
1780559385.9685228,,,soc2-thermal,57.5
1780559385.9685228,,,tj-thermal,59.468
1780559386.074492,VDD_IN,6702.08,,
1780559386.074492,VDD_CPU_GPU_CV,2086.08,,
1780559386.074492,VDD_SOC,1695.232,,
1780559386.074492,,,cpu-thermal,59.218
1780559386.074492,,,gpu-thermal,59.437
1780559386.074492,,,soc0-thermal,57.625
1780559386.074492,,,soc1-thermal,57.0
1780559386.074492,,,soc2-thermal,57.625
1780559386.074492,,,tj-thermal,59.437
1780559386.1812258,VDD_IN,6702.08,,
1780559386.1812258,VDD_CPU_GPU_CV,2086.08,,
1780559386.1812258,VDD_SOC,1695.232,,
1780559386.1812258,,,cpu-thermal,59.343
1780559386.1812258,,,gpu-thermal,59.406
1780559386.1812258,,,soc0-thermal,57.562
1780559386.1812258,,,soc1-thermal,57.0
1780559386.1812258,,,soc2-thermal,57.562
1780559386.1812258,,,tj-thermal,59.406
1780559386.287281,VDD_IN,6702.08,,
1780559386.287281,VDD_CPU_GPU_CV,2125.44,,
1780559386.287281,VDD_SOC,1695.232,,
1780559386.287281,,,cpu-thermal,59.25
1780559386.287281,,,gpu-thermal,59.812
1780559386.287281,,,soc0-thermal,57.625
1780559386.287281,,,soc1-thermal,57.156
1780559386.287281,,,soc2-thermal,57.562
1780559386.287281,,,tj-thermal,59.812
1780559386.3932667,VDD_IN,6780.928,,
1780559386.3932667,VDD_CPU_GPU_CV,2164.8,,
1780559386.3932667,VDD_SOC,1734.656,,
1780559386.3932667,,,cpu-thermal,59.156
1780559386.3932667,,,gpu-thermal,59.468
1780559386.3932667,,,soc0-thermal,57.562
1780559386.3932667,,,soc1-thermal,56.968
1780559386.3932667,,,soc2-thermal,57.562
1780559386.3932667,,,tj-thermal,59.593
1780559386.499756,VDD_IN,6859.776,,
1780559386.499756,VDD_CPU_GPU_CV,2164.8,,
1780559386.499756,VDD_SOC,1734.656,,
1780559386.499756,,,cpu-thermal,59.406
1780559386.499756,,,gpu-thermal,59.625
1780559386.499756,,,soc0-thermal,57.656
1780559386.499756,,,soc1-thermal,57.0
1780559386.499756,,,soc2-thermal,57.687
1780559386.499756,,,tj-thermal,59.625
1780559386.60626,VDD_IN,6780.928,,
1780559386.60626,VDD_CPU_GPU_CV,2125.44,,
1780559386.60626,VDD_SOC,1734.656,,
1780559386.60626,,,cpu-thermal,59.468
1780559386.60626,,,gpu-thermal,59.75
1780559386.60626,,,soc0-thermal,57.656
1780559386.60626,,,soc1-thermal,57.25
1780559386.60626,,,soc2-thermal,57.562
1780559386.60626,,,tj-thermal,59.468
1780559386.7127738,VDD_IN,6741.504,,
1780559386.7127738,VDD_CPU_GPU_CV,2125.44,,
1780559386.7127738,VDD_SOC,1695.232,,
1780559386.7127738,,,cpu-thermal,59.25
1780559386.7127738,,,gpu-thermal,59.437
1780559386.7127738,,,soc0-thermal,57.593
1780559386.7127738,,,soc1-thermal,57.062
1780559386.7127738,,,soc2-thermal,57.625
1780559386.7127738,,,tj-thermal,59.437
1780559386.8194594,VDD_IN,6702.08,,
1780559386.8194594,VDD_CPU_GPU_CV,2125.44,,
1780559386.8194594,VDD_SOC,1695.232,,
1780559386.8194594,,,cpu-thermal,59.312
1780559386.8194594,,,gpu-thermal,59.312
1780559386.8194594,,,soc0-thermal,57.656
1780559386.8194594,,,soc1-thermal,57.093
1780559386.8194594,,,soc2-thermal,57.656
1780559386.8194594,,,tj-thermal,59.312
1780559386.925504,VDD_IN,6702.08,,
1780559386.925504,VDD_CPU_GPU_CV,2125.44,,
1780559386.925504,VDD_SOC,1695.232,,
1780559386.925504,,,cpu-thermal,59.343
1780559386.925504,,,gpu-thermal,59.656
1780559386.925504,,,soc0-thermal,57.75
1780559386.925504,,,soc1-thermal,57.093
1780559386.925504,,,soc2-thermal,57.656
1780559386.925504,,,tj-thermal,59.656
1780559387.0316546,VDD_IN,6702.08,,
1780559387.0316546,VDD_CPU_GPU_CV,2125.44,,
1780559387.0316546,VDD_SOC,1695.232,,
1780559387.0316546,,,cpu-thermal,59.218
1780559387.0316546,,,gpu-thermal,59.406
1780559387.0316546,,,soc0-thermal,57.781
1780559387.0316546,,,soc1-thermal,57.031
1780559387.0316546,,,soc2-thermal,57.531
1780559387.0316546,,,tj-thermal,59.593
1780559387.137911,VDD_IN,6662.656,,
1780559387.137911,VDD_CPU_GPU_CV,2086.08,,
1780559387.137911,VDD_SOC,1695.232,,
1780559387.137911,,,cpu-thermal,59.343
1780559387.137911,,,gpu-thermal,59.843
1780559387.137911,,,soc0-thermal,57.656
1780559387.137911,,,soc1-thermal,57.062
1780559387.137911,,,soc2-thermal,57.562
1780559387.137911,,,tj-thermal,59.5
1780559387.2438672,VDD_IN,6662.656,,
1780559387.2438672,VDD_CPU_GPU_CV,2086.08,,
1780559387.2438672,VDD_SOC,1695.232,,
1780559387.2438672,,,cpu-thermal,59.406
1780559387.2438672,,,gpu-thermal,59.812
1780559387.2438672,,,soc0-thermal,57.718
1780559387.2438672,,,soc1-thermal,57.093
1780559387.2438672,,,soc2-thermal,57.625
1780559387.2438672,,,tj-thermal,59.5
1780559387.3500862,VDD_IN,6741.504,,
1780559387.3500862,VDD_CPU_GPU_CV,2125.44,,
1780559387.3500862,VDD_SOC,1695.232,,
1780559387.3500862,,,cpu-thermal,59.125
1780559387.3500862,,,gpu-thermal,59.593
1780559387.3500862,,,soc0-thermal,57.781
1780559387.3500862,,,soc1-thermal,57.031
1780559387.3500862,,,soc2-thermal,57.656
1780559387.3500862,,,tj-thermal,59.437
1780559387.456436,VDD_IN,6820.352,,
1780559387.456436,VDD_CPU_GPU_CV,2164.8,,
1780559387.456436,VDD_SOC,1734.656,,
1780559387.456436,,,cpu-thermal,59.187
1780559387.456436,,,gpu-thermal,59.562
1780559387.456436,,,soc0-thermal,57.718
1780559387.456436,,,soc1-thermal,57.125
1780559387.456436,,,soc2-thermal,57.625
1780559387.456436,,,tj-thermal,59.562
1780559387.5623152,VDD_IN,6780.928,,
1780559387.5623152,VDD_CPU_GPU_CV,2164.8,,
1780559387.5623152,VDD_SOC,1734.656,,
1780559387.5623152,,,cpu-thermal,59.593
1780559387.5623152,,,gpu-thermal,59.437
1780559387.5623152,,,soc0-thermal,57.718
1780559387.5623152,,,soc1-thermal,57.093
1780559387.5623152,,,soc2-thermal,57.687
1780559387.5623152,,,tj-thermal,59.593
1780559387.6684756,VDD_IN,6741.504,,
1780559387.6684756,VDD_CPU_GPU_CV,2125.44,,
1780559387.6684756,VDD_SOC,1695.232,,
1780559387.6684756,,,cpu-thermal,59.218
1780559387.6684756,,,gpu-thermal,59.406
1780559387.6684756,,,soc0-thermal,57.75
1780559387.6684756,,,soc1-thermal,57.312
1780559387.6684756,,,soc2-thermal,57.687
1780559387.6684756,,,tj-thermal,59.406
1780559387.7744246,VDD_IN,6702.08,,
1780559387.7744246,VDD_CPU_GPU_CV,2125.44,,
1780559387.7744246,VDD_SOC,1695.232,,
1780559387.7744246,,,cpu-thermal,59.187
1780559387.7744246,,,gpu-thermal,59.75
1780559387.7744246,,,soc0-thermal,57.75
1780559387.7744246,,,soc1-thermal,57.031
1780559387.7744246,,,soc2-thermal,57.687
1780559387.7744246,,,tj-thermal,59.75
1780559387.8803544,VDD_IN,6702.08,,
1780559387.8803544,VDD_CPU_GPU_CV,2086.08,,
1780559387.8803544,VDD_SOC,1695.232,,
1780559387.8803544,,,cpu-thermal,59.375
1780559387.8803544,,,gpu-thermal,59.718
1780559387.8803544,,,soc0-thermal,57.718
1780559387.8803544,,,soc1-thermal,57.125
1780559387.8803544,,,soc2-thermal,57.718
1780559387.8803544,,,tj-thermal,59.718
1780559387.9867575,VDD_IN,6662.656,,
1780559387.9867575,VDD_CPU_GPU_CV,2086.08,,
1780559387.9867575,VDD_SOC,1695.232,,
1780559387.9867575,,,cpu-thermal,59.562
1780559387.9867575,,,gpu-thermal,59.562
1780559387.9867575,,,soc0-thermal,57.75
1780559387.9867575,,,soc1-thermal,57.218
1780559387.9867575,,,soc2-thermal,57.687
1780559387.9867575,,,tj-thermal,59.562
1780559388.0929315,VDD_IN,6662.656,,
1780559388.0929315,VDD_CPU_GPU_CV,2086.08,,
1780559388.0929315,VDD_SOC,1695.232,,
1780559388.0929315,,,cpu-thermal,59.375
1780559388.0929315,,,gpu-thermal,59.468
1780559388.0929315,,,soc0-thermal,57.843
1780559388.0929315,,,soc1-thermal,57.093
1780559388.0929315,,,soc2-thermal,57.593
1780559388.0929315,,,tj-thermal,59.468
1780559388.199285,VDD_IN,6662.656,,
1780559388.199285,VDD_CPU_GPU_CV,2086.08,,
1780559388.199285,VDD_SOC,1695.232,,
1780559388.199285,,,cpu-thermal,59.406
1780559388.199285,,,gpu-thermal,59.531
1780559388.199285,,,soc0-thermal,57.687
1780559388.199285,,,soc1-thermal,57.125
1780559388.199285,,,soc2-thermal,57.718
1780559388.199285,,,tj-thermal,59.531
1780559388.3054771,VDD_IN,6702.08,,
1780559388.3054771,VDD_CPU_GPU_CV,2125.44,,
1780559388.3054771,VDD_SOC,1695.232,,
1780559388.3054771,,,cpu-thermal,59.375
1780559388.3054771,,,gpu-thermal,59.812
1780559388.3054771,,,soc0-thermal,57.718
1780559388.3054771,,,soc1-thermal,57.187
1780559388.3054771,,,soc2-thermal,57.656
1780559388.3054771,,,tj-thermal,59.812
1780559388.4115522,VDD_IN,6780.928,,
1780559388.4115522,VDD_CPU_GPU_CV,2125.44,,
1780559388.4115522,VDD_SOC,1734.656,,
1780559388.4115522,,,cpu-thermal,59.375
1780559388.4115522,,,gpu-thermal,59.718
1780559388.4115522,,,soc0-thermal,57.75
1780559388.4115522,,,soc1-thermal,57.093
1780559388.4115522,,,soc2-thermal,57.656
1780559388.4115522,,,tj-thermal,59.718
1780559388.517664,VDD_IN,6820.352,,
1780559388.517664,VDD_CPU_GPU_CV,2164.8,,
1780559388.517664,VDD_SOC,1731.84,,
1780559388.517664,,,cpu-thermal,59.375
1780559388.517664,,,gpu-thermal,59.531
1780559388.517664,,,soc0-thermal,57.687
1780559388.517664,,,soc1-thermal,57.093
1780559388.517664,,,soc2-thermal,57.75
1780559388.517664,,,tj-thermal,59.593
1780559388.6235676,VDD_IN,6741.504,,
1780559388.6235676,VDD_CPU_GPU_CV,2125.44,,
1780559388.6235676,VDD_SOC,1734.656,,
1780559388.6235676,,,cpu-thermal,59.375
1780559388.6235676,,,gpu-thermal,59.937
1780559388.6235676,,,soc0-thermal,57.75
1780559388.6235676,,,soc1-thermal,57.156
1780559388.6235676,,,soc2-thermal,57.812
1780559388.6235676,,,tj-thermal,59.5
1780559388.729752,VDD_IN,6741.504,,
1780559388.729752,VDD_CPU_GPU_CV,2125.44,,
1780559388.729752,VDD_SOC,1695.232,,
1780559388.729752,,,cpu-thermal,59.281
1780559388.729752,,,gpu-thermal,59.812
1780559388.729752,,,soc0-thermal,57.75
1780559388.729752,,,soc1-thermal,57.343
1780559388.729752,,,soc2-thermal,57.656
1780559388.729752,,,tj-thermal,59.562
1780559388.8361058,VDD_IN,6702.08,,
1780559388.8361058,VDD_CPU_GPU_CV,2086.08,,
1780559388.8361058,VDD_SOC,1695.232,,
1780559388.8361058,,,cpu-thermal,59.281
1780559388.8361058,,,gpu-thermal,59.656
1780559388.8361058,,,soc0-thermal,57.75
1780559388.8361058,,,soc1-thermal,57.062
1780559388.8361058,,,soc2-thermal,57.718
1780559388.8361058,,,tj-thermal,59.468
1780559388.9424057,VDD_IN,6702.08,,
1780559388.9424057,VDD_CPU_GPU_CV,2086.08,,
1780559388.9424057,VDD_SOC,1695.232,,
1780559388.9424057,,,cpu-thermal,59.5
1780559388.9424057,,,gpu-thermal,59.625
1780559388.9424057,,,soc0-thermal,57.718
1780559388.9424057,,,soc1-thermal,57.156
1780559388.9424057,,,soc2-thermal,57.781
1780559388.9424057,,,tj-thermal,59.843
1780559389.0491993,VDD_IN,6702.08,,
1780559389.0491993,VDD_CPU_GPU_CV,2086.08,,
1780559389.0491993,VDD_SOC,1695.232,,
1780559389.0491993,,,cpu-thermal,59.718
1780559389.0491993,,,gpu-thermal,59.593
1780559389.0491993,,,soc0-thermal,57.937
1780559389.0491993,,,soc1-thermal,57.25
1780559389.0491993,,,soc2-thermal,57.656
1780559389.0491993,,,tj-thermal,59.781
1780559389.1552906,VDD_IN,6662.656,,
1780559389.1552906,VDD_CPU_GPU_CV,2086.08,,
1780559389.1552906,VDD_SOC,1695.232,,
1780559389.1552906,,,cpu-thermal,59.375
1780559389.1552906,,,gpu-thermal,60.0
1780559389.1552906,,,soc0-thermal,57.718
1780559389.1552906,,,soc1-thermal,57.125
1780559389.1552906,,,soc2-thermal,57.75
1780559389.1552906,,,tj-thermal,59.656
1780559389.26173,VDD_IN,6662.656,,
1780559389.26173,VDD_CPU_GPU_CV,2086.08,,
1780559389.26173,VDD_SOC,1695.232,,
1780559389.26173,,,cpu-thermal,59.406
1780559389.26173,,,gpu-thermal,59.812
1780559389.26173,,,soc0-thermal,57.687
1780559389.26173,,,soc1-thermal,57.187
1780559389.26173,,,soc2-thermal,57.75
1780559389.26173,,,tj-thermal,59.625
1780559389.3678222,VDD_IN,6741.504,,
1780559389.3678222,VDD_CPU_GPU_CV,2125.44,,
1780559389.3678222,VDD_SOC,1695.232,,
1780559389.3678222,,,cpu-thermal,59.468
1780559389.3678222,,,gpu-thermal,59.75
1780559389.3678222,,,soc0-thermal,57.781
1780559389.3678222,,,soc1-thermal,57.312
1780559389.3678222,,,soc2-thermal,57.75
1780559389.3678222,,,tj-thermal,59.75
1780559389.4737375,VDD_IN,6820.352,,
1780559389.4737375,VDD_CPU_GPU_CV,2164.8,,
1780559389.4737375,VDD_SOC,1734.656,,
1780559389.4737375,,,cpu-thermal,59.312
1780559389.4737375,,,gpu-thermal,59.625
1780559389.4737375,,,soc0-thermal,57.843
1780559389.4737375,,,soc1-thermal,57.125
1780559389.4737375,,,soc2-thermal,57.718
1780559389.4737375,,,tj-thermal,59.625
1780559389.579589,VDD_IN,6780.928,,
1780559389.579589,VDD_CPU_GPU_CV,2164.8,,
1780559389.579589,VDD_SOC,1734.656,,
1780559389.579589,,,cpu-thermal,59.375
1780559389.579589,,,gpu-thermal,59.531
1780559389.579589,,,soc0-thermal,57.781
1780559389.579589,,,soc1-thermal,57.218
1780559389.579589,,,soc2-thermal,57.781
1780559389.579589,,,tj-thermal,59.531
1780559389.6858208,VDD_IN,6780.928,,
1780559389.6858208,VDD_CPU_GPU_CV,2125.44,,
1780559389.6858208,VDD_SOC,1695.232,,
1780559389.6858208,,,cpu-thermal,59.437
1780559389.6858208,,,gpu-thermal,59.531
1780559389.6858208,,,soc0-thermal,57.812
1780559389.6858208,,,soc1-thermal,57.25
1780559389.6858208,,,soc2-thermal,57.687
1780559389.6858208,,,tj-thermal,59.531
1780559389.7917252,VDD_IN,6741.504,,
1780559389.7917252,VDD_CPU_GPU_CV,2125.44,,
1780559389.7917252,VDD_SOC,1695.232,,
1780559389.7917252,,,cpu-thermal,59.281
1780559389.7917252,,,gpu-thermal,59.906
1780559389.7917252,,,soc0-thermal,57.843
1780559389.7917252,,,soc1-thermal,57.125
1780559389.7917252,,,soc2-thermal,57.812
1780559389.7917252,,,tj-thermal,59.906
1780559389.8983443,VDD_IN,6741.504,,
1780559389.8983443,VDD_CPU_GPU_CV,2125.44,,
1780559389.8983443,VDD_SOC,1695.232,,
1780559389.8983443,,,cpu-thermal,59.375
1780559389.8983443,,,gpu-thermal,59.812
1780559389.8983443,,,soc0-thermal,57.781
1780559389.8983443,,,soc1-thermal,57.093
1780559389.8983443,,,soc2-thermal,57.843
1780559389.8983443,,,tj-thermal,59.812
1780559390.004872,VDD_IN,6702.08,,
1780559390.004872,VDD_CPU_GPU_CV,2086.08,,
1780559390.004872,VDD_SOC,1695.232,,
1780559390.004872,,,cpu-thermal,59.75
1780559390.004872,,,gpu-thermal,59.656
1780559390.004872,,,soc0-thermal,57.812
1780559390.004872,,,soc1-thermal,57.25
1780559390.004872,,,soc2-thermal,57.906
1780559390.004872,,,tj-thermal,59.75
1780559390.111001,VDD_IN,6662.656,,
1780559390.111001,VDD_CPU_GPU_CV,2086.08,,
1780559390.111001,VDD_SOC,1695.232,,
1780559390.111001,,,cpu-thermal,59.343
1780559390.111001,,,gpu-thermal,59.656
1780559390.111001,,,soc0-thermal,57.937
1780559390.111001,,,soc1-thermal,57.125
1780559390.111001,,,soc2-thermal,57.656
1780559390.111001,,,tj-thermal,59.656
1780559390.2173407,VDD_IN,6662.656,,
1780559390.2173407,VDD_CPU_GPU_CV,2086.08,,
1780559390.2173407,VDD_SOC,1695.232,,
1780559390.2173407,,,cpu-thermal,59.531
1780559390.2173407,,,gpu-thermal,59.531
1780559390.2173407,,,soc0-thermal,57.75
1780559390.2173407,,,soc1-thermal,57.218
1780559390.2173407,,,soc2-thermal,57.781
1780559390.2173407,,,tj-thermal,59.531
1780559390.3233871,VDD_IN,6702.08,,
1780559390.3233871,VDD_CPU_GPU_CV,2125.44,,
1780559390.3233871,VDD_SOC,1695.232,,
1780559390.3233871,,,cpu-thermal,59.5
1780559390.3233871,,,gpu-thermal,60.031
1780559390.3233871,,,soc0-thermal,57.875
1780559390.3233871,,,soc1-thermal,57.25
1780559390.3233871,,,soc2-thermal,57.812
1780559390.3233871,,,tj-thermal,60.031
1780559390.429461,VDD_IN,6780.928,,
1780559390.429461,VDD_CPU_GPU_CV,2164.8,,
1780559390.429461,VDD_SOC,1734.656,,
1780559390.429461,,,cpu-thermal,59.625
1780559390.429461,,,gpu-thermal,59.718
1780559390.429461,,,soc0-thermal,57.937
1780559390.429461,,,soc1-thermal,57.281
1780559390.429461,,,soc2-thermal,57.781
1780559390.429461,,,tj-thermal,59.843
1780559390.535373,VDD_IN,6820.352,,
1780559390.535373,VDD_CPU_GPU_CV,2164.8,,
1780559390.535373,VDD_SOC,1734.656,,
1780559390.535373,,,cpu-thermal,59.437
1780559390.535373,,,gpu-thermal,59.562
1780559390.535373,,,soc0-thermal,57.75
1780559390.535373,,,soc1-thermal,57.218
1780559390.535373,,,soc2-thermal,57.843
1780559390.535373,,,tj-thermal,59.687
1780559390.6425874,VDD_IN,6741.504,,
1780559390.6425874,VDD_CPU_GPU_CV,2125.44,,
1780559390.6425874,VDD_SOC,1695.232,,
1780559390.6425874,,,cpu-thermal,59.5
1780559390.6425874,,,gpu-thermal,59.718
1780559390.6425874,,,soc0-thermal,57.812
1780559390.6425874,,,soc1-thermal,57.218
1780559390.6425874,,,soc2-thermal,57.843
1780559390.6425874,,,tj-thermal,59.718
1780559390.74904,VDD_IN,6702.08,,
1780559390.74904,VDD_CPU_GPU_CV,2125.44,,
1780559390.74904,VDD_SOC,1695.232,,
1780559390.74904,,,cpu-thermal,59.406
1780559390.74904,,,gpu-thermal,59.625
1780559390.74904,,,soc0-thermal,57.812
1780559390.74904,,,soc1-thermal,57.375
1780559390.74904,,,soc2-thermal,57.843
1780559390.74904,,,tj-thermal,59.625
1780559390.8550153,VDD_IN,6702.08,,
1780559390.8550153,VDD_CPU_GPU_CV,2086.08,,
1780559390.8550153,VDD_SOC,1695.232,,
1780559390.8550153,,,cpu-thermal,59.5
1780559390.8550153,,,gpu-thermal,59.75
1780559390.8550153,,,soc0-thermal,58.0
1780559390.8550153,,,soc1-thermal,57.25
1780559390.8550153,,,soc2-thermal,57.781
1780559390.8550153,,,tj-thermal,59.625
1780559390.9609945,VDD_IN,6662.656,,
1780559390.9609945,VDD_CPU_GPU_CV,2086.08,,
1780559390.9609945,VDD_SOC,1695.232,,
1780559390.9609945,,,cpu-thermal,59.5
1780559390.9609945,,,gpu-thermal,59.625
1780559390.9609945,,,soc0-thermal,57.843
1780559390.9609945,,,soc1-thermal,57.281
1780559390.9609945,,,soc2-thermal,57.906
1780559390.9609945,,,tj-thermal,59.875
1780559391.067104,VDD_IN,6662.656,,
1780559391.067104,VDD_CPU_GPU_CV,2086.08,,
1780559391.067104,VDD_SOC,1695.232,,
1780559391.067104,,,cpu-thermal,59.406
1780559391.067104,,,gpu-thermal,59.625
1780559391.067104,,,soc0-thermal,57.906
1780559391.067104,,,soc1-thermal,57.375
1780559391.067104,,,soc2-thermal,57.812
1780559391.067104,,,tj-thermal,59.718
1780559391.1734834,VDD_IN,6662.656,,
1780559391.1734834,VDD_CPU_GPU_CV,2086.08,,
1780559391.1734834,VDD_SOC,1695.232,,
1780559391.1734834,,,cpu-thermal,59.281
1780559391.1734834,,,gpu-thermal,60.031
1780559391.1734834,,,soc0-thermal,58.062
1780559391.1734834,,,soc1-thermal,57.25
1780559391.1734834,,,soc2-thermal,57.781
1780559391.1734834,,,tj-thermal,59.718
1780559391.2800243,VDD_IN,6662.656,,
1780559391.2800243,VDD_CPU_GPU_CV,2086.08,,
1780559391.2800243,VDD_SOC,1695.232,,
1780559391.2800243,,,cpu-thermal,59.562
1780559391.2800243,,,gpu-thermal,59.843
1780559391.2800243,,,soc0-thermal,57.843
1780559391.2800243,,,soc1-thermal,57.218
1780559391.2800243,,,soc2-thermal,57.843
1780559391.2800243,,,tj-thermal,59.718
1780559391.3862,VDD_IN,6741.504,,
1780559391.3862,VDD_CPU_GPU_CV,2125.44,,
1780559391.3862,VDD_SOC,1695.232,,
1780559391.3862,,,cpu-thermal,59.625
1780559391.3862,,,gpu-thermal,59.875
1780559391.3862,,,soc0-thermal,57.937
1780559391.3862,,,soc1-thermal,57.312
1780559391.3862,,,soc2-thermal,57.843
1780559391.3862,,,tj-thermal,59.875
1780559391.491959,VDD_IN,6820.352,,
1780559391.491959,VDD_CPU_GPU_CV,2125.44,,
1780559391.491959,VDD_SOC,1734.656,,
1780559391.491959,,,cpu-thermal,59.718
1780559391.491959,,,gpu-thermal,59.75
1780559391.491959,,,soc0-thermal,57.937
1780559391.491959,,,soc1-thermal,57.218
1780559391.491959,,,soc2-thermal,57.843
1780559391.491959,,,tj-thermal,59.75
1780559391.5983856,VDD_IN,6780.928,,
1780559391.5983856,VDD_CPU_GPU_CV,2125.44,,
1780559391.5983856,VDD_SOC,1695.232,,
1780559391.5983856,,,cpu-thermal,59.531
1780559391.5983856,,,gpu-thermal,59.718
1780559391.5983856,,,soc0-thermal,57.875
1780559391.5983856,,,soc1-thermal,57.25
1780559391.5983856,,,soc2-thermal,57.843
1780559391.5983856,,,tj-thermal,59.718
1780559391.7047708,VDD_IN,6741.504,,
1780559391.7047708,VDD_CPU_GPU_CV,2125.44,,
1780559391.7047708,VDD_SOC,1695.232,,
1780559391.7047708,,,cpu-thermal,59.593
1780559391.7047708,,,gpu-thermal,59.593
1780559391.7047708,,,soc0-thermal,57.906
1780559391.7047708,,,soc1-thermal,57.406
1780559391.7047708,,,soc2-thermal,57.968
1780559391.7047708,,,tj-thermal,59.593
1780559391.811178,VDD_IN,6702.08,,
1780559391.811178,VDD_CPU_GPU_CV,2125.44,,
1780559391.811178,VDD_SOC,1695.232,,
1780559391.811178,,,cpu-thermal,59.437
1780559391.811178,,,gpu-thermal,59.968
1780559391.811178,,,soc0-thermal,58.031
1780559391.811178,,,soc1-thermal,57.187
1780559391.811178,,,soc2-thermal,57.812
1780559391.811178,,,tj-thermal,59.968
1780559391.9176762,VDD_IN,6702.08,,
1780559391.9176762,VDD_CPU_GPU_CV,2086.08,,
1780559391.9176762,VDD_SOC,1695.232,,
1780559391.9176762,,,cpu-thermal,59.5
1780559391.9176762,,,gpu-thermal,59.906
1780559391.9176762,,,soc0-thermal,57.875
1780559391.9176762,,,soc1-thermal,57.312
1780559391.9176762,,,soc2-thermal,57.968
1780559391.9176762,,,tj-thermal,59.906
1780559392.024195,VDD_IN,6702.08,,
1780559392.024195,VDD_CPU_GPU_CV,2086.08,,
1780559392.024195,VDD_SOC,1695.232,,
1780559392.024195,,,cpu-thermal,59.531
1780559392.024195,,,gpu-thermal,59.812
1780559392.024195,,,soc0-thermal,57.875
1780559392.024195,,,soc1-thermal,57.25
1780559392.024195,,,soc2-thermal,57.875
1780559392.024195,,,tj-thermal,59.812
1780559392.1296048,VDD_IN,6702.08,,
1780559392.1296048,VDD_CPU_GPU_CV,2086.08,,
1780559392.1296048,VDD_SOC,1695.232,,
1780559392.1296048,,,cpu-thermal,59.437
1780559392.1296048,,,gpu-thermal,59.781
1780559392.1296048,,,soc0-thermal,58.031
1780559392.1296048,,,soc1-thermal,57.468
1780559392.1296048,,,soc2-thermal,57.906
1780559392.1296048,,,tj-thermal,59.781
1780559392.2361298,VDD_IN,6662.656,,
1780559392.2361298,VDD_CPU_GPU_CV,2086.08,,
1780559392.2361298,VDD_SOC,1695.232,,
1780559392.2361298,,,cpu-thermal,59.437
1780559392.2361298,,,gpu-thermal,59.781
1780559392.2361298,,,soc0-thermal,57.875
1780559392.2361298,,,soc1-thermal,57.343
1780559392.2361298,,,soc2-thermal,57.843
1780559392.2361298,,,tj-thermal,59.781
1780559392.3424976,VDD_IN,6780.928,,
1780559392.3424976,VDD_CPU_GPU_CV,2125.44,,
1780559392.3424976,VDD_SOC,1734.656,,
1780559392.3424976,,,cpu-thermal,59.593
1780559392.3424976,,,gpu-thermal,60.031
1780559392.3424976,,,soc0-thermal,57.906
1780559392.3424976,,,soc1-thermal,57.343
1780559392.3424976,,,soc2-thermal,57.875
1780559392.3424976,,,tj-thermal,60.031
1780559392.4483206,VDD_IN,6820.352,,
1780559392.4483206,VDD_CPU_GPU_CV,2164.8,,
1780559392.4483206,VDD_SOC,1734.656,,
1780559392.4483206,,,cpu-thermal,59.718
1780559392.4483206,,,gpu-thermal,59.968
1780559392.4483206,,,soc0-thermal,57.906
1780559392.4483206,,,soc1-thermal,57.5
1780559392.4483206,,,soc2-thermal,57.875
1780559392.4483206,,,tj-thermal,59.968
1780559392.5543272,VDD_IN,6859.776,,
1780559392.5543272,VDD_CPU_GPU_CV,2164.8,,
1780559392.5543272,VDD_SOC,1734.656,,
1780559392.5543272,,,cpu-thermal,59.5
1780559392.5543272,,,gpu-thermal,59.906
1780559392.5543272,,,soc0-thermal,58.093
1780559392.5543272,,,soc1-thermal,57.25
1780559392.5543272,,,soc2-thermal,57.875
1780559392.5543272,,,tj-thermal,59.906
1780559392.660319,VDD_IN,6780.928,,
1780559392.660319,VDD_CPU_GPU_CV,2164.8,,
1780559392.660319,VDD_SOC,1734.656,,
1780559392.660319,,,cpu-thermal,59.656
1780559392.660319,,,gpu-thermal,59.718
1780559392.660319,,,soc0-thermal,57.968
1780559392.660319,,,soc1-thermal,57.375
1780559392.660319,,,soc2-thermal,57.968
1780559392.660319,,,tj-thermal,59.718
1780559392.7664418,VDD_IN,6741.504,,
1780559392.7664418,VDD_CPU_GPU_CV,2125.44,,
1780559392.7664418,VDD_SOC,1695.232,,
1780559392.7664418,,,cpu-thermal,59.718
1780559392.7664418,,,gpu-thermal,59.75
1780559392.7664418,,,soc0-thermal,57.968
1780559392.7664418,,,soc1-thermal,57.375
1780559392.7664418,,,soc2-thermal,57.875
1780559392.7664418,,,tj-thermal,59.75
1780559392.872669,VDD_IN,6702.08,,
1780559392.872669,VDD_CPU_GPU_CV,2086.08,,
1780559392.872669,VDD_SOC,1695.232,,
1780559392.872669,,,cpu-thermal,59.562
1780559392.872669,,,gpu-thermal,59.718
1780559392.872669,,,soc0-thermal,58.031
1780559392.872669,,,soc1-thermal,57.312
1780559392.872669,,,soc2-thermal,57.875
1780559392.872669,,,tj-thermal,59.718
1780559392.9791157,VDD_IN,6662.656,,
1780559392.9791157,VDD_CPU_GPU_CV,2086.08,,
1780559392.9791157,VDD_SOC,1695.232,,
1780559392.9791157,,,cpu-thermal,59.531
1780559392.9791157,,,gpu-thermal,59.781
1780559392.9791157,,,soc0-thermal,57.937
1780559392.9791157,,,soc1-thermal,57.375
1780559392.9791157,,,soc2-thermal,57.937
1780559392.9791157,,,tj-thermal,59.968
1780559393.085535,VDD_IN,6662.656,,
1780559393.085535,VDD_CPU_GPU_CV,2086.08,,
1780559393.085535,VDD_SOC,1695.232,,
1780559393.085535,,,cpu-thermal,59.687
1780559393.085535,,,gpu-thermal,59.687
1780559393.085535,,,soc0-thermal,57.968
1780559393.085535,,,soc1-thermal,57.406
1780559393.085535,,,soc2-thermal,57.968
1780559393.085535,,,tj-thermal,59.875
1780559393.1913464,VDD_IN,6633.984,,
1780559393.1913464,VDD_CPU_GPU_CV,2086.08,,
1780559393.1913464,VDD_SOC,1695.232,,
1780559393.1913464,,,cpu-thermal,59.5
1780559393.1913464,,,gpu-thermal,60.156
1780559393.1913464,,,soc0-thermal,58.031
1780559393.1913464,,,soc1-thermal,57.5
1780559393.1913464,,,soc2-thermal,58.0
1780559393.1913464,,,tj-thermal,59.781
1780559393.298243,VDD_IN,6662.656,,
1780559393.298243,VDD_CPU_GPU_CV,2086.08,,
1780559393.298243,VDD_SOC,1695.232,,
1780559393.298243,,,cpu-thermal,59.5
1780559393.298243,,,gpu-thermal,59.968
1780559393.298243,,,soc0-thermal,57.937
1780559393.298243,,,soc1-thermal,57.343
1780559393.298243,,,soc2-thermal,57.968
1780559393.298243,,,tj-thermal,59.906
1780559393.404387,VDD_IN,6741.504,,
1780559393.404387,VDD_CPU_GPU_CV,2125.44,,
1780559393.404387,VDD_SOC,1695.232,,
1780559393.404387,,,cpu-thermal,59.781
1780559393.404387,,,gpu-thermal,59.937
1780559393.404387,,,soc0-thermal,57.906
1780559393.404387,,,soc1-thermal,57.437
1780559393.404387,,,soc2-thermal,57.968
1780559393.404387,,,tj-thermal,59.781
1780559393.5102723,VDD_IN,6741.504,,
1780559393.5102723,VDD_CPU_GPU_CV,2125.44,,
1780559393.5102723,VDD_SOC,1734.656,,
1780559393.5102723,,,cpu-thermal,59.437
1780559393.5102723,,,gpu-thermal,59.875
1780559393.5102723,,,soc0-thermal,58.031
1780559393.5102723,,,soc1-thermal,57.468
1780559393.5102723,,,soc2-thermal,57.937
1780559393.5102723,,,tj-thermal,60.125
1780559393.6165905,VDD_IN,6741.504,,
1780559393.6165905,VDD_CPU_GPU_CV,2125.44,,
1780559393.6165905,VDD_SOC,1695.232,,
1780559393.6165905,,,cpu-thermal,59.562
1780559393.6165905,,,gpu-thermal,59.812
1780559393.6165905,,,soc0-thermal,58.062
1780559393.6165905,,,soc1-thermal,57.343
1780559393.6165905,,,soc2-thermal,58.031
1780559393.6165905,,,tj-thermal,59.812
1780559393.7224693,VDD_IN,6662.656,,
1780559393.7224693,VDD_CPU_GPU_CV,2086.08,,
1780559393.7224693,VDD_SOC,1695.232,,
1780559393.7224693,,,cpu-thermal,59.718
1780559393.7224693,,,gpu-thermal,59.812
1780559393.7224693,,,soc0-thermal,57.906
1780559393.7224693,,,soc1-thermal,57.437
1780559393.7224693,,,soc2-thermal,58.0
1780559393.7224693,,,tj-thermal,59.812
1780559393.8284569,VDD_IN,6623.232,,
1780559393.8284569,VDD_CPU_GPU_CV,2086.08,,
1780559393.8284569,VDD_SOC,1695.232,,
1780559393.8284569,,,cpu-thermal,59.718
1780559393.8284569,,,gpu-thermal,60.031
1780559393.8284569,,,soc0-thermal,58.0
1780559393.8284569,,,soc1-thermal,57.437
1780559393.8284569,,,soc2-thermal,57.968
1780559393.8284569,,,tj-thermal,60.031
1780559393.9345536,VDD_IN,6623.232,,
1780559393.9345536,VDD_CPU_GPU_CV,2046.72,,
1780559393.9345536,VDD_SOC,1695.232,,
1780559393.9345536,,,cpu-thermal,59.468
1780559393.9345536,,,gpu-thermal,59.937
1780559393.9345536,,,soc0-thermal,58.093
1780559393.9345536,,,soc1-thermal,57.281
1780559393.9345536,,,soc2-thermal,57.906
1780559393.9345536,,,tj-thermal,59.937
1780559394.040905,VDD_IN,6623.232,,
1780559394.040905,VDD_CPU_GPU_CV,2046.72,,
1780559394.040905,VDD_SOC,1695.232,,
1780559394.040905,,,cpu-thermal,59.625
1780559394.040905,,,gpu-thermal,59.937
1780559394.040905,,,soc0-thermal,58.031
1780559394.040905,,,soc1-thermal,57.406
1780559394.040905,,,soc2-thermal,58.0
1780559394.040905,,,tj-thermal,59.937
1780559394.147217,VDD_IN,6623.232,,
1780559394.147217,VDD_CPU_GPU_CV,2046.72,,
1780559394.147217,VDD_SOC,1695.232,,
1780559394.147217,,,cpu-thermal,59.718
1780559394.147217,,,gpu-thermal,59.812
1780559394.147217,,,soc0-thermal,57.968
1780559394.147217,,,soc1-thermal,57.468
1780559394.147217,,,soc2-thermal,58.0
1780559394.147217,,,tj-thermal,59.812
1780559394.254025,VDD_IN,6594.496,,
1780559394.254025,VDD_CPU_GPU_CV,2046.72,,
1780559394.254025,VDD_SOC,1695.232,,
1780559394.254025,,,cpu-thermal,59.437
1780559394.254025,,,gpu-thermal,59.781
1780559394.254025,,,soc0-thermal,58.156
1780559394.254025,,,soc1-thermal,57.375
1780559394.254025,,,soc2-thermal,58.0
1780559394.254025,,,tj-thermal,59.781
1780559394.360009,VDD_IN,6702.08,,
1780559394.360009,VDD_CPU_GPU_CV,2086.08,,
1780559394.360009,VDD_SOC,1695.232,,
1780559394.360009,,,cpu-thermal,59.593
1780559394.360009,,,gpu-thermal,60.093
1780559394.360009,,,soc0-thermal,58.0
1780559394.360009,,,soc1-thermal,57.343
1780559394.360009,,,soc2-thermal,58.0
1780559394.360009,,,tj-thermal,60.093
1780559394.4660177,VDD_IN,6780.928,,
1780559394.4660177,VDD_CPU_GPU_CV,2125.44,,
1780559394.4660177,VDD_SOC,1695.232,,
1780559394.4660177,,,cpu-thermal,59.468
1780559394.4660177,,,gpu-thermal,60.031
1780559394.4660177,,,soc0-thermal,58.031
1780559394.4660177,,,soc1-thermal,57.437
1780559394.4660177,,,soc2-thermal,58.062
1780559394.4660177,,,tj-thermal,60.031
1780559394.572361,VDD_IN,6702.08,,
1780559394.572361,VDD_CPU_GPU_CV,2086.08,,
1780559394.572361,VDD_SOC,1695.232,,
1780559394.572361,,,cpu-thermal,59.593
1780559394.572361,,,gpu-thermal,59.937
1780559394.572361,,,soc0-thermal,58.062
1780559394.572361,,,soc1-thermal,57.625
1780559394.572361,,,soc2-thermal,58.0
1780559394.572361,,,tj-thermal,59.937
1780559394.6784277,VDD_IN,6673.472,,
1780559394.6784277,VDD_CPU_GPU_CV,2086.08,,
1780559394.6784277,VDD_SOC,1695.232,,
1780559394.6784277,,,cpu-thermal,59.593
1780559394.6784277,,,gpu-thermal,59.906
1780559394.6784277,,,soc0-thermal,58.031
1780559394.6784277,,,soc1-thermal,57.312
1780559394.6784277,,,soc2-thermal,58.0
1780559394.6784277,,,tj-thermal,59.906
1780559394.7850223,VDD_IN,6633.984,,
1780559394.7850223,VDD_CPU_GPU_CV,2050.048,,
1780559394.7850223,VDD_SOC,1695.232,,
1780559394.7850223,,,cpu-thermal,59.812
1780559394.7850223,,,gpu-thermal,59.781
1780559394.7850223,,,soc0-thermal,58.031
1780559394.7850223,,,soc1-thermal,57.468
1780559394.7850223,,,soc2-thermal,58.0
1780559394.7850223,,,tj-thermal,59.812
1780559394.8911235,VDD_IN,6594.496,,
1780559394.8911235,VDD_CPU_GPU_CV,2050.048,,
1780559394.8911235,VDD_SOC,1695.232,,
1780559394.8911235,,,cpu-thermal,59.937
1780559394.8911235,,,gpu-thermal,59.812
1780559394.8911235,,,soc0-thermal,58.0
1780559394.8911235,,,soc1-thermal,57.531
1780559394.8911235,,,soc2-thermal,57.937
1780559394.8911235,,,tj-thermal,59.937
1780559394.9972115,VDD_IN,6555.008,,
1780559394.9972115,VDD_CPU_GPU_CV,2010.624,,
1780559394.9972115,VDD_SOC,1695.232,,
1780559394.9972115,,,cpu-thermal,59.656
1780559394.9972115,,,gpu-thermal,59.843
1780559394.9972115,,,soc0-thermal,58.062
1780559394.9972115,,,soc1-thermal,57.406
1780559394.9972115,,,soc2-thermal,57.968
1780559394.9972115,,,tj-thermal,60.093
1780559395.103216,VDD_IN,6594.496,,
1780559395.103216,VDD_CPU_GPU_CV,2010.624,,
1780559395.103216,VDD_SOC,1695.232,,
1780559395.103216,,,cpu-thermal,59.75
1780559395.103216,,,gpu-thermal,59.781
1780559395.103216,,,soc0-thermal,58.062
1780559395.103216,,,soc1-thermal,57.468
1780559395.103216,,,soc2-thermal,58.031
1780559395.103216,,,tj-thermal,59.937
1780559395.2093787,VDD_IN,6594.496,,
1780559395.2093787,VDD_CPU_GPU_CV,2010.624,,
1780559395.2093787,VDD_SOC,1695.232,,
1780559395.2093787,,,cpu-thermal,59.812
1780559395.2093787,,,gpu-thermal,60.156
1780559395.2093787,,,soc0-thermal,58.093
1780559395.2093787,,,soc1-thermal,57.5
1780559395.2093787,,,soc2-thermal,58.0
1780559395.2093787,,,tj-thermal,59.906
1780559395.3160522,VDD_IN,6662.656,,
1780559395.3160522,VDD_CPU_GPU_CV,2046.72,,
1780559395.3160522,VDD_SOC,1695.232,,
1780559395.3160522,,,cpu-thermal,59.718
1780559395.3160522,,,gpu-thermal,60.093
1780559395.3160522,,,soc0-thermal,58.0
1780559395.3160522,,,soc1-thermal,57.5
1780559395.3160522,,,soc2-thermal,58.0
1780559395.3160522,,,tj-thermal,59.906
1780559395.4226363,VDD_IN,6741.504,,
1780559395.4226363,VDD_CPU_GPU_CV,2125.44,,
1780559395.4226363,VDD_SOC,1734.656,,
1780559395.4226363,,,cpu-thermal,59.687
1780559395.4226363,,,gpu-thermal,59.937
1780559395.4226363,,,soc0-thermal,58.062
1780559395.4226363,,,soc1-thermal,57.468
1780559395.4226363,,,soc2-thermal,58.031
1780559395.4226363,,,tj-thermal,59.875
1780559395.5285578,VDD_IN,6741.504,,
1780559395.5285578,VDD_CPU_GPU_CV,2125.44,,
1780559395.5285578,VDD_SOC,1734.656,,
1780559395.5285578,,,cpu-thermal,59.625
1780559395.5285578,,,gpu-thermal,60.0
1780559395.5285578,,,soc0-thermal,58.125
1780559395.5285578,,,soc1-thermal,57.5
1780559395.5285578,,,soc2-thermal,58.0
1780559395.5285578,,,tj-thermal,60.125
1780559395.6347136,VDD_IN,6741.504,,
1780559395.6347136,VDD_CPU_GPU_CV,2125.44,,
1780559395.6347136,VDD_SOC,1695.232,,
1780559395.6347136,,,cpu-thermal,59.625
1780559395.6347136,,,gpu-thermal,59.843
1780559395.6347136,,,soc0-thermal,58.218
1780559395.6347136,,,soc1-thermal,57.437
1780559395.6347136,,,soc2-thermal,58.062
1780559395.6347136,,,tj-thermal,59.843
1780559395.740779,VDD_IN,6702.08,,
1780559395.740779,VDD_CPU_GPU_CV,2086.08,,
1780559395.740779,VDD_SOC,1695.232,,
1780559395.740779,,,cpu-thermal,59.656
1780559395.740779,,,gpu-thermal,59.812
1780559395.740779,,,soc0-thermal,58.062
1780559395.740779,,,soc1-thermal,57.437
1780559395.740779,,,soc2-thermal,58.062
1780559395.740779,,,tj-thermal,59.812
1780559395.8466876,VDD_IN,6702.08,,
1780559395.8466876,VDD_CPU_GPU_CV,2086.08,,
1780559395.8466876,VDD_SOC,1695.232,,
1780559395.8466876,,,cpu-thermal,59.906
1780559395.8466876,,,gpu-thermal,60.156
1780559395.8466876,,,soc0-thermal,58.031
1780559395.8466876,,,soc1-thermal,57.562
1780559395.8466876,,,soc2-thermal,58.156
1780559395.8466876,,,tj-thermal,60.156
1780559395.9532182,VDD_IN,6662.656,,
1780559395.9532182,VDD_CPU_GPU_CV,2086.08,,
1780559395.9532182,VDD_SOC,1695.232,,
1780559395.9532182,,,cpu-thermal,59.625
1780559395.9532182,,,gpu-thermal,60.031
1780559395.9532182,,,soc0-thermal,58.218
1780559395.9532182,,,soc1-thermal,57.625
1780559395.9532182,,,soc2-thermal,58.062
1780559395.9532182,,,tj-thermal,60.031
1780559396.0592792,VDD_IN,6662.656,,
1780559396.0592792,VDD_CPU_GPU_CV,2086.08,,
1780559396.0592792,VDD_SOC,1695.232,,
1780559396.0592792,,,cpu-thermal,59.75
1780559396.0592792,,,gpu-thermal,59.937
1780559396.0592792,,,soc0-thermal,58.062
1780559396.0592792,,,soc1-thermal,57.468
1780559396.0592792,,,soc2-thermal,58.125
1780559396.0592792,,,tj-thermal,59.937
1780559396.1655142,VDD_IN,6662.656,,
1780559396.1655142,VDD_CPU_GPU_CV,2086.08,,
1780559396.1655142,VDD_SOC,1695.232,,
1780559396.1655142,,,cpu-thermal,59.781
1780559396.1655142,,,gpu-thermal,59.875
1780559396.1655142,,,soc0-thermal,58.187
1780559396.1655142,,,soc1-thermal,57.5
1780559396.1655142,,,soc2-thermal,58.062
1780559396.1655142,,,tj-thermal,59.875
1780559396.2716749,VDD_IN,6662.656,,
1780559396.2716749,VDD_CPU_GPU_CV,2086.08,,
1780559396.2716749,VDD_SOC,1695.232,,
1780559396.2716749,,,cpu-thermal,59.843
1780559396.2716749,,,gpu-thermal,59.812
1780559396.2716749,,,soc0-thermal,58.218
1780559396.2716749,,,soc1-thermal,57.687
1780559396.2716749,,,soc2-thermal,58.093
1780559396.2716749,,,tj-thermal,59.812
1780559396.3777452,VDD_IN,6780.928,,
1780559396.3777452,VDD_CPU_GPU_CV,2125.44,,
1780559396.3777452,VDD_SOC,1734.656,,
1780559396.3777452,,,cpu-thermal,59.687
1780559396.3777452,,,gpu-thermal,60.25
1780559396.3777452,,,soc0-thermal,58.187
1780559396.3777452,,,soc1-thermal,57.468
1780559396.3777452,,,soc2-thermal,58.0
1780559396.3777452,,,tj-thermal,60.25
1780559396.4838529,VDD_IN,6820.352,,
1780559396.4838529,VDD_CPU_GPU_CV,2164.8,,
1780559396.4838529,VDD_SOC,1734.656,,
1780559396.4838529,,,cpu-thermal,59.718
1780559396.4838529,,,gpu-thermal,60.187
1780559396.4838529,,,soc0-thermal,58.031
1780559396.4838529,,,soc1-thermal,57.531
1780559396.4838529,,,soc2-thermal,58.125
1780559396.4838529,,,tj-thermal,60.187
1780559396.5900695,VDD_IN,6741.504,,
1780559396.5900695,VDD_CPU_GPU_CV,2125.44,,
1780559396.5900695,VDD_SOC,1734.656,,
1780559396.5900695,,,cpu-thermal,59.843
1780559396.5900695,,,gpu-thermal,60.031
1780559396.5900695,,,soc0-thermal,58.093
1780559396.5900695,,,soc1-thermal,57.531
1780559396.5900695,,,soc2-thermal,58.0
1780559396.5900695,,,tj-thermal,60.031
1780559396.6961355,VDD_IN,6741.504,,
1780559396.6961355,VDD_CPU_GPU_CV,2125.44,,
1780559396.6961355,VDD_SOC,1695.232,,
1780559396.6961355,,,cpu-thermal,59.75
1780559396.6961355,,,gpu-thermal,59.937
1780559396.6961355,,,soc0-thermal,58.25
1780559396.6961355,,,soc1-thermal,57.468
1780559396.6961355,,,soc2-thermal,58.093
1780559396.6961355,,,tj-thermal,59.937
1780559396.8026445,VDD_IN,6741.504,,
1780559396.8026445,VDD_CPU_GPU_CV,2125.44,,
1780559396.8026445,VDD_SOC,1695.232,,
1780559396.8026445,,,cpu-thermal,59.718
1780559396.8026445,,,gpu-thermal,59.906
1780559396.8026445,,,soc0-thermal,58.093
1780559396.8026445,,,soc1-thermal,57.5
1780559396.8026445,,,soc2-thermal,58.156
1780559396.8026445,,,tj-thermal,60.0
1780559396.9089365,VDD_IN,6702.08,,
1780559396.9089365,VDD_CPU_GPU_CV,2086.08,,
1780559396.9089365,VDD_SOC,1695.232,,
1780559396.9089365,,,cpu-thermal,59.718
1780559396.9089365,,,gpu-thermal,59.875
1780559396.9089365,,,soc0-thermal,58.218
1780559396.9089365,,,soc1-thermal,57.593
1780559396.9089365,,,soc2-thermal,58.25
1780559396.9089365,,,tj-thermal,59.875
1780559397.0150917,VDD_IN,6662.656,,
1780559397.0150917,VDD_CPU_GPU_CV,2086.08,,
1780559397.0150917,VDD_SOC,1695.232,,
1780559397.0150917,,,cpu-thermal,59.75
1780559397.0150917,,,gpu-thermal,59.937
1780559397.0150917,,,soc0-thermal,58.093
1780559397.0150917,,,soc1-thermal,57.437
1780559397.0150917,,,soc2-thermal,58.031
1780559397.0150917,,,tj-thermal,60.156
1780559397.1213636,VDD_IN,6702.08,,
1780559397.1213636,VDD_CPU_GPU_CV,2086.08,,
1780559397.1213636,VDD_SOC,1695.232,,
1780559397.1213636,,,cpu-thermal,59.906
1780559397.1213636,,,gpu-thermal,59.906
1780559397.1213636,,,soc0-thermal,58.156
1780559397.1213636,,,soc1-thermal,57.468
1780559397.1213636,,,soc2-thermal,58.156
1780559397.1213636,,,tj-thermal,60.062
1780559397.2273796,VDD_IN,6662.656,,
1780559397.2273796,VDD_CPU_GPU_CV,2086.08,,
1780559397.2273796,VDD_SOC,1695.232,,
1780559397.2273796,,,cpu-thermal,59.968
1780559397.2273796,,,gpu-thermal,60.281
1780559397.2273796,,,soc0-thermal,58.187
1780559397.2273796,,,soc1-thermal,57.562
1780559397.2273796,,,soc2-thermal,58.218
1780559397.2273796,,,tj-thermal,59.968
1780559397.3337936,VDD_IN,6741.504,,
1780559397.3337936,VDD_CPU_GPU_CV,2125.44,,
1780559397.3337936,VDD_SOC,1695.232,,
1780559397.3337936,,,cpu-thermal,60.031
1780559397.3337936,,,gpu-thermal,60.125
1780559397.3337936,,,soc0-thermal,58.281
1780559397.3337936,,,soc1-thermal,57.718
1780559397.3337936,,,soc2-thermal,58.031
1780559397.3337936,,,tj-thermal,60.031
1780559397.4396088,VDD_IN,6820.352,,
1780559397.4396088,VDD_CPU_GPU_CV,2164.8,,
1780559397.4396088,VDD_SOC,1731.84,,
1780559397.4396088,,,cpu-thermal,59.687
1780559397.4396088,,,gpu-thermal,60.125
1780559397.4396088,,,soc0-thermal,58.125
1780559397.4396088,,,soc1-thermal,57.468
1780559397.4396088,,,soc2-thermal,58.125
1780559397.4396088,,,tj-thermal,60.125
1780559397.5455644,VDD_IN,6780.928,,
1780559397.5455644,VDD_CPU_GPU_CV,2125.44,,
1780559397.5455644,VDD_SOC,1734.656,,
1780559397.5455644,,,cpu-thermal,59.75
1780559397.5455644,,,gpu-thermal,60.062
1780559397.5455644,,,soc0-thermal,58.218
1780559397.5455644,,,soc1-thermal,57.625
1780559397.5455644,,,soc2-thermal,58.156
1780559397.5455644,,,tj-thermal,60.062
1780559397.6517124,VDD_IN,6780.928,,
1780559397.6517124,VDD_CPU_GPU_CV,2125.44,,
1780559397.6517124,VDD_SOC,1734.656,,
1780559397.6517124,,,cpu-thermal,59.937
1780559397.6517124,,,gpu-thermal,59.937
1780559397.6517124,,,soc0-thermal,58.218
1780559397.6517124,,,soc1-thermal,57.718
1780559397.6517124,,,soc2-thermal,58.125
1780559397.6517124,,,tj-thermal,59.937
1780559397.7576623,VDD_IN,6741.504,,
1780559397.7576623,VDD_CPU_GPU_CV,2125.44,,
1780559397.7576623,VDD_SOC,1695.232,,
1780559397.7576623,,,cpu-thermal,59.718
1780559397.7576623,,,gpu-thermal,59.906
1780559397.7576623,,,soc0-thermal,58.25
1780559397.7576623,,,soc1-thermal,57.468
1780559397.7576623,,,soc2-thermal,58.093
1780559397.7576623,,,tj-thermal,59.906
1780559397.8635383,VDD_IN,6702.08,,
1780559397.8635383,VDD_CPU_GPU_CV,2125.44,,
1780559397.8635383,VDD_SOC,1695.232,,
1780559397.8635383,,,cpu-thermal,59.75
1780559397.8635383,,,gpu-thermal,60.218
1780559397.8635383,,,soc0-thermal,58.156
1780559397.8635383,,,soc1-thermal,57.562
1780559397.8635383,,,soc2-thermal,58.218
1780559397.8635383,,,tj-thermal,60.218
1780559397.9695084,VDD_IN,6702.08,,
1780559397.9695084,VDD_CPU_GPU_CV,2086.08,,
1780559397.9695084,VDD_SOC,1695.232,,
1780559397.9695084,,,cpu-thermal,59.843
1780559397.9695084,,,gpu-thermal,60.125
1780559397.9695084,,,soc0-thermal,58.187
1780559397.9695084,,,soc1-thermal,57.562
1780559397.9695084,,,soc2-thermal,58.343
1780559397.9695084,,,tj-thermal,60.125
1780559398.0756671,VDD_IN,6662.656,,
1780559398.0756671,VDD_CPU_GPU_CV,2086.08,,
1780559398.0756671,VDD_SOC,1695.232,,
1780559398.0756671,,,cpu-thermal,59.75
1780559398.0756671,,,gpu-thermal,59.937
1780559398.0756671,,,soc0-thermal,58.281
1780559398.0756671,,,soc1-thermal,57.562
1780559398.0756671,,,soc2-thermal,58.125
1780559398.0756671,,,tj-thermal,59.968
1780559398.181706,VDD_IN,6662.656,,
1780559398.181706,VDD_CPU_GPU_CV,2086.08,,
1780559398.181706,VDD_SOC,1695.232,,
1780559398.181706,,,cpu-thermal,59.75
1780559398.181706,,,gpu-thermal,60.187
1780559398.181706,,,soc0-thermal,58.125
1780559398.181706,,,soc1-thermal,57.531
1780559398.181706,,,soc2-thermal,58.281
1780559398.181706,,,tj-thermal,60.0
1780559398.2878065,VDD_IN,6702.08,,
1780559398.2878065,VDD_CPU_GPU_CV,2125.44,,
1780559398.2878065,VDD_SOC,1695.232,,
1780559398.2878065,,,cpu-thermal,60.125
1780559398.2878065,,,gpu-thermal,60.093
1780559398.2878065,,,soc0-thermal,58.218
1780559398.2878065,,,soc1-thermal,57.656
1780559398.2878065,,,soc2-thermal,58.25
1780559398.2878065,,,tj-thermal,60.125
1780559398.3938906,VDD_IN,6780.928,,
1780559398.3938906,VDD_CPU_GPU_CV,2164.8,,
1780559398.3938906,VDD_SOC,1734.656,,
1780559398.3938906,,,cpu-thermal,59.718
1780559398.3938906,,,gpu-thermal,60.093
1780559398.3938906,,,soc0-thermal,58.281
1780559398.3938906,,,soc1-thermal,57.531
1780559398.3938906,,,soc2-thermal,58.031
1780559398.3938906,,,tj-thermal,60.375
1780559398.4999642,VDD_IN,6820.352,,
1780559398.4999642,VDD_CPU_GPU_CV,2164.8,,
1780559398.4999642,VDD_SOC,1731.84,,
1780559398.4999642,,,cpu-thermal,59.687
1780559398.4999642,,,gpu-thermal,60.062
1780559398.4999642,,,soc0-thermal,58.375
1780559398.4999642,,,soc1-thermal,57.593
1780559398.4999642,,,soc2-thermal,58.187
1780559398.4999642,,,tj-thermal,60.156
1780559398.6062887,VDD_IN,6780.928,,
1780559398.6062887,VDD_CPU_GPU_CV,2125.44,,
1780559398.6062887,VDD_SOC,1734.656,,
1780559398.6062887,,,cpu-thermal,60.062
1780559398.6062887,,,gpu-thermal,59.937
1780559398.6062887,,,soc0-thermal,58.218
1780559398.6062887,,,soc1-thermal,57.718
1780559398.6062887,,,soc2-thermal,58.281
1780559398.6062887,,,tj-thermal,60.062
1780559398.7122002,VDD_IN,6741.504,,
1780559398.7122002,VDD_CPU_GPU_CV,2125.44,,
1780559398.7122002,VDD_SOC,1695.232,,
1780559398.7122002,,,cpu-thermal,60.062
1780559398.7122002,,,gpu-thermal,60.312
1780559398.7122002,,,soc0-thermal,58.218
1780559398.7122002,,,soc1-thermal,57.75
1780559398.7122002,,,soc2-thermal,58.187
1780559398.7122002,,,tj-thermal,60.312
1780559398.8181272,VDD_IN,6741.504,,
1780559398.8181272,VDD_CPU_GPU_CV,2125.44,,
1780559398.8181272,VDD_SOC,1695.232,,
1780559398.8181272,,,cpu-thermal,59.812
1780559398.8181272,,,gpu-thermal,60.187
1780559398.8181272,,,soc0-thermal,58.312
1780559398.8181272,,,soc1-thermal,57.562
1780559398.8181272,,,soc2-thermal,58.156
1780559398.8181272,,,tj-thermal,60.187
1780559398.9240947,VDD_IN,6702.08,,
1780559398.9240947,VDD_CPU_GPU_CV,2086.08,,
1780559398.9240947,VDD_SOC,1695.232,,
1780559398.9240947,,,cpu-thermal,59.968
1780559398.9240947,,,gpu-thermal,60.062
1780559398.9240947,,,soc0-thermal,58.125
1780559398.9240947,,,soc1-thermal,57.625
1780559398.9240947,,,soc2-thermal,58.218
1780559398.9240947,,,tj-thermal,60.062
1780559399.0301256,VDD_IN,6662.656,,
1780559399.0301256,VDD_CPU_GPU_CV,2086.08,,
1780559399.0301256,VDD_SOC,1695.232,,
1780559399.0301256,,,cpu-thermal,59.968
1780559399.0301256,,,gpu-thermal,60.031
1780559399.0301256,,,soc0-thermal,58.281
1780559399.0301256,,,soc1-thermal,57.656
1780559399.0301256,,,soc2-thermal,58.343
1780559399.0301256,,,tj-thermal,60.031
1780559399.1360016,VDD_IN,6662.656,,
1780559399.1360016,VDD_CPU_GPU_CV,2086.08,,
1780559399.1360016,VDD_SOC,1695.232,,
1780559399.1360016,,,cpu-thermal,59.718
1780559399.1360016,,,gpu-thermal,59.968
1780559399.1360016,,,soc0-thermal,58.312
1780559399.1360016,,,soc1-thermal,57.718
1780559399.1360016,,,soc2-thermal,58.281
1780559399.1360016,,,tj-thermal,59.968
1780559399.241904,VDD_IN,6662.656,,
1780559399.241904,VDD_CPU_GPU_CV,2086.08,,
1780559399.241904,VDD_SOC,1695.232,,
1780559399.241904,,,cpu-thermal,59.781
1780559399.241904,,,gpu-thermal,60.062
1780559399.241904,,,soc0-thermal,58.187
1780559399.241904,,,soc1-thermal,57.562
1780559399.241904,,,soc2-thermal,58.281
1780559399.241904,,,tj-thermal,60.406
1780559399.3484836,VDD_IN,6741.504,,
1780559399.3484836,VDD_CPU_GPU_CV,2125.44,,
1780559399.3484836,VDD_SOC,1695.232,,
1780559399.3484836,,,cpu-thermal,59.812
1780559399.3484836,,,gpu-thermal,60.031
1780559399.3484836,,,soc0-thermal,58.156
1780559399.3484836,,,soc1-thermal,57.656
1780559399.3484836,,,soc2-thermal,58.281
1780559399.3484836,,,tj-thermal,60.218
1780559399.4547765,VDD_IN,6820.352,,
1780559399.4547765,VDD_CPU_GPU_CV,2164.8,,
1780559399.4547765,VDD_SOC,1734.656,,
1780559399.4547765,,,cpu-thermal,59.718
1780559399.4547765,,,gpu-thermal,60.031
1780559399.4547765,,,soc0-thermal,58.312
1780559399.4547765,,,soc1-thermal,57.812
1780559399.4547765,,,soc2-thermal,58.156
1780559399.4547765,,,tj-thermal,60.187
1780559399.5606098,VDD_IN,6780.928,,
1780559399.5606098,VDD_CPU_GPU_CV,2125.44,,
1780559399.5606098,VDD_SOC,1734.656,,
1780559399.5606098,,,cpu-thermal,59.781
1780559399.5606098,,,gpu-thermal,60.375
1780559399.5606098,,,soc0-thermal,58.218
1780559399.5606098,,,soc1-thermal,57.656
1780559399.5606098,,,soc2-thermal,58.281
1780559399.5606098,,,tj-thermal,60.0
1780559399.6674325,VDD_IN,6741.504,,
1780559399.6674325,VDD_CPU_GPU_CV,2125.44,,
1780559399.6674325,VDD_SOC,1695.232,,
1780559399.6674325,,,cpu-thermal,60.187
1780559399.6674325,,,gpu-thermal,60.312
1780559399.6674325,,,soc0-thermal,58.25
1780559399.6674325,,,soc1-thermal,57.687
1780559399.6674325,,,soc2-thermal,58.312
1780559399.6674325,,,tj-thermal,60.187
1780559399.7736835,VDD_IN,6702.08,,
1780559399.7736835,VDD_CPU_GPU_CV,2086.08,,
1780559399.7736835,VDD_SOC,1695.232,,
1780559399.7736835,,,cpu-thermal,60.093
1780559399.7736835,,,gpu-thermal,60.093
1780559399.7736835,,,soc0-thermal,58.343
1780559399.7736835,,,soc1-thermal,57.843
1780559399.7736835,,,soc2-thermal,58.25
1780559399.7736835,,,tj-thermal,60.093
1780559399.8796406,VDD_IN,6702.08,,
1780559399.8796406,VDD_CPU_GPU_CV,2086.08,,
1780559399.8796406,VDD_SOC,1695.232,,
1780559399.8796406,,,cpu-thermal,59.75
1780559399.8796406,,,gpu-thermal,60.156
1780559399.8796406,,,soc0-thermal,58.218
1780559399.8796406,,,soc1-thermal,57.656
1780559399.8796406,,,soc2-thermal,58.343
1780559399.8796406,,,tj-thermal,60.406
1780559399.9864502,VDD_IN,6662.656,,
1780559399.9864502,VDD_CPU_GPU_CV,2086.08,,
1780559399.9864502,VDD_SOC,1695.232,,
1780559399.9864502,,,cpu-thermal,60.031
1780559399.9864502,,,gpu-thermal,60.031
1780559399.9864502,,,soc0-thermal,58.218
1780559399.9864502,,,soc1-thermal,57.687
1780559399.9864502,,,soc2-thermal,58.312
1780559399.9864502,,,tj-thermal,60.25
1780559400.0928404,VDD_IN,6741.504,,
1780559400.0928404,VDD_CPU_GPU_CV,2164.8,,
1780559400.0928404,VDD_SOC,1692.48,,
1780559400.0928404,,,cpu-thermal,60.187
1780559400.0928404,,,gpu-thermal,59.968
1780559400.0928404,,,soc0-thermal,58.343
1780559400.0928404,,,soc1-thermal,57.812
1780559400.0928404,,,soc2-thermal,58.25
1780559400.0928404,,,tj-thermal,60.125
1780559400.1996243,VDD_IN,6809.28,,
1780559400.1996243,VDD_CPU_GPU_CV,2200.576,,
1780559400.1996243,VDD_SOC,1692.48,,
1780559400.1996243,,,cpu-thermal,59.937
1780559400.1996243,,,gpu-thermal,60.125
1780559400.1996243,,,soc0-thermal,58.156
1780559400.1996243,,,soc1-thermal,57.625
1780559400.1996243,,,soc2-thermal,58.312
1780559400.1996243,,,tj-thermal,60.125
1780559400.3070374,VDD_IN,6927.36,,
1780559400.3070374,VDD_CPU_GPU_CV,2279.168,,
1780559400.3070374,VDD_SOC,1731.84,,
1780559400.3070374,,,cpu-thermal,60.031
1780559400.3070374,,,gpu-thermal,60.062
1780559400.3070374,,,soc0-thermal,58.218
1780559400.3070374,,,soc1-thermal,57.781
1780559400.3070374,,,soc2-thermal,58.375
1780559400.3070374,,,tj-thermal,60.062
1780559400.4137585,VDD_IN,7084.8,,
1780559400.4137585,VDD_CPU_GPU_CV,2357.76,,
1780559400.4137585,VDD_SOC,1731.84,,
1780559400.4137585,,,cpu-thermal,59.937
1780559400.4137585,,,gpu-thermal,60.437
1780559400.4137585,,,soc0-thermal,58.343
1780559400.4137585,,,soc1-thermal,57.843
1780559400.4137585,,,soc2-thermal,58.343
1780559400.4137585,,,tj-thermal,60.437
1780559400.5205033,VDD_IN,7163.52,,
1780559400.5205033,VDD_CPU_GPU_CV,2397.056,,
1780559400.5205033,VDD_SOC,1729.024,,
1780559400.5205033,,,cpu-thermal,60.031
1780559400.5205033,,,gpu-thermal,60.343
1780559400.5205033,,,soc0-thermal,58.187
1780559400.5205033,,,soc1-thermal,57.687
1780559400.5205033,,,soc2-thermal,58.343
1780559400.5205033,,,tj-thermal,60.343
1780559400.6268685,VDD_IN,7163.52,,
1780559400.6268685,VDD_CPU_GPU_CV,2432.384,,
1780559400.6268685,VDD_SOC,1729.024,,
1780559400.6268685,,,cpu-thermal,60.218
1780559400.6268685,,,gpu-thermal,60.25
1780559400.6268685,,,soc0-thermal,58.25
1780559400.6268685,,,soc1-thermal,57.687
1780559400.6268685,,,soc2-thermal,58.343
1780559400.6268685,,,tj-thermal,60.25
1780559400.7331522,VDD_IN,7163.52,,
1780559400.7331522,VDD_CPU_GPU_CV,2432.384,,
1780559400.7331522,VDD_SOC,1729.024,,
1780559400.7331522,,,cpu-thermal,60.343
1780559400.7331522,,,gpu-thermal,60.093
1780559400.7331522,,,soc0-thermal,58.437
1780559400.7331522,,,soc1-thermal,57.843
1780559400.7331522,,,soc2-thermal,58.312
1780559400.7331522,,,tj-thermal,60.343
1780559400.8395321,VDD_IN,7112.576,,
1780559400.8395321,VDD_CPU_GPU_CV,2393.152,,
1780559400.8395321,VDD_SOC,1729.024,,
1780559400.8395321,,,cpu-thermal,60.093
1780559400.8395321,,,gpu-thermal,60.093
1780559400.8395321,,,soc0-thermal,58.312
1780559400.8395321,,,soc1-thermal,57.718
1780559400.8395321,,,soc2-thermal,58.343
1780559400.8395321,,,tj-thermal,60.093
1780559400.9460042,VDD_IN,7230.464,,
1780559400.9460042,VDD_CPU_GPU_CV,2471.616,,
1780559400.9460042,VDD_SOC,1729.024,,
1780559400.9460042,,,cpu-thermal,60.25
1780559400.9460042,,,gpu-thermal,60.031
1780559400.9460042,,,soc0-thermal,58.343
1780559400.9460042,,,soc1-thermal,57.812
1780559400.9460042,,,soc2-thermal,58.5
1780559400.9460042,,,tj-thermal,60.25
1780559401.0539026,VDD_IN,7348.352,,
1780559401.0539026,VDD_CPU_GPU_CV,2589.312,,
1780559401.0539026,VDD_SOC,1768.32,,
1780559401.0539026,,,cpu-thermal,60.218
1780559401.0539026,,,gpu-thermal,60.156
1780559401.0539026,,,soc0-thermal,58.375
1780559401.0539026,,,soc1-thermal,57.687
1780559401.0539026,,,soc2-thermal,58.375
1780559401.0539026,,,tj-thermal,60.218
1780559401.1623127,VDD_IN,7466.24,,
1780559401.1623127,VDD_CPU_GPU_CV,2667.776,,
1780559401.1623127,VDD_SOC,1768.32,,
1780559401.1623127,,,cpu-thermal,60.406
1780559401.1623127,,,gpu-thermal,60.125
1780559401.1623127,,,soc0-thermal,58.375
1780559401.1623127,,,soc1-thermal,57.687
1780559401.1623127,,,soc2-thermal,58.531
1780559401.1623127,,,tj-thermal,60.5
1780559401.2700522,VDD_IN,7584.128,,
1780559401.2700522,VDD_CPU_GPU_CV,2785.472,,
1780559401.2700522,VDD_SOC,1768.32,,
1780559401.2700522,,,cpu-thermal,60.781
1780559401.2700522,,,gpu-thermal,60.468
1780559401.2700522,,,soc0-thermal,58.375
1780559401.2700522,,,soc1-thermal,57.937
1780559401.2700522,,,soc2-thermal,58.437
1780559401.2700522,,,tj-thermal,60.781
1780559401.3763719,VDD_IN,7819.904,,
1780559401.3763719,VDD_CPU_GPU_CV,2898.432,,
1780559401.3763719,VDD_SOC,1807.616,,
1780559401.3763719,,,cpu-thermal,60.343
1780559401.3763719,,,gpu-thermal,60.437
1780559401.3763719,,,soc0-thermal,58.343
1780559401.3763719,,,soc1-thermal,57.75
1780559401.3763719,,,soc2-thermal,58.468
1780559401.3763719,,,tj-thermal,60.437
1780559401.4829295,VDD_IN,7819.904,,
1780559401.4829295,VDD_CPU_GPU_CV,2903.168,,
1780559401.4829295,VDD_SOC,1807.616,,
1780559401.4829295,,,cpu-thermal,60.343
1780559401.4829295,,,gpu-thermal,60.343
1780559401.4829295,,,soc0-thermal,58.375
1780559401.4829295,,,soc1-thermal,57.781
1780559401.4829295,,,soc2-thermal,58.437
1780559401.4829295,,,tj-thermal,60.343
1780559401.5893168,VDD_IN,7662.72,,
1780559401.5893168,VDD_CPU_GPU_CV,2785.472,,
1780559401.5893168,VDD_SOC,1768.32,,
1780559401.5893168,,,cpu-thermal,60.437
1780559401.5893168,,,gpu-thermal,60.218
1780559401.5893168,,,soc0-thermal,58.437
1780559401.5893168,,,soc1-thermal,57.906
1780559401.5893168,,,soc2-thermal,58.343
1780559401.5893168,,,tj-thermal,60.218
1780559401.6956031,VDD_IN,7544.832,,
1780559401.6956031,VDD_CPU_GPU_CV,2702.592,,
1780559401.6956031,VDD_SOC,1765.44,,
1780559401.6956031,,,cpu-thermal,60.187
1780559401.6956031,,,gpu-thermal,60.125
1780559401.6956031,,,soc0-thermal,58.531
1780559401.6956031,,,soc1-thermal,57.718
1780559401.6956031,,,soc2-thermal,58.5
1780559401.6956031,,,tj-thermal,60.187
1780559401.8022413,VDD_IN,7466.24,,
1780559401.8022413,VDD_CPU_GPU_CV,2663.424,,
1780559401.8022413,VDD_SOC,1765.44,,
1780559401.8022413,,,cpu-thermal,60.281
1780559401.8022413,,,gpu-thermal,60.156
1780559401.8022413,,,soc0-thermal,58.375
1780559401.8022413,,,soc1-thermal,57.875
1780559401.8022413,,,soc2-thermal,58.5
1780559401.8022413,,,tj-thermal,60.343
1780559401.9096859,VDD_IN,7348.352,,
1780559401.9096859,VDD_CPU_GPU_CV,2585.088,,
1780559401.9096859,VDD_SOC,1726.208,,
1780559401.9096859,,,cpu-thermal,60.187
1780559401.9096859,,,gpu-thermal,60.437
1780559401.9096859,,,soc0-thermal,58.406
1780559401.9096859,,,soc1-thermal,57.937
1780559401.9096859,,,soc2-thermal,58.437
1780559401.9096859,,,tj-thermal,60.25
1780559402.0165799,VDD_IN,7348.352,,
1780559402.0165799,VDD_CPU_GPU_CV,2585.088,,
1780559402.0165799,VDD_SOC,1726.208,,
1780559402.0165799,,,cpu-thermal,60.187
1780559402.0165799,,,gpu-thermal,60.375
1780559402.0165799,,,soc0-thermal,58.406
1780559402.0165799,,,soc1-thermal,57.812
1780559402.0165799,,,soc2-thermal,58.531
1780559402.0165799,,,tj-thermal,60.187
1780559402.1227617,VDD_IN,7269.76,,
1780559402.1227617,VDD_CPU_GPU_CV,2545.92,,
1780559402.1227617,VDD_SOC,1726.208,,
1780559402.1227617,,,cpu-thermal,60.437
1780559402.1227617,,,gpu-thermal,60.25
1780559402.1227617,,,soc0-thermal,58.375
1780559402.1227617,,,soc1-thermal,57.843
1780559402.1227617,,,soc2-thermal,58.5
1780559402.1227617,,,tj-thermal,60.562
1780559402.2289948,VDD_IN,7191.168,,
1780559402.2289948,VDD_CPU_GPU_CV,2506.752,,
1780559402.2289948,VDD_SOC,1726.208,,
1780559402.2289948,,,cpu-thermal,60.5
1780559402.2289948,,,gpu-thermal,60.156
1780559402.2289948,,,soc0-thermal,58.343
1780559402.2289948,,,soc1-thermal,57.968
1780559402.2289948,,,soc2-thermal,58.437
1780559402.2289948,,,tj-thermal,60.5
1780559402.3356342,VDD_IN,7269.76,,
1780559402.3356342,VDD_CPU_GPU_CV,2506.752,,
1780559402.3356342,VDD_SOC,1726.208,,
1780559402.3356342,,,cpu-thermal,60.187
1780559402.3356342,,,gpu-thermal,60.125
1780559402.3356342,,,soc0-thermal,58.406
1780559402.3356342,,,soc1-thermal,57.812
1780559402.3356342,,,soc2-thermal,58.531
1780559402.3356342,,,tj-thermal,60.343
1780559402.44169,VDD_IN,7348.352,,
1780559402.44169,VDD_CPU_GPU_CV,2585.088,,
1780559402.44169,VDD_SOC,1768.32,,
1780559402.44169,,,cpu-thermal,60.281
1780559402.44169,,,gpu-thermal,60.593
1780559402.44169,,,soc0-thermal,58.375
1780559402.44169,,,soc1-thermal,57.843
1780559402.44169,,,soc2-thermal,58.5
1780559402.44169,,,tj-thermal,60.281
1780559402.547816,VDD_IN,7309.056,,
1780559402.547816,VDD_CPU_GPU_CV,2545.92,,
1780559402.547816,VDD_SOC,1768.32,,
1780559402.547816,,,cpu-thermal,60.375
1780559402.547816,,,gpu-thermal,60.25
1780559402.547816,,,soc0-thermal,58.531
1780559402.547816,,,soc1-thermal,57.937
1780559402.547816,,,soc2-thermal,58.5
1780559402.547816,,,tj-thermal,60.25
1780559402.6554203,VDD_IN,7269.76,,
1780559402.6554203,VDD_CPU_GPU_CV,2510.848,,
1780559402.6554203,VDD_SOC,1729.024,,
1780559402.6554203,,,cpu-thermal,60.281
1780559402.6554203,,,gpu-thermal,60.156
1780559402.6554203,,,soc0-thermal,58.531
1780559402.6554203,,,soc1-thermal,57.781
1780559402.6554203,,,soc2-thermal,58.468
1780559402.6554203,,,tj-thermal,60.281
1780559402.7616284,VDD_IN,7230.464,,
1780559402.7616284,VDD_CPU_GPU_CV,2467.584,,
1780559402.7616284,VDD_SOC,1726.208,,
1780559402.7616284,,,cpu-thermal,60.312
1780559402.7616284,,,gpu-thermal,60.531
1780559402.7616284,,,soc0-thermal,58.437
1780559402.7616284,,,soc1-thermal,57.875
1780559402.7616284,,,soc2-thermal,58.5
1780559402.7616284,,,tj-thermal,60.531
1780559402.8680847,VDD_IN,7191.168,,
1780559402.8680847,VDD_CPU_GPU_CV,2467.584,,
1780559402.8680847,VDD_SOC,1726.208,,
1780559402.8680847,,,cpu-thermal,60.187
1780559402.8680847,,,gpu-thermal,60.343
1780559402.8680847,,,soc0-thermal,58.468
1780559402.8680847,,,soc1-thermal,57.906
1780559402.8680847,,,soc2-thermal,58.468
1780559402.8680847,,,tj-thermal,60.343
1780559402.9744802,VDD_IN,7191.168,,
1780559402.9744802,VDD_CPU_GPU_CV,2506.752,,
1780559402.9744802,VDD_SOC,1726.208,,
1780559402.9744802,,,cpu-thermal,60.187
1780559402.9744802,,,gpu-thermal,60.687
1780559402.9744802,,,soc0-thermal,58.593
1780559402.9744802,,,soc1-thermal,57.812
1780559402.9744802,,,soc2-thermal,58.5
1780559402.9744802,,,tj-thermal,60.312
1780559403.0813582,VDD_IN,7191.168,,
1780559403.0813582,VDD_CPU_GPU_CV,2506.752,,
1780559403.0813582,VDD_SOC,1726.208,,
1780559403.0813582,,,cpu-thermal,60.437
1780559403.0813582,,,gpu-thermal,60.343
1780559403.0813582,,,soc0-thermal,58.437
1780559403.0813582,,,soc1-thermal,57.875
1780559403.0813582,,,soc2-thermal,58.562
1780559403.0813582,,,tj-thermal,60.437
1780559403.1877863,VDD_IN,7191.168,,
1780559403.1877863,VDD_CPU_GPU_CV,2467.584,,
1780559403.1877863,VDD_SOC,1726.208,,
1780559403.1877863,,,cpu-thermal,60.531
1780559403.1877863,,,gpu-thermal,60.343
1780559403.1877863,,,soc0-thermal,58.437
1780559403.1877863,,,soc1-thermal,58.031
1780559403.1877863,,,soc2-thermal,58.5
1780559403.1877863,,,tj-thermal,60.531
1780559403.2937677,VDD_IN,7230.464,,
1780559403.2937677,VDD_CPU_GPU_CV,2506.752,,
1780559403.2937677,VDD_SOC,1726.208,,
1780559403.2937677,,,cpu-thermal,60.156
1780559403.2937677,,,gpu-thermal,60.625
1780559403.2937677,,,soc0-thermal,58.531
1780559403.2937677,,,soc1-thermal,57.875
1780559403.2937677,,,soc2-thermal,58.562
1780559403.2937677,,,tj-thermal,60.625
1780559403.4001021,VDD_IN,7309.056,,
1780559403.4001021,VDD_CPU_GPU_CV,2545.92,,
1780559403.4001021,VDD_SOC,1726.208,,
1780559403.4001021,,,cpu-thermal,60.25
1780559403.4001021,,,gpu-thermal,60.375
1780559403.4001021,,,soc0-thermal,58.468
1780559403.4001021,,,soc1-thermal,57.906
1780559403.4001021,,,soc2-thermal,58.562
1780559403.4001021,,,tj-thermal,60.531
1780559403.5062864,VDD_IN,7348.352,,
1780559403.5062864,VDD_CPU_GPU_CV,2585.088,,
1780559403.5062864,VDD_SOC,1765.44,,
1780559403.5062864,,,cpu-thermal,60.437
1780559403.5062864,,,gpu-thermal,60.281
1780559403.5062864,,,soc0-thermal,58.5
1780559403.5062864,,,soc1-thermal,57.937
1780559403.5062864,,,soc2-thermal,58.656
1780559403.5062864,,,tj-thermal,60.437
1780559403.6123292,VDD_IN,7269.76,,
1780559403.6123292,VDD_CPU_GPU_CV,2545.92,,
1780559403.6123292,VDD_SOC,1726.208,,
1780559403.6123292,,,cpu-thermal,60.281
1780559403.6123292,,,gpu-thermal,60.625
1780559403.6123292,,,soc0-thermal,58.531
1780559403.6123292,,,soc1-thermal,58.093
1780559403.6123292,,,soc2-thermal,58.437
1780559403.6123292,,,tj-thermal,60.343
1780559403.7187614,VDD_IN,7230.464,,
1780559403.7187614,VDD_CPU_GPU_CV,2506.752,,
1780559403.7187614,VDD_SOC,1726.208,,
1780559403.7187614,,,cpu-thermal,60.281
1780559403.7187614,,,gpu-thermal,60.5
1780559403.7187614,,,soc0-thermal,58.437
1780559403.7187614,,,soc1-thermal,57.937
1780559403.7187614,,,soc2-thermal,58.562
1780559403.7187614,,,tj-thermal,60.343
1780559403.8251705,VDD_IN,7191.168,,
1780559403.8251705,VDD_CPU_GPU_CV,2471.616,,
1780559403.8251705,VDD_SOC,1726.208,,
1780559403.8251705,,,cpu-thermal,60.375
1780559403.8251705,,,gpu-thermal,60.375
1780559403.8251705,,,soc0-thermal,58.406
1780559403.8251705,,,soc1-thermal,57.937
1780559403.8251705,,,soc2-thermal,58.625
1780559403.8251705,,,tj-thermal,60.656
1780559403.9311614,VDD_IN,7112.576,,
1780559403.9311614,VDD_CPU_GPU_CV,2432.384,,
1780559403.9311614,VDD_SOC,1726.208,,
1780559403.9311614,,,cpu-thermal,60.187
1780559403.9311614,,,gpu-thermal,60.343
1780559403.9311614,,,soc0-thermal,58.593
1780559403.9311614,,,soc1-thermal,58.062
1780559403.9311614,,,soc2-thermal,58.5
1780559403.9311614,,,tj-thermal,60.531
1780559404.037536,VDD_IN,7112.576,,
1780559404.037536,VDD_CPU_GPU_CV,2393.152,,
1780559404.037536,VDD_SOC,1726.208,,
1780559404.037536,,,cpu-thermal,60.281
1780559404.037536,,,gpu-thermal,60.187
1780559404.037536,,,soc0-thermal,58.468
1780559404.037536,,,soc1-thermal,57.906
1780559404.037536,,,soc2-thermal,58.562
1780559404.037536,,,tj-thermal,60.281
1780559404.1435432,VDD_IN,7269.76,,
1780559404.1435432,VDD_CPU_GPU_CV,2506.752,,
1780559404.1435432,VDD_SOC,1726.208,,
1780559404.1435432,,,cpu-thermal,60.75
1780559404.1435432,,,gpu-thermal,60.687
1780559404.1435432,,,soc0-thermal,58.5
1780559404.1435432,,,soc1-thermal,57.937
1780559404.1435432,,,soc2-thermal,58.625
1780559404.1435432,,,tj-thermal,60.75
1780559404.2505295,VDD_IN,7466.24,,
1780559404.2505295,VDD_CPU_GPU_CV,2663.424,,
1780559404.2505295,VDD_SOC,1765.44,,
1780559404.2505295,,,cpu-thermal,60.375
1780559404.2505295,,,gpu-thermal,60.625
1780559404.2505295,,,soc0-thermal,58.562
1780559404.2505295,,,soc1-thermal,58.093
1780559404.2505295,,,soc2-thermal,58.593
1780559404.2505295,,,tj-thermal,60.375
1780559404.3574445,VDD_IN,7702.016,,
1780559404.3574445,VDD_CPU_GPU_CV,2820.096,,
1780559404.3574445,VDD_SOC,1765.44,,
1780559404.3574445,,,cpu-thermal,60.593
1780559404.3574445,,,gpu-thermal,60.468
1780559404.3574445,,,soc0-thermal,58.437
1780559404.3574445,,,soc1-thermal,57.937
1780559404.3574445,,,soc2-thermal,58.687
1780559404.3574445,,,tj-thermal,60.593
1780559404.4634418,VDD_IN,7859.2,,
1780559404.4634418,VDD_CPU_GPU_CV,2937.6,,
1780559404.4634418,VDD_SOC,1804.672,,
1780559404.4634418,,,cpu-thermal,60.687
1780559404.4634418,,,gpu-thermal,60.406
1780559404.4634418,,,soc0-thermal,58.468
1780559404.4634418,,,soc1-thermal,58.062
1780559404.4634418,,,soc2-thermal,58.718
1780559404.4634418,,,tj-thermal,60.687
1780559404.570227,VDD_IN,7898.496,,
1780559404.570227,VDD_CPU_GPU_CV,2937.6,,
1780559404.570227,VDD_SOC,1804.672,,
1780559404.570227,,,cpu-thermal,60.531
1780559404.570227,,,gpu-thermal,60.593
1780559404.570227,,,soc0-thermal,58.562
1780559404.570227,,,soc1-thermal,57.968
1780559404.570227,,,soc2-thermal,58.656
1780559404.570227,,,tj-thermal,60.593
1780559404.6776946,VDD_IN,7623.424,,
1780559404.6776946,VDD_CPU_GPU_CV,2746.24,,
1780559404.6776946,VDD_SOC,1768.32,,
1780559404.6776946,,,cpu-thermal,60.312
1780559404.6776946,,,gpu-thermal,60.437
1780559404.6776946,,,soc0-thermal,58.437
1780559404.6776946,,,soc1-thermal,58.031
1780559404.6776946,,,soc2-thermal,58.656
1780559404.6776946,,,tj-thermal,60.437
1780559404.784203,VDD_IN,7399.68,,
1780559404.784203,VDD_CPU_GPU_CV,2550.08,,
1780559404.784203,VDD_SOC,1768.32,,
1780559404.784203,,,cpu-thermal,60.187
1780559404.784203,,,gpu-thermal,60.437
1780559404.784203,,,soc0-thermal,58.562
1780559404.784203,,,soc1-thermal,58.0
1780559404.784203,,,soc2-thermal,58.593
1780559404.784203,,,tj-thermal,60.437
1780559404.8907955,VDD_IN,7202.88,,
1780559404.8907955,VDD_CPU_GPU_CV,2436.352,,
1780559404.8907955,VDD_SOC,1731.84,,
1780559404.8907955,,,cpu-thermal,60.312
1780559404.8907955,,,gpu-thermal,60.437
1780559404.8907955,,,soc0-thermal,58.625
1780559404.8907955,,,soc1-thermal,58.093
1780559404.8907955,,,soc2-thermal,58.531
1780559404.8907955,,,tj-thermal,60.437
1780559404.9968104,VDD_IN,7045.44,,
1780559404.9968104,VDD_CPU_GPU_CV,2318.464,,
1780559404.9968104,VDD_SOC,1731.84,,
1780559404.9968104,,,cpu-thermal,60.187
1780559404.9968104,,,gpu-thermal,60.687
1780559404.9968104,,,soc0-thermal,58.5
1780559404.9968104,,,soc1-thermal,57.937
1780559404.9968104,,,soc2-thermal,58.625
1780559404.9968104,,,tj-thermal,60.687
1780559405.1030324,VDD_IN,6966.72,,
1780559405.1030324,VDD_CPU_GPU_CV,2279.168,,
1780559405.1030324,VDD_SOC,1731.84,,
1780559405.1030324,,,cpu-thermal,60.437
1780559405.1030324,,,gpu-thermal,60.562
1780559405.1030324,,,soc0-thermal,58.5
1780559405.1030324,,,soc1-thermal,58.093
1780559405.1030324,,,soc2-thermal,58.687
1780559405.1030324,,,tj-thermal,60.562
1780559405.2100792,VDD_IN,6859.776,,
1780559405.2100792,VDD_CPU_GPU_CV,2200.576,,
1780559405.2100792,VDD_SOC,1731.84,,
1780559405.2100792,,,cpu-thermal,60.5
1780559405.2100792,,,gpu-thermal,60.437
1780559405.2100792,,,soc0-thermal,58.531
1780559405.2100792,,,soc1-thermal,58.093
1780559405.2100792,,,soc2-thermal,58.562
1780559405.2100792,,,tj-thermal,60.5
1780559405.316363,VDD_IN,6899.2,,
1780559405.316363,VDD_CPU_GPU_CV,2200.576,,
1780559405.316363,VDD_SOC,1731.84,,
1780559405.316363,,,cpu-thermal,60.312
1780559405.316363,,,gpu-thermal,60.437
1780559405.316363,,,soc0-thermal,58.5
1780559405.316363,,,soc1-thermal,57.968
1780559405.316363,,,soc2-thermal,58.593
1780559405.316363,,,tj-thermal,60.437
1780559405.4224887,VDD_IN,6978.048,,
1780559405.4224887,VDD_CPU_GPU_CV,2239.872,,
1780559405.4224887,VDD_SOC,1731.84,,
1780559405.4224887,,,cpu-thermal,60.25
1780559405.4224887,,,gpu-thermal,60.406
1780559405.4224887,,,soc0-thermal,58.656
1780559405.4224887,,,soc1-thermal,57.968
1780559405.4224887,,,soc2-thermal,58.687
1780559405.4224887,,,tj-thermal,60.406
1780559405.529597,VDD_IN,6899.2,,
1780559405.529597,VDD_CPU_GPU_CV,2200.576,,
1780559405.529597,VDD_SOC,1731.84,,
1780559405.529597,,,cpu-thermal,60.187
1780559405.529597,,,gpu-thermal,60.781
1780559405.529597,,,soc0-thermal,58.656
1780559405.529597,,,soc1-thermal,58.062
1780559405.529597,,,soc2-thermal,58.531
1780559405.529597,,,tj-thermal,60.781
1780559405.6358323,VDD_IN,6820.352,,
1780559405.6358323,VDD_CPU_GPU_CV,2164.8,,
1780559405.6358323,VDD_SOC,1734.656,,
1780559405.6358323,,,cpu-thermal,60.187
1780559405.6358323,,,gpu-thermal,60.718
1780559405.6358323,,,soc0-thermal,58.5
1780559405.6358323,,,soc1-thermal,58.031
1780559405.6358323,,,soc2-thermal,58.656
1780559405.6358323,,,tj-thermal,60.718
1780559405.7424393,VDD_IN,6741.504,,
1780559405.7424393,VDD_CPU_GPU_CV,2086.08,,
1780559405.7424393,VDD_SOC,1695.232,,
1780559405.7424393,,,cpu-thermal,60.312
1780559405.7424393,,,gpu-thermal,60.593
1780559405.7424393,,,soc0-thermal,58.562
1780559405.7424393,,,soc1-thermal,58.062
1780559405.7424393,,,soc2-thermal,58.687
1780559405.7424393,,,tj-thermal,60.593
1780559405.8483753,VDD_IN,6662.656,,
1780559405.8483753,VDD_CPU_GPU_CV,2086.08,,
1780559405.8483753,VDD_SOC,1695.232,,
1780559405.8483753,,,cpu-thermal,60.156
1780559405.8483753,,,gpu-thermal,60.437
1780559405.8483753,,,soc0-thermal,58.593
1780559405.8483753,,,soc1-thermal,58.125
1780559405.8483753,,,soc2-thermal,58.5
1780559405.8483753,,,tj-thermal,60.437
1780559405.9548328,VDD_IN,6662.656,,
1780559405.9548328,VDD_CPU_GPU_CV,2046.72,,
1780559405.9548328,VDD_SOC,1695.232,,
1780559405.9548328,,,cpu-thermal,60.093
1780559405.9548328,,,gpu-thermal,60.312
1780559405.9548328,,,soc0-thermal,58.593
1780559405.9548328,,,soc1-thermal,58.0
1780559405.9548328,,,soc2-thermal,58.562
1780559405.9548328,,,tj-thermal,60.312
1780559406.0609632,VDD_IN,6662.656,,
1780559406.0609632,VDD_CPU_GPU_CV,2086.08,,
1780559406.0609632,VDD_SOC,1695.232,,
1780559406.0609632,,,cpu-thermal,60.343
1780559406.0609632,,,gpu-thermal,60.375
1780559406.0609632,,,soc0-thermal,58.593
1780559406.0609632,,,soc1-thermal,58.0
1780559406.0609632,,,soc2-thermal,58.562
1780559406.0609632,,,tj-thermal,60.375
1780559406.1671994,VDD_IN,6662.656,,
1780559406.1671994,VDD_CPU_GPU_CV,2086.08,,
1780559406.1671994,VDD_SOC,1695.232,,
1780559406.1671994,,,cpu-thermal,60.5
1780559406.1671994,,,gpu-thermal,60.687
1780559406.1671994,,,soc0-thermal,58.593
1780559406.1671994,,,soc1-thermal,58.125
1780559406.1671994,,,soc2-thermal,58.656
1780559406.1671994,,,tj-thermal,60.687
1780559406.2736216,VDD_IN,6702.08,,
1780559406.2736216,VDD_CPU_GPU_CV,2086.08,,
1780559406.2736216,VDD_SOC,1695.232,,
1780559406.2736216,,,cpu-thermal,60.093
1780559406.2736216,,,gpu-thermal,60.562
1780559406.2736216,,,soc0-thermal,58.562
1780559406.2736216,,,soc1-thermal,57.968
1780559406.2736216,,,soc2-thermal,58.75
1780559406.2736216,,,tj-thermal,60.562
1780559406.3800325,VDD_IN,6780.928,,
1780559406.3800325,VDD_CPU_GPU_CV,2125.44,,
1780559406.3800325,VDD_SOC,1734.656,,
1780559406.3800325,,,cpu-thermal,60.25
1780559406.3800325,,,gpu-thermal,60.406
1780559406.3800325,,,soc0-thermal,58.656
1780559406.3800325,,,soc1-thermal,58.0
1780559406.3800325,,,soc2-thermal,58.625
1780559406.3800325,,,tj-thermal,60.562
1780559406.4860966,VDD_IN,6820.352,,
1780559406.4860966,VDD_CPU_GPU_CV,2164.8,,
1780559406.4860966,VDD_SOC,1734.656,,
1780559406.4860966,,,cpu-thermal,60.375
1780559406.4860966,,,gpu-thermal,60.718
1780559406.4860966,,,soc0-thermal,58.656
1780559406.4860966,,,soc1-thermal,58.093
1780559406.4860966,,,soc2-thermal,58.625
1780559406.4860966,,,tj-thermal,60.468
1780559406.5925286,VDD_IN,6780.928,,
1780559406.5925286,VDD_CPU_GPU_CV,2125.44,,
1780559406.5925286,VDD_SOC,1734.656,,
1780559406.5925286,,,cpu-thermal,60.187
1780559406.5925286,,,gpu-thermal,60.656
1780559406.5925286,,,soc0-thermal,58.781
1780559406.5925286,,,soc1-thermal,58.0
1780559406.5925286,,,soc2-thermal,58.687
1780559406.5925286,,,tj-thermal,60.437
1780559406.698812,VDD_IN,6741.504,,
1780559406.698812,VDD_CPU_GPU_CV,2125.44,,
1780559406.698812,VDD_SOC,1695.232,,
1780559406.698812,,,cpu-thermal,60.281
1780559406.698812,,,gpu-thermal,60.531
1780559406.698812,,,soc0-thermal,58.562
1780559406.698812,,,soc1-thermal,58.093
1780559406.698812,,,soc2-thermal,58.75
1780559406.698812,,,tj-thermal,60.812
1780559406.805771,VDD_IN,6702.08,,
1780559406.805771,VDD_CPU_GPU_CV,2125.44,,
1780559406.805771,VDD_SOC,1695.232,,
1780559406.805771,,,cpu-thermal,60.187
1780559406.805771,,,gpu-thermal,60.718
1780559406.805771,,,soc0-thermal,58.562
1780559406.805771,,,soc1-thermal,58.156
1780559406.805771,,,soc2-thermal,58.625
1780559406.805771,,,tj-thermal,60.718
1780559406.911948,VDD_IN,6662.656,,
1780559406.911948,VDD_CPU_GPU_CV,2086.08,,
1780559406.911948,VDD_SOC,1695.232,,
1780559406.911948,,,cpu-thermal,60.187
1780559406.911948,,,gpu-thermal,60.406
1780559406.911948,,,soc0-thermal,58.812
1780559406.911948,,,soc1-thermal,58.25
1780559406.911948,,,soc2-thermal,58.718
1780559406.911948,,,tj-thermal,60.593
1780559407.0179062,VDD_IN,6662.656,,
1780559407.0179062,VDD_CPU_GPU_CV,2086.08,,
1780559407.0179062,VDD_SOC,1695.232,,
1780559407.0179062,,,cpu-thermal,60.25
1780559407.0179062,,,gpu-thermal,60.75
1780559407.0179062,,,soc0-thermal,58.562
1780559407.0179062,,,soc1-thermal,58.0
1780559407.0179062,,,soc2-thermal,58.687
1780559407.0179062,,,tj-thermal,60.468
1780559407.1241364,VDD_IN,6662.656,,
1780559407.1241364,VDD_CPU_GPU_CV,2086.08,,
1780559407.1241364,VDD_SOC,1695.232,,
1780559407.1241364,,,cpu-thermal,60.562
1780559407.1241364,,,gpu-thermal,60.625
1780559407.1241364,,,soc0-thermal,58.625
1780559407.1241364,,,soc1-thermal,58.156
1780559407.1241364,,,soc2-thermal,58.781
1780559407.1241364,,,tj-thermal,60.562
1780559407.2300882,VDD_IN,6662.656,,
1780559407.2300882,VDD_CPU_GPU_CV,2086.08,,
1780559407.2300882,VDD_SOC,1695.232,,
1780559407.2300882,,,cpu-thermal,60.25
1780559407.2300882,,,gpu-thermal,60.593
1780559407.2300882,,,soc0-thermal,58.75
1780559407.2300882,,,soc1-thermal,58.312
1780559407.2300882,,,soc2-thermal,58.625
1780559407.2300882,,,tj-thermal,60.437
1780559407.3371627,VDD_IN,6741.504,,
1780559407.3371627,VDD_CPU_GPU_CV,2125.44,,
1780559407.3371627,VDD_SOC,1734.656,,
1780559407.3371627,,,cpu-thermal,60.343
1780559407.3371627,,,gpu-thermal,60.468
1780559407.3371627,,,soc0-thermal,58.625
1780559407.3371627,,,soc1-thermal,58.062
1780559407.3371627,,,soc2-thermal,58.781
1780559407.3371627,,,tj-thermal,60.781
1780559407.4432313,VDD_IN,6820.352,,
1780559407.4432313,VDD_CPU_GPU_CV,2164.8,,
1780559407.4432313,VDD_SOC,1731.84,,
1780559407.4432313,,,cpu-thermal,60.343
1780559407.4432313,,,gpu-thermal,60.437
1780559407.4432313,,,soc0-thermal,58.656
1780559407.4432313,,,soc1-thermal,58.093
1780559407.4432313,,,soc2-thermal,58.812
1780559407.4432313,,,tj-thermal,60.437
1780559407.5491621,VDD_IN,6780.928,,
1780559407.5491621,VDD_CPU_GPU_CV,2125.44,,
1780559407.5491621,VDD_SOC,1734.656,,
1780559407.5491621,,,cpu-thermal,60.468
1780559407.5491621,,,gpu-thermal,60.875
1780559407.5491621,,,soc0-thermal,58.656
1780559407.5491621,,,soc1-thermal,58.312
1780559407.5491621,,,soc2-thermal,58.625
1780559407.5491621,,,tj-thermal,60.875
1780559407.655529,VDD_IN,6780.928,,
1780559407.655529,VDD_CPU_GPU_CV,2125.44,,
1780559407.655529,VDD_SOC,1734.656,,
1780559407.655529,,,cpu-thermal,60.281
1780559407.655529,,,gpu-thermal,60.687
1780559407.655529,,,soc0-thermal,58.781
1780559407.655529,,,soc1-thermal,58.093
1780559407.655529,,,soc2-thermal,58.718
1780559407.655529,,,tj-thermal,60.687
1780559407.7615547,VDD_IN,6741.504,,
1780559407.7615547,VDD_CPU_GPU_CV,2125.44,,
1780559407.7615547,VDD_SOC,1695.232,,
1780559407.7615547,,,cpu-thermal,60.312
1780559407.7615547,,,gpu-thermal,60.656
1780559407.7615547,,,soc0-thermal,58.625
1780559407.7615547,,,soc1-thermal,58.031
1780559407.7615547,,,soc2-thermal,58.687
1780559407.7615547,,,tj-thermal,60.656
1780559407.8680217,VDD_IN,6702.08,,
1780559407.8680217,VDD_CPU_GPU_CV,2086.08,,
1780559407.8680217,VDD_SOC,1695.232,,
1780559407.8680217,,,cpu-thermal,60.281
1780559407.8680217,,,gpu-thermal,60.625
1780559407.8680217,,,soc0-thermal,58.687
1780559407.8680217,,,soc1-thermal,58.25
1780559407.8680217,,,soc2-thermal,58.75
1780559407.8680217,,,tj-thermal,60.625
1780559407.9746494,VDD_IN,6662.656,,
1780559407.9746494,VDD_CPU_GPU_CV,2086.08,,
1780559407.9746494,VDD_SOC,1695.232,,
1780559407.9746494,,,cpu-thermal,60.281
1780559407.9746494,,,gpu-thermal,60.468
1780559407.9746494,,,soc0-thermal,58.812
1780559407.9746494,,,soc1-thermal,58.093
1780559407.9746494,,,soc2-thermal,58.75
1780559407.9746494,,,tj-thermal,60.468
1780559408.0806787,VDD_IN,6662.656,,
1780559408.0806787,VDD_CPU_GPU_CV,2086.08,,
1780559408.0806787,VDD_SOC,1695.232,,
1780559408.0806787,,,cpu-thermal,60.375
1780559408.0806787,,,gpu-thermal,60.437
1780559408.0806787,,,soc0-thermal,58.687
1780559408.0806787,,,soc1-thermal,58.156
1780559408.0806787,,,soc2-thermal,58.781
1780559408.0806787,,,tj-thermal,60.5
1780559408.1877697,VDD_IN,6623.232,,
1780559408.1877697,VDD_CPU_GPU_CV,2086.08,,
1780559408.1877697,VDD_SOC,1695.232,,
1780559408.1877697,,,cpu-thermal,60.218
1780559408.1877697,,,gpu-thermal,60.781
1780559408.1877697,,,soc0-thermal,58.75
1780559408.1877697,,,soc1-thermal,58.25
1780559408.1877697,,,soc2-thermal,58.656
1780559408.1877697,,,tj-thermal,60.468
1780559408.2948875,VDD_IN,6702.08,,
1780559408.2948875,VDD_CPU_GPU_CV,2086.08,,
1780559408.2948875,VDD_SOC,1695.232,,
1780559408.2948875,,,cpu-thermal,60.187
1780559408.2948875,,,gpu-thermal,60.656
1780559408.2948875,,,soc0-thermal,58.625
1780559408.2948875,,,soc1-thermal,58.125
1780559408.2948875,,,soc2-thermal,58.781
1780559408.2948875,,,tj-thermal,60.468
1780559408.4015343,VDD_IN,6780.928,,
1780559408.4015343,VDD_CPU_GPU_CV,2125.44,,
1780559408.4015343,VDD_SOC,1734.656,,
1780559408.4015343,,,cpu-thermal,60.343
1780559408.4015343,,,gpu-thermal,60.625
1780559408.4015343,,,soc0-thermal,58.75
1780559408.4015343,,,soc1-thermal,58.093
1780559408.4015343,,,soc2-thermal,58.75
1780559408.4015343,,,tj-thermal,60.906
1780559408.5074437,VDD_IN,6820.352,,
1780559408.5074437,VDD_CPU_GPU_CV,2125.44,,
1780559408.5074437,VDD_SOC,1734.656,,
1780559408.5074437,,,cpu-thermal,60.5
1780559408.5074437,,,gpu-thermal,60.5
1780559408.5074437,,,soc0-thermal,58.843
1780559408.5074437,,,soc1-thermal,58.093
1780559408.5074437,,,soc2-thermal,58.625
1780559408.5074437,,,tj-thermal,60.75
1780559408.6135044,VDD_IN,6780.928,,
1780559408.6135044,VDD_CPU_GPU_CV,2125.44,,
1780559408.6135044,VDD_SOC,1734.656,,
1780559408.6135044,,,cpu-thermal,60.343
1780559408.6135044,,,gpu-thermal,60.468
1780559408.6135044,,,soc0-thermal,58.781
1780559408.6135044,,,soc1-thermal,58.031
1780559408.6135044,,,soc2-thermal,58.718
1780559408.6135044,,,tj-thermal,60.656
1780559408.7203856,VDD_IN,6741.504,,
1780559408.7203856,VDD_CPU_GPU_CV,2125.44,,
1780559408.7203856,VDD_SOC,1695.232,,
1780559408.7203856,,,cpu-thermal,60.406
1780559408.7203856,,,gpu-thermal,60.875
1780559408.7203856,,,soc0-thermal,58.781
1780559408.7203856,,,soc1-thermal,58.093
1780559408.7203856,,,soc2-thermal,58.843
1780559408.7203856,,,tj-thermal,60.437
1780559408.826826,VDD_IN,6741.504,,
1780559408.826826,VDD_CPU_GPU_CV,2125.44,,
1780559408.826826,VDD_SOC,1695.232,,
1780559408.826826,,,cpu-thermal,60.312
1780559408.826826,,,gpu-thermal,60.781
1780559408.826826,,,soc0-thermal,58.781
1780559408.826826,,,soc1-thermal,58.312
1780559408.826826,,,soc2-thermal,58.75
1780559408.826826,,,tj-thermal,60.468
1780559408.933121,VDD_IN,6702.08,,
1780559408.933121,VDD_CPU_GPU_CV,2086.08,,
1780559408.933121,VDD_SOC,1695.232,,
1780559408.933121,,,cpu-thermal,60.343
1780559408.933121,,,gpu-thermal,60.687
1780559408.933121,,,soc0-thermal,58.843
1780559408.933121,,,soc1-thermal,58.125
1780559408.933121,,,soc2-thermal,58.718
1780559408.933121,,,tj-thermal,60.406
1780559409.039461,VDD_IN,6702.08,,
1780559409.039461,VDD_CPU_GPU_CV,2086.08,,
1780559409.039461,VDD_SOC,1695.232,,
1780559409.039461,,,cpu-thermal,60.343
1780559409.039461,,,gpu-thermal,60.625
1780559409.039461,,,soc0-thermal,58.75
1780559409.039461,,,soc1-thermal,58.125
1780559409.039461,,,soc2-thermal,58.875
1780559409.039461,,,tj-thermal,60.843
1780559409.1457112,VDD_IN,6702.08,,
1780559409.1457112,VDD_CPU_GPU_CV,2086.08,,
1780559409.1457112,VDD_SOC,1695.232,,
1780559409.1457112,,,cpu-thermal,60.718
1780559409.1457112,,,gpu-thermal,60.5
1780559409.1457112,,,soc0-thermal,58.843
1780559409.1457112,,,soc1-thermal,58.25
1780559409.1457112,,,soc2-thermal,58.687
1780559409.1457112,,,tj-thermal,60.718
1780559409.251946,VDD_IN,6702.08,,
1780559409.251946,VDD_CPU_GPU_CV,2086.08,,
1780559409.251946,VDD_SOC,1695.232,,
1780559409.251946,,,cpu-thermal,60.218
1780559409.251946,,,gpu-thermal,60.531
1780559409.251946,,,soc0-thermal,58.937
1780559409.251946,,,soc1-thermal,58.093
1780559409.251946,,,soc2-thermal,58.812
1780559409.251946,,,tj-thermal,60.562
1780559409.3583138,VDD_IN,6780.928,,
1780559409.3583138,VDD_CPU_GPU_CV,2125.44,,
1780559409.3583138,VDD_SOC,1734.656,,
1780559409.3583138,,,cpu-thermal,60.375
1780559409.3583138,,,gpu-thermal,60.812
1780559409.3583138,,,soc0-thermal,58.687
1780559409.3583138,,,soc1-thermal,58.093
1780559409.3583138,,,soc2-thermal,58.812
1780559409.3583138,,,tj-thermal,60.812
1780559409.4641833,VDD_IN,6859.776,,
1780559409.4641833,VDD_CPU_GPU_CV,2164.8,,
1780559409.4641833,VDD_SOC,1731.84,,
1780559409.4641833,,,cpu-thermal,60.5
1780559409.4641833,,,gpu-thermal,60.781
1780559409.4641833,,,soc0-thermal,58.812
1780559409.4641833,,,soc1-thermal,58.25
1780559409.4641833,,,soc2-thermal,58.843
1780559409.4641833,,,tj-thermal,60.781
1780559409.5702055,VDD_IN,6820.352,,
1780559409.5702055,VDD_CPU_GPU_CV,2164.8,,
1780559409.5702055,VDD_SOC,1734.656,,
1780559409.5702055,,,cpu-thermal,60.656
1780559409.5702055,,,gpu-thermal,60.625
1780559409.5702055,,,soc0-thermal,58.812
1780559409.5702055,,,soc1-thermal,58.093
1780559409.5702055,,,soc2-thermal,58.781
1780559409.5702055,,,tj-thermal,60.875
1780559409.6776946,VDD_IN,6780.928,,
1780559409.6776946,VDD_CPU_GPU_CV,2125.44,,
1780559409.6776946,VDD_SOC,1734.656,,
1780559409.6776946,,,cpu-thermal,60.437
1780559409.6776946,,,gpu-thermal,60.625
1780559409.6776946,,,soc0-thermal,58.687
1780559409.6776946,,,soc1-thermal,58.125
1780559409.6776946,,,soc2-thermal,58.812
1780559409.6776946,,,tj-thermal,60.843
1780559409.7840486,VDD_IN,6741.504,,
1780559409.7840486,VDD_CPU_GPU_CV,2125.44,,
1780559409.7840486,VDD_SOC,1695.232,,
1780559409.7840486,,,cpu-thermal,60.468
1780559409.7840486,,,gpu-thermal,60.593
1780559409.7840486,,,soc0-thermal,58.781
1780559409.7840486,,,soc1-thermal,58.312
1780559409.7840486,,,soc2-thermal,58.843
1780559409.7840486,,,tj-thermal,60.687
1780559409.89042,VDD_IN,6741.504,,
1780559409.89042,VDD_CPU_GPU_CV,2125.44,,
1780559409.89042,VDD_SOC,1695.232,,
1780559409.89042,,,cpu-thermal,60.375
1780559409.89042,,,gpu-thermal,60.906
1780559409.89042,,,soc0-thermal,58.937
1780559409.89042,,,soc1-thermal,58.125
1780559409.89042,,,soc2-thermal,58.781
1780559409.89042,,,tj-thermal,60.906
1780559409.9964342,VDD_IN,6702.08,,
1780559409.9964342,VDD_CPU_GPU_CV,2125.44,,
1780559409.9964342,VDD_SOC,1695.232,,
1780559409.9964342,,,cpu-thermal,60.437
1780559409.9964342,,,gpu-thermal,60.812
1780559409.9964342,,,soc0-thermal,58.781
1780559409.9964342,,,soc1-thermal,58.125
1780559409.9964342,,,soc2-thermal,58.843
1780559409.9964342,,,tj-thermal,60.812
1780559410.1031747,VDD_IN,6702.08,,
1780559410.1031747,VDD_CPU_GPU_CV,2086.08,,
1780559410.1031747,VDD_SOC,1695.232,,
1780559410.1031747,,,cpu-thermal,60.656
1780559410.1031747,,,gpu-thermal,60.687
1780559410.1031747,,,soc0-thermal,58.718
1780559410.1031747,,,soc1-thermal,58.312
1780559410.1031747,,,soc2-thermal,58.875
1780559410.1031747,,,tj-thermal,60.687
1780559410.2094913,VDD_IN,6741.504,,
1780559410.2094913,VDD_CPU_GPU_CV,2125.44,,
1780559410.2094913,VDD_SOC,1695.232,,
1780559410.2094913,,,cpu-thermal,60.437
1780559410.2094913,,,gpu-thermal,60.625
1780559410.2094913,,,soc0-thermal,58.875
1780559410.2094913,,,soc1-thermal,58.093
1780559410.2094913,,,soc2-thermal,58.812
1780559410.2094913,,,tj-thermal,60.625
1780559410.315883,VDD_IN,6780.928,,
1780559410.315883,VDD_CPU_GPU_CV,2125.44,,
1780559410.315883,VDD_SOC,1734.656,,
1780559410.315883,,,cpu-thermal,60.375
1780559410.315883,,,gpu-thermal,60.625
1780559410.315883,,,soc0-thermal,58.687
1780559410.315883,,,soc1-thermal,58.156
1780559410.315883,,,soc2-thermal,58.843
1780559410.315883,,,tj-thermal,60.625
1780559410.4219606,VDD_IN,6859.776,,
1780559410.4219606,VDD_CPU_GPU_CV,2164.8,,
1780559410.4219606,VDD_SOC,1734.656,,
1780559410.4219606,,,cpu-thermal,60.5
1780559410.4219606,,,gpu-thermal,60.968
1780559410.4219606,,,soc0-thermal,58.812
1780559410.4219606,,,soc1-thermal,58.187
1780559410.4219606,,,soc2-thermal,58.843
1780559410.4219606,,,tj-thermal,60.968
1780559410.5278914,VDD_IN,6859.776,,
1780559410.5278914,VDD_CPU_GPU_CV,2164.8,,
1780559410.5278914,VDD_SOC,1734.656,,
1780559410.5278914,,,cpu-thermal,60.656
1780559410.5278914,,,gpu-thermal,60.906
1780559410.5278914,,,soc0-thermal,58.906
1780559410.5278914,,,soc1-thermal,58.281
1780559410.5278914,,,soc2-thermal,58.781
1780559410.5278914,,,tj-thermal,60.906
1780559410.6340587,VDD_IN,6820.352,,
1780559410.6340587,VDD_CPU_GPU_CV,2164.8,,
1780559410.6340587,VDD_SOC,1734.656,,
1780559410.6340587,,,cpu-thermal,60.468
1780559410.6340587,,,gpu-thermal,60.687
1780559410.6340587,,,soc0-thermal,58.937
1780559410.6340587,,,soc1-thermal,58.25
1780559410.6340587,,,soc2-thermal,58.812
1780559410.6340587,,,tj-thermal,60.687
1780559410.7411573,VDD_IN,6820.352,,
1780559410.7411573,VDD_CPU_GPU_CV,2164.8,,
1780559410.7411573,VDD_SOC,1734.656,,
1780559410.7411573,,,cpu-thermal,60.5
1780559410.7411573,,,gpu-thermal,60.656
1780559410.7411573,,,soc0-thermal,58.875
1780559410.7411573,,,soc1-thermal,58.25
1780559410.7411573,,,soc2-thermal,58.968
1780559410.7411573,,,tj-thermal,60.656
1780559410.8472407,VDD_IN,6780.928,,
1780559410.8472407,VDD_CPU_GPU_CV,2125.44,,
1780559410.8472407,VDD_SOC,1695.232,,
1780559410.8472407,,,cpu-thermal,60.343
1780559410.8472407,,,gpu-thermal,60.625
1780559410.8472407,,,soc0-thermal,58.875
1780559410.8472407,,,soc1-thermal,58.343
1780559410.8472407,,,soc2-thermal,58.687
1780559410.8472407,,,tj-thermal,60.625
1780559410.9535673,VDD_IN,6741.504,,
1780559410.9535673,VDD_CPU_GPU_CV,2125.44,,
1780559410.9535673,VDD_SOC,1695.232,,
1780559410.9535673,,,cpu-thermal,60.5
1780559410.9535673,,,gpu-thermal,60.593
1780559410.9535673,,,soc0-thermal,59.0
1780559410.9535673,,,soc1-thermal,58.156
1780559410.9535673,,,soc2-thermal,58.843
1780559410.9535673,,,tj-thermal,60.593
1780559411.0601823,VDD_IN,6741.504,,
1780559411.0601823,VDD_CPU_GPU_CV,2125.44,,
1780559411.0601823,VDD_SOC,1695.232,,
1780559411.0601823,,,cpu-thermal,60.437
1780559411.0601823,,,gpu-thermal,60.875
1780559411.0601823,,,soc0-thermal,58.781
1780559411.0601823,,,soc1-thermal,58.281
1780559411.0601823,,,soc2-thermal,58.937
1780559411.0601823,,,tj-thermal,60.875
1780559411.1662505,VDD_IN,6702.08,,
1780559411.1662505,VDD_CPU_GPU_CV,2125.44,,
1780559411.1662505,VDD_SOC,1695.232,,
1780559411.1662505,,,cpu-thermal,60.343
1780559411.1662505,,,gpu-thermal,60.781
1780559411.1662505,,,soc0-thermal,58.937
1780559411.1662505,,,soc1-thermal,58.375
1780559411.1662505,,,soc2-thermal,58.906
1780559411.1662505,,,tj-thermal,60.781
1780559411.2725031,VDD_IN,6741.504,,
1780559411.2725031,VDD_CPU_GPU_CV,2125.44,,
1780559411.2725031,VDD_SOC,1695.232,,
1780559411.2725031,,,cpu-thermal,60.343
1780559411.2725031,,,gpu-thermal,60.687
1780559411.2725031,,,soc0-thermal,58.937
1780559411.2725031,,,soc1-thermal,58.25
1780559411.2725031,,,soc2-thermal,58.843
1780559411.2725031,,,tj-thermal,60.687
1780559411.3784454,VDD_IN,6820.352,,
1780559411.3784454,VDD_CPU_GPU_CV,2164.8,,
1780559411.3784454,VDD_SOC,1734.656,,
1780559411.3784454,,,cpu-thermal,60.531
1780559411.3784454,,,gpu-thermal,60.687
1780559411.3784454,,,soc0-thermal,58.812
1780559411.3784454,,,soc1-thermal,58.187
1780559411.3784454,,,soc2-thermal,58.843
1780559411.3784454,,,tj-thermal,60.687
1780559411.4843144,VDD_IN,6859.776,,
1780559411.4843144,VDD_CPU_GPU_CV,2164.8,,
1780559411.4843144,VDD_SOC,1734.656,,
1780559411.4843144,,,cpu-thermal,60.656
1780559411.4843144,,,gpu-thermal,60.625
1780559411.4843144,,,soc0-thermal,58.781
1780559411.4843144,,,soc1-thermal,58.312
1780559411.4843144,,,soc2-thermal,58.875
1780559411.4843144,,,tj-thermal,60.656
1780559411.5907388,VDD_IN,6780.928,,
1780559411.5907388,VDD_CPU_GPU_CV,2125.44,,
1780559411.5907388,VDD_SOC,1734.656,,
1780559411.5907388,,,cpu-thermal,60.343
1780559411.5907388,,,gpu-thermal,61.0
1780559411.5907388,,,soc0-thermal,58.968
1780559411.5907388,,,soc1-thermal,58.437
1780559411.5907388,,,soc2-thermal,58.843
1780559411.5907388,,,tj-thermal,61.0
1780559411.6968346,VDD_IN,6741.504,,
1780559411.6968346,VDD_CPU_GPU_CV,2125.44,,
1780559411.6968346,VDD_SOC,1734.656,,
1780559411.6968346,,,cpu-thermal,60.531
1780559411.6968346,,,gpu-thermal,60.718
1780559411.6968346,,,soc0-thermal,58.843
1780559411.6968346,,,soc1-thermal,58.25
1780559411.6968346,,,soc2-thermal,58.875
1780559411.6968346,,,tj-thermal,60.906
1780559411.802988,VDD_IN,6702.08,,
1780559411.802988,VDD_CPU_GPU_CV,2086.08,,
1780559411.802988,VDD_SOC,1734.656,,
1780559411.802988,,,cpu-thermal,60.593
1780559411.802988,,,gpu-thermal,60.625
1780559411.802988,,,soc0-thermal,58.937
1780559411.802988,,,soc1-thermal,58.343
1780559411.802988,,,soc2-thermal,58.968
1780559411.802988,,,tj-thermal,60.781
1780559411.9095564,VDD_IN,6662.656,,
1780559411.9095564,VDD_CPU_GPU_CV,2046.72,,
1780559411.9095564,VDD_SOC,1695.232,,
1780559411.9095564,,,cpu-thermal,60.437
1780559411.9095564,,,gpu-thermal,60.937
1780559411.9095564,,,soc0-thermal,58.937
1780559411.9095564,,,soc1-thermal,58.406
1780559411.9095564,,,soc2-thermal,58.812
1780559411.9095564,,,tj-thermal,60.625
1780559412.0156102,VDD_IN,6662.656,,
1780559412.0156102,VDD_CPU_GPU_CV,2046.72,,
1780559412.0156102,VDD_SOC,1695.232,,
1780559412.0156102,,,cpu-thermal,60.5
1780559412.0156102,,,gpu-thermal,60.843
1780559412.0156102,,,soc0-thermal,58.875
1780559412.0156102,,,soc1-thermal,58.156
1780559412.0156102,,,soc2-thermal,58.906
1780559412.0156102,,,tj-thermal,60.687
1780559412.1218426,VDD_IN,6662.656,,
1780559412.1218426,VDD_CPU_GPU_CV,2086.08,,
1780559412.1218426,VDD_SOC,1695.232,,
1780559412.1218426,,,cpu-thermal,60.531
1780559412.1218426,,,gpu-thermal,60.781
1780559412.1218426,,,soc0-thermal,58.906
1780559412.1218426,,,soc1-thermal,58.25
1780559412.1218426,,,soc2-thermal,58.968
1780559412.1218426,,,tj-thermal,60.625
1780559412.228012,VDD_IN,6662.656,,
1780559412.228012,VDD_CPU_GPU_CV,2086.08,,
1780559412.228012,VDD_SOC,1695.232,,
1780559412.228012,,,cpu-thermal,60.531
1780559412.228012,,,gpu-thermal,60.718
1780559412.228012,,,soc0-thermal,58.937
1780559412.228012,,,soc1-thermal,58.437
1780559412.228012,,,soc2-thermal,58.906
1780559412.228012,,,tj-thermal,60.718
1780559412.3338337,VDD_IN,6741.504,,
1780559412.3338337,VDD_CPU_GPU_CV,2125.44,,
1780559412.3338337,VDD_SOC,1734.656,,
1780559412.3338337,,,cpu-thermal,60.468
1780559412.3338337,,,gpu-thermal,60.718
1780559412.3338337,,,soc0-thermal,58.968
1780559412.3338337,,,soc1-thermal,58.281
1780559412.3338337,,,soc2-thermal,58.906
1780559412.3338337,,,tj-thermal,60.718
1780559412.439379,VDD_IN,6820.352,,
1780559412.439379,VDD_CPU_GPU_CV,2164.8,,
1780559412.439379,VDD_SOC,1734.656,,
1780559412.439379,,,cpu-thermal,60.437
1780559412.439379,,,gpu-thermal,60.968
1780559412.439379,,,soc0-thermal,58.906
1780559412.439379,,,soc1-thermal,58.25
1780559412.439379,,,soc2-thermal,58.937
1780559412.439379,,,tj-thermal,60.968
1780559412.5451488,VDD_IN,6820.352,,
1780559412.5451488,VDD_CPU_GPU_CV,2125.44,,
1780559412.5451488,VDD_SOC,1734.656,,
1780559412.5451488,,,cpu-thermal,60.687
1780559412.5451488,,,gpu-thermal,60.875
1780559412.5451488,,,soc0-thermal,58.906
1780559412.5451488,,,soc1-thermal,58.375
1780559412.5451488,,,soc2-thermal,58.937
1780559412.5451488,,,tj-thermal,60.875
1780559412.6504238,VDD_IN,6820.352,,
1780559412.6504238,VDD_CPU_GPU_CV,2164.8,,
1780559412.6504238,VDD_SOC,1734.656,,
1780559412.6504238,,,cpu-thermal,60.5
1780559412.6504238,,,gpu-thermal,60.656
1780559412.6504238,,,soc0-thermal,58.937
1780559412.6504238,,,soc1-thermal,58.437
1780559412.6504238,,,soc2-thermal,58.937
1780559412.6504238,,,tj-thermal,60.812
1780559412.756553,VDD_IN,7084.8,,
1780559412.756553,VDD_CPU_GPU_CV,2357.76,,
1780559412.756553,VDD_SOC,1731.84,,
1780559412.756553,,,cpu-thermal,61.0
1780559412.756553,,,gpu-thermal,60.75
1780559412.756553,,,soc0-thermal,58.937
1780559412.756553,,,soc1-thermal,58.25
1780559412.756553,,,soc2-thermal,59.031
1780559412.756553,,,tj-thermal,61.0
1780559412.8642151,VDD_IN,7281.6,,
1780559412.8642151,VDD_CPU_GPU_CV,2514.944,,
1780559412.8642151,VDD_SOC,1731.84,,
1780559412.8642151,,,cpu-thermal,61.031
1780559412.8642151,,,gpu-thermal,60.781
1780559412.8642151,,,soc0-thermal,58.875
1780559412.8642151,,,soc1-thermal,58.375
1780559412.8642151,,,soc2-thermal,58.968
1780559412.8642151,,,tj-thermal,61.031
1780559412.9716334,VDD_IN,7439.04,,
1780559412.9716334,VDD_CPU_GPU_CV,2628.544,,
1780559412.9716334,VDD_SOC,1768.32,,
1780559412.9716334,,,cpu-thermal,60.781
1780559412.9716334,,,gpu-thermal,60.75
1780559412.9716334,,,soc0-thermal,58.875
1780559412.9716334,,,soc1-thermal,58.375
1780559412.9716334,,,soc2-thermal,59.062
1780559412.9716334,,,tj-thermal,60.781
1780559413.0814881,VDD_IN,7505.536,,
1780559413.0814881,VDD_CPU_GPU_CV,2707.008,,
1780559413.0814881,VDD_SOC,1768.32,,
1780559413.0814881,,,cpu-thermal,61.218
1780559413.0814881,,,gpu-thermal,60.75
1780559413.0814881,,,soc0-thermal,59.0
1780559413.0814881,,,soc1-thermal,58.437
1780559413.0814881,,,soc2-thermal,59.0
1780559413.0814881,,,tj-thermal,61.218
1780559413.1915932,VDD_IN,7584.128,,
1780559413.1915932,VDD_CPU_GPU_CV,2707.008,,
1780559413.1915932,VDD_SOC,1768.32,,
1780559413.1915932,,,cpu-thermal,60.843
1780559413.1915932,,,gpu-thermal,60.875
1780559413.1915932,,,soc0-thermal,58.906
1780559413.1915932,,,soc1-thermal,58.312
1780559413.1915932,,,soc2-thermal,59.062
1780559413.1915932,,,tj-thermal,60.875
1780559413.2980201,VDD_IN,7505.536,,
1780559413.2980201,VDD_CPU_GPU_CV,2667.776,,
1780559413.2980201,VDD_SOC,1768.32,,
1780559413.2980201,,,cpu-thermal,60.781
1780559413.2980201,,,gpu-thermal,60.812
1780559413.2980201,,,soc0-thermal,58.937
1780559413.2980201,,,soc1-thermal,58.312
1780559413.2980201,,,soc2-thermal,58.968
1780559413.2980201,,,tj-thermal,60.812
1780559413.4045963,VDD_IN,7426.944,,
1780559413.4045963,VDD_CPU_GPU_CV,2589.312,,
1780559413.4045963,VDD_SOC,1768.32,,
1780559413.4045963,,,cpu-thermal,60.781
1780559413.4045963,,,gpu-thermal,60.906
1780559413.4045963,,,soc0-thermal,58.937
1780559413.4045963,,,soc1-thermal,58.406
1780559413.4045963,,,soc2-thermal,58.968
1780559413.4045963,,,tj-thermal,60.906
1780559413.510681,VDD_IN,7360.32,,
1780559413.510681,VDD_CPU_GPU_CV,2510.848,,
1780559413.510681,VDD_SOC,1768.32,,
1780559413.510681,,,cpu-thermal,60.656
1780559413.510681,,,gpu-thermal,60.781
1780559413.510681,,,soc0-thermal,59.062
1780559413.510681,,,soc1-thermal,58.343
1780559413.510681,,,soc2-thermal,59.093
1780559413.510681,,,tj-thermal,60.781
1780559413.6167915,VDD_IN,7202.88,,
1780559413.6167915,VDD_CPU_GPU_CV,2397.056,,
1780559413.6167915,VDD_SOC,1771.2,,
1780559413.6167915,,,cpu-thermal,60.656
1780559413.6167915,,,gpu-thermal,61.062
1780559413.6167915,,,soc0-thermal,58.937
1780559413.6167915,,,soc1-thermal,58.343
1780559413.6167915,,,soc2-thermal,59.093
1780559413.6167915,,,tj-thermal,61.062
1780559413.7231903,VDD_IN,7084.8,,
1780559413.7231903,VDD_CPU_GPU_CV,2357.76,,
1780559413.7231903,VDD_SOC,1731.84,,
1780559413.7231903,,,cpu-thermal,60.687
1780559413.7231903,,,gpu-thermal,60.906
1780559413.7231903,,,soc0-thermal,59.0
1780559413.7231903,,,soc1-thermal,58.406
1780559413.7231903,,,soc2-thermal,59.0
1780559413.7231903,,,tj-thermal,60.906
1780559413.8294332,VDD_IN,7006.08,,
1780559413.8294332,VDD_CPU_GPU_CV,2279.168,,
1780559413.8294332,VDD_SOC,1731.84,,
1780559413.8294332,,,cpu-thermal,60.625
1780559413.8294332,,,gpu-thermal,60.906
1780559413.8294332,,,soc0-thermal,59.031
1780559413.8294332,,,soc1-thermal,58.312
1780559413.8294332,,,soc2-thermal,59.062
1780559413.8294332,,,tj-thermal,60.906
1780559413.9360988,VDD_IN,6966.72,,
1780559413.9360988,VDD_CPU_GPU_CV,2279.168,,
1780559413.9360988,VDD_SOC,1731.84,,
1780559413.9360988,,,cpu-thermal,60.656
1780559413.9360988,,,gpu-thermal,60.812
1780559413.9360988,,,soc0-thermal,58.937
1780559413.9360988,,,soc1-thermal,58.375
1780559413.9360988,,,soc2-thermal,59.093
1780559413.9360988,,,tj-thermal,60.875
1780559414.0429983,VDD_IN,7202.88,,
1780559414.0429983,VDD_CPU_GPU_CV,2436.352,,
1780559414.0429983,VDD_SOC,1731.84,,
1780559414.0429983,,,cpu-thermal,61.156
1780559414.0429983,,,gpu-thermal,60.781
1780559414.0429983,,,soc0-thermal,58.937
1780559414.0429983,,,soc1-thermal,58.468
1780559414.0429983,,,soc2-thermal,59.031
1780559414.0429983,,,tj-thermal,61.156
1780559414.1494138,VDD_IN,7360.32,,
1780559414.1494138,VDD_CPU_GPU_CV,2589.312,,
1780559414.1494138,VDD_SOC,1768.32,,
1780559414.1494138,,,cpu-thermal,60.875
1780559414.1494138,,,gpu-thermal,61.187
1780559414.1494138,,,soc0-thermal,59.125
1780559414.1494138,,,soc1-thermal,58.406
1780559414.1494138,,,soc2-thermal,59.156
1780559414.1494138,,,tj-thermal,61.187
1780559414.256007,VDD_IN,7466.24,,
1780559414.256007,VDD_CPU_GPU_CV,2667.776,,
1780559414.256007,VDD_SOC,1768.32,,
1780559414.256007,,,cpu-thermal,61.093
1780559414.256007,,,gpu-thermal,61.031
1780559414.256007,,,soc0-thermal,58.937
1780559414.256007,,,soc1-thermal,58.406
1780559414.256007,,,soc2-thermal,59.062
1780559414.256007,,,tj-thermal,61.093
1780559414.3621247,VDD_IN,7662.72,,
1780559414.3621247,VDD_CPU_GPU_CV,2785.472,,
1780559414.3621247,VDD_SOC,1768.32,,
1780559414.3621247,,,cpu-thermal,61.062
1780559414.3621247,,,gpu-thermal,61.0
1780559414.3621247,,,soc0-thermal,58.937
1780559414.3621247,,,soc1-thermal,58.437
1780559414.3621247,,,soc2-thermal,59.218
1780559414.3621247,,,tj-thermal,61.062
1780559414.4681964,VDD_IN,7662.72,,
1780559414.4681964,VDD_CPU_GPU_CV,2785.472,,
1780559414.4681964,VDD_SOC,1807.616,,
1780559414.4681964,,,cpu-thermal,61.0
1780559414.4681964,,,gpu-thermal,60.906
1780559414.4681964,,,soc0-thermal,59.062
1780559414.4681964,,,soc1-thermal,58.406
1780559414.4681964,,,soc2-thermal,59.093
1780559414.4681964,,,tj-thermal,60.906
1780559414.5741377,VDD_IN,7439.04,,
1780559414.5741377,VDD_CPU_GPU_CV,2628.544,,
1780559414.5741377,VDD_SOC,1768.32,,
1780559414.5741377,,,cpu-thermal,60.75
1780559414.5741377,,,gpu-thermal,60.968
1780559414.5741377,,,soc0-thermal,59.0
1780559414.5741377,,,soc1-thermal,58.375
1780559414.5741377,,,soc2-thermal,59.187
1780559414.5741377,,,tj-thermal,60.843
1780559414.6800632,VDD_IN,7242.24,,
1780559414.6800632,VDD_CPU_GPU_CV,2475.648,,
1780559414.6800632,VDD_SOC,1771.2,,
1780559414.6800632,,,cpu-thermal,60.687
1780559414.6800632,,,gpu-thermal,61.0
1780559414.6800632,,,soc0-thermal,59.062
1780559414.6800632,,,soc1-thermal,58.437
1780559414.6800632,,,soc2-thermal,59.093
1780559414.6800632,,,tj-thermal,60.812
1780559414.7857351,VDD_IN,7096.32,,
1780559414.7857351,VDD_CPU_GPU_CV,2397.056,,
1780559414.7857351,VDD_SOC,1731.84,,
1780559414.7857351,,,cpu-thermal,60.75
1780559414.7857351,,,gpu-thermal,60.906
1780559414.7857351,,,soc0-thermal,59.062
1780559414.7857351,,,soc1-thermal,58.531
1780559414.7857351,,,soc2-thermal,59.062
1780559414.7857351,,,tj-thermal,60.906
1780559414.891132,VDD_IN,6978.048,,
1780559414.891132,VDD_CPU_GPU_CV,2318.464,,
1780559414.891132,VDD_SOC,1731.84,,
1780559414.891132,,,cpu-thermal,60.687
1780559414.891132,,,gpu-thermal,60.781
1780559414.891132,,,soc0-thermal,59.125
1780559414.891132,,,soc1-thermal,58.406
1780559414.891132,,,soc2-thermal,59.0
1780559414.891132,,,tj-thermal,60.781
1780559414.9967008,VDD_IN,6899.2,,
1780559414.9967008,VDD_CPU_GPU_CV,2243.52,,
1780559414.9967008,VDD_SOC,1734.656,,
1780559414.9967008,,,cpu-thermal,60.656
1780559414.9967008,,,gpu-thermal,60.781
1780559414.9967008,,,soc0-thermal,59.031
1780559414.9967008,,,soc1-thermal,58.406
1780559414.9967008,,,soc2-thermal,59.062
1780559414.9967008,,,tj-thermal,60.781
1780559415.1018927,VDD_IN,6820.352,,
1780559415.1018927,VDD_CPU_GPU_CV,2204.16,,
1780559415.1018927,VDD_SOC,1695.232,,
1780559415.1018927,,,cpu-thermal,60.687
1780559415.1018927,,,gpu-thermal,60.843
1780559415.1018927,,,soc0-thermal,58.937
1780559415.1018927,,,soc1-thermal,58.437
1780559415.1018927,,,soc2-thermal,59.125
1780559415.1018927,,,tj-thermal,61.093
1780559415.2080617,VDD_IN,6741.504,,
1780559415.2080617,VDD_CPU_GPU_CV,2164.8,,
1780559415.2080617,VDD_SOC,1695.232,,
1780559415.2080617,,,cpu-thermal,60.656
1780559415.2080617,,,gpu-thermal,60.875
1780559415.2080617,,,soc0-thermal,58.968
1780559415.2080617,,,soc1-thermal,58.593
1780559415.2080617,,,soc2-thermal,59.031
1780559415.2080617,,,tj-thermal,60.875
1780559415.3133056,VDD_IN,6780.928,,
1780559415.3133056,VDD_CPU_GPU_CV,2164.8,,
1780559415.3133056,VDD_SOC,1695.232,,
1780559415.3133056,,,cpu-thermal,60.687
1780559415.3133056,,,gpu-thermal,61.187
1780559415.3133056,,,soc0-thermal,59.156
1780559415.3133056,,,soc1-thermal,58.406
1780559415.3133056,,,soc2-thermal,59.031
1780559415.3133056,,,tj-thermal,61.187
1780559415.4191134,VDD_IN,6820.352,,
1780559415.4191134,VDD_CPU_GPU_CV,2164.8,,
1780559415.4191134,VDD_SOC,1734.656,,
1780559415.4191134,,,cpu-thermal,60.687
1780559415.4191134,,,gpu-thermal,61.093
1780559415.4191134,,,soc0-thermal,59.031
1780559415.4191134,,,soc1-thermal,58.437
1780559415.4191134,,,soc2-thermal,59.093
1780559415.4191134,,,tj-thermal,61.093
1780559415.5246267,VDD_IN,6820.352,,
1780559415.5246267,VDD_CPU_GPU_CV,2164.8,,
1780559415.5246267,VDD_SOC,1734.656,,
1780559415.5246267,,,cpu-thermal,60.625
1780559415.5246267,,,gpu-thermal,60.812
1780559415.5246267,,,soc0-thermal,59.093
1780559415.5246267,,,soc1-thermal,58.468
1780559415.5246267,,,soc2-thermal,59.093
1780559415.5246267,,,tj-thermal,60.906
1780559415.6297593,VDD_IN,6780.928,,
1780559415.6297593,VDD_CPU_GPU_CV,2125.44,,
1780559415.6297593,VDD_SOC,1695.232,,
1780559415.6297593,,,cpu-thermal,60.656
1780559415.6297593,,,gpu-thermal,61.187
1780559415.6297593,,,soc0-thermal,59.125
1780559415.6297593,,,soc1-thermal,58.531
1780559415.6297593,,,soc2-thermal,59.031
1780559415.6297593,,,tj-thermal,61.187
1780559415.7349834,VDD_IN,6741.504,,
1780559415.7349834,VDD_CPU_GPU_CV,2125.44,,
1780559415.7349834,VDD_SOC,1695.232,,
1780559415.7349834,,,cpu-thermal,60.718
1780559415.7349834,,,gpu-thermal,61.0
1780559415.7349834,,,soc0-thermal,59.156
1780559415.7349834,,,soc1-thermal,58.406
1780559415.7349834,,,soc2-thermal,59.093
1780559415.7349834,,,tj-thermal,61.0
1780559415.8406055,VDD_IN,6702.08,,
1780559415.8406055,VDD_CPU_GPU_CV,2086.08,,
1780559415.8406055,VDD_SOC,1695.232,,
1780559415.8406055,,,cpu-thermal,60.687
1780559415.8406055,,,gpu-thermal,60.968
1780559415.8406055,,,soc0-thermal,58.968
1780559415.8406055,,,soc1-thermal,58.5
1780559415.8406055,,,soc2-thermal,59.125
1780559415.8406055,,,tj-thermal,60.968
1780559415.946053,VDD_IN,6662.656,,
1780559415.946053,VDD_CPU_GPU_CV,2086.08,,
1780559415.946053,VDD_SOC,1695.232,,
1780559415.946053,,,cpu-thermal,60.937
1780559415.946053,,,gpu-thermal,60.906
1780559415.946053,,,soc0-thermal,59.062
1780559415.946053,,,soc1-thermal,58.437
1780559415.946053,,,soc2-thermal,59.218
1780559415.946053,,,tj-thermal,60.937
1780559416.0518656,VDD_IN,6623.232,,
1780559416.0518656,VDD_CPU_GPU_CV,2046.72,,
1780559416.0518656,VDD_SOC,1695.232,,
1780559416.0518656,,,cpu-thermal,60.656
1780559416.0518656,,,gpu-thermal,61.062
1780559416.0518656,,,soc0-thermal,59.062
1780559416.0518656,,,soc1-thermal,58.468
1780559416.0518656,,,soc2-thermal,59.125
1780559416.0518656,,,tj-thermal,60.843
1780559416.157355,VDD_IN,6623.232,,
1780559416.157355,VDD_CPU_GPU_CV,2046.72,,
1780559416.157355,VDD_SOC,1695.232,,
1780559416.157355,,,cpu-thermal,60.625
1780559416.157355,,,gpu-thermal,60.906
1780559416.157355,,,soc0-thermal,59.187
1780559416.157355,,,soc1-thermal,58.468
1780559416.157355,,,soc2-thermal,59.062
1780559416.157355,,,tj-thermal,60.906
1780559416.2628999,VDD_IN,6623.232,,
1780559416.2628999,VDD_CPU_GPU_CV,2046.72,,
1780559416.2628999,VDD_SOC,1695.232,,
1780559416.2628999,,,cpu-thermal,60.875
1780559416.2628999,,,gpu-thermal,60.906
1780559416.2628999,,,soc0-thermal,59.062
1780559416.2628999,,,soc1-thermal,58.468
1780559416.2628999,,,soc2-thermal,59.218
1780559416.2628999,,,tj-thermal,60.906
1780559416.3684766,VDD_IN,6702.08,,
1780559416.3684766,VDD_CPU_GPU_CV,2086.08,,
1780559416.3684766,VDD_SOC,1695.232,,
1780559416.3684766,,,cpu-thermal,60.906
1780559416.3684766,,,gpu-thermal,60.812
1780559416.3684766,,,soc0-thermal,59.093
1780559416.3684766,,,soc1-thermal,58.531
1780559416.3684766,,,soc2-thermal,58.968
1780559416.3684766,,,tj-thermal,60.906
1780559416.4737897,VDD_IN,6780.928,,
1780559416.4737897,VDD_CPU_GPU_CV,2125.44,,
1780559416.4737897,VDD_SOC,1734.656,,
1780559416.4737897,,,cpu-thermal,60.593
1780559416.4737897,,,gpu-thermal,60.968
1780559416.4737897,,,soc0-thermal,59.156
1780559416.4737897,,,soc1-thermal,58.687
1780559416.4737897,,,soc2-thermal,59.093
1780559416.4737897,,,tj-thermal,61.25
1780559416.5792804,VDD_IN,6741.504,,
1780559416.5792804,VDD_CPU_GPU_CV,2086.08,,
1780559416.5792804,VDD_SOC,1695.232,,
1780559416.5792804,,,cpu-thermal,60.593
1780559416.5792804,,,gpu-thermal,60.906
1780559416.5792804,,,soc0-thermal,59.0
1780559416.5792804,,,soc1-thermal,58.437
1780559416.5792804,,,soc2-thermal,59.062
1780559416.5792804,,,tj-thermal,60.906
1780559416.6846385,VDD_IN,6702.08,,
1780559416.6846385,VDD_CPU_GPU_CV,2086.08,,
1780559416.6846385,VDD_SOC,1695.232,,
1780559416.6846385,,,cpu-thermal,60.843
1780559416.6846385,,,gpu-thermal,60.906
1780559416.6846385,,,soc0-thermal,59.062
1780559416.6846385,,,soc1-thermal,58.468
1780559416.6846385,,,soc2-thermal,59.218
1780559416.6846385,,,tj-thermal,60.906
1780559416.7906733,VDD_IN,6662.656,,
1780559416.7906733,VDD_CPU_GPU_CV,2086.08,,
1780559416.7906733,VDD_SOC,1695.232,,
1780559416.7906733,,,cpu-thermal,60.875
1780559416.7906733,,,gpu-thermal,61.281
1780559416.7906733,,,soc0-thermal,59.125
1780559416.7906733,,,soc1-thermal,58.593
1780559416.7906733,,,soc2-thermal,59.093
1780559416.7906733,,,tj-thermal,61.281
1780559416.8961685,VDD_IN,6662.656,,
1780559416.8961685,VDD_CPU_GPU_CV,2086.08,,
1780559416.8961685,VDD_SOC,1695.232,,
1780559416.8961685,,,cpu-thermal,61.062
1780559416.8961685,,,gpu-thermal,60.906
1780559416.8961685,,,soc0-thermal,59.093
1780559416.8961685,,,soc1-thermal,58.437
1780559416.8961685,,,soc2-thermal,59.125
1780559416.8961685,,,tj-thermal,61.062
1780559417.001573,VDD_IN,6623.232,,
1780559417.001573,VDD_CPU_GPU_CV,2046.72,,
1780559417.001573,VDD_SOC,1695.232,,
1780559417.001573,,,cpu-thermal,60.687
1780559417.001573,,,gpu-thermal,60.843
1780559417.001573,,,soc0-thermal,59.062
1780559417.001573,,,soc1-thermal,58.531
1780559417.001573,,,soc2-thermal,59.187
1780559417.001573,,,tj-thermal,60.968
1780559417.10723,VDD_IN,6623.232,,
1780559417.10723,VDD_CPU_GPU_CV,2046.72,,
1780559417.10723,VDD_SOC,1695.232,,
1780559417.10723,,,cpu-thermal,60.843
1780559417.10723,,,gpu-thermal,61.25
1780559417.10723,,,soc0-thermal,59.062
1780559417.10723,,,soc1-thermal,58.531
1780559417.10723,,,soc2-thermal,59.218
1780559417.10723,,,tj-thermal,61.25
1780559417.212744,VDD_IN,6583.808,,
1780559417.212744,VDD_CPU_GPU_CV,2046.72,,
1780559417.212744,VDD_SOC,1695.232,,
1780559417.212744,,,cpu-thermal,60.875
1780559417.212744,,,gpu-thermal,61.031
1780559417.212744,,,soc0-thermal,59.218
1780559417.212744,,,soc1-thermal,58.625
1780559417.212744,,,soc2-thermal,59.093
1780559417.212744,,,tj-thermal,61.031
1780559417.3185995,VDD_IN,6662.656,,
1780559417.3185995,VDD_CPU_GPU_CV,2086.08,,
1780559417.3185995,VDD_SOC,1695.232,,
1780559417.3185995,,,cpu-thermal,60.718
1780559417.3185995,,,gpu-thermal,61.031
1780559417.3185995,,,soc0-thermal,59.156
1780559417.3185995,,,soc1-thermal,58.562
1780559417.3185995,,,soc2-thermal,59.187
1780559417.3185995,,,tj-thermal,61.031
1780559417.4247992,VDD_IN,6741.504,,
1780559417.4247992,VDD_CPU_GPU_CV,2125.44,,
1780559417.4247992,VDD_SOC,1695.232,,
1780559417.4247992,,,cpu-thermal,60.687
1780559417.4247992,,,gpu-thermal,61.0
1780559417.4247992,,,soc0-thermal,59.0
1780559417.4247992,,,soc1-thermal,58.531
1780559417.4247992,,,soc2-thermal,59.187
1780559417.4247992,,,tj-thermal,61.0
1780559417.5305662,VDD_IN,6741.504,,
1780559417.5305662,VDD_CPU_GPU_CV,2086.08,,
1780559417.5305662,VDD_SOC,1695.232,,
1780559417.5305662,,,cpu-thermal,60.75
1780559417.5305662,,,gpu-thermal,60.875
1780559417.5305662,,,soc0-thermal,59.156
1780559417.5305662,,,soc1-thermal,58.5
1780559417.5305662,,,soc2-thermal,59.187
1780559417.5305662,,,tj-thermal,60.875
1780559417.6362863,VDD_IN,6673.472,,
1780559417.6362863,VDD_CPU_GPU_CV,2046.72,,
1780559417.6362863,VDD_SOC,1695.232,,
1780559417.6362863,,,cpu-thermal,60.656
1780559417.6362863,,,gpu-thermal,61.031
1780559417.6362863,,,soc0-thermal,59.187
1780559417.6362863,,,soc1-thermal,58.531
1780559417.6362863,,,soc2-thermal,59.093
1780559417.6362863,,,tj-thermal,61.281
1780559417.7416337,VDD_IN,6662.656,,
1780559417.7416337,VDD_CPU_GPU_CV,2086.08,,
1780559417.7416337,VDD_SOC,1695.232,,
1780559417.7416337,,,cpu-thermal,60.781
1780559417.7416337,,,gpu-thermal,60.906
1780559417.7416337,,,soc0-thermal,59.25
1780559417.7416337,,,soc1-thermal,58.5
1780559417.7416337,,,soc2-thermal,59.187
1780559417.7416337,,,tj-thermal,60.906
1780559417.8477805,VDD_IN,6633.984,,
1780559417.8477805,VDD_CPU_GPU_CV,2046.72,,
1780559417.8477805,VDD_SOC,1695.232,,
1780559417.8477805,,,cpu-thermal,60.812
1780559417.8477805,,,gpu-thermal,60.875
1780559417.8477805,,,soc0-thermal,59.093
1780559417.8477805,,,soc1-thermal,58.531
1780559417.8477805,,,soc2-thermal,59.218
1780559417.8477805,,,tj-thermal,61.0
1780559417.9536526,VDD_IN,6623.232,,
1780559417.9536526,VDD_CPU_GPU_CV,2086.08,,
1780559417.9536526,VDD_SOC,1695.232,,
1780559417.9536526,,,cpu-thermal,60.687
1780559417.9536526,,,gpu-thermal,61.312
1780559417.9536526,,,soc0-thermal,59.156
1780559417.9536526,,,soc1-thermal,58.718
1780559417.9536526,,,soc2-thermal,59.031
1780559417.9536526,,,tj-thermal,61.312
1780559418.0598683,VDD_IN,6623.232,,
1780559418.0598683,VDD_CPU_GPU_CV,2086.08,,
1780559418.0598683,VDD_SOC,1695.232,,
1780559418.0598683,,,cpu-thermal,60.625
1780559418.0598683,,,gpu-thermal,61.062
1780559418.0598683,,,soc0-thermal,59.25
1780559418.0598683,,,soc1-thermal,58.468
1780559418.0598683,,,soc2-thermal,59.187
1780559418.0598683,,,tj-thermal,61.062
1780559418.1657403,VDD_IN,6662.656,,
1780559418.1657403,VDD_CPU_GPU_CV,2086.08,,
1780559418.1657403,VDD_SOC,1695.232,,
1780559418.1657403,,,cpu-thermal,60.906
1780559418.1657403,,,gpu-thermal,61.031
1780559418.1657403,,,soc0-thermal,59.156
1780559418.1657403,,,soc1-thermal,58.593
1780559418.1657403,,,soc2-thermal,59.218
1780559418.1657403,,,tj-thermal,61.031
1780559418.2720778,VDD_IN,6662.656,,
1780559418.2720778,VDD_CPU_GPU_CV,2086.08,,
1780559418.2720778,VDD_SOC,1695.232,,
1780559418.2720778,,,cpu-thermal,61.0
1780559418.2720778,,,gpu-thermal,61.0
1780559418.2720778,,,soc0-thermal,59.187
1780559418.2720778,,,soc1-thermal,58.656
1780559418.2720778,,,soc2-thermal,59.062
1780559418.2720778,,,tj-thermal,61.0
1780559418.3780134,VDD_IN,6741.504,,
1780559418.3780134,VDD_CPU_GPU_CV,2125.44,,
1780559418.3780134,VDD_SOC,1695.232,,
1780559418.3780134,,,cpu-thermal,60.687
1780559418.3780134,,,gpu-thermal,60.906
1780559418.3780134,,,soc0-thermal,59.25
1780559418.3780134,,,soc1-thermal,58.5
1780559418.3780134,,,soc2-thermal,59.218
1780559418.3780134,,,tj-thermal,60.906
1780559418.4839427,VDD_IN,6780.928,,
1780559418.4839427,VDD_CPU_GPU_CV,2125.44,,
1780559418.4839427,VDD_SOC,1734.656,,
1780559418.4839427,,,cpu-thermal,60.812
1780559418.4839427,,,gpu-thermal,61.062
1780559418.4839427,,,soc0-thermal,59.062
1780559418.4839427,,,soc1-thermal,58.593
1780559418.4839427,,,soc2-thermal,59.187
1780559418.4839427,,,tj-thermal,60.906
1780559418.5897949,VDD_IN,6741.504,,
1780559418.5897949,VDD_CPU_GPU_CV,2125.44,,
1780559418.5897949,VDD_SOC,1695.232,,
1780559418.5897949,,,cpu-thermal,60.906
1780559418.5897949,,,gpu-thermal,60.968
1780559418.5897949,,,soc0-thermal,59.156
1780559418.5897949,,,soc1-thermal,58.562
1780559418.5897949,,,soc2-thermal,59.281
1780559418.5897949,,,tj-thermal,61.218
1780559418.6960614,VDD_IN,6702.08,,
1780559418.6960614,VDD_CPU_GPU_CV,2086.08,,
1780559418.6960614,VDD_SOC,1695.232,,
1780559418.6960614,,,cpu-thermal,61.031
1780559418.6960614,,,gpu-thermal,60.906
1780559418.6960614,,,soc0-thermal,59.312
1780559418.6960614,,,soc1-thermal,58.687
1780559418.6960614,,,soc2-thermal,59.218
1780559418.6960614,,,tj-thermal,61.187
1780559418.8020446,VDD_IN,6662.656,,
1780559418.8020446,VDD_CPU_GPU_CV,2086.08,,
1780559418.8020446,VDD_SOC,1695.232,,
1780559418.8020446,,,cpu-thermal,60.781
1780559418.8020446,,,gpu-thermal,60.968
1780559418.8020446,,,soc0-thermal,59.218
1780559418.8020446,,,soc1-thermal,58.531
1780559418.8020446,,,soc2-thermal,59.25
1780559418.8020446,,,tj-thermal,60.968
1780559418.9086475,VDD_IN,6662.656,,
1780559418.9086475,VDD_CPU_GPU_CV,2086.08,,
1780559418.9086475,VDD_SOC,1695.232,,
1780559418.9086475,,,cpu-thermal,60.781
1780559418.9086475,,,gpu-thermal,61.187
1780559418.9086475,,,soc0-thermal,59.156
1780559418.9086475,,,soc1-thermal,58.625
1780559418.9086475,,,soc2-thermal,59.25
1780559418.9086475,,,tj-thermal,61.187
1780559419.0145109,VDD_IN,6623.232,,
1780559419.0145109,VDD_CPU_GPU_CV,2086.08,,
1780559419.0145109,VDD_SOC,1695.232,,
1780559419.0145109,,,cpu-thermal,60.843
1780559419.0145109,,,gpu-thermal,61.062
1780559419.0145109,,,soc0-thermal,59.25
1780559419.0145109,,,soc1-thermal,58.75
1780559419.0145109,,,soc2-thermal,59.156
1780559419.0145109,,,tj-thermal,61.062
1780559419.120592,VDD_IN,6623.232,,
1780559419.120592,VDD_CPU_GPU_CV,2086.08,,
1780559419.120592,VDD_SOC,1695.232,,
1780559419.120592,,,cpu-thermal,60.781
1780559419.120592,,,gpu-thermal,61.0
1780559419.120592,,,soc0-thermal,59.343
1780559419.120592,,,soc1-thermal,58.562
1780559419.120592,,,soc2-thermal,59.218
1780559419.120592,,,tj-thermal,61.0
1780559419.2272518,VDD_IN,6662.656,,
1780559419.2272518,VDD_CPU_GPU_CV,2125.44,,
1780559419.2272518,VDD_SOC,1695.232,,
1780559419.2272518,,,cpu-thermal,60.781
1780559419.2272518,,,gpu-thermal,60.906
1780559419.2272518,,,soc0-thermal,59.25
1780559419.2272518,,,soc1-thermal,58.593
1780559419.2272518,,,soc2-thermal,59.281
1780559419.2272518,,,tj-thermal,61.031
1780559419.3331678,VDD_IN,6702.08,,
1780559419.3331678,VDD_CPU_GPU_CV,2125.44,,
1780559419.3331678,VDD_SOC,1695.232,,
1780559419.3331678,,,cpu-thermal,61.156
1780559419.3331678,,,gpu-thermal,60.968
1780559419.3331678,,,soc0-thermal,59.218
1780559419.3331678,,,soc1-thermal,58.687
1780559419.3331678,,,soc2-thermal,59.218
1780559419.3331678,,,tj-thermal,61.156
1780559419.4389932,VDD_IN,6780.928,,
1780559419.4389932,VDD_CPU_GPU_CV,2164.8,,
1780559419.4389932,VDD_SOC,1734.656,,
1780559419.4389932,,,cpu-thermal,60.781
1780559419.4389932,,,gpu-thermal,61.281
1780559419.4389932,,,soc0-thermal,59.312
1780559419.4389932,,,soc1-thermal,58.593
1780559419.4389932,,,soc2-thermal,59.156
1780559419.4389932,,,tj-thermal,61.281
