t,rail,mW,zone,C
1780559857.0942178,VDD_IN,5047.488,,
1780559857.0942178,VDD_CPU_GPU_CV,1031.68,,
1780559857.0942178,VDD_SOC,1470.528,,
1780559857.0942178,,,cpu-thermal,49.968
1780559857.0942178,,,gpu-thermal,50.687
1780559857.0942178,,,soc0-thermal,48.718
1780559857.0942178,,,soc1-thermal,48.156
1780559857.0942178,,,soc2-thermal,48.125
1780559857.0942178,,,tj-thermal,50.687
1780559857.2009692,VDD_IN,4999.68,,
1780559857.2009692,VDD_CPU_GPU_CV,1030.016,,
1780559857.2009692,VDD_SOC,1468.16,,
1780559857.2009692,,,cpu-thermal,50.0
1780559857.2009692,,,gpu-thermal,50.468
1780559857.2009692,,,soc0-thermal,48.531
1780559857.2009692,,,soc1-thermal,48.093
1780559857.2009692,,,soc2-thermal,48.125
1780559857.2009692,,,tj-thermal,50.468
1780559857.3071327,VDD_IN,4920.32,,
1780559857.3071327,VDD_CPU_GPU_CV,990.4,,
1780559857.3071327,VDD_SOC,1468.16,,
1780559857.3071327,,,cpu-thermal,50.062
1780559857.3071327,,,gpu-thermal,50.312
1780559857.3071327,,,soc0-thermal,48.531
1780559857.3071327,,,soc1-thermal,48.25
1780559857.3071327,,,soc2-thermal,48.25
1780559857.3071327,,,tj-thermal,50.312
1780559857.413169,VDD_IN,4809.024,,
1780559857.413169,VDD_CPU_GPU_CV,912.64,,
1780559857.413169,VDD_SOC,1468.16,,
1780559857.413169,,,cpu-thermal,49.781
1780559857.413169,,,gpu-thermal,50.187
1780559857.413169,,,soc0-thermal,48.687
1780559857.413169,,,soc1-thermal,48.312
1780559857.413169,,,soc2-thermal,48.156
1780559857.413169,,,tj-thermal,50.187
1780559857.5192037,VDD_IN,4761.6,,
1780559857.5192037,VDD_CPU_GPU_CV,912.64,,
1780559857.5192037,VDD_SOC,1468.16,,
1780559857.5192037,,,cpu-thermal,49.906
1780559857.5192037,,,gpu-thermal,50.187
1780559857.5192037,,,soc0-thermal,48.531
1780559857.5192037,,,soc1-thermal,48.093
1780559857.5192037,,,soc2-thermal,48.156
1780559857.5192037,,,tj-thermal,50.187
1780559857.625302,VDD_IN,4801.28,,
1780559857.625302,VDD_CPU_GPU_CV,911.168,,
1780559857.625302,VDD_SOC,1468.16,,
1780559857.625302,,,cpu-thermal,49.906
1780559857.625302,,,gpu-thermal,50.125
1780559857.625302,,,soc0-thermal,48.562
1780559857.625302,,,soc1-thermal,48.156
1780559857.625302,,,soc2-thermal,48.218
1780559857.625302,,,tj-thermal,50.125
1780559857.7314887,VDD_IN,4801.28,,
1780559857.7314887,VDD_CPU_GPU_CV,952.32,,
1780559857.7314887,VDD_SOC,1468.16,,
1780559857.7314887,,,cpu-thermal,49.781
1780559857.7314887,,,gpu-thermal,50.531
1780559857.7314887,,,soc0-thermal,48.562
1780559857.7314887,,,soc1-thermal,48.25
1780559857.7314887,,,soc2-thermal,48.125
1780559857.7314887,,,tj-thermal,50.531
1780559857.8378403,VDD_IN,4809.024,,
1780559857.8378403,VDD_CPU_GPU_CV,952.32,,
1780559857.8378403,VDD_SOC,1470.528,,
1780559857.8378403,,,cpu-thermal,49.875
1780559857.8378403,,,gpu-thermal,50.343
1780559857.8378403,,,soc0-thermal,48.593
1780559857.8378403,,,soc1-thermal,48.062
1780559857.8378403,,,soc2-thermal,48.187
1780559857.8378403,,,tj-thermal,50.343
1780559857.9441023,VDD_IN,4809.024,,
1780559857.9441023,VDD_CPU_GPU_CV,952.32,,
1780559857.9441023,VDD_SOC,1470.528,,
1780559857.9441023,,,cpu-thermal,50.093
1780559857.9441023,,,gpu-thermal,50.218
1780559857.9441023,,,soc0-thermal,48.468
1780559857.9441023,,,soc1-thermal,48.125
1780559857.9441023,,,soc2-thermal,48.156
1780559857.9441023,,,tj-thermal,50.218
1780559858.050365,VDD_IN,4809.024,,
1780559858.050365,VDD_CPU_GPU_CV,953.856,,
1780559858.050365,VDD_SOC,1470.528,,
1780559858.050365,,,cpu-thermal,50.218
1780559858.050365,,,gpu-thermal,50.187
1780559858.050365,,,soc0-thermal,48.5
1780559858.050365,,,soc1-thermal,48.156
1780559858.050365,,,soc2-thermal,48.125
1780559858.050365,,,tj-thermal,50.218
1780559858.156577,VDD_IN,4809.024,,
1780559858.156577,VDD_CPU_GPU_CV,993.6,,
1780559858.156577,VDD_SOC,1470.528,,
1780559858.156577,,,cpu-thermal,49.906
1780559858.156577,,,gpu-thermal,50.062
1780559858.156577,,,soc0-thermal,48.656
1780559858.156577,,,soc1-thermal,48.0
1780559858.156577,,,soc2-thermal,48.062
1780559858.156577,,,tj-thermal,50.062
1780559858.2628148,VDD_IN,4816.768,,
1780559858.2628148,VDD_CPU_GPU_CV,953.856,,
1780559858.2628148,VDD_SOC,1470.528,,
1780559858.2628148,,,cpu-thermal,49.968
1780559858.2628148,,,gpu-thermal,50.5
1780559858.2628148,,,soc0-thermal,48.468
1780559858.2628148,,,soc1-thermal,48.0
1780559858.2628148,,,soc2-thermal,48.125
1780559858.2628148,,,tj-thermal,50.5
1780559858.3691132,VDD_IN,4697.344,,
1780559858.3691132,VDD_CPU_GPU_CV,915.584,,
1780559858.3691132,VDD_SOC,1433.088,,
1780559858.3691132,,,cpu-thermal,49.968
1780559858.3691132,,,gpu-thermal,50.125
1780559858.3691132,,,soc0-thermal,48.531
1780559858.3691132,,,soc1-thermal,48.125
1780559858.3691132,,,soc2-thermal,48.093
1780559858.3691132,,,tj-thermal,50.343
1780559858.474936,VDD_IN,4665.024,,
1780559858.474936,VDD_CPU_GPU_CV,875.776,,
1780559858.474936,VDD_SOC,1435.392,,
1780559858.474936,,,cpu-thermal,50.062
1780559858.474936,,,gpu-thermal,50.031
1780559858.474936,,,soc0-thermal,48.625
1780559858.474936,,,soc1-thermal,47.937
1780559858.474936,,,soc2-thermal,48.062
1780559858.474936,,,tj-thermal,50.187
1780559858.5811272,VDD_IN,4704.896,,
1780559858.5811272,VDD_CPU_GPU_CV,915.584,,
1780559858.5811272,VDD_SOC,1433.088,,
1780559858.5811272,,,cpu-thermal,49.843
1780559858.5811272,,,gpu-thermal,50.531
1780559858.5811272,,,soc0-thermal,48.468
1780559858.5811272,,,soc1-thermal,47.968
1780559858.5811272,,,soc2-thermal,48.093
1780559858.5811272,,,tj-thermal,50.156
1780559858.6872702,VDD_IN,4744.768,,
1780559858.6872702,VDD_CPU_GPU_CV,915.584,,
1780559858.6872702,VDD_SOC,1472.896,,
1780559858.6872702,,,cpu-thermal,49.843
1780559858.6872702,,,gpu-thermal,50.187
1780559858.6872702,,,soc0-thermal,48.468
1780559858.6872702,,,soc1-thermal,48.031
1780559858.6872702,,,soc2-thermal,48.093
1780559858.6872702,,,tj-thermal,50.187
1780559858.7934265,VDD_IN,4744.768,,
1780559858.7934265,VDD_CPU_GPU_CV,915.584,,
1780559858.7934265,VDD_SOC,1435.392,,
1780559858.7934265,,,cpu-thermal,49.656
1780559858.7934265,,,gpu-thermal,50.125
1780559858.7934265,,,soc0-thermal,48.531
1780559858.7934265,,,soc1-thermal,47.875
1780559858.7934265,,,soc2-thermal,48.0
1780559858.7934265,,,tj-thermal,50.125
1780559858.8997471,VDD_IN,4784.64,,
1780559858.8997471,VDD_CPU_GPU_CV,955.392,,
1780559858.8997471,VDD_SOC,1435.392,,
1780559858.8997471,,,cpu-thermal,49.781
1780559858.8997471,,,gpu-thermal,50.062
1780559858.8997471,,,soc0-thermal,48.593
1780559858.8997471,,,soc1-thermal,47.937
1780559858.8997471,,,soc2-thermal,48.0
1780559858.8997471,,,tj-thermal,50.062
1780559859.0059736,VDD_IN,4784.64,,
1780559859.0059736,VDD_CPU_GPU_CV,955.392,,
1780559859.0059736,VDD_SOC,1475.264,,
1780559859.0059736,,,cpu-thermal,49.812
1780559859.0059736,,,gpu-thermal,50.0
1780559859.0059736,,,soc0-thermal,48.437
1780559859.0059736,,,soc1-thermal,48.031
1780559859.0059736,,,soc2-thermal,48.0
1780559859.0059736,,,tj-thermal,50.125
1780559859.1121726,VDD_IN,4784.64,,
1780559859.1121726,VDD_CPU_GPU_CV,955.392,,
1780559859.1121726,VDD_SOC,1435.392,,
1780559859.1121726,,,cpu-thermal,49.656
1780559859.1121726,,,gpu-thermal,50.437
1780559859.1121726,,,soc0-thermal,48.531
1780559859.1121726,,,soc1-thermal,48.062
1780559859.1121726,,,soc2-thermal,47.906
1780559859.1121726,,,tj-thermal,50.437
1780559859.218184,VDD_IN,4784.64,,
1780559859.218184,VDD_CPU_GPU_CV,955.392,,
1780559859.218184,VDD_SOC,1435.392,,
1780559859.218184,,,cpu-thermal,49.687
1780559859.218184,,,gpu-thermal,50.187
1780559859.218184,,,soc0-thermal,48.5
1780559859.218184,,,soc1-thermal,47.875
1780559859.218184,,,soc2-thermal,48.0
1780559859.218184,,,tj-thermal,50.187
1780559859.324187,VDD_IN,4744.768,,
1780559859.324187,VDD_CPU_GPU_CV,917.056,,
1780559859.324187,VDD_SOC,1435.392,,
1780559859.324187,,,cpu-thermal,49.875
1780559859.324187,,,gpu-thermal,50.093
1780559859.324187,,,soc0-thermal,48.375
1780559859.324187,,,soc1-thermal,47.906
1780559859.324187,,,soc2-thermal,48.062
1780559859.324187,,,tj-thermal,50.093
1780559859.4300876,VDD_IN,4672.512,,
1780559859.4300876,VDD_CPU_GPU_CV,877.184,,
1780559859.4300876,VDD_SOC,1435.392,,
1780559859.4300876,,,cpu-thermal,49.937
1780559859.4300876,,,gpu-thermal,50.0
1780559859.4300876,,,soc0-thermal,48.343
1780559859.4300876,,,soc1-thermal,47.937
1780559859.4300876,,,soc2-thermal,47.843
1780559859.4300876,,,tj-thermal,50.0
1780559859.5360048,VDD_IN,4712.448,,
1780559859.5360048,VDD_CPU_GPU_CV,877.184,,
1780559859.5360048,VDD_SOC,1435.392,,
1780559859.5360048,,,cpu-thermal,49.656
1780559859.5360048,,,gpu-thermal,49.968
1780559859.5360048,,,soc0-thermal,48.468
1780559859.5360048,,,soc1-thermal,48.187
1780559859.5360048,,,soc2-thermal,47.875
1780559859.5360048,,,tj-thermal,49.968
1780559859.6420946,VDD_IN,4712.448,,
1780559859.6420946,VDD_CPU_GPU_CV,917.056,,
1780559859.6420946,VDD_SOC,1435.392,,
1780559859.6420946,,,cpu-thermal,49.718
1780559859.6420946,,,gpu-thermal,50.125
1780559859.6420946,,,soc0-thermal,48.281
1780559859.6420946,,,soc1-thermal,47.875
1780559859.6420946,,,soc2-thermal,48.0
1780559859.6420946,,,tj-thermal,49.937
1780559859.7480426,VDD_IN,4744.768,,
1780559859.7480426,VDD_CPU_GPU_CV,917.056,,
1780559859.7480426,VDD_SOC,1435.392,,
1780559859.7480426,,,cpu-thermal,49.812
1780559859.7480426,,,gpu-thermal,50.031
1780559859.7480426,,,soc0-thermal,48.312
1780559859.7480426,,,soc1-thermal,47.968
1780559859.7480426,,,soc2-thermal,48.0
1780559859.7480426,,,tj-thermal,50.25
1780559859.8540194,VDD_IN,4744.768,,
1780559859.8540194,VDD_CPU_GPU_CV,956.928,,
1780559859.8540194,VDD_SOC,1435.392,,
1780559859.8540194,,,cpu-thermal,49.781
1780559859.8540194,,,gpu-thermal,49.906
1780559859.8540194,,,soc0-thermal,48.312
1780559859.8540194,,,soc1-thermal,48.062
1780559859.8540194,,,soc2-thermal,47.875
1780559859.8540194,,,tj-thermal,50.125
1780559859.9600966,VDD_IN,4784.64,,
1780559859.9600966,VDD_CPU_GPU_CV,956.928,,
1780559859.9600966,VDD_SOC,1475.264,,
1780559859.9600966,,,cpu-thermal,49.593
1780559859.9600966,,,gpu-thermal,49.937
1780559859.9600966,,,soc0-thermal,48.375
1780559859.9600966,,,soc1-thermal,47.75
1780559859.9600966,,,soc2-thermal,47.875
1780559859.9600966,,,tj-thermal,49.937
1780559860.0660636,VDD_IN,4784.64,,
1780559860.0660636,VDD_CPU_GPU_CV,956.928,,
1780559860.0660636,VDD_SOC,1475.264,,
1780559860.0660636,,,cpu-thermal,49.656
1780559860.0660636,,,gpu-thermal,50.25
1780559860.0660636,,,soc0-thermal,48.281
1780559860.0660636,,,soc1-thermal,47.875
1780559860.0660636,,,soc2-thermal,47.937
1780559860.0660636,,,tj-thermal,50.25
1780559860.1721668,VDD_IN,4784.64,,
1780559860.1721668,VDD_CPU_GPU_CV,956.928,,
1780559860.1721668,VDD_SOC,1435.392,,
1780559860.1721668,,,cpu-thermal,49.656
1780559860.1721668,,,gpu-thermal,50.031
1780559860.1721668,,,soc0-thermal,48.406
1780559860.1721668,,,soc1-thermal,48.0
1780559860.1721668,,,soc2-thermal,47.906
1780559860.1721668,,,tj-thermal,50.031
1780559860.278159,VDD_IN,4744.768,,
1780559860.278159,VDD_CPU_GPU_CV,917.056,,
1780559860.278159,VDD_SOC,1435.392,,
1780559860.278159,,,cpu-thermal,49.531
1780559860.278159,,,gpu-thermal,49.968
1780559860.278159,,,soc0-thermal,48.406
1780559860.278159,,,soc1-thermal,47.812
1780559860.278159,,,soc2-thermal,47.906
1780559860.278159,,,tj-thermal,49.968
1780559860.3840606,VDD_IN,4672.512,,
1780559860.3840606,VDD_CPU_GPU_CV,877.184,,
1780559860.3840606,VDD_SOC,1435.392,,
1780559860.3840606,,,cpu-thermal,49.593
1780559860.3840606,,,gpu-thermal,49.843
1780559860.3840606,,,soc0-thermal,48.25
1780559860.3840606,,,soc1-thermal,47.843
1780559860.3840606,,,soc2-thermal,47.843
1780559860.3840606,,,tj-thermal,49.843
1780559860.4897306,VDD_IN,4672.512,,
1780559860.4897306,VDD_CPU_GPU_CV,877.184,,
1780559860.4897306,VDD_SOC,1435.392,,
1780559860.4897306,,,cpu-thermal,49.531
1780559860.4897306,,,gpu-thermal,50.093
1780559860.4897306,,,soc0-thermal,48.281
1780559860.4897306,,,soc1-thermal,47.812
1780559860.4897306,,,soc2-thermal,47.906
1780559860.4897306,,,tj-thermal,49.875
1780559860.595692,VDD_IN,4712.448,,
1780559860.595692,VDD_CPU_GPU_CV,877.184,,
1780559860.595692,VDD_SOC,1435.392,,
1780559860.595692,,,cpu-thermal,49.531
1780559860.595692,,,gpu-thermal,49.875
1780559860.595692,,,soc0-thermal,48.25
1780559860.595692,,,soc1-thermal,47.75
1780559860.595692,,,soc2-thermal,47.812
1780559860.595692,,,tj-thermal,50.218
1780559860.7020981,VDD_IN,4752.384,,
1780559860.7020981,VDD_CPU_GPU_CV,917.056,,
1780559860.7020981,VDD_SOC,1435.392,,
1780559860.7020981,,,cpu-thermal,49.531
1780559860.7020981,,,gpu-thermal,49.875
1780559860.7020981,,,soc0-thermal,48.281
1780559860.7020981,,,soc1-thermal,47.75
1780559860.7020981,,,soc2-thermal,47.781
1780559860.7020981,,,tj-thermal,50.0
1780559860.8082223,VDD_IN,4752.384,,
1780559860.8082223,VDD_CPU_GPU_CV,917.056,,
1780559860.8082223,VDD_SOC,1435.392,,
1780559860.8082223,,,cpu-thermal,49.812
1780559860.8082223,,,gpu-thermal,49.843
1780559860.8082223,,,soc0-thermal,48.25
1780559860.8082223,,,soc1-thermal,47.781
1780559860.8082223,,,soc2-thermal,47.906
1780559860.8082223,,,tj-thermal,49.937
1780559860.914415,VDD_IN,4744.768,,
1780559860.914415,VDD_CPU_GPU_CV,956.928,,
1780559860.914415,VDD_SOC,1435.392,,
1780559860.914415,,,cpu-thermal,49.843
1780559860.914415,,,gpu-thermal,50.218
1780559860.914415,,,soc0-thermal,48.375
1780559860.914415,,,soc1-thermal,47.968
1780559860.914415,,,soc2-thermal,47.812
1780559860.914415,,,tj-thermal,49.937
1780559861.0206265,VDD_IN,4784.64,,
1780559861.0206265,VDD_CPU_GPU_CV,956.928,,
1780559861.0206265,VDD_SOC,1475.264,,
1780559861.0206265,,,cpu-thermal,49.656
1780559861.0206265,,,gpu-thermal,50.031
1780559861.0206265,,,soc0-thermal,48.25
1780559861.0206265,,,soc1-thermal,47.718
1780559861.0206265,,,soc2-thermal,47.812
1780559861.0206265,,,tj-thermal,50.031
1780559861.1266882,VDD_IN,4784.64,,
1780559861.1266882,VDD_CPU_GPU_CV,956.928,,
1780559861.1266882,VDD_SOC,1435.392,,
1780559861.1266882,,,cpu-thermal,49.656
1780559861.1266882,,,gpu-thermal,49.937
1780559861.1266882,,,soc0-thermal,48.218
1780559861.1266882,,,soc1-thermal,47.843
1780559861.1266882,,,soc2-thermal,47.875
1780559861.1266882,,,tj-thermal,49.937
1780559861.2327023,VDD_IN,4784.64,,
1780559861.2327023,VDD_CPU_GPU_CV,956.928,,
1780559861.2327023,VDD_SOC,1435.392,,
1780559861.2327023,,,cpu-thermal,49.718
1780559861.2327023,,,gpu-thermal,49.875
1780559861.2327023,,,soc0-thermal,48.25
1780559861.2327023,,,soc1-thermal,47.781
1780559861.2327023,,,soc2-thermal,47.781
1780559861.2327023,,,tj-thermal,49.875
1780559861.3388507,VDD_IN,4752.384,,
1780559861.3388507,VDD_CPU_GPU_CV,917.056,,
1780559861.3388507,VDD_SOC,1435.392,,
1780559861.3388507,,,cpu-thermal,49.531
1780559861.3388507,,,gpu-thermal,49.781
1780559861.3388507,,,soc0-thermal,48.281
1780559861.3388507,,,soc1-thermal,47.718
1780559861.3388507,,,soc2-thermal,47.812
1780559861.3388507,,,tj-thermal,49.781
1780559861.4450095,VDD_IN,4672.512,,
1780559861.4450095,VDD_CPU_GPU_CV,877.184,,
1780559861.4450095,VDD_SOC,1437.696,,
1780559861.4450095,,,cpu-thermal,49.531
1780559861.4450095,,,gpu-thermal,50.25
1780559861.4450095,,,soc0-thermal,48.218
1780559861.4450095,,,soc1-thermal,47.812
1780559861.4450095,,,soc2-thermal,47.812
1780559861.4450095,,,tj-thermal,50.25
1780559861.5508363,VDD_IN,4712.448,,
1780559861.5508363,VDD_CPU_GPU_CV,877.184,,
1780559861.5508363,VDD_SOC,1435.392,,
1780559861.5508363,,,cpu-thermal,49.562
1780559861.5508363,,,gpu-thermal,50.031
1780559861.5508363,,,soc0-thermal,48.187
1780559861.5508363,,,soc1-thermal,47.781
1780559861.5508363,,,soc2-thermal,47.843
1780559861.5508363,,,tj-thermal,50.031
1780559861.6569636,VDD_IN,4744.768,,
1780559861.6569636,VDD_CPU_GPU_CV,917.056,,
1780559861.6569636,VDD_SOC,1435.392,,
1780559861.6569636,,,cpu-thermal,49.375
1780559861.6569636,,,gpu-thermal,49.937
1780559861.6569636,,,soc0-thermal,48.25
1780559861.6569636,,,soc1-thermal,47.875
1780559861.6569636,,,soc2-thermal,47.812
1780559861.6569636,,,tj-thermal,49.937
1780559861.7631402,VDD_IN,4744.768,,
1780559861.7631402,VDD_CPU_GPU_CV,917.056,,
1780559861.7631402,VDD_SOC,1435.392,,
1780559861.7631402,,,cpu-thermal,49.531
1780559861.7631402,,,gpu-thermal,49.906
1780559861.7631402,,,soc0-thermal,48.25
1780559861.7631402,,,soc1-thermal,47.75
1780559861.7631402,,,soc2-thermal,47.75
1780559861.7631402,,,tj-thermal,49.906
1780559861.8697464,VDD_IN,4744.768,,
1780559861.8697464,VDD_CPU_GPU_CV,956.928,,
1780559861.8697464,VDD_SOC,1435.392,,
1780559861.8697464,,,cpu-thermal,49.812
1780559861.8697464,,,gpu-thermal,49.781
1780559861.8697464,,,soc0-thermal,48.187
1780559861.8697464,,,soc1-thermal,47.781
1780559861.8697464,,,soc2-thermal,47.875
1780559861.8697464,,,tj-thermal,49.812
1780559861.9759533,VDD_IN,4784.64,,
1780559861.9759533,VDD_CPU_GPU_CV,956.928,,
1780559861.9759533,VDD_SOC,1475.264,,
1780559861.9759533,,,cpu-thermal,49.437
1780559861.9759533,,,gpu-thermal,49.75
1780559861.9759533,,,soc0-thermal,48.25
1780559861.9759533,,,soc1-thermal,47.937
1780559861.9759533,,,soc2-thermal,47.812
1780559861.9759533,,,tj-thermal,49.75
1780559862.0822697,VDD_IN,4784.64,,
1780559862.0822697,VDD_CPU_GPU_CV,956.928,,
1780559862.0822697,VDD_SOC,1435.392,,
1780559862.0822697,,,cpu-thermal,49.406
1780559862.0822697,,,gpu-thermal,50.156
1780559862.0822697,,,soc0-thermal,48.25
1780559862.0822697,,,soc1-thermal,47.656
1780559862.0822697,,,soc2-thermal,47.75
1780559862.0822697,,,tj-thermal,50.156
1780559862.1885796,VDD_IN,4784.64,,
1780559862.1885796,VDD_CPU_GPU_CV,956.928,,
1780559862.1885796,VDD_SOC,1435.392,,
1780559862.1885796,,,cpu-thermal,49.625
1780559862.1885796,,,gpu-thermal,49.906
1780559862.1885796,,,soc0-thermal,48.218
1780559862.1885796,,,soc1-thermal,47.75
1780559862.1885796,,,soc2-thermal,47.812
1780559862.1885796,,,tj-thermal,49.906
1780559862.2946675,VDD_IN,4752.384,,
1780559862.2946675,VDD_CPU_GPU_CV,917.056,,
1780559862.2946675,VDD_SOC,1435.392,,
1780559862.2946675,,,cpu-thermal,49.687
1780559862.2946675,,,gpu-thermal,49.687
1780559862.2946675,,,soc0-thermal,48.218
1780559862.2946675,,,soc1-thermal,47.781
1780559862.2946675,,,soc2-thermal,47.75
1780559862.2946675,,,tj-thermal,49.812
1780559862.400735,VDD_IN,4672.512,,
1780559862.400735,VDD_CPU_GPU_CV,877.184,,
1780559862.400735,VDD_SOC,1435.392,,
1780559862.400735,,,cpu-thermal,49.437
1780559862.400735,,,gpu-thermal,50.031
1780559862.400735,,,soc0-thermal,48.343
1780559862.400735,,,soc1-thermal,47.593
1780559862.400735,,,soc2-thermal,47.75
1780559862.400735,,,tj-thermal,49.781
1780559862.5068216,VDD_IN,4712.448,,
1780559862.5068216,VDD_CPU_GPU_CV,877.184,,
1780559862.5068216,VDD_SOC,1435.392,,
1780559862.5068216,,,cpu-thermal,49.531
1780559862.5068216,,,gpu-thermal,49.906
1780559862.5068216,,,soc0-thermal,48.156
1780559862.5068216,,,soc1-thermal,47.75
1780559862.5068216,,,soc2-thermal,47.781
1780559862.5068216,,,tj-thermal,49.718
1780559862.6129963,VDD_IN,4704.896,,
1780559862.6129963,VDD_CPU_GPU_CV,917.056,,
1780559862.6129963,VDD_SOC,1435.392,,
1780559862.6129963,,,cpu-thermal,49.562
1780559862.6129963,,,gpu-thermal,49.812
1780559862.6129963,,,soc0-thermal,48.156
1780559862.6129963,,,soc1-thermal,47.75
1780559862.6129963,,,soc2-thermal,47.687
1780559862.6129963,,,tj-thermal,50.125
1780559862.7193325,VDD_IN,4744.768,,
1780559862.7193325,VDD_CPU_GPU_CV,917.056,,
1780559862.7193325,VDD_SOC,1435.392,,
1780559862.7193325,,,cpu-thermal,49.5
1780559862.7193325,,,gpu-thermal,49.718
1780559862.7193325,,,soc0-thermal,48.25
1780559862.7193325,,,soc1-thermal,47.656
1780559862.7193325,,,soc2-thermal,47.718
1780559862.7193325,,,tj-thermal,50.031
1780559862.8256521,VDD_IN,4744.768,,
1780559862.8256521,VDD_CPU_GPU_CV,955.392,,
1780559862.8256521,VDD_SOC,1435.392,,
1780559862.8256521,,,cpu-thermal,49.5
1780559862.8256521,,,gpu-thermal,49.718
1780559862.8256521,,,soc0-thermal,48.093
1780559862.8256521,,,soc1-thermal,47.656
1780559862.8256521,,,soc2-thermal,47.75
1780559862.8256521,,,tj-thermal,49.843
1780559862.9320824,VDD_IN,4744.768,,
1780559862.9320824,VDD_CPU_GPU_CV,955.392,,
1780559862.9320824,VDD_SOC,1435.392,,
1780559862.9320824,,,cpu-thermal,49.281
1780559862.9320824,,,gpu-thermal,50.062
1780559862.9320824,,,soc0-thermal,48.093
1780559862.9320824,,,soc1-thermal,47.75
1780559862.9320824,,,soc2-thermal,47.593
1780559862.9320824,,,tj-thermal,49.812
1780559863.0385106,VDD_IN,4784.64,,
1780559863.0385106,VDD_CPU_GPU_CV,955.392,,
1780559863.0385106,VDD_SOC,1435.392,,
1780559863.0385106,,,cpu-thermal,49.437
1780559863.0385106,,,gpu-thermal,49.843
1780559863.0385106,,,soc0-thermal,48.218
1780559863.0385106,,,soc1-thermal,47.593
1780559863.0385106,,,soc2-thermal,47.75
1780559863.0385106,,,tj-thermal,49.843
1780559863.144702,VDD_IN,4784.64,,
1780559863.144702,VDD_CPU_GPU_CV,995.2,,
1780559863.144702,VDD_SOC,1475.264,,
1780559863.144702,,,cpu-thermal,49.625
1780559863.144702,,,gpu-thermal,49.812
1780559863.144702,,,soc0-thermal,48.093
1780559863.144702,,,soc1-thermal,47.593
1780559863.144702,,,soc2-thermal,47.75
1780559863.144702,,,tj-thermal,50.125
1780559863.2513866,VDD_IN,4784.64,,
1780559863.2513866,VDD_CPU_GPU_CV,955.392,,
1780559863.2513866,VDD_SOC,1435.392,,
1780559863.2513866,,,cpu-thermal,49.593
1780559863.2513866,,,gpu-thermal,49.687
1780559863.2513866,,,soc0-thermal,48.156
1780559863.2513866,,,soc1-thermal,47.687
1780559863.2513866,,,soc2-thermal,47.843
1780559863.2513866,,,tj-thermal,49.687
1780559863.3575447,VDD_IN,4744.768,,
1780559863.3575447,VDD_CPU_GPU_CV,917.056,,
1780559863.3575447,VDD_SOC,1435.392,,
1780559863.3575447,,,cpu-thermal,49.781
1780559863.3575447,,,gpu-thermal,49.687
1780559863.3575447,,,soc0-thermal,48.25
1780559863.3575447,,,soc1-thermal,47.562
1780559863.3575447,,,soc2-thermal,47.593
1780559863.3575447,,,tj-thermal,49.687
1780559863.4634893,VDD_IN,4672.512,,
1780559863.4634893,VDD_CPU_GPU_CV,877.184,,
1780559863.4634893,VDD_SOC,1435.392,,
1780559863.4634893,,,cpu-thermal,49.437
1780559863.4634893,,,gpu-thermal,50.062
1780559863.4634893,,,soc0-thermal,48.093
1780559863.4634893,,,soc1-thermal,47.625
1780559863.4634893,,,soc2-thermal,47.687
1780559863.4634893,,,tj-thermal,50.062
1780559863.569442,VDD_IN,4704.896,,
1780559863.569442,VDD_CPU_GPU_CV,917.056,,
1780559863.569442,VDD_SOC,1435.392,,
1780559863.569442,,,cpu-thermal,49.468
1780559863.569442,,,gpu-thermal,49.968
1780559863.569442,,,soc0-thermal,48.062
1780559863.569442,,,soc1-thermal,47.718
1780559863.569442,,,soc2-thermal,47.718
1780559863.569442,,,tj-thermal,49.968
1780559863.6756036,VDD_IN,4744.768,,
1780559863.6756036,VDD_CPU_GPU_CV,917.056,,
1780559863.6756036,VDD_SOC,1435.392,,
1780559863.6756036,,,cpu-thermal,49.531
1780559863.6756036,,,gpu-thermal,49.875
1780559863.6756036,,,soc0-thermal,48.187
1780559863.6756036,,,soc1-thermal,47.812
1780559863.6756036,,,soc2-thermal,47.625
1780559863.6756036,,,tj-thermal,49.875
1780559863.781796,VDD_IN,4744.768,,
1780559863.781796,VDD_CPU_GPU_CV,917.056,,
1780559863.781796,VDD_SOC,1435.392,,
1780559863.781796,,,cpu-thermal,49.343
1780559863.781796,,,gpu-thermal,49.718
1780559863.781796,,,soc0-thermal,48.093
1780559863.781796,,,soc1-thermal,47.562
1780559863.781796,,,soc2-thermal,47.625
1780559863.781796,,,tj-thermal,49.718
1780559863.8879137,VDD_IN,4744.768,,
1780559863.8879137,VDD_CPU_GPU_CV,956.928,,
1780559863.8879137,VDD_SOC,1435.392,,
1780559863.8879137,,,cpu-thermal,49.437
1780559863.8879137,,,gpu-thermal,49.718
1780559863.8879137,,,soc0-thermal,48.062
1780559863.8879137,,,soc1-thermal,47.687
1780559863.8879137,,,soc2-thermal,47.656
1780559863.8879137,,,tj-thermal,49.718
1780559863.994209,VDD_IN,4784.64,,
1780559863.994209,VDD_CPU_GPU_CV,956.928,,
1780559863.994209,VDD_SOC,1475.264,,
1780559863.994209,,,cpu-thermal,49.343
1780559863.994209,,,gpu-thermal,49.593
1780559863.994209,,,soc0-thermal,48.062
1780559863.994209,,,soc1-thermal,47.718
1780559863.994209,,,soc2-thermal,47.656
1780559863.994209,,,tj-thermal,49.593
1780559864.1004474,VDD_IN,4784.64,,
1780559864.1004474,VDD_CPU_GPU_CV,956.928,,
1780559864.1004474,VDD_SOC,1475.264,,
1780559864.1004474,,,cpu-thermal,49.281
1780559864.1004474,,,gpu-thermal,49.906
1780559864.1004474,,,soc0-thermal,48.093
1780559864.1004474,,,soc1-thermal,47.687
1780559864.1004474,,,soc2-thermal,47.75
1780559864.1004474,,,tj-thermal,49.906
1780559864.2068098,VDD_IN,4784.64,,
1780559864.2068098,VDD_CPU_GPU_CV,956.928,,
1780559864.2068098,VDD_SOC,1435.392,,
1780559864.2068098,,,cpu-thermal,49.375
1780559864.2068098,,,gpu-thermal,49.875
1780559864.2068098,,,soc0-thermal,48.0
1780559864.2068098,,,soc1-thermal,47.562
1780559864.2068098,,,soc2-thermal,47.718
1780559864.2068098,,,tj-thermal,49.875
1780559864.3129857,VDD_IN,4712.448,,
1780559864.3129857,VDD_CPU_GPU_CV,917.056,,
1780559864.3129857,VDD_SOC,1435.392,,
1780559864.3129857,,,cpu-thermal,49.718
1780559864.3129857,,,gpu-thermal,49.75
1780559864.3129857,,,soc0-thermal,48.093
1780559864.3129857,,,soc1-thermal,47.687
1780559864.3129857,,,soc2-thermal,47.656
1780559864.3129857,,,tj-thermal,49.75
1780559864.4193559,VDD_IN,4672.512,,
1780559864.4193559,VDD_CPU_GPU_CV,877.184,,
1780559864.4193559,VDD_SOC,1437.696,,
1780559864.4193559,,,cpu-thermal,49.281
1780559864.4193559,,,gpu-thermal,49.875
1780559864.4193559,,,soc0-thermal,48.156
1780559864.4193559,,,soc1-thermal,47.75
1780559864.4193559,,,soc2-thermal,47.593
1780559864.4193559,,,tj-thermal,49.656
1780559864.5253425,VDD_IN,4672.512,,
1780559864.5253425,VDD_CPU_GPU_CV,877.184,,
1780559864.5253425,VDD_SOC,1437.696,,
1780559864.5253425,,,cpu-thermal,49.437
1780559864.5253425,,,gpu-thermal,49.75
1780559864.5253425,,,soc0-thermal,48.0
1780559864.5253425,,,soc1-thermal,47.593
1780559864.5253425,,,soc2-thermal,47.625
1780559864.5253425,,,tj-thermal,49.593
1780559864.6314454,VDD_IN,4712.448,,
1780559864.6314454,VDD_CPU_GPU_CV,877.184,,
1780559864.6314454,VDD_SOC,1435.392,,
1780559864.6314454,,,cpu-thermal,49.531
1780559864.6314454,,,gpu-thermal,49.718
1780559864.6314454,,,soc0-thermal,48.0
1780559864.6314454,,,soc1-thermal,47.625
1780559864.6314454,,,soc2-thermal,47.718
1780559864.6314454,,,tj-thermal,50.031
1780559864.7378452,VDD_IN,4712.448,,
1780559864.7378452,VDD_CPU_GPU_CV,917.056,,
1780559864.7378452,VDD_SOC,1435.392,,
1780559864.7378452,,,cpu-thermal,49.625
1780559864.7378452,,,gpu-thermal,49.593
1780559864.7378452,,,soc0-thermal,48.156
1780559864.7378452,,,soc1-thermal,47.781
1780559864.7378452,,,soc2-thermal,47.625
1780559864.7378452,,,tj-thermal,49.875
1780559864.8440046,VDD_IN,4752.384,,
1780559864.8440046,VDD_CPU_GPU_CV,917.056,,
1780559864.8440046,VDD_SOC,1435.392,,
1780559864.8440046,,,cpu-thermal,49.375
1780559864.8440046,,,gpu-thermal,49.656
1780559864.8440046,,,soc0-thermal,48.0
1780559864.8440046,,,soc1-thermal,47.5
1780559864.8440046,,,soc2-thermal,47.656
1780559864.8440046,,,tj-thermal,49.718
1780559864.9501991,VDD_IN,4752.384,,
1780559864.9501991,VDD_CPU_GPU_CV,917.056,,
1780559864.9501991,VDD_SOC,1435.392,,
1780559864.9501991,,,cpu-thermal,49.437
1780559864.9501991,,,gpu-thermal,50.0
1780559864.9501991,,,soc0-thermal,48.0
1780559864.9501991,,,soc1-thermal,47.593
1780559864.9501991,,,soc2-thermal,47.75
1780559864.9501991,,,tj-thermal,49.687
1780559865.0568597,VDD_IN,4784.64,,
1780559865.0568597,VDD_CPU_GPU_CV,956.928,,
1780559865.0568597,VDD_SOC,1475.264,,
1780559865.0568597,,,cpu-thermal,49.218
1780559865.0568597,,,gpu-thermal,49.781
1780559865.0568597,,,soc0-thermal,48.062
1780559865.0568597,,,soc1-thermal,47.718
1780559865.0568597,,,soc2-thermal,47.593
1780559865.0568597,,,tj-thermal,49.562
1780559865.1629834,VDD_IN,4784.64,,
1780559865.1629834,VDD_CPU_GPU_CV,956.928,,
1780559865.1629834,VDD_SOC,1435.392,,
1780559865.1629834,,,cpu-thermal,49.25
1780559865.1629834,,,gpu-thermal,49.75
1780559865.1629834,,,soc0-thermal,48.0
1780559865.1629834,,,soc1-thermal,47.5
1780559865.1629834,,,soc2-thermal,47.562
1780559865.1629834,,,tj-thermal,50.062
1780559865.2697704,VDD_IN,4744.768,,
1780559865.2697704,VDD_CPU_GPU_CV,917.056,,
1780559865.2697704,VDD_SOC,1435.392,,
1780559865.2697704,,,cpu-thermal,49.656
1780559865.2697704,,,gpu-thermal,49.656
1780559865.2697704,,,soc0-thermal,47.906
1780559865.2697704,,,soc1-thermal,47.562
1780559865.2697704,,,soc2-thermal,47.687
1780559865.2697704,,,tj-thermal,49.843
1780559865.3759665,VDD_IN,4672.512,,
1780559865.3759665,VDD_CPU_GPU_CV,877.184,,
1780559865.3759665,VDD_SOC,1437.696,,
1780559865.3759665,,,cpu-thermal,49.25
1780559865.3759665,,,gpu-thermal,49.531
1780559865.3759665,,,soc0-thermal,48.0
1780559865.3759665,,,soc1-thermal,47.75
1780559865.3759665,,,soc2-thermal,47.625
1780559865.3759665,,,tj-thermal,49.781
1780559865.4822671,VDD_IN,4672.512,,
1780559865.4822671,VDD_CPU_GPU_CV,877.184,,
1780559865.4822671,VDD_SOC,1437.696,,
1780559865.4822671,,,cpu-thermal,49.343
1780559865.4822671,,,gpu-thermal,50.031
1780559865.4822671,,,soc0-thermal,48.0
1780559865.4822671,,,soc1-thermal,47.468
1780559865.4822671,,,soc2-thermal,47.531
1780559865.4822671,,,tj-thermal,49.687
1780559865.5891893,VDD_IN,4704.896,,
1780559865.5891893,VDD_CPU_GPU_CV,917.056,,
1780559865.5891893,VDD_SOC,1435.392,,
1780559865.5891893,,,cpu-thermal,49.437
1780559865.5891893,,,gpu-thermal,49.875
1780559865.5891893,,,soc0-thermal,48.031
1780559865.5891893,,,soc1-thermal,47.593
1780559865.5891893,,,soc2-thermal,47.656
1780559865.5891893,,,tj-thermal,49.531
1780559865.6954832,VDD_IN,4744.768,,
1780559865.6954832,VDD_CPU_GPU_CV,915.584,,
1780559865.6954832,VDD_SOC,1435.392,,
1780559865.6954832,,,cpu-thermal,49.656
1780559865.6954832,,,gpu-thermal,49.781
1780559865.6954832,,,soc0-thermal,48.0
1780559865.6954832,,,soc1-thermal,47.687
1780559865.6954832,,,soc2-thermal,47.625
1780559865.6954832,,,tj-thermal,49.531
1780559865.8017778,VDD_IN,4744.768,,
1780559865.8017778,VDD_CPU_GPU_CV,915.584,,
1780559865.8017778,VDD_SOC,1435.392,,
1780559865.8017778,,,cpu-thermal,49.25
1780559865.8017778,,,gpu-thermal,49.593
1780559865.8017778,,,soc0-thermal,48.093
1780559865.8017778,,,soc1-thermal,47.531
1780559865.8017778,,,soc2-thermal,47.562
1780559865.8017778,,,tj-thermal,49.937
1780559865.9079723,VDD_IN,4744.768,,
1780559865.9079723,VDD_CPU_GPU_CV,955.392,,
1780559865.9079723,VDD_SOC,1435.392,,
1780559865.9079723,,,cpu-thermal,49.375
1780559865.9079723,,,gpu-thermal,49.562
1780559865.9079723,,,soc0-thermal,48.0
1780559865.9079723,,,soc1-thermal,47.5
1780559865.9079723,,,soc2-thermal,47.656
1780559865.9079723,,,tj-thermal,49.75
1780559866.0141742,VDD_IN,4784.64,,
1780559866.0141742,VDD_CPU_GPU_CV,955.392,,
1780559866.0141742,VDD_SOC,1435.392,,
1780559866.0141742,,,cpu-thermal,49.281
1780559866.0141742,,,gpu-thermal,49.562
1780559866.0141742,,,soc0-thermal,48.0
1780559866.0141742,,,soc1-thermal,47.593
1780559866.0141742,,,soc2-thermal,47.593
1780559866.0141742,,,tj-thermal,49.718
1780559866.1206837,VDD_IN,4784.64,,
1780559866.1206837,VDD_CPU_GPU_CV,955.392,,
1780559866.1206837,VDD_SOC,1435.392,,
1780559866.1206837,,,cpu-thermal,49.187
1780559866.1206837,,,gpu-thermal,49.937
1780559866.1206837,,,soc0-thermal,48.125
1780559866.1206837,,,soc1-thermal,47.406
1780559866.1206837,,,soc2-thermal,47.562
1780559866.1206837,,,tj-thermal,49.937
1780559866.226876,VDD_IN,4824.512,,
1780559866.226876,VDD_CPU_GPU_CV,995.2,,
1780559866.226876,VDD_SOC,1475.264,,
1780559866.226876,,,cpu-thermal,49.437
1780559866.226876,,,gpu-thermal,49.781
1780559866.226876,,,soc0-thermal,47.968
1780559866.226876,,,soc1-thermal,47.5
1780559866.226876,,,soc2-thermal,47.593
1780559866.226876,,,tj-thermal,49.781
1780559866.3330667,VDD_IN,4744.768,,
1780559866.3330667,VDD_CPU_GPU_CV,915.584,,
1780559866.3330667,VDD_SOC,1435.392,,
1780559866.3330667,,,cpu-thermal,49.718
1780559866.3330667,,,gpu-thermal,49.562
1780559866.3330667,,,soc0-thermal,47.906
1780559866.3330667,,,soc1-thermal,47.531
1780559866.3330667,,,soc2-thermal,47.562
1780559866.3330667,,,tj-thermal,49.718
1780559866.4387634,VDD_IN,4665.024,,
1780559866.4387634,VDD_CPU_GPU_CV,877.184,,
1780559866.4387634,VDD_SOC,1435.392,,
1780559866.4387634,,,cpu-thermal,49.187
1780559866.4387634,,,gpu-thermal,49.593
1780559866.4387634,,,soc0-thermal,47.937
1780559866.4387634,,,soc1-thermal,47.375
1780559866.4387634,,,soc2-thermal,47.531
1780559866.4387634,,,tj-thermal,49.593
1780559866.5447795,VDD_IN,4704.896,,
1780559866.5447795,VDD_CPU_GPU_CV,917.056,,
1780559866.5447795,VDD_SOC,1435.392,,
1780559866.5447795,,,cpu-thermal,49.187
1780559866.5447795,,,gpu-thermal,49.468
1780559866.5447795,,,soc0-thermal,47.906
1780559866.5447795,,,soc1-thermal,47.375
1780559866.5447795,,,soc2-thermal,47.531
1780559866.5447795,,,tj-thermal,49.468
1780559866.6509798,VDD_IN,4704.896,,
1780559866.6509798,VDD_CPU_GPU_CV,917.056,,
1780559866.6509798,VDD_SOC,1435.392,,
1780559866.6509798,,,cpu-thermal,49.468
1780559866.6509798,,,gpu-thermal,49.906
1780559866.6509798,,,soc0-thermal,47.875
1780559866.6509798,,,soc1-thermal,47.468
1780559866.6509798,,,soc2-thermal,47.593
1780559866.6509798,,,tj-thermal,49.906
1780559866.7574003,VDD_IN,4744.768,,
1780559866.7574003,VDD_CPU_GPU_CV,917.056,,
1780559866.7574003,VDD_SOC,1435.392,,
1780559866.7574003,,,cpu-thermal,49.625
1780559866.7574003,,,gpu-thermal,49.75
1780559866.7574003,,,soc0-thermal,47.968
1780559866.7574003,,,soc1-thermal,47.562
1780559866.7574003,,,soc2-thermal,47.562
1780559866.7574003,,,tj-thermal,49.75
1780559866.8635786,VDD_IN,4744.768,,
1780559866.8635786,VDD_CPU_GPU_CV,917.056,,
1780559866.8635786,VDD_SOC,1435.392,,
1780559866.8635786,,,cpu-thermal,49.281
1780559866.8635786,,,gpu-thermal,49.687
1780559866.8635786,,,soc0-thermal,48.093
1780559866.8635786,,,soc1-thermal,47.406
1780559866.8635786,,,soc2-thermal,47.468
1780559866.8635786,,,tj-thermal,49.687
1780559866.9697344,VDD_IN,4744.768,,
1780559866.9697344,VDD_CPU_GPU_CV,956.928,,
1780559866.9697344,VDD_SOC,1435.392,,
1780559866.9697344,,,cpu-thermal,49.375
1780559866.9697344,,,gpu-thermal,49.593
1780559866.9697344,,,soc0-thermal,47.968
1780559866.9697344,,,soc1-thermal,47.468
1780559866.9697344,,,soc2-thermal,47.593
1780559866.9697344,,,tj-thermal,49.593
1780559867.075944,VDD_IN,4784.64,,
1780559867.075944,VDD_CPU_GPU_CV,956.928,,
1780559867.075944,VDD_SOC,1435.392,,
1780559867.075944,,,cpu-thermal,49.406
1780559867.075944,,,gpu-thermal,49.531
1780559867.075944,,,soc0-thermal,48.031
1780559867.075944,,,soc1-thermal,47.562
1780559867.075944,,,soc2-thermal,47.5
1780559867.075944,,,tj-thermal,49.531
1780559867.1821108,VDD_IN,4976.0,,
1780559867.1821108,VDD_CPU_GPU_CV,1073.088,,
1780559867.1821108,VDD_SOC,1472.896,,
1780559867.1821108,,,cpu-thermal,49.25
1780559867.1821108,,,gpu-thermal,50.093
1780559867.1821108,,,soc0-thermal,48.156
1780559867.1821108,,,soc1-thermal,47.437
1780559867.1821108,,,soc2-thermal,47.593
1780559867.1821108,,,tj-thermal,50.093
1780559867.2887073,VDD_IN,5285.952,,
1780559867.2887073,VDD_CPU_GPU_CV,1230.08,,
1780559867.2887073,VDD_SOC,1547.52,,
1780559867.2887073,,,cpu-thermal,49.312
1780559867.2887073,,,gpu-thermal,50.0
1780559867.2887073,,,soc0-thermal,47.875
1780559867.2887073,,,soc1-thermal,47.5
1780559867.2887073,,,soc2-thermal,47.5
1780559867.2887073,,,tj-thermal,50.0
1780559867.3948712,VDD_IN,5506.624,,
1780559867.3948712,VDD_CPU_GPU_CV,1384.32,,
1780559867.3948712,VDD_SOC,1584.64,,
1780559867.3948712,,,cpu-thermal,49.281
1780559867.3948712,,,gpu-thermal,49.656
1780559867.3948712,,,soc0-thermal,47.937
1780559867.3948712,,,soc1-thermal,47.562
1780559867.3948712,,,soc2-thermal,47.5
1780559867.3948712,,,tj-thermal,49.812
1780559867.501028,VDD_IN,5704.704,,
1780559867.501028,VDD_CPU_GPU_CV,1463.424,,
1780559867.501028,VDD_SOC,1582.08,,
1780559867.501028,,,cpu-thermal,49.187
1780559867.501028,,,gpu-thermal,49.75
1780559867.501028,,,soc0-thermal,48.062
1780559867.501028,,,soc1-thermal,47.406
1780559867.501028,,,soc2-thermal,47.593
1780559867.501028,,,tj-thermal,49.75
1780559867.6076634,VDD_IN,5774.592,,
1780559867.6076634,VDD_CPU_GPU_CV,1540.032,,
1780559867.6076634,VDD_SOC,1621.632,,
1780559867.6076634,,,cpu-thermal,49.468
1780559867.6076634,,,gpu-thermal,49.906
1780559867.6076634,,,soc0-thermal,47.875
1780559867.6076634,,,soc1-thermal,47.468
1780559867.6076634,,,soc2-thermal,47.625
1780559867.6076634,,,tj-thermal,49.656
1780559867.7136338,VDD_IN,5814.144,,
1780559867.7136338,VDD_CPU_GPU_CV,1540.032,,
1780559867.7136338,VDD_SOC,1621.632,,
1780559867.7136338,,,cpu-thermal,49.531
1780559867.7136338,,,gpu-thermal,49.875
1780559867.7136338,,,soc0-thermal,47.937
1780559867.7136338,,,soc1-thermal,47.437
1780559867.7136338,,,soc2-thermal,47.687
1780559867.7136338,,,tj-thermal,49.656
1780559867.8201907,VDD_IN,5893.248,,
1780559867.8201907,VDD_CPU_GPU_CV,1579.52,,
1780559867.8201907,VDD_SOC,1619.008,,
1780559867.8201907,,,cpu-thermal,49.25
1780559867.8201907,,,gpu-thermal,49.781
1780559867.8201907,,,soc0-thermal,48.0
1780559867.8201907,,,soc1-thermal,47.406
1780559867.8201907,,,soc2-thermal,47.593
1780559867.8201907,,,tj-thermal,50.062
1780559867.9264011,VDD_IN,5923.2,,
1780559867.9264011,VDD_CPU_GPU_CV,1576.96,,
1780559867.9264011,VDD_SOC,1619.008,,
1780559867.9264011,,,cpu-thermal,49.312
1780559867.9264011,,,gpu-thermal,49.75
1780559867.9264011,,,soc0-thermal,47.843
1780559867.9264011,,,soc1-thermal,47.437
1780559867.9264011,,,soc2-thermal,47.625
1780559867.9264011,,,tj-thermal,49.906
1780559868.0326066,VDD_IN,5923.2,,
1780559868.0326066,VDD_CPU_GPU_CV,1616.384,,
1780559868.0326066,VDD_SOC,1619.008,,
1780559868.0326066,,,cpu-thermal,49.5
1780559868.0326066,,,gpu-thermal,49.656
1780559868.0326066,,,soc0-thermal,47.843
1780559868.0326066,,,soc1-thermal,47.468
1780559868.0326066,,,soc2-thermal,47.687
1780559868.0326066,,,tj-thermal,49.781
1780559868.1390615,VDD_IN,5962.688,,
1780559868.1390615,VDD_CPU_GPU_CV,1616.384,,
1780559868.1390615,VDD_SOC,1658.496,,
1780559868.1390615,,,cpu-thermal,49.25
1780559868.1390615,,,gpu-thermal,50.0
1780559868.1390615,,,soc0-thermal,48.031
1780559868.1390615,,,soc1-thermal,47.625
1780559868.1390615,,,soc2-thermal,47.531
1780559868.1390615,,,tj-thermal,49.75
1780559868.2456858,VDD_IN,6002.176,,
1780559868.2456858,VDD_CPU_GPU_CV,1655.808,,
1780559868.2456858,VDD_SOC,1658.496,,
1780559868.2456858,,,cpu-thermal,49.343
1780559868.2456858,,,gpu-thermal,49.937
1780559868.2456858,,,soc0-thermal,47.906
1780559868.2456858,,,soc1-thermal,47.375
1780559868.2456858,,,soc2-thermal,47.625
1780559868.2456858,,,tj-thermal,49.718
1780559868.3520916,VDD_IN,6041.664,,
1780559868.3520916,VDD_CPU_GPU_CV,1655.808,,
1780559868.3520916,VDD_SOC,1655.808,,
1780559868.3520916,,,cpu-thermal,49.343
1780559868.3520916,,,gpu-thermal,49.75
1780559868.3520916,,,soc0-thermal,47.968
1780559868.3520916,,,soc1-thermal,47.5
1780559868.3520916,,,soc2-thermal,47.687
1780559868.3520916,,,tj-thermal,50.031
1780559868.4582071,VDD_IN,6110.72,,
1780559868.4582071,VDD_CPU_GPU_CV,1692.48,,
1780559868.4582071,VDD_SOC,1655.808,,
1780559868.4582071,,,cpu-thermal,49.312
1780559868.4582071,,,gpu-thermal,49.687
1780559868.4582071,,,soc0-thermal,48.0
1780559868.4582071,,,soc1-thermal,47.562
1780559868.4582071,,,soc2-thermal,47.531
1780559868.4582071,,,tj-thermal,49.968
1780559868.5641885,VDD_IN,6110.72,,
1780559868.5641885,VDD_CPU_GPU_CV,1692.48,,
1780559868.5641885,VDD_SOC,1655.808,,
1780559868.5641885,,,cpu-thermal,49.343
1780559868.5641885,,,gpu-thermal,49.75
1780559868.5641885,,,soc0-thermal,47.875
1780559868.5641885,,,soc1-thermal,47.5
1780559868.5641885,,,soc2-thermal,47.593
1780559868.5641885,,,tj-thermal,49.781
1780559868.670842,VDD_IN,6110.72,,
1780559868.670842,VDD_CPU_GPU_CV,1731.84,,
1780559868.670842,VDD_SOC,1655.808,,
1780559868.670842,,,cpu-thermal,49.531
1780559868.670842,,,gpu-thermal,50.156
1780559868.670842,,,soc0-thermal,47.875
1780559868.670842,,,soc1-thermal,47.437
1780559868.670842,,,soc2-thermal,47.75
1780559868.670842,,,tj-thermal,49.843
1780559868.7776127,VDD_IN,6110.72,,
1780559868.7776127,VDD_CPU_GPU_CV,1692.48,,
1780559868.7776127,VDD_SOC,1655.808,,
1780559868.7776127,,,cpu-thermal,49.312
1780559868.7776127,,,gpu-thermal,49.937
1780559868.7776127,,,soc0-thermal,48.062
1780559868.7776127,,,soc1-thermal,47.656
1780559868.7776127,,,soc2-thermal,47.625
1780559868.7776127,,,tj-thermal,49.781
1780559868.8840978,VDD_IN,6110.72,,
1780559868.8840978,VDD_CPU_GPU_CV,1692.48,,
1780559868.8840978,VDD_SOC,1655.808,,
1780559868.8840978,,,cpu-thermal,49.5
1780559868.8840978,,,gpu-thermal,49.968
1780559868.8840978,,,soc0-thermal,47.906
1780559868.8840978,,,soc1-thermal,47.437
1780559868.8840978,,,soc2-thermal,47.687
1780559868.8840978,,,tj-thermal,49.718
1780559868.990692,VDD_IN,6110.72,,
1780559868.990692,VDD_CPU_GPU_CV,1692.48,,
1780559868.990692,VDD_SOC,1655.808,,
1780559868.990692,,,cpu-thermal,49.5
1780559868.990692,,,gpu-thermal,49.812
1780559868.990692,,,soc0-thermal,47.968
1780559868.990692,,,soc1-thermal,47.562
1780559868.990692,,,soc2-thermal,47.718
1780559868.990692,,,tj-thermal,50.062
1780559869.096684,VDD_IN,6110.72,,
1780559869.096684,VDD_CPU_GPU_CV,1731.84,,
1780559869.096684,VDD_SOC,1655.808,,
1780559869.096684,,,cpu-thermal,49.625
1780559869.096684,,,gpu-thermal,49.75
1780559869.096684,,,soc0-thermal,48.031
1780559869.096684,,,soc1-thermal,47.687
1780559869.096684,,,soc2-thermal,47.656
1780559869.096684,,,tj-thermal,49.906
1780559869.2032142,VDD_IN,6110.72,,
1780559869.2032142,VDD_CPU_GPU_CV,1692.48,,
1780559869.2032142,VDD_SOC,1655.808,,
1780559869.2032142,,,cpu-thermal,49.406
1780559869.2032142,,,gpu-thermal,50.218
1780559869.2032142,,,soc0-thermal,47.843
1780559869.2032142,,,soc1-thermal,47.468
1780559869.2032142,,,soc2-thermal,47.593
1780559869.2032142,,,tj-thermal,49.875
1780559869.309607,VDD_IN,6110.72,,
1780559869.309607,VDD_CPU_GPU_CV,1731.84,,
1780559869.309607,VDD_SOC,1655.808,,
1780559869.309607,,,cpu-thermal,49.406
1780559869.309607,,,gpu-thermal,50.031
1780559869.309607,,,soc0-thermal,47.968
1780559869.309607,,,soc1-thermal,47.5
1780559869.309607,,,soc2-thermal,47.687
1780559869.309607,,,tj-thermal,49.781
1780559869.4156587,VDD_IN,6150.144,,
1780559869.4156587,VDD_CPU_GPU_CV,1731.84,,
1780559869.4156587,VDD_SOC,1655.808,,
1780559869.4156587,,,cpu-thermal,49.468
1780559869.4156587,,,gpu-thermal,50.0
1780559869.4156587,,,soc0-thermal,48.062
1780559869.4156587,,,soc1-thermal,47.687
1780559869.4156587,,,soc2-thermal,47.625
1780559869.4156587,,,tj-thermal,50.0
1780559869.5216382,VDD_IN,6150.144,,
1780559869.5216382,VDD_CPU_GPU_CV,1731.84,,
1780559869.5216382,VDD_SOC,1655.808,,
1780559869.5216382,,,cpu-thermal,49.343
1780559869.5216382,,,gpu-thermal,49.937
1780559869.5216382,,,soc0-thermal,48.062
1780559869.5216382,,,soc1-thermal,47.5
1780559869.5216382,,,soc2-thermal,47.718
1780559869.5216382,,,tj-thermal,49.937
1780559869.6278155,VDD_IN,6150.144,,
1780559869.6278155,VDD_CPU_GPU_CV,1731.84,,
1780559869.6278155,VDD_SOC,1655.808,,
1780559869.6278155,,,cpu-thermal,49.375
1780559869.6278155,,,gpu-thermal,49.843
1780559869.6278155,,,soc0-thermal,48.0
1780559869.6278155,,,soc1-thermal,47.468
1780559869.6278155,,,soc2-thermal,47.718
1780559869.6278155,,,tj-thermal,49.843
1780559869.7343128,VDD_IN,6110.72,,
1780559869.7343128,VDD_CPU_GPU_CV,1731.84,,
1780559869.7343128,VDD_SOC,1655.808,,
1780559869.7343128,,,cpu-thermal,49.656
1780559869.7343128,,,gpu-thermal,49.781
1780559869.7343128,,,soc0-thermal,48.062
1780559869.7343128,,,soc1-thermal,47.718
1780559869.7343128,,,soc2-thermal,47.593
1780559869.7343128,,,tj-thermal,50.0
1780559869.8411493,VDD_IN,6110.72,,
1780559869.8411493,VDD_CPU_GPU_CV,1731.84,,
1780559869.8411493,VDD_SOC,1655.808,,
1780559869.8411493,,,cpu-thermal,49.406
1780559869.8411493,,,gpu-thermal,50.156
1780559869.8411493,,,soc0-thermal,48.093
1780559869.8411493,,,soc1-thermal,47.531
1780559869.8411493,,,soc2-thermal,47.656
1780559869.8411493,,,tj-thermal,50.156
1780559869.9470932,VDD_IN,6110.72,,
1780559869.9470932,VDD_CPU_GPU_CV,1731.84,,
1780559869.9470932,VDD_SOC,1655.808,,
1780559869.9470932,,,cpu-thermal,49.531
1780559869.9470932,,,gpu-thermal,50.062
1780559869.9470932,,,soc0-thermal,47.937
1780559869.9470932,,,soc1-thermal,47.531
1780559869.9470932,,,soc2-thermal,47.75
1780559869.9470932,,,tj-thermal,50.062
1780559870.0534348,VDD_IN,6110.72,,
1780559870.0534348,VDD_CPU_GPU_CV,1731.84,,
1780559870.0534348,VDD_SOC,1655.808,,
1780559870.0534348,,,cpu-thermal,49.562
1780559870.0534348,,,gpu-thermal,49.968
1780559870.0534348,,,soc0-thermal,48.031
1780559870.0534348,,,soc1-thermal,47.593
1780559870.0534348,,,soc2-thermal,47.656
1780559870.0534348,,,tj-thermal,49.968
1780559870.160309,VDD_IN,6110.72,,
1780559870.160309,VDD_CPU_GPU_CV,1692.48,,
1780559870.160309,VDD_SOC,1655.808,,
1780559870.160309,,,cpu-thermal,49.468
1780559870.160309,,,gpu-thermal,50.0
1780559870.160309,,,soc0-thermal,48.156
1780559870.160309,,,soc1-thermal,47.5
1780559870.160309,,,soc2-thermal,47.75
1780559870.160309,,,tj-thermal,50.0
1780559870.26665,VDD_IN,6110.72,,
1780559870.26665,VDD_CPU_GPU_CV,1692.48,,
1780559870.26665,VDD_SOC,1655.808,,
1780559870.26665,,,cpu-thermal,49.468
1780559870.26665,,,gpu-thermal,49.875
1780559870.26665,,,soc0-thermal,48.0
1780559870.26665,,,soc1-thermal,47.593
1780559870.26665,,,soc2-thermal,47.812
1780559870.26665,,,tj-thermal,49.875
1780559870.3728487,VDD_IN,6150.144,,
1780559870.3728487,VDD_CPU_GPU_CV,1731.84,,
1780559870.3728487,VDD_SOC,1655.808,,
1780559870.3728487,,,cpu-thermal,49.531
1780559870.3728487,,,gpu-thermal,50.312
1780559870.3728487,,,soc0-thermal,48.031
1780559870.3728487,,,soc1-thermal,47.687
1780559870.3728487,,,soc2-thermal,47.843
1780559870.3728487,,,tj-thermal,50.312
1780559870.4787567,VDD_IN,6150.144,,
1780559870.4787567,VDD_CPU_GPU_CV,1731.84,,
1780559870.4787567,VDD_SOC,1655.808,,
1780559870.4787567,,,cpu-thermal,49.375
1780559870.4787567,,,gpu-thermal,50.156
1780559870.4787567,,,soc0-thermal,48.187
1780559870.4787567,,,soc1-thermal,47.531
1780559870.4787567,,,soc2-thermal,47.718
1780559870.4787567,,,tj-thermal,50.156
1780559870.5846927,VDD_IN,6150.144,,
1780559870.5846927,VDD_CPU_GPU_CV,1731.84,,
1780559870.5846927,VDD_SOC,1655.808,,
1780559870.5846927,,,cpu-thermal,49.437
1780559870.5846927,,,gpu-thermal,50.0
1780559870.5846927,,,soc0-thermal,48.093
1780559870.5846927,,,soc1-thermal,47.531
1780559870.5846927,,,soc2-thermal,47.781
1780559870.5846927,,,tj-thermal,50.0
1780559870.691449,VDD_IN,6110.72,,
1780559870.691449,VDD_CPU_GPU_CV,1692.48,,
1780559870.691449,VDD_SOC,1655.808,,
1780559870.691449,,,cpu-thermal,49.812
1780559870.691449,,,gpu-thermal,49.968
1780559870.691449,,,soc0-thermal,48.125
1780559870.691449,,,soc1-thermal,47.625
1780559870.691449,,,soc2-thermal,47.843
1780559870.691449,,,tj-thermal,49.968
1780559870.7973864,VDD_IN,6120.64,,
1780559870.7973864,VDD_CPU_GPU_CV,1692.48,,
1780559870.7973864,VDD_SOC,1655.808,,
1780559870.7973864,,,cpu-thermal,49.437
1780559870.7973864,,,gpu-thermal,49.937
1780559870.7973864,,,soc0-thermal,48.218
1780559870.7973864,,,soc1-thermal,47.5
1780559870.7973864,,,soc2-thermal,47.75
1780559870.7973864,,,tj-thermal,49.937
1780559870.9044244,VDD_IN,6110.72,,
1780559870.9044244,VDD_CPU_GPU_CV,1692.48,,
1780559870.9044244,VDD_SOC,1655.808,,
1780559870.9044244,,,cpu-thermal,49.593
1780559870.9044244,,,gpu-thermal,49.875
1780559870.9044244,,,soc0-thermal,48.062
1780559870.9044244,,,soc1-thermal,47.531
1780559870.9044244,,,soc2-thermal,47.812
1780559870.9044244,,,tj-thermal,49.875
1780559871.0107062,VDD_IN,6081.152,,
1780559871.0107062,VDD_CPU_GPU_CV,1695.232,,
1780559871.0107062,VDD_SOC,1655.808,,
1780559871.0107062,,,cpu-thermal,49.718
1780559871.0107062,,,gpu-thermal,50.218
1780559871.0107062,,,soc0-thermal,48.218
1780559871.0107062,,,soc1-thermal,47.718
1780559871.0107062,,,soc2-thermal,47.906
1780559871.0107062,,,tj-thermal,50.218
1780559871.1166914,VDD_IN,6081.152,,
1780559871.1166914,VDD_CPU_GPU_CV,1695.232,,
1780559871.1166914,VDD_SOC,1655.808,,
1780559871.1166914,,,cpu-thermal,49.812
1780559871.1166914,,,gpu-thermal,50.062
1780559871.1166914,,,soc0-thermal,48.187
1780559871.1166914,,,soc1-thermal,47.906
1780559871.1166914,,,soc2-thermal,47.812
1780559871.1166914,,,tj-thermal,50.062
1780559871.2232,VDD_IN,6081.152,,
1780559871.2232,VDD_CPU_GPU_CV,1695.232,,
1780559871.2232,VDD_SOC,1655.808,,
1780559871.2232,,,cpu-thermal,49.531
1780559871.2232,,,gpu-thermal,50.0
1780559871.2232,,,soc0-thermal,48.156
1780559871.2232,,,soc1-thermal,47.531
1780559871.2232,,,soc2-thermal,47.843
1780559871.2232,,,tj-thermal,50.0
1780559871.3300292,VDD_IN,6071.296,,
1780559871.3300292,VDD_CPU_GPU_CV,1695.232,,
1780559871.3300292,VDD_SOC,1655.808,,
1780559871.3300292,,,cpu-thermal,49.593
1780559871.3300292,,,gpu-thermal,50.031
1780559871.3300292,,,soc0-thermal,48.187
1780559871.3300292,,,soc1-thermal,47.75
1780559871.3300292,,,soc2-thermal,47.843
1780559871.3300292,,,tj-thermal,50.031
1780559871.4364488,VDD_IN,6110.72,,
1780559871.4364488,VDD_CPU_GPU_CV,1731.84,,
1780559871.4364488,VDD_SOC,1655.808,,
1780559871.4364488,,,cpu-thermal,49.5
1780559871.4364488,,,gpu-thermal,49.843
1780559871.4364488,,,soc0-thermal,48.218
1780559871.4364488,,,soc1-thermal,47.875
1780559871.4364488,,,soc2-thermal,47.812
1780559871.4364488,,,tj-thermal,49.843
1780559871.5425193,VDD_IN,6150.144,,
1780559871.5425193,VDD_CPU_GPU_CV,1731.84,,
1780559871.5425193,VDD_SOC,1655.808,,
1780559871.5425193,,,cpu-thermal,49.562
1780559871.5425193,,,gpu-thermal,50.312
1780559871.5425193,,,soc0-thermal,48.25
1780559871.5425193,,,soc1-thermal,47.625
1780559871.5425193,,,soc2-thermal,47.812
1780559871.5425193,,,tj-thermal,50.312
1780559871.648621,VDD_IN,6110.72,,
1780559871.648621,VDD_CPU_GPU_CV,1731.84,,
1780559871.648621,VDD_SOC,1655.808,,
1780559871.648621,,,cpu-thermal,49.562
1780559871.648621,,,gpu-thermal,50.25
1780559871.648621,,,soc0-thermal,48.25
1780559871.648621,,,soc1-thermal,47.687
1780559871.648621,,,soc2-thermal,47.906
1780559871.648621,,,tj-thermal,50.25
1780559871.7555854,VDD_IN,6110.72,,
1780559871.7555854,VDD_CPU_GPU_CV,1692.48,,
1780559871.7555854,VDD_SOC,1655.808,,
1780559871.7555854,,,cpu-thermal,49.562
1780559871.7555854,,,gpu-thermal,50.062
1780559871.7555854,,,soc0-thermal,48.25
1780559871.7555854,,,soc1-thermal,47.843
1780559871.7555854,,,soc2-thermal,47.812
1780559871.7555854,,,tj-thermal,50.062
1780559871.861667,VDD_IN,6110.72,,
1780559871.861667,VDD_CPU_GPU_CV,1692.48,,
1780559871.861667,VDD_SOC,1655.808,,
1780559871.861667,,,cpu-thermal,49.5
1780559871.861667,,,gpu-thermal,50.0
1780559871.861667,,,soc0-thermal,48.25
1780559871.861667,,,soc1-thermal,47.75
1780559871.861667,,,soc2-thermal,47.812
1780559871.861667,,,tj-thermal,50.0
1780559871.9677124,VDD_IN,6110.72,,
1780559871.9677124,VDD_CPU_GPU_CV,1692.48,,
1780559871.9677124,VDD_SOC,1655.808,,
1780559871.9677124,,,cpu-thermal,49.718
1780559871.9677124,,,gpu-thermal,50.0
1780559871.9677124,,,soc0-thermal,48.125
1780559871.9677124,,,soc1-thermal,47.718
1780559871.9677124,,,soc2-thermal,47.937
1780559871.9677124,,,tj-thermal,50.0
1780559872.0742507,VDD_IN,6110.72,,
1780559872.0742507,VDD_CPU_GPU_CV,1692.48,,
1780559872.0742507,VDD_SOC,1655.808,,
1780559872.0742507,,,cpu-thermal,49.812
1780559872.0742507,,,gpu-thermal,50.437
1780559872.0742507,,,soc0-thermal,48.281
1780559872.0742507,,,soc1-thermal,47.843
1780559872.0742507,,,soc2-thermal,47.906
1780559872.0742507,,,tj-thermal,50.437
1780559872.1809707,VDD_IN,6110.72,,
1780559872.1809707,VDD_CPU_GPU_CV,1692.48,,
1780559872.1809707,VDD_SOC,1655.808,,
1780559872.1809707,,,cpu-thermal,49.593
1780559872.1809707,,,gpu-thermal,50.25
1780559872.1809707,,,soc0-thermal,48.406
1780559872.1809707,,,soc1-thermal,47.656
1780559872.1809707,,,soc2-thermal,47.906
1780559872.1809707,,,tj-thermal,50.25
1780559872.2869935,VDD_IN,6110.72,,
1780559872.2869935,VDD_CPU_GPU_CV,1731.84,,
1780559872.2869935,VDD_SOC,1655.808,,
1780559872.2869935,,,cpu-thermal,49.656
1780559872.2869935,,,gpu-thermal,50.218
1780559872.2869935,,,soc0-thermal,48.187
1780559872.2869935,,,soc1-thermal,47.718
1780559872.2869935,,,soc2-thermal,47.937
1780559872.2869935,,,tj-thermal,50.218
1780559872.393236,VDD_IN,6150.144,,
1780559872.393236,VDD_CPU_GPU_CV,1731.84,,
1780559872.393236,VDD_SOC,1655.808,,
1780559872.393236,,,cpu-thermal,49.781
1780559872.393236,,,gpu-thermal,50.125
1780559872.393236,,,soc0-thermal,48.281
1780559872.393236,,,soc1-thermal,47.875
1780559872.393236,,,soc2-thermal,47.968
1780559872.393236,,,tj-thermal,50.125
1780559872.499162,VDD_IN,6189.568,,
1780559872.499162,VDD_CPU_GPU_CV,1731.84,,
1780559872.499162,VDD_SOC,1655.808,,
1780559872.499162,,,cpu-thermal,49.562
1780559872.499162,,,gpu-thermal,50.281
1780559872.499162,,,soc0-thermal,48.312
1780559872.499162,,,soc1-thermal,47.718
1780559872.499162,,,soc2-thermal,47.875
1780559872.499162,,,tj-thermal,50.062
1780559872.6052139,VDD_IN,6150.144,,
1780559872.6052139,VDD_CPU_GPU_CV,1731.84,,
1780559872.6052139,VDD_SOC,1655.808,,
1780559872.6052139,,,cpu-thermal,49.625
1780559872.6052139,,,gpu-thermal,50.125
1780559872.6052139,,,soc0-thermal,48.218
1780559872.6052139,,,soc1-thermal,47.75
1780559872.6052139,,,soc2-thermal,47.937
1780559872.6052139,,,tj-thermal,50.0
1780559872.7114282,VDD_IN,6150.144,,
1780559872.7114282,VDD_CPU_GPU_CV,1731.84,,
1780559872.7114282,VDD_SOC,1655.808,,
1780559872.7114282,,,cpu-thermal,49.625
1780559872.7114282,,,gpu-thermal,50.156
1780559872.7114282,,,soc0-thermal,48.281
1780559872.7114282,,,soc1-thermal,47.843
1780559872.7114282,,,soc2-thermal,48.062
1780559872.7114282,,,tj-thermal,50.343
1780559872.8173294,VDD_IN,6110.72,,
1780559872.8173294,VDD_CPU_GPU_CV,1731.84,,
1780559872.8173294,VDD_SOC,1655.808,,
1780559872.8173294,,,cpu-thermal,49.718
1780559872.8173294,,,gpu-thermal,50.062
1780559872.8173294,,,soc0-thermal,48.312
1780559872.8173294,,,soc1-thermal,47.937
1780559872.8173294,,,soc2-thermal,47.937
1780559872.8173294,,,tj-thermal,50.281
1780559872.9235575,VDD_IN,6110.72,,
1780559872.9235575,VDD_CPU_GPU_CV,1731.84,,
1780559872.9235575,VDD_SOC,1655.808,,
1780559872.9235575,,,cpu-thermal,49.687
1780559872.9235575,,,gpu-thermal,50.093
1780559872.9235575,,,soc0-thermal,48.156
1780559872.9235575,,,soc1-thermal,47.75
1780559872.9235575,,,soc2-thermal,47.875
1780559872.9235575,,,tj-thermal,50.093
1780559873.0295453,VDD_IN,6110.72,,
1780559873.0295453,VDD_CPU_GPU_CV,1731.84,,
1780559873.0295453,VDD_SOC,1655.808,,
1780559873.0295453,,,cpu-thermal,49.937
1780559873.0295453,,,gpu-thermal,50.343
1780559873.0295453,,,soc0-thermal,48.312
1780559873.0295453,,,soc1-thermal,47.781
1780559873.0295453,,,soc2-thermal,48.0
1780559873.0295453,,,tj-thermal,50.343
1780559873.1359396,VDD_IN,6110.72,,
1780559873.1359396,VDD_CPU_GPU_CV,1731.84,,
1780559873.1359396,VDD_SOC,1655.808,,
1780559873.1359396,,,cpu-thermal,50.062
1780559873.1359396,,,gpu-thermal,50.25
1780559873.1359396,,,soc0-thermal,48.343
1780559873.1359396,,,soc1-thermal,47.937
1780559873.1359396,,,soc2-thermal,47.937
1780559873.1359396,,,tj-thermal,50.25
1780559873.2424002,VDD_IN,6110.72,,
1780559873.2424002,VDD_CPU_GPU_CV,1731.84,,
1780559873.2424002,VDD_SOC,1655.808,,
1780559873.2424002,,,cpu-thermal,49.625
1780559873.2424002,,,gpu-thermal,50.218
1780559873.2424002,,,soc0-thermal,48.281
1780559873.2424002,,,soc1-thermal,47.75
1780559873.2424002,,,soc2-thermal,47.968
1780559873.2424002,,,tj-thermal,50.218
1780559873.3484957,VDD_IN,6150.144,,
1780559873.3484957,VDD_CPU_GPU_CV,1731.84,,
1780559873.3484957,VDD_SOC,1655.808,,
1780559873.3484957,,,cpu-thermal,49.75
1780559873.3484957,,,gpu-thermal,50.156
1780559873.3484957,,,soc0-thermal,48.312
1780559873.3484957,,,soc1-thermal,47.75
1780559873.3484957,,,soc2-thermal,48.031
1780559873.3484957,,,tj-thermal,50.156
1780559873.454591,VDD_IN,6150.144,,
1780559873.454591,VDD_CPU_GPU_CV,1731.84,,
1780559873.454591,VDD_SOC,1655.808,,
1780559873.454591,,,cpu-thermal,49.843
1780559873.454591,,,gpu-thermal,50.125
1780559873.454591,,,soc0-thermal,48.281
1780559873.454591,,,soc1-thermal,47.906
1780559873.454591,,,soc2-thermal,47.906
1780559873.454591,,,tj-thermal,50.125
1780559873.5606647,VDD_IN,6150.144,,
1780559873.5606647,VDD_CPU_GPU_CV,1731.84,,
1780559873.5606647,VDD_SOC,1655.808,,
1780559873.5606647,,,cpu-thermal,49.718
1780559873.5606647,,,gpu-thermal,50.468
1780559873.5606647,,,soc0-thermal,48.5
1780559873.5606647,,,soc1-thermal,47.75
1780559873.5606647,,,soc2-thermal,47.937
1780559873.5606647,,,tj-thermal,50.468
1780559873.6673324,VDD_IN,6150.144,,
1780559873.6673324,VDD_CPU_GPU_CV,1731.84,,
1780559873.6673324,VDD_SOC,1655.808,,
1780559873.6673324,,,cpu-thermal,49.718
1780559873.6673324,,,gpu-thermal,50.375
1780559873.6673324,,,soc0-thermal,48.25
1780559873.6673324,,,soc1-thermal,47.812
1780559873.6673324,,,soc2-thermal,47.968
1780559873.6673324,,,tj-thermal,50.375
1780559873.773736,VDD_IN,6150.144,,
1780559873.773736,VDD_CPU_GPU_CV,1731.84,,
1780559873.773736,VDD_SOC,1655.808,,
1780559873.773736,,,cpu-thermal,49.687
1780559873.773736,,,gpu-thermal,50.281
1780559873.773736,,,soc0-thermal,48.5
1780559873.773736,,,soc1-thermal,47.875
1780559873.773736,,,soc2-thermal,47.968
1780559873.773736,,,tj-thermal,50.281
1780559873.8799,VDD_IN,6110.72,,
1780559873.8799,VDD_CPU_GPU_CV,1692.48,,
1780559873.8799,VDD_SOC,1655.808,,
1780559873.8799,,,cpu-thermal,49.781
1780559873.8799,,,gpu-thermal,50.187
1780559873.8799,,,soc0-thermal,48.468
1780559873.8799,,,soc1-thermal,48.062
1780559873.8799,,,soc2-thermal,48.0
1780559873.8799,,,tj-thermal,50.187
1780559873.9860756,VDD_IN,6110.72,,
1780559873.9860756,VDD_CPU_GPU_CV,1731.84,,
1780559873.9860756,VDD_SOC,1655.808,,
1780559873.9860756,,,cpu-thermal,49.75
1780559873.9860756,,,gpu-thermal,50.187
1780559873.9860756,,,soc0-thermal,48.375
1780559873.9860756,,,soc1-thermal,47.875
1780559873.9860756,,,soc2-thermal,48.062
1780559873.9860756,,,tj-thermal,50.187
1780559874.0932677,VDD_IN,6110.72,,
1780559874.0932677,VDD_CPU_GPU_CV,1731.84,,
1780559874.0932677,VDD_SOC,1655.808,,
1780559874.0932677,,,cpu-thermal,50.062
1780559874.0932677,,,gpu-thermal,50.625
1780559874.0932677,,,soc0-thermal,48.343
1780559874.0932677,,,soc1-thermal,47.937
1780559874.0932677,,,soc2-thermal,48.062
1780559874.0932677,,,tj-thermal,50.625
1780559874.1993644,VDD_IN,6110.72,,
1780559874.1993644,VDD_CPU_GPU_CV,1731.84,,
1780559874.1993644,VDD_SOC,1655.808,,
1780559874.1993644,,,cpu-thermal,49.781
1780559874.1993644,,,gpu-thermal,50.375
1780559874.1993644,,,soc0-thermal,48.5
1780559874.1993644,,,soc1-thermal,48.093
1780559874.1993644,,,soc2-thermal,48.062
1780559874.1993644,,,tj-thermal,50.375
1780559874.3058598,VDD_IN,6110.72,,
1780559874.3058598,VDD_CPU_GPU_CV,1731.84,,
1780559874.3058598,VDD_SOC,1655.808,,
1780559874.3058598,,,cpu-thermal,49.718
1780559874.3058598,,,gpu-thermal,50.375
1780559874.3058598,,,soc0-thermal,48.343
1780559874.3058598,,,soc1-thermal,47.875
1780559874.3058598,,,soc2-thermal,48.062
1780559874.3058598,,,tj-thermal,50.375
1780559874.412246,VDD_IN,6150.144,,
1780559874.412246,VDD_CPU_GPU_CV,1731.84,,
1780559874.412246,VDD_SOC,1655.808,,
1780559874.412246,,,cpu-thermal,49.937
1780559874.412246,,,gpu-thermal,50.343
1780559874.412246,,,soc0-thermal,48.437
1780559874.412246,,,soc1-thermal,48.0
1780559874.412246,,,soc2-thermal,48.156
1780559874.412246,,,tj-thermal,50.343
1780559874.5182827,VDD_IN,6150.144,,
1780559874.5182827,VDD_CPU_GPU_CV,1731.84,,
1780559874.5182827,VDD_SOC,1655.808,,
1780559874.5182827,,,cpu-thermal,49.875
1780559874.5182827,,,gpu-thermal,50.281
1780559874.5182827,,,soc0-thermal,48.562
1780559874.5182827,,,soc1-thermal,48.031
1780559874.5182827,,,soc2-thermal,48.031
1780559874.5182827,,,tj-thermal,50.281
1780559874.6253698,VDD_IN,6150.144,,
1780559874.6253698,VDD_CPU_GPU_CV,1731.84,,
1780559874.6253698,VDD_SOC,1655.808,,
1780559874.6253698,,,cpu-thermal,49.781
1780559874.6253698,,,gpu-thermal,50.218
1780559874.6253698,,,soc0-thermal,48.406
1780559874.6253698,,,soc1-thermal,47.906
1780559874.6253698,,,soc2-thermal,48.093
1780559874.6253698,,,tj-thermal,50.218
1780559874.7313988,VDD_IN,6150.144,,
1780559874.7313988,VDD_CPU_GPU_CV,1731.84,,
1780559874.7313988,VDD_SOC,1655.808,,
1780559874.7313988,,,cpu-thermal,49.968
1780559874.7313988,,,gpu-thermal,50.5
1780559874.7313988,,,soc0-thermal,48.437
1780559874.7313988,,,soc1-thermal,48.031
1780559874.7313988,,,soc2-thermal,48.125
1780559874.7313988,,,tj-thermal,50.5
1780559874.8383496,VDD_IN,6150.144,,
1780559874.8383496,VDD_CPU_GPU_CV,1731.84,,
1780559874.8383496,VDD_SOC,1655.808,,
1780559874.8383496,,,cpu-thermal,49.75
1780559874.8383496,,,gpu-thermal,50.437
1780559874.8383496,,,soc0-thermal,48.468
1780559874.8383496,,,soc1-thermal,48.093
1780559874.8383496,,,soc2-thermal,48.125
1780559874.8383496,,,tj-thermal,50.437
1780559874.9448566,VDD_IN,6110.72,,
1780559874.9448566,VDD_CPU_GPU_CV,1731.84,,
1780559874.9448566,VDD_SOC,1655.808,,
1780559874.9448566,,,cpu-thermal,49.812
1780559874.9448566,,,gpu-thermal,50.312
1780559874.9448566,,,soc0-thermal,48.5
1780559874.9448566,,,soc1-thermal,47.906
1780559874.9448566,,,soc2-thermal,48.125
1780559874.9448566,,,tj-thermal,50.312
1780559875.050818,VDD_IN,6110.72,,
1780559875.050818,VDD_CPU_GPU_CV,1731.84,,
1780559875.050818,VDD_SOC,1655.808,,
1780559875.050818,,,cpu-thermal,50.093
1780559875.050818,,,gpu-thermal,50.343
1780559875.050818,,,soc0-thermal,48.5
1780559875.050818,,,soc1-thermal,48.0
1780559875.050818,,,soc2-thermal,48.187
1780559875.050818,,,tj-thermal,50.343
1780559875.1578674,VDD_IN,6110.72,,
1780559875.1578674,VDD_CPU_GPU_CV,1731.84,,
1780559875.1578674,VDD_SOC,1655.808,,
1780559875.1578674,,,cpu-thermal,49.781
1780559875.1578674,,,gpu-thermal,50.281
1780559875.1578674,,,soc0-thermal,48.656
1780559875.1578674,,,soc1-thermal,48.062
1780559875.1578674,,,soc2-thermal,48.156
1780559875.1578674,,,tj-thermal,50.281
1780559875.2639213,VDD_IN,6150.144,,
1780559875.2639213,VDD_CPU_GPU_CV,1731.84,,
1780559875.2639213,VDD_SOC,1655.808,,
1780559875.2639213,,,cpu-thermal,49.968
1780559875.2639213,,,gpu-thermal,50.718
1780559875.2639213,,,soc0-thermal,48.562
1780559875.2639213,,,soc1-thermal,47.875
1780559875.2639213,,,soc2-thermal,48.093
1780559875.2639213,,,tj-thermal,50.718
1780559875.3702435,VDD_IN,6150.144,,
1780559875.3702435,VDD_CPU_GPU_CV,1731.84,,
1780559875.3702435,VDD_SOC,1655.808,,
1780559875.3702435,,,cpu-thermal,50.031
1780559875.3702435,,,gpu-thermal,50.531
1780559875.3702435,,,soc0-thermal,48.562
1780559875.3702435,,,soc1-thermal,48.0
1780559875.3702435,,,soc2-thermal,48.218
1780559875.3702435,,,tj-thermal,50.531
1780559875.476635,VDD_IN,6189.568,,
1780559875.476635,VDD_CPU_GPU_CV,1731.84,,
1780559875.476635,VDD_SOC,1655.808,,
1780559875.476635,,,cpu-thermal,50.093
1780559875.476635,,,gpu-thermal,50.468
1780559875.476635,,,soc0-thermal,48.593
1780559875.476635,,,soc1-thermal,48.187
1780559875.476635,,,soc2-thermal,48.125
1780559875.476635,,,tj-thermal,50.468
1780559875.5825129,VDD_IN,6189.568,,
1780559875.5825129,VDD_CPU_GPU_CV,1731.84,,
1780559875.5825129,VDD_SOC,1655.808,,
1780559875.5825129,,,cpu-thermal,49.875
1780559875.5825129,,,gpu-thermal,50.406
1780559875.5825129,,,soc0-thermal,48.75
1780559875.5825129,,,soc1-thermal,47.937
1780559875.5825129,,,soc2-thermal,48.187
1780559875.5825129,,,tj-thermal,50.406
1780559875.6887863,VDD_IN,6189.568,,
1780559875.6887863,VDD_CPU_GPU_CV,1731.84,,
1780559875.6887863,VDD_SOC,1655.808,,
1780559875.6887863,,,cpu-thermal,50.0
1780559875.6887863,,,gpu-thermal,50.25
1780559875.6887863,,,soc0-thermal,48.593
1780559875.6887863,,,soc1-thermal,48.0
1780559875.6887863,,,soc2-thermal,48.187
1780559875.6887863,,,tj-thermal,50.25
1780559875.7950025,VDD_IN,6150.144,,
1780559875.7950025,VDD_CPU_GPU_CV,1731.84,,
1780559875.7950025,VDD_SOC,1655.808,,
1780559875.7950025,,,cpu-thermal,49.875
1780559875.7950025,,,gpu-thermal,50.281
1780559875.7950025,,,soc0-thermal,48.562
1780559875.7950025,,,soc1-thermal,48.218
1780559875.7950025,,,soc2-thermal,48.156
1780559875.7950025,,,tj-thermal,50.281
1780559875.901061,VDD_IN,6110.72,,
1780559875.901061,VDD_CPU_GPU_CV,1731.84,,
1780559875.901061,VDD_SOC,1655.808,,
1780559875.901061,,,cpu-thermal,50.0
1780559875.901061,,,gpu-thermal,50.718
1780559875.901061,,,soc0-thermal,48.75
1780559875.901061,,,soc1-thermal,47.968
1780559875.901061,,,soc2-thermal,48.093
1780559875.901061,,,tj-thermal,50.718
1780559876.0072918,VDD_IN,6110.72,,
1780559876.0072918,VDD_CPU_GPU_CV,1731.84,,
1780559876.0072918,VDD_SOC,1655.808,,
1780559876.0072918,,,cpu-thermal,49.968
1780559876.0072918,,,gpu-thermal,50.5
1780559876.0072918,,,soc0-thermal,48.531
1780559876.0072918,,,soc1-thermal,47.937
1780559876.0072918,,,soc2-thermal,48.187
1780559876.0072918,,,tj-thermal,50.5
1780559876.113516,VDD_IN,6110.72,,
1780559876.113516,VDD_CPU_GPU_CV,1731.84,,
1780559876.113516,VDD_SOC,1655.808,,
1780559876.113516,,,cpu-thermal,50.375
1780559876.113516,,,gpu-thermal,50.437
1780559876.113516,,,soc0-thermal,48.656
1780559876.113516,,,soc1-thermal,48.187
1780559876.113516,,,soc2-thermal,48.187
1780559876.113516,,,tj-thermal,50.437
1780559876.2199173,VDD_IN,6110.72,,
1780559876.2199173,VDD_CPU_GPU_CV,1731.84,,
1780559876.2199173,VDD_SOC,1655.808,,
1780559876.2199173,,,cpu-thermal,49.875
1780559876.2199173,,,gpu-thermal,50.343
1780559876.2199173,,,soc0-thermal,48.687
1780559876.2199173,,,soc1-thermal,48.0
1780559876.2199173,,,soc2-thermal,48.156
1780559876.2199173,,,tj-thermal,50.343
1780559876.3265502,VDD_IN,6150.144,,
1780559876.3265502,VDD_CPU_GPU_CV,1731.84,,
1780559876.3265502,VDD_SOC,1655.808,,
1780559876.3265502,,,cpu-thermal,50.031
1780559876.3265502,,,gpu-thermal,50.343
1780559876.3265502,,,soc0-thermal,48.656
1780559876.3265502,,,soc1-thermal,48.093
1780559876.3265502,,,soc2-thermal,48.281
1780559876.3265502,,,tj-thermal,50.343
1780559876.4330075,VDD_IN,6150.144,,
1780559876.4330075,VDD_CPU_GPU_CV,1731.84,,
1780559876.4330075,VDD_SOC,1655.808,,
1780559876.4330075,,,cpu-thermal,50.093
1780559876.4330075,,,gpu-thermal,50.75
1780559876.4330075,,,soc0-thermal,48.625
1780559876.4330075,,,soc1-thermal,48.218
1780559876.4330075,,,soc2-thermal,48.218
1780559876.4330075,,,tj-thermal,50.75
1780559876.5393353,VDD_IN,6189.568,,
1780559876.5393353,VDD_CPU_GPU_CV,1731.84,,
1780559876.5393353,VDD_SOC,1655.808,,
1780559876.5393353,,,cpu-thermal,49.968
1780559876.5393353,,,gpu-thermal,50.625
1780559876.5393353,,,soc0-thermal,48.75
1780559876.5393353,,,soc1-thermal,48.062
1780559876.5393353,,,soc2-thermal,48.187
1780559876.5393353,,,tj-thermal,50.625
1780559876.6456492,VDD_IN,6150.144,,
1780559876.6456492,VDD_CPU_GPU_CV,1731.84,,
1780559876.6456492,VDD_SOC,1655.808,,
1780559876.6456492,,,cpu-thermal,50.062
1780559876.6456492,,,gpu-thermal,50.531
1780559876.6456492,,,soc0-thermal,48.625
1780559876.6456492,,,soc1-thermal,48.062
1780559876.6456492,,,soc2-thermal,48.312
1780559876.6456492,,,tj-thermal,50.531
1780559876.7522035,VDD_IN,6150.144,,
1780559876.7522035,VDD_CPU_GPU_CV,1731.84,,
1780559876.7522035,VDD_SOC,1655.808,,
1780559876.7522035,,,cpu-thermal,50.062
1780559876.7522035,,,gpu-thermal,50.437
1780559876.7522035,,,soc0-thermal,48.656
1780559876.7522035,,,soc1-thermal,48.25
1780559876.7522035,,,soc2-thermal,48.312
1780559876.7522035,,,tj-thermal,50.437
1780559876.8586767,VDD_IN,6150.144,,
1780559876.8586767,VDD_CPU_GPU_CV,1692.48,,
1780559876.8586767,VDD_SOC,1655.808,,
1780559876.8586767,,,cpu-thermal,49.937
1780559876.8586767,,,gpu-thermal,50.406
1780559876.8586767,,,soc0-thermal,48.718
1780559876.8586767,,,soc1-thermal,48.093
1780559876.8586767,,,soc2-thermal,48.25
1780559876.8586767,,,tj-thermal,50.406
1780559876.964902,VDD_IN,6110.72,,
1780559876.964902,VDD_CPU_GPU_CV,1692.48,,
1780559876.964902,VDD_SOC,1655.808,,
1780559876.964902,,,cpu-thermal,50.0
1780559876.964902,,,gpu-thermal,50.812
1780559876.964902,,,soc0-thermal,48.625
1780559876.964902,,,soc1-thermal,48.093
1780559876.964902,,,soc2-thermal,48.375
1780559876.964902,,,tj-thermal,50.812
1780559877.0709424,VDD_IN,6110.72,,
1780559877.0709424,VDD_CPU_GPU_CV,1692.48,,
1780559877.0709424,VDD_SOC,1655.808,,
1780559877.0709424,,,cpu-thermal,50.406
1780559877.0709424,,,gpu-thermal,50.687
1780559877.0709424,,,soc0-thermal,48.687
1780559877.0709424,,,soc1-thermal,48.187
1780559877.0709424,,,soc2-thermal,48.281
1780559877.0709424,,,tj-thermal,50.687
1780559877.1776571,VDD_IN,6110.72,,
1780559877.1776571,VDD_CPU_GPU_CV,1692.48,,
1780559877.1776571,VDD_SOC,1655.808,,
1780559877.1776571,,,cpu-thermal,50.031
1780559877.1776571,,,gpu-thermal,50.625
1780559877.1776571,,,soc0-thermal,48.718
1780559877.1776571,,,soc1-thermal,48.031
1780559877.1776571,,,soc2-thermal,48.187
1780559877.1776571,,,tj-thermal,50.625
1780559877.2838407,VDD_IN,6110.72,,
1780559877.2838407,VDD_CPU_GPU_CV,1731.84,,
1780559877.2838407,VDD_SOC,1655.808,,
1780559877.2838407,,,cpu-thermal,50.031
1780559877.2838407,,,gpu-thermal,50.562
1780559877.2838407,,,soc0-thermal,48.875
1780559877.2838407,,,soc1-thermal,48.093
1780559877.2838407,,,soc2-thermal,48.312
1780559877.2838407,,,tj-thermal,50.562
1780559877.390017,VDD_IN,6150.144,,
1780559877.390017,VDD_CPU_GPU_CV,1731.84,,
1780559877.390017,VDD_SOC,1655.808,,
1780559877.390017,,,cpu-thermal,50.156
1780559877.390017,,,gpu-thermal,50.718
1780559877.390017,,,soc0-thermal,48.75
1780559877.390017,,,soc1-thermal,48.187
1780559877.390017,,,soc2-thermal,48.343
1780559877.390017,,,tj-thermal,50.562
1780559877.4966145,VDD_IN,6189.568,,
1780559877.4966145,VDD_CPU_GPU_CV,1731.84,,
1780559877.4966145,VDD_SOC,1653.12,,
1780559877.4966145,,,cpu-thermal,50.312
1780559877.4966145,,,gpu-thermal,50.718
1780559877.4966145,,,soc0-thermal,48.718
1780559877.4966145,,,soc1-thermal,48.187
1780559877.4966145,,,soc2-thermal,48.281
1780559877.4966145,,,tj-thermal,50.437
1780559877.602737,VDD_IN,6150.144,,
1780559877.602737,VDD_CPU_GPU_CV,1731.84,,
1780559877.602737,VDD_SOC,1655.808,,
1780559877.602737,,,cpu-thermal,50.125
1780559877.602737,,,gpu-thermal,50.562
1780559877.602737,,,soc0-thermal,48.781
1780559877.602737,,,soc1-thermal,48.218
1780559877.602737,,,soc2-thermal,48.312
1780559877.602737,,,tj-thermal,50.812
1780559877.709683,VDD_IN,6150.144,,
1780559877.709683,VDD_CPU_GPU_CV,1731.84,,
1780559877.709683,VDD_SOC,1655.808,,
1780559877.709683,,,cpu-thermal,50.156
1780559877.709683,,,gpu-thermal,50.718
1780559877.709683,,,soc0-thermal,48.75
1780559877.709683,,,soc1-thermal,48.218
1780559877.709683,,,soc2-thermal,48.343
1780559877.709683,,,tj-thermal,50.718
1780559877.8160274,VDD_IN,6110.72,,
1780559877.8160274,VDD_CPU_GPU_CV,1692.48,,
1780559877.8160274,VDD_SOC,1655.808,,
1780559877.8160274,,,cpu-thermal,50.156
1780559877.8160274,,,gpu-thermal,50.562
1780559877.8160274,,,soc0-thermal,48.75
1780559877.8160274,,,soc1-thermal,48.281
1780559877.8160274,,,soc2-thermal,48.312
1780559877.8160274,,,tj-thermal,50.562
1780559877.9224253,VDD_IN,6110.72,,
1780559877.9224253,VDD_CPU_GPU_CV,1692.48,,
1780559877.9224253,VDD_SOC,1655.808,,
1780559877.9224253,,,cpu-thermal,50.125
1780559877.9224253,,,gpu-thermal,50.75
1780559877.9224253,,,soc0-thermal,48.906
1780559877.9224253,,,soc1-thermal,48.125
1780559877.9224253,,,soc2-thermal,48.312
1780559877.9224253,,,tj-thermal,50.531
1780559878.0288181,VDD_IN,6110.72,,
1780559878.0288181,VDD_CPU_GPU_CV,1692.48,,
1780559878.0288181,VDD_SOC,1655.808,,
1780559878.0288181,,,cpu-thermal,50.125
1780559878.0288181,,,gpu-thermal,50.687
1780559878.0288181,,,soc0-thermal,48.75
1780559878.0288181,,,soc1-thermal,48.25
1780559878.0288181,,,soc2-thermal,48.375
1780559878.0288181,,,tj-thermal,50.531
1780559878.135308,VDD_IN,6071.296,,
1780559878.135308,VDD_CPU_GPU_CV,1692.48,,
1780559878.135308,VDD_SOC,1655.808,,
1780559878.135308,,,cpu-thermal,50.031
1780559878.135308,,,gpu-thermal,50.937
1780559878.135308,,,soc0-thermal,48.687
1780559878.135308,,,soc1-thermal,48.343
1780559878.135308,,,soc2-thermal,48.343
1780559878.135308,,,tj-thermal,50.937
1780559878.2421067,VDD_IN,6071.296,,
1780559878.2421067,VDD_CPU_GPU_CV,1692.48,,
1780559878.2421067,VDD_SOC,1655.808,,
1780559878.2421067,,,cpu-thermal,50.156
1780559878.2421067,,,gpu-thermal,50.718
1780559878.2421067,,,soc0-thermal,48.937
1780559878.2421067,,,soc1-thermal,48.25
1780559878.2421067,,,soc2-thermal,48.375
1780559878.2421067,,,tj-thermal,50.718
1780559878.348085,VDD_IN,6110.72,,
1780559878.348085,VDD_CPU_GPU_CV,1731.84,,
1780559878.348085,VDD_SOC,1655.808,,
1780559878.348085,,,cpu-thermal,50.281
1780559878.348085,,,gpu-thermal,50.437
1780559878.348085,,,soc0-thermal,48.75
1780559878.348085,,,soc1-thermal,48.281
1780559878.348085,,,soc2-thermal,48.343
1780559878.348085,,,tj-thermal,50.687
1780559878.4543042,VDD_IN,6150.144,,
1780559878.4543042,VDD_CPU_GPU_CV,1731.84,,
1780559878.4543042,VDD_SOC,1655.808,,
1780559878.4543042,,,cpu-thermal,50.343
1780559878.4543042,,,gpu-thermal,50.937
1780559878.4543042,,,soc0-thermal,48.781
1780559878.4543042,,,soc1-thermal,48.375
1780559878.4543042,,,soc2-thermal,48.312
1780559878.4543042,,,tj-thermal,50.687
1780559878.5603127,VDD_IN,6150.144,,
1780559878.5603127,VDD_CPU_GPU_CV,1731.84,,
1780559878.5603127,VDD_SOC,1655.808,,
1780559878.5603127,,,cpu-thermal,50.156
1780559878.5603127,,,gpu-thermal,50.812
1780559878.5603127,,,soc0-thermal,48.968
1780559878.5603127,,,soc1-thermal,48.187
1780559878.5603127,,,soc2-thermal,48.406
1780559878.5603127,,,tj-thermal,50.531
1780559878.6663632,VDD_IN,6110.72,,
1780559878.6663632,VDD_CPU_GPU_CV,1731.84,,
1780559878.6663632,VDD_SOC,1655.808,,
1780559878.6663632,,,cpu-thermal,50.25
1780559878.6663632,,,gpu-thermal,50.75
1780559878.6663632,,,soc0-thermal,48.75
1780559878.6663632,,,soc1-thermal,48.312
1780559878.6663632,,,soc2-thermal,48.5
1780559878.6663632,,,tj-thermal,50.562
1780559878.772842,VDD_IN,6110.72,,
1780559878.772842,VDD_CPU_GPU_CV,1731.84,,
1780559878.772842,VDD_SOC,1655.808,,
1780559878.772842,,,cpu-thermal,50.312
1780559878.772842,,,gpu-thermal,50.687
1780559878.772842,,,soc0-thermal,48.781
1780559878.772842,,,soc1-thermal,48.343
1780559878.772842,,,soc2-thermal,48.437
1780559878.772842,,,tj-thermal,50.843
1780559878.8792782,VDD_IN,6110.72,,
1780559878.8792782,VDD_CPU_GPU_CV,1692.48,,
1780559878.8792782,VDD_SOC,1655.808,,
1780559878.8792782,,,cpu-thermal,50.187
1780559878.8792782,,,gpu-thermal,50.625
1780559878.8792782,,,soc0-thermal,48.906
1780559878.8792782,,,soc1-thermal,48.187
1780559878.8792782,,,soc2-thermal,48.437
1780559878.8792782,,,tj-thermal,50.843
1780559878.9853282,VDD_IN,6110.72,,
1780559878.9853282,VDD_CPU_GPU_CV,1692.48,,
1780559878.9853282,VDD_SOC,1655.808,,
1780559878.9853282,,,cpu-thermal,50.25
1780559878.9853282,,,gpu-thermal,51.125
1780559878.9853282,,,soc0-thermal,48.875
1780559878.9853282,,,soc1-thermal,48.281
1780559878.9853282,,,soc2-thermal,48.437
1780559878.9853282,,,tj-thermal,50.593
1780559879.0918376,VDD_IN,6110.72,,
1780559879.0918376,VDD_CPU_GPU_CV,1692.48,,
1780559879.0918376,VDD_SOC,1655.808,,
1780559879.0918376,,,cpu-thermal,50.218
1780559879.0918376,,,gpu-thermal,50.906
1780559879.0918376,,,soc0-thermal,48.812
1780559879.0918376,,,soc1-thermal,48.281
1780559879.0918376,,,soc2-thermal,48.531
1780559879.0918376,,,tj-thermal,50.906
1780559879.197851,VDD_IN,6071.296,,
1780559879.197851,VDD_CPU_GPU_CV,1692.48,,
1780559879.197851,VDD_SOC,1655.808,,
1780559879.197851,,,cpu-thermal,50.312
1780559879.197851,,,gpu-thermal,50.843
1780559879.197851,,,soc0-thermal,48.906
1780559879.197851,,,soc1-thermal,48.437
1780559879.197851,,,soc2-thermal,48.531
1780559879.197851,,,tj-thermal,50.843
1780559879.3038871,VDD_IN,6110.72,,
1780559879.3038871,VDD_CPU_GPU_CV,1692.48,,
1780559879.3038871,VDD_SOC,1655.808,,
1780559879.3038871,,,cpu-thermal,50.156
1780559879.3038871,,,gpu-thermal,50.718
1780559879.3038871,,,soc0-thermal,48.812
1780559879.3038871,,,soc1-thermal,48.25
1780559879.3038871,,,soc2-thermal,48.468
1780559879.3038871,,,tj-thermal,50.718
1780559879.4099193,VDD_IN,6150.144,,
1780559879.4099193,VDD_CPU_GPU_CV,1731.84,,
1780559879.4099193,VDD_SOC,1655.808,,
1780559879.4099193,,,cpu-thermal,50.437
1780559879.4099193,,,gpu-thermal,50.656
1780559879.4099193,,,soc0-thermal,48.875
1780559879.4099193,,,soc1-thermal,48.375
1780559879.4099193,,,soc2-thermal,48.437
1780559879.4099193,,,tj-thermal,50.656
1780559879.5160458,VDD_IN,6150.144,,
1780559879.5160458,VDD_CPU_GPU_CV,1731.84,,
1780559879.5160458,VDD_SOC,1655.808,,
1780559879.5160458,,,cpu-thermal,50.531
1780559879.5160458,,,gpu-thermal,50.656
1780559879.5160458,,,soc0-thermal,48.937
1780559879.5160458,,,soc1-thermal,48.5
1780559879.5160458,,,soc2-thermal,48.437
1780559879.5160458,,,tj-thermal,50.656
1780559879.6224077,VDD_IN,6150.144,,
1780559879.6224077,VDD_CPU_GPU_CV,1731.84,,
1780559879.6224077,VDD_SOC,1655.808,,
1780559879.6224077,,,cpu-thermal,50.25
1780559879.6224077,,,gpu-thermal,51.031
1780559879.6224077,,,soc0-thermal,48.812
1780559879.6224077,,,soc1-thermal,48.343
1780559879.6224077,,,soc2-thermal,48.531
1780559879.6224077,,,tj-thermal,51.031
1780559879.7292907,VDD_IN,6110.72,,
1780559879.7292907,VDD_CPU_GPU_CV,1731.84,,
1780559879.7292907,VDD_SOC,1655.808,,
1780559879.7292907,,,cpu-thermal,50.406
1780559879.7292907,,,gpu-thermal,50.875
1780559879.7292907,,,soc0-thermal,48.937
1780559879.7292907,,,soc1-thermal,48.343
1780559879.7292907,,,soc2-thermal,48.531
1780559879.7292907,,,tj-thermal,50.875
1780559879.8352664,VDD_IN,6110.72,,
1780559879.8352664,VDD_CPU_GPU_CV,1692.48,,
1780559879.8352664,VDD_SOC,1655.808,,
1780559879.8352664,,,cpu-thermal,50.531
1780559879.8352664,,,gpu-thermal,50.718
1780559879.8352664,,,soc0-thermal,48.906
1780559879.8352664,,,soc1-thermal,48.437
1780559879.8352664,,,soc2-thermal,48.5
1780559879.8352664,,,tj-thermal,50.718
1780559879.942528,VDD_IN,6110.72,,
1780559879.942528,VDD_CPU_GPU_CV,1692.48,,
1780559879.942528,VDD_SOC,1655.808,,
1780559879.942528,,,cpu-thermal,50.312
1780559879.942528,,,gpu-thermal,50.718
1780559879.942528,,,soc0-thermal,48.875
1780559879.942528,,,soc1-thermal,48.343
1780559879.942528,,,soc2-thermal,48.437
1780559879.942528,,,tj-thermal,50.718
1780559880.0487778,VDD_IN,6110.72,,
1780559880.0487778,VDD_CPU_GPU_CV,1692.48,,
1780559880.0487778,VDD_SOC,1655.808,,
1780559880.0487778,,,cpu-thermal,50.406
1780559880.0487778,,,gpu-thermal,50.718
1780559880.0487778,,,soc0-thermal,48.843
1780559880.0487778,,,soc1-thermal,48.375
1780559880.0487778,,,soc2-thermal,48.5
1780559880.0487778,,,tj-thermal,50.718
1780559880.1548946,VDD_IN,6071.296,,
1780559880.1548946,VDD_CPU_GPU_CV,1692.48,,
1780559880.1548946,VDD_SOC,1655.808,,
1780559880.1548946,,,cpu-thermal,50.406
1780559880.1548946,,,gpu-thermal,51.062
1780559880.1548946,,,soc0-thermal,49.062
1780559880.1548946,,,soc1-thermal,48.531
1780559880.1548946,,,soc2-thermal,48.562
1780559880.1548946,,,tj-thermal,50.75
1780559880.2623336,VDD_IN,6071.296,,
1780559880.2623336,VDD_CPU_GPU_CV,1692.48,,
1780559880.2623336,VDD_SOC,1655.808,,
1780559880.2623336,,,cpu-thermal,50.281
1780559880.2623336,,,gpu-thermal,50.968
1780559880.2623336,,,soc0-thermal,48.875
1780559880.2623336,,,soc1-thermal,48.343
1780559880.2623336,,,soc2-thermal,48.593
1780559880.2623336,,,tj-thermal,50.718
1780559880.3685408,VDD_IN,6150.144,,
1780559880.3685408,VDD_CPU_GPU_CV,1731.84,,
1780559880.3685408,VDD_SOC,1655.808,,
1780559880.3685408,,,cpu-thermal,50.531
1780559880.3685408,,,gpu-thermal,50.781
1780559880.3685408,,,soc0-thermal,48.968
1780559880.3685408,,,soc1-thermal,48.406
1780559880.3685408,,,soc2-thermal,48.718
1780559880.3685408,,,tj-thermal,50.781
1780559880.4745884,VDD_IN,6189.568,,
1780559880.4745884,VDD_CPU_GPU_CV,1731.84,,
1780559880.4745884,VDD_SOC,1655.808,,
1780559880.4745884,,,cpu-thermal,50.656
1780559880.4745884,,,gpu-thermal,50.812
1780559880.4745884,,,soc0-thermal,48.968
1780559880.4745884,,,soc1-thermal,48.593
1780559880.4745884,,,soc2-thermal,48.5
1780559880.4745884,,,tj-thermal,50.812
1780559880.5809474,VDD_IN,6150.144,,
1780559880.5809474,VDD_CPU_GPU_CV,1731.84,,
1780559880.5809474,VDD_SOC,1655.808,,
1780559880.5809474,,,cpu-thermal,50.25
1780559880.5809474,,,gpu-thermal,50.812
1780559880.5809474,,,soc0-thermal,49.093
1780559880.5809474,,,soc1-thermal,48.375
1780559880.5809474,,,soc2-thermal,48.593
1780559880.5809474,,,tj-thermal,50.812
1780559880.6869066,VDD_IN,6150.144,,
1780559880.6869066,VDD_CPU_GPU_CV,1731.84,,
1780559880.6869066,VDD_SOC,1655.808,,
1780559880.6869066,,,cpu-thermal,50.5
1780559880.6869066,,,gpu-thermal,50.75
1780559880.6869066,,,soc0-thermal,48.906
1780559880.6869066,,,soc1-thermal,48.312
1780559880.6869066,,,soc2-thermal,48.656
1780559880.6869066,,,tj-thermal,50.75
1780559880.7935803,VDD_IN,6110.72,,
1780559880.7935803,VDD_CPU_GPU_CV,1731.84,,
1780559880.7935803,VDD_SOC,1655.808,,
1780559880.7935803,,,cpu-thermal,50.5
1780559880.7935803,,,gpu-thermal,51.0
1780559880.7935803,,,soc0-thermal,49.0
1780559880.7935803,,,soc1-thermal,48.531
1780559880.7935803,,,soc2-thermal,48.531
1780559880.7935803,,,tj-thermal,51.0
1780559880.899662,VDD_IN,6110.72,,
1780559880.899662,VDD_CPU_GPU_CV,1692.48,,
1780559880.899662,VDD_SOC,1655.808,,
1780559880.899662,,,cpu-thermal,50.218
1780559880.899662,,,gpu-thermal,50.937
1780559880.899662,,,soc0-thermal,49.156
1780559880.899662,,,soc1-thermal,48.625
1780559880.899662,,,soc2-thermal,48.625
1780559880.899662,,,tj-thermal,50.937
1780559881.005671,VDD_IN,6110.72,,
1780559881.005671,VDD_CPU_GPU_CV,1692.48,,
1780559881.005671,VDD_SOC,1655.808,,
1780559881.005671,,,cpu-thermal,50.437
1780559881.005671,,,gpu-thermal,50.937
1780559881.005671,,,soc0-thermal,48.968
1780559881.005671,,,soc1-thermal,48.437
1780559881.005671,,,soc2-thermal,48.75
1780559881.005671,,,tj-thermal,50.937
1780559881.112207,VDD_IN,6110.72,,
1780559881.112207,VDD_CPU_GPU_CV,1692.48,,
1780559881.112207,VDD_SOC,1655.808,,
1780559881.112207,,,cpu-thermal,50.5
1780559881.112207,,,gpu-thermal,50.781
1780559881.112207,,,soc0-thermal,49.031
1780559881.112207,,,soc1-thermal,48.531
1780559881.112207,,,soc2-thermal,48.718
1780559881.112207,,,tj-thermal,50.781
1780559881.2184188,VDD_IN,6071.296,,
1780559881.2184188,VDD_CPU_GPU_CV,1692.48,,
1780559881.2184188,VDD_SOC,1655.808,,
1780559881.2184188,,,cpu-thermal,50.343
1780559881.2184188,,,gpu-thermal,50.875
1780559881.2184188,,,soc0-thermal,49.156
1780559881.2184188,,,soc1-thermal,48.625
1780559881.2184188,,,soc2-thermal,48.656
1780559881.2184188,,,tj-thermal,50.875
1780559881.3249516,VDD_IN,6110.72,,
1780559881.3249516,VDD_CPU_GPU_CV,1731.84,,
1780559881.3249516,VDD_SOC,1655.808,,
1780559881.3249516,,,cpu-thermal,50.375
1780559881.3249516,,,gpu-thermal,51.187
1780559881.3249516,,,soc0-thermal,49.0
1780559881.3249516,,,soc1-thermal,48.5
1780559881.3249516,,,soc2-thermal,48.687
1780559881.3249516,,,tj-thermal,51.187
1780559881.4308496,VDD_IN,6150.144,,
1780559881.4308496,VDD_CPU_GPU_CV,1731.84,,
1780559881.4308496,VDD_SOC,1655.808,,
1780559881.4308496,,,cpu-thermal,50.625
1780559881.4308496,,,gpu-thermal,51.0
1780559881.4308496,,,soc0-thermal,49.093
1780559881.4308496,,,soc1-thermal,48.593
1780559881.4308496,,,soc2-thermal,48.75
1780559881.4308496,,,tj-thermal,51.0
1780559881.5368686,VDD_IN,6189.568,,
1780559881.5368686,VDD_CPU_GPU_CV,1731.84,,
1780559881.5368686,VDD_SOC,1655.808,,
1780559881.5368686,,,cpu-thermal,50.437
1780559881.5368686,,,gpu-thermal,51.031
1780559881.5368686,,,soc0-thermal,49.093
1780559881.5368686,,,soc1-thermal,48.75
1780559881.5368686,,,soc2-thermal,48.656
1780559881.5368686,,,tj-thermal,51.031
1780559881.642936,VDD_IN,6150.144,,
1780559881.642936,VDD_CPU_GPU_CV,1731.84,,
1780559881.642936,VDD_SOC,1655.808,,
1780559881.642936,,,cpu-thermal,50.343
1780559881.642936,,,gpu-thermal,51.125
1780559881.642936,,,soc0-thermal,49.187
1780559881.642936,,,soc1-thermal,48.437
1780559881.642936,,,soc2-thermal,48.781
1780559881.642936,,,tj-thermal,50.906
1780559881.7489266,VDD_IN,6150.144,,
1780559881.7489266,VDD_CPU_GPU_CV,1731.84,,
1780559881.7489266,VDD_SOC,1655.808,,
1780559881.7489266,,,cpu-thermal,50.5
1780559881.7489266,,,gpu-thermal,51.062
1780559881.7489266,,,soc0-thermal,49.093
1780559881.7489266,,,soc1-thermal,48.593
1780559881.7489266,,,soc2-thermal,48.781
1780559881.7489266,,,tj-thermal,50.906
1780559881.8548965,VDD_IN,6150.144,,
1780559881.8548965,VDD_CPU_GPU_CV,1731.84,,
1780559881.8548965,VDD_SOC,1655.808,,
1780559881.8548965,,,cpu-thermal,50.593
1780559881.8548965,,,gpu-thermal,50.875
1780559881.8548965,,,soc0-thermal,49.125
1780559881.8548965,,,soc1-thermal,48.687
1780559881.8548965,,,soc2-thermal,48.718
1780559881.8548965,,,tj-thermal,51.25
1780559881.961109,VDD_IN,6110.72,,
1780559881.961109,VDD_CPU_GPU_CV,1692.48,,
1780559881.961109,VDD_SOC,1655.808,,
1780559881.961109,,,cpu-thermal,50.468
1780559881.961109,,,gpu-thermal,50.937
1780559881.961109,,,soc0-thermal,49.187
1780559881.961109,,,soc1-thermal,48.468
1780559881.961109,,,soc2-thermal,48.687
1780559881.961109,,,tj-thermal,50.937
1780559882.0670888,VDD_IN,6110.72,,
1780559882.0670888,VDD_CPU_GPU_CV,1692.48,,
1780559882.0670888,VDD_SOC,1655.808,,
1780559882.0670888,,,cpu-thermal,50.5
1780559882.0670888,,,gpu-thermal,50.875
1780559882.0670888,,,soc0-thermal,49.125
1780559882.0670888,,,soc1-thermal,48.562
1780559882.0670888,,,soc2-thermal,48.687
1780559882.0670888,,,tj-thermal,50.875
1780559882.1730385,VDD_IN,6110.72,,
1780559882.1730385,VDD_CPU_GPU_CV,1692.48,,
1780559882.1730385,VDD_SOC,1655.808,,
1780559882.1730385,,,cpu-thermal,50.687
1780559882.1730385,,,gpu-thermal,51.312
1780559882.1730385,,,soc0-thermal,49.187
1780559882.1730385,,,soc1-thermal,48.531
1780559882.1730385,,,soc2-thermal,48.812
1780559882.1730385,,,tj-thermal,51.312
1780559882.279354,VDD_IN,6110.72,,
1780559882.279354,VDD_CPU_GPU_CV,1692.48,,
1780559882.279354,VDD_SOC,1655.808,,
1780559882.279354,,,cpu-thermal,50.5
1780559882.279354,,,gpu-thermal,51.125
1780559882.279354,,,soc0-thermal,49.187
1780559882.279354,,,soc1-thermal,48.5
1780559882.279354,,,soc2-thermal,48.781
1780559882.279354,,,tj-thermal,51.125
1780559882.385644,VDD_IN,6150.144,,
1780559882.385644,VDD_CPU_GPU_CV,1731.84,,
1780559882.385644,VDD_SOC,1655.808,,
1780559882.385644,,,cpu-thermal,50.5
1780559882.385644,,,gpu-thermal,51.0
1780559882.385644,,,soc0-thermal,49.062
1780559882.385644,,,soc1-thermal,48.593
1780559882.385644,,,soc2-thermal,48.781
1780559882.385644,,,tj-thermal,51.0
1780559882.491742,VDD_IN,6228.992,,
1780559882.491742,VDD_CPU_GPU_CV,1771.2,,
1780559882.491742,VDD_SOC,1655.808,,
1780559882.491742,,,cpu-thermal,50.625
1780559882.491742,,,gpu-thermal,51.031
1780559882.491742,,,soc0-thermal,49.125
1780559882.491742,,,soc1-thermal,48.593
1780559882.491742,,,soc2-thermal,48.875
1780559882.491742,,,tj-thermal,51.031
1780559882.5978906,VDD_IN,6189.568,,
1780559882.5978906,VDD_CPU_GPU_CV,1771.2,,
1780559882.5978906,VDD_SOC,1655.808,,
1780559882.5978906,,,cpu-thermal,50.687
1780559882.5978906,,,gpu-thermal,50.875
1780559882.5978906,,,soc0-thermal,49.156
1780559882.5978906,,,soc1-thermal,48.718
1780559882.5978906,,,soc2-thermal,48.718
1780559882.5978906,,,tj-thermal,50.875
1780559882.704264,VDD_IN,6189.568,,
1780559882.704264,VDD_CPU_GPU_CV,1771.2,,
1780559882.704264,VDD_SOC,1655.808,,
1780559882.704264,,,cpu-thermal,50.687
1780559882.704264,,,gpu-thermal,50.875
1780559882.704264,,,soc0-thermal,49.156
1780559882.704264,,,soc1-thermal,48.687
1780559882.704264,,,soc2-thermal,48.75
1780559882.704264,,,tj-thermal,50.875
1780559882.8105211,VDD_IN,6150.144,,
1780559882.8105211,VDD_CPU_GPU_CV,1771.2,,
1780559882.8105211,VDD_SOC,1655.808,,
1780559882.8105211,,,cpu-thermal,50.875
1780559882.8105211,,,gpu-thermal,51.218
1780559882.8105211,,,soc0-thermal,49.125
1780559882.8105211,,,soc1-thermal,48.687
1780559882.8105211,,,soc2-thermal,48.812
1780559882.8105211,,,tj-thermal,51.218
1780559882.9167247,VDD_IN,6150.144,,
1780559882.9167247,VDD_CPU_GPU_CV,1771.2,,
1780559882.9167247,VDD_SOC,1655.808,,
1780559882.9167247,,,cpu-thermal,50.937
1780559882.9167247,,,gpu-thermal,51.125
1780559882.9167247,,,soc0-thermal,49.218
1780559882.9167247,,,soc1-thermal,48.718
1780559882.9167247,,,soc2-thermal,48.781
1780559882.9167247,,,tj-thermal,51.125
1780559883.0237782,VDD_IN,6150.144,,
1780559883.0237782,VDD_CPU_GPU_CV,1771.2,,
1780559883.0237782,VDD_SOC,1655.808,,
1780559883.0237782,,,cpu-thermal,50.593
1780559883.0237782,,,gpu-thermal,51.062
1780559883.0237782,,,soc0-thermal,49.125
1780559883.0237782,,,soc1-thermal,48.687
1780559883.0237782,,,soc2-thermal,48.875
1780559883.0237782,,,tj-thermal,51.062
1780559883.1303015,VDD_IN,6110.72,,
1780559883.1303015,VDD_CPU_GPU_CV,1771.2,,
1780559883.1303015,VDD_SOC,1655.808,,
1780559883.1303015,,,cpu-thermal,50.656
1780559883.1303015,,,gpu-thermal,50.937
1780559883.1303015,,,soc0-thermal,49.218
1780559883.1303015,,,soc1-thermal,48.75
1780559883.1303015,,,soc2-thermal,48.937
1780559883.1303015,,,tj-thermal,50.937
1780559883.2361846,VDD_IN,6110.72,,
1780559883.2361846,VDD_CPU_GPU_CV,1731.84,,
1780559883.2361846,VDD_SOC,1655.808,,
1780559883.2361846,,,cpu-thermal,50.843
1780559883.2361846,,,gpu-thermal,50.937
1780559883.2361846,,,soc0-thermal,49.312
1780559883.2361846,,,soc1-thermal,48.812
1780559883.2361846,,,soc2-thermal,48.843
1780559883.2361846,,,tj-thermal,50.937
1780559883.3432343,VDD_IN,6110.72,,
1780559883.3432343,VDD_CPU_GPU_CV,1731.84,,
1780559883.3432343,VDD_SOC,1655.808,,
1780559883.3432343,,,cpu-thermal,50.5
1780559883.3432343,,,gpu-thermal,51.312
1780559883.3432343,,,soc0-thermal,49.406
1780559883.3432343,,,soc1-thermal,48.625
1780559883.3432343,,,soc2-thermal,48.781
1780559883.3432343,,,tj-thermal,51.312
1780559883.449138,VDD_IN,6150.144,,
1780559883.449138,VDD_CPU_GPU_CV,1771.2,,
1780559883.449138,VDD_SOC,1655.808,,
1780559883.449138,,,cpu-thermal,50.625
1780559883.449138,,,gpu-thermal,51.187
1780559883.449138,,,soc0-thermal,49.187
1780559883.449138,,,soc1-thermal,48.718
1780559883.449138,,,soc2-thermal,48.937
1780559883.449138,,,tj-thermal,51.187
1780559883.5550952,VDD_IN,6150.144,,
1780559883.5550952,VDD_CPU_GPU_CV,1771.2,,
1780559883.5550952,VDD_SOC,1655.808,,
1780559883.5550952,,,cpu-thermal,50.562
1780559883.5550952,,,gpu-thermal,51.125
1780559883.5550952,,,soc0-thermal,49.218
1780559883.5550952,,,soc1-thermal,48.843
1780559883.5550952,,,soc2-thermal,48.875
1780559883.5550952,,,tj-thermal,51.125
1780559883.6622615,VDD_IN,6110.72,,
1780559883.6622615,VDD_CPU_GPU_CV,1731.84,,
1780559883.6622615,VDD_SOC,1655.808,,
1780559883.6622615,,,cpu-thermal,50.531
1780559883.6622615,,,gpu-thermal,51.062
1780559883.6622615,,,soc0-thermal,49.375
1780559883.6622615,,,soc1-thermal,48.718
1780559883.6622615,,,soc2-thermal,48.812
1780559883.6622615,,,tj-thermal,51.062
1780559883.768328,VDD_IN,6110.72,,
1780559883.768328,VDD_CPU_GPU_CV,1731.84,,
1780559883.768328,VDD_SOC,1655.808,,
1780559883.768328,,,cpu-thermal,50.781
1780559883.768328,,,gpu-thermal,51.0
1780559883.768328,,,soc0-thermal,49.218
1780559883.768328,,,soc1-thermal,48.75
1780559883.768328,,,soc2-thermal,48.968
1780559883.768328,,,tj-thermal,51.0
1780559883.8747165,VDD_IN,6071.296,,
1780559883.8747165,VDD_CPU_GPU_CV,1692.48,,
1780559883.8747165,VDD_SOC,1655.808,,
1780559883.8747165,,,cpu-thermal,50.906
1780559883.8747165,,,gpu-thermal,51.406
1780559883.8747165,,,soc0-thermal,49.343
1780559883.8747165,,,soc1-thermal,48.75
1780559883.8747165,,,soc2-thermal,48.812
1780559883.8747165,,,tj-thermal,51.406
1780559883.980789,VDD_IN,6110.72,,
1780559883.980789,VDD_CPU_GPU_CV,1731.84,,
1780559883.980789,VDD_SOC,1655.808,,
1780559883.980789,,,cpu-thermal,50.593
1780559883.980789,,,gpu-thermal,51.312
1780559883.980789,,,soc0-thermal,49.343
1780559883.980789,,,soc1-thermal,48.625
1780559883.980789,,,soc2-thermal,48.843
1780559883.980789,,,tj-thermal,51.312
1780559884.0873103,VDD_IN,6071.296,,
1780559884.0873103,VDD_CPU_GPU_CV,1692.48,,
1780559884.0873103,VDD_SOC,1655.808,,
1780559884.0873103,,,cpu-thermal,50.781
1780559884.0873103,,,gpu-thermal,51.218
1780559884.0873103,,,soc0-thermal,49.218
1780559884.0873103,,,soc1-thermal,48.718
1780559884.0873103,,,soc2-thermal,48.843
1780559884.0873103,,,tj-thermal,51.218
1780559884.1941104,VDD_IN,6071.296,,
1780559884.1941104,VDD_CPU_GPU_CV,1692.48,,
1780559884.1941104,VDD_SOC,1655.808,,
1780559884.1941104,,,cpu-thermal,50.812
1780559884.1941104,,,gpu-thermal,51.093
1780559884.1941104,,,soc0-thermal,49.281
1780559884.1941104,,,soc1-thermal,48.718
1780559884.1941104,,,soc2-thermal,48.968
1780559884.1941104,,,tj-thermal,51.093
1780559884.300213,VDD_IN,6110.72,,
1780559884.300213,VDD_CPU_GPU_CV,1692.48,,
1780559884.300213,VDD_SOC,1655.808,,
1780559884.300213,,,cpu-thermal,50.656
1780559884.300213,,,gpu-thermal,51.062
1780559884.300213,,,soc0-thermal,49.343
1780559884.300213,,,soc1-thermal,48.718
1780559884.300213,,,soc2-thermal,48.875
1780559884.300213,,,tj-thermal,51.062
1780559884.4065063,VDD_IN,6150.144,,
1780559884.4065063,VDD_CPU_GPU_CV,1731.84,,
1780559884.4065063,VDD_SOC,1655.808,,
1780559884.4065063,,,cpu-thermal,50.656
1780559884.4065063,,,gpu-thermal,51.062
1780559884.4065063,,,soc0-thermal,49.312
1780559884.4065063,,,soc1-thermal,48.718
1780559884.4065063,,,soc2-thermal,48.968
1780559884.4065063,,,tj-thermal,51.062
1780559884.5126164,VDD_IN,6150.144,,
1780559884.5126164,VDD_CPU_GPU_CV,1731.84,,
1780559884.5126164,VDD_SOC,1655.808,,
1780559884.5126164,,,cpu-thermal,50.718
1780559884.5126164,,,gpu-thermal,51.375
1780559884.5126164,,,soc0-thermal,49.281
1780559884.5126164,,,soc1-thermal,48.812
1780559884.5126164,,,soc2-thermal,49.0
1780559884.5126164,,,tj-thermal,51.375
1780559884.6186707,VDD_IN,6150.144,,
1780559884.6186707,VDD_CPU_GPU_CV,1731.84,,
1780559884.6186707,VDD_SOC,1655.808,,
1780559884.6186707,,,cpu-thermal,50.687
1780559884.6186707,,,gpu-thermal,51.281
1780559884.6186707,,,soc0-thermal,49.468
1780559884.6186707,,,soc1-thermal,48.968
1780559884.6186707,,,soc2-thermal,48.937
1780559884.6186707,,,tj-thermal,51.281
1780559884.7251909,VDD_IN,6110.72,,
1780559884.7251909,VDD_CPU_GPU_CV,1731.84,,
1780559884.7251909,VDD_SOC,1655.808,,
1780559884.7251909,,,cpu-thermal,50.687
1780559884.7251909,,,gpu-thermal,51.187
1780559884.7251909,,,soc0-thermal,49.25
1780559884.7251909,,,soc1-thermal,48.843
1780559884.7251909,,,soc2-thermal,48.968
1780559884.7251909,,,tj-thermal,51.187
1780559884.8317194,VDD_IN,6110.72,,
1780559884.8317194,VDD_CPU_GPU_CV,1731.84,,
1780559884.8317194,VDD_SOC,1655.808,,
1780559884.8317194,,,cpu-thermal,50.968
1780559884.8317194,,,gpu-thermal,51.187
1780559884.8317194,,,soc0-thermal,49.468
1780559884.8317194,,,soc1-thermal,48.781
1780559884.8317194,,,soc2-thermal,49.156
1780559884.8317194,,,tj-thermal,51.187
1780559884.938249,VDD_IN,6110.72,,
1780559884.938249,VDD_CPU_GPU_CV,1731.84,,
1780559884.938249,VDD_SOC,1655.808,,
1780559884.938249,,,cpu-thermal,50.625
1780559884.938249,,,gpu-thermal,51.093
1780559884.938249,,,soc0-thermal,49.406
1780559884.938249,,,soc1-thermal,49.0
1780559884.938249,,,soc2-thermal,48.875
1780559884.938249,,,tj-thermal,51.093
1780559885.0445144,VDD_IN,6110.72,,
1780559885.0445144,VDD_CPU_GPU_CV,1731.84,,
1780559885.0445144,VDD_SOC,1655.808,,
1780559885.0445144,,,cpu-thermal,50.843
1780559885.0445144,,,gpu-thermal,51.25
1780559885.0445144,,,soc0-thermal,49.343
1780559885.0445144,,,soc1-thermal,48.875
1780559885.0445144,,,soc2-thermal,48.937
1780559885.0445144,,,tj-thermal,51.5
1780559885.1510267,VDD_IN,6110.72,,
1780559885.1510267,VDD_CPU_GPU_CV,1692.48,,
1780559885.1510267,VDD_SOC,1655.808,,
1780559885.1510267,,,cpu-thermal,50.968
1780559885.1510267,,,gpu-thermal,51.343
1780559885.1510267,,,soc0-thermal,49.312
1780559885.1510267,,,soc1-thermal,48.843
1780559885.1510267,,,soc2-thermal,49.031
1780559885.1510267,,,tj-thermal,51.343
1780559885.2571602,VDD_IN,6110.72,,
1780559885.2571602,VDD_CPU_GPU_CV,1692.48,,
1780559885.2571602,VDD_SOC,1655.808,,
1780559885.2571602,,,cpu-thermal,50.968
1780559885.2571602,,,gpu-thermal,51.125
1780559885.2571602,,,soc0-thermal,49.406
1780559885.2571602,,,soc1-thermal,48.937
1780559885.2571602,,,soc2-thermal,48.937
1780559885.2571602,,,tj-thermal,51.218
1780559885.3633497,VDD_IN,6150.144,,
1780559885.3633497,VDD_CPU_GPU_CV,1731.84,,
1780559885.3633497,VDD_SOC,1655.808,,
1780559885.3633497,,,cpu-thermal,50.718
1780559885.3633497,,,gpu-thermal,51.468
1780559885.3633497,,,soc0-thermal,49.375
1780559885.3633497,,,soc1-thermal,48.781
1780559885.3633497,,,soc2-thermal,49.0
1780559885.3633497,,,tj-thermal,51.218
1780559885.4696493,VDD_IN,6189.568,,
1780559885.4696493,VDD_CPU_GPU_CV,1731.84,,
1780559885.4696493,VDD_SOC,1655.808,,
1780559885.4696493,,,cpu-thermal,50.75
1780559885.4696493,,,gpu-thermal,51.406
1780559885.4696493,,,soc0-thermal,49.5
1780559885.4696493,,,soc1-thermal,48.843
1780559885.4696493,,,soc2-thermal,48.968
1780559885.4696493,,,tj-thermal,51.218
1780559885.5760424,VDD_IN,6150.144,,
1780559885.5760424,VDD_CPU_GPU_CV,1731.84,,
1780559885.5760424,VDD_SOC,1655.808,,
1780559885.5760424,,,cpu-thermal,50.718
1780559885.5760424,,,gpu-thermal,51.312
1780559885.5760424,,,soc0-thermal,49.437
1780559885.5760424,,,soc1-thermal,49.062
1780559885.5760424,,,soc2-thermal,48.937
1780559885.5760424,,,tj-thermal,51.656
1780559885.6822944,VDD_IN,6150.144,,
1780559885.6822944,VDD_CPU_GPU_CV,1731.84,,
1780559885.6822944,VDD_SOC,1655.808,,
1780559885.6822944,,,cpu-thermal,50.781
1780559885.6822944,,,gpu-thermal,51.218
1780559885.6822944,,,soc0-thermal,49.531
1780559885.6822944,,,soc1-thermal,48.812
1780559885.6822944,,,soc2-thermal,48.968
1780559885.6822944,,,tj-thermal,51.468
1780559885.7885182,VDD_IN,6110.72,,
1780559885.7885182,VDD_CPU_GPU_CV,1731.84,,
1780559885.7885182,VDD_SOC,1655.808,,
1780559885.7885182,,,cpu-thermal,50.875
1780559885.7885182,,,gpu-thermal,51.218
1780559885.7885182,,,soc0-thermal,49.343
1780559885.7885182,,,soc1-thermal,48.843
1780559885.7885182,,,soc2-thermal,49.062
1780559885.7885182,,,tj-thermal,51.281
1780559885.8953576,VDD_IN,6110.72,,
1780559885.8953576,VDD_CPU_GPU_CV,1692.48,,
1780559885.8953576,VDD_SOC,1655.808,,
1780559885.8953576,,,cpu-thermal,51.25
1780559885.8953576,,,gpu-thermal,51.562
1780559885.8953576,,,soc0-thermal,49.437
1780559885.8953576,,,soc1-thermal,48.875
1780559885.8953576,,,soc2-thermal,49.031
1780559885.8953576,,,tj-thermal,51.25
1780559886.0014768,VDD_IN,6110.72,,
1780559886.0014768,VDD_CPU_GPU_CV,1692.48,,
1780559886.0014768,VDD_SOC,1655.808,,
1780559886.0014768,,,cpu-thermal,50.718
1780559886.0014768,,,gpu-thermal,51.531
1780559886.0014768,,,soc0-thermal,49.593
1780559886.0014768,,,soc1-thermal,48.875
1780559886.0014768,,,soc2-thermal,48.937
1780559886.0014768,,,tj-thermal,51.218
1780559886.10763,VDD_IN,6110.72,,
1780559886.10763,VDD_CPU_GPU_CV,1692.48,,
1780559886.10763,VDD_SOC,1655.808,,
1780559886.10763,,,cpu-thermal,50.937
1780559886.10763,,,gpu-thermal,51.25
1780559886.10763,,,soc0-thermal,49.468
1780559886.10763,,,soc1-thermal,48.875
1780559886.10763,,,soc2-thermal,49.093
1780559886.10763,,,tj-thermal,51.218
1780559886.2141845,VDD_IN,6110.72,,
1780559886.2141845,VDD_CPU_GPU_CV,1731.84,,
1780559886.2141845,VDD_SOC,1655.808,,
1780559886.2141845,,,cpu-thermal,51.062
1780559886.2141845,,,gpu-thermal,51.25
1780559886.2141845,,,soc0-thermal,49.406
1780559886.2141845,,,soc1-thermal,49.0
1780559886.2141845,,,soc2-thermal,49.218
1780559886.2141845,,,tj-thermal,51.5
1780559886.3205328,VDD_IN,6150.144,,
1780559886.3205328,VDD_CPU_GPU_CV,1731.84,,
1780559886.3205328,VDD_SOC,1655.808,,
1780559886.3205328,,,cpu-thermal,50.906
1780559886.3205328,,,gpu-thermal,51.281
1780559886.3205328,,,soc0-thermal,49.593
1780559886.3205328,,,soc1-thermal,48.843
1780559886.3205328,,,soc2-thermal,49.062
1780559886.3205328,,,tj-thermal,51.5
1780559886.4266953,VDD_IN,6189.568,,
1780559886.4266953,VDD_CPU_GPU_CV,1731.84,,
1780559886.4266953,VDD_SOC,1655.808,,
1780559886.4266953,,,cpu-thermal,50.937
1780559886.4266953,,,gpu-thermal,51.218
1780559886.4266953,,,soc0-thermal,49.437
1780559886.4266953,,,soc1-thermal,48.875
1780559886.4266953,,,soc2-thermal,49.156
1780559886.4266953,,,tj-thermal,51.343
1780559886.5330398,VDD_IN,6189.568,,
1780559886.5330398,VDD_CPU_GPU_CV,1731.84,,
1780559886.5330398,VDD_SOC,1655.808,,
1780559886.5330398,,,cpu-thermal,51.0
1780559886.5330398,,,gpu-thermal,51.5
1780559886.5330398,,,soc0-thermal,49.406
1780559886.5330398,,,soc1-thermal,49.0
1780559886.5330398,,,soc2-thermal,49.031
1780559886.5330398,,,tj-thermal,51.312
1780559886.6395664,VDD_IN,6150.144,,
1780559886.6395664,VDD_CPU_GPU_CV,1731.84,,
1780559886.6395664,VDD_SOC,1655.808,,
1780559886.6395664,,,cpu-thermal,50.812
1780559886.6395664,,,gpu-thermal,51.468
1780559886.6395664,,,soc0-thermal,49.625
1780559886.6395664,,,soc1-thermal,48.906
1780559886.6395664,,,soc2-thermal,49.093
1780559886.6395664,,,tj-thermal,51.25
1780559886.7459946,VDD_IN,6110.72,,
1780559886.7459946,VDD_CPU_GPU_CV,1731.84,,
1780559886.7459946,VDD_SOC,1655.808,,
1780559886.7459946,,,cpu-thermal,50.937
1780559886.7459946,,,gpu-thermal,51.312
1780559886.7459946,,,soc0-thermal,49.5
1780559886.7459946,,,soc1-thermal,48.937
1780559886.7459946,,,soc2-thermal,49.062
1780559886.7459946,,,tj-thermal,51.687
1780559886.852629,VDD_IN,6110.72,,
1780559886.852629,VDD_CPU_GPU_CV,1692.48,,
1780559886.852629,VDD_SOC,1655.808,,
1780559886.852629,,,cpu-thermal,51.25
1780559886.852629,,,gpu-thermal,51.281
1780559886.852629,,,soc0-thermal,49.562
1780559886.852629,,,soc1-thermal,49.093
1780559886.852629,,,soc2-thermal,49.187
1780559886.852629,,,tj-thermal,51.562
1780559886.9588842,VDD_IN,6110.72,,
1780559886.9588842,VDD_CPU_GPU_CV,1731.84,,
1780559886.9588842,VDD_SOC,1655.808,,
1780559886.9588842,,,cpu-thermal,50.906
1780559886.9588842,,,gpu-thermal,51.281
1780559886.9588842,,,soc0-thermal,49.562
1780559886.9588842,,,soc1-thermal,48.906
1780559886.9588842,,,soc2-thermal,49.156
1780559886.9588842,,,tj-thermal,51.437
1780559887.0652213,VDD_IN,6110.72,,
1780559887.0652213,VDD_CPU_GPU_CV,1692.48,,
1780559887.0652213,VDD_SOC,1655.808,,
1780559887.0652213,,,cpu-thermal,51.031
1780559887.0652213,,,gpu-thermal,51.656
1780559887.0652213,,,soc0-thermal,49.5
1780559887.0652213,,,soc1-thermal,48.968
1780559887.0652213,,,soc2-thermal,49.156
1780559887.0652213,,,tj-thermal,51.656
1780559887.1712146,VDD_IN,6110.72,,
1780559887.1712146,VDD_CPU_GPU_CV,1692.48,,
1780559887.1712146,VDD_SOC,1655.808,,
1780559887.1712146,,,cpu-thermal,51.062
1780559887.1712146,,,gpu-thermal,51.531
1780559887.1712146,,,soc0-thermal,49.593
1780559887.1712146,,,soc1-thermal,49.031
1780559887.1712146,,,soc2-thermal,49.156
1780559887.1712146,,,tj-thermal,51.531
1780559887.2776968,VDD_IN,6110.72,,
1780559887.2776968,VDD_CPU_GPU_CV,1692.48,,
1780559887.2776968,VDD_SOC,1655.808,,
1780559887.2776968,,,cpu-thermal,51.25
1780559887.2776968,,,gpu-thermal,51.437
1780559887.2776968,,,soc0-thermal,49.656
1780559887.2776968,,,soc1-thermal,49.0
1780559887.2776968,,,soc2-thermal,49.156
1780559887.2776968,,,tj-thermal,51.281
1780559887.3841817,VDD_IN,6150.144,,
1780559887.3841817,VDD_CPU_GPU_CV,1731.84,,
1780559887.3841817,VDD_SOC,1655.808,,
1780559887.3841817,,,cpu-thermal,50.937
1780559887.3841817,,,gpu-thermal,51.406
1780559887.3841817,,,soc0-thermal,49.718
1780559887.3841817,,,soc1-thermal,48.968
1780559887.3841817,,,soc2-thermal,49.156
1780559887.3841817,,,tj-thermal,51.406
1780559887.4901369,VDD_IN,6189.568,,
1780559887.4901369,VDD_CPU_GPU_CV,1731.84,,
1780559887.4901369,VDD_SOC,1655.808,,
1780559887.4901369,,,cpu-thermal,50.937
1780559887.4901369,,,gpu-thermal,51.281
1780559887.4901369,,,soc0-thermal,49.468
1780559887.4901369,,,soc1-thermal,49.125
1780559887.4901369,,,soc2-thermal,49.218
1780559887.4901369,,,tj-thermal,51.281
1780559887.5964081,VDD_IN,6150.144,,
1780559887.5964081,VDD_CPU_GPU_CV,1731.84,,
1780559887.5964081,VDD_SOC,1655.808,,
1780559887.5964081,,,cpu-thermal,50.968
1780559887.5964081,,,gpu-thermal,51.812
1780559887.5964081,,,soc0-thermal,49.656
1780559887.5964081,,,soc1-thermal,49.093
1780559887.5964081,,,soc2-thermal,49.062
1780559887.5964081,,,tj-thermal,51.812
1780559887.702337,VDD_IN,6150.144,,
1780559887.702337,VDD_CPU_GPU_CV,1731.84,,
1780559887.702337,VDD_SOC,1655.808,,
1780559887.702337,,,cpu-thermal,50.968
1780559887.702337,,,gpu-thermal,51.625
1780559887.702337,,,soc0-thermal,49.718
1780559887.702337,,,soc1-thermal,49.0
1780559887.702337,,,soc2-thermal,49.125
1780559887.702337,,,tj-thermal,51.625
1780559887.808622,VDD_IN,6110.72,,
1780559887.808622,VDD_CPU_GPU_CV,1731.84,,
1780559887.808622,VDD_SOC,1655.808,,
1780559887.808622,,,cpu-thermal,50.937
1780559887.808622,,,gpu-thermal,51.625
1780559887.808622,,,soc0-thermal,49.531
1780559887.808622,,,soc1-thermal,49.031
1780559887.808622,,,soc2-thermal,49.281
1780559887.808622,,,tj-thermal,51.625
1780559887.9150667,VDD_IN,6110.72,,
1780559887.9150667,VDD_CPU_GPU_CV,1692.48,,
1780559887.9150667,VDD_SOC,1655.808,,
1780559887.9150667,,,cpu-thermal,51.0
1780559887.9150667,,,gpu-thermal,51.531
1780559887.9150667,,,soc0-thermal,49.656
1780559887.9150667,,,soc1-thermal,49.125
1780559887.9150667,,,soc2-thermal,49.125
1780559887.9150667,,,tj-thermal,51.531
1780559888.021237,VDD_IN,6110.72,,
1780559888.021237,VDD_CPU_GPU_CV,1731.84,,
1780559888.021237,VDD_SOC,1655.808,,
1780559888.021237,,,cpu-thermal,50.968
1780559888.021237,,,gpu-thermal,51.375
1780559888.021237,,,soc0-thermal,49.718
1780559888.021237,,,soc1-thermal,49.0
1780559888.021237,,,soc2-thermal,49.218
1780559888.021237,,,tj-thermal,51.375
1780559888.1281004,VDD_IN,6110.72,,
1780559888.1281004,VDD_CPU_GPU_CV,1692.48,,
1780559888.1281004,VDD_SOC,1655.808,,
1780559888.1281004,,,cpu-thermal,51.187
1780559888.1281004,,,gpu-thermal,51.281
1780559888.1281004,,,soc0-thermal,49.656
1780559888.1281004,,,soc1-thermal,49.062
1780559888.1281004,,,soc2-thermal,49.218
1780559888.1281004,,,tj-thermal,51.281
1780559888.2343073,VDD_IN,6071.296,,
1780559888.2343073,VDD_CPU_GPU_CV,1692.48,,
1780559888.2343073,VDD_SOC,1655.808,,
1780559888.2343073,,,cpu-thermal,51.25
1780559888.2343073,,,gpu-thermal,51.718
1780559888.2343073,,,soc0-thermal,49.687
1780559888.2343073,,,soc1-thermal,49.187
1780559888.2343073,,,soc2-thermal,49.25
1780559888.2343073,,,tj-thermal,51.718
1780559888.3407924,VDD_IN,6110.72,,
1780559888.3407924,VDD_CPU_GPU_CV,1731.84,,
1780559888.3407924,VDD_SOC,1655.808,,
1780559888.3407924,,,cpu-thermal,50.968
1780559888.3407924,,,gpu-thermal,51.562
1780559888.3407924,,,soc0-thermal,49.75
1780559888.3407924,,,soc1-thermal,49.031
1780559888.3407924,,,soc2-thermal,49.218
1780559888.3407924,,,tj-thermal,51.562
1780559888.4467707,VDD_IN,6150.144,,
1780559888.4467707,VDD_CPU_GPU_CV,1731.84,,
1780559888.4467707,VDD_SOC,1655.808,,
1780559888.4467707,,,cpu-thermal,51.031
1780559888.4467707,,,gpu-thermal,51.5
1780559888.4467707,,,soc0-thermal,49.625
1780559888.4467707,,,soc1-thermal,49.031
1780559888.4467707,,,soc2-thermal,49.187
1780559888.4467707,,,tj-thermal,51.5
1780559888.5528004,VDD_IN,6150.144,,
1780559888.5528004,VDD_CPU_GPU_CV,1731.84,,
1780559888.5528004,VDD_SOC,1655.808,,
1780559888.5528004,,,cpu-thermal,51.125
1780559888.5528004,,,gpu-thermal,51.468
1780559888.5528004,,,soc0-thermal,49.625
1780559888.5528004,,,soc1-thermal,49.125
1780559888.5528004,,,soc2-thermal,49.218
1780559888.5528004,,,tj-thermal,51.468
1780559888.6587517,VDD_IN,6110.72,,
1780559888.6587517,VDD_CPU_GPU_CV,1731.84,,
1780559888.6587517,VDD_SOC,1655.808,,
1780559888.6587517,,,cpu-thermal,51.062
1780559888.6587517,,,gpu-thermal,51.375
1780559888.6587517,,,soc0-thermal,49.718
1780559888.6587517,,,soc1-thermal,49.218
1780559888.6587517,,,soc2-thermal,49.281
1780559888.6587517,,,tj-thermal,51.375
1780559888.7650433,VDD_IN,6110.72,,
1780559888.7650433,VDD_CPU_GPU_CV,1692.48,,
1780559888.7650433,VDD_SOC,1655.808,,
1780559888.7650433,,,cpu-thermal,51.062
1780559888.7650433,,,gpu-thermal,51.843
1780559888.7650433,,,soc0-thermal,49.656
1780559888.7650433,,,soc1-thermal,49.125
1780559888.7650433,,,soc2-thermal,49.343
1780559888.7650433,,,tj-thermal,51.843
1780559888.8714643,VDD_IN,6110.72,,
1780559888.8714643,VDD_CPU_GPU_CV,1692.48,,
1780559888.8714643,VDD_SOC,1655.808,,
1780559888.8714643,,,cpu-thermal,51.125
1780559888.8714643,,,gpu-thermal,51.718
1780559888.8714643,,,soc0-thermal,49.656
1780559888.8714643,,,soc1-thermal,49.25
1780559888.8714643,,,soc2-thermal,49.343
1780559888.8714643,,,tj-thermal,51.718
1780559888.9779918,VDD_IN,6110.72,,
1780559888.9779918,VDD_CPU_GPU_CV,1731.84,,
1780559888.9779918,VDD_SOC,1655.808,,
1780559888.9779918,,,cpu-thermal,51.125
1780559888.9779918,,,gpu-thermal,51.562
1780559888.9779918,,,soc0-thermal,49.875
1780559888.9779918,,,soc1-thermal,49.25
1780559888.9779918,,,soc2-thermal,49.218
1780559888.9779918,,,tj-thermal,51.562
1780559889.0847445,VDD_IN,6110.72,,
1780559889.0847445,VDD_CPU_GPU_CV,1692.48,,
1780559889.0847445,VDD_SOC,1655.808,,
1780559889.0847445,,,cpu-thermal,51.031
1780559889.0847445,,,gpu-thermal,51.5
1780559889.0847445,,,soc0-thermal,49.625
1780559889.0847445,,,soc1-thermal,49.156
1780559889.0847445,,,soc2-thermal,49.343
1780559889.0847445,,,tj-thermal,51.5
1780559889.1910594,VDD_IN,6110.72,,
1780559889.1910594,VDD_CPU_GPU_CV,1692.48,,
1780559889.1910594,VDD_SOC,1655.808,,
1780559889.1910594,,,cpu-thermal,51.343
1780559889.1910594,,,gpu-thermal,51.5
1780559889.1910594,,,soc0-thermal,49.718
1780559889.1910594,,,soc1-thermal,49.218
1780559889.1910594,,,soc2-thermal,49.375
1780559889.1910594,,,tj-thermal,51.5
1780559889.297626,VDD_IN,6150.144,,
1780559889.297626,VDD_CPU_GPU_CV,1731.84,,
1780559889.297626,VDD_SOC,1655.808,,
1780559889.297626,,,cpu-thermal,51.437
1780559889.297626,,,gpu-thermal,51.375
1780559889.297626,,,soc0-thermal,49.781
1780559889.297626,,,soc1-thermal,49.281
1780559889.297626,,,soc2-thermal,49.375
1780559889.297626,,,tj-thermal,51.437
1780559889.4041433,VDD_IN,6150.144,,
1780559889.4041433,VDD_CPU_GPU_CV,1731.84,,
1780559889.4041433,VDD_SOC,1655.808,,
1780559889.4041433,,,cpu-thermal,51.156
1780559889.4041433,,,gpu-thermal,51.875
1780559889.4041433,,,soc0-thermal,49.656
1780559889.4041433,,,soc1-thermal,49.125
1780559889.4041433,,,soc2-thermal,49.281
1780559889.4041433,,,tj-thermal,51.875
1780559889.510366,VDD_IN,6189.568,,
1780559889.510366,VDD_CPU_GPU_CV,1771.2,,
1780559889.510366,VDD_SOC,1695.232,,
1780559889.510366,,,cpu-thermal,51.187
1780559889.510366,,,gpu-thermal,51.718
1780559889.510366,,,soc0-thermal,49.718
1780559889.510366,,,soc1-thermal,49.187
1780559889.510366,,,soc2-thermal,49.281
1780559889.510366,,,tj-thermal,51.718
1780559889.6168354,VDD_IN,6189.568,,
1780559889.6168354,VDD_CPU_GPU_CV,1731.84,,
1780559889.6168354,VDD_SOC,1655.808,,
1780559889.6168354,,,cpu-thermal,51.406
1780559889.6168354,,,gpu-thermal,51.656
1780559889.6168354,,,soc0-thermal,49.875
1780559889.6168354,,,soc1-thermal,49.312
1780559889.6168354,,,soc2-thermal,49.218
1780559889.6168354,,,tj-thermal,51.656
1780559889.7235858,VDD_IN,6150.144,,
1780559889.7235858,VDD_CPU_GPU_CV,1731.84,,
1780559889.7235858,VDD_SOC,1655.808,,
1780559889.7235858,,,cpu-thermal,51.093
1780559889.7235858,,,gpu-thermal,51.5
1780559889.7235858,,,soc0-thermal,49.718
1780559889.7235858,,,soc1-thermal,49.187
1780559889.7235858,,,soc2-thermal,49.343
1780559889.7235858,,,tj-thermal,51.5
1780559889.830496,VDD_IN,6150.144,,
1780559889.830496,VDD_CPU_GPU_CV,1731.84,,
1780559889.830496,VDD_SOC,1655.808,,
1780559889.830496,,,cpu-thermal,51.156
1780559889.830496,,,gpu-thermal,51.531
1780559889.830496,,,soc0-thermal,49.718
1780559889.830496,,,soc1-thermal,49.218
1780559889.830496,,,soc2-thermal,49.406
1780559889.830496,,,tj-thermal,51.562
1780559889.9367042,VDD_IN,6110.72,,
1780559889.9367042,VDD_CPU_GPU_CV,1731.84,,
1780559889.9367042,VDD_SOC,1655.808,,
1780559889.9367042,,,cpu-thermal,51.156
1780559889.9367042,,,gpu-thermal,51.937
1780559889.9367042,,,soc0-thermal,49.843
1780559889.9367042,,,soc1-thermal,49.406
1780559889.9367042,,,soc2-thermal,49.281
1780559889.9367042,,,tj-thermal,51.937
1780559890.0426912,VDD_IN,6110.72,,
1780559890.0426912,VDD_CPU_GPU_CV,1731.84,,
1780559890.0426912,VDD_SOC,1655.808,,
1780559890.0426912,,,cpu-thermal,51.062
1780559890.0426912,,,gpu-thermal,51.75
1780559890.0426912,,,soc0-thermal,49.656
1780559890.0426912,,,soc1-thermal,49.187
1780559890.0426912,,,soc2-thermal,49.375
1780559890.0426912,,,tj-thermal,51.75
1780559890.1488547,VDD_IN,6150.144,,
1780559890.1488547,VDD_CPU_GPU_CV,1731.84,,
1780559890.1488547,VDD_SOC,1655.808,,
1780559890.1488547,,,cpu-thermal,51.375
1780559890.1488547,,,gpu-thermal,51.687
1780559890.1488547,,,soc0-thermal,49.718
1780559890.1488547,,,soc1-thermal,49.218
1780559890.1488547,,,soc2-thermal,49.375
1780559890.1488547,,,tj-thermal,51.687
1780559890.2551858,VDD_IN,6150.144,,
1780559890.2551858,VDD_CPU_GPU_CV,1731.84,,
1780559890.2551858,VDD_SOC,1655.808,,
1780559890.2551858,,,cpu-thermal,51.531
1780559890.2551858,,,gpu-thermal,51.562
1780559890.2551858,,,soc0-thermal,49.843
1780559890.2551858,,,soc1-thermal,49.343
1780559890.2551858,,,soc2-thermal,49.281
1780559890.2551858,,,tj-thermal,51.562
1780559890.361515,VDD_IN,6150.144,,
1780559890.361515,VDD_CPU_GPU_CV,1731.84,,
1780559890.361515,VDD_SOC,1655.808,,
1780559890.361515,,,cpu-thermal,51.125
1780559890.361515,,,gpu-thermal,51.781
1780559890.361515,,,soc0-thermal,49.937
1780559890.361515,,,soc1-thermal,49.187
1780559890.361515,,,soc2-thermal,49.375
1780559890.361515,,,tj-thermal,51.531
1780559890.467403,VDD_IN,6189.568,,
1780559890.467403,VDD_CPU_GPU_CV,1771.2,,
1780559890.467403,VDD_SOC,1695.232,,
1780559890.467403,,,cpu-thermal,51.218
1780559890.467403,,,gpu-thermal,51.781
1780559890.467403,,,soc0-thermal,49.781
1780559890.467403,,,soc1-thermal,49.25
1780559890.467403,,,soc2-thermal,49.406
1780559890.467403,,,tj-thermal,52.0
1780559890.5736969,VDD_IN,6189.568,,
1780559890.5736969,VDD_CPU_GPU_CV,1731.84,,
1780559890.5736969,VDD_SOC,1655.808,,
1780559890.5736969,,,cpu-thermal,51.406
1780559890.5736969,,,gpu-thermal,51.656
1780559890.5736969,,,soc0-thermal,49.875
1780559890.5736969,,,soc1-thermal,49.312
1780559890.5736969,,,soc2-thermal,49.406
1780559890.5736969,,,tj-thermal,51.875
1780559890.6801136,VDD_IN,6150.144,,
1780559890.6801136,VDD_CPU_GPU_CV,1731.84,,
1780559890.6801136,VDD_SOC,1655.808,,
1780559890.6801136,,,cpu-thermal,51.218
1780559890.6801136,,,gpu-thermal,51.593
1780559890.6801136,,,soc0-thermal,49.968
1780559890.6801136,,,soc1-thermal,49.468
1780559890.6801136,,,soc2-thermal,49.406
1780559890.6801136,,,tj-thermal,51.718
1780559890.7860916,VDD_IN,6150.144,,
1780559890.7860916,VDD_CPU_GPU_CV,1731.84,,
1780559890.7860916,VDD_SOC,1655.808,,
1780559890.7860916,,,cpu-thermal,51.312
1780559890.7860916,,,gpu-thermal,52.0
1780559890.7860916,,,soc0-thermal,49.812
1780559890.7860916,,,soc1-thermal,49.281
1780559890.7860916,,,soc2-thermal,49.437
1780559890.7860916,,,tj-thermal,51.687
1780559890.892406,VDD_IN,6150.144,,
1780559890.892406,VDD_CPU_GPU_CV,1731.84,,
1780559890.892406,VDD_SOC,1655.808,,
1780559890.892406,,,cpu-thermal,51.375
1780559890.892406,,,gpu-thermal,51.875
1780559890.892406,,,soc0-thermal,49.843
1780559890.892406,,,soc1-thermal,49.375
1780559890.892406,,,soc2-thermal,49.5
1780559890.892406,,,tj-thermal,51.875
1780559890.9978094,VDD_IN,6110.72,,
1780559890.9978094,VDD_CPU_GPU_CV,1731.84,,
1780559890.9978094,VDD_SOC,1655.808,,
1780559890.9978094,,,cpu-thermal,51.218
1780559890.9978094,,,gpu-thermal,51.843
1780559890.9978094,,,soc0-thermal,49.968
1780559890.9978094,,,soc1-thermal,49.437
1780559890.9978094,,,soc2-thermal,49.437
1780559890.9978094,,,tj-thermal,51.843
1780559891.1032834,VDD_IN,6110.72,,
1780559891.1032834,VDD_CPU_GPU_CV,1692.48,,
1780559891.1032834,VDD_SOC,1655.808,,
1780559891.1032834,,,cpu-thermal,51.25
1780559891.1032834,,,gpu-thermal,51.75
1780559891.1032834,,,soc0-thermal,50.156
1780559891.1032834,,,soc1-thermal,49.312
1780559891.1032834,,,soc2-thermal,49.468
1780559891.1032834,,,tj-thermal,51.75
1780559891.208545,VDD_IN,6110.72,,
1780559891.208545,VDD_CPU_GPU_CV,1692.48,,
1780559891.208545,VDD_SOC,1655.808,,
1780559891.208545,,,cpu-thermal,51.218
1780559891.208545,,,gpu-thermal,51.875
1780559891.208545,,,soc0-thermal,49.781
1780559891.208545,,,soc1-thermal,49.312
1780559891.208545,,,soc2-thermal,49.468
1780559891.208545,,,tj-thermal,51.687
1780559891.3139946,VDD_IN,6150.144,,
1780559891.3139946,VDD_CPU_GPU_CV,1731.84,,
1780559891.3139946,VDD_SOC,1655.808,,
1780559891.3139946,,,cpu-thermal,51.187
1780559891.3139946,,,gpu-thermal,51.75
1780559891.3139946,,,soc0-thermal,49.875
1780559891.3139946,,,soc1-thermal,49.375
1780559891.3139946,,,soc2-thermal,49.562
1780559891.3139946,,,tj-thermal,51.75
1780559891.4194705,VDD_IN,6189.568,,
1780559891.4194705,VDD_CPU_GPU_CV,1731.84,,
1780559891.4194705,VDD_SOC,1655.808,,
1780559891.4194705,,,cpu-thermal,51.343
1780559891.4194705,,,gpu-thermal,51.687
1780559891.4194705,,,soc0-thermal,49.843
1780559891.4194705,,,soc1-thermal,49.437
1780559891.4194705,,,soc2-thermal,49.437
1780559891.4194705,,,tj-thermal,51.687
1780559891.5248158,VDD_IN,6189.568,,
1780559891.5248158,VDD_CPU_GPU_CV,1731.84,,
1780559891.5248158,VDD_SOC,1655.808,,
1780559891.5248158,,,cpu-thermal,51.281
1780559891.5248158,,,gpu-thermal,51.656
1780559891.5248158,,,soc0-thermal,50.062
1780559891.5248158,,,soc1-thermal,49.375
1780559891.5248158,,,soc2-thermal,49.468
1780559891.5248158,,,tj-thermal,51.656
1780559891.630247,VDD_IN,6189.568,,
1780559891.630247,VDD_CPU_GPU_CV,1731.84,,
1780559891.630247,VDD_SOC,1655.808,,
1780559891.630247,,,cpu-thermal,51.312
1780559891.630247,,,gpu-thermal,51.781
1780559891.630247,,,soc0-thermal,49.843
1780559891.630247,,,soc1-thermal,49.312
1780559891.630247,,,soc2-thermal,49.531
1780559891.630247,,,tj-thermal,52.093
1780559891.7357209,VDD_IN,6150.144,,
1780559891.7357209,VDD_CPU_GPU_CV,1731.84,,
1780559891.7357209,VDD_SOC,1655.808,,
1780559891.7357209,,,cpu-thermal,51.656
1780559891.7357209,,,gpu-thermal,51.687
1780559891.7357209,,,soc0-thermal,49.937
1780559891.7357209,,,soc1-thermal,49.375
1780559891.7357209,,,soc2-thermal,49.531
1780559891.7357209,,,tj-thermal,51.687
1780559891.841081,VDD_IN,6150.144,,
1780559891.841081,VDD_CPU_GPU_CV,1731.84,,
1780559891.841081,VDD_SOC,1655.808,,
1780559891.841081,,,cpu-thermal,51.375
1780559891.841081,,,gpu-thermal,51.687
1780559891.841081,,,soc0-thermal,50.0
1780559891.841081,,,soc1-thermal,49.468
1780559891.841081,,,soc2-thermal,49.531
1780559891.841081,,,tj-thermal,51.687
1780559891.9465802,VDD_IN,6110.72,,
1780559891.9465802,VDD_CPU_GPU_CV,1731.84,,
1780559891.9465802,VDD_SOC,1655.808,,
1780559891.9465802,,,cpu-thermal,51.281
1780559891.9465802,,,gpu-thermal,52.156
1780559891.9465802,,,soc0-thermal,50.156
1780559891.9465802,,,soc1-thermal,49.312
1780559891.9465802,,,soc2-thermal,49.5
1780559891.9465802,,,tj-thermal,52.156
1780559892.0522428,VDD_IN,6110.72,,
1780559892.0522428,VDD_CPU_GPU_CV,1731.84,,
1780559892.0522428,VDD_SOC,1655.808,,
1780559892.0522428,,,cpu-thermal,51.343
1780559892.0522428,,,gpu-thermal,51.718
1780559892.0522428,,,soc0-thermal,50.0
1780559892.0522428,,,soc1-thermal,49.406
1780559892.0522428,,,soc2-thermal,49.593
1780559892.0522428,,,tj-thermal,51.968
1780559892.157502,VDD_IN,6110.72,,
1780559892.157502,VDD_CPU_GPU_CV,1731.84,,
1780559892.157502,VDD_SOC,1655.808,,
1780559892.157502,,,cpu-thermal,51.781
1780559892.157502,,,gpu-thermal,51.687
1780559892.157502,,,soc0-thermal,49.937
1780559892.157502,,,soc1-thermal,49.468
1780559892.157502,,,soc2-thermal,49.562
1780559892.157502,,,tj-thermal,51.781
1780559892.26277,VDD_IN,6110.72,,
1780559892.26277,VDD_CPU_GPU_CV,1731.84,,
1780559892.26277,VDD_SOC,1655.808,,
1780559892.26277,,,cpu-thermal,51.343
1780559892.26277,,,gpu-thermal,52.093
1780559892.26277,,,soc0-thermal,49.937
1780559892.26277,,,soc1-thermal,49.562
1780559892.26277,,,soc2-thermal,49.562
1780559892.26277,,,tj-thermal,52.093
1780559892.3687432,VDD_IN,6150.144,,
1780559892.3687432,VDD_CPU_GPU_CV,1731.84,,
1780559892.3687432,VDD_SOC,1655.808,,
1780559892.3687432,,,cpu-thermal,51.25
1780559892.3687432,,,gpu-thermal,51.937
1780559892.3687432,,,soc0-thermal,50.093
1780559892.3687432,,,soc1-thermal,49.343
1780559892.3687432,,,soc2-thermal,49.5
1780559892.3687432,,,tj-thermal,51.937
1780559892.4748325,VDD_IN,6189.568,,
1780559892.4748325,VDD_CPU_GPU_CV,1771.2,,
1780559892.4748325,VDD_SOC,1695.232,,
1780559892.4748325,,,cpu-thermal,51.531
1780559892.4748325,,,gpu-thermal,51.875
1780559892.4748325,,,soc0-thermal,50.0
1780559892.4748325,,,soc1-thermal,49.437
1780559892.4748325,,,soc2-thermal,49.562
1780559892.4748325,,,tj-thermal,51.875
1780559892.5805268,VDD_IN,6189.568,,
1780559892.5805268,VDD_CPU_GPU_CV,1771.2,,
1780559892.5805268,VDD_SOC,1655.808,,
1780559892.5805268,,,cpu-thermal,51.593
1780559892.5805268,,,gpu-thermal,52.093
1780559892.5805268,,,soc0-thermal,50.031
1780559892.5805268,,,soc1-thermal,49.468
1780559892.5805268,,,soc2-thermal,49.531
1780559892.5805268,,,tj-thermal,51.781
1780559892.6860774,VDD_IN,6189.568,,
1780559892.6860774,VDD_CPU_GPU_CV,1731.84,,
1780559892.6860774,VDD_SOC,1655.808,,
1780559892.6860774,,,cpu-thermal,51.25
1780559892.6860774,,,gpu-thermal,51.937
1780559892.6860774,,,soc0-thermal,50.031
1780559892.6860774,,,soc1-thermal,49.375
1780559892.6860774,,,soc2-thermal,49.625
1780559892.6860774,,,tj-thermal,51.937
1780559892.7914858,VDD_IN,6189.568,,
1780559892.7914858,VDD_CPU_GPU_CV,1731.84,,
1780559892.7914858,VDD_SOC,1655.808,,
1780559892.7914858,,,cpu-thermal,51.468
1780559892.7914858,,,gpu-thermal,51.906
1780559892.7914858,,,soc0-thermal,49.906
1780559892.7914858,,,soc1-thermal,49.406
1780559892.7914858,,,soc2-thermal,49.5
1780559892.7914858,,,tj-thermal,51.906
1780559892.896897,VDD_IN,6150.144,,
1780559892.896897,VDD_CPU_GPU_CV,1731.84,,
1780559892.896897,VDD_SOC,1655.808,,
1780559892.896897,,,cpu-thermal,51.5
1780559892.896897,,,gpu-thermal,51.875
1780559892.896897,,,soc0-thermal,50.031
1780559892.896897,,,soc1-thermal,49.437
1780559892.896897,,,soc2-thermal,49.75
1780559892.896897,,,tj-thermal,51.875
1780559893.0029716,VDD_IN,6110.72,,
1780559893.0029716,VDD_CPU_GPU_CV,1731.84,,
1780559893.0029716,VDD_SOC,1655.808,,
1780559893.0029716,,,cpu-thermal,51.531
1780559893.0029716,,,gpu-thermal,51.75
1780559893.0029716,,,soc0-thermal,50.093
1780559893.0029716,,,soc1-thermal,49.625
1780559893.0029716,,,soc2-thermal,49.5
1780559893.0029716,,,tj-thermal,51.75
1780559893.1085877,VDD_IN,6110.72,,
1780559893.1085877,VDD_CPU_GPU_CV,1731.84,,
1780559893.1085877,VDD_SOC,1655.808,,
1780559893.1085877,,,cpu-thermal,51.437
1780559893.1085877,,,gpu-thermal,51.937
1780559893.1085877,,,soc0-thermal,50.156
1780559893.1085877,,,soc1-thermal,49.406
1780559893.1085877,,,soc2-thermal,49.562
1780559893.1085877,,,tj-thermal,52.187
1780559893.2139847,VDD_IN,6110.72,,
1780559893.2139847,VDD_CPU_GPU_CV,1692.48,,
1780559893.2139847,VDD_SOC,1655.808,,
1780559893.2139847,,,cpu-thermal,51.5
1780559893.2139847,,,gpu-thermal,51.781
1780559893.2139847,,,soc0-thermal,50.0
1780559893.2139847,,,soc1-thermal,49.531
1780559893.2139847,,,soc2-thermal,49.562
1780559893.2139847,,,tj-thermal,51.781
1780559893.3195207,VDD_IN,6150.144,,
1780559893.3195207,VDD_CPU_GPU_CV,1731.84,,
1780559893.3195207,VDD_SOC,1655.808,,
1780559893.3195207,,,cpu-thermal,51.5
1780559893.3195207,,,gpu-thermal,51.75
1780559893.3195207,,,soc0-thermal,50.093
1780559893.3195207,,,soc1-thermal,49.5
1780559893.3195207,,,soc2-thermal,49.656
1780559893.3195207,,,tj-thermal,51.75
1780559893.4247897,VDD_IN,6189.568,,
1780559893.4247897,VDD_CPU_GPU_CV,1731.84,,
1780559893.4247897,VDD_SOC,1655.808,,
1780559893.4247897,,,cpu-thermal,51.531
1780559893.4247897,,,gpu-thermal,52.25
1780559893.4247897,,,soc0-thermal,50.25
1780559893.4247897,,,soc1-thermal,49.593
1780559893.4247897,,,soc2-thermal,49.562
1780559893.4247897,,,tj-thermal,52.25
1780559893.5300808,VDD_IN,6189.568,,
1780559893.5300808,VDD_CPU_GPU_CV,1771.2,,
1780559893.5300808,VDD_SOC,1655.808,,
1780559893.5300808,,,cpu-thermal,51.5
1780559893.5300808,,,gpu-thermal,51.843
1780559893.5300808,,,soc0-thermal,50.281
1780559893.5300808,,,soc1-thermal,49.437
1780559893.5300808,,,soc2-thermal,49.593
1780559893.5300808,,,tj-thermal,52.125
1780559893.6360695,VDD_IN,6189.568,,
1780559893.6360695,VDD_CPU_GPU_CV,1731.84,,
1780559893.6360695,VDD_SOC,1655.808,,
1780559893.6360695,,,cpu-thermal,51.437
1780559893.6360695,,,gpu-thermal,51.812
1780559893.6360695,,,soc0-thermal,50.062
1780559893.6360695,,,soc1-thermal,49.5
1780559893.6360695,,,soc2-thermal,49.656
1780559893.6360695,,,tj-thermal,51.812
1780559893.7413623,VDD_IN,6150.144,,
1780559893.7413623,VDD_CPU_GPU_CV,1731.84,,
1780559893.7413623,VDD_SOC,1655.808,,
1780559893.7413623,,,cpu-thermal,51.5
1780559893.7413623,,,gpu-thermal,52.187
1780559893.7413623,,,soc0-thermal,50.156
1780559893.7413623,,,soc1-thermal,49.531
1780559893.7413623,,,soc2-thermal,49.75
1780559893.7413623,,,tj-thermal,52.187
1780559893.8468258,VDD_IN,6110.72,,
1780559893.8468258,VDD_CPU_GPU_CV,1731.84,,
1780559893.8468258,VDD_SOC,1655.808,,
1780559893.8468258,,,cpu-thermal,51.437
1780559893.8468258,,,gpu-thermal,52.031
1780559893.8468258,,,soc0-thermal,50.156
1780559893.8468258,,,soc1-thermal,49.687
1780559893.8468258,,,soc2-thermal,49.718
1780559893.8468258,,,tj-thermal,52.031
1780559893.952652,VDD_IN,6071.296,,
1780559893.952652,VDD_CPU_GPU_CV,1692.48,,
1780559893.952652,VDD_SOC,1655.808,,
1780559893.952652,,,cpu-thermal,51.5
1780559893.952652,,,gpu-thermal,51.906
1780559893.952652,,,soc0-thermal,50.218
1780559893.952652,,,soc1-thermal,49.5
1780559893.952652,,,soc2-thermal,49.718
1780559893.952652,,,tj-thermal,51.906
1780559894.0580623,VDD_IN,6071.296,,
1780559894.0580623,VDD_CPU_GPU_CV,1692.48,,
1780559894.0580623,VDD_SOC,1655.808,,
1780559894.0580623,,,cpu-thermal,51.5
1780559894.0580623,,,gpu-thermal,52.187
1780559894.0580623,,,soc0-thermal,50.093
1780559894.0580623,,,soc1-thermal,49.562
1780559894.0580623,,,soc2-thermal,49.75
1780559894.0580623,,,tj-thermal,51.937
1780559894.1640255,VDD_IN,6071.296,,
1780559894.1640255,VDD_CPU_GPU_CV,1692.48,,
1780559894.1640255,VDD_SOC,1655.808,,
1780559894.1640255,,,cpu-thermal,51.437
1780559894.1640255,,,gpu-thermal,52.125
1780559894.1640255,,,soc0-thermal,50.125
1780559894.1640255,,,soc1-thermal,49.656
1780559894.1640255,,,soc2-thermal,49.687
1780559894.1640255,,,tj-thermal,52.125
1780559894.26948,VDD_IN,6071.296,,
1780559894.26948,VDD_CPU_GPU_CV,1692.48,,
1780559894.26948,VDD_SOC,1655.808,,
1780559894.26948,,,cpu-thermal,51.468
1780559894.26948,,,gpu-thermal,52.0
1780559894.26948,,,soc0-thermal,50.187
1780559894.26948,,,soc1-thermal,49.718
1780559894.26948,,,soc2-thermal,49.625
1780559894.26948,,,tj-thermal,52.0
1780559894.3748677,VDD_IN,6110.72,,
1780559894.3748677,VDD_CPU_GPU_CV,1731.84,,
1780559894.3748677,VDD_SOC,1655.808,,
1780559894.3748677,,,cpu-thermal,51.437
1780559894.3748677,,,gpu-thermal,51.937
1780559894.3748677,,,soc0-thermal,50.125
1780559894.3748677,,,soc1-thermal,49.531
1780559894.3748677,,,soc2-thermal,49.781
1780559894.3748677,,,tj-thermal,51.937
1780559894.480248,VDD_IN,6150.144,,
1780559894.480248,VDD_CPU_GPU_CV,1731.84,,
1780559894.480248,VDD_SOC,1695.232,,
1780559894.480248,,,cpu-thermal,51.75
1780559894.480248,,,gpu-thermal,52.156
1780559894.480248,,,soc0-thermal,50.156
1780559894.480248,,,soc1-thermal,49.656
1780559894.480248,,,soc2-thermal,49.75
1780559894.480248,,,tj-thermal,51.812
1780559894.5855246,VDD_IN,6110.72,,
1780559894.5855246,VDD_CPU_GPU_CV,1731.84,,
1780559894.5855246,VDD_SOC,1655.808,,
1780559894.5855246,,,cpu-thermal,51.937
1780559894.5855246,,,gpu-thermal,52.031
1780559894.5855246,,,soc0-thermal,50.187
1780559894.5855246,,,soc1-thermal,49.687
1780559894.5855246,,,soc2-thermal,49.812
1780559894.5855246,,,tj-thermal,52.031
1780559894.6908777,VDD_IN,6110.72,,
1780559894.6908777,VDD_CPU_GPU_CV,1731.84,,
1780559894.6908777,VDD_SOC,1655.808,,
1780559894.6908777,,,cpu-thermal,51.593
1780559894.6908777,,,gpu-thermal,52.0
1780559894.6908777,,,soc0-thermal,50.187
1780559894.6908777,,,soc1-thermal,49.531
1780559894.6908777,,,soc2-thermal,49.781
1780559894.6908777,,,tj-thermal,52.0
1780559894.7961652,VDD_IN,6071.296,,
1780559894.7961652,VDD_CPU_GPU_CV,1692.48,,
1780559894.7961652,VDD_SOC,1655.808,,
1780559894.7961652,,,cpu-thermal,51.437
1780559894.7961652,,,gpu-thermal,51.937
1780559894.7961652,,,soc0-thermal,50.093
1780559894.7961652,,,soc1-thermal,49.625
1780559894.7961652,,,soc2-thermal,49.75
1780559894.7961652,,,tj-thermal,51.937
1780559894.901464,VDD_IN,6071.296,,
1780559894.901464,VDD_CPU_GPU_CV,1692.48,,
1780559894.901464,VDD_SOC,1655.808,,
1780559894.901464,,,cpu-thermal,51.812
1780559894.901464,,,gpu-thermal,52.0
1780559894.901464,,,soc0-thermal,50.156
1780559894.901464,,,soc1-thermal,49.656
1780559894.901464,,,soc2-thermal,49.875
1780559894.901464,,,tj-thermal,52.281
1780559895.0067494,VDD_IN,6071.296,,
1780559895.0067494,VDD_CPU_GPU_CV,1692.48,,
1780559895.0067494,VDD_SOC,1655.808,,
1780559895.0067494,,,cpu-thermal,51.906
1780559895.0067494,,,gpu-thermal,51.937
1780559895.0067494,,,soc0-thermal,50.281
1780559895.0067494,,,soc1-thermal,49.718
1780559895.0067494,,,soc2-thermal,49.75
1780559895.0067494,,,tj-thermal,51.937
1780559895.1127052,VDD_IN,6031.872,,
1780559895.1127052,VDD_CPU_GPU_CV,1692.48,,
1780559895.1127052,VDD_SOC,1655.808,,
1780559895.1127052,,,cpu-thermal,51.468
1780559895.1127052,,,gpu-thermal,51.906
1780559895.1127052,,,soc0-thermal,50.343
1780559895.1127052,,,soc1-thermal,49.593
1780559895.1127052,,,soc2-thermal,49.75
1780559895.1127052,,,tj-thermal,51.906
1780559895.2180173,VDD_IN,6031.872,,
1780559895.2180173,VDD_CPU_GPU_CV,1653.12,,
1780559895.2180173,VDD_SOC,1655.808,,
1780559895.2180173,,,cpu-thermal,51.5
1780559895.2180173,,,gpu-thermal,52.25
1780559895.2180173,,,soc0-thermal,50.187
1780559895.2180173,,,soc1-thermal,49.593
1780559895.2180173,,,soc2-thermal,49.812
1780559895.2180173,,,tj-thermal,52.25
1780559895.3240309,VDD_IN,6071.296,,
1780559895.3240309,VDD_CPU_GPU_CV,1692.48,,
1780559895.3240309,VDD_SOC,1655.808,,
1780559895.3240309,,,cpu-thermal,51.75
1780559895.3240309,,,gpu-thermal,52.187
1780559895.3240309,,,soc0-thermal,50.156
1780559895.3240309,,,soc1-thermal,49.593
1780559895.3240309,,,soc2-thermal,49.906
1780559895.3240309,,,tj-thermal,52.187
1780559895.429471,VDD_IN,6110.72,,
1780559895.429471,VDD_CPU_GPU_CV,1731.84,,
1780559895.429471,VDD_SOC,1655.808,,
1780559895.429471,,,cpu-thermal,51.843
1780559895.429471,,,gpu-thermal,51.937
1780559895.429471,,,soc0-thermal,50.25
1780559895.429471,,,soc1-thermal,49.75
1780559895.429471,,,soc2-thermal,49.718
1780559895.429471,,,tj-thermal,52.062
1780559895.535743,VDD_IN,6150.144,,
1780559895.535743,VDD_CPU_GPU_CV,1731.84,,
1780559895.535743,VDD_SOC,1655.808,,
1780559895.535743,,,cpu-thermal,51.625
1780559895.535743,,,gpu-thermal,52.312
1780559895.535743,,,soc0-thermal,50.281
1780559895.535743,,,soc1-thermal,49.593
1780559895.535743,,,soc2-thermal,49.781
1780559895.535743,,,tj-thermal,51.968
1780559895.6418147,VDD_IN,6150.144,,
1780559895.6418147,VDD_CPU_GPU_CV,1731.84,,
1780559895.6418147,VDD_SOC,1655.808,,
1780559895.6418147,,,cpu-thermal,51.625
1780559895.6418147,,,gpu-thermal,52.187
1780559895.6418147,,,soc0-thermal,50.187
1780559895.6418147,,,soc1-thermal,49.75
1780559895.6418147,,,soc2-thermal,49.812
1780559895.6418147,,,tj-thermal,52.031
1780559895.748677,VDD_IN,6150.144,,
1780559895.748677,VDD_CPU_GPU_CV,1731.84,,
1780559895.748677,VDD_SOC,1655.808,,
1780559895.748677,,,cpu-thermal,51.593
1780559895.748677,,,gpu-thermal,52.125
1780559895.748677,,,soc0-thermal,50.312
1780559895.748677,,,soc1-thermal,49.75
1780559895.748677,,,soc2-thermal,49.812
1780559895.748677,,,tj-thermal,52.406
1780559895.855306,VDD_IN,6110.72,,
1780559895.855306,VDD_CPU_GPU_CV,1692.48,,
1780559895.855306,VDD_SOC,1655.808,,
1780559895.855306,,,cpu-thermal,51.531
1780559895.855306,,,gpu-thermal,52.031
1780559895.855306,,,soc0-thermal,50.375
1780559895.855306,,,soc1-thermal,49.593
1780559895.855306,,,soc2-thermal,49.781
1780559895.855306,,,tj-thermal,52.25
1780559895.9614787,VDD_IN,6110.72,,
1780559895.9614787,VDD_CPU_GPU_CV,1692.48,,
1780559895.9614787,VDD_SOC,1655.808,,
1780559895.9614787,,,cpu-thermal,51.5
1780559895.9614787,,,gpu-thermal,52.0
1780559895.9614787,,,soc0-thermal,50.281
1780559895.9614787,,,soc1-thermal,49.687
1780559895.9614787,,,soc2-thermal,49.875
1780559895.9614787,,,tj-thermal,52.156
1780559896.067958,VDD_IN,6110.72,,
1780559896.067958,VDD_CPU_GPU_CV,1731.84,,
1780559896.067958,VDD_SOC,1655.808,,
1780559896.067958,,,cpu-thermal,51.5
1780559896.067958,,,gpu-thermal,52.406
1780559896.067958,,,soc0-thermal,50.281
1780559896.067958,,,soc1-thermal,49.812
1780559896.067958,,,soc2-thermal,49.781
1780559896.067958,,,tj-thermal,52.125
1780559896.173914,VDD_IN,6110.72,,
1780559896.173914,VDD_CPU_GPU_CV,1692.48,,
1780559896.173914,VDD_SOC,1655.808,,
1780559896.173914,,,cpu-thermal,51.531
1780559896.173914,,,gpu-thermal,52.187
1780559896.173914,,,soc0-thermal,50.437
1780559896.173914,,,soc1-thermal,49.718
1780559896.173914,,,soc2-thermal,49.812
1780559896.173914,,,tj-thermal,52.0
1780559896.2801898,VDD_IN,6110.72,,
1780559896.2801898,VDD_CPU_GPU_CV,1692.48,,
1780559896.2801898,VDD_SOC,1655.808,,
1780559896.2801898,,,cpu-thermal,51.812
1780559896.2801898,,,gpu-thermal,52.187
1780559896.2801898,,,soc0-thermal,50.218
1780559896.2801898,,,soc1-thermal,49.687
1780559896.2801898,,,soc2-thermal,49.843
1780559896.2801898,,,tj-thermal,52.187
1780559896.3863256,VDD_IN,6150.144,,
1780559896.3863256,VDD_CPU_GPU_CV,1731.84,,
1780559896.3863256,VDD_SOC,1655.808,,
1780559896.3863256,,,cpu-thermal,51.843
1780559896.3863256,,,gpu-thermal,52.062
1780559896.3863256,,,soc0-thermal,50.343
1780559896.3863256,,,soc1-thermal,49.781
1780559896.3863256,,,soc2-thermal,49.937
1780559896.3863256,,,tj-thermal,52.062
1780559896.4924312,VDD_IN,6189.568,,
1780559896.4924312,VDD_CPU_GPU_CV,1771.2,,
1780559896.4924312,VDD_SOC,1695.232,,
1780559896.4924312,,,cpu-thermal,52.062
1780559896.4924312,,,gpu-thermal,52.031
1780559896.4924312,,,soc0-thermal,50.375
1780559896.4924312,,,soc1-thermal,49.687
1780559896.4924312,,,soc2-thermal,49.843
1780559896.4924312,,,tj-thermal,52.031
1780559896.598712,VDD_IN,6189.568,,
1780559896.598712,VDD_CPU_GPU_CV,1731.84,,
1780559896.598712,VDD_SOC,1655.808,,
1780559896.598712,,,cpu-thermal,51.781
1780559896.598712,,,gpu-thermal,52.062
1780559896.598712,,,soc0-thermal,50.218
1780559896.598712,,,soc1-thermal,49.75
1780559896.598712,,,soc2-thermal,49.781
1780559896.598712,,,tj-thermal,52.062
1780559896.7050662,VDD_IN,6150.144,,
1780559896.7050662,VDD_CPU_GPU_CV,1731.84,,
1780559896.7050662,VDD_SOC,1655.808,,
1780559896.7050662,,,cpu-thermal,51.843
1780559896.7050662,,,gpu-thermal,52.312
1780559896.7050662,,,soc0-thermal,50.25
1780559896.7050662,,,soc1-thermal,49.781
1780559896.7050662,,,soc2-thermal,50.031
1780559896.7050662,,,tj-thermal,52.312
1780559896.8116345,VDD_IN,6110.72,,
1780559896.8116345,VDD_CPU_GPU_CV,1731.84,,
1780559896.8116345,VDD_SOC,1655.808,,
1780559896.8116345,,,cpu-thermal,51.781
1780559896.8116345,,,gpu-thermal,52.25
1780559896.8116345,,,soc0-thermal,50.406
1780559896.8116345,,,soc1-thermal,49.906
1780559896.8116345,,,soc2-thermal,49.906
1780559896.8116345,,,tj-thermal,52.25
1780559896.917836,VDD_IN,6110.72,,
1780559896.917836,VDD_CPU_GPU_CV,1731.84,,
1780559896.917836,VDD_SOC,1655.808,,
1780559896.917836,,,cpu-thermal,51.718
1780559896.917836,,,gpu-thermal,52.187
1780559896.917836,,,soc0-thermal,50.281
1780559896.917836,,,soc1-thermal,49.75
1780559896.917836,,,soc2-thermal,49.875
1780559896.917836,,,tj-thermal,52.187
1780559897.0243642,VDD_IN,6110.72,,
1780559897.0243642,VDD_CPU_GPU_CV,1692.48,,
1780559897.0243642,VDD_SOC,1655.808,,
1780559897.0243642,,,cpu-thermal,51.656
1780559897.0243642,,,gpu-thermal,52.125
1780559897.0243642,,,soc0-thermal,50.437
1780559897.0243642,,,soc1-thermal,49.718
1780559897.0243642,,,soc2-thermal,50.062
1780559897.0243642,,,tj-thermal,52.125
1780559897.1305168,VDD_IN,6110.72,,
1780559897.1305168,VDD_CPU_GPU_CV,1692.48,,
1780559897.1305168,VDD_SOC,1655.808,,
1780559897.1305168,,,cpu-thermal,51.75
1780559897.1305168,,,gpu-thermal,52.093
1780559897.1305168,,,soc0-thermal,50.406
1780559897.1305168,,,soc1-thermal,49.968
1780559897.1305168,,,soc2-thermal,49.906
1780559897.1305168,,,tj-thermal,52.093
1780559897.2365232,VDD_IN,6071.296,,
1780559897.2365232,VDD_CPU_GPU_CV,1692.48,,
1780559897.2365232,VDD_SOC,1655.808,,
1780559897.2365232,,,cpu-thermal,51.656
1780559897.2365232,,,gpu-thermal,52.375
1780559897.2365232,,,soc0-thermal,50.343
1780559897.2365232,,,soc1-thermal,49.656
1780559897.2365232,,,soc2-thermal,49.843
1780559897.2365232,,,tj-thermal,52.375
1780559897.3432503,VDD_IN,6150.144,,
1780559897.3432503,VDD_CPU_GPU_CV,1731.84,,
1780559897.3432503,VDD_SOC,1655.808,,
1780559897.3432503,,,cpu-thermal,51.875
1780559897.3432503,,,gpu-thermal,52.281
1780559897.3432503,,,soc0-thermal,50.281
1780559897.3432503,,,soc1-thermal,49.875
1780559897.3432503,,,soc2-thermal,50.0
1780559897.3432503,,,tj-thermal,52.281
1780559897.449749,VDD_IN,6189.568,,
1780559897.449749,VDD_CPU_GPU_CV,1731.84,,
1780559897.449749,VDD_SOC,1655.808,,
1780559897.449749,,,cpu-thermal,52.093
1780559897.449749,,,gpu-thermal,52.25
1780559897.449749,,,soc0-thermal,50.375
1780559897.449749,,,soc1-thermal,49.968
1780559897.449749,,,soc2-thermal,49.968
1780559897.449749,,,tj-thermal,52.25
1780559897.5559433,VDD_IN,6150.144,,
1780559897.5559433,VDD_CPU_GPU_CV,1731.84,,
1780559897.5559433,VDD_SOC,1655.808,,
1780559897.5559433,,,cpu-thermal,51.843
1780559897.5559433,,,gpu-thermal,52.25
1780559897.5559433,,,soc0-thermal,50.218
1780559897.5559433,,,soc1-thermal,49.687
1780559897.5559433,,,soc2-thermal,49.937
1780559897.5559433,,,tj-thermal,52.25
1780559897.6627793,VDD_IN,6150.144,,
1780559897.6627793,VDD_CPU_GPU_CV,1731.84,,
1780559897.6627793,VDD_SOC,1655.808,,
1780559897.6627793,,,cpu-thermal,51.937
1780559897.6627793,,,gpu-thermal,52.125
1780559897.6627793,,,soc0-thermal,50.343
1780559897.6627793,,,soc1-thermal,49.906
1780559897.6627793,,,soc2-thermal,50.062
1780559897.6627793,,,tj-thermal,52.125
1780559897.7690988,VDD_IN,6110.72,,
1780559897.7690988,VDD_CPU_GPU_CV,1731.84,,
1780559897.7690988,VDD_SOC,1655.808,,
1780559897.7690988,,,cpu-thermal,51.906
1780559897.7690988,,,gpu-thermal,52.562
1780559897.7690988,,,soc0-thermal,50.343
1780559897.7690988,,,soc1-thermal,49.937
1780559897.7690988,,,soc2-thermal,49.937
1780559897.7690988,,,tj-thermal,52.562
1780559897.8755658,VDD_IN,6071.296,,
1780559897.8755658,VDD_CPU_GPU_CV,1692.48,,
1780559897.8755658,VDD_SOC,1655.808,,
1780559897.8755658,,,cpu-thermal,51.843
1780559897.8755658,,,gpu-thermal,52.406
1780559897.8755658,,,soc0-thermal,50.406
1780559897.8755658,,,soc1-thermal,49.75
1780559897.8755658,,,soc2-thermal,50.0
1780559897.8755658,,,tj-thermal,52.406
1780559897.9820807,VDD_IN,6110.72,,
1780559897.9820807,VDD_CPU_GPU_CV,1692.48,,
1780559897.9820807,VDD_SOC,1655.808,,
1780559897.9820807,,,cpu-thermal,51.875
1780559897.9820807,,,gpu-thermal,52.25
1780559897.9820807,,,soc0-thermal,50.437
1780559897.9820807,,,soc1-thermal,49.875
1780559897.9820807,,,soc2-thermal,50.062
1780559897.9820807,,,tj-thermal,52.25
1780559898.0883722,VDD_IN,6071.296,,
1780559898.0883722,VDD_CPU_GPU_CV,1692.48,,
1780559898.0883722,VDD_SOC,1655.808,,
1780559898.0883722,,,cpu-thermal,51.781
1780559898.0883722,,,gpu-thermal,52.25
1780559898.0883722,,,soc0-thermal,50.468
1780559898.0883722,,,soc1-thermal,49.968
1780559898.0883722,,,soc2-thermal,49.968
1780559898.0883722,,,tj-thermal,52.25
1780559898.1953523,VDD_IN,6071.296,,
1780559898.1953523,VDD_CPU_GPU_CV,1692.48,,
1780559898.1953523,VDD_SOC,1655.808,,
1780559898.1953523,,,cpu-thermal,51.781
1780559898.1953523,,,gpu-thermal,52.156
1780559898.1953523,,,soc0-thermal,50.625
1780559898.1953523,,,soc1-thermal,49.781
1780559898.1953523,,,soc2-thermal,50.031
1780559898.1953523,,,tj-thermal,52.156
1780559898.3015049,VDD_IN,6110.72,,
1780559898.3015049,VDD_CPU_GPU_CV,1692.48,,
1780559898.3015049,VDD_SOC,1655.808,,
1780559898.3015049,,,cpu-thermal,51.937
1780559898.3015049,,,gpu-thermal,52.187
1780559898.3015049,,,soc0-thermal,50.312
1780559898.3015049,,,soc1-thermal,49.937
1780559898.3015049,,,soc2-thermal,50.062
1780559898.3015049,,,tj-thermal,52.187
1780559898.407618,VDD_IN,6150.144,,
1780559898.407618,VDD_CPU_GPU_CV,1731.84,,
1780559898.407618,VDD_SOC,1655.808,,
1780559898.407618,,,cpu-thermal,52.156
1780559898.407618,,,gpu-thermal,52.437
1780559898.407618,,,soc0-thermal,50.5
1780559898.407618,,,soc1-thermal,49.843
1780559898.407618,,,soc2-thermal,49.968
1780559898.407618,,,tj-thermal,52.437
1780559898.5135398,VDD_IN,6150.144,,
1780559898.5135398,VDD_CPU_GPU_CV,1731.84,,
1780559898.5135398,VDD_SOC,1695.232,,
1780559898.5135398,,,cpu-thermal,51.75
1780559898.5135398,,,gpu-thermal,52.437
1780559898.5135398,,,soc0-thermal,50.531
1780559898.5135398,,,soc1-thermal,49.843
1780559898.5135398,,,soc2-thermal,50.093
1780559898.5135398,,,tj-thermal,52.437
1780559898.6196404,VDD_IN,6150.144,,
1780559898.6196404,VDD_CPU_GPU_CV,1731.84,,
1780559898.6196404,VDD_SOC,1655.808,,
1780559898.6196404,,,cpu-thermal,52.031
1780559898.6196404,,,gpu-thermal,52.375
1780559898.6196404,,,soc0-thermal,50.531
1780559898.6196404,,,soc1-thermal,49.843
1780559898.6196404,,,soc2-thermal,50.031
1780559898.6196404,,,tj-thermal,52.375
1780559898.7257602,VDD_IN,6150.144,,
1780559898.7257602,VDD_CPU_GPU_CV,1731.84,,
1780559898.7257602,VDD_SOC,1655.808,,
1780559898.7257602,,,cpu-thermal,52.125
1780559898.7257602,,,gpu-thermal,52.187
1780559898.7257602,,,soc0-thermal,50.468
1780559898.7257602,,,soc1-thermal,49.968
1780559898.7257602,,,soc2-thermal,49.968
1780559898.7257602,,,tj-thermal,52.187
1780559898.8330235,VDD_IN,6110.72,,
1780559898.8330235,VDD_CPU_GPU_CV,1731.84,,
1780559898.8330235,VDD_SOC,1655.808,,
1780559898.8330235,,,cpu-thermal,51.843
1780559898.8330235,,,gpu-thermal,52.218
1780559898.8330235,,,soc0-thermal,50.593
1780559898.8330235,,,soc1-thermal,49.843
1780559898.8330235,,,soc2-thermal,50.062
1780559898.8330235,,,tj-thermal,52.218
1780559898.9389653,VDD_IN,6110.72,,
1780559898.9389653,VDD_CPU_GPU_CV,1731.84,,
1780559898.9389653,VDD_SOC,1655.808,,
1780559898.9389653,,,cpu-thermal,51.906
1780559898.9389653,,,gpu-thermal,52.531
1780559898.9389653,,,soc0-thermal,50.437
1780559898.9389653,,,soc1-thermal,49.968
1780559898.9389653,,,soc2-thermal,50.062
1780559898.9389653,,,tj-thermal,52.531
1780559899.045377,VDD_IN,6110.72,,
1780559899.045377,VDD_CPU_GPU_CV,1731.84,,
1780559899.045377,VDD_SOC,1655.808,,
1780559899.045377,,,cpu-thermal,51.937
1780559899.045377,,,gpu-thermal,52.531
1780559899.045377,,,soc0-thermal,50.531
1780559899.045377,,,soc1-thermal,49.968
1780559899.045377,,,soc2-thermal,50.187
1780559899.045377,,,tj-thermal,52.531
1780559899.1514604,VDD_IN,6110.72,,
1780559899.1514604,VDD_CPU_GPU_CV,1692.48,,
1780559899.1514604,VDD_SOC,1655.808,,
1780559899.1514604,,,cpu-thermal,51.843
1780559899.1514604,,,gpu-thermal,52.312
1780559899.1514604,,,soc0-thermal,50.625
1780559899.1514604,,,soc1-thermal,50.218
1780559899.1514604,,,soc2-thermal,50.156
1780559899.1514604,,,tj-thermal,52.312
1780559899.2577806,VDD_IN,6110.72,,
1780559899.2577806,VDD_CPU_GPU_CV,1692.48,,
1780559899.2577806,VDD_SOC,1655.808,,
1780559899.2577806,,,cpu-thermal,51.906
1780559899.2577806,,,gpu-thermal,52.25
1780559899.2577806,,,soc0-thermal,50.468
1780559899.2577806,,,soc1-thermal,49.937
1780559899.2577806,,,soc2-thermal,50.125
1780559899.2577806,,,tj-thermal,52.25
1780559899.3646336,VDD_IN,6110.72,,
1780559899.3646336,VDD_CPU_GPU_CV,1731.84,,
1780559899.3646336,VDD_SOC,1655.808,,
1780559899.3646336,,,cpu-thermal,52.187
1780559899.3646336,,,gpu-thermal,52.281
1780559899.3646336,,,soc0-thermal,50.5
1780559899.3646336,,,soc1-thermal,50.062
1780559899.3646336,,,soc2-thermal,50.062
1780559899.3646336,,,tj-thermal,52.281
1780559899.4707232,VDD_IN,6150.144,,
1780559899.4707232,VDD_CPU_GPU_CV,1731.84,,
1780559899.4707232,VDD_SOC,1655.808,,
1780559899.4707232,,,cpu-thermal,51.875
1780559899.4707232,,,gpu-thermal,52.75
1780559899.4707232,,,soc0-thermal,50.531
1780559899.4707232,,,soc1-thermal,50.25
1780559899.4707232,,,soc2-thermal,50.031
1780559899.4707232,,,tj-thermal,52.75
1780559899.5767045,VDD_IN,6150.144,,
1780559899.5767045,VDD_CPU_GPU_CV,1731.84,,
1780559899.5767045,VDD_SOC,1655.808,,
1780559899.5767045,,,cpu-thermal,51.968
1780559899.5767045,,,gpu-thermal,52.531
1780559899.5767045,,,soc0-thermal,50.593
1780559899.5767045,,,soc1-thermal,49.906
1780559899.5767045,,,soc2-thermal,50.156
1780559899.5767045,,,tj-thermal,52.531
1780559899.6832144,VDD_IN,6150.144,,
1780559899.6832144,VDD_CPU_GPU_CV,1731.84,,
1780559899.6832144,VDD_SOC,1655.808,,
1780559899.6832144,,,cpu-thermal,52.031
1780559899.6832144,,,gpu-thermal,52.468
1780559899.6832144,,,soc0-thermal,50.531
1780559899.6832144,,,soc1-thermal,50.062
1780559899.6832144,,,soc2-thermal,50.187
1780559899.6832144,,,tj-thermal,52.468
1780559899.7899392,VDD_IN,6150.144,,
1780559899.7899392,VDD_CPU_GPU_CV,1731.84,,
1780559899.7899392,VDD_SOC,1655.808,,
1780559899.7899392,,,cpu-thermal,52.187
1780559899.7899392,,,gpu-thermal,52.281
1780559899.7899392,,,soc0-thermal,50.562
1780559899.7899392,,,soc1-thermal,50.187
1780559899.7899392,,,soc2-thermal,50.093
1780559899.7899392,,,tj-thermal,52.281
1780559899.8962164,VDD_IN,6150.144,,
1780559899.8962164,VDD_CPU_GPU_CV,1731.84,,
1780559899.8962164,VDD_SOC,1655.808,,
1780559899.8962164,,,cpu-thermal,51.937
1780559899.8962164,,,gpu-thermal,52.218
1780559899.8962164,,,soc0-thermal,50.5
1780559899.8962164,,,soc1-thermal,50.031
1780559899.8962164,,,soc2-thermal,50.156
1780559899.8962164,,,tj-thermal,52.218
1780559900.0031059,VDD_IN,6150.144,,
1780559900.0031059,VDD_CPU_GPU_CV,1731.84,,
1780559900.0031059,VDD_SOC,1655.808,,
1780559900.0031059,,,cpu-thermal,52.0
1780559900.0031059,,,gpu-thermal,52.312
1780559900.0031059,,,soc0-thermal,50.562
1780559900.0031059,,,soc1-thermal,50.0
1780559900.0031059,,,soc2-thermal,50.125
1780559900.0031059,,,tj-thermal,52.312
1780559900.1090636,VDD_IN,6110.72,,
1780559900.1090636,VDD_CPU_GPU_CV,1692.48,,
1780559900.1090636,VDD_SOC,1655.808,,
1780559900.1090636,,,cpu-thermal,51.968
1780559900.1090636,,,gpu-thermal,52.687
1780559900.1090636,,,soc0-thermal,50.562
1780559900.1090636,,,soc1-thermal,50.125
1780559900.1090636,,,soc2-thermal,50.187
1780559900.1090636,,,tj-thermal,52.687
1780559900.215245,VDD_IN,6110.72,,
1780559900.215245,VDD_CPU_GPU_CV,1692.48,,
1780559900.215245,VDD_SOC,1655.808,,
1780559900.215245,,,cpu-thermal,51.937
1780559900.215245,,,gpu-thermal,52.437
1780559900.215245,,,soc0-thermal,50.687
1780559900.215245,,,soc1-thermal,50.0
1780559900.215245,,,soc2-thermal,50.218
1780559900.215245,,,tj-thermal,52.437
1780559900.3213334,VDD_IN,6150.144,,
1780559900.3213334,VDD_CPU_GPU_CV,1731.84,,
1780559900.3213334,VDD_SOC,1655.808,,
1780559900.3213334,,,cpu-thermal,51.906
1780559900.3213334,,,gpu-thermal,52.437
1780559900.3213334,,,soc0-thermal,50.562
1780559900.3213334,,,soc1-thermal,50.031
1780559900.3213334,,,soc2-thermal,50.187
1780559900.3213334,,,tj-thermal,52.437
1780559900.4277446,VDD_IN,6189.568,,
1780559900.4277446,VDD_CPU_GPU_CV,1731.84,,
1780559900.4277446,VDD_SOC,1655.808,,
1780559900.4277446,,,cpu-thermal,52.312
1780559900.4277446,,,gpu-thermal,52.281
1780559900.4277446,,,soc0-thermal,50.656
1780559900.4277446,,,soc1-thermal,50.156
1780559900.4277446,,,soc2-thermal,50.156
1780559900.4277446,,,tj-thermal,52.312
1780559900.5341978,VDD_IN,6189.568,,
1780559900.5341978,VDD_CPU_GPU_CV,1731.84,,
1780559900.5341978,VDD_SOC,1655.808,,
1780559900.5341978,,,cpu-thermal,51.937
1780559900.5341978,,,gpu-thermal,52.312
1780559900.5341978,,,soc0-thermal,50.687
1780559900.5341978,,,soc1-thermal,50.0
1780559900.5341978,,,soc2-thermal,50.156
1780559900.5341978,,,tj-thermal,52.312
1780559900.6402035,VDD_IN,6150.144,,
1780559900.6402035,VDD_CPU_GPU_CV,1731.84,,
1780559900.6402035,VDD_SOC,1655.808,,
1780559900.6402035,,,cpu-thermal,52.125
1780559900.6402035,,,gpu-thermal,52.5
1780559900.6402035,,,soc0-thermal,50.562
1780559900.6402035,,,soc1-thermal,50.062
1780559900.6402035,,,soc2-thermal,50.218
1780559900.6402035,,,tj-thermal,52.75
1780559900.7463489,VDD_IN,6110.72,,
1780559900.7463489,VDD_CPU_GPU_CV,1731.84,,
1780559900.7463489,VDD_SOC,1655.808,,
1780559900.7463489,,,cpu-thermal,52.187
1780559900.7463489,,,gpu-thermal,52.375
1780559900.7463489,,,soc0-thermal,50.656
1780559900.7463489,,,soc1-thermal,50.156
1780559900.7463489,,,soc2-thermal,50.156
1780559900.7463489,,,tj-thermal,52.531
1780559900.852884,VDD_IN,6110.72,,
1780559900.852884,VDD_CPU_GPU_CV,1692.48,,
1780559900.852884,VDD_SOC,1655.808,,
1780559900.852884,,,cpu-thermal,52.312
1780559900.852884,,,gpu-thermal,52.343
1780559900.852884,,,soc0-thermal,50.812
1780559900.852884,,,soc1-thermal,50.062
1780559900.852884,,,soc2-thermal,50.25
1780559900.852884,,,tj-thermal,52.468
1780559900.959376,VDD_IN,6110.72,,
1780559900.959376,VDD_CPU_GPU_CV,1692.48,,
1780559900.959376,VDD_SOC,1655.808,,
1780559900.959376,,,cpu-thermal,52.062
1780559900.959376,,,gpu-thermal,52.468
1780559900.959376,,,soc0-thermal,50.656
1780559900.959376,,,soc1-thermal,50.062
1780559900.959376,,,soc2-thermal,50.25
1780559900.959376,,,tj-thermal,52.468
1780559901.066041,VDD_IN,6110.72,,
1780559901.066041,VDD_CPU_GPU_CV,1731.84,,
1780559901.066041,VDD_SOC,1655.808,,
1780559901.066041,,,cpu-thermal,52.093
1780559901.066041,,,gpu-thermal,52.375
1780559901.066041,,,soc0-thermal,50.625
1780559901.066041,,,soc1-thermal,50.187
1780559901.066041,,,soc2-thermal,50.312
1780559901.066041,,,tj-thermal,52.375
1780559901.1723924,VDD_IN,6071.296,,
1780559901.1723924,VDD_CPU_GPU_CV,1692.48,,
1780559901.1723924,VDD_SOC,1655.808,,
1780559901.1723924,,,cpu-thermal,51.937
1780559901.1723924,,,gpu-thermal,52.281
1780559901.1723924,,,soc0-thermal,50.718
1780559901.1723924,,,soc1-thermal,50.031
1780559901.1723924,,,soc2-thermal,50.218
1780559901.1723924,,,tj-thermal,52.281
1780559901.2787256,VDD_IN,6071.296,,
1780559901.2787256,VDD_CPU_GPU_CV,1692.48,,
1780559901.2787256,VDD_SOC,1655.808,,
1780559901.2787256,,,cpu-thermal,52.0
1780559901.2787256,,,gpu-thermal,52.437
1780559901.2787256,,,soc0-thermal,50.656
1780559901.2787256,,,soc1-thermal,50.093
1780559901.2787256,,,soc2-thermal,50.25
1780559901.2787256,,,tj-thermal,52.656
1780559901.384699,VDD_IN,6110.72,,
1780559901.384699,VDD_CPU_GPU_CV,1731.84,,
1780559901.384699,VDD_SOC,1655.808,,
1780559901.384699,,,cpu-thermal,52.406
1780559901.384699,,,gpu-thermal,52.406
1780559901.384699,,,soc0-thermal,50.656
1780559901.384699,,,soc1-thermal,50.125
1780559901.384699,,,soc2-thermal,50.281
1780559901.384699,,,tj-thermal,52.625
1780559901.490699,VDD_IN,6189.568,,
1780559901.490699,VDD_CPU_GPU_CV,1731.84,,
1780559901.490699,VDD_SOC,1655.808,,
1780559901.490699,,,cpu-thermal,51.968
1780559901.490699,,,gpu-thermal,52.843
1780559901.490699,,,soc0-thermal,50.687
1780559901.490699,,,soc1-thermal,50.187
1780559901.490699,,,soc2-thermal,50.218
1780559901.490699,,,tj-thermal,52.843
1780559901.596726,VDD_IN,6150.144,,
1780559901.596726,VDD_CPU_GPU_CV,1731.84,,
1780559901.596726,VDD_SOC,1655.808,,
1780559901.596726,,,cpu-thermal,52.062
1780559901.596726,,,gpu-thermal,52.687
1780559901.596726,,,soc0-thermal,50.812
1780559901.596726,,,soc1-thermal,50.062
1780559901.596726,,,soc2-thermal,50.312
1780559901.596726,,,tj-thermal,52.687
1780559901.7027829,VDD_IN,6150.144,,
1780559901.7027829,VDD_CPU_GPU_CV,1731.84,,
1780559901.7027829,VDD_SOC,1655.808,,
1780559901.7027829,,,cpu-thermal,52.312
1780559901.7027829,,,gpu-thermal,52.656
1780559901.7027829,,,soc0-thermal,50.718
1780559901.7027829,,,soc1-thermal,50.187
1780559901.7027829,,,soc2-thermal,50.312
1780559901.7027829,,,tj-thermal,52.656
1780559901.808781,VDD_IN,6110.72,,
1780559901.808781,VDD_CPU_GPU_CV,1731.84,,
1780559901.808781,VDD_SOC,1655.808,,
1780559901.808781,,,cpu-thermal,52.375
1780559901.808781,,,gpu-thermal,52.562
1780559901.808781,,,soc0-thermal,50.718
1780559901.808781,,,soc1-thermal,50.312
1780559901.808781,,,soc2-thermal,50.281
1780559901.808781,,,tj-thermal,52.562
1780559901.914933,VDD_IN,6110.72,,
1780559901.914933,VDD_CPU_GPU_CV,1692.48,,
1780559901.914933,VDD_SOC,1655.808,,
1780559901.914933,,,cpu-thermal,52.062
1780559901.914933,,,gpu-thermal,52.468
1780559901.914933,,,soc0-thermal,50.968
1780559901.914933,,,soc1-thermal,50.093
1780559901.914933,,,soc2-thermal,50.312
1780559901.914933,,,tj-thermal,52.468
1780559902.0213196,VDD_IN,6110.72,,
1780559902.0213196,VDD_CPU_GPU_CV,1692.48,,
1780559902.0213196,VDD_SOC,1655.808,,
1780559902.0213196,,,cpu-thermal,52.218
1780559902.0213196,,,gpu-thermal,52.406
1780559902.0213196,,,soc0-thermal,50.687
1780559902.0213196,,,soc1-thermal,50.187
1780559902.0213196,,,soc2-thermal,50.312
1780559902.0213196,,,tj-thermal,52.406
1780559902.127281,VDD_IN,6110.72,,
1780559902.127281,VDD_CPU_GPU_CV,1692.48,,
1780559902.127281,VDD_SOC,1655.808,,
1780559902.127281,,,cpu-thermal,52.25
1780559902.127281,,,gpu-thermal,52.875
1780559902.127281,,,soc0-thermal,50.812
1780559902.127281,,,soc1-thermal,50.312
1780559902.127281,,,soc2-thermal,50.312
1780559902.127281,,,tj-thermal,52.875
1780559902.2339902,VDD_IN,6110.72,,
1780559902.2339902,VDD_CPU_GPU_CV,1692.48,,
1780559902.2339902,VDD_SOC,1655.808,,
1780559902.2339902,,,cpu-thermal,52.093
1780559902.2339902,,,gpu-thermal,52.687
1780559902.2339902,,,soc0-thermal,50.875
1780559902.2339902,,,soc1-thermal,50.093
1780559902.2339902,,,soc2-thermal,50.25
1780559902.2339902,,,tj-thermal,52.687
1780559902.3400292,VDD_IN,6150.144,,
1780559902.3400292,VDD_CPU_GPU_CV,1731.84,,
1780559902.3400292,VDD_SOC,1655.808,,
1780559902.3400292,,,cpu-thermal,52.187
1780559902.3400292,,,gpu-thermal,52.625
1780559902.3400292,,,soc0-thermal,50.75
1780559902.3400292,,,soc1-thermal,50.156
1780559902.3400292,,,soc2-thermal,50.281
1780559902.3400292,,,tj-thermal,52.625
1780559902.4461505,VDD_IN,6189.568,,
1780559902.4461505,VDD_CPU_GPU_CV,1731.84,,
1780559902.4461505,VDD_SOC,1655.808,,
1780559902.4461505,,,cpu-thermal,52.156
1780559902.4461505,,,gpu-thermal,52.562
1780559902.4461505,,,soc0-thermal,50.718
1780559902.4461505,,,soc1-thermal,50.187
1780559902.4461505,,,soc2-thermal,50.437
1780559902.4461505,,,tj-thermal,52.562
1780559902.5521393,VDD_IN,6150.144,,
1780559902.5521393,VDD_CPU_GPU_CV,1731.84,,
1780559902.5521393,VDD_SOC,1655.808,,
1780559902.5521393,,,cpu-thermal,52.031
1780559902.5521393,,,gpu-thermal,52.687
1780559902.5521393,,,soc0-thermal,50.875
1780559902.5521393,,,soc1-thermal,50.343
1780559902.5521393,,,soc2-thermal,50.312
1780559902.5521393,,,tj-thermal,52.468
1780559902.6581168,VDD_IN,6150.144,,
1780559902.6581168,VDD_CPU_GPU_CV,1731.84,,
1780559902.6581168,VDD_SOC,1655.808,,
1780559902.6581168,,,cpu-thermal,52.281
1780559902.6581168,,,gpu-thermal,52.625
1780559902.6581168,,,soc0-thermal,50.718
1780559902.6581168,,,soc1-thermal,50.187
1780559902.6581168,,,soc2-thermal,50.437
1780559902.6581168,,,tj-thermal,52.906
1780559902.764979,VDD_IN,6150.144,,
1780559902.764979,VDD_CPU_GPU_CV,1731.84,,
1780559902.764979,VDD_SOC,1655.808,,
1780559902.764979,,,cpu-thermal,52.437
1780559902.764979,,,gpu-thermal,52.687
1780559902.764979,,,soc0-thermal,50.75
1780559902.764979,,,soc1-thermal,50.218
1780559902.764979,,,soc2-thermal,50.468
1780559902.764979,,,tj-thermal,52.687
1780559902.8713045,VDD_IN,6110.72,,
1780559902.8713045,VDD_CPU_GPU_CV,1692.48,,
1780559902.8713045,VDD_SOC,1655.808,,
1780559902.8713045,,,cpu-thermal,52.187
1780559902.8713045,,,gpu-thermal,52.687
1780559902.8713045,,,soc0-thermal,50.812
1780559902.8713045,,,soc1-thermal,50.375
1780559902.8713045,,,soc2-thermal,50.343
1780559902.8713045,,,tj-thermal,52.687
1780559902.9774234,VDD_IN,6110.72,,
1780559902.9774234,VDD_CPU_GPU_CV,1692.48,,
1780559902.9774234,VDD_SOC,1655.808,,
1780559902.9774234,,,cpu-thermal,52.312
1780559902.9774234,,,gpu-thermal,52.937
1780559902.9774234,,,soc0-thermal,50.843
1780559902.9774234,,,soc1-thermal,50.156
1780559902.9774234,,,soc2-thermal,50.406
1780559902.9774234,,,tj-thermal,52.593
1780559903.0835924,VDD_IN,6110.72,,
1780559903.0835924,VDD_CPU_GPU_CV,1692.48,,
1780559903.0835924,VDD_SOC,1655.808,,
1780559903.0835924,,,cpu-thermal,52.375
1780559903.0835924,,,gpu-thermal,52.781
1780559903.0835924,,,soc0-thermal,50.781
1780559903.0835924,,,soc1-thermal,50.187
1780559903.0835924,,,soc2-thermal,50.312
1780559903.0835924,,,tj-thermal,52.531
1780559903.1897237,VDD_IN,6110.72,,
1780559903.1897237,VDD_CPU_GPU_CV,1692.48,,
1780559903.1897237,VDD_SOC,1655.808,,
1780559903.1897237,,,cpu-thermal,52.375
1780559903.1897237,,,gpu-thermal,52.718
1780559903.1897237,,,soc0-thermal,50.843
1780559903.1897237,,,soc1-thermal,50.312
1780559903.1897237,,,soc2-thermal,50.343
1780559903.1897237,,,tj-thermal,52.437
1780559903.2959862,VDD_IN,6110.72,,
1780559903.2959862,VDD_CPU_GPU_CV,1692.48,,
1780559903.2959862,VDD_SOC,1655.808,,
1780559903.2959862,,,cpu-thermal,52.156
1780559903.2959862,,,gpu-thermal,52.656
1780559903.2959862,,,soc0-thermal,50.968
1780559903.2959862,,,soc1-thermal,50.187
1780559903.2959862,,,soc2-thermal,50.406
1780559903.2959862,,,tj-thermal,52.812
1780559903.4022186,VDD_IN,6150.144,,
1780559903.4022186,VDD_CPU_GPU_CV,1731.84,,
1780559903.4022186,VDD_SOC,1655.808,,
1780559903.4022186,,,cpu-thermal,52.187
1780559903.4022186,,,gpu-thermal,52.593
1780559903.4022186,,,soc0-thermal,50.843
1780559903.4022186,,,soc1-thermal,50.218
1780559903.4022186,,,soc2-thermal,50.468
1780559903.4022186,,,tj-thermal,52.593
1780559903.5083134,VDD_IN,6189.568,,
1780559903.5083134,VDD_CPU_GPU_CV,1731.84,,
1780559903.5083134,VDD_SOC,1655.808,,
1780559903.5083134,,,cpu-thermal,52.375
1780559903.5083134,,,gpu-thermal,53.031
1780559903.5083134,,,soc0-thermal,50.906
1780559903.5083134,,,soc1-thermal,50.343
1780559903.5083134,,,soc2-thermal,50.437
1780559903.5083134,,,tj-thermal,52.656
1780559903.61474,VDD_IN,6150.144,,
1780559903.61474,VDD_CPU_GPU_CV,1731.84,,
1780559903.61474,VDD_SOC,1655.808,,
1780559903.61474,,,cpu-thermal,52.218
1780559903.61474,,,gpu-thermal,52.875
1780559903.61474,,,soc0-thermal,51.0
1780559903.61474,,,soc1-thermal,50.187
1780559903.61474,,,soc2-thermal,50.437
1780559903.61474,,,tj-thermal,52.625
1780559903.7211845,VDD_IN,6150.144,,
1780559903.7211845,VDD_CPU_GPU_CV,1731.84,,
1780559903.7211845,VDD_SOC,1655.808,,
1780559903.7211845,,,cpu-thermal,52.25
1780559903.7211845,,,gpu-thermal,52.687
1780559903.7211845,,,soc0-thermal,50.843
1780559903.7211845,,,soc1-thermal,50.281
1780559903.7211845,,,soc2-thermal,50.406
1780559903.7211845,,,tj-thermal,52.593
1780559903.8280191,VDD_IN,6110.72,,
1780559903.8280191,VDD_CPU_GPU_CV,1731.84,,
1780559903.8280191,VDD_SOC,1655.808,,
1780559903.8280191,,,cpu-thermal,52.687
1780559903.8280191,,,gpu-thermal,52.625
1780559903.8280191,,,soc0-thermal,50.937
1780559903.8280191,,,soc1-thermal,50.375
1780559903.8280191,,,soc2-thermal,50.5
1780559903.8280191,,,tj-thermal,53.0
1780559903.934467,VDD_IN,6110.72,,
1780559903.934467,VDD_CPU_GPU_CV,1692.48,,
1780559903.934467,VDD_SOC,1655.808,,
1780559903.934467,,,cpu-thermal,52.187
1780559903.934467,,,gpu-thermal,52.656
1780559903.934467,,,soc0-thermal,51.031
1780559903.934467,,,soc1-thermal,50.25
1780559903.934467,,,soc2-thermal,50.5
1780559903.934467,,,tj-thermal,52.843
1780559904.0408623,VDD_IN,6110.72,,
1780559904.0408623,VDD_CPU_GPU_CV,1692.48,,
1780559904.0408623,VDD_SOC,1655.808,,
1780559904.0408623,,,cpu-thermal,52.343
1780559904.0408623,,,gpu-thermal,52.593
1780559904.0408623,,,soc0-thermal,50.812
1780559904.0408623,,,soc1-thermal,50.312
1780559904.0408623,,,soc2-thermal,50.5
1780559904.0408623,,,tj-thermal,52.718
1780559904.1470745,VDD_IN,6110.72,,
1780559904.1470745,VDD_CPU_GPU_CV,1731.84,,
1780559904.1470745,VDD_SOC,1655.808,,
1780559904.1470745,,,cpu-thermal,52.5
1780559904.1470745,,,gpu-thermal,52.968
1780559904.1470745,,,soc0-thermal,50.875
1780559904.1470745,,,soc1-thermal,50.218
1780559904.1470745,,,soc2-thermal,50.593
1780559904.1470745,,,tj-thermal,52.625
1780559904.2533236,VDD_IN,6110.72,,
1780559904.2533236,VDD_CPU_GPU_CV,1692.48,,
1780559904.2533236,VDD_SOC,1655.808,,
1780559904.2533236,,,cpu-thermal,52.281
1780559904.2533236,,,gpu-thermal,52.812
1780559904.2533236,,,soc0-thermal,51.0
1780559904.2533236,,,soc1-thermal,50.218
1780559904.2533236,,,soc2-thermal,50.468
1780559904.2533236,,,tj-thermal,52.812
1780559904.3593624,VDD_IN,6150.144,,
1780559904.3593624,VDD_CPU_GPU_CV,1731.84,,
1780559904.3593624,VDD_SOC,1655.808,,
1780559904.3593624,,,cpu-thermal,52.343
1780559904.3593624,,,gpu-thermal,52.75
1780559904.3593624,,,soc0-thermal,50.812
1780559904.3593624,,,soc1-thermal,50.375
1780559904.3593624,,,soc2-thermal,50.468
1780559904.3593624,,,tj-thermal,52.75
1780559904.4652495,VDD_IN,6189.568,,
1780559904.4652495,VDD_CPU_GPU_CV,1771.2,,
1780559904.4652495,VDD_SOC,1655.808,,
1780559904.4652495,,,cpu-thermal,52.437
1780559904.4652495,,,gpu-thermal,52.75
1780559904.4652495,,,soc0-thermal,50.937
1780559904.4652495,,,soc1-thermal,50.343
1780559904.4652495,,,soc2-thermal,50.5
1780559904.4652495,,,tj-thermal,52.75
1780559904.5714958,VDD_IN,6189.568,,
1780559904.5714958,VDD_CPU_GPU_CV,1731.84,,
1780559904.5714958,VDD_SOC,1655.808,,
1780559904.5714958,,,cpu-thermal,52.25
1780559904.5714958,,,gpu-thermal,52.656
1780559904.5714958,,,soc0-thermal,51.0
1780559904.5714958,,,soc1-thermal,50.437
1780559904.5714958,,,soc2-thermal,50.5
1780559904.5714958,,,tj-thermal,52.656
1780559904.6778595,VDD_IN,6110.72,,
1780559904.6778595,VDD_CPU_GPU_CV,1731.84,,
1780559904.6778595,VDD_SOC,1655.808,,
1780559904.6778595,,,cpu-thermal,52.343
1780559904.6778595,,,gpu-thermal,53.062
1780559904.6778595,,,soc0-thermal,51.062
1780559904.6778595,,,soc1-thermal,50.343
1780559904.6778595,,,soc2-thermal,50.562
1780559904.6778595,,,tj-thermal,53.062
1780559904.7842042,VDD_IN,6110.72,,
1780559904.7842042,VDD_CPU_GPU_CV,1731.84,,
1780559904.7842042,VDD_SOC,1655.808,,
1780559904.7842042,,,cpu-thermal,52.375
1780559904.7842042,,,gpu-thermal,52.937
1780559904.7842042,,,soc0-thermal,50.875
1780559904.7842042,,,soc1-thermal,50.375
1780559904.7842042,,,soc2-thermal,50.625
1780559904.7842042,,,tj-thermal,52.937
1780559904.8902304,VDD_IN,6150.144,,
1780559904.8902304,VDD_CPU_GPU_CV,1731.84,,
1780559904.8902304,VDD_SOC,1655.808,,
1780559904.8902304,,,cpu-thermal,52.281
1780559904.8902304,,,gpu-thermal,52.781
1780559904.8902304,,,soc0-thermal,51.031
1780559904.8902304,,,soc1-thermal,50.437
1780559904.8902304,,,soc2-thermal,50.5
1780559904.8902304,,,tj-thermal,52.781
1780559904.9963334,VDD_IN,6110.72,,
1780559904.9963334,VDD_CPU_GPU_CV,1692.48,,
1780559904.9963334,VDD_SOC,1655.808,,
1780559904.9963334,,,cpu-thermal,52.281
1780559904.9963334,,,gpu-thermal,52.687
1780559904.9963334,,,soc0-thermal,51.125
1780559904.9963334,,,soc1-thermal,50.312
1780559904.9963334,,,soc2-thermal,50.531
1780559904.9963334,,,tj-thermal,52.687
1780559905.1027784,VDD_IN,6110.72,,
1780559905.1027784,VDD_CPU_GPU_CV,1692.48,,
1780559905.1027784,VDD_SOC,1655.808,,
1780559905.1027784,,,cpu-thermal,52.625
1780559905.1027784,,,gpu-thermal,52.687
1780559905.1027784,,,soc0-thermal,50.875
1780559905.1027784,,,soc1-thermal,50.468
1780559905.1027784,,,soc2-thermal,50.531
1780559905.1027784,,,tj-thermal,52.687
1780559905.2087371,VDD_IN,6110.72,,
1780559905.2087371,VDD_CPU_GPU_CV,1692.48,,
1780559905.2087371,VDD_SOC,1655.808,,
1780559905.2087371,,,cpu-thermal,52.625
1780559905.2087371,,,gpu-thermal,52.687
1780559905.2087371,,,soc0-thermal,51.0
1780559905.2087371,,,soc1-thermal,50.531
1780559905.2087371,,,soc2-thermal,50.531
1780559905.2087371,,,tj-thermal,52.687
1780559905.315244,VDD_IN,6110.72,,
1780559905.315244,VDD_CPU_GPU_CV,1731.84,,
1780559905.315244,VDD_SOC,1655.808,,
1780559905.315244,,,cpu-thermal,52.281
1780559905.315244,,,gpu-thermal,53.0
1780559905.315244,,,soc0-thermal,51.093
1780559905.315244,,,soc1-thermal,50.343
1780559905.315244,,,soc2-thermal,50.468
1780559905.315244,,,tj-thermal,53.0
1780559905.4213808,VDD_IN,6150.144,,
1780559905.4213808,VDD_CPU_GPU_CV,1731.84,,
1780559905.4213808,VDD_SOC,1655.808,,
1780559905.4213808,,,cpu-thermal,52.437
1780559905.4213808,,,gpu-thermal,52.812
1780559905.4213808,,,soc0-thermal,50.968
1780559905.4213808,,,soc1-thermal,50.437
1780559905.4213808,,,soc2-thermal,50.593
1780559905.4213808,,,tj-thermal,52.906
1780559905.527187,VDD_IN,6189.568,,
1780559905.527187,VDD_CPU_GPU_CV,1771.2,,
1780559905.527187,VDD_SOC,1695.232,,
1780559905.527187,,,cpu-thermal,52.531
1780559905.527187,,,gpu-thermal,53.093
1780559905.527187,,,soc0-thermal,50.968
1780559905.527187,,,soc1-thermal,50.5
1780559905.527187,,,soc2-thermal,50.593
1780559905.527187,,,tj-thermal,52.843
1780559905.6335914,VDD_IN,6150.144,,
1780559905.6335914,VDD_CPU_GPU_CV,1731.84,,
1780559905.6335914,VDD_SOC,1655.808,,
1780559905.6335914,,,cpu-thermal,52.375
1780559905.6335914,,,gpu-thermal,53.125
1780559905.6335914,,,soc0-thermal,51.093
1780559905.6335914,,,soc1-thermal,50.562
1780559905.6335914,,,soc2-thermal,50.625
1780559905.6335914,,,tj-thermal,52.781
1780559905.739631,VDD_IN,6110.72,,
1780559905.739631,VDD_CPU_GPU_CV,1731.84,,
1780559905.739631,VDD_SOC,1655.808,,
1780559905.739631,,,cpu-thermal,52.437
1780559905.739631,,,gpu-thermal,52.812
1780559905.739631,,,soc0-thermal,51.0
1780559905.739631,,,soc1-thermal,50.343
1780559905.739631,,,soc2-thermal,50.593
1780559905.739631,,,tj-thermal,52.687
1780559905.8458734,VDD_IN,6110.72,,
1780559905.8458734,VDD_CPU_GPU_CV,1692.48,,
1780559905.8458734,VDD_SOC,1655.808,,
1780559905.8458734,,,cpu-thermal,52.375
1780559905.8458734,,,gpu-thermal,52.843
1780559905.8458734,,,soc0-thermal,51.093
1780559905.8458734,,,soc1-thermal,50.468
1780559905.8458734,,,soc2-thermal,50.781
1780559905.8458734,,,tj-thermal,53.093
1780559905.9523537,VDD_IN,6071.296,,
1780559905.9523537,VDD_CPU_GPU_CV,1692.48,,
1780559905.9523537,VDD_SOC,1655.808,,
1780559905.9523537,,,cpu-thermal,52.5
1780559905.9523537,,,gpu-thermal,52.75
1780559905.9523537,,,soc0-thermal,51.156
1780559905.9523537,,,soc1-thermal,50.656
1780559905.9523537,,,soc2-thermal,50.625
1780559905.9523537,,,tj-thermal,53.0
1780559906.0586052,VDD_IN,6071.296,,
1780559906.0586052,VDD_CPU_GPU_CV,1692.48,,
1780559906.0586052,VDD_SOC,1655.808,,
1780559906.0586052,,,cpu-thermal,52.406
1780559906.0586052,,,gpu-thermal,52.687
1780559906.0586052,,,soc0-thermal,51.062
1780559906.0586052,,,soc1-thermal,50.375
1780559906.0586052,,,soc2-thermal,50.593
1780559906.0586052,,,tj-thermal,52.843
1780559906.1648815,VDD_IN,6110.72,,
1780559906.1648815,VDD_CPU_GPU_CV,1692.48,,
1780559906.1648815,VDD_SOC,1655.808,,
1780559906.1648815,,,cpu-thermal,52.781
1780559906.1648815,,,gpu-thermal,53.156
1780559906.1648815,,,soc0-thermal,51.062
1780559906.1648815,,,soc1-thermal,50.531
1780559906.1648815,,,soc2-thermal,50.75
1780559906.1648815,,,tj-thermal,53.156
1780559906.2710173,VDD_IN,6071.296,,
1780559906.2710173,VDD_CPU_GPU_CV,1692.48,,
1780559906.2710173,VDD_SOC,1655.808,,
1780559906.2710173,,,cpu-thermal,52.812
1780559906.2710173,,,gpu-thermal,52.875
1780559906.2710173,,,soc0-thermal,51.0
1780559906.2710173,,,soc1-thermal,50.593
1780559906.2710173,,,soc2-thermal,50.656
1780559906.2710173,,,tj-thermal,52.875
1780559906.3771713,VDD_IN,6110.72,,
1780559906.3771713,VDD_CPU_GPU_CV,1692.48,,
1780559906.3771713,VDD_SOC,1655.808,,
1780559906.3771713,,,cpu-thermal,52.312
1780559906.3771713,,,gpu-thermal,52.843
1780559906.3771713,,,soc0-thermal,51.0
1780559906.3771713,,,soc1-thermal,50.468
1780559906.3771713,,,soc2-thermal,50.625
1780559906.3771713,,,tj-thermal,52.843
1780559906.4837422,VDD_IN,6150.144,,
1780559906.4837422,VDD_CPU_GPU_CV,1731.84,,
1780559906.4837422,VDD_SOC,1655.808,,
1780559906.4837422,,,cpu-thermal,52.5
1780559906.4837422,,,gpu-thermal,52.875
1780559906.4837422,,,soc0-thermal,51.031
1780559906.4837422,,,soc1-thermal,50.531
1780559906.4837422,,,soc2-thermal,50.718
1780559906.4837422,,,tj-thermal,52.875
1780559906.5900772,VDD_IN,6150.144,,
1780559906.5900772,VDD_CPU_GPU_CV,1731.84,,
1780559906.5900772,VDD_SOC,1655.808,,
1780559906.5900772,,,cpu-thermal,52.687
1780559906.5900772,,,gpu-thermal,52.75
1780559906.5900772,,,soc0-thermal,51.062
1780559906.5900772,,,soc1-thermal,50.593
1780559906.5900772,,,soc2-thermal,50.656
1780559906.5900772,,,tj-thermal,52.75
1780559906.6963446,VDD_IN,6150.144,,
1780559906.6963446,VDD_CPU_GPU_CV,1731.84,,
1780559906.6963446,VDD_SOC,1655.808,,
1780559906.6963446,,,cpu-thermal,52.5
1780559906.6963446,,,gpu-thermal,53.187
1780559906.6963446,,,soc0-thermal,51.156
1780559906.6963446,,,soc1-thermal,50.437
1780559906.6963446,,,soc2-thermal,50.718
1780559906.6963446,,,tj-thermal,53.187
1780559906.8026361,VDD_IN,6110.72,,
1780559906.8026361,VDD_CPU_GPU_CV,1692.48,,
1780559906.8026361,VDD_SOC,1655.808,,
1780559906.8026361,,,cpu-thermal,52.5
1780559906.8026361,,,gpu-thermal,53.0
1780559906.8026361,,,soc0-thermal,51.156
1780559906.8026361,,,soc1-thermal,50.5
1780559906.8026361,,,soc2-thermal,50.718
1780559906.8026361,,,tj-thermal,53.0
1780559906.909029,VDD_IN,6110.72,,
1780559906.909029,VDD_CPU_GPU_CV,1692.48,,
1780559906.909029,VDD_SOC,1655.808,,
1780559906.909029,,,cpu-thermal,52.5
1780559906.909029,,,gpu-thermal,52.937
1780559906.909029,,,soc0-thermal,51.062
1780559906.909029,,,soc1-thermal,50.593
1780559906.909029,,,soc2-thermal,50.656
1780559906.909029,,,tj-thermal,52.937
1780559907.0153153,VDD_IN,6110.72,,
1780559907.0153153,VDD_CPU_GPU_CV,1692.48,,
1780559907.0153153,VDD_SOC,1655.808,,
1780559907.0153153,,,cpu-thermal,52.468
1780559907.0153153,,,gpu-thermal,52.875
1780559907.0153153,,,soc0-thermal,51.25
1780559907.0153153,,,soc1-thermal,50.5
1780559907.0153153,,,soc2-thermal,50.75
1780559907.0153153,,,tj-thermal,52.875
1780559907.1220272,VDD_IN,6110.72,,
1780559907.1220272,VDD_CPU_GPU_CV,1692.48,,
1780559907.1220272,VDD_SOC,1655.808,,
1780559907.1220272,,,cpu-thermal,52.5
1780559907.1220272,,,gpu-thermal,52.843
1780559907.1220272,,,soc0-thermal,51.062
1780559907.1220272,,,soc1-thermal,50.531
1780559907.1220272,,,soc2-thermal,50.781
1780559907.1220272,,,tj-thermal,52.843
1780559907.2287233,VDD_IN,6071.296,,
1780559907.2287233,VDD_CPU_GPU_CV,1692.48,,
1780559907.2287233,VDD_SOC,1655.808,,
1780559907.2287233,,,cpu-thermal,52.875
1780559907.2287233,,,gpu-thermal,52.781
1780559907.2287233,,,soc0-thermal,51.156
1780559907.2287233,,,soc1-thermal,50.562
1780559907.2287233,,,soc2-thermal,50.687
1780559907.2287233,,,tj-thermal,52.875
1780559907.3351643,VDD_IN,6110.72,,
1780559907.3351643,VDD_CPU_GPU_CV,1692.48,,
1780559907.3351643,VDD_SOC,1655.808,,
1780559907.3351643,,,cpu-thermal,52.406
1780559907.3351643,,,gpu-thermal,53.156
1780559907.3351643,,,soc0-thermal,51.187
1780559907.3351643,,,soc1-thermal,50.437
1780559907.3351643,,,soc2-thermal,50.656
1780559907.3351643,,,tj-thermal,53.156
1780559907.4412065,VDD_IN,6150.144,,
1780559907.4412065,VDD_CPU_GPU_CV,1731.84,,
1780559907.4412065,VDD_SOC,1655.808,,
1780559907.4412065,,,cpu-thermal,52.625
1780559907.4412065,,,gpu-thermal,53.0
1780559907.4412065,,,soc0-thermal,51.093
1780559907.4412065,,,soc1-thermal,50.625
1780559907.4412065,,,soc2-thermal,50.75
1780559907.4412065,,,tj-thermal,53.0
1780559907.5476015,VDD_IN,6189.568,,
1780559907.5476015,VDD_CPU_GPU_CV,1731.84,,
1780559907.5476015,VDD_SOC,1655.808,,
1780559907.5476015,,,cpu-thermal,52.718
1780559907.5476015,,,gpu-thermal,52.968
1780559907.5476015,,,soc0-thermal,51.187
1780559907.5476015,,,soc1-thermal,50.593
1780559907.5476015,,,soc2-thermal,50.718
1780559907.5476015,,,tj-thermal,52.968
1780559907.6543844,VDD_IN,6150.144,,
1780559907.6543844,VDD_CPU_GPU_CV,1731.84,,
1780559907.6543844,VDD_SOC,1655.808,,
1780559907.6543844,,,cpu-thermal,52.437
1780559907.6543844,,,gpu-thermal,52.937
1780559907.6543844,,,soc0-thermal,51.218
1780559907.6543844,,,soc1-thermal,50.5
1780559907.6543844,,,soc2-thermal,50.75
1780559907.6543844,,,tj-thermal,52.937
1780559907.7605345,VDD_IN,6150.144,,
1780559907.7605345,VDD_CPU_GPU_CV,1692.48,,
1780559907.7605345,VDD_SOC,1655.808,,
1780559907.7605345,,,cpu-thermal,52.468
1780559907.7605345,,,gpu-thermal,52.843
1780559907.7605345,,,soc0-thermal,51.125
1780559907.7605345,,,soc1-thermal,50.625
1780559907.7605345,,,soc2-thermal,50.75
1780559907.7605345,,,tj-thermal,52.843
1780559907.8668766,VDD_IN,6110.72,,
1780559907.8668766,VDD_CPU_GPU_CV,1692.48,,
1780559907.8668766,VDD_SOC,1655.808,,
1780559907.8668766,,,cpu-thermal,52.562
1780559907.8668766,,,gpu-thermal,53.25
1780559907.8668766,,,soc0-thermal,51.25
1780559907.8668766,,,soc1-thermal,50.687
1780559907.8668766,,,soc2-thermal,50.812
1780559907.8668766,,,tj-thermal,53.25
1780559907.9729588,VDD_IN,6110.72,,
1780559907.9729588,VDD_CPU_GPU_CV,1692.48,,
1780559907.9729588,VDD_SOC,1655.808,,
1780559907.9729588,,,cpu-thermal,52.468
1780559907.9729588,,,gpu-thermal,53.156
1780559907.9729588,,,soc0-thermal,51.218
1780559907.9729588,,,soc1-thermal,50.781
1780559907.9729588,,,soc2-thermal,50.75
1780559907.9729588,,,tj-thermal,53.156
1780559908.0790367,VDD_IN,6150.144,,
1780559908.0790367,VDD_CPU_GPU_CV,1692.48,,
1780559908.0790367,VDD_SOC,1655.808,,
1780559908.0790367,,,cpu-thermal,52.593
1780559908.0790367,,,gpu-thermal,52.937
1780559908.0790367,,,soc0-thermal,51.031
1780559908.0790367,,,soc1-thermal,50.593
1780559908.0790367,,,soc2-thermal,50.812
1780559908.0790367,,,tj-thermal,52.937
1780559908.1864738,VDD_IN,6150.144,,
1780559908.1864738,VDD_CPU_GPU_CV,1692.48,,
1780559908.1864738,VDD_SOC,1655.808,,
1780559908.1864738,,,cpu-thermal,53.0
1780559908.1864738,,,gpu-thermal,52.968
1780559908.1864738,,,soc0-thermal,51.156
1780559908.1864738,,,soc1-thermal,50.687
1780559908.1864738,,,soc2-thermal,50.812
1780559908.1864738,,,tj-thermal,53.0
1780559908.2927291,VDD_IN,6150.144,,
1780559908.2927291,VDD_CPU_GPU_CV,1692.48,,
1780559908.2927291,VDD_SOC,1655.808,,
1780559908.2927291,,,cpu-thermal,52.406
1780559908.2927291,,,gpu-thermal,52.937
1780559908.2927291,,,soc0-thermal,51.25
1780559908.2927291,,,soc1-thermal,50.781
1780559908.2927291,,,soc2-thermal,50.812
1780559908.2927291,,,tj-thermal,52.937
1780559908.3988683,VDD_IN,6150.144,,
1780559908.3988683,VDD_CPU_GPU_CV,1731.84,,
1780559908.3988683,VDD_SOC,1655.808,,
1780559908.3988683,,,cpu-thermal,52.625
1780559908.3988683,,,gpu-thermal,53.406
1780559908.3988683,,,soc0-thermal,51.093
1780559908.3988683,,,soc1-thermal,50.593
1780559908.3988683,,,soc2-thermal,50.781
1780559908.3988683,,,tj-thermal,53.406
1780559908.5053813,VDD_IN,6189.568,,
1780559908.5053813,VDD_CPU_GPU_CV,1731.84,,
1780559908.5053813,VDD_SOC,1695.232,,
1780559908.5053813,,,cpu-thermal,52.75
1780559908.5053813,,,gpu-thermal,53.281
1780559908.5053813,,,soc0-thermal,51.187
1780559908.5053813,,,soc1-thermal,50.687
1780559908.5053813,,,soc2-thermal,50.781
1780559908.5053813,,,tj-thermal,53.281
1780559908.6114283,VDD_IN,6150.144,,
1780559908.6114283,VDD_CPU_GPU_CV,1731.84,,
1780559908.6114283,VDD_SOC,1655.808,,
1780559908.6114283,,,cpu-thermal,52.781
1780559908.6114283,,,gpu-thermal,53.062
1780559908.6114283,,,soc0-thermal,51.218
1780559908.6114283,,,soc1-thermal,50.875
1780559908.6114283,,,soc2-thermal,50.781
1780559908.6114283,,,tj-thermal,53.062
1780559908.7180336,VDD_IN,6110.72,,
1780559908.7180336,VDD_CPU_GPU_CV,1692.48,,
1780559908.7180336,VDD_SOC,1655.808,,
1780559908.7180336,,,cpu-thermal,52.656
1780559908.7180336,,,gpu-thermal,53.031
1780559908.7180336,,,soc0-thermal,51.187
1780559908.7180336,,,soc1-thermal,50.625
1780559908.7180336,,,soc2-thermal,50.812
1780559908.7180336,,,tj-thermal,53.031
1780559908.8243515,VDD_IN,6110.72,,
1780559908.8243515,VDD_CPU_GPU_CV,1692.48,,
1780559908.8243515,VDD_SOC,1655.808,,
1780559908.8243515,,,cpu-thermal,52.656
1780559908.8243515,,,gpu-thermal,52.906
1780559908.8243515,,,soc0-thermal,51.156
1780559908.8243515,,,soc1-thermal,50.687
1780559908.8243515,,,soc2-thermal,50.906
1780559908.8243515,,,tj-thermal,52.906
1780559908.9304872,VDD_IN,6110.72,,
1780559908.9304872,VDD_CPU_GPU_CV,1692.48,,
1780559908.9304872,VDD_SOC,1655.808,,
1780559908.9304872,,,cpu-thermal,52.531
1780559908.9304872,,,gpu-thermal,52.968
1780559908.9304872,,,soc0-thermal,51.312
1780559908.9304872,,,soc1-thermal,50.781
1780559908.9304872,,,soc2-thermal,50.781
1780559908.9304872,,,tj-thermal,52.968
1780559909.036881,VDD_IN,6110.72,,
1780559909.036881,VDD_CPU_GPU_CV,1692.48,,
1780559909.036881,VDD_SOC,1655.808,,
1780559909.036881,,,cpu-thermal,52.593
1780559909.036881,,,gpu-thermal,53.156
1780559909.036881,,,soc0-thermal,51.375
1780559909.036881,,,soc1-thermal,50.656
1780559909.036881,,,soc2-thermal,50.875
1780559909.036881,,,tj-thermal,53.156
1780559909.1435008,VDD_IN,6110.72,,
1780559909.1435008,VDD_CPU_GPU_CV,1692.48,,
1780559909.1435008,VDD_SOC,1655.808,,
1780559909.1435008,,,cpu-thermal,53.031
1780559909.1435008,,,gpu-thermal,53.156
1780559909.1435008,,,soc0-thermal,51.218
1780559909.1435008,,,soc1-thermal,50.593
1780559909.1435008,,,soc2-thermal,50.968
1780559909.1435008,,,tj-thermal,53.156
1780559909.2497175,VDD_IN,6110.72,,
1780559909.2497175,VDD_CPU_GPU_CV,1692.48,,
1780559909.2497175,VDD_SOC,1655.808,,
1780559909.2497175,,,cpu-thermal,52.625
1780559909.2497175,,,gpu-thermal,53.156
1780559909.2497175,,,soc0-thermal,51.375
1780559909.2497175,,,soc1-thermal,50.687
1780559909.2497175,,,soc2-thermal,50.906
1780559909.2497175,,,tj-thermal,53.156
1780559909.3557448,VDD_IN,6110.72,,
1780559909.3557448,VDD_CPU_GPU_CV,1692.48,,
1780559909.3557448,VDD_SOC,1655.808,,
1780559909.3557448,,,cpu-thermal,52.5
1780559909.3557448,,,gpu-thermal,53.031
1780559909.3557448,,,soc0-thermal,51.375
1780559909.3557448,,,soc1-thermal,50.656
1780559909.3557448,,,soc2-thermal,50.906
1780559909.3557448,,,tj-thermal,53.031
1780559909.4617636,VDD_IN,6150.144,,
1780559909.4617636,VDD_CPU_GPU_CV,1731.84,,
1780559909.4617636,VDD_SOC,1695.232,,
1780559909.4617636,,,cpu-thermal,52.843
1780559909.4617636,,,gpu-thermal,52.937
1780559909.4617636,,,soc0-thermal,51.25
1780559909.4617636,,,soc1-thermal,50.687
1780559909.4617636,,,soc2-thermal,50.843
1780559909.4617636,,,tj-thermal,52.937
1780559909.5677514,VDD_IN,6189.568,,
1780559909.5677514,VDD_CPU_GPU_CV,1731.84,,
1780559909.5677514,VDD_SOC,1695.232,,
1780559909.5677514,,,cpu-thermal,53.0
1780559909.5677514,,,gpu-thermal,53.468
1780559909.5677514,,,soc0-thermal,51.25
1780559909.5677514,,,soc1-thermal,50.812
1780559909.5677514,,,soc2-thermal,50.875
1780559909.5677514,,,tj-thermal,53.468
1780559909.6739888,VDD_IN,6150.144,,
1780559909.6739888,VDD_CPU_GPU_CV,1692.48,,
1780559909.6739888,VDD_SOC,1655.808,,
1780559909.6739888,,,cpu-thermal,53.031
1780559909.6739888,,,gpu-thermal,53.093
1780559909.6739888,,,soc0-thermal,51.312
1780559909.6739888,,,soc1-thermal,50.656
1780559909.6739888,,,soc2-thermal,50.843
1780559909.6739888,,,tj-thermal,53.25
1780559909.7803886,VDD_IN,6110.72,,
1780559909.7803886,VDD_CPU_GPU_CV,1692.48,,
1780559909.7803886,VDD_SOC,1655.808,,
1780559909.7803886,,,cpu-thermal,52.687
1780559909.7803886,,,gpu-thermal,53.156
1780559909.7803886,,,soc0-thermal,51.281
1780559909.7803886,,,soc1-thermal,50.718
1780559909.7803886,,,soc2-thermal,50.875
1780559909.7803886,,,tj-thermal,53.156
1780559909.8866796,VDD_IN,6071.296,,
1780559909.8866796,VDD_CPU_GPU_CV,1692.48,,
1780559909.8866796,VDD_SOC,1655.808,,
1780559909.8866796,,,cpu-thermal,52.843
1780559909.8866796,,,gpu-thermal,53.281
1780559909.8866796,,,soc0-thermal,51.281
1780559909.8866796,,,soc1-thermal,50.812
1780559909.8866796,,,soc2-thermal,51.031
1780559909.8866796,,,tj-thermal,53.031
1780559909.993014,VDD_IN,6071.296,,
1780559909.993014,VDD_CPU_GPU_CV,1653.12,,
1780559909.993014,VDD_SOC,1655.808,,
1780559909.993014,,,cpu-thermal,52.718
1780559909.993014,,,gpu-thermal,53.187
1780559909.993014,,,soc0-thermal,51.437
1780559909.993014,,,soc1-thermal,50.687
1780559909.993014,,,soc2-thermal,50.937
1780559909.993014,,,tj-thermal,53.062
1780559910.100408,VDD_IN,6071.296,,
1780559910.100408,VDD_CPU_GPU_CV,1653.12,,
1780559910.100408,VDD_SOC,1655.808,,
1780559910.100408,,,cpu-thermal,52.718
1780559910.100408,,,gpu-thermal,52.937
1780559910.100408,,,soc0-thermal,51.25
1780559910.100408,,,soc1-thermal,50.687
1780559910.100408,,,soc2-thermal,50.906
1780559910.100408,,,tj-thermal,52.937
1780559910.2063854,VDD_IN,6041.664,,
1780559910.2063854,VDD_CPU_GPU_CV,1655.808,,
1780559910.2063854,VDD_SOC,1655.808,,
1780559910.2063854,,,cpu-thermal,53.156
1780559910.2063854,,,gpu-thermal,53.343
1780559910.2063854,,,soc0-thermal,51.375
1780559910.2063854,,,soc1-thermal,50.781
1780559910.2063854,,,soc2-thermal,50.937
1780559910.2063854,,,tj-thermal,53.343
1780559910.3122115,VDD_IN,6071.296,,
1780559910.3122115,VDD_CPU_GPU_CV,1692.48,,
1780559910.3122115,VDD_SOC,1655.808,,
1780559910.3122115,,,cpu-thermal,52.75
1780559910.3122115,,,gpu-thermal,53.031
1780559910.3122115,,,soc0-thermal,51.343
1780559910.3122115,,,soc1-thermal,50.687
1780559910.3122115,,,soc2-thermal,50.843
1780559910.3122115,,,tj-thermal,53.25
1780559910.419244,VDD_IN,6110.72,,
1780559910.419244,VDD_CPU_GPU_CV,1692.48,,
1780559910.419244,VDD_SOC,1655.808,,
1780559910.419244,,,cpu-thermal,52.687
1780559910.419244,,,gpu-thermal,53.156
1780559910.419244,,,soc0-thermal,51.281
1780559910.419244,,,soc1-thermal,50.718
1780559910.419244,,,soc2-thermal,50.906
1780559910.419244,,,tj-thermal,53.156
1780559910.5253427,VDD_IN,6150.144,,
1780559910.5253427,VDD_CPU_GPU_CV,1692.48,,
1780559910.5253427,VDD_SOC,1655.808,,
1780559910.5253427,,,cpu-thermal,52.937
1780559910.5253427,,,gpu-thermal,53.125
1780559910.5253427,,,soc0-thermal,51.281
1780559910.5253427,,,soc1-thermal,50.812
1780559910.5253427,,,soc2-thermal,51.0
1780559910.5253427,,,tj-thermal,53.125
1780559910.631701,VDD_IN,6110.72,,
1780559910.631701,VDD_CPU_GPU_CV,1692.48,,
1780559910.631701,VDD_SOC,1655.808,,
1780559910.631701,,,cpu-thermal,53.093
1780559910.631701,,,gpu-thermal,53.093
1780559910.631701,,,soc0-thermal,51.468
1780559910.631701,,,soc1-thermal,50.687
1780559910.631701,,,soc2-thermal,50.875
1780559910.631701,,,tj-thermal,53.093
1780559910.738675,VDD_IN,6110.72,,
1780559910.738675,VDD_CPU_GPU_CV,1692.48,,
1780559910.738675,VDD_SOC,1655.808,,
1780559910.738675,,,cpu-thermal,52.875
1780559910.738675,,,gpu-thermal,53.437
1780559910.738675,,,soc0-thermal,51.593
1780559910.738675,,,soc1-thermal,50.781
1780559910.738675,,,soc2-thermal,50.968
1780559910.738675,,,tj-thermal,53.437
1780559910.844668,VDD_IN,6071.296,,
1780559910.844668,VDD_CPU_GPU_CV,1692.48,,
1780559910.844668,VDD_SOC,1655.808,,
1780559910.844668,,,cpu-thermal,52.843
1780559910.844668,,,gpu-thermal,53.343
1780559910.844668,,,soc0-thermal,51.437
1780559910.844668,,,soc1-thermal,50.812
1780559910.844668,,,soc2-thermal,51.031
1780559910.844668,,,tj-thermal,53.343
1780559910.9510057,VDD_IN,6071.296,,
1780559910.9510057,VDD_CPU_GPU_CV,1653.12,,
1780559910.9510057,VDD_SOC,1655.808,,
1780559910.9510057,,,cpu-thermal,52.718
1780559910.9510057,,,gpu-thermal,53.031
1780559910.9510057,,,soc0-thermal,51.437
1780559910.9510057,,,soc1-thermal,50.875
1780559910.9510057,,,soc2-thermal,51.0
1780559910.9510057,,,tj-thermal,53.156
1780559911.057193,VDD_IN,6071.296,,
1780559911.057193,VDD_CPU_GPU_CV,1653.12,,
1780559911.057193,VDD_SOC,1655.808,,
1780559911.057193,,,cpu-thermal,52.781
1780559911.057193,,,gpu-thermal,53.437
1780559911.057193,,,soc0-thermal,51.625
1780559911.057193,,,soc1-thermal,50.718
1780559911.057193,,,soc2-thermal,50.875
1780559911.057193,,,tj-thermal,53.125
1780559911.1633108,VDD_IN,6071.296,,
1780559911.1633108,VDD_CPU_GPU_CV,1653.12,,
1780559911.1633108,VDD_SOC,1655.808,,
1780559911.1633108,,,cpu-thermal,52.843
1780559911.1633108,,,gpu-thermal,53.343
1780559911.1633108,,,soc0-thermal,51.375
1780559911.1633108,,,soc1-thermal,50.843
1780559911.1633108,,,soc2-thermal,51.031
1780559911.1633108,,,tj-thermal,53.218
1780559911.2701435,VDD_IN,6071.296,,
1780559911.2701435,VDD_CPU_GPU_CV,1653.12,,
1780559911.2701435,VDD_SOC,1655.808,,
1780559911.2701435,,,cpu-thermal,52.812
1780559911.2701435,,,gpu-thermal,53.25
1780559911.2701435,,,soc0-thermal,51.437
1780559911.2701435,,,soc1-thermal,50.968
1780559911.2701435,,,soc2-thermal,50.968
1780559911.2701435,,,tj-thermal,53.593
1780559911.3761947,VDD_IN,6110.72,,
1780559911.3761947,VDD_CPU_GPU_CV,1692.48,,
1780559911.3761947,VDD_SOC,1655.808,,
1780559911.3761947,,,cpu-thermal,52.781
1780559911.3761947,,,gpu-thermal,53.187
1780559911.3761947,,,soc0-thermal,51.531
1780559911.3761947,,,soc1-thermal,50.843
1780559911.3761947,,,soc2-thermal,50.968
1780559911.3761947,,,tj-thermal,53.406
1780559911.482324,VDD_IN,6150.144,,
1780559911.482324,VDD_CPU_GPU_CV,1731.84,,
1780559911.482324,VDD_SOC,1655.808,,
1780559911.482324,,,cpu-thermal,53.0
1780559911.482324,,,gpu-thermal,53.125
1780559911.482324,,,soc0-thermal,51.437
1780559911.482324,,,soc1-thermal,50.812
1780559911.482324,,,soc2-thermal,51.0
1780559911.482324,,,tj-thermal,53.281
1780559911.5887198,VDD_IN,6150.144,,
1780559911.5887198,VDD_CPU_GPU_CV,1731.84,,
1780559911.5887198,VDD_SOC,1655.808,,
1780559911.5887198,,,cpu-thermal,53.156
1780559911.5887198,,,gpu-thermal,53.656
1780559911.5887198,,,soc0-thermal,51.343
1780559911.5887198,,,soc1-thermal,50.937
1780559911.5887198,,,soc2-thermal,50.968
1780559911.5887198,,,tj-thermal,53.156
1780559911.6948988,VDD_IN,6110.72,,
1780559911.6948988,VDD_CPU_GPU_CV,1692.48,,
1780559911.6948988,VDD_SOC,1655.808,,
1780559911.6948988,,,cpu-thermal,52.781
1780559911.6948988,,,gpu-thermal,53.343
1780559911.6948988,,,soc0-thermal,51.562
1780559911.6948988,,,soc1-thermal,50.781
1780559911.6948988,,,soc2-thermal,51.062
1780559911.6948988,,,tj-thermal,53.156
1780559911.8015752,VDD_IN,6110.72,,
1780559911.8015752,VDD_CPU_GPU_CV,1692.48,,
1780559911.8015752,VDD_SOC,1655.808,,
1780559911.8015752,,,cpu-thermal,52.937
1780559911.8015752,,,gpu-thermal,53.25
1780559911.8015752,,,soc0-thermal,51.406
1780559911.8015752,,,soc1-thermal,50.843
1780559911.8015752,,,soc2-thermal,51.031
1780559911.8015752,,,tj-thermal,53.156
1780559911.907805,VDD_IN,6071.296,,
1780559911.907805,VDD_CPU_GPU_CV,1692.48,,
1780559911.907805,VDD_SOC,1655.808,,
1780559911.907805,,,cpu-thermal,53.093
1780559911.907805,,,gpu-thermal,53.187
1780559911.907805,,,soc0-thermal,51.406
1780559911.907805,,,soc1-thermal,51.0
1780559911.907805,,,soc2-thermal,51.062
1780559911.907805,,,tj-thermal,53.5
1780559912.0139062,VDD_IN,6071.296,,
1780559912.0139062,VDD_CPU_GPU_CV,1692.48,,
1780559912.0139062,VDD_SOC,1655.808,,
1780559912.0139062,,,cpu-thermal,52.937
1780559912.0139062,,,gpu-thermal,53.156
1780559912.0139062,,,soc0-thermal,51.5
1780559912.0139062,,,soc1-thermal,50.812
1780559912.0139062,,,soc2-thermal,51.031
1780559912.0139062,,,tj-thermal,53.312
1780559912.120692,VDD_IN,6071.296,,
1780559912.120692,VDD_CPU_GPU_CV,1692.48,,
1780559912.120692,VDD_SOC,1655.808,,
1780559912.120692,,,cpu-thermal,52.937
1780559912.120692,,,gpu-thermal,53.156
1780559912.120692,,,soc0-thermal,51.5
1780559912.120692,,,soc1-thermal,51.0
1780559912.120692,,,soc2-thermal,51.093
1780559912.120692,,,tj-thermal,53.156
1780559912.2271976,VDD_IN,6071.296,,
1780559912.2271976,VDD_CPU_GPU_CV,1653.12,,
1780559912.2271976,VDD_SOC,1655.808,,
1780559912.2271976,,,cpu-thermal,52.906
1780559912.2271976,,,gpu-thermal,53.468
1780559912.2271976,,,soc0-thermal,51.531
1780559912.2271976,,,soc1-thermal,51.031
1780559912.2271976,,,soc2-thermal,51.0
1780559912.2271976,,,tj-thermal,53.218
1780559912.3338172,VDD_IN,6110.72,,
1780559912.3338172,VDD_CPU_GPU_CV,1692.48,,
1780559912.3338172,VDD_SOC,1655.808,,
1780559912.3338172,,,cpu-thermal,52.906
1780559912.3338172,,,gpu-thermal,53.406
1780559912.3338172,,,soc0-thermal,51.531
1780559912.3338172,,,soc1-thermal,50.812
1780559912.3338172,,,soc2-thermal,50.968
1780559912.3338172,,,tj-thermal,53.187
1780559912.4396615,VDD_IN,6150.144,,
1780559912.4396615,VDD_CPU_GPU_CV,1692.48,,
1780559912.4396615,VDD_SOC,1695.232,,
1780559912.4396615,,,cpu-thermal,52.843
1780559912.4396615,,,gpu-thermal,53.218
1780559912.4396615,,,soc0-thermal,51.437
1780559912.4396615,,,soc1-thermal,50.906
1780559912.4396615,,,soc2-thermal,51.187
1780559912.4396615,,,tj-thermal,53.218
1780559912.5456471,VDD_IN,6150.144,,
1780559912.5456471,VDD_CPU_GPU_CV,1692.48,,
1780559912.5456471,VDD_SOC,1695.232,,
1780559912.5456471,,,cpu-thermal,53.125
1780559912.5456471,,,gpu-thermal,53.218
1780559912.5456471,,,soc0-thermal,51.531
1780559912.5456471,,,soc1-thermal,51.0
1780559912.5456471,,,soc2-thermal,51.125
1780559912.5456471,,,tj-thermal,53.468
1780559912.6523478,VDD_IN,6150.144,,
1780559912.6523478,VDD_CPU_GPU_CV,1692.48,,
1780559912.6523478,VDD_SOC,1655.808,,
1780559912.6523478,,,cpu-thermal,52.937
1780559912.6523478,,,gpu-thermal,53.156
1780559912.6523478,,,soc0-thermal,51.593
1780559912.6523478,,,soc1-thermal,51.062
1780559912.6523478,,,soc2-thermal,51.093
1780559912.6523478,,,tj-thermal,53.156
1780559912.7584033,VDD_IN,6110.72,,
1780559912.7584033,VDD_CPU_GPU_CV,1692.48,,
1780559912.7584033,VDD_SOC,1655.808,,
1780559912.7584033,,,cpu-thermal,53.031
1780559912.7584033,,,gpu-thermal,53.625
1780559912.7584033,,,soc0-thermal,51.437
1780559912.7584033,,,soc1-thermal,50.906
1780559912.7584033,,,soc2-thermal,51.062
1780559912.7584033,,,tj-thermal,53.625
1780559912.8646505,VDD_IN,6110.72,,
1780559912.8646505,VDD_CPU_GPU_CV,1692.48,,
1780559912.8646505,VDD_SOC,1655.808,,
1780559912.8646505,,,cpu-thermal,53.093
1780559912.8646505,,,gpu-thermal,53.468
1780559912.8646505,,,soc0-thermal,51.531
1780559912.8646505,,,soc1-thermal,50.906
1780559912.8646505,,,soc2-thermal,51.187
1780559912.8646505,,,tj-thermal,53.468
1780559912.9715123,VDD_IN,6071.296,,
1780559912.9715123,VDD_CPU_GPU_CV,1653.12,,
1780559912.9715123,VDD_SOC,1655.808,,
1780559912.9715123,,,cpu-thermal,52.875
1780559912.9715123,,,gpu-thermal,53.343
1780559912.9715123,,,soc0-thermal,51.625
1780559912.9715123,,,soc1-thermal,51.156
1780559912.9715123,,,soc2-thermal,51.125
1780559912.9715123,,,tj-thermal,53.343
1780559913.077678,VDD_IN,6071.296,,
1780559913.077678,VDD_CPU_GPU_CV,1653.12,,
1780559913.077678,VDD_SOC,1655.808,,
1780559913.077678,,,cpu-thermal,53.0
1780559913.077678,,,gpu-thermal,53.343
1780559913.077678,,,soc0-thermal,51.531
1780559913.077678,,,soc1-thermal,50.906
1780559913.077678,,,soc2-thermal,51.093
1780559913.077678,,,tj-thermal,53.343
1780559913.1840348,VDD_IN,6071.296,,
1780559913.1840348,VDD_CPU_GPU_CV,1692.48,,
1780559913.1840348,VDD_SOC,1655.808,,
1780559913.1840348,,,cpu-thermal,53.0
1780559913.1840348,,,gpu-thermal,53.25
1780559913.1840348,,,soc0-thermal,51.5
1780559913.1840348,,,soc1-thermal,51.062
1780559913.1840348,,,soc2-thermal,51.156
1780559913.1840348,,,tj-thermal,53.25
1780559913.2905023,VDD_IN,6110.72,,
1780559913.2905023,VDD_CPU_GPU_CV,1692.48,,
1780559913.2905023,VDD_SOC,1655.808,,
1780559913.2905023,,,cpu-thermal,53.031
1780559913.2905023,,,gpu-thermal,53.75
1780559913.2905023,,,soc0-thermal,51.531
1780559913.2905023,,,soc1-thermal,51.093
1780559913.2905023,,,soc2-thermal,51.093
1780559913.2905023,,,tj-thermal,53.75
1780559913.3965418,VDD_IN,6150.144,,
1780559913.3965418,VDD_CPU_GPU_CV,1692.48,,
1780559913.3965418,VDD_SOC,1695.232,,
1780559913.3965418,,,cpu-thermal,52.937
1780559913.3965418,,,gpu-thermal,53.562
1780559913.3965418,,,soc0-thermal,51.5
1780559913.3965418,,,soc1-thermal,50.968
1780559913.3965418,,,soc2-thermal,51.093
1780559913.3965418,,,tj-thermal,53.562
1780559913.5031266,VDD_IN,6150.144,,
1780559913.5031266,VDD_CPU_GPU_CV,1731.84,,
1780559913.5031266,VDD_SOC,1695.232,,
1780559913.5031266,,,cpu-thermal,53.187
1780559913.5031266,,,gpu-thermal,53.468
1780559913.5031266,,,soc0-thermal,51.593
1780559913.5031266,,,soc1-thermal,51.062
1780559913.5031266,,,soc2-thermal,51.156
1780559913.5031266,,,tj-thermal,53.468
1780559913.6096802,VDD_IN,6110.72,,
1780559913.6096802,VDD_CPU_GPU_CV,1731.84,,
1780559913.6096802,VDD_SOC,1695.232,,
1780559913.6096802,,,cpu-thermal,53.25
1780559913.6096802,,,gpu-thermal,53.343
1780559913.6096802,,,soc0-thermal,51.593
1780559913.6096802,,,soc1-thermal,51.156
1780559913.6096802,,,soc2-thermal,51.187
1780559913.6096802,,,tj-thermal,53.343
1780559913.7158628,VDD_IN,6110.72,,
1780559913.7158628,VDD_CPU_GPU_CV,1692.48,,
1780559913.7158628,VDD_SOC,1655.808,,
1780559913.7158628,,,cpu-thermal,52.875
1780559913.7158628,,,gpu-thermal,53.218
1780559913.7158628,,,soc0-thermal,51.531
1780559913.7158628,,,soc1-thermal,51.0
1780559913.7158628,,,soc2-thermal,51.25
1780559913.7158628,,,tj-thermal,53.218
1780559913.8223443,VDD_IN,6110.72,,
1780559913.8223443,VDD_CPU_GPU_CV,1692.48,,
1780559913.8223443,VDD_SOC,1655.808,,
1780559913.8223443,,,cpu-thermal,53.093
1780559913.8223443,,,gpu-thermal,53.312
1780559913.8223443,,,soc0-thermal,51.625
1780559913.8223443,,,soc1-thermal,51.0
1780559913.8223443,,,soc2-thermal,51.25
1780559913.8223443,,,tj-thermal,53.312
1780559913.928334,VDD_IN,6071.296,,
1780559913.928334,VDD_CPU_GPU_CV,1692.48,,
1780559913.928334,VDD_SOC,1655.808,,
1780559913.928334,,,cpu-thermal,53.25
1780559913.928334,,,gpu-thermal,53.656
1780559913.928334,,,soc0-thermal,51.656
1780559913.928334,,,soc1-thermal,51.093
1780559913.928334,,,soc2-thermal,51.187
1780559913.928334,,,tj-thermal,53.656
1780559914.0348728,VDD_IN,6071.296,,
1780559914.0348728,VDD_CPU_GPU_CV,1692.48,,
1780559914.0348728,VDD_SOC,1655.808,,
1780559914.0348728,,,cpu-thermal,52.937
1780559914.0348728,,,gpu-thermal,53.562
1780559914.0348728,,,soc0-thermal,51.687
1780559914.0348728,,,soc1-thermal,50.937
1780559914.0348728,,,soc2-thermal,51.187
1780559914.0348728,,,tj-thermal,53.562
1780559914.1411242,VDD_IN,6071.296,,
1780559914.1411242,VDD_CPU_GPU_CV,1692.48,,
1780559914.1411242,VDD_SOC,1655.808,,
1780559914.1411242,,,cpu-thermal,53.031
1780559914.1411242,,,gpu-thermal,53.468
1780559914.1411242,,,soc0-thermal,51.656
1780559914.1411242,,,soc1-thermal,51.0
1780559914.1411242,,,soc2-thermal,51.218
1780559914.1411242,,,tj-thermal,53.468
1780559914.2472897,VDD_IN,6071.296,,
1780559914.2472897,VDD_CPU_GPU_CV,1692.48,,
1780559914.2472897,VDD_SOC,1655.808,,
1780559914.2472897,,,cpu-thermal,53.125
1780559914.2472897,,,gpu-thermal,53.343
1780559914.2472897,,,soc0-thermal,51.625
1780559914.2472897,,,soc1-thermal,51.125
1780559914.2472897,,,soc2-thermal,51.156
1780559914.2472897,,,tj-thermal,53.343
1780559914.35348,VDD_IN,6110.72,,
1780559914.35348,VDD_CPU_GPU_CV,1692.48,,
1780559914.35348,VDD_SOC,1655.808,,
1780559914.35348,,,cpu-thermal,52.937
1780559914.35348,,,gpu-thermal,53.375
1780559914.35348,,,soc0-thermal,51.656
1780559914.35348,,,soc1-thermal,51.031
1780559914.35348,,,soc2-thermal,51.187
1780559914.35348,,,tj-thermal,53.375
1780559914.4592915,VDD_IN,6150.144,,
1780559914.4592915,VDD_CPU_GPU_CV,1731.84,,
1780559914.4592915,VDD_SOC,1695.232,,
1780559914.4592915,,,cpu-thermal,53.062
1780559914.4592915,,,gpu-thermal,53.718
1780559914.4592915,,,soc0-thermal,51.593
1780559914.4592915,,,soc1-thermal,51.093
1780559914.4592915,,,soc2-thermal,51.25
1780559914.4592915,,,tj-thermal,53.718
1780559914.5661604,VDD_IN,6150.144,,
1780559914.5661604,VDD_CPU_GPU_CV,1731.84,,
1780559914.5661604,VDD_SOC,1695.232,,
1780559914.5661604,,,cpu-thermal,53.406
1780559914.5661604,,,gpu-thermal,53.593
1780559914.5661604,,,soc0-thermal,51.656
1780559914.5661604,,,soc1-thermal,51.187
1780559914.5661604,,,soc2-thermal,51.343
1780559914.5661604,,,tj-thermal,53.593
1780559914.6729987,VDD_IN,6150.144,,
1780559914.6729987,VDD_CPU_GPU_CV,1692.48,,
1780559914.6729987,VDD_SOC,1655.808,,
1780559914.6729987,,,cpu-thermal,52.937
1780559914.6729987,,,gpu-thermal,53.406
1780559914.6729987,,,soc0-thermal,51.656
1780559914.6729987,,,soc1-thermal,51.156
1780559914.6729987,,,soc2-thermal,51.156
1780559914.6729987,,,tj-thermal,53.406
1780559914.7790663,VDD_IN,6110.72,,
1780559914.7790663,VDD_CPU_GPU_CV,1692.48,,
1780559914.7790663,VDD_SOC,1655.808,,
1780559914.7790663,,,cpu-thermal,53.187
1780559914.7790663,,,gpu-thermal,53.375
1780559914.7790663,,,soc0-thermal,51.531
1780559914.7790663,,,soc1-thermal,51.031
1780559914.7790663,,,soc2-thermal,51.312
1780559914.7790663,,,tj-thermal,53.375
1780559914.885189,VDD_IN,6110.72,,
1780559914.885189,VDD_CPU_GPU_CV,1692.48,,
1780559914.885189,VDD_SOC,1655.808,,
1780559914.885189,,,cpu-thermal,53.25
1780559914.885189,,,gpu-thermal,53.375
1780559914.885189,,,soc0-thermal,51.656
1780559914.885189,,,soc1-thermal,51.062
1780559914.885189,,,soc2-thermal,51.406
1780559914.885189,,,tj-thermal,53.375
1780559914.9913032,VDD_IN,6110.72,,
1780559914.9913032,VDD_CPU_GPU_CV,1692.48,,
1780559914.9913032,VDD_SOC,1655.808,,
1780559914.9913032,,,cpu-thermal,53.406
1780559914.9913032,,,gpu-thermal,53.281
1780559914.9913032,,,soc0-thermal,51.656
1780559914.9913032,,,soc1-thermal,51.312
1780559914.9913032,,,soc2-thermal,51.187
1780559914.9913032,,,tj-thermal,53.281
1780559915.0973613,VDD_IN,6110.72,,
1780559915.0973613,VDD_CPU_GPU_CV,1692.48,,
1780559915.0973613,VDD_SOC,1655.808,,
1780559915.0973613,,,cpu-thermal,53.093
1780559915.0973613,,,gpu-thermal,53.406
1780559915.0973613,,,soc0-thermal,51.781
1780559915.0973613,,,soc1-thermal,51.062
1780559915.0973613,,,soc2-thermal,51.343
1780559915.0973613,,,tj-thermal,53.656
1780559915.2041154,VDD_IN,6110.72,,
1780559915.2041154,VDD_CPU_GPU_CV,1692.48,,
1780559915.2041154,VDD_SOC,1655.808,,
1780559915.2041154,,,cpu-thermal,53.218
1780559915.2041154,,,gpu-thermal,53.593
1780559915.2041154,,,soc0-thermal,51.75
1780559915.2041154,,,soc1-thermal,51.187
1780559915.2041154,,,soc2-thermal,51.281
1780559915.2041154,,,tj-thermal,53.593
1780559915.3109415,VDD_IN,6110.72,,
1780559915.3109415,VDD_CPU_GPU_CV,1692.48,,
1780559915.3109415,VDD_SOC,1655.808,,
1780559915.3109415,,,cpu-thermal,53.031
1780559915.3109415,,,gpu-thermal,53.531
1780559915.3109415,,,soc0-thermal,51.812
1780559915.3109415,,,soc1-thermal,51.343
1780559915.3109415,,,soc2-thermal,51.218
1780559915.3109415,,,tj-thermal,53.531
1780559915.418007,VDD_IN,6150.144,,
1780559915.418007,VDD_CPU_GPU_CV,1731.84,,
1780559915.418007,VDD_SOC,1655.808,,
1780559915.418007,,,cpu-thermal,53.062
1780559915.418007,,,gpu-thermal,53.468
1780559915.418007,,,soc0-thermal,51.656
1780559915.418007,,,soc1-thermal,51.125
1780559915.418007,,,soc2-thermal,51.25
1780559915.418007,,,tj-thermal,53.468
1780559915.52403,VDD_IN,6189.568,,
1780559915.52403,VDD_CPU_GPU_CV,1731.84,,
1780559915.52403,VDD_SOC,1655.808,,
1780559915.52403,,,cpu-thermal,53.468
1780559915.52403,,,gpu-thermal,53.375
1780559915.52403,,,soc0-thermal,51.687
1780559915.52403,,,soc1-thermal,51.125
1780559915.52403,,,soc2-thermal,51.281
1780559915.52403,,,tj-thermal,53.468
1780559915.6301367,VDD_IN,6150.144,,
1780559915.6301367,VDD_CPU_GPU_CV,1692.48,,
1780559915.6301367,VDD_SOC,1655.808,,
1780559915.6301367,,,cpu-thermal,53.031
1780559915.6301367,,,gpu-thermal,53.781
1780559915.6301367,,,soc0-thermal,51.687
1780559915.6301367,,,soc1-thermal,51.281
1780559915.6301367,,,soc2-thermal,51.281
1780559915.6301367,,,tj-thermal,53.781
1780559915.7365222,VDD_IN,6150.144,,
1780559915.7365222,VDD_CPU_GPU_CV,1692.48,,
1780559915.7365222,VDD_SOC,1655.808,,
1780559915.7365222,,,cpu-thermal,53.093
1780559915.7365222,,,gpu-thermal,53.656
1780559915.7365222,,,soc0-thermal,51.812
1780559915.7365222,,,soc1-thermal,51.125
1780559915.7365222,,,soc2-thermal,51.375
1780559915.7365222,,,tj-thermal,53.656
1780559915.842779,VDD_IN,6110.72,,
1780559915.842779,VDD_CPU_GPU_CV,1653.12,,
1780559915.842779,VDD_SOC,1655.808,,
1780559915.842779,,,cpu-thermal,53.375
1780559915.842779,,,gpu-thermal,53.531
1780559915.842779,,,soc0-thermal,51.718
1780559915.842779,,,soc1-thermal,51.218
1780559915.842779,,,soc2-thermal,51.281
1780559915.842779,,,tj-thermal,53.531
1780559915.9495091,VDD_IN,6110.72,,
1780559915.9495091,VDD_CPU_GPU_CV,1653.12,,
1780559915.9495091,VDD_SOC,1655.808,,
1780559915.9495091,,,cpu-thermal,53.406
1780559915.9495091,,,gpu-thermal,53.437
1780559915.9495091,,,soc0-thermal,51.718
1780559915.9495091,,,soc1-thermal,51.312
1780559915.9495091,,,soc2-thermal,51.312
1780559915.9495091,,,tj-thermal,53.437
1780559916.0561373,VDD_IN,6071.296,,
1780559916.0561373,VDD_CPU_GPU_CV,1653.12,,
1780559916.0561373,VDD_SOC,1655.808,,
1780559916.0561373,,,cpu-thermal,53.125
1780559916.0561373,,,gpu-thermal,53.375
1780559916.0561373,,,soc0-thermal,51.843
1780559916.0561373,,,soc1-thermal,51.187
1780559916.0561373,,,soc2-thermal,51.218
1780559916.0561373,,,tj-thermal,53.375
1780559916.1622913,VDD_IN,6071.296,,
1780559916.1622913,VDD_CPU_GPU_CV,1653.12,,
1780559916.1622913,VDD_SOC,1655.808,,
1780559916.1622913,,,cpu-thermal,53.187
1780559916.1622913,,,gpu-thermal,53.843
1780559916.1622913,,,soc0-thermal,51.843
1780559916.1622913,,,soc1-thermal,51.156
1780559916.1622913,,,soc2-thermal,51.375
1780559916.1622913,,,tj-thermal,53.843
1780559916.2688048,VDD_IN,6110.72,,
1780559916.2688048,VDD_CPU_GPU_CV,1653.12,,
1780559916.2688048,VDD_SOC,1655.808,,
1780559916.2688048,,,cpu-thermal,53.062
1780559916.2688048,,,gpu-thermal,53.718
1780559916.2688048,,,soc0-thermal,51.781
1780559916.2688048,,,soc1-thermal,51.312
1780559916.2688048,,,soc2-thermal,51.25
1780559916.2688048,,,tj-thermal,53.718
1780559916.3749719,VDD_IN,6150.144,,
1780559916.3749719,VDD_CPU_GPU_CV,1692.48,,
1780559916.3749719,VDD_SOC,1655.808,,
1780559916.3749719,,,cpu-thermal,53.156
1780559916.3749719,,,gpu-thermal,53.656
1780559916.3749719,,,soc0-thermal,51.875
1780559916.3749719,,,soc1-thermal,51.156
1780559916.3749719,,,soc2-thermal,51.343
1780559916.3749719,,,tj-thermal,53.656
1780559916.480932,VDD_IN,6189.568,,
1780559916.480932,VDD_CPU_GPU_CV,1731.84,,
1780559916.480932,VDD_SOC,1695.232,,
1780559916.480932,,,cpu-thermal,53.062
1780559916.480932,,,gpu-thermal,53.625
1780559916.480932,,,soc0-thermal,51.718
1780559916.480932,,,soc1-thermal,51.156
1780559916.480932,,,soc2-thermal,51.312
1780559916.480932,,,tj-thermal,53.625
1780559916.5874941,VDD_IN,6150.144,,
1780559916.5874941,VDD_CPU_GPU_CV,1692.48,,
1780559916.5874941,VDD_SOC,1655.808,,
1780559916.5874941,,,cpu-thermal,53.062
1780559916.5874941,,,gpu-thermal,53.5
1780559916.5874941,,,soc0-thermal,51.812
1780559916.5874941,,,soc1-thermal,51.218
1780559916.5874941,,,soc2-thermal,51.312
1780559916.5874941,,,tj-thermal,53.5
1780559916.6942928,VDD_IN,6110.72,,
1780559916.6942928,VDD_CPU_GPU_CV,1692.48,,
1780559916.6942928,VDD_SOC,1655.808,,
1780559916.6942928,,,cpu-thermal,53.187
1780559916.6942928,,,gpu-thermal,53.468
1780559916.6942928,,,soc0-thermal,51.875
1780559916.6942928,,,soc1-thermal,51.156
1780559916.6942928,,,soc2-thermal,51.312
1780559916.6942928,,,tj-thermal,53.468
1780559916.800926,VDD_IN,6110.72,,
1780559916.800926,VDD_CPU_GPU_CV,1692.48,,
1780559916.800926,VDD_SOC,1655.808,,
1780559916.800926,,,cpu-thermal,53.343
1780559916.800926,,,gpu-thermal,53.781
1780559916.800926,,,soc0-thermal,51.781
1780559916.800926,,,soc1-thermal,51.187
1780559916.800926,,,soc2-thermal,51.437
1780559916.800926,,,tj-thermal,53.781
1780559916.9075215,VDD_IN,6071.296,,
1780559916.9075215,VDD_CPU_GPU_CV,1692.48,,
1780559916.9075215,VDD_SOC,1655.808,,
1780559916.9075215,,,cpu-thermal,53.437
1780559916.9075215,,,gpu-thermal,53.718
1780559916.9075215,,,soc0-thermal,51.843
1780559916.9075215,,,soc1-thermal,51.343
1780559916.9075215,,,soc2-thermal,51.312
1780559916.9075215,,,tj-thermal,53.718
1780559917.013969,VDD_IN,6071.296,,
1780559917.013969,VDD_CPU_GPU_CV,1653.12,,
1780559917.013969,VDD_SOC,1655.808,,
1780559917.013969,,,cpu-thermal,53.187
1780559917.013969,,,gpu-thermal,53.656
1780559917.013969,,,soc0-thermal,51.875
1780559917.013969,,,soc1-thermal,51.187
1780559917.013969,,,soc2-thermal,51.406
1780559917.013969,,,tj-thermal,53.656
1780559917.1213875,VDD_IN,6071.296,,
1780559917.1213875,VDD_CPU_GPU_CV,1692.48,,
1780559917.1213875,VDD_SOC,1655.808,,
1780559917.1213875,,,cpu-thermal,53.312
1780559917.1213875,,,gpu-thermal,53.531
1780559917.1213875,,,soc0-thermal,51.812
1780559917.1213875,,,soc1-thermal,51.218
1780559917.1213875,,,soc2-thermal,51.437
1780559917.1213875,,,tj-thermal,53.531
1780559917.2274735,VDD_IN,6071.296,,
1780559917.2274735,VDD_CPU_GPU_CV,1692.48,,
1780559917.2274735,VDD_SOC,1655.808,,
1780559917.2274735,,,cpu-thermal,53.312
1780559917.2274735,,,gpu-thermal,53.531
1780559917.2274735,,,soc0-thermal,51.843
1780559917.2274735,,,soc1-thermal,51.343
1780559917.2274735,,,soc2-thermal,51.437
1780559917.2274735,,,tj-thermal,53.531
1780559917.3337252,VDD_IN,6110.72,,
1780559917.3337252,VDD_CPU_GPU_CV,1692.48,,
1780559917.3337252,VDD_SOC,1655.808,,
1780559917.3337252,,,cpu-thermal,53.187
1780559917.3337252,,,gpu-thermal,53.843
1780559917.3337252,,,soc0-thermal,51.906
1780559917.3337252,,,soc1-thermal,51.187
1780559917.3337252,,,soc2-thermal,51.375
1780559917.3337252,,,tj-thermal,53.843
1780559917.4402397,VDD_IN,6150.144,,
1780559917.4402397,VDD_CPU_GPU_CV,1731.84,,
1780559917.4402397,VDD_SOC,1695.232,,
1780559917.4402397,,,cpu-thermal,53.281
1780559917.4402397,,,gpu-thermal,53.718
1780559917.4402397,,,soc0-thermal,51.812
1780559917.4402397,,,soc1-thermal,51.25
1780559917.4402397,,,soc2-thermal,51.468
1780559917.4402397,,,tj-thermal,53.718
1780559917.5463667,VDD_IN,6150.144,,
1780559917.5463667,VDD_CPU_GPU_CV,1731.84,,
1780559917.5463667,VDD_SOC,1695.232,,
1780559917.5463667,,,cpu-thermal,53.718
1780559917.5463667,,,gpu-thermal,53.656
1780559917.5463667,,,soc0-thermal,51.906
1780559917.5463667,,,soc1-thermal,51.281
1780559917.5463667,,,soc2-thermal,51.562
1780559917.5463667,,,tj-thermal,53.718
1780559917.6527622,VDD_IN,6150.144,,
1780559917.6527622,VDD_CPU_GPU_CV,1692.48,,
1780559917.6527622,VDD_SOC,1695.232,,
1780559917.6527622,,,cpu-thermal,53.281
1780559917.6527622,,,gpu-thermal,53.562
1780559917.6527622,,,soc0-thermal,51.906
1780559917.6527622,,,soc1-thermal,51.25
1780559917.6527622,,,soc2-thermal,51.406
1780559917.6527622,,,tj-thermal,53.562
1780559917.7588978,VDD_IN,6110.72,,
1780559917.7588978,VDD_CPU_GPU_CV,1692.48,,
1780559917.7588978,VDD_SOC,1655.808,,
1780559917.7588978,,,cpu-thermal,53.437
1780559917.7588978,,,gpu-thermal,53.625
1780559917.7588978,,,soc0-thermal,51.906
1780559917.7588978,,,soc1-thermal,51.25
1780559917.7588978,,,soc2-thermal,51.437
1780559917.7588978,,,tj-thermal,53.625
1780559917.8652306,VDD_IN,6110.72,,
1780559917.8652306,VDD_CPU_GPU_CV,1692.48,,
1780559917.8652306,VDD_SOC,1655.808,,
1780559917.8652306,,,cpu-thermal,53.406
1780559917.8652306,,,gpu-thermal,53.968
1780559917.8652306,,,soc0-thermal,51.875
1780559917.8652306,,,soc1-thermal,51.406
1780559917.8652306,,,soc2-thermal,51.562
1780559917.8652306,,,tj-thermal,53.968
1780559917.971797,VDD_IN,6110.72,,
1780559917.971797,VDD_CPU_GPU_CV,1692.48,,
1780559917.971797,VDD_SOC,1655.808,,
1780559917.971797,,,cpu-thermal,53.656
1780559917.971797,,,gpu-thermal,53.812
1780559917.971797,,,soc0-thermal,51.875
1780559917.971797,,,soc1-thermal,51.156
1780559917.971797,,,soc2-thermal,51.468
1780559917.971797,,,tj-thermal,53.812
1780559918.0783236,VDD_IN,6110.72,,
1780559918.0783236,VDD_CPU_GPU_CV,1692.48,,
1780559918.0783236,VDD_SOC,1655.808,,
1780559918.0783236,,,cpu-thermal,53.343
1780559918.0783236,,,gpu-thermal,53.812
1780559918.0783236,,,soc0-thermal,51.75
1780559918.0783236,,,soc1-thermal,51.218
1780559918.0783236,,,soc2-thermal,51.437
1780559918.0783236,,,tj-thermal,53.812
1780559918.1852891,VDD_IN,6110.72,,
1780559918.1852891,VDD_CPU_GPU_CV,1692.48,,
1780559918.1852891,VDD_SOC,1655.808,,
1780559918.1852891,,,cpu-thermal,53.375
1780559918.1852891,,,gpu-thermal,53.687
1780559918.1852891,,,soc0-thermal,51.937
1780559918.1852891,,,soc1-thermal,51.312
1780559918.1852891,,,soc2-thermal,51.562
1780559918.1852891,,,tj-thermal,53.687
1780559918.292189,VDD_IN,6110.72,,
1780559918.292189,VDD_CPU_GPU_CV,1692.48,,
1780559918.292189,VDD_SOC,1655.808,,
1780559918.292189,,,cpu-thermal,53.218
1780559918.292189,,,gpu-thermal,53.593
1780559918.292189,,,soc0-thermal,51.968
1780559918.292189,,,soc1-thermal,51.281
1780559918.292189,,,soc2-thermal,51.375
1780559918.292189,,,tj-thermal,53.593
1780559918.3984077,VDD_IN,6150.144,,
1780559918.3984077,VDD_CPU_GPU_CV,1692.48,,
1780559918.3984077,VDD_SOC,1655.808,,
1780559918.3984077,,,cpu-thermal,53.25
1780559918.3984077,,,gpu-thermal,53.625
1780559918.3984077,,,soc0-thermal,51.937
1780559918.3984077,,,soc1-thermal,51.343
1780559918.3984077,,,soc2-thermal,51.531
1780559918.3984077,,,tj-thermal,53.625
1780559918.5043461,VDD_IN,6150.144,,
1780559918.5043461,VDD_CPU_GPU_CV,1731.84,,
1780559918.5043461,VDD_SOC,1695.232,,
1780559918.5043461,,,cpu-thermal,53.687
1780559918.5043461,,,gpu-thermal,54.0
1780559918.5043461,,,soc0-thermal,51.937
1780559918.5043461,,,soc1-thermal,51.343
1780559918.5043461,,,soc2-thermal,51.625
1780559918.5043461,,,tj-thermal,54.0
1780559918.6109262,VDD_IN,6150.144,,
1780559918.6109262,VDD_CPU_GPU_CV,1692.48,,
1780559918.6109262,VDD_SOC,1655.808,,
1780559918.6109262,,,cpu-thermal,53.343
1780559918.6109262,,,gpu-thermal,53.875
1780559918.6109262,,,soc0-thermal,52.062
1780559918.6109262,,,soc1-thermal,51.531
1780559918.6109262,,,soc2-thermal,51.562
1780559918.6109262,,,tj-thermal,53.875
1780559918.717334,VDD_IN,6110.72,,
1780559918.717334,VDD_CPU_GPU_CV,1692.48,,
1780559918.717334,VDD_SOC,1655.808,,
1780559918.717334,,,cpu-thermal,53.437
1780559918.717334,,,gpu-thermal,53.687
1780559918.717334,,,soc0-thermal,51.812
1780559918.717334,,,soc1-thermal,51.312
1780559918.717334,,,soc2-thermal,51.656
1780559918.717334,,,tj-thermal,53.687
1780559918.824034,VDD_IN,6110.72,,
1780559918.824034,VDD_CPU_GPU_CV,1692.48,,
1780559918.824034,VDD_SOC,1655.808,,
1780559918.824034,,,cpu-thermal,53.531
1780559918.824034,,,gpu-thermal,53.593
1780559918.824034,,,soc0-thermal,51.937
1780559918.824034,,,soc1-thermal,51.437
1780559918.824034,,,soc2-thermal,51.625
1780559918.824034,,,tj-thermal,53.875
1780559918.9308894,VDD_IN,6110.72,,
1780559918.9308894,VDD_CPU_GPU_CV,1692.48,,
1780559918.9308894,VDD_SOC,1655.808,,
1780559918.9308894,,,cpu-thermal,53.406
1780559918.9308894,,,gpu-thermal,53.625
1780559918.9308894,,,soc0-thermal,52.062
1780559918.9308894,,,soc1-thermal,51.5
1780559918.9308894,,,soc2-thermal,51.531
1780559918.9308894,,,tj-thermal,53.625
1780559919.0371525,VDD_IN,6110.72,,
1780559919.0371525,VDD_CPU_GPU_CV,1692.48,,
1780559919.0371525,VDD_SOC,1655.808,,
1780559919.0371525,,,cpu-thermal,53.406
1780559919.0371525,,,gpu-thermal,54.093
1780559919.0371525,,,soc0-thermal,51.968
1780559919.0371525,,,soc1-thermal,51.281
1780559919.0371525,,,soc2-thermal,51.593
1780559919.0371525,,,tj-thermal,54.093
1780559919.1435053,VDD_IN,6110.72,,
1780559919.1435053,VDD_CPU_GPU_CV,1692.48,,
1780559919.1435053,VDD_SOC,1655.808,,
1780559919.1435053,,,cpu-thermal,53.406
1780559919.1435053,,,gpu-thermal,53.906
1780559919.1435053,,,soc0-thermal,51.906
1780559919.1435053,,,soc1-thermal,51.5
1780559919.1435053,,,soc2-thermal,51.593
1780559919.1435053,,,tj-thermal,53.906
1780559919.2496455,VDD_IN,6071.296,,
1780559919.2496455,VDD_CPU_GPU_CV,1653.12,,
1780559919.2496455,VDD_SOC,1655.808,,
1780559919.2496455,,,cpu-thermal,53.343
1780559919.2496455,,,gpu-thermal,53.812
1780559919.2496455,,,soc0-thermal,52.0
1780559919.2496455,,,soc1-thermal,51.562
1780559919.2496455,,,soc2-thermal,51.625
1780559919.2496455,,,tj-thermal,53.812
1780559919.3563693,VDD_IN,6110.72,,
1780559919.3563693,VDD_CPU_GPU_CV,1692.48,,
1780559919.3563693,VDD_SOC,1655.808,,
1780559919.3563693,,,cpu-thermal,53.343
1780559919.3563693,,,gpu-thermal,53.75
1780559919.3563693,,,soc0-thermal,51.875
1780559919.3563693,,,soc1-thermal,51.375
1780559919.3563693,,,soc2-thermal,51.531
1780559919.3563693,,,tj-thermal,53.75
1780559919.4624946,VDD_IN,6150.144,,
1780559919.4624946,VDD_CPU_GPU_CV,1731.84,,
1780559919.4624946,VDD_SOC,1695.232,,
1780559919.4624946,,,cpu-thermal,53.625
1780559919.4624946,,,gpu-thermal,53.687
1780559919.4624946,,,soc0-thermal,51.968
1780559919.4624946,,,soc1-thermal,51.406
1780559919.4624946,,,soc2-thermal,51.656
1780559919.4624946,,,tj-thermal,53.687
1780559919.5690634,VDD_IN,6150.144,,
1780559919.5690634,VDD_CPU_GPU_CV,1731.84,,
1780559919.5690634,VDD_SOC,1695.232,,
1780559919.5690634,,,cpu-thermal,53.343
1780559919.5690634,,,gpu-thermal,53.656
1780559919.5690634,,,soc0-thermal,52.031
1780559919.5690634,,,soc1-thermal,51.593
1780559919.5690634,,,soc2-thermal,51.531
1780559919.5690634,,,tj-thermal,53.656
1780559919.6755354,VDD_IN,6110.72,,
1780559919.6755354,VDD_CPU_GPU_CV,1692.48,,
1780559919.6755354,VDD_SOC,1655.808,,
1780559919.6755354,,,cpu-thermal,53.437
1780559919.6755354,,,gpu-thermal,54.093
1780559919.6755354,,,soc0-thermal,52.031
1780559919.6755354,,,soc1-thermal,51.437
1780559919.6755354,,,soc2-thermal,51.625
1780559919.6755354,,,tj-thermal,54.093
1780559919.7816706,VDD_IN,6110.72,,
1780559919.7816706,VDD_CPU_GPU_CV,1692.48,,
1780559919.7816706,VDD_SOC,1655.808,,
1780559919.7816706,,,cpu-thermal,53.593
1780559919.7816706,,,gpu-thermal,53.875
1780559919.7816706,,,soc0-thermal,52.0
1780559919.7816706,,,soc1-thermal,51.406
1780559919.7816706,,,soc2-thermal,51.687
1780559919.7816706,,,tj-thermal,53.875
1780559919.8885021,VDD_IN,6110.72,,
1780559919.8885021,VDD_CPU_GPU_CV,1692.48,,
1780559919.8885021,VDD_SOC,1655.808,,
1780559919.8885021,,,cpu-thermal,53.687
1780559919.8885021,,,gpu-thermal,53.781
1780559919.8885021,,,soc0-thermal,52.125
1780559919.8885021,,,soc1-thermal,51.531
1780559919.8885021,,,soc2-thermal,51.656
1780559919.8885021,,,tj-thermal,54.125
1780559919.9956732,VDD_IN,6110.72,,
1780559919.9956732,VDD_CPU_GPU_CV,1692.48,,
1780559919.9956732,VDD_SOC,1655.808,,
1780559919.9956732,,,cpu-thermal,53.468
1780559919.9956732,,,gpu-thermal,53.781
1780559919.9956732,,,soc0-thermal,51.906
1780559919.9956732,,,soc1-thermal,51.406
1780559919.9956732,,,soc2-thermal,51.687
1780559919.9956732,,,tj-thermal,53.937
1780559920.1029813,VDD_IN,6071.296,,
1780559920.1029813,VDD_CPU_GPU_CV,1692.48,,
1780559920.1029813,VDD_SOC,1655.808,,
1780559920.1029813,,,cpu-thermal,53.531
1780559920.1029813,,,gpu-thermal,53.718
1780559920.1029813,,,soc0-thermal,52.093
1780559920.1029813,,,soc1-thermal,51.468
1780559920.1029813,,,soc2-thermal,51.718
1780559920.1029813,,,tj-thermal,53.718
1780559920.209289,VDD_IN,6110.72,,
1780559920.209289,VDD_CPU_GPU_CV,1692.48,,
1780559920.209289,VDD_SOC,1655.808,,
1780559920.209289,,,cpu-thermal,53.406
1780559920.209289,,,gpu-thermal,54.062
1780559920.209289,,,soc0-thermal,52.062
1780559920.209289,,,soc1-thermal,51.625
1780559920.209289,,,soc2-thermal,51.656
1780559920.209289,,,tj-thermal,53.687
1780559920.3155174,VDD_IN,6150.144,,
1780559920.3155174,VDD_CPU_GPU_CV,1692.48,,
1780559920.3155174,VDD_SOC,1655.808,,
1780559920.3155174,,,cpu-thermal,53.562
1780559920.3155174,,,gpu-thermal,54.062
1780559920.3155174,,,soc0-thermal,52.062
1780559920.3155174,,,soc1-thermal,51.343
1780559920.3155174,,,soc2-thermal,51.593
1780559920.3155174,,,tj-thermal,53.718
1780559920.4217002,VDD_IN,6150.144,,
1780559920.4217002,VDD_CPU_GPU_CV,1731.84,,
1780559920.4217002,VDD_SOC,1695.232,,
1780559920.4217002,,,cpu-thermal,53.75
1780559920.4217002,,,gpu-thermal,53.875
1780559920.4217002,,,soc0-thermal,52.031
1780559920.4217002,,,soc1-thermal,51.468
1780559920.4217002,,,soc2-thermal,51.687
1780559920.4217002,,,tj-thermal,53.75
1780559920.527552,VDD_IN,6189.568,,
1780559920.527552,VDD_CPU_GPU_CV,1731.84,,
1780559920.527552,VDD_SOC,1695.232,,
1780559920.527552,,,cpu-thermal,53.406
1780559920.527552,,,gpu-thermal,53.843
1780559920.527552,,,soc0-thermal,52.0
1780559920.527552,,,soc1-thermal,51.625
1780559920.527552,,,soc2-thermal,51.656
1780559920.527552,,,tj-thermal,54.031
1780559920.6336043,VDD_IN,6150.144,,
1780559920.6336043,VDD_CPU_GPU_CV,1692.48,,
1780559920.6336043,VDD_SOC,1695.232,,
1780559920.6336043,,,cpu-thermal,53.406
1780559920.6336043,,,gpu-thermal,53.75
1780559920.6336043,,,soc0-thermal,52.187
1780559920.6336043,,,soc1-thermal,51.468
1780559920.6336043,,,soc2-thermal,51.687
1780559920.6336043,,,tj-thermal,53.75
1780559920.7399702,VDD_IN,6110.72,,
1780559920.7399702,VDD_CPU_GPU_CV,1692.48,,
1780559920.7399702,VDD_SOC,1695.232,,
1780559920.7399702,,,cpu-thermal,53.625
1780559920.7399702,,,gpu-thermal,54.125
1780559920.7399702,,,soc0-thermal,52.062
1780559920.7399702,,,soc1-thermal,51.531
1780559920.7399702,,,soc2-thermal,51.718
1780559920.7399702,,,tj-thermal,54.125
1780559920.846353,VDD_IN,6110.72,,
1780559920.846353,VDD_CPU_GPU_CV,1692.48,,
1780559920.846353,VDD_SOC,1655.808,,
1780559920.846353,,,cpu-thermal,53.75
1780559920.846353,,,gpu-thermal,53.968
1780559920.846353,,,soc0-thermal,52.156
1780559920.846353,,,soc1-thermal,51.562
1780559920.846353,,,soc2-thermal,51.687
1780559920.846353,,,tj-thermal,53.968
1780559920.9525092,VDD_IN,6110.72,,
1780559920.9525092,VDD_CPU_GPU_CV,1692.48,,
1780559920.9525092,VDD_SOC,1695.232,,
1780559920.9525092,,,cpu-thermal,53.468
1780559920.9525092,,,gpu-thermal,54.0
1780559920.9525092,,,soc0-thermal,52.218
1780559920.9525092,,,soc1-thermal,51.406
1780559920.9525092,,,soc2-thermal,51.656
1780559920.9525092,,,tj-thermal,54.0
1780559921.0588255,VDD_IN,6110.72,,
1780559921.0588255,VDD_CPU_GPU_CV,1692.48,,
1780559921.0588255,VDD_SOC,1655.808,,
1780559921.0588255,,,cpu-thermal,53.531
1780559921.0588255,,,gpu-thermal,53.843
1780559921.0588255,,,soc0-thermal,52.156
1780559921.0588255,,,soc1-thermal,51.5
1780559921.0588255,,,soc2-thermal,51.75
1780559921.0588255,,,tj-thermal,53.843
1780559921.1648622,VDD_IN,6110.72,,
1780559921.1648622,VDD_CPU_GPU_CV,1692.48,,
1780559921.1648622,VDD_SOC,1655.808,,
1780559921.1648622,,,cpu-thermal,53.625
1780559921.1648622,,,gpu-thermal,53.843
1780559921.1648622,,,soc0-thermal,52.125
1780559921.1648622,,,soc1-thermal,51.593
1780559921.1648622,,,soc2-thermal,51.75
1780559921.1648622,,,tj-thermal,53.843
1780559921.271654,VDD_IN,6110.72,,
1780559921.271654,VDD_CPU_GPU_CV,1692.48,,
1780559921.271654,VDD_SOC,1655.808,,
1780559921.271654,,,cpu-thermal,53.406
1780559921.271654,,,gpu-thermal,53.75
1780559921.271654,,,soc0-thermal,52.218
1780559921.271654,,,soc1-thermal,51.437
1780559921.271654,,,soc2-thermal,51.687
1780559921.271654,,,tj-thermal,53.906
1780559921.3787599,VDD_IN,6150.144,,
1780559921.3787599,VDD_CPU_GPU_CV,1731.84,,
1780559921.3787599,VDD_SOC,1695.232,,
1780559921.3787599,,,cpu-thermal,53.468
1780559921.3787599,,,gpu-thermal,54.125
1780559921.3787599,,,soc0-thermal,52.125
1780559921.3787599,,,soc1-thermal,51.531
1780559921.3787599,,,soc2-thermal,51.718
1780559921.3787599,,,tj-thermal,53.843
1780559921.4854612,VDD_IN,6189.568,,
1780559921.4854612,VDD_CPU_GPU_CV,1731.84,,
1780559921.4854612,VDD_SOC,1695.232,,
1780559921.4854612,,,cpu-thermal,53.937
1780559921.4854612,,,gpu-thermal,54.0
1780559921.4854612,,,soc0-thermal,52.125
1780559921.4854612,,,soc1-thermal,51.593
1780559921.4854612,,,soc2-thermal,51.687
1780559921.4854612,,,tj-thermal,53.937
1780559921.5920222,VDD_IN,6150.144,,
1780559921.5920222,VDD_CPU_GPU_CV,1731.84,,
1780559921.5920222,VDD_SOC,1655.808,,
1780559921.5920222,,,cpu-thermal,53.5
1780559921.5920222,,,gpu-thermal,53.937
1780559921.5920222,,,soc0-thermal,52.218
1780559921.5920222,,,soc1-thermal,51.5
1780559921.5920222,,,soc2-thermal,51.781
1780559921.5920222,,,tj-thermal,54.343
1780559921.698564,VDD_IN,6150.144,,
1780559921.698564,VDD_CPU_GPU_CV,1692.48,,
1780559921.698564,VDD_SOC,1655.808,,
1780559921.698564,,,cpu-thermal,53.656
1780559921.698564,,,gpu-thermal,53.812
1780559921.698564,,,soc0-thermal,52.062
1780559921.698564,,,soc1-thermal,51.5
1780559921.698564,,,soc2-thermal,51.75
1780559921.698564,,,tj-thermal,54.093
1780559921.8054268,VDD_IN,6110.72,,
1780559921.8054268,VDD_CPU_GPU_CV,1692.48,,
1780559921.8054268,VDD_SOC,1655.808,,
1780559921.8054268,,,cpu-thermal,53.718
1780559921.8054268,,,gpu-thermal,53.781
1780559921.8054268,,,soc0-thermal,52.156
1780559921.8054268,,,soc1-thermal,51.625
1780559921.8054268,,,soc2-thermal,51.75
1780559921.8054268,,,tj-thermal,53.968
1780559921.9117203,VDD_IN,6110.72,,
1780559921.9117203,VDD_CPU_GPU_CV,1692.48,,
1780559921.9117203,VDD_SOC,1655.808,,
1780559921.9117203,,,cpu-thermal,53.593
1780559921.9117203,,,gpu-thermal,54.218
1780559921.9117203,,,soc0-thermal,52.218
1780559921.9117203,,,soc1-thermal,51.531
1780559921.9117203,,,soc2-thermal,51.687
1780559921.9117203,,,tj-thermal,53.875
1780559922.0178041,VDD_IN,6110.72,,
1780559922.0178041,VDD_CPU_GPU_CV,1692.48,,
1780559922.0178041,VDD_SOC,1655.808,,
1780559922.0178041,,,cpu-thermal,53.625
1780559922.0178041,,,gpu-thermal,54.093
1780559922.0178041,,,soc0-thermal,52.125
1780559922.0178041,,,soc1-thermal,51.468
1780559922.0178041,,,soc2-thermal,51.781
1780559922.0178041,,,tj-thermal,53.875
1780559922.1246188,VDD_IN,6110.72,,
1780559922.1246188,VDD_CPU_GPU_CV,1692.48,,
1780559922.1246188,VDD_SOC,1655.808,,
1780559922.1246188,,,cpu-thermal,53.625
1780559922.1246188,,,gpu-thermal,53.968
1780559922.1246188,,,soc0-thermal,52.25
1780559922.1246188,,,soc1-thermal,51.531
1780559922.1246188,,,soc2-thermal,51.781
1780559922.1246188,,,tj-thermal,53.812
1780559922.2308552,VDD_IN,6110.72,,
1780559922.2308552,VDD_CPU_GPU_CV,1692.48,,
1780559922.2308552,VDD_SOC,1655.808,,
1780559922.2308552,,,cpu-thermal,53.593
1780559922.2308552,,,gpu-thermal,53.968
1780559922.2308552,,,soc0-thermal,52.281
1780559922.2308552,,,soc1-thermal,51.531
1780559922.2308552,,,soc2-thermal,51.781
1780559922.2308552,,,tj-thermal,54.218
1780559922.3369653,VDD_IN,6307.84,,
1780559922.3369653,VDD_CPU_GPU_CV,1810.56,,
1780559922.3369653,VDD_SOC,1695.232,,
1780559922.3369653,,,cpu-thermal,54.062
1780559922.3369653,,,gpu-thermal,54.093
1780559922.3369653,,,soc0-thermal,52.187
1780559922.3369653,,,soc1-thermal,51.625
1780559922.3369653,,,soc2-thermal,51.875
1780559922.3369653,,,tj-thermal,54.093
1780559922.4465003,VDD_IN,6612.48,,
1780559922.4465003,VDD_CPU_GPU_CV,2043.392,,
1780559922.4465003,VDD_SOC,1731.84,,
1780559922.4465003,,,cpu-thermal,54.25
1780559922.4465003,,,gpu-thermal,54.093
1780559922.4465003,,,soc0-thermal,52.25
1780559922.4465003,,,soc1-thermal,51.718
1780559922.4465003,,,soc2-thermal,51.875
1780559922.4465003,,,tj-thermal,54.25
1780559922.552763,VDD_IN,6809.28,,
1780559922.552763,VDD_CPU_GPU_CV,2200.576,,
1780559922.552763,VDD_SOC,1731.84,,
1780559922.552763,,,cpu-thermal,54.125
1780559922.552763,,,gpu-thermal,53.968
1780559922.552763,,,soc0-thermal,52.093
1780559922.552763,,,soc1-thermal,51.531
1780559922.552763,,,soc2-thermal,51.875
1780559922.552763,,,tj-thermal,54.156
1780559922.661919,VDD_IN,6966.72,,
1780559922.661919,VDD_CPU_GPU_CV,2314.688,,
1780559922.661919,VDD_SOC,1729.024,,
1780559922.661919,,,cpu-thermal,54.218
1780559922.661919,,,gpu-thermal,54.125
1780559922.661919,,,soc0-thermal,52.25
1780559922.661919,,,soc1-thermal,51.718
1780559922.661919,,,soc2-thermal,52.0
1780559922.661919,,,tj-thermal,54.125
1780559922.7696924,VDD_IN,7112.576,,
1780559922.7696924,VDD_CPU_GPU_CV,2393.152,,
1780559922.7696924,VDD_SOC,1768.32,,
1780559922.7696924,,,cpu-thermal,54.093
1780559922.7696924,,,gpu-thermal,54.312
1780559922.7696924,,,soc0-thermal,52.187
1780559922.7696924,,,soc1-thermal,51.593
1780559922.7696924,,,soc2-thermal,51.906
1780559922.7696924,,,tj-thermal,54.312
1780559922.8798199,VDD_IN,6966.72,,
1780559922.8798199,VDD_CPU_GPU_CV,2279.168,,
1780559922.8798199,VDD_SOC,1731.84,,
1780559922.8798199,,,cpu-thermal,54.031
1780559922.8798199,,,gpu-thermal,54.187
1780559922.8798199,,,soc0-thermal,52.218
1780559922.8798199,,,soc1-thermal,51.75
1780559922.8798199,,,soc2-thermal,51.875
1780559922.8798199,,,tj-thermal,54.187
1780559922.9862666,VDD_IN,6769.92,,
1780559922.9862666,VDD_CPU_GPU_CV,2161.28,,
1780559922.9862666,VDD_SOC,1731.84,,
1780559922.9862666,,,cpu-thermal,54.187
1780559922.9862666,,,gpu-thermal,54.125
1780559922.9862666,,,soc0-thermal,52.375
1780559922.9862666,,,soc1-thermal,51.625
1780559922.9862666,,,soc2-thermal,51.906
1780559922.9862666,,,tj-thermal,54.125
1780559923.0924325,VDD_IN,6651.84,,
1780559923.0924325,VDD_CPU_GPU_CV,2082.688,,
1780559923.0924325,VDD_SOC,1692.48,,
1780559923.0924325,,,cpu-thermal,53.843
1780559923.0924325,,,gpu-thermal,53.968
1780559923.0924325,,,soc0-thermal,52.156
1780559923.0924325,,,soc1-thermal,51.656
1780559923.0924325,,,soc2-thermal,52.031
1780559923.0924325,,,tj-thermal,53.968
1780559923.198548,VDD_IN,6494.4,,
1780559923.198548,VDD_CPU_GPU_CV,2004.096,,
1780559923.198548,VDD_SOC,1692.48,,
1780559923.198548,,,cpu-thermal,53.875
1780559923.198548,,,gpu-thermal,53.937
1780559923.198548,,,soc0-thermal,52.312
1780559923.198548,,,soc1-thermal,51.687
1780559923.198548,,,soc2-thermal,51.968
1780559923.198548,,,tj-thermal,53.937
1780559923.3051643,VDD_IN,6426.112,,
1780559923.3051643,VDD_CPU_GPU_CV,1928.64,,
1780559923.3051643,VDD_SOC,1692.48,,
1780559923.3051643,,,cpu-thermal,53.75
1780559923.3051643,,,gpu-thermal,54.343
1780559923.3051643,,,soc0-thermal,52.281
1780559923.3051643,,,soc1-thermal,51.625
1780559923.3051643,,,soc2-thermal,51.906
1780559923.3051643,,,tj-thermal,54.343
1780559923.4113874,VDD_IN,6386.688,,
1780559923.4113874,VDD_CPU_GPU_CV,1889.28,,
1780559923.4113874,VDD_SOC,1692.48,,
1780559923.4113874,,,cpu-thermal,53.781
1780559923.4113874,,,gpu-thermal,54.25
1780559923.4113874,,,soc0-thermal,52.187
1780559923.4113874,,,soc1-thermal,51.718
1780559923.4113874,,,soc2-thermal,51.937
1780559923.4113874,,,tj-thermal,54.25
1780559923.5173137,VDD_IN,6347.264,,
1780559923.5173137,VDD_CPU_GPU_CV,1849.92,,
1780559923.5173137,VDD_SOC,1695.232,,
1780559923.5173137,,,cpu-thermal,54.187
1780559923.5173137,,,gpu-thermal,54.125
1780559923.5173137,,,soc0-thermal,52.218
1780559923.5173137,,,soc1-thermal,51.718
1780559923.5173137,,,soc2-thermal,52.0
1780559923.5173137,,,tj-thermal,54.187
1780559923.623969,VDD_IN,6268.416,,
1780559923.623969,VDD_CPU_GPU_CV,1810.56,,
1780559923.623969,VDD_SOC,1695.232,,
1780559923.623969,,,cpu-thermal,53.75
1780559923.623969,,,gpu-thermal,54.062
1780559923.623969,,,soc0-thermal,52.406
1780559923.623969,,,soc1-thermal,51.656
1780559923.623969,,,soc2-thermal,51.843
1780559923.623969,,,tj-thermal,54.062
1780559923.7307167,VDD_IN,6228.992,,
1780559923.7307167,VDD_CPU_GPU_CV,1771.2,,
1780559923.7307167,VDD_SOC,1695.232,,
1780559923.7307167,,,cpu-thermal,53.75
1780559923.7307167,,,gpu-thermal,54.031
1780559923.7307167,,,soc0-thermal,52.468
1780559923.7307167,,,soc1-thermal,51.75
1780559923.7307167,,,soc2-thermal,52.0
1780559923.7307167,,,tj-thermal,54.031
1780559923.8378036,VDD_IN,6189.568,,
1780559923.8378036,VDD_CPU_GPU_CV,1771.2,,
1780559923.8378036,VDD_SOC,1695.232,,
1780559923.8378036,,,cpu-thermal,53.906
1780559923.8378036,,,gpu-thermal,53.968
1780559923.8378036,,,soc0-thermal,52.281
1780559923.8378036,,,soc1-thermal,51.718
1780559923.8378036,,,soc2-thermal,51.968
1780559923.8378036,,,tj-thermal,53.968
1780559923.9438593,VDD_IN,6189.568,,
1780559923.9438593,VDD_CPU_GPU_CV,1731.84,,
1780559923.9438593,VDD_SOC,1655.808,,
1780559923.9438593,,,cpu-thermal,54.093
1780559923.9438593,,,gpu-thermal,54.312
1780559923.9438593,,,soc0-thermal,52.25
1780559923.9438593,,,soc1-thermal,51.875
1780559923.9438593,,,soc2-thermal,51.937
1780559923.9438593,,,tj-thermal,54.312
1780559924.050055,VDD_IN,6150.144,,
1780559924.050055,VDD_CPU_GPU_CV,1731.84,,
1780559924.050055,VDD_SOC,1655.808,,
1780559924.050055,,,cpu-thermal,53.906
1780559924.050055,,,gpu-thermal,54.125
1780559924.050055,,,soc0-thermal,52.437
1780559924.050055,,,soc1-thermal,51.718
1780559924.050055,,,soc2-thermal,51.906
1780559924.050055,,,tj-thermal,54.125
1780559924.1565025,VDD_IN,6150.144,,
1780559924.1565025,VDD_CPU_GPU_CV,1692.48,,
1780559924.1565025,VDD_SOC,1655.808,,
1780559924.1565025,,,cpu-thermal,53.781
1780559924.1565025,,,gpu-thermal,54.125
1780559924.1565025,,,soc0-thermal,52.218
1780559924.1565025,,,soc1-thermal,51.812
1780559924.1565025,,,soc2-thermal,51.968
1780559924.1565025,,,tj-thermal,54.125
1780559924.2628741,VDD_IN,6150.144,,
1780559924.2628741,VDD_CPU_GPU_CV,1692.48,,
1780559924.2628741,VDD_SOC,1655.808,,
1780559924.2628741,,,cpu-thermal,53.781
1780559924.2628741,,,gpu-thermal,54.062
1780559924.2628741,,,soc0-thermal,52.343
1780559924.2628741,,,soc1-thermal,51.843
1780559924.2628741,,,soc2-thermal,51.875
1780559924.2628741,,,tj-thermal,54.062
1780559924.3692386,VDD_IN,6189.568,,
1780559924.3692386,VDD_CPU_GPU_CV,1731.84,,
1780559924.3692386,VDD_SOC,1695.232,,
1780559924.3692386,,,cpu-thermal,53.687
1780559924.3692386,,,gpu-thermal,53.937
1780559924.3692386,,,soc0-thermal,52.562
1780559924.3692386,,,soc1-thermal,51.75
1780559924.3692386,,,soc2-thermal,51.937
1780559924.3692386,,,tj-thermal,53.937
1780559924.4755864,VDD_IN,6189.568,,
1780559924.4755864,VDD_CPU_GPU_CV,1731.84,,
1780559924.4755864,VDD_SOC,1695.232,,
1780559924.4755864,,,cpu-thermal,53.687
1780559924.4755864,,,gpu-thermal,54.406
1780559924.4755864,,,soc0-thermal,52.343
1780559924.4755864,,,soc1-thermal,51.781
1780559924.4755864,,,soc2-thermal,51.968
1780559924.4755864,,,tj-thermal,54.406
1780559924.5815008,VDD_IN,6189.568,,
1780559924.5815008,VDD_CPU_GPU_CV,1731.84,,
1780559924.5815008,VDD_SOC,1695.232,,
1780559924.5815008,,,cpu-thermal,53.812
1780559924.5815008,,,gpu-thermal,54.312
1780559924.5815008,,,soc0-thermal,52.343
1780559924.5815008,,,soc1-thermal,51.781
1780559924.5815008,,,soc2-thermal,51.937
1780559924.5815008,,,tj-thermal,54.312
1780559924.687797,VDD_IN,6189.568,,
1780559924.687797,VDD_CPU_GPU_CV,1731.84,,
1780559924.687797,VDD_SOC,1655.808,,
1780559924.687797,,,cpu-thermal,53.687
1780559924.687797,,,gpu-thermal,54.218
1780559924.687797,,,soc0-thermal,52.437
1780559924.687797,,,soc1-thermal,51.718
1780559924.687797,,,soc2-thermal,51.875
1780559924.687797,,,tj-thermal,54.218
1780559924.7938745,VDD_IN,6150.144,,
1780559924.7938745,VDD_CPU_GPU_CV,1692.48,,
1780559924.7938745,VDD_SOC,1655.808,,
1780559924.7938745,,,cpu-thermal,53.968
1780559924.7938745,,,gpu-thermal,54.125
1780559924.7938745,,,soc0-thermal,52.375
1780559924.7938745,,,soc1-thermal,51.75
1780559924.7938745,,,soc2-thermal,52.062
1780559924.7938745,,,tj-thermal,54.125
1780559924.9000225,VDD_IN,6150.144,,
1780559924.9000225,VDD_CPU_GPU_CV,1692.48,,
1780559924.9000225,VDD_SOC,1655.808,,
1780559924.9000225,,,cpu-thermal,54.062
1780559924.9000225,,,gpu-thermal,54.0
1780559924.9000225,,,soc0-thermal,52.281
1780559924.9000225,,,soc1-thermal,51.843
1780559924.9000225,,,soc2-thermal,51.906
1780559924.9000225,,,tj-thermal,54.062
1780559925.0063653,VDD_IN,6110.72,,
1780559925.0063653,VDD_CPU_GPU_CV,1692.48,,
1780559925.0063653,VDD_SOC,1655.808,,
1780559925.0063653,,,cpu-thermal,53.718
1780559925.0063653,,,gpu-thermal,54.5
1780559925.0063653,,,soc0-thermal,52.5
1780559925.0063653,,,soc1-thermal,51.687
1780559925.0063653,,,soc2-thermal,51.937
1780559925.0063653,,,tj-thermal,54.5
1780559925.1126416,VDD_IN,6110.72,,
1780559925.1126416,VDD_CPU_GPU_CV,1692.48,,
1780559925.1126416,VDD_SOC,1655.808,,
1780559925.1126416,,,cpu-thermal,54.0
1780559925.1126416,,,gpu-thermal,54.281
1780559925.1126416,,,soc0-thermal,52.281
1780559925.1126416,,,soc1-thermal,51.812
1780559925.1126416,,,soc2-thermal,52.031
1780559925.1126416,,,tj-thermal,54.281
1780559925.2187054,VDD_IN,6110.72,,
1780559925.2187054,VDD_CPU_GPU_CV,1692.48,,
1780559925.2187054,VDD_SOC,1655.808,,
1780559925.2187054,,,cpu-thermal,53.906
1780559925.2187054,,,gpu-thermal,54.0
1780559925.2187054,,,soc0-thermal,52.406
1780559925.2187054,,,soc1-thermal,51.812
1780559925.2187054,,,soc2-thermal,52.125
1780559925.2187054,,,tj-thermal,54.187
1780559925.3250341,VDD_IN,6110.72,,
1780559925.3250341,VDD_CPU_GPU_CV,1692.48,,
1780559925.3250341,VDD_SOC,1695.232,,
1780559925.3250341,,,cpu-thermal,53.812
1780559925.3250341,,,gpu-thermal,54.562
1780559925.3250341,,,soc0-thermal,52.531
1780559925.3250341,,,soc1-thermal,52.031
1780559925.3250341,,,soc2-thermal,52.031
1780559925.3250341,,,tj-thermal,54.125
1780559925.4309523,VDD_IN,6150.144,,
1780559925.4309523,VDD_CPU_GPU_CV,1731.84,,
1780559925.4309523,VDD_SOC,1695.232,,
1780559925.4309523,,,cpu-thermal,53.75
1780559925.4309523,,,gpu-thermal,54.343
1780559925.4309523,,,soc0-thermal,52.312
1780559925.4309523,,,soc1-thermal,51.781
1780559925.4309523,,,soc2-thermal,52.062
1780559925.4309523,,,tj-thermal,54.125
1780559925.5371115,VDD_IN,6189.568,,
1780559925.5371115,VDD_CPU_GPU_CV,1731.84,,
1780559925.5371115,VDD_SOC,1695.232,,
1780559925.5371115,,,cpu-thermal,53.906
1780559925.5371115,,,gpu-thermal,54.281
1780559925.5371115,,,soc0-thermal,52.343
1780559925.5371115,,,soc1-thermal,51.875
1780559925.5371115,,,soc2-thermal,52.062
1780559925.5371115,,,tj-thermal,54.062
1780559925.643542,VDD_IN,6150.144,,
1780559925.643542,VDD_CPU_GPU_CV,1731.84,,
1780559925.643542,VDD_SOC,1695.232,,
1780559925.643542,,,cpu-thermal,53.781
1780559925.643542,,,gpu-thermal,54.156
1780559925.643542,,,soc0-thermal,52.531
1780559925.643542,,,soc1-thermal,52.031
1780559925.643542,,,soc2-thermal,52.031
1780559925.643542,,,tj-thermal,54.437
1780559925.7497046,VDD_IN,6150.144,,
1780559925.7497046,VDD_CPU_GPU_CV,1692.48,,
1780559925.7497046,VDD_SOC,1695.232,,
1780559925.7497046,,,cpu-thermal,53.843
1780559925.7497046,,,gpu-thermal,54.125
1780559925.7497046,,,soc0-thermal,52.375
1780559925.7497046,,,soc1-thermal,51.843
1780559925.7497046,,,soc2-thermal,52.093
1780559925.7497046,,,tj-thermal,54.281
1780559925.856351,VDD_IN,6150.144,,
1780559925.856351,VDD_CPU_GPU_CV,1692.48,,
1780559925.856351,VDD_SOC,1655.808,,
1780559925.856351,,,cpu-thermal,54.125
1780559925.856351,,,gpu-thermal,54.062
1780559925.856351,,,soc0-thermal,52.406
1780559925.856351,,,soc1-thermal,51.812
1780559925.856351,,,soc2-thermal,52.125
1780559925.856351,,,tj-thermal,54.218
1780559925.9629319,VDD_IN,6110.72,,
1780559925.9629319,VDD_CPU_GPU_CV,1692.48,,
1780559925.9629319,VDD_SOC,1655.808,,
1780559925.9629319,,,cpu-thermal,54.375
1780559925.9629319,,,gpu-thermal,54.437
1780559925.9629319,,,soc0-thermal,52.468
1780559925.9629319,,,soc1-thermal,52.031
1780559925.9629319,,,soc2-thermal,52.093
1780559925.9629319,,,tj-thermal,54.375
1780559926.0696478,VDD_IN,6110.72,,
1780559926.0696478,VDD_CPU_GPU_CV,1692.48,,
1780559926.0696478,VDD_SOC,1655.808,,
1780559926.0696478,,,cpu-thermal,54.0
1780559926.0696478,,,gpu-thermal,54.125
1780559926.0696478,,,soc0-thermal,52.437
1780559926.0696478,,,soc1-thermal,51.781
1780559926.0696478,,,soc2-thermal,52.031
1780559926.0696478,,,tj-thermal,54.125
1780559926.1764538,VDD_IN,6110.72,,
1780559926.1764538,VDD_CPU_GPU_CV,1692.48,,
1780559926.1764538,VDD_SOC,1655.808,,
1780559926.1764538,,,cpu-thermal,54.093
1780559926.1764538,,,gpu-thermal,54.218
1780559926.1764538,,,soc0-thermal,52.531
1780559926.1764538,,,soc1-thermal,51.875
1780559926.1764538,,,soc2-thermal,52.125
1780559926.1764538,,,tj-thermal,54.531
1780559926.2830665,VDD_IN,6110.72,,
1780559926.2830665,VDD_CPU_GPU_CV,1692.48,,
1780559926.2830665,VDD_SOC,1655.808,,
1780559926.2830665,,,cpu-thermal,54.093
1780559926.2830665,,,gpu-thermal,54.406
1780559926.2830665,,,soc0-thermal,52.531
1780559926.2830665,,,soc1-thermal,52.0
1780559926.2830665,,,soc2-thermal,52.031
1780559926.2830665,,,tj-thermal,54.406
1780559926.389278,VDD_IN,6150.144,,
1780559926.389278,VDD_CPU_GPU_CV,1731.84,,
1780559926.389278,VDD_SOC,1695.232,,
1780559926.389278,,,cpu-thermal,53.906
1780559926.389278,,,gpu-thermal,54.125
1780559926.389278,,,soc0-thermal,52.406
1780559926.389278,,,soc1-thermal,51.843
1780559926.389278,,,soc2-thermal,52.093
1780559926.389278,,,tj-thermal,54.25
1780559926.4955447,VDD_IN,6189.568,,
1780559926.4955447,VDD_CPU_GPU_CV,1731.84,,
1780559926.4955447,VDD_SOC,1695.232,,
1780559926.4955447,,,cpu-thermal,53.937
1780559926.4955447,,,gpu-thermal,54.593
1780559926.4955447,,,soc0-thermal,52.468
1780559926.4955447,,,soc1-thermal,51.937
1780559926.4955447,,,soc2-thermal,52.187
1780559926.4955447,,,tj-thermal,54.156
1780559926.6017694,VDD_IN,6150.144,,
1780559926.6017694,VDD_CPU_GPU_CV,1731.84,,
1780559926.6017694,VDD_SOC,1695.232,,
1780559926.6017694,,,cpu-thermal,54.0
1780559926.6017694,,,gpu-thermal,54.187
1780559926.6017694,,,soc0-thermal,52.5
1780559926.6017694,,,soc1-thermal,52.062
1780559926.6017694,,,soc2-thermal,52.062
1780559926.6017694,,,tj-thermal,54.187
1780559926.708622,VDD_IN,6150.144,,
1780559926.708622,VDD_CPU_GPU_CV,1731.84,,
1780559926.708622,VDD_SOC,1655.808,,
1780559926.708622,,,cpu-thermal,53.843
1780559926.708622,,,gpu-thermal,54.312
1780559926.708622,,,soc0-thermal,52.468
1780559926.708622,,,soc1-thermal,51.875
1780559926.708622,,,soc2-thermal,52.093
1780559926.708622,,,tj-thermal,54.125
1780559926.814675,VDD_IN,6110.72,,
1780559926.814675,VDD_CPU_GPU_CV,1692.48,,
1780559926.814675,VDD_SOC,1655.808,,
1780559926.814675,,,cpu-thermal,53.906
1780559926.814675,,,gpu-thermal,54.218
1780559926.814675,,,soc0-thermal,52.406
1780559926.814675,,,soc1-thermal,51.875
1780559926.814675,,,soc2-thermal,52.125
1780559926.814675,,,tj-thermal,54.437
1780559926.9214284,VDD_IN,6110.72,,
1780559926.9214284,VDD_CPU_GPU_CV,1692.48,,
1780559926.9214284,VDD_SOC,1655.808,,
1780559926.9214284,,,cpu-thermal,54.312
1780559926.9214284,,,gpu-thermal,54.406
1780559926.9214284,,,soc0-thermal,52.562
1780559926.9214284,,,soc1-thermal,52.125
1780559926.9214284,,,soc2-thermal,52.125
1780559926.9214284,,,tj-thermal,54.406
1780559927.0278912,VDD_IN,6110.72,,
1780559927.0278912,VDD_CPU_GPU_CV,1692.48,,
1780559927.0278912,VDD_SOC,1655.808,,
1780559927.0278912,,,cpu-thermal,53.906
1780559927.0278912,,,gpu-thermal,54.656
1780559927.0278912,,,soc0-thermal,52.593
1780559927.0278912,,,soc1-thermal,51.843
1780559927.0278912,,,soc2-thermal,52.031
1780559927.0278912,,,tj-thermal,54.281
1780559927.133901,VDD_IN,6110.72,,
1780559927.133901,VDD_CPU_GPU_CV,1692.48,,
1780559927.133901,VDD_SOC,1655.808,,
1780559927.133901,,,cpu-thermal,54.093
1780559927.133901,,,gpu-thermal,54.437
1780559927.133901,,,soc0-thermal,52.5
1780559927.133901,,,soc1-thermal,51.906
1780559927.133901,,,soc2-thermal,52.031
1780559927.133901,,,tj-thermal,54.312
1780559927.2401202,VDD_IN,6110.72,,
1780559927.2401202,VDD_CPU_GPU_CV,1692.48,,
1780559927.2401202,VDD_SOC,1655.808,,
1780559927.2401202,,,cpu-thermal,54.156
1780559927.2401202,,,gpu-thermal,54.343
1780559927.2401202,,,soc0-thermal,52.531
1780559927.2401202,,,soc1-thermal,51.968
1780559927.2401202,,,soc2-thermal,52.187
1780559927.2401202,,,tj-thermal,54.156
1780559927.3462815,VDD_IN,6150.144,,
1780559927.3462815,VDD_CPU_GPU_CV,1731.84,,
1780559927.3462815,VDD_SOC,1695.232,,
1780559927.3462815,,,cpu-thermal,53.968
1780559927.3462815,,,gpu-thermal,54.312
1780559927.3462815,,,soc0-thermal,52.562
1780559927.3462815,,,soc1-thermal,51.906
1780559927.3462815,,,soc2-thermal,52.218
1780559927.3462815,,,tj-thermal,54.625
1780559927.4525058,VDD_IN,6189.568,,
1780559927.4525058,VDD_CPU_GPU_CV,1731.84,,
1780559927.4525058,VDD_SOC,1695.232,,
1780559927.4525058,,,cpu-thermal,53.937
1780559927.4525058,,,gpu-thermal,54.218
1780559927.4525058,,,soc0-thermal,52.531
1780559927.4525058,,,soc1-thermal,52.0
1780559927.4525058,,,soc2-thermal,52.125
1780559927.4525058,,,tj-thermal,54.468
1780559927.5592122,VDD_IN,6150.144,,
1780559927.5592122,VDD_CPU_GPU_CV,1731.84,,
1780559927.5592122,VDD_SOC,1695.232,,
1780559927.5592122,,,cpu-thermal,54.156
1780559927.5592122,,,gpu-thermal,54.156
1780559927.5592122,,,soc0-thermal,52.531
1780559927.5592122,,,soc1-thermal,52.031
1780559927.5592122,,,soc2-thermal,52.093
1780559927.5592122,,,tj-thermal,54.468
1780559927.6655188,VDD_IN,6150.144,,
1780559927.6655188,VDD_CPU_GPU_CV,1692.48,,
1780559927.6655188,VDD_SOC,1695.232,,
1780559927.6655188,,,cpu-thermal,54.0
1780559927.6655188,,,gpu-thermal,54.531
1780559927.6655188,,,soc0-thermal,52.656
1780559927.6655188,,,soc1-thermal,51.937
1780559927.6655188,,,soc2-thermal,52.156
1780559927.6655188,,,tj-thermal,54.312
1780559927.7722206,VDD_IN,6150.144,,
1780559927.7722206,VDD_CPU_GPU_CV,1692.48,,
1780559927.7722206,VDD_SOC,1655.808,,
1780559927.7722206,,,cpu-thermal,53.968
1780559927.7722206,,,gpu-thermal,54.468
1780559927.7722206,,,soc0-thermal,52.593
1780559927.7722206,,,soc1-thermal,52.031
1780559927.7722206,,,soc2-thermal,52.125
1780559927.7722206,,,tj-thermal,54.25
1780559927.8782814,VDD_IN,6110.72,,
1780559927.8782814,VDD_CPU_GPU_CV,1692.48,,
1780559927.8782814,VDD_SOC,1655.808,,
1780559927.8782814,,,cpu-thermal,54.375
1780559927.8782814,,,gpu-thermal,54.343
1780559927.8782814,,,soc0-thermal,52.468
1780559927.8782814,,,soc1-thermal,52.093
1780559927.8782814,,,soc2-thermal,52.312
1780559927.8782814,,,tj-thermal,54.656
1780559927.9844644,VDD_IN,6110.72,,
1780559927.9844644,VDD_CPU_GPU_CV,1692.48,,
1780559927.9844644,VDD_SOC,1655.808,,
1780559927.9844644,,,cpu-thermal,54.0
1780559927.9844644,,,gpu-thermal,54.25
1780559927.9844644,,,soc0-thermal,52.625
1780559927.9844644,,,soc1-thermal,52.218
1780559927.9844644,,,soc2-thermal,52.125
1780559927.9844644,,,tj-thermal,54.562
1780559928.0908923,VDD_IN,6110.72,,
1780559928.0908923,VDD_CPU_GPU_CV,1692.48,,
1780559928.0908923,VDD_SOC,1655.808,,
1780559928.0908923,,,cpu-thermal,54.093
1780559928.0908923,,,gpu-thermal,54.25
1780559928.0908923,,,soc0-thermal,52.562
1780559928.0908923,,,soc1-thermal,51.968
1780559928.0908923,,,soc2-thermal,52.187
1780559928.0908923,,,tj-thermal,54.25
1780559928.1968958,VDD_IN,6110.72,,
1780559928.1968958,VDD_CPU_GPU_CV,1692.48,,
1780559928.1968958,VDD_SOC,1655.808,,
1780559928.1968958,,,cpu-thermal,54.218
1780559928.1968958,,,gpu-thermal,54.625
1780559928.1968958,,,soc0-thermal,52.593
1780559928.1968958,,,soc1-thermal,52.0
1780559928.1968958,,,soc2-thermal,52.281
1780559928.1968958,,,tj-thermal,54.625
1780559928.303245,VDD_IN,6150.144,,
1780559928.303245,VDD_CPU_GPU_CV,1692.48,,
1780559928.303245,VDD_SOC,1655.808,,
1780559928.303245,,,cpu-thermal,54.281
1780559928.303245,,,gpu-thermal,54.593
1780559928.303245,,,soc0-thermal,52.562
1780559928.303245,,,soc1-thermal,52.125
1780559928.303245,,,soc2-thermal,52.281
1780559928.303245,,,tj-thermal,54.593
1780559928.4093375,VDD_IN,6189.568,,
1780559928.4093375,VDD_CPU_GPU_CV,1731.84,,
1780559928.4093375,VDD_SOC,1695.232,,
1780559928.4093375,,,cpu-thermal,54.031
1780559928.4093375,,,gpu-thermal,54.406
1780559928.4093375,,,soc0-thermal,52.781
1780559928.4093375,,,soc1-thermal,52.0
1780559928.4093375,,,soc2-thermal,52.187
1780559928.4093375,,,tj-thermal,54.406
1780559928.5152571,VDD_IN,6189.568,,
1780559928.5152571,VDD_CPU_GPU_CV,1731.84,,
1780559928.5152571,VDD_SOC,1695.232,,
1780559928.5152571,,,cpu-thermal,54.156
1780559928.5152571,,,gpu-thermal,54.312
1780559928.5152571,,,soc0-thermal,52.625
1780559928.5152571,,,soc1-thermal,52.062
1780559928.5152571,,,soc2-thermal,52.25
1780559928.5152571,,,tj-thermal,54.312
1780559928.6217074,VDD_IN,6189.568,,
1780559928.6217074,VDD_CPU_GPU_CV,1731.84,,
1780559928.6217074,VDD_SOC,1695.232,,
1780559928.6217074,,,cpu-thermal,54.031
1780559928.6217074,,,gpu-thermal,54.375
1780559928.6217074,,,soc0-thermal,52.656
1780559928.6217074,,,soc1-thermal,52.187
1780559928.6217074,,,soc2-thermal,52.187
1780559928.6217074,,,tj-thermal,54.375
1780559928.7278872,VDD_IN,6150.144,,
1780559928.7278872,VDD_CPU_GPU_CV,1692.48,,
1780559928.7278872,VDD_SOC,1695.232,,
1780559928.7278872,,,cpu-thermal,54.031
1780559928.7278872,,,gpu-thermal,54.25
1780559928.7278872,,,soc0-thermal,52.687
1780559928.7278872,,,soc1-thermal,52.062
1780559928.7278872,,,soc2-thermal,52.218
1780559928.7278872,,,tj-thermal,54.25
1780559928.833962,VDD_IN,6150.144,,
1780559928.833962,VDD_CPU_GPU_CV,1692.48,,
1780559928.833962,VDD_SOC,1655.808,,
1780559928.833962,,,cpu-thermal,54.187
1780559928.833962,,,gpu-thermal,54.625
1780559928.833962,,,soc0-thermal,52.625
1780559928.833962,,,soc1-thermal,52.093
1780559928.833962,,,soc2-thermal,52.25
1780559928.833962,,,tj-thermal,54.625
1780559928.9402168,VDD_IN,6150.144,,
1780559928.9402168,VDD_CPU_GPU_CV,1692.48,,
1780559928.9402168,VDD_SOC,1655.808,,
1780559928.9402168,,,cpu-thermal,54.125
1780559928.9402168,,,gpu-thermal,54.5
1780559928.9402168,,,soc0-thermal,52.593
1780559928.9402168,,,soc1-thermal,52.125
1780559928.9402168,,,soc2-thermal,52.187
1780559928.9402168,,,tj-thermal,54.5
1780559929.0464797,VDD_IN,6110.72,,
1780559929.0464797,VDD_CPU_GPU_CV,1692.48,,
1780559929.0464797,VDD_SOC,1655.808,,
1780559929.0464797,,,cpu-thermal,54.156
1780559929.0464797,,,gpu-thermal,54.406
1780559929.0464797,,,soc0-thermal,52.718
1780559929.0464797,,,soc1-thermal,52.062
1780559929.0464797,,,soc2-thermal,52.218
1780559929.0464797,,,tj-thermal,54.406
1780559929.1525793,VDD_IN,6110.72,,
1780559929.1525793,VDD_CPU_GPU_CV,1692.48,,
1780559929.1525793,VDD_SOC,1655.808,,
1780559929.1525793,,,cpu-thermal,54.125
1780559929.1525793,,,gpu-thermal,54.375
1780559929.1525793,,,soc0-thermal,52.656
1780559929.1525793,,,soc1-thermal,52.062
1780559929.1525793,,,soc2-thermal,52.312
1780559929.1525793,,,tj-thermal,54.375
1780559929.2587047,VDD_IN,6110.72,,
1780559929.2587047,VDD_CPU_GPU_CV,1692.48,,
1780559929.2587047,VDD_SOC,1655.808,,
1780559929.2587047,,,cpu-thermal,54.343
1780559929.2587047,,,gpu-thermal,54.531
1780559929.2587047,,,soc0-thermal,52.625
1780559929.2587047,,,soc1-thermal,52.125
1780559929.2587047,,,soc2-thermal,52.312
1780559929.2587047,,,tj-thermal,54.343
1780559929.3646688,VDD_IN,6150.144,,
1780559929.3646688,VDD_CPU_GPU_CV,1731.84,,
1780559929.3646688,VDD_SOC,1695.232,,
1780559929.3646688,,,cpu-thermal,54.437
1780559929.3646688,,,gpu-thermal,54.437
1780559929.3646688,,,soc0-thermal,52.75
1780559929.3646688,,,soc1-thermal,52.187
1780559929.3646688,,,soc2-thermal,52.25
1780559929.3646688,,,tj-thermal,54.75
1780559929.470708,VDD_IN,6189.568,,
1780559929.470708,VDD_CPU_GPU_CV,1731.84,,
1780559929.470708,VDD_SOC,1695.232,,
1780559929.470708,,,cpu-thermal,54.093
1780559929.470708,,,gpu-thermal,54.437
1780559929.470708,,,soc0-thermal,52.593
1780559929.470708,,,soc1-thermal,52.093
1780559929.470708,,,soc2-thermal,52.25
1780559929.470708,,,tj-thermal,54.593
1780559929.5771534,VDD_IN,6150.144,,
1780559929.5771534,VDD_CPU_GPU_CV,1731.84,,
1780559929.5771534,VDD_SOC,1695.232,,
1780559929.5771534,,,cpu-thermal,54.312
1780559929.5771534,,,gpu-thermal,54.25
1780559929.5771534,,,soc0-thermal,52.718
1780559929.5771534,,,soc1-thermal,52.156
1780559929.5771534,,,soc2-thermal,52.281
1780559929.5771534,,,tj-thermal,54.468
1780559929.6832645,VDD_IN,6150.144,,
1780559929.6832645,VDD_CPU_GPU_CV,1692.48,,
1780559929.6832645,VDD_SOC,1695.232,,
1780559929.6832645,,,cpu-thermal,54.406
1780559929.6832645,,,gpu-thermal,54.687
1780559929.6832645,,,soc0-thermal,52.656
1780559929.6832645,,,soc1-thermal,52.218
1780559929.6832645,,,soc2-thermal,52.218
1780559929.6832645,,,tj-thermal,54.406
1780559929.7894392,VDD_IN,6110.72,,
1780559929.7894392,VDD_CPU_GPU_CV,1692.48,,
1780559929.7894392,VDD_SOC,1655.808,,
1780559929.7894392,,,cpu-thermal,54.156
1780559929.7894392,,,gpu-thermal,54.625
1780559929.7894392,,,soc0-thermal,52.625
1780559929.7894392,,,soc1-thermal,52.125
1780559929.7894392,,,soc2-thermal,52.312
1780559929.7894392,,,tj-thermal,54.625
1780559929.895582,VDD_IN,6110.72,,
1780559929.895582,VDD_CPU_GPU_CV,1692.48,,
1780559929.895582,VDD_SOC,1655.808,,
1780559929.895582,,,cpu-thermal,54.156
1780559929.895582,,,gpu-thermal,54.5
1780559929.895582,,,soc0-thermal,52.687
1780559929.895582,,,soc1-thermal,52.125
1780559929.895582,,,soc2-thermal,52.375
1780559929.895582,,,tj-thermal,54.5
1780559930.0021396,VDD_IN,6071.296,,
1780559930.0021396,VDD_CPU_GPU_CV,1653.12,,
1780559930.0021396,VDD_SOC,1655.808,,
1780559930.0021396,,,cpu-thermal,54.156
1780559930.0021396,,,gpu-thermal,54.437
1780559930.0021396,,,soc0-thermal,52.75
1780559930.0021396,,,soc1-thermal,52.25
1780559930.0021396,,,soc2-thermal,52.343
1780559930.0021396,,,tj-thermal,54.625
1780559930.1086876,VDD_IN,6071.296,,
1780559930.1086876,VDD_CPU_GPU_CV,1653.12,,
1780559930.1086876,VDD_SOC,1655.808,,
1780559930.1086876,,,cpu-thermal,54.156
1780559930.1086876,,,gpu-thermal,54.375
1780559930.1086876,,,soc0-thermal,52.75
1780559930.1086876,,,soc1-thermal,52.125
1780559930.1086876,,,soc2-thermal,52.343
1780559930.1086876,,,tj-thermal,54.375
1780559930.2146652,VDD_IN,6041.664,,
1780559930.2146652,VDD_CPU_GPU_CV,1655.808,,
1780559930.2146652,VDD_SOC,1655.808,,
1780559930.2146652,,,cpu-thermal,54.218
1780559930.2146652,,,gpu-thermal,54.781
1780559930.2146652,,,soc0-thermal,52.718
1780559930.2146652,,,soc1-thermal,52.093
1780559930.2146652,,,soc2-thermal,52.375
1780559930.2146652,,,tj-thermal,54.781
1780559930.3210306,VDD_IN,6071.296,,
1780559930.3210306,VDD_CPU_GPU_CV,1692.48,,
1780559930.3210306,VDD_SOC,1655.808,,
1780559930.3210306,,,cpu-thermal,54.375
1780559930.3210306,,,gpu-thermal,54.687
1780559930.3210306,,,soc0-thermal,52.687
1780559930.3210306,,,soc1-thermal,52.125
1780559930.3210306,,,soc2-thermal,52.281
1780559930.3210306,,,tj-thermal,54.687
1780559930.4276955,VDD_IN,6110.72,,
1780559930.4276955,VDD_CPU_GPU_CV,1692.48,,
1780559930.4276955,VDD_SOC,1695.232,,
1780559930.4276955,,,cpu-thermal,54.125
1780559930.4276955,,,gpu-thermal,54.593
1780559930.4276955,,,soc0-thermal,52.75
1780559930.4276955,,,soc1-thermal,52.125
1780559930.4276955,,,soc2-thermal,52.375
1780559930.4276955,,,tj-thermal,54.593
1780559930.5336845,VDD_IN,6150.144,,
1780559930.5336845,VDD_CPU_GPU_CV,1692.48,,
1780559930.5336845,VDD_SOC,1695.232,,
1780559930.5336845,,,cpu-thermal,54.312
1780559930.5336845,,,gpu-thermal,54.437
1780559930.5336845,,,soc0-thermal,52.687
1780559930.5336845,,,soc1-thermal,52.218
1780559930.5336845,,,soc2-thermal,52.343
1780559930.5336845,,,tj-thermal,54.437
1780559930.6401958,VDD_IN,6150.144,,
1780559930.6401958,VDD_CPU_GPU_CV,1692.48,,
1780559930.6401958,VDD_SOC,1695.232,,
1780559930.6401958,,,cpu-thermal,54.375
1780559930.6401958,,,gpu-thermal,54.437
1780559930.6401958,,,soc0-thermal,52.875
1780559930.6401958,,,soc1-thermal,52.187
1780559930.6401958,,,soc2-thermal,52.343
1780559930.6401958,,,tj-thermal,54.437
1780559930.746636,VDD_IN,6110.72,,
1780559930.746636,VDD_CPU_GPU_CV,1692.48,,
1780559930.746636,VDD_SOC,1695.232,,
1780559930.746636,,,cpu-thermal,54.25
1780559930.746636,,,gpu-thermal,54.406
1780559930.746636,,,soc0-thermal,52.875
1780559930.746636,,,soc1-thermal,52.312
1780559930.746636,,,soc2-thermal,52.312
1780559930.746636,,,tj-thermal,54.406
1780559930.85283,VDD_IN,6110.72,,
1780559930.85283,VDD_CPU_GPU_CV,1692.48,,
1780559930.85283,VDD_SOC,1655.808,,
1780559930.85283,,,cpu-thermal,54.25
1780559930.85283,,,gpu-thermal,54.781
1780559930.85283,,,soc0-thermal,52.625
1780559930.85283,,,soc1-thermal,52.125
1780559930.85283,,,soc2-thermal,52.375
1780559930.85283,,,tj-thermal,54.5
1780559930.9606953,VDD_IN,6110.72,,
1780559930.9606953,VDD_CPU_GPU_CV,1692.48,,
1780559930.9606953,VDD_SOC,1655.808,,
1780559930.9606953,,,cpu-thermal,54.156
1780559930.9606953,,,gpu-thermal,54.625
1780559930.9606953,,,soc0-thermal,52.843
1780559930.9606953,,,soc1-thermal,52.218
1780559930.9606953,,,soc2-thermal,52.281
1780559930.9606953,,,tj-thermal,54.375
1780559931.0667043,VDD_IN,6110.72,,
1780559931.0667043,VDD_CPU_GPU_CV,1692.48,,
1780559931.0667043,VDD_SOC,1655.808,,
1780559931.0667043,,,cpu-thermal,54.218
1780559931.0667043,,,gpu-thermal,54.562
1780559931.0667043,,,soc0-thermal,52.906
1780559931.0667043,,,soc1-thermal,52.156
1780559931.0667043,,,soc2-thermal,52.437
1780559931.0667043,,,tj-thermal,54.812
1780559931.1732974,VDD_IN,6110.72,,
1780559931.1732974,VDD_CPU_GPU_CV,1692.48,,
1780559931.1732974,VDD_SOC,1655.808,,
1780559931.1732974,,,cpu-thermal,54.218
1780559931.1732974,,,gpu-thermal,54.468
1780559931.1732974,,,soc0-thermal,52.812
1780559931.1732974,,,soc1-thermal,52.312
1780559931.1732974,,,soc2-thermal,52.468
1780559931.1732974,,,tj-thermal,54.718
1780559931.2798116,VDD_IN,6110.72,,
1780559931.2798116,VDD_CPU_GPU_CV,1692.48,,
1780559931.2798116,VDD_SOC,1655.808,,
1780559931.2798116,,,cpu-thermal,54.593
1780559931.2798116,,,gpu-thermal,54.406
1780559931.2798116,,,soc0-thermal,52.812
1780559931.2798116,,,soc1-thermal,52.25
1780559931.2798116,,,soc2-thermal,52.625
1780559931.2798116,,,tj-thermal,54.593
1780559931.3864934,VDD_IN,6150.144,,
1780559931.3864934,VDD_CPU_GPU_CV,1731.84,,
1780559931.3864934,VDD_SOC,1695.232,,
1780559931.3864934,,,cpu-thermal,54.156
1780559931.3864934,,,gpu-thermal,54.812
1780559931.3864934,,,soc0-thermal,52.843
1780559931.3864934,,,soc1-thermal,52.125
1780559931.3864934,,,soc2-thermal,52.281
1780559931.3864934,,,tj-thermal,54.593
1780559931.4925559,VDD_IN,6189.568,,
1780559931.4925559,VDD_CPU_GPU_CV,1731.84,,
1780559931.4925559,VDD_SOC,1695.232,,
1780559931.4925559,,,cpu-thermal,54.312
1780559931.4925559,,,gpu-thermal,54.718
1780559931.4925559,,,soc0-thermal,52.781
1780559931.4925559,,,soc1-thermal,52.187
1780559931.4925559,,,soc2-thermal,52.468
1780559931.4925559,,,tj-thermal,54.562
1780559931.5986316,VDD_IN,6150.144,,
1780559931.5986316,VDD_CPU_GPU_CV,1731.84,,
1780559931.5986316,VDD_SOC,1695.232,,
1780559931.5986316,,,cpu-thermal,54.375
1780559931.5986316,,,gpu-thermal,54.531
1780559931.5986316,,,soc0-thermal,52.75
1780559931.5986316,,,soc1-thermal,52.281
1780559931.5986316,,,soc2-thermal,52.5
1780559931.5986316,,,tj-thermal,54.531
1780559931.7047973,VDD_IN,6150.144,,
1780559931.7047973,VDD_CPU_GPU_CV,1731.84,,
1780559931.7047973,VDD_SOC,1655.808,,
1780559931.7047973,,,cpu-thermal,54.312
1780559931.7047973,,,gpu-thermal,54.531
1780559931.7047973,,,soc0-thermal,52.937
1780559931.7047973,,,soc1-thermal,52.468
1780559931.7047973,,,soc2-thermal,52.375
1780559931.7047973,,,tj-thermal,54.531
1780559931.8110793,VDD_IN,6150.144,,
1780559931.8110793,VDD_CPU_GPU_CV,1692.48,,
1780559931.8110793,VDD_SOC,1655.808,,
1780559931.8110793,,,cpu-thermal,54.375
1780559931.8110793,,,gpu-thermal,54.468
1780559931.8110793,,,soc0-thermal,52.75
1780559931.8110793,,,soc1-thermal,52.218
1780559931.8110793,,,soc2-thermal,52.406
1780559931.8110793,,,tj-thermal,54.625
1780559931.9179566,VDD_IN,6150.144,,
1780559931.9179566,VDD_CPU_GPU_CV,1692.48,,
1780559931.9179566,VDD_SOC,1655.808,,
1780559931.9179566,,,cpu-thermal,54.375
1780559931.9179566,,,gpu-thermal,54.937
1780559931.9179566,,,soc0-thermal,52.843
1780559931.9179566,,,soc1-thermal,52.187
1780559931.9179566,,,soc2-thermal,52.593
1780559931.9179566,,,tj-thermal,54.937
1780559932.0240777,VDD_IN,6110.72,,
1780559932.0240777,VDD_CPU_GPU_CV,1692.48,,
1780559932.0240777,VDD_SOC,1655.808,,
1780559932.0240777,,,cpu-thermal,54.281
1780559932.0240777,,,gpu-thermal,54.75
1780559932.0240777,,,soc0-thermal,52.937
1780559932.0240777,,,soc1-thermal,52.437
1780559932.0240777,,,soc2-thermal,52.5
1780559932.0240777,,,tj-thermal,54.75
1780559932.1303022,VDD_IN,6268.416,,
1780559932.1303022,VDD_CPU_GPU_CV,1771.2,,
1780559932.1303022,VDD_SOC,1692.48,,
1780559932.1303022,,,cpu-thermal,54.437
1780559932.1303022,,,gpu-thermal,54.656
1780559932.1303022,,,soc0-thermal,52.812
1780559932.1303022,,,soc1-thermal,52.312
1780559932.1303022,,,soc2-thermal,52.531
1780559932.1303022,,,tj-thermal,54.5
1780559932.2371047,VDD_IN,6268.416,,
1780559932.2371047,VDD_CPU_GPU_CV,1771.2,,
1780559932.2371047,VDD_SOC,1692.48,,
1780559932.2371047,,,cpu-thermal,54.593
1780559932.2371047,,,gpu-thermal,54.625
1780559932.2371047,,,soc0-thermal,52.843
1780559932.2371047,,,soc1-thermal,52.343
1780559932.2371047,,,soc2-thermal,52.593
1780559932.2371047,,,tj-thermal,54.968
1780559932.3434718,VDD_IN,6297.6,,
1780559932.3434718,VDD_CPU_GPU_CV,1810.56,,
1780559932.3434718,VDD_SOC,1692.48,,
1780559932.3434718,,,cpu-thermal,54.281
1780559932.3434718,,,gpu-thermal,54.593
1780559932.3434718,,,soc0-thermal,53.0
1780559932.3434718,,,soc1-thermal,52.437
1780559932.3434718,,,soc2-thermal,52.531
1780559932.3434718,,,tj-thermal,54.812
1780559932.4498794,VDD_IN,6307.84,,
1780559932.4498794,VDD_CPU_GPU_CV,1810.56,,
1780559932.4498794,VDD_SOC,1692.48,,
1780559932.4498794,,,cpu-thermal,54.343
1780559932.4498794,,,gpu-thermal,54.531
1780559932.4498794,,,soc0-thermal,52.781
1780559932.4498794,,,soc1-thermal,52.281
1780559932.4498794,,,soc2-thermal,52.5
1780559932.4498794,,,tj-thermal,54.687
1780559932.5564117,VDD_IN,6268.416,,
1780559932.5564117,VDD_CPU_GPU_CV,1810.56,,
1780559932.5564117,VDD_SOC,1695.232,,
1780559932.5564117,,,cpu-thermal,54.531
1780559932.5564117,,,gpu-thermal,54.843
1780559932.5564117,,,soc0-thermal,52.843
1780559932.5564117,,,soc1-thermal,52.312
1780559932.5564117,,,soc2-thermal,52.656
1780559932.5564117,,,tj-thermal,54.625
1780559932.6626995,VDD_IN,6228.992,,
1780559932.6626995,VDD_CPU_GPU_CV,1771.2,,
1780559932.6626995,VDD_SOC,1695.232,,
1780559932.6626995,,,cpu-thermal,54.562
1780559932.6626995,,,gpu-thermal,54.75
1780559932.6626995,,,soc0-thermal,52.906
1780559932.6626995,,,soc1-thermal,52.406
1780559932.6626995,,,soc2-thermal,52.593
1780559932.6626995,,,tj-thermal,54.75
1780559932.768726,VDD_IN,6189.568,,
1780559932.768726,VDD_CPU_GPU_CV,1731.84,,
1780559932.768726,VDD_SOC,1695.232,,
1780559932.768726,,,cpu-thermal,54.343
1780559932.768726,,,gpu-thermal,54.656
1780559932.768726,,,soc0-thermal,52.968
1780559932.768726,,,soc1-thermal,52.156
1780559932.768726,,,soc2-thermal,52.5
1780559932.768726,,,tj-thermal,54.656
1780559932.8749506,VDD_IN,6150.144,,
1780559932.8749506,VDD_CPU_GPU_CV,1734.656,,
1780559932.8749506,VDD_SOC,1655.808,,
1780559932.8749506,,,cpu-thermal,54.406
1780559932.8749506,,,gpu-thermal,54.625
1780559932.8749506,,,soc0-thermal,52.843
1780559932.8749506,,,soc1-thermal,52.437
1780559932.8749506,,,soc2-thermal,52.593
1780559932.8749506,,,tj-thermal,54.625
1780559932.981413,VDD_IN,6110.72,,
1780559932.981413,VDD_CPU_GPU_CV,1695.232,,
1780559932.981413,VDD_SOC,1655.808,,
1780559932.981413,,,cpu-thermal,54.437
1780559932.981413,,,gpu-thermal,54.593
1780559932.981413,,,soc0-thermal,52.937
1780559932.981413,,,soc1-thermal,52.375
1780559932.981413,,,soc2-thermal,52.437
1780559932.981413,,,tj-thermal,54.593
1780559933.0874667,VDD_IN,6120.64,,
1780559933.0874667,VDD_CPU_GPU_CV,1695.232,,
1780559933.0874667,VDD_SOC,1655.808,,
1780559933.0874667,,,cpu-thermal,54.375
1780559933.0874667,,,gpu-thermal,55.0
1780559933.0874667,,,soc0-thermal,53.0
1780559933.0874667,,,soc1-thermal,52.281
1780559933.0874667,,,soc2-thermal,52.593
1780559933.0874667,,,tj-thermal,55.0
1780559933.1942384,VDD_IN,6081.152,,
1780559933.1942384,VDD_CPU_GPU_CV,1695.232,,
1780559933.1942384,VDD_SOC,1655.808,,
1780559933.1942384,,,cpu-thermal,54.406
1780559933.1942384,,,gpu-thermal,54.781
1780559933.1942384,,,soc0-thermal,52.875
1780559933.1942384,,,soc1-thermal,52.343
1780559933.1942384,,,soc2-thermal,52.656
1780559933.1942384,,,tj-thermal,54.781
1780559933.300249,VDD_IN,6120.64,,
1780559933.300249,VDD_CPU_GPU_CV,1695.232,,
1780559933.300249,VDD_SOC,1655.808,,
1780559933.300249,,,cpu-thermal,54.812
1780559933.300249,,,gpu-thermal,54.656
1780559933.300249,,,soc0-thermal,52.875
1780559933.300249,,,soc1-thermal,52.437
1780559933.300249,,,soc2-thermal,52.593
1780559933.300249,,,tj-thermal,54.812
1780559933.4063723,VDD_IN,6110.72,,
1780559933.4063723,VDD_CPU_GPU_CV,1695.232,,
1780559933.4063723,VDD_SOC,1655.808,,
1780559933.4063723,,,cpu-thermal,54.375
1780559933.4063723,,,gpu-thermal,54.75
1780559933.4063723,,,soc0-thermal,53.062
1780559933.4063723,,,soc1-thermal,52.281
1780559933.4063723,,,soc2-thermal,52.562
1780559933.4063723,,,tj-thermal,54.75
1780559933.5127034,VDD_IN,6150.144,,
1780559933.5127034,VDD_CPU_GPU_CV,1692.48,,
1780559933.5127034,VDD_SOC,1695.232,,
1780559933.5127034,,,cpu-thermal,54.562
1780559933.5127034,,,gpu-thermal,54.593
1780559933.5127034,,,soc0-thermal,53.031
1780559933.5127034,,,soc1-thermal,52.281
1780559933.5127034,,,soc2-thermal,52.593
1780559933.5127034,,,tj-thermal,54.593
1780559933.6190412,VDD_IN,6120.64,,
1780559933.6190412,VDD_CPU_GPU_CV,1695.232,,
1780559933.6190412,VDD_SOC,1655.808,,
1780559933.6190412,,,cpu-thermal,54.593
1780559933.6190412,,,gpu-thermal,54.625
1780559933.6190412,,,soc0-thermal,52.937
1780559933.6190412,,,soc1-thermal,52.5
1780559933.6190412,,,soc2-thermal,52.687
1780559933.6190412,,,tj-thermal,54.625
1780559933.7251525,VDD_IN,6081.152,,
1780559933.7251525,VDD_CPU_GPU_CV,1695.232,,
1780559933.7251525,VDD_SOC,1655.808,,
1780559933.7251525,,,cpu-thermal,54.718
1780559933.7251525,,,gpu-thermal,54.906
1780559933.7251525,,,soc0-thermal,53.062
1780559933.7251525,,,soc1-thermal,52.343
1780559933.7251525,,,soc2-thermal,52.531
1780559933.7251525,,,tj-thermal,54.906
1780559933.8316526,VDD_IN,6081.152,,
1780559933.8316526,VDD_CPU_GPU_CV,1655.808,,
1780559933.8316526,VDD_SOC,1655.808,,
1780559933.8316526,,,cpu-thermal,54.437
1780559933.8316526,,,gpu-thermal,54.843
1780559933.8316526,,,soc0-thermal,52.937
1780559933.8316526,,,soc1-thermal,52.281
1780559933.8316526,,,soc2-thermal,52.625
1780559933.8316526,,,tj-thermal,54.843
1780559933.9376988,VDD_IN,6081.152,,
1780559933.9376988,VDD_CPU_GPU_CV,1655.808,,
1780559933.9376988,VDD_SOC,1655.808,,
1780559933.9376988,,,cpu-thermal,54.562
1780559933.9376988,,,gpu-thermal,54.656
1780559933.9376988,,,soc0-thermal,52.968
1780559933.9376988,,,soc1-thermal,52.375
1780559933.9376988,,,soc2-thermal,52.656
1780559933.9376988,,,tj-thermal,54.656
1780559934.0441258,VDD_IN,6081.152,,
1780559934.0441258,VDD_CPU_GPU_CV,1655.808,,
1780559934.0441258,VDD_SOC,1655.808,,
1780559934.0441258,,,cpu-thermal,54.375
1780559934.0441258,,,gpu-thermal,54.656
1780559934.0441258,,,soc0-thermal,53.093
1780559934.0441258,,,soc1-thermal,52.406
1780559934.0441258,,,soc2-thermal,52.656
1780559934.0441258,,,tj-thermal,54.656
1780559934.150645,VDD_IN,6041.664,,
1780559934.150645,VDD_CPU_GPU_CV,1655.808,,
1780559934.150645,VDD_SOC,1655.808,,
1780559934.150645,,,cpu-thermal,54.375
1780559934.150645,,,gpu-thermal,54.593
1780559934.150645,,,soc0-thermal,53.093
1780559934.150645,,,soc1-thermal,52.375
1780559934.150645,,,soc2-thermal,52.718
1780559934.150645,,,tj-thermal,54.593
1780559934.2567039,VDD_IN,6081.152,,
1780559934.2567039,VDD_CPU_GPU_CV,1655.808,,
1780559934.2567039,VDD_SOC,1655.808,,
1780559934.2567039,,,cpu-thermal,54.406
1780559934.2567039,,,gpu-thermal,55.031
1780559934.2567039,,,soc0-thermal,53.0
1780559934.2567039,,,soc1-thermal,52.406
1780559934.2567039,,,soc2-thermal,52.75
1780559934.2567039,,,tj-thermal,55.031
1780559934.362636,VDD_IN,6081.152,,
1780559934.362636,VDD_CPU_GPU_CV,1695.232,,
1780559934.362636,VDD_SOC,1655.808,,
1780559934.362636,,,cpu-thermal,54.343
1780559934.362636,,,gpu-thermal,54.656
1780559934.362636,,,soc0-thermal,53.062
1780559934.362636,,,soc1-thermal,52.562
1780559934.362636,,,soc2-thermal,52.5
1780559934.362636,,,tj-thermal,54.843
1780559934.4683602,VDD_IN,6110.72,,
1780559934.4683602,VDD_CPU_GPU_CV,1692.48,,
1780559934.4683602,VDD_SOC,1655.808,,
1780559934.4683602,,,cpu-thermal,54.343
1780559934.4683602,,,gpu-thermal,54.656
1780559934.4683602,,,soc0-thermal,53.125
1780559934.4683602,,,soc1-thermal,52.375
1780559934.4683602,,,soc2-thermal,52.687
1780559934.4683602,,,tj-thermal,54.812
1780559934.5742345,VDD_IN,6110.72,,
1780559934.5742345,VDD_CPU_GPU_CV,1692.48,,
1780559934.5742345,VDD_SOC,1655.808,,
1780559934.5742345,,,cpu-thermal,54.468
1780559934.5742345,,,gpu-thermal,54.968
1780559934.5742345,,,soc0-thermal,53.031
1780559934.5742345,,,soc1-thermal,52.468
1780559934.5742345,,,soc2-thermal,52.687
1780559934.5742345,,,tj-thermal,54.968
1780559934.6801999,VDD_IN,6110.72,,
1780559934.6801999,VDD_CPU_GPU_CV,1692.48,,
1780559934.6801999,VDD_SOC,1655.808,,
1780559934.6801999,,,cpu-thermal,54.812
1780559934.6801999,,,gpu-thermal,54.937
1780559934.6801999,,,soc0-thermal,53.0
1780559934.6801999,,,soc1-thermal,52.5
1780559934.6801999,,,soc2-thermal,52.687
1780559934.6801999,,,tj-thermal,54.937
1780559934.7864573,VDD_IN,6110.72,,
1780559934.7864573,VDD_CPU_GPU_CV,1692.48,,
1780559934.7864573,VDD_SOC,1655.808,,
1780559934.7864573,,,cpu-thermal,54.375
1780559934.7864573,,,gpu-thermal,54.812
1780559934.7864573,,,soc0-thermal,53.125
1780559934.7864573,,,soc1-thermal,52.406
1780559934.7864573,,,soc2-thermal,52.625
1780559934.7864573,,,tj-thermal,54.812
1780559934.8930469,VDD_IN,6071.296,,
1780559934.8930469,VDD_CPU_GPU_CV,1692.48,,
1780559934.8930469,VDD_SOC,1655.808,,
1780559934.8930469,,,cpu-thermal,54.531
1780559934.8930469,,,gpu-thermal,54.687
1780559934.8930469,,,soc0-thermal,53.093
1780559934.8930469,,,soc1-thermal,52.406
1780559934.8930469,,,soc2-thermal,52.687
1780559934.8930469,,,tj-thermal,55.031
1780559935.0000722,VDD_IN,6071.296,,
1780559935.0000722,VDD_CPU_GPU_CV,1692.48,,
1780559935.0000722,VDD_SOC,1655.808,,
1780559935.0000722,,,cpu-thermal,54.687
1780559935.0000722,,,gpu-thermal,54.718
1780559935.0000722,,,soc0-thermal,53.062
1780559935.0000722,,,soc1-thermal,52.468
1780559935.0000722,,,soc2-thermal,52.687
1780559935.0000722,,,tj-thermal,54.718
1780559935.1061997,VDD_IN,6071.296,,
1780559935.1061997,VDD_CPU_GPU_CV,1692.48,,
1780559935.1061997,VDD_SOC,1655.808,,
1780559935.1061997,,,cpu-thermal,54.5
1780559935.1061997,,,gpu-thermal,55.093
1780559935.1061997,,,soc0-thermal,53.156
1780559935.1061997,,,soc1-thermal,52.531
1780559935.1061997,,,soc2-thermal,52.687
1780559935.1061997,,,tj-thermal,54.718
1780559935.2127025,VDD_IN,6071.296,,
1780559935.2127025,VDD_CPU_GPU_CV,1692.48,,
1780559935.2127025,VDD_SOC,1655.808,,
1780559935.2127025,,,cpu-thermal,54.5
1780559935.2127025,,,gpu-thermal,54.906
1780559935.2127025,,,soc0-thermal,53.031
1780559935.2127025,,,soc1-thermal,52.406
1780559935.2127025,,,soc2-thermal,52.687
1780559935.2127025,,,tj-thermal,54.906
1780559935.318665,VDD_IN,6110.72,,
1780559935.318665,VDD_CPU_GPU_CV,1692.48,,
1780559935.318665,VDD_SOC,1655.808,,
1780559935.318665,,,cpu-thermal,54.531
1780559935.318665,,,gpu-thermal,54.906
1780559935.318665,,,soc0-thermal,53.062
1780559935.318665,,,soc1-thermal,52.531
1780559935.318665,,,soc2-thermal,52.781
1780559935.318665,,,tj-thermal,54.906
1780559935.4249344,VDD_IN,6150.144,,
1780559935.4249344,VDD_CPU_GPU_CV,1692.48,,
1780559935.4249344,VDD_SOC,1695.232,,
1780559935.4249344,,,cpu-thermal,54.406
1780559935.4249344,,,gpu-thermal,54.843
1780559935.4249344,,,soc0-thermal,53.187
1780559935.4249344,,,soc1-thermal,52.656
1780559935.4249344,,,soc2-thermal,52.687
1780559935.4249344,,,tj-thermal,54.843
1780559935.5307693,VDD_IN,6150.144,,
1780559935.5307693,VDD_CPU_GPU_CV,1731.84,,
1780559935.5307693,VDD_SOC,1695.232,,
1780559935.5307693,,,cpu-thermal,54.406
1780559935.5307693,,,gpu-thermal,54.718
1780559935.5307693,,,soc0-thermal,53.125
1780559935.5307693,,,soc1-thermal,52.468
1780559935.5307693,,,soc2-thermal,52.656
1780559935.5307693,,,tj-thermal,54.718
1780559935.6370437,VDD_IN,6110.72,,
1780559935.6370437,VDD_CPU_GPU_CV,1692.48,,
1780559935.6370437,VDD_SOC,1695.232,,
1780559935.6370437,,,cpu-thermal,54.687
1780559935.6370437,,,gpu-thermal,54.656
1780559935.6370437,,,soc0-thermal,53.093
1780559935.6370437,,,soc1-thermal,52.437
1780559935.6370437,,,soc2-thermal,52.718
1780559935.6370437,,,tj-thermal,54.687
1780559935.7436812,VDD_IN,6110.72,,
1780559935.7436812,VDD_CPU_GPU_CV,1692.48,,
1780559935.7436812,VDD_SOC,1655.808,,
1780559935.7436812,,,cpu-thermal,54.937
1780559935.7436812,,,gpu-thermal,55.031
1780559935.7436812,,,soc0-thermal,53.125
1780559935.7436812,,,soc1-thermal,52.718
1780559935.7436812,,,soc2-thermal,52.718
1780559935.7436812,,,tj-thermal,55.031
1780559935.8503115,VDD_IN,6110.72,,
1780559935.8503115,VDD_CPU_GPU_CV,1692.48,,
1780559935.8503115,VDD_SOC,1655.808,,
1780559935.8503115,,,cpu-thermal,54.687
1780559935.8503115,,,gpu-thermal,54.906
1780559935.8503115,,,soc0-thermal,53.093
1780559935.8503115,,,soc1-thermal,52.468
1780559935.8503115,,,soc2-thermal,52.781
1780559935.8503115,,,tj-thermal,54.906
1780559935.9564068,VDD_IN,6110.72,,
1780559935.9564068,VDD_CPU_GPU_CV,1692.48,,
1780559935.9564068,VDD_SOC,1655.808,,
1780559935.9564068,,,cpu-thermal,54.687
1780559935.9564068,,,gpu-thermal,54.875
1780559935.9564068,,,soc0-thermal,53.125
1780559935.9564068,,,soc1-thermal,52.468
1780559935.9564068,,,soc2-thermal,52.75
1780559935.9564068,,,tj-thermal,54.875
1780559936.0625076,VDD_IN,6110.72,,
1780559936.0625076,VDD_CPU_GPU_CV,1692.48,,
1780559936.0625076,VDD_SOC,1655.808,,
1780559936.0625076,,,cpu-thermal,54.75
1780559936.0625076,,,gpu-thermal,54.75
1780559936.0625076,,,soc0-thermal,53.125
1780559936.0625076,,,soc1-thermal,52.625
1780559936.0625076,,,soc2-thermal,52.687
1780559936.0625076,,,tj-thermal,54.75
1780559936.1686354,VDD_IN,6071.296,,
1780559936.1686354,VDD_CPU_GPU_CV,1692.48,,
1780559936.1686354,VDD_SOC,1655.808,,
1780559936.1686354,,,cpu-thermal,54.531
1780559936.1686354,,,gpu-thermal,54.656
1780559936.1686354,,,soc0-thermal,53.281
1780559936.1686354,,,soc1-thermal,52.468
1780559936.1686354,,,soc2-thermal,52.687
1780559936.1686354,,,tj-thermal,54.656
1780559936.2748873,VDD_IN,6110.72,,
1780559936.2748873,VDD_CPU_GPU_CV,1692.48,,
1780559936.2748873,VDD_SOC,1655.808,,
1780559936.2748873,,,cpu-thermal,54.625
1780559936.2748873,,,gpu-thermal,55.093
1780559936.2748873,,,soc0-thermal,53.125
1780559936.2748873,,,soc1-thermal,52.5
1780559936.2748873,,,soc2-thermal,52.718
1780559936.2748873,,,tj-thermal,55.093
1780559936.3816307,VDD_IN,6150.144,,
1780559936.3816307,VDD_CPU_GPU_CV,1731.84,,
1780559936.3816307,VDD_SOC,1695.232,,
1780559936.3816307,,,cpu-thermal,54.562
1780559936.3816307,,,gpu-thermal,54.937
1780559936.3816307,,,soc0-thermal,53.156
1780559936.3816307,,,soc1-thermal,52.656
1780559936.3816307,,,soc2-thermal,52.687
1780559936.3816307,,,tj-thermal,54.937
1780559936.4880502,VDD_IN,6150.144,,
1780559936.4880502,VDD_CPU_GPU_CV,1731.84,,
1780559936.4880502,VDD_SOC,1695.232,,
1780559936.4880502,,,cpu-thermal,54.562
1780559936.4880502,,,gpu-thermal,54.906
1780559936.4880502,,,soc0-thermal,53.218
1780559936.4880502,,,soc1-thermal,52.593
1780559936.4880502,,,soc2-thermal,52.812
1780559936.4880502,,,tj-thermal,54.906
1780559936.594766,VDD_IN,6150.144,,
1780559936.594766,VDD_CPU_GPU_CV,1692.48,,
1780559936.594766,VDD_SOC,1695.232,,
1780559936.594766,,,cpu-thermal,54.562
1780559936.594766,,,gpu-thermal,54.843
1780559936.594766,,,soc0-thermal,53.125
1780559936.594766,,,soc1-thermal,52.531
1780559936.594766,,,soc2-thermal,52.781
1780559936.594766,,,tj-thermal,54.843
1780559936.7009706,VDD_IN,6110.72,,
1780559936.7009706,VDD_CPU_GPU_CV,1692.48,,
1780559936.7009706,VDD_SOC,1695.232,,
1780559936.7009706,,,cpu-thermal,54.968
1780559936.7009706,,,gpu-thermal,54.781
1780559936.7009706,,,soc0-thermal,53.125
1780559936.7009706,,,soc1-thermal,52.625
1780559936.7009706,,,soc2-thermal,52.718
1780559936.7009706,,,tj-thermal,54.968
1780559936.8071232,VDD_IN,6120.64,,
1780559936.8071232,VDD_CPU_GPU_CV,1692.48,,
1780559936.8071232,VDD_SOC,1655.808,,
1780559936.8071232,,,cpu-thermal,54.625
1780559936.8071232,,,gpu-thermal,55.187
1780559936.8071232,,,soc0-thermal,53.187
1780559936.8071232,,,soc1-thermal,52.468
1780559936.8071232,,,soc2-thermal,52.718
1780559936.8071232,,,tj-thermal,55.187
1780559936.9131823,VDD_IN,6081.152,,
1780559936.9131823,VDD_CPU_GPU_CV,1692.48,,
1780559936.9131823,VDD_SOC,1655.808,,
1780559936.9131823,,,cpu-thermal,54.75
1780559936.9131823,,,gpu-thermal,55.062
1780559936.9131823,,,soc0-thermal,53.125
1780559936.9131823,,,soc1-thermal,52.531
1780559936.9131823,,,soc2-thermal,52.718
1780559936.9131823,,,tj-thermal,55.062
1780559937.0191178,VDD_IN,6110.72,,
1780559937.0191178,VDD_CPU_GPU_CV,1692.48,,
1780559937.0191178,VDD_SOC,1655.808,,
1780559937.0191178,,,cpu-thermal,54.875
1780559937.0191178,,,gpu-thermal,54.781
1780559937.0191178,,,soc0-thermal,53.093
1780559937.0191178,,,soc1-thermal,52.625
1780559937.0191178,,,soc2-thermal,52.843
1780559937.0191178,,,tj-thermal,54.906
1780559937.1256893,VDD_IN,6110.72,,
1780559937.1256893,VDD_CPU_GPU_CV,1692.48,,
1780559937.1256893,VDD_SOC,1655.808,,
1780559937.1256893,,,cpu-thermal,54.906
1780559937.1256893,,,gpu-thermal,55.156
1780559937.1256893,,,soc0-thermal,53.312
1780559937.1256893,,,soc1-thermal,52.531
1780559937.1256893,,,soc2-thermal,52.812
1780559937.1256893,,,tj-thermal,54.906
1780559937.2317562,VDD_IN,6110.72,,
1780559937.2317562,VDD_CPU_GPU_CV,1692.48,,
1780559937.2317562,VDD_SOC,1655.808,,
1780559937.2317562,,,cpu-thermal,54.656
1780559937.2317562,,,gpu-thermal,55.093
1780559937.2317562,,,soc0-thermal,53.343
1780559937.2317562,,,soc1-thermal,52.562
1780559937.2317562,,,soc2-thermal,52.781
1780559937.2317562,,,tj-thermal,54.781
1780559937.3376968,VDD_IN,6150.144,,
1780559937.3376968,VDD_CPU_GPU_CV,1731.84,,
1780559937.3376968,VDD_SOC,1695.232,,
1780559937.3376968,,,cpu-thermal,54.718
1780559937.3376968,,,gpu-thermal,55.0
1780559937.3376968,,,soc0-thermal,53.125
1780559937.3376968,,,soc1-thermal,52.625
1780559937.3376968,,,soc2-thermal,52.875
1780559937.3376968,,,tj-thermal,54.718
1780559937.4436398,VDD_IN,6189.568,,
1780559937.4436398,VDD_CPU_GPU_CV,1731.84,,
1780559937.4436398,VDD_SOC,1695.232,,
1780559937.4436398,,,cpu-thermal,54.718
1780559937.4436398,,,gpu-thermal,54.906
1780559937.4436398,,,soc0-thermal,53.375
1780559937.4436398,,,soc1-thermal,52.687
1780559937.4436398,,,soc2-thermal,52.75
1780559937.4436398,,,tj-thermal,54.906
1780559937.5496502,VDD_IN,6189.568,,
1780559937.5496502,VDD_CPU_GPU_CV,1731.84,,
1780559937.5496502,VDD_SOC,1695.232,,
1780559937.5496502,,,cpu-thermal,54.593
1780559937.5496502,,,gpu-thermal,54.843
1780559937.5496502,,,soc0-thermal,53.312
1780559937.5496502,,,soc1-thermal,52.5
1780559937.5496502,,,soc2-thermal,52.843
1780559937.5496502,,,tj-thermal,54.843
1780559937.6558053,VDD_IN,6150.144,,
1780559937.6558053,VDD_CPU_GPU_CV,1731.84,,
1780559937.6558053,VDD_SOC,1695.232,,
1780559937.6558053,,,cpu-thermal,54.718
1780559937.6558053,,,gpu-thermal,54.812
1780559937.6558053,,,soc0-thermal,53.125
1780559937.6558053,,,soc1-thermal,52.656
1780559937.6558053,,,soc2-thermal,52.781
1780559937.6558053,,,tj-thermal,54.937
1780559937.7625363,VDD_IN,6110.72,,
1780559937.7625363,VDD_CPU_GPU_CV,1692.48,,
1780559937.7625363,VDD_SOC,1695.232,,
1780559937.7625363,,,cpu-thermal,54.625
1780559937.7625363,,,gpu-thermal,55.125
1780559937.7625363,,,soc0-thermal,53.312
1780559937.7625363,,,soc1-thermal,52.687
1780559937.7625363,,,soc2-thermal,52.843
1780559937.7625363,,,tj-thermal,55.125
1780559937.8690295,VDD_IN,6110.72,,
1780559937.8690295,VDD_CPU_GPU_CV,1692.48,,
1780559937.8690295,VDD_SOC,1695.232,,
1780559937.8690295,,,cpu-thermal,54.593
1780559937.8690295,,,gpu-thermal,55.031
1780559937.8690295,,,soc0-thermal,53.343
1780559937.8690295,,,soc1-thermal,52.625
1780559937.8690295,,,soc2-thermal,52.812
1780559937.8690295,,,tj-thermal,55.031
1780559937.9752743,VDD_IN,6120.64,,
1780559937.9752743,VDD_CPU_GPU_CV,1692.48,,
1780559937.9752743,VDD_SOC,1655.808,,
1780559937.9752743,,,cpu-thermal,54.875
1780559937.9752743,,,gpu-thermal,55.031
1780559937.9752743,,,soc0-thermal,53.156
1780559937.9752743,,,soc1-thermal,52.687
1780559937.9752743,,,soc2-thermal,52.906
1780559937.9752743,,,tj-thermal,55.031
1780559938.0817852,VDD_IN,6081.152,,
1780559938.0817852,VDD_CPU_GPU_CV,1692.48,,
1780559938.0817852,VDD_SOC,1655.808,,
1780559938.0817852,,,cpu-thermal,55.031
1780559938.0817852,,,gpu-thermal,54.937
1780559938.0817852,,,soc0-thermal,53.312
1780559938.0817852,,,soc1-thermal,52.781
1780559938.0817852,,,soc2-thermal,52.875
1780559938.0817852,,,tj-thermal,55.031
1780559938.1880424,VDD_IN,6081.152,,
1780559938.1880424,VDD_CPU_GPU_CV,1692.48,,
1780559938.1880424,VDD_SOC,1655.808,,
1780559938.1880424,,,cpu-thermal,54.718
1780559938.1880424,,,gpu-thermal,54.843
1780559938.1880424,,,soc0-thermal,53.375
1780559938.1880424,,,soc1-thermal,52.625
1780559938.1880424,,,soc2-thermal,52.781
1780559938.1880424,,,tj-thermal,54.843
1780559938.2945733,VDD_IN,6071.296,,
1780559938.2945733,VDD_CPU_GPU_CV,1692.48,,
1780559938.2945733,VDD_SOC,1616.384,,
1780559938.2945733,,,cpu-thermal,54.75
1780559938.2945733,,,gpu-thermal,55.25
1780559938.2945733,,,soc0-thermal,53.125
1780559938.2945733,,,soc1-thermal,52.625
1780559938.2945733,,,soc2-thermal,52.906
1780559938.2945733,,,tj-thermal,55.25
1780559938.4007173,VDD_IN,6110.72,,
1780559938.4007173,VDD_CPU_GPU_CV,1731.84,,
1780559938.4007173,VDD_SOC,1616.384,,
1780559938.4007173,,,cpu-thermal,54.812
1780559938.4007173,,,gpu-thermal,55.093
1780559938.4007173,,,soc0-thermal,53.312
1780559938.4007173,,,soc1-thermal,52.656
1780559938.4007173,,,soc2-thermal,52.937
1780559938.4007173,,,tj-thermal,55.093
1780559938.506449,VDD_IN,6150.144,,
1780559938.506449,VDD_CPU_GPU_CV,1731.84,,
1780559938.506449,VDD_SOC,1616.384,,
1780559938.506449,,,cpu-thermal,54.687
1780559938.506449,,,gpu-thermal,55.031
1780559938.506449,,,soc0-thermal,53.343
1780559938.506449,,,soc1-thermal,52.843
1780559938.506449,,,soc2-thermal,52.906
1780559938.506449,,,tj-thermal,55.031
1780559938.6127934,VDD_IN,6110.72,,
1780559938.6127934,VDD_CPU_GPU_CV,1731.84,,
1780559938.6127934,VDD_SOC,1616.384,,
1780559938.6127934,,,cpu-thermal,54.75
1780559938.6127934,,,gpu-thermal,54.937
1780559938.6127934,,,soc0-thermal,53.281
1780559938.6127934,,,soc1-thermal,52.718
1780559938.6127934,,,soc2-thermal,52.875
1780559938.6127934,,,tj-thermal,54.937
1780559938.7192588,VDD_IN,6110.72,,
1780559938.7192588,VDD_CPU_GPU_CV,1692.48,,
1780559938.7192588,VDD_SOC,1616.384,,
1780559938.7192588,,,cpu-thermal,54.843
1780559938.7192588,,,gpu-thermal,54.906
1780559938.7192588,,,soc0-thermal,53.312
1780559938.7192588,,,soc1-thermal,52.718
1780559938.7192588,,,soc2-thermal,53.062
1780559938.7192588,,,tj-thermal,54.906
1780559938.8265376,VDD_IN,6071.296,,
1780559938.8265376,VDD_CPU_GPU_CV,1692.48,,
1780559938.8265376,VDD_SOC,1616.384,,
1780559938.8265376,,,cpu-thermal,54.781
1780559938.8265376,,,gpu-thermal,55.375
1780559938.8265376,,,soc0-thermal,53.375
1780559938.8265376,,,soc1-thermal,52.625
1780559938.8265376,,,soc2-thermal,52.906
1780559938.8265376,,,tj-thermal,55.375
1780559938.9328697,VDD_IN,6081.152,,
1780559938.9328697,VDD_CPU_GPU_CV,1692.48,,
1780559938.9328697,VDD_SOC,1616.384,,
1780559938.9328697,,,cpu-thermal,54.593
1780559938.9328697,,,gpu-thermal,55.156
1780559938.9328697,,,soc0-thermal,53.218
1780559938.9328697,,,soc1-thermal,52.593
1780559938.9328697,,,soc2-thermal,52.937
1780559938.9328697,,,tj-thermal,55.156
1780559939.0389132,VDD_IN,6081.152,,
1780559939.0389132,VDD_CPU_GPU_CV,1695.232,,
1780559939.0389132,VDD_SOC,1616.384,,
1780559939.0389132,,,cpu-thermal,54.906
1780559939.0389132,,,gpu-thermal,55.093
1780559939.0389132,,,soc0-thermal,53.281
1780559939.0389132,,,soc1-thermal,52.75
1780559939.0389132,,,soc2-thermal,53.0
1780559939.0389132,,,tj-thermal,54.937
1780559939.1465902,VDD_IN,6041.664,,
1780559939.1465902,VDD_CPU_GPU_CV,1695.232,,
1780559939.1465902,VDD_SOC,1616.384,,
1780559939.1465902,,,cpu-thermal,55.062
1780559939.1465902,,,gpu-thermal,54.968
1780559939.1465902,,,soc0-thermal,53.343
1780559939.1465902,,,soc1-thermal,52.625
1780559939.1465902,,,soc2-thermal,52.937
1780559939.1465902,,,tj-thermal,55.281
1780559939.2526407,VDD_IN,6041.664,,
1780559939.2526407,VDD_CPU_GPU_CV,1695.232,,
1780559939.2526407,VDD_SOC,1616.384,,
1780559939.2526407,,,cpu-thermal,54.843
1780559939.2526407,,,gpu-thermal,54.906
1780559939.2526407,,,soc0-thermal,53.25
1780559939.2526407,,,soc1-thermal,52.718
1780559939.2526407,,,soc2-thermal,52.968
1780559939.2526407,,,tj-thermal,54.906
1780559939.3589864,VDD_IN,6071.296,,
1780559939.3589864,VDD_CPU_GPU_CV,1692.48,,
1780559939.3589864,VDD_SOC,1616.384,,
1780559939.3589864,,,cpu-thermal,54.906
1780559939.3589864,,,gpu-thermal,54.968
1780559939.3589864,,,soc0-thermal,53.281
1780559939.3589864,,,soc1-thermal,52.75
1780559939.3589864,,,soc2-thermal,52.968
1780559939.3589864,,,tj-thermal,54.968
1780559939.4648201,VDD_IN,6110.72,,
1780559939.4648201,VDD_CPU_GPU_CV,1731.84,,
1780559939.4648201,VDD_SOC,1616.384,,
1780559939.4648201,,,cpu-thermal,54.718
1780559939.4648201,,,gpu-thermal,55.25
1780559939.4648201,,,soc0-thermal,53.437
1780559939.4648201,,,soc1-thermal,52.843
1780559939.4648201,,,soc2-thermal,52.906
1780559939.4648201,,,tj-thermal,55.25
1780559939.5710704,VDD_IN,6110.72,,
1780559939.5710704,VDD_CPU_GPU_CV,1731.84,,
1780559939.5710704,VDD_SOC,1616.384,,
1780559939.5710704,,,cpu-thermal,54.75
1780559939.5710704,,,gpu-thermal,55.187
1780559939.5710704,,,soc0-thermal,53.25
1780559939.5710704,,,soc1-thermal,52.718
1780559939.5710704,,,soc2-thermal,52.968
1780559939.5710704,,,tj-thermal,55.187
1780559939.6776378,VDD_IN,6071.296,,
1780559939.6776378,VDD_CPU_GPU_CV,1731.84,,
1780559939.6776378,VDD_SOC,1616.384,,
1780559939.6776378,,,cpu-thermal,54.781
1780559939.6776378,,,gpu-thermal,55.093
1780559939.6776378,,,soc0-thermal,53.281
1780559939.6776378,,,soc1-thermal,52.718
1780559939.6776378,,,soc2-thermal,53.0
1780559939.6776378,,,tj-thermal,55.187
1780559939.7836769,VDD_IN,6071.296,,
1780559939.7836769,VDD_CPU_GPU_CV,1692.48,,
1780559939.7836769,VDD_SOC,1616.384,,
1780559939.7836769,,,cpu-thermal,54.75
1780559939.7836769,,,gpu-thermal,55.031
1780559939.7836769,,,soc0-thermal,53.375
1780559939.7836769,,,soc1-thermal,52.968
1780559939.7836769,,,soc2-thermal,52.906
1780559939.7836769,,,tj-thermal,55.031
1780559939.890044,VDD_IN,6081.152,,
1780559939.890044,VDD_CPU_GPU_CV,1692.48,,
1780559939.890044,VDD_SOC,1616.384,,
1780559939.890044,,,cpu-thermal,54.812
1780559939.890044,,,gpu-thermal,54.937
1780559939.890044,,,soc0-thermal,53.281
1780559939.890044,,,soc1-thermal,52.75
1780559939.890044,,,soc2-thermal,53.062
1780559939.890044,,,tj-thermal,54.937
1780559939.9965036,VDD_IN,6041.664,,
1780559939.9965036,VDD_CPU_GPU_CV,1695.232,,
1780559939.9965036,VDD_SOC,1616.384,,
1780559939.9965036,,,cpu-thermal,55.0
1780559939.9965036,,,gpu-thermal,55.406
1780559939.9965036,,,soc0-thermal,53.343
1780559939.9965036,,,soc1-thermal,52.75
1780559939.9965036,,,soc2-thermal,53.062
1780559939.9965036,,,tj-thermal,55.406
1780559940.1037536,VDD_IN,6041.664,,
1780559940.1037536,VDD_CPU_GPU_CV,1695.232,,
1780559940.1037536,VDD_SOC,1616.384,,
1780559940.1037536,,,cpu-thermal,55.125
1780559940.1037536,,,gpu-thermal,55.218
1780559940.1037536,,,soc0-thermal,53.437
1780559940.1037536,,,soc1-thermal,52.906
1780559940.1037536,,,soc2-thermal,52.968
1780559940.1037536,,,tj-thermal,55.125
1780559940.2104115,VDD_IN,6041.664,,
1780559940.2104115,VDD_CPU_GPU_CV,1695.232,,
1780559940.2104115,VDD_SOC,1616.384,,
1780559940.2104115,,,cpu-thermal,54.875
1780559940.2104115,,,gpu-thermal,55.093
1780559940.2104115,,,soc0-thermal,53.5
1780559940.2104115,,,soc1-thermal,52.75
1780559940.2104115,,,soc2-thermal,53.0
1780559940.2104115,,,tj-thermal,55.093
1780559940.3166964,VDD_IN,6071.296,,
1780559940.3166964,VDD_CPU_GPU_CV,1692.48,,
1780559940.3166964,VDD_SOC,1616.384,,
1780559940.3166964,,,cpu-thermal,54.875
1780559940.3166964,,,gpu-thermal,55.0
1780559940.3166964,,,soc0-thermal,53.406
1780559940.3166964,,,soc1-thermal,52.812
1780559940.3166964,,,soc2-thermal,53.062
1780559940.3166964,,,tj-thermal,55.0
1780559940.4227874,VDD_IN,6071.296,,
1780559940.4227874,VDD_CPU_GPU_CV,1731.84,,
1780559940.4227874,VDD_SOC,1616.384,,
1780559940.4227874,,,cpu-thermal,54.937
1780559940.4227874,,,gpu-thermal,55.062
1780559940.4227874,,,soc0-thermal,53.437
1780559940.4227874,,,soc1-thermal,52.937
1780559940.4227874,,,soc2-thermal,52.937
1780559940.4227874,,,tj-thermal,55.062
1780559940.5289276,VDD_IN,6071.296,,
1780559940.5289276,VDD_CPU_GPU_CV,1731.84,,
1780559940.5289276,VDD_SOC,1616.384,,
1780559940.5289276,,,cpu-thermal,54.718
1780559940.5289276,,,gpu-thermal,55.5
1780559940.5289276,,,soc0-thermal,53.5
1780559940.5289276,,,soc1-thermal,52.718
1780559940.5289276,,,soc2-thermal,53.0
1780559940.5289276,,,tj-thermal,55.5
1780559940.6349368,VDD_IN,6071.296,,
1780559940.6349368,VDD_CPU_GPU_CV,1692.48,,
1780559940.6349368,VDD_SOC,1616.384,,
1780559940.6349368,,,cpu-thermal,54.875
1780559940.6349368,,,gpu-thermal,55.312
1780559940.6349368,,,soc0-thermal,53.437
1780559940.6349368,,,soc1-thermal,52.781
1780559940.6349368,,,soc2-thermal,53.031
1780559940.6349368,,,tj-thermal,55.312
1780559940.7420216,VDD_IN,6071.296,,
1780559940.7420216,VDD_CPU_GPU_CV,1692.48,,
1780559940.7420216,VDD_SOC,1616.384,,
1780559940.7420216,,,cpu-thermal,54.781
1780559940.7420216,,,gpu-thermal,55.25
1780559940.7420216,,,soc0-thermal,53.343
1780559940.7420216,,,soc1-thermal,52.968
1780559940.7420216,,,soc2-thermal,52.937
1780559940.7420216,,,tj-thermal,55.25
1780559940.8483953,VDD_IN,6041.664,,
1780559940.8483953,VDD_CPU_GPU_CV,1695.232,,
1780559940.8483953,VDD_SOC,1616.384,,
1780559940.8483953,,,cpu-thermal,54.75
1780559940.8483953,,,gpu-thermal,55.218
1780559940.8483953,,,soc0-thermal,53.531
1780559940.8483953,,,soc1-thermal,52.781
1780559940.8483953,,,soc2-thermal,53.093
1780559940.8483953,,,tj-thermal,55.218
1780559940.954394,VDD_IN,6041.664,,
1780559940.954394,VDD_CPU_GPU_CV,1695.232,,
1780559940.954394,VDD_SOC,1616.384,,
1780559940.954394,,,cpu-thermal,55.062
1780559940.954394,,,gpu-thermal,55.093
1780559940.954394,,,soc0-thermal,53.406
1780559940.954394,,,soc1-thermal,52.812
1780559940.954394,,,soc2-thermal,53.062
1780559940.954394,,,tj-thermal,55.093
1780559941.060837,VDD_IN,6041.664,,
1780559941.060837,VDD_CPU_GPU_CV,1695.232,,
1780559941.060837,VDD_SOC,1616.384,,
1780559941.060837,,,cpu-thermal,55.156
1780559941.060837,,,gpu-thermal,55.0
1780559941.060837,,,soc0-thermal,53.437
1780559941.060837,,,soc1-thermal,52.843
1780559941.060837,,,soc2-thermal,53.156
1780559941.060837,,,tj-thermal,55.156
1780559941.1670978,VDD_IN,6002.176,,
1780559941.1670978,VDD_CPU_GPU_CV,1695.232,,
1780559941.1670978,VDD_SOC,1616.384,,
1780559941.1670978,,,cpu-thermal,54.718
1780559941.1670978,,,gpu-thermal,55.406
1780559941.1670978,,,soc0-thermal,53.5
1780559941.1670978,,,soc1-thermal,52.781
1780559941.1670978,,,soc2-thermal,53.093
1780559941.1670978,,,tj-thermal,55.406
1780559941.2733724,VDD_IN,6031.872,,
1780559941.2733724,VDD_CPU_GPU_CV,1695.232,,
1780559941.2733724,VDD_SOC,1616.384,,
1780559941.2733724,,,cpu-thermal,54.937
1780559941.2733724,,,gpu-thermal,55.281
1780559941.2733724,,,soc0-thermal,53.375
1780559941.2733724,,,soc1-thermal,52.781
1780559941.2733724,,,soc2-thermal,53.062
1780559941.2733724,,,tj-thermal,55.281
1780559941.379422,VDD_IN,6071.296,,
1780559941.379422,VDD_CPU_GPU_CV,1731.84,,
1780559941.379422,VDD_SOC,1616.384,,
1780559941.379422,,,cpu-thermal,55.0
1780559941.379422,,,gpu-thermal,55.218
1780559941.379422,,,soc0-thermal,53.5
1780559941.379422,,,soc1-thermal,52.875
1780559941.379422,,,soc2-thermal,53.187
1780559941.379422,,,tj-thermal,55.218
1780559941.4854298,VDD_IN,6110.72,,
1780559941.4854298,VDD_CPU_GPU_CV,1731.84,,
1780559941.4854298,VDD_SOC,1616.384,,
1780559941.4854298,,,cpu-thermal,54.875
1780559941.4854298,,,gpu-thermal,55.156
1780559941.4854298,,,soc0-thermal,53.468
1780559941.4854298,,,soc1-thermal,53.0
1780559941.4854298,,,soc2-thermal,53.031
1780559941.4854298,,,tj-thermal,55.156
1780559941.591703,VDD_IN,6071.296,,
1780559941.591703,VDD_CPU_GPU_CV,1731.84,,
1780559941.591703,VDD_SOC,1616.384,,
1780559941.591703,,,cpu-thermal,54.875
1780559941.591703,,,gpu-thermal,55.031
1780559941.591703,,,soc0-thermal,53.375
1780559941.591703,,,soc1-thermal,52.812
1780559941.591703,,,soc2-thermal,53.125
1780559941.591703,,,tj-thermal,55.031
1780559941.6981027,VDD_IN,6071.296,,
1780559941.6981027,VDD_CPU_GPU_CV,1731.84,,
1780559941.6981027,VDD_SOC,1616.384,,
1780559941.6981027,,,cpu-thermal,54.875
1780559941.6981027,,,gpu-thermal,55.593
1780559941.6981027,,,soc0-thermal,53.468
1780559941.6981027,,,soc1-thermal,52.875
1780559941.6981027,,,soc2-thermal,53.125
1780559941.6981027,,,tj-thermal,55.593
1780559941.8040283,VDD_IN,6071.296,,
1780559941.8040283,VDD_CPU_GPU_CV,1692.48,,
1780559941.8040283,VDD_SOC,1616.384,,
1780559941.8040283,,,cpu-thermal,54.875
1780559941.8040283,,,gpu-thermal,55.093
1780559941.8040283,,,soc0-thermal,53.406
1780559941.8040283,,,soc1-thermal,53.093
1780559941.8040283,,,soc2-thermal,53.093
1780559941.8040283,,,tj-thermal,55.406
1780559941.910857,VDD_IN,6071.296,,
1780559941.910857,VDD_CPU_GPU_CV,1692.48,,
1780559941.910857,VDD_SOC,1616.384,,
1780559941.910857,,,cpu-thermal,54.906
1780559941.910857,,,gpu-thermal,55.25
1780559941.910857,,,soc0-thermal,53.375
1780559941.910857,,,soc1-thermal,52.812
1780559941.910857,,,soc2-thermal,53.062
1780559941.910857,,,tj-thermal,55.25
1780559942.0171797,VDD_IN,6071.296,,
1780559942.0171797,VDD_CPU_GPU_CV,1692.48,,
1780559942.0171797,VDD_SOC,1616.384,,
1780559942.0171797,,,cpu-thermal,55.25
1780559942.0171797,,,gpu-thermal,55.187
1780559942.0171797,,,soc0-thermal,53.468
1780559942.0171797,,,soc1-thermal,52.875
1780559942.0171797,,,soc2-thermal,53.125
1780559942.0171797,,,tj-thermal,55.25
1780559942.123933,VDD_IN,6071.296,,
1780559942.123933,VDD_CPU_GPU_CV,1692.48,,
1780559942.123933,VDD_SOC,1616.384,,
1780559942.123933,,,cpu-thermal,54.812
1780559942.123933,,,gpu-thermal,55.125
1780559942.123933,,,soc0-thermal,53.5
1780559942.123933,,,soc1-thermal,53.062
1780559942.123933,,,soc2-thermal,53.156
1780559942.123933,,,tj-thermal,55.125
1780559942.2308521,VDD_IN,6031.872,,
1780559942.2308521,VDD_CPU_GPU_CV,1695.232,,
1780559942.2308521,VDD_SOC,1616.384,,
1780559942.2308521,,,cpu-thermal,54.968
1780559942.2308521,,,gpu-thermal,55.093
1780559942.2308521,,,soc0-thermal,53.406
1780559942.2308521,,,soc1-thermal,52.875
1780559942.2308521,,,soc2-thermal,53.156
1780559942.2308521,,,tj-thermal,55.093
1780559942.3372161,VDD_IN,6071.296,,
1780559942.3372161,VDD_CPU_GPU_CV,1692.48,,
1780559942.3372161,VDD_SOC,1616.384,,
1780559942.3372161,,,cpu-thermal,54.968
1780559942.3372161,,,gpu-thermal,55.5
1780559942.3372161,,,soc0-thermal,53.468
1780559942.3372161,,,soc1-thermal,52.968
1780559942.3372161,,,soc2-thermal,53.156
1780559942.3372161,,,tj-thermal,55.5
1780559942.4433372,VDD_IN,6110.72,,
1780559942.4433372,VDD_CPU_GPU_CV,1731.84,,
1780559942.4433372,VDD_SOC,1616.384,,
1780559942.4433372,,,cpu-thermal,55.031
1780559942.4433372,,,gpu-thermal,55.343
1780559942.4433372,,,soc0-thermal,53.562
1780559942.4433372,,,soc1-thermal,52.968
1780559942.4433372,,,soc2-thermal,53.125
1780559942.4433372,,,tj-thermal,55.343
1780559942.549497,VDD_IN,6110.72,,
1780559942.549497,VDD_CPU_GPU_CV,1731.84,,
1780559942.549497,VDD_SOC,1616.384,,
1780559942.549497,,,cpu-thermal,54.937
1780559942.549497,,,gpu-thermal,55.25
1780559942.549497,,,soc0-thermal,53.468
1780559942.549497,,,soc1-thermal,52.812
1780559942.549497,,,soc2-thermal,53.125
1780559942.549497,,,tj-thermal,55.25
1780559942.656399,VDD_IN,6071.296,,
1780559942.656399,VDD_CPU_GPU_CV,1731.84,,
1780559942.656399,VDD_SOC,1616.384,,
1780559942.656399,,,cpu-thermal,55.0
1780559942.656399,,,gpu-thermal,55.218
1780559942.656399,,,soc0-thermal,53.468
1780559942.656399,,,soc1-thermal,52.968
1780559942.656399,,,soc2-thermal,53.187
1780559942.656399,,,tj-thermal,55.218
1780559942.7628694,VDD_IN,6071.296,,
1780559942.7628694,VDD_CPU_GPU_CV,1695.232,,
1780559942.7628694,VDD_SOC,1616.384,,
1780559942.7628694,,,cpu-thermal,55.062
1780559942.7628694,,,gpu-thermal,55.187
1780559942.7628694,,,soc0-thermal,53.531
1780559942.7628694,,,soc1-thermal,53.031
1780559942.7628694,,,soc2-thermal,53.093
1780559942.7628694,,,tj-thermal,55.187
1780559942.8696933,VDD_IN,6081.152,,
1780559942.8696933,VDD_CPU_GPU_CV,1695.232,,
1780559942.8696933,VDD_SOC,1616.384,,
1780559942.8696933,,,cpu-thermal,54.968
1780559942.8696933,,,gpu-thermal,55.593
1780559942.8696933,,,soc0-thermal,53.5
1780559942.8696933,,,soc1-thermal,52.875
1780559942.8696933,,,soc2-thermal,53.25
1780559942.8696933,,,tj-thermal,55.593
1780559942.975965,VDD_IN,6041.664,,
1780559942.975965,VDD_CPU_GPU_CV,1695.232,,
1780559942.975965,VDD_SOC,1616.384,,
1780559942.975965,,,cpu-thermal,55.218
1780559942.975965,,,gpu-thermal,55.437
1780559942.975965,,,soc0-thermal,53.5
1780559942.975965,,,soc1-thermal,52.968
1780559942.975965,,,soc2-thermal,53.25
1780559942.975965,,,tj-thermal,55.437
1780559943.0825658,VDD_IN,6041.664,,
1780559943.0825658,VDD_CPU_GPU_CV,1695.232,,
1780559943.0825658,VDD_SOC,1616.384,,
1780559943.0825658,,,cpu-thermal,55.406
1780559943.0825658,,,gpu-thermal,55.343
1780559943.0825658,,,soc0-thermal,53.562
1780559943.0825658,,,soc1-thermal,53.093
1780559943.0825658,,,soc2-thermal,53.25
1780559943.0825658,,,tj-thermal,55.406
1780559943.1889555,VDD_IN,6081.152,,
1780559943.1889555,VDD_CPU_GPU_CV,1731.84,,
1780559943.1889555,VDD_SOC,1616.384,,
1780559943.1889555,,,cpu-thermal,54.968
1780559943.1889555,,,gpu-thermal,55.218
1780559943.1889555,,,soc0-thermal,53.468
1780559943.1889555,,,soc1-thermal,52.906
1780559943.1889555,,,soc2-thermal,53.218
1780559943.1889555,,,tj-thermal,55.218
1780559943.296343,VDD_IN,6110.72,,
1780559943.296343,VDD_CPU_GPU_CV,1731.84,,
1780559943.296343,VDD_SOC,1616.384,,
1780559943.296343,,,cpu-thermal,55.125
1780559943.296343,,,gpu-thermal,55.187
1780559943.296343,,,soc0-thermal,53.468
1780559943.296343,,,soc1-thermal,53.031
1780559943.296343,,,soc2-thermal,53.25
1780559943.296343,,,tj-thermal,55.187
1780559943.4027472,VDD_IN,6110.72,,
1780559943.4027472,VDD_CPU_GPU_CV,1731.84,,
1780559943.4027472,VDD_SOC,1616.384,,
1780559943.4027472,,,cpu-thermal,55.093
1780559943.4027472,,,gpu-thermal,55.687
1780559943.4027472,,,soc0-thermal,53.593
1780559943.4027472,,,soc1-thermal,53.093
1780559943.4027472,,,soc2-thermal,53.156
1780559943.4027472,,,tj-thermal,55.312
1780559943.50961,VDD_IN,6150.144,,
1780559943.50961,VDD_CPU_GPU_CV,1731.84,,
1780559943.50961,VDD_SOC,1616.384,,
1780559943.50961,,,cpu-thermal,54.906
1780559943.50961,,,gpu-thermal,55.468
1780559943.50961,,,soc0-thermal,53.5
1780559943.50961,,,soc1-thermal,52.906
1780559943.50961,,,soc2-thermal,53.218
1780559943.50961,,,tj-thermal,55.468
1780559943.6156898,VDD_IN,6110.72,,
1780559943.6156898,VDD_CPU_GPU_CV,1731.84,,
1780559943.6156898,VDD_SOC,1616.384,,
1780559943.6156898,,,cpu-thermal,54.937
1780559943.6156898,,,gpu-thermal,55.343
1780559943.6156898,,,soc0-thermal,53.531
1780559943.6156898,,,soc1-thermal,53.062
1780559943.6156898,,,soc2-thermal,53.25
1780559943.6156898,,,tj-thermal,55.406
1780559943.7217488,VDD_IN,6071.296,,
1780559943.7217488,VDD_CPU_GPU_CV,1734.656,,
1780559943.7217488,VDD_SOC,1616.384,,
1780559943.7217488,,,cpu-thermal,55.031
1780559943.7217488,,,gpu-thermal,55.343
1780559943.7217488,,,soc0-thermal,53.593
1780559943.7217488,,,soc1-thermal,53.093
1780559943.7217488,,,soc2-thermal,53.187
1780559943.7217488,,,tj-thermal,55.343
1780559943.828177,VDD_IN,6081.152,,
1780559943.828177,VDD_CPU_GPU_CV,1695.232,,
1780559943.828177,VDD_SOC,1616.384,,
1780559943.828177,,,cpu-thermal,54.968
1780559943.828177,,,gpu-thermal,55.187
1780559943.828177,,,soc0-thermal,53.5
1780559943.828177,,,soc1-thermal,52.937
1780559943.828177,,,soc2-thermal,53.218
1780559943.828177,,,tj-thermal,55.187
1780559943.934419,VDD_IN,6081.152,,
1780559943.934419,VDD_CPU_GPU_CV,1695.232,,
1780559943.934419,VDD_SOC,1616.384,,
1780559943.934419,,,cpu-thermal,55.218
1780559943.934419,,,gpu-thermal,55.156
1780559943.934419,,,soc0-thermal,53.531
1780559943.934419,,,soc1-thermal,53.031
1780559943.934419,,,soc2-thermal,53.312
1780559943.934419,,,tj-thermal,55.218
1780559944.040593,VDD_IN,6041.664,,
1780559944.040593,VDD_CPU_GPU_CV,1695.232,,
1780559944.040593,VDD_SOC,1619.008,,
1780559944.040593,,,cpu-thermal,55.375
1780559944.040593,,,gpu-thermal,55.562
1780559944.040593,,,soc0-thermal,53.593
1780559944.040593,,,soc1-thermal,53.187
1780559944.040593,,,soc2-thermal,53.218
1780559944.040593,,,tj-thermal,55.562
1780559944.1476076,VDD_IN,6041.664,,
1780559944.1476076,VDD_CPU_GPU_CV,1695.232,,
1780559944.1476076,VDD_SOC,1619.008,,
1780559944.1476076,,,cpu-thermal,54.906
1780559944.1476076,,,gpu-thermal,55.468
1780559944.1476076,,,soc0-thermal,53.593
1780559944.1476076,,,soc1-thermal,52.937
1780559944.1476076,,,soc2-thermal,53.187
1780559944.1476076,,,tj-thermal,55.468
1780559944.2537053,VDD_IN,6041.664,,
1780559944.2537053,VDD_CPU_GPU_CV,1695.232,,
1780559944.2537053,VDD_SOC,1619.008,,
1780559944.2537053,,,cpu-thermal,55.156
1780559944.2537053,,,gpu-thermal,55.312
1780559944.2537053,,,soc0-thermal,53.593
1780559944.2537053,,,soc1-thermal,53.062
1780559944.2537053,,,soc2-thermal,53.218
1780559944.2537053,,,tj-thermal,55.312
1780559944.3597708,VDD_IN,6071.296,,
1780559944.3597708,VDD_CPU_GPU_CV,1695.232,,
1780559944.3597708,VDD_SOC,1616.384,,
1780559944.3597708,,,cpu-thermal,55.187
1780559944.3597708,,,gpu-thermal,55.312
1780559944.3597708,,,soc0-thermal,53.562
1780559944.3597708,,,soc1-thermal,53.093
1780559944.3597708,,,soc2-thermal,53.343
1780559944.3597708,,,tj-thermal,55.312
1780559944.4655058,VDD_IN,6110.72,,
1780559944.4655058,VDD_CPU_GPU_CV,1731.84,,
1780559944.4655058,VDD_SOC,1616.384,,
1780559944.4655058,,,cpu-thermal,55.125
1780559944.4655058,,,gpu-thermal,55.343
1780559944.4655058,,,soc0-thermal,53.687
1780559944.4655058,,,soc1-thermal,53.187
1780559944.4655058,,,soc2-thermal,53.25
1780559944.4655058,,,tj-thermal,55.343
1780559944.5714762,VDD_IN,6071.296,,
1780559944.5714762,VDD_CPU_GPU_CV,1734.656,,
1780559944.5714762,VDD_SOC,1616.384,,
1780559944.5714762,,,cpu-thermal,55.093
1780559944.5714762,,,gpu-thermal,55.656
1780559944.5714762,,,soc0-thermal,53.562
1780559944.5714762,,,soc1-thermal,52.968
1780559944.5714762,,,soc2-thermal,53.343
1780559944.5714762,,,tj-thermal,55.656
1780559944.6780071,VDD_IN,6071.296,,
1780559944.6780071,VDD_CPU_GPU_CV,1734.656,,
1780559944.6780071,VDD_SOC,1616.384,,
1780559944.6780071,,,cpu-thermal,55.156
1780559944.6780071,,,gpu-thermal,55.5
1780559944.6780071,,,soc0-thermal,53.593
1780559944.6780071,,,soc1-thermal,53.093
1780559944.6780071,,,soc2-thermal,53.375
1780559944.6780071,,,tj-thermal,55.5
1780559944.7843091,VDD_IN,6041.664,,
1780559944.7843091,VDD_CPU_GPU_CV,1695.232,,
1780559944.7843091,VDD_SOC,1619.008,,
1780559944.7843091,,,cpu-thermal,55.125
1780559944.7843091,,,gpu-thermal,55.375
1780559944.7843091,,,soc0-thermal,53.656
1780559944.7843091,,,soc1-thermal,53.187
1780559944.7843091,,,soc2-thermal,53.218
1780559944.7843091,,,tj-thermal,55.375
1780559944.8903897,VDD_IN,6041.664,,
1780559944.8903897,VDD_CPU_GPU_CV,1695.232,,
1780559944.8903897,VDD_SOC,1619.008,,
1780559944.8903897,,,cpu-thermal,55.093
1780559944.8903897,,,gpu-thermal,55.218
1780559944.8903897,,,soc0-thermal,53.562
1780559944.8903897,,,soc1-thermal,53.0
1780559944.8903897,,,soc2-thermal,53.281
1780559944.8903897,,,tj-thermal,55.218
1780559944.9969878,VDD_IN,6041.664,,
1780559944.9969878,VDD_CPU_GPU_CV,1695.232,,
1780559944.9969878,VDD_SOC,1619.008,,
1780559944.9969878,,,cpu-thermal,55.343
1780559944.9969878,,,gpu-thermal,55.25
1780559944.9969878,,,soc0-thermal,53.625
1780559944.9969878,,,soc1-thermal,53.062
1780559944.9969878,,,soc2-thermal,53.281
1780559944.9969878,,,tj-thermal,55.343
1780559945.1032195,VDD_IN,6041.664,,
1780559945.1032195,VDD_CPU_GPU_CV,1695.232,,
1780559945.1032195,VDD_SOC,1619.008,,
1780559945.1032195,,,cpu-thermal,54.968
1780559945.1032195,,,gpu-thermal,55.218
1780559945.1032195,,,soc0-thermal,53.687
1780559945.1032195,,,soc1-thermal,53.25
1780559945.1032195,,,soc2-thermal,53.218
1780559945.1032195,,,tj-thermal,55.218
1780559945.2095938,VDD_IN,6041.664,,
1780559945.2095938,VDD_CPU_GPU_CV,1695.232,,
1780559945.2095938,VDD_SOC,1619.008,,
1780559945.2095938,,,cpu-thermal,54.937
1780559945.2095938,,,gpu-thermal,55.593
1780559945.2095938,,,soc0-thermal,53.593
1780559945.2095938,,,soc1-thermal,53.062
1780559945.2095938,,,soc2-thermal,53.312
1780559945.2095938,,,tj-thermal,55.593
1780559945.315694,VDD_IN,6081.152,,
1780559945.315694,VDD_CPU_GPU_CV,1695.232,,
1780559945.315694,VDD_SOC,1616.384,,
1780559945.315694,,,cpu-thermal,55.156
1780559945.315694,,,gpu-thermal,55.406
1780559945.315694,,,soc0-thermal,53.593
1780559945.315694,,,soc1-thermal,53.031
1780559945.315694,,,soc2-thermal,53.312
1780559945.315694,,,tj-thermal,55.5
1780559945.421195,VDD_IN,6110.72,,
1780559945.421195,VDD_CPU_GPU_CV,1731.84,,
1780559945.421195,VDD_SOC,1616.384,,
1780559945.421195,,,cpu-thermal,55.375
1780559945.421195,,,gpu-thermal,55.718
1780559945.421195,,,soc0-thermal,53.656
1780559945.421195,,,soc1-thermal,53.125
1780559945.421195,,,soc2-thermal,53.281
1780559945.421195,,,tj-thermal,55.375
1780559945.527313,VDD_IN,6110.72,,
1780559945.527313,VDD_CPU_GPU_CV,1731.84,,
1780559945.527313,VDD_SOC,1616.384,,
1780559945.527313,,,cpu-thermal,55.187
1780559945.527313,,,gpu-thermal,55.593
1780559945.527313,,,soc0-thermal,53.843
1780559945.527313,,,soc1-thermal,53.031
1780559945.527313,,,soc2-thermal,53.312
1780559945.527313,,,tj-thermal,55.593
1780559945.6335335,VDD_IN,6110.72,,
1780559945.6335335,VDD_CPU_GPU_CV,1731.84,,
1780559945.6335335,VDD_SOC,1616.384,,
1780559945.6335335,,,cpu-thermal,55.25
1780559945.6335335,,,gpu-thermal,55.531
1780559945.6335335,,,soc0-thermal,53.593
1780559945.6335335,,,soc1-thermal,53.0
1780559945.6335335,,,soc2-thermal,53.343
1780559945.6335335,,,tj-thermal,55.343
1780559945.7401898,VDD_IN,6071.296,,
1780559945.7401898,VDD_CPU_GPU_CV,1695.232,,
1780559945.7401898,VDD_SOC,1616.384,,
1780559945.7401898,,,cpu-thermal,55.343
1780559945.7401898,,,gpu-thermal,55.437
1780559945.7401898,,,soc0-thermal,53.656
1780559945.7401898,,,soc1-thermal,53.125
1780559945.7401898,,,soc2-thermal,53.281
1780559945.7401898,,,tj-thermal,55.718
1780559945.8471737,VDD_IN,6081.152,,
1780559945.8471737,VDD_CPU_GPU_CV,1695.232,,
1780559945.8471737,VDD_SOC,1616.384,,
1780559945.8471737,,,cpu-thermal,55.218
1780559945.8471737,,,gpu-thermal,55.343
1780559945.8471737,,,soc0-thermal,53.718
1780559945.8471737,,,soc1-thermal,53.031
1780559945.8471737,,,soc2-thermal,53.281
1780559945.8471737,,,tj-thermal,55.562
1780559945.9534414,VDD_IN,6041.664,,
1780559945.9534414,VDD_CPU_GPU_CV,1695.232,,
1780559945.9534414,VDD_SOC,1616.384,,
1780559945.9534414,,,cpu-thermal,55.218
1780559945.9534414,,,gpu-thermal,55.375
1780559945.9534414,,,soc0-thermal,53.718
1780559945.9534414,,,soc1-thermal,53.125
1780559945.9534414,,,soc2-thermal,53.437
1780559945.9534414,,,tj-thermal,55.531
1780559946.0597923,VDD_IN,6041.664,,
1780559946.0597923,VDD_CPU_GPU_CV,1695.232,,
1780559946.0597923,VDD_SOC,1619.008,,
1780559946.0597923,,,cpu-thermal,55.187
1780559946.0597923,,,gpu-thermal,55.625
1780559946.0597923,,,soc0-thermal,53.593
1780559946.0597923,,,soc1-thermal,53.093
1780559946.0597923,,,soc2-thermal,53.25
1780559946.0597923,,,tj-thermal,55.468
1780559946.1661174,VDD_IN,6081.152,,
1780559946.1661174,VDD_CPU_GPU_CV,1695.232,,
1780559946.1661174,VDD_SOC,1616.384,,
1780559946.1661174,,,cpu-thermal,55.281
1780559946.1661174,,,gpu-thermal,55.531
1780559946.1661174,,,soc0-thermal,53.75
1780559946.1661174,,,soc1-thermal,53.062
1780559946.1661174,,,soc2-thermal,53.406
1780559946.1661174,,,tj-thermal,55.312
1780559946.2722359,VDD_IN,6081.152,,
1780559946.2722359,VDD_CPU_GPU_CV,1695.232,,
1780559946.2722359,VDD_SOC,1616.384,,
1780559946.2722359,,,cpu-thermal,55.062
1780559946.2722359,,,gpu-thermal,55.468
1780559946.2722359,,,soc0-thermal,53.593
1780559946.2722359,,,soc1-thermal,53.093
1780559946.2722359,,,soc2-thermal,53.437
1780559946.2722359,,,tj-thermal,55.468
1780559946.3782089,VDD_IN,6071.296,,
1780559946.3782089,VDD_CPU_GPU_CV,1731.84,,
1780559946.3782089,VDD_SOC,1616.384,,
1780559946.3782089,,,cpu-thermal,55.437
1780559946.3782089,,,gpu-thermal,55.437
1780559946.3782089,,,soc0-thermal,53.656
1780559946.3782089,,,soc1-thermal,53.187
1780559946.3782089,,,soc2-thermal,53.437
1780559946.3782089,,,tj-thermal,55.437
1780559946.4840286,VDD_IN,6110.72,,
1780559946.4840286,VDD_CPU_GPU_CV,1731.84,,
1780559946.4840286,VDD_SOC,1616.384,,
1780559946.4840286,,,cpu-thermal,55.5
1780559946.4840286,,,gpu-thermal,55.468
1780559946.4840286,,,soc0-thermal,53.718
1780559946.4840286,,,soc1-thermal,53.25
1780559946.4840286,,,soc2-thermal,53.187
1780559946.4840286,,,tj-thermal,55.5
1780559946.5905018,VDD_IN,6110.72,,
1780559946.5905018,VDD_CPU_GPU_CV,1731.84,,
1780559946.5905018,VDD_SOC,1616.384,,
1780559946.5905018,,,cpu-thermal,55.25
1780559946.5905018,,,gpu-thermal,55.781
1780559946.5905018,,,soc0-thermal,53.687
1780559946.5905018,,,soc1-thermal,53.093
1780559946.5905018,,,soc2-thermal,53.375
1780559946.5905018,,,tj-thermal,55.781
1780559946.6968668,VDD_IN,6071.296,,
1780559946.6968668,VDD_CPU_GPU_CV,1731.84,,
1780559946.6968668,VDD_SOC,1616.384,,
1780559946.6968668,,,cpu-thermal,55.343
1780559946.6968668,,,gpu-thermal,55.562
1780559946.6968668,,,soc0-thermal,53.781
1780559946.6968668,,,soc1-thermal,53.125
1780559946.6968668,,,soc2-thermal,53.468
1780559946.6968668,,,tj-thermal,55.562
1780559946.8030367,VDD_IN,6081.152,,
1780559946.8030367,VDD_CPU_GPU_CV,1695.232,,
1780559946.8030367,VDD_SOC,1616.384,,
1780559946.8030367,,,cpu-thermal,55.375
1780559946.8030367,,,gpu-thermal,55.562
1780559946.8030367,,,soc0-thermal,53.75
1780559946.8030367,,,soc1-thermal,53.281
1780559946.8030367,,,soc2-thermal,53.437
1780559946.8030367,,,tj-thermal,55.562
1780559946.9091415,VDD_IN,6041.664,,
1780559946.9091415,VDD_CPU_GPU_CV,1695.232,,
1780559946.9091415,VDD_SOC,1616.384,,
1780559946.9091415,,,cpu-thermal,55.218
1780559946.9091415,,,gpu-thermal,55.5
1780559946.9091415,,,soc0-thermal,53.968
1780559946.9091415,,,soc1-thermal,53.093
1780559946.9091415,,,soc2-thermal,53.406
1780559946.9091415,,,tj-thermal,55.5
1780559947.015406,VDD_IN,6041.664,,
1780559947.015406,VDD_CPU_GPU_CV,1695.232,,
1780559947.015406,VDD_SOC,1619.008,,
1780559947.015406,,,cpu-thermal,55.25
1780559947.015406,,,gpu-thermal,55.375
1780559947.015406,,,soc0-thermal,53.75
1780559947.015406,,,soc1-thermal,53.218
1780559947.015406,,,soc2-thermal,53.375
1780559947.015406,,,tj-thermal,55.375
1780559947.121425,VDD_IN,6041.664,,
1780559947.121425,VDD_CPU_GPU_CV,1695.232,,
1780559947.121425,VDD_SOC,1616.384,,
1780559947.121425,,,cpu-thermal,55.187
1780559947.121425,,,gpu-thermal,55.375
1780559947.121425,,,soc0-thermal,53.781
1780559947.121425,,,soc1-thermal,53.281
1780559947.121425,,,soc2-thermal,53.437
1780559947.121425,,,tj-thermal,55.375
1780559947.2279463,VDD_IN,6041.664,,
1780559947.2279463,VDD_CPU_GPU_CV,1695.232,,
1780559947.2279463,VDD_SOC,1619.008,,
1780559947.2279463,,,cpu-thermal,55.218
1780559947.2279463,,,gpu-thermal,55.656
1780559947.2279463,,,soc0-thermal,53.937
1780559947.2279463,,,soc1-thermal,53.125
1780559947.2279463,,,soc2-thermal,53.406
1780559947.2279463,,,tj-thermal,55.656
1780559947.3344684,VDD_IN,6081.152,,
1780559947.3344684,VDD_CPU_GPU_CV,1695.232,,
1780559947.3344684,VDD_SOC,1616.384,,
1780559947.3344684,,,cpu-thermal,55.156
1780559947.3344684,,,gpu-thermal,55.687
1780559947.3344684,,,soc0-thermal,53.781
1780559947.3344684,,,soc1-thermal,53.187
1780559947.3344684,,,soc2-thermal,53.406
1780559947.3344684,,,tj-thermal,55.687
1780559947.4403183,VDD_IN,6110.72,,
1780559947.4403183,VDD_CPU_GPU_CV,1731.84,,
1780559947.4403183,VDD_SOC,1616.384,,
1780559947.4403183,,,cpu-thermal,55.562
1780559947.4403183,,,gpu-thermal,55.843
1780559947.4403183,,,soc0-thermal,53.781
1780559947.4403183,,,soc1-thermal,53.281
1780559947.4403183,,,soc2-thermal,53.468
1780559947.4403183,,,tj-thermal,55.562
1780559947.5462382,VDD_IN,6110.72,,
1780559947.5462382,VDD_CPU_GPU_CV,1731.84,,
1780559947.5462382,VDD_SOC,1616.384,,
1780559947.5462382,,,cpu-thermal,55.187
1780559947.5462382,,,gpu-thermal,55.656
1780559947.5462382,,,soc0-thermal,53.812
1780559947.5462382,,,soc1-thermal,53.375
1780559947.5462382,,,soc2-thermal,53.468
1780559947.5462382,,,tj-thermal,55.5
1780559947.6524303,VDD_IN,6071.296,,
1780559947.6524303,VDD_CPU_GPU_CV,1731.84,,
1780559947.6524303,VDD_SOC,1616.384,,
1780559947.6524303,,,cpu-thermal,55.343
1780559947.6524303,,,gpu-thermal,55.5
1780559947.6524303,,,soc0-thermal,53.687
1780559947.6524303,,,soc1-thermal,53.187
1780559947.6524303,,,soc2-thermal,53.406
1780559947.6524303,,,tj-thermal,55.375
1780559947.7583375,VDD_IN,6071.296,,
1780559947.7583375,VDD_CPU_GPU_CV,1731.84,,
1780559947.7583375,VDD_SOC,1616.384,,
1780559947.7583375,,,cpu-thermal,55.343
1780559947.7583375,,,gpu-thermal,55.5
1780559947.7583375,,,soc0-thermal,53.843
1780559947.7583375,,,soc1-thermal,53.156
1780559947.7583375,,,soc2-thermal,53.531
1780559947.7583375,,,tj-thermal,55.75
1780559947.8655968,VDD_IN,6081.152,,
1780559947.8655968,VDD_CPU_GPU_CV,1695.232,,
1780559947.8655968,VDD_SOC,1616.384,,
1780559947.8655968,,,cpu-thermal,55.281
1780559947.8655968,,,gpu-thermal,55.437
1780559947.8655968,,,soc0-thermal,53.968
1780559947.8655968,,,soc1-thermal,53.375
1780559947.8655968,,,soc2-thermal,53.343
1780559947.8655968,,,tj-thermal,55.562
1780559947.971796,VDD_IN,6041.664,,
1780559947.971796,VDD_CPU_GPU_CV,1695.232,,
1780559947.971796,VDD_SOC,1619.008,,
1780559947.971796,,,cpu-thermal,55.312
1780559947.971796,,,gpu-thermal,55.468
1780559947.971796,,,soc0-thermal,53.781
1780559947.971796,,,soc1-thermal,53.187
1780559947.971796,,,soc2-thermal,53.468
1780559947.971796,,,tj-thermal,55.593
1780559948.07822,VDD_IN,6081.152,,
1780559948.07822,VDD_CPU_GPU_CV,1695.232,,
1780559948.07822,VDD_SOC,1616.384,,
1780559948.07822,,,cpu-thermal,55.343
1780559948.07822,,,gpu-thermal,55.75
1780559948.07822,,,soc0-thermal,53.843
1780559948.07822,,,soc1-thermal,53.343
1780559948.07822,,,soc2-thermal,53.531
1780559948.07822,,,tj-thermal,55.468
1780559948.1848783,VDD_IN,6041.664,,
1780559948.1848783,VDD_CPU_GPU_CV,1695.232,,
1780559948.1848783,VDD_SOC,1616.384,,
1780559948.1848783,,,cpu-thermal,55.312
1780559948.1848783,,,gpu-thermal,55.656
1780559948.1848783,,,soc0-thermal,53.812
1780559948.1848783,,,soc1-thermal,53.437
1780559948.1848783,,,soc2-thermal,53.468
1780559948.1848783,,,tj-thermal,55.5
1780559948.2908242,VDD_IN,6081.152,,
1780559948.2908242,VDD_CPU_GPU_CV,1692.48,,
1780559948.2908242,VDD_SOC,1616.384,,
1780559948.2908242,,,cpu-thermal,55.25
1780559948.2908242,,,gpu-thermal,55.625
1780559948.2908242,,,soc0-thermal,53.843
1780559948.2908242,,,soc1-thermal,53.218
1780559948.2908242,,,soc2-thermal,53.437
1780559948.2908242,,,tj-thermal,55.875
1780559948.3970134,VDD_IN,6110.72,,
1780559948.3970134,VDD_CPU_GPU_CV,1731.84,,
1780559948.3970134,VDD_SOC,1616.384,,
1780559948.3970134,,,cpu-thermal,55.593
1780559948.3970134,,,gpu-thermal,55.437
1780559948.3970134,,,soc0-thermal,53.812
1780559948.3970134,,,soc1-thermal,53.25
1780559948.3970134,,,soc2-thermal,53.531
1780559948.3970134,,,tj-thermal,55.593
1780559948.502906,VDD_IN,6110.72,,
1780559948.502906,VDD_CPU_GPU_CV,1731.84,,
1780559948.502906,VDD_SOC,1616.384,,
1780559948.502906,,,cpu-thermal,55.218
1780559948.502906,,,gpu-thermal,55.5
1780559948.502906,,,soc0-thermal,53.781
1780559948.502906,,,soc1-thermal,53.343
1780559948.502906,,,soc2-thermal,53.468
1780559948.502906,,,tj-thermal,55.5
1780559948.6091232,VDD_IN,6110.72,,
1780559948.6091232,VDD_CPU_GPU_CV,1731.84,,
1780559948.6091232,VDD_SOC,1616.384,,
1780559948.6091232,,,cpu-thermal,55.25
1780559948.6091232,,,gpu-thermal,55.968
1780559948.6091232,,,soc0-thermal,54.0
1780559948.6091232,,,soc1-thermal,53.218
1780559948.6091232,,,soc2-thermal,53.625
1780559948.6091232,,,tj-thermal,55.968
1780559948.7156174,VDD_IN,6110.72,,
1780559948.7156174,VDD_CPU_GPU_CV,1731.84,,
1780559948.7156174,VDD_SOC,1616.384,,
1780559948.7156174,,,cpu-thermal,55.468
1780559948.7156174,,,gpu-thermal,55.812
1780559948.7156174,,,soc0-thermal,53.781
1780559948.7156174,,,soc1-thermal,53.187
1780559948.7156174,,,soc2-thermal,53.531
1780559948.7156174,,,tj-thermal,55.812
1780559948.8217797,VDD_IN,6071.296,,
1780559948.8217797,VDD_CPU_GPU_CV,1731.84,,
1780559948.8217797,VDD_SOC,1616.384,,
1780559948.8217797,,,cpu-thermal,55.531
1780559948.8217797,,,gpu-thermal,55.593
1780559948.8217797,,,soc0-thermal,53.937
1780559948.8217797,,,soc1-thermal,53.312
1780559948.8217797,,,soc2-thermal,53.531
1780559948.8217797,,,tj-thermal,55.593
1780559948.9282308,VDD_IN,6081.152,,
1780559948.9282308,VDD_CPU_GPU_CV,1731.84,,
1780559948.9282308,VDD_SOC,1616.384,,
1780559948.9282308,,,cpu-thermal,55.343
1780559948.9282308,,,gpu-thermal,55.562
1780559948.9282308,,,soc0-thermal,53.937
1780559948.9282308,,,soc1-thermal,53.093
1780559948.9282308,,,soc2-thermal,53.5
1780559948.9282308,,,tj-thermal,55.562
1780559949.034282,VDD_IN,6041.664,,
1780559949.034282,VDD_CPU_GPU_CV,1695.232,,
1780559949.034282,VDD_SOC,1616.384,,
1780559949.034282,,,cpu-thermal,55.406
1780559949.034282,,,gpu-thermal,55.593
1780559949.034282,,,soc0-thermal,53.812
1780559949.034282,,,soc1-thermal,53.281
1780559949.034282,,,soc2-thermal,53.625
1780559949.034282,,,tj-thermal,55.593
1780559949.1406665,VDD_IN,6041.664,,
1780559949.1406665,VDD_CPU_GPU_CV,1695.232,,
1780559949.1406665,VDD_SOC,1616.384,,
1780559949.1406665,,,cpu-thermal,55.437
1780559949.1406665,,,gpu-thermal,55.5
1780559949.1406665,,,soc0-thermal,53.937
1780559949.1406665,,,soc1-thermal,53.343
1780559949.1406665,,,soc2-thermal,53.5
1780559949.1406665,,,tj-thermal,55.5
1780559949.2476025,VDD_IN,6041.664,,
1780559949.2476025,VDD_CPU_GPU_CV,1695.232,,
1780559949.2476025,VDD_SOC,1619.008,,
1780559949.2476025,,,cpu-thermal,55.375
1780559949.2476025,,,gpu-thermal,55.781
1780559949.2476025,,,soc0-thermal,54.0
1780559949.2476025,,,soc1-thermal,53.156
1780559949.2476025,,,soc2-thermal,53.656
1780559949.2476025,,,tj-thermal,55.781
1780559949.353952,VDD_IN,6120.64,,
1780559949.353952,VDD_CPU_GPU_CV,1771.2,,
1780559949.353952,VDD_SOC,1616.384,,
1780559949.353952,,,cpu-thermal,55.343
1780559949.353952,,,gpu-thermal,55.75
1780559949.353952,,,soc0-thermal,53.875
1780559949.353952,,,soc1-thermal,53.25
1780559949.353952,,,soc2-thermal,53.562
1780559949.353952,,,tj-thermal,55.625
1780559949.4612193,VDD_IN,6150.144,,
1780559949.4612193,VDD_CPU_GPU_CV,1771.2,,
1780559949.4612193,VDD_SOC,1616.384,,
1780559949.4612193,,,cpu-thermal,55.625
1780559949.4612193,,,gpu-thermal,55.593
1780559949.4612193,,,soc0-thermal,54.0
1780559949.4612193,,,soc1-thermal,53.406
1780559949.4612193,,,soc2-thermal,53.562
1780559949.4612193,,,tj-thermal,55.937
1780559949.5672164,VDD_IN,6110.72,,
1780559949.5672164,VDD_CPU_GPU_CV,1771.2,,
1780559949.5672164,VDD_SOC,1616.384,,
1780559949.5672164,,,cpu-thermal,55.312
1780559949.5672164,,,gpu-thermal,55.562
1780559949.5672164,,,soc0-thermal,54.062
1780559949.5672164,,,soc1-thermal,53.187
1780559949.5672164,,,soc2-thermal,53.437
1780559949.5672164,,,tj-thermal,55.562
1780559949.6734147,VDD_IN,6120.64,,
1780559949.6734147,VDD_CPU_GPU_CV,1731.84,,
1780559949.6734147,VDD_SOC,1616.384,,
1780559949.6734147,,,cpu-thermal,55.562
1780559949.6734147,,,gpu-thermal,55.593
1780559949.6734147,,,soc0-thermal,53.781
1780559949.6734147,,,soc1-thermal,53.343
1780559949.6734147,,,soc2-thermal,53.656
1780559949.6734147,,,tj-thermal,55.593
1780559949.7799559,VDD_IN,6081.152,,
1780559949.7799559,VDD_CPU_GPU_CV,1734.656,,
1780559949.7799559,VDD_SOC,1616.384,,
1780559949.7799559,,,cpu-thermal,55.593
1780559949.7799559,,,gpu-thermal,55.937
1780559949.7799559,,,soc0-thermal,53.937
1780559949.7799559,,,soc1-thermal,53.375
1780559949.7799559,,,soc2-thermal,53.718
1780559949.7799559,,,tj-thermal,55.937
1780559949.8862426,VDD_IN,6081.152,,
1780559949.8862426,VDD_CPU_GPU_CV,1695.232,,
1780559949.8862426,VDD_SOC,1616.384,,
1780559949.8862426,,,cpu-thermal,55.718
1780559949.8862426,,,gpu-thermal,55.781
1780559949.8862426,,,soc0-thermal,54.031
1780559949.8862426,,,soc1-thermal,53.187
1780559949.8862426,,,soc2-thermal,53.625
1780559949.8862426,,,tj-thermal,55.781
1780559949.9927068,VDD_IN,6081.152,,
1780559949.9927068,VDD_CPU_GPU_CV,1695.232,,
1780559949.9927068,VDD_SOC,1616.384,,
1780559949.9927068,,,cpu-thermal,55.406
1780559949.9927068,,,gpu-thermal,55.718
1780559949.9927068,,,soc0-thermal,53.906
1780559949.9927068,,,soc1-thermal,53.281
1780559949.9927068,,,soc2-thermal,53.656
1780559949.9927068,,,tj-thermal,55.718
1780559950.098983,VDD_IN,6041.664,,
1780559950.098983,VDD_CPU_GPU_CV,1695.232,,
1780559950.098983,VDD_SOC,1619.008,,
1780559950.098983,,,cpu-thermal,55.468
1780559950.098983,,,gpu-thermal,55.625
1780559950.098983,,,soc0-thermal,53.968
1780559950.098983,,,soc1-thermal,53.406
1780559950.098983,,,soc2-thermal,53.656
1780559950.098983,,,tj-thermal,55.625
1780559950.2050142,VDD_IN,6041.664,,
1780559950.2050142,VDD_CPU_GPU_CV,1695.232,,
1780559950.2050142,VDD_SOC,1619.008,,
1780559950.2050142,,,cpu-thermal,55.281
1780559950.2050142,,,gpu-thermal,55.593
1780559950.2050142,,,soc0-thermal,54.031
1780559950.2050142,,,soc1-thermal,53.281
1780559950.2050142,,,soc2-thermal,53.656
1780559950.2050142,,,tj-thermal,55.593
1780559950.311455,VDD_IN,6041.664,,
1780559950.311455,VDD_CPU_GPU_CV,1695.232,,
1780559950.311455,VDD_SOC,1616.384,,
1780559950.311455,,,cpu-thermal,55.406
1780559950.311455,,,gpu-thermal,55.937
1780559950.311455,,,soc0-thermal,53.906
1780559950.311455,,,soc1-thermal,53.343
1780559950.311455,,,soc2-thermal,53.687
1780559950.311455,,,tj-thermal,55.937
1780559950.417577,VDD_IN,6110.72,,
1780559950.417577,VDD_CPU_GPU_CV,1731.84,,
1780559950.417577,VDD_SOC,1616.384,,
1780559950.417577,,,cpu-thermal,55.687
1780559950.417577,,,gpu-thermal,55.843
1780559950.417577,,,soc0-thermal,53.906
1780559950.417577,,,soc1-thermal,53.343
1780559950.417577,,,soc2-thermal,53.656
1780559950.417577,,,tj-thermal,55.843
1780559950.5236704,VDD_IN,6110.72,,
1780559950.5236704,VDD_CPU_GPU_CV,1731.84,,
1780559950.5236704,VDD_SOC,1616.384,,
1780559950.5236704,,,cpu-thermal,55.343
1780559950.5236704,,,gpu-thermal,55.75
1780559950.5236704,,,soc0-thermal,53.968
1780559950.5236704,,,soc1-thermal,53.468
1780559950.5236704,,,soc2-thermal,53.593
1780559950.5236704,,,tj-thermal,55.75
1780559950.629969,VDD_IN,6120.64,,
1780559950.629969,VDD_CPU_GPU_CV,1731.84,,
1780559950.629969,VDD_SOC,1616.384,,
1780559950.629969,,,cpu-thermal,55.375
1780559950.629969,,,gpu-thermal,55.625
1780559950.629969,,,soc0-thermal,54.093
1780559950.629969,,,soc1-thermal,53.375
1780559950.629969,,,soc2-thermal,53.656
1780559950.629969,,,tj-thermal,55.625
1780559950.7360668,VDD_IN,6081.152,,
1780559950.7360668,VDD_CPU_GPU_CV,1734.656,,
1780559950.7360668,VDD_SOC,1616.384,,
1780559950.7360668,,,cpu-thermal,55.687
1780559950.7360668,,,gpu-thermal,55.625
1780559950.7360668,,,soc0-thermal,53.968
1780559950.7360668,,,soc1-thermal,53.437
1780559950.7360668,,,soc2-thermal,53.656
1780559950.7360668,,,tj-thermal,55.687
1780559950.8421614,VDD_IN,6081.152,,
1780559950.8421614,VDD_CPU_GPU_CV,1734.656,,
1780559950.8421614,VDD_SOC,1616.384,,
1780559950.8421614,,,cpu-thermal,55.687
1780559950.8421614,,,gpu-thermal,55.656
1780559950.8421614,,,soc0-thermal,54.031
1780559950.8421614,,,soc1-thermal,53.562
1780559950.8421614,,,soc2-thermal,53.562
1780559950.8421614,,,tj-thermal,55.687
1780559950.9490535,VDD_IN,6041.664,,
1780559950.9490535,VDD_CPU_GPU_CV,1734.656,,
1780559950.9490535,VDD_SOC,1616.384,,
1780559950.9490535,,,cpu-thermal,55.531
1780559950.9490535,,,gpu-thermal,55.968
1780559950.9490535,,,soc0-thermal,54.093
1780559950.9490535,,,soc1-thermal,53.25
1780559950.9490535,,,soc2-thermal,53.656
1780559950.9490535,,,tj-thermal,55.968
1780559951.0551126,VDD_IN,6041.664,,
1780559951.0551126,VDD_CPU_GPU_CV,1695.232,,
1780559951.0551126,VDD_SOC,1616.384,,
1780559951.0551126,,,cpu-thermal,55.625
1780559951.0551126,,,gpu-thermal,55.843
1780559951.0551126,,,soc0-thermal,54.031
1780559951.0551126,,,soc1-thermal,53.437
1780559951.0551126,,,soc2-thermal,53.625
1780559951.0551126,,,tj-thermal,55.843
1780559951.1618721,VDD_IN,6041.664,,
1780559951.1618721,VDD_CPU_GPU_CV,1695.232,,
1780559951.1618721,VDD_SOC,1619.008,,
1780559951.1618721,,,cpu-thermal,55.531
1780559951.1618721,,,gpu-thermal,55.718
1780559951.1618721,,,soc0-thermal,54.031
1780559951.1618721,,,soc1-thermal,53.562
1780559951.1618721,,,soc2-thermal,53.656
1780559951.1618721,,,tj-thermal,55.718
1780559951.2681978,VDD_IN,6041.664,,
1780559951.2681978,VDD_CPU_GPU_CV,1695.232,,
1780559951.2681978,VDD_SOC,1619.008,,
1780559951.2681978,,,cpu-thermal,55.437
1780559951.2681978,,,gpu-thermal,55.625
1780559951.2681978,,,soc0-thermal,54.125
1780559951.2681978,,,soc1-thermal,53.343
1780559951.2681978,,,soc2-thermal,53.687
1780559951.2681978,,,tj-thermal,55.625
1780559951.3743474,VDD_IN,6071.296,,
1780559951.3743474,VDD_CPU_GPU_CV,1731.84,,
1780559951.3743474,VDD_SOC,1616.384,,
1780559951.3743474,,,cpu-thermal,55.5
1780559951.3743474,,,gpu-thermal,55.625
1780559951.3743474,,,soc0-thermal,53.968
1780559951.3743474,,,soc1-thermal,53.343
1780559951.3743474,,,soc2-thermal,53.718
1780559951.3743474,,,tj-thermal,55.625
1780559951.4803982,VDD_IN,6110.72,,
1780559951.4803982,VDD_CPU_GPU_CV,1731.84,,
1780559951.4803982,VDD_SOC,1616.384,,
1780559951.4803982,,,cpu-thermal,55.437
1780559951.4803982,,,gpu-thermal,56.0
1780559951.4803982,,,soc0-thermal,54.0
1780559951.4803982,,,soc1-thermal,53.531
1780559951.4803982,,,soc2-thermal,53.593
1780559951.4803982,,,tj-thermal,56.0
1780559951.5873072,VDD_IN,6110.72,,
1780559951.5873072,VDD_CPU_GPU_CV,1731.84,,
1780559951.5873072,VDD_SOC,1616.384,,
1780559951.5873072,,,cpu-thermal,55.437
1780559951.5873072,,,gpu-thermal,55.843
1780559951.5873072,,,soc0-thermal,54.156
1780559951.5873072,,,soc1-thermal,53.437
1780559951.5873072,,,soc2-thermal,53.687
1780559951.5873072,,,tj-thermal,55.843
1780559951.693729,VDD_IN,6071.296,,
1780559951.693729,VDD_CPU_GPU_CV,1731.84,,
1780559951.693729,VDD_SOC,1616.384,,
1780559951.693729,,,cpu-thermal,55.718
1780559951.693729,,,gpu-thermal,55.781
1780559951.693729,,,soc0-thermal,54.031
1780559951.693729,,,soc1-thermal,53.312
1780559951.693729,,,soc2-thermal,53.687
1780559951.693729,,,tj-thermal,55.781
1780559951.8003526,VDD_IN,6071.296,,
1780559951.8003526,VDD_CPU_GPU_CV,1731.84,,
1780559951.8003526,VDD_SOC,1616.384,,
1780559951.8003526,,,cpu-thermal,55.75
1780559951.8003526,,,gpu-thermal,55.656
1780559951.8003526,,,soc0-thermal,54.093
1780559951.8003526,,,soc1-thermal,53.531
1780559951.8003526,,,soc2-thermal,53.656
1780559951.8003526,,,tj-thermal,55.75
1780559951.9068112,VDD_IN,6071.296,,
1780559951.9068112,VDD_CPU_GPU_CV,1692.48,,
1780559951.9068112,VDD_SOC,1616.384,,
1780559951.9068112,,,cpu-thermal,55.468
1780559951.9068112,,,gpu-thermal,55.656
1780559951.9068112,,,soc0-thermal,54.156
1780559951.9068112,,,soc1-thermal,53.437
1780559951.9068112,,,soc2-thermal,53.687
1780559951.9068112,,,tj-thermal,55.656
1780559952.0134866,VDD_IN,6041.664,,
1780559952.0134866,VDD_CPU_GPU_CV,1695.232,,
1780559952.0134866,VDD_SOC,1616.384,,
1780559952.0134866,,,cpu-thermal,55.593
1780559952.0134866,,,gpu-thermal,55.656
1780559952.0134866,,,soc0-thermal,54.031
1780559952.0134866,,,soc1-thermal,53.437
1780559952.0134866,,,soc2-thermal,53.656
1780559952.0134866,,,tj-thermal,55.656
1780559952.1194441,VDD_IN,6031.872,,
1780559952.1194441,VDD_CPU_GPU_CV,1695.232,,
1780559952.1194441,VDD_SOC,1616.384,,
1780559952.1194441,,,cpu-thermal,55.656
1780559952.1194441,,,gpu-thermal,55.968
1780559952.1194441,,,soc0-thermal,54.031
1780559952.1194441,,,soc1-thermal,53.5
1780559952.1194441,,,soc2-thermal,53.656
1780559952.1194441,,,tj-thermal,55.968
1780559952.2262278,VDD_IN,6031.872,,
1780559952.2262278,VDD_CPU_GPU_CV,1692.48,,
1780559952.2262278,VDD_SOC,1616.384,,
1780559952.2262278,,,cpu-thermal,55.5
1780559952.2262278,,,gpu-thermal,55.875
1780559952.2262278,,,soc0-thermal,54.093
1780559952.2262278,,,soc1-thermal,53.437
1780559952.2262278,,,soc2-thermal,53.656
1780559952.2262278,,,tj-thermal,55.875
1780559952.3325891,VDD_IN,6071.296,,
1780559952.3325891,VDD_CPU_GPU_CV,1692.48,,
1780559952.3325891,VDD_SOC,1616.384,,
1780559952.3325891,,,cpu-thermal,55.5
1780559952.3325891,,,gpu-thermal,55.781
1780559952.3325891,,,soc0-thermal,54.093
1780559952.3325891,,,soc1-thermal,53.437
1780559952.3325891,,,soc2-thermal,53.75
1780559952.3325891,,,tj-thermal,55.781
1780559952.4387434,VDD_IN,6110.72,,
1780559952.4387434,VDD_CPU_GPU_CV,1731.84,,
1780559952.4387434,VDD_SOC,1616.384,,
1780559952.4387434,,,cpu-thermal,55.406
1780559952.4387434,,,gpu-thermal,55.718
1780559952.4387434,,,soc0-thermal,54.062
1780559952.4387434,,,soc1-thermal,53.531
1780559952.4387434,,,soc2-thermal,53.843
1780559952.4387434,,,tj-thermal,55.718
1780559952.545135,VDD_IN,6110.72,,
1780559952.545135,VDD_CPU_GPU_CV,1731.84,,
1780559952.545135,VDD_SOC,1616.384,,
1780559952.545135,,,cpu-thermal,55.593
1780559952.545135,,,gpu-thermal,55.656
1780559952.545135,,,soc0-thermal,54.093
1780559952.545135,,,soc1-thermal,53.406
1780559952.545135,,,soc2-thermal,53.718
1780559952.545135,,,tj-thermal,55.656
1780559952.6516638,VDD_IN,6071.296,,
1780559952.6516638,VDD_CPU_GPU_CV,1731.84,,
1780559952.6516638,VDD_SOC,1616.384,,
1780559952.6516638,,,cpu-thermal,55.531
1780559952.6516638,,,gpu-thermal,56.0
1780559952.6516638,,,soc0-thermal,54.093
1780559952.6516638,,,soc1-thermal,53.5
1780559952.6516638,,,soc2-thermal,53.718
1780559952.6516638,,,tj-thermal,56.0
1780559952.75786,VDD_IN,6071.296,,
1780559952.75786,VDD_CPU_GPU_CV,1734.656,,
1780559952.75786,VDD_SOC,1616.384,,
1780559952.75786,,,cpu-thermal,55.812
1780559952.75786,,,gpu-thermal,56.0
1780559952.75786,,,soc0-thermal,54.125
1780559952.75786,,,soc1-thermal,53.5
1780559952.75786,,,soc2-thermal,53.843
1780559952.75786,,,tj-thermal,56.0
1780559952.8643758,VDD_IN,6081.152,,
1780559952.8643758,VDD_CPU_GPU_CV,1734.656,,
1780559952.8643758,VDD_SOC,1616.384,,
1780559952.8643758,,,cpu-thermal,56.0
1780559952.8643758,,,gpu-thermal,55.843
1780559952.8643758,,,soc0-thermal,54.281
1780559952.8643758,,,soc1-thermal,53.656
1780559952.8643758,,,soc2-thermal,53.656
1780559952.8643758,,,tj-thermal,56.0
1780559952.9703724,VDD_IN,6041.664,,
1780559952.9703724,VDD_CPU_GPU_CV,1695.232,,
1780559952.9703724,VDD_SOC,1616.384,,
1780559952.9703724,,,cpu-thermal,55.562
1780559952.9703724,,,gpu-thermal,55.718
1780559952.9703724,,,soc0-thermal,54.093
1780559952.9703724,,,soc1-thermal,53.437
1780559952.9703724,,,soc2-thermal,53.812
1780559952.9703724,,,tj-thermal,55.718
1780559953.0769231,VDD_IN,6041.664,,
1780559953.0769231,VDD_CPU_GPU_CV,1695.232,,
1780559953.0769231,VDD_SOC,1619.008,,
1780559953.0769231,,,cpu-thermal,55.718
1780559953.0769231,,,gpu-thermal,55.718
1780559953.0769231,,,soc0-thermal,54.093
1780559953.0769231,,,soc1-thermal,53.562
1780559953.0769231,,,soc2-thermal,53.781
1780559953.0769231,,,tj-thermal,55.718
1780559953.1835413,VDD_IN,6041.664,,
1780559953.1835413,VDD_CPU_GPU_CV,1695.232,,
1780559953.1835413,VDD_SOC,1619.008,,
1780559953.1835413,,,cpu-thermal,55.531
1780559953.1835413,,,gpu-thermal,56.156
1780559953.1835413,,,soc0-thermal,54.218
1780559953.1835413,,,soc1-thermal,53.656
1780559953.1835413,,,soc2-thermal,53.687
1780559953.1835413,,,tj-thermal,56.156
1780559953.289821,VDD_IN,6041.664,,
1780559953.289821,VDD_CPU_GPU_CV,1695.232,,
1780559953.289821,VDD_SOC,1616.384,,
1780559953.289821,,,cpu-thermal,55.562
1780559953.289821,,,gpu-thermal,56.093
1780559953.289821,,,soc0-thermal,54.062
1780559953.289821,,,soc1-thermal,53.531
1780559953.289821,,,soc2-thermal,53.812
1780559953.289821,,,tj-thermal,56.093
1780559953.3963604,VDD_IN,6081.152,,
1780559953.3963604,VDD_CPU_GPU_CV,1731.84,,
1780559953.3963604,VDD_SOC,1616.384,,
1780559953.3963604,,,cpu-thermal,55.562
1780559953.3963604,,,gpu-thermal,55.875
1780559953.3963604,,,soc0-thermal,54.062
1780559953.3963604,,,soc1-thermal,53.562
1780559953.3963604,,,soc2-thermal,53.781
1780559953.3963604,,,tj-thermal,55.968
1780559953.5023217,VDD_IN,6110.72,,
1780559953.5023217,VDD_CPU_GPU_CV,1731.84,,
1780559953.5023217,VDD_SOC,1616.384,,
1780559953.5023217,,,cpu-thermal,55.656
1780559953.5023217,,,gpu-thermal,55.781
1780559953.5023217,,,soc0-thermal,54.125
1780559953.5023217,,,soc1-thermal,53.656
1780559953.5023217,,,soc2-thermal,53.718
1780559953.5023217,,,tj-thermal,55.781
1780559953.6081982,VDD_IN,6081.152,,
1780559953.6081982,VDD_CPU_GPU_CV,1731.84,,
1780559953.6081982,VDD_SOC,1616.384,,
1780559953.6081982,,,cpu-thermal,55.593
1780559953.6081982,,,gpu-thermal,56.0
1780559953.6081982,,,soc0-thermal,54.125
1780559953.6081982,,,soc1-thermal,53.5
1780559953.6081982,,,soc2-thermal,53.812
1780559953.6081982,,,tj-thermal,55.75
1780559953.7137055,VDD_IN,6081.152,,
1780559953.7137055,VDD_CPU_GPU_CV,1734.656,,
1780559953.7137055,VDD_SOC,1616.384,,
1780559953.7137055,,,cpu-thermal,55.625
1780559953.7137055,,,gpu-thermal,55.875
1780559953.7137055,,,soc0-thermal,54.093
1780559953.7137055,,,soc1-thermal,53.562
1780559953.7137055,,,soc2-thermal,53.843
1780559953.7137055,,,tj-thermal,55.875
1780559953.81951,VDD_IN,6041.664,,
1780559953.81951,VDD_CPU_GPU_CV,1695.232,,
1780559953.81951,VDD_SOC,1616.384,,
1780559953.81951,,,cpu-thermal,55.937
1780559953.81951,,,gpu-thermal,55.843
1780559953.81951,,,soc0-thermal,54.125
1780559953.81951,,,soc1-thermal,53.593
1780559953.81951,,,soc2-thermal,53.843
1780559953.81951,,,tj-thermal,55.937
1780559953.9248714,VDD_IN,6041.664,,
1780559953.9248714,VDD_CPU_GPU_CV,1695.232,,
1780559953.9248714,VDD_SOC,1619.008,,
1780559953.9248714,,,cpu-thermal,55.562
1780559953.9248714,,,gpu-thermal,55.812
1780559953.9248714,,,soc0-thermal,54.156
1780559953.9248714,,,soc1-thermal,53.593
1780559953.9248714,,,soc2-thermal,53.781
1780559953.9248714,,,tj-thermal,55.812
1780559954.0302932,VDD_IN,6041.664,,
1780559954.0302932,VDD_CPU_GPU_CV,1695.232,,
1780559954.0302932,VDD_SOC,1619.008,,
1780559954.0302932,,,cpu-thermal,55.593
1780559954.0302932,,,gpu-thermal,56.0
1780559954.0302932,,,soc0-thermal,54.281
1780559954.0302932,,,soc1-thermal,53.593
1780559954.0302932,,,soc2-thermal,53.781
1780559954.0302932,,,tj-thermal,55.812
1780559954.1357305,VDD_IN,6041.664,,
1780559954.1357305,VDD_CPU_GPU_CV,1695.232,,
1780559954.1357305,VDD_SOC,1619.008,,
1780559954.1357305,,,cpu-thermal,55.781
1780559954.1357305,,,gpu-thermal,55.75
1780559954.1357305,,,soc0-thermal,54.093
1780559954.1357305,,,soc1-thermal,53.593
1780559954.1357305,,,soc2-thermal,53.906
1780559954.1357305,,,tj-thermal,56.093
1780559954.2416694,VDD_IN,6041.664,,
1780559954.2416694,VDD_CPU_GPU_CV,1695.232,,
1780559954.2416694,VDD_SOC,1619.008,,
1780559954.2416694,,,cpu-thermal,55.937
1780559954.2416694,,,gpu-thermal,55.718
1780559954.2416694,,,soc0-thermal,54.187
1780559954.2416694,,,soc1-thermal,53.687
1780559954.2416694,,,soc2-thermal,53.812
1780559954.2416694,,,tj-thermal,55.968
1780559954.3484523,VDD_IN,6081.152,,
1780559954.3484523,VDD_CPU_GPU_CV,1695.232,,
1780559954.3484523,VDD_SOC,1616.384,,
1780559954.3484523,,,cpu-thermal,55.593
1780559954.3484523,,,gpu-thermal,56.281
1780559954.3484523,,,soc0-thermal,54.25
1780559954.3484523,,,soc1-thermal,53.5
1780559954.3484523,,,soc2-thermal,53.781
1780559954.3484523,,,tj-thermal,55.906
1780559954.4547956,VDD_IN,6120.64,,
1780559954.4547956,VDD_CPU_GPU_CV,1731.84,,
1780559954.4547956,VDD_SOC,1616.384,,
1780559954.4547956,,,cpu-thermal,55.687
1780559954.4547956,,,gpu-thermal,56.062
1780559954.4547956,,,soc0-thermal,54.125
1780559954.4547956,,,soc1-thermal,53.593
1780559954.4547956,,,soc2-thermal,53.906
1780559954.4547956,,,tj-thermal,55.906
1780559954.5610764,VDD_IN,6110.72,,
1780559954.5610764,VDD_CPU_GPU_CV,1731.84,,
1780559954.5610764,VDD_SOC,1616.384,,
1780559954.5610764,,,cpu-thermal,55.843
1780559954.5610764,,,gpu-thermal,56.0
1780559954.5610764,,,soc0-thermal,54.187
1780559954.5610764,,,soc1-thermal,53.75
1780559954.5610764,,,soc2-thermal,53.937
1780559954.5610764,,,tj-thermal,55.843
1780559954.667661,VDD_IN,6120.64,,
1780559954.667661,VDD_CPU_GPU_CV,1734.656,,
1780559954.667661,VDD_SOC,1616.384,,
1780559954.667661,,,cpu-thermal,55.625
1780559954.667661,,,gpu-thermal,55.843
1780559954.667661,,,soc0-thermal,54.343
1780559954.667661,,,soc1-thermal,53.531
1780559954.667661,,,soc2-thermal,53.843
1780559954.667661,,,tj-thermal,56.156
1780559954.7738264,VDD_IN,6081.152,,
1780559954.7738264,VDD_CPU_GPU_CV,1695.232,,
1780559954.7738264,VDD_SOC,1616.384,,
1780559954.7738264,,,cpu-thermal,55.593
1780559954.7738264,,,gpu-thermal,55.843
1780559954.7738264,,,soc0-thermal,54.125
1780559954.7738264,,,soc1-thermal,53.593
1780559954.7738264,,,soc2-thermal,53.968
1780559954.7738264,,,tj-thermal,55.843
1780559954.8798206,VDD_IN,6081.152,,
1780559954.8798206,VDD_CPU_GPU_CV,1695.232,,
1780559954.8798206,VDD_SOC,1616.384,,
1780559954.8798206,,,cpu-thermal,55.625
1780559954.8798206,,,gpu-thermal,55.875
1780559954.8798206,,,soc0-thermal,54.187
1780559954.8798206,,,soc1-thermal,53.687
1780559954.8798206,,,soc2-thermal,53.906
1780559954.8798206,,,tj-thermal,56.062
1780559954.9866111,VDD_IN,6041.664,,
1780559954.9866111,VDD_CPU_GPU_CV,1695.232,,
1780559954.9866111,VDD_SOC,1616.384,,
1780559954.9866111,,,cpu-thermal,55.781
1780559954.9866111,,,gpu-thermal,56.093
1780559954.9866111,,,soc0-thermal,54.25
1780559954.9866111,,,soc1-thermal,53.562
1780559954.9866111,,,soc2-thermal,53.937
1780559954.9866111,,,tj-thermal,55.875
1780559955.0932083,VDD_IN,6041.664,,
1780559955.0932083,VDD_CPU_GPU_CV,1695.232,,
1780559955.0932083,VDD_SOC,1619.008,,
1780559955.0932083,,,cpu-thermal,55.656
1780559955.0932083,,,gpu-thermal,56.031
1780559955.0932083,,,soc0-thermal,54.125
1780559955.0932083,,,soc1-thermal,53.625
1780559955.0932083,,,soc2-thermal,53.937
1780559955.0932083,,,tj-thermal,55.937
1780559955.1996617,VDD_IN,6041.664,,
1780559955.1996617,VDD_CPU_GPU_CV,1695.232,,
1780559955.1996617,VDD_SOC,1619.008,,
1780559955.1996617,,,cpu-thermal,55.875
1780559955.1996617,,,gpu-thermal,55.937
1780559955.1996617,,,soc0-thermal,54.218
1780559955.1996617,,,soc1-thermal,53.656
1780559955.1996617,,,soc2-thermal,54.031
1780559955.1996617,,,tj-thermal,55.937
1780559955.3057282,VDD_IN,6041.664,,
1780559955.3057282,VDD_CPU_GPU_CV,1695.232,,
1780559955.3057282,VDD_SOC,1616.384,,
1780559955.3057282,,,cpu-thermal,56.093
1780559955.3057282,,,gpu-thermal,55.906
1780559955.3057282,,,soc0-thermal,54.281
1780559955.3057282,,,soc1-thermal,53.687
1780559955.3057282,,,soc2-thermal,53.812
1780559955.3057282,,,tj-thermal,56.093
1780559955.4120677,VDD_IN,6071.296,,
1780559955.4120677,VDD_CPU_GPU_CV,1731.84,,
1780559955.4120677,VDD_SOC,1616.384,,
1780559955.4120677,,,cpu-thermal,55.718
1780559955.4120677,,,gpu-thermal,55.843
1780559955.4120677,,,soc0-thermal,54.156
1780559955.4120677,,,soc1-thermal,53.5
1780559955.4120677,,,soc2-thermal,53.875
1780559955.4120677,,,tj-thermal,55.843
1780559955.518085,VDD_IN,6110.72,,
1780559955.518085,VDD_CPU_GPU_CV,1731.84,,
1780559955.518085,VDD_SOC,1616.384,,
1780559955.518085,,,cpu-thermal,55.781
1780559955.518085,,,gpu-thermal,56.312
1780559955.518085,,,soc0-thermal,54.218
1780559955.518085,,,soc1-thermal,53.656
1780559955.518085,,,soc2-thermal,53.937
1780559955.518085,,,tj-thermal,56.312
1780559955.6243968,VDD_IN,6081.152,,
1780559955.6243968,VDD_CPU_GPU_CV,1734.656,,
1780559955.6243968,VDD_SOC,1616.384,,
1780559955.6243968,,,cpu-thermal,55.875
1780559955.6243968,,,gpu-thermal,56.156
1780559955.6243968,,,soc0-thermal,54.25
1780559955.6243968,,,soc1-thermal,53.781
1780559955.6243968,,,soc2-thermal,53.906
1780559955.6243968,,,tj-thermal,56.156
1780559955.73072,VDD_IN,6081.152,,
1780559955.73072,VDD_CPU_GPU_CV,1734.656,,
1780559955.73072,VDD_SOC,1616.384,,
1780559955.73072,,,cpu-thermal,55.75
1780559955.73072,,,gpu-thermal,56.031
1780559955.73072,,,soc0-thermal,54.218
1780559955.73072,,,soc1-thermal,53.593
1780559955.73072,,,soc2-thermal,53.875
1780559955.73072,,,tj-thermal,56.031
1780559955.83688,VDD_IN,6081.152,,
1780559955.83688,VDD_CPU_GPU_CV,1695.232,,
1780559955.83688,VDD_SOC,1616.384,,
1780559955.83688,,,cpu-thermal,55.75
1780559955.83688,,,gpu-thermal,55.968
1780559955.83688,,,soc0-thermal,54.156
1780559955.83688,,,soc1-thermal,53.687
1780559955.83688,,,soc2-thermal,54.0
1780559955.83688,,,tj-thermal,55.968
1780559955.9427648,VDD_IN,6041.664,,
1780559955.9427648,VDD_CPU_GPU_CV,1695.232,,
1780559955.9427648,VDD_SOC,1619.008,,
1780559955.9427648,,,cpu-thermal,55.781
1780559955.9427648,,,gpu-thermal,55.968
1780559955.9427648,,,soc0-thermal,54.187
1780559955.9427648,,,soc1-thermal,53.75
1780559955.9427648,,,soc2-thermal,53.968
1780559955.9427648,,,tj-thermal,55.968
1780559956.0491552,VDD_IN,6041.664,,
1780559956.0491552,VDD_CPU_GPU_CV,1695.232,,
1780559956.0491552,VDD_SOC,1619.008,,
1780559956.0491552,,,cpu-thermal,55.75
1780559956.0491552,,,gpu-thermal,55.875
1780559956.0491552,,,soc0-thermal,54.281
1780559956.0491552,,,soc1-thermal,53.593
1780559956.0491552,,,soc2-thermal,53.875
1780559956.0491552,,,tj-thermal,55.875
1780559956.1554368,VDD_IN,6002.176,,
1780559956.1554368,VDD_CPU_GPU_CV,1695.232,,
1780559956.1554368,VDD_SOC,1619.008,,
1780559956.1554368,,,cpu-thermal,55.781
1780559956.1554368,,,gpu-thermal,56.156
1780559956.1554368,,,soc0-thermal,54.218
1780559956.1554368,,,soc1-thermal,53.625
1780559956.1554368,,,soc2-thermal,54.031
1780559956.1554368,,,tj-thermal,56.156
1780559956.2616625,VDD_IN,6002.176,,
1780559956.2616625,VDD_CPU_GPU_CV,1695.232,,
1780559956.2616625,VDD_SOC,1619.008,,
1780559956.2616625,,,cpu-thermal,55.968
1780559956.2616625,,,gpu-thermal,56.062
1780559956.2616625,,,soc0-thermal,54.343
1780559956.2616625,,,soc1-thermal,53.687
1780559956.2616625,,,soc2-thermal,53.906
1780559956.2616625,,,tj-thermal,56.062
1780559956.3679998,VDD_IN,6041.664,,
1780559956.3679998,VDD_CPU_GPU_CV,1695.232,,
1780559956.3679998,VDD_SOC,1619.008,,
1780559956.3679998,,,cpu-thermal,55.656
1780559956.3679998,,,gpu-thermal,56.0
1780559956.3679998,,,soc0-thermal,54.375
1780559956.3679998,,,soc1-thermal,53.593
1780559956.3679998,,,soc2-thermal,53.937
1780559956.3679998,,,tj-thermal,56.0
1780559956.4741075,VDD_IN,6081.152,,
1780559956.4741075,VDD_CPU_GPU_CV,1734.656,,
1780559956.4741075,VDD_SOC,1616.384,,
1780559956.4741075,,,cpu-thermal,55.843
1780559956.4741075,,,gpu-thermal,56.031
1780559956.4741075,,,soc0-thermal,54.187
1780559956.4741075,,,soc1-thermal,53.687
1780559956.4741075,,,soc2-thermal,53.968
1780559956.4741075,,,tj-thermal,56.031
1780559956.580359,VDD_IN,6081.152,,
1780559956.580359,VDD_CPU_GPU_CV,1734.656,,
1780559956.580359,VDD_SOC,1616.384,,
1780559956.580359,,,cpu-thermal,56.0
1780559956.580359,,,gpu-thermal,56.031
1780559956.580359,,,soc0-thermal,54.343
1780559956.580359,,,soc1-thermal,53.718
1780559956.580359,,,soc2-thermal,54.093
1780559956.580359,,,tj-thermal,56.0
1780559956.686356,VDD_IN,6081.152,,
1780559956.686356,VDD_CPU_GPU_CV,1695.232,,
1780559956.686356,VDD_SOC,1619.008,,
1780559956.686356,,,cpu-thermal,56.031
1780559956.686356,,,gpu-thermal,56.031
1780559956.686356,,,soc0-thermal,54.375
1780559956.686356,,,soc1-thermal,53.593
1780559956.686356,,,soc2-thermal,53.968
1780559956.686356,,,tj-thermal,56.343
1780559956.792401,VDD_IN,6041.664,,
1780559956.792401,VDD_CPU_GPU_CV,1695.232,,
1780559956.792401,VDD_SOC,1619.008,,
1780559956.792401,,,cpu-thermal,55.812
1780559956.792401,,,gpu-thermal,55.937
1780559956.792401,,,soc0-thermal,54.312
1780559956.792401,,,soc1-thermal,53.687
1780559956.792401,,,soc2-thermal,54.031
1780559956.792401,,,tj-thermal,56.156
1780559956.8988266,VDD_IN,6041.664,,
1780559956.8988266,VDD_CPU_GPU_CV,1695.232,,
1780559956.8988266,VDD_SOC,1619.008,,
1780559956.8988266,,,cpu-thermal,55.875
1780559956.8988266,,,gpu-thermal,55.968
1780559956.8988266,,,soc0-thermal,54.25
1780559956.8988266,,,soc1-thermal,53.718
1780559956.8988266,,,soc2-thermal,54.062
1780559956.8988266,,,tj-thermal,56.0
1780559957.0050025,VDD_IN,6041.664,,
1780559957.0050025,VDD_CPU_GPU_CV,1695.232,,
1780559957.0050025,VDD_SOC,1619.008,,
1780559957.0050025,,,cpu-thermal,55.75
1780559957.0050025,,,gpu-thermal,56.156
1780559957.0050025,,,soc0-thermal,54.375
1780559957.0050025,,,soc1-thermal,53.875
1780559957.0050025,,,soc2-thermal,53.937
1780559957.0050025,,,tj-thermal,56.0
1780559957.1110022,VDD_IN,6041.664,,
1780559957.1110022,VDD_CPU_GPU_CV,1695.232,,
1780559957.1110022,VDD_SOC,1619.008,,
1780559957.1110022,,,cpu-thermal,55.75
1780559957.1110022,,,gpu-thermal,56.093
1780559957.1110022,,,soc0-thermal,54.25
1780559957.1110022,,,soc1-thermal,53.718
1780559957.1110022,,,soc2-thermal,54.031
1780559957.1110022,,,tj-thermal,56.0
1780559957.2185082,VDD_IN,6041.664,,
1780559957.2185082,VDD_CPU_GPU_CV,1695.232,,
1780559957.2185082,VDD_SOC,1619.008,,
1780559957.2185082,,,cpu-thermal,56.125
1780559957.2185082,,,gpu-thermal,56.437
1780559957.2185082,,,soc0-thermal,54.25
1780559957.2185082,,,soc1-thermal,53.687
1780559957.2185082,,,soc2-thermal,54.125
1780559957.2185082,,,tj-thermal,56.437
1780559957.3252249,VDD_IN,6041.664,,
1780559957.3252249,VDD_CPU_GPU_CV,1695.232,,
1780559957.3252249,VDD_SOC,1619.008,,
1780559957.3252249,,,cpu-thermal,55.718
1780559957.3252249,,,gpu-thermal,56.25
1780559957.3252249,,,soc0-thermal,54.468
1780559957.3252249,,,soc1-thermal,53.906
1780559957.3252249,,,soc2-thermal,53.906
1780559957.3252249,,,tj-thermal,56.25
1780559957.4314969,VDD_IN,6110.72,,
1780559957.4314969,VDD_CPU_GPU_CV,1731.84,,
1780559957.4314969,VDD_SOC,1616.384,,
1780559957.4314969,,,cpu-thermal,55.781
1780559957.4314969,,,gpu-thermal,55.937
1780559957.4314969,,,soc0-thermal,54.468
1780559957.4314969,,,soc1-thermal,53.625
1780559957.4314969,,,soc2-thermal,54.062
1780559957.4314969,,,tj-thermal,56.125
1780559957.5374482,VDD_IN,6110.72,,
1780559957.5374482,VDD_CPU_GPU_CV,1731.84,,
1780559957.5374482,VDD_SOC,1616.384,,
1780559957.5374482,,,cpu-thermal,55.906
1780559957.5374482,,,gpu-thermal,56.375
1780559957.5374482,,,soc0-thermal,54.312
1780559957.5374482,,,soc1-thermal,53.718
1780559957.5374482,,,soc2-thermal,54.031
1780559957.5374482,,,tj-thermal,56.062
1780559957.6433675,VDD_IN,6081.152,,
1780559957.6433675,VDD_CPU_GPU_CV,1731.84,,
1780559957.6433675,VDD_SOC,1616.384,,
1780559957.6433675,,,cpu-thermal,56.093
1780559957.6433675,,,gpu-thermal,56.218
1780559957.6433675,,,soc0-thermal,54.406
1780559957.6433675,,,soc1-thermal,53.843
1780559957.6433675,,,soc2-thermal,54.031
1780559957.6433675,,,tj-thermal,56.093
1780559957.7506428,VDD_IN,6081.152,,
1780559957.7506428,VDD_CPU_GPU_CV,1695.232,,
1780559957.7506428,VDD_SOC,1616.384,,
1780559957.7506428,,,cpu-thermal,55.812
1780559957.7506428,,,gpu-thermal,56.093
1780559957.7506428,,,soc0-thermal,54.5
1780559957.7506428,,,soc1-thermal,53.75
1780559957.7506428,,,soc2-thermal,54.062
1780559957.7506428,,,tj-thermal,56.031
1780559957.856963,VDD_IN,6081.152,,
1780559957.856963,VDD_CPU_GPU_CV,1695.232,,
1780559957.856963,VDD_SOC,1616.384,,
1780559957.856963,,,cpu-thermal,55.843
1780559957.856963,,,gpu-thermal,56.062
1780559957.856963,,,soc0-thermal,54.437
1780559957.856963,,,soc1-thermal,53.781
1780559957.856963,,,soc2-thermal,54.062
1780559957.856963,,,tj-thermal,56.25
1780559957.963148,VDD_IN,6081.152,,
1780559957.963148,VDD_CPU_GPU_CV,1695.232,,
1780559957.963148,VDD_SOC,1619.008,,
1780559957.963148,,,cpu-thermal,55.875
1780559957.963148,,,gpu-thermal,56.062
1780559957.963148,,,soc0-thermal,54.406
1780559957.963148,,,soc1-thermal,53.906
1780559957.963148,,,soc2-thermal,54.031
1780559957.963148,,,tj-thermal,56.156
1780559958.0693448,VDD_IN,6041.664,,
1780559958.0693448,VDD_CPU_GPU_CV,1695.232,,
1780559958.0693448,VDD_SOC,1619.008,,
1780559958.0693448,,,cpu-thermal,55.875
1780559958.0693448,,,gpu-thermal,55.937
1780559958.0693448,,,soc0-thermal,54.531
1780559958.0693448,,,soc1-thermal,53.687
1780559958.0693448,,,soc2-thermal,54.093
1780559958.0693448,,,tj-thermal,56.093
1780559958.175536,VDD_IN,6041.664,,
1780559958.175536,VDD_CPU_GPU_CV,1695.232,,
1780559958.175536,VDD_SOC,1619.008,,
1780559958.175536,,,cpu-thermal,55.875
1780559958.175536,,,gpu-thermal,56.343
1780559958.175536,,,soc0-thermal,54.343
1780559958.175536,,,soc1-thermal,53.781
1780559958.175536,,,soc2-thermal,54.156
1780559958.175536,,,tj-thermal,56.0
1780559958.2817001,VDD_IN,6041.664,,
1780559958.2817001,VDD_CPU_GPU_CV,1695.232,,
1780559958.2817001,VDD_SOC,1619.008,,
1780559958.2817001,,,cpu-thermal,55.812
1780559958.2817001,,,gpu-thermal,56.187
1780559958.2817001,,,soc0-thermal,54.343
1780559958.2817001,,,soc1-thermal,53.875
1780559958.2817001,,,soc2-thermal,54.062
1780559958.2817001,,,tj-thermal,56.187
1780559958.387864,VDD_IN,6081.152,,
1780559958.387864,VDD_CPU_GPU_CV,1734.656,,
1780559958.387864,VDD_SOC,1616.384,,
1780559958.387864,,,cpu-thermal,55.843
1780559958.387864,,,gpu-thermal,56.062
1780559958.387864,,,soc0-thermal,54.406
1780559958.387864,,,soc1-thermal,53.718
1780559958.387864,,,soc2-thermal,54.062
1780559958.387864,,,tj-thermal,56.062
1780559958.4937751,VDD_IN,6110.72,,
1780559958.4937751,VDD_CPU_GPU_CV,1731.84,,
1780559958.4937751,VDD_SOC,1616.384,,
1780559958.4937751,,,cpu-thermal,55.843
1780559958.4937751,,,gpu-thermal,56.062
1780559958.4937751,,,soc0-thermal,54.343
1780559958.4937751,,,soc1-thermal,53.75
1780559958.4937751,,,soc2-thermal,54.125
1780559958.4937751,,,tj-thermal,56.281
1780559958.601218,VDD_IN,6110.72,,
1780559958.601218,VDD_CPU_GPU_CV,1731.84,,
1780559958.601218,VDD_SOC,1616.384,,
1780559958.601218,,,cpu-thermal,56.062
1780559958.601218,,,gpu-thermal,56.0
1780559958.601218,,,soc0-thermal,54.375
1780559958.601218,,,soc1-thermal,53.906
1780559958.601218,,,soc2-thermal,54.218
1780559958.601218,,,tj-thermal,56.218
1780559958.707405,VDD_IN,6081.152,,
1780559958.707405,VDD_CPU_GPU_CV,1731.84,,
1780559958.707405,VDD_SOC,1616.384,,
1780559958.707405,,,cpu-thermal,56.218
1780559958.707405,,,gpu-thermal,56.406
1780559958.707405,,,soc0-thermal,54.5
1780559958.707405,,,soc1-thermal,53.687
1780559958.707405,,,soc2-thermal,54.125
1780559958.707405,,,tj-thermal,56.093
1780559958.814226,VDD_IN,6081.152,,
1780559958.814226,VDD_CPU_GPU_CV,1734.656,,
1780559958.814226,VDD_SOC,1616.384,,
1780559958.814226,,,cpu-thermal,55.906
1780559958.814226,,,gpu-thermal,56.281
1780559958.814226,,,soc0-thermal,54.406
1780559958.814226,,,soc1-thermal,53.875
1780559958.814226,,,soc2-thermal,54.125
1780559958.814226,,,tj-thermal,56.062
1780559958.9206774,VDD_IN,6081.152,,
1780559958.9206774,VDD_CPU_GPU_CV,1734.656,,
1780559958.9206774,VDD_SOC,1616.384,,
1780559958.9206774,,,cpu-thermal,56.031
1780559958.9206774,,,gpu-thermal,56.156
1780559958.9206774,,,soc0-thermal,54.437
1780559958.9206774,,,soc1-thermal,53.843
1780559958.9206774,,,soc2-thermal,54.187
1780559958.9206774,,,tj-thermal,56.5
1780559959.0266201,VDD_IN,6081.152,,
1780559959.0266201,VDD_CPU_GPU_CV,1695.232,,
1780559959.0266201,VDD_SOC,1616.384,,
1780559959.0266201,,,cpu-thermal,55.906
1780559959.0266201,,,gpu-thermal,56.093
1780559959.0266201,,,soc0-thermal,54.437
1780559959.0266201,,,soc1-thermal,53.875
1780559959.0266201,,,soc2-thermal,54.031
1780559959.0266201,,,tj-thermal,56.406
1780559959.1329832,VDD_IN,6081.152,,
1780559959.1329832,VDD_CPU_GPU_CV,1695.232,,
1780559959.1329832,VDD_SOC,1616.384,,
1780559959.1329832,,,cpu-thermal,55.937
1780559959.1329832,,,gpu-thermal,56.062
1780559959.1329832,,,soc0-thermal,54.343
1780559959.1329832,,,soc1-thermal,53.75
1780559959.1329832,,,soc2-thermal,54.125
1780559959.1329832,,,tj-thermal,56.062
1780559959.2388792,VDD_IN,6041.664,,
1780559959.2388792,VDD_CPU_GPU_CV,1695.232,,
1780559959.2388792,VDD_SOC,1616.384,,
1780559959.2388792,,,cpu-thermal,55.937
1780559959.2388792,,,gpu-thermal,56.5
1780559959.2388792,,,soc0-thermal,54.437
1780559959.2388792,,,soc1-thermal,53.843
1780559959.2388792,,,soc2-thermal,54.125
1780559959.2388792,,,tj-thermal,56.5
1780559959.3449383,VDD_IN,6081.152,,
1780559959.3449383,VDD_CPU_GPU_CV,1731.84,,
1780559959.3449383,VDD_SOC,1616.384,,
1780559959.3449383,,,cpu-thermal,55.906
1780559959.3449383,,,gpu-thermal,56.312
1780559959.3449383,,,soc0-thermal,54.468
1780559959.3449383,,,soc1-thermal,53.906
1780559959.3449383,,,soc2-thermal,54.125
1780559959.3449383,,,tj-thermal,56.312
1780559959.4508302,VDD_IN,6150.144,,
1780559959.4508302,VDD_CPU_GPU_CV,1731.84,,
1780559959.4508302,VDD_SOC,1616.384,,
1780559959.4508302,,,cpu-thermal,55.937
1780559959.4508302,,,gpu-thermal,56.281
1780559959.4508302,,,soc0-thermal,54.625
1780559959.4508302,,,soc1-thermal,53.718
1780559959.4508302,,,soc2-thermal,54.125
1780559959.4508302,,,tj-thermal,56.281
1780559959.5572546,VDD_IN,6150.144,,
1780559959.5572546,VDD_CPU_GPU_CV,1731.84,,
1780559959.5572546,VDD_SOC,1616.384,,
1780559959.5572546,,,cpu-thermal,56.093
1780559959.5572546,,,gpu-thermal,56.218
1780559959.5572546,,,soc0-thermal,54.437
1780559959.5572546,,,soc1-thermal,53.937
1780559959.5572546,,,soc2-thermal,54.343
1780559959.5572546,,,tj-thermal,56.218
1780559959.6632066,VDD_IN,6120.64,,
1780559959.6632066,VDD_CPU_GPU_CV,1731.84,,
1780559959.6632066,VDD_SOC,1616.384,,
1780559959.6632066,,,cpu-thermal,56.25
1780559959.6632066,,,gpu-thermal,56.125
1780559959.6632066,,,soc0-thermal,54.5
1780559959.6632066,,,soc1-thermal,53.968
1780559959.6632066,,,soc2-thermal,54.125
1780559959.6632066,,,tj-thermal,56.25
1780559959.7702446,VDD_IN,6081.152,,
1780559959.7702446,VDD_CPU_GPU_CV,1734.656,,
1780559959.7702446,VDD_SOC,1616.384,,
1780559959.7702446,,,cpu-thermal,55.906
1780559959.7702446,,,gpu-thermal,56.062
1780559959.7702446,,,soc0-thermal,54.562
1780559959.7702446,,,soc1-thermal,53.812
1780559959.7702446,,,soc2-thermal,54.156
1780559959.7702446,,,tj-thermal,56.062
1780559959.876313,VDD_IN,6081.152,,
1780559959.876313,VDD_CPU_GPU_CV,1734.656,,
1780559959.876313,VDD_SOC,1616.384,,
1780559959.876313,,,cpu-thermal,56.093
1780559959.876313,,,gpu-thermal,56.531
1780559959.876313,,,soc0-thermal,54.437
1780559959.876313,,,soc1-thermal,53.906
1780559959.876313,,,soc2-thermal,54.25
1780559959.876313,,,tj-thermal,56.531
1780559959.983831,VDD_IN,6081.152,,
1780559959.983831,VDD_CPU_GPU_CV,1695.232,,
1780559959.983831,VDD_SOC,1619.008,,
1780559959.983831,,,cpu-thermal,56.125
1780559959.983831,,,gpu-thermal,56.312
1780559959.983831,,,soc0-thermal,54.531
1780559959.983831,,,soc1-thermal,54.031
1780559959.983831,,,soc2-thermal,54.125
1780559959.983831,,,tj-thermal,56.312
1780559960.0900826,VDD_IN,6041.664,,
1780559960.0900826,VDD_CPU_GPU_CV,1695.232,,
1780559960.0900826,VDD_SOC,1619.008,,
1780559960.0900826,,,cpu-thermal,55.875
1780559960.0900826,,,gpu-thermal,56.281
1780559960.0900826,,,soc0-thermal,54.562
1780559960.0900826,,,soc1-thermal,53.812
1780559960.0900826,,,soc2-thermal,54.218
1780559960.0900826,,,tj-thermal,56.281
1780559960.1961832,VDD_IN,6041.664,,
1780559960.1961832,VDD_CPU_GPU_CV,1695.232,,
1780559960.1961832,VDD_SOC,1619.008,,
1780559960.1961832,,,cpu-thermal,55.937
1780559960.1961832,,,gpu-thermal,56.25
1780559960.1961832,,,soc0-thermal,54.468
1780559960.1961832,,,soc1-thermal,53.937
1780559960.1961832,,,soc2-thermal,54.25
1780559960.1961832,,,tj-thermal,56.312
1780559960.3029156,VDD_IN,6041.664,,
1780559960.3029156,VDD_CPU_GPU_CV,1695.232,,
1780559960.3029156,VDD_SOC,1619.008,,
1780559960.3029156,,,cpu-thermal,55.906
1780559960.3029156,,,gpu-thermal,56.156
1780559960.3029156,,,soc0-thermal,54.468
1780559960.3029156,,,soc1-thermal,54.0
1780559960.3029156,,,soc2-thermal,54.125
1780559960.3029156,,,tj-thermal,56.156
1780559960.4090388,VDD_IN,6110.72,,
1780559960.4090388,VDD_CPU_GPU_CV,1731.84,,
1780559960.4090388,VDD_SOC,1616.384,,
1780559960.4090388,,,cpu-thermal,55.937
1780559960.4090388,,,gpu-thermal,56.531
1780559960.4090388,,,soc0-thermal,54.625
1780559960.4090388,,,soc1-thermal,53.875
1780559960.4090388,,,soc2-thermal,54.187
1780559960.4090388,,,tj-thermal,56.531
1780559960.5152493,VDD_IN,6150.144,,
1780559960.5152493,VDD_CPU_GPU_CV,1731.84,,
1780559960.5152493,VDD_SOC,1616.384,,
1780559960.5152493,,,cpu-thermal,56.156
1780559960.5152493,,,gpu-thermal,56.406
1780559960.5152493,,,soc0-thermal,54.531
1780559960.5152493,,,soc1-thermal,53.875
1780559960.5152493,,,soc2-thermal,54.218
1780559960.5152493,,,tj-thermal,56.406
1780559960.6223328,VDD_IN,6110.72,,
1780559960.6223328,VDD_CPU_GPU_CV,1734.656,,
1780559960.6223328,VDD_SOC,1616.384,,
1780559960.6223328,,,cpu-thermal,56.218
1780559960.6223328,,,gpu-thermal,56.25
1780559960.6223328,,,soc0-thermal,54.593
1780559960.6223328,,,soc1-thermal,54.031
1780559960.6223328,,,soc2-thermal,54.281
1780559960.6223328,,,tj-thermal,56.25
1780559960.7285116,VDD_IN,6120.64,,
1780559960.7285116,VDD_CPU_GPU_CV,1734.656,,
1780559960.7285116,VDD_SOC,1616.384,,
1780559960.7285116,,,cpu-thermal,55.843
1780559960.7285116,,,gpu-thermal,56.187
1780559960.7285116,,,soc0-thermal,54.593
1780559960.7285116,,,soc1-thermal,53.843
1780559960.7285116,,,soc2-thermal,54.25
1780559960.7285116,,,tj-thermal,56.187
1780559960.834913,VDD_IN,6081.152,,
1780559960.834913,VDD_CPU_GPU_CV,1734.656,,
1780559960.834913,VDD_SOC,1616.384,,
1780559960.834913,,,cpu-thermal,56.093
1780559960.834913,,,gpu-thermal,56.125
1780559960.834913,,,soc0-thermal,54.468
1780559960.834913,,,soc1-thermal,53.937
1780559960.834913,,,soc2-thermal,54.25
1780559960.834913,,,tj-thermal,56.125
1780559960.9410005,VDD_IN,6081.152,,
1780559960.9410005,VDD_CPU_GPU_CV,1695.232,,
1780559960.9410005,VDD_SOC,1619.008,,
1780559960.9410005,,,cpu-thermal,56.25
1780559960.9410005,,,gpu-thermal,56.593
1780559960.9410005,,,soc0-thermal,54.531
1780559960.9410005,,,soc1-thermal,54.031
1780559960.9410005,,,soc2-thermal,54.312
1780559960.9410005,,,tj-thermal,56.593
1780559961.0471065,VDD_IN,6081.152,,
1780559961.0471065,VDD_CPU_GPU_CV,1695.232,,
1780559961.0471065,VDD_SOC,1619.008,,
1780559961.0471065,,,cpu-thermal,55.906
1780559961.0471065,,,gpu-thermal,56.5
1780559961.0471065,,,soc0-thermal,54.562
1780559961.0471065,,,soc1-thermal,53.812
1780559961.0471065,,,soc2-thermal,54.218
1780559961.0471065,,,tj-thermal,56.5
1780559961.1535115,VDD_IN,6041.664,,
1780559961.1535115,VDD_CPU_GPU_CV,1695.232,,
1780559961.1535115,VDD_SOC,1619.008,,
1780559961.1535115,,,cpu-thermal,56.062
1780559961.1535115,,,gpu-thermal,56.343
1780559961.1535115,,,soc0-thermal,54.437
1780559961.1535115,,,soc1-thermal,53.906
1780559961.1535115,,,soc2-thermal,54.312
1780559961.1535115,,,tj-thermal,56.343
1780559961.2599475,VDD_IN,6041.664,,
1780559961.2599475,VDD_CPU_GPU_CV,1695.232,,
1780559961.2599475,VDD_SOC,1619.008,,
1780559961.2599475,,,cpu-thermal,55.968
1780559961.2599475,,,gpu-thermal,56.281
1780559961.2599475,,,soc0-thermal,54.562
1780559961.2599475,,,soc1-thermal,53.968
1780559961.2599475,,,soc2-thermal,54.312
1780559961.2599475,,,tj-thermal,56.281
1780559961.3666296,VDD_IN,6120.64,,
1780559961.3666296,VDD_CPU_GPU_CV,1695.232,,
1780559961.3666296,VDD_SOC,1616.384,,
1780559961.3666296,,,cpu-thermal,55.875
1780559961.3666296,,,gpu-thermal,56.25
1780559961.3666296,,,soc0-thermal,54.562
1780559961.3666296,,,soc1-thermal,53.937
1780559961.3666296,,,soc2-thermal,54.218
1780559961.3666296,,,tj-thermal,56.25
1780559961.4733694,VDD_IN,6120.64,,
1780559961.4733694,VDD_CPU_GPU_CV,1731.84,,
1780559961.4733694,VDD_SOC,1616.384,,
1780559961.4733694,,,cpu-thermal,56.156
1780559961.4733694,,,gpu-thermal,56.281
1780559961.4733694,,,soc0-thermal,54.562
1780559961.4733694,,,soc1-thermal,54.031
1780559961.4733694,,,soc2-thermal,54.375
1780559961.4733694,,,tj-thermal,56.281
1780559961.5799482,VDD_IN,6120.64,,
1780559961.5799482,VDD_CPU_GPU_CV,1734.656,,
1780559961.5799482,VDD_SOC,1616.384,,
1780559961.5799482,,,cpu-thermal,56.375
1780559961.5799482,,,gpu-thermal,56.593
1780559961.5799482,,,soc0-thermal,54.625
1780559961.5799482,,,soc1-thermal,54.0
1780559961.5799482,,,soc2-thermal,54.156
1780559961.5799482,,,tj-thermal,56.593
1780559961.6866343,VDD_IN,6120.64,,
1780559961.6866343,VDD_CPU_GPU_CV,1734.656,,
1780559961.6866343,VDD_SOC,1616.384,,
1780559961.6866343,,,cpu-thermal,56.5
1780559961.6866343,,,gpu-thermal,56.468
1780559961.6866343,,,soc0-thermal,54.625
1780559961.6866343,,,soc1-thermal,53.937
1780559961.6866343,,,soc2-thermal,54.218
1780559961.6866343,,,tj-thermal,56.281
1780559961.7935045,VDD_IN,6081.152,,
1780559961.7935045,VDD_CPU_GPU_CV,1734.656,,
1780559961.7935045,VDD_SOC,1616.384,,
1780559961.7935045,,,cpu-thermal,56.187
1780559961.7935045,,,gpu-thermal,56.343
1780559961.7935045,,,soc0-thermal,54.562
1780559961.7935045,,,soc1-thermal,54.0
1780559961.7935045,,,soc2-thermal,54.281
1780559961.7935045,,,tj-thermal,56.562
1780559961.89997,VDD_IN,6081.152,,
1780559961.89997,VDD_CPU_GPU_CV,1695.232,,
1780559961.89997,VDD_SOC,1616.384,,
1780559961.89997,,,cpu-thermal,56.218
1780559961.89997,,,gpu-thermal,56.25
1780559961.89997,,,soc0-thermal,54.625
1780559961.89997,,,soc1-thermal,54.031
1780559961.89997,,,soc2-thermal,54.406
1780559961.89997,,,tj-thermal,56.562
1780559962.0062318,VDD_IN,6041.664,,
1780559962.0062318,VDD_CPU_GPU_CV,1695.232,,
1780559962.0062318,VDD_SOC,1619.008,,
1780559962.0062318,,,cpu-thermal,56.031
1780559962.0062318,,,gpu-thermal,56.25
1780559962.0062318,,,soc0-thermal,54.562
1780559962.0062318,,,soc1-thermal,53.875
1780559962.0062318,,,soc2-thermal,54.312
1780559962.0062318,,,tj-thermal,56.406
1780559962.1127763,VDD_IN,6041.664,,
1780559962.1127763,VDD_CPU_GPU_CV,1695.232,,
1780559962.1127763,VDD_SOC,1619.008,,
1780559962.1127763,,,cpu-thermal,56.093
1780559962.1127763,,,gpu-thermal,56.625
1780559962.1127763,,,soc0-thermal,54.562
1780559962.1127763,,,soc1-thermal,54.031
1780559962.1127763,,,soc2-thermal,54.343
1780559962.1127763,,,tj-thermal,56.312
1780559962.219185,VDD_IN,6041.664,,
1780559962.219185,VDD_CPU_GPU_CV,1695.232,,
1780559962.219185,VDD_SOC,1619.008,,
1780559962.219185,,,cpu-thermal,55.968
1780559962.219185,,,gpu-thermal,56.562
1780559962.219185,,,soc0-thermal,54.562
1780559962.219185,,,soc1-thermal,54.062
1780559962.219185,,,soc2-thermal,54.375
1780559962.219185,,,tj-thermal,56.281
1780559962.3260477,VDD_IN,6041.664,,
1780559962.3260477,VDD_CPU_GPU_CV,1695.232,,
1780559962.3260477,VDD_SOC,1616.384,,
1780559962.3260477,,,cpu-thermal,56.156
1780559962.3260477,,,gpu-thermal,56.406
1780559962.3260477,,,soc0-thermal,54.625
1780559962.3260477,,,soc1-thermal,53.968
1780559962.3260477,,,soc2-thermal,54.343
1780559962.3260477,,,tj-thermal,56.218
1780559962.4328506,VDD_IN,6081.152,,
1780559962.4328506,VDD_CPU_GPU_CV,1734.656,,
1780559962.4328506,VDD_SOC,1616.384,,
1780559962.4328506,,,cpu-thermal,56.0
1780559962.4328506,,,gpu-thermal,56.281
1780559962.4328506,,,soc0-thermal,54.562
1780559962.4328506,,,soc1-thermal,54.0
1780559962.4328506,,,soc2-thermal,54.343
1780559962.4328506,,,tj-thermal,56.562
1780559962.5393064,VDD_IN,6110.72,,
1780559962.5393064,VDD_CPU_GPU_CV,1734.656,,
1780559962.5393064,VDD_SOC,1616.384,,
1780559962.5393064,,,cpu-thermal,56.312
1780559962.5393064,,,gpu-thermal,56.25
1780559962.5393064,,,soc0-thermal,54.562
1780559962.5393064,,,soc1-thermal,54.093
1780559962.5393064,,,soc2-thermal,54.25
1780559962.5393064,,,tj-thermal,56.5
1780559962.6459196,VDD_IN,6120.64,,
1780559962.6459196,VDD_CPU_GPU_CV,1734.656,,
1780559962.6459196,VDD_SOC,1616.384,,
1780559962.6459196,,,cpu-thermal,56.437
1780559962.6459196,,,gpu-thermal,56.25
1780559962.6459196,,,soc0-thermal,54.625
1780559962.6459196,,,soc1-thermal,53.906
1780559962.6459196,,,soc2-thermal,54.343
1780559962.6459196,,,tj-thermal,56.375
1780559962.752199,VDD_IN,6081.152,,
1780559962.752199,VDD_CPU_GPU_CV,1695.232,,
1780559962.752199,VDD_SOC,1616.384,,
1780559962.752199,,,cpu-thermal,56.156
1780559962.752199,,,gpu-thermal,56.562
1780559962.752199,,,soc0-thermal,54.562
1780559962.752199,,,soc1-thermal,54.062
1780559962.752199,,,soc2-thermal,54.406
1780559962.752199,,,tj-thermal,56.312
1780559962.8590505,VDD_IN,6041.664,,
1780559962.8590505,VDD_CPU_GPU_CV,1695.232,,
1780559962.8590505,VDD_SOC,1619.008,,
1780559962.8590505,,,cpu-thermal,56.25
1780559962.8590505,,,gpu-thermal,56.312
1780559962.8590505,,,soc0-thermal,54.656
1780559962.8590505,,,soc1-thermal,54.187
1780559962.8590505,,,soc2-thermal,54.375
1780559962.8590505,,,tj-thermal,56.312
1780559962.9656951,VDD_IN,6041.664,,
1780559962.9656951,VDD_CPU_GPU_CV,1695.232,,
1780559962.9656951,VDD_SOC,1619.008,,
1780559962.9656951,,,cpu-thermal,56.062
1780559962.9656951,,,gpu-thermal,56.593
1780559962.9656951,,,soc0-thermal,54.75
1780559962.9656951,,,soc1-thermal,54.031
1780559962.9656951,,,soc2-thermal,54.406
1780559962.9656951,,,tj-thermal,56.593
1780559963.073146,VDD_IN,6041.664,,
1780559963.073146,VDD_CPU_GPU_CV,1695.232,,
1780559963.073146,VDD_SOC,1619.008,,
1780559963.073146,,,cpu-thermal,56.062
1780559963.073146,,,gpu-thermal,56.531
1780559963.073146,,,soc0-thermal,54.562
1780559963.073146,,,soc1-thermal,54.031
1780559963.073146,,,soc2-thermal,54.406
1780559963.073146,,,tj-thermal,56.531
1780559963.179393,VDD_IN,6041.664,,
1780559963.179393,VDD_CPU_GPU_CV,1695.232,,
1780559963.179393,VDD_SOC,1619.008,,
1780559963.179393,,,cpu-thermal,56.5
1780559963.179393,,,gpu-thermal,56.468
1780559963.179393,,,soc0-thermal,54.718
1780559963.179393,,,soc1-thermal,54.156
1780559963.179393,,,soc2-thermal,54.25
1780559963.179393,,,tj-thermal,56.5
1780559963.2858062,VDD_IN,6041.664,,
1780559963.2858062,VDD_CPU_GPU_CV,1695.232,,
1780559963.2858062,VDD_SOC,1619.008,,
1780559963.2858062,,,cpu-thermal,56.062
1780559963.2858062,,,gpu-thermal,56.375
1780559963.2858062,,,soc0-thermal,54.718
1780559963.2858062,,,soc1-thermal,54.031
1780559963.2858062,,,soc2-thermal,54.406
1780559963.2858062,,,tj-thermal,56.375
1780559963.391995,VDD_IN,6120.64,,
1780559963.391995,VDD_CPU_GPU_CV,1734.656,,
1780559963.391995,VDD_SOC,1616.384,,
1780559963.391995,,,cpu-thermal,56.25
1780559963.391995,,,gpu-thermal,56.281
1780559963.391995,,,soc0-thermal,54.593
1780559963.391995,,,soc1-thermal,54.062
1780559963.391995,,,soc2-thermal,54.312
1780559963.391995,,,tj-thermal,56.281
1780559963.498026,VDD_IN,6110.72,,
1780559963.498026,VDD_CPU_GPU_CV,1731.84,,
1780559963.498026,VDD_SOC,1616.384,,
1780559963.498026,,,cpu-thermal,56.343
1780559963.498026,,,gpu-thermal,56.343
1780559963.498026,,,soc0-thermal,54.562
1780559963.498026,,,soc1-thermal,54.187
1780559963.498026,,,soc2-thermal,54.468
1780559963.498026,,,tj-thermal,56.343
1780559963.605235,VDD_IN,6110.72,,
1780559963.605235,VDD_CPU_GPU_CV,1731.84,,
1780559963.605235,VDD_SOC,1616.384,,
1780559963.605235,,,cpu-thermal,56.187
1780559963.605235,,,gpu-thermal,56.625
1780559963.605235,,,soc0-thermal,54.781
1780559963.605235,,,soc1-thermal,54.031
1780559963.605235,,,soc2-thermal,54.5
1780559963.605235,,,tj-thermal,56.625
1780559963.7114139,VDD_IN,6110.72,,
1780559963.7114139,VDD_CPU_GPU_CV,1734.656,,
1780559963.7114139,VDD_SOC,1616.384,,
1780559963.7114139,,,cpu-thermal,56.25
1780559963.7114139,,,gpu-thermal,56.468
1780559963.7114139,,,soc0-thermal,54.656
1780559963.7114139,,,soc1-thermal,54.031
1780559963.7114139,,,soc2-thermal,54.343
1780559963.7114139,,,tj-thermal,56.468
1780559963.817669,VDD_IN,6081.152,,
1780559963.817669,VDD_CPU_GPU_CV,1734.656,,
1780559963.817669,VDD_SOC,1616.384,,
1780559963.817669,,,cpu-thermal,56.312
1780559963.817669,,,gpu-thermal,56.375
1780559963.817669,,,soc0-thermal,54.687
1780559963.817669,,,soc1-thermal,54.125
1780559963.817669,,,soc2-thermal,54.437
1780559963.817669,,,tj-thermal,56.375
1780559963.9237428,VDD_IN,6081.152,,
1780559963.9237428,VDD_CPU_GPU_CV,1695.232,,
1780559963.9237428,VDD_SOC,1619.008,,
1780559963.9237428,,,cpu-thermal,56.093
1780559963.9237428,,,gpu-thermal,56.343
1780559963.9237428,,,soc0-thermal,54.687
1780559963.9237428,,,soc1-thermal,54.031
1780559963.9237428,,,soc2-thermal,54.375
1780559963.9237428,,,tj-thermal,56.343
1780559964.0298262,VDD_IN,6041.664,,
1780559964.0298262,VDD_CPU_GPU_CV,1695.232,,
1780559964.0298262,VDD_SOC,1619.008,,
1780559964.0298262,,,cpu-thermal,56.125
1780559964.0298262,,,gpu-thermal,56.281
1780559964.0298262,,,soc0-thermal,54.843
1780559964.0298262,,,soc1-thermal,54.062
1780559964.0298262,,,soc2-thermal,54.437
1780559964.0298262,,,tj-thermal,56.281
1780559964.1359775,VDD_IN,6041.664,,
1780559964.1359775,VDD_CPU_GPU_CV,1695.232,,
1780559964.1359775,VDD_SOC,1619.008,,
1780559964.1359775,,,cpu-thermal,56.25
1780559964.1359775,,,gpu-thermal,56.656
1780559964.1359775,,,soc0-thermal,54.593
1780559964.1359775,,,soc1-thermal,54.062
1780559964.1359775,,,soc2-thermal,54.437
1780559964.1359775,,,tj-thermal,56.656
1780559964.2429764,VDD_IN,6041.664,,
1780559964.2429764,VDD_CPU_GPU_CV,1695.232,,
1780559964.2429764,VDD_SOC,1619.008,,
1780559964.2429764,,,cpu-thermal,56.156
1780559964.2429764,,,gpu-thermal,56.5
1780559964.2429764,,,soc0-thermal,54.718
1780559964.2429764,,,soc1-thermal,54.093
1780559964.2429764,,,soc2-thermal,54.5
1780559964.2429764,,,tj-thermal,56.5
1780559964.3493397,VDD_IN,6081.152,,
1780559964.3493397,VDD_CPU_GPU_CV,1734.656,,
1780559964.3493397,VDD_SOC,1616.384,,
1780559964.3493397,,,cpu-thermal,56.218
1780559964.3493397,,,gpu-thermal,56.562
1780559964.3493397,,,soc0-thermal,54.906
1780559964.3493397,,,soc1-thermal,54.093
1780559964.3493397,,,soc2-thermal,54.406
1780559964.3493397,,,tj-thermal,56.562
1780559964.455164,VDD_IN,6110.72,,
1780559964.455164,VDD_CPU_GPU_CV,1731.84,,
1780559964.455164,VDD_SOC,1616.384,,
1780559964.455164,,,cpu-thermal,56.343
1780559964.455164,,,gpu-thermal,56.781
1780559964.455164,,,soc0-thermal,54.718
1780559964.455164,,,soc1-thermal,54.125
1780559964.455164,,,soc2-thermal,54.531
1780559964.455164,,,tj-thermal,56.437
1780559964.5613253,VDD_IN,6081.152,,
1780559964.5613253,VDD_CPU_GPU_CV,1734.656,,
1780559964.5613253,VDD_SOC,1616.384,,
1780559964.5613253,,,cpu-thermal,56.468
1780559964.5613253,,,gpu-thermal,56.593
1780559964.5613253,,,soc0-thermal,54.812
1780559964.5613253,,,soc1-thermal,54.25
1780559964.5613253,,,soc2-thermal,54.406
1780559964.5613253,,,tj-thermal,56.468
1780559964.6686149,VDD_IN,6081.152,,
1780559964.6686149,VDD_CPU_GPU_CV,1734.656,,
1780559964.6686149,VDD_SOC,1616.384,,
1780559964.6686149,,,cpu-thermal,56.281
1780559964.6686149,,,gpu-thermal,56.75
1780559964.6686149,,,soc0-thermal,54.875
1780559964.6686149,,,soc1-thermal,54.093
1780559964.6686149,,,soc2-thermal,54.468
1780559964.6686149,,,tj-thermal,56.75
1780559964.7747853,VDD_IN,6081.152,,
1780559964.7747853,VDD_CPU_GPU_CV,1695.232,,
1780559964.7747853,VDD_SOC,1616.384,,
1780559964.7747853,,,cpu-thermal,56.375
1780559964.7747853,,,gpu-thermal,56.593
1780559964.7747853,,,soc0-thermal,54.718
1780559964.7747853,,,soc1-thermal,54.187
1780559964.7747853,,,soc2-thermal,54.531
1780559964.7747853,,,tj-thermal,56.593
1780559964.8807979,VDD_IN,6081.152,,
1780559964.8807979,VDD_CPU_GPU_CV,1695.232,,
1780559964.8807979,VDD_SOC,1616.384,,
1780559964.8807979,,,cpu-thermal,56.312
1780559964.8807979,,,gpu-thermal,56.562
1780559964.8807979,,,soc0-thermal,54.781
1780559964.8807979,,,soc1-thermal,54.218
1780559964.8807979,,,soc2-thermal,54.437
1780559964.8807979,,,tj-thermal,56.562
1780559964.9874358,VDD_IN,6081.152,,
1780559964.9874358,VDD_CPU_GPU_CV,1695.232,,
1780559964.9874358,VDD_SOC,1619.008,,
1780559964.9874358,,,cpu-thermal,56.312
1780559964.9874358,,,gpu-thermal,56.468
1780559964.9874358,,,soc0-thermal,54.875
1780559964.9874358,,,soc1-thermal,54.062
1780559964.9874358,,,soc2-thermal,54.5
1780559964.9874358,,,tj-thermal,56.468
1780559965.0936208,VDD_IN,6081.152,,
1780559965.0936208,VDD_CPU_GPU_CV,1695.232,,
1780559965.0936208,VDD_SOC,1619.008,,
1780559965.0936208,,,cpu-thermal,56.312
1780559965.0936208,,,gpu-thermal,56.437
1780559965.0936208,,,soc0-thermal,54.75
1780559965.0936208,,,soc1-thermal,54.125
1780559965.0936208,,,soc2-thermal,54.593
1780559965.0936208,,,tj-thermal,56.562
1780559965.1999831,VDD_IN,6081.152,,
1780559965.1999831,VDD_CPU_GPU_CV,1695.232,,
1780559965.1999831,VDD_SOC,1619.008,,
1780559965.1999831,,,cpu-thermal,56.281
1780559965.1999831,,,gpu-thermal,56.562
1780559965.1999831,,,soc0-thermal,54.718
1780559965.1999831,,,soc1-thermal,54.25
1780559965.1999831,,,soc2-thermal,54.5
1780559965.1999831,,,tj-thermal,56.312
1780559965.3059807,VDD_IN,6081.152,,
1780559965.3059807,VDD_CPU_GPU_CV,1695.232,,
1780559965.3059807,VDD_SOC,1616.384,,
1780559965.3059807,,,cpu-thermal,56.25
1780559965.3059807,,,gpu-thermal,56.5
1780559965.3059807,,,soc0-thermal,54.843
1780559965.3059807,,,soc1-thermal,54.156
1780559965.3059807,,,soc2-thermal,54.468
1780559965.3059807,,,tj-thermal,56.718
1780559965.4120433,VDD_IN,6110.72,,
1780559965.4120433,VDD_CPU_GPU_CV,1731.84,,
1780559965.4120433,VDD_SOC,1616.384,,
1780559965.4120433,,,cpu-thermal,56.156
1780559965.4120433,,,gpu-thermal,56.5
1780559965.4120433,,,soc0-thermal,54.718
1780559965.4120433,,,soc1-thermal,54.187
1780559965.4120433,,,soc2-thermal,54.531
1780559965.4120433,,,tj-thermal,56.593
1780559965.5181193,VDD_IN,6110.72,,
1780559965.5181193,VDD_CPU_GPU_CV,1731.84,,
1780559965.5181193,VDD_SOC,1616.384,,
1780559965.5181193,,,cpu-thermal,56.593
1780559965.5181193,,,gpu-thermal,56.406
1780559965.5181193,,,soc0-thermal,54.718
1780559965.5181193,,,soc1-thermal,54.25
1780559965.5181193,,,soc2-thermal,54.593
1780559965.5181193,,,tj-thermal,56.593
1780559965.624179,VDD_IN,6120.64,,
1780559965.624179,VDD_CPU_GPU_CV,1734.656,,
1780559965.624179,VDD_SOC,1616.384,,
1780559965.624179,,,cpu-thermal,56.156
1780559965.624179,,,gpu-thermal,56.687
1780559965.624179,,,soc0-thermal,54.812
1780559965.624179,,,soc1-thermal,54.343
1780559965.624179,,,soc2-thermal,54.562
1780559965.624179,,,tj-thermal,56.687
1780559965.7300467,VDD_IN,6081.152,,
1780559965.7300467,VDD_CPU_GPU_CV,1734.656,,
1780559965.7300467,VDD_SOC,1616.384,,
1780559965.7300467,,,cpu-thermal,56.406
1780559965.7300467,,,gpu-thermal,56.625
1780559965.7300467,,,soc0-thermal,54.718
1780559965.7300467,,,soc1-thermal,54.062
1780559965.7300467,,,soc2-thermal,54.562
1780559965.7300467,,,tj-thermal,56.625
1780559965.8365262,VDD_IN,6081.152,,
1780559965.8365262,VDD_CPU_GPU_CV,1695.232,,
1780559965.8365262,VDD_SOC,1616.384,,
1780559965.8365262,,,cpu-thermal,56.468
1780559965.8365262,,,gpu-thermal,56.531
1780559965.8365262,,,soc0-thermal,54.687
1780559965.8365262,,,soc1-thermal,54.25
1780559965.8365262,,,soc2-thermal,54.593
1780559965.8365262,,,tj-thermal,56.531
1780559965.9424672,VDD_IN,6041.664,,
1780559965.9424672,VDD_CPU_GPU_CV,1695.232,,
1780559965.9424672,VDD_SOC,1619.008,,
1780559965.9424672,,,cpu-thermal,56.531
1780559965.9424672,,,gpu-thermal,56.437
1780559965.9424672,,,soc0-thermal,54.781
1780559965.9424672,,,soc1-thermal,54.406
1780559965.9424672,,,soc2-thermal,54.562
1780559965.9424672,,,tj-thermal,56.437
1780559966.0485258,VDD_IN,6041.664,,
1780559966.0485258,VDD_CPU_GPU_CV,1695.232,,
1780559966.0485258,VDD_SOC,1619.008,,
1780559966.0485258,,,cpu-thermal,56.343
1780559966.0485258,,,gpu-thermal,56.437
1780559966.0485258,,,soc0-thermal,54.937
1780559966.0485258,,,soc1-thermal,54.187
1780559966.0485258,,,soc2-thermal,54.593
1780559966.0485258,,,tj-thermal,56.437
1780559966.1547732,VDD_IN,6041.664,,
1780559966.1547732,VDD_CPU_GPU_CV,1695.232,,
1780559966.1547732,VDD_SOC,1619.008,,
1780559966.1547732,,,cpu-thermal,56.375
1780559966.1547732,,,gpu-thermal,56.875
1780559966.1547732,,,soc0-thermal,54.781
1780559966.1547732,,,soc1-thermal,54.25
1780559966.1547732,,,soc2-thermal,54.625
1780559966.1547732,,,tj-thermal,56.875
1780559966.2608268,VDD_IN,6041.664,,
1780559966.2608268,VDD_CPU_GPU_CV,1695.232,,
1780559966.2608268,VDD_SOC,1616.384,,
1780559966.2608268,,,cpu-thermal,56.312
1780559966.2608268,,,gpu-thermal,56.687
1780559966.2608268,,,soc0-thermal,54.812
1780559966.2608268,,,soc1-thermal,54.281
1780559966.2608268,,,soc2-thermal,54.625
1780559966.2608268,,,tj-thermal,56.687
1780559966.367188,VDD_IN,6071.296,,
1780559966.367188,VDD_CPU_GPU_CV,1731.84,,
1780559966.367188,VDD_SOC,1616.384,,
1780559966.367188,,,cpu-thermal,56.187
1780559966.367188,,,gpu-thermal,56.593
1780559966.367188,,,soc0-thermal,54.937
1780559966.367188,,,soc1-thermal,54.187
1780559966.367188,,,soc2-thermal,54.593
1780559966.367188,,,tj-thermal,56.593
1780559966.4733684,VDD_IN,6110.72,,
1780559966.4733684,VDD_CPU_GPU_CV,1731.84,,
1780559966.4733684,VDD_SOC,1616.384,,
1780559966.4733684,,,cpu-thermal,56.312
1780559966.4733684,,,gpu-thermal,56.5
1780559966.4733684,,,soc0-thermal,54.718
1780559966.4733684,,,soc1-thermal,54.187
1780559966.4733684,,,soc2-thermal,54.593
1780559966.4733684,,,tj-thermal,56.5
1780559966.5798407,VDD_IN,6110.72,,
1780559966.5798407,VDD_CPU_GPU_CV,1731.84,,
1780559966.5798407,VDD_SOC,1616.384,,
1780559966.5798407,,,cpu-thermal,56.75
1780559966.5798407,,,gpu-thermal,56.437
1780559966.5798407,,,soc0-thermal,54.843
1780559966.5798407,,,soc1-thermal,54.218
1780559966.5798407,,,soc2-thermal,54.5
1780559966.5798407,,,tj-thermal,56.75
1780559966.6864674,VDD_IN,6110.72,,
1780559966.6864674,VDD_CPU_GPU_CV,1731.84,,
1780559966.6864674,VDD_SOC,1616.384,,
1780559966.6864674,,,cpu-thermal,56.312
1780559966.6864674,,,gpu-thermal,56.968
1780559966.6864674,,,soc0-thermal,54.968
1780559966.6864674,,,soc1-thermal,54.187
1780559966.6864674,,,soc2-thermal,54.5
1780559966.6864674,,,tj-thermal,56.968
1780559966.793659,VDD_IN,6081.152,,
1780559966.793659,VDD_CPU_GPU_CV,1695.232,,
1780559966.793659,VDD_SOC,1616.384,,
1780559966.793659,,,cpu-thermal,56.468
1780559966.793659,,,gpu-thermal,56.781
1780559966.793659,,,soc0-thermal,54.906
1780559966.793659,,,soc1-thermal,54.281
1780559966.793659,,,soc2-thermal,54.593
1780559966.793659,,,tj-thermal,56.781
1780559966.9006467,VDD_IN,6081.152,,
1780559966.9006467,VDD_CPU_GPU_CV,1695.232,,
1780559966.9006467,VDD_SOC,1616.384,,
1780559966.9006467,,,cpu-thermal,56.531
1780559966.9006467,,,gpu-thermal,56.593
1780559966.9006467,,,soc0-thermal,54.875
1780559966.9006467,,,soc1-thermal,54.375
1780559966.9006467,,,soc2-thermal,54.531
1780559966.9006467,,,tj-thermal,56.593
1780559967.0070887,VDD_IN,6041.664,,
1780559967.0070887,VDD_CPU_GPU_CV,1695.232,,
1780559967.0070887,VDD_SOC,1619.008,,
1780559967.0070887,,,cpu-thermal,56.343
1780559967.0070887,,,gpu-thermal,56.593
1780559967.0070887,,,soc0-thermal,55.031
1780559967.0070887,,,soc1-thermal,54.281
1780559967.0070887,,,soc2-thermal,54.625
1780559967.0070887,,,tj-thermal,56.593
1780559967.1135752,VDD_IN,6041.664,,
1780559967.1135752,VDD_CPU_GPU_CV,1695.232,,
1780559967.1135752,VDD_SOC,1619.008,,
1780559967.1135752,,,cpu-thermal,56.468
1780559967.1135752,,,gpu-thermal,56.5
1780559967.1135752,,,soc0-thermal,54.812
1780559967.1135752,,,soc1-thermal,54.281
1780559967.1135752,,,soc2-thermal,54.625
1780559967.1135752,,,tj-thermal,56.5
1780559967.2200816,VDD_IN,6041.664,,
1780559967.2200816,VDD_CPU_GPU_CV,1695.232,,
1780559967.2200816,VDD_SOC,1619.008,,
1780559967.2200816,,,cpu-thermal,56.312
1780559967.2200816,,,gpu-thermal,56.5
1780559967.2200816,,,soc0-thermal,55.0
1780559967.2200816,,,soc1-thermal,54.343
1780559967.2200816,,,soc2-thermal,54.593
1780559967.2200816,,,tj-thermal,56.5
1780559967.3269408,VDD_IN,6081.152,,
1780559967.3269408,VDD_CPU_GPU_CV,1695.232,,
1780559967.3269408,VDD_SOC,1616.384,,
1780559967.3269408,,,cpu-thermal,56.375
1780559967.3269408,,,gpu-thermal,56.843
1780559967.3269408,,,soc0-thermal,55.031
1780559967.3269408,,,soc1-thermal,54.25
1780559967.3269408,,,soc2-thermal,54.625
1780559967.3269408,,,tj-thermal,56.843
1780559967.4328456,VDD_IN,6110.72,,
1780559967.4328456,VDD_CPU_GPU_CV,1731.84,,
1780559967.4328456,VDD_SOC,1616.384,,
1780559967.4328456,,,cpu-thermal,56.437
1780559967.4328456,,,gpu-thermal,56.75
1780559967.4328456,,,soc0-thermal,54.875
1780559967.4328456,,,soc1-thermal,54.281
1780559967.4328456,,,soc2-thermal,54.625
1780559967.4328456,,,tj-thermal,56.75
1780559967.5386496,VDD_IN,6110.72,,
1780559967.5386496,VDD_CPU_GPU_CV,1731.84,,
1780559967.5386496,VDD_SOC,1616.384,,
1780559967.5386496,,,cpu-thermal,56.812
1780559967.5386496,,,gpu-thermal,56.593
1780559967.5386496,,,soc0-thermal,54.968
1780559967.5386496,,,soc1-thermal,54.343
1780559967.5386496,,,soc2-thermal,54.656
1780559967.5386496,,,tj-thermal,56.812
1780559967.6451886,VDD_IN,6110.72,,
1780559967.6451886,VDD_CPU_GPU_CV,1731.84,,
1780559967.6451886,VDD_SOC,1616.384,,
1780559967.6451886,,,cpu-thermal,56.312
1780559967.6451886,,,gpu-thermal,56.562
1780559967.6451886,,,soc0-thermal,55.062
1780559967.6451886,,,soc1-thermal,54.281
1780559967.6451886,,,soc2-thermal,54.562
1780559967.6451886,,,tj-thermal,56.562
1780559967.752064,VDD_IN,6110.72,,
1780559967.752064,VDD_CPU_GPU_CV,1731.84,,
1780559967.752064,VDD_SOC,1616.384,,
1780559967.752064,,,cpu-thermal,56.437
1780559967.752064,,,gpu-thermal,56.468
1780559967.752064,,,soc0-thermal,54.875
1780559967.752064,,,soc1-thermal,54.218
1780559967.752064,,,soc2-thermal,54.687
1780559967.752064,,,tj-thermal,56.468
1780559967.8580282,VDD_IN,6081.152,,
1780559967.8580282,VDD_CPU_GPU_CV,1734.656,,
1780559967.8580282,VDD_SOC,1616.384,,
1780559967.8580282,,,cpu-thermal,56.5
1780559967.8580282,,,gpu-thermal,56.937
1780559967.8580282,,,soc0-thermal,54.937
1780559967.8580282,,,soc1-thermal,54.312
1780559967.8580282,,,soc2-thermal,54.687
1780559967.8580282,,,tj-thermal,56.937
1780559967.9643605,VDD_IN,6081.152,,
1780559967.9643605,VDD_CPU_GPU_CV,1734.656,,
1780559967.9643605,VDD_SOC,1616.384,,
1780559967.9643605,,,cpu-thermal,56.656
1780559967.9643605,,,gpu-thermal,56.812
1780559967.9643605,,,soc0-thermal,54.968
1780559967.9643605,,,soc1-thermal,54.437
1780559967.9643605,,,soc2-thermal,54.625
1780559967.9643605,,,tj-thermal,56.812
1780559968.0707812,VDD_IN,6081.152,,
1780559968.0707812,VDD_CPU_GPU_CV,1734.656,,
1780559968.0707812,VDD_SOC,1616.384,,
1780559968.0707812,,,cpu-thermal,56.406
1780559968.0707812,,,gpu-thermal,56.718
1780559968.0707812,,,soc0-thermal,54.875
1780559968.0707812,,,soc1-thermal,54.343
1780559968.0707812,,,soc2-thermal,54.687
1780559968.0707812,,,tj-thermal,56.718
1780559968.1777196,VDD_IN,6081.152,,
1780559968.1777196,VDD_CPU_GPU_CV,1695.232,,
1780559968.1777196,VDD_SOC,1616.384,,
1780559968.1777196,,,cpu-thermal,56.562
1780559968.1777196,,,gpu-thermal,56.625
1780559968.1777196,,,soc0-thermal,54.906
1780559968.1777196,,,soc1-thermal,54.437
1780559968.1777196,,,soc2-thermal,54.781
1780559968.1777196,,,tj-thermal,56.625
1780559968.284049,VDD_IN,6081.152,,
1780559968.284049,VDD_CPU_GPU_CV,1734.656,,
1780559968.284049,VDD_SOC,1616.384,,
1780559968.284049,,,cpu-thermal,56.343
1780559968.284049,,,gpu-thermal,56.625
1780559968.284049,,,soc0-thermal,55.0
1780559968.284049,,,soc1-thermal,54.5
1780559968.284049,,,soc2-thermal,54.625
1780559968.284049,,,tj-thermal,56.625
1780559968.3907056,VDD_IN,6110.72,,
1780559968.3907056,VDD_CPU_GPU_CV,1731.84,,
1780559968.3907056,VDD_SOC,1616.384,,
1780559968.3907056,,,cpu-thermal,56.343
1780559968.3907056,,,gpu-thermal,56.562
1780559968.3907056,,,soc0-thermal,54.875
1780559968.3907056,,,soc1-thermal,54.281
1780559968.3907056,,,soc2-thermal,54.687
1780559968.3907056,,,tj-thermal,56.593
1780559968.4972372,VDD_IN,6110.72,,
1780559968.4972372,VDD_CPU_GPU_CV,1731.84,,
1780559968.4972372,VDD_SOC,1616.384,,
1780559968.4972372,,,cpu-thermal,56.75
1780559968.4972372,,,gpu-thermal,56.906
1780559968.4972372,,,soc0-thermal,54.906
1780559968.4972372,,,soc1-thermal,54.375
1780559968.4972372,,,soc2-thermal,54.718
1780559968.4972372,,,tj-thermal,56.906
1780559968.6036718,VDD_IN,6110.72,,
1780559968.6036718,VDD_CPU_GPU_CV,1731.84,,
1780559968.6036718,VDD_SOC,1616.384,,
1780559968.6036718,,,cpu-thermal,56.406
1780559968.6036718,,,gpu-thermal,56.843
1780559968.6036718,,,soc0-thermal,55.0
1780559968.6036718,,,soc1-thermal,54.625
1780559968.6036718,,,soc2-thermal,54.625
1780559968.6036718,,,tj-thermal,56.843
1780559968.7098033,VDD_IN,6081.152,,
1780559968.7098033,VDD_CPU_GPU_CV,1734.656,,
1780559968.7098033,VDD_SOC,1616.384,,
1780559968.7098033,,,cpu-thermal,56.531
1780559968.7098033,,,gpu-thermal,56.656
1780559968.7098033,,,soc0-thermal,54.906
1780559968.7098033,,,soc1-thermal,54.312
1780559968.7098033,,,soc2-thermal,54.687
1780559968.7098033,,,tj-thermal,56.656
1780559968.8162127,VDD_IN,6081.152,,
1780559968.8162127,VDD_CPU_GPU_CV,1734.656,,
1780559968.8162127,VDD_SOC,1616.384,,
1780559968.8162127,,,cpu-thermal,56.5
1780559968.8162127,,,gpu-thermal,56.656
1780559968.8162127,,,soc0-thermal,55.0
1780559968.8162127,,,soc1-thermal,54.437
1780559968.8162127,,,soc2-thermal,54.781
1780559968.8162127,,,tj-thermal,56.656
1780559968.9228907,VDD_IN,6041.664,,
1780559968.9228907,VDD_CPU_GPU_CV,1695.232,,
1780559968.9228907,VDD_SOC,1619.008,,
1780559968.9228907,,,cpu-thermal,56.656
1780559968.9228907,,,gpu-thermal,56.562
1780559968.9228907,,,soc0-thermal,55.062
1780559968.9228907,,,soc1-thermal,54.5
1780559968.9228907,,,soc2-thermal,54.625
1780559968.9228907,,,tj-thermal,56.562
1780559969.029637,VDD_IN,6041.664,,
1780559969.029637,VDD_CPU_GPU_CV,1695.232,,
1780559969.029637,VDD_SOC,1619.008,,
1780559969.029637,,,cpu-thermal,56.468
1780559969.029637,,,gpu-thermal,56.937
1780559969.029637,,,soc0-thermal,54.937
1780559969.029637,,,soc1-thermal,54.281
1780559969.029637,,,soc2-thermal,54.687
1780559969.029637,,,tj-thermal,56.625
1780559969.1365557,VDD_IN,6041.664,,
1780559969.1365557,VDD_CPU_GPU_CV,1695.232,,
1780559969.1365557,VDD_SOC,1619.008,,
1780559969.1365557,,,cpu-thermal,56.5
1780559969.1365557,,,gpu-thermal,56.812
1780559969.1365557,,,soc0-thermal,55.062
1780559969.1365557,,,soc1-thermal,54.406
1780559969.1365557,,,soc2-thermal,54.75
1780559969.1365557,,,tj-thermal,56.593
1780559969.2427297,VDD_IN,6041.664,,
1780559969.2427297,VDD_CPU_GPU_CV,1695.232,,
1780559969.2427297,VDD_SOC,1619.008,,
1780559969.2427297,,,cpu-thermal,56.468
1780559969.2427297,,,gpu-thermal,56.718
1780559969.2427297,,,soc0-thermal,55.031
1780559969.2427297,,,soc1-thermal,54.5
1780559969.2427297,,,soc2-thermal,54.656
1780559969.2427297,,,tj-thermal,56.718
1780559969.348932,VDD_IN,6081.152,,
1780559969.348932,VDD_CPU_GPU_CV,1734.656,,
1780559969.348932,VDD_SOC,1616.384,,
1780559969.348932,,,cpu-thermal,56.437
1780559969.348932,,,gpu-thermal,56.625
1780559969.348932,,,soc0-thermal,55.0
1780559969.348932,,,soc1-thermal,54.25
1780559969.348932,,,soc2-thermal,54.718
1780559969.348932,,,tj-thermal,56.625
1780559969.4547508,VDD_IN,6110.72,,
1780559969.4547508,VDD_CPU_GPU_CV,1731.84,,
1780559969.4547508,VDD_SOC,1616.384,,
1780559969.4547508,,,cpu-thermal,56.781
1780559969.4547508,,,gpu-thermal,56.625
1780559969.4547508,,,soc0-thermal,54.937
1780559969.4547508,,,soc1-thermal,54.406
1780559969.4547508,,,soc2-thermal,54.656
1780559969.4547508,,,tj-thermal,56.781
1780559969.561008,VDD_IN,6110.72,,
1780559969.561008,VDD_CPU_GPU_CV,1731.84,,
1780559969.561008,VDD_SOC,1616.384,,
1780559969.561008,,,cpu-thermal,56.375
1780559969.561008,,,gpu-thermal,57.062
1780559969.561008,,,soc0-thermal,55.0
1780559969.561008,,,soc1-thermal,54.593
1780559969.561008,,,soc2-thermal,54.687
1780559969.561008,,,tj-thermal,57.062
1780559969.6672604,VDD_IN,6081.152,,
1780559969.6672604,VDD_CPU_GPU_CV,1734.656,,
1780559969.6672604,VDD_SOC,1616.384,,
1780559969.6672604,,,cpu-thermal,56.343
1780559969.6672604,,,gpu-thermal,56.906
1780559969.6672604,,,soc0-thermal,55.156
1780559969.6672604,,,soc1-thermal,54.312
1780559969.6672604,,,soc2-thermal,54.75
1780559969.6672604,,,tj-thermal,56.906
1780559969.7736976,VDD_IN,6081.152,,
1780559969.7736976,VDD_CPU_GPU_CV,1734.656,,
1780559969.7736976,VDD_SOC,1616.384,,
1780559969.7736976,,,cpu-thermal,56.656
1780559969.7736976,,,gpu-thermal,56.781
1780559969.7736976,,,soc0-thermal,54.968
1780559969.7736976,,,soc1-thermal,54.468
1780559969.7736976,,,soc2-thermal,54.812
1780559969.7736976,,,tj-thermal,56.781
1780559969.8806224,VDD_IN,6081.152,,
1780559969.8806224,VDD_CPU_GPU_CV,1695.232,,
1780559969.8806224,VDD_SOC,1616.384,,
1780559969.8806224,,,cpu-thermal,56.75
1780559969.8806224,,,gpu-thermal,56.718
1780559969.8806224,,,soc0-thermal,55.062
1780559969.8806224,,,soc1-thermal,54.531
1780559969.8806224,,,soc2-thermal,54.625
1780559969.8806224,,,tj-thermal,56.718
1780559969.987095,VDD_IN,6041.664,,
1780559969.987095,VDD_CPU_GPU_CV,1695.232,,
1780559969.987095,VDD_SOC,1619.008,,
1780559969.987095,,,cpu-thermal,56.562
1780559969.987095,,,gpu-thermal,56.562
1780559969.987095,,,soc0-thermal,55.125
1780559969.987095,,,soc1-thermal,54.406
1780559969.987095,,,soc2-thermal,54.75
1780559969.987095,,,tj-thermal,56.562
1780559970.0931635,VDD_IN,6041.664,,
1780559970.0931635,VDD_CPU_GPU_CV,1695.232,,
1780559970.0931635,VDD_SOC,1619.008,,
1780559970.0931635,,,cpu-thermal,56.5
1780559970.0931635,,,gpu-thermal,56.593
1780559970.0931635,,,soc0-thermal,55.0
1780559970.0931635,,,soc1-thermal,54.437
1780559970.0931635,,,soc2-thermal,54.812
1780559970.0931635,,,tj-thermal,56.593
1780559970.1996357,VDD_IN,6041.664,,
1780559970.1996357,VDD_CPU_GPU_CV,1695.232,,
1780559970.1996357,VDD_SOC,1619.008,,
1780559970.1996357,,,cpu-thermal,56.593
1780559970.1996357,,,gpu-thermal,56.937
1780559970.1996357,,,soc0-thermal,55.062
1780559970.1996357,,,soc1-thermal,54.562
1780559970.1996357,,,soc2-thermal,54.718
1780559970.1996357,,,tj-thermal,56.937
1780559970.3062553,VDD_IN,6081.152,,
1780559970.3062553,VDD_CPU_GPU_CV,1695.232,,
1780559970.3062553,VDD_SOC,1616.384,,
1780559970.3062553,,,cpu-thermal,56.5
1780559970.3062553,,,gpu-thermal,56.781
1780559970.3062553,,,soc0-thermal,55.093
1780559970.3062553,,,soc1-thermal,54.406
1780559970.3062553,,,soc2-thermal,54.781
1780559970.3062553,,,tj-thermal,56.781
1780559970.4124596,VDD_IN,6110.72,,
1780559970.4124596,VDD_CPU_GPU_CV,1731.84,,
1780559970.4124596,VDD_SOC,1616.384,,
1780559970.4124596,,,cpu-thermal,56.468
1780559970.4124596,,,gpu-thermal,56.875
1780559970.4124596,,,soc0-thermal,55.031
1780559970.4124596,,,soc1-thermal,54.406
1780559970.4124596,,,soc2-thermal,54.812
1780559970.4124596,,,tj-thermal,56.875
1780559970.518295,VDD_IN,6110.72,,
1780559970.518295,VDD_CPU_GPU_CV,1731.84,,
1780559970.518295,VDD_SOC,1616.384,,
1780559970.518295,,,cpu-thermal,56.812
1780559970.518295,,,gpu-thermal,56.75
1780559970.518295,,,soc0-thermal,55.125
1780559970.518295,,,soc1-thermal,54.562
1780559970.518295,,,soc2-thermal,54.843
1780559970.518295,,,tj-thermal,56.812
1780559970.624522,VDD_IN,6110.72,,
1780559970.624522,VDD_CPU_GPU_CV,1731.84,,
1780559970.624522,VDD_SOC,1616.384,,
1780559970.624522,,,cpu-thermal,56.531
1780559970.624522,,,gpu-thermal,56.656
1780559970.624522,,,soc0-thermal,55.218
1780559970.624522,,,soc1-thermal,54.406
1780559970.624522,,,soc2-thermal,54.75
1780559970.624522,,,tj-thermal,56.656
1780559970.7312527,VDD_IN,6081.152,,
1780559970.7312527,VDD_CPU_GPU_CV,1734.656,,
1780559970.7312527,VDD_SOC,1616.384,,
1780559970.7312527,,,cpu-thermal,56.781
1780559970.7312527,,,gpu-thermal,57.062
1780559970.7312527,,,soc0-thermal,55.093
1780559970.7312527,,,soc1-thermal,54.406
1780559970.7312527,,,soc2-thermal,54.781
1780559970.7312527,,,tj-thermal,57.062
1780559970.837745,VDD_IN,6081.152,,
1780559970.837745,VDD_CPU_GPU_CV,1695.232,,
1780559970.837745,VDD_SOC,1616.384,,
1780559970.837745,,,cpu-thermal,56.75
1780559970.837745,,,gpu-thermal,56.937
1780559970.837745,,,soc0-thermal,55.062
1780559970.837745,,,soc1-thermal,54.531
1780559970.837745,,,soc2-thermal,54.937
1780559970.837745,,,tj-thermal,56.937
1780559970.9436147,VDD_IN,6041.664,,
1780559970.9436147,VDD_CPU_GPU_CV,1695.232,,
1780559970.9436147,VDD_SOC,1619.008,,
1780559970.9436147,,,cpu-thermal,56.812
1780559970.9436147,,,gpu-thermal,56.781
1780559970.9436147,,,soc0-thermal,55.093
1780559970.9436147,,,soc1-thermal,54.406
1780559970.9436147,,,soc2-thermal,54.75
1780559970.9436147,,,tj-thermal,56.781
1780559971.0495217,VDD_IN,6041.664,,
1780559971.0495217,VDD_CPU_GPU_CV,1695.232,,
1780559971.0495217,VDD_SOC,1616.384,,
1780559971.0495217,,,cpu-thermal,56.562
1780559971.0495217,,,gpu-thermal,56.75
1780559971.0495217,,,soc0-thermal,55.062
1780559971.0495217,,,soc1-thermal,54.5
1780559971.0495217,,,soc2-thermal,54.781
1780559971.0495217,,,tj-thermal,56.75
1780559971.1557312,VDD_IN,6041.664,,
1780559971.1557312,VDD_CPU_GPU_CV,1695.232,,
1780559971.1557312,VDD_SOC,1619.008,,
1780559971.1557312,,,cpu-thermal,56.593
1780559971.1557312,,,gpu-thermal,56.687
1780559971.1557312,,,soc0-thermal,55.125
1780559971.1557312,,,soc1-thermal,54.531
1780559971.1557312,,,soc2-thermal,54.781
1780559971.1557312,,,tj-thermal,56.687
1780559971.2616608,VDD_IN,6041.664,,
1780559971.2616608,VDD_CPU_GPU_CV,1695.232,,
1780559971.2616608,VDD_SOC,1619.008,,
1780559971.2616608,,,cpu-thermal,56.5
1780559971.2616608,,,gpu-thermal,56.843
1780559971.2616608,,,soc0-thermal,55.125
1780559971.2616608,,,soc1-thermal,54.593
1780559971.2616608,,,soc2-thermal,54.781
1780559971.2616608,,,tj-thermal,56.75
1780559971.3678114,VDD_IN,6081.152,,
1780559971.3678114,VDD_CPU_GPU_CV,1734.656,,
1780559971.3678114,VDD_SOC,1616.384,,
1780559971.3678114,,,cpu-thermal,56.437
1780559971.3678114,,,gpu-thermal,56.781
1780559971.3678114,,,soc0-thermal,55.218
1780559971.3678114,,,soc1-thermal,54.5
1780559971.3678114,,,soc2-thermal,54.718
1780559971.3678114,,,tj-thermal,57.031
1780559971.4736383,VDD_IN,6110.72,,
1780559971.4736383,VDD_CPU_GPU_CV,1731.84,,
1780559971.4736383,VDD_SOC,1616.384,,
1780559971.4736383,,,cpu-thermal,56.656
1780559971.4736383,,,gpu-thermal,56.718
1780559971.4736383,,,soc0-thermal,55.062
1780559971.4736383,,,soc1-thermal,54.437
1780559971.4736383,,,soc2-thermal,54.812
1780559971.4736383,,,tj-thermal,56.875
1780559971.579819,VDD_IN,6110.72,,
1780559971.579819,VDD_CPU_GPU_CV,1731.84,,
1780559971.579819,VDD_SOC,1616.384,,
1780559971.579819,,,cpu-thermal,56.531
1780559971.579819,,,gpu-thermal,57.156
1780559971.579819,,,soc0-thermal,55.156
1780559971.579819,,,soc1-thermal,54.656
1780559971.579819,,,soc2-thermal,54.718
1780559971.579819,,,tj-thermal,56.781
1780559971.6862323,VDD_IN,6081.152,,
1780559971.6862323,VDD_CPU_GPU_CV,1734.656,,
1780559971.6862323,VDD_SOC,1616.384,,
1780559971.6862323,,,cpu-thermal,56.562
1780559971.6862323,,,gpu-thermal,56.937
1780559971.6862323,,,soc0-thermal,55.312
1780559971.6862323,,,soc1-thermal,54.375
1780559971.6862323,,,soc2-thermal,54.781
1780559971.6862323,,,tj-thermal,56.812
1780559971.7927496,VDD_IN,6081.152,,
1780559971.7927496,VDD_CPU_GPU_CV,1695.232,,
1780559971.7927496,VDD_SOC,1616.384,,
1780559971.7927496,,,cpu-thermal,56.687
1780559971.7927496,,,gpu-thermal,56.875
1780559971.7927496,,,soc0-thermal,55.062
1780559971.7927496,,,soc1-thermal,54.562
1780559971.7927496,,,soc2-thermal,54.968
1780559971.7927496,,,tj-thermal,56.875
1780559971.8987193,VDD_IN,6041.664,,
1780559971.8987193,VDD_CPU_GPU_CV,1695.232,,
1780559971.8987193,VDD_SOC,1619.008,,
1780559971.8987193,,,cpu-thermal,56.906
1780559971.8987193,,,gpu-thermal,56.812
1780559971.8987193,,,soc0-thermal,55.125
1780559971.8987193,,,soc1-thermal,54.5
1780559971.8987193,,,soc2-thermal,54.843
1780559971.8987193,,,tj-thermal,56.906
1780559972.0050125,VDD_IN,6041.664,,
1780559972.0050125,VDD_CPU_GPU_CV,1695.232,,
1780559972.0050125,VDD_SOC,1619.008,,
1780559972.0050125,,,cpu-thermal,56.531
1780559972.0050125,,,gpu-thermal,56.781
1780559972.0050125,,,soc0-thermal,55.187
1780559972.0050125,,,soc1-thermal,54.687
1780559972.0050125,,,soc2-thermal,54.812
1780559972.0050125,,,tj-thermal,56.781
1780559972.1111014,VDD_IN,6041.664,,
1780559972.1111014,VDD_CPU_GPU_CV,1695.232,,
1780559972.1111014,VDD_SOC,1619.008,,
1780559972.1111014,,,cpu-thermal,56.687
1780559972.1111014,,,gpu-thermal,56.781
1780559972.1111014,,,soc0-thermal,55.062
1780559972.1111014,,,soc1-thermal,54.5
1780559972.1111014,,,soc2-thermal,54.75
1780559972.1111014,,,tj-thermal,56.781
1780559972.217633,VDD_IN,6041.664,,
1780559972.217633,VDD_CPU_GPU_CV,1695.232,,
1780559972.217633,VDD_SOC,1619.008,,
1780559972.217633,,,cpu-thermal,56.75
1780559972.217633,,,gpu-thermal,57.062
1780559972.217633,,,soc0-thermal,55.093
1780559972.217633,,,soc1-thermal,54.562
1780559972.217633,,,soc2-thermal,54.906
1780559972.217633,,,tj-thermal,56.812
1780559972.3247168,VDD_IN,6081.152,,
1780559972.3247168,VDD_CPU_GPU_CV,1695.232,,
1780559972.3247168,VDD_SOC,1619.008,,
1780559972.3247168,,,cpu-thermal,56.562
1780559972.3247168,,,gpu-thermal,56.875
1780559972.3247168,,,soc0-thermal,55.218
1780559972.3247168,,,soc1-thermal,54.468
1780559972.3247168,,,soc2-thermal,54.843
1780559972.3247168,,,tj-thermal,56.875
1780559972.430728,VDD_IN,6110.72,,
1780559972.430728,VDD_CPU_GPU_CV,1734.656,,
1780559972.430728,VDD_SOC,1616.384,,
1780559972.430728,,,cpu-thermal,56.656
1780559972.430728,,,gpu-thermal,56.875
1780559972.430728,,,soc0-thermal,55.125
1780559972.430728,,,soc1-thermal,54.5
1780559972.430728,,,soc2-thermal,54.906
1780559972.430728,,,tj-thermal,56.875
1780559972.5367339,VDD_IN,6110.72,,
1780559972.5367339,VDD_CPU_GPU_CV,1731.84,,
1780559972.5367339,VDD_SOC,1616.384,,
1780559972.5367339,,,cpu-thermal,56.687
1780559972.5367339,,,gpu-thermal,56.812
1780559972.5367339,,,soc0-thermal,55.218
1780559972.5367339,,,soc1-thermal,54.562
1780559972.5367339,,,soc2-thermal,55.0
1780559972.5367339,,,tj-thermal,56.812
1780559972.6430306,VDD_IN,6081.152,,
1780559972.6430306,VDD_CPU_GPU_CV,1734.656,,
1780559972.6430306,VDD_SOC,1616.384,,
1780559972.6430306,,,cpu-thermal,56.781
1780559972.6430306,,,gpu-thermal,56.781
1780559972.6430306,,,soc0-thermal,55.281
1780559972.6430306,,,soc1-thermal,54.718
1780559972.6430306,,,soc2-thermal,54.875
1780559972.6430306,,,tj-thermal,56.781
1780559972.7497609,VDD_IN,6081.152,,
1780559972.7497609,VDD_CPU_GPU_CV,1734.656,,
1780559972.7497609,VDD_SOC,1616.384,,
1780559972.7497609,,,cpu-thermal,56.656
1780559972.7497609,,,gpu-thermal,57.187
1780559972.7497609,,,soc0-thermal,55.125
1780559972.7497609,,,soc1-thermal,54.5
1780559972.7497609,,,soc2-thermal,54.937
1780559972.7497609,,,tj-thermal,57.187
1780559972.8561707,VDD_IN,6081.152,,
1780559972.8561707,VDD_CPU_GPU_CV,1695.232,,
1780559972.8561707,VDD_SOC,1619.008,,
1780559972.8561707,,,cpu-thermal,56.875
1780559972.8561707,,,gpu-thermal,57.062
1780559972.8561707,,,soc0-thermal,55.187
1780559972.8561707,,,soc1-thermal,54.593
1780559972.8561707,,,soc2-thermal,54.968
1780559972.8561707,,,tj-thermal,57.062
1780559972.9621081,VDD_IN,6041.664,,
1780559972.9621081,VDD_CPU_GPU_CV,1695.232,,
1780559972.9621081,VDD_SOC,1619.008,,
1780559972.9621081,,,cpu-thermal,57.031
1780559972.9621081,,,gpu-thermal,56.968
1780559972.9621081,,,soc0-thermal,55.187
1780559972.9621081,,,soc1-thermal,54.781
1780559972.9621081,,,soc2-thermal,54.906
1780559972.9621081,,,tj-thermal,57.031
1780559973.0683954,VDD_IN,6041.664,,
1780559973.0683954,VDD_CPU_GPU_CV,1695.232,,
1780559973.0683954,VDD_SOC,1619.008,,
1780559973.0683954,,,cpu-thermal,56.75
1780559973.0683954,,,gpu-thermal,56.906
1780559973.0683954,,,soc0-thermal,55.156
1780559973.0683954,,,soc1-thermal,54.562
1780559973.0683954,,,soc2-thermal,55.0
1780559973.0683954,,,tj-thermal,56.906
1780559973.1746674,VDD_IN,6041.664,,
1780559973.1746674,VDD_CPU_GPU_CV,1695.232,,
1780559973.1746674,VDD_SOC,1619.008,,
1780559973.1746674,,,cpu-thermal,56.812
1780559973.1746674,,,gpu-thermal,56.875
1780559973.1746674,,,soc0-thermal,55.093
1780559973.1746674,,,soc1-thermal,54.593
1780559973.1746674,,,soc2-thermal,54.968
1780559973.1746674,,,tj-thermal,56.875
1780559973.2807803,VDD_IN,6041.664,,
1780559973.2807803,VDD_CPU_GPU_CV,1695.232,,
1780559973.2807803,VDD_SOC,1616.384,,
1780559973.2807803,,,cpu-thermal,56.843
1780559973.2807803,,,gpu-thermal,56.75
1780559973.2807803,,,soc0-thermal,55.218
1780559973.2807803,,,soc1-thermal,54.687
1780559973.2807803,,,soc2-thermal,55.0
1780559973.2807803,,,tj-thermal,56.75
1780559973.3876889,VDD_IN,6071.296,,
1780559973.3876889,VDD_CPU_GPU_CV,1731.84,,
1780559973.3876889,VDD_SOC,1616.384,,
1780559973.3876889,,,cpu-thermal,56.625
1780559973.3876889,,,gpu-thermal,57.093
1780559973.3876889,,,soc0-thermal,55.156
1780559973.3876889,,,soc1-thermal,54.562
1780559973.3876889,,,soc2-thermal,54.968
1780559973.3876889,,,tj-thermal,57.093
1780559973.4940321,VDD_IN,6110.72,,
1780559973.4940321,VDD_CPU_GPU_CV,1731.84,,
1780559973.4940321,VDD_SOC,1616.384,,
1780559973.4940321,,,cpu-thermal,56.781
1780559973.4940321,,,gpu-thermal,57.031
1780559973.4940321,,,soc0-thermal,55.187
1780559973.4940321,,,soc1-thermal,54.562
1780559973.4940321,,,soc2-thermal,54.906
1780559973.4940321,,,tj-thermal,57.031
1780559973.6001124,VDD_IN,6081.152,,
1780559973.6001124,VDD_CPU_GPU_CV,1731.84,,
1780559973.6001124,VDD_SOC,1616.384,,
1780559973.6001124,,,cpu-thermal,56.687
1780559973.6001124,,,gpu-thermal,56.937
1780559973.6001124,,,soc0-thermal,55.156
1780559973.6001124,,,soc1-thermal,54.687
1780559973.6001124,,,soc2-thermal,54.875
1780559973.6001124,,,tj-thermal,56.937
1780559973.7061245,VDD_IN,6081.152,,
1780559973.7061245,VDD_CPU_GPU_CV,1734.656,,
1780559973.7061245,VDD_SOC,1616.384,,
1780559973.7061245,,,cpu-thermal,56.656
1780559973.7061245,,,gpu-thermal,56.937
1780559973.7061245,,,soc0-thermal,55.343
1780559973.7061245,,,soc1-thermal,54.562
1780559973.7061245,,,soc2-thermal,54.937
1780559973.7061245,,,tj-thermal,56.937
1780559973.8121803,VDD_IN,6041.664,,
1780559973.8121803,VDD_CPU_GPU_CV,1695.232,,
1780559973.8121803,VDD_SOC,1619.008,,
1780559973.8121803,,,cpu-thermal,56.687
1780559973.8121803,,,gpu-thermal,56.843
1780559973.8121803,,,soc0-thermal,55.218
1780559973.8121803,,,soc1-thermal,54.562
1780559973.8121803,,,soc2-thermal,55.031
1780559973.8121803,,,tj-thermal,56.937
1780559973.91868,VDD_IN,6041.664,,
1780559973.91868,VDD_CPU_GPU_CV,1695.232,,
1780559973.91868,VDD_SOC,1619.008,,
1780559973.91868,,,cpu-thermal,57.125
1780559973.91868,,,gpu-thermal,57.156
1780559973.91868,,,soc0-thermal,55.281
1780559973.91868,,,soc1-thermal,54.656
1780559973.91868,,,soc2-thermal,55.062
1780559973.91868,,,tj-thermal,57.156
1780559974.0248768,VDD_IN,6002.176,,
1780559974.0248768,VDD_CPU_GPU_CV,1695.232,,
1780559974.0248768,VDD_SOC,1619.008,,
1780559974.0248768,,,cpu-thermal,56.687
1780559974.0248768,,,gpu-thermal,57.031
1780559974.0248768,,,soc0-thermal,55.343
1780559974.0248768,,,soc1-thermal,54.531
1780559974.0248768,,,soc2-thermal,54.937
1780559974.0248768,,,tj-thermal,57.031
1780559974.1311302,VDD_IN,6002.176,,
1780559974.1311302,VDD_CPU_GPU_CV,1695.232,,
1780559974.1311302,VDD_SOC,1619.008,,
1780559974.1311302,,,cpu-thermal,56.906
1780559974.1311302,,,gpu-thermal,56.812
1780559974.1311302,,,soc0-thermal,55.187
1780559974.1311302,,,soc1-thermal,54.593
1780559974.1311302,,,soc2-thermal,55.031
1780559974.1311302,,,tj-thermal,56.906
1780559974.2372327,VDD_IN,6002.176,,
1780559974.2372327,VDD_CPU_GPU_CV,1695.232,,
1780559974.2372327,VDD_SOC,1619.008,,
1780559974.2372327,,,cpu-thermal,56.937
1780559974.2372327,,,gpu-thermal,57.125
1780559974.2372327,,,soc0-thermal,55.218
1780559974.2372327,,,soc1-thermal,54.718
1780559974.2372327,,,soc2-thermal,55.093
1780559974.2372327,,,tj-thermal,56.937
1780559974.3439982,VDD_IN,6081.152,,
1780559974.3439982,VDD_CPU_GPU_CV,1695.232,,
1780559974.3439982,VDD_SOC,1616.384,,
1780559974.3439982,,,cpu-thermal,56.968
1780559974.3439982,,,gpu-thermal,57.062
1780559974.3439982,,,soc0-thermal,55.343
1780559974.3439982,,,soc1-thermal,54.593
1780559974.3439982,,,soc2-thermal,55.0
1780559974.3439982,,,tj-thermal,56.843
1780559974.4501164,VDD_IN,6110.72,,
1780559974.4501164,VDD_CPU_GPU_CV,1731.84,,
1780559974.4501164,VDD_SOC,1616.384,,
1780559974.4501164,,,cpu-thermal,56.687
1780559974.4501164,,,gpu-thermal,57.031
1780559974.4501164,,,soc0-thermal,55.281
1780559974.4501164,,,soc1-thermal,54.593
1780559974.4501164,,,soc2-thermal,55.062
1780559974.4501164,,,tj-thermal,57.312
1780559974.5560942,VDD_IN,6081.152,,
1780559974.5560942,VDD_CPU_GPU_CV,1734.656,,
1780559974.5560942,VDD_SOC,1616.384,,
1780559974.5560942,,,cpu-thermal,56.812
1780559974.5560942,,,gpu-thermal,56.906
1780559974.5560942,,,soc0-thermal,55.187
1780559974.5560942,,,soc1-thermal,54.625
1780559974.5560942,,,soc2-thermal,55.031
1780559974.5560942,,,tj-thermal,57.25
1780559974.662229,VDD_IN,6081.152,,
1780559974.662229,VDD_CPU_GPU_CV,1734.656,,
1780559974.662229,VDD_SOC,1616.384,,
1780559974.662229,,,cpu-thermal,56.75
1780559974.662229,,,gpu-thermal,56.937
1780559974.662229,,,soc0-thermal,55.312
1780559974.662229,,,soc1-thermal,54.781
1780559974.662229,,,soc2-thermal,54.937
1780559974.662229,,,tj-thermal,57.0
1780559974.7683842,VDD_IN,6081.152,,
1780559974.7683842,VDD_CPU_GPU_CV,1734.656,,
1780559974.7683842,VDD_SOC,1616.384,,
1780559974.7683842,,,cpu-thermal,56.781
1780559974.7683842,,,gpu-thermal,57.312
1780559974.7683842,,,soc0-thermal,55.437
1780559974.7683842,,,soc1-thermal,54.562
1780559974.7683842,,,soc2-thermal,54.937
1780559974.7683842,,,tj-thermal,57.312
1780559974.874495,VDD_IN,6081.152,,
1780559974.874495,VDD_CPU_GPU_CV,1695.232,,
1780559974.874495,VDD_SOC,1616.384,,
1780559974.874495,,,cpu-thermal,56.843
1780559974.874495,,,gpu-thermal,57.125
1780559974.874495,,,soc0-thermal,55.218
1780559974.874495,,,soc1-thermal,54.562
1780559974.874495,,,soc2-thermal,55.093
1780559974.874495,,,tj-thermal,57.125
1780559974.9803855,VDD_IN,6041.664,,
1780559974.9803855,VDD_CPU_GPU_CV,1695.232,,
1780559974.9803855,VDD_SOC,1619.008,,
1780559974.9803855,,,cpu-thermal,56.625
1780559974.9803855,,,gpu-thermal,57.031
1780559974.9803855,,,soc0-thermal,55.281
1780559974.9803855,,,soc1-thermal,54.75
1780559974.9803855,,,soc2-thermal,55.031
1780559974.9803855,,,tj-thermal,57.031
1780559975.086505,VDD_IN,6041.664,,
1780559975.086505,VDD_CPU_GPU_CV,1695.232,,
1780559975.086505,VDD_SOC,1619.008,,
1780559975.086505,,,cpu-thermal,56.718
1780559975.086505,,,gpu-thermal,56.968
1780559975.086505,,,soc0-thermal,55.375
1780559975.086505,,,soc1-thermal,54.656
1780559975.086505,,,soc2-thermal,55.0
1780559975.086505,,,tj-thermal,56.968
1780559975.1925368,VDD_IN,6041.664,,
1780559975.1925368,VDD_CPU_GPU_CV,1695.232,,
1780559975.1925368,VDD_SOC,1619.008,,
1780559975.1925368,,,cpu-thermal,56.687
1780559975.1925368,,,gpu-thermal,56.968
1780559975.1925368,,,soc0-thermal,55.25
1780559975.1925368,,,soc1-thermal,54.593
1780559975.1925368,,,soc2-thermal,55.125
1780559975.1925368,,,tj-thermal,56.968
1780559975.2993488,VDD_IN,6081.152,,
1780559975.2993488,VDD_CPU_GPU_CV,1695.232,,
1780559975.2993488,VDD_SOC,1616.384,,
1780559975.2993488,,,cpu-thermal,56.937
1780559975.2993488,,,gpu-thermal,56.906
1780559975.2993488,,,soc0-thermal,55.218
1780559975.2993488,,,soc1-thermal,54.75
1780559975.2993488,,,soc2-thermal,55.218
1780559975.2993488,,,tj-thermal,56.937
1780559975.405522,VDD_IN,6110.72,,
1780559975.405522,VDD_CPU_GPU_CV,1731.84,,
1780559975.405522,VDD_SOC,1616.384,,
1780559975.405522,,,cpu-thermal,57.093
1780559975.405522,,,gpu-thermal,57.218
1780559975.405522,,,soc0-thermal,55.343
1780559975.405522,,,soc1-thermal,54.656
1780559975.405522,,,soc2-thermal,55.093
1780559975.405522,,,tj-thermal,57.218
1780559975.511601,VDD_IN,6110.72,,
1780559975.511601,VDD_CPU_GPU_CV,1731.84,,
1780559975.511601,VDD_SOC,1616.384,,
1780559975.511601,,,cpu-thermal,56.843
1780559975.511601,,,gpu-thermal,57.093
1780559975.511601,,,soc0-thermal,55.281
1780559975.511601,,,soc1-thermal,54.687
1780559975.511601,,,soc2-thermal,55.062
1780559975.511601,,,tj-thermal,57.093
1780559975.6180105,VDD_IN,6110.72,,
1780559975.6180105,VDD_CPU_GPU_CV,1731.84,,
1780559975.6180105,VDD_SOC,1616.384,,
1780559975.6180105,,,cpu-thermal,56.812
1780559975.6180105,,,gpu-thermal,57.0
1780559975.6180105,,,soc0-thermal,55.312
1780559975.6180105,,,soc1-thermal,54.75
1780559975.6180105,,,soc2-thermal,55.218
1780559975.6180105,,,tj-thermal,57.0
1780559975.7248178,VDD_IN,6081.152,,
1780559975.7248178,VDD_CPU_GPU_CV,1734.656,,
1780559975.7248178,VDD_SOC,1616.384,,
1780559975.7248178,,,cpu-thermal,56.812
1780559975.7248178,,,gpu-thermal,56.968
1780559975.7248178,,,soc0-thermal,55.437
1780559975.7248178,,,soc1-thermal,54.843
1780559975.7248178,,,soc2-thermal,55.031
1780559975.7248178,,,tj-thermal,56.968
1780559975.83075,VDD_IN,6081.152,,
1780559975.83075,VDD_CPU_GPU_CV,1695.232,,
1780559975.83075,VDD_SOC,1619.008,,
1780559975.83075,,,cpu-thermal,56.812
1780559975.83075,,,gpu-thermal,56.937
1780559975.83075,,,soc0-thermal,55.218
1780559975.83075,,,soc1-thermal,54.718
1780559975.83075,,,soc2-thermal,55.0
1780559975.83075,,,tj-thermal,56.937
1780559975.9369397,VDD_IN,6081.152,,
1780559975.9369397,VDD_CPU_GPU_CV,1695.232,,
1780559975.9369397,VDD_SOC,1619.008,,
1780559975.9369397,,,cpu-thermal,56.906
1780559975.9369397,,,gpu-thermal,57.281
1780559975.9369397,,,soc0-thermal,55.312
1780559975.9369397,,,soc1-thermal,54.843
1780559975.9369397,,,soc2-thermal,55.125
1780559975.9369397,,,tj-thermal,57.281
1780559976.043354,VDD_IN,6041.664,,
1780559976.043354,VDD_CPU_GPU_CV,1695.232,,
1780559976.043354,VDD_SOC,1619.008,,
1780559976.043354,,,cpu-thermal,56.812
1780559976.043354,,,gpu-thermal,57.093
1780559976.043354,,,soc0-thermal,55.375
1780559976.043354,,,soc1-thermal,54.906
1780559976.043354,,,soc2-thermal,54.875
1780559976.043354,,,tj-thermal,57.093
1780559976.1498132,VDD_IN,6041.664,,
1780559976.1498132,VDD_CPU_GPU_CV,1695.232,,
1780559976.1498132,VDD_SOC,1619.008,,
1780559976.1498132,,,cpu-thermal,56.875
1780559976.1498132,,,gpu-thermal,57.062
1780559976.1498132,,,soc0-thermal,55.312
1780559976.1498132,,,soc1-thermal,54.656
1780559976.1498132,,,soc2-thermal,55.062
1780559976.1498132,,,tj-thermal,57.062
1780559976.2565062,VDD_IN,6041.664,,
1780559976.2565062,VDD_CPU_GPU_CV,1695.232,,
1780559976.2565062,VDD_SOC,1619.008,,
1780559976.2565062,,,cpu-thermal,57.062
1780559976.2565062,,,gpu-thermal,56.968
1780559976.2565062,,,soc0-thermal,55.343
1780559976.2565062,,,soc1-thermal,54.812
1780559976.2565062,,,soc2-thermal,55.125
1780559976.2565062,,,tj-thermal,57.062
1780559976.3626132,VDD_IN,6071.296,,
1780559976.3626132,VDD_CPU_GPU_CV,1734.656,,
1780559976.3626132,VDD_SOC,1616.384,,
1780559976.3626132,,,cpu-thermal,57.125
1780559976.3626132,,,gpu-thermal,56.968
1780559976.3626132,,,soc0-thermal,55.312
1780559976.3626132,,,soc1-thermal,54.937
1780559976.3626132,,,soc2-thermal,55.031
1780559976.3626132,,,tj-thermal,57.125
1780559976.4687245,VDD_IN,6110.72,,
1780559976.4687245,VDD_CPU_GPU_CV,1731.84,,
1780559976.4687245,VDD_SOC,1616.384,,
1780559976.4687245,,,cpu-thermal,56.75
1780559976.4687245,,,gpu-thermal,57.468
1780559976.4687245,,,soc0-thermal,55.343
1780559976.4687245,,,soc1-thermal,54.718
1780559976.4687245,,,soc2-thermal,55.031
1780559976.4687245,,,tj-thermal,57.468
1780559976.5750601,VDD_IN,6110.72,,
1780559976.5750601,VDD_CPU_GPU_CV,1731.84,,
1780559976.5750601,VDD_SOC,1616.384,,
1780559976.5750601,,,cpu-thermal,56.875
1780559976.5750601,,,gpu-thermal,57.218
1780559976.5750601,,,soc0-thermal,55.375
1780559976.5750601,,,soc1-thermal,54.75
1780559976.5750601,,,soc2-thermal,55.156
1780559976.5750601,,,tj-thermal,57.218
1780559976.6811202,VDD_IN,6110.72,,
1780559976.6811202,VDD_CPU_GPU_CV,1731.84,,
1780559976.6811202,VDD_SOC,1616.384,,
1780559976.6811202,,,cpu-thermal,56.937
1780559976.6811202,,,gpu-thermal,56.937
1780559976.6811202,,,soc0-thermal,55.343
1780559976.6811202,,,soc1-thermal,54.843
1780559976.6811202,,,soc2-thermal,54.937
1780559976.6811202,,,tj-thermal,57.187
1780559976.788122,VDD_IN,6150.144,,
1780559976.788122,VDD_CPU_GPU_CV,1771.2,,
1780559976.788122,VDD_SOC,1616.384,,
1780559976.788122,,,cpu-thermal,56.906
1780559976.788122,,,gpu-thermal,57.062
1780559976.788122,,,soc0-thermal,55.5
1780559976.788122,,,soc1-thermal,54.687
1780559976.788122,,,soc2-thermal,55.093
1780559976.788122,,,tj-thermal,57.062
1780559976.8944943,VDD_IN,6110.72,,
1780559976.8944943,VDD_CPU_GPU_CV,1731.84,,
1780559976.8944943,VDD_SOC,1616.384,,
1780559976.8944943,,,cpu-thermal,56.843
1780559976.8944943,,,gpu-thermal,57.0
1780559976.8944943,,,soc0-thermal,55.312
1780559976.8944943,,,soc1-thermal,54.812
1780559976.8944943,,,soc2-thermal,55.218
1780559976.8944943,,,tj-thermal,57.0
1780559977.0004885,VDD_IN,6110.72,,
1780559977.0004885,VDD_CPU_GPU_CV,1731.84,,
1780559977.0004885,VDD_SOC,1616.384,,
1780559977.0004885,,,cpu-thermal,56.875
1780559977.0004885,,,gpu-thermal,57.0
1780559977.0004885,,,soc0-thermal,55.406
1780559977.0004885,,,soc1-thermal,54.781
1780559977.0004885,,,soc2-thermal,55.062
1780559977.0004885,,,tj-thermal,57.0
1780559977.1066873,VDD_IN,6120.64,,
1780559977.1066873,VDD_CPU_GPU_CV,1734.656,,
1780559977.1066873,VDD_SOC,1616.384,,
1780559977.1066873,,,cpu-thermal,56.843
1780559977.1066873,,,gpu-thermal,57.062
1780559977.1066873,,,soc0-thermal,55.406
1780559977.1066873,,,soc1-thermal,54.718
1780559977.1066873,,,soc2-thermal,55.156
1780559977.1066873,,,tj-thermal,57.312
1780559977.2126136,VDD_IN,6081.152,,
1780559977.2126136,VDD_CPU_GPU_CV,1734.656,,
1780559977.2126136,VDD_SOC,1616.384,,
1780559977.2126136,,,cpu-thermal,56.812
1780559977.2126136,,,gpu-thermal,57.031
1780559977.2126136,,,soc0-thermal,55.375
1780559977.2126136,,,soc1-thermal,54.75
1780559977.2126136,,,soc2-thermal,55.125
1780559977.2126136,,,tj-thermal,57.156
1780559977.318934,VDD_IN,6110.72,,
1780559977.318934,VDD_CPU_GPU_CV,1731.84,,
1780559977.318934,VDD_SOC,1616.384,,
1780559977.318934,,,cpu-thermal,57.156
1780559977.318934,,,gpu-thermal,56.968
1780559977.318934,,,soc0-thermal,55.375
1780559977.318934,,,soc1-thermal,54.812
1780559977.318934,,,soc2-thermal,55.187
1780559977.318934,,,tj-thermal,57.156
1780559977.4255974,VDD_IN,6150.144,,
1780559977.4255974,VDD_CPU_GPU_CV,1731.84,,
1780559977.4255974,VDD_SOC,1616.384,,
1780559977.4255974,,,cpu-thermal,56.781
1780559977.4255974,,,gpu-thermal,57.406
1780559977.4255974,,,soc0-thermal,55.437
1780559977.4255974,,,soc1-thermal,54.937
1780559977.4255974,,,soc2-thermal,55.062
1780559977.4255974,,,tj-thermal,57.031
1780559977.5320232,VDD_IN,6150.144,,
1780559977.5320232,VDD_CPU_GPU_CV,1731.84,,
1780559977.5320232,VDD_SOC,1616.384,,
1780559977.5320232,,,cpu-thermal,56.875
1780559977.5320232,,,gpu-thermal,57.156
1780559977.5320232,,,soc0-thermal,55.406
1780559977.5320232,,,soc1-thermal,54.75
1780559977.5320232,,,soc2-thermal,55.218
1780559977.5320232,,,tj-thermal,57.062
1780559977.6382356,VDD_IN,6110.72,,
1780559977.6382356,VDD_CPU_GPU_CV,1731.84,,
1780559977.6382356,VDD_SOC,1616.384,,
1780559977.6382356,,,cpu-thermal,57.062
1780559977.6382356,,,gpu-thermal,57.218
1780559977.6382356,,,soc0-thermal,55.343
1780559977.6382356,,,soc1-thermal,54.843
1780559977.6382356,,,soc2-thermal,55.093
1780559977.6382356,,,tj-thermal,57.437
1780559977.7443604,VDD_IN,6110.72,,
1780559977.7443604,VDD_CPU_GPU_CV,1731.84,,
1780559977.7443604,VDD_SOC,1616.384,,
1780559977.7443604,,,cpu-thermal,57.156
1780559977.7443604,,,gpu-thermal,57.062
1780559977.7443604,,,soc0-thermal,55.5
1780559977.7443604,,,soc1-thermal,54.937
1780559977.7443604,,,soc2-thermal,55.156
1780559977.7443604,,,tj-thermal,57.281
1780559977.8505821,VDD_IN,6120.64,,
1780559977.8505821,VDD_CPU_GPU_CV,1731.84,,
1780559977.8505821,VDD_SOC,1616.384,,
1780559977.8505821,,,cpu-thermal,56.937
1780559977.8505821,,,gpu-thermal,57.031
1780559977.8505821,,,soc0-thermal,55.437
1780559977.8505821,,,soc1-thermal,54.812
1780559977.8505821,,,soc2-thermal,55.125
1780559977.8505821,,,tj-thermal,57.031
1780559977.9567947,VDD_IN,6081.152,,
1780559977.9567947,VDD_CPU_GPU_CV,1731.84,,
1780559977.9567947,VDD_SOC,1616.384,,
1780559977.9567947,,,cpu-thermal,56.937
1780559977.9567947,,,gpu-thermal,57.343
1780559977.9567947,,,soc0-thermal,55.406
1780559977.9567947,,,soc1-thermal,54.75
1780559977.9567947,,,soc2-thermal,55.218
1780559977.9567947,,,tj-thermal,57.343
1780559978.0629072,VDD_IN,6081.152,,
1780559978.0629072,VDD_CPU_GPU_CV,1731.84,,
1780559978.0629072,VDD_SOC,1616.384,,
1780559978.0629072,,,cpu-thermal,56.875
1780559978.0629072,,,gpu-thermal,57.25
1780559978.0629072,,,soc0-thermal,55.437
1780559978.0629072,,,soc1-thermal,54.968
1780559978.0629072,,,soc2-thermal,55.218
1780559978.0629072,,,tj-thermal,57.25
1780559978.1688871,VDD_IN,6081.152,,
1780559978.1688871,VDD_CPU_GPU_CV,1731.84,,
1780559978.1688871,VDD_SOC,1616.384,,
1780559978.1688871,,,cpu-thermal,56.937
1780559978.1688871,,,gpu-thermal,57.156
1780559978.1688871,,,soc0-thermal,55.562
1780559978.1688871,,,soc1-thermal,54.75
1780559978.1688871,,,soc2-thermal,55.218
1780559978.1688871,,,tj-thermal,57.156
1780559978.2759411,VDD_IN,6081.152,,
1780559978.2759411,VDD_CPU_GPU_CV,1731.84,,
1780559978.2759411,VDD_SOC,1616.384,,
1780559978.2759411,,,cpu-thermal,57.25
1780559978.2759411,,,gpu-thermal,57.062
1780559978.2759411,,,soc0-thermal,55.375
1780559978.2759411,,,soc1-thermal,54.906
1780559978.2759411,,,soc2-thermal,55.312
1780559978.2759411,,,tj-thermal,57.25
1780559978.3822396,VDD_IN,6110.72,,
1780559978.3822396,VDD_CPU_GPU_CV,1731.84,,
1780559978.3822396,VDD_SOC,1616.384,,
1780559978.3822396,,,cpu-thermal,56.812
1780559978.3822396,,,gpu-thermal,57.093
1780559978.3822396,,,soc0-thermal,55.468
1780559978.3822396,,,soc1-thermal,54.968
1780559978.3822396,,,soc2-thermal,55.125
1780559978.3822396,,,tj-thermal,57.093
1780559978.488366,VDD_IN,6150.144,,
1780559978.488366,VDD_CPU_GPU_CV,1731.84,,
1780559978.488366,VDD_SOC,1616.384,,
1780559978.488366,,,cpu-thermal,56.906
1780559978.488366,,,gpu-thermal,57.531
1780559978.488366,,,soc0-thermal,55.531
1780559978.488366,,,soc1-thermal,54.812
1780559978.488366,,,soc2-thermal,55.218
1780559978.488366,,,tj-thermal,57.531
1780559978.5946655,VDD_IN,6110.72,,
1780559978.5946655,VDD_CPU_GPU_CV,1731.84,,
1780559978.5946655,VDD_SOC,1616.384,,
1780559978.5946655,,,cpu-thermal,57.062
1780559978.5946655,,,gpu-thermal,57.343
1780559978.5946655,,,soc0-thermal,55.437
1780559978.5946655,,,soc1-thermal,54.937
1780559978.5946655,,,soc2-thermal,55.281
1780559978.5946655,,,tj-thermal,57.343
1780559978.700682,VDD_IN,6120.64,,
1780559978.700682,VDD_CPU_GPU_CV,1731.84,,
1780559978.700682,VDD_SOC,1616.384,,
1780559978.700682,,,cpu-thermal,57.25
1780559978.700682,,,gpu-thermal,57.187
1780559978.700682,,,soc0-thermal,55.468
1780559978.700682,,,soc1-thermal,54.937
1780559978.700682,,,soc2-thermal,55.343
1780559978.700682,,,tj-thermal,57.25
1780559978.807051,VDD_IN,6081.152,,
1780559978.807051,VDD_CPU_GPU_CV,1695.232,,
1780559978.807051,VDD_SOC,1616.384,,
1780559978.807051,,,cpu-thermal,57.343
1780559978.807051,,,gpu-thermal,57.187
1780559978.807051,,,soc0-thermal,55.531
1780559978.807051,,,soc1-thermal,54.812
1780559978.807051,,,soc2-thermal,55.281
1780559978.807051,,,tj-thermal,57.187
1780559978.9130943,VDD_IN,6041.664,,
1780559978.9130943,VDD_CPU_GPU_CV,1695.232,,
1780559978.9130943,VDD_SOC,1619.008,,
1780559978.9130943,,,cpu-thermal,57.031
1780559978.9130943,,,gpu-thermal,57.062
1780559978.9130943,,,soc0-thermal,55.375
1780559978.9130943,,,soc1-thermal,54.875
1780559978.9130943,,,soc2-thermal,55.218
1780559978.9130943,,,tj-thermal,57.062
1780559979.0190687,VDD_IN,6041.664,,
1780559979.0190687,VDD_CPU_GPU_CV,1695.232,,
1780559979.0190687,VDD_SOC,1619.008,,
1780559979.0190687,,,cpu-thermal,57.031
1780559979.0190687,,,gpu-thermal,57.156
1780559979.0190687,,,soc0-thermal,55.5
1780559979.0190687,,,soc1-thermal,54.937
1780559979.0190687,,,soc2-thermal,55.281
1780559979.0190687,,,tj-thermal,57.156
1780559979.1256742,VDD_IN,6041.664,,
1780559979.1256742,VDD_CPU_GPU_CV,1695.232,,
1780559979.1256742,VDD_SOC,1619.008,,
1780559979.1256742,,,cpu-thermal,57.0
1780559979.1256742,,,gpu-thermal,57.468
1780559979.1256742,,,soc0-thermal,55.5
1780559979.1256742,,,soc1-thermal,54.812
1780559979.1256742,,,soc2-thermal,55.25
1780559979.1256742,,,tj-thermal,57.468
1780559979.2318869,VDD_IN,6041.664,,
1780559979.2318869,VDD_CPU_GPU_CV,1695.232,,
1780559979.2318869,VDD_SOC,1619.008,,
1780559979.2318869,,,cpu-thermal,57.031
1780559979.2318869,,,gpu-thermal,57.281
1780559979.2318869,,,soc0-thermal,55.375
1780559979.2318869,,,soc1-thermal,54.843
1780559979.2318869,,,soc2-thermal,55.25
1780559979.2318869,,,tj-thermal,57.281
1780559979.33799,VDD_IN,6081.152,,
1780559979.33799,VDD_CPU_GPU_CV,1695.232,,
1780559979.33799,VDD_SOC,1616.384,,
1780559979.33799,,,cpu-thermal,56.968
1780559979.33799,,,gpu-thermal,57.187
1780559979.33799,,,soc0-thermal,55.437
1780559979.33799,,,soc1-thermal,55.031
1780559979.33799,,,soc2-thermal,55.25
1780559979.33799,,,tj-thermal,57.375
1780559979.4439096,VDD_IN,6110.72,,
1780559979.4439096,VDD_CPU_GPU_CV,1731.84,,
1780559979.4439096,VDD_SOC,1616.384,,
1780559979.4439096,,,cpu-thermal,57.0
1780559979.4439096,,,gpu-thermal,57.406
1780559979.4439096,,,soc0-thermal,55.593
1780559979.4439096,,,soc1-thermal,54.968
1780559979.4439096,,,soc2-thermal,55.218
1780559979.4439096,,,tj-thermal,57.187
1780559979.5498285,VDD_IN,6110.72,,
1780559979.5498285,VDD_CPU_GPU_CV,1731.84,,
1780559979.5498285,VDD_SOC,1616.384,,
1780559979.5498285,,,cpu-thermal,57.0
1780559979.5498285,,,gpu-thermal,57.25
1780559979.5498285,,,soc0-thermal,55.437
1780559979.5498285,,,soc1-thermal,54.875
1780559979.5498285,,,soc2-thermal,55.218
1780559979.5498285,,,tj-thermal,57.187
1780559979.6561875,VDD_IN,6110.72,,
1780559979.6561875,VDD_CPU_GPU_CV,1731.84,,
1780559979.6561875,VDD_SOC,1616.384,,
1780559979.6561875,,,cpu-thermal,57.218
1780559979.6561875,,,gpu-thermal,57.218
1780559979.6561875,,,soc0-thermal,55.437
1780559979.6561875,,,soc1-thermal,54.875
1780559979.6561875,,,soc2-thermal,55.343
1780559979.6561875,,,tj-thermal,57.5
1780559979.762624,VDD_IN,6110.72,,
1780559979.762624,VDD_CPU_GPU_CV,1731.84,,
1780559979.762624,VDD_SOC,1616.384,,
1780559979.762624,,,cpu-thermal,57.312
1780559979.762624,,,gpu-thermal,57.187
1780559979.762624,,,soc0-thermal,55.531
1780559979.762624,,,soc1-thermal,55.0
1780559979.762624,,,soc2-thermal,55.343
1780559979.762624,,,tj-thermal,57.343
1780559979.8688216,VDD_IN,6081.152,,
1780559979.8688216,VDD_CPU_GPU_CV,1731.84,,
1780559979.8688216,VDD_SOC,1616.384,,
1780559979.8688216,,,cpu-thermal,56.937
1780559979.8688216,,,gpu-thermal,57.093
1780559979.8688216,,,soc0-thermal,55.562
1780559979.8688216,,,soc1-thermal,54.875
1780559979.8688216,,,soc2-thermal,55.375
1780559979.8688216,,,tj-thermal,57.218
1780559979.9750345,VDD_IN,6081.152,,
1780559979.9750345,VDD_CPU_GPU_CV,1734.656,,
1780559979.9750345,VDD_SOC,1616.384,,
1780559979.9750345,,,cpu-thermal,57.25
1780559979.9750345,,,gpu-thermal,57.531
1780559979.9750345,,,soc0-thermal,55.5
1780559979.9750345,,,soc1-thermal,54.937
1780559979.9750345,,,soc2-thermal,55.375
1780559979.9750345,,,tj-thermal,57.25
1780559980.0814176,VDD_IN,6041.664,,
1780559980.0814176,VDD_CPU_GPU_CV,1695.232,,
1780559980.0814176,VDD_SOC,1616.384,,
1780559980.0814176,,,cpu-thermal,57.218
1780559980.0814176,,,gpu-thermal,57.375
1780559980.0814176,,,soc0-thermal,55.593
1780559980.0814176,,,soc1-thermal,54.968
1780559980.0814176,,,soc2-thermal,55.25
1780559980.0814176,,,tj-thermal,57.375
1780559980.187644,VDD_IN,6041.664,,
1780559980.187644,VDD_CPU_GPU_CV,1734.656,,
1780559980.187644,VDD_SOC,1616.384,,
1780559980.187644,,,cpu-thermal,57.031
1780559980.187644,,,gpu-thermal,57.281
1780559980.187644,,,soc0-thermal,55.562
1780559980.187644,,,soc1-thermal,55.093
1780559980.187644,,,soc2-thermal,55.25
1780559980.187644,,,tj-thermal,57.281
1780559980.29362,VDD_IN,6071.296,,
1780559980.29362,VDD_CPU_GPU_CV,1734.656,,
1780559980.29362,VDD_SOC,1616.384,,
1780559980.29362,,,cpu-thermal,57.062
1780559980.29362,,,gpu-thermal,57.156
1780559980.29362,,,soc0-thermal,55.468
1780559980.29362,,,soc1-thermal,55.0
1780559980.29362,,,soc2-thermal,55.281
1780559980.29362,,,tj-thermal,57.156
1780559980.3996937,VDD_IN,6110.72,,
1780559980.3996937,VDD_CPU_GPU_CV,1731.84,,
1780559980.3996937,VDD_SOC,1616.384,,
1780559980.3996937,,,cpu-thermal,57.062
1780559980.3996937,,,gpu-thermal,57.187
1780559980.3996937,,,soc0-thermal,55.531
1780559980.3996937,,,soc1-thermal,55.0
1780559980.3996937,,,soc2-thermal,55.406
1780559980.3996937,,,tj-thermal,57.187
1780559980.5057378,VDD_IN,6150.144,,
1780559980.5057378,VDD_CPU_GPU_CV,1731.84,,
1780559980.5057378,VDD_SOC,1616.384,,
1780559980.5057378,,,cpu-thermal,57.0
1780559980.5057378,,,gpu-thermal,57.625
1780559980.5057378,,,soc0-thermal,55.531
1780559980.5057378,,,soc1-thermal,55.218
1780559980.5057378,,,soc2-thermal,55.375
1780559980.5057378,,,tj-thermal,57.625
1780559980.6119459,VDD_IN,6110.72,,
1780559980.6119459,VDD_CPU_GPU_CV,1731.84,,
1780559980.6119459,VDD_SOC,1616.384,,
1780559980.6119459,,,cpu-thermal,56.968
1780559980.6119459,,,gpu-thermal,57.437
1780559980.6119459,,,soc0-thermal,55.531
1780559980.6119459,,,soc1-thermal,55.0
1780559980.6119459,,,soc2-thermal,55.312
1780559980.6119459,,,tj-thermal,57.437
1780559980.7179215,VDD_IN,6110.72,,
1780559980.7179215,VDD_CPU_GPU_CV,1731.84,,
1780559980.7179215,VDD_SOC,1616.384,,
1780559980.7179215,,,cpu-thermal,57.312
1780559980.7179215,,,gpu-thermal,57.281
1780559980.7179215,,,soc0-thermal,55.531
1780559980.7179215,,,soc1-thermal,54.968
1780559980.7179215,,,soc2-thermal,55.375
1780559980.7179215,,,tj-thermal,57.312
1780559980.8244734,VDD_IN,6071.296,,
1780559980.8244734,VDD_CPU_GPU_CV,1731.84,,
1780559980.8244734,VDD_SOC,1616.384,,
1780559980.8244734,,,cpu-thermal,57.0
1780559980.8244734,,,gpu-thermal,57.187
1780559980.8244734,,,soc0-thermal,55.593
1780559980.8244734,,,soc1-thermal,55.031
1780559980.8244734,,,soc2-thermal,55.281
1780559980.8244734,,,tj-thermal,57.187
1780559980.930484,VDD_IN,6081.152,,
1780559980.930484,VDD_CPU_GPU_CV,1695.232,,
1780559980.930484,VDD_SOC,1616.384,,
1780559980.930484,,,cpu-thermal,56.906
1780559980.930484,,,gpu-thermal,57.25
1780559980.930484,,,soc0-thermal,55.656
1780559980.930484,,,soc1-thermal,54.937
1780559980.930484,,,soc2-thermal,55.343
1780559980.930484,,,tj-thermal,57.25
1780559981.0373127,VDD_IN,6041.664,,
1780559981.0373127,VDD_CPU_GPU_CV,1695.232,,
1780559981.0373127,VDD_SOC,1619.008,,
1780559981.0373127,,,cpu-thermal,57.25
1780559981.0373127,,,gpu-thermal,57.187
1780559981.0373127,,,soc0-thermal,55.562
1780559981.0373127,,,soc1-thermal,55.0
1780559981.0373127,,,soc2-thermal,55.437
1780559981.0373127,,,tj-thermal,57.25
1780559981.1440048,VDD_IN,6041.664,,
1780559981.1440048,VDD_CPU_GPU_CV,1695.232,,
1780559981.1440048,VDD_SOC,1619.008,,
1780559981.1440048,,,cpu-thermal,57.281
1780559981.1440048,,,gpu-thermal,57.5
1780559981.1440048,,,soc0-thermal,55.531
1780559981.1440048,,,soc1-thermal,55.062
1780559981.1440048,,,soc2-thermal,55.312
1780559981.1440048,,,tj-thermal,57.5
1780559981.2505474,VDD_IN,6041.664,,
1780559981.2505474,VDD_CPU_GPU_CV,1695.232,,
1780559981.2505474,VDD_SOC,1619.008,,
1780559981.2505474,,,cpu-thermal,57.125
1780559981.2505474,,,gpu-thermal,57.406
1780559981.2505474,,,soc0-thermal,55.718
1780559981.2505474,,,soc1-thermal,55.031
1780559981.2505474,,,soc2-thermal,55.406
1780559981.2505474,,,tj-thermal,57.406
1780559981.3567383,VDD_IN,6081.152,,
1780559981.3567383,VDD_CPU_GPU_CV,1734.656,,
1780559981.3567383,VDD_SOC,1616.384,,
1780559981.3567383,,,cpu-thermal,57.156
1780559981.3567383,,,gpu-thermal,57.25
1780559981.3567383,,,soc0-thermal,55.562
1780559981.3567383,,,soc1-thermal,55.0
1780559981.3567383,,,soc2-thermal,55.437
1780559981.3567383,,,tj-thermal,57.25
1780559981.4627602,VDD_IN,6110.72,,
1780559981.4627602,VDD_CPU_GPU_CV,1731.84,,
1780559981.4627602,VDD_SOC,1616.384,,
1780559981.4627602,,,cpu-thermal,57.093
1780559981.4627602,,,gpu-thermal,57.281
1780559981.4627602,,,soc0-thermal,55.531
1780559981.4627602,,,soc1-thermal,55.093
1780559981.4627602,,,soc2-thermal,55.375
1780559981.4627602,,,tj-thermal,57.281
1780559981.5688245,VDD_IN,6120.64,,
1780559981.5688245,VDD_CPU_GPU_CV,1731.84,,
1780559981.5688245,VDD_SOC,1616.384,,
1780559981.5688245,,,cpu-thermal,57.062
1780559981.5688245,,,gpu-thermal,57.187
1780559981.5688245,,,soc0-thermal,55.687
1780559981.5688245,,,soc1-thermal,55.0
1780559981.5688245,,,soc2-thermal,55.375
1780559981.5688245,,,tj-thermal,57.187
1780559981.675594,VDD_IN,6081.152,,
1780559981.675594,VDD_CPU_GPU_CV,1734.656,,
1780559981.675594,VDD_SOC,1616.384,,
1780559981.675594,,,cpu-thermal,57.125
1780559981.675594,,,gpu-thermal,57.593
1780559981.675594,,,soc0-thermal,55.531
1780559981.675594,,,soc1-thermal,55.0
1780559981.675594,,,soc2-thermal,55.437
1780559981.675594,,,tj-thermal,57.593
1780559981.781739,VDD_IN,6081.152,,
1780559981.781739,VDD_CPU_GPU_CV,1734.656,,
1780559981.781739,VDD_SOC,1616.384,,
1780559981.781739,,,cpu-thermal,56.968
1780559981.781739,,,gpu-thermal,57.531
1780559981.781739,,,soc0-thermal,55.593
1780559981.781739,,,soc1-thermal,55.093
1780559981.781739,,,soc2-thermal,55.437
1780559981.781739,,,tj-thermal,57.531
1780559981.8884678,VDD_IN,6081.152,,
1780559981.8884678,VDD_CPU_GPU_CV,1734.656,,
1780559981.8884678,VDD_SOC,1616.384,,
1780559981.8884678,,,cpu-thermal,56.968
1780559981.8884678,,,gpu-thermal,57.468
1780559981.8884678,,,soc0-thermal,55.718
1780559981.8884678,,,soc1-thermal,55.0
1780559981.8884678,,,soc2-thermal,55.375
1780559981.8884678,,,tj-thermal,57.468
1780559981.9949288,VDD_IN,6081.152,,
1780559981.9949288,VDD_CPU_GPU_CV,1695.232,,
1780559981.9949288,VDD_SOC,1616.384,,
1780559981.9949288,,,cpu-thermal,57.312
1780559981.9949288,,,gpu-thermal,57.312
1780559981.9949288,,,soc0-thermal,55.531
1780559981.9949288,,,soc1-thermal,55.031
1780559981.9949288,,,soc2-thermal,55.468
1780559981.9949288,,,tj-thermal,57.312
1780559982.101358,VDD_IN,6041.664,,
1780559982.101358,VDD_CPU_GPU_CV,1695.232,,
1780559982.101358,VDD_SOC,1616.384,,
1780559982.101358,,,cpu-thermal,57.406
1780559982.101358,,,gpu-thermal,57.218
1780559982.101358,,,soc0-thermal,55.625
1780559982.101358,,,soc1-thermal,55.093
1780559982.101358,,,soc2-thermal,55.343
1780559982.101358,,,tj-thermal,57.406
1780559982.2083466,VDD_IN,6041.664,,
1780559982.2083466,VDD_CPU_GPU_CV,1695.232,,
1780559982.2083466,VDD_SOC,1616.384,,
1780559982.2083466,,,cpu-thermal,57.093
1780559982.2083466,,,gpu-thermal,57.812
1780559982.2083466,,,soc0-thermal,55.718
1780559982.2083466,,,soc1-thermal,55.0
1780559982.2083466,,,soc2-thermal,55.468
1780559982.2083466,,,tj-thermal,57.812
1780559982.3143926,VDD_IN,6071.296,,
1780559982.3143926,VDD_CPU_GPU_CV,1734.656,,
1780559982.3143926,VDD_SOC,1616.384,,
1780559982.3143926,,,cpu-thermal,57.187
1780559982.3143926,,,gpu-thermal,57.5
1780559982.3143926,,,soc0-thermal,55.562
1780559982.3143926,,,soc1-thermal,55.093
1780559982.3143926,,,soc2-thermal,55.5
1780559982.3143926,,,tj-thermal,57.5
1780559982.4206443,VDD_IN,6110.72,,
1780559982.4206443,VDD_CPU_GPU_CV,1731.84,,
1780559982.4206443,VDD_SOC,1616.384,,
1780559982.4206443,,,cpu-thermal,57.218
1780559982.4206443,,,gpu-thermal,57.468
1780559982.4206443,,,soc0-thermal,55.625
1780559982.4206443,,,soc1-thermal,55.156
1780559982.4206443,,,soc2-thermal,55.531
1780559982.4206443,,,tj-thermal,57.468
1780559982.5264785,VDD_IN,6110.72,,
1780559982.5264785,VDD_CPU_GPU_CV,1731.84,,
1780559982.5264785,VDD_SOC,1616.384,,
1780559982.5264785,,,cpu-thermal,57.093
1780559982.5264785,,,gpu-thermal,57.343
1780559982.5264785,,,soc0-thermal,55.687
1780559982.5264785,,,soc1-thermal,55.0
1780559982.5264785,,,soc2-thermal,55.343
1780559982.5264785,,,tj-thermal,57.343
1780559982.632696,VDD_IN,6110.72,,
1780559982.632696,VDD_CPU_GPU_CV,1731.84,,
1780559982.632696,VDD_SOC,1616.384,,
1780559982.632696,,,cpu-thermal,57.125
1780559982.632696,,,gpu-thermal,57.343
1780559982.632696,,,soc0-thermal,55.531
1780559982.632696,,,soc1-thermal,55.031
1780559982.632696,,,soc2-thermal,55.375
1780559982.632696,,,tj-thermal,57.343
1780559982.7391267,VDD_IN,6110.72,,
1780559982.7391267,VDD_CPU_GPU_CV,1731.84,,
1780559982.7391267,VDD_SOC,1616.384,,
1780559982.7391267,,,cpu-thermal,57.468
1780559982.7391267,,,gpu-thermal,57.312
1780559982.7391267,,,soc0-thermal,55.656
1780559982.7391267,,,soc1-thermal,55.062
1780559982.7391267,,,soc2-thermal,55.5
1780559982.7391267,,,tj-thermal,57.468
1780559982.8453588,VDD_IN,6071.296,,
1780559982.8453588,VDD_CPU_GPU_CV,1731.84,,
1780559982.8453588,VDD_SOC,1616.384,,
1780559982.8453588,,,cpu-thermal,57.125
1780559982.8453588,,,gpu-thermal,57.343
1780559982.8453588,,,soc0-thermal,55.687
1780559982.8453588,,,soc1-thermal,55.218
1780559982.8453588,,,soc2-thermal,55.437
1780559982.8453588,,,tj-thermal,57.656
1780559982.951408,VDD_IN,6071.296,,
1780559982.951408,VDD_CPU_GPU_CV,1734.656,,
1780559982.951408,VDD_SOC,1616.384,,
1780559982.951408,,,cpu-thermal,57.187
1780559982.951408,,,gpu-thermal,57.218
1780559982.951408,,,soc0-thermal,55.718
1780559982.951408,,,soc1-thermal,55.062
1780559982.951408,,,soc2-thermal,55.468
1780559982.951408,,,tj-thermal,57.531
1780559983.0582917,VDD_IN,6071.296,,
1780559983.0582917,VDD_CPU_GPU_CV,1734.656,,
1780559983.0582917,VDD_SOC,1616.384,,
1780559983.0582917,,,cpu-thermal,57.375
1780559983.0582917,,,gpu-thermal,57.406
1780559983.0582917,,,soc0-thermal,55.562
1780559983.0582917,,,soc1-thermal,55.093
1780559983.0582917,,,soc2-thermal,55.437
1780559983.0582917,,,tj-thermal,57.406
1780559983.1645691,VDD_IN,6041.664,,
1780559983.1645691,VDD_CPU_GPU_CV,1734.656,,
1780559983.1645691,VDD_SOC,1616.384,,
1780559983.1645691,,,cpu-thermal,57.437
1780559983.1645691,,,gpu-thermal,57.625
1780559983.1645691,,,soc0-thermal,55.718
1780559983.1645691,,,soc1-thermal,55.0
1780559983.1645691,,,soc2-thermal,55.5
1780559983.1645691,,,tj-thermal,57.281
1780559983.2712932,VDD_IN,6081.152,,
1780559983.2712932,VDD_CPU_GPU_CV,1734.656,,
1780559983.2712932,VDD_SOC,1616.384,,
1780559983.2712932,,,cpu-thermal,57.187
1780559983.2712932,,,gpu-thermal,57.312
1780559983.2712932,,,soc0-thermal,55.812
1780559983.2712932,,,soc1-thermal,55.062
1780559983.2712932,,,soc2-thermal,55.468
1780559983.2712932,,,tj-thermal,57.312
1780559983.377545,VDD_IN,6110.72,,
1780559983.377545,VDD_CPU_GPU_CV,1731.84,,
1780559983.377545,VDD_SOC,1616.384,,
1780559983.377545,,,cpu-thermal,57.25
1780559983.377545,,,gpu-thermal,57.437
1780559983.377545,,,soc0-thermal,55.593
1780559983.377545,,,soc1-thermal,55.062
1780559983.377545,,,soc2-thermal,55.562
1780559983.377545,,,tj-thermal,57.718
1780559983.483519,VDD_IN,6110.72,,
1780559983.483519,VDD_CPU_GPU_CV,1731.84,,
1780559983.483519,VDD_SOC,1616.384,,
1780559983.483519,,,cpu-thermal,57.281
1780559983.483519,,,gpu-thermal,57.375
1780559983.483519,,,soc0-thermal,55.718
1780559983.483519,,,soc1-thermal,55.25
1780559983.483519,,,soc2-thermal,55.5
1780559983.483519,,,tj-thermal,57.562
1780559983.5895596,VDD_IN,6071.296,,
1780559983.5895596,VDD_CPU_GPU_CV,1731.84,,
1780559983.5895596,VDD_SOC,1616.384,,
1780559983.5895596,,,cpu-thermal,57.156
1780559983.5895596,,,gpu-thermal,57.281
1780559983.5895596,,,soc0-thermal,55.812
1780559983.5895596,,,soc1-thermal,55.031
1780559983.5895596,,,soc2-thermal,55.5
1780559983.5895596,,,tj-thermal,57.5
1780559983.6960018,VDD_IN,6071.296,,
1780559983.6960018,VDD_CPU_GPU_CV,1731.84,,
1780559983.6960018,VDD_SOC,1616.384,,
1780559983.6960018,,,cpu-thermal,57.218
1780559983.6960018,,,gpu-thermal,57.625
1780559983.6960018,,,soc0-thermal,55.656
1780559983.6960018,,,soc1-thermal,55.125
1780559983.6960018,,,soc2-thermal,55.531
1780559983.6960018,,,tj-thermal,57.593
1780559983.8026803,VDD_IN,6081.152,,
1780559983.8026803,VDD_CPU_GPU_CV,1734.656,,
1780559983.8026803,VDD_SOC,1616.384,,
1780559983.8026803,,,cpu-thermal,57.218
1780559983.8026803,,,gpu-thermal,57.531
1780559983.8026803,,,soc0-thermal,55.625
1780559983.8026803,,,soc1-thermal,55.281
1780559983.8026803,,,soc2-thermal,55.437
1780559983.8026803,,,tj-thermal,57.343
1780559983.9088745,VDD_IN,6041.664,,
1780559983.9088745,VDD_CPU_GPU_CV,1695.232,,
1780559983.9088745,VDD_SOC,1616.384,,
1780559983.9088745,,,cpu-thermal,57.218
1780559983.9088745,,,gpu-thermal,57.406
1780559983.9088745,,,soc0-thermal,55.875
1780559983.9088745,,,soc1-thermal,55.031
1780559983.9088745,,,soc2-thermal,55.531
1780559983.9088745,,,tj-thermal,57.281
1780559984.0155435,VDD_IN,6041.664,,
1780559984.0155435,VDD_CPU_GPU_CV,1734.656,,
1780559984.0155435,VDD_SOC,1616.384,,
1780559984.0155435,,,cpu-thermal,57.343
1780559984.0155435,,,gpu-thermal,57.437
1780559984.0155435,,,soc0-thermal,55.656
1780559984.0155435,,,soc1-thermal,55.093
1780559984.0155435,,,soc2-thermal,55.5
1780559984.0155435,,,tj-thermal,57.562
1780559984.1217902,VDD_IN,6041.664,,
1780559984.1217902,VDD_CPU_GPU_CV,1734.656,,
1780559984.1217902,VDD_SOC,1616.384,,
1780559984.1217902,,,cpu-thermal,57.5
1780559984.1217902,,,gpu-thermal,57.312
1780559984.1217902,,,soc0-thermal,55.718
1780559984.1217902,,,soc1-thermal,55.218
1780559984.1217902,,,soc2-thermal,55.531
1780559984.1217902,,,tj-thermal,57.593
1780559984.2281902,VDD_IN,6041.664,,
1780559984.2281902,VDD_CPU_GPU_CV,1695.232,,
1780559984.2281902,VDD_SOC,1616.384,,
1780559984.2281902,,,cpu-thermal,57.187
1780559984.2281902,,,gpu-thermal,57.843
1780559984.2281902,,,soc0-thermal,55.875
1780559984.2281902,,,soc1-thermal,55.093
1780559984.2281902,,,soc2-thermal,55.562
1780559984.2281902,,,tj-thermal,57.437
1780559984.334331,VDD_IN,6081.152,,
1780559984.334331,VDD_CPU_GPU_CV,1731.84,,
1780559984.334331,VDD_SOC,1616.384,,
1780559984.334331,,,cpu-thermal,57.25
1780559984.334331,,,gpu-thermal,57.656
1780559984.334331,,,soc0-thermal,55.687
1780559984.334331,,,soc1-thermal,55.125
1780559984.334331,,,soc2-thermal,55.5
1780559984.334331,,,tj-thermal,57.468
1780559984.4409425,VDD_IN,6110.72,,
1780559984.4409425,VDD_CPU_GPU_CV,1731.84,,
1780559984.4409425,VDD_SOC,1616.384,,
1780559984.4409425,,,cpu-thermal,57.281
1780559984.4409425,,,gpu-thermal,57.5
1780559984.4409425,,,soc0-thermal,55.718
1780559984.4409425,,,soc1-thermal,55.218
1780559984.4409425,,,soc2-thermal,55.593
1780559984.4409425,,,tj-thermal,57.437
1780559984.5468497,VDD_IN,6110.72,,
1780559984.5468497,VDD_CPU_GPU_CV,1731.84,,
1780559984.5468497,VDD_SOC,1616.384,,
1780559984.5468497,,,cpu-thermal,57.281
1780559984.5468497,,,gpu-thermal,57.406
1780559984.5468497,,,soc0-thermal,55.843
1780559984.5468497,,,soc1-thermal,55.093
1780559984.5468497,,,soc2-thermal,55.531
1780559984.5468497,,,tj-thermal,57.718
1780559984.6532888,VDD_IN,6110.72,,
1780559984.6532888,VDD_CPU_GPU_CV,1731.84,,
1780559984.6532888,VDD_SOC,1616.384,,
1780559984.6532888,,,cpu-thermal,57.218
1780559984.6532888,,,gpu-thermal,57.468
1780559984.6532888,,,soc0-thermal,55.718
1780559984.6532888,,,soc1-thermal,55.125
1780559984.6532888,,,soc2-thermal,55.593
1780559984.6532888,,,tj-thermal,57.625
1780559984.760174,VDD_IN,6120.64,,
1780559984.760174,VDD_CPU_GPU_CV,1734.656,,
1780559984.760174,VDD_SOC,1616.384,,
1780559984.760174,,,cpu-thermal,57.125
1780559984.760174,,,gpu-thermal,57.375
1780559984.760174,,,soc0-thermal,55.625
1780559984.760174,,,soc1-thermal,55.156
1780559984.760174,,,soc2-thermal,55.468
1780559984.760174,,,tj-thermal,57.468
1780559984.8661306,VDD_IN,6120.64,,
1780559984.8661306,VDD_CPU_GPU_CV,1734.656,,
1780559984.8661306,VDD_SOC,1616.384,,
1780559984.8661306,,,cpu-thermal,57.25
1780559984.8661306,,,gpu-thermal,57.75
1780559984.8661306,,,soc0-thermal,55.812
1780559984.8661306,,,soc1-thermal,55.093
1780559984.8661306,,,soc2-thermal,55.468
1780559984.8661306,,,tj-thermal,57.5
1780559984.9728425,VDD_IN,6081.152,,
1780559984.9728425,VDD_CPU_GPU_CV,1734.656,,
1780559984.9728425,VDD_SOC,1616.384,,
1780559984.9728425,,,cpu-thermal,57.218
1780559984.9728425,,,gpu-thermal,57.531
1780559984.9728425,,,soc0-thermal,55.718
1780559984.9728425,,,soc1-thermal,55.062
1780559984.9728425,,,soc2-thermal,55.562
1780559984.9728425,,,tj-thermal,57.468
1780559985.0792904,VDD_IN,6081.152,,
1780559985.0792904,VDD_CPU_GPU_CV,1734.656,,
1780559985.0792904,VDD_SOC,1616.384,,
1780559985.0792904,,,cpu-thermal,57.562
1780559985.0792904,,,gpu-thermal,57.531
1780559985.0792904,,,soc0-thermal,55.718
1780559985.0792904,,,soc1-thermal,55.187
1780559985.0792904,,,soc2-thermal,55.625
1780559985.0792904,,,tj-thermal,57.781
1780559985.1858237,VDD_IN,6081.152,,
1780559985.1858237,VDD_CPU_GPU_CV,1695.232,,
1780559985.1858237,VDD_SOC,1616.384,,
1780559985.1858237,,,cpu-thermal,57.75
1780559985.1858237,,,gpu-thermal,57.406
1780559985.1858237,,,soc0-thermal,55.937
1780559985.1858237,,,soc1-thermal,55.093
1780559985.1858237,,,soc2-thermal,55.593
1780559985.1858237,,,tj-thermal,57.687
1780559985.2921982,VDD_IN,6081.152,,
1780559985.2921982,VDD_CPU_GPU_CV,1734.656,,
1780559985.2921982,VDD_SOC,1616.384,,
1780559985.2921982,,,cpu-thermal,57.343
1780559985.2921982,,,gpu-thermal,57.406
1780559985.2921982,,,soc0-thermal,55.718
1780559985.2921982,,,soc1-thermal,55.156
1780559985.2921982,,,soc2-thermal,55.593
1780559985.2921982,,,tj-thermal,57.468
1780559985.3981848,VDD_IN,6110.72,,
1780559985.3981848,VDD_CPU_GPU_CV,1731.84,,
1780559985.3981848,VDD_SOC,1616.384,,
1780559985.3981848,,,cpu-thermal,57.406
1780559985.3981848,,,gpu-thermal,57.843
1780559985.3981848,,,soc0-thermal,55.75
1780559985.3981848,,,soc1-thermal,55.187
1780559985.3981848,,,soc2-thermal,55.562
1780559985.3981848,,,tj-thermal,57.843
1780559985.5039744,VDD_IN,6150.144,,
1780559985.5039744,VDD_CPU_GPU_CV,1731.84,,
1780559985.5039744,VDD_SOC,1616.384,,
1780559985.5039744,,,cpu-thermal,57.5
1780559985.5039744,,,gpu-thermal,57.687
1780559985.5039744,,,soc0-thermal,55.812
1780559985.5039744,,,soc1-thermal,55.343
1780559985.5039744,,,soc2-thermal,55.593
1780559985.5039744,,,tj-thermal,57.687
1780559985.6103127,VDD_IN,6110.72,,
1780559985.6103127,VDD_CPU_GPU_CV,1731.84,,
1780559985.6103127,VDD_SOC,1616.384,,
1780559985.6103127,,,cpu-thermal,57.281
1780559985.6103127,,,gpu-thermal,57.593
1780559985.6103127,,,soc0-thermal,55.718
1780559985.6103127,,,soc1-thermal,55.156
1780559985.6103127,,,soc2-thermal,55.531
1780559985.6103127,,,tj-thermal,57.593
1780559985.7165458,VDD_IN,6110.72,,
1780559985.7165458,VDD_CPU_GPU_CV,1731.84,,
1780559985.7165458,VDD_SOC,1616.384,,
1780559985.7165458,,,cpu-thermal,57.312
1780559985.7165458,,,gpu-thermal,57.5
1780559985.7165458,,,soc0-thermal,55.75
1780559985.7165458,,,soc1-thermal,55.25
1780559985.7165458,,,soc2-thermal,55.656
1780559985.7165458,,,tj-thermal,57.5
1780559985.822895,VDD_IN,6071.296,,
1780559985.822895,VDD_CPU_GPU_CV,1731.84,,
1780559985.822895,VDD_SOC,1616.384,,
1780559985.822895,,,cpu-thermal,57.25
1780559985.822895,,,gpu-thermal,57.468
1780559985.822895,,,soc0-thermal,55.875
1780559985.822895,,,soc1-thermal,55.312
1780559985.822895,,,soc2-thermal,55.593
1780559985.822895,,,tj-thermal,57.468
1780559985.9288669,VDD_IN,6081.152,,
1780559985.9288669,VDD_CPU_GPU_CV,1734.656,,
1780559985.9288669,VDD_SOC,1616.384,,
1780559985.9288669,,,cpu-thermal,57.25
1780559985.9288669,,,gpu-thermal,57.375
1780559985.9288669,,,soc0-thermal,55.906
1780559985.9288669,,,soc1-thermal,55.156
1780559985.9288669,,,soc2-thermal,55.593
1780559985.9288669,,,tj-thermal,57.375
1780559986.0347822,VDD_IN,6081.152,,
1780559986.0347822,VDD_CPU_GPU_CV,1734.656,,
1780559986.0347822,VDD_SOC,1616.384,,
1780559986.0347822,,,cpu-thermal,57.375
1780559986.0347822,,,gpu-thermal,57.781
1780559986.0347822,,,soc0-thermal,55.812
1780559986.0347822,,,soc1-thermal,55.25
1780559986.0347822,,,soc2-thermal,55.656
1780559986.0347822,,,tj-thermal,57.781
1780559986.1408684,VDD_IN,6081.152,,
1780559986.1408684,VDD_CPU_GPU_CV,1734.656,,
1780559986.1408684,VDD_SOC,1616.384,,
1780559986.1408684,,,cpu-thermal,57.625
1780559986.1408684,,,gpu-thermal,57.718
1780559986.1408684,,,soc0-thermal,55.812
1780559986.1408684,,,soc1-thermal,55.281
1780559986.1408684,,,soc2-thermal,55.687
1780559986.1408684,,,tj-thermal,57.718
1780559986.246787,VDD_IN,6041.664,,
1780559986.246787,VDD_CPU_GPU_CV,1695.232,,
1780559986.246787,VDD_SOC,1619.008,,
1780559986.246787,,,cpu-thermal,57.281
1780559986.246787,,,gpu-thermal,57.875
1780559986.246787,,,soc0-thermal,55.906
1780559986.246787,,,soc1-thermal,55.218
1780559986.246787,,,soc2-thermal,55.656
1780559986.246787,,,tj-thermal,57.531
1780559986.352878,VDD_IN,6110.72,,
1780559986.352878,VDD_CPU_GPU_CV,1734.656,,
1780559986.352878,VDD_SOC,1616.384,,
1780559986.352878,,,cpu-thermal,57.25
1780559986.352878,,,gpu-thermal,57.75
1780559986.352878,,,soc0-thermal,55.843
1780559986.352878,,,soc1-thermal,55.187
1780559986.352878,,,soc2-thermal,55.656
1780559986.352878,,,tj-thermal,57.562
1780559986.458836,VDD_IN,6110.72,,
1780559986.458836,VDD_CPU_GPU_CV,1731.84,,
1780559986.458836,VDD_SOC,1616.384,,
1780559986.458836,,,cpu-thermal,57.5
1780559986.458836,,,gpu-thermal,57.625
1780559986.458836,,,soc0-thermal,55.812
1780559986.458836,,,soc1-thermal,55.218
1780559986.458836,,,soc2-thermal,55.593
1780559986.458836,,,tj-thermal,57.625
1780559986.5646393,VDD_IN,6110.72,,
1780559986.5646393,VDD_CPU_GPU_CV,1731.84,,
1780559986.5646393,VDD_SOC,1616.384,,
1780559986.5646393,,,cpu-thermal,57.593
1780559986.5646393,,,gpu-thermal,57.531
1780559986.5646393,,,soc0-thermal,55.843
1780559986.5646393,,,soc1-thermal,55.375
1780559986.5646393,,,soc2-thermal,55.593
1780559986.5646393,,,tj-thermal,57.593
1780559986.6706095,VDD_IN,6110.72,,
1780559986.6706095,VDD_CPU_GPU_CV,1731.84,,
1780559986.6706095,VDD_SOC,1616.384,,
1780559986.6706095,,,cpu-thermal,57.437
1780559986.6706095,,,gpu-thermal,57.531
1780559986.6706095,,,soc0-thermal,56.0
1780559986.6706095,,,soc1-thermal,55.187
1780559986.6706095,,,soc2-thermal,55.593
1780559986.6706095,,,tj-thermal,57.531
1780559986.7770169,VDD_IN,6110.72,,
1780559986.7770169,VDD_CPU_GPU_CV,1731.84,,
1780559986.7770169,VDD_SOC,1616.384,,
1780559986.7770169,,,cpu-thermal,57.5
1780559986.7770169,,,gpu-thermal,57.437
1780559986.7770169,,,soc0-thermal,55.875
1780559986.7770169,,,soc1-thermal,55.25
1780559986.7770169,,,soc2-thermal,55.625
1780559986.7770169,,,tj-thermal,57.5
1780559986.883317,VDD_IN,6110.72,,
1780559986.883317,VDD_CPU_GPU_CV,1731.84,,
1780559986.883317,VDD_SOC,1616.384,,
1780559986.883317,,,cpu-thermal,57.562
1780559986.883317,,,gpu-thermal,57.812
1780559986.883317,,,soc0-thermal,55.875
1780559986.883317,,,soc1-thermal,55.312
1780559986.883317,,,soc2-thermal,55.656
1780559986.883317,,,tj-thermal,57.812
1780559986.9895883,VDD_IN,6071.296,,
1780559986.9895883,VDD_CPU_GPU_CV,1734.656,,
1780559986.9895883,VDD_SOC,1616.384,,
1780559986.9895883,,,cpu-thermal,57.375
1780559986.9895883,,,gpu-thermal,57.656
1780559986.9895883,,,soc0-thermal,56.031
1780559986.9895883,,,soc1-thermal,55.187
1780559986.9895883,,,soc2-thermal,55.687
1780559986.9895883,,,tj-thermal,57.656
1780559987.0956342,VDD_IN,6081.152,,
1780559987.0956342,VDD_CPU_GPU_CV,1734.656,,
1780559987.0956342,VDD_SOC,1616.384,,
1780559987.0956342,,,cpu-thermal,57.406
1780559987.0956342,,,gpu-thermal,57.593
1780559987.0956342,,,soc0-thermal,55.843
1780559987.0956342,,,soc1-thermal,55.218
1780559987.0956342,,,soc2-thermal,55.625
1780559987.0956342,,,tj-thermal,57.593
1780559987.2016068,VDD_IN,6081.152,,
1780559987.2016068,VDD_CPU_GPU_CV,1734.656,,
1780559987.2016068,VDD_SOC,1616.384,,
1780559987.2016068,,,cpu-thermal,57.343
1780559987.2016068,,,gpu-thermal,57.5
1780559987.2016068,,,soc0-thermal,55.812
1780559987.2016068,,,soc1-thermal,55.343
1780559987.2016068,,,soc2-thermal,55.625
1780559987.2016068,,,tj-thermal,57.5
1780559987.3079944,VDD_IN,6110.72,,
1780559987.3079944,VDD_CPU_GPU_CV,1734.656,,
1780559987.3079944,VDD_SOC,1616.384,,
1780559987.3079944,,,cpu-thermal,57.25
1780559987.3079944,,,gpu-thermal,57.531
1780559987.3079944,,,soc0-thermal,55.968
1780559987.3079944,,,soc1-thermal,55.437
1780559987.3079944,,,soc2-thermal,55.625
1780559987.3079944,,,tj-thermal,57.531
1780559987.413996,VDD_IN,6150.144,,
1780559987.413996,VDD_CPU_GPU_CV,1771.2,,
1780559987.413996,VDD_SOC,1616.384,,
1780559987.413996,,,cpu-thermal,57.343
1780559987.413996,,,gpu-thermal,57.937
1780559987.413996,,,soc0-thermal,55.843
1780559987.413996,,,soc1-thermal,55.25
1780559987.413996,,,soc2-thermal,55.593
1780559987.413996,,,tj-thermal,57.937
1780559987.5198727,VDD_IN,6150.144,,
1780559987.5198727,VDD_CPU_GPU_CV,1771.2,,
1780559987.5198727,VDD_SOC,1616.384,,
1780559987.5198727,,,cpu-thermal,57.687
1780559987.5198727,,,gpu-thermal,57.593
1780559987.5198727,,,soc0-thermal,55.875
1780559987.5198727,,,soc1-thermal,55.343
1780559987.5198727,,,soc2-thermal,55.718
1780559987.5198727,,,tj-thermal,57.75
1780559987.626638,VDD_IN,6150.144,,
1780559987.626638,VDD_CPU_GPU_CV,1731.84,,
1780559987.626638,VDD_SOC,1616.384,,
1780559987.626638,,,cpu-thermal,57.25
1780559987.626638,,,gpu-thermal,57.687
1780559987.626638,,,soc0-thermal,55.968
1780559987.626638,,,soc1-thermal,55.406
1780559987.626638,,,soc2-thermal,55.625
1780559987.626638,,,tj-thermal,57.687
1780559987.7331643,VDD_IN,6110.72,,
1780559987.7331643,VDD_CPU_GPU_CV,1731.84,,
1780559987.7331643,VDD_SOC,1616.384,,
1780559987.7331643,,,cpu-thermal,57.437
1780559987.7331643,,,gpu-thermal,57.562
1780559987.7331643,,,soc0-thermal,55.812
1780559987.7331643,,,soc1-thermal,55.312
1780559987.7331643,,,soc2-thermal,55.718
1780559987.7331643,,,tj-thermal,57.562
1780559987.8394055,VDD_IN,6120.64,,
1780559987.8394055,VDD_CPU_GPU_CV,1734.656,,
1780559987.8394055,VDD_SOC,1616.384,,
1780559987.8394055,,,cpu-thermal,57.562
1780559987.8394055,,,gpu-thermal,57.593
1780559987.8394055,,,soc0-thermal,55.875
1780559987.8394055,,,soc1-thermal,55.406
1780559987.8394055,,,soc2-thermal,55.687
1780559987.8394055,,,tj-thermal,57.593
1780559987.9455674,VDD_IN,6081.152,,
1780559987.9455674,VDD_CPU_GPU_CV,1734.656,,
1780559987.9455674,VDD_SOC,1616.384,,
1780559987.9455674,,,cpu-thermal,57.656
1780559987.9455674,,,gpu-thermal,57.656
1780559987.9455674,,,soc0-thermal,55.937
1780559987.9455674,,,soc1-thermal,55.468
1780559987.9455674,,,soc2-thermal,55.687
1780559987.9455674,,,tj-thermal,57.531
1780559988.0517366,VDD_IN,6081.152,,
1780559988.0517366,VDD_CPU_GPU_CV,1734.656,,
1780559988.0517366,VDD_SOC,1616.384,,
1780559988.0517366,,,cpu-thermal,57.5
1780559988.0517366,,,gpu-thermal,57.562
1780559988.0517366,,,soc0-thermal,55.906
1780559988.0517366,,,soc1-thermal,55.343
1780559988.0517366,,,soc2-thermal,55.75
1780559988.0517366,,,tj-thermal,57.812
1780559988.1579466,VDD_IN,6081.152,,
1780559988.1579466,VDD_CPU_GPU_CV,1734.656,,
1780559988.1579466,VDD_SOC,1616.384,,
1780559988.1579466,,,cpu-thermal,57.593
1780559988.1579466,,,gpu-thermal,57.531
1780559988.1579466,,,soc0-thermal,56.0
1780559988.1579466,,,soc1-thermal,55.343
1780559988.1579466,,,soc2-thermal,55.781
1780559988.1579466,,,tj-thermal,57.75
1780559988.2640789,VDD_IN,6081.152,,
1780559988.2640789,VDD_CPU_GPU_CV,1734.656,,
1780559988.2640789,VDD_SOC,1616.384,,
1780559988.2640789,,,cpu-thermal,57.468
1780559988.2640789,,,gpu-thermal,58.0
1780559988.2640789,,,soc0-thermal,55.937
1780559988.2640789,,,soc1-thermal,55.343
1780559988.2640789,,,soc2-thermal,55.687
1780559988.2640789,,,tj-thermal,57.687
1780559988.3705482,VDD_IN,6110.72,,
1780559988.3705482,VDD_CPU_GPU_CV,1734.656,,
1780559988.3705482,VDD_SOC,1616.384,,
1780559988.3705482,,,cpu-thermal,57.312
1780559988.3705482,,,gpu-thermal,57.75
1780559988.3705482,,,soc0-thermal,56.031
1780559988.3705482,,,soc1-thermal,55.281
1780559988.3705482,,,soc2-thermal,55.718
1780559988.3705482,,,tj-thermal,57.593
1780559988.4765568,VDD_IN,6150.144,,
1780559988.4765568,VDD_CPU_GPU_CV,1771.2,,
1780559988.4765568,VDD_SOC,1616.384,,
1780559988.4765568,,,cpu-thermal,57.468
1780559988.4765568,,,gpu-thermal,57.656
1780559988.4765568,,,soc0-thermal,55.906
1780559988.4765568,,,soc1-thermal,55.375
1780559988.4765568,,,soc2-thermal,55.687
1780559988.4765568,,,tj-thermal,57.656
1780559988.5827312,VDD_IN,6110.72,,
1780559988.5827312,VDD_CPU_GPU_CV,1731.84,,
1780559988.5827312,VDD_SOC,1616.384,,
1780559988.5827312,,,cpu-thermal,57.781
1780559988.5827312,,,gpu-thermal,57.625
1780559988.5827312,,,soc0-thermal,56.0
1780559988.5827312,,,soc1-thermal,55.531
1780559988.5827312,,,soc2-thermal,55.718
1780559988.5827312,,,tj-thermal,57.937
1780559988.6893423,VDD_IN,6120.64,,
1780559988.6893423,VDD_CPU_GPU_CV,1734.656,,
1780559988.6893423,VDD_SOC,1616.384,,
1780559988.6893423,,,cpu-thermal,57.406
1780559988.6893423,,,gpu-thermal,57.625
1780559988.6893423,,,soc0-thermal,56.031
1780559988.6893423,,,soc1-thermal,55.25
1780559988.6893423,,,soc2-thermal,55.687
1780559988.6893423,,,tj-thermal,57.625
1780559988.795561,VDD_IN,6120.64,,
1780559988.795561,VDD_CPU_GPU_CV,1734.656,,
1780559988.795561,VDD_SOC,1616.384,,
1780559988.795561,,,cpu-thermal,57.562
1780559988.795561,,,gpu-thermal,57.531
1780559988.795561,,,soc0-thermal,55.906
1780559988.795561,,,soc1-thermal,55.281
1780559988.795561,,,soc2-thermal,55.781
1780559988.795561,,,tj-thermal,57.687
1780559988.9024026,VDD_IN,6081.152,,
1780559988.9024026,VDD_CPU_GPU_CV,1734.656,,
1780559988.9024026,VDD_SOC,1616.384,,
1780559988.9024026,,,cpu-thermal,57.625
1780559988.9024026,,,gpu-thermal,57.875
1780559988.9024026,,,soc0-thermal,56.0
1780559988.9024026,,,soc1-thermal,55.312
1780559988.9024026,,,soc2-thermal,55.75
1780559988.9024026,,,tj-thermal,57.625
1780559989.0088522,VDD_IN,6081.152,,
1780559989.0088522,VDD_CPU_GPU_CV,1734.656,,
1780559989.0088522,VDD_SOC,1616.384,,
1780559989.0088522,,,cpu-thermal,57.5
1780559989.0088522,,,gpu-thermal,57.812
1780559989.0088522,,,soc0-thermal,56.031
1780559989.0088522,,,soc1-thermal,55.375
1780559989.0088522,,,soc2-thermal,55.656
1780559989.0088522,,,tj-thermal,57.562
1780559989.115214,VDD_IN,6041.664,,
1780559989.115214,VDD_CPU_GPU_CV,1734.656,,
1780559989.115214,VDD_SOC,1619.008,,
1780559989.115214,,,cpu-thermal,57.656
1780559989.115214,,,gpu-thermal,57.812
1780559989.115214,,,soc0-thermal,55.937
1780559989.115214,,,soc1-thermal,55.343
1780559989.115214,,,soc2-thermal,55.75
1780559989.115214,,,tj-thermal,58.031
1780559989.2214334,VDD_IN,6041.664,,
1780559989.2214334,VDD_CPU_GPU_CV,1734.656,,
1780559989.2214334,VDD_SOC,1619.008,,
1780559989.2214334,,,cpu-thermal,57.468
1780559989.2214334,,,gpu-thermal,57.562
1780559989.2214334,,,soc0-thermal,56.031
1780559989.2214334,,,soc1-thermal,55.437
1780559989.2214334,,,soc2-thermal,55.718
1780559989.2214334,,,tj-thermal,57.875
1780559989.327942,VDD_IN,6081.152,,
1780559989.327942,VDD_CPU_GPU_CV,1734.656,,
1780559989.327942,VDD_SOC,1616.384,,
1780559989.327942,,,cpu-thermal,57.343
1780559989.327942,,,gpu-thermal,57.562
1780559989.327942,,,soc0-thermal,56.031
1780559989.327942,,,soc1-thermal,55.343
1780559989.327942,,,soc2-thermal,55.718
1780559989.327942,,,tj-thermal,57.562
1780559989.433933,VDD_IN,6110.72,,
1780559989.433933,VDD_CPU_GPU_CV,1731.84,,
1780559989.433933,VDD_SOC,1616.384,,
1780559989.433933,,,cpu-thermal,57.468
1780559989.433933,,,gpu-thermal,58.0
1780559989.433933,,,soc0-thermal,55.968
1780559989.433933,,,soc1-thermal,55.375
1780559989.433933,,,soc2-thermal,55.718
1780559989.433933,,,tj-thermal,58.0
1780559989.5397935,VDD_IN,6150.144,,
1780559989.5397935,VDD_CPU_GPU_CV,1731.84,,
1780559989.5397935,VDD_SOC,1616.384,,
1780559989.5397935,,,cpu-thermal,57.843
1780559989.5397935,,,gpu-thermal,57.843
1780559989.5397935,,,soc0-thermal,56.0
1780559989.5397935,,,soc1-thermal,55.437
1780559989.5397935,,,soc2-thermal,55.781
1780559989.5397935,,,tj-thermal,57.843
1780559989.646287,VDD_IN,6110.72,,
1780559989.646287,VDD_CPU_GPU_CV,1731.84,,
1780559989.646287,VDD_SOC,1616.384,,
1780559989.646287,,,cpu-thermal,57.375
1780559989.646287,,,gpu-thermal,57.843
1780559989.646287,,,soc0-thermal,55.968
1780559989.646287,,,soc1-thermal,55.531
1780559989.646287,,,soc2-thermal,55.687
1780559989.646287,,,tj-thermal,57.843
1780559989.7522075,VDD_IN,6110.72,,
1780559989.7522075,VDD_CPU_GPU_CV,1731.84,,
1780559989.7522075,VDD_SOC,1616.384,,
1780559989.7522075,,,cpu-thermal,57.437
1780559989.7522075,,,gpu-thermal,57.593
1780559989.7522075,,,soc0-thermal,56.093
1780559989.7522075,,,soc1-thermal,55.375
1780559989.7522075,,,soc2-thermal,55.843
1780559989.7522075,,,tj-thermal,57.625
1780559989.8585265,VDD_IN,6120.64,,
1780559989.8585265,VDD_CPU_GPU_CV,1731.84,,
1780559989.8585265,VDD_SOC,1616.384,,
1780559989.8585265,,,cpu-thermal,57.656
1780559989.8585265,,,gpu-thermal,57.593
1780559989.8585265,,,soc0-thermal,56.031
1780559989.8585265,,,soc1-thermal,55.406
1780559989.8585265,,,soc2-thermal,55.843
1780559989.8585265,,,tj-thermal,57.656
1780559989.9648864,VDD_IN,6081.152,,
1780559989.9648864,VDD_CPU_GPU_CV,1734.656,,
1780559989.9648864,VDD_SOC,1616.384,,
1780559989.9648864,,,cpu-thermal,57.781
1780559989.9648864,,,gpu-thermal,57.656
1780559989.9648864,,,soc0-thermal,56.031
1780559989.9648864,,,soc1-thermal,55.531
1780559989.9648864,,,soc2-thermal,55.781
1780559989.9648864,,,tj-thermal,57.781
1780559990.070985,VDD_IN,6081.152,,
1780559990.070985,VDD_CPU_GPU_CV,1734.656,,
1780559990.070985,VDD_SOC,1619.008,,
1780559990.070985,,,cpu-thermal,57.468
1780559990.070985,,,gpu-thermal,57.968
1780559990.070985,,,soc0-thermal,56.093
1780559990.070985,,,soc1-thermal,55.406
1780559990.070985,,,soc2-thermal,55.812
1780559990.070985,,,tj-thermal,57.968
1780559990.1771955,VDD_IN,6081.152,,
1780559990.1771955,VDD_CPU_GPU_CV,1734.656,,
1780559990.1771955,VDD_SOC,1619.008,,
1780559990.1771955,,,cpu-thermal,57.656
1780559990.1771955,,,gpu-thermal,57.875
1780559990.1771955,,,soc0-thermal,56.0
1780559990.1771955,,,soc1-thermal,55.437
1780559990.1771955,,,soc2-thermal,55.875
1780559990.1771955,,,tj-thermal,57.875
1780559990.283502,VDD_IN,6081.152,,
1780559990.283502,VDD_CPU_GPU_CV,1734.656,,
1780559990.283502,VDD_SOC,1616.384,,
1780559990.283502,,,cpu-thermal,57.656
1780559990.283502,,,gpu-thermal,57.812
1780559990.283502,,,soc0-thermal,56.031
1780559990.283502,,,soc1-thermal,55.531
1780559990.283502,,,soc2-thermal,55.843
1780559990.283502,,,tj-thermal,57.812
1780559990.3901806,VDD_IN,6120.64,,
1780559990.3901806,VDD_CPU_GPU_CV,1734.656,,
1780559990.3901806,VDD_SOC,1616.384,,
1780559990.3901806,,,cpu-thermal,57.531
1780559990.3901806,,,gpu-thermal,57.687
1780559990.3901806,,,soc0-thermal,56.156
1780559990.3901806,,,soc1-thermal,55.343
1780559990.3901806,,,soc2-thermal,55.75
1780559990.3901806,,,tj-thermal,57.687
1780559990.4962504,VDD_IN,6110.72,,
1780559990.4962504,VDD_CPU_GPU_CV,1734.656,,
1780559990.4962504,VDD_SOC,1616.384,,
1780559990.4962504,,,cpu-thermal,57.562
1780559990.4962504,,,gpu-thermal,57.625
1780559990.4962504,,,soc0-thermal,56.031
1780559990.4962504,,,soc1-thermal,55.437
1780559990.4962504,,,soc2-thermal,55.812
1780559990.4962504,,,tj-thermal,57.625
1780559990.6026192,VDD_IN,6081.152,,
1780559990.6026192,VDD_CPU_GPU_CV,1734.656,,
1780559990.6026192,VDD_SOC,1616.384,,
1780559990.6026192,,,cpu-thermal,57.468
1780559990.6026192,,,gpu-thermal,58.031
1780559990.6026192,,,soc0-thermal,56.031
1780559990.6026192,,,soc1-thermal,55.5
1780559990.6026192,,,soc2-thermal,55.718
1780559990.6026192,,,tj-thermal,58.031
1780559990.70924,VDD_IN,6081.152,,
1780559990.70924,VDD_CPU_GPU_CV,1734.656,,
1780559990.70924,VDD_SOC,1619.008,,
1780559990.70924,,,cpu-thermal,57.531
1780559990.70924,,,gpu-thermal,57.875
1780559990.70924,,,soc0-thermal,56.125
1780559990.70924,,,soc1-thermal,55.437
1780559990.70924,,,soc2-thermal,55.843
1780559990.70924,,,tj-thermal,57.875
1780559990.8153605,VDD_IN,6081.152,,
1780559990.8153605,VDD_CPU_GPU_CV,1734.656,,
1780559990.8153605,VDD_SOC,1616.384,,
1780559990.8153605,,,cpu-thermal,57.531
1780559990.8153605,,,gpu-thermal,57.812
1780559990.8153605,,,soc0-thermal,56.0
1780559990.8153605,,,soc1-thermal,55.406
1780559990.8153605,,,soc2-thermal,55.812
1780559990.8153605,,,tj-thermal,57.812
1780559990.921613,VDD_IN,6081.152,,
1780559990.921613,VDD_CPU_GPU_CV,1734.656,,
1780559990.921613,VDD_SOC,1619.008,,
1780559990.921613,,,cpu-thermal,57.781
1780559990.921613,,,gpu-thermal,57.718
1780559990.921613,,,soc0-thermal,56.031
1780559990.921613,,,soc1-thermal,55.468
1780559990.921613,,,soc2-thermal,56.031
1780559990.921613,,,tj-thermal,57.781
1780559991.0284152,VDD_IN,6081.152,,
1780559991.0284152,VDD_CPU_GPU_CV,1734.656,,
1780559991.0284152,VDD_SOC,1616.384,,
1780559991.0284152,,,cpu-thermal,57.906
1780559991.0284152,,,gpu-thermal,57.718
1780559991.0284152,,,soc0-thermal,56.062
1780559991.0284152,,,soc1-thermal,55.406
1780559991.0284152,,,soc2-thermal,55.906
1780559991.0284152,,,tj-thermal,57.718
1780559991.1343763,VDD_IN,6081.152,,
1780559991.1343763,VDD_CPU_GPU_CV,1734.656,,
1780559991.1343763,VDD_SOC,1616.384,,
1780559991.1343763,,,cpu-thermal,57.75
1780559991.1343763,,,gpu-thermal,58.093
1780559991.1343763,,,soc0-thermal,56.031
1780559991.1343763,,,soc1-thermal,55.375
1780559991.1343763,,,soc2-thermal,55.843
1780559991.1343763,,,tj-thermal,58.093
1780559991.2411346,VDD_IN,6081.152,,
1780559991.2411346,VDD_CPU_GPU_CV,1734.656,,
1780559991.2411346,VDD_SOC,1616.384,,
1780559991.2411346,,,cpu-thermal,57.687
1780559991.2411346,,,gpu-thermal,58.0
1780559991.2411346,,,soc0-thermal,56.093
1780559991.2411346,,,soc1-thermal,55.562
1780559991.2411346,,,soc2-thermal,55.937
1780559991.2411346,,,tj-thermal,58.0
1780559991.3471723,VDD_IN,6110.72,,
1780559991.3471723,VDD_CPU_GPU_CV,1734.656,,
1780559991.3471723,VDD_SOC,1616.384,,
1780559991.3471723,,,cpu-thermal,57.468
1780559991.3471723,,,gpu-thermal,57.75
1780559991.3471723,,,soc0-thermal,56.093
1780559991.3471723,,,soc1-thermal,55.656
1780559991.3471723,,,soc2-thermal,55.75
1780559991.3471723,,,tj-thermal,57.843
1780559991.4531953,VDD_IN,6150.144,,
1780559991.4531953,VDD_CPU_GPU_CV,1731.84,,
1780559991.4531953,VDD_SOC,1616.384,,
1780559991.4531953,,,cpu-thermal,57.5
1780559991.4531953,,,gpu-thermal,58.156
1780559991.4531953,,,soc0-thermal,56.062
1780559991.4531953,,,soc1-thermal,55.406
1780559991.4531953,,,soc2-thermal,55.875
1780559991.4531953,,,tj-thermal,57.906
1780559991.5592408,VDD_IN,6110.72,,
1780559991.5592408,VDD_CPU_GPU_CV,1771.2,,
1780559991.5592408,VDD_SOC,1616.384,,
1780559991.5592408,,,cpu-thermal,57.531
1780559991.5592408,,,gpu-thermal,57.968
1780559991.5592408,,,soc0-thermal,56.125
1780559991.5592408,,,soc1-thermal,55.5
1780559991.5592408,,,soc2-thermal,55.875
1780559991.5592408,,,tj-thermal,57.781
1780559991.6653187,VDD_IN,6110.72,,
1780559991.6653187,VDD_CPU_GPU_CV,1731.84,,
1780559991.6653187,VDD_SOC,1616.384,,
1780559991.6653187,,,cpu-thermal,57.562
1780559991.6653187,,,gpu-thermal,57.906
1780559991.6653187,,,soc0-thermal,56.031
1780559991.6653187,,,soc1-thermal,55.625
1780559991.6653187,,,soc2-thermal,55.875
1780559991.6653187,,,tj-thermal,57.687
1780559991.7713435,VDD_IN,6110.72,,
1780559991.7713435,VDD_CPU_GPU_CV,1731.84,,
1780559991.7713435,VDD_SOC,1616.384,,
1780559991.7713435,,,cpu-thermal,57.593
1780559991.7713435,,,gpu-thermal,57.812
1780559991.7713435,,,soc0-thermal,56.125
1780559991.7713435,,,soc1-thermal,55.375
1780559991.7713435,,,soc2-thermal,55.906
1780559991.7713435,,,tj-thermal,58.093
1780559991.8779697,VDD_IN,6120.64,,
1780559991.8779697,VDD_CPU_GPU_CV,1731.84,,
1780559991.8779697,VDD_SOC,1616.384,,
1780559991.8779697,,,cpu-thermal,57.812
1780559991.8779697,,,gpu-thermal,57.75
1780559991.8779697,,,soc0-thermal,56.031
1780559991.8779697,,,soc1-thermal,55.531
1780559991.8779697,,,soc2-thermal,55.968
1780559991.8779697,,,tj-thermal,57.812
1780559991.9839847,VDD_IN,6081.152,,
1780559991.9839847,VDD_CPU_GPU_CV,1734.656,,
1780559991.9839847,VDD_SOC,1616.384,,
1780559991.9839847,,,cpu-thermal,57.875
1780559991.9839847,,,gpu-thermal,57.687
1780559991.9839847,,,soc0-thermal,56.125
1780559991.9839847,,,soc1-thermal,55.593
1780559991.9839847,,,soc2-thermal,55.781
1780559991.9839847,,,tj-thermal,57.875
1780559992.090135,VDD_IN,6081.152,,
1780559992.090135,VDD_CPU_GPU_CV,1734.656,,
1780559992.090135,VDD_SOC,1616.384,,
1780559992.090135,,,cpu-thermal,57.593
1780559992.090135,,,gpu-thermal,58.0
1780559992.090135,,,soc0-thermal,56.125
1780559992.090135,,,soc1-thermal,55.468
1780559992.090135,,,soc2-thermal,55.875
1780559992.090135,,,tj-thermal,57.812
1780559992.1970615,VDD_IN,6081.152,,
1780559992.1970615,VDD_CPU_GPU_CV,1734.656,,
1780559992.1970615,VDD_SOC,1619.008,,
1780559992.1970615,,,cpu-thermal,57.718
1780559992.1970615,,,gpu-thermal,57.906
1780559992.1970615,,,soc0-thermal,56.125
1780559992.1970615,,,soc1-thermal,55.468
1780559992.1970615,,,soc2-thermal,55.937
1780559992.1970615,,,tj-thermal,57.906
1780559992.3030555,VDD_IN,6081.152,,
1780559992.3030555,VDD_CPU_GPU_CV,1734.656,,
1780559992.3030555,VDD_SOC,1616.384,,
1780559992.3030555,,,cpu-thermal,57.718
1780559992.3030555,,,gpu-thermal,57.906
1780559992.3030555,,,soc0-thermal,56.093
1780559992.3030555,,,soc1-thermal,55.531
1780559992.3030555,,,soc2-thermal,55.875
1780559992.3030555,,,tj-thermal,57.906
1780559992.409294,VDD_IN,6110.72,,
1780559992.409294,VDD_CPU_GPU_CV,1731.84,,
1780559992.409294,VDD_SOC,1616.384,,
1780559992.409294,,,cpu-thermal,57.593
1780559992.409294,,,gpu-thermal,57.718
1780559992.409294,,,soc0-thermal,56.125
1780559992.409294,,,soc1-thermal,55.5
1780559992.409294,,,soc2-thermal,55.843
1780559992.409294,,,tj-thermal,57.718
1780559992.5152297,VDD_IN,6110.72,,
1780559992.5152297,VDD_CPU_GPU_CV,1731.84,,
1780559992.5152297,VDD_SOC,1616.384,,
1780559992.5152297,,,cpu-thermal,57.687
1780559992.5152297,,,gpu-thermal,57.781
1780559992.5152297,,,soc0-thermal,56.156
1780559992.5152297,,,soc1-thermal,55.562
1780559992.5152297,,,soc2-thermal,55.875
1780559992.5152297,,,tj-thermal,57.781
1780559992.6213288,VDD_IN,6120.64,,
1780559992.6213288,VDD_CPU_GPU_CV,1731.84,,
1780559992.6213288,VDD_SOC,1616.384,,
1780559992.6213288,,,cpu-thermal,57.75
1780559992.6213288,,,gpu-thermal,58.062
1780559992.6213288,,,soc0-thermal,56.125
1780559992.6213288,,,soc1-thermal,55.687
1780559992.6213288,,,soc2-thermal,56.031
1780559992.6213288,,,tj-thermal,58.062
1780559992.7284224,VDD_IN,6110.72,,
1780559992.7284224,VDD_CPU_GPU_CV,1731.84,,
1780559992.7284224,VDD_SOC,1616.384,,
1780559992.7284224,,,cpu-thermal,57.687
1780559992.7284224,,,gpu-thermal,58.0
1780559992.7284224,,,soc0-thermal,56.218
1780559992.7284224,,,soc1-thermal,55.75
1780559992.7284224,,,soc2-thermal,55.968
1780559992.7284224,,,tj-thermal,58.0
1780559992.8347657,VDD_IN,6120.64,,
1780559992.8347657,VDD_CPU_GPU_CV,1731.84,,
1780559992.8347657,VDD_SOC,1616.384,,
1780559992.8347657,,,cpu-thermal,57.625
1780559992.8347657,,,gpu-thermal,57.937
1780559992.8347657,,,soc0-thermal,56.062
1780559992.8347657,,,soc1-thermal,55.531
1780559992.8347657,,,soc2-thermal,56.0
1780559992.8347657,,,tj-thermal,57.937
1780559992.9409094,VDD_IN,6120.64,,
1780559992.9409094,VDD_CPU_GPU_CV,1731.84,,
1780559992.9409094,VDD_SOC,1616.384,,
1780559992.9409094,,,cpu-thermal,57.968
1780559992.9409094,,,gpu-thermal,57.875
1780559992.9409094,,,soc0-thermal,56.093
1780559992.9409094,,,soc1-thermal,55.562
1780559992.9409094,,,soc2-thermal,56.0
1780559992.9409094,,,tj-thermal,57.968
1780559993.0475123,VDD_IN,6120.64,,
1780559993.0475123,VDD_CPU_GPU_CV,1734.656,,
1780559993.0475123,VDD_SOC,1616.384,,
1780559993.0475123,,,cpu-thermal,57.625
1780559993.0475123,,,gpu-thermal,57.75
1780559993.0475123,,,soc0-thermal,56.218
1780559993.0475123,,,soc1-thermal,55.75
1780559993.0475123,,,soc2-thermal,55.937
1780559993.0475123,,,tj-thermal,57.75
1780559993.1534908,VDD_IN,6081.152,,
1780559993.1534908,VDD_CPU_GPU_CV,1734.656,,
1780559993.1534908,VDD_SOC,1616.384,,
1780559993.1534908,,,cpu-thermal,57.625
1780559993.1534908,,,gpu-thermal,58.187
1780559993.1534908,,,soc0-thermal,56.093
1780559993.1534908,,,soc1-thermal,55.562
1780559993.1534908,,,soc2-thermal,55.937
1780559993.1534908,,,tj-thermal,58.187
1780559993.2601228,VDD_IN,6081.152,,
1780559993.2601228,VDD_CPU_GPU_CV,1734.656,,
1780559993.2601228,VDD_SOC,1616.384,,
1780559993.2601228,,,cpu-thermal,57.812
1780559993.2601228,,,gpu-thermal,58.062
1780559993.2601228,,,soc0-thermal,56.125
1780559993.2601228,,,soc1-thermal,55.593
1780559993.2601228,,,soc2-thermal,56.0
1780559993.2601228,,,tj-thermal,58.062
1780559993.3663237,VDD_IN,6110.72,,
1780559993.3663237,VDD_CPU_GPU_CV,1771.2,,
1780559993.3663237,VDD_SOC,1616.384,,
1780559993.3663237,,,cpu-thermal,57.875
1780559993.3663237,,,gpu-thermal,58.0
1780559993.3663237,,,soc0-thermal,56.156
1780559993.3663237,,,soc1-thermal,55.781
1780559993.3663237,,,soc2-thermal,55.968
1780559993.3663237,,,tj-thermal,58.0
1780559993.4721348,VDD_IN,6150.144,,
1780559993.4721348,VDD_CPU_GPU_CV,1771.2,,
1780559993.4721348,VDD_SOC,1616.384,,
1780559993.4721348,,,cpu-thermal,57.625
1780559993.4721348,,,gpu-thermal,57.875
1780559993.4721348,,,soc0-thermal,56.312
1780559993.4721348,,,soc1-thermal,55.531
1780559993.4721348,,,soc2-thermal,55.968
1780559993.4721348,,,tj-thermal,57.875
1780559993.578919,VDD_IN,6150.144,,
1780559993.578919,VDD_CPU_GPU_CV,1771.2,,
1780559993.578919,VDD_SOC,1616.384,,
1780559993.578919,,,cpu-thermal,57.718
1780559993.578919,,,gpu-thermal,57.875
1780559993.578919,,,soc0-thermal,56.093
1780559993.578919,,,soc1-thermal,55.531
1780559993.578919,,,soc2-thermal,56.062
1780559993.578919,,,tj-thermal,57.875
1780559993.6854036,VDD_IN,6110.72,,
1780559993.6854036,VDD_CPU_GPU_CV,1731.84,,
1780559993.6854036,VDD_SOC,1616.384,,
1780559993.6854036,,,cpu-thermal,57.531
1780559993.6854036,,,gpu-thermal,57.812
1780559993.6854036,,,soc0-thermal,56.156
1780559993.6854036,,,soc1-thermal,55.656
1780559993.6854036,,,soc2-thermal,56.031
1780559993.6854036,,,tj-thermal,57.812
1780559993.7915568,VDD_IN,6110.72,,
1780559993.7915568,VDD_CPU_GPU_CV,1734.656,,
1780559993.7915568,VDD_SOC,1616.384,,
1780559993.7915568,,,cpu-thermal,57.687
1780559993.7915568,,,gpu-thermal,58.156
1780559993.7915568,,,soc0-thermal,56.25
1780559993.7915568,,,soc1-thermal,55.531
1780559993.7915568,,,soc2-thermal,55.968
1780559993.7915568,,,tj-thermal,58.156
1780559993.8980901,VDD_IN,6081.152,,
1780559993.8980901,VDD_CPU_GPU_CV,1734.656,,
1780559993.8980901,VDD_SOC,1616.384,,
1780559993.8980901,,,cpu-thermal,57.75
1780559993.8980901,,,gpu-thermal,58.062
1780559993.8980901,,,soc0-thermal,56.218
1780559993.8980901,,,soc1-thermal,55.593
1780559993.8980901,,,soc2-thermal,56.125
1780559993.8980901,,,tj-thermal,58.062
1780559994.0040712,VDD_IN,6081.152,,
1780559994.0040712,VDD_CPU_GPU_CV,1695.232,,
1780559994.0040712,VDD_SOC,1616.384,,
1780559994.0040712,,,cpu-thermal,57.687
1780559994.0040712,,,gpu-thermal,57.906
1780559994.0040712,,,soc0-thermal,56.281
1780559994.0040712,,,soc1-thermal,55.687
1780559994.0040712,,,soc2-thermal,55.875
1780559994.0040712,,,tj-thermal,57.906
1780559994.1105833,VDD_IN,6041.664,,
1780559994.1105833,VDD_CPU_GPU_CV,1695.232,,
1780559994.1105833,VDD_SOC,1619.008,,
1780559994.1105833,,,cpu-thermal,57.656
1780559994.1105833,,,gpu-thermal,57.875
1780559994.1105833,,,soc0-thermal,56.281
1780559994.1105833,,,soc1-thermal,55.5
1780559994.1105833,,,soc2-thermal,55.968
1780559994.1105833,,,tj-thermal,57.875
1780559994.2164865,VDD_IN,6041.664,,
1780559994.2164865,VDD_CPU_GPU_CV,1695.232,,
1780559994.2164865,VDD_SOC,1619.008,,
1780559994.2164865,,,cpu-thermal,57.812
1780559994.2164865,,,gpu-thermal,57.781
1780559994.2164865,,,soc0-thermal,56.156
1780559994.2164865,,,soc1-thermal,55.562
1780559994.2164865,,,soc2-thermal,56.062
1780559994.2164865,,,tj-thermal,57.812
1780559994.3226447,VDD_IN,6081.152,,
1780559994.3226447,VDD_CPU_GPU_CV,1695.232,,
1780559994.3226447,VDD_SOC,1616.384,,
1780559994.3226447,,,cpu-thermal,57.906
1780559994.3226447,,,gpu-thermal,57.968
1780559994.3226447,,,soc0-thermal,56.218
1780559994.3226447,,,soc1-thermal,55.625
1780559994.3226447,,,soc2-thermal,56.062
1780559994.3226447,,,tj-thermal,58.218
1780559994.42868,VDD_IN,6081.152,,
1780559994.42868,VDD_CPU_GPU_CV,1734.656,,
1780559994.42868,VDD_SOC,1616.384,,
1780559994.42868,,,cpu-thermal,58.0
1780559994.42868,,,gpu-thermal,57.937
1780559994.42868,,,soc0-thermal,56.281
1780559994.42868,,,soc1-thermal,55.781
1780559994.42868,,,soc2-thermal,55.937
1780559994.42868,,,tj-thermal,58.0
1780559994.534519,VDD_IN,6071.296,,
1780559994.534519,VDD_CPU_GPU_CV,1734.656,,
1780559994.534519,VDD_SOC,1616.384,,
1780559994.534519,,,cpu-thermal,57.781
1780559994.534519,,,gpu-thermal,57.781
1780559994.534519,,,soc0-thermal,56.187
1780559994.534519,,,soc1-thermal,55.562
1780559994.534519,,,soc2-thermal,56.062
1780559994.534519,,,tj-thermal,57.968
1780559994.6413589,VDD_IN,6081.152,,
1780559994.6413589,VDD_CPU_GPU_CV,1734.656,,
1780559994.6413589,VDD_SOC,1616.384,,
1780559994.6413589,,,cpu-thermal,57.812
1780559994.6413589,,,gpu-thermal,58.187
1780559994.6413589,,,soc0-thermal,56.218
1780559994.6413589,,,soc1-thermal,55.718
1780559994.6413589,,,soc2-thermal,56.062
1780559994.6413589,,,tj-thermal,57.968
1780559994.7473032,VDD_IN,6081.152,,
1780559994.7473032,VDD_CPU_GPU_CV,1734.656,,
1780559994.7473032,VDD_SOC,1616.384,,
1780559994.7473032,,,cpu-thermal,57.781
1780559994.7473032,,,gpu-thermal,58.0
1780559994.7473032,,,soc0-thermal,56.218
1780559994.7473032,,,soc1-thermal,55.875
1780559994.7473032,,,soc2-thermal,56.062
1780559994.7473032,,,tj-thermal,58.0
1780559994.8531556,VDD_IN,6081.152,,
1780559994.8531556,VDD_CPU_GPU_CV,1734.656,,
1780559994.8531556,VDD_SOC,1616.384,,
1780559994.8531556,,,cpu-thermal,57.75
1780559994.8531556,,,gpu-thermal,58.0
1780559994.8531556,,,soc0-thermal,56.156
1780559994.8531556,,,soc1-thermal,55.562
1780559994.8531556,,,soc2-thermal,56.031
1780559994.8531556,,,tj-thermal,58.0
1780559994.959481,VDD_IN,6081.152,,
1780559994.959481,VDD_CPU_GPU_CV,1734.656,,
1780559994.959481,VDD_SOC,1619.008,,
1780559994.959481,,,cpu-thermal,57.812
1780559994.959481,,,gpu-thermal,57.968
1780559994.959481,,,soc0-thermal,56.187
1780559994.959481,,,soc1-thermal,55.593
1780559994.959481,,,soc2-thermal,56.093
1780559994.959481,,,tj-thermal,57.968
1780559995.065473,VDD_IN,6041.664,,
1780559995.065473,VDD_CPU_GPU_CV,1734.656,,
1780559995.065473,VDD_SOC,1619.008,,
1780559995.065473,,,cpu-thermal,57.781
1780559995.065473,,,gpu-thermal,57.906
1780559995.065473,,,soc0-thermal,56.281
1780559995.065473,,,soc1-thermal,55.75
1780559995.065473,,,soc2-thermal,56.031
1780559995.065473,,,tj-thermal,57.906
1780559995.1715727,VDD_IN,6041.664,,
1780559995.1715727,VDD_CPU_GPU_CV,1695.232,,
1780559995.1715727,VDD_SOC,1619.008,,
1780559995.1715727,,,cpu-thermal,57.687
1780559995.1715727,,,gpu-thermal,58.312
1780559995.1715727,,,soc0-thermal,56.312
1780559995.1715727,,,soc1-thermal,55.593
1780559995.1715727,,,soc2-thermal,56.093
1780559995.1715727,,,tj-thermal,58.312
1780559995.2783875,VDD_IN,6041.664,,
1780559995.2783875,VDD_CPU_GPU_CV,1695.232,,
1780559995.2783875,VDD_SOC,1619.008,,
1780559995.2783875,,,cpu-thermal,57.906
1780559995.2783875,,,gpu-thermal,58.156
1780559995.2783875,,,soc0-thermal,56.25
1780559995.2783875,,,soc1-thermal,55.593
1780559995.2783875,,,soc2-thermal,56.062
1780559995.2783875,,,tj-thermal,58.156
1780559995.3844662,VDD_IN,6081.152,,
1780559995.3844662,VDD_CPU_GPU_CV,1734.656,,
1780559995.3844662,VDD_SOC,1616.384,,
1780559995.3844662,,,cpu-thermal,58.031
1780559995.3844662,,,gpu-thermal,58.093
1780559995.3844662,,,soc0-thermal,56.25
1780559995.3844662,,,soc1-thermal,55.687
1780559995.3844662,,,soc2-thermal,56.062
1780559995.3844662,,,tj-thermal,58.093
1780559995.4903965,VDD_IN,6120.64,,
1780559995.4903965,VDD_CPU_GPU_CV,1734.656,,
1780559995.4903965,VDD_SOC,1616.384,,
1780559995.4903965,,,cpu-thermal,57.656
1780559995.4903965,,,gpu-thermal,57.968
1780559995.4903965,,,soc0-thermal,56.312
1780559995.4903965,,,soc1-thermal,55.968
1780559995.4903965,,,soc2-thermal,56.0
1780559995.4903965,,,tj-thermal,57.968
1780559995.5966117,VDD_IN,6071.296,,
1780559995.5966117,VDD_CPU_GPU_CV,1734.656,,
1780559995.5966117,VDD_SOC,1616.384,,
1780559995.5966117,,,cpu-thermal,57.812
1780559995.5966117,,,gpu-thermal,57.937
1780559995.5966117,,,soc0-thermal,56.281
1780559995.5966117,,,soc1-thermal,55.687
1780559995.5966117,,,soc2-thermal,56.156
1780559995.5966117,,,tj-thermal,57.937
1780559995.7024503,VDD_IN,6071.296,,
1780559995.7024503,VDD_CPU_GPU_CV,1734.656,,
1780559995.7024503,VDD_SOC,1616.384,,
1780559995.7024503,,,cpu-thermal,57.906
1780559995.7024503,,,gpu-thermal,57.906
1780559995.7024503,,,soc0-thermal,56.281
1780559995.7024503,,,soc1-thermal,55.656
1780559995.7024503,,,soc2-thermal,56.156
1780559995.7024503,,,tj-thermal,57.906
1780559995.8092074,VDD_IN,6071.296,,
1780559995.8092074,VDD_CPU_GPU_CV,1734.656,,
1780559995.8092074,VDD_SOC,1616.384,,
1780559995.8092074,,,cpu-thermal,58.125
1780559995.8092074,,,gpu-thermal,58.187
1780559995.8092074,,,soc0-thermal,56.343
1780559995.8092074,,,soc1-thermal,55.843
1780559995.8092074,,,soc2-thermal,56.062
1780559995.8092074,,,tj-thermal,58.187
1780559995.9155397,VDD_IN,6071.296,,
1780559995.9155397,VDD_CPU_GPU_CV,1734.656,,
1780559995.9155397,VDD_SOC,1616.384,,
1780559995.9155397,,,cpu-thermal,57.781
1780559995.9155397,,,gpu-thermal,58.093
1780559995.9155397,,,soc0-thermal,56.218
1780559995.9155397,,,soc1-thermal,55.656
1780559995.9155397,,,soc2-thermal,56.093
1780559995.9155397,,,tj-thermal,58.093
1780559996.0213785,VDD_IN,6081.152,,
1780559996.0213785,VDD_CPU_GPU_CV,1734.656,,
1780559996.0213785,VDD_SOC,1616.384,,
1780559996.0213785,,,cpu-thermal,57.937
1780559996.0213785,,,gpu-thermal,57.906
1780559996.0213785,,,soc0-thermal,56.281
1780559996.0213785,,,soc1-thermal,55.687
1780559996.0213785,,,soc2-thermal,56.218
1780559996.0213785,,,tj-thermal,58.0
1780559996.1280456,VDD_IN,6041.664,,
1780559996.1280456,VDD_CPU_GPU_CV,1734.656,,
1780559996.1280456,VDD_SOC,1616.384,,
1780559996.1280456,,,cpu-thermal,57.781
1780559996.1280456,,,gpu-thermal,57.968
1780559996.1280456,,,soc0-thermal,56.312
1780559996.1280456,,,soc1-thermal,55.843
1780559996.1280456,,,soc2-thermal,56.062
1780559996.1280456,,,tj-thermal,57.968
1780559996.2341325,VDD_IN,6041.664,,
1780559996.2341325,VDD_CPU_GPU_CV,1695.232,,
1780559996.2341325,VDD_SOC,1619.008,,
1780559996.2341325,,,cpu-thermal,57.843
1780559996.2341325,,,gpu-thermal,58.062
1780559996.2341325,,,soc0-thermal,56.468
1780559996.2341325,,,soc1-thermal,55.687
1780559996.2341325,,,soc2-thermal,56.093
1780559996.2341325,,,tj-thermal,57.906
1780559996.3400495,VDD_IN,6081.152,,
1780559996.3400495,VDD_CPU_GPU_CV,1734.656,,
1780559996.3400495,VDD_SOC,1616.384,,
1780559996.3400495,,,cpu-thermal,57.781
1780559996.3400495,,,gpu-thermal,58.031
1780559996.3400495,,,soc0-thermal,56.25
1780559996.3400495,,,soc1-thermal,55.718
1780559996.3400495,,,soc2-thermal,56.25
1780559996.3400495,,,tj-thermal,58.25
1780559996.446124,VDD_IN,6081.152,,
1780559996.446124,VDD_CPU_GPU_CV,1731.84,,
1780559996.446124,VDD_SOC,1616.384,,
1780559996.446124,,,cpu-thermal,57.75
1780559996.446124,,,gpu-thermal,58.031
1780559996.446124,,,soc0-thermal,56.312
1780559996.446124,,,soc1-thermal,55.812
1780559996.446124,,,soc2-thermal,56.062
1780559996.446124,,,tj-thermal,58.031
1780559996.5519743,VDD_IN,6081.152,,
1780559996.5519743,VDD_CPU_GPU_CV,1734.656,,
1780559996.5519743,VDD_SOC,1616.384,,
1780559996.5519743,,,cpu-thermal,57.812
1780559996.5519743,,,gpu-thermal,57.968
1780559996.5519743,,,soc0-thermal,56.375
1780559996.5519743,,,soc1-thermal,55.718
1780559996.5519743,,,soc2-thermal,56.062
1780559996.5519743,,,tj-thermal,57.968
1780559996.6581945,VDD_IN,6081.152,,
1780559996.6581945,VDD_CPU_GPU_CV,1734.656,,
1780559996.6581945,VDD_SOC,1616.384,,
1780559996.6581945,,,cpu-thermal,58.0
1780559996.6581945,,,gpu-thermal,58.281
1780559996.6581945,,,soc0-thermal,56.25
1780559996.6581945,,,soc1-thermal,55.625
1780559996.6581945,,,soc2-thermal,56.125
1780559996.6581945,,,tj-thermal,58.281
1780559996.764964,VDD_IN,6071.296,,
1780559996.764964,VDD_CPU_GPU_CV,1734.656,,
1780559996.764964,VDD_SOC,1616.384,,
1780559996.764964,,,cpu-thermal,58.093
1780559996.764964,,,gpu-thermal,58.156
1780559996.764964,,,soc0-thermal,56.281
1780559996.764964,,,soc1-thermal,55.875
1780559996.764964,,,soc2-thermal,56.062
1780559996.764964,,,tj-thermal,58.156
1780559996.8708797,VDD_IN,6031.872,,
1780559996.8708797,VDD_CPU_GPU_CV,1734.656,,
1780559996.8708797,VDD_SOC,1616.384,,
1780559996.8708797,,,cpu-thermal,58.25
1780559996.8708797,,,gpu-thermal,58.125
1780559996.8708797,,,soc0-thermal,56.406
1780559996.8708797,,,soc1-thermal,55.625
1780559996.8708797,,,soc2-thermal,56.218
1780559996.8708797,,,tj-thermal,58.125
1780559996.9771636,VDD_IN,6071.296,,
1780559996.9771636,VDD_CPU_GPU_CV,1734.656,,
1780559996.9771636,VDD_SOC,1616.384,,
1780559996.9771636,,,cpu-thermal,57.937
1780559996.9771636,,,gpu-thermal,58.062
1780559996.9771636,,,soc0-thermal,56.312
1780559996.9771636,,,soc1-thermal,55.656
1780559996.9771636,,,soc2-thermal,56.125
1780559996.9771636,,,tj-thermal,58.062
1780559997.0830703,VDD_IN,6041.664,,
1780559997.0830703,VDD_CPU_GPU_CV,1734.656,,
1780559997.0830703,VDD_SOC,1616.384,,
1780559997.0830703,,,cpu-thermal,57.968
1780559997.0830703,,,gpu-thermal,58.0
1780559997.0830703,,,soc0-thermal,56.375
1780559997.0830703,,,soc1-thermal,55.687
1780559997.0830703,,,soc2-thermal,56.281
1780559997.0830703,,,tj-thermal,58.0
1780559997.1897867,VDD_IN,6041.664,,
1780559997.1897867,VDD_CPU_GPU_CV,1734.656,,
1780559997.1897867,VDD_SOC,1616.384,,
1780559997.1897867,,,cpu-thermal,57.843
1780559997.1897867,,,gpu-thermal,58.343
1780559997.1897867,,,soc0-thermal,56.406
1780559997.1897867,,,soc1-thermal,55.718
1780559997.1897867,,,soc2-thermal,56.093
1780559997.1897867,,,tj-thermal,58.343
1780559997.2963228,VDD_IN,6031.872,,
1780559997.2963228,VDD_CPU_GPU_CV,1734.656,,
1780559997.2963228,VDD_SOC,1616.384,,
1780559997.2963228,,,cpu-thermal,57.781
1780559997.2963228,,,gpu-thermal,58.25
1780559997.2963228,,,soc0-thermal,56.281
1780559997.2963228,,,soc1-thermal,55.718
1780559997.2963228,,,soc2-thermal,56.25
1780559997.2963228,,,tj-thermal,58.25
1780559997.4022522,VDD_IN,6071.296,,
1780559997.4022522,VDD_CPU_GPU_CV,1731.84,,
1780559997.4022522,VDD_SOC,1616.384,,
1780559997.4022522,,,cpu-thermal,57.812
1780559997.4022522,,,gpu-thermal,58.125
1780559997.4022522,,,soc0-thermal,56.281
1780559997.4022522,,,soc1-thermal,55.812
1780559997.4022522,,,soc2-thermal,56.25
1780559997.4022522,,,tj-thermal,58.125
1780559997.5084023,VDD_IN,6110.72,,
1780559997.5084023,VDD_CPU_GPU_CV,1731.84,,
1780559997.5084023,VDD_SOC,1616.384,,
1780559997.5084023,,,cpu-thermal,57.781
1780559997.5084023,,,gpu-thermal,58.093
1780559997.5084023,,,soc0-thermal,56.468
1780559997.5084023,,,soc1-thermal,55.906
1780559997.5084023,,,soc2-thermal,56.062
1780559997.5084023,,,tj-thermal,58.093
1780559997.6146054,VDD_IN,6081.152,,
1780559997.6146054,VDD_CPU_GPU_CV,1734.656,,
1780559997.6146054,VDD_SOC,1616.384,,
1780559997.6146054,,,cpu-thermal,57.875
1780559997.6146054,,,gpu-thermal,58.062
1780559997.6146054,,,soc0-thermal,56.281
1780559997.6146054,,,soc1-thermal,55.625
1780559997.6146054,,,soc2-thermal,56.093
1780559997.6146054,,,tj-thermal,58.062
1780559997.7210999,VDD_IN,6081.152,,
1780559997.7210999,VDD_CPU_GPU_CV,1734.656,,
1780559997.7210999,VDD_SOC,1616.384,,
1780559997.7210999,,,cpu-thermal,58.062
1780559997.7210999,,,gpu-thermal,57.968
1780559997.7210999,,,soc0-thermal,56.312
1780559997.7210999,,,soc1-thermal,55.875
1780559997.7210999,,,soc2-thermal,56.281
1780559997.7210999,,,tj-thermal,58.062
1780559997.8273587,VDD_IN,6041.664,,
1780559997.8273587,VDD_CPU_GPU_CV,1734.656,,
1780559997.8273587,VDD_SOC,1619.008,,
1780559997.8273587,,,cpu-thermal,58.25
1780559997.8273587,,,gpu-thermal,58.343
1780559997.8273587,,,soc0-thermal,56.406
1780559997.8273587,,,soc1-thermal,55.906
1780559997.8273587,,,soc2-thermal,56.093
1780559997.8273587,,,tj-thermal,58.343
1780559997.9340706,VDD_IN,6041.664,,
1780559997.9340706,VDD_CPU_GPU_CV,1734.656,,
1780559997.9340706,VDD_SOC,1619.008,,
1780559997.9340706,,,cpu-thermal,58.0
1780559997.9340706,,,gpu-thermal,58.187
1780559997.9340706,,,soc0-thermal,56.343
1780559997.9340706,,,soc1-thermal,55.812
1780559997.9340706,,,soc2-thermal,56.218
1780559997.9340706,,,tj-thermal,58.187
1780559998.0404346,VDD_IN,6041.664,,
1780559998.0404346,VDD_CPU_GPU_CV,1695.232,,
1780559998.0404346,VDD_SOC,1619.008,,
1780559998.0404346,,,cpu-thermal,58.0
1780559998.0404346,,,gpu-thermal,58.093
1780559998.0404346,,,soc0-thermal,56.375
1780559998.0404346,,,soc1-thermal,55.812
1780559998.0404346,,,soc2-thermal,56.281
1780559998.0404346,,,tj-thermal,58.093
1780559998.1471744,VDD_IN,6041.664,,
1780559998.1471744,VDD_CPU_GPU_CV,1695.232,,
1780559998.1471744,VDD_SOC,1619.008,,
1780559998.1471744,,,cpu-thermal,58.125
1780559998.1471744,,,gpu-thermal,58.0
1780559998.1471744,,,soc0-thermal,56.312
1780559998.1471744,,,soc1-thermal,55.906
1780559998.1471744,,,soc2-thermal,56.187
1780559998.1471744,,,tj-thermal,58.0
1780559998.2531672,VDD_IN,6002.176,,
1780559998.2531672,VDD_CPU_GPU_CV,1695.232,,
1780559998.2531672,VDD_SOC,1619.008,,
1780559998.2531672,,,cpu-thermal,57.875
1780559998.2531672,,,gpu-thermal,58.031
1780559998.2531672,,,soc0-thermal,56.5
1780559998.2531672,,,soc1-thermal,55.718
1780559998.2531672,,,soc2-thermal,56.218
1780559998.2531672,,,tj-thermal,58.031
1780559998.3591342,VDD_IN,6041.664,,
1780559998.3591342,VDD_CPU_GPU_CV,1695.232,,
1780559998.3591342,VDD_SOC,1619.008,,
1780559998.3591342,,,cpu-thermal,57.937
1780559998.3591342,,,gpu-thermal,58.156
1780559998.3591342,,,soc0-thermal,56.468
1780559998.3591342,,,soc1-thermal,55.875
1780559998.3591342,,,soc2-thermal,56.218
1780559998.3591342,,,tj-thermal,58.437
1780559998.4654756,VDD_IN,6081.152,,
1780559998.4654756,VDD_CPU_GPU_CV,1734.656,,
1780559998.4654756,VDD_SOC,1616.384,,
1780559998.4654756,,,cpu-thermal,57.812
1780559998.4654756,,,gpu-thermal,58.343
1780559998.4654756,,,soc0-thermal,56.375
1780559998.4654756,,,soc1-thermal,55.812
1780559998.4654756,,,soc2-thermal,56.156
1780559998.4654756,,,tj-thermal,58.343
1780559998.571526,VDD_IN,6120.64,,
1780559998.571526,VDD_CPU_GPU_CV,1734.656,,
1780559998.571526,VDD_SOC,1616.384,,
1780559998.571526,,,cpu-thermal,57.906
1780559998.571526,,,gpu-thermal,58.0
1780559998.571526,,,soc0-thermal,56.531
1780559998.571526,,,soc1-thermal,55.75
1780559998.571526,,,soc2-thermal,56.218
1780559998.571526,,,tj-thermal,58.156
1780559998.6777997,VDD_IN,6120.64,,
1780559998.6777997,VDD_CPU_GPU_CV,1734.656,,
1780559998.6777997,VDD_SOC,1616.384,,
1780559998.6777997,,,cpu-thermal,57.843
1780559998.6777997,,,gpu-thermal,58.437
1780559998.6777997,,,soc0-thermal,56.312
1780559998.6777997,,,soc1-thermal,55.812
1780559998.6777997,,,soc2-thermal,56.25
1780559998.6777997,,,tj-thermal,58.093
1780559998.784175,VDD_IN,6120.64,,
1780559998.784175,VDD_CPU_GPU_CV,1734.656,,
1780559998.784175,VDD_SOC,1616.384,,
1780559998.784175,,,cpu-thermal,58.25
1780559998.784175,,,gpu-thermal,58.218
1780559998.784175,,,soc0-thermal,56.406
1780559998.784175,,,soc1-thermal,55.875
1780559998.784175,,,soc2-thermal,56.281
1780559998.784175,,,tj-thermal,58.25
1780559998.8904128,VDD_IN,6120.64,,
1780559998.8904128,VDD_CPU_GPU_CV,1731.84,,
1780559998.8904128,VDD_SOC,1616.384,,
1780559998.8904128,,,cpu-thermal,57.781
1780559998.8904128,,,gpu-thermal,58.0
1780559998.8904128,,,soc0-thermal,56.5
1780559998.8904128,,,soc1-thermal,56.093
1780559998.8904128,,,soc2-thermal,56.218
1780559998.8904128,,,tj-thermal,58.0
1780559998.9970992,VDD_IN,6120.64,,
1780559998.9970992,VDD_CPU_GPU_CV,1734.656,,
1780559998.9970992,VDD_SOC,1616.384,,
1780559998.9970992,,,cpu-thermal,57.937
1780559998.9970992,,,gpu-thermal,58.093
1780559998.9970992,,,soc0-thermal,56.375
1780559998.9970992,,,soc1-thermal,55.812
1780559998.9970992,,,soc2-thermal,56.156
1780559998.9970992,,,tj-thermal,58.312
1780559999.1038647,VDD_IN,6081.152,,
1780559999.1038647,VDD_CPU_GPU_CV,1734.656,,
1780559999.1038647,VDD_SOC,1616.384,,
1780559999.1038647,,,cpu-thermal,58.0
1780559999.1038647,,,gpu-thermal,58.187
1780559999.1038647,,,soc0-thermal,56.437
1780559999.1038647,,,soc1-thermal,55.937
1780559999.1038647,,,soc2-thermal,56.218
1780559999.1038647,,,tj-thermal,58.187
1780559999.2100065,VDD_IN,6120.64,,
1780559999.2100065,VDD_CPU_GPU_CV,1774.08,,
1780559999.2100065,VDD_SOC,1616.384,,
1780559999.2100065,,,cpu-thermal,57.937
1780559999.2100065,,,gpu-thermal,58.093
1780559999.2100065,,,soc0-thermal,56.5
1780559999.2100065,,,soc1-thermal,56.0
1780559999.2100065,,,soc2-thermal,56.218
1780559999.2100065,,,tj-thermal,58.093
1780559999.3163958,VDD_IN,6110.72,,
1780559999.3163958,VDD_CPU_GPU_CV,1771.2,,
1780559999.3163958,VDD_SOC,1616.384,,
1780559999.3163958,,,cpu-thermal,57.937
1780559999.3163958,,,gpu-thermal,58.218
1780559999.3163958,,,soc0-thermal,56.406
1780559999.3163958,,,soc1-thermal,55.843
1780559999.3163958,,,soc2-thermal,56.312
1780559999.3163958,,,tj-thermal,58.0
1780559999.4225602,VDD_IN,6150.144,,
1780559999.4225602,VDD_CPU_GPU_CV,1771.2,,
1780559999.4225602,VDD_SOC,1616.384,,
1780559999.4225602,,,cpu-thermal,58.0
1780559999.4225602,,,gpu-thermal,58.187
1780559999.4225602,,,soc0-thermal,56.375
1780559999.4225602,,,soc1-thermal,55.968
1780559999.4225602,,,soc2-thermal,56.25
1780559999.4225602,,,tj-thermal,58.031
1780559999.5286849,VDD_IN,6150.144,,
1780559999.5286849,VDD_CPU_GPU_CV,1771.2,,
1780559999.5286849,VDD_SOC,1616.384,,
1780559999.5286849,,,cpu-thermal,57.906
1780559999.5286849,,,gpu-thermal,58.093
1780559999.5286849,,,soc0-thermal,56.5
1780559999.5286849,,,soc1-thermal,56.0
1780559999.5286849,,,soc2-thermal,56.156
1780559999.5286849,,,tj-thermal,58.437
1780559999.636003,VDD_IN,6150.144,,
1780559999.636003,VDD_CPU_GPU_CV,1771.2,,
1780559999.636003,VDD_SOC,1616.384,,
1780559999.636003,,,cpu-thermal,57.875
1780559999.636003,,,gpu-thermal,58.312
1780559999.636003,,,soc0-thermal,56.312
1780559999.636003,,,soc1-thermal,55.875
1780559999.636003,,,soc2-thermal,56.312
1780559999.636003,,,tj-thermal,58.312
1780559999.7424479,VDD_IN,6150.144,,
1780559999.7424479,VDD_CPU_GPU_CV,1771.2,,
1780559999.7424479,VDD_SOC,1616.384,,
1780559999.7424479,,,cpu-thermal,58.218
1780559999.7424479,,,gpu-thermal,58.187
1780559999.7424479,,,soc0-thermal,56.406
1780559999.7424479,,,soc1-thermal,55.937
1780559999.7424479,,,soc2-thermal,56.312
1780559999.7424479,,,tj-thermal,58.218
1780559999.8496833,VDD_IN,6150.144,,
1780559999.8496833,VDD_CPU_GPU_CV,1771.2,,
1780559999.8496833,VDD_SOC,1616.384,,
1780559999.8496833,,,cpu-thermal,57.968
1780559999.8496833,,,gpu-thermal,58.156
1780559999.8496833,,,soc0-thermal,56.5
1780559999.8496833,,,soc1-thermal,56.0
1780559999.8496833,,,soc2-thermal,56.281
1780559999.8496833,,,tj-thermal,58.156
1780559999.9558742,VDD_IN,6110.72,,
1780559999.9558742,VDD_CPU_GPU_CV,1771.2,,
1780559999.9558742,VDD_SOC,1616.384,,
1780559999.9558742,,,cpu-thermal,57.968
1780559999.9558742,,,gpu-thermal,58.156
1780559999.9558742,,,soc0-thermal,56.375
1780559999.9558742,,,soc1-thermal,55.812
1780559999.9558742,,,soc2-thermal,56.25
1780559999.9558742,,,tj-thermal,58.156
1780560000.0622468,VDD_IN,6307.84,,
1780560000.0622468,VDD_CPU_GPU_CV,1889.28,,
1780560000.0622468,VDD_SOC,1616.384,,
1780560000.0622468,,,cpu-thermal,58.375
1780560000.0622468,,,gpu-thermal,58.5
1780560000.0622468,,,soc0-thermal,56.406
1780560000.0622468,,,soc1-thermal,55.968
1780560000.0622468,,,soc2-thermal,56.375
1780560000.0622468,,,tj-thermal,58.5
1780560000.1702628,VDD_IN,6573.12,,
1780560000.1702628,VDD_CPU_GPU_CV,2082.688,,
1780560000.1702628,VDD_SOC,1653.12,,
1780560000.1702628,,,cpu-thermal,58.375
1780560000.1702628,,,gpu-thermal,58.406
1780560000.1702628,,,soc0-thermal,56.5
1780560000.1702628,,,soc1-thermal,55.812
1780560000.1702628,,,soc2-thermal,56.218
1780560000.1702628,,,tj-thermal,58.406
1780560000.2768004,VDD_IN,6809.28,,
1780560000.2768004,VDD_CPU_GPU_CV,2239.872,,
1780560000.2768004,VDD_SOC,1653.12,,
1780560000.2768004,,,cpu-thermal,58.437
1780560000.2768004,,,gpu-thermal,58.25
1780560000.2768004,,,soc0-thermal,56.5
1780560000.2768004,,,soc1-thermal,55.906
1780560000.2768004,,,soc2-thermal,56.437
1780560000.2768004,,,tj-thermal,58.437
1780560000.383001,VDD_IN,6966.72,,
1780560000.383001,VDD_CPU_GPU_CV,2397.056,,
1780560000.383001,VDD_SOC,1689.728,,
1780560000.383001,,,cpu-thermal,58.25
1780560000.383001,,,gpu-thermal,58.281
1780560000.383001,,,soc0-thermal,56.5
1780560000.383001,,,soc1-thermal,55.968
1780560000.383001,,,soc2-thermal,56.468
1780560000.383001,,,tj-thermal,58.281
1780560000.4892716,VDD_IN,7163.52,,
1780560000.4892716,VDD_CPU_GPU_CV,2471.616,,
1780560000.4892716,VDD_SOC,1689.728,,
1780560000.4892716,,,cpu-thermal,58.343
1780560000.4892716,,,gpu-thermal,58.156
1780560000.4892716,,,soc0-thermal,56.593
1780560000.4892716,,,soc1-thermal,55.843
1780560000.4892716,,,soc2-thermal,56.5
1780560000.4892716,,,tj-thermal,58.406
1780560000.5961943,VDD_IN,6888.0,,
1780560000.5961943,VDD_CPU_GPU_CV,2279.168,,
1780560000.5961943,VDD_SOC,1692.48,,
1780560000.5961943,,,cpu-thermal,58.375
1780560000.5961943,,,gpu-thermal,58.187
1780560000.5961943,,,soc0-thermal,56.375
1780560000.5961943,,,soc1-thermal,55.968
1780560000.5961943,,,soc2-thermal,56.5
1780560000.5961943,,,tj-thermal,58.375
1780560000.702757,VDD_IN,6691.2,,
1780560000.702757,VDD_CPU_GPU_CV,2161.28,,
1780560000.702757,VDD_SOC,1653.12,,
1780560000.702757,,,cpu-thermal,58.406
1780560000.702757,,,gpu-thermal,58.5
1780560000.702757,,,soc0-thermal,56.5
1780560000.702757,,,soc1-thermal,55.968
1780560000.702757,,,soc2-thermal,56.531
1780560000.702757,,,tj-thermal,58.5
1780560000.8086305,VDD_IN,6544.384,,
1780560000.8086305,VDD_CPU_GPU_CV,2046.72,,
1780560000.8086305,VDD_SOC,1655.808,,
1780560000.8086305,,,cpu-thermal,58.468
1780560000.8086305,,,gpu-thermal,58.375
1780560000.8086305,,,soc0-thermal,56.562
1780560000.8086305,,,soc1-thermal,55.937
1780560000.8086305,,,soc2-thermal,56.343
1780560000.8086305,,,tj-thermal,58.375
1780560000.9151065,VDD_IN,6426.112,,
1780560000.9151065,VDD_CPU_GPU_CV,1968.0,,
1780560000.9151065,VDD_SOC,1655.808,,
1780560000.9151065,,,cpu-thermal,58.125
1780560000.9151065,,,gpu-thermal,58.343
1780560000.9151065,,,soc0-thermal,56.437
1780560000.9151065,,,soc1-thermal,55.906
1780560000.9151065,,,soc2-thermal,56.437
1780560000.9151065,,,tj-thermal,58.343
1780560001.021197,VDD_IN,6307.84,,
1780560001.021197,VDD_CPU_GPU_CV,1889.28,,
1780560001.021197,VDD_SOC,1616.384,,
1780560001.021197,,,cpu-thermal,58.25
1780560001.021197,,,gpu-thermal,58.187
1780560001.021197,,,soc0-thermal,56.531
1780560001.021197,,,soc1-thermal,56.031
1780560001.021197,,,soc2-thermal,56.437
1780560001.021197,,,tj-thermal,58.25
1780560001.127432,VDD_IN,6228.992,,
1780560001.127432,VDD_CPU_GPU_CV,1849.92,,
1780560001.127432,VDD_SOC,1616.384,,
1780560001.127432,,,cpu-thermal,58.093
1780560001.127432,,,gpu-thermal,58.156
1780560001.127432,,,soc0-thermal,56.562
1780560001.127432,,,soc1-thermal,56.125
1780560001.127432,,,soc2-thermal,56.375
1780560001.127432,,,tj-thermal,58.156
1780560001.2335174,VDD_IN,6189.568,,
1780560001.2335174,VDD_CPU_GPU_CV,1810.56,,
1780560001.2335174,VDD_SOC,1616.384,,
1780560001.2335174,,,cpu-thermal,58.062
1780560001.2335174,,,gpu-thermal,58.5
1780560001.2335174,,,soc0-thermal,56.406
1780560001.2335174,,,soc1-thermal,56.0
1780560001.2335174,,,soc2-thermal,56.437
1780560001.2335174,,,tj-thermal,58.5
1780560001.340452,VDD_IN,6189.568,,
1780560001.340452,VDD_CPU_GPU_CV,1810.56,,
1780560001.340452,VDD_SOC,1616.384,,
1780560001.340452,,,cpu-thermal,58.093
1780560001.340452,,,gpu-thermal,58.437
1780560001.340452,,,soc0-thermal,56.5
1780560001.340452,,,soc1-thermal,56.0
1780560001.340452,,,soc2-thermal,56.437
1780560001.340452,,,tj-thermal,58.437
1780560001.4464092,VDD_IN,6189.568,,
1780560001.4464092,VDD_CPU_GPU_CV,1810.56,,
1780560001.4464092,VDD_SOC,1616.384,,
1780560001.4464092,,,cpu-thermal,58.031
1780560001.4464092,,,gpu-thermal,58.375
1780560001.4464092,,,soc0-thermal,56.531
1780560001.4464092,,,soc1-thermal,56.093
1780560001.4464092,,,soc2-thermal,56.437
1780560001.4464092,,,tj-thermal,58.375
1780560001.5524247,VDD_IN,6150.144,,
1780560001.5524247,VDD_CPU_GPU_CV,1771.2,,
1780560001.5524247,VDD_SOC,1616.384,,
1780560001.5524247,,,cpu-thermal,58.062
1780560001.5524247,,,gpu-thermal,58.281
1780560001.5524247,,,soc0-thermal,56.5
1780560001.5524247,,,soc1-thermal,55.906
1780560001.5524247,,,soc2-thermal,56.437
1780560001.5524247,,,tj-thermal,58.281
1780560001.6585834,VDD_IN,6150.144,,
1780560001.6585834,VDD_CPU_GPU_CV,1771.2,,
1780560001.6585834,VDD_SOC,1616.384,,
1780560001.6585834,,,cpu-thermal,58.25
1780560001.6585834,,,gpu-thermal,58.156
1780560001.6585834,,,soc0-thermal,56.468
1780560001.6585834,,,soc1-thermal,56.0
1780560001.6585834,,,soc2-thermal,56.468
1780560001.6585834,,,tj-thermal,58.25
1780560001.765031,VDD_IN,6110.72,,
1780560001.765031,VDD_CPU_GPU_CV,1771.2,,
1780560001.765031,VDD_SOC,1616.384,,
1780560001.765031,,,cpu-thermal,58.375
1780560001.765031,,,gpu-thermal,58.125
1780560001.765031,,,soc0-thermal,56.5
1780560001.765031,,,soc1-thermal,56.187
1780560001.765031,,,soc2-thermal,56.375
1780560001.765031,,,tj-thermal,58.375
1780560001.8714135,VDD_IN,6081.152,,
1780560001.8714135,VDD_CPU_GPU_CV,1734.656,,
1780560001.8714135,VDD_SOC,1616.384,,
1780560001.8714135,,,cpu-thermal,58.031
1780560001.8714135,,,gpu-thermal,58.5
1780560001.8714135,,,soc0-thermal,56.562
1780560001.8714135,,,soc1-thermal,56.0
1780560001.8714135,,,soc2-thermal,56.406
1780560001.8714135,,,tj-thermal,58.5
1780560001.977614,VDD_IN,6081.152,,
1780560001.977614,VDD_CPU_GPU_CV,1734.656,,
1780560001.977614,VDD_SOC,1616.384,,
1780560001.977614,,,cpu-thermal,58.218
1780560001.977614,,,gpu-thermal,58.281
1780560001.977614,,,soc0-thermal,56.562
1780560001.977614,,,soc1-thermal,56.0
1780560001.977614,,,soc2-thermal,56.562
1780560001.977614,,,tj-thermal,58.281
1780560002.0835593,VDD_IN,6081.152,,
1780560002.0835593,VDD_CPU_GPU_CV,1734.656,,
1780560002.0835593,VDD_SOC,1616.384,,
1780560002.0835593,,,cpu-thermal,58.25
1780560002.0835593,,,gpu-thermal,58.281
1780560002.0835593,,,soc0-thermal,56.531
1780560002.0835593,,,soc1-thermal,56.062
1780560002.0835593,,,soc2-thermal,56.406
1780560002.0835593,,,tj-thermal,58.281
1780560002.1899843,VDD_IN,6081.152,,
1780560002.1899843,VDD_CPU_GPU_CV,1734.656,,
1780560002.1899843,VDD_SOC,1616.384,,
1780560002.1899843,,,cpu-thermal,58.125
1780560002.1899843,,,gpu-thermal,58.218
1780560002.1899843,,,soc0-thermal,56.656
1780560002.1899843,,,soc1-thermal,56.156
1780560002.1899843,,,soc2-thermal,56.375
1780560002.1899843,,,tj-thermal,58.218
1780560002.2966664,VDD_IN,6081.152,,
1780560002.2966664,VDD_CPU_GPU_CV,1734.656,,
1780560002.2966664,VDD_SOC,1616.384,,
1780560002.2966664,,,cpu-thermal,58.25
1780560002.2966664,,,gpu-thermal,58.125
1780560002.2966664,,,soc0-thermal,56.656
1780560002.2966664,,,soc1-thermal,56.0
1780560002.2966664,,,soc2-thermal,56.468
1780560002.2966664,,,tj-thermal,58.25
1780560002.402744,VDD_IN,6120.64,,
1780560002.402744,VDD_CPU_GPU_CV,1734.656,,
1780560002.402744,VDD_SOC,1616.384,,
1780560002.402744,,,cpu-thermal,58.156
1780560002.402744,,,gpu-thermal,58.343
1780560002.402744,,,soc0-thermal,56.5
1780560002.402744,,,soc1-thermal,56.0
1780560002.402744,,,soc2-thermal,56.5
1780560002.402744,,,tj-thermal,58.5
1780560002.5085182,VDD_IN,6110.72,,
1780560002.5085182,VDD_CPU_GPU_CV,1731.84,,
1780560002.5085182,VDD_SOC,1616.384,,
1780560002.5085182,,,cpu-thermal,58.062
1780560002.5085182,,,gpu-thermal,58.281
1780560002.5085182,,,soc0-thermal,56.593
1780560002.5085182,,,soc1-thermal,56.218
1780560002.5085182,,,soc2-thermal,56.375
1780560002.5085182,,,tj-thermal,58.5
1780560002.6147602,VDD_IN,6110.72,,
1780560002.6147602,VDD_CPU_GPU_CV,1731.84,,
1780560002.6147602,VDD_SOC,1616.384,,
1780560002.6147602,,,cpu-thermal,58.218
1780560002.6147602,,,gpu-thermal,58.156
1780560002.6147602,,,soc0-thermal,56.468
1780560002.6147602,,,soc1-thermal,55.968
1780560002.6147602,,,soc2-thermal,56.406
1780560002.6147602,,,tj-thermal,58.343
1780560002.7209837,VDD_IN,6110.72,,
1780560002.7209837,VDD_CPU_GPU_CV,1731.84,,
1780560002.7209837,VDD_SOC,1616.384,,
1780560002.7209837,,,cpu-thermal,58.343
1780560002.7209837,,,gpu-thermal,58.562
1780560002.7209837,,,soc0-thermal,56.531
1780560002.7209837,,,soc1-thermal,56.031
1780560002.7209837,,,soc2-thermal,56.531
1780560002.7209837,,,tj-thermal,58.375
1780560002.8271198,VDD_IN,6110.72,,
1780560002.8271198,VDD_CPU_GPU_CV,1734.656,,
1780560002.8271198,VDD_SOC,1616.384,,
1780560002.8271198,,,cpu-thermal,58.093
1780560002.8271198,,,gpu-thermal,58.437
1780560002.8271198,,,soc0-thermal,56.656
1780560002.8271198,,,soc1-thermal,56.062
1780560002.8271198,,,soc2-thermal,56.375
1780560002.8271198,,,tj-thermal,58.437
1780560002.9330258,VDD_IN,6110.72,,
1780560002.9330258,VDD_CPU_GPU_CV,1734.656,,
1780560002.9330258,VDD_SOC,1616.384,,
1780560002.9330258,,,cpu-thermal,58.156
1780560002.9330258,,,gpu-thermal,58.281
1780560002.9330258,,,soc0-thermal,56.718
1780560002.9330258,,,soc1-thermal,55.968
1780560002.9330258,,,soc2-thermal,56.593
1780560002.9330258,,,tj-thermal,58.281
1780560003.039218,VDD_IN,6071.296,,
1780560003.039218,VDD_CPU_GPU_CV,1734.656,,
1780560003.039218,VDD_SOC,1616.384,,
1780560003.039218,,,cpu-thermal,58.25
1780560003.039218,,,gpu-thermal,58.281
1780560003.039218,,,soc0-thermal,56.5
1780560003.039218,,,soc1-thermal,56.062
1780560003.039218,,,soc2-thermal,56.437
1780560003.039218,,,tj-thermal,58.281
1780560003.1455054,VDD_IN,6081.152,,
1780560003.1455054,VDD_CPU_GPU_CV,1734.656,,
1780560003.1455054,VDD_SOC,1616.384,,
1780560003.1455054,,,cpu-thermal,58.312
1780560003.1455054,,,gpu-thermal,58.25
1780560003.1455054,,,soc0-thermal,56.593
1780560003.1455054,,,soc1-thermal,56.031
1780560003.1455054,,,soc2-thermal,56.468
1780560003.1455054,,,tj-thermal,58.312
1780560003.2516458,VDD_IN,6081.152,,
1780560003.2516458,VDD_CPU_GPU_CV,1734.656,,
1780560003.2516458,VDD_SOC,1616.384,,
1780560003.2516458,,,cpu-thermal,58.437
1780560003.2516458,,,gpu-thermal,58.593
1780560003.2516458,,,soc0-thermal,56.718
1780560003.2516458,,,soc1-thermal,56.0
1780560003.2516458,,,soc2-thermal,56.5
1780560003.2516458,,,tj-thermal,58.593
1780560003.3577075,VDD_IN,6110.72,,
1780560003.3577075,VDD_CPU_GPU_CV,1731.84,,
1780560003.3577075,VDD_SOC,1616.384,,
1780560003.3577075,,,cpu-thermal,58.125
1780560003.3577075,,,gpu-thermal,58.5
1780560003.3577075,,,soc0-thermal,56.593
1780560003.3577075,,,soc1-thermal,56.0
1780560003.3577075,,,soc2-thermal,56.5
1780560003.3577075,,,tj-thermal,58.5
1780560003.4638402,VDD_IN,6150.144,,
1780560003.4638402,VDD_CPU_GPU_CV,1771.2,,
1780560003.4638402,VDD_SOC,1616.384,,
1780560003.4638402,,,cpu-thermal,58.25
1780560003.4638402,,,gpu-thermal,58.312
1780560003.4638402,,,soc0-thermal,56.593
1780560003.4638402,,,soc1-thermal,56.093
1780560003.4638402,,,soc2-thermal,56.531
1780560003.4638402,,,tj-thermal,58.312
1780560003.569629,VDD_IN,6110.72,,
1780560003.569629,VDD_CPU_GPU_CV,1731.84,,
1780560003.569629,VDD_SOC,1616.384,,
1780560003.569629,,,cpu-thermal,58.187
1780560003.569629,,,gpu-thermal,58.312
1780560003.569629,,,soc0-thermal,56.656
1780560003.569629,,,soc1-thermal,56.156
1780560003.569629,,,soc2-thermal,56.531
1780560003.569629,,,tj-thermal,58.312
1780560003.675722,VDD_IN,6110.72,,
1780560003.675722,VDD_CPU_GPU_CV,1731.84,,
1780560003.675722,VDD_SOC,1616.384,,
1780560003.675722,,,cpu-thermal,58.156
1780560003.675722,,,gpu-thermal,58.312
1780560003.675722,,,soc0-thermal,56.531
1780560003.675722,,,soc1-thermal,56.0
1780560003.675722,,,soc2-thermal,56.531
1780560003.675722,,,tj-thermal,58.312
1780560003.7822971,VDD_IN,6120.64,,
1780560003.7822971,VDD_CPU_GPU_CV,1734.656,,
1780560003.7822971,VDD_SOC,1616.384,,
1780560003.7822971,,,cpu-thermal,58.093
1780560003.7822971,,,gpu-thermal,58.187
1780560003.7822971,,,soc0-thermal,56.562
1780560003.7822971,,,soc1-thermal,56.031
1780560003.7822971,,,soc2-thermal,56.593
1780560003.7822971,,,tj-thermal,58.187
1780560003.8887854,VDD_IN,6110.72,,
1780560003.8887854,VDD_CPU_GPU_CV,1734.656,,
1780560003.8887854,VDD_SOC,1616.384,,
1780560003.8887854,,,cpu-thermal,58.125
1780560003.8887854,,,gpu-thermal,58.5
1780560003.8887854,,,soc0-thermal,56.656
1780560003.8887854,,,soc1-thermal,56.281
1780560003.8887854,,,soc2-thermal,56.437
1780560003.8887854,,,tj-thermal,58.5
1780560003.9949348,VDD_IN,6120.64,,
1780560003.9949348,VDD_CPU_GPU_CV,1734.656,,
1780560003.9949348,VDD_SOC,1616.384,,
1780560003.9949348,,,cpu-thermal,58.156
1780560003.9949348,,,gpu-thermal,58.5
1780560003.9949348,,,soc0-thermal,56.625
1780560003.9949348,,,soc1-thermal,56.031
1780560003.9949348,,,soc2-thermal,56.562
1780560003.9949348,,,tj-thermal,58.5
1780560004.1013553,VDD_IN,6081.152,,
1780560004.1013553,VDD_CPU_GPU_CV,1734.656,,
1780560004.1013553,VDD_SOC,1616.384,,
1780560004.1013553,,,cpu-thermal,58.406
1780560004.1013553,,,gpu-thermal,58.375
1780560004.1013553,,,soc0-thermal,56.625
1780560004.1013553,,,soc1-thermal,56.125
1780560004.1013553,,,soc2-thermal,56.531
1780560004.1013553,,,tj-thermal,58.406
1780560004.2076516,VDD_IN,6081.152,,
1780560004.2076516,VDD_CPU_GPU_CV,1734.656,,
1780560004.2076516,VDD_SOC,1616.384,,
1780560004.2076516,,,cpu-thermal,58.593
1780560004.2076516,,,gpu-thermal,58.281
1780560004.2076516,,,soc0-thermal,56.656
1780560004.2076516,,,soc1-thermal,56.312
1780560004.2076516,,,soc2-thermal,56.468
1780560004.2076516,,,tj-thermal,58.593
1780560004.3139973,VDD_IN,6110.72,,
1780560004.3139973,VDD_CPU_GPU_CV,1731.84,,
1780560004.3139973,VDD_SOC,1616.384,,
1780560004.3139973,,,cpu-thermal,58.25
1780560004.3139973,,,gpu-thermal,58.5
1780560004.3139973,,,soc0-thermal,56.593
1780560004.3139973,,,soc1-thermal,56.062
1780560004.3139973,,,soc2-thermal,56.468
1780560004.3139973,,,tj-thermal,58.343
1780560004.4199488,VDD_IN,6110.72,,
1780560004.4199488,VDD_CPU_GPU_CV,1731.84,,
1780560004.4199488,VDD_SOC,1616.384,,
1780560004.4199488,,,cpu-thermal,58.25
1780560004.4199488,,,gpu-thermal,58.437
1780560004.4199488,,,soc0-thermal,56.625
1780560004.4199488,,,soc1-thermal,56.093
1780560004.4199488,,,soc2-thermal,56.593
1780560004.4199488,,,tj-thermal,58.593
1780560004.5264833,VDD_IN,6150.144,,
1780560004.5264833,VDD_CPU_GPU_CV,1771.2,,
1780560004.5264833,VDD_SOC,1616.384,,
1780560004.5264833,,,cpu-thermal,58.406
1780560004.5264833,,,gpu-thermal,58.312
1780560004.5264833,,,soc0-thermal,56.687
1780560004.5264833,,,soc1-thermal,56.156
1780560004.5264833,,,soc2-thermal,56.562
1780560004.5264833,,,tj-thermal,58.5
1780560004.6327052,VDD_IN,6110.72,,
1780560004.6327052,VDD_CPU_GPU_CV,1731.84,,
1780560004.6327052,VDD_SOC,1616.384,,
1780560004.6327052,,,cpu-thermal,58.281
1780560004.6327052,,,gpu-thermal,58.312
1780560004.6327052,,,soc0-thermal,56.75
1780560004.6327052,,,soc1-thermal,56.093
1780560004.6327052,,,soc2-thermal,56.531
1780560004.6327052,,,tj-thermal,58.5
1780560004.7387464,VDD_IN,6110.72,,
1780560004.7387464,VDD_CPU_GPU_CV,1731.84,,
1780560004.7387464,VDD_SOC,1616.384,,
1780560004.7387464,,,cpu-thermal,58.218
1780560004.7387464,,,gpu-thermal,58.625
1780560004.7387464,,,soc0-thermal,56.656
1780560004.7387464,,,soc1-thermal,56.125
1780560004.7387464,,,soc2-thermal,56.625
1780560004.7387464,,,tj-thermal,58.343
1780560004.8449214,VDD_IN,6150.144,,
1780560004.8449214,VDD_CPU_GPU_CV,1771.2,,
1780560004.8449214,VDD_SOC,1616.384,,
1780560004.8449214,,,cpu-thermal,58.25
1780560004.8449214,,,gpu-thermal,58.531
1780560004.8449214,,,soc0-thermal,56.75
1780560004.8449214,,,soc1-thermal,56.125
1780560004.8449214,,,soc2-thermal,56.656
1780560004.8449214,,,tj-thermal,58.531
1780560004.9511633,VDD_IN,6150.144,,
1780560004.9511633,VDD_CPU_GPU_CV,1771.2,,
1780560004.9511633,VDD_SOC,1616.384,,
1780560004.9511633,,,cpu-thermal,58.187
1780560004.9511633,,,gpu-thermal,58.437
1780560004.9511633,,,soc0-thermal,56.781
1780560004.9511633,,,soc1-thermal,56.093
1780560004.9511633,,,soc2-thermal,56.562
1780560004.9511633,,,tj-thermal,58.437
1780560005.0573394,VDD_IN,6150.144,,
1780560005.0573394,VDD_CPU_GPU_CV,1771.2,,
1780560005.0573394,VDD_SOC,1616.384,,
1780560005.0573394,,,cpu-thermal,58.281
1780560005.0573394,,,gpu-thermal,58.343
1780560005.0573394,,,soc0-thermal,56.562
1780560005.0573394,,,soc1-thermal,56.093
1780560005.0573394,,,soc2-thermal,56.625
1780560005.0573394,,,tj-thermal,58.406
1780560005.1636925,VDD_IN,6150.144,,
1780560005.1636925,VDD_CPU_GPU_CV,1771.2,,
1780560005.1636925,VDD_SOC,1616.384,,
1780560005.1636925,,,cpu-thermal,58.531
1780560005.1636925,,,gpu-thermal,58.281
1780560005.1636925,,,soc0-thermal,56.687
1780560005.1636925,,,soc1-thermal,56.156
1780560005.1636925,,,soc2-thermal,56.625
1780560005.1636925,,,tj-thermal,58.531
1780560005.2697833,VDD_IN,6150.144,,
1780560005.2697833,VDD_CPU_GPU_CV,1771.2,,
1780560005.2697833,VDD_SOC,1616.384,,
1780560005.2697833,,,cpu-thermal,58.187
1780560005.2697833,,,gpu-thermal,58.781
1780560005.2697833,,,soc0-thermal,56.687
1780560005.2697833,,,soc1-thermal,56.281
1780560005.2697833,,,soc2-thermal,56.656
1780560005.2697833,,,tj-thermal,58.781
1780560005.3759518,VDD_IN,6150.144,,
1780560005.3759518,VDD_CPU_GPU_CV,1771.2,,
1780560005.3759518,VDD_SOC,1616.384,,
1780560005.3759518,,,cpu-thermal,58.218
1780560005.3759518,,,gpu-thermal,58.531
1780560005.3759518,,,soc0-thermal,56.656
1780560005.3759518,,,soc1-thermal,56.062
1780560005.3759518,,,soc2-thermal,56.593
1780560005.3759518,,,tj-thermal,58.531
1780560005.481956,VDD_IN,6150.144,,
1780560005.481956,VDD_CPU_GPU_CV,1771.2,,
1780560005.481956,VDD_SOC,1616.384,,
1780560005.481956,,,cpu-thermal,58.375
1780560005.481956,,,gpu-thermal,58.5
1780560005.481956,,,soc0-thermal,56.656
1780560005.481956,,,soc1-thermal,56.156
1780560005.481956,,,soc2-thermal,56.656
1780560005.481956,,,tj-thermal,58.5
1780560005.5879726,VDD_IN,6150.144,,
1780560005.5879726,VDD_CPU_GPU_CV,1771.2,,
1780560005.5879726,VDD_SOC,1616.384,,
1780560005.5879726,,,cpu-thermal,58.593
1780560005.5879726,,,gpu-thermal,58.5
1780560005.5879726,,,soc0-thermal,56.781
1780560005.5879726,,,soc1-thermal,56.312
1780560005.5879726,,,soc2-thermal,56.562
1780560005.5879726,,,tj-thermal,58.593
1780560005.6943345,VDD_IN,6150.144,,
1780560005.6943345,VDD_CPU_GPU_CV,1771.2,,
1780560005.6943345,VDD_SOC,1616.384,,
1780560005.6943345,,,cpu-thermal,58.375
1780560005.6943345,,,gpu-thermal,58.406
1780560005.6943345,,,soc0-thermal,56.843
1780560005.6943345,,,soc1-thermal,56.125
1780560005.6943345,,,soc2-thermal,56.593
1780560005.6943345,,,tj-thermal,58.406
1780560005.8009987,VDD_IN,6110.72,,
1780560005.8009987,VDD_CPU_GPU_CV,1731.84,,
1780560005.8009987,VDD_SOC,1616.384,,
1780560005.8009987,,,cpu-thermal,58.312
1780560005.8009987,,,gpu-thermal,58.375
1780560005.8009987,,,soc0-thermal,56.75
1780560005.8009987,,,soc1-thermal,56.093
1780560005.8009987,,,soc2-thermal,56.656
1780560005.8009987,,,tj-thermal,58.375
1780560005.907005,VDD_IN,6110.72,,
1780560005.907005,VDD_CPU_GPU_CV,1771.2,,
1780560005.907005,VDD_SOC,1616.384,,
1780560005.907005,,,cpu-thermal,58.281
1780560005.907005,,,gpu-thermal,58.687
1780560005.907005,,,soc0-thermal,56.75
1780560005.907005,,,soc1-thermal,56.25
1780560005.907005,,,soc2-thermal,56.593
1780560005.907005,,,tj-thermal,58.687
1780560006.0134861,VDD_IN,6110.72,,
1780560006.0134861,VDD_CPU_GPU_CV,1734.656,,
1780560006.0134861,VDD_SOC,1616.384,,
1780560006.0134861,,,cpu-thermal,58.25
1780560006.0134861,,,gpu-thermal,58.562
1780560006.0134861,,,soc0-thermal,56.812
1780560006.0134861,,,soc1-thermal,56.156
1780560006.0134861,,,soc2-thermal,56.562
1780560006.0134861,,,tj-thermal,58.562
1780560006.1200886,VDD_IN,6081.152,,
1780560006.1200886,VDD_CPU_GPU_CV,1734.656,,
1780560006.1200886,VDD_SOC,1616.384,,
1780560006.1200886,,,cpu-thermal,58.25
1780560006.1200886,,,gpu-thermal,58.406
1780560006.1200886,,,soc0-thermal,56.718
1780560006.1200886,,,soc1-thermal,56.187
1780560006.1200886,,,soc2-thermal,56.625
1780560006.1200886,,,tj-thermal,58.562
1780560006.2260711,VDD_IN,6110.72,,
1780560006.2260711,VDD_CPU_GPU_CV,1731.84,,
1780560006.2260711,VDD_SOC,1616.384,,
1780560006.2260711,,,cpu-thermal,58.25
1780560006.2260711,,,gpu-thermal,58.375
1780560006.2260711,,,soc0-thermal,56.718
1780560006.2260711,,,soc1-thermal,56.218
1780560006.2260711,,,soc2-thermal,56.562
1780560006.2260711,,,tj-thermal,58.375
1780560006.3323855,VDD_IN,6110.72,,
1780560006.3323855,VDD_CPU_GPU_CV,1771.2,,
1780560006.3323855,VDD_SOC,1616.384,,
1780560006.3323855,,,cpu-thermal,58.343
1780560006.3323855,,,gpu-thermal,58.562
1780560006.3323855,,,soc0-thermal,56.906
1780560006.3323855,,,soc1-thermal,56.093
1780560006.3323855,,,soc2-thermal,56.656
1780560006.3323855,,,tj-thermal,58.437
1780560006.4382722,VDD_IN,6150.144,,
1780560006.4382722,VDD_CPU_GPU_CV,1771.2,,
1780560006.4382722,VDD_SOC,1616.384,,
1780560006.4382722,,,cpu-thermal,58.218
1780560006.4382722,,,gpu-thermal,58.5
1780560006.4382722,,,soc0-thermal,56.687
1780560006.4382722,,,soc1-thermal,56.093
1780560006.4382722,,,soc2-thermal,56.656
1780560006.4382722,,,tj-thermal,58.843
1780560006.5440824,VDD_IN,6150.144,,
1780560006.5440824,VDD_CPU_GPU_CV,1771.2,,
1780560006.5440824,VDD_SOC,1616.384,,
1780560006.5440824,,,cpu-thermal,58.531
1780560006.5440824,,,gpu-thermal,58.343
1780560006.5440824,,,soc0-thermal,56.781
1780560006.5440824,,,soc1-thermal,56.187
1780560006.5440824,,,soc2-thermal,56.718
1780560006.5440824,,,tj-thermal,58.718
1780560006.6509259,VDD_IN,6150.144,,
1780560006.6509259,VDD_CPU_GPU_CV,1771.2,,
1780560006.6509259,VDD_SOC,1616.384,,
1780560006.6509259,,,cpu-thermal,58.75
1780560006.6509259,,,gpu-thermal,58.343
1780560006.6509259,,,soc0-thermal,56.781
1780560006.6509259,,,soc1-thermal,56.187
1780560006.6509259,,,soc2-thermal,56.531
1780560006.6509259,,,tj-thermal,58.562
1780560006.7569702,VDD_IN,6150.144,,
1780560006.7569702,VDD_CPU_GPU_CV,1771.2,,
1780560006.7569702,VDD_SOC,1616.384,,
1780560006.7569702,,,cpu-thermal,58.406
1780560006.7569702,,,gpu-thermal,58.75
1780560006.7569702,,,soc0-thermal,56.718
1780560006.7569702,,,soc1-thermal,56.25
1780560006.7569702,,,soc2-thermal,56.625
1780560006.7569702,,,tj-thermal,58.468
1780560006.8629403,VDD_IN,6150.144,,
1780560006.8629403,VDD_CPU_GPU_CV,1771.2,,
1780560006.8629403,VDD_SOC,1616.384,,
1780560006.8629403,,,cpu-thermal,58.5
1780560006.8629403,,,gpu-thermal,58.562
1780560006.8629403,,,soc0-thermal,56.75
1780560006.8629403,,,soc1-thermal,56.187
1780560006.8629403,,,soc2-thermal,56.625
1780560006.8629403,,,tj-thermal,58.562
1780560006.968667,VDD_IN,6150.144,,
1780560006.968667,VDD_CPU_GPU_CV,1771.2,,
1780560006.968667,VDD_SOC,1616.384,,
1780560006.968667,,,cpu-thermal,58.437
1780560006.968667,,,gpu-thermal,58.437
1780560006.968667,,,soc0-thermal,56.781
1780560006.968667,,,soc1-thermal,56.406
1780560006.968667,,,soc2-thermal,56.593
1780560006.968667,,,tj-thermal,58.437
1780560007.0747616,VDD_IN,6110.72,,
1780560007.0747616,VDD_CPU_GPU_CV,1771.2,,
1780560007.0747616,VDD_SOC,1616.384,,
1780560007.0747616,,,cpu-thermal,58.343
1780560007.0747616,,,gpu-thermal,58.406
1780560007.0747616,,,soc0-thermal,56.843
1780560007.0747616,,,soc1-thermal,56.093
1780560007.0747616,,,soc2-thermal,56.593
1780560007.0747616,,,tj-thermal,58.406
1780560007.180646,VDD_IN,6150.144,,
1780560007.180646,VDD_CPU_GPU_CV,1771.2,,
1780560007.180646,VDD_SOC,1616.384,,
1780560007.180646,,,cpu-thermal,58.437
1780560007.180646,,,gpu-thermal,58.5
1780560007.180646,,,soc0-thermal,56.812
1780560007.180646,,,soc1-thermal,56.218
1780560007.180646,,,soc2-thermal,56.718
1780560007.180646,,,tj-thermal,58.5
1780560007.286592,VDD_IN,6150.144,,
1780560007.286592,VDD_CPU_GPU_CV,1771.2,,
1780560007.286592,VDD_SOC,1616.384,,
1780560007.286592,,,cpu-thermal,58.375
1780560007.286592,,,gpu-thermal,58.843
1780560007.286592,,,soc0-thermal,56.906
1780560007.286592,,,soc1-thermal,56.25
1780560007.286592,,,soc2-thermal,56.75
1780560007.286592,,,tj-thermal,58.843
1780560007.3924394,VDD_IN,6150.144,,
1780560007.3924394,VDD_CPU_GPU_CV,1771.2,,
1780560007.3924394,VDD_SOC,1616.384,,
1780560007.3924394,,,cpu-thermal,58.187
1780560007.3924394,,,gpu-thermal,58.468
1780560007.3924394,,,soc0-thermal,56.843
1780560007.3924394,,,soc1-thermal,56.156
1780560007.3924394,,,soc2-thermal,56.562
1780560007.3924394,,,tj-thermal,58.656
1780560007.4980586,VDD_IN,6150.144,,
1780560007.4980586,VDD_CPU_GPU_CV,1771.2,,
1780560007.4980586,VDD_SOC,1616.384,,
1780560007.4980586,,,cpu-thermal,58.25
1780560007.4980586,,,gpu-thermal,58.5
1780560007.4980586,,,soc0-thermal,56.718
1780560007.4980586,,,soc1-thermal,56.312
1780560007.4980586,,,soc2-thermal,56.656
1780560007.4980586,,,tj-thermal,58.593
1780560007.603985,VDD_IN,6150.144,,
1780560007.603985,VDD_CPU_GPU_CV,1771.2,,
1780560007.603985,VDD_SOC,1616.384,,
1780560007.603985,,,cpu-thermal,58.656
1780560007.603985,,,gpu-thermal,58.781
1780560007.603985,,,soc0-thermal,56.812
1780560007.603985,,,soc1-thermal,56.218
1780560007.603985,,,soc2-thermal,56.75
1780560007.603985,,,tj-thermal,58.781
1780560007.7100337,VDD_IN,6189.568,,
1780560007.7100337,VDD_CPU_GPU_CV,1810.56,,
1780560007.7100337,VDD_SOC,1616.384,,
1780560007.7100337,,,cpu-thermal,58.343
1780560007.7100337,,,gpu-thermal,58.718
1780560007.7100337,,,soc0-thermal,56.875
1780560007.7100337,,,soc1-thermal,56.343
1780560007.7100337,,,soc2-thermal,56.718
1780560007.7100337,,,tj-thermal,58.718
1780560007.8160264,VDD_IN,6189.568,,
1780560007.8160264,VDD_CPU_GPU_CV,1810.56,,
1780560007.8160264,VDD_SOC,1616.384,,
1780560007.8160264,,,cpu-thermal,58.25
1780560007.8160264,,,gpu-thermal,58.625
1780560007.8160264,,,soc0-thermal,56.968
1780560007.8160264,,,soc1-thermal,56.156
1780560007.8160264,,,soc2-thermal,56.687
1780560007.8160264,,,tj-thermal,58.625
1780560007.9221723,VDD_IN,6150.144,,
1780560007.9221723,VDD_CPU_GPU_CV,1810.56,,
1780560007.9221723,VDD_SOC,1616.384,,
1780560007.9221723,,,cpu-thermal,58.531
1780560007.9221723,,,gpu-thermal,58.5
1780560007.9221723,,,soc0-thermal,56.75
1780560007.9221723,,,soc1-thermal,56.281
1780560007.9221723,,,soc2-thermal,56.687
1780560007.9221723,,,tj-thermal,58.531
1780560008.0283875,VDD_IN,6150.144,,
1780560008.0283875,VDD_CPU_GPU_CV,1810.56,,
1780560008.0283875,VDD_SOC,1616.384,,
1780560008.0283875,,,cpu-thermal,58.687
1780560008.0283875,,,gpu-thermal,58.5
1780560008.0283875,,,soc0-thermal,56.875
1780560008.0283875,,,soc1-thermal,56.343
1780560008.0283875,,,soc2-thermal,56.656
1780560008.0283875,,,tj-thermal,58.687
1780560008.1347454,VDD_IN,6150.144,,
1780560008.1347454,VDD_CPU_GPU_CV,1810.56,,
1780560008.1347454,VDD_SOC,1616.384,,
1780560008.1347454,,,cpu-thermal,58.312
1780560008.1347454,,,gpu-thermal,58.906
1780560008.1347454,,,soc0-thermal,57.0
1780560008.1347454,,,soc1-thermal,56.218
1780560008.1347454,,,soc2-thermal,56.75
1780560008.1347454,,,tj-thermal,58.906
1780560008.2408504,VDD_IN,6150.144,,
1780560008.2408504,VDD_CPU_GPU_CV,1771.2,,
1780560008.2408504,VDD_SOC,1616.384,,
1780560008.2408504,,,cpu-thermal,58.531
1780560008.2408504,,,gpu-thermal,58.781
1780560008.2408504,,,soc0-thermal,56.781
1780560008.2408504,,,soc1-thermal,56.187
1780560008.2408504,,,soc2-thermal,56.75
1780560008.2408504,,,tj-thermal,58.781
1780560008.3471434,VDD_IN,6150.144,,
1780560008.3471434,VDD_CPU_GPU_CV,1771.2,,
1780560008.3471434,VDD_SOC,1616.384,,
1780560008.3471434,,,cpu-thermal,58.5
1780560008.3471434,,,gpu-thermal,58.656
1780560008.3471434,,,soc0-thermal,56.906
1780560008.3471434,,,soc1-thermal,56.281
1780560008.3471434,,,soc2-thermal,56.875
1780560008.3471434,,,tj-thermal,58.656
1780560008.453082,VDD_IN,6189.568,,
1780560008.453082,VDD_CPU_GPU_CV,1771.2,,
1780560008.453082,VDD_SOC,1616.384,,
1780560008.453082,,,cpu-thermal,58.25
1780560008.453082,,,gpu-thermal,58.656
1780560008.453082,,,soc0-thermal,56.937
1780560008.453082,,,soc1-thermal,56.281
1780560008.453082,,,soc2-thermal,56.625
1780560008.453082,,,tj-thermal,58.656
1780560008.559615,VDD_IN,6189.568,,
1780560008.559615,VDD_CPU_GPU_CV,1771.2,,
1780560008.559615,VDD_SOC,1616.384,,
1780560008.559615,,,cpu-thermal,58.406
1780560008.559615,,,gpu-thermal,58.562
1780560008.559615,,,soc0-thermal,56.812
1780560008.559615,,,soc1-thermal,56.312
1780560008.559615,,,soc2-thermal,56.75
1780560008.559615,,,tj-thermal,58.562
1780560008.6661797,VDD_IN,6150.144,,
1780560008.6661797,VDD_CPU_GPU_CV,1771.2,,
1780560008.6661797,VDD_SOC,1616.384,,
1780560008.6661797,,,cpu-thermal,58.375
1780560008.6661797,,,gpu-thermal,58.531
1780560008.6661797,,,soc0-thermal,56.875
1780560008.6661797,,,soc1-thermal,56.343
1780560008.6661797,,,soc2-thermal,56.687
1780560008.6661797,,,tj-thermal,58.531
1780560008.7725086,VDD_IN,6150.144,,
1780560008.7725086,VDD_CPU_GPU_CV,1771.2,,
1780560008.7725086,VDD_SOC,1616.384,,
1780560008.7725086,,,cpu-thermal,58.406
1780560008.7725086,,,gpu-thermal,58.875
1780560008.7725086,,,soc0-thermal,56.968
1780560008.7725086,,,soc1-thermal,56.25
1780560008.7725086,,,soc2-thermal,56.656
1780560008.7725086,,,tj-thermal,58.875
1780560008.8789582,VDD_IN,6150.144,,
1780560008.8789582,VDD_CPU_GPU_CV,1771.2,,
1780560008.8789582,VDD_SOC,1616.384,,
1780560008.8789582,,,cpu-thermal,58.375
1780560008.8789582,,,gpu-thermal,58.718
1780560008.8789582,,,soc0-thermal,56.843
1780560008.8789582,,,soc1-thermal,56.281
1780560008.8789582,,,soc2-thermal,56.812
1780560008.8789582,,,tj-thermal,58.718
1780560008.9851868,VDD_IN,6110.72,,
1780560008.9851868,VDD_CPU_GPU_CV,1771.2,,
1780560008.9851868,VDD_SOC,1616.384,,
1780560008.9851868,,,cpu-thermal,58.718
1780560008.9851868,,,gpu-thermal,58.718
1780560008.9851868,,,soc0-thermal,56.906
1780560008.9851868,,,soc1-thermal,56.312
1780560008.9851868,,,soc2-thermal,56.812
1780560008.9851868,,,tj-thermal,58.718
1780560009.0916767,VDD_IN,6110.72,,
1780560009.0916767,VDD_CPU_GPU_CV,1771.2,,
1780560009.0916767,VDD_SOC,1616.384,,
1780560009.0916767,,,cpu-thermal,58.812
1780560009.0916767,,,gpu-thermal,58.593
1780560009.0916767,,,soc0-thermal,56.968
1780560009.0916767,,,soc1-thermal,56.468
1780560009.0916767,,,soc2-thermal,56.75
1780560009.0916767,,,tj-thermal,58.812
1780560009.1977568,VDD_IN,6110.72,,
1780560009.1977568,VDD_CPU_GPU_CV,1771.2,,
1780560009.1977568,VDD_SOC,1616.384,,
1780560009.1977568,,,cpu-thermal,58.531
1780560009.1977568,,,gpu-thermal,58.531
1780560009.1977568,,,soc0-thermal,56.906
1780560009.1977568,,,soc1-thermal,56.312
1780560009.1977568,,,soc2-thermal,56.718
1780560009.1977568,,,tj-thermal,58.531
1780560009.3038814,VDD_IN,6110.72,,
1780560009.3038814,VDD_CPU_GPU_CV,1771.2,,
1780560009.3038814,VDD_SOC,1616.384,,
1780560009.3038814,,,cpu-thermal,58.468
1780560009.3038814,,,gpu-thermal,58.656
1780560009.3038814,,,soc0-thermal,56.843
1780560009.3038814,,,soc1-thermal,56.375
1780560009.3038814,,,soc2-thermal,56.75
1780560009.3038814,,,tj-thermal,58.937
1780560009.4100428,VDD_IN,6150.144,,
1780560009.4100428,VDD_CPU_GPU_CV,1771.2,,
1780560009.4100428,VDD_SOC,1616.384,,
1780560009.4100428,,,cpu-thermal,58.562
1780560009.4100428,,,gpu-thermal,58.5
1780560009.4100428,,,soc0-thermal,56.812
1780560009.4100428,,,soc1-thermal,56.562
1780560009.4100428,,,soc2-thermal,56.718
1780560009.4100428,,,tj-thermal,58.75
1780560009.5161355,VDD_IN,6189.568,,
1780560009.5161355,VDD_CPU_GPU_CV,1771.2,,
1780560009.5161355,VDD_SOC,1616.384,,
1780560009.5161355,,,cpu-thermal,58.375
1780560009.5161355,,,gpu-thermal,58.5
1780560009.5161355,,,soc0-thermal,56.875
1780560009.5161355,,,soc1-thermal,56.281
1780560009.5161355,,,soc2-thermal,56.75
1780560009.5161355,,,tj-thermal,58.656
1780560009.623102,VDD_IN,6150.144,,
1780560009.623102,VDD_CPU_GPU_CV,1771.2,,
1780560009.623102,VDD_SOC,1616.384,,
1780560009.623102,,,cpu-thermal,58.468
1780560009.623102,,,gpu-thermal,58.968
1780560009.623102,,,soc0-thermal,56.937
1780560009.623102,,,soc1-thermal,56.343
1780560009.623102,,,soc2-thermal,56.75
1780560009.623102,,,tj-thermal,58.625
1780560009.72967,VDD_IN,6189.568,,
1780560009.72967,VDD_CPU_GPU_CV,1771.2,,
1780560009.72967,VDD_SOC,1616.384,,
1780560009.72967,,,cpu-thermal,58.406
1780560009.72967,,,gpu-thermal,58.593
1780560009.72967,,,soc0-thermal,57.0
1780560009.72967,,,soc1-thermal,56.5
1780560009.72967,,,soc2-thermal,56.625
1780560009.72967,,,tj-thermal,58.593
1780560009.8360891,VDD_IN,6150.144,,
1780560009.8360891,VDD_CPU_GPU_CV,1771.2,,
1780560009.8360891,VDD_SOC,1616.384,,
1780560009.8360891,,,cpu-thermal,58.375
1780560009.8360891,,,gpu-thermal,58.687
1780560009.8360891,,,soc0-thermal,56.906
1780560009.8360891,,,soc1-thermal,56.25
1780560009.8360891,,,soc2-thermal,56.781
1780560009.8360891,,,tj-thermal,58.5
1780560009.9427264,VDD_IN,6150.144,,
1780560009.9427264,VDD_CPU_GPU_CV,1771.2,,
1780560009.9427264,VDD_SOC,1616.384,,
1780560009.9427264,,,cpu-thermal,58.718
1780560009.9427264,,,gpu-thermal,58.843
1780560009.9427264,,,soc0-thermal,56.875
1780560009.9427264,,,soc1-thermal,56.281
1780560009.9427264,,,soc2-thermal,56.812
1780560009.9427264,,,tj-thermal,58.843
1780560010.049384,VDD_IN,6150.144,,
1780560010.049384,VDD_CPU_GPU_CV,1771.2,,
1780560010.049384,VDD_SOC,1616.384,,
1780560010.049384,,,cpu-thermal,58.75
1780560010.049384,,,gpu-thermal,58.718
1780560010.049384,,,soc0-thermal,56.968
1780560010.049384,,,soc1-thermal,56.5
1780560010.049384,,,soc2-thermal,56.75
1780560010.049384,,,tj-thermal,58.75
1780560010.1556702,VDD_IN,6189.568,,
1780560010.1556702,VDD_CPU_GPU_CV,1771.2,,
1780560010.1556702,VDD_SOC,1616.384,,
1780560010.1556702,,,cpu-thermal,58.5
1780560010.1556702,,,gpu-thermal,58.656
1780560010.1556702,,,soc0-thermal,56.875
1780560010.1556702,,,soc1-thermal,56.343
1780560010.1556702,,,soc2-thermal,56.843
1780560010.1556702,,,tj-thermal,58.656
1780560010.2620416,VDD_IN,6150.144,,
1780560010.2620416,VDD_CPU_GPU_CV,1771.2,,
1780560010.2620416,VDD_SOC,1616.384,,
1780560010.2620416,,,cpu-thermal,58.531
1780560010.2620416,,,gpu-thermal,58.656
1780560010.2620416,,,soc0-thermal,56.906
1780560010.2620416,,,soc1-thermal,56.375
1780560010.2620416,,,soc2-thermal,56.75
1780560010.2620416,,,tj-thermal,58.656
1780560010.3685095,VDD_IN,6189.568,,
1780560010.3685095,VDD_CPU_GPU_CV,1771.2,,
1780560010.3685095,VDD_SOC,1616.384,,
1780560010.3685095,,,cpu-thermal,58.687
1780560010.3685095,,,gpu-thermal,58.593
1780560010.3685095,,,soc0-thermal,57.031
1780560010.3685095,,,soc1-thermal,56.531
1780560010.3685095,,,soc2-thermal,56.75
1780560010.3685095,,,tj-thermal,58.593
1780560010.4750602,VDD_IN,6189.568,,
1780560010.4750602,VDD_CPU_GPU_CV,1771.2,,
1780560010.4750602,VDD_SOC,1616.384,,
1780560010.4750602,,,cpu-thermal,58.406
1780560010.4750602,,,gpu-thermal,58.906
1780560010.4750602,,,soc0-thermal,57.093
1780560010.4750602,,,soc1-thermal,56.312
1780560010.4750602,,,soc2-thermal,56.843
1780560010.4750602,,,tj-thermal,58.906
1780560010.5813582,VDD_IN,6189.568,,
1780560010.5813582,VDD_CPU_GPU_CV,1771.2,,
1780560010.5813582,VDD_SOC,1616.384,,
1780560010.5813582,,,cpu-thermal,58.468
1780560010.5813582,,,gpu-thermal,58.781
1780560010.5813582,,,soc0-thermal,56.968
1780560010.5813582,,,soc1-thermal,56.406
1780560010.5813582,,,soc2-thermal,56.812
1780560010.5813582,,,tj-thermal,58.781
1780560010.687486,VDD_IN,6189.568,,
1780560010.687486,VDD_CPU_GPU_CV,1771.2,,
1780560010.687486,VDD_SOC,1616.384,,
1780560010.687486,,,cpu-thermal,58.406
1780560010.687486,,,gpu-thermal,58.781
1780560010.687486,,,soc0-thermal,57.093
1780560010.687486,,,soc1-thermal,56.5
1780560010.687486,,,soc2-thermal,56.687
1780560010.687486,,,tj-thermal,58.781
1780560010.7943857,VDD_IN,6150.144,,
1780560010.7943857,VDD_CPU_GPU_CV,1771.2,,
1780560010.7943857,VDD_SOC,1616.384,,
1780560010.7943857,,,cpu-thermal,58.5
1780560010.7943857,,,gpu-thermal,58.687
1780560010.7943857,,,soc0-thermal,57.062
1780560010.7943857,,,soc1-thermal,56.343
1780560010.7943857,,,soc2-thermal,56.781
1780560010.7943857,,,tj-thermal,58.687
1780560010.9008825,VDD_IN,6150.144,,
1780560010.9008825,VDD_CPU_GPU_CV,1771.2,,
1780560010.9008825,VDD_SOC,1616.384,,
1780560010.9008825,,,cpu-thermal,58.687
1780560010.9008825,,,gpu-thermal,58.625
1780560010.9008825,,,soc0-thermal,57.0
1780560010.9008825,,,soc1-thermal,56.343
1780560010.9008825,,,soc2-thermal,56.843
1780560010.9008825,,,tj-thermal,58.687
1780560011.0069084,VDD_IN,6110.72,,
1780560011.0069084,VDD_CPU_GPU_CV,1731.84,,
1780560011.0069084,VDD_SOC,1616.384,,
1780560011.0069084,,,cpu-thermal,58.843
1780560011.0069084,,,gpu-thermal,58.968
1780560011.0069084,,,soc0-thermal,56.968
1780560011.0069084,,,soc1-thermal,56.437
1780560011.0069084,,,soc2-thermal,56.906
1780560011.0069084,,,tj-thermal,58.968
1780560011.1130424,VDD_IN,6120.64,,
1780560011.1130424,VDD_CPU_GPU_CV,1734.656,,
1780560011.1130424,VDD_SOC,1616.384,,
1780560011.1130424,,,cpu-thermal,58.468
1780560011.1130424,,,gpu-thermal,58.906
1780560011.1130424,,,soc0-thermal,57.031
1780560011.1130424,,,soc1-thermal,56.312
1780560011.1130424,,,soc2-thermal,56.812
1780560011.1130424,,,tj-thermal,58.906
1780560011.2194366,VDD_IN,6120.64,,
1780560011.2194366,VDD_CPU_GPU_CV,1734.656,,
1780560011.2194366,VDD_SOC,1616.384,,
1780560011.2194366,,,cpu-thermal,58.562
1780560011.2194366,,,gpu-thermal,58.593
1780560011.2194366,,,soc0-thermal,56.875
1780560011.2194366,,,soc1-thermal,56.312
1780560011.2194366,,,soc2-thermal,56.906
1780560011.2194366,,,tj-thermal,58.75
1780560011.3253977,VDD_IN,6150.144,,
1780560011.3253977,VDD_CPU_GPU_CV,1771.2,,
1780560011.3253977,VDD_SOC,1616.384,,
1780560011.3253977,,,cpu-thermal,58.687
1780560011.3253977,,,gpu-thermal,59.031
1780560011.3253977,,,soc0-thermal,56.937
1780560011.3253977,,,soc1-thermal,56.5
1780560011.3253977,,,soc2-thermal,56.937
1780560011.3253977,,,tj-thermal,58.718
1780560011.4323575,VDD_IN,6189.568,,
1780560011.4323575,VDD_CPU_GPU_CV,1771.2,,
1780560011.4323575,VDD_SOC,1616.384,,
1780560011.4323575,,,cpu-thermal,58.5
1780560011.4323575,,,gpu-thermal,58.687
1780560011.4323575,,,soc0-thermal,57.031
1780560011.4323575,,,soc1-thermal,56.531
1780560011.4323575,,,soc2-thermal,56.875
1780560011.4323575,,,tj-thermal,58.687
1780560011.5387874,VDD_IN,6189.568,,
1780560011.5387874,VDD_CPU_GPU_CV,1771.2,,
1780560011.5387874,VDD_SOC,1616.384,,
1780560011.5387874,,,cpu-thermal,58.531
1780560011.5387874,,,gpu-thermal,58.625
1780560011.5387874,,,soc0-thermal,56.968
1780560011.5387874,,,soc1-thermal,56.437
1780560011.5387874,,,soc2-thermal,56.843
1780560011.5387874,,,tj-thermal,58.625
1780560011.6449714,VDD_IN,6150.144,,
1780560011.6449714,VDD_CPU_GPU_CV,1771.2,,
1780560011.6449714,VDD_SOC,1616.384,,
1780560011.6449714,,,cpu-thermal,58.625
1780560011.6449714,,,gpu-thermal,58.968
1780560011.6449714,,,soc0-thermal,57.0
1780560011.6449714,,,soc1-thermal,56.5
1780560011.6449714,,,soc2-thermal,56.937
1780560011.6449714,,,tj-thermal,58.968
1780560011.7515235,VDD_IN,6150.144,,
1780560011.7515235,VDD_CPU_GPU_CV,1771.2,,
1780560011.7515235,VDD_SOC,1616.384,,
1780560011.7515235,,,cpu-thermal,58.5
1780560011.7515235,,,gpu-thermal,58.656
1780560011.7515235,,,soc0-thermal,57.0
1780560011.7515235,,,soc1-thermal,56.593
1780560011.7515235,,,soc2-thermal,56.875
1780560011.7515235,,,tj-thermal,58.875
1780560011.8577044,VDD_IN,6150.144,,
1780560011.8577044,VDD_CPU_GPU_CV,1731.84,,
1780560011.8577044,VDD_SOC,1616.384,,
1780560011.8577044,,,cpu-thermal,58.468
1780560011.8577044,,,gpu-thermal,58.593
1780560011.8577044,,,soc0-thermal,57.0
1780560011.8577044,,,soc1-thermal,56.312
1780560011.8577044,,,soc2-thermal,56.906
1780560011.8577044,,,tj-thermal,58.843
1780560011.9643407,VDD_IN,6110.72,,
1780560011.9643407,VDD_CPU_GPU_CV,1731.84,,
1780560011.9643407,VDD_SOC,1616.384,,
1780560011.9643407,,,cpu-thermal,58.812
1780560011.9643407,,,gpu-thermal,58.906
1780560011.9643407,,,soc0-thermal,56.875
1780560011.9643407,,,soc1-thermal,56.5
1780560011.9643407,,,soc2-thermal,56.937
1780560011.9643407,,,tj-thermal,58.812
1780560012.0705347,VDD_IN,6110.72,,
1780560012.0705347,VDD_CPU_GPU_CV,1731.84,,
1780560012.0705347,VDD_SOC,1616.384,,
1780560012.0705347,,,cpu-thermal,58.5
1780560012.0705347,,,gpu-thermal,58.843
1780560012.0705347,,,soc0-thermal,57.062
1780560012.0705347,,,soc1-thermal,56.562
1780560012.0705347,,,soc2-thermal,56.812
1780560012.0705347,,,tj-thermal,58.687
1780560012.1765227,VDD_IN,6110.72,,
1780560012.1765227,VDD_CPU_GPU_CV,1731.84,,
1780560012.1765227,VDD_SOC,1616.384,,
1780560012.1765227,,,cpu-thermal,58.468
1780560012.1765227,,,gpu-thermal,58.781
1780560012.1765227,,,soc0-thermal,57.031
1780560012.1765227,,,soc1-thermal,56.343
1780560012.1765227,,,soc2-thermal,56.906
1780560012.1765227,,,tj-thermal,59.0
1780560012.2830982,VDD_IN,6110.72,,
1780560012.2830982,VDD_CPU_GPU_CV,1731.84,,
1780560012.2830982,VDD_SOC,1616.384,,
1780560012.2830982,,,cpu-thermal,58.718
1780560012.2830982,,,gpu-thermal,58.75
1780560012.2830982,,,soc0-thermal,57.0
1780560012.2830982,,,soc1-thermal,56.5
1780560012.2830982,,,soc2-thermal,56.968
1780560012.2830982,,,tj-thermal,58.875
1780560012.3897011,VDD_IN,6150.144,,
1780560012.3897011,VDD_CPU_GPU_CV,1771.2,,
1780560012.3897011,VDD_SOC,1616.384,,
1780560012.3897011,,,cpu-thermal,58.656
1780560012.3897011,,,gpu-thermal,58.781
1780560012.3897011,,,soc0-thermal,57.093
1780560012.3897011,,,soc1-thermal,56.562
1780560012.3897011,,,soc2-thermal,56.781
1780560012.3897011,,,tj-thermal,58.781
1780560012.4963746,VDD_IN,6150.144,,
1780560012.4963746,VDD_CPU_GPU_CV,1771.2,,
1780560012.4963746,VDD_SOC,1616.384,,
1780560012.4963746,,,cpu-thermal,58.531
1780560012.4963746,,,gpu-thermal,58.781
1780560012.4963746,,,soc0-thermal,56.968
1780560012.4963746,,,soc1-thermal,56.468
1780560012.4963746,,,soc2-thermal,56.906
1780560012.4963746,,,tj-thermal,58.781
1780560012.6030428,VDD_IN,6150.144,,
1780560012.6030428,VDD_CPU_GPU_CV,1771.2,,
1780560012.6030428,VDD_SOC,1616.384,,
1780560012.6030428,,,cpu-thermal,58.687
1780560012.6030428,,,gpu-thermal,58.718
1780560012.6030428,,,soc0-thermal,56.968
1780560012.6030428,,,soc1-thermal,56.562
1780560012.6030428,,,soc2-thermal,56.968
1780560012.6030428,,,tj-thermal,58.718
1780560012.7097962,VDD_IN,6150.144,,
1780560012.7097962,VDD_CPU_GPU_CV,1771.2,,
1780560012.7097962,VDD_SOC,1616.384,,
1780560012.7097962,,,cpu-thermal,58.5
1780560012.7097962,,,gpu-thermal,59.125
1780560012.7097962,,,soc0-thermal,57.093
1780560012.7097962,,,soc1-thermal,56.562
1780560012.7097962,,,soc2-thermal,56.812
1780560012.7097962,,,tj-thermal,59.125
1780560012.816208,VDD_IN,6150.144,,
1780560012.816208,VDD_CPU_GPU_CV,1771.2,,
1780560012.816208,VDD_SOC,1616.384,,
1780560012.816208,,,cpu-thermal,58.656
1780560012.816208,,,gpu-thermal,58.968
1780560012.816208,,,soc0-thermal,57.0
1780560012.816208,,,soc1-thermal,56.5
1780560012.816208,,,soc2-thermal,56.906
1780560012.816208,,,tj-thermal,58.968
1780560012.922443,VDD_IN,6150.144,,
1780560012.922443,VDD_CPU_GPU_CV,1771.2,,
1780560012.922443,VDD_SOC,1616.384,,
1780560012.922443,,,cpu-thermal,58.781
1780560012.922443,,,gpu-thermal,58.968
1780560012.922443,,,soc0-thermal,57.156
1780560012.922443,,,soc1-thermal,56.5
1780560012.922443,,,soc2-thermal,57.0
1780560012.922443,,,tj-thermal,58.968
1780560013.0286753,VDD_IN,6150.144,,
1780560013.0286753,VDD_CPU_GPU_CV,1771.2,,
1780560013.0286753,VDD_SOC,1616.384,,
1780560013.0286753,,,cpu-thermal,59.031
1780560013.0286753,,,gpu-thermal,58.781
1780560013.0286753,,,soc0-thermal,57.062
1780560013.0286753,,,soc1-thermal,56.593
1780560013.0286753,,,soc2-thermal,56.875
1780560013.0286753,,,tj-thermal,59.031
1780560013.134823,VDD_IN,6150.144,,
1780560013.134823,VDD_CPU_GPU_CV,1771.2,,
1780560013.134823,VDD_SOC,1616.384,,
1780560013.134823,,,cpu-thermal,58.5
1780560013.134823,,,gpu-thermal,58.937
1780560013.134823,,,soc0-thermal,57.218
1780560013.134823,,,soc1-thermal,56.5
1780560013.134823,,,soc2-thermal,56.968
1780560013.134823,,,tj-thermal,58.781
1780560013.240931,VDD_IN,6150.144,,
1780560013.240931,VDD_CPU_GPU_CV,1771.2,,
1780560013.240931,VDD_SOC,1616.384,,
1780560013.240931,,,cpu-thermal,58.687
1780560013.240931,,,gpu-thermal,58.843
1780560013.240931,,,soc0-thermal,57.062
1780560013.240931,,,soc1-thermal,56.468
1780560013.240931,,,soc2-thermal,56.937
1780560013.240931,,,tj-thermal,58.687
1780560013.3470213,VDD_IN,6150.144,,
1780560013.3470213,VDD_CPU_GPU_CV,1771.2,,
1780560013.3470213,VDD_SOC,1616.384,,
1780560013.3470213,,,cpu-thermal,58.75
1780560013.3470213,,,gpu-thermal,58.781
1780560013.3470213,,,soc0-thermal,57.093
1780560013.3470213,,,soc1-thermal,56.5
1780560013.3470213,,,soc2-thermal,56.875
1780560013.3470213,,,tj-thermal,59.031
1780560013.4535775,VDD_IN,6189.568,,
1780560013.4535775,VDD_CPU_GPU_CV,1771.2,,
1780560013.4535775,VDD_SOC,1616.384,,
1780560013.4535775,,,cpu-thermal,58.593
1780560013.4535775,,,gpu-thermal,58.75
1780560013.4535775,,,soc0-thermal,57.125
1780560013.4535775,,,soc1-thermal,56.5
1780560013.4535775,,,soc2-thermal,56.968
1780560013.4535775,,,tj-thermal,58.968
1780560013.5600164,VDD_IN,6150.144,,
1780560013.5600164,VDD_CPU_GPU_CV,1771.2,,
1780560013.5600164,VDD_SOC,1616.384,,
1780560013.5600164,,,cpu-thermal,58.687
1780560013.5600164,,,gpu-thermal,58.718
1780560013.5600164,,,soc0-thermal,57.031
1780560013.5600164,,,soc1-thermal,56.5
1780560013.5600164,,,soc2-thermal,56.968
1780560013.5600164,,,tj-thermal,58.875
1780560013.6664069,VDD_IN,6150.144,,
1780560013.6664069,VDD_CPU_GPU_CV,1771.2,,
1780560013.6664069,VDD_SOC,1616.384,,
1780560013.6664069,,,cpu-thermal,58.531
1780560013.6664069,,,gpu-thermal,59.031
1780560013.6664069,,,soc0-thermal,57.125
1780560013.6664069,,,soc1-thermal,56.562
1780560013.6664069,,,soc2-thermal,56.937
1780560013.6664069,,,tj-thermal,58.843
1780560013.7727747,VDD_IN,6150.144,,
1780560013.7727747,VDD_CPU_GPU_CV,1771.2,,
1780560013.7727747,VDD_SOC,1616.384,,
1780560013.7727747,,,cpu-thermal,58.656
1780560013.7727747,,,gpu-thermal,58.906
1780560013.7727747,,,soc0-thermal,57.093
1780560013.7727747,,,soc1-thermal,56.437
1780560013.7727747,,,soc2-thermal,57.0
1780560013.7727747,,,tj-thermal,58.656
1780560013.8792076,VDD_IN,6150.144,,
1780560013.8792076,VDD_CPU_GPU_CV,1771.2,,
1780560013.8792076,VDD_SOC,1616.384,,
1780560013.8792076,,,cpu-thermal,58.625
1780560013.8792076,,,gpu-thermal,58.843
1780560013.8792076,,,soc0-thermal,57.031
1780560013.8792076,,,soc1-thermal,56.5
1780560013.8792076,,,soc2-thermal,57.031
1780560013.8792076,,,tj-thermal,59.156
1780560013.9853804,VDD_IN,6110.72,,
1780560013.9853804,VDD_CPU_GPU_CV,1771.2,,
1780560013.9853804,VDD_SOC,1616.384,,
1780560013.9853804,,,cpu-thermal,59.0
1780560013.9853804,,,gpu-thermal,58.718
1780560013.9853804,,,soc0-thermal,57.062
1780560013.9853804,,,soc1-thermal,56.562
1780560013.9853804,,,soc2-thermal,57.125
1780560013.9853804,,,tj-thermal,59.0
1780560014.091798,VDD_IN,6110.72,,
1780560014.091798,VDD_CPU_GPU_CV,1731.84,,
1780560014.091798,VDD_SOC,1616.384,,
1780560014.091798,,,cpu-thermal,58.593
1780560014.091798,,,gpu-thermal,58.656
1780560014.091798,,,soc0-thermal,57.218
1780560014.091798,,,soc1-thermal,56.406
1780560014.091798,,,soc2-thermal,57.031
1780560014.091798,,,tj-thermal,58.968
1780560014.1987412,VDD_IN,6110.72,,
1780560014.1987412,VDD_CPU_GPU_CV,1731.84,,
1780560014.1987412,VDD_SOC,1616.384,,
1780560014.1987412,,,cpu-thermal,58.781
1780560014.1987412,,,gpu-thermal,59.093
1780560014.1987412,,,soc0-thermal,57.093
1780560014.1987412,,,soc1-thermal,56.5
1780560014.1987412,,,soc2-thermal,57.031
1780560014.1987412,,,tj-thermal,58.812
1780560014.30507,VDD_IN,6110.72,,
1780560014.30507,VDD_CPU_GPU_CV,1731.84,,
1780560014.30507,VDD_SOC,1616.384,,
1780560014.30507,,,cpu-thermal,58.812
1780560014.30507,,,gpu-thermal,58.968
1780560014.30507,,,soc0-thermal,57.062
1780560014.30507,,,soc1-thermal,56.562
1780560014.30507,,,soc2-thermal,57.0
1780560014.30507,,,tj-thermal,58.812
1780560014.4115996,VDD_IN,6150.144,,
1780560014.4115996,VDD_CPU_GPU_CV,1771.2,,
1780560014.4115996,VDD_SOC,1616.384,,
1780560014.4115996,,,cpu-thermal,58.656
1780560014.4115996,,,gpu-thermal,58.906
1780560014.4115996,,,soc0-thermal,57.187
1780560014.4115996,,,soc1-thermal,56.468
1780560014.4115996,,,soc2-thermal,56.968
1780560014.4115996,,,tj-thermal,58.781
1780560014.5180354,VDD_IN,6150.144,,
1780560014.5180354,VDD_CPU_GPU_CV,1771.2,,
1780560014.5180354,VDD_SOC,1616.384,,
1780560014.5180354,,,cpu-thermal,58.718
1780560014.5180354,,,gpu-thermal,58.843
1780560014.5180354,,,soc0-thermal,57.156
1780560014.5180354,,,soc1-thermal,56.531
1780560014.5180354,,,soc2-thermal,56.968
1780560014.5180354,,,tj-thermal,59.093
1780560014.6245506,VDD_IN,6150.144,,
1780560014.6245506,VDD_CPU_GPU_CV,1771.2,,
1780560014.6245506,VDD_SOC,1616.384,,
1780560014.6245506,,,cpu-thermal,58.687
1780560014.6245506,,,gpu-thermal,58.781
1780560014.6245506,,,soc0-thermal,57.062
1780560014.6245506,,,soc1-thermal,56.562
1780560014.6245506,,,soc2-thermal,57.062
1780560014.6245506,,,tj-thermal,58.937
1780560014.7307703,VDD_IN,6150.144,,
1780560014.7307703,VDD_CPU_GPU_CV,1771.2,,
1780560014.7307703,VDD_SOC,1616.384,,
1780560014.7307703,,,cpu-thermal,58.625
1780560014.7307703,,,gpu-thermal,59.218
1780560014.7307703,,,soc0-thermal,57.187
1780560014.7307703,,,soc1-thermal,56.687
1780560014.7307703,,,soc2-thermal,56.968
1780560014.7307703,,,tj-thermal,58.937
1780560014.8376617,VDD_IN,6150.144,,
1780560014.8376617,VDD_CPU_GPU_CV,1771.2,,
1780560014.8376617,VDD_SOC,1616.384,,
1780560014.8376617,,,cpu-thermal,58.625
1780560014.8376617,,,gpu-thermal,59.062
1780560014.8376617,,,soc0-thermal,57.062
1780560014.8376617,,,soc1-thermal,56.5
1780560014.8376617,,,soc2-thermal,57.031
1780560014.8376617,,,tj-thermal,58.843
1780560014.943878,VDD_IN,6189.568,,
1780560014.943878,VDD_CPU_GPU_CV,1771.2,,
1780560014.943878,VDD_SOC,1616.384,,
1780560014.943878,,,cpu-thermal,58.937
1780560014.943878,,,gpu-thermal,58.968
1780560014.943878,,,soc0-thermal,57.125
1780560014.943878,,,soc1-thermal,56.593
1780560014.943878,,,soc2-thermal,57.031
1780560014.943878,,,tj-thermal,58.937
1780560015.050208,VDD_IN,6150.144,,
1780560015.050208,VDD_CPU_GPU_CV,1771.2,,
1780560015.050208,VDD_SOC,1616.384,,
1780560015.050208,,,cpu-thermal,58.625
1780560015.050208,,,gpu-thermal,58.875
1780560015.050208,,,soc0-thermal,57.125
1780560015.050208,,,soc1-thermal,56.687
1780560015.050208,,,soc2-thermal,57.031
1780560015.050208,,,tj-thermal,59.125
1780560015.1561909,VDD_IN,6150.144,,
1780560015.1561909,VDD_CPU_GPU_CV,1771.2,,
1780560015.1561909,VDD_SOC,1616.384,,
1780560015.1561909,,,cpu-thermal,58.656
1780560015.1561909,,,gpu-thermal,58.906
1780560015.1561909,,,soc0-thermal,57.125
1780560015.1561909,,,soc1-thermal,56.562
1780560015.1561909,,,soc2-thermal,57.062
1780560015.1561909,,,tj-thermal,59.0
1780560015.2621162,VDD_IN,6150.144,,
1780560015.2621162,VDD_CPU_GPU_CV,1771.2,,
1780560015.2621162,VDD_SOC,1616.384,,
1780560015.2621162,,,cpu-thermal,58.781
1780560015.2621162,,,gpu-thermal,58.781
1780560015.2621162,,,soc0-thermal,57.062
1780560015.2621162,,,soc1-thermal,56.5
1780560015.2621162,,,soc2-thermal,57.062
1780560015.2621162,,,tj-thermal,58.875
1780560015.3683176,VDD_IN,6189.568,,
1780560015.3683176,VDD_CPU_GPU_CV,1771.2,,
1780560015.3683176,VDD_SOC,1616.384,,
1780560015.3683176,,,cpu-thermal,59.0
1780560015.3683176,,,gpu-thermal,59.187
1780560015.3683176,,,soc0-thermal,57.156
1780560015.3683176,,,soc1-thermal,56.656
1780560015.3683176,,,soc2-thermal,56.937
1780560015.3683176,,,tj-thermal,59.187
1780560015.4744625,VDD_IN,6189.568,,
1780560015.4744625,VDD_CPU_GPU_CV,1771.2,,
1780560015.4744625,VDD_SOC,1616.384,,
1780560015.4744625,,,cpu-thermal,58.687
1780560015.4744625,,,gpu-thermal,59.031
1780560015.4744625,,,soc0-thermal,57.218
1780560015.4744625,,,soc1-thermal,56.5
1780560015.4744625,,,soc2-thermal,57.031
1780560015.4744625,,,tj-thermal,59.031
1780560015.5806546,VDD_IN,6189.568,,
1780560015.5806546,VDD_CPU_GPU_CV,1810.56,,
1780560015.5806546,VDD_SOC,1616.384,,
1780560015.5806546,,,cpu-thermal,58.781
1780560015.5806546,,,gpu-thermal,58.968
1780560015.5806546,,,soc0-thermal,57.125
1780560015.5806546,,,soc1-thermal,56.625
1780560015.5806546,,,soc2-thermal,57.093
1780560015.5806546,,,tj-thermal,58.968
1780560015.6866584,VDD_IN,6189.568,,
1780560015.6866584,VDD_CPU_GPU_CV,1771.2,,
1780560015.6866584,VDD_SOC,1616.384,,
1780560015.6866584,,,cpu-thermal,58.812
1780560015.6866584,,,gpu-thermal,58.875
1780560015.6866584,,,soc0-thermal,57.156
1780560015.6866584,,,soc1-thermal,56.625
1780560015.6866584,,,soc2-thermal,57.0
1780560015.6866584,,,tj-thermal,58.875
1780560015.7925258,VDD_IN,6150.144,,
1780560015.7925258,VDD_CPU_GPU_CV,1771.2,,
1780560015.7925258,VDD_SOC,1616.384,,
1780560015.7925258,,,cpu-thermal,58.718
1780560015.7925258,,,gpu-thermal,58.875
1780560015.7925258,,,soc0-thermal,57.312
1780560015.7925258,,,soc1-thermal,56.562
1780560015.7925258,,,soc2-thermal,57.0
1780560015.7925258,,,tj-thermal,58.875
1780560015.8985128,VDD_IN,6150.144,,
1780560015.8985128,VDD_CPU_GPU_CV,1771.2,,
1780560015.8985128,VDD_SOC,1616.384,,
1780560015.8985128,,,cpu-thermal,58.75
1780560015.8985128,,,gpu-thermal,59.187
1780560015.8985128,,,soc0-thermal,57.156
1780560015.8985128,,,soc1-thermal,56.531
1780560015.8985128,,,soc2-thermal,57.031
1780560015.8985128,,,tj-thermal,59.187
1780560016.0047224,VDD_IN,6150.144,,
1780560016.0047224,VDD_CPU_GPU_CV,1731.84,,
1780560016.0047224,VDD_SOC,1616.384,,
1780560016.0047224,,,cpu-thermal,58.781
1780560016.0047224,,,gpu-thermal,59.031
1780560016.0047224,,,soc0-thermal,57.187
1780560016.0047224,,,soc1-thermal,56.625
1780560016.0047224,,,soc2-thermal,57.093
1780560016.0047224,,,tj-thermal,59.031
1780560016.1111538,VDD_IN,6120.64,,
1780560016.1111538,VDD_CPU_GPU_CV,1734.656,,
1780560016.1111538,VDD_SOC,1616.384,,
1780560016.1111538,,,cpu-thermal,58.75
1780560016.1111538,,,gpu-thermal,58.937
1780560016.1111538,,,soc0-thermal,57.25
1780560016.1111538,,,soc1-thermal,56.718
1780560016.1111538,,,soc2-thermal,57.031
1780560016.1111538,,,tj-thermal,58.937
1780560016.217059,VDD_IN,6150.144,,
1780560016.217059,VDD_CPU_GPU_CV,1731.84,,
1780560016.217059,VDD_SOC,1616.384,,
1780560016.217059,,,cpu-thermal,58.75
1780560016.217059,,,gpu-thermal,59.218
1780560016.217059,,,soc0-thermal,57.187
1780560016.217059,,,soc1-thermal,56.531
1780560016.217059,,,soc2-thermal,57.125
1780560016.217059,,,tj-thermal,58.968
1780560016.3232949,VDD_IN,6150.144,,
1780560016.3232949,VDD_CPU_GPU_CV,1771.2,,
1780560016.3232949,VDD_SOC,1616.384,,
1780560016.3232949,,,cpu-thermal,58.968
1780560016.3232949,,,gpu-thermal,59.093
1780560016.3232949,,,soc0-thermal,57.25
1780560016.3232949,,,soc1-thermal,56.656
1780560016.3232949,,,soc2-thermal,57.093
1780560016.3232949,,,tj-thermal,58.968
1780560016.4295006,VDD_IN,6189.568,,
1780560016.4295006,VDD_CPU_GPU_CV,1771.2,,
1780560016.4295006,VDD_SOC,1616.384,,
1780560016.4295006,,,cpu-thermal,59.093
1780560016.4295006,,,gpu-thermal,58.968
1780560016.4295006,,,soc0-thermal,57.156
1780560016.4295006,,,soc1-thermal,56.687
1780560016.4295006,,,soc2-thermal,57.0
1780560016.4295006,,,tj-thermal,59.093
1780560016.5362077,VDD_IN,6150.144,,
1780560016.5362077,VDD_CPU_GPU_CV,1771.2,,
1780560016.5362077,VDD_SOC,1616.384,,
1780560016.5362077,,,cpu-thermal,58.75
1780560016.5362077,,,gpu-thermal,59.156
1780560016.5362077,,,soc0-thermal,57.156
1780560016.5362077,,,soc1-thermal,56.562
1780560016.5362077,,,soc2-thermal,57.062
1780560016.5362077,,,tj-thermal,59.156
1780560016.6425729,VDD_IN,6150.144,,
1780560016.6425729,VDD_CPU_GPU_CV,1771.2,,
1780560016.6425729,VDD_SOC,1616.384,,
1780560016.6425729,,,cpu-thermal,58.875
1780560016.6425729,,,gpu-thermal,58.937
1780560016.6425729,,,soc0-thermal,57.218
1780560016.6425729,,,soc1-thermal,56.625
1780560016.6425729,,,soc2-thermal,57.156
1780560016.6425729,,,tj-thermal,59.031
1780560016.7486851,VDD_IN,6150.144,,
1780560016.7486851,VDD_CPU_GPU_CV,1771.2,,
1780560016.7486851,VDD_SOC,1616.384,,
1780560016.7486851,,,cpu-thermal,58.937
1780560016.7486851,,,gpu-thermal,59.312
1780560016.7486851,,,soc0-thermal,57.218
1780560016.7486851,,,soc1-thermal,56.781
1780560016.7486851,,,soc2-thermal,57.062
1780560016.7486851,,,tj-thermal,58.937
1780560016.8549633,VDD_IN,6110.72,,
1780560016.8549633,VDD_CPU_GPU_CV,1731.84,,
1780560016.8549633,VDD_SOC,1616.384,,
1780560016.8549633,,,cpu-thermal,58.75
1780560016.8549633,,,gpu-thermal,59.093
1780560016.8549633,,,soc0-thermal,57.281
1780560016.8549633,,,soc1-thermal,56.531
1780560016.8549633,,,soc2-thermal,57.093
1780560016.8549633,,,tj-thermal,58.843
1780560016.9611707,VDD_IN,6110.72,,
1780560016.9611707,VDD_CPU_GPU_CV,1771.2,,
1780560016.9611707,VDD_SOC,1616.384,,
1780560016.9611707,,,cpu-thermal,58.812
1780560016.9611707,,,gpu-thermal,59.031
1780560016.9611707,,,soc0-thermal,57.25
1780560016.9611707,,,soc1-thermal,56.625
1780560016.9611707,,,soc2-thermal,57.187
1780560016.9611707,,,tj-thermal,58.906
1780560017.067547,VDD_IN,6150.144,,
1780560017.067547,VDD_CPU_GPU_CV,1771.2,,
1780560017.067547,VDD_SOC,1616.384,,
1780560017.067547,,,cpu-thermal,58.718
1780560017.067547,,,gpu-thermal,58.968
1780560017.067547,,,soc0-thermal,57.093
1780560017.067547,,,soc1-thermal,56.718
1780560017.067547,,,soc2-thermal,57.031
1780560017.067547,,,tj-thermal,59.218
1780560017.17384,VDD_IN,6110.72,,
1780560017.17384,VDD_CPU_GPU_CV,1771.2,,
1780560017.17384,VDD_SOC,1616.384,,
1780560017.17384,,,cpu-thermal,58.656
1780560017.17384,,,gpu-thermal,58.875
1780560017.17384,,,soc0-thermal,57.312
1780560017.17384,,,soc1-thermal,56.625
1780560017.17384,,,soc2-thermal,57.062
1780560017.17384,,,tj-thermal,59.031
1780560017.2799723,VDD_IN,6150.144,,
1780560017.2799723,VDD_CPU_GPU_CV,1771.2,,
1780560017.2799723,VDD_SOC,1616.384,,
1780560017.2799723,,,cpu-thermal,58.718
1780560017.2799723,,,gpu-thermal,58.875
1780560017.2799723,,,soc0-thermal,57.281
1780560017.2799723,,,soc1-thermal,56.687
1780560017.2799723,,,soc2-thermal,57.093
1780560017.2799723,,,tj-thermal,58.968
1780560017.3861494,VDD_IN,6189.568,,
1780560017.3861494,VDD_CPU_GPU_CV,1771.2,,
1780560017.3861494,VDD_SOC,1616.384,,
1780560017.3861494,,,cpu-thermal,59.062
1780560017.3861494,,,gpu-thermal,59.187
1780560017.3861494,,,soc0-thermal,57.187
1780560017.3861494,,,soc1-thermal,56.656
1780560017.3861494,,,soc2-thermal,57.187
1780560017.3861494,,,tj-thermal,59.187
1780560017.4919658,VDD_IN,6189.568,,
1780560017.4919658,VDD_CPU_GPU_CV,1771.2,,
1780560017.4919658,VDD_SOC,1616.384,,
1780560017.4919658,,,cpu-thermal,58.625
1780560017.4919658,,,gpu-thermal,59.062
1780560017.4919658,,,soc0-thermal,57.375
1780560017.4919658,,,soc1-thermal,56.812
1780560017.4919658,,,soc2-thermal,57.187
1780560017.4919658,,,tj-thermal,59.062
1780560017.598146,VDD_IN,6189.568,,
1780560017.598146,VDD_CPU_GPU_CV,1771.2,,
1780560017.598146,VDD_SOC,1616.384,,
1780560017.598146,,,cpu-thermal,58.875
1780560017.598146,,,gpu-thermal,59.031
1780560017.598146,,,soc0-thermal,57.187
1780560017.598146,,,soc1-thermal,56.656
1780560017.598146,,,soc2-thermal,57.125
1780560017.598146,,,tj-thermal,59.031
1780560017.704494,VDD_IN,6189.568,,
1780560017.704494,VDD_CPU_GPU_CV,1771.2,,
1780560017.704494,VDD_SOC,1616.384,,
1780560017.704494,,,cpu-thermal,58.937
1780560017.704494,,,gpu-thermal,58.968
1780560017.704494,,,soc0-thermal,57.281
1780560017.704494,,,soc1-thermal,56.656
1780560017.704494,,,soc2-thermal,57.156
1780560017.704494,,,tj-thermal,58.968
1780560017.8108156,VDD_IN,6150.144,,
1780560017.8108156,VDD_CPU_GPU_CV,1771.2,,
1780560017.8108156,VDD_SOC,1616.384,,
1780560017.8108156,,,cpu-thermal,59.093
1780560017.8108156,,,gpu-thermal,58.968
1780560017.8108156,,,soc0-thermal,57.281
1780560017.8108156,,,soc1-thermal,56.843
1780560017.8108156,,,soc2-thermal,57.062
1780560017.8108156,,,tj-thermal,58.968
1780560017.917382,VDD_IN,6150.144,,
1780560017.917382,VDD_CPU_GPU_CV,1771.2,,
1780560017.917382,VDD_SOC,1616.384,,
1780560017.917382,,,cpu-thermal,58.812
1780560017.917382,,,gpu-thermal,59.25
1780560017.917382,,,soc0-thermal,57.218
1780560017.917382,,,soc1-thermal,56.687
1780560017.917382,,,soc2-thermal,57.125
1780560017.917382,,,tj-thermal,59.25
1780560018.0237308,VDD_IN,6150.144,,
1780560018.0237308,VDD_CPU_GPU_CV,1771.2,,
1780560018.0237308,VDD_SOC,1616.384,,
1780560018.0237308,,,cpu-thermal,58.812
1780560018.0237308,,,gpu-thermal,59.093
1780560018.0237308,,,soc0-thermal,57.25
1780560018.0237308,,,soc1-thermal,56.75
1780560018.0237308,,,soc2-thermal,57.25
1780560018.0237308,,,tj-thermal,59.093
1780560018.1305077,VDD_IN,6150.144,,
1780560018.1305077,VDD_CPU_GPU_CV,1771.2,,
1780560018.1305077,VDD_SOC,1616.384,,
1780560018.1305077,,,cpu-thermal,58.75
1780560018.1305077,,,gpu-thermal,59.031
1780560018.1305077,,,soc0-thermal,57.281
1780560018.1305077,,,soc1-thermal,56.906
1780560018.1305077,,,soc2-thermal,57.218
1780560018.1305077,,,tj-thermal,59.031
1780560018.2368927,VDD_IN,6110.72,,
1780560018.2368927,VDD_CPU_GPU_CV,1771.2,,
1780560018.2368927,VDD_SOC,1616.384,,
1780560018.2368927,,,cpu-thermal,58.843
1780560018.2368927,,,gpu-thermal,58.968
1780560018.2368927,,,soc0-thermal,57.375
1780560018.2368927,,,soc1-thermal,56.687
1780560018.2368927,,,soc2-thermal,57.25
1780560018.2368927,,,tj-thermal,58.968
1780560018.3430028,VDD_IN,6150.144,,
1780560018.3430028,VDD_CPU_GPU_CV,1771.2,,
1780560018.3430028,VDD_SOC,1616.384,,
1780560018.3430028,,,cpu-thermal,59.031
1780560018.3430028,,,gpu-thermal,58.968
1780560018.3430028,,,soc0-thermal,57.25
1780560018.3430028,,,soc1-thermal,56.75
1780560018.3430028,,,soc2-thermal,57.093
1780560018.3430028,,,tj-thermal,59.031
1780560018.4492624,VDD_IN,6189.568,,
1780560018.4492624,VDD_CPU_GPU_CV,1771.2,,
1780560018.4492624,VDD_SOC,1616.384,,
1780560018.4492624,,,cpu-thermal,58.75
1780560018.4492624,,,gpu-thermal,58.875
1780560018.4492624,,,soc0-thermal,57.281
1780560018.4492624,,,soc1-thermal,56.75
1780560018.4492624,,,soc2-thermal,57.062
1780560018.4492624,,,tj-thermal,58.875
1780560018.5552797,VDD_IN,6189.568,,
1780560018.5552797,VDD_CPU_GPU_CV,1771.2,,
1780560018.5552797,VDD_SOC,1616.384,,
1780560018.5552797,,,cpu-thermal,58.75
1780560018.5552797,,,gpu-thermal,59.218
1780560018.5552797,,,soc0-thermal,57.406
1780560018.5552797,,,soc1-thermal,56.687
1780560018.5552797,,,soc2-thermal,57.125
1780560018.5552797,,,tj-thermal,59.218
1780560018.6613784,VDD_IN,6189.568,,
1780560018.6613784,VDD_CPU_GPU_CV,1771.2,,
1780560018.6613784,VDD_SOC,1616.384,,
1780560018.6613784,,,cpu-thermal,58.875
1780560018.6613784,,,gpu-thermal,59.093
1780560018.6613784,,,soc0-thermal,57.25
1780560018.6613784,,,soc1-thermal,56.718
1780560018.6613784,,,soc2-thermal,57.125
1780560018.6613784,,,tj-thermal,59.093
1780560018.767918,VDD_IN,6150.144,,
1780560018.767918,VDD_CPU_GPU_CV,1771.2,,
1780560018.767918,VDD_SOC,1616.384,,
1780560018.767918,,,cpu-thermal,59.062
1780560018.767918,,,gpu-thermal,59.093
1780560018.767918,,,soc0-thermal,57.343
1780560018.767918,,,soc1-thermal,56.875
1780560018.767918,,,soc2-thermal,57.125
1780560018.767918,,,tj-thermal,59.093
1780560018.8742173,VDD_IN,6150.144,,
1780560018.8742173,VDD_CPU_GPU_CV,1771.2,,
1780560018.8742173,VDD_SOC,1616.384,,
1780560018.8742173,,,cpu-thermal,58.875
1780560018.8742173,,,gpu-thermal,59.062
1780560018.8742173,,,soc0-thermal,57.406
1780560018.8742173,,,soc1-thermal,56.593
1780560018.8742173,,,soc2-thermal,57.125
1780560018.8742173,,,tj-thermal,59.062
1780560018.9808693,VDD_IN,6150.144,,
1780560018.9808693,VDD_CPU_GPU_CV,1771.2,,
1780560018.9808693,VDD_SOC,1616.384,,
1780560018.9808693,,,cpu-thermal,58.906
1780560018.9808693,,,gpu-thermal,58.906
1780560018.9808693,,,soc0-thermal,57.281
1780560018.9808693,,,soc1-thermal,56.718
1780560018.9808693,,,soc2-thermal,57.25
1780560018.9808693,,,tj-thermal,58.906
1780560019.0875902,VDD_IN,6150.144,,
1780560019.0875902,VDD_CPU_GPU_CV,1771.2,,
1780560019.0875902,VDD_SOC,1616.384,,
1780560019.0875902,,,cpu-thermal,58.937
1780560019.0875902,,,gpu-thermal,59.281
1780560019.0875902,,,soc0-thermal,57.312
1780560019.0875902,,,soc1-thermal,56.781
1780560019.0875902,,,soc2-thermal,57.062
1780560019.0875902,,,tj-thermal,59.281
1780560019.1936648,VDD_IN,6160.128,,
1780560019.1936648,VDD_CPU_GPU_CV,1771.2,,
1780560019.1936648,VDD_SOC,1616.384,,
1780560019.1936648,,,cpu-thermal,58.843
1780560019.1936648,,,gpu-thermal,59.125
1780560019.1936648,,,soc0-thermal,57.406
1780560019.1936648,,,soc1-thermal,56.656
1780560019.1936648,,,soc2-thermal,57.187
1780560019.1936648,,,tj-thermal,59.125
1780560019.2999117,VDD_IN,6150.144,,
1780560019.2999117,VDD_CPU_GPU_CV,1771.2,,
1780560019.2999117,VDD_SOC,1616.384,,
1780560019.2999117,,,cpu-thermal,58.781
1780560019.2999117,,,gpu-thermal,59.125
1780560019.2999117,,,soc0-thermal,57.343
1780560019.2999117,,,soc1-thermal,56.718
1780560019.2999117,,,soc2-thermal,57.25
1780560019.2999117,,,tj-thermal,59.125
1780560019.406028,VDD_IN,6189.568,,
1780560019.406028,VDD_CPU_GPU_CV,1771.2,,
1780560019.406028,VDD_SOC,1616.384,,
1780560019.406028,,,cpu-thermal,58.75
1780560019.406028,,,gpu-thermal,58.968
1780560019.406028,,,soc0-thermal,57.312
1780560019.406028,,,soc1-thermal,56.781
1780560019.406028,,,soc2-thermal,57.218
1780560019.406028,,,tj-thermal,58.968
1780560019.5118961,VDD_IN,6189.568,,
1780560019.5118961,VDD_CPU_GPU_CV,1771.2,,
1780560019.5118961,VDD_SOC,1616.384,,
1780560019.5118961,,,cpu-thermal,58.812
1780560019.5118961,,,gpu-thermal,59.156
1780560019.5118961,,,soc0-thermal,57.375
1780560019.5118961,,,soc1-thermal,56.656
1780560019.5118961,,,soc2-thermal,57.218
1780560019.5118961,,,tj-thermal,58.968
1780560019.6183944,VDD_IN,6189.568,,
1780560019.6183944,VDD_CPU_GPU_CV,1771.2,,
1780560019.6183944,VDD_SOC,1616.384,,
1780560019.6183944,,,cpu-thermal,58.843
1780560019.6183944,,,gpu-thermal,59.437
1780560019.6183944,,,soc0-thermal,57.312
1780560019.6183944,,,soc1-thermal,56.656
1780560019.6183944,,,soc2-thermal,57.281
1780560019.6183944,,,tj-thermal,59.437
1780560019.7251368,VDD_IN,6150.144,,
1780560019.7251368,VDD_CPU_GPU_CV,1771.2,,
1780560019.7251368,VDD_SOC,1616.384,,
1780560019.7251368,,,cpu-thermal,59.062
1780560019.7251368,,,gpu-thermal,59.218
1780560019.7251368,,,soc0-thermal,57.375
1780560019.7251368,,,soc1-thermal,56.812
1780560019.7251368,,,soc2-thermal,57.218
1780560019.7251368,,,tj-thermal,59.218
1780560019.8312724,VDD_IN,6150.144,,
1780560019.8312724,VDD_CPU_GPU_CV,1771.2,,
1780560019.8312724,VDD_SOC,1616.384,,
1780560019.8312724,,,cpu-thermal,59.156
1780560019.8312724,,,gpu-thermal,59.093
1780560019.8312724,,,soc0-thermal,57.406
1780560019.8312724,,,soc1-thermal,56.687
1780560019.8312724,,,soc2-thermal,57.187
1780560019.8312724,,,tj-thermal,59.093
1780560019.937704,VDD_IN,6150.144,,
1780560019.937704,VDD_CPU_GPU_CV,1771.2,,
1780560019.937704,VDD_SOC,1616.384,,
1780560019.937704,,,cpu-thermal,58.906
1780560019.937704,,,gpu-thermal,59.375
1780560019.937704,,,soc0-thermal,57.312
1780560019.937704,,,soc1-thermal,56.687
1780560019.937704,,,soc2-thermal,57.312
1780560019.937704,,,tj-thermal,59.062
1780560020.0439086,VDD_IN,6150.144,,
1780560020.0439086,VDD_CPU_GPU_CV,1771.2,,
1780560020.0439086,VDD_SOC,1616.384,,
1780560020.0439086,,,cpu-thermal,58.937
1780560020.0439086,,,gpu-thermal,59.281
1780560020.0439086,,,soc0-thermal,57.406
1780560020.0439086,,,soc1-thermal,56.781
1780560020.0439086,,,soc2-thermal,57.312
1780560020.0439086,,,tj-thermal,58.968
1780560020.1503356,VDD_IN,6150.144,,
1780560020.1503356,VDD_CPU_GPU_CV,1771.2,,
1780560020.1503356,VDD_SOC,1616.384,,
1780560020.1503356,,,cpu-thermal,58.812
1780560020.1503356,,,gpu-thermal,59.062
1780560020.1503356,,,soc0-thermal,57.406
1780560020.1503356,,,soc1-thermal,56.843
1780560020.1503356,,,soc2-thermal,57.25
1780560020.1503356,,,tj-thermal,58.968
1780560020.2566602,VDD_IN,6150.144,,
1780560020.2566602,VDD_CPU_GPU_CV,1771.2,,
1780560020.2566602,VDD_SOC,1616.384,,
1780560020.2566602,,,cpu-thermal,58.812
1780560020.2566602,,,gpu-thermal,59.062
1780560020.2566602,,,soc0-thermal,57.468
1780560020.2566602,,,soc1-thermal,56.687
1780560020.2566602,,,soc2-thermal,57.218
1780560020.2566602,,,tj-thermal,59.343
1780560020.3627448,VDD_IN,6189.568,,
1780560020.3627448,VDD_CPU_GPU_CV,1771.2,,
1780560020.3627448,VDD_SOC,1616.384,,
1780560020.3627448,,,cpu-thermal,58.906
1780560020.3627448,,,gpu-thermal,59.0
1780560020.3627448,,,soc0-thermal,57.281
1780560020.3627448,,,soc1-thermal,56.718
1780560020.3627448,,,soc2-thermal,57.312
1780560020.3627448,,,tj-thermal,59.281
1780560020.469004,VDD_IN,6189.568,,
1780560020.469004,VDD_CPU_GPU_CV,1771.2,,
1780560020.469004,VDD_SOC,1616.384,,
1780560020.469004,,,cpu-thermal,58.781
1780560020.469004,,,gpu-thermal,58.968
1780560020.469004,,,soc0-thermal,57.437
1780560020.469004,,,soc1-thermal,56.937
1780560020.469004,,,soc2-thermal,57.312
1780560020.469004,,,tj-thermal,59.062
1780560020.575856,VDD_IN,6189.568,,
1780560020.575856,VDD_CPU_GPU_CV,1771.2,,
1780560020.575856,VDD_SOC,1616.384,,
1780560020.575856,,,cpu-thermal,58.812
1780560020.575856,,,gpu-thermal,59.375
1780560020.575856,,,soc0-thermal,57.5
1780560020.575856,,,soc1-thermal,56.75
1780560020.575856,,,soc2-thermal,57.281
1780560020.575856,,,tj-thermal,59.031
1780560020.6823158,VDD_IN,6189.568,,
1780560020.6823158,VDD_CPU_GPU_CV,1771.2,,
1780560020.6823158,VDD_SOC,1616.384,,
1780560020.6823158,,,cpu-thermal,59.187
1780560020.6823158,,,gpu-thermal,59.25
1780560020.6823158,,,soc0-thermal,57.437
1780560020.6823158,,,soc1-thermal,56.812
1780560020.6823158,,,soc2-thermal,57.281
1780560020.6823158,,,tj-thermal,59.187
1780560020.7888076,VDD_IN,6189.568,,
1780560020.7888076,VDD_CPU_GPU_CV,1771.2,,
1780560020.7888076,VDD_SOC,1616.384,,
1780560020.7888076,,,cpu-thermal,59.156
1780560020.7888076,,,gpu-thermal,59.125
1780560020.7888076,,,soc0-thermal,57.343
1780560020.7888076,,,soc1-thermal,56.906
1780560020.7888076,,,soc2-thermal,57.156
1780560020.7888076,,,tj-thermal,59.437
1780560020.8948438,VDD_IN,6150.144,,
1780560020.8948438,VDD_CPU_GPU_CV,1771.2,,
1780560020.8948438,VDD_SOC,1616.384,,
1780560020.8948438,,,cpu-thermal,58.843
1780560020.8948438,,,gpu-thermal,59.062
1780560020.8948438,,,soc0-thermal,57.468
1780560020.8948438,,,soc1-thermal,56.812
1780560020.8948438,,,soc2-thermal,57.281
1780560020.8948438,,,tj-thermal,59.312
1780560021.001054,VDD_IN,6150.144,,
1780560021.001054,VDD_CPU_GPU_CV,1771.2,,
1780560021.001054,VDD_SOC,1616.384,,
1780560021.001054,,,cpu-thermal,58.968
1780560021.001054,,,gpu-thermal,59.0
1780560021.001054,,,soc0-thermal,57.375
1780560021.001054,,,soc1-thermal,56.781
1780560021.001054,,,soc2-thermal,57.437
1780560021.001054,,,tj-thermal,59.156
1780560021.1073766,VDD_IN,6150.144,,
1780560021.1073766,VDD_CPU_GPU_CV,1731.84,,
1780560021.1073766,VDD_SOC,1616.384,,
1780560021.1073766,,,cpu-thermal,59.062
1780560021.1073766,,,gpu-thermal,59.406
1780560021.1073766,,,soc0-thermal,57.437
1780560021.1073766,,,soc1-thermal,56.843
1780560021.1073766,,,soc2-thermal,57.312
1780560021.1073766,,,tj-thermal,59.062
1780560021.2135265,VDD_IN,6110.72,,
1780560021.2135265,VDD_CPU_GPU_CV,1731.84,,
1780560021.2135265,VDD_SOC,1616.384,,
1780560021.2135265,,,cpu-thermal,58.937
1780560021.2135265,,,gpu-thermal,59.218
1780560021.2135265,,,soc0-thermal,57.437
1780560021.2135265,,,soc1-thermal,56.781
1780560021.2135265,,,soc2-thermal,57.281
1780560021.2135265,,,tj-thermal,59.031
1780560021.320065,VDD_IN,6150.144,,
1780560021.320065,VDD_CPU_GPU_CV,1731.84,,
1780560021.320065,VDD_SOC,1616.384,,
1780560021.320065,,,cpu-thermal,58.937
1780560021.320065,,,gpu-thermal,59.125
1780560021.320065,,,soc0-thermal,57.312
1780560021.320065,,,soc1-thermal,56.781
1780560021.320065,,,soc2-thermal,57.312
1780560021.320065,,,tj-thermal,58.968
1780560021.426851,VDD_IN,6150.144,,
1780560021.426851,VDD_CPU_GPU_CV,1771.2,,
1780560021.426851,VDD_SOC,1616.384,,
1780560021.426851,,,cpu-thermal,58.812
1780560021.426851,,,gpu-thermal,59.156
1780560021.426851,,,soc0-thermal,57.406
1780560021.426851,,,soc1-thermal,56.937
1780560021.426851,,,soc2-thermal,57.187
1780560021.426851,,,tj-thermal,59.343
1780560021.533364,VDD_IN,6189.568,,
1780560021.533364,VDD_CPU_GPU_CV,1771.2,,
1780560021.533364,VDD_SOC,1616.384,,
1780560021.533364,,,cpu-thermal,58.875
1780560021.533364,,,gpu-thermal,59.062
1780560021.533364,,,soc0-thermal,57.531
1780560021.533364,,,soc1-thermal,56.812
1780560021.533364,,,soc2-thermal,57.312
1780560021.533364,,,tj-thermal,59.218
1780560021.6403675,VDD_IN,6150.144,,
1780560021.6403675,VDD_CPU_GPU_CV,1771.2,,
1780560021.6403675,VDD_SOC,1616.384,,
1780560021.6403675,,,cpu-thermal,59.156
1780560021.6403675,,,gpu-thermal,59.093
1780560021.6403675,,,soc0-thermal,57.406
1780560021.6403675,,,soc1-thermal,56.812
1780560021.6403675,,,soc2-thermal,57.281
1780560021.6403675,,,tj-thermal,59.156
1780560021.7468035,VDD_IN,6150.144,,
1780560021.7468035,VDD_CPU_GPU_CV,1771.2,,
1780560021.7468035,VDD_SOC,1616.384,,
1780560021.7468035,,,cpu-thermal,59.25
1780560021.7468035,,,gpu-thermal,59.125
1780560021.7468035,,,soc0-thermal,57.437
1780560021.7468035,,,soc1-thermal,56.937
1780560021.7468035,,,soc2-thermal,57.312
1780560021.7468035,,,tj-thermal,59.25
1780560021.8531733,VDD_IN,6150.144,,
1780560021.8531733,VDD_CPU_GPU_CV,1771.2,,
1780560021.8531733,VDD_SOC,1616.384,,
1780560021.8531733,,,cpu-thermal,58.906
1780560021.8531733,,,gpu-thermal,59.218
1780560021.8531733,,,soc0-thermal,57.437
1780560021.8531733,,,soc1-thermal,56.843
1780560021.8531733,,,soc2-thermal,57.343
1780560021.8531733,,,tj-thermal,59.062
1780560021.9593008,VDD_IN,6150.144,,
1780560021.9593008,VDD_CPU_GPU_CV,1771.2,,
1780560021.9593008,VDD_SOC,1616.384,,
1780560021.9593008,,,cpu-thermal,59.062
1780560021.9593008,,,gpu-thermal,59.062
1780560021.9593008,,,soc0-thermal,57.375
1780560021.9593008,,,soc1-thermal,56.781
1780560021.9593008,,,soc2-thermal,57.281
1780560021.9593008,,,tj-thermal,59.437
1780560022.0663238,VDD_IN,6150.144,,
1780560022.0663238,VDD_CPU_GPU_CV,1771.2,,
1780560022.0663238,VDD_SOC,1616.384,,
1780560022.0663238,,,cpu-thermal,59.125
1780560022.0663238,,,gpu-thermal,59.281
1780560022.0663238,,,soc0-thermal,57.375
1780560022.0663238,,,soc1-thermal,56.937
1780560022.0663238,,,soc2-thermal,57.281
1780560022.0663238,,,tj-thermal,59.281
1780560022.1731286,VDD_IN,6150.144,,
1780560022.1731286,VDD_CPU_GPU_CV,1771.2,,
1780560022.1731286,VDD_SOC,1616.384,,
1780560022.1731286,,,cpu-thermal,59.062
1780560022.1731286,,,gpu-thermal,59.156
1780560022.1731286,,,soc0-thermal,57.562
1780560022.1731286,,,soc1-thermal,56.781
1780560022.1731286,,,soc2-thermal,57.343
1780560022.1731286,,,tj-thermal,59.156
1780560022.2793782,VDD_IN,6150.144,,
1780560022.2793782,VDD_CPU_GPU_CV,1771.2,,
1780560022.2793782,VDD_SOC,1616.384,,
1780560022.2793782,,,cpu-thermal,58.906
1780560022.2793782,,,gpu-thermal,59.125
1780560022.2793782,,,soc0-thermal,57.437
1780560022.2793782,,,soc1-thermal,56.843
1780560022.2793782,,,soc2-thermal,57.343
1780560022.2793782,,,tj-thermal,59.125
1780560022.3855042,VDD_IN,6189.568,,
1780560022.3855042,VDD_CPU_GPU_CV,1771.2,,
1780560022.3855042,VDD_SOC,1616.384,,
1780560022.3855042,,,cpu-thermal,58.906
1780560022.3855042,,,gpu-thermal,59.281
1780560022.3855042,,,soc0-thermal,57.468
1780560022.3855042,,,soc1-thermal,56.937
1780560022.3855042,,,soc2-thermal,57.375
1780560022.3855042,,,tj-thermal,59.062
1780560022.491285,VDD_IN,6189.568,,
1780560022.491285,VDD_CPU_GPU_CV,1771.2,,
1780560022.491285,VDD_SOC,1616.384,,
1780560022.491285,,,cpu-thermal,59.0
1780560022.491285,,,gpu-thermal,59.25
1780560022.491285,,,soc0-thermal,57.437
1780560022.491285,,,soc1-thermal,57.093
1780560022.491285,,,soc2-thermal,57.25
1780560022.491285,,,tj-thermal,59.5
1780560022.597359,VDD_IN,6189.568,,
1780560022.597359,VDD_CPU_GPU_CV,1771.2,,
1780560022.597359,VDD_SOC,1616.384,,
1780560022.597359,,,cpu-thermal,58.968
1780560022.597359,,,gpu-thermal,59.156
1780560022.597359,,,soc0-thermal,57.437
1780560022.597359,,,soc1-thermal,56.843
1780560022.597359,,,soc2-thermal,57.312
1780560022.597359,,,tj-thermal,59.343
1780560022.7040203,VDD_IN,6189.568,,
1780560022.7040203,VDD_CPU_GPU_CV,1771.2,,
1780560022.7040203,VDD_SOC,1616.384,,
1780560022.7040203,,,cpu-thermal,59.281
1780560022.7040203,,,gpu-thermal,59.031
1780560022.7040203,,,soc0-thermal,57.375
1780560022.7040203,,,soc1-thermal,56.875
1780560022.7040203,,,soc2-thermal,57.437
1780560022.7040203,,,tj-thermal,59.281
1780560022.8101382,VDD_IN,6189.568,,
1780560022.8101382,VDD_CPU_GPU_CV,1771.2,,
1780560022.8101382,VDD_SOC,1616.384,,
1780560022.8101382,,,cpu-thermal,59.437
1780560022.8101382,,,gpu-thermal,59.468
1780560022.8101382,,,soc0-thermal,57.593
1780560022.8101382,,,soc1-thermal,56.968
1780560022.8101382,,,soc2-thermal,57.343
1780560022.8101382,,,tj-thermal,59.437
1780560022.9167051,VDD_IN,6189.568,,
1780560022.9167051,VDD_CPU_GPU_CV,1771.2,,
1780560022.9167051,VDD_SOC,1616.384,,
1780560022.9167051,,,cpu-thermal,59.125
1780560022.9167051,,,gpu-thermal,59.406
1780560022.9167051,,,soc0-thermal,57.406
1780560022.9167051,,,soc1-thermal,56.843
1780560022.9167051,,,soc2-thermal,57.281
1780560022.9167051,,,tj-thermal,59.125
1780560023.0228596,VDD_IN,6189.568,,
1780560023.0228596,VDD_CPU_GPU_CV,1771.2,,
1780560023.0228596,VDD_SOC,1616.384,,
1780560023.0228596,,,cpu-thermal,59.156
1780560023.0228596,,,gpu-thermal,59.312
1780560023.0228596,,,soc0-thermal,57.406
1780560023.0228596,,,soc1-thermal,56.906
1780560023.0228596,,,soc2-thermal,57.468
1780560023.0228596,,,tj-thermal,59.156
1780560023.1295068,VDD_IN,6189.568,,
1780560023.1295068,VDD_CPU_GPU_CV,1771.2,,
1780560023.1295068,VDD_SOC,1616.384,,
1780560023.1295068,,,cpu-thermal,59.281
1780560023.1295068,,,gpu-thermal,59.125
1780560023.1295068,,,soc0-thermal,57.468
1780560023.1295068,,,soc1-thermal,57.0
1780560023.1295068,,,soc2-thermal,57.375
1780560023.1295068,,,tj-thermal,59.406
1780560023.2356465,VDD_IN,6189.568,,
1780560023.2356465,VDD_CPU_GPU_CV,1771.2,,
1780560023.2356465,VDD_SOC,1616.384,,
1780560023.2356465,,,cpu-thermal,58.968
1780560023.2356465,,,gpu-thermal,59.156
1780560023.2356465,,,soc0-thermal,57.468
1780560023.2356465,,,soc1-thermal,56.812
1780560023.2356465,,,soc2-thermal,57.375
1780560023.2356465,,,tj-thermal,59.218
1780560023.3417559,VDD_IN,6189.568,,
1780560023.3417559,VDD_CPU_GPU_CV,1810.56,,
1780560023.3417559,VDD_SOC,1616.384,,
1780560023.3417559,,,cpu-thermal,59.062
1780560023.3417559,,,gpu-thermal,59.218
1780560023.3417559,,,soc0-thermal,57.437
1780560023.3417559,,,soc1-thermal,56.906
1780560023.3417559,,,soc2-thermal,57.437
1780560023.3417559,,,tj-thermal,59.218
1780560023.4478283,VDD_IN,6228.992,,
1780560023.4478283,VDD_CPU_GPU_CV,1810.56,,
1780560023.4478283,VDD_SOC,1616.384,,
1780560023.4478283,,,cpu-thermal,58.968
1780560023.4478283,,,gpu-thermal,59.437
1780560023.4478283,,,soc0-thermal,57.468
1780560023.4478283,,,soc1-thermal,56.906
1780560023.4478283,,,soc2-thermal,57.281
1780560023.4478283,,,tj-thermal,59.437
1780560023.5539756,VDD_IN,6228.992,,
1780560023.5539756,VDD_CPU_GPU_CV,1810.56,,
1780560023.5539756,VDD_SOC,1616.384,,
1780560023.5539756,,,cpu-thermal,59.062
1780560023.5539756,,,gpu-thermal,59.343
1780560023.5539756,,,soc0-thermal,57.625
1780560023.5539756,,,soc1-thermal,56.843
1780560023.5539756,,,soc2-thermal,57.312
1780560023.5539756,,,tj-thermal,59.343
1780560023.660096,VDD_IN,6189.568,,
1780560023.660096,VDD_CPU_GPU_CV,1810.56,,
1780560023.660096,VDD_SOC,1616.384,,
1780560023.660096,,,cpu-thermal,59.031
1780560023.660096,,,gpu-thermal,59.187
1780560023.660096,,,soc0-thermal,57.437
1780560023.660096,,,soc1-thermal,56.937
1780560023.660096,,,soc2-thermal,57.406
1780560023.660096,,,tj-thermal,59.25
1780560023.7662954,VDD_IN,6189.568,,
1780560023.7662954,VDD_CPU_GPU_CV,1810.56,,
1780560023.7662954,VDD_SOC,1616.384,,
1780560023.7662954,,,cpu-thermal,59.406
1780560023.7662954,,,gpu-thermal,59.125
1780560023.7662954,,,soc0-thermal,57.5
1780560023.7662954,,,soc1-thermal,56.968
1780560023.7662954,,,soc2-thermal,57.5
1780560023.7662954,,,tj-thermal,59.406
1780560023.8730316,VDD_IN,6150.144,,
1780560023.8730316,VDD_CPU_GPU_CV,1810.56,,
1780560023.8730316,VDD_SOC,1616.384,,
1780560023.8730316,,,cpu-thermal,58.968
1780560023.8730316,,,gpu-thermal,59.187
1780560023.8730316,,,soc0-thermal,57.593
1780560023.8730316,,,soc1-thermal,56.812
1780560023.8730316,,,soc2-thermal,57.406
1780560023.8730316,,,tj-thermal,59.187
1780560023.979329,VDD_IN,6189.568,,
1780560023.979329,VDD_CPU_GPU_CV,1771.2,,
1780560023.979329,VDD_SOC,1616.384,,
1780560023.979329,,,cpu-thermal,59.218
1780560023.979329,,,gpu-thermal,59.437
1780560023.979329,,,soc0-thermal,57.437
1780560023.979329,,,soc1-thermal,56.875
1780560023.979329,,,soc2-thermal,57.375
1780560023.979329,,,tj-thermal,59.437
1780560024.0855443,VDD_IN,6189.568,,
1780560024.0855443,VDD_CPU_GPU_CV,1810.56,,
1780560024.0855443,VDD_SOC,1616.384,,
1780560024.0855443,,,cpu-thermal,59.218
1780560024.0855443,,,gpu-thermal,59.343
1780560024.0855443,,,soc0-thermal,57.468
1780560024.0855443,,,soc1-thermal,56.968
1780560024.0855443,,,soc2-thermal,57.5
1780560024.0855443,,,tj-thermal,59.343
1780560024.1918302,VDD_IN,6150.144,,
1780560024.1918302,VDD_CPU_GPU_CV,1771.2,,
1780560024.1918302,VDD_SOC,1616.384,,
1780560024.1918302,,,cpu-thermal,59.312
1780560024.1918302,,,gpu-thermal,59.312
1780560024.1918302,,,soc0-thermal,57.562
1780560024.1918302,,,soc1-thermal,56.875
1780560024.1918302,,,soc2-thermal,57.406
1780560024.1918302,,,tj-thermal,59.312
1780560024.2980125,VDD_IN,6189.568,,
1780560024.2980125,VDD_CPU_GPU_CV,1771.2,,
1780560024.2980125,VDD_SOC,1616.384,,
1780560024.2980125,,,cpu-thermal,59.093
1780560024.2980125,,,gpu-thermal,59.187
1780560024.2980125,,,soc0-thermal,57.562
1780560024.2980125,,,soc1-thermal,56.906
1780560024.2980125,,,soc2-thermal,57.375
1780560024.2980125,,,tj-thermal,59.187
1780560024.4041145,VDD_IN,6189.568,,
1780560024.4041145,VDD_CPU_GPU_CV,1810.56,,
1780560024.4041145,VDD_SOC,1616.384,,
1780560024.4041145,,,cpu-thermal,59.156
1780560024.4041145,,,gpu-thermal,59.187
1780560024.4041145,,,soc0-thermal,57.437
1780560024.4041145,,,soc1-thermal,56.937
1780560024.4041145,,,soc2-thermal,57.531
1780560024.4041145,,,tj-thermal,59.187
1780560024.5105448,VDD_IN,6189.568,,
1780560024.5105448,VDD_CPU_GPU_CV,1810.56,,
1780560024.5105448,VDD_SOC,1616.384,,
1780560024.5105448,,,cpu-thermal,59.093
1780560024.5105448,,,gpu-thermal,59.625
1780560024.5105448,,,soc0-thermal,57.531
1780560024.5105448,,,soc1-thermal,57.031
1780560024.5105448,,,soc2-thermal,57.468
1780560024.5105448,,,tj-thermal,59.625
1780560024.6167789,VDD_IN,6189.568,,
1780560024.6167789,VDD_CPU_GPU_CV,1810.56,,
1780560024.6167789,VDD_SOC,1616.384,,
1780560024.6167789,,,cpu-thermal,59.062
1780560024.6167789,,,gpu-thermal,59.468
1780560024.6167789,,,soc0-thermal,57.468
1780560024.6167789,,,soc1-thermal,56.906
1780560024.6167789,,,soc2-thermal,57.406
1780560024.6167789,,,tj-thermal,59.468
1780560024.7234461,VDD_IN,6189.568,,
1780560024.7234461,VDD_CPU_GPU_CV,1771.2,,
1780560024.7234461,VDD_SOC,1616.384,,
1780560024.7234461,,,cpu-thermal,59.343
1780560024.7234461,,,gpu-thermal,59.312
1780560024.7234461,,,soc0-thermal,57.468
1780560024.7234461,,,soc1-thermal,56.968
1780560024.7234461,,,soc2-thermal,57.531
1780560024.7234461,,,tj-thermal,59.343
1780560024.8295553,VDD_IN,6150.144,,
1780560024.8295553,VDD_CPU_GPU_CV,1771.2,,
1780560024.8295553,VDD_SOC,1616.384,,
1780560024.8295553,,,cpu-thermal,59.093
1780560024.8295553,,,gpu-thermal,59.25
1780560024.8295553,,,soc0-thermal,57.531
1780560024.8295553,,,soc1-thermal,57.0
1780560024.8295553,,,soc2-thermal,57.375
1780560024.8295553,,,tj-thermal,59.25
1780560024.9357183,VDD_IN,6189.568,,
1780560024.9357183,VDD_CPU_GPU_CV,1771.2,,
1780560024.9357183,VDD_SOC,1616.384,,
1780560024.9357183,,,cpu-thermal,59.062
1780560024.9357183,,,gpu-thermal,59.156
1780560024.9357183,,,soc0-thermal,57.562
1780560024.9357183,,,soc1-thermal,56.968
1780560024.9357183,,,soc2-thermal,57.375
1780560024.9357183,,,tj-thermal,59.218
1780560025.0419693,VDD_IN,6189.568,,
1780560025.0419693,VDD_CPU_GPU_CV,1771.2,,
1780560025.0419693,VDD_SOC,1616.384,,
1780560025.0419693,,,cpu-thermal,59.343
1780560025.0419693,,,gpu-thermal,59.187
1780560025.0419693,,,soc0-thermal,57.5
1780560025.0419693,,,soc1-thermal,56.937
1780560025.0419693,,,soc2-thermal,57.531
1780560025.0419693,,,tj-thermal,59.343
1780560025.1481888,VDD_IN,6189.568,,
1780560025.1481888,VDD_CPU_GPU_CV,1771.2,,
1780560025.1481888,VDD_SOC,1616.384,,
1780560025.1481888,,,cpu-thermal,59.343
1780560025.1481888,,,gpu-thermal,59.562
1780560025.1481888,,,soc0-thermal,57.656
1780560025.1481888,,,soc1-thermal,57.093
1780560025.1481888,,,soc2-thermal,57.375
1780560025.1481888,,,tj-thermal,59.562
1780560025.2551215,VDD_IN,6189.568,,
1780560025.2551215,VDD_CPU_GPU_CV,1771.2,,
1780560025.2551215,VDD_SOC,1616.384,,
1780560025.2551215,,,cpu-thermal,59.125
1780560025.2551215,,,gpu-thermal,59.437
1780560025.2551215,,,soc0-thermal,57.656
1780560025.2551215,,,soc1-thermal,56.906
1780560025.2551215,,,soc2-thermal,57.468
1780560025.2551215,,,tj-thermal,59.437
1780560025.361217,VDD_IN,6189.568,,
1780560025.361217,VDD_CPU_GPU_CV,1810.56,,
1780560025.361217,VDD_SOC,1616.384,,
1780560025.361217,,,cpu-thermal,59.187
1780560025.361217,,,gpu-thermal,59.125
1780560025.361217,,,soc0-thermal,57.593
1780560025.361217,,,soc1-thermal,57.0
1780560025.361217,,,soc2-thermal,57.468
1780560025.361217,,,tj-thermal,59.281
1780560025.467148,VDD_IN,6228.992,,
1780560025.467148,VDD_CPU_GPU_CV,1810.56,,
1780560025.467148,VDD_SOC,1653.12,,
1780560025.467148,,,cpu-thermal,59.187
1780560025.467148,,,gpu-thermal,59.5
1780560025.467148,,,soc0-thermal,57.593
1780560025.467148,,,soc1-thermal,57.093
1780560025.467148,,,soc2-thermal,57.5
1780560025.467148,,,tj-thermal,59.343
1780560025.5734453,VDD_IN,6189.568,,
1780560025.5734453,VDD_CPU_GPU_CV,1810.56,,
1780560025.5734453,VDD_SOC,1616.384,,
1780560025.5734453,,,cpu-thermal,59.062
1780560025.5734453,,,gpu-thermal,59.406
1780560025.5734453,,,soc0-thermal,57.625
1780560025.5734453,,,soc1-thermal,56.937
1780560025.5734453,,,soc2-thermal,57.5
1780560025.5734453,,,tj-thermal,59.218
1780560025.6797044,VDD_IN,6189.568,,
1780560025.6797044,VDD_CPU_GPU_CV,1771.2,,
1780560025.6797044,VDD_SOC,1616.384,,
1780560025.6797044,,,cpu-thermal,59.125
1780560025.6797044,,,gpu-thermal,59.25
1780560025.6797044,,,soc0-thermal,57.718
1780560025.6797044,,,soc1-thermal,56.968
1780560025.6797044,,,soc2-thermal,57.531
1780560025.6797044,,,tj-thermal,59.593
1780560025.7866602,VDD_IN,6189.568,,
1780560025.7866602,VDD_CPU_GPU_CV,1771.2,,
1780560025.7866602,VDD_SOC,1616.384,,
1780560025.7866602,,,cpu-thermal,59.062
1780560025.7866602,,,gpu-thermal,59.312
1780560025.7866602,,,soc0-thermal,57.531
1780560025.7866602,,,soc1-thermal,57.031
1780560025.7866602,,,soc2-thermal,57.531
1780560025.7866602,,,tj-thermal,59.437
1780560025.892853,VDD_IN,6150.144,,
1780560025.892853,VDD_CPU_GPU_CV,1771.2,,
1780560025.892853,VDD_SOC,1616.384,,
1780560025.892853,,,cpu-thermal,59.125
1780560025.892853,,,gpu-thermal,59.218
1780560025.892853,,,soc0-thermal,57.656
1780560025.892853,,,soc1-thermal,56.968
1780560025.892853,,,soc2-thermal,57.531
1780560025.892853,,,tj-thermal,59.343
1780560025.9991667,VDD_IN,6150.144,,
1780560025.9991667,VDD_CPU_GPU_CV,1771.2,,
1780560025.9991667,VDD_SOC,1616.384,,
1780560025.9991667,,,cpu-thermal,59.375
1780560025.9991667,,,gpu-thermal,59.531
1780560025.9991667,,,soc0-thermal,57.531
1780560025.9991667,,,soc1-thermal,56.968
1780560025.9991667,,,soc2-thermal,57.437
1780560025.9991667,,,tj-thermal,59.375
1780560026.1053884,VDD_IN,6150.144,,
1780560026.1053884,VDD_CPU_GPU_CV,1771.2,,
1780560026.1053884,VDD_SOC,1616.384,,
1780560026.1053884,,,cpu-thermal,59.312
1780560026.1053884,,,gpu-thermal,59.437
1780560026.1053884,,,soc0-thermal,57.531
1780560026.1053884,,,soc1-thermal,57.093
1780560026.1053884,,,soc2-thermal,57.531
1780560026.1053884,,,tj-thermal,59.312
1780560026.2115889,VDD_IN,6150.144,,
1780560026.2115889,VDD_CPU_GPU_CV,1771.2,,
1780560026.2115889,VDD_SOC,1616.384,,
1780560026.2115889,,,cpu-thermal,59.5
1780560026.2115889,,,gpu-thermal,59.375
1780560026.2115889,,,soc0-thermal,57.562
1780560026.2115889,,,soc1-thermal,57.187
1780560026.2115889,,,soc2-thermal,57.531
1780560026.2115889,,,tj-thermal,59.5
1780560026.317527,VDD_IN,6150.144,,
1780560026.317527,VDD_CPU_GPU_CV,1771.2,,
1780560026.317527,VDD_SOC,1616.384,,
1780560026.317527,,,cpu-thermal,59.218
1780560026.317527,,,gpu-thermal,59.25
1780560026.317527,,,soc0-thermal,57.531
1780560026.317527,,,soc1-thermal,57.0
1780560026.317527,,,soc2-thermal,57.468
1780560026.317527,,,tj-thermal,59.25
1780560026.4236553,VDD_IN,6150.144,,
1780560026.4236553,VDD_CPU_GPU_CV,1771.2,,
1780560026.4236553,VDD_SOC,1616.384,,
1780560026.4236553,,,cpu-thermal,59.281
1780560026.4236553,,,gpu-thermal,59.25
1780560026.4236553,,,soc0-thermal,57.531
1780560026.4236553,,,soc1-thermal,57.031
1780560026.4236553,,,soc2-thermal,57.531
1780560026.4236553,,,tj-thermal,59.281
1780560026.5296342,VDD_IN,6150.144,,
1780560026.5296342,VDD_CPU_GPU_CV,1771.2,,
1780560026.5296342,VDD_SOC,1616.384,,
1780560026.5296342,,,cpu-thermal,59.312
1780560026.5296342,,,gpu-thermal,59.687
1780560026.5296342,,,soc0-thermal,57.531
1780560026.5296342,,,soc1-thermal,57.156
1780560026.5296342,,,soc2-thermal,57.531
1780560026.5296342,,,tj-thermal,59.687
1780560026.6357856,VDD_IN,6189.568,,
1780560026.6357856,VDD_CPU_GPU_CV,1810.56,,
1780560026.6357856,VDD_SOC,1616.384,,
1780560026.6357856,,,cpu-thermal,59.156
1780560026.6357856,,,gpu-thermal,59.531
1780560026.6357856,,,soc0-thermal,57.625
1780560026.6357856,,,soc1-thermal,56.968
1780560026.6357856,,,soc2-thermal,57.437
1780560026.6357856,,,tj-thermal,59.531
1780560026.7417667,VDD_IN,6189.568,,
1780560026.7417667,VDD_CPU_GPU_CV,1810.56,,
1780560026.7417667,VDD_SOC,1616.384,,
1780560026.7417667,,,cpu-thermal,59.218
1780560026.7417667,,,gpu-thermal,59.375
1780560026.7417667,,,soc0-thermal,57.531
1780560026.7417667,,,soc1-thermal,57.031
1780560026.7417667,,,soc2-thermal,57.562
1780560026.7417667,,,tj-thermal,59.375
1780560026.847743,VDD_IN,6150.144,,
1780560026.847743,VDD_CPU_GPU_CV,1810.56,,
1780560026.847743,VDD_SOC,1616.384,,
1780560026.847743,,,cpu-thermal,59.156
1780560026.847743,,,gpu-thermal,59.343
1780560026.847743,,,soc0-thermal,57.625
1780560026.847743,,,soc1-thermal,57.156
1780560026.847743,,,soc2-thermal,57.531
1780560026.847743,,,tj-thermal,59.343
1780560026.9542823,VDD_IN,6189.568,,
1780560026.9542823,VDD_CPU_GPU_CV,1810.56,,
1780560026.9542823,VDD_SOC,1616.384,,
1780560026.9542823,,,cpu-thermal,59.187
1780560026.9542823,,,gpu-thermal,59.218
1780560026.9542823,,,soc0-thermal,57.718
1780560026.9542823,,,soc1-thermal,57.0
1780560026.9542823,,,soc2-thermal,57.531
1780560026.9542823,,,tj-thermal,59.218
1780560027.0611196,VDD_IN,6189.568,,
1780560027.0611196,VDD_CPU_GPU_CV,1810.56,,
1780560027.0611196,VDD_SOC,1616.384,,
1780560027.0611196,,,cpu-thermal,59.187
1780560027.0611196,,,gpu-thermal,59.218
1780560027.0611196,,,soc0-thermal,57.593
1780560027.0611196,,,soc1-thermal,56.968
1780560027.0611196,,,soc2-thermal,57.531
1780560027.0611196,,,tj-thermal,59.343
1780560027.1676877,VDD_IN,6189.568,,
1780560027.1676877,VDD_CPU_GPU_CV,1810.56,,
1780560027.1676877,VDD_SOC,1616.384,,
1780560027.1676877,,,cpu-thermal,59.531
1780560027.1676877,,,gpu-thermal,59.562
1780560027.1676877,,,soc0-thermal,57.625
1780560027.1676877,,,soc1-thermal,57.218
1780560027.1676877,,,soc2-thermal,57.531
1780560027.1676877,,,tj-thermal,59.562
1780560027.2749295,VDD_IN,6228.992,,
1780560027.2749295,VDD_CPU_GPU_CV,1810.56,,
1780560027.2749295,VDD_SOC,1616.384,,
1780560027.2749295,,,cpu-thermal,59.187
1780560027.2749295,,,gpu-thermal,59.468
1780560027.2749295,,,soc0-thermal,57.781
1780560027.2749295,,,soc1-thermal,56.968
1780560027.2749295,,,soc2-thermal,57.531
1780560027.2749295,,,tj-thermal,59.468
1780560027.3810914,VDD_IN,6228.992,,
1780560027.3810914,VDD_CPU_GPU_CV,1810.56,,
1780560027.3810914,VDD_SOC,1616.384,,
1780560027.3810914,,,cpu-thermal,59.281
1780560027.3810914,,,gpu-thermal,59.375
1780560027.3810914,,,soc0-thermal,57.562
1780560027.3810914,,,soc1-thermal,57.0
1780560027.3810914,,,soc2-thermal,57.531
1780560027.3810914,,,tj-thermal,59.375
1780560027.487125,VDD_IN,6228.992,,
1780560027.487125,VDD_CPU_GPU_CV,1810.56,,
1780560027.487125,VDD_SOC,1613.76,,
1780560027.487125,,,cpu-thermal,59.406
1780560027.487125,,,gpu-thermal,59.406
1780560027.487125,,,soc0-thermal,57.718
1780560027.487125,,,soc1-thermal,57.093
1780560027.487125,,,soc2-thermal,57.687
1780560027.487125,,,tj-thermal,59.406
1780560027.5931032,VDD_IN,6228.992,,
1780560027.5931032,VDD_CPU_GPU_CV,1810.56,,
1780560027.5931032,VDD_SOC,1616.384,,
1780560027.5931032,,,cpu-thermal,59.25
1780560027.5931032,,,gpu-thermal,59.343
1780560027.5931032,,,soc0-thermal,57.687
1780560027.5931032,,,soc1-thermal,57.218
1780560027.5931032,,,soc2-thermal,57.5
1780560027.5931032,,,tj-thermal,59.343
1780560027.6992707,VDD_IN,6228.992,,
1780560027.6992707,VDD_CPU_GPU_CV,1810.56,,
1780560027.6992707,VDD_SOC,1616.384,,
1780560027.6992707,,,cpu-thermal,59.218
1780560027.6992707,,,gpu-thermal,59.75
1780560027.6992707,,,soc0-thermal,57.593
1780560027.6992707,,,soc1-thermal,57.0
1780560027.6992707,,,soc2-thermal,57.625
1780560027.6992707,,,tj-thermal,59.75
1780560027.8057828,VDD_IN,6189.568,,
1780560027.8057828,VDD_CPU_GPU_CV,1810.56,,
1780560027.8057828,VDD_SOC,1616.384,,
1780560027.8057828,,,cpu-thermal,59.343
1780560027.8057828,,,gpu-thermal,59.593
1780560027.8057828,,,soc0-thermal,57.718
1780560027.8057828,,,soc1-thermal,57.125
1780560027.8057828,,,soc2-thermal,57.687
1780560027.8057828,,,tj-thermal,59.593
1780560027.9123802,VDD_IN,6189.568,,
1780560027.9123802,VDD_CPU_GPU_CV,1810.56,,
1780560027.9123802,VDD_SOC,1616.384,,
1780560027.9123802,,,cpu-thermal,59.281
1780560027.9123802,,,gpu-thermal,59.437
1780560027.9123802,,,soc0-thermal,57.718
1780560027.9123802,,,soc1-thermal,57.25
1780560027.9123802,,,soc2-thermal,57.593
1780560027.9123802,,,tj-thermal,59.437
1780560028.018598,VDD_IN,6189.568,,
1780560028.018598,VDD_CPU_GPU_CV,1810.56,,
1780560028.018598,VDD_SOC,1616.384,,
1780560028.018598,,,cpu-thermal,59.218
1780560028.018598,,,gpu-thermal,59.375
1780560028.018598,,,soc0-thermal,57.656
1780560028.018598,,,soc1-thermal,57.062
1780560028.018598,,,soc2-thermal,57.656
1780560028.018598,,,tj-thermal,59.437
1780560028.1249945,VDD_IN,6189.568,,
1780560028.1249945,VDD_CPU_GPU_CV,1810.56,,
1780560028.1249945,VDD_SOC,1616.384,,
1780560028.1249945,,,cpu-thermal,59.531
1780560028.1249945,,,gpu-thermal,59.312
1780560028.1249945,,,soc0-thermal,57.656
1780560028.1249945,,,soc1-thermal,57.125
1780560028.1249945,,,soc2-thermal,57.625
1780560028.1249945,,,tj-thermal,59.531
1780560028.2310064,VDD_IN,6189.568,,
1780560028.2310064,VDD_CPU_GPU_CV,1810.56,,
1780560028.2310064,VDD_SOC,1616.384,,
1780560028.2310064,,,cpu-thermal,59.218
1780560028.2310064,,,gpu-thermal,59.343
1780560028.2310064,,,soc0-thermal,57.687
1780560028.2310064,,,soc1-thermal,57.218
1780560028.2310064,,,soc2-thermal,57.625
1780560028.2310064,,,tj-thermal,59.343
1780560028.3374333,VDD_IN,6189.568,,
1780560028.3374333,VDD_CPU_GPU_CV,1810.56,,
1780560028.3374333,VDD_SOC,1616.384,,
1780560028.3374333,,,cpu-thermal,59.156
1780560028.3374333,,,gpu-thermal,59.593
1780560028.3374333,,,soc0-thermal,57.656
1780560028.3374333,,,soc1-thermal,57.062
1780560028.3374333,,,soc2-thermal,57.593
1780560028.3374333,,,tj-thermal,59.593
1780560028.4433007,VDD_IN,6228.992,,
1780560028.4433007,VDD_CPU_GPU_CV,1810.56,,
1780560028.4433007,VDD_SOC,1655.808,,
1780560028.4433007,,,cpu-thermal,59.281
1780560028.4433007,,,gpu-thermal,59.406
1780560028.4433007,,,soc0-thermal,57.687
1780560028.4433007,,,soc1-thermal,57.156
1780560028.4433007,,,soc2-thermal,57.562
1780560028.4433007,,,tj-thermal,59.531
1780560028.5492208,VDD_IN,6189.568,,
1780560028.5492208,VDD_CPU_GPU_CV,1810.56,,
1780560028.5492208,VDD_SOC,1655.808,,
1780560028.5492208,,,cpu-thermal,59.437
1780560028.5492208,,,gpu-thermal,59.75
1780560028.5492208,,,soc0-thermal,57.843
1780560028.5492208,,,soc1-thermal,57.125
1780560028.5492208,,,soc2-thermal,57.531
1780560028.5492208,,,tj-thermal,59.468
1780560028.655586,VDD_IN,6228.992,,
1780560028.655586,VDD_CPU_GPU_CV,1810.56,,
1780560028.655586,VDD_SOC,1616.384,,
1780560028.655586,,,cpu-thermal,59.312
1780560028.655586,,,gpu-thermal,59.656
1780560028.655586,,,soc0-thermal,57.812
1780560028.655586,,,soc1-thermal,56.968
1780560028.655586,,,soc2-thermal,57.562
1780560028.655586,,,tj-thermal,59.343
1780560028.7619774,VDD_IN,6228.992,,
1780560028.7619774,VDD_CPU_GPU_CV,1810.56,,
1780560028.7619774,VDD_SOC,1616.384,,
1780560028.7619774,,,cpu-thermal,59.25
1780560028.7619774,,,gpu-thermal,59.531
1780560028.7619774,,,soc0-thermal,57.75
1780560028.7619774,,,soc1-thermal,57.156
1780560028.7619774,,,soc2-thermal,57.593
1780560028.7619774,,,tj-thermal,59.312
1780560028.8679905,VDD_IN,6189.568,,
1780560028.8679905,VDD_CPU_GPU_CV,1810.56,,
1780560028.8679905,VDD_SOC,1616.384,,
1780560028.8679905,,,cpu-thermal,59.25
1780560028.8679905,,,gpu-thermal,59.437
1780560028.8679905,,,soc0-thermal,57.718
1780560028.8679905,,,soc1-thermal,57.281
1780560028.8679905,,,soc2-thermal,57.531
1780560028.8679905,,,tj-thermal,59.687
1780560028.9750998,VDD_IN,6189.568,,
1780560028.9750998,VDD_CPU_GPU_CV,1810.56,,
1780560028.9750998,VDD_SOC,1616.384,,
1780560028.9750998,,,cpu-thermal,59.312
1780560028.9750998,,,gpu-thermal,59.437
1780560028.9750998,,,soc0-thermal,57.843
1780560028.9750998,,,soc1-thermal,57.031
1780560028.9750998,,,soc2-thermal,57.593
1780560028.9750998,,,tj-thermal,59.531
1780560029.0811632,VDD_IN,6189.568,,
1780560029.0811632,VDD_CPU_GPU_CV,1810.56,,
1780560029.0811632,VDD_SOC,1616.384,,
1780560029.0811632,,,cpu-thermal,59.312
1780560029.0811632,,,gpu-thermal,59.406
1780560029.0811632,,,soc0-thermal,57.656
1780560029.0811632,,,soc1-thermal,57.187
1780560029.0811632,,,soc2-thermal,57.593
1780560029.0811632,,,tj-thermal,59.5
1780560029.1875181,VDD_IN,6189.568,,
1780560029.1875181,VDD_CPU_GPU_CV,1810.56,,
1780560029.1875181,VDD_SOC,1616.384,,
1780560029.1875181,,,cpu-thermal,59.25
1780560029.1875181,,,gpu-thermal,59.656
1780560029.1875181,,,soc0-thermal,57.812
1780560029.1875181,,,soc1-thermal,57.156
1780560029.1875181,,,soc2-thermal,57.562
1780560029.1875181,,,tj-thermal,59.531
1780560029.2938766,VDD_IN,6189.568,,
1780560029.2938766,VDD_CPU_GPU_CV,1810.56,,
1780560029.2938766,VDD_SOC,1613.76,,
1780560029.2938766,,,cpu-thermal,59.25
1780560029.2938766,,,gpu-thermal,59.625
1780560029.2938766,,,soc0-thermal,57.906
1780560029.2938766,,,soc1-thermal,57.093
1780560029.2938766,,,soc2-thermal,57.656
1780560029.2938766,,,tj-thermal,59.375
1780560029.4001327,VDD_IN,6228.992,,
1780560029.4001327,VDD_CPU_GPU_CV,1810.56,,
1780560029.4001327,VDD_SOC,1613.76,,
1780560029.4001327,,,cpu-thermal,59.375
1780560029.4001327,,,gpu-thermal,59.468
1780560029.4001327,,,soc0-thermal,57.687
1780560029.4001327,,,soc1-thermal,57.125
1780560029.4001327,,,soc2-thermal,57.562
1780560029.4001327,,,tj-thermal,59.75
1780560029.5060453,VDD_IN,6228.992,,
1780560029.5060453,VDD_CPU_GPU_CV,1810.56,,
1780560029.5060453,VDD_SOC,1653.12,,
1780560029.5060453,,,cpu-thermal,59.5
1780560029.5060453,,,gpu-thermal,59.468
1780560029.5060453,,,soc0-thermal,57.687
1780560029.5060453,,,soc1-thermal,57.25
1780560029.5060453,,,soc2-thermal,57.75
1780560029.5060453,,,tj-thermal,59.5
1780560029.6118693,VDD_IN,6189.568,,
1780560029.6118693,VDD_CPU_GPU_CV,1810.56,,
1780560029.6118693,VDD_SOC,1616.384,,
1780560029.6118693,,,cpu-thermal,59.562
1780560029.6118693,,,gpu-thermal,59.468
1780560029.6118693,,,soc0-thermal,57.781
1780560029.6118693,,,soc1-thermal,57.312
1780560029.6118693,,,soc2-thermal,57.625
1780560029.6118693,,,tj-thermal,59.562
1780560029.717846,VDD_IN,6189.568,,
1780560029.717846,VDD_CPU_GPU_CV,1810.56,,
1780560029.717846,VDD_SOC,1616.384,,
1780560029.717846,,,cpu-thermal,59.375
1780560029.717846,,,gpu-thermal,59.812
1780560029.717846,,,soc0-thermal,57.687
1780560029.717846,,,soc1-thermal,57.125
1780560029.717846,,,soc2-thermal,57.687
1780560029.717846,,,tj-thermal,59.812
1780560029.8243587,VDD_IN,6189.568,,
1780560029.8243587,VDD_CPU_GPU_CV,1810.56,,
1780560029.8243587,VDD_SOC,1616.384,,
1780560029.8243587,,,cpu-thermal,59.375
1780560029.8243587,,,gpu-thermal,59.593
1780560029.8243587,,,soc0-thermal,57.812
1780560029.8243587,,,soc1-thermal,57.218
1780560029.8243587,,,soc2-thermal,57.718
1780560029.8243587,,,tj-thermal,59.593
1780560029.9311666,VDD_IN,6189.568,,
1780560029.9311666,VDD_CPU_GPU_CV,1810.56,,
1780560029.9311666,VDD_SOC,1616.384,,
1780560029.9311666,,,cpu-thermal,59.312
1780560029.9311666,,,gpu-thermal,59.562
1780560029.9311666,,,soc0-thermal,57.875
1780560029.9311666,,,soc1-thermal,57.312
1780560029.9311666,,,soc2-thermal,57.656
1780560029.9311666,,,tj-thermal,59.562
1780560030.037448,VDD_IN,6189.568,,
1780560030.037448,VDD_CPU_GPU_CV,1810.56,,
1780560030.037448,VDD_SOC,1616.384,,
1780560030.037448,,,cpu-thermal,59.343
1780560030.037448,,,gpu-thermal,59.5
1780560030.037448,,,soc0-thermal,57.968
1780560030.037448,,,soc1-thermal,57.093
1780560030.037448,,,soc2-thermal,57.625
1780560030.037448,,,tj-thermal,59.5
1780560030.1434145,VDD_IN,6150.144,,
1780560030.1434145,VDD_CPU_GPU_CV,1771.2,,
1780560030.1434145,VDD_SOC,1616.384,,
1780560030.1434145,,,cpu-thermal,59.375
1780560030.1434145,,,gpu-thermal,59.406
1780560030.1434145,,,soc0-thermal,57.812
1780560030.1434145,,,soc1-thermal,57.125
1780560030.1434145,,,soc2-thermal,57.781
1780560030.1434145,,,tj-thermal,59.718
1780560030.2496731,VDD_IN,6150.144,,
1780560030.2496731,VDD_CPU_GPU_CV,1771.2,,
1780560030.2496731,VDD_SOC,1616.384,,
1780560030.2496731,,,cpu-thermal,59.281
1780560030.2496731,,,gpu-thermal,59.468
1780560030.2496731,,,soc0-thermal,57.875
1780560030.2496731,,,soc1-thermal,57.281
1780560030.2496731,,,soc2-thermal,57.625
1780560030.2496731,,,tj-thermal,59.468
1780560030.3559475,VDD_IN,6189.568,,
1780560030.3559475,VDD_CPU_GPU_CV,1810.56,,
1780560030.3559475,VDD_SOC,1616.384,,
1780560030.3559475,,,cpu-thermal,59.25
1780560030.3559475,,,gpu-thermal,59.718
1780560030.3559475,,,soc0-thermal,57.875
1780560030.3559475,,,soc1-thermal,57.125
1780560030.3559475,,,soc2-thermal,57.593
1780560030.3559475,,,tj-thermal,59.718
1780560030.461857,VDD_IN,6189.568,,
1780560030.461857,VDD_CPU_GPU_CV,1810.56,,
1780560030.461857,VDD_SOC,1655.808,,
1780560030.461857,,,cpu-thermal,59.218
1780560030.461857,,,gpu-thermal,59.625
1780560030.461857,,,soc0-thermal,57.75
1780560030.461857,,,soc1-thermal,57.218
1780560030.461857,,,soc2-thermal,57.687
1780560030.461857,,,tj-thermal,59.625
1780560030.5685217,VDD_IN,6189.568,,
1780560030.5685217,VDD_CPU_GPU_CV,1771.2,,
1780560030.5685217,VDD_SOC,1616.384,,
1780560030.5685217,,,cpu-thermal,59.656
1780560030.5685217,,,gpu-thermal,59.562
1780560030.5685217,,,soc0-thermal,57.781
1780560030.5685217,,,soc1-thermal,57.406
1780560030.5685217,,,soc2-thermal,57.718
1780560030.5685217,,,tj-thermal,59.656
1780560030.67492,VDD_IN,6189.568,,
1780560030.67492,VDD_CPU_GPU_CV,1771.2,,
1780560030.67492,VDD_SOC,1616.384,,
1780560030.67492,,,cpu-thermal,59.343
1780560030.67492,,,gpu-thermal,59.468
1780560030.67492,,,soc0-thermal,57.843
1780560030.67492,,,soc1-thermal,57.093
1780560030.67492,,,soc2-thermal,57.718
1780560030.67492,,,tj-thermal,59.468
1780560030.780953,VDD_IN,6189.568,,
1780560030.780953,VDD_CPU_GPU_CV,1771.2,,
1780560030.780953,VDD_SOC,1616.384,,
1780560030.780953,,,cpu-thermal,59.5
1780560030.780953,,,gpu-thermal,59.468
1780560030.780953,,,soc0-thermal,57.718
1780560030.780953,,,soc1-thermal,57.25
1780560030.780953,,,soc2-thermal,57.75
1780560030.780953,,,tj-thermal,59.5
1780560030.8874142,VDD_IN,6150.144,,
1780560030.8874142,VDD_CPU_GPU_CV,1771.2,,
1780560030.8874142,VDD_SOC,1616.384,,
1780560030.8874142,,,cpu-thermal,59.562
1780560030.8874142,,,gpu-thermal,59.781
1780560030.8874142,,,soc0-thermal,57.781
1780560030.8874142,,,soc1-thermal,57.218
1780560030.8874142,,,soc2-thermal,57.843
1780560030.8874142,,,tj-thermal,59.781
1780560030.9936018,VDD_IN,6150.144,,
1780560030.9936018,VDD_CPU_GPU_CV,1771.2,,
1780560030.9936018,VDD_SOC,1616.384,,
1780560030.9936018,,,cpu-thermal,59.343
1780560030.9936018,,,gpu-thermal,59.625
1780560030.9936018,,,soc0-thermal,57.937
1780560030.9936018,,,soc1-thermal,57.375
1780560030.9936018,,,soc2-thermal,57.687
1780560030.9936018,,,tj-thermal,59.625
1780560031.0995762,VDD_IN,6150.144,,
1780560031.0995762,VDD_CPU_GPU_CV,1771.2,,
1780560031.0995762,VDD_SOC,1616.384,,
1780560031.0995762,,,cpu-thermal,59.437
1780560031.0995762,,,gpu-thermal,59.531
1780560031.0995762,,,soc0-thermal,57.812
1780560031.0995762,,,soc1-thermal,57.25
1780560031.0995762,,,soc2-thermal,57.781
1780560031.0995762,,,tj-thermal,59.531
1780560031.2059598,VDD_IN,6150.144,,
1780560031.2059598,VDD_CPU_GPU_CV,1771.2,,
1780560031.2059598,VDD_SOC,1616.384,,
1780560031.2059598,,,cpu-thermal,59.437
1780560031.2059598,,,gpu-thermal,59.781
1780560031.2059598,,,soc0-thermal,57.75
1780560031.2059598,,,soc1-thermal,57.281
1780560031.2059598,,,soc2-thermal,57.781
1780560031.2059598,,,tj-thermal,59.468
1780560031.311937,VDD_IN,6150.144,,
1780560031.311937,VDD_CPU_GPU_CV,1771.2,,
1780560031.311937,VDD_SOC,1616.384,,
1780560031.311937,,,cpu-thermal,59.343
1780560031.311937,,,gpu-thermal,59.656
1780560031.311937,,,soc0-thermal,57.875
1780560031.311937,,,soc1-thermal,57.375
1780560031.311937,,,soc2-thermal,57.718
1780560031.311937,,,tj-thermal,59.468
1780560031.4180565,VDD_IN,6189.568,,
1780560031.4180565,VDD_CPU_GPU_CV,1771.2,,
1780560031.4180565,VDD_SOC,1616.384,,
1780560031.4180565,,,cpu-thermal,59.375
1780560031.4180565,,,gpu-thermal,59.562
1780560031.4180565,,,soc0-thermal,57.875
1780560031.4180565,,,soc1-thermal,57.125
1780560031.4180565,,,soc2-thermal,57.687
1780560031.4180565,,,tj-thermal,59.562
1780560031.5239334,VDD_IN,6189.568,,
1780560031.5239334,VDD_CPU_GPU_CV,1771.2,,
1780560031.5239334,VDD_SOC,1655.808,,
1780560031.5239334,,,cpu-thermal,59.343
1780560031.5239334,,,gpu-thermal,59.5
1780560031.5239334,,,soc0-thermal,57.781
1780560031.5239334,,,soc1-thermal,57.281
1780560031.5239334,,,soc2-thermal,57.781
1780560031.5239334,,,tj-thermal,59.531
1780560031.6299722,VDD_IN,6189.568,,
1780560031.6299722,VDD_CPU_GPU_CV,1810.56,,
1780560031.6299722,VDD_SOC,1616.384,,
1780560031.6299722,,,cpu-thermal,59.281
1780560031.6299722,,,gpu-thermal,59.5
1780560031.6299722,,,soc0-thermal,57.937
1780560031.6299722,,,soc1-thermal,57.406
1780560031.6299722,,,soc2-thermal,57.718
1780560031.6299722,,,tj-thermal,59.5
1780560031.7367575,VDD_IN,6189.568,,
1780560031.7367575,VDD_CPU_GPU_CV,1810.56,,
1780560031.7367575,VDD_SOC,1616.384,,
1780560031.7367575,,,cpu-thermal,59.281
1780560031.7367575,,,gpu-thermal,59.843
1780560031.7367575,,,soc0-thermal,57.937
1780560031.7367575,,,soc1-thermal,57.187
1780560031.7367575,,,soc2-thermal,57.656
1780560031.7367575,,,tj-thermal,59.531
1780560031.8434474,VDD_IN,6150.144,,
1780560031.8434474,VDD_CPU_GPU_CV,1771.2,,
1780560031.8434474,VDD_SOC,1616.384,,
1780560031.8434474,,,cpu-thermal,59.531
1780560031.8434474,,,gpu-thermal,59.75
1780560031.8434474,,,soc0-thermal,57.843
1780560031.8434474,,,soc1-thermal,57.343
1780560031.8434474,,,soc2-thermal,57.812
1780560031.8434474,,,tj-thermal,59.531
1780560031.9498112,VDD_IN,6150.144,,
1780560031.9498112,VDD_CPU_GPU_CV,1771.2,,
1780560031.9498112,VDD_SOC,1616.384,,
1780560031.9498112,,,cpu-thermal,59.593
1780560031.9498112,,,gpu-thermal,59.625
1780560031.9498112,,,soc0-thermal,57.812
1780560031.9498112,,,soc1-thermal,57.312
1780560031.9498112,,,soc2-thermal,57.75
1780560031.9498112,,,tj-thermal,59.625
1780560032.0558631,VDD_IN,6150.144,,
1780560032.0558631,VDD_CPU_GPU_CV,1771.2,,
1780560032.0558631,VDD_SOC,1616.384,,
1780560032.0558631,,,cpu-thermal,59.406
1780560032.0558631,,,gpu-thermal,59.562
1780560032.0558631,,,soc0-thermal,57.906
1780560032.0558631,,,soc1-thermal,57.218
1780560032.0558631,,,soc2-thermal,57.75
1780560032.0558631,,,tj-thermal,59.562
1780560032.1619031,VDD_IN,6150.144,,
1780560032.1619031,VDD_CPU_GPU_CV,1771.2,,
1780560032.1619031,VDD_SOC,1616.384,,
1780560032.1619031,,,cpu-thermal,59.468
1780560032.1619031,,,gpu-thermal,59.468
1780560032.1619031,,,soc0-thermal,57.781
1780560032.1619031,,,soc1-thermal,57.312
1780560032.1619031,,,soc2-thermal,57.875
1780560032.1619031,,,tj-thermal,59.656
1780560032.2690134,VDD_IN,6150.144,,
1780560032.2690134,VDD_CPU_GPU_CV,1771.2,,
1780560032.2690134,VDD_SOC,1616.384,,
1780560032.2690134,,,cpu-thermal,59.406
1780560032.2690134,,,gpu-thermal,59.468
1780560032.2690134,,,soc0-thermal,57.843
1780560032.2690134,,,soc1-thermal,57.437
1780560032.2690134,,,soc2-thermal,57.75
1780560032.2690134,,,tj-thermal,59.468
1780560032.375094,VDD_IN,6189.568,,
1780560032.375094,VDD_CPU_GPU_CV,1771.2,,
1780560032.375094,VDD_SOC,1616.384,,
1780560032.375094,,,cpu-thermal,59.437
1780560032.375094,,,gpu-thermal,59.812
1780560032.375094,,,soc0-thermal,57.968
1780560032.375094,,,soc1-thermal,57.218
1780560032.375094,,,soc2-thermal,57.812
1780560032.375094,,,tj-thermal,59.812
1780560032.4811862,VDD_IN,6189.568,,
1780560032.4811862,VDD_CPU_GPU_CV,1771.2,,
1780560032.4811862,VDD_SOC,1616.384,,
1780560032.4811862,,,cpu-thermal,59.406
1780560032.4811862,,,gpu-thermal,59.718
1780560032.4811862,,,soc0-thermal,57.781
1780560032.4811862,,,soc1-thermal,57.312
1780560032.4811862,,,soc2-thermal,57.687
1780560032.4811862,,,tj-thermal,59.718
1780560032.5879197,VDD_IN,6189.568,,
1780560032.5879197,VDD_CPU_GPU_CV,1771.2,,
1780560032.5879197,VDD_SOC,1616.384,,
1780560032.5879197,,,cpu-thermal,59.75
1780560032.5879197,,,gpu-thermal,59.656
1780560032.5879197,,,soc0-thermal,57.906
1780560032.5879197,,,soc1-thermal,57.406
1780560032.5879197,,,soc2-thermal,57.75
1780560032.5879197,,,tj-thermal,59.75
1780560032.6943564,VDD_IN,6150.144,,
1780560032.6943564,VDD_CPU_GPU_CV,1771.2,,
1780560032.6943564,VDD_SOC,1616.384,,
1780560032.6943564,,,cpu-thermal,59.406
1780560032.6943564,,,gpu-thermal,59.593
1780560032.6943564,,,soc0-thermal,57.968
1780560032.6943564,,,soc1-thermal,57.25
1780560032.6943564,,,soc2-thermal,57.781
1780560032.6943564,,,tj-thermal,59.593
1780560032.8006678,VDD_IN,6150.144,,
1780560032.8006678,VDD_CPU_GPU_CV,1771.2,,
1780560032.8006678,VDD_SOC,1616.384,,
1780560032.8006678,,,cpu-thermal,59.531
1780560032.8006678,,,gpu-thermal,59.468
1780560032.8006678,,,soc0-thermal,57.781
1780560032.8006678,,,soc1-thermal,57.343
1780560032.8006678,,,soc2-thermal,57.843
1780560032.8006678,,,tj-thermal,59.531
1780560032.9073126,VDD_IN,6150.144,,
1780560032.9073126,VDD_CPU_GPU_CV,1771.2,,
1780560032.9073126,VDD_SOC,1616.384,,
1780560032.9073126,,,cpu-thermal,59.593
1780560032.9073126,,,gpu-thermal,59.812
1780560032.9073126,,,soc0-thermal,57.906
1780560032.9073126,,,soc1-thermal,57.406
1780560032.9073126,,,soc2-thermal,57.906
1780560032.9073126,,,tj-thermal,59.593
1780560033.0140817,VDD_IN,6150.144,,
1780560033.0140817,VDD_CPU_GPU_CV,1771.2,,
1780560033.0140817,VDD_SOC,1616.384,,
1780560033.0140817,,,cpu-thermal,59.5
1780560033.0140817,,,gpu-thermal,59.75
1780560033.0140817,,,soc0-thermal,57.968
1780560033.0140817,,,soc1-thermal,57.218
1780560033.0140817,,,soc2-thermal,57.781
1780560033.0140817,,,tj-thermal,59.687
1780560033.1201954,VDD_IN,6150.144,,
1780560033.1201954,VDD_CPU_GPU_CV,1771.2,,
1780560033.1201954,VDD_SOC,1616.384,,
1780560033.1201954,,,cpu-thermal,59.5
1780560033.1201954,,,gpu-thermal,59.625
1780560033.1201954,,,soc0-thermal,57.875
1780560033.1201954,,,soc1-thermal,57.312
1780560033.1201954,,,soc2-thermal,57.937
1780560033.1201954,,,tj-thermal,59.625
1780560033.2265885,VDD_IN,6150.144,,
1780560033.2265885,VDD_CPU_GPU_CV,1771.2,,
1780560033.2265885,VDD_SOC,1616.384,,
1780560033.2265885,,,cpu-thermal,59.531
1780560033.2265885,,,gpu-thermal,59.593
1780560033.2265885,,,soc0-thermal,57.812
1780560033.2265885,,,soc1-thermal,57.406
1780560033.2265885,,,soc2-thermal,57.906
1780560033.2265885,,,tj-thermal,59.593
1780560033.3326771,VDD_IN,6150.144,,
1780560033.3326771,VDD_CPU_GPU_CV,1771.2,,
1780560033.3326771,VDD_SOC,1616.384,,
1780560033.3326771,,,cpu-thermal,59.375
1780560033.3326771,,,gpu-thermal,59.625
1780560033.3326771,,,soc0-thermal,57.968
1780560033.3326771,,,soc1-thermal,57.25
1780560033.3326771,,,soc2-thermal,57.812
1780560033.3326771,,,tj-thermal,59.625
1780560033.4388335,VDD_IN,6189.568,,
1780560033.4388335,VDD_CPU_GPU_CV,1810.56,,
1780560033.4388335,VDD_SOC,1655.808,,
1780560033.4388335,,,cpu-thermal,59.375
1780560033.4388335,,,gpu-thermal,59.937
1780560033.4388335,,,soc0-thermal,57.968
1780560033.4388335,,,soc1-thermal,57.281
1780560033.4388335,,,soc2-thermal,57.75
1780560033.4388335,,,tj-thermal,59.937
1780560033.5448213,VDD_IN,6189.568,,
1780560033.5448213,VDD_CPU_GPU_CV,1810.56,,
1780560033.5448213,VDD_SOC,1616.384,,
1780560033.5448213,,,cpu-thermal,59.5
1780560033.5448213,,,gpu-thermal,59.781
1780560033.5448213,,,soc0-thermal,57.875
1780560033.5448213,,,soc1-thermal,57.312
1780560033.5448213,,,soc2-thermal,57.906
1780560033.5448213,,,tj-thermal,59.781
1780560033.6513119,VDD_IN,6189.568,,
1780560033.6513119,VDD_CPU_GPU_CV,1771.2,,
1780560033.6513119,VDD_SOC,1616.384,,
1780560033.6513119,,,cpu-thermal,59.375
1780560033.6513119,,,gpu-thermal,59.718
1780560033.6513119,,,soc0-thermal,57.968
1780560033.6513119,,,soc1-thermal,57.312
1780560033.6513119,,,soc2-thermal,57.906
1780560033.6513119,,,tj-thermal,59.718
1780560033.7578337,VDD_IN,6189.568,,
1780560033.7578337,VDD_CPU_GPU_CV,1810.56,,
1780560033.7578337,VDD_SOC,1616.384,,
1780560033.7578337,,,cpu-thermal,59.5
1780560033.7578337,,,gpu-thermal,59.656
1780560033.7578337,,,soc0-thermal,58.093
1780560033.7578337,,,soc1-thermal,57.281
1780560033.7578337,,,soc2-thermal,57.843
1780560033.7578337,,,tj-thermal,59.656
1780560033.8641202,VDD_IN,6150.144,,
1780560033.8641202,VDD_CPU_GPU_CV,1810.56,,
1780560033.8641202,VDD_SOC,1616.384,,
1780560033.8641202,,,cpu-thermal,59.625
1780560033.8641202,,,gpu-thermal,59.562
1780560033.8641202,,,soc0-thermal,57.937
1780560033.8641202,,,soc1-thermal,57.343
1780560033.8641202,,,soc2-thermal,57.906
1780560033.8641202,,,tj-thermal,59.625
1780560033.9707673,VDD_IN,6150.144,,
1780560033.9707673,VDD_CPU_GPU_CV,1810.56,,
1780560033.9707673,VDD_SOC,1616.384,,
1780560033.9707673,,,cpu-thermal,59.718
1780560033.9707673,,,gpu-thermal,59.531
1780560033.9707673,,,soc0-thermal,57.968
1780560033.9707673,,,soc1-thermal,57.5
1780560033.9707673,,,soc2-thermal,57.812
1780560033.9707673,,,tj-thermal,59.718
1780560034.0772057,VDD_IN,6150.144,,
1780560034.0772057,VDD_CPU_GPU_CV,1810.56,,
1780560034.0772057,VDD_SOC,1616.384,,
1780560034.0772057,,,cpu-thermal,59.531
1780560034.0772057,,,gpu-thermal,59.937
1780560034.0772057,,,soc0-thermal,58.031
1780560034.0772057,,,soc1-thermal,57.218
1780560034.0772057,,,soc2-thermal,57.906
1780560034.0772057,,,tj-thermal,59.937
1780560034.183594,VDD_IN,6150.144,,
1780560034.183594,VDD_CPU_GPU_CV,1771.2,,
1780560034.183594,VDD_SOC,1616.384,,
1780560034.183594,,,cpu-thermal,59.562
1780560034.183594,,,gpu-thermal,59.843
1780560034.183594,,,soc0-thermal,57.906
1780560034.183594,,,soc1-thermal,57.406
1780560034.183594,,,soc2-thermal,58.0
1780560034.183594,,,tj-thermal,59.843
1780560034.2899516,VDD_IN,6150.144,,
1780560034.2899516,VDD_CPU_GPU_CV,1771.2,,
1780560034.2899516,VDD_SOC,1616.384,,
1780560034.2899516,,,cpu-thermal,59.468
1780560034.2899516,,,gpu-thermal,59.718
1780560034.2899516,,,soc0-thermal,58.031
1780560034.2899516,,,soc1-thermal,57.375
1780560034.2899516,,,soc2-thermal,57.781
1780560034.2899516,,,tj-thermal,59.718
1780560034.396137,VDD_IN,6189.568,,
1780560034.396137,VDD_CPU_GPU_CV,1810.56,,
1780560034.396137,VDD_SOC,1616.384,,
1780560034.396137,,,cpu-thermal,59.5
1780560034.396137,,,gpu-thermal,59.656
1780560034.396137,,,soc0-thermal,58.031
1780560034.396137,,,soc1-thermal,57.25
1780560034.396137,,,soc2-thermal,57.843
1780560034.396137,,,tj-thermal,59.656
1780560034.5019546,VDD_IN,6189.568,,
1780560034.5019546,VDD_CPU_GPU_CV,1810.56,,
1780560034.5019546,VDD_SOC,1655.808,,
1780560034.5019546,,,cpu-thermal,59.531
1780560034.5019546,,,gpu-thermal,59.687
1780560034.5019546,,,soc0-thermal,57.968
1780560034.5019546,,,soc1-thermal,57.406
1780560034.5019546,,,soc2-thermal,57.906
1780560034.5019546,,,tj-thermal,59.687
1780560034.6083508,VDD_IN,6189.568,,
1780560034.6083508,VDD_CPU_GPU_CV,1810.56,,
1780560034.6083508,VDD_SOC,1616.384,,
1780560034.6083508,,,cpu-thermal,59.468
1780560034.6083508,,,gpu-thermal,59.937
1780560034.6083508,,,soc0-thermal,57.968
1780560034.6083508,,,soc1-thermal,57.468
1780560034.6083508,,,soc2-thermal,57.875
1780560034.6083508,,,tj-thermal,59.937
1780560034.71465,VDD_IN,6189.568,,
1780560034.71465,VDD_CPU_GPU_CV,1810.56,,
1780560034.71465,VDD_SOC,1616.384,,
1780560034.71465,,,cpu-thermal,59.5
1780560034.71465,,,gpu-thermal,59.906
1780560034.71465,,,soc0-thermal,58.031
1780560034.71465,,,soc1-thermal,57.343
1780560034.71465,,,soc2-thermal,57.812
1780560034.71465,,,tj-thermal,59.906
1780560034.8205712,VDD_IN,6189.568,,
1780560034.8205712,VDD_CPU_GPU_CV,1810.56,,
1780560034.8205712,VDD_SOC,1613.76,,
1780560034.8205712,,,cpu-thermal,59.531
1780560034.8205712,,,gpu-thermal,59.718
1780560034.8205712,,,soc0-thermal,58.0
1780560034.8205712,,,soc1-thermal,57.312
1780560034.8205712,,,soc2-thermal,57.937
1780560034.8205712,,,tj-thermal,59.718
1780560034.9271007,VDD_IN,6189.568,,
1780560034.9271007,VDD_CPU_GPU_CV,1810.56,,
1780560034.9271007,VDD_SOC,1616.384,,
1780560034.9271007,,,cpu-thermal,59.781
1780560034.9271007,,,gpu-thermal,59.656
1780560034.9271007,,,soc0-thermal,57.968
1780560034.9271007,,,soc1-thermal,57.406
1780560034.9271007,,,soc2-thermal,58.0
1780560034.9271007,,,tj-thermal,59.781
1780560035.0336258,VDD_IN,6189.568,,
1780560035.0336258,VDD_CPU_GPU_CV,1810.56,,
1780560035.0336258,VDD_SOC,1616.384,,
1780560035.0336258,,,cpu-thermal,59.937
1780560035.0336258,,,gpu-thermal,59.625
1780560035.0336258,,,soc0-thermal,58.062
1780560035.0336258,,,soc1-thermal,57.343
1780560035.0336258,,,soc2-thermal,57.781
1780560035.0336258,,,tj-thermal,59.625
1780560035.1398306,VDD_IN,6189.568,,
1780560035.1398306,VDD_CPU_GPU_CV,1810.56,,
1780560035.1398306,VDD_SOC,1616.384,,
1780560035.1398306,,,cpu-thermal,59.562
1780560035.1398306,,,gpu-thermal,60.0
1780560035.1398306,,,soc0-thermal,57.968
1780560035.1398306,,,soc1-thermal,57.312
1780560035.1398306,,,soc2-thermal,57.906
1780560035.1398306,,,tj-thermal,60.0
1780560035.247123,VDD_IN,6189.568,,
1780560035.247123,VDD_CPU_GPU_CV,1810.56,,
1780560035.247123,VDD_SOC,1613.76,,
1780560035.247123,,,cpu-thermal,59.656
1780560035.247123,,,gpu-thermal,59.843
1780560035.247123,,,soc0-thermal,58.0
1780560035.247123,,,soc1-thermal,57.468
1780560035.247123,,,soc2-thermal,57.968
1780560035.247123,,,tj-thermal,59.843
1780560035.3532503,VDD_IN,6189.568,,
1780560035.3532503,VDD_CPU_GPU_CV,1810.56,,
1780560035.3532503,VDD_SOC,1613.76,,
1780560035.3532503,,,cpu-thermal,59.562
1780560035.3532503,,,gpu-thermal,59.781
1780560035.3532503,,,soc0-thermal,58.031
1780560035.3532503,,,soc1-thermal,57.375
1780560035.3532503,,,soc2-thermal,57.906
1780560035.3532503,,,tj-thermal,59.781
1780560035.4593403,VDD_IN,6228.992,,
1780560035.4593403,VDD_CPU_GPU_CV,1807.616,,
1780560035.4593403,VDD_SOC,1653.12,,
1780560035.4593403,,,cpu-thermal,59.468
1780560035.4593403,,,gpu-thermal,59.718
1780560035.4593403,,,soc0-thermal,57.937
1780560035.4593403,,,soc1-thermal,57.437
1780560035.4593403,,,soc2-thermal,57.968
1780560035.4593403,,,tj-thermal,59.718
1780560035.5653381,VDD_IN,6189.568,,
1780560035.5653381,VDD_CPU_GPU_CV,1810.56,,
1780560035.5653381,VDD_SOC,1655.808,,
1780560035.5653381,,,cpu-thermal,59.656
1780560035.5653381,,,gpu-thermal,59.656
1780560035.5653381,,,soc0-thermal,57.937
1780560035.5653381,,,soc1-thermal,57.437
1780560035.5653381,,,soc2-thermal,57.937
1780560035.5653381,,,tj-thermal,59.656
1780560035.6715097,VDD_IN,6189.568,,
1780560035.6715097,VDD_CPU_GPU_CV,1810.56,,
1780560035.6715097,VDD_SOC,1655.808,,
1780560035.6715097,,,cpu-thermal,59.562
1780560035.6715097,,,gpu-thermal,59.625
1780560035.6715097,,,soc0-thermal,58.062
1780560035.6715097,,,soc1-thermal,57.375
1780560035.6715097,,,soc2-thermal,57.937
1780560035.6715097,,,tj-thermal,59.625
1780560035.7789218,VDD_IN,6189.568,,
1780560035.7789218,VDD_CPU_GPU_CV,1810.56,,
1780560035.7789218,VDD_SOC,1616.384,,
1780560035.7789218,,,cpu-thermal,59.562
1780560035.7789218,,,gpu-thermal,59.937
1780560035.7789218,,,soc0-thermal,57.906
1780560035.7789218,,,soc1-thermal,57.406
1780560035.7789218,,,soc2-thermal,57.937
1780560035.7789218,,,tj-thermal,59.937
1780560035.8851733,VDD_IN,6189.568,,
1780560035.8851733,VDD_CPU_GPU_CV,1810.56,,
1780560035.8851733,VDD_SOC,1616.384,,
1780560035.8851733,,,cpu-thermal,59.843
1780560035.8851733,,,gpu-thermal,59.906
1780560035.8851733,,,soc0-thermal,58.0
1780560035.8851733,,,soc1-thermal,57.5
1780560035.8851733,,,soc2-thermal,58.0
1780560035.8851733,,,tj-thermal,59.906
1780560035.9915607,VDD_IN,6189.568,,
1780560035.9915607,VDD_CPU_GPU_CV,1810.56,,
1780560035.9915607,VDD_SOC,1616.384,,
1780560035.9915607,,,cpu-thermal,59.968
1780560035.9915607,,,gpu-thermal,59.75
1780560035.9915607,,,soc0-thermal,58.062
1780560035.9915607,,,soc1-thermal,57.531
1780560035.9915607,,,soc2-thermal,57.968
1780560035.9915607,,,tj-thermal,59.968
1780560036.09753,VDD_IN,6189.568,,
1780560036.09753,VDD_CPU_GPU_CV,1810.56,,
1780560036.09753,VDD_SOC,1616.384,,
1780560036.09753,,,cpu-thermal,59.687
1780560036.09753,,,gpu-thermal,59.718
1780560036.09753,,,soc0-thermal,57.968
1780560036.09753,,,soc1-thermal,57.437
1780560036.09753,,,soc2-thermal,57.906
1780560036.09753,,,tj-thermal,59.718
1780560036.2036278,VDD_IN,6150.144,,
1780560036.2036278,VDD_CPU_GPU_CV,1771.2,,
1780560036.2036278,VDD_SOC,1616.384,,
1780560036.2036278,,,cpu-thermal,59.656
1780560036.2036278,,,gpu-thermal,59.937
1780560036.2036278,,,soc0-thermal,57.968
1780560036.2036278,,,soc1-thermal,57.468
1780560036.2036278,,,soc2-thermal,58.0
1780560036.2036278,,,tj-thermal,59.656
1780560036.3100023,VDD_IN,6150.144,,
1780560036.3100023,VDD_CPU_GPU_CV,1771.2,,
1780560036.3100023,VDD_SOC,1616.384,,
1780560036.3100023,,,cpu-thermal,59.687
1780560036.3100023,,,gpu-thermal,59.75
1780560036.3100023,,,soc0-thermal,58.0
1780560036.3100023,,,soc1-thermal,57.562
1780560036.3100023,,,soc2-thermal,57.937
1780560036.3100023,,,tj-thermal,60.093
1780560036.416088,VDD_IN,6189.568,,
1780560036.416088,VDD_CPU_GPU_CV,1771.2,,
1780560036.416088,VDD_SOC,1616.384,,
1780560036.416088,,,cpu-thermal,59.5
1780560036.416088,,,gpu-thermal,59.75
1780560036.416088,,,soc0-thermal,58.156
1780560036.416088,,,soc1-thermal,57.406
1780560036.416088,,,soc2-thermal,57.906
1780560036.416088,,,tj-thermal,59.906
1780560036.522111,VDD_IN,6189.568,,
1780560036.522111,VDD_CPU_GPU_CV,1771.2,,
1780560036.522111,VDD_SOC,1616.384,,
1780560036.522111,,,cpu-thermal,59.625
1780560036.522111,,,gpu-thermal,59.687
1780560036.522111,,,soc0-thermal,57.968
1780560036.522111,,,soc1-thermal,57.437
1780560036.522111,,,soc2-thermal,58.0
1780560036.522111,,,tj-thermal,59.875
1780560036.6289485,VDD_IN,6150.144,,
1780560036.6289485,VDD_CPU_GPU_CV,1771.2,,
1780560036.6289485,VDD_SOC,1616.384,,
1780560036.6289485,,,cpu-thermal,59.562
1780560036.6289485,,,gpu-thermal,60.0
1780560036.6289485,,,soc0-thermal,58.0
1780560036.6289485,,,soc1-thermal,57.468
1780560036.6289485,,,soc2-thermal,57.875
1780560036.6289485,,,tj-thermal,59.781
1780560036.7350938,VDD_IN,6150.144,,
1780560036.7350938,VDD_CPU_GPU_CV,1771.2,,
1780560036.7350938,VDD_SOC,1616.384,,
1780560036.7350938,,,cpu-thermal,59.593
1780560036.7350938,,,gpu-thermal,59.937
1780560036.7350938,,,soc0-thermal,58.062
1780560036.7350938,,,soc1-thermal,57.437
1780560036.7350938,,,soc2-thermal,57.875
1780560036.7350938,,,tj-thermal,59.656
1780560036.8413556,VDD_IN,6150.144,,
1780560036.8413556,VDD_CPU_GPU_CV,1771.2,,
1780560036.8413556,VDD_SOC,1616.384,,
1780560036.8413556,,,cpu-thermal,59.593
1780560036.8413556,,,gpu-thermal,59.812
1780560036.8413556,,,soc0-thermal,57.968
1780560036.8413556,,,soc1-thermal,57.468
1780560036.8413556,,,soc2-thermal,57.937
1780560036.8413556,,,tj-thermal,59.812
1780560036.9472263,VDD_IN,6150.144,,
1780560036.9472263,VDD_CPU_GPU_CV,1771.2,,
1780560036.9472263,VDD_SOC,1616.384,,
1780560036.9472263,,,cpu-thermal,59.906
1780560036.9472263,,,gpu-thermal,59.812
1780560036.9472263,,,soc0-thermal,58.062
1780560036.9472263,,,soc1-thermal,57.468
1780560036.9472263,,,soc2-thermal,58.0
1780560036.9472263,,,tj-thermal,59.906
1780560037.0533602,VDD_IN,6189.568,,
1780560037.0533602,VDD_CPU_GPU_CV,1810.56,,
1780560037.0533602,VDD_SOC,1616.384,,
1780560037.0533602,,,cpu-thermal,59.562
1780560037.0533602,,,gpu-thermal,59.656
1780560037.0533602,,,soc0-thermal,58.125
1780560037.0533602,,,soc1-thermal,57.625
1780560037.0533602,,,soc2-thermal,57.906
1780560037.0533602,,,tj-thermal,59.656
1780560037.1593907,VDD_IN,6189.568,,
1780560037.1593907,VDD_CPU_GPU_CV,1810.56,,
1780560037.1593907,VDD_SOC,1616.384,,
1780560037.1593907,,,cpu-thermal,59.625
1780560037.1593907,,,gpu-thermal,60.125
1780560037.1593907,,,soc0-thermal,58.0
1780560037.1593907,,,soc1-thermal,57.437
1780560037.1593907,,,soc2-thermal,58.0
1780560037.1593907,,,tj-thermal,60.125
1780560037.265267,VDD_IN,6150.144,,
1780560037.265267,VDD_CPU_GPU_CV,1810.56,,
1780560037.265267,VDD_SOC,1616.384,,
1780560037.265267,,,cpu-thermal,59.718
1780560037.265267,,,gpu-thermal,59.937
1780560037.265267,,,soc0-thermal,58.0
1780560037.265267,,,soc1-thermal,57.5
1780560037.265267,,,soc2-thermal,58.0
1780560037.265267,,,tj-thermal,59.937
1780560037.3713021,VDD_IN,6189.568,,
1780560037.3713021,VDD_CPU_GPU_CV,1810.56,,
1780560037.3713021,VDD_SOC,1655.808,,
1780560037.3713021,,,cpu-thermal,59.812
1780560037.3713021,,,gpu-thermal,59.906
1780560037.3713021,,,soc0-thermal,58.031
1780560037.3713021,,,soc1-thermal,57.593
1780560037.3713021,,,soc2-thermal,57.906
1780560037.3713021,,,tj-thermal,59.906
1780560037.4771821,VDD_IN,6189.568,,
1780560037.4771821,VDD_CPU_GPU_CV,1810.56,,
1780560037.4771821,VDD_SOC,1653.12,,
1780560037.4771821,,,cpu-thermal,59.656
1780560037.4771821,,,gpu-thermal,59.812
1780560037.4771821,,,soc0-thermal,58.156
1780560037.4771821,,,soc1-thermal,57.437
1780560037.4771821,,,soc2-thermal,58.0
1780560037.4771821,,,tj-thermal,59.812
1780560037.5831468,VDD_IN,6189.568,,
1780560037.5831468,VDD_CPU_GPU_CV,1810.56,,
1780560037.5831468,VDD_SOC,1655.808,,
1780560037.5831468,,,cpu-thermal,59.687
1780560037.5831468,,,gpu-thermal,60.031
1780560037.5831468,,,soc0-thermal,58.0
1780560037.5831468,,,soc1-thermal,57.437
1780560037.5831468,,,soc2-thermal,58.031
1780560037.5831468,,,tj-thermal,59.812
1780560037.6892035,VDD_IN,6189.568,,
1780560037.6892035,VDD_CPU_GPU_CV,1810.56,,
1780560037.6892035,VDD_SOC,1613.76,,
1780560037.6892035,,,cpu-thermal,59.75
1780560037.6892035,,,gpu-thermal,59.906
1780560037.6892035,,,soc0-thermal,58.062
1780560037.6892035,,,soc1-thermal,57.562
1780560037.6892035,,,soc2-thermal,57.937
1780560037.6892035,,,tj-thermal,59.718
1780560037.7953117,VDD_IN,6189.568,,
1780560037.7953117,VDD_CPU_GPU_CV,1810.56,,
1780560037.7953117,VDD_SOC,1613.76,,
1780560037.7953117,,,cpu-thermal,59.625
1780560037.7953117,,,gpu-thermal,59.781
1780560037.7953117,,,soc0-thermal,58.218
1780560037.7953117,,,soc1-thermal,57.437
1780560037.7953117,,,soc2-thermal,57.968
1780560037.7953117,,,tj-thermal,60.093
1780560037.9012775,VDD_IN,6189.568,,
1780560037.9012775,VDD_CPU_GPU_CV,1810.56,,
1780560037.9012775,VDD_SOC,1613.76,,
1780560037.9012775,,,cpu-thermal,59.656
1780560037.9012775,,,gpu-thermal,59.781
1780560037.9012775,,,soc0-thermal,58.0
1780560037.9012775,,,soc1-thermal,57.5
1780560037.9012775,,,soc2-thermal,57.968
1780560037.9012775,,,tj-thermal,59.781
1780560038.0074914,VDD_IN,6189.568,,
1780560038.0074914,VDD_CPU_GPU_CV,1810.56,,
1780560038.0074914,VDD_SOC,1613.76,,
1780560038.0074914,,,cpu-thermal,59.562
1780560038.0074914,,,gpu-thermal,59.687
1780560038.0074914,,,soc0-thermal,58.093
1780560038.0074914,,,soc1-thermal,57.593
1780560038.0074914,,,soc2-thermal,58.093
1780560038.0074914,,,tj-thermal,59.875
1780560038.1151145,VDD_IN,6189.568,,
1780560038.1151145,VDD_CPU_GPU_CV,1810.56,,
1780560038.1151145,VDD_SOC,1613.76,,
1780560038.1151145,,,cpu-thermal,59.687
1780560038.1151145,,,gpu-thermal,60.031
1780560038.1151145,,,soc0-thermal,58.156
1780560038.1151145,,,soc1-thermal,57.468
1780560038.1151145,,,soc2-thermal,58.031
1780560038.1151145,,,tj-thermal,59.812
1780560038.2219276,VDD_IN,6189.568,,
1780560038.2219276,VDD_CPU_GPU_CV,1810.56,,
1780560038.2219276,VDD_SOC,1613.76,,
1780560038.2219276,,,cpu-thermal,59.75
1780560038.2219276,,,gpu-thermal,59.75
1780560038.2219276,,,soc0-thermal,58.062
1780560038.2219276,,,soc1-thermal,57.531
1780560038.2219276,,,soc2-thermal,58.0
1780560038.2219276,,,tj-thermal,59.75
1780560038.3285265,VDD_IN,6228.992,,
1780560038.3285265,VDD_CPU_GPU_CV,1810.56,,
1780560038.3285265,VDD_SOC,1613.76,,
1780560038.3285265,,,cpu-thermal,59.875
1780560038.3285265,,,gpu-thermal,60.093
1780560038.3285265,,,soc0-thermal,58.125
1780560038.3285265,,,soc1-thermal,57.625
1780560038.3285265,,,soc2-thermal,58.0
1780560038.3285265,,,tj-thermal,60.093
1780560038.4345515,VDD_IN,6228.992,,
1780560038.4345515,VDD_CPU_GPU_CV,1810.56,,
1780560038.4345515,VDD_SOC,1653.12,,
1780560038.4345515,,,cpu-thermal,59.968
1780560038.4345515,,,gpu-thermal,59.781
1780560038.4345515,,,soc0-thermal,58.156
1780560038.4345515,,,soc1-thermal,57.468
1780560038.4345515,,,soc2-thermal,58.0
1780560038.4345515,,,tj-thermal,59.937
1780560038.5404518,VDD_IN,6228.992,,
1780560038.5404518,VDD_CPU_GPU_CV,1810.56,,
1780560038.5404518,VDD_SOC,1653.12,,
1780560038.5404518,,,cpu-thermal,59.718
1780560038.5404518,,,gpu-thermal,59.781
1780560038.5404518,,,soc0-thermal,58.093
1780560038.5404518,,,soc1-thermal,57.468
1780560038.5404518,,,soc2-thermal,58.062
1780560038.5404518,,,tj-thermal,59.843
1780560038.6467342,VDD_IN,6189.568,,
1780560038.6467342,VDD_CPU_GPU_CV,1810.56,,
1780560038.6467342,VDD_SOC,1616.384,,
1780560038.6467342,,,cpu-thermal,59.781
1780560038.6467342,,,gpu-thermal,60.031
1780560038.6467342,,,soc0-thermal,58.093
1780560038.6467342,,,soc1-thermal,57.5
1780560038.6467342,,,soc2-thermal,58.156
1780560038.6467342,,,tj-thermal,59.906
1780560038.7528358,VDD_IN,6189.568,,
1780560038.7528358,VDD_CPU_GPU_CV,1810.56,,
1780560038.7528358,VDD_SOC,1616.384,,
1780560038.7528358,,,cpu-thermal,59.718
1780560038.7528358,,,gpu-thermal,60.0
1780560038.7528358,,,soc0-thermal,58.125
1780560038.7528358,,,soc1-thermal,57.718
1780560038.7528358,,,soc2-thermal,58.062
1780560038.7528358,,,tj-thermal,59.781
1780560038.8593946,VDD_IN,6189.568,,
1780560038.8593946,VDD_CPU_GPU_CV,1810.56,,
1780560038.8593946,VDD_SOC,1616.384,,
1780560038.8593946,,,cpu-thermal,59.593
1780560038.8593946,,,gpu-thermal,59.843
1780560038.8593946,,,soc0-thermal,58.031
1780560038.8593946,,,soc1-thermal,57.531
1780560038.8593946,,,soc2-thermal,58.0
1780560038.8593946,,,tj-thermal,59.812
1780560038.9657083,VDD_IN,6189.568,,
1780560038.9657083,VDD_CPU_GPU_CV,1810.56,,
1780560038.9657083,VDD_SOC,1616.384,,
1780560038.9657083,,,cpu-thermal,59.718
1780560038.9657083,,,gpu-thermal,59.843
1780560038.9657083,,,soc0-thermal,58.062
1780560038.9657083,,,soc1-thermal,57.562
1780560038.9657083,,,soc2-thermal,58.0
1780560038.9657083,,,tj-thermal,60.062
1780560039.071842,VDD_IN,6189.568,,
1780560039.071842,VDD_CPU_GPU_CV,1810.56,,
1780560039.071842,VDD_SOC,1616.384,,
1780560039.071842,,,cpu-thermal,59.656
1780560039.071842,,,gpu-thermal,59.781
1780560039.071842,,,soc0-thermal,58.187
1780560039.071842,,,soc1-thermal,57.687
1780560039.071842,,,soc2-thermal,58.031
1780560039.071842,,,tj-thermal,59.781
1780560039.1780796,VDD_IN,6189.568,,
1780560039.1780796,VDD_CPU_GPU_CV,1810.56,,
1780560039.1780796,VDD_SOC,1616.384,,
1780560039.1780796,,,cpu-thermal,59.687
1780560039.1780796,,,gpu-thermal,60.187
1780560039.1780796,,,soc0-thermal,58.031
1780560039.1780796,,,soc1-thermal,57.5
1780560039.1780796,,,soc2-thermal,58.031
1780560039.1780796,,,tj-thermal,60.187
1780560039.2843566,VDD_IN,6189.568,,
1780560039.2843566,VDD_CPU_GPU_CV,1810.56,,
1780560039.2843566,VDD_SOC,1613.76,,
1780560039.2843566,,,cpu-thermal,59.875
1780560039.2843566,,,gpu-thermal,60.0
1780560039.2843566,,,soc0-thermal,58.093
1780560039.2843566,,,soc1-thermal,57.562
1780560039.2843566,,,soc2-thermal,58.093
1780560039.2843566,,,tj-thermal,59.875
1780560039.3911667,VDD_IN,6228.992,,
1780560039.3911667,VDD_CPU_GPU_CV,1810.56,,
1780560039.3911667,VDD_SOC,1653.12,,
1780560039.3911667,,,cpu-thermal,60.0
1780560039.3911667,,,gpu-thermal,59.937
1780560039.3911667,,,soc0-thermal,58.156
1780560039.3911667,,,soc1-thermal,57.656
1780560039.3911667,,,soc2-thermal,58.062
1780560039.3911667,,,tj-thermal,60.0
1780560039.4973872,VDD_IN,6228.992,,
1780560039.4973872,VDD_CPU_GPU_CV,1810.56,,
1780560039.4973872,VDD_SOC,1653.12,,
1780560039.4973872,,,cpu-thermal,59.625
1780560039.4973872,,,gpu-thermal,59.875
1780560039.4973872,,,soc0-thermal,58.281
1780560039.4973872,,,soc1-thermal,57.531
1780560039.4973872,,,soc2-thermal,57.968
1780560039.4973872,,,tj-thermal,59.875
1780560039.6033025,VDD_IN,6189.568,,
1780560039.6033025,VDD_CPU_GPU_CV,1810.56,,
1780560039.6033025,VDD_SOC,1655.808,,
1780560039.6033025,,,cpu-thermal,59.843
1780560039.6033025,,,gpu-thermal,59.875
1780560039.6033025,,,soc0-thermal,58.156
1780560039.6033025,,,soc1-thermal,57.562
1780560039.6033025,,,soc2-thermal,58.156
1780560039.6033025,,,tj-thermal,59.875
1780560039.709748,VDD_IN,6189.568,,
1780560039.709748,VDD_CPU_GPU_CV,1810.56,,
1780560039.709748,VDD_SOC,1616.384,,
1780560039.709748,,,cpu-thermal,59.906
1780560039.709748,,,gpu-thermal,59.843
1780560039.709748,,,soc0-thermal,58.25
1780560039.709748,,,soc1-thermal,57.625
1780560039.709748,,,soc2-thermal,58.062
1780560039.709748,,,tj-thermal,59.906
1780560039.8157046,VDD_IN,6189.568,,
1780560039.8157046,VDD_CPU_GPU_CV,1810.56,,
1780560039.8157046,VDD_SOC,1616.384,,
1780560039.8157046,,,cpu-thermal,59.687
1780560039.8157046,,,gpu-thermal,60.156
1780560039.8157046,,,soc0-thermal,58.25
1780560039.8157046,,,soc1-thermal,57.5
1780560039.8157046,,,soc2-thermal,58.031
1780560039.8157046,,,tj-thermal,60.156
1780560039.9220765,VDD_IN,6189.568,,
1780560039.9220765,VDD_CPU_GPU_CV,1810.56,,
1780560039.9220765,VDD_SOC,1613.76,,
1780560039.9220765,,,cpu-thermal,59.843
1780560039.9220765,,,gpu-thermal,59.937
1780560039.9220765,,,soc0-thermal,58.0
1780560039.9220765,,,soc1-thermal,57.593
1780560039.9220765,,,soc2-thermal,58.156
1780560039.9220765,,,tj-thermal,59.937
1780560040.0286686,VDD_IN,6189.568,,
1780560040.0286686,VDD_CPU_GPU_CV,1810.56,,
1780560040.0286686,VDD_SOC,1613.76,,
1780560040.0286686,,,cpu-thermal,59.656
1780560040.0286686,,,gpu-thermal,59.937
1780560040.0286686,,,soc0-thermal,58.187
1780560040.0286686,,,soc1-thermal,57.562
1780560040.0286686,,,soc2-thermal,58.125
1780560040.0286686,,,tj-thermal,59.937
1780560040.134743,VDD_IN,6189.568,,
1780560040.134743,VDD_CPU_GPU_CV,1810.56,,
1780560040.134743,VDD_SOC,1616.384,,
1780560040.134743,,,cpu-thermal,59.687
1780560040.134743,,,gpu-thermal,59.843
1780560040.134743,,,soc0-thermal,58.281
1780560040.134743,,,soc1-thermal,57.75
1780560040.134743,,,soc2-thermal,58.093
1780560040.134743,,,tj-thermal,59.843
1780560040.2410405,VDD_IN,6228.992,,
1780560040.2410405,VDD_CPU_GPU_CV,1810.56,,
1780560040.2410405,VDD_SOC,1613.76,,
1780560040.2410405,,,cpu-thermal,59.718
1780560040.2410405,,,gpu-thermal,59.843
1780560040.2410405,,,soc0-thermal,58.0
1780560040.2410405,,,soc1-thermal,57.593
1780560040.2410405,,,soc2-thermal,58.156
1780560040.2410405,,,tj-thermal,60.0
1780560040.3474689,VDD_IN,6228.992,,
1780560040.3474689,VDD_CPU_GPU_CV,1810.56,,
1780560040.3474689,VDD_SOC,1613.76,,
1780560040.3474689,,,cpu-thermal,60.031
1780560040.3474689,,,gpu-thermal,60.187
1780560040.3474689,,,soc0-thermal,58.125
1780560040.3474689,,,soc1-thermal,57.625
1780560040.3474689,,,soc2-thermal,58.093
1780560040.3474689,,,tj-thermal,60.187
1780560040.453784,VDD_IN,6228.992,,
1780560040.453784,VDD_CPU_GPU_CV,1810.56,,
1780560040.453784,VDD_SOC,1653.12,,
1780560040.453784,,,cpu-thermal,59.625
1780560040.453784,,,gpu-thermal,60.062
1780560040.453784,,,soc0-thermal,58.312
1780560040.453784,,,soc1-thermal,57.75
1780560040.453784,,,soc2-thermal,58.093
1780560040.453784,,,tj-thermal,60.062
1780560040.5603263,VDD_IN,6228.992,,
1780560040.5603263,VDD_CPU_GPU_CV,1810.56,,
1780560040.5603263,VDD_SOC,1613.76,,
1780560040.5603263,,,cpu-thermal,59.843
1780560040.5603263,,,gpu-thermal,60.0
1780560040.5603263,,,soc0-thermal,58.156
1780560040.5603263,,,soc1-thermal,57.593
1780560040.5603263,,,soc2-thermal,58.156
1780560040.5603263,,,tj-thermal,60.0
1780560040.6670637,VDD_IN,6228.992,,
1780560040.6670637,VDD_CPU_GPU_CV,1810.56,,
1780560040.6670637,VDD_SOC,1616.384,,
1780560040.6670637,,,cpu-thermal,59.875
1780560040.6670637,,,gpu-thermal,59.937
1780560040.6670637,,,soc0-thermal,58.25
1780560040.6670637,,,soc1-thermal,57.593
1780560040.6670637,,,soc2-thermal,58.218
1780560040.6670637,,,tj-thermal,59.937
1780560040.7735007,VDD_IN,6189.568,,
1780560040.7735007,VDD_CPU_GPU_CV,1810.56,,
1780560040.7735007,VDD_SOC,1616.384,,
1780560040.7735007,,,cpu-thermal,59.781
1780560040.7735007,,,gpu-thermal,59.781
1780560040.7735007,,,soc0-thermal,58.281
1780560040.7735007,,,soc1-thermal,57.687
1780560040.7735007,,,soc2-thermal,58.093
1780560040.7735007,,,tj-thermal,59.781
1780560040.8800025,VDD_IN,6189.568,,
1780560040.8800025,VDD_CPU_GPU_CV,1810.56,,
1780560040.8800025,VDD_SOC,1616.384,,
1780560040.8800025,,,cpu-thermal,59.718
1780560040.8800025,,,gpu-thermal,59.843
1780560040.8800025,,,soc0-thermal,58.187
1780560040.8800025,,,soc1-thermal,57.625
1780560040.8800025,,,soc2-thermal,58.093
1780560040.8800025,,,tj-thermal,59.843
1780560040.986252,VDD_IN,6189.568,,
1780560040.986252,VDD_CPU_GPU_CV,1810.56,,
1780560040.986252,VDD_SOC,1616.384,,
1780560040.986252,,,cpu-thermal,59.812
1780560040.986252,,,gpu-thermal,60.156
1780560040.986252,,,soc0-thermal,58.187
1780560040.986252,,,soc1-thermal,57.687
1780560040.986252,,,soc2-thermal,58.25
1780560040.986252,,,tj-thermal,60.156
1780560041.0927045,VDD_IN,6189.568,,
1780560041.0927045,VDD_CPU_GPU_CV,1810.56,,
1780560041.0927045,VDD_SOC,1616.384,,
1780560041.0927045,,,cpu-thermal,59.75
1780560041.0927045,,,gpu-thermal,59.968
1780560041.0927045,,,soc0-thermal,58.375
1780560041.0927045,,,soc1-thermal,57.718
1780560041.0927045,,,soc2-thermal,58.187
1780560041.0927045,,,tj-thermal,59.968
1780560041.198872,VDD_IN,6189.568,,
1780560041.198872,VDD_CPU_GPU_CV,1810.56,,
1780560041.198872,VDD_SOC,1616.384,,
1780560041.198872,,,cpu-thermal,59.812
1780560041.198872,,,gpu-thermal,59.937
1780560041.198872,,,soc0-thermal,58.156
1780560041.198872,,,soc1-thermal,57.562
1780560041.198872,,,soc2-thermal,58.093
1780560041.198872,,,tj-thermal,59.937
1780560041.305709,VDD_IN,6228.992,,
1780560041.305709,VDD_CPU_GPU_CV,1810.56,,
1780560041.305709,VDD_SOC,1616.384,,
1780560041.305709,,,cpu-thermal,59.937
1780560041.305709,,,gpu-thermal,59.843
1780560041.305709,,,soc0-thermal,58.218
1780560041.305709,,,soc1-thermal,57.656
1780560041.305709,,,soc2-thermal,58.156
1780560041.305709,,,tj-thermal,59.937
1780560041.4124162,VDD_IN,6228.992,,
1780560041.4124162,VDD_CPU_GPU_CV,1810.56,,
1780560041.4124162,VDD_SOC,1655.808,,
1780560041.4124162,,,cpu-thermal,59.656
1780560041.4124162,,,gpu-thermal,59.906
1780560041.4124162,,,soc0-thermal,58.25
1780560041.4124162,,,soc1-thermal,57.781
1780560041.4124162,,,soc2-thermal,58.093
1780560041.4124162,,,tj-thermal,59.906
1780560041.5190473,VDD_IN,6228.992,,
1780560041.5190473,VDD_CPU_GPU_CV,1810.56,,
1780560041.5190473,VDD_SOC,1655.808,,
1780560041.5190473,,,cpu-thermal,59.75
1780560041.5190473,,,gpu-thermal,60.25
1780560041.5190473,,,soc0-thermal,58.187
1780560041.5190473,,,soc1-thermal,57.656
1780560041.5190473,,,soc2-thermal,58.156
1780560041.5190473,,,tj-thermal,59.937
1780560041.62602,VDD_IN,6228.992,,
1780560041.62602,VDD_CPU_GPU_CV,1810.56,,
1780560041.62602,VDD_SOC,1613.76,,
1780560041.62602,,,cpu-thermal,59.968
1780560041.62602,,,gpu-thermal,60.062
1780560041.62602,,,soc0-thermal,58.218
1780560041.62602,,,soc1-thermal,57.718
1780560041.62602,,,soc2-thermal,58.156
1780560041.62602,,,tj-thermal,59.968
1780560041.7321973,VDD_IN,6189.568,,
1780560041.7321973,VDD_CPU_GPU_CV,1810.56,,
1780560041.7321973,VDD_SOC,1616.384,,
1780560041.7321973,,,cpu-thermal,59.75
1780560041.7321973,,,gpu-thermal,59.937
1780560041.7321973,,,soc0-thermal,58.281
1780560041.7321973,,,soc1-thermal,57.812
1780560041.7321973,,,soc2-thermal,58.093
1780560041.7321973,,,tj-thermal,59.937
1780560041.8383367,VDD_IN,6189.568,,
1780560041.8383367,VDD_CPU_GPU_CV,1810.56,,
1780560041.8383367,VDD_SOC,1616.384,,
1780560041.8383367,,,cpu-thermal,59.843
1780560041.8383367,,,gpu-thermal,59.968
1780560041.8383367,,,soc0-thermal,58.218
1780560041.8383367,,,soc1-thermal,57.656
1780560041.8383367,,,soc2-thermal,58.25
1780560041.8383367,,,tj-thermal,59.968
1780560041.9445605,VDD_IN,6189.568,,
1780560041.9445605,VDD_CPU_GPU_CV,1810.56,,
1780560041.9445605,VDD_SOC,1616.384,,
1780560041.9445605,,,cpu-thermal,59.843
1780560041.9445605,,,gpu-thermal,60.0
1780560041.9445605,,,soc0-thermal,58.187
1780560041.9445605,,,soc1-thermal,57.656
1780560041.9445605,,,soc2-thermal,58.218
1780560041.9445605,,,tj-thermal,60.0
1780560042.050601,VDD_IN,6189.568,,
1780560042.050601,VDD_CPU_GPU_CV,1810.56,,
1780560042.050601,VDD_SOC,1616.384,,
1780560042.050601,,,cpu-thermal,59.812
1780560042.050601,,,gpu-thermal,60.25
1780560042.050601,,,soc0-thermal,58.281
1780560042.050601,,,soc1-thermal,57.781
1780560042.050601,,,soc2-thermal,58.125
1780560042.050601,,,tj-thermal,60.25
1780560042.1574762,VDD_IN,6189.568,,
1780560042.1574762,VDD_CPU_GPU_CV,1810.56,,
1780560042.1574762,VDD_SOC,1616.384,,
1780560042.1574762,,,cpu-thermal,59.718
1780560042.1574762,,,gpu-thermal,60.093
1780560042.1574762,,,soc0-thermal,58.093
1780560042.1574762,,,soc1-thermal,57.625
1780560042.1574762,,,soc2-thermal,58.25
1780560042.1574762,,,tj-thermal,60.093
1780560042.2641292,VDD_IN,6189.568,,
1780560042.2641292,VDD_CPU_GPU_CV,1810.56,,
1780560042.2641292,VDD_SOC,1616.384,,
1780560042.2641292,,,cpu-thermal,59.968
1780560042.2641292,,,gpu-thermal,60.031
1780560042.2641292,,,soc0-thermal,58.218
1780560042.2641292,,,soc1-thermal,57.687
1780560042.2641292,,,soc2-thermal,58.218
1780560042.2641292,,,tj-thermal,59.968
1780560042.371129,VDD_IN,6189.568,,
1780560042.371129,VDD_CPU_GPU_CV,1810.56,,
1780560042.371129,VDD_SOC,1613.76,,
1780560042.371129,,,cpu-thermal,60.093
1780560042.371129,,,gpu-thermal,60.0
1780560042.371129,,,soc0-thermal,58.281
1780560042.371129,,,soc1-thermal,57.812
1780560042.371129,,,soc2-thermal,58.187
1780560042.371129,,,tj-thermal,60.281
1780560042.4771755,VDD_IN,6228.992,,
1780560042.4771755,VDD_CPU_GPU_CV,1810.56,,
1780560042.4771755,VDD_SOC,1653.12,,
1780560042.4771755,,,cpu-thermal,59.937
1780560042.4771755,,,gpu-thermal,59.937
1780560042.4771755,,,soc0-thermal,58.218
1780560042.4771755,,,soc1-thermal,57.687
1780560042.4771755,,,soc2-thermal,58.093
1780560042.4771755,,,tj-thermal,59.937
1780560042.5832448,VDD_IN,6189.568,,
1780560042.5832448,VDD_CPU_GPU_CV,1810.56,,
1780560042.5832448,VDD_SOC,1613.76,,
1780560042.5832448,,,cpu-thermal,59.906
1780560042.5832448,,,gpu-thermal,59.875
1780560042.5832448,,,soc0-thermal,58.25
1780560042.5832448,,,soc1-thermal,57.687
1780560042.5832448,,,soc2-thermal,58.218
1780560042.5832448,,,tj-thermal,59.906
1780560042.6898248,VDD_IN,6189.568,,
1780560042.6898248,VDD_CPU_GPU_CV,1810.56,,
1780560042.6898248,VDD_SOC,1613.76,,
1780560042.6898248,,,cpu-thermal,59.968
1780560042.6898248,,,gpu-thermal,60.187
1780560042.6898248,,,soc0-thermal,58.312
1780560042.6898248,,,soc1-thermal,57.843
1780560042.6898248,,,soc2-thermal,58.156
1780560042.6898248,,,tj-thermal,60.187
1780560042.7961001,VDD_IN,6189.568,,
1780560042.7961001,VDD_CPU_GPU_CV,1810.56,,
1780560042.7961001,VDD_SOC,1613.76,,
1780560042.7961001,,,cpu-thermal,59.843
1780560042.7961001,,,gpu-thermal,60.125
1780560042.7961001,,,soc0-thermal,58.343
1780560042.7961001,,,soc1-thermal,57.687
1780560042.7961001,,,soc2-thermal,58.187
1780560042.7961001,,,tj-thermal,60.125
1780560042.902752,VDD_IN,6189.568,,
1780560042.902752,VDD_CPU_GPU_CV,1810.56,,
1780560042.902752,VDD_SOC,1613.76,,
1780560042.902752,,,cpu-thermal,59.875
1780560042.902752,,,gpu-thermal,60.031
1780560042.902752,,,soc0-thermal,58.218
1780560042.902752,,,soc1-thermal,57.687
1780560042.902752,,,soc2-thermal,58.218
1780560042.902752,,,tj-thermal,60.312
1780560043.009327,VDD_IN,6189.568,,
1780560043.009327,VDD_CPU_GPU_CV,1810.56,,
1780560043.009327,VDD_SOC,1616.384,,
1780560043.009327,,,cpu-thermal,59.812
1780560043.009327,,,gpu-thermal,59.906
1780560043.009327,,,soc0-thermal,58.343
1780560043.009327,,,soc1-thermal,57.843
1780560043.009327,,,soc2-thermal,58.156
1780560043.009327,,,tj-thermal,59.906
1780560043.115337,VDD_IN,6189.568,,
1780560043.115337,VDD_CPU_GPU_CV,1810.56,,
1780560043.115337,VDD_SOC,1616.384,,
1780560043.115337,,,cpu-thermal,59.812
1780560043.115337,,,gpu-thermal,59.937
1780560043.115337,,,soc0-thermal,58.343
1780560043.115337,,,soc1-thermal,57.656
1780560043.115337,,,soc2-thermal,58.281
1780560043.115337,,,tj-thermal,59.937
1780560043.22152,VDD_IN,6189.568,,
1780560043.22152,VDD_CPU_GPU_CV,1810.56,,
1780560043.22152,VDD_SOC,1616.384,,
1780560043.22152,,,cpu-thermal,59.843
1780560043.22152,,,gpu-thermal,60.281
1780560043.22152,,,soc0-thermal,58.187
1780560043.22152,,,soc1-thermal,57.656
1780560043.22152,,,soc2-thermal,58.281
1780560043.22152,,,tj-thermal,60.281
1780560043.327473,VDD_IN,6189.568,,
1780560043.327473,VDD_CPU_GPU_CV,1810.56,,
1780560043.327473,VDD_SOC,1613.76,,
1780560043.327473,,,cpu-thermal,60.156
1780560043.327473,,,gpu-thermal,60.156
1780560043.327473,,,soc0-thermal,58.281
1780560043.327473,,,soc1-thermal,57.781
1780560043.327473,,,soc2-thermal,58.343
1780560043.327473,,,tj-thermal,60.156
1780560043.4328496,VDD_IN,6228.992,,
1780560043.4328496,VDD_CPU_GPU_CV,1810.56,,
1780560043.4328496,VDD_SOC,1653.12,,
1780560043.4328496,,,cpu-thermal,59.812
1780560043.4328496,,,gpu-thermal,60.125
1780560043.4328496,,,soc0-thermal,58.375
1780560043.4328496,,,soc1-thermal,57.656
1780560043.4328496,,,soc2-thermal,58.187
1780560043.4328496,,,tj-thermal,60.125
1780560043.5382402,VDD_IN,6228.992,,
1780560043.5382402,VDD_CPU_GPU_CV,1810.56,,
1780560043.5382402,VDD_SOC,1653.12,,
1780560043.5382402,,,cpu-thermal,59.875
1780560043.5382402,,,gpu-thermal,60.312
1780560043.5382402,,,soc0-thermal,58.406
1780560043.5382402,,,soc1-thermal,57.593
1780560043.5382402,,,soc2-thermal,58.187
1780560043.5382402,,,tj-thermal,59.968
1780560043.644693,VDD_IN,6189.568,,
1780560043.644693,VDD_CPU_GPU_CV,1810.56,,
1780560043.644693,VDD_SOC,1655.808,,
1780560043.644693,,,cpu-thermal,60.031
1780560043.644693,,,gpu-thermal,60.093
1780560043.644693,,,soc0-thermal,58.187
1780560043.644693,,,soc1-thermal,57.75
1780560043.644693,,,soc2-thermal,58.281
1780560043.644693,,,tj-thermal,60.031
1780560043.7506611,VDD_IN,6189.568,,
1780560043.7506611,VDD_CPU_GPU_CV,1810.56,,
1780560043.7506611,VDD_SOC,1613.76,,
1780560043.7506611,,,cpu-thermal,60.125
1780560043.7506611,,,gpu-thermal,60.156
1780560043.7506611,,,soc0-thermal,58.281
1780560043.7506611,,,soc1-thermal,57.812
1780560043.7506611,,,soc2-thermal,58.187
1780560043.7506611,,,tj-thermal,60.125
1780560043.8569386,VDD_IN,6189.568,,
1780560043.8569386,VDD_CPU_GPU_CV,1810.56,,
1780560043.8569386,VDD_SOC,1616.384,,
1780560043.8569386,,,cpu-thermal,59.968
1780560043.8569386,,,gpu-thermal,59.968
1780560043.8569386,,,soc0-thermal,58.406
1780560043.8569386,,,soc1-thermal,57.687
1780560043.8569386,,,soc2-thermal,58.25
1780560043.8569386,,,tj-thermal,60.343
1780560043.9635165,VDD_IN,6189.568,,
1780560043.9635165,VDD_CPU_GPU_CV,1810.56,,
1780560043.9635165,VDD_SOC,1616.384,,
1780560043.9635165,,,cpu-thermal,59.968
1780560043.9635165,,,gpu-thermal,59.968
1780560043.9635165,,,soc0-thermal,58.312
1780560043.9635165,,,soc1-thermal,57.718
1780560043.9635165,,,soc2-thermal,58.25
1780560043.9635165,,,tj-thermal,60.156
1780560044.0700946,VDD_IN,6189.568,,
1780560044.0700946,VDD_CPU_GPU_CV,1810.56,,
1780560044.0700946,VDD_SOC,1613.76,,
1780560044.0700946,,,cpu-thermal,59.968
1780560044.0700946,,,gpu-thermal,60.375
1780560044.0700946,,,soc0-thermal,58.406
1780560044.0700946,,,soc1-thermal,57.843
1780560044.0700946,,,soc2-thermal,58.187
1780560044.0700946,,,tj-thermal,60.093
1780560044.1763155,VDD_IN,6189.568,,
1780560044.1763155,VDD_CPU_GPU_CV,1810.56,,
1780560044.1763155,VDD_SOC,1616.384,,
1780560044.1763155,,,cpu-thermal,59.781
1780560044.1763155,,,gpu-thermal,60.187
1780560044.1763155,,,soc0-thermal,58.375
1780560044.1763155,,,soc1-thermal,57.656
1780560044.1763155,,,soc2-thermal,58.187
1780560044.1763155,,,tj-thermal,60.0
1780560044.2826993,VDD_IN,6228.992,,
1780560044.2826993,VDD_CPU_GPU_CV,1810.56,,
1780560044.2826993,VDD_SOC,1613.76,,
1780560044.2826993,,,cpu-thermal,59.937
1780560044.2826993,,,gpu-thermal,60.156
1780560044.2826993,,,soc0-thermal,58.218
1780560044.2826993,,,soc1-thermal,57.75
1780560044.2826993,,,soc2-thermal,58.281
1780560044.2826993,,,tj-thermal,59.937
1780560044.3887706,VDD_IN,6228.992,,
1780560044.3887706,VDD_CPU_GPU_CV,1807.616,,
1780560044.3887706,VDD_SOC,1653.12,,
1780560044.3887706,,,cpu-thermal,59.812
1780560044.3887706,,,gpu-thermal,60.031
1780560044.3887706,,,soc0-thermal,58.343
1780560044.3887706,,,soc1-thermal,57.812
1780560044.3887706,,,soc2-thermal,58.375
1780560044.3887706,,,tj-thermal,60.031
1780560044.4945962,VDD_IN,6228.992,,
1780560044.4945962,VDD_CPU_GPU_CV,1807.616,,
1780560044.4945962,VDD_SOC,1653.12,,
1780560044.4945962,,,cpu-thermal,59.843
1780560044.4945962,,,gpu-thermal,60.031
1780560044.4945962,,,soc0-thermal,58.343
1780560044.4945962,,,soc1-thermal,57.656
1780560044.4945962,,,soc2-thermal,58.312
1780560044.4945962,,,tj-thermal,60.031
1780560044.600815,VDD_IN,6228.992,,
1780560044.600815,VDD_CPU_GPU_CV,1810.56,,
1780560044.600815,VDD_SOC,1613.76,,
1780560044.600815,,,cpu-thermal,59.906
1780560044.600815,,,gpu-thermal,60.0
1780560044.600815,,,soc0-thermal,58.343
1780560044.600815,,,soc1-thermal,57.656
1780560044.600815,,,soc2-thermal,58.281
1780560044.600815,,,tj-thermal,60.125
1780560044.707043,VDD_IN,6228.992,,
1780560044.707043,VDD_CPU_GPU_CV,1810.56,,
1780560044.707043,VDD_SOC,1613.76,,
1780560044.707043,,,cpu-thermal,60.156
1780560044.707043,,,gpu-thermal,60.312
1780560044.707043,,,soc0-thermal,58.375
1780560044.707043,,,soc1-thermal,57.75
1780560044.707043,,,soc2-thermal,58.343
1780560044.707043,,,tj-thermal,60.312
1780560044.813277,VDD_IN,6189.568,,
1780560044.813277,VDD_CPU_GPU_CV,1810.56,,
1780560044.813277,VDD_SOC,1613.76,,
1780560044.813277,,,cpu-thermal,60.375
1780560044.813277,,,gpu-thermal,60.218
1780560044.813277,,,soc0-thermal,58.343
1780560044.813277,,,soc1-thermal,57.937
1780560044.813277,,,soc2-thermal,58.156
1780560044.813277,,,tj-thermal,60.375
1780560044.919131,VDD_IN,6189.568,,
1780560044.919131,VDD_CPU_GPU_CV,1810.56,,
1780560044.919131,VDD_SOC,1613.76,,
1780560044.919131,,,cpu-thermal,60.031
1780560044.919131,,,gpu-thermal,60.093
1780560044.919131,,,soc0-thermal,58.281
1780560044.919131,,,soc1-thermal,57.718
1780560044.919131,,,soc2-thermal,58.25
1780560044.919131,,,tj-thermal,60.093
1780560045.0252342,VDD_IN,6189.568,,
1780560045.0252342,VDD_CPU_GPU_CV,1810.56,,
1780560045.0252342,VDD_SOC,1613.76,,
1780560045.0252342,,,cpu-thermal,60.0
1780560045.0252342,,,gpu-thermal,60.062
1780560045.0252342,,,soc0-thermal,58.281
1780560045.0252342,,,soc1-thermal,57.75
1780560045.0252342,,,soc2-thermal,58.281
1780560045.0252342,,,tj-thermal,60.062
1780560045.1314566,VDD_IN,6189.568,,
1780560045.1314566,VDD_CPU_GPU_CV,1810.56,,
1780560045.1314566,VDD_SOC,1613.76,,
1780560045.1314566,,,cpu-thermal,60.125
1780560045.1314566,,,gpu-thermal,59.968
1780560045.1314566,,,soc0-thermal,58.375
1780560045.1314566,,,soc1-thermal,57.875
1780560045.1314566,,,soc2-thermal,58.343
1780560045.1314566,,,tj-thermal,59.968
1780560045.237792,VDD_IN,6189.568,,
1780560045.237792,VDD_CPU_GPU_CV,1810.56,,
1780560045.237792,VDD_SOC,1613.76,,
1780560045.237792,,,cpu-thermal,59.968
1780560045.237792,,,gpu-thermal,60.437
1780560045.237792,,,soc0-thermal,58.312
1780560045.237792,,,soc1-thermal,57.75
1780560045.237792,,,soc2-thermal,58.343
1780560045.237792,,,tj-thermal,60.437
1780560045.3443077,VDD_IN,6189.568,,
1780560045.3443077,VDD_CPU_GPU_CV,1810.56,,
1780560045.3443077,VDD_SOC,1613.76,,
1780560045.3443077,,,cpu-thermal,60.031
1780560045.3443077,,,gpu-thermal,60.343
1780560045.3443077,,,soc0-thermal,58.375
1780560045.3443077,,,soc1-thermal,57.75
1780560045.3443077,,,soc2-thermal,58.25
1780560045.3443077,,,tj-thermal,60.343
1780560045.4502244,VDD_IN,6218.88,,
1780560045.4502244,VDD_CPU_GPU_CV,1807.616,,
1780560045.4502244,VDD_SOC,1653.12,,
1780560045.4502244,,,cpu-thermal,59.875
1780560045.4502244,,,gpu-thermal,59.968
1780560045.4502244,,,soc0-thermal,58.375
1780560045.4502244,,,soc1-thermal,57.875
1780560045.4502244,,,soc2-thermal,58.312
1780560045.4502244,,,tj-thermal,60.156
1780560045.5562015,VDD_IN,6189.568,,
1780560045.5562015,VDD_CPU_GPU_CV,1810.56,,
1780560045.5562015,VDD_SOC,1653.12,,
1780560045.5562015,,,cpu-thermal,59.968
1780560045.5562015,,,gpu-thermal,60.437
1780560045.5562015,,,soc0-thermal,58.437
1780560045.5562015,,,soc1-thermal,57.843
1780560045.5562015,,,soc2-thermal,58.343
1780560045.5562015,,,tj-thermal,60.093
1780560045.6629047,VDD_IN,6228.992,,
1780560045.6629047,VDD_CPU_GPU_CV,1810.56,,
1780560045.6629047,VDD_SOC,1653.12,,
1780560045.6629047,,,cpu-thermal,59.937
1780560045.6629047,,,gpu-thermal,60.187
1780560045.6629047,,,soc0-thermal,58.312
1780560045.6629047,,,soc1-thermal,57.812
1780560045.6629047,,,soc2-thermal,58.312
1780560045.6629047,,,tj-thermal,60.187
1780560045.769211,VDD_IN,6189.568,,
1780560045.769211,VDD_CPU_GPU_CV,1810.56,,
1780560045.769211,VDD_SOC,1613.76,,
1780560045.769211,,,cpu-thermal,60.187
1780560045.769211,,,gpu-thermal,60.093
1780560045.769211,,,soc0-thermal,58.281
1780560045.769211,,,soc1-thermal,57.875
1780560045.769211,,,soc2-thermal,58.375
1780560045.769211,,,tj-thermal,60.187
1780560045.8755422,VDD_IN,6189.568,,
1780560045.8755422,VDD_CPU_GPU_CV,1810.56,,
1780560045.8755422,VDD_SOC,1613.76,,
1780560045.8755422,,,cpu-thermal,59.906
1780560045.8755422,,,gpu-thermal,60.156
1780560045.8755422,,,soc0-thermal,58.437
1780560045.8755422,,,soc1-thermal,57.718
1780560045.8755422,,,soc2-thermal,58.406
1780560045.8755422,,,tj-thermal,60.312
1780560045.9819248,VDD_IN,6189.568,,
1780560045.9819248,VDD_CPU_GPU_CV,1810.56,,
1780560045.9819248,VDD_SOC,1613.76,,
1780560045.9819248,,,cpu-thermal,60.093
1780560045.9819248,,,gpu-thermal,60.0
1780560045.9819248,,,soc0-thermal,58.343
1780560045.9819248,,,soc1-thermal,57.843
1780560045.9819248,,,soc2-thermal,58.343
1780560045.9819248,,,tj-thermal,60.25
1780560046.0884564,VDD_IN,6189.568,,
1780560046.0884564,VDD_CPU_GPU_CV,1810.56,,
1780560046.0884564,VDD_SOC,1613.76,,
1780560046.0884564,,,cpu-thermal,60.187
1780560046.0884564,,,gpu-thermal,60.437
1780560046.0884564,,,soc0-thermal,58.406
1780560046.0884564,,,soc1-thermal,57.875
1780560046.0884564,,,soc2-thermal,58.218
1780560046.0884564,,,tj-thermal,60.187
1780560046.1949677,VDD_IN,6189.568,,
1780560046.1949677,VDD_CPU_GPU_CV,1810.56,,
1780560046.1949677,VDD_SOC,1613.76,,
1780560046.1949677,,,cpu-thermal,59.968
1780560046.1949677,,,gpu-thermal,60.281
1780560046.1949677,,,soc0-thermal,58.468
1780560046.1949677,,,soc1-thermal,57.718
1780560046.1949677,,,soc2-thermal,58.406
1780560046.1949677,,,tj-thermal,60.093
1780560046.3010175,VDD_IN,6228.992,,
1780560046.3010175,VDD_CPU_GPU_CV,1810.56,,
1780560046.3010175,VDD_SOC,1613.76,,
1780560046.3010175,,,cpu-thermal,60.0
1780560046.3010175,,,gpu-thermal,60.218
1780560046.3010175,,,soc0-thermal,58.375
1780560046.3010175,,,soc1-thermal,57.812
1780560046.3010175,,,soc2-thermal,58.343
1780560046.3010175,,,tj-thermal,60.125
1780560046.4077504,VDD_IN,6228.992,,
1780560046.4077504,VDD_CPU_GPU_CV,1810.56,,
1780560046.4077504,VDD_SOC,1613.76,,
1780560046.4077504,,,cpu-thermal,60.0
1780560046.4077504,,,gpu-thermal,60.156
1780560046.4077504,,,soc0-thermal,58.375
1780560046.4077504,,,soc1-thermal,57.875
1780560046.4077504,,,soc2-thermal,58.406
1780560046.4077504,,,tj-thermal,60.406
1780560046.5139203,VDD_IN,6228.992,,
1780560046.5139203,VDD_CPU_GPU_CV,1810.56,,
1780560046.5139203,VDD_SOC,1653.12,,
1780560046.5139203,,,cpu-thermal,60.0
1780560046.5139203,,,gpu-thermal,60.093
1780560046.5139203,,,soc0-thermal,58.437
1780560046.5139203,,,soc1-thermal,57.968
1780560046.5139203,,,soc2-thermal,58.343
1780560046.5139203,,,tj-thermal,60.218
1780560046.620888,VDD_IN,6228.992,,
1780560046.620888,VDD_CPU_GPU_CV,1810.56,,
1780560046.620888,VDD_SOC,1613.76,,
1780560046.620888,,,cpu-thermal,60.0
1780560046.620888,,,gpu-thermal,60.062
1780560046.620888,,,soc0-thermal,58.406
1780560046.620888,,,soc1-thermal,57.781
1780560046.620888,,,soc2-thermal,58.437
1780560046.620888,,,tj-thermal,60.281
1780560046.7270103,VDD_IN,6228.992,,
1780560046.7270103,VDD_CPU_GPU_CV,1810.56,,
1780560046.7270103,VDD_SOC,1613.76,,
1780560046.7270103,,,cpu-thermal,60.406
1780560046.7270103,,,gpu-thermal,60.406
1780560046.7270103,,,soc0-thermal,58.375
1780560046.7270103,,,soc1-thermal,57.843
1780560046.7270103,,,soc2-thermal,58.437
1780560046.7270103,,,tj-thermal,60.406
1780560046.8331656,VDD_IN,6228.992,,
1780560046.8331656,VDD_CPU_GPU_CV,1810.56,,
1780560046.8331656,VDD_SOC,1613.76,,
1780560046.8331656,,,cpu-thermal,59.937
1780560046.8331656,,,gpu-thermal,60.281
1780560046.8331656,,,soc0-thermal,58.437
1780560046.8331656,,,soc1-thermal,58.062
1780560046.8331656,,,soc2-thermal,58.406
1780560046.8331656,,,tj-thermal,60.062
1780560046.9392302,VDD_IN,6228.992,,
1780560046.9392302,VDD_CPU_GPU_CV,1810.56,,
1780560046.9392302,VDD_SOC,1613.76,,
1780560046.9392302,,,cpu-thermal,59.968
1780560046.9392302,,,gpu-thermal,60.156
1780560046.9392302,,,soc0-thermal,58.281
1780560046.9392302,,,soc1-thermal,57.75
1780560046.9392302,,,soc2-thermal,58.343
1780560046.9392302,,,tj-thermal,60.5
1780560047.0457067,VDD_IN,6228.992,,
1780560047.0457067,VDD_CPU_GPU_CV,1810.56,,
1780560047.0457067,VDD_SOC,1613.76,,
1780560047.0457067,,,cpu-thermal,60.187
1780560047.0457067,,,gpu-thermal,60.125
1780560047.0457067,,,soc0-thermal,58.406
1780560047.0457067,,,soc1-thermal,57.812
1780560047.0457067,,,soc2-thermal,58.468
1780560047.0457067,,,tj-thermal,60.312
1780560047.1522303,VDD_IN,6189.568,,
1780560047.1522303,VDD_CPU_GPU_CV,1810.56,,
1780560047.1522303,VDD_SOC,1616.384,,
1780560047.1522303,,,cpu-thermal,60.281
1780560047.1522303,,,gpu-thermal,60.062
1780560047.1522303,,,soc0-thermal,58.437
1780560047.1522303,,,soc1-thermal,57.968
1780560047.1522303,,,soc2-thermal,58.343
1780560047.1522303,,,tj-thermal,60.25
1780560047.259094,VDD_IN,6150.144,,
1780560047.259094,VDD_CPU_GPU_CV,1771.2,,
1780560047.259094,VDD_SOC,1616.384,,
1780560047.259094,,,cpu-thermal,60.0
1780560047.259094,,,gpu-thermal,60.468
1780560047.259094,,,soc0-thermal,58.468
1780560047.259094,,,soc1-thermal,57.812
1780560047.259094,,,soc2-thermal,58.312
1780560047.259094,,,tj-thermal,60.125
